id,name,category,brand,brandKey,modelKey,modelSlug,url,offers,stores,storeNames,minPrice,maxPrice,spreadPct,cheapestStore,priciestStore,inStock,hasImage,lastSeenAt,titles
5716,Tips Original De Carton 1 Ud-Raw,Filtros y boquillas,RAW,raw,,paper-tip-classic,/productos/raw/paper-tip-classic,3,3,Astro Growshop | Fumetas | Piranha,340,400,18,Astro Growshop,Fumetas,true,true,2026-06-13T01:34:30.855Z,Tips Original De Carton 1 Ud-Raw | Filtro Tips RAW Original | PIRANHA | Boquillas RAW Classic
5717,Tips Perforated Wide-Raw,Filtros y boquillas,RAW,raw,filter-wide-wide,paper-tip-wide-wide,/productos/raw/paper-tip-wide-wide,4,4,Astro Growshop | Fumetas | GrowBarato Chile | Piranha,390,590,51,Astro Growshop,Fumetas,true,true,2026-06-13T01:56:06.677Z,Tips Perforated Wide-Raw | Filtro Tips RAW Wide (Ultra Anchos) Perforados | PIRANHA | RAW Perforated Wide Tips de origen orgánico | Boquillas RAW Wide Pre-picadas
10348,RAW Tips Black,Filtros y boquillas,,raw,tips-black,tips-black,/productos/raw/tips-black,3,3,Astro Growshop | Fumetas | Piranha,390,400,3,Astro Growshop,Fumetas,true,true,2026-06-13T01:34:32.181Z,Tips Black 1Ud-Raw | Filtro Tips RAW Black | PIRANHA | Boquillas Raw Black Classic
10066,Blazy Susan papelillos king size purple – Papeles de enrolar ultra finos,Papelillos,Blazy Susan,blazy-susan,paper-king-size-king-size,purple-king-size-slim,/productos/blazy-susan/purple-king-size-slim,4,4,Astro Growshop | Fumetas | GrowBarato Chile | Piranha,400,990,148,GrowBarato Chile,Astro Growshop,true,true,2026-06-13T01:31:24.601Z,Blazy Susan papelillos king size purple – Papeles de enrolar ultra finos | Blazy Susan Papelillos King Size Purple | Papelillo Purple King Size Slim -Blazy Susan | Papelillo King Size Slim Blazy Susan Purple | PIRANHA
5722,Filtros de cartón OCB Premium de color blanco,Filtros y boquillas,OCB,ocb,filter-ocb-premium,paper-filter-premium,/productos/ocb/paper-filter-premium,5,3,Astro Growshop | GrowBarato Chile | Piranha,450,1800,300,GrowBarato Chile,GrowBarato Chile,true,true,2026-06-13T02:00:04.726Z,Filtros de cartón OCB Premium de color blanco | Filtro Premium OCB | Filtros Regular Ocb | Filtros OCB Premium Regular | Filtros anchos de 7.5 mm | OCB Filtro Premium Slim Bolsa - GB The Green Brand
5715,Filtros Tips Gummed-Raw,Filtros y boquillas,RAW,raw,filter-gummed,gummed-tip-gummed,/productos/raw/gummed-tip-gummed,3,3,Astro Growshop | Fumetas | GrowBarato Chile,490,690,41,Astro Growshop,Fumetas,true,true,2026-06-13T01:56:05.422Z,Filtros Tips Gummed-Raw | RAW Perforate Gummed Tips de la marca RAW | Boquillas RAW Gummed Tips - Con pegamento
10067,Papelillo Pink 1 1/4 1Und-Blazy Susan,Papelillos,Blazy Susan,blazy-susan,paper-1-1-4-1-1-4,pink,/productos/blazy-susan/pink,3,3,Astro Growshop | Fumetas | Piranha,490,790,61,Astro Growshop,Piranha,true,true,2026-06-13T01:27:27.936Z,Papelillo Pink 1 1/4 1Und-Blazy Susan | Papelillo 1 1/4 Blazy Susan Pink | PIRANHA | Blazy Susan Papelillos Pink 1 1/4
5720,Filtro de cartón OCB Virgin sin contaminantes,Filtros y boquillas,OCB,ocb,filter-ocb-virgin,paper-filter-virgin,/productos/ocb/paper-filter-virgin,3,3,Astro Growshop | GrowBarato Chile | Piranha,500,890,78,GrowBarato Chile,Piranha,true,true,2026-06-13T02:00:33.655Z,Filtro de cartón OCB Virgin sin contaminantes | TIPS OCB VIRGIN UND -OCB | Filtro Virgin OCB
5725,Encendedor Clipper Racoons,Encendedores y sopletes,Clipper,clipper,lighter-encendedor-racoons,lighter-classic,/productos/clipper/lighter-classic,23,4,Astro Growshop | Fumetas | GrowBarato Chile | Piranha,595,1000,68,Piranha,GrowBarato Chile,true,true,2026-06-13T01:59:47.274Z,Encendedor Clipper x Piranha | Encendedor Clipper Crystal 12 | Encendedor Clipper Winter Plans 2 | Encendedor Clipper Racoons | Encendedor Clipper Space Area 4 | Encendedor Clipper Zombie Force | Encendedor Clipper Space Area 3 | Encendedor Clipper Space Area 1 | Encendedor Clipper Space Area 2 | Encendedor Clipper Dino Sports | Encendedor Clipper Winter Plans 1 | Encendedor Clipper Horror Days 1 | Encendedor Clipper Taroting 2 | Encendedor Clipper Monsters 1 | Encendedor Clipper Cocodrilos - Finger Up Animals 3 | Encendedor Clipper Sun is Shinning 2 | Encendedor Clipper Wall Of Fame 2 | Encendedor Clipper The Bulldog Amsterdam | Encendedor Clipper GB The Green Brand - GB The Green Brand | Encendedor Clipper Bulldog Ámsterdam - GB The Green Brand | Encendedor Clipper varios modelos disponibles | Encendedor Clipper Recargable Crystal 12 – Diseño Surtido (Unidad) | Encendedor Clipper Recargable Horror Days 1 – Diseño Surtido (Unidad)
5816,Papelillos OCB Virgin 1 1/4,Papelillos,OCB,ocb,paper-ocb-virgin-1-1-4,virgin,/productos/ocb/virgin,4,4,Astro Growshop | Fumetas | GrowBarato Chile | Piranha,650,990,52,Fumetas,Piranha,true,true,2026-06-13T02:01:29.803Z,Papelillos OCB Virgin 1 1/4 | Papelillo Virgin 1 1/4 1U-Ocb | OCB Virgin Extra Fino 1.1/4 sin colorantes | Papelillo OCB Virgin 1 1/4 | PIRANHA
5462,Papelillos OCB Bamboo 1 1/4,Papelillos,OCB,ocb,paper-1-1-4-1-1-4,bamboo,/productos/ocb/bamboo,4,4,Astro Growshop | Fumetas | GrowBarato Chile | Piranha,650,990,52,Fumetas,Piranha,true,true,2026-06-13T01:55:41.962Z,Papelillos OCB Bamboo 1 1/4 | Papelillo 1 1/4 Bamboo-Ocb | Papel de Liar OCB Bamboo 1.1/4 Vegano Natural Sin Blanqueamiento | Papelillo OCB Bamboo 1 1/4
10300,Blazy Susan Boquillas Purple Pre-picadas 50 uds.,Filtros y boquillas,Blazy Susan,blazy-susan,,tips-purple-50u,/productos/blazy-susan/tips-purple-50u,3,2,Astro Growshop | Fumetas,690,790,14,Astro Growshop,Fumetas,true,true,2026-06-13T00:52:24.777Z,Boquillas Tips Purple Display 1 Und-Blazy Susan | Boquillas Tips Purple Und-Blazy Susan | Blazy Susan Boquillas Purple Pre-picadas 50 uds.
10479,Boquillas RAW Cono Perfecto,Filtros y boquillas,,raw,cono-perfecto,cono-perfecto,/productos/raw/cono-perfecto,2,2,Astro Growshop | Fumetas,690,990,43,Fumetas,Astro Growshop,true,true,2026-06-13T00:32:35.804Z,Boquillas RAW Cono Perfecto | TIPS RAW PERFECTO CONO
5817,Papel ultrafino OCB Ultimate 1.1/4 - GB The Green Brand,Papelillos,OCB,ocb,paper-ocb-ultimate-1-1-4,ultimate,/productos/ocb/ultimate,4,4,Astro Growshop | Fumetas | GrowBarato Chile | Piranha,700,1190,70,GrowBarato Chile,Piranha,true,true,2026-06-13T01:56:24.393Z,Papel ultrafino OCB Ultimate 1.1/4 - GB The Green Brand | Papelillos OCB Ultimate 1 1/4 | Papelillo Ultimate 1 1/4 1U -Ocb | Papelillo OCB Ultimate 1 ¼
5463,Papel de fumar de cáñamo orgánico 1 1/4 OCB,Papelillos,OCB,ocb,paper-1-1-4-1-1-4,organic,/productos/ocb/organic,4,4,Astro Growshop | Fumetas | GrowBarato Chile | Piranha,700,990,41,GrowBarato Chile,Piranha,true,true,2026-06-13T01:55:34.348Z,Papel de fumar de cáñamo orgánico 1 1/4 OCB | Papelillos OCB Cañamo orgánico 1 1/4 | Papelillo Organico de Cañamo1 1/4 1U- Ocb | Papelillo OCB Orgánico 1 ¼
10527,Soulblime Bolsa Hermética Diseños,Otros parafernalia,,soulblime,bolsa-hermetica,bolsa-hermetica,/productos/soulblime/bolsa-hermetica,2,2,Fumetas | GrowBarato Chile,700,990,41,GrowBarato Chile,Fumetas,true,true,2026-06-13T01:15:35.313Z,Bolsa Hermética Soulblime | Diseños originales y máxima protección en Chile | Soulblime Bolsa Hermética Diseños
10299,LRC Papelillos Unbleached 1 1/4,Papelillos,Lion Rolling Circus,lion-rolling-circus,paper-1-1-4-1-1-4,unbleached-1-1-4,/productos/lion-rolling-circus/unbleached-1-1-4,2,2,Fumetas | Piranha,750,990,32,Fumetas,Piranha,true,true,2026-06-13T01:52:49.680Z,LRC Papelillos Unbleached 1 1/4 | Papelillo Natural Unbleached 1 1/4
6008,Papelillos OCB Premium 1 1/4,Papelillos,OCB,ocb,paper-ocb-premium-1-1-4,premium,/productos/ocb/premium,5,4,Astro Growshop | Fumetas | GrowBarato Chile | Piranha,790,990,25,Fumetas,Piranha,true,true,2026-06-13T01:55:43.114Z,Papelillos OCB Premium 1 1/4 | OCB Premium 1 1/4 Papel de fumar extrafino | Papelillo Premium Negro 1 1/4 1U-Ocb | Papelillo OCB Azul Premium 1 1/4 | Papelillo OCB Negro Premium 1 ¼
5478,Papelillos Gizeh Pink 1 1/4 Extra Fine,Papelillos,Gizeh,gizeh,paper-1-1-4-1-1-4,pink,/productos/gizeh/pink,3,3,Fumetas | GrowBarato Chile | Piranha,790,990,25,Fumetas,Piranha,true,true,2026-06-13T01:39:45.328Z,Papelillos Gizeh Pink 1 1/4 Extra Fine | Papelillos para liar Gizeh Pink 1 1/4 - GB The Green Brand | Papelillo Gizeh Pink 1 ¼
10355,OCB Rice 1 1/4,Papelillos,,ocb,rice-1-1-4,rice-1-1-4,/productos/ocb/rice-1-1-4,2,2,Fumetas | Piranha,790,990,25,Fumetas,Piranha,true,true,2026-06-13T01:39:36.452Z,OCB Papelillos Rice Sin Blanquear 1 1/4 | Papelillo OCB Rice (Arroz) 1 1/4 | PIRANHA
5467,Papelillo Unbleached 1 1/4 1Und-Blazy Susan,Papelillos,Blazy Susan,blazy-susan,paper-1-1-4-1-1-4,unbleached,/productos/blazy-susan/unbleached,2,2,Astro Growshop | Piranha,790,790,0,Piranha,Piranha,true,true,2026-06-13T01:27:26.624Z,Papelillo 1 1/4 Blazy Susan Unbleached | PIRANHA | Papelillo Unbleached 1 1/4 1Und-Blazy Susan
5460,Blazy Susan Papelillos Purple 1 1/4,Papelillos,Blazy Susan,blazy-susan,paper-1-1-4-1-1-4,purple,/productos/blazy-susan/purple,3,3,Astro Growshop | Fumetas | Piranha,790,790,0,Fumetas,Fumetas,true,true,2026-06-13T01:27:25.583Z,Blazy Susan Papelillos Purple 1 1/4 | Papelillo Purple 1 1/4 1Und-Blazy Susan | Papelillo 1 1/4 Blazy Susan Purple | PIRANHA
8638,Blunt Wrap Platinum x2,Conos y blunts,Blunt Wrap,blunt-wrap,,wrap-platinum-2u,/productos/blunt-wrap/wrap-platinum-2u,3,2,Astro Growshop | Fumetas,790,990,25,Astro Growshop,Astro Growshop,true,true,2026-06-13T00:44:43.801Z,BLUNT PLATINUM X2 SABOR WHITE GRAPE | Platinium X2 Bubble Gum 1U- Blunt Wrap | Blunt Wrap Platinum x2
5458,RAW Classic 1.1/4 producto de la marca RAW,Papelillos,RAW,raw,classic-1-1-4,classic,/productos/raw/classic,5,4,Astro Growshop | Fumetas | GrowBarato Chile | Piranha,800,990,24,GrowBarato Chile,Piranha,true,true,2026-06-13T01:55:45.439Z,RAW Classic 1.1/4 producto de la marca RAW | Papelillos Raw Classic 1 1/4 | Papelillos RAW Classic 1 1/4 | PIRANHA | Papelillos Classic 1 1/4 1 Ud-Raw | Papelillos Classic 1 1/4 1Ud-Raw
10274,Papelillos Alfalfa 1 1/4-Lion Rolling Circus,Papelillos,LION ROLLING CIRCUS,lion-rolling-circus,paper-1-1-4-1-1-4,alfalfa,/productos/lion-rolling-circus/alfalfa,4,4,Astro Growshop | Fumetas | GrowBarato Chile | Piranha,850,990,16,GrowBarato Chile,Astro Growshop,true,true,2026-06-13T01:58:22.773Z,Papel Alfalfa 1.1/4 de Lion Rolling Circus | LRC Papelillos de Alfalfa 1 1/4 | Papelillos Alfalfa 1 1/4-Lion Rolling Circus | Papelillo Alfalfa 1 1/4 Lion Rolling Circus | PIRANHA
5479,Papelillos OCB X-Pert 1 1/4,Papelillos,OCB,ocb,paper-ocb-x-pert-1-1-4,x-pert,/productos/ocb/x-pert,4,4,Astro Growshop | Fumetas | GrowBarato Chile | Piranha,850,990,16,Fumetas,Piranha,true,true,2026-06-13T01:55:35.578Z,Papelillos OCB X-Pert 1 1/4 | OCB X-Pert 1 1/4 papel de fumar ultrafino | Papelillo OCB Xpert 1 ¼ | Papelillo Xpert 1 1/4 Ud-Ocb
10402,Blunt Wrap Double Platinum Blueberry x2,Conos y blunts,,platinum,double-platinum-blueberry-x2,double-platinum-blueberry-x2,/productos/platinum/double-platinum-blueberry-x2,2,2,Astro Growshop | Piranha,890,990,11,Piranha,Astro Growshop,true,true,2026-06-13T01:47:35.462Z,Blunt Wrap Double!! Platinum (2u) | PIRANHA | Platinium X2 Blueberry 1U- Blunt Wrap
10068,Papelillo Pink King Size Slim- Blazy Susan,Papelillos,Blazy Susan,blazy-susan,paper-king-size-king-size-slim,pink-king-size-slim,/productos/blazy-susan/pink-king-size-slim,3,3,Astro Growshop | Fumetas | Piranha,890,990,11,Fumetas,Piranha,true,true,2026-06-13T01:31:23.568Z,Blazy Susan Papelillos King Size Pink | Papelillo King Size Slim Blazy Susan Pink | PIRANHA | Papelillo Pink King Size Slim- Blazy Susan
10238,Gas Butano 18Ml-Ronson,Encendedores y sopletes,RONSON,ronson,lighter-gas-butano-18ml-18ml,gas-18ml,/productos/ronson/gas-18ml,2,2,Astro Growshop | Fumetas,890,990,11,Astro Growshop,Fumetas,true,true,2026-06-13T00:39:17.150Z,Gas Butano 18Ml-Ronson | Gas Butano Ronson 18 ml
6576,Papelillo Vibes Cáñamo 1 1/4,Papelillos,Vibes,vibes,paper-1-1-4-1-1-4,organic,/productos/vibes/organic,5,4,Astro Growshop | Fumetas | GrowBarato Chile | Piranha,893,1990,123,Piranha,Astro Growshop,true,true,2026-06-13T01:57:34.408Z,Papelillo Vibes Cáñamo 1 1/4 | Papelillos Vibes Ultra Finos 1 1/4 | Papelillos Vibes Cañamo 1 1/4 | Papelillos Vibes 1.¼ Organic Hemp | Papelillos Organic Hemp 114 Unidad-Vibes
5418,Papelillos RAW Classic King Size Slim - Sabanas,Papelillos,RAW,raw,paper-classic-king-size-slim-king-size-slim,classic-king-size-slim,/productos/raw/classic-king-size-slim,3,3,Fumetas | GrowBarato Chile | Piranha,990,1290,30,Fumetas,Piranha,true,true,2026-06-13T01:55:55.623Z,"Papelillos RAW Classic King Size Slim - Sabanas | RAW King Size Slim, papel de fumar | Papelillos RAW Classic King Size Slim | PIRANHA"
5464,Papelillo RAW Classic Black 1 1/4 | PIRANHA,Papelillos,RAW,raw,paper-1-1-4-1-1-4,black,/productos/raw/black,4,4,Astro Growshop | Fumetas | GrowBarato Chile | Piranha,990,1190,20,Piranha,Fumetas,true,true,2026-06-13T01:55:36.781Z,Papelillo RAW Classic Black 1 1/4 | PIRANHA | Papelillos RAW Black 1.1/4 para Liar Cannabis - GB The Green Brand | Papelillos Black 1 1/4 1 Ud-Raw | Papelillos RAW Black 1 1/4
10370,C-Thru Papelillo Celulosa Transparente 1 1/4,Papelillos,,c-thru,celulosa-transparente-1-1-4,celulosa-transparente-1-1-4,/productos/c-thru/celulosa-transparente-1-1-4,3,2,Astro Growshop | Piranha,990,1490,51,Piranha,Piranha,true,true,2026-06-13T01:52:49.975Z,Papelillo Celulosa Transparente 1 1/4 | Papelillos De Celulosa Transparente 1 1/4-C-Thru | Papelillo Celulosa Transparente 1 1/4
10390,Galaxy Porta Caño Black,Otros parafernalia,,galaxy,porta-cano-black,porta-cano-black,/productos/galaxy/porta-cano-black,2,2,Astro Growshop | Piranha,990,1190,20,Astro Growshop,Piranha,true,true,2026-06-13T01:47:55.539Z,Porta Caños Black - Galaxy | Porta Caño Galaxy Black | PIRANHA
10318,Repuesto Clipper Pedernal Encendedor (3u) | PIRANHA,Encendedores y sopletes,CLIPPER,clipper,flint-pedernal-3u,pedernal-3u,/productos/clipper/pedernal-3u,2,2,Astro Growshop | Piranha,990,990,0,Astro Growshop,Astro Growshop,true,true,2026-06-13T01:34:44.404Z,Repuesto Pedernal Encendedor X3-Clipper | Repuesto Clipper Pedernal Encendedor (3u) | PIRANHA
5421,Papelillo Unbleached King Size Slim Blazy Susan,Papelillos,Blazy Susan,blazy-susan,paper-king-size-king-size-slim,unbleached-king-size-slim,/productos/blazy-susan/unbleached-king-size-slim,2,2,Astro Growshop | Piranha,990,990,0,Astro Growshop,Astro Growshop,true,true,2026-06-13T01:31:25.589Z,Papelillo Unbleached King Size Slim Blazy Susan | Papelillo King Size Slim Blazy Susan Unbleached | PIRANHA
5465,Papelillos RAW Black Organic Hemp 1 1/4,Papelillos,RAW,raw,paper-black-organic-hemp-1-1-4,black-organic-hemp,/productos/raw/black-organic-hemp,3,3,Astro Growshop | Fumetas | Piranha,990,1190,20,Piranha,Astro Growshop,true,true,2026-06-13T01:27:24.578Z,Papelillo RAW Black Organic Hemp 1 1/4 | PIRANHA | Papelillos RAW Black Organic Hemp 1 1/4 | Papelillos Black Organic Hemp 1 1/4 1 Ud-Raw
5719,Filtros Gizeh Slim Rojo con pegamento (120+30) 6mm,Filtros y boquillas,Gizeh,gizeh,filter-slim-6mm-slim,gummed-tip-slim-red-6mm-150u,/productos/gizeh/gummed-tip-slim-red-6mm-150u,2,2,Fumetas | Piranha,990,1390,40,Fumetas,Piranha,true,true,2026-06-13T01:27:22.559Z,Filtros Gizeh Slim Rojo con pegamento (120+30) 6mm | Filtro Gizeh Slim Rojo con Pegamento 6x15mm (120+30u)
10576,Encendedor Clipper Shinobis,Encendedores y sopletes,,clipper,shinobis,shinobis,/productos/clipper/shinobis,2,2,Astro Growshop | Fumetas,990,1000,1,Fumetas,Astro Growshop,true,true,2026-06-13T01:07:52.124Z,Encendedor Clipper Shinobis | Encendedor Clipper Recargable Shinobis – Diseño Surtido (Unidad)
10578,Encendedor Clipper Burningman,Encendedores y sopletes,,clipper,burningman,burningman,/productos/clipper/burningman,2,2,Astro Growshop | Fumetas,990,1000,1,Fumetas,Astro Growshop,true,true,2026-06-13T01:07:27.277Z,Encendedor Clipper Burningman | Encendedor Clipper Recargable Burningman – Diseño Surtido (Unidad)
10581,Encendedor Clipper Z-Bunnys,Encendedores y sopletes,,clipper,z-bunnys,z-bunnys,/productos/clipper/z-bunnys,2,2,Astro Growshop | Fumetas,990,1000,1,Fumetas,Astro Growshop,true,true,2026-06-13T01:03:24.540Z,Encendedor Clipper Z-Bunnys | Encendedor Clipper Recargable Z-Bunnys – Diseño Surtido (Unidad)
10579,Encendedor Clipper Sea Monsters,Encendedores y sopletes,,clipper,sea-monsters,sea-monsters,/productos/clipper/sea-monsters,2,2,Astro Growshop | Fumetas,990,1000,1,Fumetas,Astro Growshop,true,true,2026-06-13T01:02:25.334Z,Encendedor Clipper Sea Monster | Encendedor Clipper Recargable Sea Monsters – Diseño Surtido (Unidad)
10580,Encendedor Clipper Lol Food,Encendedores y sopletes,,clipper,lol-food,lol-food,/productos/clipper/lol-food,2,2,Astro Growshop | Fumetas,990,1000,1,Fumetas,Astro Growshop,true,true,2026-06-13T01:00:37.552Z,Encendedor Clipper Lol Food | Encendedor Clipper Recargable Lol Food – Diseño Surtido (Unidad)
10577,Encendedor Clipper Funny Cupid,Encendedores y sopletes,,clipper,funny-cupid,funny-cupid,/productos/clipper/funny-cupid,2,2,Astro Growshop | Fumetas,990,1000,1,Fumetas,Astro Growshop,true,true,2026-06-13T01:00:03.143Z,Encendedor Clipper Funny Cupid | Encendedor Clipper Recargable Funny Cupid – Diseño Surtido (Unidad)
10529,Encendedor Clipper Slim Solid Fluo,Encendedores y sopletes,,clipper,slim-solid-fluo,slim-solid-fluo,/productos/clipper/slim-solid-fluo,2,2,Astro Growshop | Fumetas,990,1000,1,Fumetas,Astro Growshop,true,true,2026-06-13T00:56:28.359Z,Encendedor Clipper Slim Solid Fluo | Encendedor Clipper Recargable Slim Solid Fluo – Diseño Surtido (Unidad)
10307,Encendedor Clipper Onis 1,Encendedores y sopletes,Clipper,clipper,lighter-onis-1,onis-1,/productos/clipper/onis-1,2,2,Astro Growshop | Fumetas,990,1000,1,Fumetas,Astro Growshop,true,true,2026-06-13T00:45:26.872Z,Encendedor Clipper Onis 1 | Encendedor Clipper Recargable Onis 1 – Diseño Surtido (Unidad)
10306,Encendedor Clipper Super Pocket 4,Encendedores y sopletes,Clipper,clipper,lighter-super-pocket-4,super-pocket-4,/productos/clipper/super-pocket-4,2,2,Astro Growshop | Fumetas,990,1000,1,Fumetas,Astro Growshop,true,true,2026-06-13T00:42:38.947Z,Encendedor Clipper Super Pocket 4 | Encendedor Clipper Recargable Super Pockets 4 – Diseño Surtido (Unidad)
10305,Encendedor Clipper Super Pocket 2,Encendedores y sopletes,Clipper,clipper,lighter-super-pocket-2,super-pocket-2,/productos/clipper/super-pocket-2,2,2,Astro Growshop | Fumetas,990,1000,1,Fumetas,Astro Growshop,true,true,2026-06-13T00:42:37.812Z,Encendedor Clipper Super Pocket 2 | Encendedor Clipper Recargable Super Pockets 2 – Diseño Surtido (Unidad)
10304,Encendedor Clipper Super Pocket 1,Encendedores y sopletes,Clipper,clipper,lighter-super-pocket-1,super-pocket-1,/productos/clipper/super-pocket-1,2,2,Astro Growshop | Fumetas,990,1000,1,Fumetas,Astro Growshop,true,true,2026-06-13T00:42:36.582Z,Encendedor Clipper Super Pocket 1 | Encendedor Clipper Recargable Super Pockets 1 – Diseño Surtido (Unidad)
10575,Encendedor Clipper Paranormal Puffs,Encendedores y sopletes,,clipper,paranormal-puffs,paranormal-puffs,/productos/clipper/paranormal-puffs,2,2,Astro Growshop | Fumetas,990,1000,1,Fumetas,Astro Growshop,true,true,2026-06-13T00:12:48.215Z,Encendedor Clipper Paranormal Puff | Encendedor Clipper Recargable Paranormal Puffs – Diseño Surtido (Unidad)
10410,Show Blunt Cone Blueberry x2,Conos y blunts,,show,blunt-cone-x2-blueberry,blunt-cone-x2-blueberry,/productos/show/blunt-cone-x2-blueberry,2,2,Fumetas | GrowBarato Chile,1000,1190,19,GrowBarato Chile,Fumetas,true,true,2026-06-13T02:02:12.685Z,Blunt Show Cone x2 Sabores | Conos Blunt Listos para Rellenar Chile | Blunt Show Cone x2
6010,Pipa Hitter 12mm Calvo | One Hitter color rosa y negro Chile,Pipas,Calvo Glass,calvo,pipe-pipa-hitter-12mm-one-12mm,hitter,/productos/calvo/hitter,3,3,Astro Growshop | Fumetas | GrowBarato Chile,1000,1990,99,GrowBarato Chile,Fumetas,true,true,2026-06-13T01:59:29.136Z,Pipa Hitter 12mm Calvo | One Hitter color rosa y negro Chile | Calvo Pipa Hitter 12mm | Hitter Signature- Calvo Glass
10343,Soporte Celular Soulblime | PIRANHA,Otros parafernalia,SOULBLIME,soulblime,soporte-celular,soporte-celular,/productos/soulblime/soporte-celular,4,4,Astro Growshop | Fumetas | GrowBarato Chile | Piranha,1000,1490,49,GrowBarato Chile,Fumetas,true,true,2026-06-13T01:56:46.296Z,Soporte Celular Soulblime | Diseño único y funcionalidad práctica | Soporte Para Celular Diseños Surtidos 1Ud-Soulblime | Soporte Celular Soulblime | PIRANHA | Soulblime Soporte Celular Popsocket
10388,Soulblime Hemp Blunt Wrap Sabores,Conos y blunts,,soulblime,hemp-blunt-wrap-sabores,hemp-blunt-wrap-sabores,/productos/soulblime/hemp-blunt-wrap-sabores,2,2,Astro Growshop | GrowBarato Chile,1000,1490,49,GrowBarato Chile,Astro Growshop,true,true,2026-06-13T00:03:06.718Z,Hemp Blunt Wrap Sabores SoulBlime | Blunt Sabores 1U- Soulblime
10146,Papelillo Slim Ultimate King Size- Ocb,Papelillos,OCB,ocb,paper-king-size-king-size-slim,ultimate-king-size-slim,/productos/ocb/ultimate-king-size-slim,4,4,Astro Growshop | Fumetas | GrowBarato Chile | Piranha,1090,1990,83,Astro Growshop,Piranha,true,true,2026-06-13T01:56:25.569Z,Papelillo Slim Ultimate King Size- Ocb | OCB Slim Ultimate de origen orgánico | OCB Papelillos Ultimate Slim King Size | Papelillo OCB Ultimate King Size Slim | PIRANHA
10053,RAW Connoisseur 1.1/4+ Tips de RAW para armar,Papelillos,RAW,raw,classic-1-1-4-tips,classic-con-tips,/productos/raw/classic-con-tips,5,3,Fumetas | GrowBarato Chile | Piranha,1100,1990,81,GrowBarato Chile,Piranha,true,true,2026-06-13T01:55:30.134Z,RAW Connoisseur 1.1/4+ Tips de RAW para armar | Papelillos Raw Connoisseur 1 1/4 + Tips | Papelillo RAW Classic Connoisseur 1 1/4 + Boquilla | PIRANHA | Papelillos Raw Connoisseur 1 1/4 + Pre Rolled Tips | Papelillo RAW Classic 1 1/4 + Filtros Pre-Enrolados | PIRANHA
10286,Filtro Gizeh XXL Slim con Pegamento 6x23mm (100u),Filtros y boquillas,GIZEH,gizeh,filter-slim-23mm-6mm-slim-xxl,xxl-slim-6mm-100u,/productos/gizeh/xxl-slim-6mm-100u,2,2,Fumetas | Piranha,1150,1590,38,Fumetas,Piranha,true,true,2026-06-13T01:38:04.614Z,Filtros Super Long Gizeh XXL Slim 6mm | Filtro Gizeh XXL Slim con Pegamento 6x23mm (100u)
10272,Papelillos RAW Black King Size Slim - Sabanas,Papelillos,RAW,raw,paper-king-size-king-size-slim,black-king-size-slim,/productos/raw/black-king-size-slim,3,3,Astro Growshop | Fumetas | Piranha,1190,1290,8,Fumetas,Astro Growshop,true,true,2026-06-13T01:44:24.916Z,Papelillos RAW Black King Size Slim - Sabanas | Papelillos Black King Size Slim-Raw | Papelillo RAW Black King Size | PIRANHA
10140,OCB Premium Slim King Size 32 hojas,Papelillos,OCB,ocb,paper-ocb-premium-king-size-slim,premium-king-size-slim,/productos/ocb/premium-king-size-slim,4,4,Astro Growshop | Fumetas | GrowBarato Chile | Piranha,1200,1790,49,GrowBarato Chile,Piranha,true,true,2026-06-13T01:55:51.920Z,OCB Premium Slim King Size 32 hojas | Papelillos OCB Premium Slim King Size - Sabanas | Papelillo OCB Negro King Size Slim | Papelillo Negro King Size 1U-Ocb
10244,Boquillas RAW Pre-enrolados 21 unidades,Filtros y boquillas,RAW,raw,,pre-rolled-tip-21u,/productos/raw/pre-rolled-tip-21u,2,2,Fumetas | Piranha,1250,1490,19,Fumetas,Piranha,true,true,2026-06-13T01:27:57.057Z,Boquillas RAW Pre-enrolados 21 unidades | Filtro Tips RAW Pre-Enrolados (21u) | PIRANHA
10417,Filtros Gizeh Slim Menthol 6mm 120u,Filtros y boquillas,,gizeh,slim-filter-menthol-6mm,slim-filter-menthol-6mm,/productos/gizeh/slim-filter-menthol-6mm,2,2,Fumetas | Piranha,1290,1790,39,Fumetas,Piranha,true,true,2026-06-13T01:38:03.562Z,Filtros Gizeh Menthol Slim con Pegamento 6mm | Filtro Gizeh Mentolado Slim con Pegamento 6x15mm (120u)
10243,OCB ECO Filtros Slim - GB The Green Brand,Filtros y boquillas,OCB,ocb,filter-slim-slim,paper-filter-slim,/productos/ocb/paper-filter-slim,2,2,Astro Growshop | GrowBarato Chile,1300,1490,15,GrowBarato Chile,Astro Growshop,true,true,2026-06-13T01:58:40.585Z,OCB ECO Filtros Slim - GB The Green Brand | FILTRO ECO SLIM 120UN
5724,Encendedor Jet Flame Jet Hippie World Clipper,Encendedores y sopletes,Clipper,clipper,lighter-encendedor-jet-flame-jet,torch-lighter-jet-flame,/productos/clipper/torch-lighter-jet-flame,23,3,Astro Growshop | Fumetas | GrowBarato Chile,1300,1592,22,GrowBarato Chile,Fumetas,true,true,2026-06-13T00:31:55.895Z,Encendedor Clipper Jet Flame Crystal Fluo – Unidad | Llama Jet | Encendedor Jet Flame Con Tapa Modelos variados- Clipper | Encendedor Jet Flame Jet Good Vibes Only Clipper | Encendedor Jet Flame Jet Hippie World Clipper | Encendedor Clipper Jet Flame Ink 4 Life | Encendedor Clipper Jet Flame Gradient 3 | Encendedor Clipper Jet Flame Psychodelic 2 | Encendedor Clipper Jet Flame Good Vibes Only | Encendedor Clipper Jet Flame Galactic Weed | Encendedor Clipper Jet Flame Head Bones | Encendedor Clipper Jet Flame Print Weed | Encendedor Clipper Jet Flame Rainbow Mush | Encendedor Clipper Jet Flame Rotten Burgers | Encendedor Clipper Jet Flame Shiny Assorted | Encendedor Clipper Jet Flame Skull Drinks | Encendedor Clipper Jet Flame Topo Expressions | Encendedor Clipper Jet Flame CozySkulls | Encendedor Clipper Jet Flame HippieWorld | Encendedor Clipper Jet Flame Mandaleaves | Encendedor Clipper Jet Flame Ravetrip | Encendedor Jet Flame Jet Galactic Weed Clipper | Encendedor Jet Flame Jet Horror Zoo Clipper | Encendedor Clipper Jet Flame Horror Zoo
10567,Blunt Hemp Wrap Lion Rolling Circus Rolling Stones Electric Grape,Conos y blunts,,lion-rolling-circus,hemp-wrap-electric-grape,hemp-wrap-electric-grape,/productos/lion-rolling-circus/hemp-wrap-electric-grape,2,2,Astro Growshop | Piranha,1304,1390,7,Piranha,Astro Growshop,true,true,2026-06-13T01:49:05.208Z,Blunt Hemp Wrap Rolling Stones Electric Grape | PIRANHA | Blunt Hemp Wrap Terpenes Rolling Stones Electric Grape- Lion Rolling Circus
10568,Blunt Hemp Wrap Lion Rolling Circus Rolling Stones Berry Gelato,Conos y blunts,,lion-rolling-circus,hemp-wrap-berry-gelato,hemp-wrap-berry-gelato,/productos/lion-rolling-circus/hemp-wrap-berry-gelato,2,2,Astro Growshop | Piranha,1304,1390,7,Piranha,Astro Growshop,true,true,2026-06-13T01:49:04.172Z,Blunt Hemp Wrap Rolling Stones Berry Gelato | PIRANHA | Blunt Hemp Wrap Terpenes Rolling Stones Berry Gelato- Lion Rolling Circus
10544,Blunt Hemp Wrap Lion Rolling Circus Terpenes Tangie,Conos y blunts,,lion-rolling-circus,hemp-wrap-tangie,hemp-wrap-tangie,/productos/lion-rolling-circus/hemp-wrap-tangie,2,2,Astro Growshop | Piranha,1386,1490,8,Piranha,Astro Growshop,true,true,2026-06-13T01:47:32.387Z,Blunt Wrap Terpenes Tangie - Lion Rolling Circus | PIRANHA | Hemp Wrap Terpenes Tangie - Lion Rolling Circus
10543,Blunt Hemp Wrap Lion Rolling Circus Terpenes KKKSH,Conos y blunts,,lion-rolling-circus,hemp-wrap-kkksh,hemp-wrap-kkksh,/productos/lion-rolling-circus/hemp-wrap-kkksh,2,2,Astro Growshop | Piranha,1386,1490,8,Piranha,Astro Growshop,true,true,2026-06-13T01:47:30.904Z,Blunt Wrap Terpenes KKKSH - Lion Rolling Circus | PIRANHA | Blunt Hemp Wrap Kksh Terpenes- Lion Rolling Circus
10542,Blunt Hemp Wrap Lion Rolling Circus Terpenes Gorila GL,Conos y blunts,,lion-rolling-circus,hemp-wrap-gorila-gl,hemp-wrap-gorila-gl,/productos/lion-rolling-circus/hemp-wrap-gorila-gl,2,2,Astro Growshop | Piranha,1386,1490,8,Piranha,Astro Growshop,true,true,2026-06-13T01:46:34.413Z,Blunt Wrap Terpenes Gorila GL - Lion Rolling Circus | PIRANHA | Blunt Hemp Wrap Gorilla Gl Terpens- Lion Rolling Circus
10452,Papelillos Lion Rolling Circus Alfalfa King Size,Papelillos,,lion-rolling-circus,alfalfa-king-size,alfalfa-king-size,/productos/lion-rolling-circus/alfalfa-king-size,2,2,Astro Growshop | Piranha,1390,1390,0,Piranha,Piranha,true,true,2026-06-13T01:49:47.916Z,Papelillo Alfalfa King Size Lion Rolling Circus | PIRANHA | Papelillos King Size Alfalfa-Lion Rolling Circus
5965,RAW Porta Papeles de 1.1/4 caja metálica,Contenedores y estuches,RAW,raw,,case-1-1-4,/productos/raw/case-1-1-4,8,4,Astro Growshop | Fumetas | GrowBarato Chile | Piranha,1400,2990,114,GrowBarato Chile,Astro Growshop,true,true,2026-06-13T01:56:17.314Z,RAW Porta Papeles de 1.1/4 caja metálica | PORTA PAPELILLOS METALICOS 1 1/4- RAW | Porta Papelillo RAW Metálico 1 1/4 | Porta Papelillo RAW 1 1/4 | Porta Papelillo RAW Black 1 1/4 | Cajita Metálica RAW para Pre-Enrolados (1 1/4/King Size) | PIRANHA | CAJITA METALICA PARA PREENROLADOS 1 1/4-RAW | Raw Cajita Metálica para Pre-Enrolados 1 1/4
5713,Conos Bulldog Reefer 1 1/4 (6u),Conos y blunts,The Bulldog,the-bulldog,cone-1-1-4-1-1-4,pre-roll-1-1-4-6u,/productos/the-bulldog/pre-roll-1-1-4-6u,2,2,Fumetas | Piranha,1467,1990,36,Piranha,Fumetas,true,true,2026-06-13T01:38:48.745Z,Conos Bulldog Reefer 1 1/4 (6u) | Bulldog 6 Conos Pre-enrolados 1 1/4
10337,Cenicero de Bolsillo Portátil RAW,Bandejas y ceniceros,RAW,raw,ashtray-bolsillo,cenicero-bolsillo,/productos/raw/cenicero-bolsillo,3,3,Astro Growshop | Fumetas | Piranha,1490,1690,13,Astro Growshop,Fumetas,true,true,2026-06-13T01:48:50.549Z,Cenicero De Bolsillo-Raw | Cenicero de Bolsillo Portátil RAW | Cenicero de bolsillo Portátil RAW
10182,Blazy Susan Deluxe Rolling Kit Purple King Size,Papelillos,Blazy Susan,blazy-susan,paper-king-size-king-size,purple-king-size-slim-con-tips,/productos/blazy-susan/purple-king-size-slim-con-tips,4,4,Astro Growshop | Fumetas | GrowBarato Chile | Piranha,1490,2490,67,Astro Growshop,Piranha,true,true,2026-06-13T01:34:13.028Z,Papelillo Purple King Size Slim Deluxe Kit 1U-Blazy Susan | Papelillo King Size Slim Blazy Susan Deluxe Kit Purple – Papeles de enrolar premium | Blazy Susan Deluxe Rolling Kit Purple King Size | Papelillo King Size Slim Blazy Susan Deluxe Kit Purple | PIRANHA
10236,Contenedor Diseños Tapa Deslizable Psicodelia -Soulblime,Contenedores y estuches,SOULBLIME,soulblime,container-contenedor,sliding,/productos/soulblime/sliding,2,2,Astro Growshop | Fumetas,1490,1990,34,Astro Growshop,Fumetas,true,true,2026-06-13T01:05:32.951Z,Contenedor Diseños Tapa Deslizable Psicodelia -Soulblime | Soulblime Contenedor tapa deslizable - Diseños
5709,Blazy Susan 2X Tea Wraps Unidad,Conos y blunts,Blazy Susan,blazy-susan,cone-tea,wrap-tea-leaf-2u,/productos/blazy-susan/wrap-tea-leaf-2u,3,3,Astro Growshop | Fumetas | Piranha,1495,1990,33,Piranha,Fumetas,true,true,2026-06-13T01:39:33.069Z,Tea Leaf Wraps Blazy Susan | PIRANHA | Blazy Susan 2X Tea Wraps Unidad | Blazy Susan Blunt Natural Wraps x2 - Tea Leaf
5728,Clipper Gas Butano 16 ml,Encendedores y sopletes,Clipper,clipper,lighter-gas-butano-16ml-16ml,gas-classic-16ml,/productos/clipper/gas-classic-16ml,2,2,Astro Growshop | Fumetas,1590,1590,0,Astro Growshop,Astro Growshop,true,true,2026-06-13T00:29:34.194Z,Gas Butano De Bolsillo 16Ml-Clipper | Clipper Gas Butano 16 ml
10141,OCB Papelillos X-pert Slim King Size,Papelillos,OCB,ocb,paper-king-size-king-size-slim,x-pert-king-size-slim,/productos/ocb/x-pert-king-size-slim,3,3,Fumetas | GrowBarato Chile | Piranha,1600,1990,24,GrowBarato Chile,Piranha,true,true,2026-06-13T01:55:53.170Z,OCB X-Pert King Size Papelillos Ultra Finos - GB The Green Brand | OCB Papelillos X-pert Slim King Size | Papelillo OCB Xpert King Size Slim| PIRANHA
10181,Blazy Susan Deluxe Rolling Kit Pink King Size,Papelillos,Blazy Susan,blazy-susan,paper-king-size-king-size,pink-king-size-slim-con-tips,/productos/blazy-susan/pink-king-size-slim-con-tips,4,4,Astro Growshop | Fumetas | GrowBarato Chile | Piranha,1600,2490,56,GrowBarato Chile,Piranha,true,true,2026-06-13T01:34:15.142Z,Papelillo King Size Slim Blazy Susan Deluxe Kit Rosado – Papeles de Enrolar Premium | Papelillo Pink King Size Slim Deluxe Kit 1U-Blazy Susan | Blazy Susan Deluxe Rolling Kit Pink King Size | Papelillo King Size Slim Blazy Susan Deluxe Kit Pink | PIRANHA
10362,Zippo Piedras Encendedor 6U,Encendedores y sopletes,,zippo,piedras-encendedor-6u,piedras-encendedor-6u,/productos/zippo/piedras-encendedor-6u,3,3,Astro Growshop | GrowBarato Chile | Piranha,1690,2190,30,Astro Growshop,Piranha,true,true,2026-06-13T02:00:13.772Z,KIT 6 PIEDRAS 6 UN - ZIPPO | Piedras Zippo 6 Unidades – Repuesto piedra para encendedor | Grow Barato Chile | Zippo Piedras Sachet
10352,OCB Rice King Size Slim,Papelillos,,ocb,rice-king-size-slim,rice-king-size-slim,/productos/ocb/rice-king-size-slim,2,2,Fumetas | Piranha,1690,1990,18,Fumetas,Piranha,true,true,2026-06-13T01:43:19.384Z,OCB Papelillos Rice Sin Blanquear King Size Slim | Papelillo OCB Rice (Arroz) King Size Slim| PIRANHA
5714,OCB 3 Conos Pre-enrolados King Size Virgin Slim,Conos y blunts,OCB,ocb,cone-conos-pre-enrolados-king-size-slim,pre-roll-virgin-king-size-slim-3u,/productos/ocb/pre-roll-virgin-king-size-slim-3u,2,2,Fumetas | Piranha,1690,1990,18,Fumetas,Piranha,true,true,2026-06-13T01:38:27.471Z,OCB 3 Conos Pre-enrolados King Size Virgin Slim | Conos PreEnrolados OCB Virgin Ultra Fino Unbleached 109mm (3u)| PIRANHA
10335,Cenicero Metálico Bulldog,Bandejas y ceniceros,BULLDOG,the-bulldog,ashtray-metal,cenicero-metalico,/productos/the-bulldog/cenicero-metalico,3,3,Fumetas | GrowBarato Chile | Piranha,1700,2490,46,GrowBarato Chile,Piranha,true,true,2026-06-13T01:58:55.936Z,Cenicero Bulldog Ámsterdam | Cenicero bulldog metálico | Cenicero Metálico Bulldog
10282,Papelillo King Size Slim Blazy Susan Deluxe Kit Unbleached | PIRANHA,Papelillos,BLAZY SUSAN,blazy-susan,paper-king-size-king-size-slim,unbleached-king-size-slim-con-tips,/productos/blazy-susan/unbleached-king-size-slim-con-tips,3,3,Astro Growshop | GrowBarato Chile | Piranha,1700,2490,46,GrowBarato Chile,Piranha,true,true,2026-06-13T01:34:14.028Z,Papelillo King Size Slim Blazy Susan Deluxe Kit Unbleached – Kit de enrolar natural | Papelillo Unbleached King Size Slim Deluxe Kit Unidad-Blazy Susan | Papelillo King Size Slim Blazy Susan Deluxe Kit Unbleached | PIRANHA
10338,Piedra Humidificadora RAW,Otros parafernalia,RAW,raw,piedra-humidificadora,piedra-humidificadora,/productos/raw/piedra-humidificadora,4,4,Astro Growshop | Fumetas | GrowBarato Chile | Piranha,1790,1990,11,Fumetas,Piranha,true,true,2026-06-13T01:56:36.650Z,Raw Piedra Humidificadora | Piedra Humidificadora RAW | Piedra Humidificadora RAW | Piedra Purificadora-Raw
5800,Mecha Zippo Original – Repuesto mecha para encendedor | Grow Barato Chile,Encendedores y sopletes,Zippo,zippo,lighter-mecha-zippo,wick,/productos/zippo/wick,4,4,Astro Growshop | Fumetas | GrowBarato Chile | Piranha,1800,2190,22,GrowBarato Chile,Astro Growshop,true,true,2026-06-13T02:00:42.469Z,Mecha Zippo Original – Repuesto mecha para encendedor | Grow Barato Chile | Mecha Zippo | Mecha 1 Unidad-Zippo | Zippo Mecha (1u)
10083,OCB Premium 1.1/4 + Tips,Papelillos,OCB,ocb,paper-ocb-premium-1-1-4,premium-con-tips,/productos/ocb/premium-con-tips,4,4,Astro Growshop | Fumetas | GrowBarato Chile | Piranha,1800,1990,11,GrowBarato Chile,Piranha,true,true,2026-06-13T01:55:28.937Z,OCB Premium 1.1/4 + Tips | OCB Papelillos Premium 1 1/4 + Tips | Papelillo OCB Negro Premium 1 ¼ + Boquilla | Papelillo + Tips Premium 1U-Ocb
10172,Blazy Susan Papelillo en Rollo Purple + 50 Boquillas – Papeles Personalizables,Papelillos,Blazy Susan,blazy-susan,,purple-rolls-con-tips,/productos/blazy-susan/purple-rolls-con-tips,4,4,Astro Growshop | Fumetas | GrowBarato Chile | Piranha,1800,2490,38,GrowBarato Chile,Piranha,true,true,2026-06-13T01:44:31.916Z,Blazy Susan Papelillo en Rollo Purple + 50 Boquillas – Papeles Personalizables | Papelillo Purple Roll 8 Metros Blazy Susan | Blazy Susan Papelillos En Rollo Purple + Boquillas | Papelillos Roll 8m Blazy Susan Kit Purple | PIRANHA
5471,Papelillos OCB Cañamo Orgánico 1 1/4 + Tips,Papelillos,OCB,ocb,paper-1-1-4-1-1-4,organic-con-tips,/productos/ocb/organic-con-tips,3,3,Astro Growshop | Fumetas | Piranha,1890,1990,5,Fumetas,Piranha,true,true,2026-06-13T01:38:00.420Z,Papelillos OCB Cañamo Orgánico 1 1/4 + Tips | Papelillo OCB Orgánico 1 ¼ + Boquilla | Papelillo + Tips Cañamo 1 1/4
6571,Papelillos OCB Virgin 1 1/4 + Tips,Papelillos,OCB,ocb,paper-ocb-virgin-1-1-4,virgin-con-tips,/productos/ocb/virgin-con-tips,2,2,Fumetas | Piranha,1890,1990,5,Fumetas,Piranha,true,true,2026-06-13T01:27:30.088Z,Papelillos OCB Virgin 1 1/4 + Tips | Papelillo OCB 1 1/4 + Boquilla Virgin | PIRANHA
10185,RAW Conos Pre-enrolados King Size + Tips,Conos y blunts,RAW,raw,filter-conos-pre-enrolados-king-size,pre-roll-king-size-with-tips,/productos/raw/pre-roll-king-size-with-tips,3,3,Fumetas | GrowBarato Chile | Piranha,1900,2190,15,GrowBarato Chile,Fumetas,true,true,2026-06-13T02:02:13.592Z,Raw Cones de RAW para rellenarlo y darle uso. | Conos PreEnrolados RAW King Size | Conos RAW Pre-enrolados King Size
10565,Cenicero Metálico Lion Rolling Circus,Bandejas y ceniceros,,lion-rolling-circus,cenicero-metalico,cenicero-metalico,/productos/lion-rolling-circus/cenicero-metalico,2,2,Astro Growshop | Piranha,1990,1990,0,Piranha,Piranha,true,true,2026-06-13T01:51:31.708Z,Cenicero Ashtray Lion Rolling Circus | PIRANHA | Ceniceros Mix Modelos-Lion Rolling Circus
10354,Blazy Susan Roll 8m Unbleached,Papelillos,,blazy-susan,roll-8m-unbleached,roll-8m-unbleached,/productos/blazy-susan/roll-8m-unbleached,2,2,Astro Growshop | Piranha,1990,2490,25,Astro Growshop,Piranha,true,true,2026-06-13T01:44:36.307Z,Papelillo Unbleached Roll 8 Metros 1U-Blazy Susan | Papelillos Roll 8m Blazy Susan Kit Unbleached | PIRANHA
10353,Blazy Susan Roll 8m Pink,Papelillos,,blazy-susan,roll-8m-pink,roll-8m-pink,/productos/blazy-susan/roll-8m-pink,3,3,Astro Growshop | Fumetas | Piranha,1990,2490,25,Astro Growshop,Piranha,true,true,2026-06-13T01:44:30.596Z,Papelillo Pink Roll 8 Metros 1Und-Blazy Susan | Blazy Susan Papelillos En Rollo Pink + Boquillas | Papelillos Roll 8m Blazy Susan Kit Pink | PIRANHA
10557,G-Rollz Blunt Pre-Rolled Hemp Wrap x2,Conos y blunts,,g-rollz,blunt-pre-rolled-hemp-wrap-x2,blunt-pre-rolled-hemp-wrap-x2,/productos/g-rollz/blunt-pre-rolled-hemp-wrap-x2,2,2,Fumetas | Piranha,1990,1990,0,Piranha,Piranha,true,true,2026-06-13T01:43:03.275Z,Blunt Hemp Wrap Pre-Enrolado G-Rollz (2u)| PIRANHA | G-Rollz Blunt Pre Rolled Hemp Wrap x2 - Sabores
5711,Conos PreEnrolados RAW 1 1/4 (6u),Conos y blunts,RAW,raw,cone-conos-pre-enrolados-1-1-4,pre-roll-1-1-4-6u,/productos/raw/pre-roll-1-1-4-6u,2,2,Fumetas | Piranha,1990,2190,10,Piranha,Fumetas,true,true,2026-06-13T01:38:37.603Z,Conos PreEnrolados RAW 1 1/4 (6u) | Conos RAW Pre-enrolados 1 1/4 - 6 unidades
10533,Soulblime Cenicero Metálico Diseños,Bandejas y ceniceros,,soulblime,cenicero-metalico,cenicero-metalico,/productos/soulblime/cenicero-metalico,2,2,Astro Growshop | Fumetas,1990,2190,10,Astro Growshop,Fumetas,true,true,2026-06-13T00:57:44.201Z,Cenicero Diseños Surtido-Soulblime | Soulblime Cenicero Metálico - Diseños
10283,Blazy Susan Deluxe Rolling Kit Unbleached 1 1/4,Papelillos,Blazy Susan,blazy-susan,paper-1-1-4-1-1-4,unbleached-1-1-4-con-tips,/productos/blazy-susan/unbleached-1-1-4-con-tips,2,2,Astro Growshop | Fumetas,1990,2090,5,Astro Growshop,Fumetas,true,true,2026-06-13T00:29:00.532Z,Papelillo Unbleached1 1/4 Deluxe Kit Blazy Susan | Blazy Susan Deluxe Rolling Kit Unbleached 1 1/4
10383,Soulblime Kit Rellena Conos,Conos y blunts,,soulblime,kit-rellena-conos,kit-rellena-conos,/productos/soulblime/kit-rellena-conos,3,3,Fumetas | GrowBarato Chile | Piranha,2000,2490,25,GrowBarato Chile,Piranha,true,true,2026-06-13T01:37:03.269Z,Soulblime Kit Rellena Conos | Preenrolados fáciles y rápidos | Kit Rellena Conos Soulblime | PIRANHA | Soulblime Kit Rellena Conos Preenrolados
10419,Papelillos OCB Virgin Rolls Slim 4m,Papelillos,,ocb,virgin-rolls-slim,virgin-rolls-slim,/productos/ocb/virgin-rolls-slim,2,2,Fumetas | Piranha,2090,2190,5,Fumetas,Piranha,true,true,2026-06-13T01:50:47.121Z,OCB Papelillos en Rollo Virgin Slim 4mts | Papelillo OCB Virgin Rolls Slim Unbleached | PIRANHA
10350,Blazy Susan Tea Leaf Cones King Size,Otros parafernalia,,blazy-susan,tea-cones-king-size,tea-cones-king-size,/productos/blazy-susan/tea-cones-king-size,2,2,Astro Growshop | Piranha,2094,2990,43,Piranha,Astro Growshop,true,true,2026-06-13T01:39:34.149Z,Tea Leaf Cones King Size Blazy Susan | PIRANHA | Blazy Susan 2X Tea Cones Unidad
10298,OCB Papelillos Rice Sin Blanquear King Size Slim + Tips,Papelillos,OCB,ocb,paper-king-size-king-size-slim,rice-king-size-slim-con-tips,/productos/ocb/rice-king-size-slim-con-tips,2,2,Fumetas | Piranha,2190,2190,0,Piranha,Piranha,true,true,2026-06-13T01:41:05.456Z,Papelillo OCB Rice (Arroz) King Size Slim + Boquilla | PIRANHA | OCB Papelillos Rice Sin Blanquear King Size Slim + Tips
6574,Papelillos RAW Artesano 1 1/4,Papelillos,RAW,raw,paper-raw-artesano-1-1-4,artesano,/productos/raw/artesano,3,3,Fumetas | GrowBarato Chile | Piranha,2290,2300,0,Fumetas,GrowBarato Chile,true,true,2026-06-13T01:55:44.278Z,Papelillos RAW Artesano 1 1/4 | Papelillos RAW Artesano 1 1/4 | RAW Artesano 1.1/4 de RAW para armar
10356,OCB Rolls Cañamo Orgánico Slim,Papelillos,,ocb,rolls-organico-slim,rolls-organico-slim,/productos/ocb/rolls-organico-slim,2,2,Fumetas | Piranha,2290,2390,4,Fumetas,Piranha,true,true,2026-06-13T01:50:48.205Z,OCB Papelillos En Rollo Cañamo Organico 4mts | Papelillo OCB Cañamo Orgánico Rolls Slim | PIRANHA
5710,Futurola x Mike Tyson 3 Conos Pre-enrolados King Size,Conos y blunts,Futurola,futurola,cone-conos-pre-enrolados-king-size,pre-roll-mike-tyson-king-size-3u,/productos/futurola/pre-roll-mike-tyson-king-size-3u,2,2,Fumetas | Piranha,2290,2990,31,Fumetas,Piranha,true,true,2026-06-13T01:28:11.561Z,Futurola x Mike Tyson 3 Conos Pre-enrolados King Size | Cono Pre-Enrolado King Size Tyson x Futurola (3u) | PIRANHA
6003,Moledor Tarjeta Soulblime portátil,Moledores,Soulblime,soulblime,,tarjeta,/productos/soulblime/tarjeta,3,3,Fumetas | GrowBarato Chile | Piranha,2300,2990,30,GrowBarato Chile,Fumetas,true,true,2026-06-13T01:27:14.021Z,Moledor Tarjeta Soulblime portátil | Soulblime Tarjeta Moledor | Grindercard Tarjeta Moledor Soulblime | PIRANHA
10347,Gizeh Filtro Carbón Activo Coconut 6mm,Filtros y boquillas,,gizeh,filtro-carbon-activo-6mm,filtro-carbon-activo-6mm,/productos/gizeh/filtro-carbon-activo-6mm,2,2,Fumetas | Piranha,2390,2490,4,Fumetas,Piranha,true,true,2026-06-13T01:31:05.405Z,Boquillas Gizeh Filtro carbón activo Coconut Charcoal 6mm 10 unidades | Filtros de Carbón Activado 6mm Gizeh
5708,Blazy Susan Blunt Rose Wraps x2,Conos y blunts,Blazy Susan,blazy-susan,cone-rose,wrap-rose-2u,/productos/blazy-susan/wrap-rose-2u,3,3,Astro Growshop | Fumetas | Piranha,2390,2990,25,Fumetas,Piranha,true,true,2026-06-13T01:27:58.092Z,Blazy Susan Blunt Rose Wraps x2 | Wraps Rose-Blazy Susan | Rose Wraps Blazy Susan (2u) | PIRANHA
10384,Soulblime 6 Conos Pre-enrolados White King Size,Conos y blunts,,soulblime,conos-king-size-white-x6,conos-king-size-white-x6,/productos/soulblime/conos-king-size-white-x6,2,2,Astro Growshop | Fumetas,2390,2390,0,Fumetas,Fumetas,true,true,2026-06-13T00:34:04.754Z,Soulblime 6 Conos Pre-enrolados Blancos King Size | Conos King Size Unidad-Soulblime
10096,Moledor Plástico Bulldog 3 Partes 60mm | Grinder The Bulldog,Moledores,The Bulldog,the-bulldog,grinder-plastic-63mm,plastic-3-partes-63mm,/productos/the-bulldog/plastic-3-partes-63mm,3,3,Astro Growshop | Fumetas | GrowBarato Chile,2400,2490,4,GrowBarato Chile,Astro Growshop,true,true,2026-06-13T01:55:14.031Z,Moledor Plástico Bulldog 3 Partes 60mm | Grinder The Bulldog | Moledor Plastico 3 Partes - Bulldog | Moledor plástico Bulldog 3 partes 60mm
10381,G-Rollz Blunt Hemp Wrap x4 Sabores,Conos y blunts,,g-rollz,blunt-hemp-wrap-x4,blunt-hemp-wrap-x4,/productos/g-rollz/blunt-hemp-wrap-x4,3,3,Astro Growshop | Fumetas | Piranha,2461,2490,1,Piranha,Astro Growshop,true,true,2026-06-13T01:43:01.164Z,Blunt Hemp Wrap G-Rollz (4u) | PIRANHA | Blunt Hemp Wrap X4 Sabor a Elección- G-Rollz | G-Rollz Blunt Hemp Wrap X4 - Sabores
10483,Soplete Special Blue Bernie Wild & Free,Encendedores y sopletes,,special-blue,bernie-wild-free,bernie-wild-free,/productos/special-blue/bernie-wild-free,3,3,Astro Growshop | Fumetas | GrowBarato Chile,2490,3990,60,Astro Growshop,Fumetas,true,true,2026-06-13T02:00:24.925Z,Soplete Bernie Variedades | Encendedor Soplete Special Blue Bernie Wild & Free | Growshop Chile | Special Blue Encendedor Soplete Bernie Wild &amp; Free
10523,Hitter OZeta de Vidrio,Pipas,,ozeta,hitter,hitter,/productos/ozeta/hitter,2,2,GrowBarato Chile | Piranha,2490,4000,61,Piranha,GrowBarato Chile,true,true,2026-06-13T01:59:51.032Z,Hitter OZeta | PIRANHA | Hitter OZeta de vidrio
10253,OCB Papelillos en Rollo Ultimate Slim 4mts,Papelillos,OCB,ocb,ultimate-slim,ultimate-rolls,/productos/ocb/ultimate-rolls,2,2,Fumetas | Piranha,2490,2590,4,Fumetas,Piranha,true,true,2026-06-13T01:51:05.091Z,OCB Papelillos en Rollo Ultimate Slim 4mts | Papelillo OCB Ultimate Rolls Slim | PIRANHA
10369,OCB Roll Kit Virgin King Size,Papelillos,,ocb,roll-kit-virgin-king-size,roll-kit-virgin-king-size,/productos/ocb/roll-kit-virgin-king-size,2,2,Fumetas | Piranha,2490,3090,24,Piranha,Fumetas,true,true,2026-06-13T01:46:53.275Z,Papelillo OCB Virgin King Size Slim + Boquilla (Roll Kit) | PIRANHA | OCB Papelillos Roll Kit Virgin King Size
10234,Lion Rolling Circus Porta Papelillos 1 1/4,Contenedores y estuches,Lion Rolling Circus,lion-rolling-circus,paper-1-1-4-1-1-4,case-1-1-4,/productos/lion-rolling-circus/case-1-1-4,2,2,Fumetas | Piranha,2490,2490,0,Piranha,Piranha,true,true,2026-06-13T01:40:09.678Z,Caja Metálica Porta Papelillo 1 1/4 Lion Rolling Circus | PIRANHA | Lion Rolling Circus Porta Papelillos 1 1/4
10400,The Bulldog Pipa Metálica con Rejillas,Pipas,,the-bulldog,pipa-metalica-rejillas,pipa-metalica-rejillas,/productos/the-bulldog/pipa-metalica-rejillas,2,2,GrowBarato Chile | Piranha,2700,4990,85,GrowBarato Chile,Piranha,true,true,2026-06-13T01:58:26.421Z,Pipa Metálica The Bulldog Ámsterdam con Rejillas | Pipa Metálica Bulldog
10273,Papelillos Raw Artesanos King Size Slim,Papelillos,RAW,raw,paper-king-size-king-size-slim,artesano-king-size-slim,/productos/raw/artesano-king-size-slim,2,2,Fumetas | GrowBarato Chile,2700,2790,3,GrowBarato Chile,Fumetas,true,true,2026-06-13T01:55:54.372Z,Comprar RAW Artesano King Size Slim | Papelillos Raw Artesanos King Size Slim
10215,Cenicero Raw Metálico,Bandejas y ceniceros,RAW,raw,tray-cenicero-metalico,ashtray-metal,/productos/raw/ashtray-metal,3,3,Astro Growshop | Fumetas | Piranha,2790,2990,7,Fumetas,Astro Growshop,true,true,2026-06-13T01:48:49.334Z,Cenicero Raw Metálico | Cenicero Metálico RAW | CENICERO METALICO-RAW
5760,CONTENEDOR EXTRACTOS AL VACIO REDONDO NEGRO 4ML-BONGLAB,Contenedores y estuches,Bonglab,bonglab,container-contenedor-4ml,extract-container-extracts-4ml,/productos/bonglab/extract-container-extracts-4ml,6,3,Astro Growshop | Fumetas | Piranha,2990,3990,33,Fumetas,Astro Growshop,true,true,2026-06-13T01:38:50.322Z,Bonglab Contenedor De Extractos 4ml | Contenedor Extracciones Al Vacío Redondo Bonglab Negro 4mL | PIRANHA | Contenedor Extracciónes 4mL (Tapa Blanca/Tapa Negra) - BongLab | PIRANHA | CONTENEDOR EXTRACTOS AL VACIO REDONDO NEGRO 4ML-BONGLAB | BongLab Contenedor Extracto al Vacio 4ml | Contenedor Extractos Clear Tapa Blanca 4Ml-Bonglab
10389,Bandeja Metálica RAW Mix,Bandejas y ceniceros,,raw,mix-metalica,mix-metalica,/productos/raw/mix-metalica,2,2,Astro Growshop | Piranha,2990,4990,67,Astro Growshop,Piranha,true,true,2026-06-13T01:35:25.122Z,Bandeja Rolado Metalica 28X18Cm Raw Mix | Bandeja Metálica RAW Mix | PIRANHA
6020,Quemador De 14Mm -Bonglab,Repuestos para bongs y vaporizadores,Bonglab,bonglab,banger-quemador-14mm,bowl-14mm,/productos/bonglab/bowl-14mm,6,3,Astro Growshop | Fumetas | Piranha,2990,10890,264,Astro Growshop,Fumetas,true,true,2026-06-13T01:33:27.686Z,QUEMADOR BONG MACHO 14MM- Bonglab | Quemador Macho 14Mm -Bonglab | Quemador De 14Mm -Bonglab | Bonglab Quemador Macho 14mm Clear | Quemador Macho Bonglab 14mm | PIRANHA | Bonglab Quemador Macho 14mm Rainbow
10310,Special Blue Encendedor Soplete Mini Rubber 2.0,Encendedores y sopletes,Special Blue,special-blue,torch-mini-rubber-2-0,mini-rubber-2-0,/productos/special-blue/mini-rubber-2-0,3,3,Astro Growshop | Fumetas | Piranha,2990,2990,0,Astro Growshop,Astro Growshop,true,true,2026-06-13T01:32:07.195Z,Soplete Mini Rubber 2.0 -Calvo Glass | Special Blue Encendedor Soplete Mini Rubber 2.0 | Soplete Special Blue Mini Rubber 2.0 | PIRANHA
10187,Futurola x Mike Tyson King Size + Tips,Papelillos,Futurola,futurola,paper-king-size-king-size,tyson-king-size-slim-con-tips,/productos/futurola/tyson-king-size-slim-con-tips,2,2,Fumetas | Piranha,2990,3490,17,Piranha,Fumetas,true,true,2026-06-13T01:28:10.394Z,Papelillo Tyson x Futurola King Size + Boquilla | PIRANHA | Futurola x Mike Tyson Papelillos King Size + Tips
5706,Conos Pre-Enrolados Blazy Susan King Size 3u Pink | PIRANHA,Conos y blunts,Blazy Susan,blazy-susan,cone-conos-pre-enrolados-king-size,pre-roll-pink-king-size-3u,/productos/blazy-susan/pre-roll-pink-king-size-3u,3,2,Fumetas | Piranha,2990,3990,33,Piranha,Fumetas,true,true,2026-06-13T01:27:21.525Z,Conos Pre-Enrolados Blazy Susan King Size 3u Pink | PIRANHA | Conos Pre-Enrolados Blazy Susan King Size 3u Unbleached | PIRANHA | Blazy Susan Conos Pre-enrolados Pink King Size 3 uds.
5707,Conos Pre-Enrolados Blazy Susan 1 1/4 6u Purple | PIRANHA,Conos y blunts,Blazy Susan,blazy-susan,cone-conos-pre-enrolados-1-1-4,pre-roll-purple-1-1-4-6u,/productos/blazy-susan/pre-roll-purple-1-1-4-6u,4,3,Astro Growshop | Fumetas | Piranha,2990,3990,33,Piranha,Astro Growshop,true,true,2026-06-13T01:27:19.170Z,Conos Pre-Enrolados Blazy Susan 1 1/4 6u Purple | PIRANHA | Conos Pre-Enrolados Blazy Susan 1 1/4 6u Unbleached | PIRANHA | Blazy Susan Conos Pre-enrolados Purple 1 1/4 6 uds. | Conos Pre Roll Unbleached 1 1/4 Pack 6Und-Blazy Susan
5705,Conos Pre Roll 1 1/4 Pack 6U-Blazy Susan,Conos y blunts,Blazy Susan,blazy-susan,cone-1-1-4-1-1-4,pre-roll-pink-1-1-4-6u,/productos/blazy-susan/pre-roll-pink-1-1-4-6u,5,3,Astro Growshop | Fumetas | Piranha,2990,3990,33,Piranha,Astro Growshop,true,true,2026-06-13T01:27:17.109Z,Conos Pre-Enrolados Blazy Susan 1 1/4 6u Pink | PIRANHA | Conos Pre Roll Pink 1 1/4 Pack 6 Und-Blazy Susan | Blazy Susan Conos Pre-enrolados Pink 1 1/4 6 uds. | Conos Pre Roll 1 1/4 Pack 6U-Blazy Susan | Conos Pre Roll Pink 1 1/4 Box 1Und- Blazy Susan
5799,Máquina enroladora RAW 1 1/4 ecoplastic,Otros parafernalia,RAW,raw,rolling-machine-ecoplastic-1-1-4,rolling-machine-ecoplastic-1-1-4,/productos/raw/rolling-machine-ecoplastic-1-1-4,3,3,Astro Growshop | Fumetas | Piranha,2990,3490,17,Fumetas,Piranha,true,true,2026-06-13T01:27:15.070Z,Máquina enroladora RAW 1 1/4 ecoplastic | MAQUINA ENROLADORA -RAW | Máquina Enroladora RAW 1 1/4 Ecoplastic 79mm
5733,CENICERO ASH HOLDER GLOW IN THE DARK - GALAXY,Bandejas y ceniceros,Galaxy,galaxy,tray-cenicero-ash-holder-glow,ashtray-ash-holder,/productos/galaxy/ashtray-ash-holder,2,2,Astro Growshop | Fumetas,2990,2990,0,Astro Growshop,Astro Growshop,true,true,2026-06-13T00:32:37.137Z,CENICERO ASH HOLDER GLOW IN THE DARK - GALAXY | Cenicero Galaxy Ash Holder
5766,Raw Tarro Mason Jar de Vidrio 16oz,Contenedores y estuches,RAW,raw,container-jar-16oz,jar-mason-glass-473ml,/productos/raw/jar-mason-glass-473ml,2,2,Fumetas | Piranha,2993,3990,33,Piranha,Fumetas,true,true,2026-06-13T01:37:43.460Z,Frasco de Almacenaje y Curado Mason Jar de Vidrio RAW 473mL | PIRANHA | Raw Tarro Mason Jar de Vidrio 16oz
5801,Limpiador Bong Cherry 250Ml Formula Secreta 420,Limpieza,ASTRO,formula-secreta,cleaner-bong-pipe-420-250ml,cleaner-bong-pipe-420-250ml,/productos/formula-secreta/cleaner-bong-pipe-420-250ml,2,2,Astro Growshop | Piranha,2994,5490,83,Piranha,Astro Growshop,true,true,2026-06-13T01:42:01.164Z,Limpiador de bong Fórmula Secreta 420 250mL | Limpiador Bong Cherry 250Ml Formula Secreta 420
10546,Soulblime Contenedor con Tapa-Bandeja,Bandejas y ceniceros,,soulblime,contenedor-tapa-bandeja,contenedor-tapa-bandeja,/productos/soulblime/contenedor-tapa-bandeja,3,3,Astro Growshop | Fumetas | Piranha,3190,5990,88,Fumetas,Astro Growshop,true,true,2026-06-13T01:48:30.187Z,Soulblime Contenedor con Tapa-Bandeja | Contenedor con Tapa Bandeja de Enrolado Soulblime | PIRANHA | CONTENEDOR BANDEJA CON TAPA DISEÑOS UND
10537,Cono The Bulldog GIGA 28cm,Conos y blunts,,the-bulldog,giga-28cm,giga-28cm,/productos/the-bulldog/giga-28cm,2,2,Fumetas | Piranha,3190,3190,0,Piranha,Piranha,true,true,2026-06-13T01:40:46.375Z,Cono Bulldog GIGA 28cm | Bulldog Cono GIGA 28 CM
5726,Encendedor Clipper Metálico | PIRANHA,Encendedores y sopletes,Clipper,clipper,lighter-encendedor-metalico,metal-lighter-metal,/productos/clipper/metal-lighter-metal,20,3,Astro Growshop | Fumetas | Piranha,3190,6990,119,Fumetas,Fumetas,true,true,2026-06-13T01:39:02.845Z,Clipper Gas Butano 100 ml | Gas Butano 300 Ml-Clipper | Encendedor Metálico All Patterns -Clipper | Encendedor Metálico Gold -Clipper | Encendedor Clipper Metálico | PIRANHA | Encendedor Clipper Metálico | PIRANHA | Encendedor Clipper Metálico | PIRANHA | Encendedor Clipper Metálico | PIRANHA | Encendedor Clipper Metálico | PIRANHA | Encendedor Clipper Metálico | PIRANHA | Encendedor Metálico Safari -Clipper | Encendedor Metálico Turqueosie -Clipper | ENCENDEDOR METALICO JUNGLE LEAFS VARIEDADES | Encendedor Clipper Metálico Silver Devil | Encendedor Clipper Metálico Jungle Leaf | Encendedor Clipper Metálico Icy Tornasol | Encendedor Clipper Metálico All Patterns | Encendedor Clipper Metálico Gold | Encendedor Clipper Metálico Safari | Encendedor Clipper Metálico Dark Rose Gold
10500,Bandeja Metálica Soulblime,Bandejas y ceniceros,,soulblime,bandeja-metalica,metalica-mix,/productos/soulblime/metalica-mix,2,2,Astro Growshop | GrowBarato Chile,3200,3990,25,GrowBarato Chile,Astro Growshop,true,true,2026-06-13T01:59:57.972Z,Bandeja SoulBlime metálica | Bandeja Metálica Mix-Soulblime
10399,Difusor Bonglab Logo Magenta 14mm 12cm,Repuestos para bongs y vaporizadores,,bonglab,difusor-magenta-14mm-12cm,difusor-magenta-14mm-12cm,/productos/bonglab/difusor-magenta-14mm-12cm,3,3,Astro Growshop | GrowBarato Chile | Piranha,3200,3990,25,GrowBarato Chile,Astro Growshop,true,true,2026-06-13T01:40:26.458Z,Difusor 14mm 12cm Bonglab | Repuesto de vidrio para bongs | Difusor Logo Magenta 14Mm -Bonglab (14Cm/12Cm) | Difusor Bonglab 14mm/12cm Morado | PIRANHA
10144,Maquina Enroladora Raw 2-Way 1 1/4,Otros parafernalia,RAW,raw,rolling-machine-1-1-4,rolling-machine-ecoplastic-ajustable-1-1-4,/productos/raw/rolling-machine-ecoplastic-ajustable-1-1-4,2,2,Fumetas | Piranha,3290,3290,0,Fumetas,Fumetas,true,true,2026-06-13T01:27:23.571Z,Maquina Enroladora Raw 2-Way 1 1/4 | Máquina Enroladora RAW 1 1/4 Negra Ajustable
5751,Calvo Glass Quemador Pyrex - Macho 14mm,Repuestos para bongs y vaporizadores,Calvo Glass,calvo,banger-quemador-macho-14mm,bowl-14mm,/productos/calvo/bowl-14mm,4,3,Fumetas | GrowBarato Chile | Piranha,3490,5990,72,Fumetas,Piranha,true,true,2026-06-13T01:57:20.628Z,Calvo Glass Quemador Pyrex - Macho 14mm | Calvo Glass Quemador - Macho 14mm | Quemador Calvo Glass 14mm Cuerno | Bowl vidrio bong verde amarillo morado | Quemador Macho 14mm
10513,Cajita Cigarrera Metálica RAW Tapa Deslizante,Otros parafernalia,,raw,cajita-cigarrera-tapa-deslizante,cajita-cigarrera-tapa-deslizante,/productos/raw/cajita-cigarrera-tapa-deslizante,2,2,Fumetas | Piranha,3490,3990,14,Piranha,Fumetas,true,true,2026-06-13T01:45:44.810Z,Cajita Cigarrera Metálica RAW Tapa Deslizante | PIRANHA | Raw Cajita Cigarrera Metálica Tapa Deslizable
5797,Enroladora Acrílica 1 1/4 1U-Ocb,Otros parafernalia,OCB,ocb,rolling-machine-acrilica-1-1-4,rolling-machine-acrilica-1-1-4,/productos/ocb/rolling-machine-acrilica-1-1-4,3,3,Astro Growshop | Fumetas | Piranha,3490,5190,49,Astro Growshop,Fumetas,true,true,2026-06-13T01:38:46.521Z,Enroladora Acrílica 1 1/4 1U-Ocb | Máquina Enroladora Acrílica OCB 1 1/4 | Enroladora Acrilica OCB 1 1/4
10401,Difusor Bonglab Logo Negro 14mm 12cm,Repuestos para bongs y vaporizadores,,bonglab,difusor-negro-14mm-12cm,difusor-negro-14mm-12cm,/productos/bonglab/difusor-negro-14mm-12cm,2,2,Astro Growshop | Fumetas,3590,3790,6,Fumetas,Astro Growshop,true,true,2026-06-13T00:29:35.992Z,Difusor Bonglab 18mm-14mm - 12cm | Difusor Logo Negro 14Mm -Bonglab (14Cm/12Cm)
10145,Raw Enrolador King Size - GB The Green Brand,Otros parafernalia,RAW,raw,rolling-machine-king-size,rolling-machine-ecoplastic-king-size,/productos/raw/rolling-machine-ecoplastic-king-size,3,3,Fumetas | GrowBarato Chile | Piranha,3600,3790,5,GrowBarato Chile,Fumetas,true,true,2026-06-13T01:58:08.461Z,Raw Enrolador King Size - GB The Green Brand | Máquina enroladora RAW King Size Slim ecoplastic | Máquina Enroladora RAW King Size Slim
5498,Galaxy Moledor Biodegradable | Grinder ecológico resistente,Moledores,Galaxy,galaxy,grinder-grinder-ecologico,ecologico,/productos/galaxy/ecologico,2,2,Astro Growshop | GrowBarato Chile,3600,4990,39,GrowBarato Chile,Astro Growshop,true,true,2026-06-13T01:55:23.544Z,Galaxy Moledor Biodegradable | Grinder ecológico resistente | Grinder Ecológico -Galaxy
5727,Encendedor Zengaz Jet Flame recargable,Encendedores y sopletes,Zengaz,zengaz,lighter-encendedor-jet-flame-recargable,torch-lighter-zl-12,/productos/zengaz/torch-lighter-zl-12,5,3,Fumetas | GrowBarato Chile | Piranha,3700,4990,35,GrowBarato Chile,Piranha,true,true,2026-06-13T01:56:16.157Z,Encendedor Zengaz Jet Flame recargable | Zengaz Encendedor Soplete ZL-12 Natural | Zengaz Encendedor Soplete ZL-12 Animal Print | Zengaz Encendedor Soplete ZL-12 Space 2 | Encendedor Zengaz Jet Flame ZL-12
10260,Difusor Bonglab 14mm-14cm | PIRANHA,Repuestos para bongs y vaporizadores,BONGLAB,bonglab,repuestos-difusor-14cm-14mm,diffuser-14mm-14cm,/productos/bonglab/diffuser-14mm-14cm,3,3,Astro Growshop | Fumetas | Piranha,3790,3990,5,Fumetas,Astro Growshop,true,true,2026-06-13T01:28:15.049Z,Difusor Bonglab 18mm-14mm - 14cm | Difusor Bonglab 14mm-14cm | PIRANHA | Difusor 14Mm 14Cm - Bonglab
5515,Moledor Metálico Lion Rolling Circus - 2 Partes,Moledores,Lion Rolling Circus,lion-rolling-circus,grinder-metal,metal-2-partes,/productos/lion-rolling-circus/metal-2-partes,3,3,Fumetas | GrowBarato Chile | Piranha,3900,11990,207,GrowBarato Chile,Fumetas,true,true,2026-06-13T01:54:56.779Z,Moledor Metálico Lion Rolling Circus - 2 Partes | Moledor Metálico Lion Rolling Circus 5cm 2 Partes | PIRANHA | Moledor Lion Rolling Circus Metalico 50mm
10351,Blazy Susan Cotonitos Pink 100u,Otros parafernalia,,blazy-susan,cotonitos-pink-100u,cotonitos-pink-100u,/productos/blazy-susan/cotonitos-pink-100u,3,3,Astro Growshop | Fumetas | Piranha,3990,3990,0,Fumetas,Fumetas,true,true,2026-06-13T01:44:27.080Z,Blazy Susan Cotonitos Pink 100 Unidades | Cotonitos Blazy Susan 100u (Pink/White) | PIRANHA | Cotonitos Pink -Blazy Susan
10359,Bonglab Difusor Logo 14mm Morado,Repuestos para bongs y vaporizadores,,bonglab,difusor-logo-14mm-morado,difusor-logo-14mm-morado,/productos/bonglab/difusor-logo-14mm-morado,2,2,Astro Growshop | Piranha,3990,4990,25,Astro Growshop,Piranha,true,true,2026-06-13T01:40:27.584Z,Difusor Logo Purple 14Mm-Bonglab (14Cm/12Cm) | Difusor Bonglab 14mm/14cm Morado | PIRANHA
10259,Bonglab Quemador Simple Macho 10mm,Repuestos para bongs y vaporizadores,BongLab,bonglab,banger-quemador-macho-10mm,bowl-simple-10mm,/productos/bonglab/bowl-simple-10mm,3,3,Astro Growshop | Fumetas | Piranha,3990,3990,0,Fumetas,Fumetas,true,true,2026-06-13T01:32:22.641Z,Bonglab Quemador Simple Macho 10mm | Quemador Macho Simple 10 Mm - Bonglab | Quemador Macho Simple Bonglab 10mm | PIRANHA
10240,Gas Butano 300Ml-Zengaz,Encendedores y sopletes,ZENGAZ,zengaz,lighter-gas-butano-300ml-300ml,gas-300ml,/productos/zengaz/gas-300ml,3,3,Astro Growshop | Fumetas | Piranha,3990,4990,25,Astro Growshop,Piranha,true,true,2026-06-13T01:28:09.331Z,Gas Butano 300Ml-Zengaz | Gas Butano Zengaz 300ml | Gas Butano Zengaz 300mL
10510,Weecke Oil Cup Fenix Mini Plus,Vaporizadores herbales,,weecke,oil-cup-fenix-mini-plus,oil-cup-fenix-mini-plus,/productos/weecke/oil-cup-fenix-mini-plus,2,2,Astro Growshop | Fumetas,3990,5490,38,Fumetas,Astro Growshop,true,true,2026-06-13T01:10:39.736Z,Cup concentrados Fenix Mini Plus + | Accesorio Oil Cup Fenix Mini Plus-Weecke
10418,OCB Activ'Tips Slim Carbón Activo 7mm 10u,Filtros y boquillas,,ocb,activ-tips-slim-7mm,activ-tips-slim-7mm,/productos/ocb/activ-tips-slim-7mm,2,2,Astro Growshop | Fumetas,3990,3990,0,Fumetas,Fumetas,true,true,2026-06-13T00:28:52.319Z,OCB Boquillas Carbón Activo 7mm 10u. | Tips Filtro Carbon Activado Premium 10U-Ocb
10239,Gas Butano Ronson 300 ML,Encendedores y sopletes,Ronson,ronson,lighter-gas-butano-300ml-300ml,gas-300ml,/productos/ronson/gas-300ml,3,3,Astro Growshop | Fumetas | Piranha,4290,4490,5,Fumetas,Astro Growshop,true,true,2026-06-13T01:27:56.030Z,Gas Butano Ronson 300 ML | GAS BUTANO/PROPANO ALTA PUREZA 400ML - RONSON | Gas Butano/Propano Alta Pureza Ronson 300mL | PIRANHA
10130,Papelillos RAW Supernatural Super King Size 30cm | PIRANHA,Papelillos,RAW,raw,paper-king-size-30cm-king-size,super-king-30cm,/productos/raw/super-king-30cm,3,3,Fumetas | GrowBarato Chile | Piranha,4490,5190,16,Piranha,Fumetas,true,true,2026-06-13T01:57:02.853Z,Papelillos RAW Supernatural Super King Size 30cm | PIRANHA | Papelillos Largos RAW Super King Size 30cm | Papelillos RAW Super King 30cm
10237,Zengaz Encendedor Soplete ZL-3 Love,Encendedores y sopletes,Zengaz,zengaz,lighter-encendedor-soplete-love,torch-lighter-zl-3,/productos/zengaz/torch-lighter-zl-3,4,2,Fumetas | Piranha,4490,4990,11,Fumetas,Piranha,true,true,2026-06-13T01:31:07.446Z,Zengaz Encendedor Soplete ZL-3 Smoke | Zengaz Encendedor Soplete ZL-3 Love | Zengaz Encendedor Soplete ZL-3 Space 2 | Encendedor Zengaz Jet Flame ZL-3
10507,Weecke Boquilla Fenix Pro,Repuestos para bongs y vaporizadores,,weecke,boquilla-fenix-pro,boquilla-fenix-pro,/productos/weecke/boquilla-fenix-pro,2,2,Astro Growshop | Fumetas,4490,4491,0,Astro Growshop,Fumetas,true,true,2026-06-13T01:05:53.530Z,Accesorio Mouthpiece Stem Fenix Pro -Weecke | Weecke Boquilla Fenix Pro
10346,Hemper Glass Tips 7mm,Filtros y boquillas,,hemper,glass-tips-7mm,glass-tips-7mm,/productos/hemper/glass-tips-7mm,2,2,Fumetas | Piranha,4671,4990,7,Piranha,Fumetas,true,true,2026-06-13T01:37:40.903Z,Filtro de Vidrio Hemper Glass Tips 7mm | PIRANHA | Hemper Boquillas De Vidrio 7mm
10202,Pipa Top Smoke Pocket | PIRANHA,Pipas,TOP SMOKE,top-smoke,pipe-pipa-pocket,pocket,/productos/top-smoke/pocket,3,3,Astro Growshop | Fumetas | Piranha,4794,8990,88,Piranha,Fumetas,true,true,2026-06-13T01:32:55.940Z,Pipa Top Smoke Pocket | PIRANHA | Top Smoke Pipa Pocket 9cm | PiPA SILICONA POCKET -TOP SMOKE
10257,Bonglab Quemador Perlas - Macho 18mm,Repuestos para bongs y vaporizadores,BongLab,bonglab,banger-quemador-perlas-18mm,bowl-perlas-18mm,/productos/bonglab/bowl-perlas-18mm,3,3,Astro Growshop | Fumetas | Piranha,4890,6990,43,Fumetas,Piranha,true,true,2026-06-13T01:32:17.832Z,Bonglab Quemador Perlas - Macho 18mm | Quemador Perlas Macho 18 Mm -Bonglab | Quemador Macho Perlas Bonglab 18mm | PIRANHA
5784,Limpiador de moledores Fórmula Secreta Grinder 250mL,Moledores,Formula Secreta,formula-secreta,grinder-250ml,limpiador-250ml,/productos/formula-secreta/limpiador-250ml,3,2,Astro Growshop | Piranha,4890,5990,22,Piranha,Astro Growshop,true,true,2026-06-13T01:25:09.438Z,Limpiador de moledores Fórmula Secreta Grinder 250mL | Grinder Cleaner 250Ml Pec | Limpiador Grinder 250Ml Formula Secreta
10331,Bencina 125mL Zippo,Encendedores y sopletes,ZIPPO,zippo,bencina-125ml,bencina-125ml,/productos/zippo/bencina-125ml,4,4,Astro Growshop | Fumetas | GrowBarato Chile | Piranha,4900,5990,22,GrowBarato Chile,Piranha,true,true,2026-06-13T01:57:54.346Z,Bencina 125 ml Zippo – Combustible Original para Encendedores | Bencina 125Ml-Zippo | Bencina 125mL Zippo | Bencina Zippo
10386,Hemper Glass Tips 10mm 5u,Filtros y boquillas,,hemper,glass-tips-10mm,glass-tips-10mm,/productos/hemper/glass-tips-10mm,2,2,Fumetas | Piranha,4920,4990,1,Piranha,Fumetas,true,true,2026-06-13T01:37:41.955Z,Filtro de Vidrio Hemper Glass Tips 10mm | PIRANHA | Hemper Boquillas De Vidrio 10mm
10382,Hemper Quick Tips Uva 5u,Filtros y boquillas,,hemper,quick-tips-uva,quick-tips-uva,/productos/hemper/quick-tips-uva,2,2,Fumetas | Piranha,4931,5190,5,Piranha,Fumetas,true,true,2026-06-13T01:47:40.005Z,Hemper Quick Tips Uva | PIRANHA | Hemper Quick Tips - Boquillas Con Sabor
5747,Quemador Honeycomb Macho 18Mm,Repuestos para bongs y vaporizadores,Bonglab,bonglab,banger-quemador-honeycomb-18mm,bowl-honeycomb-18mm,/productos/bonglab/bowl-honeycomb-18mm,5,4,Astro Growshop | Fumetas | GrowBarato Chile | Piranha,4990,7490,50,Astro Growshop,Piranha,true,true,2026-06-13T02:02:12.943Z,Quemador Honeycomb Macho 18Mm | Quemador Honeycomb 18mm | Bowl bong grande colores | BongLab Quemador Honeycomb Macho 18mm | Quemador Honeycomb Macho 18Mm-Bonglab | Quemador Honeycomb Macho 18mm
5746,Quemador Honeycomb Macho 14Mm,Repuestos para bongs y vaporizadores,Bonglab,bonglab,banger-quemador-honeycomb-14mm,bowl-honeycomb-14mm,/productos/bonglab/bowl-honeycomb-14mm,6,4,Astro Growshop | Fumetas | GrowBarato Chile | Piranha,4990,6990,40,Fumetas,Piranha,true,true,2026-06-13T02:02:12.784Z,Quemador Generico Honeycomb Macho 14mm | Quemador Honeycomb Macho 14Mm | Quemador Honeycomb 14mm | Bowl Bong Colores Chile | BongLab Quemador HoneyComb Macho 14mm | Quemador Honeycomb Macho 14mm | Quemador Honeycomb Macho 14Mm -Bonglab
10190,Bandeja RAW Metálica Classic Mediana,Bandejas y ceniceros,RAW,raw,tray-metalica-classic-mediana-mediana,classic-mediana,/productos/raw/classic-mediana,4,4,Astro Growshop | Fumetas | GrowBarato Chile | Piranha,4990,7990,60,Piranha,Astro Growshop,true,true,2026-06-13T01:58:57.171Z,Bandeja Metálica RAW Classic | PIRANHA | RAW Bandeja Metálica para liar - GB The Green Brand | Bandeja RAW metálica Classic - Mediana | Bandeja Medida Raw Classic-Raw
5492,Cabo Heavy Hitter Pyrex,Pipas,Cabo,cabo,pipe-heavy-hitter-pyrex,heavy-hitter-9mm,/productos/cabo/heavy-hitter-9mm,2,2,Fumetas | GrowBarato Chile,4990,5000,0,Fumetas,GrowBarato Chile,true,true,2026-06-13T01:54:50.223Z,Cabo Heavy Hitter 9mm | Cabo Heavy Hitter Pyrex
10605,Calvo Glass Clear Insert Banger,Accesorios de extraccion,,calvo-glass,clear-insert-banger,clear-insert-banger,/productos/calvo-glass/clear-insert-banger,2,2,Astro Growshop | Piranha,4990,5490,10,Astro Growshop,Piranha,true,true,2026-06-13T01:52:54.772Z,Insert Banger Clear-Calvo | Clear Insert Banger
10323,Difusor Calvo Classic 18mm - 14mm - 14cm,Repuestos para bongs y vaporizadores,Calvo Glass,calvo,diffuser-classic-14cm,difusor-classic-14cm,/productos/calvo/difusor-classic-14cm,2,2,Fumetas | Piranha,4990,6490,30,Fumetas,Piranha,true,true,2026-06-13T01:41:27.741Z,Difusor Calvo Classic 18mm - 14mm - 14cm | Difusor 14cm
10322,Difusor Calvo Classic 18mm - 14mm - 10cm,Repuestos para bongs y vaporizadores,Calvo Glass,calvo,diffuser-classic-10cm,difusor-classic-10cm,/productos/calvo/difusor-classic-10cm,2,2,Fumetas | Piranha,4990,5990,20,Fumetas,Piranha,true,true,2026-06-13T01:41:14.259Z,Difusor Calvo Classic 18mm - 14mm - 10cm | Difusor 10cm
5735,Bandeja RAW metálica Girl - Mediana,Bandejas y ceniceros,RAW,raw,tray-metalica-girl-mediana-mediana,girl-metal-medium,/productos/raw/girl-metal-medium,3,3,Astro Growshop | Fumetas | Piranha,4990,7690,54,Piranha,Fumetas,true,true,2026-06-13T01:35:22.959Z,Bandeja Metálica RAW Girl | PIRANHA | Bandeja Metálica Girl Mediana-Raw | Bandeja RAW metálica Girl - Mediana
5749,Quemador Bowl Chico Hembra 14Mm - Bonglab,Repuestos para bongs y vaporizadores,Bonglab,bonglab,banger-quemador-bowl-14mm,bowl-bowl-14mm,/productos/bonglab/bowl-bowl-14mm,4,3,Astro Growshop | Fumetas | Piranha,4990,6990,40,Piranha,Astro Growshop,true,true,2026-06-13T01:27:54.992Z,Quemador Bowl Chico Hembra Bonglab 14mm | PIRANHA | Quemador Bowl Chico Hembra 14Mm - Bonglab | Bonglab Quemador Hembra 14mm | Quemador Bowl Chico Hembra 14 Mm -Bonglab
5712,Blazy Susan Conos Pre-enrolados Shorty 12 uds.,Conos y blunts,Blazy Susan,blazy-susan,cone-conos-pre-enrolados,pre-roll-shorty-53mm-12u,/productos/blazy-susan/pre-roll-shorty-53mm-12u,3,3,Astro Growshop | Fumetas | Piranha,4990,4990,0,Fumetas,Fumetas,true,true,2026-06-13T01:27:28.971Z,Blazy Susan Conos Pre-enrolados Shorty 12 uds. | Conos Pre-Enrolados Blazy Susan Shortys 53mm Pink 12u | PIRANHA | Conos Pre Roll Pink Shortys Pack Und-Blazy Susan
6001,Moledor OCB Eco Hemp 55mm,Moledores,OCB,ocb,grinder-55mm,eco,/productos/ocb/eco,3,3,Astro Growshop | Fumetas | Piranha,4990,5990,20,Piranha,Astro Growshop,true,true,2026-06-13T01:26:47.761Z,"Moledor OCB Plant Composite Biodegradable 5,5cm 2 Partes | PIRANHA | Moledor OCB Eco Hemp 55mm | Moledor Eco Mix-Ocb"
10564,Bandeja Lion Rolling Circus Tattoo Pequeña,Bandejas y ceniceros,,lion-rolling-circus,tattoo-pequena,tattoo-pequena,/productos/lion-rolling-circus/tattoo-pequena,2,2,Astro Growshop | Fumetas,4990,5490,10,Astro Growshop,Fumetas,true,true,2026-06-13T01:11:41.372Z,Bandeja Smal Tatoo-Lion Rolling Circus | Bandeja LRC Tatto Design - Pequeña
10363,Bonglab Quemador Hembra 14mm,Repuestos para bongs y vaporizadores,,bonglab,quemador-hembra-14mm,quemador-hembra-14mm,/productos/bonglab/quemador-hembra-14mm,2,2,Astro Growshop | Fumetas,4990,6990,40,Astro Growshop,Fumetas,true,true,2026-06-13T00:29:20.012Z,Quemador Hembra 14Mm -Bonglab | Bonglab Quemador - Hembra 14mm 2.0
10336,Cenicero Portátil RAW Catcher | PIRANHA,Bandejas y ceniceros,RAW,raw,ashtray-catcher,catcher,/productos/raw/catcher,2,2,Fumetas | Piranha,5490,6990,27,Piranha,Fumetas,true,true,2026-06-13T01:47:36.614Z,Cenicero Portátil RAW Catcher | PIRANHA | Raw Catcher - Cenicero portátil
5734,Bandeja Metálica RAW Brazilian Girl | PIRANHA,Bandejas y ceniceros,RAW,raw,tray-brazilian-girl,brazilian-girl-metal-medium,/productos/raw/brazilian-girl-metal-medium,3,3,Astro Growshop | Fumetas | Piranha,5691,7690,35,Piranha,Fumetas,true,true,2026-06-13T01:33:54.890Z,Bandeja Metálica RAW Brazilian Girl | PIRANHA | Bandeja Metálica Brazilian Girl Mediana-Raw | Bandeja RAW Brazilian Girl - Mediana
10368,Hemper Hemp Rolls + Glass Tips Mini Size,Filtros y boquillas,,hemper,hemp-rolls-glass-tips-mini,hemp-rolls-glass-tips-mini,/productos/hemper/hemp-rolls-glass-tips-mini,2,2,Fumetas | Piranha,5841,7290,25,Piranha,Fumetas,true,true,2026-06-13T01:43:05.501Z,Hemper Mini Size Hemp Rolls + Glass Tips 4u | PIRANHA | Hemper Hemp Rolls + Glass Tips Mini Size - Sabores
5489,Pipa Top Smoke Pocket Travel | PIRANHA,Pipas,Top Smoke,top-smoke,pipe-pipa-pocket-travel,pocket-travel,/productos/top-smoke/pocket-travel,3,3,Astro Growshop | Fumetas | Piranha,5844,9990,71,Piranha,Fumetas,true,true,2026-06-13T01:33:14.942Z,Pipa Top Smoke Pocket Travel | PIRANHA | Top Smoke Pipa Pocket Travel 10cm | Pipa Silicona Pocket Travel -Top Smoke
5721,Cajita Metálica RAW con 100u Filtros Pre-Enrolados 6mm | PIRANHA,Filtros y boquillas,RAW,raw,,pre-rolled-tip-metal-case-6mm-100u,/productos/raw/pre-rolled-tip-metal-case-6mm-100u,3,3,Fumetas | GrowBarato Chile | Piranha,5990,6990,17,Piranha,Fumetas,true,true,2026-06-13T01:59:41.198Z,Cajita Metálica RAW con 100u Filtros Pre-Enrolados 6mm | PIRANHA | RAW Pre-Rolled Tips Cajetilla De Metal | Cajetilla Metalica RAW con 100 Boquillas Preenrolados
6776,Filter Hitter Cabo - GB The Green Brand,Pipas,Cabo,cabo,pipe-filter-hitter,hitter,/productos/cabo/hitter,3,2,Fumetas | GrowBarato Chile,5990,18990,217,Fumetas,Fumetas,true,true,2026-06-13T01:56:22.090Z,Cabo Heavy Hitter 12mm | Filter Hitter Cabo - GB The Green Brand | Cabo Pipa Filter Hitter 8cm
10339,Máquina Enroladora Blazy Susan Bamboo Rolling Machine 110mm | PIRANHA,Otros parafernalia,BLAZY SUSAN,blazy-susan,rolling-machine-bamboo-110mm,bamboo-rolling-machine-110mm,/productos/blazy-susan/bamboo-rolling-machine-110mm,3,3,Astro Growshop | Fumetas | Piranha,5990,6291,5,Astro Growshop,Fumetas,true,true,2026-06-13T01:42:25.620Z,Bamboo Rolling Machine 110Mm-Blazy Susan | Máquina Enroladora Blazy Susan Bamboo Rolling Machine 110mm | PIRANHA | Blazy Susan Enroladora Bamboo King Size
10411,Conos RAW Rawket 5 Stages,Conos y blunts,,raw,rawket-5-stages,rawket-5-stages,/productos/raw/rawket-5-stages,2,2,Fumetas | Piranha,5990,6990,17,Fumetas,Piranha,true,true,2026-06-13T01:39:23.081Z,Conos Pre-enrolados RAW 5 Stages | Conos PreEnrolados RAW 5 Stages Rawket
10127,Storz &amp; Bickel Moledor acrilico 59mm,Moledores,Storz & Bickel,storz-bickel,grinder-59mm,plastic-59mm,/productos/storz-bickel/plastic-59mm,3,3,Astro Growshop | Fumetas | Piranha,5990,6990,17,Piranha,Astro Growshop,true,true,2026-06-13T01:25:33.251Z,Moledor XL Storz & Bickel | PIRANHA | Storz &amp; Bickel Moledor acrilico 59mm | Moledor reforzado original-Storz &amp; Bickel
10256,Quemador Perlas Macho 14Mm - Bonglab,Repuestos para bongs y vaporizadores,BONGLAB,bonglab,banger-quemador-perlas-14mm,bowl-perlas-14mm,/productos/bonglab/bowl-perlas-14mm,2,2,Astro Growshop | Fumetas,5990,5990,0,Astro Growshop,Astro Growshop,true,true,2026-06-13T00:29:26.893Z,Quemador Perlas Macho 14Mm - Bonglab | Bonglab Quemador Perlas - Macho 14mm
5748,Quemador Perla 18mm Calvo Glass - GB The Green Brand,Repuestos para bongs y vaporizadores,Calvo Glass,calvo,banger-quemador-18mm,bowl-perlas-18mm,/productos/calvo/bowl-perlas-18mm,4,4,Astro Growshop | Fumetas | GrowBarato Chile | Piranha,6200,6990,13,GrowBarato Chile,Astro Growshop,true,true,2026-06-13T01:57:18.279Z,Quemador Perla 18mm Calvo Glass - GB The Green Brand | Calvo Glass Quemador Perlas - Macho 18mm | Quemador Perlas Macho 18Mm-Calvo Glass | Quemador Perlas Calvo 18mm
10333,Encendedor Zengaz Torch ZT-70 | PIRANHA,Encendedores y sopletes,ZENGAZ,zengaz,torch-zt-70,zt-70,/productos/zengaz/zt-70,2,2,Astro Growshop | Piranha,6490,9990,54,Piranha,Astro Growshop,true,true,2026-06-13T01:33:31.135Z,Encendedor Zengaz Torch ZT-70 | PIRANHA | Encendedor Torch Zt-70 - Zengaz
10551,Encendedor Clipper Metálico Tottems,Encendedores y sopletes,,clipper,metalico-tottems,metalico-tottems,/productos/clipper/metalico-tottems,2,2,Astro Growshop | Fumetas,6490,6990,8,Astro Growshop,Fumetas,true,true,2026-06-13T00:52:53.558Z,ENCENDEDOR METALICO TOTTEMS VARIEDADES | Encendedor Clipper Metalico Tottems
6777,Bonglab American Hitter 18mm,Pipas,Bonglab,bonglab,pipe-american-hitter-18mm-18mm,american-hitter,/productos/bonglab/american-hitter,2,2,Fumetas | Piranha,6490,6490,0,Piranha,Piranha,true,true,2026-06-13T00:25:53.233Z,Hitter American 1.8mm - BongLab | PIRANHA | Bonglab American Hitter 18mm
10360,DaVinci IQ2 Boquilla,Repuestos para bongs y vaporizadores,,davinci,iq2-boquilla,iq2-boquilla,/productos/davinci/iq2-boquilla,2,2,Astro Growshop | Piranha,6494,9990,54,Piranha,Astro Growshop,true,true,2026-06-13T01:41:13.414Z,Boquilla DaVinci IQ2 | Iq 2 Mouthpiece-Da Vinci
10422,Storz & Bickel Dispositivo de Insuflación Mighty y Crafty,Vaporizadores herbales,,storz-bickel,dispositivo-insuflacion,dispositivo-insuflacion,/productos/storz-bickel/dispositivo-insuflacion,3,3,Astro Growshop | Fumetas | Piranha,6743,8990,33,Piranha,Fumetas,true,true,2026-06-13T01:52:54.896Z,Mighty/Crafty Dispositivo de Insuflación | PIRANHA | Dispositivo Insuflación Mighty Y Crafty-Storz &amp; Bickel | Storz &amp; Bickel Dispositivo de Insuflación Mighty y Crafty
6772,Pipa De Mano Heavy Gear,Pipas,Cabo,cabo,pipe-pipa-mano-heavy-gear,gear-heavy,/productos/cabo/gear-heavy,4,4,Astro Growshop | Fumetas | GrowBarato Chile | Piranha,6746,11990,78,Piranha,Fumetas,true,true,2026-06-13T01:58:17.742Z,CABO Heavy Gear 20mm (Clear/Black) - CABO | PIRANHA | Pipa De Mano Heavy Gear | Heavy Gear -Cabo | Cabo Pipa Heavy Gear Black 20mm
10416,Cono Inflable RAW Pequeño 60cm,Conos y blunts,,raw,cono-inflable-pequeno,cono-inflable-pequeno,/productos/raw/cono-inflable-pequeno,2,2,Fumetas | Piranha,6792,6951,2,Piranha,Fumetas,true,true,2026-06-13T01:50:39.162Z,Cono Inflable RAW | Cono Inflable RAW pequeño 60 cms - Flotador
10375,Calvo Glass Difusor Premium 14mm,Repuestos para bongs y vaporizadores,,calvo,difusor-premium-14mm,difusor-premium-14mm,/productos/calvo/difusor-premium-14mm,2,2,Astro Growshop | Piranha,6951,7990,15,Piranha,Astro Growshop,true,true,2026-06-13T01:33:37.925Z,Difusor Premium Calvo 14mm | Difusor Premium -Calvo Glass
10549,Tabaquera Soulblime,Otros parafernalia,,soulblime,tabaquera,tabaquera,/productos/soulblime/tabaquera,3,3,Fumetas | GrowBarato Chile | Piranha,6962,7551,8,Piranha,Fumetas,true,true,2026-06-13T02:02:06.591Z,Tabaquera Soulblime | PIRANHA | Tabaquera SoulBlime de algodón | Tabaquera Soulblime de Tela - Diseños
6471,Moledor Bulldog 40mm 1 piso,Moledores,The Bulldog,the-bulldog,grinder-40mm,40mm,/productos/the-bulldog/40mm,2,2,Fumetas | Piranha,6966,7990,15,Piranha,Fumetas,true,true,2026-06-13T01:25:34.605Z,Moledor Metálico Bulldog 4cm 2 Partes | Moledor Bulldog 40mm 1 piso
5759,Storz &amp; Bickel Juego de Mallas Venty,Repuestos para bongs y vaporizadores,Storz & Bickel,storz-bickel,repuestos-juego-de-mallas-venty,screen-set-venty,/productos/storz-bickel/screen-set-venty,3,3,Astro Growshop | Fumetas | Piranha,6990,7490,7,Fumetas,Astro Growshop,true,true,2026-06-13T01:52:55.417Z,Storz &amp; Bickel Juego de Mallas Venty | Venty Juego de Mallas/Rejillas | PIRANHA | Juego De Mallas Para Venty-Storz &amp; Bickel
10281,Storz &amp; Bickel Llavero Capsule Caddy,Repuestos para bongs y vaporizadores,Storz & Bickel,storz-bickel,,capsule-caddy,/productos/storz-bickel/capsule-caddy,3,3,Astro Growshop | Fumetas | Piranha,6990,9990,43,Astro Growshop,Piranha,true,true,2026-06-13T01:52:54.933Z,Llavero Capsule Caddy - Storz &amp; Bickel | Storz &amp; Bickel Llavero Capsule Caddy | Capsule Caddy Mighty/Crafty (Concentrados)| PIRANHA
10280,Storz &amp; Bickel Juego De Anillos de Sellado Mighty,Repuestos para bongs y vaporizadores,Storz & Bickel,storz-bickel,repuestos-mighty,anillos-sellado-mighty,/productos/storz-bickel/anillos-sellado-mighty,3,3,Astro Growshop | Fumetas | Piranha,6990,9390,34,Astro Growshop,Fumetas,true,true,2026-06-13T01:52:52.710Z,Juego De Anillos Sellado Mighty-Storz &amp; Bickel | Mighty Juego de Anillos de Sellado | Storz &amp; Bickel Juego De Anillos de Sellado Mighty
10372,Storz & Bickel Solid Valve Juego de Mallas Normales,Repuestos para bongs y vaporizadores,,storz-bickel,solid-valve-mallas-normales,solid-valve-mallas-normales,/productos/storz-bickel/solid-valve-mallas-normales,2,2,Astro Growshop | Piranha,6990,11990,72,Piranha,Astro Growshop,true,true,2026-06-13T01:52:52.573Z,Solid Valve Juego de Mallas Normales | Juego De Mallas Normales Solid Valve-Storz &amp; Bickel
10200,Limpiador Parafernalia Silicona Thievery 250Ml,Limpieza,THIEVERY,thievery,cleaner-250ml,cleaner-250ml,/productos/thievery/cleaner-250ml,2,2,Astro Growshop | Piranha,6990,6990,0,Piranha,Piranha,true,true,2026-06-13T01:52:51.242Z,Limpiador Thievery Silicone para Silicona (250mL) | PIRANHA | Limpiador Parafernalia Silicona Thievery 250Ml
10463,Máquina Enroladora Metálica OCB 1 1/4,Otros parafernalia,,ocb,enroladora-metalica-1-1-4,enroladora-metalica-1-1-4,/productos/ocb/enroladora-metalica-1-1-4,2,2,Fumetas | Piranha,6990,6990,0,Piranha,Piranha,true,true,2026-06-13T01:38:47.630Z,Máquina Enroladora Metálica OCB 1 1/4 | Enroladora Metálica OCB 1 1/4
10464,Bandeja RAW Zombie Grande,Bandejas y ceniceros,,raw,zombie-grande,zombie-grande,/productos/raw/zombie-grande,3,3,Astro Growshop | Fumetas | Piranha,6990,10990,57,Piranha,Fumetas,true,true,2026-06-13T01:34:11.045Z,Bandeja Metálica RAW Zombie | PIRANHA | Bandeja Metálica Zombie Grande-Raw | Bandeja RAW Zombie - Grande
10119,Banger Cuarzo Simple 90 Grados -Bonglab,Accesorios de extraccion,Bonglab,bonglab,banger-simple-90,banger-simple-macho-90-14mm,/productos/bonglab/banger-simple-macho-90-14mm,5,3,Astro Growshop | Fumetas | Piranha,6990,8990,29,Astro Growshop,Piranha,true,true,2026-06-13T01:27:37.106Z,Banger Cuarzo Simple 90 Grados -Bonglab | Bonglab Banger Cuarzo 90° - Macho 10mm | BongLab Banger Cuarzo 90° - Macho 14mm | BongLab Banger Cuarzo Macho 14mm | Banger Cuarzo Bonglab Simple 90° (14mm/10mm) | PIRANHA
10296,Bonglab Atrapa cenizas quemador macho 14mm,Repuestos para bongs y vaporizadores,BongLab,bonglab,banger-quemador-macho-14mm,atrapa-cenizas-macho-14mm,/productos/bonglab/atrapa-cenizas-macho-14mm,2,2,Astro Growshop | Fumetas,6990,7990,14,Astro Growshop,Fumetas,true,true,2026-06-13T00:40:28.186Z,Atrapa Ceniza Macho 14Mm-Bonglab | Bonglab Atrapa cenizas quemador macho 14mm
5768,BongLab Banger Cuarzo Macho 14 mm – Nail Quartz para Extracciones | GrowBaratoChile,Accesorios de extraccion,Bonglab,bonglab,banger-simple-macho-14mm,banger-simple-macho-45-14mm,/productos/bonglab/banger-simple-macho-45-14mm,5,4,Astro Growshop | Fumetas | GrowBarato Chile | Piranha,7200,8990,25,GrowBarato Chile,Fumetas,true,true,2026-06-13T01:57:05.487Z,BongLab Banger Cuarzo Macho 14 mm – Nail Quartz para Extracciones | GrowBaratoChile | Banger Cuarzo Simple 45 Grados -Bonglab | Bonglab Banger Cuarzo 45° - Macho 10mm | BongLab Banger Cuarzo 45° - Macho 14mm | Banger Cuarzo Bonglab Simple 45° (14mm/10mm) | PIRANHA
10601,Weecke Chamber Filter Fenix Pro,Repuestos para bongs y vaporizadores,,weecke,chamber-filter-fenix-pro,chamber-filter-fenix-pro,/productos/weecke/chamber-filter-fenix-pro,2,2,Astro Growshop | Fumetas,7490,7990,7,Astro Growshop,Fumetas,true,true,2026-06-13T01:16:09.714Z,Accesorio Chamber Filter Fenix Pro -Weecke | Hélice de Conveccion Fenix Pro
10378,Storz & Bickel Crafty Juego de Anillos de Sellado,Vaporizadores herbales,,storz-bickel,crafty-anillos-sellado,crafty-anillos-sellado,/productos/storz-bickel/crafty-anillos-sellado,2,2,Astro Growshop | Piranha,7591,10990,45,Piranha,Astro Growshop,true,true,2026-06-13T01:52:52.745Z,Crafty Juego de Anillos de Sellado | Juego De Anillos De Sellado Crafty--Storz &amp; Bickel
5491,PMG Pipa Karma 9 cm,Pipas,PieceMaker,piecemaker,pipe-pipa-karma-9cm-9cm,karma,/productos/piecemaker/karma,3,3,Fumetas | GrowBarato Chile | Piranha,7700,9483,23,GrowBarato Chile,Piranha,true,true,2026-06-13T01:54:52.734Z,Pipa de silicona Karma de Piece Maker | PMG Pipa Karma 9 cm | Pipa Karma PieceMaker
10203,Quemador Abeja Calvo Glass Macho 14mm | Bowl de Borosilicato para Bong,Repuestos para bongs y vaporizadores,CALVO,calvo,bong-bowl-macho-14mm,bowl-abeja-14mm,/productos/calvo/bowl-abeja-14mm,4,4,Astro Growshop | Fumetas | GrowBarato Chile | Piranha,7821,8990,15,Piranha,Fumetas,true,true,2026-06-13T01:58:04.899Z,Quemador Abeja Calvo 14mm | Quemador Abeja Calvo Glass Macho 14mm | Bowl de Borosilicato para Bong | Calvo Glass Quemador Abeja Macho 14mm | Quemador Abeja 14Mm Macho-Calvo Glass
5758,Juego De Mallas Pequeño Mighty-Storz &amp; Bickel,Repuestos para bongs y vaporizadores,Storz & Bickel,storz-bickel,repuestos-mighty,screen-set-small,/productos/storz-bickel/screen-set-small,3,3,Astro Growshop | Fumetas | Piranha,7990,8990,13,Astro Growshop,Fumetas,true,true,2026-06-13T01:52:54.590Z,Juego De Mallas Pequeño Mighty-Storz &amp; Bickel | Mighty Juego de Mallas | Storz &amp; Bickel Juego de mallas pequeño
10367,Storz & Bickel Juego de Herramientas,Vaporizadores herbales,,storz-bickel,juego-herramientas,juego-herramientas,/productos/storz-bickel/juego-herramientas,3,3,Astro Growshop | Fumetas | Piranha,7990,9990,25,Piranha,Astro Growshop,true,true,2026-06-13T01:52:52.781Z,Vaporizador Mighty & Crafty Herramientas Cámara de Relleno | Juego de Herramientas Storz &amp; Bickel | Juego De Herramientas Mighty Crafty-Storz &amp; Bickel
10514,Bonglab Rosin Paper Aluminio,Accesorios de extraccion,,bonglab,rosin-paper-aluminio,rosin-paper-aluminio,/productos/bonglab/rosin-paper-aluminio,2,2,Astro Growshop | Fumetas,7990,8890,11,Astro Growshop,Fumetas,true,true,2026-06-13T00:52:30.965Z,Papel Para Rosin Aluminio- Bonglab | BongLab Rosin Paper aluminio
10106,Calvo Glass Banger Full Weld Regular Macho 10mm,Accesorios de extraccion,Calvo Glass,calvo,banger-full-weld-regular-macho-10mm-regular,banger-simple-macho-90-10mm,/productos/calvo/banger-simple-macho-90-10mm,3,2,Astro Growshop | Fumetas,7990,24990,213,Fumetas,Astro Growshop,true,true,2026-06-13T00:40:54.091Z,Calvo Glass Banger Regular 10mm | Calvo Glass Banger Full Weld Regular Macho 10mm | BANGER REGULAR FULL WELD 10MM- Calvo glass
10158,Purify Carbon Activado 120Gr-Bonglab,Repuestos para bongs y vaporizadores,Bonglab,bonglab,,carbon-refill-refill,/productos/bonglab/carbon-refill-refill,2,2,Astro Growshop | Fumetas,7990,7990,0,Astro Growshop,Astro Growshop,true,true,2026-06-13T00:35:51.774Z,Purify Carbon Activado 120Gr-Bonglab | Bonglab Repuesto Purify Carbón Activado 120 grs
10404,Calvo Glass Flat Bucket Banger 45° Macho 10mm,Accesorios de extraccion,,calvo,flat-bucket-banger-45-10mm,flat-bucket-banger-45-10mm,/productos/calvo/flat-bucket-banger-45-10mm,3,2,Astro Growshop | Fumetas,7990,8990,13,Astro Growshop,Fumetas,true,true,2026-06-13T00:35:39.574Z,Flat Bucket Banger -Calvo (45° 10Mm/45° 14Mm/90° 10Mm/90° 14Mm) | Banger Calvo Flat Bucket 45° - Macho 10mm | Banger Calvo Flat Bucket 45° - Macho 14mm
10497,Hightrip Pin Pizzannabica,Otros parafernalia,,hightrip,pin-pizzannabica,pin-pizzannabica,/productos/hightrip/pin-pizzannabica,2,2,Fumetas | Piranha,8091,8990,11,Piranha,Fumetas,true,true,2026-06-13T01:52:09.584Z,HighTrip - Pizzannabica | Hightrip Pin Pizzannabica
10592,Hightrip Pin Cannabis Libre,Otros parafernalia,,hightrip,pin-cannabis-libre,pin-cannabis-libre,/productos/hightrip/pin-cannabis-libre,2,2,Astro Growshop | Piranha,8091,9990,23,Piranha,Astro Growshop,true,true,2026-06-13T01:51:46.027Z,HighTrip - Cannabis Libre | Pin-Hightrip
10473,Hightrip Pin Siempre 420,Otros parafernalia,,hightrip,pin-siempre-420,pin-siempre-420,/productos/hightrip/pin-siempre-420,2,2,Fumetas | Piranha,8091,8990,11,Piranha,Fumetas,true,true,2026-06-13T01:51:10.270Z,HighTrip - Siempre 420 | Hightrip Pin Siempre 420
10496,Hightrip Pin Pipazo,Otros parafernalia,,hightrip,pin-pipazo,pin-pipazo,/productos/hightrip/pin-pipazo,2,2,Fumetas | Piranha,8091,8990,11,Piranha,Fumetas,true,true,2026-06-13T01:50:56.302Z,HighTrip - Pipazo | Hightrip Pin Pipazo
10495,Hightrip Pin Bongazo,Otros parafernalia,,hightrip,pin-bongazo,pin-bongazo,/productos/hightrip/pin-bongazo,2,2,Fumetas | Piranha,8091,8990,11,Piranha,Fumetas,true,true,2026-06-13T01:36:04.120Z,HighTrip - Bongazo | Hightrip Pin Bongazo
6771,Pipa silicona llavero de Piece Maker,Pipas,PieceMaker,piecemaker,pipe-pipa-silicona-llavero-piece,kiwi,/productos/piecemaker/kiwi,2,2,Fumetas | GrowBarato Chile,8200,8990,10,GrowBarato Chile,Fumetas,true,true,2026-06-13T01:54:53.948Z,Pipa silicona llavero de Piece Maker | PMG Pipa Kiwi 8cm
10195,Conos PreEnrolados G-Rollz King Size Pink Banksy (20u),Conos y blunts,G-ROLLZ,g-rollz,cone-conos-pre-enrolados-king-size,pre-roll-pink-king-size-20u,/productos/g-rollz/pre-roll-pink-king-size-20u,2,2,Fumetas | Piranha,8490,8490,0,Fumetas,Fumetas,true,true,2026-06-13T01:40:02.634Z,G-Rollz 20 Conos Pre Enrolados Lightly Dyed Pink King Size | Conos PreEnrolados G-Rollz King Size Pink Banksy (20u)
5510,Blazy Susan Moledor Contenedor Mini Herb Saver Lila,Moledores,Blazy Susan,blazy-susan,grinder-herb-saver-mini,herb-saver-mini,/productos/blazy-susan/herb-saver-mini,5,3,Astro Growshop | Fumetas | Piranha,8490,13990,65,Astro Growshop,Astro Growshop,true,true,2026-06-13T01:25:23.055Z,HERB SAVER GRINDERS MINI MIX UND-BLAZY SUSAN | Contenedor Moledor Herb Saver x Blazy Susan (Color Aleatorio) | PIRANHA | Blazy Susan Moledor Contenedor Mini Herb Saver Lila | Blazy Susan Moledor Contenedor Mini Herb Saver Rosado | Herb Saver Grinder Pink Large 1Un -Blazy Susan
10420,Storz & Bickel Juego de Mallas Normales Plenty 6u,Repuestos para bongs y vaporizadores,,storz-bickel,mallas-normales-plenty-6u,mallas-normales-plenty-6u,/productos/storz-bickel/mallas-normales-plenty-6u,2,2,Astro Growshop | Piranha,8690,9990,15,Astro Growshop,Piranha,true,true,2026-06-13T01:52:52.941Z,MALLAS NORMALES PARA VOLCANO/PLENTY 6U-STORZ &amp; BICKEL | Plenty Juego de Mallas Normales
10105,Banger Calvo Flat Bucket 90° - Macho 14mm,Accesorios de extraccion,Calvo Glass,calvo,banger-flat-bucket-macho-90-14mm,banger-flat-bucket-macho-90-14mm,/productos/calvo/banger-flat-bucket-macho-90-14mm,3,3,Fumetas | GrowBarato Chile | Piranha,8990,13990,56,Fumetas,Piranha,true,true,2026-06-13T01:57:08.024Z,Banger Calvo Flat Bucket 90° - Macho 14mm | Flat Bucket Banger 90° 14mm | Calvo Glass de Cuarzo Durabilidad y Calor Uniforme | Banger Premium Base Plana 14mm
8647,Repuesto Saber Replacement Tip Focus V | PIRANHA,Repuestos para bongs y vaporizadores,Focus V,focus-v,repuestos-saber,tip-saber-tip-1u,/productos/focus-v/tip-saber-tip-1u,3,3,Astro Growshop | Fumetas | Piranha,8990,10990,22,Fumetas,Astro Growshop,true,true,2026-06-13T01:27:48.420Z,Focus V Repuesto Saber Tip | Repuesto Saber Replacement Tip Focus V | PIRANHA | REPUESTO SABER TIP-FOCUS V
10270,Vaporizador Mini 2200 -Oxbar,Vaporizadores electronicos,OXBAR,oxbar,disposable-oxbar,disposable-oxbar-mini-2200,/productos/oxbar/disposable-oxbar-mini-2200,2,2,Astro Growshop | Fumetas,8990,9990,11,Fumetas,Astro Growshop,true,true,2026-06-13T01:13:46.264Z,Oxbar Mini Vaporizadores desechable 2200 Puffs | Vaporizador Mini 2200 -Oxbar
10444,Hightrip Pin Volverá a Correr,Otros parafernalia,,hightrip,pin-volvera-a-correr,pin-volvera-a-correr,/productos/hightrip/pin-volvera-a-correr,2,2,Astro Growshop | Fumetas,8990,9990,11,Fumetas,Astro Growshop,true,true,2026-06-13T00:33:16.910Z,Hightrip Pin Volverá a correr | Pin Volverá A Correr-Hightrip
10301,Boquillas Carbón Activo Calvo Black 6mm 50 Uds.,Filtros y boquillas,Calvo Glass,calvo,filter-carbon-6mm,carbon-activo-black-6mm-50u,/productos/calvo/carbon-activo-black-6mm-50u,2,2,Astro Growshop | Fumetas,9490,9490,0,Astro Growshop,Astro Growshop,true,true,2026-06-13T00:47:14.457Z,FILTRO CARBON ACTIVADO 50U-CALVO | Boquillas Carbón Activo Calvo Black 6mm 50 Uds.
10453,Calvo Glass Batería Cartridge 510,Accesorios de extraccion,,calvo,bateria-cartridge-510,bateria-cartridge-510,/productos/calvo/bateria-cartridge-510,3,3,Astro Growshop | Fumetas | GrowBarato Chile,9500,11990,26,GrowBarato Chile,Astro Growshop,true,true,2026-06-13T02:00:00.334Z,Batería 510 Calvo Glass - Batería para Cartridge Vape | Calvo Glass Batería Cartridge 510 | Bateria 510 350Mah -Calvo Glass
5494,PMG Pipa Kazili 12cm,Pipas,PieceMaker,piecemaker,pipe-pipa-kazili-12cm-12cm,kazili,/productos/piecemaker/kazili,3,3,Fumetas | GrowBarato Chile | Piranha,9500,11431,20,GrowBarato Chile,Piranha,true,true,2026-06-13T01:54:55.199Z,Pipa Piecemaker Kazili de silicona - Growbarato | PMG Pipa Kazili 12cm | Pipa Kazili PieceMaker
10588,Calcetines RAW Negros,Otros parafernalia,,raw,calcetines-negros,calcetines-negros,/productos/raw/calcetines-negros,2,2,Fumetas | Piranha,9872,11990,21,Piranha,Fumetas,true,true,2026-06-13T01:47:37.665Z,Calcetines RAW Negro | PIRANHA | Raw Black Socks - Calcetines Largos
10589,Jockey RAW Flat Snapback Black,Otros parafernalia,,raw,jockey-flat-snapback-black,jockey-flat-snapback-black,/productos/raw/jockey-flat-snapback-black,2,2,Fumetas | Piranha,9872,12990,32,Piranha,Fumetas,true,true,2026-06-13T01:44:26.002Z,Jockey RAW Flat Snap Back Negro con Spot Secreto | PIRANHA | Raw Baseball Cap Flat Brim Snapback Black
10548,Yocan Flat Vaporizador para Cartridge,Accesorios de extraccion,,yocan,flat,flat,/productos/yocan/flat,2,2,Astro Growshop | Piranha,9891,10990,11,Piranha,Astro Growshop,true,true,2026-06-13T01:52:21.869Z,Vaporizador para Cartridge Yocan Flat | PIRANHA | VAPORIZADOR YOCAN FLAT
10446,Calvo Glass Marble Set,Accesorios de extraccion,,calvo,marble-set,marble-set,/productos/calvo/marble-set,3,3,Astro Growshop | Fumetas | GrowBarato Chile,9990,13000,30,Astro Growshop,GrowBarato Chile,true,true,2026-06-13T01:59:56.790Z,Marble Set - Calvo Glass | Calvo Glass Marble Set | Marble Set Calvo Glass | Accesorio de Vidrio Borosilicato
10317,Contenedor RAW Reserva (Hermético y rellenador de conos) | PIRANHA,Contenedores y estuches,RAW,raw,container-reserva,reserva,/productos/raw/reserva,2,2,Astro Growshop | Piranha,9990,9990,0,Astro Growshop,Astro Growshop,true,true,2026-06-13T01:52:51.704Z,RESERVA CONTENEDOR HERMÉTICO Y ARMADOR DE CONOS-RAW | Contenedor RAW Reserva (Hermético y rellenador de conos) | PIRANHA
10387,RAW Bolsa 200 Tips Pre-Enrolados,Filtros y boquillas,,raw,tips-preenrolados-bolsa-200,tips-preenrolados-bolsa-200,/productos/raw/tips-preenrolados-bolsa-200,2,2,Astro Growshop | Piranha,9990,12990,30,Piranha,Astro Growshop,true,true,2026-06-13T01:27:52.817Z,Bolsa RAW 200 Filtro Tips Pre-Enrolados | PIRANHA | BOLSA DE 200 TIPS PREENROLADOS-RAW
5798,Máquina Enroladora RAW Automática 1 1/4,Otros parafernalia,RAW,raw,rolling-machine-automatica-1-1-4,rolling-machine-automatica-1-1-4,/productos/raw/rolling-machine-automatica-1-1-4,2,2,Fumetas | Piranha,9990,10990,10,Piranha,Fumetas,true,true,2026-06-13T01:27:36.060Z,Máquina Enroladora RAW Automática 1 1/4 | Maquina Enroladora RAW Automática 1 1/4
10279,Storz &amp; Bickel Juego De Anillos En O,Repuestos para bongs y vaporizadores,Storz & Bickel,storz-bickel,,anillos-en-o,/productos/storz-bickel/anillos-en-o,2,2,Astro Growshop | Fumetas,9990,11690,17,Astro Growshop,Fumetas,true,true,2026-06-13T01:16:08.412Z,Juego De Anillos En O-Storz &amp; Bickel | Storz &amp; Bickel Juego De Anillos En O
10608,G Pen Connect Glass Adapter 18mm,Otros parafernalia,,g-pen,connect-glass-adapter-18mm,connect-glass-adapter-18mm,/productos/g-pen/connect-glass-adapter-18mm,2,2,Astro Growshop | Fumetas,9990,15790,58,Astro Growshop,Fumetas,true,true,2026-06-13T01:08:48.226Z,Glass Adapter Grenco Connect Black 18Mm-G Pen | G Pen Glass Adapter Connect
10524,Smokus Focus Contenedor Hermético con Lupa Comet,Contenedores y estuches,,smokus-focus,comet,comet,/productos/smokus-focus/comet,2,2,Astro Growshop | Fumetas,9990,12990,30,Fumetas,Astro Growshop,true,true,2026-06-13T00:54:09.197Z,Smokus Focus Contenedor Luz + Lupa Comet | CONTENEDOR HERMETICO CON LUPA - SMOKUS FOCUS
10440,PMG Munchie Bowl,Repuestos para bongs y vaporizadores,,piecemaker,munchie-bowl,munchie-bowl,/productos/piecemaker/munchie-bowl,2,2,Astro Growshop | Fumetas,9990,11990,20,Astro Growshop,Fumetas,true,true,2026-06-13T00:33:06.356Z,Munchie Bowl -Pmg | PMG Munchie Bowl
6567,Moledor Bulldog Ámsterdam Metálico Silver 4 Partes,Moledores,The Bulldog,the-bulldog,grinder-metal,metal-4-partes,/productos/the-bulldog/metal-4-partes,3,2,GrowBarato Chile | Piranha,10700,24990,134,GrowBarato Chile,Piranha,true,true,2026-06-13T01:55:01.664Z,Moledor Bulldog Ámsterdam Metálico Silver 4 Partes | Moledor Metálico Bulldog 4 | Moledor metálico Bulldog de 4 partes
5490,Pipa Calvo Horn Pipe 10cm | PIRANHA,Pipas,Calvo Glass,calvo,pipe-pipa-horn-pipe-10cm-10cm,horn,/productos/calvo/horn,2,2,Fumetas | Piranha,10943,11992,10,Piranha,Fumetas,true,true,2026-06-13T01:44:54.577Z,Pipa Calvo Horn Pipe 10cm | PIRANHA | Calvo Glass Pipa Horn Pipe 10 cm
10358,Storz & Bickel Volcano Hybrid Set Boquillas 4U,Repuestos para bongs y vaporizadores,,storz-bickel,volcano-hybrid-boquillas-4u,volcano-hybrid-boquillas-4u,/productos/storz-bickel/volcano-hybrid-boquillas-4u,2,2,Astro Growshop | Piranha,10990,14190,29,Piranha,Astro Growshop,true,true,2026-06-13T01:44:40.639Z,Volcano Hybrid Set Boquillas (4u)| PIRANHA | BOQUILLAS PARA VOLCANO HYBRID 4U-STORZ &amp; BICKEL
10266,Vaporizador Airis Neo P8000 Kiwi Passion Fruit Guava 5%-Airistech,Vaporizadores electronicos,AIRISTECH,airis,disposable-neo-p8000,disposable-neo-p8000-kiwi,/productos/airis/disposable-neo-p8000-kiwi,2,2,Astro Growshop | Piranha,11954,22990,92,Piranha,Astro Growshop,true,true,2026-06-13T01:40:54.238Z,Vaper Airis Neo P8000 - Kiwi Passion Fruit Guava | PIRANHA | Vaporizador Airis Neo P8000 Kiwi Passion Fruit Guava 5%-Airistech
10204,Vaporizador Airis Neo P8000 Strawberry Banana-Airistech,Vaporizadores electronicos,AIRISTECH,airis,disposable-neo-p8000-strawberry-cream,disposable-neo-p8000-banana-cream-strawberry,/productos/airis/disposable-neo-p8000-banana-cream-strawberry,2,2,Astro Growshop | Piranha,11954,16190,35,Piranha,Astro Growshop,true,true,2026-06-13T01:38:53.455Z,Vaper Airis Neo P8000 - Strawberry Banana | PIRANHA | Vaporizador Airis Neo P8000 Strawberry Banana-Airistech
10397,Storz & Bickel Magazine con 8 Cápsulas Dosificadoras,Repuestos para bongs y vaporizadores,,storz-bickel,magazine-8-capsulas,magazine-8-capsulas,/productos/storz-bickel/magazine-8-capsulas,3,3,Astro Growshop | Fumetas | Piranha,11990,12990,8,Astro Growshop,Fumetas,true,true,2026-06-13T01:52:52.970Z,Cargador Con Capsulas Dosificadoras-Storz &amp; Bickel | Cargador con Cápsulas Dosificadoras | Contenedor 8 Cápsulas Monodosis Storz &amp; Bickel
5966,Set Cajita Metálica RAW Starter Box 1 1/4 | PIRANHA,Contenedores y estuches,RAW,raw,container-1-1-4-1-1-4,case-starter-box-1-1-4,/productos/raw/case-starter-box-1-1-4,2,2,Fumetas | Piranha,11990,14990,25,Piranha,Fumetas,true,true,2026-06-13T01:38:15.612Z,Set Cajita Metálica RAW Starter Box 1 1/4 | PIRANHA | Kit Cajita Metalica RAW Starter Box 1 1/4
5794,MOLEDOR PLASTICO REFORZADO XL-STORZ &amp; BICKEL,Moledores,Storz & Bickel,storz-bickel,grinder-plastic-xl,plastic-xl-90mm,/productos/storz-bickel/plastic-xl-90mm,2,2,Astro Growshop | Piranha,11990,12742,6,Astro Growshop,Piranha,true,true,2026-06-13T01:24:29.140Z,MOLEDOR PLASTICO REFORZADO XL-STORZ &amp; BICKEL | Moledor XL Storz & Bickel | PIRANHA
10340,Tapas para Bongs Blazy Susan Resin Blaster (3-Pack) | PIRANHA,Repuestos para bongs y vaporizadores,BLAZY SUSAN,blazy-susan,resin-blaster-3-pack,resin-blaster-3-pack,/productos/blazy-susan/resin-blaster-3-pack,2,2,Astro Growshop | Piranha,12341,14990,21,Piranha,Astro Growshop,true,true,2026-06-13T01:52:52.002Z,Tapas para Bongs Blazy Susan Resin Blaster (3-Pack) | PIRANHA | Tapas Para Bongs Resin Blaster-Blazy Susan
5512,Grinder Galaxy Aluminio 38mm,Moledores,Galaxy,galaxy,grinder-metal-38mm,metal-38mm,/productos/galaxy/metal-38mm,2,2,Astro Growshop | Piranha,12591,15990,27,Piranha,Astro Growshop,true,true,2026-06-13T01:26:32.628Z,Grinder Galaxy Aluminio 38mm | Moledor 38MM-Galaxy
10165,Km3 Clear-Bonglab,Bongs,Bonglab,bonglab,bong-km3-clear,km3,/productos/bonglab/km3,3,3,Astro Growshop | Fumetas | Piranha,12792,16990,33,Piranha,Fumetas,true,true,2026-06-13T01:45:57.555Z,Bong KM3 Bonglab | Km3 Clear-Bonglab | BongLab Bong KM3 Clear 12cm
10357,Top Smoke Pipa Pyrex Havocrush,Pipas,,top-smoke,pyrex-havocrush,pyrex-havocrush,/productos/top-smoke/pyrex-havocrush,2,2,Astro Growshop | Piranha,12990,14990,15,Piranha,Astro Growshop,true,true,2026-06-13T01:40:20.978Z,Pipa Pyrex Top Smoke | PIRANHA | Pipa Pyrex Havocrush 59- Top Smoke
10441,DynaVap Soplete Honest,Encendedores y sopletes,,dynavap,honest-torch,honest-torch,/productos/dynavap/honest-torch,3,3,Astro Growshop | Fumetas | Piranha,13490,14990,11,Fumetas,Astro Growshop,true,true,2026-06-13T01:48:58.099Z,Dynavap Soplete Honest | Encendedor Honest (Single Torch) DynaVap | PIRANHA | Soplete Honest -Dynavap
10265,Storz &amp; Bickel Set de Boquillas Venty - 4 Unidades,Repuestos para bongs y vaporizadores,Storz & Bickel,storz-bickel,filter-venty,mouthpiece-venty-4u,/productos/storz-bickel/mouthpiece-venty-4u,3,3,Astro Growshop | Fumetas | Piranha,13491,16990,26,Piranha,Astro Growshop,true,true,2026-06-13T01:52:54.995Z,Venty Juego de Boquillas | PIRANHA | Storz &amp; Bickel Set de Boquillas Venty - 4 Unidades | BOQUILLAS PARA VENTY 4U-STORZ &amp; BICKEL
5731,Blazy Susan Cenicero Deluxe,Bandejas y ceniceros,Blazy Susan,blazy-susan,tray-cenicero-deluxe,ashtray-deluxe,/productos/blazy-susan/ashtray-deluxe,3,3,Astro Growshop | Fumetas | Piranha,13491,14990,11,Fumetas,Astro Growshop,true,true,2026-06-13T01:35:26.123Z,Blazy Susan Cenicero Deluxe | Cenicero Blazy Susan Deluxe (Color a elección) | PIRANHA | Cenicero Deluxe Silicona -Blazy Susan
10264,Boquilla Para Mighty/ Crafty 4Ud-Storz &amp; Bickel,Repuestos para bongs y vaporizadores,STORZ & BICKEL,storz-bickel,filter-mighty,mouthpiece-crafty-4u,/productos/storz-bickel/mouthpiece-crafty-4u,2,2,Astro Growshop | Fumetas,13990,13990,0,Fumetas,Fumetas,true,true,2026-06-13T00:34:24.217Z,Storz &amp; Bickel Boquillas de Mighty/Crafty - 4 unidades | Boquilla Para Mighty/ Crafty 4Ud-Storz &amp; Bickel
10472,Caja de Madera RAW,Otros parafernalia,,raw,caja-madera,caja-madera,/productos/raw/caja-madera,2,2,Fumetas | Piranha,14017,14346,2,Piranha,Fumetas,true,true,2026-06-13T01:49:46.727Z,Caja de Madera RAW | Caja de Madera RAW - RAW BOX
10563,Hemper Cache Cup Cenicero Libre de Humo,Bandejas y ceniceros,,hemper,cache-cup,cache-cup,/productos/hemper/cache-cup,2,2,Fumetas | Piranha,14241,14990,5,Piranha,Fumetas,true,true,2026-06-13T01:48:23.605Z,Hemper Tech Cache Cup Cenicero Libre de Humo | PIRANHA | Hemper Cenicero Cache Cup
10371,Blazy Susan Cenicero de Silicona,Bandejas y ceniceros,,blazy-susan,cenicero-silicona,cenicero-silicona,/productos/blazy-susan/cenicero-silicona,2,2,Astro Growshop | Piranha,14241,14990,5,Piranha,Astro Growshop,true,true,2026-06-13T01:44:53.566Z,Cenicero de Silicona Blazy Susan Pink | PIRANHA | Cenicero De Silicona -Blazy Susan
10437,Soplete Ignite Phantom,Encendedores y sopletes,,ignite,phantom,phantom,/productos/ignite/phantom,3,3,Astro Growshop | Fumetas | Piranha,14243,21990,54,Piranha,Astro Growshop,true,true,2026-06-13T01:35:20.983Z,Encendedor Soplete Ignite Phantom | PIRANHA | Ignite Soplete Phantom | Soplete Phantom -Ignite
10320,Volcano Easy Valve Globo con Adaptador| PIRANHA,Repuestos para bongs y vaporizadores,,storz-bickel,easy-valve-globo-adaptador,easy-valve-globo-adaptador,/productos/storz-bickel/easy-valve-globo-adaptador,2,2,Fumetas | Piranha,14391,16990,18,Piranha,Fumetas,true,true,2026-06-13T01:52:52.866Z,Volcano Easy Valve Globo con Adaptador| PIRANHA | Storz &amp; Bickel Easy Valve Globo Volcano con Adaptador
10521,Yocan Kodo Pro Vaporizador para Cartridge,Accesorios de extraccion,,yocan,kodo-pro,kodo-pro,/productos/yocan/kodo-pro,2,2,Astro Growshop | Piranha,14391,15990,11,Piranha,Astro Growshop,true,true,2026-06-13T01:52:20.803Z,Vaporizador para Cartridge Yocan Kodo Pro | PIRANHA | VAPORIZADOR YOCAN KODO PRO
10434,Soplete Ignite X-Mini,Encendedores y sopletes,,ignite,x-mini,x-mini,/productos/ignite/x-mini,3,3,Astro Growshop | Fumetas | Piranha,14392,18990,32,Piranha,Astro Growshop,true,true,2026-06-13T01:34:57.429Z,Soplete Ignite X-Mini | PIRANHA | Ignite Soplete X-Mini | Soplete X-Mini -Ignite
5529,R3 Mini-Bonglab,Bongs,Bonglab,bonglab,bong-r3-mini-mini,r3-mini,/productos/bonglab/r3-mini,5,4,Astro Growshop | Fumetas | GrowBarato Chile | Piranha,14400,24990,74,GrowBarato Chile,Astro Growshop,true,true,2026-06-13T01:59:06.072Z,Bong Cristal Mini para marihuana 8-17 cm | Bong R3 Mini Bonglab Pyrex 12 cm | Mini Bong Recycler Chile | Bong R3 Mini | R3 Mini-Bonglab | BongLab Bong R3 Mini 10.5cm
5532,Tiny Bell Extended -Bonglab,Bongs,Bonglab,bonglab,bong-tiny-bell,tiny-bell-extended,/productos/bonglab/tiny-bell-extended,3,3,Astro Growshop | Fumetas | Piranha,14442,17990,25,Piranha,Fumetas,true,true,2026-06-13T01:34:50.620Z,Bong Tiny Bell | Tiny Bell Extended -Bonglab | BongLab Bong KM2 Tiny Bell Xtended 8 cm
10430,Gorro de Lana RAW,Otros parafernalia,,raw,gorro-lana,gorro-lana,/productos/raw/gorro-lana,2,2,Fumetas | Piranha,14812,17990,21,Piranha,Fumetas,true,true,2026-06-13T01:49:44.314Z,Gorro de Lana RAW | Raw Gorro de Lana
10278,Kit de Mantenimiento DynaVap DynaKit | PIRANHA,Repuestos para bongs y vaporizadores,DYNAVAP,dynavap,,dynakit,/productos/dynavap/dynakit,3,3,Astro Growshop | Fumetas | Piranha,14871,18990,28,Piranha,Astro Growshop,true,true,2026-06-13T01:35:56.862Z,Kit de Mantenimiento DynaVap DynaKit | PIRANHA | Dynavap DynaKit De Mantenimiento | Dynakit Mantenimiento-Dynavap
10566,Bandeja OCB Bamboo Rolling Tray,Bandejas y ceniceros,,ocb,bamboo-rolling-tray,bamboo-rolling-tray,/productos/ocb/bamboo-rolling-tray,2,2,Fumetas | Piranha,14932,19990,34,Piranha,Fumetas,true,true,2026-06-13T01:36:02.322Z,Bandeja Bamboo OCB Rolling Tray 23x18cm | PIRANHA | OCB Bandeja Bamboo - Mediana
10586,Hemper Smoke Fiends Filtro de Reemplazo Blaze The Cactus,Filtros y boquillas,,hemper,smoke-fiends-repuesto-blaze-the-cactus,smoke-fiends-repuesto-blaze-the-cactus,/productos/hemper/smoke-fiends-repuesto-blaze-the-cactus,2,2,Astro Growshop | Piranha,14951,15990,7,Piranha,Astro Growshop,true,true,2026-06-13T01:44:52.323Z,Hemper Smoke Fiends Filtro de Reemplazo Blaze The Cactus | PIRANHA | Filtro De Reemplazo Blaze The Cactus
10585,Hemper Smoke Fiends Filtro de Reemplazo Juice The Pineapple,Filtros y boquillas,,hemper,smoke-fiends-repuesto-juice-the-pineapple,smoke-fiends-repuesto-juice-the-pineapple,/productos/hemper/smoke-fiends-repuesto-juice-the-pineapple,2,2,Astro Growshop | Piranha,14951,15990,7,Piranha,Astro Growshop,true,true,2026-06-13T01:44:46.909Z,Hemper Smoke Fiends Filtro de Reemplazo Juice The Pineapple | PIRANHA | Filtro De Reemplazo Juice The Pineapple
10196,Cono de Oro Gold 24K Kush Hemp Wraps | PIRANHA,Conos y blunts,KUSH HEMP,kush-hemp,,gold-cone-1u,/productos/kush-hemp/gold-cone-1u,2,2,Astro Growshop | Piranha,14951,14990,0,Piranha,Astro Growshop,true,true,2026-06-13T01:38:32.725Z,Cono de Oro Gold 24K Kush Hemp Wraps | PIRANHA | Cono de Oro 24K 1U-KUSH HEMP WRAPS
10385,Storz & Bickel Volcano Hybrid Juego de Piezas de Desgaste,Vaporizadores herbales,,storz-bickel,volcano-hybrid-piezas-desgaste,volcano-hybrid-piezas-desgaste,/productos/storz-bickel/volcano-hybrid-piezas-desgaste,2,2,Astro Growshop | Piranha,14990,14990,0,Piranha,Piranha,true,true,2026-06-13T01:52:50.604Z,Volcano Hybrid Juego de Piezas de Desgaste| PIRANHA | Piezas De Desgaste Volcano Hybrid-Storz &amp; Bickel
10531,Calvo Glass Batería LED Cartridge 510,Accesorios de extraccion,,calvo,bateria-led-cartridge-510,bateria-led-cartridge-510,/productos/calvo/bateria-led-cartridge-510,2,2,Astro Growshop | Fumetas,14990,15990,7,Fumetas,Astro Growshop,true,true,2026-06-13T01:14:31.143Z,Calvo Batería Pro Led Cartridge 510 | Bateria 510 Led 400Mah -Calvo Glass
5753,Pax Flat Mouthpiece 2 Unidades.,Repuestos para bongs y vaporizadores,PAX,pax,,mouthpiece-2u,/productos/pax/mouthpiece-2u,2,2,Fumetas | Piranha,14990,15191,1,Fumetas,Piranha,true,true,2026-06-13T00:30:01.916Z,Pax Flat Mouthpiece 2 Unidades. | Boquilla Plana Pax 2/3 2 unidades
10334,Encendedor Soplete Ignite Compact | PIRANHA,Encendedores y sopletes,IGNITE,ignite,torch-compact,compact,/productos/ignite/compact,4,4,Astro Growshop | Fumetas | GrowBarato Chile | Piranha,14993,23990,60,Piranha,Astro Growshop,true,true,2026-06-13T02:00:36.202Z,Encendedor Soplete Ignite Compact | PIRANHA | Soplete Compact Ignite - GB The Green Brand | Soplete Compact -Ignite | Soplete Compact Ignite
10470,Tridente RAW de Madera,Otros parafernalia,,raw,tridente-madera,tridente-madera,/productos/raw/tridente-madera,2,2,Fumetas | Piranha,14993,19990,33,Piranha,Fumetas,true,true,2026-06-13T01:34:53.638Z,Tridente RAW Madera | PIRANHA | Tridente RAW de Madera
10469,Stündenglass Glass Bowl,Repuestos para bongs y vaporizadores,,stundenglass,glass-bowl,glass-bowl,/productos/stundenglass/glass-bowl,3,3,Astro Growshop | Fumetas | Piranha,14993,23790,59,Piranha,Fumetas,true,true,2026-06-13T01:33:53.843Z,"Stündenglass Glass Bowl | PIRANHA | Glass Bowl-Stundenglass | Stündenglass Quemador Macho 14,5 mm"
10595,Batería Galaxy Cartridge Escondida Black,Otros parafernalia,,galaxy,bateria-escondida-black,bateria-escondida-black,/productos/galaxy/bateria-escondida-black,2,2,Astro Growshop | Piranha,14994,23990,60,Piranha,Astro Growshop,true,true,2026-06-13T00:19:18.752Z,Batería Galaxy Cartridge Escondida Black | PIRANHA | Bateria Escondida Cartridge Black - Galaxy
5507,Grinder Galaxy Aluminio 55mm,Moledores,Galaxy,galaxy,grinder-metal-55mm,metal-55mm,/productos/galaxy/metal-55mm,2,2,Astro Growshop | Piranha,15291,18990,24,Piranha,Astro Growshop,true,true,2026-06-13T01:26:22.004Z,Grinder Galaxy Aluminio 55mm | Moledor 55MM-Galaxy
10219,Bong Pyrex KM1 Prisma 10cm Clear Bonglab | Mini Bong de Vidrio,Bongs,BONGLAB,bonglab,bong-pyrex-km1-prisma-10cm-10cm-mini,km1-prisma,/productos/bonglab/km1-prisma,3,3,Fumetas | GrowBarato Chile | Piranha,15300,19990,31,GrowBarato Chile,Piranha,true,true,2026-06-13T01:59:43.587Z,Bong Pyrex KM1 Prisma 10cm Clear Bonglab | Mini Bong de Vidrio | BongLab Bong KM1 Prisma 10cm | Bong Prisma Bonglab
10108,Bonglab Prisma,Bongs,Bonglab,bonglab,,prisma,/productos/bonglab/prisma,2,2,Astro Growshop | GrowBarato Chile,15300,16990,11,GrowBarato Chile,Astro Growshop,true,true,2026-06-13T00:13:36.453Z,Bonglab Prisma | Prisma Clear-Bonglab
10438,Soplete Ignite Phantom Mini,Encendedores y sopletes,,ignite,phantom-mini,phantom-mini,/productos/ignite/phantom-mini,2,2,Astro Growshop | Fumetas,15990,16990,6,Fumetas,Astro Growshop,true,true,2026-06-13T00:32:43.857Z,Ignite Soplete Phantom Mini | Soplete Phantom Mini-Ignite
5732,Bandeja Enrolado Neon Tray LED,Bandejas y ceniceros,Bonglab,bonglab,tray-enrolado-neon-tray-led,neon-led,/productos/bonglab/neon-led,3,3,Astro Growshop | Fumetas | Piranha,15992,29990,88,Piranha,Astro Growshop,true,true,2026-06-13T01:48:05.734Z,Bandeja Enrolado Neon Tray LED | Neon Tray Bandeja Enrolado Led -Bonglab | BongLab Bandeja Neon Tray - Iluminadas
10436,Soplete Ignite Flex,Encendedores y sopletes,,ignite,flex,flex,/productos/ignite/flex,3,3,Astro Growshop | Fumetas | Piranha,15992,23990,50,Piranha,Fumetas,true,true,2026-06-13T01:35:21.960Z,Encendedor Soplete Ignite Flex | PIRANHA | Soplete Flex -Ignite | Ignite Soplete Flex
5504,Moledor Calvo Lite Aluminio 63mm,Moledores,Calvo Glass,calvo,grinder-calvo-lite-63mm,lite-metal-63mm,/productos/calvo/lite-metal-63mm,3,3,Astro Growshop | Fumetas | GrowBarato Chile,16100,17990,12,GrowBarato Chile,Astro Growshop,true,true,2026-06-13T01:55:16.496Z,Moledor Calvo Lite Aluminio 63 mm – Grinder 4 Piezas Eficiente | Moledor Lite 63Mm- Calvo Glass | Moledor Calvo Lite Aluminio 63mm
5795,PMG Pipa Konjurer 32cm,Pipas,PieceMaker,piecemaker,pipe-pipa-konjurer-32cm-32cm,konjurer,/productos/piecemaker/konjurer,3,3,Fumetas | GrowBarato Chile | Piranha,16500,21592,31,GrowBarato Chile,Piranha,true,true,2026-06-13T01:54:51.465Z,Pipa silicona alargada Konjurer Piece Maker | PMG Pipa Konjurer 32cm | Pipa Konjurer PieceMaker
10603,Batería Airistech Mystica Max,Repuestos para bongs y vaporizadores,,airistech,mystica-max,mystica-max,/productos/airistech/mystica-max,3,2,Astro Growshop | Piranha,16641,16990,2,Piranha,Astro Growshop,true,true,2026-06-13T01:35:32.863Z,Batería Airistech Mystica Max | PIRANHA | Batería Airistech Mystica Max | PIRANHA | Bateria Mystica Max -Airistech
5778,Tiny Bell -Bonglab,Bongs,Bonglab,bonglab,bong-tiny-bell,tiny-bell,/productos/bonglab/tiny-bell,3,3,Astro Growshop | Fumetas | Piranha,16990,16990,0,Astro Growshop,Astro Growshop,true,true,2026-06-13T01:35:11.819Z,Tiny Bell -Bonglab | Bong Tiny Bell | BongLab Bong KM4 Tiny Bell 10cm
10596,Tazón RAW Wake Up & Bake Up,Otros parafernalia,,raw,tazon-wake-up-bake-up,tazon-wake-up-bake-up,/productos/raw/tazon-wake-up-bake-up,2,2,Fumetas | Piranha,16992,19990,18,Piranha,Fumetas,true,true,2026-06-13T01:49:45.692Z,Tazón Mañanero Negro RAW | Tazón Raw Wake Up &amp; Bake Up
5777,Little Buchner-Bonglab,Bongs,Bonglab,bonglab,bong-little-buchner,little-buchner,/productos/bonglab/little-buchner,4,4,Astro Growshop | Fumetas | GrowBarato Chile | Piranha,17243,22990,33,Piranha,Astro Growshop,true,true,2026-06-13T01:59:03.415Z,Bong Little Buchner | Bonglab Bong KS10 Little Buchner 25cm | Bonglab bong clásico 25 cm de calidad | Little Buchner-Bonglab
5773,Classic Ice 26Cm-Bonglab,Bongs,Bonglab,bonglab,bong-classic-ice-26cm,classic-ice,/productos/bonglab/classic-ice,4,4,Astro Growshop | Fumetas | GrowBarato Chile | Piranha,17243,30000,74,Piranha,GrowBarato Chile,true,true,2026-06-13T01:58:14.170Z,Bong Classic Ice | Bonglab Bong KS11 Classic Ice 26cm | Classic Ice 26Cm-Bonglab | Bong Pyrex Classic resistente y de calidad
10532,DynaVap The Bonger Adaptador para Bong,Vaporizadores herbales,,dynavap,bonger,bonger,/productos/dynavap/bonger,2,2,Astro Growshop | Fumetas,17990,22990,28,Fumetas,Astro Growshop,true,true,2026-06-13T01:11:04.040Z,Dynavap Bonger | The Bonger Black Adaptador Bong- Dynavap
10599,Bonglab Purify Carbon Filter System 18mm,Repuestos para bongs y vaporizadores,,bonglab,purify-carbon-filter-18mm,purify-carbon-filter-18mm,/productos/bonglab/purify-carbon-filter-18mm,2,2,Astro Growshop | Fumetas,17990,17990,0,Fumetas,Fumetas,true,true,2026-06-13T00:30:22.208Z,Bonglab Purify Carbon Filter System Kit 14mm - 18mm | Purify Carbon Filter System Solo 18Mm-Bonglab
5499,Grinder Galaxy Aluminio 63mm,Moledores,Galaxy,galaxy,grinder-metal-63mm,metal-63mm,/productos/galaxy/metal-63mm,8,4,Astro Growshop | Fumetas | GrowBarato Chile | Piranha,17991,23990,33,Piranha,Astro Growshop,true,true,2026-06-13T01:55:17.809Z,Grinder Galaxy Aluminio 63mm | Lightning Grinder Aluminio 63mm | Grinder Galaxy Lightning | Moledor Galaxy Aluminio 63mm | Moledor 63MM -Galaxy | Moledor 63Mm Rose Gold-Galaxy | Lightning Grinder 63Mm-Galaxy | Moledor Galaxy Lightning Aluminio 63mm
10313,Calvo Glass Banger Full Weld Thin Slurper - Macho 14mm,Accesorios de extraccion,Calvo Glass,calvo,banger-thin-slurper-full-weld-14mm,banger-thin-slurper-full-weld-14mm,/productos/calvo/banger-thin-slurper-full-weld-14mm,2,2,Fumetas | Piranha,18261,19990,9,Piranha,Fumetas,true,true,2026-06-13T01:52:51.824Z,Banger Thin Slurper Full Weld 14mm | Calvo Glass Banger Full Weld Thin Slurper - Macho 14mm
10314,Calvo Glass Banger Full Weld Big Slurper - Macho 14mm,Accesorios de extraccion,Calvo Glass,calvo,banger-big-slurper-full-weld-14mm,banger-big-slurper-full-weld-14mm,/productos/calvo/banger-big-slurper-full-weld-14mm,2,2,Fumetas | Piranha,18261,19990,9,Piranha,Fumetas,true,true,2026-06-13T01:31:04.380Z,Banger Slurper Full Weld 14mm | Calvo Glass Banger Full Weld Big Slurper - Macho 14mm
10107,Banger Regular Full Weld 14 mm Calvo Glass,Accesorios de extraccion,Calvo Glass,calvo,banger-full-weld-regular-14mm-regular,banger-simple-macho-90-14mm,/productos/calvo/banger-simple-macho-90-14mm,4,4,Astro Growshop | Fumetas | GrowBarato Chile | Piranha,18261,20990,15,Piranha,Astro Growshop,true,true,2026-06-13T01:31:03.320Z,Banger Regular Full Weld 14mm | Banger Regular Full Weld 14 mm Calvo Glass | Calvo Glass Banger Full Weld Regular Macho 14mm | Banger Regular Full Weld 14 Mm
6011,PieceMaker Pipa Kuban 11 cm,Pipas,PieceMaker,piecemaker,pipe-pipa-kuban-11cm-11cm,kuban,/productos/piecemaker/kuban,2,2,Fumetas | Piranha,18743,21990,17,Piranha,Fumetas,true,true,2026-06-13T01:44:37.373Z,Pipa Kuban PieceMaker 11cm (Color a elección) | PIRANHA | PieceMaker Pipa Kuban 11 cm
5754,Storz &amp; Bickel Cargador Crafty para auto 12V,Repuestos para bongs y vaporizadores,Storz & Bickel,storz-bickel,repuestos-crafty,charger-crafty-car-charger,/productos/storz-bickel/charger-crafty-car-charger,3,3,Astro Growshop | Fumetas | Piranha,18905,35990,90,Piranha,Astro Growshop,true,true,2026-06-13T01:52:52.097Z,Crafty Cargador 12V para Autos | Storz &amp; Bickel Cargador Crafty para auto 12V | Cargador Crafty Coches De 12 Voltios-Storz &amp; Bickel
10222,Bong Heavy Beaker 28Cm- Cabo,Bongs,CABO,cabo,bong-heavy-beaker-28cm-28cm,heavy-beaker,/productos/cabo/heavy-beaker,3,3,Astro Growshop | Fumetas | GrowBarato Chile,18990,37990,100,Astro Growshop,Fumetas,true,true,2026-06-13T01:56:20.924Z,Bong Heavy Beaker 28Cm- Cabo | Cabo Heavy Beaker ┃Bong boca ancha | Cabo Heavy Beaker 28cm
10520,Ozeta Billetera Black Anti-Olor,Otros parafernalia,,ozeta,billetera-black,billetera-black,/productos/ozeta/billetera-black,3,3,Astro Growshop | Fumetas | Piranha,18990,27990,47,Astro Growshop,Piranha,true,true,2026-06-13T01:52:11.869Z,Billetera Black-Ozeta | Billetera Black - OZeta | PIRANHA | Ozeta Billetera Black Anti - Olor
5756,Unidad De Enfriamiento Crafty-Storz &amp; Bickel,Repuestos para bongs y vaporizadores,Storz & Bickel,storz-bickel,repuestos-unidad-de-enfriamiento-crafty,cooling-unit-crafty,/productos/storz-bickel/cooling-unit-crafty,3,3,Astro Growshop | Fumetas | Piranha,18991,21990,16,Piranha,Fumetas,true,true,2026-06-13T01:52:52.641Z,Crafty Unidad de Enfriamiento | Unidad De Enfriamiento Crafty-Storz &amp; Bickel | Storz &amp; Bickel Unidad de enfriamiento Crafty
5528,Pocket Bell -Bonglab,Bongs,Bonglab,bonglab,bong-pocket-bell,pocket-bell,/productos/bonglab/pocket-bell,4,4,Astro Growshop | Fumetas | GrowBarato Chile | Piranha,19192,25990,35,Piranha,Fumetas,true,true,2026-06-13T01:56:53.015Z,Bong Pocket Bell | Mini Bong Pyrex Pocket Bell Bonglab | Bong Pequeño Chile | Pocket Bell -Bonglab | BongLab Bong X5 Pocket Bell 17cm
7885,Estuche Ywiwis Gollo - OZeta | PIRANHA,Contenedores y estuches,Ozeta,ozeta,container-estuche,case-ywiwis,/productos/ozeta/case-ywiwis,2,2,Astro Growshop | Piranha,19593,27990,43,Piranha,Astro Growshop,true,true,2026-06-13T01:33:50.843Z,Estuche Ywiwis Gollo - OZeta | PIRANHA | Bolso Ywiwis Antiolor-Ozeta
10488,Dime Bags Estuche The Collector con Clave 22cm,Contenedores y estuches,,dime-bags,the-collector-22cm,the-collector-22cm,/productos/dime-bags/the-collector-22cm,2,2,Fumetas | Piranha,19752,25990,32,Piranha,Fumetas,true,true,2026-06-13T01:47:49.100Z,Estuche Anti Olor Dime Bags The Collector con Candado 22cm | PIRANHA | Dime Bags Estuche Collector Con Clave Anti-Olor 22cm
10476,Bonglab Waist Kit Banger 14mm,Accesorios de extraccion,,bonglab,waist-kit-banger,waist-kit-banger,/productos/bonglab/waist-kit-banger,3,3,Astro Growshop | Fumetas | Piranha,19791,21990,11,Piranha,Fumetas,true,true,2026-06-13T01:51:50.777Z,Waist Kit Banger | Waist Kit Banger-Bonglab | Bonglab Banger Waist Kit - Macho 14mm
5534,Heavy Bubbler Cabo de borosilicato,Bongs,Cabo,cabo,bong-heavy-bubbler,heavy-bubbler,/productos/cabo/heavy-bubbler,2,2,Fumetas | GrowBarato Chile,19800,29990,51,GrowBarato Chile,Fumetas,true,true,2026-06-13T00:29:31.799Z,Heavy Bubbler Cabo de borosilicato | Cabo Pipa Heavy Bubbler 12cm
10213,Nectar Collector Torp 18Cm-Bonglab,Accesorios de extraccion,BONGLAB,bonglab,nectar-collector-18cm,nectar-collector-torp-18cm,/productos/bonglab/nectar-collector-torp-18cm,2,2,Astro Growshop | Fumetas,19990,19990,0,Astro Growshop,Astro Growshop,true,true,2026-06-13T00:32:34.613Z,Nectar Collector Torp 18Cm-Bonglab | BongLab Nectar Collector Torp 18cm
10210,Nectar Collector Obelisk 15Cm-Bonglab,Accesorios de extraccion,BONGLAB,bonglab,nectar-collector-obelisk-15cm,nectar-collector-obelisk-15cm,/productos/bonglab/nectar-collector-obelisk-15cm,2,2,Astro Growshop | Fumetas,19990,19990,0,Astro Growshop,Astro Growshop,true,true,2026-06-13T00:32:31.301Z,Nectar Collector Obelisk 15Cm-Bonglab | BongLab Nectar Collector Obelisk 15cm
10209,BongLab Nectar Collector Mini 17cm,Accesorios de extraccion,BongLab,bonglab,nectar-collector-17cm-mini,nectar-collector-mini-17cm,/productos/bonglab/nectar-collector-mini-17cm,2,2,Astro Growshop | Fumetas,19990,19990,0,Astro Growshop,Astro Growshop,true,true,2026-06-13T00:32:29.747Z,Nectar Collector Mini 17Cm -Bonglab | BongLab Nectar Collector Mini 17cm
10502,Storz & Bickel Estuche Crafty Case,Repuestos para bongs y vaporizadores,,storz-bickel,crafty-case,crafty-case,/productos/storz-bickel/crafty-case,2,2,Astro Growshop | Fumetas,19990,29990,50,Fumetas,Astro Growshop,true,true,2026-06-13T00:11:00.817Z,Storz &amp; Bickel Estuche Case Crafty (+) - Anti-olor | Crafty Case - Storz &amp; Bickel
10604,Batería Airistech Mystica Ace,Repuestos para bongs y vaporizadores,,airistech,mystica-ace,mystica-ace,/productos/airistech/mystica-ace,2,2,Astro Growshop | Piranha,19992,24990,25,Piranha,Astro Growshop,true,true,2026-06-13T01:52:26.833Z,Batería Mystica Ace - Airistech | PIRANHA | Bateria Mystica Ace -Airistech
10349,G-Rollz Moledor Aluminio 4 Partes 53mm,Moledores,,g-rollz,moledor-aluminio-4p-53mm,aluminio-4p-53mm,/productos/g-rollz/aluminio-4p-53mm,2,2,Fumetas | Piranha,19992,23990,20,Piranha,Fumetas,true,true,2026-06-13T01:26:46.674Z,Moledor Aluminio G-Rollz 4 Partes 5cm | PIRANHA | G-Rollz Moledor Pets Rock Rap 53mm
10110,Moledor Cerámico Galaxy Square 5cm 2 Partes | PIRANHA,Moledores,Galaxy,galaxy,grinder-square-ceramic-50mm,square-ceramic,/productos/galaxy/square-ceramic,3,3,Astro Growshop | Fumetas | Piranha,19992,25990,30,Piranha,Astro Growshop,true,true,2026-06-13T01:24:48.260Z,Moledor Cerámico Galaxy Square 5cm 2 Partes | PIRANHA | Moledor Galaxy Square Cerámico | Moledor Ceramico Square - Galaxy
5525,Dream Rig-Bonglab,Bongs,Bonglab,bonglab,bong-dream-rig,dream-rig,/productos/bonglab/dream-rig,3,3,Astro Growshop | GrowBarato Chile | Piranha,20800,25990,25,GrowBarato Chile,Astro Growshop,true,true,2026-06-13T01:56:32.254Z,Dream Rig Bonglab Pyrex | Bong Recycler Compacto Chile | Bong Dream Rig | Dream Rig-Bonglab
5757,Storz &amp; Bickel Cápsulas Monodosis 40 unidades,Repuestos para bongs y vaporizadores,Storz & Bickel,storz-bickel,repuestos-capsulas-monodosis,dosing-capsules-monodosis-40u,/productos/storz-bickel/dosing-capsules-monodosis-40u,2,2,Astro Growshop | Fumetas,20990,22990,10,Fumetas,Astro Growshop,true,true,2026-06-13T00:27:20.670Z,Storz &amp; Bickel Cápsulas Monodosis 40 unidades | Capsulas Monodosis 40 Unidades - Storz &amp; Bickel
10398,Storz & Bickel Boquilla Solid Valve,Repuestos para bongs y vaporizadores,,storz-bickel,solid-valve-boquilla,solid-valve-boquilla,/productos/storz-bickel/solid-valve-boquilla,2,2,Astro Growshop | Piranha,21592,30690,42,Piranha,Astro Growshop,true,true,2026-06-13T01:52:54.516Z,Solid Valve Boquilla | BOQUILLA SOLID VALVE-STORZ &amp; BICKEL
10309,BongLab AtrapaCenizas Triple HoneyComb - Macho 14mm,Repuestos para bongs y vaporizadores,BongLab,bonglab,ash-catcher-triple-honeycomb-14mm,atrapa-cenizas-triple-honeycomb-14mm,/productos/bonglab/atrapa-cenizas-triple-honeycomb-14mm,4,4,Astro Growshop | Fumetas | GrowBarato Chile | Piranha,21600,32990,53,GrowBarato Chile,Piranha,true,true,2026-06-13T01:58:58.349Z,Atrapa Cenizas Con Triple Percolador Bonglab | BongLab AtrapaCenizas Triple HoneyComb - Macho 14mm | Atrapa Ceniza Panal Triple 14Mm-Bonglab | Atrapaceniza Panal Triple 14mm90º
6774,Calvo Glass Pipa Hammer WigWag 13cm,Pipas,Calvo Glass,calvo,pipe-pipa-hammer-wigwag-13cm-13cm,hammer-wag-wig,/productos/calvo/hammer-wag-wig,4,3,Astro Growshop | Fumetas | GrowBarato Chile,21741,29990,38,Fumetas,Astro Growshop,true,true,2026-06-13T00:41:04.909Z,"Calvo Glass Pipa Hammer WigWag 13cm | Pipa Calvo Glass Wig wag Hammer 13 cm vidrio premium en Black, Orange & White | Wig Wag Hammer Pipe Color Orange-Calvo Glass | Wig Wag Hammer Pipe-Calvo Glass"
10160,Chiller Unit Red 18Mm-Bonglab,Repuestos para bongs y vaporizadores,Bonglab,bonglab,,chiller-unit-red-18mm,/productos/bonglab/chiller-unit-red-18mm,3,3,Astro Growshop | Fumetas | Piranha,21990,31990,45,Astro Growshop,Fumetas,true,true,2026-06-13T01:39:37.467Z,Chiller Unit Red 18Mm-Bonglab | Accesorio Bonglab Chiller Unit Red | PIRANHA | BongLab Chiller Unit Red 18mm
10598,Polera Bonglab Smoker Life,Otros parafernalia,,bonglab,polera-smoker-life,polera-smoker-life,/productos/bonglab/polera-smoker-life,2,2,Astro Growshop | Fumetas,21990,26990,23,Fumetas,Astro Growshop,true,true,2026-06-13T01:04:55.808Z,Polera Bonglab Smoker Life | White Shirt Smoker Life Xxl-Bonglab
10501,Storz & Bickel Estuche Venty Case,Repuestos para bongs y vaporizadores,,storz-bickel,venty-case,venty-case,/productos/storz-bickel/venty-case,2,2,Astro Growshop | Fumetas,21990,24990,14,Astro Growshop,Fumetas,true,true,2026-06-13T00:57:54.796Z,Venty Case - Storz &amp; Bickel | Storz &amp; Bickel Estuche Case Venty Anti Olor
10159,Chiller Unit Red 14Mm-Bonglab,Repuestos para bongs y vaporizadores,Bonglab,bonglab,,chiller-unit-red-14mm,/productos/bonglab/chiller-unit-red-14mm,2,2,Astro Growshop | Fumetas,21990,31990,45,Astro Growshop,Fumetas,true,true,2026-06-13T00:29:17.538Z,Chiller Unit Red 14Mm-Bonglab | BongLab Chiller Unit Red 14mm
5523,Bong Pyrex 14cm White Bonglab | Rig Compacto de Vidrio Resistente,Bongs,Bonglab,bonglab,bong-pyrex-14cm-white-rig-14cm,nevis-rig,/productos/bonglab/nevis-rig,4,4,Astro Growshop | Fumetas | GrowBarato Chile | Piranha,22000,29990,36,GrowBarato Chile,Fumetas,true,true,2026-06-13T01:56:13.031Z,Bong Pyrex 14cm White Bonglab | Rig Compacto de Vidrio Resistente | Bong Nevis Rig | PIRANHA | NEVIS RIG WHITE WHITE- Bonglab | BongLab Bong A13 Nevis Rig White 14cm
10188,Moledor Metálico Bulldog Swing Giratorio,Moledores,The Bulldog,the-bulldog,grinder-swing-metal,metalico-swing,/productos/the-bulldog/metalico-swing,2,2,Fumetas | GrowBarato Chile,22100,25990,18,GrowBarato Chile,Fumetas,true,true,2026-06-13T01:55:11.675Z,Moledor Bulldog Ámsterdam Metálico Swing Giratorio | Moledor metálico Swing Bulldog 60mm
10491,Dime Bags Bolso The Boss con Clave 20cm,Contenedores y estuches,,dime-bags,the-boss-20cm,the-boss-20cm,/productos/dime-bags/the-boss-20cm,2,2,Fumetas | Piranha,22393,31990,43,Piranha,Fumetas,true,true,2026-06-13T01:43:17.928Z,Bolso Anti Olor Dime Bags The Boss con Candado 20cm | PIRANHA | Dime Bags Estuche The Boss Con Clave Anti-Olor 20cm
10475,Bonglab Spinner Kit Banger 14mm,Accesorios de extraccion,,bonglab,spinner-kit-banger,spinner-kit-banger,/productos/bonglab/spinner-kit-banger,3,3,Astro Growshop | Fumetas | Piranha,22491,24990,11,Piranha,Fumetas,true,true,2026-06-13T01:52:55.538Z,Spinner Kit Banger | Spinner Kit Banger-Bonglab | Bonglab Banger Spinner Kit - Macho 14mm
10474,Bonglab Screw Kit Banger 14mm,Accesorios de extraccion,,bonglab,screw-kit-banger,screw-kit-banger,/productos/bonglab/screw-kit-banger,3,3,Astro Growshop | Fumetas | Piranha,22491,24990,11,Piranha,Fumetas,true,true,2026-06-13T01:52:55.509Z,Screw Kit Banger | Screw Kit Banger-Bonglab | Bonglab Banger Screw Kit - Macho 14mm
5340,Fat Candy Bong de Bonglab,Bongs,Bonglab,bonglab,bong-fat-candy,fat-candy,/productos/bonglab/fat-candy,4,4,Astro Growshop | Fumetas | GrowBarato Chile | Piranha,22493,28990,29,Piranha,Astro Growshop,true,true,2026-06-13T01:56:19.764Z,Bong Fat Candy | Fat Candy Bong de Bonglab | BongLab Bong W06 Fat Candy 25cm | Fat Candy -Bonglab
10218,Bonglab Handy Rig 14 cm – Rig Compacto Borosilicato para Extracciones | GrowBaratoChile,Bongs,BONGLAB,bonglab,bong-handy-rig-14cm-rig-14cm,handy-rig,/productos/bonglab/handy-rig,3,3,Fumetas | GrowBarato Chile | Piranha,22900,30990,35,GrowBarato Chile,Fumetas,true,true,2026-06-13T01:57:45.354Z,Bonglab Handy Rig 14 cm – Rig Compacto Borosilicato para Extracciones | GrowBaratoChile | Bong Handy Rig | PIRANHA | Bonglab Bong Handy Rig 14cm
10316,BongLab AtrapaCenizas Triple HoneyComb - Macho 18mm,Repuestos para bongs y vaporizadores,BongLab,bonglab,ash-catcher-triple-honeycomb-18mm,atrapa-cenizas-triple-honeycomb-18mm,/productos/bonglab/atrapa-cenizas-triple-honeycomb-18mm,3,3,Astro Growshop | Fumetas | Piranha,22990,32990,43,Fumetas,Piranha,true,true,2026-06-13T01:41:57.731Z,BongLab AtrapaCenizas Triple HoneyComb - Macho 18mm | Atrapa Ceniza Panal Triple 18Mm-Bonglab | Atrapaceniza Panal Triple 18mm90º
10505,Ozeta Clip Pequeño Anti-Olor,Otros parafernalia,,ozeta,clip-pequeno,clip-pequeno,/productos/ozeta/clip-pequeno,2,2,Fumetas | Piranha,22990,22990,0,Piranha,Piranha,true,true,2026-06-13T01:33:48.755Z,OZeta Clip Pequeño | Ozeta Clip Pequeño - Anti-olor
10366,Bonglab Atrapa Cenizas Multi Percolador 14mm,Repuestos para bongs y vaporizadores,,bonglab,atrapa-cenizas-percolador-14mm,atrapa-cenizas-percolador-14mm,/productos/bonglab/atrapa-cenizas-percolador-14mm,2,2,Astro Growshop | Fumetas,22990,24990,9,Astro Growshop,Fumetas,true,true,2026-06-13T00:37:22.908Z,Atrapa Ceniza Multi Percolador 14Mm-Bonglab | Bonglab Atrapa Cenizas Multi Percolador 14mm
10395,Ozeta Clip Mediano Kaya Unite Anti-Olor,Contenedores y estuches,,ozeta,clip-mediano-kaya-unite,clip-mediano-kaya-unite,/productos/ozeta/clip-mediano-kaya-unite,2,2,Astro Growshop | Fumetas,22990,24990,9,Fumetas,Astro Growshop,true,true,2026-06-13T00:30:58.885Z,Ozeta Clip Mediano por Kaya - Anti Olor | Estuche Clip Mediano Ozeta &amp; Kaya Unite- Ozeta
10198,Estuche Ywiwis Carboncin - OZeta | PIRANHA,Contenedores y estuches,OZETA,ozeta,container-estuche,case-ywiwis-carboncin,/productos/ozeta/case-ywiwis-carboncin,3,3,Fumetas | GrowBarato Chile | Piranha,23243,30990,33,Piranha,Fumetas,true,true,2026-06-13T01:59:18.848Z,Estuche Ywiwis Carboncin - OZeta | PIRANHA | Estuche Ywiwi Carboncín OZeta | Organizador Anti Olor Compacto | Ozeta Estuche Ywiwi Carboncin - Anti-olor
10574,Ozeta Estuche Felpudo Completo Anti-Olor,Contenedores y estuches,,ozeta,estuche-felpudo-completo,estuche-felpudo-completo,/productos/ozeta/estuche-felpudo-completo,2,2,Fumetas | Piranha,23243,30990,33,Piranha,Fumetas,true,true,2026-06-13T01:34:02.352Z,Estuche Ywiwis Completo - OZeta | PIRANHA | Ozeta Estuche Felpudo Completo - Anti-olor
5535,Bong Color Cube Bonglab Azul y Verde | Bong Compacto,Bongs,BONGLAB,bonglab,bong-cube-azul-verde-compacto,color-cube,/productos/bonglab/color-cube,5,4,Astro Growshop | Fumetas | GrowBarato Chile | Piranha,23391,25200,8,Fumetas,GrowBarato Chile,true,true,2026-06-13T01:56:07.963Z,Bonglab Bong X2 Color Cube 23cm | Bong Color Cube | Color Cube-Bonglab | Bong Pyrex Cube Bonglab Azul y Verde | Bong Compacto | Bong Color Cube Bonglab Azul y Verde | Bong Compacto
10288,Bonglab Bong X4 Dream Rig 22cm,Bongs,BongLab,bonglab,bong-dream-rig-22cm-22cm,dream-rig-x4,/productos/bonglab/dream-rig-x4,2,2,Astro Growshop | Fumetas,23391,29990,28,Fumetas,Astro Growshop,true,true,2026-06-13T00:37:46.003Z,Bonglab Bong X4 Dream Rig 22cm | Dream Rig X4 -Bonglab
10516,Storz & Bickel Estuche Mighty Plus Case,Repuestos para bongs y vaporizadores,,storz-bickel,mighty-plus-case,mighty-plus-case,/productos/storz-bickel/mighty-plus-case,2,2,Astro Growshop | Fumetas,23470,27990,19,Astro Growshop,Fumetas,true,true,2026-06-13T01:08:38.486Z,Mighty Plus Case-Storz &amp; Bickel | Storz &amp; Bickel Estuche Case Mighty(+) - Anti-olor
10447,Ryot Estuche Roller Wallet,Contenedores y estuches,,ryot,roller-wallet,roller-wallet,/productos/ryot/roller-wallet,2,2,Astro Growshop | Fumetas,23481,34990,49,Fumetas,Astro Growshop,true,true,2026-06-13T00:33:25.961Z,Ryot Estuche Roller Wallet | Estuche Roller Wallet -Ryot
10602,Storz & Bickel Cargador para auto 12V Mighty,Repuestos para bongs y vaporizadores,Storz & Bickel,storz-bickel,repuestos-cargador-12v-mighty,charger-mighty-car-charger,/productos/storz-bickel/charger-mighty-car-charger,2,2,Fumetas | Piranha,23655,24990,6,Piranha,Fumetas,true,true,2026-06-13T01:52:52.129Z,Mighty Cargador 12V para Autos | Storz &amp; Bickel Cargador para auto 12V Mighty
10262,Unidad De Enfriamiento Venty-Storz &amp; Bickel,Repuestos para bongs y vaporizadores,STORZ & BICKEL,storz-bickel,repuestos-venty,cooling-unit-venty,/productos/storz-bickel/cooling-unit-venty,3,3,Astro Growshop | Fumetas | Piranha,23741,25990,9,Piranha,Fumetas,true,true,2026-06-13T01:52:55.247Z,Venty Unidad de Enfriamiento | PIRANHA | Unidad De Enfriamiento Venty-Storz &amp; Bickel | Storz &amp; Bickel Unidad de Enfriamiento Venty
10492,DynaVap DynaCoil Adaptador para Extractos,Repuestos para bongs y vaporizadores,,dynavap,dynacoil,dynacoil,/productos/dynavap/dynacoil,2,2,Fumetas | Piranha,23741,24990,5,Piranha,Fumetas,true,true,2026-06-13T01:46:47.900Z,Adaptador para Extractos/Concentrados DynaVap DynaCoil | PIRANHA | Dynavap Adaptador Extractos Dynacoil
5765,Estuche Anti Olor OZeta Pequeño (Color a elección),Contenedores y estuches,Ozeta,ozeta,container-estuche,case-antiolor-small,/productos/ozeta/case-antiolor-small,3,3,Fumetas | GrowBarato Chile | Piranha,23990,26000,8,Fumetas,GrowBarato Chile,true,true,2026-06-13T01:56:23.259Z,Ozeta Estuche pequeño 2022 - Anti-olor | Estuche Anti Olor OZeta Pequeño (Color a elección) | Estuche Anti-Olor perfecto para el día a día
10609,G Pen Roam Glass Tube,Otros parafernalia,,g-pen,roam-glass-tube,roam-glass-tube,/productos/g-pen/roam-glass-tube,2,2,Astro Growshop | Fumetas,23990,31990,33,Astro Growshop,Fumetas,true,true,2026-06-13T01:11:24.682Z,Glass Tube Grenco Roam Black-G Pen | G Pen Roam Glass Tube
10573,Ozeta Estuche Felpudo Empanada Anti-Olor,Contenedores y estuches,,ozeta,estuche-felpudo-empanada,estuche-felpudo-empanada,/productos/ozeta/estuche-felpudo-empanada,2,2,Fumetas | Piranha,23993,31990,33,Piranha,Fumetas,true,true,2026-06-13T01:34:03.462Z,Estuche Ywiwis Empanada - OZeta | PIRANHA | Ozeta Estuche Felpudo Empanada - Anti-olor
10197,Estuche De Tela Blando Ozeta hermético antiolor,Contenedores y estuches,OZETA,ozeta,container-antiolor,case-antiolor,/productos/ozeta/case-antiolor,4,4,Astro Growshop | Fumetas | GrowBarato Chile | Piranha,24200,26990,12,GrowBarato Chile,Piranha,true,true,2026-06-13T01:58:20.325Z,Estuche De Tela Blando Ozeta hermético antiolor | Estuche Anti Olor Tela Blanda | Estuche De Tela -Ozeta | Ozeta Estuche tela - Anti-olor
10409,Calvo Glass Double Skull Rig,Bongs,,calvo,double-skull-rig,double-skull-rig,/productos/calvo/double-skull-rig,2,2,Fumetas | GrowBarato Chile,24300,30990,28,GrowBarato Chile,Fumetas,true,true,2026-06-13T01:57:42.973Z,Bong Double Skull Rig 19cm de Calvo Glass | Calvo Glass Doble Skull Rig 22cm
10199,Estuche Ywiwis Perrito - OZeta | PIRANHA,Contenedores y estuches,OZETA,ozeta,container-estuche,case-ywiwis-perrito,/productos/ozeta/case-ywiwis-perrito,3,3,Fumetas | GrowBarato Chile | Piranha,24473,35990,47,Piranha,Fumetas,true,true,2026-06-13T01:59:20.033Z,Estuche Ywiwis Perrito - OZeta | PIRANHA | Estuche Anti Olor Ywiwis Perrito OZeta | Bolso Felpudo Compacto | Ozeta Bolso Felpudo Perrito
10526,Ozeta Bolso Felpudo Gatito Anti-Olor,Contenedores y estuches,,ozeta,bolso-felpudo-gatito,bolso-felpudo-gatito,/productos/ozeta/bolso-felpudo-gatito,3,3,Fumetas | GrowBarato Chile | Piranha,24473,35990,47,Piranha,Fumetas,true,true,2026-06-13T01:59:16.484Z,Estuche Ywiwis Gatito - OZeta | PIRANHA | Gatito OZeta Anti Olor | Bolso Felpudo con Tecnología CDO | Ozeta Bolso Felpudo Gatito
5502,Moledor Galaxy New Pro Model 6cm 4 Partes | PIRANHA,Moledores,Galaxy,galaxy,grinder-new-pro-model-63mm,new-pro-model,/productos/galaxy/new-pro-model,5,4,Astro Growshop | Fumetas | GrowBarato Chile | Piranha,24493,34990,43,Piranha,Astro Growshop,true,true,2026-06-13T01:54:57.983Z,Moledor Galaxy New Pro Model 6cm 4 Partes | PIRANHA | Galaxy Moledor New Pro Model 63mm | Moledor Metálico Premium en Chile | Moledor New Pro Model Grinder V2.0-Galaxy | Moledor Galaxy Pro Model 63mm | Moledor New Pro Model Grinder-Galaxy
5341,Bong Jelly Drop Bonglab | Bong de Vidrio Compacto y Resistente,Bongs,Bonglab,bonglab,bong-jelly-drop,jelly-drop,/productos/bonglab/jelly-drop,4,4,Astro Growshop | Fumetas | GrowBarato Chile | Piranha,24500,29990,22,GrowBarato Chile,Astro Growshop,true,true,2026-06-13T01:56:18.548Z,Bong Jelly Drop Bonglab | Bong de Vidrio Compacto y Resistente | Bong Jelly Drop | PIRANHA | Jelly Drop-Bonglab | Bonglab Bong Jelly Drop 20cm
10606,Dime Bags The Goodfella 17cm,Contenedores y estuches,,dime-bags,goodfella-17cm,goodfella-17cm,/productos/dime-bags/goodfella-17cm,2,2,Fumetas | Piranha,24504,31990,31,Piranha,Fumetas,true,true,2026-06-13T01:40:16.120Z,Bolso Anti Olor Dime Bags The Goodfella con Candado17cm | PIRANHA | Dime Bags Maletín Goodfella Con Clave Anti Olor 17cm
5926,Bucket Banger Cuarzo Diseño Blazy Susan 14mm Macho | PIRANHA,Accesorios de extraccion,Blazy Susan,blazy-susan,banger-diseno-macho-14mm,banger-diseno-macho-90-14mm,/productos/blazy-susan/banger-diseno-macho-90-14mm,2,2,Astro Growshop | Piranha,24592,29990,22,Piranha,Astro Growshop,true,true,2026-06-13T01:38:19.466Z,Bucket Banger Cuarzo Diseño Blazy Susan 14mm Macho | PIRANHA | Banger Cuarzo Diseño Bs 14Mm Macho-Blazy Susan
10489,Dime Bags Estuche The Collector con Clave 30cm,Contenedores y estuches,,dime-bags,the-collector-30cm,the-collector-30cm,/productos/dime-bags/the-collector-30cm,2,2,Fumetas | Piranha,24592,29990,22,Piranha,Fumetas,true,true,2026-06-13T01:32:06.223Z,Estuche Anti Olor Dime Bags The Collector con Candado 30cm | PIRANHA | Dime Bags Estuche Collector Con Clave Anti-Olor 30cm
5792,"Moledor Cerámico Galaxy Pocket Grinder 5,5cm 4 Partes | PIRANHA",Moledores,Galaxy,galaxy,grinder-pocket-ceramic-55mm,pocket-ceramic,/productos/galaxy/pocket-ceramic,2,2,Astro Growshop | Piranha,24592,29990,22,Piranha,Astro Growshop,true,true,2026-06-13T01:26:40.317Z,"Moledor Cerámico Galaxy Pocket Grinder 5,5cm 4 Partes | PIRANHA | Ceramics Pocket Grinder -Galaxy"
10126,Moledor Galaxy de 4 partes y con tamizador,Moledores,Galaxy,galaxy,,mars-55mm,/productos/galaxy/mars-55mm,3,3,Astro Growshop | GrowBarato Chile | Piranha,24831,27990,13,Piranha,Astro Growshop,true,true,2026-06-13T01:55:19.425Z,Mars Grinder Aluminio 55mm | Moledor Galaxy de 4 partes y con tamizador | Mars Grinder 55Mm -Galaxy
10540,Hemper Smoke Fiends Blaze The Cactus Filtro Personal,Filtros y boquillas,,hemper,smoke-fiends-blaze-the-cactus,smoke-fiends-blaze-the-cactus,/productos/hemper/smoke-fiends-blaze-the-cactus,2,2,Fumetas | Piranha,24831,28790,16,Piranha,Fumetas,true,true,2026-06-13T01:44:44.892Z,Hemper Smoke Fiends Filtro de Humo Blaze The Cactus | PIRANHA | Smoke Fiends El Cactus Blaze Filtro Personal
10583,Hemper Smoke Fiends Trixx The Ghost Filtro Personal,Filtros y boquillas,,hemper,smoke-fiends-trixx-the-ghost,smoke-fiends-trixx-the-ghost,/productos/hemper/smoke-fiends-trixx-the-ghost,3,3,Astro Growshop | Fumetas | Piranha,24831,28790,16,Piranha,Fumetas,true,true,2026-06-13T01:44:43.837Z,Hemper Smoke Fiends Filtro de Humo Trixx The Ghost | PIRANHA | Filtro De Aire Personal Ecologico Trixx The Ghost | Smoke Fiends El Fantasma Trixx Filtro Personal
10490,Dime Bags Bolso The Boss con Clave 25cm,Contenedores y estuches,,dime-bags,the-boss-25cm,the-boss-25cm,/productos/dime-bags/the-boss-25cm,2,2,Fumetas | Piranha,24833,35990,45,Piranha,Fumetas,true,true,2026-06-13T01:38:26.099Z,Bolso Anti Olor Dime Bags The Boss con Candado 25cm | PIRANHA | Dime Bags Estuche The Boss Con Clave Anti-Olor 25cm
5356,Moledor Galaxy Aluminio 7cm 4 Partes | PIRANHA,Moledores,Galaxy,galaxy,grinder-metal-73mm,metal-73mm,/productos/galaxy/metal-73mm,4,4,Astro Growshop | Fumetas | GrowBarato Chile | Piranha,24892,31990,29,Piranha,Fumetas,true,true,2026-06-13T01:55:06.803Z,Moledor Galaxy Aluminio 7cm 4 Partes | PIRANHA | Moledor Galaxy 73 mm - Grinder de Aluminio con Tamiz y Compartidor | Moledor Galaxy Aluminio 73 mm | Moledor 73MM -Galaxy
10597,Gorra Dad Hats Blazy Susan,Otros parafernalia,,blazy-susan,dad-hats,dad-hats,/productos/blazy-susan/dad-hats,3,3,Astro Growshop | Fumetas | Piranha,24892,26991,8,Piranha,Fumetas,true,true,2026-06-13T01:34:54.629Z,Gorra Dad Hats Blazy Susan (Pink/White) | PIRANHA | Dad Hats White-Blazy Susan | Blazy Susan Jockey Dad Hats
10412,Bonglab Atrapa Ceniza Tree Clear 45°,Repuestos para bongs y vaporizadores,,bonglab,atrapaceniza-tree-clear-45,atrapaceniza-tree-clear-45,/productos/bonglab/atrapaceniza-tree-clear-45,2,2,Astro Growshop | GrowBarato Chile,24990,28800,15,Astro Growshop,GrowBarato Chile,true,true,2026-06-13T01:57:15.941Z,Atrapaceniza Tree Clear 45-Bonglab | Atrapa Ceniza Tree 14/18 Mm Clear 45º Bonglab
10303,Unidad De Enfriamiento Mighty-Storz &amp; Bickel,Repuestos para bongs y vaporizadores,STORZ & BICKEL,storz-bickel,cooling-unit-mighty,cooling-unit-mighty,/productos/storz-bickel/cooling-unit-mighty,3,3,Astro Growshop | Fumetas | Piranha,25990,32990,27,Fumetas,Astro Growshop,true,true,2026-06-13T01:52:52.608Z,Storz &amp; Bickel Unidad de enfriamiento Mighty/Mighty+ | Mighty Unidad de Enfriamiento | Unidad De Enfriamiento Mighty-Storz &amp; Bickel
10212,Nectar Collector Tank 14Cm-Bonglab,Accesorios de extraccion,BONGLAB,bonglab,nectar-collector-14cm,nectar-collector-tank-14cm,/productos/bonglab/nectar-collector-tank-14cm,2,2,Astro Growshop | Fumetas,25990,25990,0,Astro Growshop,Astro Growshop,true,true,2026-06-13T00:32:33.410Z,Nectar Collector Tank 14Cm-Bonglab | BongLab Nectar Collector Tank 14cm
10211,BongLab Nectar Collector Slim 15cm,Accesorios de extraccion,BongLab,bonglab,nectar-collector-15cm-slim,nectar-collector-slim-15cm,/productos/bonglab/nectar-collector-slim-15cm,2,2,Astro Growshop | Fumetas,25990,25990,0,Astro Growshop,Astro Growshop,true,true,2026-06-13T00:32:32.166Z,Nectar Collector Slim 15Cm - Bonglab | BongLab Nectar Collector Slim 15cm
10415,Ozeta Clip Mediano Black Anti-Olor,Contenedores y estuches,,ozeta,clip-mediano-black,clip-mediano-black,/productos/ozeta/clip-mediano-black,2,2,Astro Growshop | Fumetas,25990,25990,0,Astro Growshop,Astro Growshop,true,true,2026-06-13T00:32:12.336Z,Bolso Clip Mediano Black-Ozeta | Ozeta Clip Mediano - Anti Olor
10373,DynaVap DynaKit Basic,Repuestos para bongs y vaporizadores,,dynavap,dynakit-basic,dynakit-basic,/productos/dynavap/dynakit-basic,3,3,Astro Growshop | GrowBarato Chile | Piranha,26100,34990,34,GrowBarato Chile,Astro Growshop,true,true,2026-06-13T02:01:36.491Z,Kit Limpieza Dynakit Basic Dynavap| Repuestos y mantenimiento | Kit de Mantenimiento DynaVap DynaKit: Basic | PIRANHA | Dynakit Basic-Dynavap
10413,Encendedor Zippo Alien Design,Encendedores y sopletes,,zippo,alien-design,alien-design,/productos/zippo/alien-design,3,3,Fumetas | GrowBarato Chile | Piranha,26700,44990,69,GrowBarato Chile,Piranha,true,true,2026-06-13T01:59:13.781Z,Zippo Encendedor Alien┃Growbarato Chile | Encendedor Zippo Alien Design | Encendedor Zippo Alien Design
10233,Blazy Susan Conos Pre-enrolados Purple 1 1/4 50 uds.,Conos y blunts,Blazy Susan,blazy-susan,cone-conos-pre-enrolados-1-1-4,pre-roll-purple-1-1-4-50u,/productos/blazy-susan/pre-roll-purple-1-1-4-50u,2,2,Astro Growshop | Fumetas,26991,29990,11,Fumetas,Astro Growshop,true,true,2026-06-13T00:28:58.254Z,Blazy Susan Conos Pre-enrolados Purple 1 1/4 50 uds. | Conos Pre Roll Purple 1 1/4 Jar 50U-Blazy Susan
10152,Blazy Susan Conos Pre-enrolados King Size 50 uds.,Conos y blunts,Blazy Susan,blazy-susan,cone-conos-pre-enrolados-king-size,pre-roll-pink-king-size-50u,/productos/blazy-susan/pre-roll-pink-king-size-50u,2,2,Astro Growshop | Fumetas,26991,29990,11,Fumetas,Astro Growshop,true,true,2026-06-13T00:28:57.131Z,Blazy Susan Conos Pre-enrolados King Size 50 uds. | CONOS PRE ROLL KING SIZE JAR 50U-BLAZY SUSAN
10082,Moledor Galaxy Ceramics 60mm - GB The Green Brand,Moledores,Galaxy,galaxy,grinder-ceramics-ceramic-63mm,ceramic-60mm,/productos/galaxy/ceramic-60mm,4,4,Astro Growshop | Fumetas | GrowBarato Chile | Piranha,27500,35990,31,GrowBarato Chile,Astro Growshop,true,true,2026-06-13T01:55:09.233Z,Moledor Galaxy Ceramics 60mm - GB The Green Brand | Ceramics Grinder | Moledor Galaxy Cerámico 60mm | Ceramics Grinder -Galaxy
10538,Bonglab Bong Lucky Goblin,Bongs,,bonglab,lucky-goblin,lucky-goblin,/productos/bonglab/lucky-goblin,2,2,Fumetas | Piranha,27541,29990,9,Piranha,Fumetas,true,true,2026-06-13T01:35:28.507Z,Bong Lucky Goblin | PIRANHA | Bonglab Bong Lucky Goblin
10271,VAPORIZADOR TRIFUSION 45K -OXBAR,Vaporizadores electronicos,OXBAR,oxbar,disposable-oxbar,disposable-oxbar-trifusion-45k,/productos/oxbar/disposable-oxbar-trifusion-45k,2,2,Astro Growshop | Fumetas,27590,29990,9,Fumetas,Astro Growshop,true,true,2026-06-13T01:12:04.430Z,Oxbar Vaporizador Desechable Tri Fusion 45K Puffs | VAPORIZADOR TRIFUSION 45K -OXBAR
5764,Estuche Anti Olor OZeta Mediano (Color a elección),Contenedores y estuches,Ozeta,ozeta,container-estuche-mediano,case-antiolor-medium,/productos/ozeta/case-antiolor-medium,2,2,Fumetas | Piranha,27712,27990,1,Piranha,Fumetas,true,true,2026-06-13T01:34:47.564Z,Estuche Anti Olor OZeta Mediano (Color a elección) | Ozeta Estuche mediano 2022 - Anti-olor
10593,Gorro Pescador Fuzzy Blazy Susan,Otros parafernalia,,blazy-susan,gorro-pescador-fuzzy,gorro-pescador-fuzzy,/productos/blazy-susan/gorro-pescador-fuzzy,3,3,Astro Growshop | Fumetas | Piranha,27891,34990,25,Fumetas,Astro Growshop,true,true,2026-06-13T01:48:56.877Z,Blazy Susan Gorro Bucket Fuzzy | Gorro Peludito Pescador Blazy Susan (Black/White/Pink) | PIRANHA | Gorro Pescador Textura Pink-Blazy Susan
10528,Sploofy Pro Filtro de Aire Personal,Filtros y boquillas,,sploofy,pro,pro,/productos/sploofy/pro,2,2,Fumetas | GrowBarato Chile,27900,29990,7,GrowBarato Chile,Fumetas,true,true,2026-06-13T01:05:34.353Z,Sploofy Pro Filtro De Aire Personal | Sploofy Pro Filtro Personal
10428,Encendedor Zippo Herringbone Sweep,Encendedores y sopletes,,zippo,herringbone-sweep,herringbone-sweep,/productos/zippo/herringbone-sweep,2,2,Fumetas | Piranha,27990,33990,21,Fumetas,Piranha,true,true,2026-06-13T01:34:28.565Z,Encendedor Zippo Herringbone Sweep | Encendedor Zippo Herringbone Sweep
10466,Bonglab Bong Tough Beaker 23cm,Bongs,,bonglab,tough-beaker-23cm,tough-beaker-23cm,/productos/bonglab/tough-beaker-23cm,2,2,Astro Growshop | Fumetas,27990,29990,7,Fumetas,Astro Growshop,true,true,2026-06-13T00:29:15.768Z,Bonglab Bong Tough Beaker 23cm | Tough Beaker -Bonglab
10487,Bonglab Bong Saucer Rig 13cm,Bongs,,bonglab,saucer-rig-13cm,saucer-rig-13cm,/productos/bonglab/saucer-rig-13cm,2,2,Astro Growshop | Fumetas,27990,29990,7,Fumetas,Astro Growshop,true,true,2026-06-13T00:29:14.456Z,Bonglab Bong Saucer Rig 13cm | Saucer Rig-Bonglab
10569,Estuche RAW Smokers Pouch Anti-Olor,Contenedores y estuches,,raw,smokers-pouch,smokers-pouch,/productos/raw/smokers-pouch,2,2,Fumetas | Piranha,27992,30441,9,Piranha,Fumetas,true,true,2026-06-13T01:46:20.282Z,Estuche RAW Anti Olores | PIRANHA | Estuche Raw Smokers Pouch - Anti-olor
10445,Blazy Susan Rolling Tray Acero Inoxidable,Accesorios de extraccion,,blazy-susan,rolling-tray-acero-inoxidable,rolling-tray-acero-inoxidable,/productos/blazy-susan/rolling-tray-acero-inoxidable,2,2,Astro Growshop | Fumetas,28791,31990,11,Fumetas,Astro Growshop,true,true,2026-06-13T01:14:24.555Z,Blazy Susan Bandeja Rolling Tray Acero Inoxidable | Rolling Tray Acero Inoxidable -Blazy Susan
10380,Calvo Glass Poison Rig Lite 19cm,Bongs,,calvo,poison-rig-lite-19cm,poison-rig-lite-19cm,/productos/calvo/poison-rig-lite-19cm,2,2,Fumetas | GrowBarato Chile,28800,28990,1,GrowBarato Chile,Fumetas,true,true,2026-06-13T00:38:30.460Z,Bong Mushroom 19cm de Calvo Glass | Calvo Glass Poison Rig Lite 19cm
10571,Ozeta Estuche Felpudo Pizza Anti-Olor,Contenedores y estuches,,ozeta,estuche-felpudo-pizza,estuche-felpudo-pizza,/productos/ozeta/estuche-felpudo-pizza,2,2,Fumetas | Piranha,28821,30990,8,Fumetas,Piranha,true,true,2026-06-13T01:34:04.465Z,Ozeta Estuche Felpudo Pizza - Anti-olor | Estuche Ywiwis Pizza - OZeta | PIRANHA
10572,Ozeta Estuche Felpudo Papas Fritas Anti-Olor,Contenedores y estuches,,ozeta,estuche-felpudo-papas-fritas,estuche-felpudo-papas-fritas,/productos/ozeta/estuche-felpudo-papas-fritas,2,2,Fumetas | Piranha,28821,30990,8,Fumetas,Piranha,true,true,2026-06-13T01:33:45.323Z,Ozeta Estuche Felpudo Papas Fritas - Anti-olor | Estuche Ywiwis Papas Fritas - OZeta | PIRANHA
10554,Ozeta Estuche Pequeño Anti-Olor,Contenedores y estuches,,ozeta,estuche-pequeno,estuche-pequeno,/productos/ozeta/estuche-pequeno,2,2,Astro Growshop | Fumetas,28990,28990,0,Astro Growshop,Astro Growshop,true,true,2026-06-13T00:33:02.764Z,Estuche Pequeño -Ozeta | Ozeta Estuche pequeño - Anti-olor
10493,Yocan Dirk Hot Knife,Accesorios de extraccion,,yocan,dirk-hot-knife,dirk-hot-knife,/productos/yocan/dirk-hot-knife,2,2,Astro Growshop | Piranha,29392,34990,19,Piranha,Astro Growshop,true,true,2026-06-13T01:51:18.064Z,Yocan Dirk Hot Knife | PIRANHA | HOT KNIFE EXTRACTOS DIRK YOCAN
5761,Estuche Anti Olor OZeta Grande (Color a elección),Contenedores y estuches,Ozeta,ozeta,container-estuche-grande,case-antiolor-large,/productos/ozeta/case-antiolor-large,3,3,Fumetas | GrowBarato Chile | Piranha,29592,33200,12,Piranha,GrowBarato Chile,true,true,2026-06-13T01:59:14.966Z,"Estuche Anti Olor OZeta Grande (Color a elección) | Ozeta Estuche grande 2022 - Anti-olor | Estuche Rígido Grande OZeta – Control de Olores, Alta Capacidad y Discreción"
5771,Hemper Isoplex Estación de Dab y Limpieza | PIRANHA,Accesorios de extraccion,Hemper,hemper,station-iso-plex,station-iso-plex,/productos/hemper/station-iso-plex,3,3,Astro Growshop | Fumetas | Piranha,29742,39990,34,Piranha,Fumetas,true,true,2026-06-13T01:34:55.635Z,Hemper Isoplex Estación de Dab y Limpieza | PIRANHA | ISOPLEX ESTACION DE DAB Y LIMPIEZA NEGRO- HEMPER | Hemper Iso-Plex Estacion de Limpieza y Dabs
10223,Calvo Glass Bee Rig Lite 19cm,Bongs,Calvo Glass,calvo,bong-bee-rig-lite-19cm-19cm,bee-lite,/productos/calvo/bee-lite,2,2,Fumetas | GrowBarato Chile,29990,30000,0,Fumetas,GrowBarato Chile,true,true,2026-06-13T01:57:41.795Z,Calvo Glass Bee Rig Lite 19cm | Bong Bee Rig LITE 19cm de Calvo Glass
10449,Puffco Peak Pro Ball Cap,Accesorios de extraccion,,puffco,peak-pro-ball-cap,peak-pro-ball-cap,/productos/puffco/peak-pro-ball-cap,3,3,Astro Growshop | Fumetas | Piranha,29990,39990,33,Fumetas,Astro Growshop,true,true,2026-06-13T01:52:34.499Z,Puffco Peak Pro Ball Cap | The Peak Pro Ball Cap Guardian - Puffco | Cap Peak Pro Ball-Puffco
10315,Bonglab Atrapa cenizas 6 brazos 45°,Repuestos para bongs y vaporizadores,BongLab,bonglab,ash-catcher-tree-18mm-45,atrapa-cenizas-tree-18mm-45,/productos/bonglab/atrapa-cenizas-tree-18mm-45,2,2,Fumetas | Piranha,29990,29990,0,Fumetas,Fumetas,true,true,2026-06-13T01:44:12.211Z,Bonglab Atrapa cenizas 6 brazos 45° | Atrapaceniza Tree 18mm45º
10607,Dime Bags The Button Bandolera,Otros parafernalia,,dime-bags,button-bandolera,button-bandolera,/productos/dime-bags/button-bandolera,2,2,Astro Growshop | Fumetas,29990,32990,10,Fumetas,Astro Growshop,true,true,2026-06-13T00:50:36.524Z,Dime Bags The Button Bandolera Con Clave Anti-Olor | Button Smell Proof Black-Dime Bags
10553,Ozeta Estuche Mediano Anti-Olor,Contenedores y estuches,,ozeta,estuche-mediano,estuche-mediano,/productos/ozeta/estuche-mediano,2,2,Astro Growshop | Fumetas,29990,32990,10,Astro Growshop,Fumetas,true,true,2026-06-13T00:33:01.492Z,Estuche Mediano -Ozeta | Ozeta Estuche mediano - Anti-olor
6560,Unikorn Bong Celeste PieceMaker,Bongs,PieceMaker,piecemaker,bong-unikorn-celeste,unikorn,/productos/piecemaker/unikorn,4,3,Fumetas | GrowBarato Chile | Piranha,29993,40990,37,Piranha,Fumetas,true,true,2026-06-13T01:57:56.702Z,Unikorn Bong Celeste PieceMaker | Bong Unikorn de silicona de PieceMaker - GB The Green Brand | Bong Unikorn Unity de Silicona de PieceMaker Orgullo Gay - Growbarato | PMG Bong Unikorn 14cm
10498,Polerón Pink Hoodie Blazy Susan,Otros parafernalia,,blazy-susan,poleron-pink-hoodie,poleron-pink-hoodie,/productos/blazy-susan/poleron-pink-hoodie,2,2,Astro Growshop | Piranha,29993,44990,50,Piranha,Astro Growshop,true,true,2026-06-13T01:51:15.729Z,Polerón Pink Hoodie Blazy Susan | PIRANHA | Poleron Pink-Blazy Susan
5772,Classic Ice Pro-Bonglab,Bongs,Bonglab,bonglab,bong-classic-ice-pro,classic-ice-pro,/productos/bonglab/classic-ice-pro,3,3,Astro Growshop | Fumetas | Piranha,29993,39990,33,Piranha,Astro Growshop,true,true,2026-06-13T01:34:49.597Z,Bong Classic Ice Pro | Bonglab K288 Classic Ice Pro 35cm | Classic Ice Pro-Bonglab
10465,Bonglab Bong Prisma Plus 9cm,Bongs,,bonglab,prisma-plus-9cm,prisma-plus-9cm,/productos/bonglab/prisma-plus-9cm,2,2,Astro Growshop | Fumetas,30990,34990,13,Fumetas,Astro Growshop,true,true,2026-06-13T00:29:09.306Z,Bonglab Bong Prisma Plus 9cm | Prisma Plus -Bonglab
5763,Ozeta Chestbag Circular 4x4 Con Clave - Anti Olor,Contenedores y estuches,Ozeta,ozeta,container-chestbag,bag-chestbag-circular,/productos/ozeta/bag-chestbag-circular,4,4,Astro Growshop | Fumetas | GrowBarato Chile | Piranha,31273,45990,47,Fumetas,Piranha,true,true,2026-06-13T01:57:19.458Z,Ozeta Chestbag Circular 4x4 Con Clave - Anti Olor | Bolso Chestbag Circular 4X4 Con Clave-Ozeta | OZeta Chestbag 4×4 Con Clave - GB The Green Brand | Chestbag Circular 4x4 c/clave
10235,Bolso Bandolera Circular-Ozeta,Contenedores y estuches,OZETA,ozeta,container-bolso,bag-bandolera-circular,/productos/ozeta/bag-bandolera-circular,2,2,Astro Growshop | Fumetas,32990,40990,24,Astro Growshop,Fumetas,true,true,2026-06-13T01:09:02.838Z,Bolso Bandolera Circular-Ozeta | Ozeta Bandolera Circular - Anti Olor
10361,Storz & Bickel Volcano Hybrid Tube Kit,Vaporizadores herbales,,storz-bickel,volcano-hybrid-tube-kit,volcano-hybrid-tube-kit,/productos/storz-bickel/volcano-hybrid-tube-kit,2,2,Astro Growshop | Piranha,33241,49990,50,Piranha,Astro Growshop,true,true,2026-06-13T01:52:50.811Z,Volcano Hybrid Tube Kit | Unidad De Tubo Flexible - Volcano Hybrid-Storz &amp; Bickel
5503,Moledor Galaxy Quartz Aluminio Aeroespacial | PIRANHA,Moledores,Galaxy,galaxy,grinder-quartz-metal,quartz,/productos/galaxy/quartz,3,3,Astro Growshop | Fumetas | Piranha,33293,47990,44,Piranha,Fumetas,true,true,2026-06-13T01:25:07.602Z,Moledor Galaxy Quartz Aluminio Aeroespacial | PIRANHA | Moledor Galaxy Quartz 63 mm | Moledor Quartz Grinder- Galaxy
5779,OZETA BOLSO ANTI OLOR CROSSBAG 5X5 - CAJA ROTA,Contenedores y estuches,Ozeta,ozeta,container-bolso,bag-crossbag-5x5,/productos/ozeta/bag-crossbag-5x5,4,3,Astro Growshop | Fumetas | Piranha,33990,47990,41,Astro Growshop,Fumetas,true,true,2026-06-13T01:52:52.162Z,Bolso 5X5 Crossbag Negra-Ozeta | OZETA BOLSO ANTI OLOR CROSSBAG 5X5 - CAJA ROTA | Ozeta Crossbag 5x5 - Anti-olor | Crossbag 5x5
10429,Encendedor Zippo Classic Orange Matte,Encendedores y sopletes,,zippo,classic-orange-matte,classic-orange-matte,/productos/zippo/classic-orange-matte,2,2,Fumetas | Piranha,33990,33990,0,Piranha,Piranha,true,true,2026-06-13T01:47:29.853Z,Encendedor Zippo Orange Matte | Encendedor Classic Orange Matte Zippo
10396,Dime Bags Estuche The Soldier Anti-Olor 15cm,Contenedores y estuches,,dime-bags,the-soldier-15cm,the-soldier-15cm,/productos/dime-bags/the-soldier-15cm,2,2,Fumetas | Piranha,34822,42990,23,Piranha,Fumetas,true,true,2026-06-13T01:43:07.880Z,Estuche Anti Olor Dime Bags The Soldier con Candado 15cm | PIRANHA | Dime Bags Estuche The Soldier con Clave Anti-Olor 15cm
10374,Calvo Glass Bong Essential 22cm,Bongs,,calvo,essential-22cm,essential-22cm,/productos/calvo/essential-22cm,2,2,Fumetas | GrowBarato Chile,34990,35000,0,Fumetas,GrowBarato Chile,true,true,2026-06-13T01:57:26.888Z,Calvo Glass Bong Esencial 22cm | Bong Calvo Essential 22cm de Calvo Glass
5755,Cargador Mighty Plus Usb-C Supercharger-Storz &amp; Bickel,Repuestos para bongs y vaporizadores,Storz & Bickel,storz-bickel,repuestos-mighty-plus,charger-mighty-plus-usb-c-supercharger,/productos/storz-bickel/charger-mighty-plus-usb-c-supercharger,3,3,Astro Growshop | Fumetas | Piranha,34990,44990,29,Piranha,Fumetas,true,true,2026-06-13T01:52:54.802Z,USB-C SUPERCHARGER MIGHTY+ | Cargador Mighty Plus Usb-C Supercharger-Storz &amp; Bickel | Storz &amp; Bickel Cargador Supercarga Tipo C Mighty+
10427,Encendedor Zippo Skull Design,Encendedores y sopletes,,zippo,skull-design,skull-design,/productos/zippo/skull-design,3,3,Astro Growshop | Fumetas | Piranha,34990,44990,29,Piranha,Astro Growshop,true,true,2026-06-13T01:34:27.564Z,Encendedor Zippo Skull Design | Encendedor Zippo Skull Design | Skull Design-Zippo
10364,Zippo Flame Design Colorblock,Encendedores y sopletes,,zippo,flame-design,flame-design,/productos/zippo/flame-design,2,2,Astro Growshop | Piranha,34990,39990,14,Piranha,Astro Growshop,true,true,2026-06-13T01:34:26.180Z,Encendedor Zippo Flame Design | Flame Design Colorblock-Zippo
10511,Encendedor Zippo Classic Flat Sand,Encendedores y sopletes,,zippo,classic-flat-sand,classic-flat-sand,/productos/zippo/classic-flat-sand,2,2,Astro Growshop | Fumetas,34990,36990,6,Astro Growshop,Fumetas,true,true,2026-06-13T01:03:36.550Z,Encendedor Classic Flat Sand Logo - Zippo | Encendedor Zippo Flat Sand
10226,Calvo Bong Dual Eye Rig 18cm,Bongs,Calvo,calvo,bong-dual-eye-rig-18cm-18cm,dual-eye,/productos/calvo/dual-eye,2,2,Astro Growshop | Fumetas,34990,36990,6,Fumetas,Astro Growshop,true,true,2026-06-13T00:38:02.262Z,Calvo Bong Dual Eye Rig 18cm | Rig Dual Eye -Calvo Glass
10241,Encendedor Classic Black &amp; Red-Zippo,Encendedores y sopletes,ZIPPO,zippo,lighter-encendedor-classic-black-red,lighter-classic-black-red,/productos/zippo/lighter-classic-black-red,2,2,Astro Growshop | Fumetas,34990,40990,17,Astro Growshop,Fumetas,true,true,2026-06-13T00:31:21.921Z,Encendedor Classic Black &amp; Red-Zippo | Encendedor Zippo Classic Black and Red
5486,American Helix Pipa Classic Mini 12cm,Pipas,American Helix,american-helix,pipe-pipa-classic-mini-12cm-12cm-mini,classic-mini,/productos/american-helix/classic-mini,5,2,Astro Growshop | Fumetas,35192,50990,45,Fumetas,Astro Growshop,true,true,2026-06-13T00:28:29.756Z,American Helix Pipa Classic Mini 12cm | Pipa Classic Mini Azul-American Helix | Pipa Classic Mini Rojo-American Helix | Pipa Classic Mini Verde-American Helix | Pipa Classic Mini Negro-American Helix
5780,Ozeta Chestbag 4x4 con clave - Anti-olor,Contenedores y estuches,Ozeta,ozeta,container-chestbag,bag-chestbag-4x4-4x4,/productos/ozeta/bag-chestbag-4x4-4x4,2,2,Astro Growshop | Fumetas,36541,41990,15,Fumetas,Astro Growshop,true,true,2026-06-13T00:28:53.589Z,Ozeta Chestbag 4x4 con clave - Anti-olor | Bolso Chestbag 4X4 Con Clave-Ozeta
10167,Bong Mercurial,Bongs,BONGLAB,bonglab,,mercurial,/productos/bonglab/mercurial,4,4,Astro Growshop | Fumetas | GrowBarato Chile | Piranha,36700,50990,39,GrowBarato Chile,Astro Growshop,true,true,2026-06-13T01:57:01.672Z,Bong Mercurial Smokey 26cm Bonglab | Bong Mercurial | BongLab Bong KH1 Mercurial 24cm | Mercurial KH1-Bonglab
10179,Lonchera con Clave Anti-Olor Ozeta,Contenedores y estuches,Ozeta,ozeta,,lonchera-con-clave,/productos/ozeta/lonchera-con-clave,3,3,Astro Growshop | Fumetas | GrowBarato Chile,36990,49990,35,Astro Growshop,Fumetas,true,true,2026-06-13T01:55:56.831Z,Lonchera Con Clave-Ozeta | Lonchera con Clave Anti-Olor Ozeta - GB The Green Brand | Ozeta Lonchera con clave - Anti-olor
10255,Pipa Uno Og Standard Azul-American Helix,Pipas,AMERICAN HELIX,american-helix,pipe-pipa-uno-standard-azul,uno,/productos/american-helix/uno,5,2,Astro Growshop | Fumetas,36990,43990,19,Astro Growshop,Astro Growshop,true,true,2026-06-13T00:44:36.656Z,Pipa Uno Og Standard Azul-American Helix | Pipa Uno Og Standard Rojo-American Helix | Pipa Uno Og Standard Verde-American Helix | Pipa Uno Og Standard Negro-American Helix | American Helix Pipa UNO OG Standard 15cm
10552,Ozeta Estuche Grande Anti-Olor,Contenedores y estuches,,ozeta,estuche-grande,estuche-grande,/productos/ozeta/estuche-grande,2,2,Astro Growshop | Fumetas,36990,36990,0,Astro Growshop,Astro Growshop,true,true,2026-06-13T00:32:59.698Z,Estuche Grande -Ozeta | Ozeta Estuche grande - Anti-olor
10448,Blazy Susan Banano Smellproof Fanny Pack Pink,Otros parafernalia,,blazy-susan,banano-smellproof-pink,banano-smellproof-pink,/productos/blazy-susan/banano-smellproof-pink,2,2,Astro Growshop | Fumetas,37990,43990,16,Astro Growshop,Fumetas,true,true,2026-06-13T00:33:29.278Z,Banano Smellproof Fanny Pack Pink-Blazy Susan | Blazy Susan Banano Smellproof Fanny Pack Pink
5762,Banano Anti Olor Con Clave,Contenedores y estuches,Ozeta,ozeta,,bag-banano,/productos/ozeta/bag-banano,2,2,GrowBarato Chile | Piranha,38600,42990,11,GrowBarato Chile,Piranha,true,true,2026-06-13T01:59:17.668Z,Bolso bandolera Banano Anti-Olor de Ozeta | Banano Anti Olor Con Clave
10376,Ozeta Banano con Clave Anti-Olor,Otros parafernalia,,ozeta,banano-con-clave,banano-con-clave,/productos/ozeta/banano-con-clave,2,2,Astro Growshop | Fumetas,38691,39990,3,Fumetas,Astro Growshop,true,true,2026-06-13T00:31:28.011Z,Ozeta Banano con clave - Anti-olor | Banano Con Clave-Ozeta
5527,Bong Bonglab KM8 Viper Rig Teal 21cm | de borosilicato,Bongs,Bonglab,bonglab,bong-km8-viper-21cm,km8-viper,/productos/bonglab/km8-viper,3,3,Astro Growshop | Fumetas | GrowBarato Chile,38700,47990,24,GrowBarato Chile,Fumetas,true,true,2026-06-13T01:57:00.479Z,Bong Bonglab KM8 Viper Rig Teal 21cm | de borosilicato | Viper Rig Teal-Bonglab | BongLab Recycler KM8 Viper Rig Teal 21cm
10332,Encendedor Zippo Cannabis Design,Encendedores y sopletes,Zippo,zippo,lighter-cannabis-design-iridiscente,cannabis-design-iridiscente,/productos/zippo/cannabis-design-iridiscente,2,2,Fumetas | Piranha,38990,46990,21,Fumetas,Piranha,true,true,2026-06-13T01:34:25.195Z,Encendedor Zippo Cannabis Design | Encendedor Zippo Cannabis Design
10457,Bonglab Mini Beaker Kit Extractos,Bongs,,bonglab,mini-beaker-kit-extractos,mini-beaker-kit-extractos,/productos/bonglab/mini-beaker-kit-extractos,2,2,Astro Growshop | Piranha,39591,39990,1,Piranha,Astro Growshop,true,true,2026-06-13T01:51:14.500Z,Bong Kit Extractos Mini Beaker Bonglab | PIRANHA | Mini Beaker Kit Extractos-Bonglab
10451,Hemper Vapor Station Bubbler + Nectar Collector,Accesorios de extraccion,,hemper,vapor-station-bubbler-nectar-collector,vapor-station-bubbler-nectar-collector,/productos/hemper/vapor-station-bubbler-nectar-collector,2,2,Fumetas | Piranha,39591,43990,11,Piranha,Fumetas,true,true,2026-06-13T01:34:56.628Z,Hemper Vapor Station Bubbler + Nectar Collector | PIRANHA | Hemper Vapor Station Bubbler + Nectar Collector
10180,Shoulderbag con Clave Anti-olor OZeta,Contenedores y estuches,Ozeta,ozeta,,shoulderbag-con-clave,/productos/ozeta/shoulderbag-con-clave,2,2,Fumetas | GrowBarato Chile,39700,40990,3,GrowBarato Chile,Fumetas,true,true,2026-06-13T01:55:58.040Z,Shoulderbag con Clave Anti-olor OZeta | Ozeta Shoulderbag con Clave - Anti-olor
10536,Dime Bags Estuche The Soldier con Clave 22cm,Contenedores y estuches,,dime-bags,the-soldier-22cm,the-soldier-22cm,/productos/dime-bags/the-soldier-22cm,2,2,Fumetas | Piranha,39772,50990,28,Piranha,Fumetas,true,true,2026-06-13T01:46:52.162Z,Estuche Anti Olor Dime Bags The Soldier con Candado 22cm | PIRANHA | Dime Bags Estuche The Soldier con Clave Anti-Olor 25cm
10275,Juego De Piezas Desgaste Mighty-Storz &amp; Bickel,Repuestos para bongs y vaporizadores,STORZ & BICKEL,storz-bickel,repuestos-mighty,piezas-desgaste-mighty,/productos/storz-bickel/piezas-desgaste-mighty,3,3,Astro Growshop | GrowBarato Chile | Piranha,39990,44991,13,Astro Growshop,Piranha,true,true,2026-06-13T02:00:03.467Z,Juego De Piezas Desgaste Mighty-Storz &amp; Bickel | Piezas Desgaste Mighty Storz & Bickel - GB The Green Brand | Mighty Kit de Repuestos
5782,Muslera c/clave,Contenedores y estuches,Ozeta,ozeta,container-muslera,bag-legbag,/productos/ozeta/bag-legbag,4,4,Astro Growshop | Fumetas | GrowBarato Chile | Piranha,39990,48990,23,Astro Growshop,Piranha,true,true,2026-06-13T01:58:21.588Z,Bolso Muslera Con Clave Sand-Ozeta | Bolso Muslera Ozeta c/clave - GB The Green Brand | Muslera c/clave | Ozeta Muslera Con Clave - Anti Olor
10518,Ozeta Case Cilíndrico Con Clave Anti-Olor,Otros parafernalia,,ozeta,case-cilindrico-con-clave,case-cilindrico-con-clave,/productos/ozeta/case-cilindrico-con-clave,2,2,Fumetas | Piranha,39990,49990,25,Fumetas,Piranha,true,true,2026-06-13T01:48:11.143Z,Ozeta Case Cilíndrico Con Clave Anti - Olor | Case Cilíndrico c/clave - OZeta | PIRANHA
10414,Focus V Atomizador Intelli-Core para Hierba Carta 2,Vaporizadores herbales,,focus-v,intelli-core-hierba-carta-2,intelli-core-hierba-carta-2,/productos/focus-v/intelli-core-hierba-carta-2,2,2,Astro Growshop | Piranha,39990,47491,19,Astro Growshop,Piranha,true,true,2026-06-13T01:45:54.471Z,ATOMIZADOR INTELLI-CORE PARA HIERBA SECA-FOCUS V | Atomizador Intelli-Core para Hierbas Secas Carta 2 Focus V | PIRANHA
10277,Encendedor Zippo Fire Heart Design,Encendedores y sopletes,Zippo,zippo,lighter-encendedor-fire-heart-design,fire-heart,/productos/zippo/fire-heart,2,2,Astro Growshop | Fumetas,39990,44990,13,Fumetas,Astro Growshop,true,true,2026-06-13T00:32:01.435Z,Encendedor Zippo Fire Heart Design | Fire Heart Design-Zippo
5999,Moledor Cerámico v 2.5 5cm SLX | PIRANHA,Moledores,SLX,slx,grinder-ceramic-50mm,ceramic-50mm,/productos/slx/ceramic-50mm,4,4,Astro Growshop | Fumetas | GrowBarato Chile | Piranha,39992,49990,25,Piranha,Astro Growshop,true,true,2026-06-13T01:55:12.851Z,Moledor Cerámico v 2.5 5cm SLX | PIRANHA | Moledor SLX 50mm | Moledor SLX 50mm Cerámico Antiadherente | Growbarato Chile | Moledor 5Cm -Slx
10227,Calvo Glass Bong Rick &amp; Morty 24cm,Bongs,Calvo Glass,calvo,bong-rick-morty-24cm-24cm,rick-morty,/productos/calvo/rick-morty,3,3,Astro Growshop | Fumetas | GrowBarato Chile,40881,56990,39,Fumetas,Astro Growshop,true,true,2026-06-13T01:57:04.263Z,Calvo Glass Bong Rick &amp; Morty 24cm | Bong Rick & Morty 22 cm CalvoGlass | Bong de Vidrio Pyrex – GrowBarato Chile | Bong Pyrex Rick &amp; Morty Rig Rick Sanchez Perc 24cm- Calvo Glass
5730,Encendedor ZIPPO – Classic High Polish Teal | Grow Barato Chile,Encendedores y sopletes,Zippo,zippo,lighter-encendedor-classic-high-polish,lighter-high-polish-teal,/productos/zippo/lighter-high-polish-teal,2,2,Fumetas | GrowBarato Chile,41400,44990,9,GrowBarato Chile,Fumetas,true,true,2026-06-13T01:59:49.870Z,Encendedor ZIPPO – Classic High Polish Teal | Grow Barato Chile | Encendedor Zippo High Polish Teal Logo
10461,Bonglab Cobra Rig Kit Extractos,Bongs,,bonglab,cobra-rig-kit-extractos,cobra-rig-kit-extractos,/productos/bonglab/cobra-rig-kit-extractos,2,2,Astro Growshop | Piranha,41990,44991,7,Astro Growshop,Piranha,true,true,2026-06-13T01:51:13.452Z,Cobra Rig Kit Extractos-Bonglab | Bong Kit Extractos Cobra Rig Bonglab | PIRANHA
10600,Sploofy Filtro de Repuesto 3u,Repuestos para bongs y vaporizadores,,sploofy,filtro-repuesto-3u,filtro-repuesto-3u,/productos/sploofy/filtro-repuesto-3u,3,3,Astro Growshop | Fumetas | Piranha,42492,49990,18,Piranha,Fumetas,true,true,2026-06-13T01:45:49.571Z,Repuesto Filtro de Humo Personal Sploofy Pro (3u) | PIRANHA | Filtro Personal Repuesto 3U-Sploofy | Sploofy Filtro de repuesto 3uds. - Cartridge replacement
10484,Calvo Glass Eye Sun Rig 25cm,Bongs,,calvo,eye-sun-rig,eye-sun-rig,/productos/calvo/eye-sun-rig,2,2,Astro Growshop | Fumetas,42990,44990,5,Astro Growshop,Fumetas,true,true,2026-06-13T00:36:13.310Z,Rig Eye Sun Orange-Calvo Glass | Calvo Glass Bong Eye Sun Rig 25cm
10254,American Helix Pipa Classic 15cm,Pipas,American Helix,american-helix,pipe-pipa-classic-15cm-15cm,classic,/productos/american-helix/classic,5,2,Astro Growshop | Fumetas,43192,69990,62,Fumetas,Astro Growshop,true,true,2026-06-13T00:40:25.564Z,American Helix Pipa Classic 15cm | Pipa Classic Og Rojo-American Helix | Pipa Classic Og Verde-American Helix | Pipa Classic Og Azul-American Helix | Pipa Classic Og Negro-American Helix
10391,Ozeta Case XL Anti-Olor,Otros parafernalia,,ozeta,case-xl,case-xl,/productos/ozeta/case-xl,3,3,Astro Growshop | Fumetas | Piranha,43990,43990,0,Astro Growshop,Astro Growshop,true,true,2026-06-13T01:48:55.783Z,Case Xl Pequeño Negro-Ozeta | Case XL - OZeta | PIRANHA | Ozeta Case XL - Anti-olor
10582,Encendedor Zippo Classic High Polish Blue,Encendedores y sopletes,,zippo,classic-high-polish-blue,classic-high-polish-blue,/productos/zippo/classic-high-polish-blue,2,2,Astro Growshop | Fumetas,43990,45990,5,Astro Growshop,Fumetas,true,true,2026-06-13T01:08:16.299Z,Encendedor Hig Polish Blue Logo - Zippo | Encendedor Zippo Classic High Polish Blue
10194,Bong Space Opera Rig Ambar 22cm,Bongs,CALVO,calvo,bong-space-opera-22cm,space-opera,/productos/calvo/space-opera,2,2,Astro Growshop | Piranha,43992,56990,30,Piranha,Astro Growshop,true,true,2026-06-13T01:27:34.991Z,Bong Space Opera Rig Ambar 22cm | Space Opera Rig Ambar-Calvo Glass
5530,The Sheikh 42Cm -Bonglab,Bongs,Bonglab,bonglab,bong-sheikh-42cm-42cm,sheikh,/productos/bonglab/sheikh,4,4,Astro Growshop | Fumetas | GrowBarato Chile | Piranha,44394,74990,69,Piranha,Astro Growshop,true,true,2026-06-13T01:58:30.289Z,Bong The Sheikh | Bonglab Bong The Sheikh 42cm | Moderno Bong The Sheikh de Bonglab - GB The Green Brand | The Sheikh 42Cm -Bonglab
10221,Bong Shiva Blue Bonglab 25cm con Percolador | Vidrio Borosilicato,Bongs,BONGLAB,bonglab,bong-shiva-blue-25cm-percolador-25cm,shiva,/productos/bonglab/shiva,2,2,Fumetas | GrowBarato Chile,44900,49990,11,GrowBarato Chile,Fumetas,true,true,2026-06-13T01:59:08.757Z,Bong Shiva Blue Bonglab 25cm con Percolador | Vidrio Borosilicato | Bonglab Bong Shiva 27cm
10426,Encendedor Zippo Santa Cruz,Encendedores y sopletes,,zippo,santa-cruz-design,santa-cruz-design,/productos/zippo/santa-cruz-design,2,2,Astro Growshop | Piranha,44990,46990,4,Astro Growshop,Piranha,true,true,2026-06-13T01:47:27.303Z,Santa Cruz-Zippo | Encendedor Zippo Santa Cruz
10216,Rig Four Horn-Calvo Glass,Bongs,CALVO GLASS,calvo,bong-rig-four-horn,four-horn,/productos/calvo/four-horn,3,2,Astro Growshop | Fumetas,44990,44990,0,Fumetas,Fumetas,true,true,2026-06-13T00:35:58.339Z,Calvo Bong Four Horn Rig Azul 22cm | Calvo Bong Four Horn Rig Morado 20cm | Rig Four Horn-Calvo Glass
10326,Hemper Bong Space Fleet 15cm,Bongs,Hemper,hemper,bong-space-fleet-15cm,space-fleet-15cm,/productos/hemper/space-fleet-15cm,2,2,Fumetas | Piranha,44993,59990,33,Piranha,Fumetas,true,true,2026-06-13T01:34:45.428Z,Hemper Bong Space Fleet 15cm | PIRANHA | Hemper Bong Space Fleet 15cm
5533,Bong Water Splash K598 de Bonglab- GB The Green Brand,Bongs,Bonglab,bonglab,bong-water-splash-k598,water-splash,/productos/bonglab/water-splash,4,3,Astro Growshop | Fumetas | GrowBarato Chile,45493,74990,65,Fumetas,Astro Growshop,true,true,2026-06-13T01:56:01.766Z,BongLab Bong K598 Splash Water 50cm | Bong Water Splash K598 de Bonglab- GB The Green Brand | Bong Water Splash Green 50Cm Bonglab | Water Splash -Bonglab
10547,Ozeta Techbag Anti-Olor,Otros parafernalia,,ozeta,techbag,techbag,/productos/ozeta/techbag,2,2,Astro Growshop | Piranha,46990,54990,17,Astro Growshop,Piranha,true,true,2026-06-13T01:49:48.952Z,Techbag Negra-Ozeta | Techbag - OZeta | PIRANHA
10509,Weecke Vaporizador C Vapor Mini,Vaporizadores herbales,,weecke,c-vapor-mini,c-vapor-mini,/productos/weecke/c-vapor-mini,2,2,Astro Growshop | Piranha,48993,59990,22,Piranha,Astro Growshop,true,true,2026-06-13T01:46:50.015Z,Vaporizador Weecke C Vapor Mini | PIRANHA | Vaporizador Hierbas Weecke C Vapor Mini
10224,Calvo Glass Bong Big Eye Recycler Rig 24cm,Bongs,Calvo Glass,calvo,bong-big-eye-24cm,big-eye-24cm,/productos/calvo/big-eye-24cm,3,3,Fumetas | GrowBarato Chile | Piranha,49392,58500,18,Piranha,GrowBarato Chile,true,true,2026-06-13T01:55:27.768Z,Bong Calvo Big Eye Recycler 26cm | Calvo Glass Bong Big Eye Recycler Rig 24cm | Calvo Glass Bong Big Eye Recycler Rig 24 cm | Bong Recycler Vidrio – GrowBarato Chile
10345,Bonglab KE10 Golden Beaker 46cm,Bongs,,bonglab,ke10-golden-beaker,ke10-golden-beaker,/productos/bonglab/ke10-golden-beaker,3,3,Astro Growshop | Fumetas | Piranha,49491,59990,21,Piranha,Fumetas,true,true,2026-06-13T01:52:52.196Z,Bong KE10 Golden Beaker | Golden Beaker Black-Bonglab | Bonglab Bong KE10 Golden Beaker 46cm
10408,BongLab Bong K99 Octopus 30cm,Bongs,,bonglab,k99-octopus-30cm,k99-octopus-30cm,/productos/bonglab/k99-octopus-30cm,3,3,Fumetas | GrowBarato Chile | Piranha,49500,62990,27,GrowBarato Chile,Fumetas,true,true,2026-06-13T01:57:12.106Z,Bong Bonglab Octopus Black 30 cm K99 | 8 Percoladores Alta Filtración | Bong Octopus Black Bonglab | BongLab Bong K99 Octopus 30cm
10325,Vidrio de Repuesto Vaporizador Focus V Carta Sport | PIRANHA,Repuestos para bongs y vaporizadores,FOCUS V,focus-v,glass-carta-sport,vidrio-carta-sport,/productos/focus-v/vidrio-carta-sport,3,3,Astro Growshop | Fumetas | Piranha,49990,79990,60,Fumetas,Astro Growshop,true,true,2026-06-13T01:47:04.374Z,Focus V Repuesto Vidrio Carta Sport / Carta 2 | VIDRIO DE REPUESTO CARTA 2/SPORT-FOCUS V | Vidrio de Repuesto Vaporizador Focus V Carta Sport | PIRANHA
5781,Muslera XL c/clave,Contenedores y estuches,Ozeta,ozeta,container-muslera-xl,bag-legbag-xl,/productos/ozeta/bag-legbag-xl,3,3,Astro Growshop | Fumetas | Piranha,49990,49990,0,Piranha,Piranha,true,true,2026-06-13T01:34:51.652Z,Muslera XL c/clave | Bolso Muslera Xl Con Clave -Ozeta | Ozeta Muslera Xl Con Clave - Anti Olor
10291,BongLab Bong K165 Heavy Bowl 50cm,Bongs,BongLab,bonglab,bong-k165-heavy-bowl-50cm-50cm,k165-heavy-bowl,/productos/bonglab/k165-heavy-bowl,4,3,Astro Growshop | Fumetas | GrowBarato Chile,51300,61990,21,GrowBarato Chile,Fumetas,true,true,2026-06-13T02:02:13.882Z,Bong K165 Heavy Bowl Azul | Bong de Vidrio Grande - GrowBarato Chile | Heavy Bowl -Bonglab | Bong K165 Heavy Bowl Azul | Bong de Vidrio Grande - GrowBarato Chile | BongLab Bong K165 Heavy Bowl 50cm
10341,Mochila Slim - OZeta | PIRANHA,Contenedores y estuches,OZETA,ozeta,bag-mochila-slim,mochila-slim,/productos/ozeta/mochila-slim,2,2,Astro Growshop | Piranha,51990,82990,60,Astro Growshop,Piranha,true,true,2026-06-13T01:52:54.443Z,Mochila Slim Black-Ozeta | Mochila Slim - OZeta | PIRANHA
10290,Calvo Glass Bong Abejas 35cm,Bongs,Calvo Glass,calvo,bong-abejas-35cm-35cm,abejas-35cm,/productos/calvo/abejas-35cm,3,3,Fumetas | GrowBarato Chile | Piranha,52191,60000,15,Piranha,GrowBarato Chile,true,true,2026-06-13T01:59:44.785Z,Bong Calvo Abeja Color Blue Shower Perc 35cm | Calvo Glass Bong Abejas 35cm | Bong Honey Drips Doble Percolador 35cm Calvo Glass
9852,Moledor SLX 60mm┃Moledor de cerámica antiadherente,Moledores,SLX,slx,grinder-ceramic-63mm,ceramic-60mm,/productos/slx/ceramic-60mm,3,3,Astro Growshop | Fumetas | GrowBarato Chile,52191,55990,7,Fumetas,Astro Growshop,true,true,2026-06-13T01:55:26.562Z,Moledor SLX 60mm | Moledor SLX 60mm┃Moledor de cerámica antiadherente | Moledor 6CM -Slx
5536,Bong Beaker Tree Perc 35cm,Bongs,Calvo Glass,calvo,bong-beaker-tree-perc-35cm,beaker-tree-perc,/productos/calvo/beaker-tree-perc,2,2,Fumetas | Piranha,52191,52191,0,Piranha,Piranha,true,true,2026-06-13T01:42:04.672Z,Bong Beaker Tree Perc 35cm | Calvo Glass Bong Beaker Tree Perc M 35cm
10431,Puffco Proxy Flower Bowl,Accesorios de extraccion,,puffco,proxy-flower-bowl,proxy-flower-bowl,/productos/puffco/proxy-flower-bowl,2,2,Astro Growshop | Piranha,52493,62990,20,Piranha,Astro Growshop,true,true,2026-06-13T01:52:33.320Z,Proxy Flower Bowl - Puffco | Proxy Flower Bowl-Puffco
10164,Headshot Black-Bonglab,Bongs,Bonglab,bonglab,bong-headshot-black,headshot,/productos/bonglab/headshot,3,3,Astro Growshop | Fumetas | GrowBarato Chile,53100,59990,13,GrowBarato Chile,Astro Growshop,true,true,2026-06-13T01:56:29.828Z,Bong HeadShot Bonglab 40cm Pyrex Negro Azul Morado | Growbarato Chile | Headshot Black-Bonglab | BongLab Bong K18 HeadShot 40cm
10328,Tapa DynaVap The Ballr Cap | PIRANHA,Repuestos para bongs y vaporizadores,DYNAVAP,dynavap,cap-ballr,ballr-cap,/productos/dynavap/ballr-cap,2,2,Astro Growshop | Piranha,53191,64990,22,Piranha,Astro Growshop,true,true,2026-06-13T01:52:52.445Z,Tapa DynaVap The Ballr Cap | PIRANHA | Tapa The Ballr-Dynavap
10192,Bong Calvo Big Bee´s Recycler 26cm,Bongs,CALVO,calvo,bong-big-bee-recycler-26cm-26cm,bee-recycler,/productos/calvo/bee-recycler,3,3,Fumetas | GrowBarato Chile | Piranha,53292,65000,22,Piranha,GrowBarato Chile,true,true,2026-06-13T01:57:46.536Z,Bong Calvo Big Bee´s Recycler 26cm | Calvo Glass Bong Recycler Bee Rig 24cm | Bong Bee Recycler 25cm Calvo – Rig Vidrio Bong Abeja | Grow Barato Chile
5520,Bongbastic K276 Bonglab Doble Percolador | Bong Grande Borosilicato,Bongs,Bonglab,bonglab,bong-bongbastic-grande,bongbastic,/productos/bonglab/bongbastic,4,4,Astro Growshop | Fumetas | GrowBarato Chile | Piranha,54000,69990,30,GrowBarato Chile,Astro Growshop,true,true,2026-06-13T01:58:16.573Z,Bongbastic K276 Bonglab Doble Percolador | Bong Grande Borosilicato | Bonglab Bong K276 Bongbastic 45cm | Bongbastic -Bonglab | Bong Bongbastic
5522,Bong Mad Professor de Bonglab - GB The Green Brand,Bongs,Bonglab,bonglab,bong-mad-professor,mad-professor,/productos/bonglab/mad-professor,4,4,Astro Growshop | Fumetas | GrowBarato Chile | Piranha,54000,64990,20,GrowBarato Chile,Astro Growshop,true,true,2026-06-13T01:58:15.362Z,Bong Mad Professor de Bonglab - GB The Green Brand | Bong Mad Professor | Mad Professor - Bonglab | Bonglab Bong Mad Professor 42cm
10229,Hemper Bong Gaming Flower 18cm | PIRANHA,Bongs,HEMPER,hemper,bong-gaming-flower-18cm-18cm,gaming-flower,/productos/hemper/gaming-flower,2,2,Fumetas | Piranha,54591,61990,14,Piranha,Fumetas,true,true,2026-06-13T01:28:02.644Z,Hemper Bong Gaming Flower 18cm | PIRANHA | Hemper Gaming Flower Bong 18cm
10228,Hemper Bong Chinese Takeout 15cm | PIRANHA,Bongs,HEMPER,hemper,bong-chinese-takeout-15cm-15cm,chinese-takeout,/productos/hemper/chinese-takeout,2,2,Fumetas | Piranha,54591,61990,14,Piranha,Fumetas,true,true,2026-06-13T01:28:01.145Z,Hemper Bong Chinese Takeout 15cm | PIRANHA | Hemper Bong Chinese Takeout 15cm
10230,Hemper Bong Lucky Money Cat 13cm | PIRANHA,Bongs,HEMPER,hemper,bong-lucky-money-cat-13cm-13cm,lucky-money-cat,/productos/hemper/lucky-money-cat,2,2,Fumetas | Piranha,54591,61990,14,Piranha,Fumetas,true,true,2026-06-13T01:27:53.943Z,Hemper Bong Lucky Money Cat 13cm | PIRANHA | Hemper Bong Lucky Money Cat 13cm
10231,Hemper Bong Wish Ball 17cm | PIRANHA,Bongs,HEMPER,hemper,bong-wish-ball-17cm-17cm,wish-ball,/productos/hemper/wish-ball,2,2,Fumetas | Piranha,54591,61990,14,Piranha,Fumetas,true,true,2026-06-13T01:27:39.170Z,Hemper Bong Wish Ball 17cm | PIRANHA | Hemper Bong Wish Ball 18cm
5538,Hemper Bong Gummy Bear 17cm | PIRANHA,Bongs,Hemper,hemper,bong-gummy-bear-17cm-17cm,gummy-bear,/productos/hemper/gummy-bear,2,2,Fumetas | Piranha,54591,61990,14,Piranha,Fumetas,true,true,2026-06-13T01:27:38.166Z,Hemper Bong Gummy Bear 17cm | PIRANHA | Hemper Bong Gummy Bear 16cm
10191,Bonglab Kraken KC47 37cm | Bong Recycler con 5 Percoladores HoneyComb,Bongs,BONGLAB,bonglab,bong-kraken-kc47-37cm-recycler-37cm,kraken,/productos/bonglab/kraken,3,3,Fumetas | GrowBarato Chile | Piranha,56000,74990,34,GrowBarato Chile,Fumetas,true,true,2026-06-13T01:56:50.304Z,Bonglab Kraken KC47 37cm | Bong Recycler con 5 Percoladores HoneyComb | Bong Kraken | BongLab Bong Kraken KC47 37cm
5519,Bong Big Blow,Bongs,Bonglab,bonglab,bong-big-blow,big-blow,/productos/bonglab/big-blow,4,4,Astro Growshop | Fumetas | GrowBarato Chile | Piranha,56942,66990,18,Piranha,Fumetas,true,true,2026-06-13T01:56:49.090Z,Bong Big Blow | Bong de vidrio Big Blow de Bonglab- GB The Green Brand | Bonglab Bong Pyrex K41 Big Blow 46cm | Big Blow-Bonglab
10344,Bonglab K30 Fresh 42cm,Bongs,,bonglab,k30,k30,/productos/bonglab/k30,3,3,Fumetas | GrowBarato Chile | Piranha,56990,64990,14,Piranha,Fumetas,true,true,2026-06-13T01:57:25.698Z,Bong K30 | Bong k30 42 cm Bonglab | Bonglab Bong Fresh K30 42cm
10263,Volcano Hybrid Cámara con Reductor para Cápsulas| PIRANHA,Repuestos para bongs y vaporizadores,,storz-bickel,repuestos-volcano-hybrid,dosing-capsules-volcano-camara,/productos/storz-bickel/dosing-capsules-volcano-camara,3,3,Astro Growshop | Fumetas | Piranha,58491,151990,160,Piranha,Astro Growshop,true,true,2026-06-13T01:52:50.642Z,Volcano Hybrid Cámara con Reductor para Cápsulas| PIRANHA | Storz &amp; Bickel Cámara de relleno con adaptador de cápsulas monodosis | Cámara De Relleno Con Adaptador De Cápsula Monodosis-Storz &amp; Bickel
10570,Bolso Cruzado Smellproof Blazy Susan,Contenedores y estuches,,blazy-susan,bolso-cruzado-smellproof,bolso-cruzado-smellproof,/productos/blazy-susan/bolso-cruzado-smellproof,2,2,Astro Growshop | Piranha,59492,59990,1,Piranha,Astro Growshop,true,true,2026-06-13T01:44:29.560Z,Bolso Anti Olor Cruzado Blazy Susan (Black/Pink) | PIRANHA | Bolso Smellprrof Hombro-Blazy Susan
10403,BongLab Fire Fenix 46cm,Bongs,,bonglab,fire-fenix-46cm,fire-fenix-46cm,/productos/bonglab/fire-fenix-46cm,2,2,Astro Growshop | Fumetas,59990,62990,5,Fumetas,Astro Growshop,true,true,2026-06-13T01:16:08.526Z,BongLab Bong KE9 Fire Fenix 46cm | Fire Fenix Red (Ke8)-Bonglab
5790,The Trash Big Logo-Bonglab,Bongs,Bonglab,bonglab,bong-trash-big-logo,trash-big-logo,/productos/bonglab/trash-big-logo,2,2,Astro Growshop | Fumetas,59990,59990,0,Fumetas,Fumetas,true,true,2026-06-13T00:28:03.989Z,Bonglab Bong The Trash Big Logo 45cm | The Trash Big Logo-Bonglab
10193,Bong Space Opera Waterpipe 30cm,Bongs,CALVO,calvo,bong-space-opera-30cm,space-opera-waterpipe,/productos/calvo/space-opera-waterpipe,3,3,Fumetas | GrowBarato Chile | Piranha,59992,67500,13,Piranha,GrowBarato Chile,true,true,2026-06-13T02:00:12.477Z,Bong Space Opera Waterpipe 30cm | Calvo Glass Bong Alien 30cm | Bong Space Opera Ámbar 30 cm Calvo Glass
5339,Bong Bubbler Kush,Bongs,Bonglab,bonglab,bong-bubbler-kush,bubbler-kush,/productos/bonglab/bubbler-kush,4,4,Astro Growshop | Fumetas | GrowBarato Chile | Piranha,60291,87990,46,Piranha,Fumetas,true,true,2026-06-13T01:56:31.042Z,Bong Bubbler Kush | Bong de vidrio Bubbler Kush de Bonglab- GB The Green Brand | Bubbler Kush-Bonglab | Bonglab K275 Bubbler Kush 50cm
10289,Calvo Glass Bong Monster 42cm,Bongs,Calvo Glass,calvo,bong-monster-42cm-42cm,monster,/productos/calvo/monster,4,4,Astro Growshop | Fumetas | GrowBarato Chile | Piranha,60891,70000,15,Piranha,GrowBarato Chile,true,true,2026-06-13T01:57:44.145Z,Bong Calvo Straight Tube Perc 42cm | Calvo Glass Bong Monster 42cm | Rig Con Percolador De Arbol -Calvo Glass | Bong Recto Percolador Árbol 42cm de Calvo Glass
5776,Jelly Fish-Bonglab,Bongs,Bonglab,bonglab,bong-jelly-fish,jelly-fish,/productos/bonglab/jelly-fish,2,2,Astro Growshop | Piranha,61191,67990,11,Piranha,Astro Growshop,true,true,2026-06-13T01:35:17.974Z,Bong Jelly Fish | Jelly Fish-Bonglab
10379,Storz & Bickel Easy Valve Replacement Set,Vaporizadores herbales,,storz-bickel,easy-valve-replacement-set,easy-valve-replacement-set,/productos/storz-bickel/easy-valve-replacement-set,2,2,Astro Growshop | Piranha,61741,79990,30,Piranha,Astro Growshop,true,true,2026-06-13T01:52:52.909Z,Easy Valve Replacement Set | Easy Valve Replacement Set-Storz &amp; Bickel
10467,Focus V Cargador Inalámbrico Carta 2,Repuestos para bongs y vaporizadores,,focus-v,cargador-inalambrico-carta-2,cargador-inalambrico-carta-2,/productos/focus-v/cargador-inalambrico-carta-2,2,2,Astro Growshop | Fumetas,62990,69990,11,Astro Growshop,Fumetas,true,true,2026-06-13T00:30:35.061Z,CARGADOR INALAMBRICO-FOCUS V | Focus V Cargador Inalámbrico Carta 2
10517,Ozeta Mochila Roll Up Anti-Olor,Otros parafernalia,,ozeta,mochila-roll-up,mochila-roll-up,/productos/ozeta/mochila-roll-up,3,3,Astro Growshop | Fumetas | Piranha,63990,77990,22,Astro Growshop,Piranha,true,true,2026-06-13T01:51:29.664Z,Mochila Roll Up Black-Ozeta | Mochila RollUp - OZeta | PIRANHA | Ozeta Mochila Roll Up Anti - Olor
10394,BongLab Elty8 Monster Bong 48cm,Bongs,,bonglab,elty8-monster-48cm,elty8-monster-48cm,/productos/bonglab/elty8-monster-48cm,2,2,Fumetas | Piranha,64990,64990,0,Fumetas,Fumetas,true,true,2026-06-13T01:52:52.227Z,BongLab Bong Elty8 Monster 48cm | Elty8 Monster Bong
5518,Bong The Trash,Bongs,Bonglab,bonglab,,the-trash,/productos/bonglab/the-trash,2,2,GrowBarato Chile | Piranha,65691,66600,1,Piranha,GrowBarato Chile,true,true,2026-06-13T01:58:31.458Z,Bong The Trash | Bong Trash Clear Black de Bonglab - GB The Green Brand
5774,Bong Heavy Trash,Bongs,Bonglab,bonglab,bong-heavy-trash,heavy-trash,/productos/bonglab/heavy-trash,3,3,Astro Growshop | Fumetas | Piranha,65691,72990,11,Piranha,Astro Growshop,true,true,2026-06-13T01:35:16.951Z,Bong Heavy Trash | Heavy Trash -Bonglab | BongLab Bong K42 Heavy Trash 53cm
10217,Double Shot -Bonglab,Bongs,Bonglab,bonglab,bong-double-shot,double-shot,/productos/bonglab/double-shot,2,2,Astro Growshop | Fumetas,65990,69990,6,Astro Growshop,Fumetas,true,true,2026-06-13T00:37:34.349Z,Double Shot -Bonglab | BongLab Bong K14 Double Shot 42cm
10462,Puffco Proxy 3D Chamber,Accesorios de extraccion,,puffco,proxy-3d-chamber,proxy-3d-chamber,/productos/puffco/proxy-3d-chamber,2,2,Astro Growshop | Piranha,66490,66491,0,Astro Growshop,Piranha,true,true,2026-06-13T01:51:51.820Z,Proxy 3D Chamber-Puffco | Repuesto Proxy 3D Chamber - Puffco
10214,VAPORIZADOR YOCAN HIT 2,Accesorios de extraccion,YOCAN,yocan,,vaporizer-hit-2,/productos/yocan/vaporizer-hit-2,3,3,Astro Growshop | Fumetas | Piranha,66491,69990,5,Piranha,Astro Growshop,true,true,2026-06-13T01:43:33.790Z,Vaporizador de Hierbas Secas Yocan Hit 2 | PIRANHA | VAPORIZADOR YOCAN HIT 2 | Yocan Vaporizador Hit 2
10534,Bonglab Bong KE9 Water Fenix 46cm,Bongs,,bonglab,ke9-water-fenix-46cm,ke9-water-fenix-46cm,/productos/bonglab/ke9-water-fenix-46cm,2,2,Astro Growshop | Fumetas,66990,74990,12,Astro Growshop,Fumetas,true,true,2026-06-13T01:16:08.548Z,Water Fenix Blue-Bonglab | Bonglab Bong KE9 Water Fenix 46cm
10550,Puffco Cupsy Pipa de Agua,Accesorios de extraccion,,puffco,cupsy,cupsy,/productos/puffco/cupsy,2,2,Astro Growshop | Piranha,67990,67992,0,Astro Growshop,Piranha,true,true,2026-06-13T01:52:23.311Z,Cupsy Water Pipe-Puffco | Pipa de Agua Cupsy - Puffco
10486,Storz & Bickel Dosing Capsule Filling Set,Vaporizadores herbales,,storz-bickel,dosing-capsule-filling-set,dosing-capsule-filling-set,/productos/storz-bickel/dosing-capsule-filling-set,2,2,Astro Growshop | Piranha,69292,84990,23,Piranha,Astro Growshop,true,true,2026-06-13T01:52:53.533Z,Dosing Capsule Filling Set | Dosing Capsule Filling Set-Storz &amp; Bickel
5531,Bong Pyrex 28cm Bonglab Space Oddity Clear K306 | Doble Percolación,Bongs,Bonglab,bonglab,bong-space-oddity-28cm,space-oddity,/productos/bonglab/space-oddity,3,3,Fumetas | GrowBarato Chile | Piranha,69300,89990,30,GrowBarato Chile,Fumetas,true,true,2026-06-13T01:57:06.693Z,Bong Pyrex 28cm Bonglab Space Oddity Clear K306 | Doble Percolación | Bong Space Oddity | BongLab Bong K306 Space Oddity Clear 28cm
10284,Calvo Glass Bong Tree Perc Dragon Ball 43cm,Bongs,Calvo Glass,calvo,bong-tree-perc-dragon-ball-43cm,tree-perc-dragon-ball,/productos/calvo/tree-perc-dragon-ball,3,3,Fumetas | GrowBarato Chile | Piranha,69591,72000,3,Piranha,GrowBarato Chile,true,true,2026-06-13T02:02:14.048Z,Bong Calvo Straight Tube Tree Perc Dragon Ball 42cm | Calvo Glass Bong Tree Perc Dragon Ball 43cm | Bong Dragon Ball Z Percolador Árbol 42cm
10392,Yocan Vane 2,Vaporizadores herbales,,yocan,vane-2,vane-2,/productos/yocan/vane-2,2,2,Astro Growshop | Fumetas,69990,69990,0,Astro Growshop,Astro Growshop,true,true,2026-06-13T01:16:08.694Z,VAPORIZADOR HIERBA SECA VANE- YOCAN | Vaporizador Yocan Vane 2
10556,Airistech Vaporizador Herbva Nokiva,Vaporizadores herbales,,airistech,herbva-nokiva,herbva-nokiva,/productos/airistech/herbva-nokiva,2,2,Astro Growshop | Fumetas,69990,76990,10,Astro Growshop,Fumetas,true,true,2026-06-13T00:58:15.244Z,Vaporizador Nokiva Kit-Airistech | Airistech Vaporizador Herbva Nokiva
10166,Bong Bonglab K47 Medusa 30 cm | 7 Percoladores Alta Filtración,Bongs,Bonglab,bonglab,bong-k47-medusa-30cm-percoladores-30cm,medusa,/productos/bonglab/medusa,3,3,Astro Growshop | Fumetas | GrowBarato Chile,71990,79990,11,Astro Growshop,Fumetas,true,true,2026-06-13T01:57:10.929Z,Medusa Black-Bonglab | Bong Bonglab K47 Medusa 30 cm | 7 Percoladores Alta Filtración | Bonglab Bong K47 Medusa 35cm
10342,Duffle Bag - OZeta | PIRANHA,Contenedores y estuches,OZETA,ozeta,bag-duffle,duffle-bag,/productos/ozeta/duffle-bag,2,2,Astro Growshop | Piranha,71990,86990,21,Astro Growshop,Piranha,true,true,2026-06-13T01:52:54.477Z,Duffle Bag Black-Ozeta | Duffle Bag - OZeta | PIRANHA
10329,Atomizador Intelli-Core para Extractos con Bubbler Cap | PIRANHA,Accesorios de extraccion,FOCUS V,focus-v,atomizer-intelli-core,intelli-core,/productos/focus-v/intelli-core,2,2,Astro Growshop | Piranha,75991,79990,5,Piranha,Astro Growshop,true,true,2026-06-13T01:52:52.477Z,Atomizador Intelli-Core para Extractos con Bubbler Cap | PIRANHA | ATOMIZADOR INTELLI-CORE PARA EXTRACTOS CON BUBBLER CAP-FOCUS V
10312,Puffco Hot Knife - Dabber eléctronico,Accesorios de extraccion,Puffco,puffco,dabber-hot-knife,hot-knife,/productos/puffco/hot-knife,4,4,Astro Growshop | Fumetas | GrowBarato Chile | Piranha,76491,84990,11,Piranha,Astro Growshop,true,true,2026-06-13T01:56:56.968Z,The Hot Knife - Puffco | Puffco Hot Knife - Dabber eléctronico | Puffco Hot Knife | Dabber Eléctrico para Concentrados USB-C | The Hot Knife -Puffco
5526,Bonglab Bong Glycerin The Yeti 35cm,Bongs,Bonglab,bonglab,bong-glycerin-yeti-35cm-35cm,glycerin-yeti,/productos/bonglab/glycerin-yeti,3,3,Fumetas | GrowBarato Chile | Piranha,79191,105300,33,Piranha,GrowBarato Chile,true,true,2026-06-13T01:56:10.528Z,Bong Glycerin The Yeti | Bonglab Bong Glycerin The Yeti 35cm | Glycerin The Yeti Bonglab - Bong de Glicerina en GB The Green Brand
10455,Puffco New Proxy 3D Chamber,Accesorios de extraccion,,puffco,new-proxy-3d-chamber,new-proxy-3d-chamber,/productos/puffco/new-proxy-3d-chamber,2,2,Astro Growshop | Piranha,79191,84990,7,Piranha,Astro Growshop,true,true,2026-06-13T01:50:51.070Z,Repuesto New Proxy 3D Chamber - Puffco | Puffco New Proxy 3D Chamber
10503,Yocan Vaporizador Pocket,Accesorios de extraccion,,yocan,pocket,pocket,/productos/yocan/pocket,3,3,Astro Growshop | Fumetas | Piranha,79992,99990,25,Piranha,Astro Growshop,true,true,2026-06-13T01:48:29.017Z,Vaporizador de Extractos Yocan Pocket | PIRANHA | VAPORIZADOR YOCAN POCKET | Yocan Black Vaporizador Pocket
10508,Weecke Vaporizador Fenix Mini Plus,Vaporizadores herbales,,weecke,fenix-mini-plus,fenix-mini-plus,/productos/weecke/fenix-mini-plus,4,4,Astro Growshop | Fumetas | GrowBarato Chile | Piranha,82800,113990,38,GrowBarato Chile,Astro Growshop,true,true,2026-06-13T02:02:14.258Z,Vaporizador Fenix Mini Plus | Convección Portátil | Growbarato Chile | Vaporizador Fenix Mini Plus + | Vaporizador Weecke FENiX Mini+ | PIRANHA | Vaporizador Hierba Fenix Mini Plus- Weecke
10499,Puffco Pivot Travel Case Daybreak Limited,Accesorios de extraccion,,puffco,pivot-travel-case-daybreak,pivot-travel-case-daybreak,/productos/puffco/pivot-travel-case-daybreak,2,2,Astro Growshop | Piranha,84990,89271,5,Astro Growshop,Piranha,true,true,2026-06-13T01:37:07.493Z,Pivot Travel Case Daybreak Limited-Puffco | Puffco Pivot + Hot Knife Travel Case Daybreak Limited | PIRANHA
10407,Bonglab Bong Glycerin Black Ice,Bongs,,bonglab,glycerin-black-ice,glycerin-black-ice,/productos/bonglab/glycerin-black-ice,2,2,GrowBarato Chile | Piranha,84992,99000,16,Piranha,GrowBarato Chile,true,true,2026-06-13T01:58:32.864Z,Bong Glycerin Black Ice | Glycerin Black Ice Bonglab - Bong con Glicerina en GB The Green Brand
10545,Weecke Vaporizador Rush,Vaporizadores herbales,,weecke,rush,rush,/productos/weecke/rush,2,2,Astro Growshop | Piranha,84992,122990,45,Piranha,Astro Growshop,true,true,2026-06-13T01:48:24.664Z,Vaporizador Weecke Rush | PIRANHA | Vaporizador Hierba Rush- Weecke
10471,Puffco Pivot Glass Adapter con 3D Chamber,Accesorios de extraccion,,puffco,pivot-glass-adapter-3d-chamber,pivot-glass-adapter-3d-chamber,/productos/puffco/pivot-glass-adapter-3d-chamber,2,2,Astro Growshop | Piranha,87990,87991,0,Astro Growshop,Piranha,true,true,2026-06-13T01:49:06.266Z,Pivot Glass Adapter With 3D Chamber Onyx-Puffco | Accesorio Puffco Pivot Glass Adapter con 3D Chamber - Puffco
5737,Vaporizador Mecánico Dynavap M7,Vaporizadores herbales,DynaVap,dynavap,vaporizadores-m7,m7,/productos/dynavap/m7,4,4,Astro Growshop | Fumetas | GrowBarato Chile | Piranha,88990,102800,16,Astro Growshop,GrowBarato Chile,true,true,2026-06-13T01:55:38.138Z,Vaporizador The New M7-Dynavap | Vaporizador DynaVap New The M 7 | PIRANHA | Vaporizador Mecánico Dynavap M7 | Vaporizador DynaVap The M7 | Vaporizador Herbal sin Batería – GrowBaratoChile
10504,Hemper Trippy Shroom Puffco Peak Glass,Accesorios de extraccion,,hemper,trippy-shroom-peak-glass,trippy-shroom-peak-glass,/productos/hemper/trippy-shroom-peak-glass,2,2,Fumetas | Piranha,89271,95990,8,Piranha,Fumetas,true,true,2026-06-13T01:52:13.053Z,Hemper Puffco Trippy Shroom Peak Top | PIRANHA | Hemper Trippy Shroom Puffco Peak Glass
5521,Bong Glycerin Thicc,Bongs,Bonglab,bonglab,bong-glycerin-thicc,glycerin-thicc,/productos/bonglab/glycerin-thicc,3,3,Fumetas | GrowBarato Chile | Piranha,89990,105990,18,Piranha,Fumetas,true,true,2026-06-13T01:56:11.768Z,Bong Glycerin Thicc | Glycerin Thicc Mint Bonglab - Bong Con Glicerina en GB The Green Brand | Bonglab Bong Glycerin Thicc 36cm
10319,DynaVap Titanium The Helix Tip | PIRANHA,Repuestos para bongs y vaporizadores,DYNAVAP,dynavap,tip-helix-titanium,helix-titanium-tip,/productos/dynavap/helix-titanium-tip,2,2,Astro Growshop | Piranha,89990,94991,6,Astro Growshop,Piranha,true,true,2026-06-13T01:52:55.118Z,The Helix Titanium Tip- Dynavap | DynaVap Titanium The Helix Tip | PIRANHA
10324,Weecke Vaporizador Fenix Pro 7th Gen,Vaporizadores herbales,Weecke,weecke,vaporizer-fenix-pro,fenix-pro,/productos/weecke/fenix-pro,2,2,Astro Growshop | Fumetas,89990,98991,10,Astro Growshop,Fumetas,true,true,2026-06-13T00:32:49.757Z,Vaporizador Fenix Pro V2-Weecke | Weecke Vaporizador Fenix Pro 7th Gen
10594,Polerón RAW Hoodie Bolsillos Secretos,Otros parafernalia,,raw,hoodie-bolsillos-secretos,hoodie-bolsillos-secretos,/productos/raw/hoodie-bolsillos-secretos,2,2,Fumetas | Piranha,89991,117990,31,Piranha,Fumetas,true,true,2026-06-13T01:46:46.821Z,Polerón RAW Hoodie Escondites Secretos (L/XL/XXL) | PIRANHA | Polerón Hoodie Canguro Raw Rawlers - Bolsillos Secretos
10590,Mochila Smellproof Blazy Susan Negra,Otros parafernalia,,blazy-susan,mochila-smellproof-negra,mochila-smellproof-negra,/productos/blazy-susan/mochila-smellproof-negra,2,2,Astro Growshop | Fumetas,89991,94990,6,Fumetas,Astro Growshop,true,true,2026-06-13T01:10:23.779Z,Blazy Susan Mochila Smell-Proof Negra | Mochila Smellproof Logos Black-Blazy Susan
10442,Octave Hamr Cold Start Rig,Bongs,,octave,hamr-cold-start-rig,hamr-cold-start-rig,/productos/octave/hamr-cold-start-rig,3,3,Astro Growshop | Fumetas | GrowBarato Chile,92000,149990,63,GrowBarato Chile,Fumetas,true,true,2026-06-13T01:56:04.183Z,Octave HAMR Cold Start Rig - GB The Green Brand | Hamr Cold Start Rig-Octave | Hamr Cold Start Rig-Octave
10468,Yocan Vaporizador Falcon Kit 6 en 1,Accesorios de extraccion,,yocan,falcon-kit-6-en-1,falcon-kit-6-en-1,/productos/yocan/falcon-kit-6-en-1,2,2,Fumetas | Piranha,94991,99990,5,Piranha,Fumetas,true,true,2026-06-13T01:42:58.991Z,Vaporizador Yocan Falcon Kit 6 en 1 | PIRANHA | Yocan Vaporizador Falcon Kit
10458,Puffco Pivot 3D Chamber 2-Pack,Accesorios de extraccion,,puffco,pivot-3d-chamber-2-pack,pivot-3d-chamber-2-pack,/productos/puffco/pivot-3d-chamber-2-pack,3,3,Astro Growshop | Fumetas | Piranha,94991,101990,7,Piranha,Astro Growshop,true,true,2026-06-13T01:37:05.348Z,Puffco Pivot 3D Chamber (2-Pack) | PIRANHA | Puffco Pivot 3D Chamber 2-Pack | Pivot 3D Chamber 2Pack-Puffco
10460,Focus V Batería Intercambiable Aeris,Repuestos para bongs y vaporizadores,,focus-v,bateria-intercambiable-aeris,bateria-intercambiable-aeris,/productos/focus-v/bateria-intercambiable-aeris,2,2,Astro Growshop | Piranha,94991,99990,5,Piranha,Astro Growshop,true,true,2026-06-13T01:36:06.252Z,Batería Intercambiable Aeris Focus V | PIRANHA | BATERIA INTERCAMBIABLE AERIS -FOCUS V
8651,Vaporizador DaVinci MIQRO-C | PIRANHA,Vaporizadores herbales,DAVINCI,davinci,vaporizadores-miqro-c,miqro-c,/productos/davinci/miqro-c,5,4,Astro Growshop | Fumetas | GrowBarato Chile | Piranha,97993,149990,53,Piranha,Astro Growshop,true,true,2026-06-13T01:56:28.642Z,Vaporizador DaVinci MIQRO-C | PIRANHA | Davinci Miqro-C | Vaporizador portátil | Vaporizador DaVinci Miqro C - Herbal | Vaporizador Miqro C -Da Vinci | Glove Vaporizador Miqro Black-Da Vinc
10519,Storz & Bickel Easy Valve Starter Set,Repuestos para bongs y vaporizadores,,storz-bickel,easy-valve-starter-set,easy-valve-starter-set,/productos/storz-bickel/easy-valve-starter-set,2,2,Fumetas | Piranha,98272,145990,49,Piranha,Fumetas,true,true,2026-06-13T01:52:49.860Z,Válvula Easy Valve Starter Set | Storz &amp; Bickel Easy Valve Starter Set
10207,Puffco Vaporizador Plus,Accesorios de extraccion,Puffco,puffco,vaporizer-plus,vaporizer-plus,/productos/puffco/vaporizer-plus,3,3,Astro Growshop | Fumetas | GrowBarato Chile,99990,129990,30,Fumetas,Astro Growshop,true,true,2026-06-13T01:56:59.278Z,Puffco Vaporizador Plus | Puffco Plus | Vaporizador portátil ➤ Growbarato Chile | Vaporizador Plus Silver-Puffco
10433,Puffco Peak Pro Glass,Accesorios de extraccion,,puffco,peak-pro-glass,peak-pro-glass,/productos/puffco/peak-pro-glass,3,3,Astro Growshop | Fumetas | Piranha,99990,104990,5,Piranha,Fumetas,true,true,2026-06-13T01:52:49.548Z,Peak Pro Glass - Puffco | Peak Pro Glass-Puffco | Puffco Peak Pro Glass
10456,Puffco Peak Pro 3D Chamber,Accesorios de extraccion,,puffco,peak-pro-3d-chamber,peak-pro-3d-chamber,/productos/puffco/peak-pro-3d-chamber,2,2,Astro Growshop | Piranha,107990,107991,0,Astro Growshop,Piranha,true,true,2026-06-13T01:36:05.207Z,Peak Pro 3D Chamber-Puffco | Puffco Peak Pro 3D Chamber | PIRANHA
6002,Moledor SLX 90mm,Moledores,SLX,slx,grinder-90mm,ceramic-90mm,/productos/slx/ceramic-90mm,3,3,Astro Growshop | Fumetas | GrowBarato Chile,108741,124200,14,Fumetas,GrowBarato Chile,true,true,2026-06-13T01:55:15.264Z,Moledor SLX 90mm | Moledor 9CM-Slx | Moledor SLX 90 mm cerámico antiadherente | Grinder SLX grande
10163,Glycerin Green Avalanche Bonglab al Mejor Precio - GB The Green Brand,Bongs,Bonglab,bonglab,bong-glycerin-avalanche-mejor-precio,glycerin-avalanche,/productos/bonglab/glycerin-avalanche,3,3,Fumetas | GrowBarato Chile | Piranha,113400,129990,15,GrowBarato Chile,Fumetas,true,true,2026-06-13T01:56:09.315Z,Glycerin Green Avalanche Bonglab al Mejor Precio - GB The Green Brand | Bong Glycerin Green Avalanche Bonglab | PIRANHA | Bonglab Bong Glycerin Green Avalanche 50cm
10365,Weecke Fenix 2 Max,Vaporizadores herbales,,weecke,fenix-2-max,fenix-2-max,/productos/weecke/fenix-2-max,2,2,Astro Growshop | Piranha,119591,160990,35,Piranha,Astro Growshop,true,true,2026-06-13T01:40:25.282Z,Vaporizador Weecke Fenix 2 + (Max) | PIRANHA | FENIX 2 MAX - WEECKE
10432,Puffco Peak Pro Power Dock,Accesorios de extraccion,,puffco,peak-pro-power-dock,peak-pro-power-dock,/productos/puffco/peak-pro-power-dock,2,2,Astro Growshop | Piranha,124492,149990,20,Piranha,Astro Growshop,true,true,2026-06-13T01:52:43.442Z,Peak Pro Power Dock - Puffco | Peak Pro Power Dock-Puffco
10559,Puffco Proxy Wizard,Accesorios de extraccion,,puffco,proxy-wizard,proxy-wizard,/productos/puffco/proxy-wizard,2,2,Astro Growshop | Piranha,125993,156990,25,Piranha,Astro Growshop,true,true,2026-06-13T01:52:44.776Z,Accesorio Proxy Wizard - Puffco | Proxy Wizard Black-Puffco
10189,Vaporizador Dynavap M7 XL,Vaporizadores herbales,DynaVap,dynavap,vaporizadores-m7-xl-xl,m7-xl,/productos/dynavap/m7-xl,2,2,Fumetas | GrowBarato Chile,127990,131000,2,Fumetas,GrowBarato Chile,true,true,2026-06-13T01:57:21.789Z,Dynavap Vaporizador Mecánico M7 XL | Vaporizador Dynavap M7 XL | Versión extendida sin batería
10562,Puffco Proxy Bub Bubbler,Accesorios de extraccion,,puffco,proxy-bub,proxy-bub,/productos/puffco/proxy-bub,2,2,Astro Growshop | Piranha,128241,161990,26,Piranha,Astro Growshop,true,true,2026-06-13T01:52:25.639Z,Proxy Bub Puffco | PIRANHA | Proxy Bloom Bubbler-Puffco
10405,Ispire The Wand + Adaptador DynaVap,Vaporizadores herbales,,ispire,the-wand-adaptador-dynavap,the-wand-adaptador-dynavap,/productos/ispire/the-wand-adaptador-dynavap,3,3,Astro Growshop | Fumetas | Piranha,128791,139990,9,Piranha,Fumetas,true,true,2026-06-13T00:30:15.781Z,DynaVap Ispire The Wand + Wand Adaptor | PIRANHA | The Wand-Dynavap | Ispire The Wand + Adaptador De Silicona Para Dynavap
10406,DynaVap The UniDyn,Vaporizadores herbales,,dynavap,the-unidyn,the-unidyn,/productos/dynavap/the-unidyn,4,4,Astro Growshop | Fumetas | GrowBarato Chile | Piranha,129994,169990,31,Piranha,Astro Growshop,true,true,2026-06-13T01:58:09.623Z,Vaporizador DynaVap The UniDyn | PIRANHA | Vaporizador Dynavap The UniDyn | Modular y personalizable | Dynavap Vaporizador Unidyn | Vaporizador The Unidyn-Dynavap
10327,Vaporizador DynaVap The VonG (Titanium) | PIRANHA,Vaporizadores herbales,DYNAVAP,dynavap,vaporizer-vong-titanium,vong-titanium,/productos/dynavap/vong-titanium,2,2,Astro Growshop | Piranha,131992,194990,48,Piranha,Astro Growshop,true,true,2026-06-13T01:34:12.069Z,Vaporizador DynaVap The VonG (Titanium) | PIRANHA | Vaporizador The Vong Titanium-Dynavap
10330,Atomizador Intelli-Core Max para Extractos con Bubbler Cap | PIRANHA,Accesorios de extraccion,FOCUS V,focus-v,atomizer-intelli-core-max,intelli-core-max,/productos/focus-v/intelli-core-max,2,2,Astro Growshop | Piranha,134990,142491,6,Astro Growshop,Piranha,true,true,2026-06-13T01:52:52.511Z,ATOMIZADOR INTELLI-CORE MAX PARA EXTRACTOS CON BUBBLER CAP-FOCUS V | Atomizador Intelli-Core Max para Extractos con Bubbler Cap | PIRANHA
10478,Weecke Vaporizador Fenix Neo,Vaporizadores herbales,,weecke,fenix-neo,fenix-neo,/productos/weecke/fenix-neo,2,2,Astro Growshop | Fumetas,134991,141990,5,Fumetas,Astro Growshop,true,true,2026-06-13T01:15:02.117Z,Weecke Vaporizador Fenix Neo | Vaporizador Hierba Fenix Neo- Weecke
10454,Puffco Peak Pro 3DXL Chamber,Accesorios de extraccion,,puffco,peak-pro-3dxl-chamber,peak-pro-3dxl-chamber,/productos/puffco/peak-pro-3dxl-chamber,3,3,Astro Growshop | Fumetas | Piranha,144492,161990,12,Piranha,Astro Growshop,true,true,2026-06-13T01:35:55.809Z,Puffco Peak Pro 3DXL Chamber | PIRANHA | Puffco Atomizador Peak Pro 3DXL | Peak Pro 3Dxl Chamber-Puffco
10587,Traje RAW Spacesuit,Otros parafernalia,,raw,spacesuit,spacesuit,/productos/raw/spacesuit,2,2,Fumetas | Piranha,149591,197990,32,Piranha,Fumetas,true,true,2026-06-13T01:46:21.618Z,Traje RAW Spacesuit Black (L/XL) | PIRANHA | Raw Traje Spacesuite
10494,Puffco Vaporizador Pivot,Accesorios de extraccion,,puffco,pivot,pivot,/productos/puffco/pivot,3,3,Astro Growshop | Fumetas | Piranha,174292,201990,16,Piranha,Astro Growshop,true,true,2026-06-13T01:37:09.546Z,Vaporizador Puffco Pivot | PIRANHA | Vaporizador Puffco Pivot | Vaporizador Pivot Onyx-Puffco
10539,Vaporizador DaVinci IQC,Vaporizadores herbales,,davinci,iqc,iqc,/productos/davinci/iqc,3,3,Astro Growshop | Fumetas | Piranha,178192,235990,32,Piranha,Fumetas,true,true,2026-06-13T01:49:27.079Z,Vaporizador DaVinci IQC (Color a elección) | Vaporizador Iqc-Da Vinci | Vaporizador DaVinci IQC
10541,Vaporizador G Pen Roam,Vaporizadores herbales,,g-pen,roam,roam,/productos/g-pen/roam,2,2,Fumetas | Piranha,179994,239990,33,Piranha,Fumetas,true,true,2026-06-13T01:50:59.416Z,Vaporizador Roam | Vaporizador G Pen Roam
10558,Puffco Peak Pro Link Onyx,Accesorios de extraccion,,puffco,peak-pro-link-onyx,peak-pro-link-onyx,/productos/puffco/peak-pro-link-onyx,2,2,Astro Growshop | Piranha,195492,206990,6,Piranha,Astro Growshop,true,true,2026-06-13T01:52:31.244Z,Accesorio Puffco Peak Pro Link Onyx | PIRANHA | NEW PEAK PRO LINK - PUFFCO
10435,Focus V Vaporizador Aeris,Vaporizadores herbales,,focus-v,aeris,aeris,/productos/focus-v/aeris,3,3,Astro Growshop | Fumetas | Piranha,199192,239990,20,Piranha,Astro Growshop,true,true,2026-06-13T01:35:33.904Z,Vaporizador Aeris Focus V | PIRANHA | VAPORIZADOR AERIS -FOCUS V | Focus V Vaporizador Aeris
9244,Vaporizador Da Vinci Iq3 (Onyx/Blue/Purple/Grey),Vaporizadores herbales,DaVinci,davinci,vaporizadores-iq3,iq3,/productos/davinci/iq3,3,3,Astro Growshop | Fumetas | Piranha,219593,304990,39,Piranha,Astro Growshop,true,true,2026-06-13T01:33:44.156Z,Vaporizador DaVinci IQ3 | PIRANHA | Vaporizador DaVinci IQ3 | Vaporizador Da Vinci Iq3 (Onyx/Blue/Purple/Grey)
10377,Storz & Bickel Plenty,Vaporizadores herbales,,storz-bickel,plenty,plenty,/productos/storz-bickel/plenty,3,3,Astro Growshop | Fumetas | Piranha,239990,269990,13,Astro Growshop,Fumetas,true,true,2026-06-13T01:50:52.143Z,Vaporizador Plenty Negro-Storz &amp; Bickel | Vaporizador Plenty - STORZ & BICKEL | Vaporizador Plenty Storz &amp; Bickel
5741,Vaporizador Crafty+ Plus,Vaporizadores herbales,Storz & Bickel,storz-bickel,vaporizadores-crafty-plus,crafty-plus,/productos/storz-bickel/crafty-plus,3,3,Astro Growshop | Fumetas | GrowBarato Chile,246390,297000,21,Astro Growshop,GrowBarato Chile,true,true,2026-06-13T02:02:12.815Z,Vaporizador Crafty Plus-Storz &amp; Bickel | Storz &amp; Bickel Vaporizador Crafty+ Plus | Crafty Plus Negro Storz & Bikel
10100,Veazy Storz & Bickel | PIRANHA,Vaporizadores herbales,Storz & Bickel,storz-bickel,,venty,/productos/storz-bickel/venty,4,3,Astro Growshop | Fumetas | Piranha,249191,499990,101,Piranha,Fumetas,true,true,2026-06-13T01:52:38.653Z,Veazy Storz & Bickel | PIRANHA | Venty Storz & Bickel | PIRANHA | Vaporizador Venty-Storz &amp; Bickel | Vaporizador Venty Storz &amp; Bickel
9248,Vaporizador Puffco New Peak | PIRANHA,Vaporizadores herbales,Puffco,puffco,vaporizadores-vaporizador-new-peak,vaporizer-peak,/productos/puffco/vaporizer-peak,2,2,Fumetas | Piranha,258993,269990,4,Piranha,Fumetas,true,true,2026-06-13T01:52:49.939Z,Vaporizador Puffco New Peak | PIRANHA | Vaporizador Puffco Peak 2024
10321,Vaporizador Focus V Carta Sport | PIRANHA,Vaporizadores herbales,FOCUS V,focus-v,vaporizer-carta-sport,carta-sport,/productos/focus-v/carta-sport,3,3,Astro Growshop | Fumetas | Piranha,269691,289990,8,Piranha,Astro Growshop,true,true,2026-06-13T01:34:58.469Z,Vaporizador Focus V Carta Sport | PIRANHA | VAPORIZADOR CARTA SPORT -FOCUS V | Focus V Vaporizador Carta Sport
10459,Puffco Proxy Black + Joystick Cap,Accesorios de extraccion,,puffco,proxy-black-joystick-cap,proxy-black-joystick-cap,/productos/puffco/proxy-black-joystick-cap,2,2,Astro Growshop | Piranha,295990,296442,0,Astro Growshop,Piranha,true,true,2026-06-13T01:52:28.909Z,Proxy Black + Joystick Cap-Puffco | Vaporizador Proxy Kit Black + Joystick Cap - Puffco
9246,Vaporizador Volcano Classi,Vaporizadores herbales,Storz & Bickel,storz-bickel,vaporizadores-vaporizador-volcano-classi,volcano-classic,/productos/storz-bickel/volcano-classic,5,4,Astro Growshop | Fumetas | GrowBarato Chile | Piranha,339992,399990,18,Piranha,Fumetas,true,true,2026-06-13T02:02:12.976Z,Vaporizador Volcano Classi | Volcano Clasico Onyx Edition-Storz &amp; Bickel | Vaporizador Volcano Classic Onyx de Storz y Bickel | Volcano Classic y Digital Vaporizador | Storz &amp; Bickel Vaporizador Volcano Classic
10443,Puffco Vaporizador Proxy,Accesorios de extraccion,,puffco,proxy,proxy,/productos/puffco/proxy,2,2,Astro Growshop | Fumetas,349990,349990,0,Astro Growshop,Astro Growshop,true,true,2026-06-13T00:33:36.267Z,Vaporizador Proxy -Puffco | Puffco Vaporizador Proxy
9245,Mighty +,Vaporizadores herbales,Storz & Bickel,storz-bickel,vaporizadores-mighty,mighty-plus,/productos/storz-bickel/mighty-plus,4,4,Astro Growshop | Fumetas | GrowBarato Chile | Piranha,367990,399990,9,Astro Growshop,Fumetas,true,true,2026-06-13T02:00:32.437Z,Vaporizador Mighty + Negro-Storz &amp; Bickel | Mighty + | Mighty Plus Storz & Bickel Negro | Vaporizador Mighty+ Plus Storz &amp; Bickel
9247,Puffco Vaporizador Peak Pro,Vaporizadores herbales,Puffco,puffco,vaporizadores-vaporizador-peak-pro,vaporizer-peak-pro,/productos/puffco/vaporizer-peak-pro,3,2,Fumetas | GrowBarato Chile,459990,540000,17,Fumetas,GrowBarato Chile,true,true,2026-06-13T02:02:13.006Z,Puffco Vaporizador Peak Pro | Puffco Vaporizador New Peak Pro + Chamber 3D XL | Puffco Peak Pro vaporizador
10561,Puffco New Peak Pro Pearl + 3DXL Limited,Accesorios de extraccion,,puffco,new-peak-pro-pearl-3dxl,new-peak-pro-pearl-3dxl,/productos/puffco/new-peak-pro-pearl-3dxl,2,2,Astro Growshop | Piranha,497692,597990,20,Piranha,Astro Growshop,true,true,2026-06-13T01:33:57.491Z,Vaporizador Puffco New Peak Pro Pearl 3DXL Limited | PIRANHA | New Peak Pro Pearl + 3Dxl-Puffco
10560,Puffco New Peak Pro Onyx + 3DXL Limited,Accesorios de extraccion,,puffco,new-peak-pro-onyx-3dxl,new-peak-pro-onyx-3dxl,/productos/puffco/new-peak-pro-onyx-3dxl,2,2,Astro Growshop | Piranha,497692,597990,20,Piranha,Astro Growshop,true,true,2026-06-13T01:33:56.128Z,Vaporizador Puffco New Peak Pro Onyx 3DXL Limited | PIRANHA | New Peak Pro Onyx + 3Dxl-Puffco
10099,Volcano Hybrid Storz & Bickel - GB The Green Brand,Vaporizadores herbales,Storz & Bickel,storz-bickel,vaporizadores-volcano-hybrid,volcano-hybrid,/productos/storz-bickel/volcano-hybrid,4,4,Astro Growshop | Fumetas | GrowBarato Chile | Piranha,539991,599990,11,Piranha,Fumetas,true,true,2026-06-13T01:56:34.673Z,Vaporizador Volcano Hybrid (Color a elección) | Volcano Hybrid Storz & Bickel - GB The Green Brand | Volcano Hybrid-Storz &amp; Bickel | Storz &amp; Bickel Vaporizador Volcano Hybrid
5745,Volcano Hybrid Onyx Edition-Storz &amp; Bickel,Vaporizadores herbales,Storz & Bickel,storz-bickel,vaporizadores-volcano-hybrid,volcano-hybrid-onyx,/productos/storz-bickel/volcano-hybrid-onyx,2,2,Astro Growshop | Fumetas,549990,599990,9,Astro Growshop,Fumetas,true,true,2026-06-13T00:31:33.000Z,Volcano Hybrid Onyx Edition-Storz &amp; Bickel | Storz &amp; Bickel Vaporizador Volcano Hybrid Onyx
10584,Blazy Susan Boquillas Pink Pre-Picadas 50u,Filtros y boquillas,,blazy-susan,boquillas-pink-pre-picadas,boquillas-pink-pre-picadas,/productos/blazy-susan/boquillas-pink-pre-picadas,2,2,Astro Growshop | Fumetas,690,790,14,Astro Growshop,Fumetas,false,true,2026-06-13T00:52:23.583Z,Boquillas Tips Pink Und-Blazy Susan | Blazy Susan Boquillas Pink Pre-picadas 50 uds.
10515,Papelillos Smoking Deluxe King Size,Papelillos,,smoking,deluxe-king-size,deluxe-king-size,/productos/smoking/deluxe-king-size,2,2,Astro Growshop | Fumetas,690,990,43,Fumetas,Astro Growshop,false,true,2026-06-13T00:51:25.944Z,Papelillos Smoking Deluxe King Size | Papelillo King Size De Luxe-Smoking
10183,Blazy Susan Deluxe Rolling Kit Purple 1 1/4,Papelillos,Blazy Susan,blazy-susan,paper-1-1-4-1-1-4,purple-con-tips,/productos/blazy-susan/purple-con-tips,2,2,Astro Growshop | Fumetas,1990,2090,5,Astro Growshop,Fumetas,false,true,2026-06-13T00:28:59.420Z,Papelillo Purple 1 1/4 Deluxe Kit 1Und-Blazy Susan | Blazy Susan Deluxe Rolling Kit Purple 1 1/4
10311,Gas Butano Special Blue Ultra Refinado 9X 300ml,Encendedores y sopletes,Special Blue,special-blue,gas-9x-300ml,gas-9x-300ml,/productos/special-blue/gas-9x-300ml,2,2,Astro Growshop | Fumetas,3990,3990,0,Astro Growshop,Astro Growshop,false,true,2026-06-13T00:35:10.609Z,Gas Butano Ultra Refinado X9 Premium-Calvo Glass | Gas Butano Special Blue Ultra Refinado 9X 300ml
10258,Quemador Pro 14 Mm-Bonglab,Repuestos para bongs y vaporizadores,BONGLAB,bonglab,banger-quemador-14mm,bowl-pro-14mm,/productos/bonglab/bowl-pro-14mm,2,2,Astro Growshop | Fumetas,3990,5990,50,Astro Growshop,Fumetas,false,true,2026-06-13T00:28:43.866Z,Quemador Pro 14 Mm-Bonglab | Bonglab Quemador Pro 14mm- Diferentes Colores
10530,Difusor Bonglab 18mm,Repuestos para bongs y vaporizadores,,bonglab,difusor-18mm,difusor-18mm,/productos/bonglab/difusor-18mm,2,2,Astro Growshop | Fumetas,4990,4990,0,Astro Growshop,Astro Growshop,false,true,2026-06-13T01:16:09.384Z,Difusor 18Mm-Bonglab | Difusor bong 18mm-18mm - 14cm
10297,Bonglab Quemador Macho 18mm,Repuestos para bongs y vaporizadores,BongLab,bonglab,banger-quemador-macho-18mm,bowl-macho-18mm,/productos/bonglab/bowl-macho-18mm,2,2,Astro Growshop | Fumetas,4990,5990,20,Fumetas,Astro Growshop,false,true,2026-06-13T00:29:25.680Z,Bonglab Quemador Macho 18mm | Quemador Macho 18Mm -Bonglab
5750,Quemador Rejilla Pyrex 14Mm Cono-Bonglab,Repuestos para bongs y vaporizadores,Bonglab,bonglab,cone-quemador-14mm,bowl-screen-14mm,/productos/bonglab/bowl-screen-14mm,2,2,Astro Growshop | Fumetas,4990,5990,20,Astro Growshop,Fumetas,false,true,2026-06-13T00:28:05.504Z,Quemador Rejilla Pyrex 14Mm Cono-Bonglab | Bonglab Quemador con rejilla - Macho 14mm
10555,Calvo Glass Insert Fondo Blanco,Otros parafernalia,,calvo,insert-fondo-blanco,insert-fondo-blanco,/productos/calvo/insert-fondo-blanco,2,2,Astro Growshop | Fumetas,5990,5990,0,Astro Growshop,Astro Growshop,false,true,2026-06-13T01:14:37.115Z,Insert Fondo Blanco-Calvo Glass | Calvo Glass Insert Opaco
10208,Banger Alto Cuarzo Hembra 14Mm-Bonglab,Accesorios de extraccion,BONGLAB,bonglab,banger-simple-hembra-14mm,banger-alto-hembra-90-14mm,/productos/bonglab/banger-alto-hembra-90-14mm,2,2,Astro Growshop | Fumetas,5990,9590,60,Astro Growshop,Fumetas,false,true,2026-06-13T00:37:29.780Z,Banger Alto Cuarzo Hembra 14Mm-Bonglab | BongLab Banger Alto Cuarzo Hembra 14mm
10482,Encendedor Clipper Metálico Rose Gold,Encendedores y sopletes,,clipper,metalico-rose-gold,metalico-rose-gold,/productos/clipper/metalico-rose-gold,2,2,Astro Growshop | Fumetas,6490,6990,8,Astro Growshop,Fumetas,false,true,2026-06-13T00:50:48.810Z,Encendedor Metalico Rose Gold | Encendedor Clipper Metálico Rose Gold
10481,Encendedor Clipper Metálico Green Gradient,Encendedores y sopletes,,clipper,metalico-green-gradient,metalico-green-gradient,/productos/clipper/metalico-green-gradient,2,2,Astro Growshop | Fumetas,6490,6990,8,Astro Growshop,Fumetas,false,true,2026-06-13T00:50:44.333Z,Encendedor Metalico Green Gradient | Encendedor Clipper Metálico Green Gradient
10480,Encendedor Clipper Metálico Deep Blue,Encendedores y sopletes,,clipper,metalico-deep-blue,metalico-deep-blue,/productos/clipper/metalico-deep-blue,2,2,Astro Growshop | Fumetas,6490,6990,8,Astro Growshop,Fumetas,false,true,2026-06-13T00:50:41.981Z,Encendedor Metálico Deep Blue | Encendedor Clipper Metálico Deep Blue
10261,Calvo Glass Quemador Perlas - Macho 14mm,Repuestos para bongs y vaporizadores,Calvo Glass,calvo,banger-quemador-perlas-14mm,bowl-perlas-14mm,/productos/calvo/bowl-perlas-14mm,2,2,Fumetas | Piranha,6490,6990,8,Fumetas,Piranha,false,true,2026-06-13T00:38:35.559Z,Calvo Glass Quemador Perlas - Macho 14mm | Quemador Perlas Calvo 14mm
10285,Bandeja RAW metálica Prepare for Flight - Grande,Bandejas y ceniceros,RAW,raw,tray-metalica-prepare-for-flight-grande,prepare-for-flight-grande,/productos/raw/prepare-for-flight-grande,2,2,Astro Growshop | Fumetas,8990,10990,22,Astro Growshop,Fumetas,false,true,2026-06-13T00:50:11.497Z,Bandeja Metálica Fly High Grande-Raw | Bandeja RAW metálica Prepare for Flight - Grande
10506,Weecke Boquilla Fenix Neo,Repuestos para bongs y vaporizadores,,weecke,boquilla-fenix-neo,boquilla-fenix-neo,/productos/weecke/boquilla-fenix-neo,2,2,Astro Growshop | Fumetas,9891,10990,11,Fumetas,Astro Growshop,false,true,2026-06-13T01:05:52.451Z,Weecke Boquilla Fenix Neo | Accesorio Mouthpiece Stem Fenix Neo- Weecke
5927,Bonglab Banger Terp Sluter Cuarzo Macho 14MM,Accesorios de extraccion,Bonglab,bonglab,banger-terp-slurper-macho-14mm,banger-terp-slurper-macho-90-14mm,/productos/bonglab/banger-terp-slurper-macho-90-14mm,2,2,Astro Growshop | Fumetas,9990,11990,20,Fumetas,Astro Growshop,false,true,2026-06-13T00:27:59.069Z,Bonglab Banger Terp Sluter Cuarzo Macho 14MM | Banger Terp Slurper Cuarzo Macho 14Mm-Bonglab
10242,Blazy Susan Filtros de carbón activado Xtra Slim 50 uds.,Filtros y boquillas,Blazy Susan,blazy-susan,filter-carbon-slim,carbon-slim-50u,/productos/blazy-susan/carbon-slim-50u,2,2,Astro Growshop | Fumetas,11691,14990,28,Fumetas,Astro Growshop,false,true,2026-06-13T00:47:06.057Z,Blazy Susan Filtros de carbón activado Xtra Slim 50 uds. | Purize Filtros De Carbon Activado Xtra Slim 50U -Blazy Susan
10522,Re:Stash Jar Rosado 4Oz,Contenedores y estuches,,bonglab,re-stash-jar-rosado-4oz,re-stash-jar-rosado-4oz,/productos/bonglab/re-stash-jar-rosado-4oz,2,2,Astro Growshop | Fumetas,17990,22491,25,Astro Growshop,Fumetas,false,true,2026-06-12T23:57:03.452Z,Jar Rosado 4Oz-Bonglab Re: Stash | Re:Stash Jar
10477,Bonglab Round Kit Banger 14mm,Accesorios de extraccion,,bonglab,round-kit-banger,round-kit-banger,/productos/bonglab/round-kit-banger,2,2,Astro Growshop | Fumetas,19990,21990,10,Astro Growshop,Fumetas,false,true,2026-06-13T01:15:49.558Z,Round Kit Banger-Bonglab | Bonglab Banger Round Kit - Macho 14mm
10293,BongLab Contenedor Re:Stash 8oz,Contenedores y estuches,BongLab,re-stash,container-contenedor-8oz,jar-8oz,/productos/re-stash/jar-8oz,2,2,Astro Growshop | Fumetas,20990,23391,11,Astro Growshop,Fumetas,false,true,2026-06-13T00:44:54.946Z,Jar Negro 8Oz-Bonglab Re: Stash | BongLab Contenedor Re:Stash 8oz
10292,BongLab Contenedor Re:Stash 4oz,Contenedores y estuches,BongLab,re-stash,container-contenedor-4oz,jar-4oz,/productos/re-stash/jar-4oz,2,2,Astro Growshop | Fumetas,21591,21990,2,Fumetas,Astro Growshop,false,true,2026-06-13T00:44:53.503Z,BongLab Contenedor Re:Stash 4oz | Jar Ocean Tie Dye 4Oz-Bonglab Re: Stash
10450,Puffco Peak Travel Pack,Accesorios de extraccion,,puffco,peak-travel-pack,peak-travel-pack,/productos/puffco/peak-travel-pack,2,2,Astro Growshop | Fumetas,22990,24990,9,Fumetas,Astro Growshop,false,true,2026-06-13T00:21:40.851Z,Travel Pack Puffco Peak | Peak Travel Pack- Puffco
10294,BongLab Contenedor Re:Stash 12oz,Contenedores y estuches,BongLab,re-stash,container-contenedor-12oz,jar-12oz,/productos/re-stash/jar-12oz,2,2,Astro Growshop | Fumetas,23990,26991,13,Astro Growshop,Fumetas,false,true,2026-06-13T00:44:50.665Z,Jar Negro 12Oz-Bonglab Re: Stash | BongLab Contenedor Re:Stash 12oz
10232,Blazy Susan Conos Pre-enrolados Pink 98mm 50 uds.,Conos y blunts,Blazy Susan,blazy-susan,cone-conos-pre-enrolados-98mm,pre-roll-pink-98mm-50u,/productos/blazy-susan/pre-roll-pink-98mm-50u,2,2,Astro Growshop | Fumetas,26991,29990,11,Fumetas,Astro Growshop,false,true,2026-06-13T00:30:19.257Z,Blazy Susan Conos Pre-enrolados Pink 98mm 50 uds. | Conos Pre Roll 98Mm Jar 50U-Blazy Susan
10424,Storz & Bickel Cargador Mighty,Repuestos para bongs y vaporizadores,,storz-bickel,charger-mighty,charger-mighty,/productos/storz-bickel/charger-mighty,2,2,Astro Growshop | Fumetas,27990,28890,3,Astro Growshop,Fumetas,false,true,2026-06-13T01:12:55.756Z,Cargador Mighty-Storz &amp; Bickel | Storz &amp; Bickel Cargador para Vaporizador Mighty
10525,Calvo Glass Nectar Wax Pen 400mAh,Accesorios de extraccion,,calvo,nectar-wax-pen,nectar-wax-pen,/productos/calvo/nectar-wax-pen,2,2,Astro Growshop | Piranha,27990,28491,2,Astro Growshop,Piranha,false,true,2026-06-13T00:14:46.335Z,Nectar Wax Pen Black-Calvo Glass | Vaporizador Calvo Nectar Wax Pen 400MAH | PIRANHA
10295,BongLab Contenedor Re:Stash 16oz,Contenedores y estuches,BongLab,re-stash,container-contenedor-16oz,jar-16oz,/productos/re-stash/jar-16oz,2,2,Astro Growshop | Fumetas,33990,35990,6,Astro Growshop,Fumetas,false,true,2026-06-13T00:44:52.058Z,Jar Negro Magenta 16Oz-Bonglab Re: Stash | BongLab Contenedor Re:Stash 16oz
10512,Encendedor Zippo Classic Red Matte,Encendedores y sopletes,,zippo,classic-red-matte,classic-red-matte,/productos/zippo/classic-red-matte,2,2,Astro Growshop | Fumetas,34990,36990,6,Astro Growshop,Fumetas,false,true,2026-06-13T01:03:41.019Z,Encendedor Classic Red Matte Logo - Zippo | Encendedor Zippo Red Matte
10276,Encendedor Zippo Royal Blue Matte,Encendedores y sopletes,Zippo,zippo,lighter-encendedor-royal-blue-matte,royal-blue-matte,/productos/zippo/royal-blue-matte,2,2,Astro Growshop | Fumetas,34990,34990,0,Astro Growshop,Astro Growshop,false,true,2026-06-13T00:32:04.663Z,Encendedor Royal Blue Matte Logo - Zippo | Encendedor Zippo Royal Blue Matte
10425,Encendedor Zippo Jack Daniels,Encendedores y sopletes,,zippo,jack-daniels,jack-daniels,/productos/zippo/jack-daniels,2,2,Astro Growshop | Fumetas,35990,36990,3,Fumetas,Astro Growshop,false,true,2026-06-13T00:29:41.216Z,Encendedor Zippo Jack Daniels | Jack Daniels-Zippo
6773,American Helix Pipa UNO OG Mini 12cm,Pipas,American Helix,american-helix,pipe-pipa-uno-mini-12cm-12cm-mini,mini-uno,/productos/american-helix/mini-uno,4,2,Astro Growshop | Fumetas,36990,36990,0,Astro Growshop,Astro Growshop,false,true,2026-06-13T00:27:57.900Z,Pipa Uno Mini Standard Verde-American Helix | Pipa Uno Mini Standard Rojo-American Helix | Pipa Uno Mini Standard Azul-American Helix | American Helix Pipa UNO OG Mini 12cm
10423,Calvo Glass Rig Dragon Ball Z,Bongs,,calvo,rig-dragon-ball-z,rig-dragon-ball-z,/productos/calvo/rig-dragon-ball-z,2,2,Astro Growshop | Fumetas,38990,38990,0,Astro Growshop,Astro Growshop,false,true,2026-06-13T00:52:40.384Z,Rig Dragon Ball Z -Calvo Glass | Calvo Glass Rig Dragon Ball Z
10225,Rig Big Leaf-Calvo Glass,Bongs,CALVO GLASS,calvo,bong-rig-big-leaf,big-leaf,/productos/calvo/big-leaf,2,2,Astro Growshop | Fumetas,38990,39990,3,Astro Growshop,Fumetas,false,true,2026-06-13T00:37:59.496Z,Rig Big Leaf-Calvo Glass | Calvo Bong Big Leaf Rig 22cm
10155,Roller Coaster-Bonglab,Bongs,Bonglab,bonglab,bong-roller-coaster,roller-coaster,/productos/bonglab/roller-coaster,2,2,Astro Growshop | Fumetas,39990,39990,0,Astro Growshop,Astro Growshop,false,true,2026-06-13T00:29:13.211Z,Roller Coaster-Bonglab | Bonglab Bong Roller Coaster 17cm
10393,Airistech Herbva 5G,Vaporizadores herbales,,airis,herbva-5g,herbva-5g,/productos/airis/herbva-5g,2,2,Astro Growshop | Fumetas,39990,41990,5,Fumetas,Astro Growshop,false,true,2026-06-13T00:28:55.992Z,Vaporizador Herbva 5G | Vaporizador Herbva 5G Black-Airistech
5775,Honey Waffle -Bonglab,Bongs,Bonglab,bonglab,bong-honey-waffle,honey-waffle,/productos/bonglab/honey-waffle,2,2,Astro Growshop | Fumetas,39990,39990,0,Astro Growshop,Astro Growshop,false,true,2026-06-13T00:28:00.234Z,Honey Waffle -Bonglab | Bonglab Bong Honey Waffle 23cm
10485,Ozeta Bolso XXL Con Clave Anti-Olor,Contenedores y estuches,,ozeta,bolso-xxl-con-clave,bolso-xxl-con-clave,/productos/ozeta/bolso-xxl-con-clave,2,2,Astro Growshop | Fumetas,40000,45990,15,Astro Growshop,Fumetas,false,true,2026-06-13T01:09:04.048Z,BOLSO CILINDRO ANTI OLOR XXL CON CLAVE OZETA - CAJA ROTA | Ozeta Bolso XXL Con Clave - Anti-olor
10535,Calvo Glass Phantom Rig 22cm,Bongs,,calvo,phantom-rig-22cm,phantom-rig-22cm,/productos/calvo/phantom-rig-22cm,2,2,Astro Growshop | Fumetas,44990,44990,0,Fumetas,Fumetas,false,true,2026-06-13T00:40:49.996Z,Calvo Bong Phantom Rig 22cm | Rig Phantom-Calvo Glass
10308,Encendedor Zippo Cannabis Design,Encendedores y sopletes,Zippo,zippo,lighter-cannabis-design-3,cannabis-design-3,/productos/zippo/cannabis-design-3,2,2,Astro Growshop | Fumetas,44990,44990,0,Astro Growshop,Astro Growshop,false,true,2026-06-13T00:29:40.074Z,Cannabis Design 3-Zippo | Encendedor Zippo Cannabis Design
10220,Purple Rig Purple-Bonglab,Bongs,Bonglab,bonglab,bong-purple-rig-purple,purple-rig,/productos/bonglab/purple-rig,2,2,Astro Growshop | Fumetas,47990,49990,4,Astro Growshop,Fumetas,false,true,2026-06-13T00:44:58.623Z,Purple Rig Purple-Bonglab | BongLab Bong K68 Purple Rig 22cm
10439,DynaVap Vaporizador The B,Vaporizadores herbales,,dynavap,the-b,the-b,/productos/dynavap/the-b,2,2,Astro Growshop | Fumetas,48990,57990,18,Astro Growshop,Fumetas,false,true,2026-06-13T00:32:54.183Z,Vaporizador The B-Dynavap | DynaVap Vaporizador The B
10421,PMG Bong Kube 9cm,Bongs,,piecemaker,kube-9cm,kube-9cm,/productos/piecemaker/kube-9cm,2,2,Astro Growshop | Fumetas,57990,57990,0,Astro Growshop,Astro Growshop,false,true,2026-06-12T23:59:30.890Z,Bong Kube 9Cm -Pmg | PMG Bong Kube 9cm
10591,Mochila Smellproof Blazy Susan Rosada,Otros parafernalia,,blazy-susan,mochila-smellproof-rosada,mochila-smellproof-rosada,/productos/blazy-susan/mochila-smellproof-rosada,2,2,Astro Growshop | Fumetas,80991,94990,17,Fumetas,Astro Growshop,false,true,2026-06-13T01:10:24.962Z,Blazy Susan Mochila Smell-Proof Rosada | Mochila Smellproof Clasica Pink-Blazy Susan
10287,Vaporizador Mighty Negro-Storz &amp; Bickel,Vaporizadores herbales,STORZ & BICKEL,storz-bickel,vaporizadores-mighty,mighty,/productos/storz-bickel/mighty,2,2,Astro Growshop | Fumetas,339990,339990,0,Fumetas,Fumetas,false,true,2026-06-13T00:40:06.235Z,Vaporizador Mighty V2 Storz &amp; Bickel | Vaporizador Mighty Negro-Storz &amp; Bickel
10302,Storz &amp; Bickel Vaporizador Volcano Classic Gold 24K,Vaporizadores herbales,Storz & Bickel,storz-bickel,vaporizadores-volcano-classic,volcano-classic-gold-24k,/productos/storz-bickel/volcano-classic-gold-24k,2,2,Astro Growshop | Fumetas,499990,499990,0,Fumetas,Fumetas,false,true,2026-06-13T00:37:04.641Z,Storz &amp; Bickel Vaporizador Volcano Classic Gold 24K | Volcano Clasico Gold 24K-Storz &amp; Bickel
