id,name,category,brand,brandKey,modelKey,modelSlug,url,offers,stores,storeNames,minPrice,maxPrice,spreadPct,cheapestStore,priciestStore,inStock,hasImage,lastSeenAt,titles
10300,Blazy Susan Boquillas Purple Pre-picadas 50 uds.,Filtros y boquillas,Blazy Susan,blazy-susan,,tips-purple-50u,/productos/blazy-susan/tips-purple-50u,3,2,Astro Growshop | Fumetas,690,790,14,Astro Growshop,Fumetas,true,true,2026-06-13T00:52:24.777Z,Boquillas Tips Purple Display 1 Und-Blazy Susan | Boquillas Tips Purple Und-Blazy Susan | Blazy Susan Boquillas Purple Pre-picadas 50 uds.
10479,Boquillas RAW Cono Perfecto,Filtros y boquillas,,raw,cono-perfecto,cono-perfecto,/productos/raw/cono-perfecto,2,2,Astro Growshop | Fumetas,690,990,43,Fumetas,Astro Growshop,true,true,2026-06-13T00:32:35.804Z,Boquillas RAW Cono Perfecto | TIPS RAW PERFECTO CONO
10527,Soulblime Bolsa Hermética Diseños,Otros parafernalia,,soulblime,bolsa-hermetica,bolsa-hermetica,/productos/soulblime/bolsa-hermetica,2,2,Fumetas | GrowBarato Chile,700,990,41,GrowBarato Chile,Fumetas,true,true,2026-06-13T01:15:35.313Z,Bolsa Hermética Soulblime | Diseños originales y máxima protección en Chile | Soulblime Bolsa Hermética Diseños
10299,LRC Papelillos Unbleached 1 1/4,Papelillos,Lion Rolling Circus,lion-rolling-circus,paper-1-1-4-1-1-4,unbleached-1-1-4,/productos/lion-rolling-circus/unbleached-1-1-4,2,2,Fumetas | Piranha,750,990,32,Fumetas,Piranha,true,true,2026-06-13T01:52:49.680Z,LRC Papelillos Unbleached 1 1/4 | Papelillo Natural Unbleached 1 1/4
10355,OCB Rice 1 1/4,Papelillos,,ocb,rice-1-1-4,rice-1-1-4,/productos/ocb/rice-1-1-4,2,2,Fumetas | Piranha,790,990,25,Fumetas,Piranha,true,true,2026-06-13T01:39:36.452Z,OCB Papelillos Rice Sin Blanquear 1 1/4 | Papelillo OCB Rice (Arroz) 1 1/4 | PIRANHA
5467,Papelillo Unbleached 1 1/4 1Und-Blazy Susan,Papelillos,Blazy Susan,blazy-susan,paper-1-1-4-1-1-4,unbleached,/productos/blazy-susan/unbleached,2,2,Astro Growshop | Piranha,790,790,0,Piranha,Piranha,true,true,2026-06-13T01:27:26.624Z,Papelillo 1 1/4 Blazy Susan Unbleached | PIRANHA | Papelillo Unbleached 1 1/4 1Und-Blazy Susan
8638,Blunt Wrap Platinum x2,Conos y blunts,Blunt Wrap,blunt-wrap,,wrap-platinum-2u,/productos/blunt-wrap/wrap-platinum-2u,3,2,Astro Growshop | Fumetas,790,990,25,Astro Growshop,Astro Growshop,true,true,2026-06-13T00:44:43.801Z,BLUNT PLATINUM X2 SABOR WHITE GRAPE | Platinium X2 Bubble Gum 1U- Blunt Wrap | Blunt Wrap Platinum x2
10402,Blunt Wrap Double Platinum Blueberry x2,Conos y blunts,,platinum,double-platinum-blueberry-x2,double-platinum-blueberry-x2,/productos/platinum/double-platinum-blueberry-x2,2,2,Astro Growshop | Piranha,890,990,11,Piranha,Astro Growshop,true,true,2026-06-13T01:47:35.462Z,Blunt Wrap Double!! Platinum (2u) | PIRANHA | Platinium X2 Blueberry 1U- Blunt Wrap
10238,Gas Butano 18Ml-Ronson,Encendedores y sopletes,RONSON,ronson,lighter-gas-butano-18ml-18ml,gas-18ml,/productos/ronson/gas-18ml,2,2,Astro Growshop | Fumetas,890,990,11,Astro Growshop,Fumetas,true,true,2026-06-13T00:39:17.150Z,Gas Butano 18Ml-Ronson | Gas Butano Ronson 18 ml
10370,C-Thru Papelillo Celulosa Transparente 1 1/4,Papelillos,,c-thru,celulosa-transparente-1-1-4,celulosa-transparente-1-1-4,/productos/c-thru/celulosa-transparente-1-1-4,3,2,Astro Growshop | Piranha,990,1490,51,Piranha,Piranha,true,true,2026-06-13T01:52:49.975Z,Papelillo Celulosa Transparente 1 1/4 | Papelillos De Celulosa Transparente 1 1/4-C-Thru | Papelillo Celulosa Transparente 1 1/4
10390,Galaxy Porta Caño Black,Otros parafernalia,,galaxy,porta-cano-black,porta-cano-black,/productos/galaxy/porta-cano-black,2,2,Astro Growshop | Piranha,990,1190,20,Astro Growshop,Piranha,true,true,2026-06-13T01:47:55.539Z,Porta Caños Black - Galaxy | Porta Caño Galaxy Black | PIRANHA
10318,Repuesto Clipper Pedernal Encendedor (3u) | PIRANHA,Encendedores y sopletes,CLIPPER,clipper,flint-pedernal-3u,pedernal-3u,/productos/clipper/pedernal-3u,2,2,Astro Growshop | Piranha,990,990,0,Astro Growshop,Astro Growshop,true,true,2026-06-13T01:34:44.404Z,Repuesto Pedernal Encendedor X3-Clipper | Repuesto Clipper Pedernal Encendedor (3u) | PIRANHA
5421,Papelillo Unbleached King Size Slim Blazy Susan,Papelillos,Blazy Susan,blazy-susan,paper-king-size-king-size-slim,unbleached-king-size-slim,/productos/blazy-susan/unbleached-king-size-slim,2,2,Astro Growshop | Piranha,990,990,0,Astro Growshop,Astro Growshop,true,true,2026-06-13T01:31:25.589Z,Papelillo Unbleached King Size Slim Blazy Susan | Papelillo King Size Slim Blazy Susan Unbleached | PIRANHA
5719,Filtros Gizeh Slim Rojo con pegamento (120+30) 6mm,Filtros y boquillas,Gizeh,gizeh,filter-slim-6mm-slim,gummed-tip-slim-red-6mm-150u,/productos/gizeh/gummed-tip-slim-red-6mm-150u,2,2,Fumetas | Piranha,990,1390,40,Fumetas,Piranha,true,true,2026-06-13T01:27:22.559Z,Filtros Gizeh Slim Rojo con pegamento (120+30) 6mm | Filtro Gizeh Slim Rojo con Pegamento 6x15mm (120+30u)
10576,Encendedor Clipper Shinobis,Encendedores y sopletes,,clipper,shinobis,shinobis,/productos/clipper/shinobis,2,2,Astro Growshop | Fumetas,990,1000,1,Fumetas,Astro Growshop,true,true,2026-06-13T01:07:52.124Z,Encendedor Clipper Shinobis | Encendedor Clipper Recargable Shinobis – Diseño Surtido (Unidad)
10578,Encendedor Clipper Burningman,Encendedores y sopletes,,clipper,burningman,burningman,/productos/clipper/burningman,2,2,Astro Growshop | Fumetas,990,1000,1,Fumetas,Astro Growshop,true,true,2026-06-13T01:07:27.277Z,Encendedor Clipper Burningman | Encendedor Clipper Recargable Burningman – Diseño Surtido (Unidad)
10581,Encendedor Clipper Z-Bunnys,Encendedores y sopletes,,clipper,z-bunnys,z-bunnys,/productos/clipper/z-bunnys,2,2,Astro Growshop | Fumetas,990,1000,1,Fumetas,Astro Growshop,true,true,2026-06-13T01:03:24.540Z,Encendedor Clipper Z-Bunnys | Encendedor Clipper Recargable Z-Bunnys – Diseño Surtido (Unidad)
10579,Encendedor Clipper Sea Monsters,Encendedores y sopletes,,clipper,sea-monsters,sea-monsters,/productos/clipper/sea-monsters,2,2,Astro Growshop | Fumetas,990,1000,1,Fumetas,Astro Growshop,true,true,2026-06-13T01:02:25.334Z,Encendedor Clipper Sea Monster | Encendedor Clipper Recargable Sea Monsters – Diseño Surtido (Unidad)
10580,Encendedor Clipper Lol Food,Encendedores y sopletes,,clipper,lol-food,lol-food,/productos/clipper/lol-food,2,2,Astro Growshop | Fumetas,990,1000,1,Fumetas,Astro Growshop,true,true,2026-06-13T01:00:37.552Z,Encendedor Clipper Lol Food | Encendedor Clipper Recargable Lol Food – Diseño Surtido (Unidad)
10577,Encendedor Clipper Funny Cupid,Encendedores y sopletes,,clipper,funny-cupid,funny-cupid,/productos/clipper/funny-cupid,2,2,Astro Growshop | Fumetas,990,1000,1,Fumetas,Astro Growshop,true,true,2026-06-13T01:00:03.143Z,Encendedor Clipper Funny Cupid | Encendedor Clipper Recargable Funny Cupid – Diseño Surtido (Unidad)
10529,Encendedor Clipper Slim Solid Fluo,Encendedores y sopletes,,clipper,slim-solid-fluo,slim-solid-fluo,/productos/clipper/slim-solid-fluo,2,2,Astro Growshop | Fumetas,990,1000,1,Fumetas,Astro Growshop,true,true,2026-06-13T00:56:28.359Z,Encendedor Clipper Slim Solid Fluo | Encendedor Clipper Recargable Slim Solid Fluo – Diseño Surtido (Unidad)
10307,Encendedor Clipper Onis 1,Encendedores y sopletes,Clipper,clipper,lighter-onis-1,onis-1,/productos/clipper/onis-1,2,2,Astro Growshop | Fumetas,990,1000,1,Fumetas,Astro Growshop,true,true,2026-06-13T00:45:26.872Z,Encendedor Clipper Onis 1 | Encendedor Clipper Recargable Onis 1 – Diseño Surtido (Unidad)
10306,Encendedor Clipper Super Pocket 4,Encendedores y sopletes,Clipper,clipper,lighter-super-pocket-4,super-pocket-4,/productos/clipper/super-pocket-4,2,2,Astro Growshop | Fumetas,990,1000,1,Fumetas,Astro Growshop,true,true,2026-06-13T00:42:38.947Z,Encendedor Clipper Super Pocket 4 | Encendedor Clipper Recargable Super Pockets 4 – Diseño Surtido (Unidad)
10305,Encendedor Clipper Super Pocket 2,Encendedores y sopletes,Clipper,clipper,lighter-super-pocket-2,super-pocket-2,/productos/clipper/super-pocket-2,2,2,Astro Growshop | Fumetas,990,1000,1,Fumetas,Astro Growshop,true,true,2026-06-13T00:42:37.812Z,Encendedor Clipper Super Pocket 2 | Encendedor Clipper Recargable Super Pockets 2 – Diseño Surtido (Unidad)
10304,Encendedor Clipper Super Pocket 1,Encendedores y sopletes,Clipper,clipper,lighter-super-pocket-1,super-pocket-1,/productos/clipper/super-pocket-1,2,2,Astro Growshop | Fumetas,990,1000,1,Fumetas,Astro Growshop,true,true,2026-06-13T00:42:36.582Z,Encendedor Clipper Super Pocket 1 | Encendedor Clipper Recargable Super Pockets 1 – Diseño Surtido (Unidad)
10575,Encendedor Clipper Paranormal Puffs,Encendedores y sopletes,,clipper,paranormal-puffs,paranormal-puffs,/productos/clipper/paranormal-puffs,2,2,Astro Growshop | Fumetas,990,1000,1,Fumetas,Astro Growshop,true,true,2026-06-13T00:12:48.215Z,Encendedor Clipper Paranormal Puff | Encendedor Clipper Recargable Paranormal Puffs – Diseño Surtido (Unidad)
10410,Show Blunt Cone Blueberry x2,Conos y blunts,,show,blunt-cone-x2-blueberry,blunt-cone-x2-blueberry,/productos/show/blunt-cone-x2-blueberry,2,2,Fumetas | GrowBarato Chile,1000,1190,19,GrowBarato Chile,Fumetas,true,true,2026-06-13T02:02:12.685Z,Blunt Show Cone x2 Sabores | Conos Blunt Listos para Rellenar Chile | Blunt Show Cone x2
10388,Soulblime Hemp Blunt Wrap Sabores,Conos y blunts,,soulblime,hemp-blunt-wrap-sabores,hemp-blunt-wrap-sabores,/productos/soulblime/hemp-blunt-wrap-sabores,2,2,Astro Growshop | GrowBarato Chile,1000,1490,49,GrowBarato Chile,Astro Growshop,true,true,2026-06-13T00:03:06.718Z,Hemp Blunt Wrap Sabores SoulBlime | Blunt Sabores 1U- Soulblime
10286,Filtro Gizeh XXL Slim con Pegamento 6x23mm (100u),Filtros y boquillas,GIZEH,gizeh,filter-slim-23mm-6mm-slim-xxl,xxl-slim-6mm-100u,/productos/gizeh/xxl-slim-6mm-100u,2,2,Fumetas | Piranha,1150,1590,38,Fumetas,Piranha,true,true,2026-06-13T01:38:04.614Z,Filtros Super Long Gizeh XXL Slim 6mm | Filtro Gizeh XXL Slim con Pegamento 6x23mm (100u)
10244,Boquillas RAW Pre-enrolados 21 unidades,Filtros y boquillas,RAW,raw,,pre-rolled-tip-21u,/productos/raw/pre-rolled-tip-21u,2,2,Fumetas | Piranha,1250,1490,19,Fumetas,Piranha,true,true,2026-06-13T01:27:57.057Z,Boquillas RAW Pre-enrolados 21 unidades | Filtro Tips RAW Pre-Enrolados (21u) | PIRANHA
10417,Filtros Gizeh Slim Menthol 6mm 120u,Filtros y boquillas,,gizeh,slim-filter-menthol-6mm,slim-filter-menthol-6mm,/productos/gizeh/slim-filter-menthol-6mm,2,2,Fumetas | Piranha,1290,1790,39,Fumetas,Piranha,true,true,2026-06-13T01:38:03.562Z,Filtros Gizeh Menthol Slim con Pegamento 6mm | Filtro Gizeh Mentolado Slim con Pegamento 6x15mm (120u)
10243,OCB ECO Filtros Slim - GB The Green Brand,Filtros y boquillas,OCB,ocb,filter-slim-slim,paper-filter-slim,/productos/ocb/paper-filter-slim,2,2,Astro Growshop | GrowBarato Chile,1300,1490,15,GrowBarato Chile,Astro Growshop,true,true,2026-06-13T01:58:40.585Z,OCB ECO Filtros Slim - GB The Green Brand | FILTRO ECO SLIM 120UN
10567,Blunt Hemp Wrap Lion Rolling Circus Rolling Stones Electric Grape,Conos y blunts,,lion-rolling-circus,hemp-wrap-electric-grape,hemp-wrap-electric-grape,/productos/lion-rolling-circus/hemp-wrap-electric-grape,2,2,Astro Growshop | Piranha,1304,1390,7,Piranha,Astro Growshop,true,true,2026-06-13T01:49:05.208Z,Blunt Hemp Wrap Rolling Stones Electric Grape | PIRANHA | Blunt Hemp Wrap Terpenes Rolling Stones Electric Grape- Lion Rolling Circus
10568,Blunt Hemp Wrap Lion Rolling Circus Rolling Stones Berry Gelato,Conos y blunts,,lion-rolling-circus,hemp-wrap-berry-gelato,hemp-wrap-berry-gelato,/productos/lion-rolling-circus/hemp-wrap-berry-gelato,2,2,Astro Growshop | Piranha,1304,1390,7,Piranha,Astro Growshop,true,true,2026-06-13T01:49:04.172Z,Blunt Hemp Wrap Rolling Stones Berry Gelato | PIRANHA | Blunt Hemp Wrap Terpenes Rolling Stones Berry Gelato- Lion Rolling Circus
10544,Blunt Hemp Wrap Lion Rolling Circus Terpenes Tangie,Conos y blunts,,lion-rolling-circus,hemp-wrap-tangie,hemp-wrap-tangie,/productos/lion-rolling-circus/hemp-wrap-tangie,2,2,Astro Growshop | Piranha,1386,1490,8,Piranha,Astro Growshop,true,true,2026-06-13T01:47:32.387Z,Blunt Wrap Terpenes Tangie - Lion Rolling Circus | PIRANHA | Hemp Wrap Terpenes Tangie - Lion Rolling Circus
10543,Blunt Hemp Wrap Lion Rolling Circus Terpenes KKKSH,Conos y blunts,,lion-rolling-circus,hemp-wrap-kkksh,hemp-wrap-kkksh,/productos/lion-rolling-circus/hemp-wrap-kkksh,2,2,Astro Growshop | Piranha,1386,1490,8,Piranha,Astro Growshop,true,true,2026-06-13T01:47:30.904Z,Blunt Wrap Terpenes KKKSH - Lion Rolling Circus | PIRANHA | Blunt Hemp Wrap Kksh Terpenes- Lion Rolling Circus
10542,Blunt Hemp Wrap Lion Rolling Circus Terpenes Gorila GL,Conos y blunts,,lion-rolling-circus,hemp-wrap-gorila-gl,hemp-wrap-gorila-gl,/productos/lion-rolling-circus/hemp-wrap-gorila-gl,2,2,Astro Growshop | Piranha,1386,1490,8,Piranha,Astro Growshop,true,true,2026-06-13T01:46:34.413Z,Blunt Wrap Terpenes Gorila GL - Lion Rolling Circus | PIRANHA | Blunt Hemp Wrap Gorilla Gl Terpens- Lion Rolling Circus
10452,Papelillos Lion Rolling Circus Alfalfa King Size,Papelillos,,lion-rolling-circus,alfalfa-king-size,alfalfa-king-size,/productos/lion-rolling-circus/alfalfa-king-size,2,2,Astro Growshop | Piranha,1390,1390,0,Piranha,Piranha,true,true,2026-06-13T01:49:47.916Z,Papelillo Alfalfa King Size Lion Rolling Circus | PIRANHA | Papelillos King Size Alfalfa-Lion Rolling Circus
5713,Conos Bulldog Reefer 1 1/4 (6u),Conos y blunts,The Bulldog,the-bulldog,cone-1-1-4-1-1-4,pre-roll-1-1-4-6u,/productos/the-bulldog/pre-roll-1-1-4-6u,2,2,Fumetas | Piranha,1467,1990,36,Piranha,Fumetas,true,true,2026-06-13T01:38:48.745Z,Conos Bulldog Reefer 1 1/4 (6u) | Bulldog 6 Conos Pre-enrolados 1 1/4
10236,Contenedor Diseños Tapa Deslizable Psicodelia -Soulblime,Contenedores y estuches,SOULBLIME,soulblime,container-contenedor,sliding,/productos/soulblime/sliding,2,2,Astro Growshop | Fumetas,1490,1990,34,Astro Growshop,Fumetas,true,true,2026-06-13T01:05:32.951Z,Contenedor Diseños Tapa Deslizable Psicodelia -Soulblime | Soulblime Contenedor tapa deslizable - Diseños
5728,Clipper Gas Butano 16 ml,Encendedores y sopletes,Clipper,clipper,lighter-gas-butano-16ml-16ml,gas-classic-16ml,/productos/clipper/gas-classic-16ml,2,2,Astro Growshop | Fumetas,1590,1590,0,Astro Growshop,Astro Growshop,true,true,2026-06-13T00:29:34.194Z,Gas Butano De Bolsillo 16Ml-Clipper | Clipper Gas Butano 16 ml
10352,OCB Rice King Size Slim,Papelillos,,ocb,rice-king-size-slim,rice-king-size-slim,/productos/ocb/rice-king-size-slim,2,2,Fumetas | Piranha,1690,1990,18,Fumetas,Piranha,true,true,2026-06-13T01:43:19.384Z,OCB Papelillos Rice Sin Blanquear King Size Slim | Papelillo OCB Rice (Arroz) King Size Slim| PIRANHA
5714,OCB 3 Conos Pre-enrolados King Size Virgin Slim,Conos y blunts,OCB,ocb,cone-conos-pre-enrolados-king-size-slim,pre-roll-virgin-king-size-slim-3u,/productos/ocb/pre-roll-virgin-king-size-slim-3u,2,2,Fumetas | Piranha,1690,1990,18,Fumetas,Piranha,true,true,2026-06-13T01:38:27.471Z,OCB 3 Conos Pre-enrolados King Size Virgin Slim | Conos PreEnrolados OCB Virgin Ultra Fino Unbleached 109mm (3u)| PIRANHA
6571,Papelillos OCB Virgin 1 1/4 + Tips,Papelillos,OCB,ocb,paper-ocb-virgin-1-1-4,virgin-con-tips,/productos/ocb/virgin-con-tips,2,2,Fumetas | Piranha,1890,1990,5,Fumetas,Piranha,true,true,2026-06-13T01:27:30.088Z,Papelillos OCB Virgin 1 1/4 + Tips | Papelillo OCB 1 1/4 + Boquilla Virgin | PIRANHA
10565,Cenicero Metálico Lion Rolling Circus,Bandejas y ceniceros,,lion-rolling-circus,cenicero-metalico,cenicero-metalico,/productos/lion-rolling-circus/cenicero-metalico,2,2,Astro Growshop | Piranha,1990,1990,0,Piranha,Piranha,true,true,2026-06-13T01:51:31.708Z,Cenicero Ashtray Lion Rolling Circus | PIRANHA | Ceniceros Mix Modelos-Lion Rolling Circus
10354,Blazy Susan Roll 8m Unbleached,Papelillos,,blazy-susan,roll-8m-unbleached,roll-8m-unbleached,/productos/blazy-susan/roll-8m-unbleached,2,2,Astro Growshop | Piranha,1990,2490,25,Astro Growshop,Piranha,true,true,2026-06-13T01:44:36.307Z,Papelillo Unbleached Roll 8 Metros 1U-Blazy Susan | Papelillos Roll 8m Blazy Susan Kit Unbleached | PIRANHA
10557,G-Rollz Blunt Pre-Rolled Hemp Wrap x2,Conos y blunts,,g-rollz,blunt-pre-rolled-hemp-wrap-x2,blunt-pre-rolled-hemp-wrap-x2,/productos/g-rollz/blunt-pre-rolled-hemp-wrap-x2,2,2,Fumetas | Piranha,1990,1990,0,Piranha,Piranha,true,true,2026-06-13T01:43:03.275Z,Blunt Hemp Wrap Pre-Enrolado G-Rollz (2u)| PIRANHA | G-Rollz Blunt Pre Rolled Hemp Wrap x2 - Sabores
5711,Conos PreEnrolados RAW 1 1/4 (6u),Conos y blunts,RAW,raw,cone-conos-pre-enrolados-1-1-4,pre-roll-1-1-4-6u,/productos/raw/pre-roll-1-1-4-6u,2,2,Fumetas | Piranha,1990,2190,10,Piranha,Fumetas,true,true,2026-06-13T01:38:37.603Z,Conos PreEnrolados RAW 1 1/4 (6u) | Conos RAW Pre-enrolados 1 1/4 - 6 unidades
10533,Soulblime Cenicero Metálico Diseños,Bandejas y ceniceros,,soulblime,cenicero-metalico,cenicero-metalico,/productos/soulblime/cenicero-metalico,2,2,Astro Growshop | Fumetas,1990,2190,10,Astro Growshop,Fumetas,true,true,2026-06-13T00:57:44.201Z,Cenicero Diseños Surtido-Soulblime | Soulblime Cenicero Metálico - Diseños
10283,Blazy Susan Deluxe Rolling Kit Unbleached 1 1/4,Papelillos,Blazy Susan,blazy-susan,paper-1-1-4-1-1-4,unbleached-1-1-4-con-tips,/productos/blazy-susan/unbleached-1-1-4-con-tips,2,2,Astro Growshop | Fumetas,1990,2090,5,Astro Growshop,Fumetas,true,true,2026-06-13T00:29:00.532Z,Papelillo Unbleached1 1/4 Deluxe Kit Blazy Susan | Blazy Susan Deluxe Rolling Kit Unbleached 1 1/4
10419,Papelillos OCB Virgin Rolls Slim 4m,Papelillos,,ocb,virgin-rolls-slim,virgin-rolls-slim,/productos/ocb/virgin-rolls-slim,2,2,Fumetas | Piranha,2090,2190,5,Fumetas,Piranha,true,true,2026-06-13T01:50:47.121Z,OCB Papelillos en Rollo Virgin Slim 4mts | Papelillo OCB Virgin Rolls Slim Unbleached | PIRANHA
10350,Blazy Susan Tea Leaf Cones King Size,Otros parafernalia,,blazy-susan,tea-cones-king-size,tea-cones-king-size,/productos/blazy-susan/tea-cones-king-size,2,2,Astro Growshop | Piranha,2094,2990,43,Piranha,Astro Growshop,true,true,2026-06-13T01:39:34.149Z,Tea Leaf Cones King Size Blazy Susan | PIRANHA | Blazy Susan 2X Tea Cones Unidad
10298,OCB Papelillos Rice Sin Blanquear King Size Slim + Tips,Papelillos,OCB,ocb,paper-king-size-king-size-slim,rice-king-size-slim-con-tips,/productos/ocb/rice-king-size-slim-con-tips,2,2,Fumetas | Piranha,2190,2190,0,Piranha,Piranha,true,true,2026-06-13T01:41:05.456Z,Papelillo OCB Rice (Arroz) King Size Slim + Boquilla | PIRANHA | OCB Papelillos Rice Sin Blanquear King Size Slim + Tips
10356,OCB Rolls Cañamo Orgánico Slim,Papelillos,,ocb,rolls-organico-slim,rolls-organico-slim,/productos/ocb/rolls-organico-slim,2,2,Fumetas | Piranha,2290,2390,4,Fumetas,Piranha,true,true,2026-06-13T01:50:48.205Z,OCB Papelillos En Rollo Cañamo Organico 4mts | Papelillo OCB Cañamo Orgánico Rolls Slim | PIRANHA
5710,Futurola x Mike Tyson 3 Conos Pre-enrolados King Size,Conos y blunts,Futurola,futurola,cone-conos-pre-enrolados-king-size,pre-roll-mike-tyson-king-size-3u,/productos/futurola/pre-roll-mike-tyson-king-size-3u,2,2,Fumetas | Piranha,2290,2990,31,Fumetas,Piranha,true,true,2026-06-13T01:28:11.561Z,Futurola x Mike Tyson 3 Conos Pre-enrolados King Size | Cono Pre-Enrolado King Size Tyson x Futurola (3u) | PIRANHA
10347,Gizeh Filtro Carbón Activo Coconut 6mm,Filtros y boquillas,,gizeh,filtro-carbon-activo-6mm,filtro-carbon-activo-6mm,/productos/gizeh/filtro-carbon-activo-6mm,2,2,Fumetas | Piranha,2390,2490,4,Fumetas,Piranha,true,true,2026-06-13T01:31:05.405Z,Boquillas Gizeh Filtro carbón activo Coconut Charcoal 6mm 10 unidades | Filtros de Carbón Activado 6mm Gizeh
10384,Soulblime 6 Conos Pre-enrolados White King Size,Conos y blunts,,soulblime,conos-king-size-white-x6,conos-king-size-white-x6,/productos/soulblime/conos-king-size-white-x6,2,2,Astro Growshop | Fumetas,2390,2390,0,Fumetas,Fumetas,true,true,2026-06-13T00:34:04.754Z,Soulblime 6 Conos Pre-enrolados Blancos King Size | Conos King Size Unidad-Soulblime
10523,Hitter OZeta de Vidrio,Pipas,,ozeta,hitter,hitter,/productos/ozeta/hitter,2,2,GrowBarato Chile | Piranha,2490,4000,61,Piranha,GrowBarato Chile,true,true,2026-06-13T01:59:51.032Z,Hitter OZeta | PIRANHA | Hitter OZeta de vidrio
10253,OCB Papelillos en Rollo Ultimate Slim 4mts,Papelillos,OCB,ocb,ultimate-slim,ultimate-rolls,/productos/ocb/ultimate-rolls,2,2,Fumetas | Piranha,2490,2590,4,Fumetas,Piranha,true,true,2026-06-13T01:51:05.091Z,OCB Papelillos en Rollo Ultimate Slim 4mts | Papelillo OCB Ultimate Rolls Slim | PIRANHA
10369,OCB Roll Kit Virgin King Size,Papelillos,,ocb,roll-kit-virgin-king-size,roll-kit-virgin-king-size,/productos/ocb/roll-kit-virgin-king-size,2,2,Fumetas | Piranha,2490,3090,24,Piranha,Fumetas,true,true,2026-06-13T01:46:53.275Z,Papelillo OCB Virgin King Size Slim + Boquilla (Roll Kit) | PIRANHA | OCB Papelillos Roll Kit Virgin King Size
10234,Lion Rolling Circus Porta Papelillos 1 1/4,Contenedores y estuches,Lion Rolling Circus,lion-rolling-circus,paper-1-1-4-1-1-4,case-1-1-4,/productos/lion-rolling-circus/case-1-1-4,2,2,Fumetas | Piranha,2490,2490,0,Piranha,Piranha,true,true,2026-06-13T01:40:09.678Z,Caja Metálica Porta Papelillo 1 1/4 Lion Rolling Circus | PIRANHA | Lion Rolling Circus Porta Papelillos 1 1/4
10400,The Bulldog Pipa Metálica con Rejillas,Pipas,,the-bulldog,pipa-metalica-rejillas,pipa-metalica-rejillas,/productos/the-bulldog/pipa-metalica-rejillas,2,2,GrowBarato Chile | Piranha,2700,4990,85,GrowBarato Chile,Piranha,true,true,2026-06-13T01:58:26.421Z,Pipa Metálica The Bulldog Ámsterdam con Rejillas | Pipa Metálica Bulldog
10273,Papelillos Raw Artesanos King Size Slim,Papelillos,RAW,raw,paper-king-size-king-size-slim,artesano-king-size-slim,/productos/raw/artesano-king-size-slim,2,2,Fumetas | GrowBarato Chile,2700,2790,3,GrowBarato Chile,Fumetas,true,true,2026-06-13T01:55:54.372Z,Comprar RAW Artesano King Size Slim | Papelillos Raw Artesanos King Size Slim
10389,Bandeja Metálica RAW Mix,Bandejas y ceniceros,,raw,mix-metalica,mix-metalica,/productos/raw/mix-metalica,2,2,Astro Growshop | Piranha,2990,4990,67,Astro Growshop,Piranha,true,true,2026-06-13T01:35:25.122Z,Bandeja Rolado Metalica 28X18Cm Raw Mix | Bandeja Metálica RAW Mix | PIRANHA
10187,Futurola x Mike Tyson King Size + Tips,Papelillos,Futurola,futurola,paper-king-size-king-size,tyson-king-size-slim-con-tips,/productos/futurola/tyson-king-size-slim-con-tips,2,2,Fumetas | Piranha,2990,3490,17,Piranha,Fumetas,true,true,2026-06-13T01:28:10.394Z,Papelillo Tyson x Futurola King Size + Boquilla | PIRANHA | Futurola x Mike Tyson Papelillos King Size + Tips
5706,Conos Pre-Enrolados Blazy Susan King Size 3u Pink | PIRANHA,Conos y blunts,Blazy Susan,blazy-susan,cone-conos-pre-enrolados-king-size,pre-roll-pink-king-size-3u,/productos/blazy-susan/pre-roll-pink-king-size-3u,3,2,Fumetas | Piranha,2990,3990,33,Piranha,Fumetas,true,true,2026-06-13T01:27:21.525Z,Conos Pre-Enrolados Blazy Susan King Size 3u Pink | PIRANHA | Conos Pre-Enrolados Blazy Susan King Size 3u Unbleached | PIRANHA | Blazy Susan Conos Pre-enrolados Pink King Size 3 uds.
5733,CENICERO ASH HOLDER GLOW IN THE DARK - GALAXY,Bandejas y ceniceros,Galaxy,galaxy,tray-cenicero-ash-holder-glow,ashtray-ash-holder,/productos/galaxy/ashtray-ash-holder,2,2,Astro Growshop | Fumetas,2990,2990,0,Astro Growshop,Astro Growshop,true,true,2026-06-13T00:32:37.137Z,CENICERO ASH HOLDER GLOW IN THE DARK - GALAXY | Cenicero Galaxy Ash Holder
5766,Raw Tarro Mason Jar de Vidrio 16oz,Contenedores y estuches,RAW,raw,container-jar-16oz,jar-mason-glass-473ml,/productos/raw/jar-mason-glass-473ml,2,2,Fumetas | Piranha,2993,3990,33,Piranha,Fumetas,true,true,2026-06-13T01:37:43.460Z,Frasco de Almacenaje y Curado Mason Jar de Vidrio RAW 473mL | PIRANHA | Raw Tarro Mason Jar de Vidrio 16oz
5801,Limpiador Bong Cherry 250Ml Formula Secreta 420,Limpieza,ASTRO,formula-secreta,cleaner-bong-pipe-420-250ml,cleaner-bong-pipe-420-250ml,/productos/formula-secreta/cleaner-bong-pipe-420-250ml,2,2,Astro Growshop | Piranha,2994,5490,83,Piranha,Astro Growshop,true,true,2026-06-13T01:42:01.164Z,Limpiador de bong Fórmula Secreta 420 250mL | Limpiador Bong Cherry 250Ml Formula Secreta 420
10537,Cono The Bulldog GIGA 28cm,Conos y blunts,,the-bulldog,giga-28cm,giga-28cm,/productos/the-bulldog/giga-28cm,2,2,Fumetas | Piranha,3190,3190,0,Piranha,Piranha,true,true,2026-06-13T01:40:46.375Z,Cono Bulldog GIGA 28cm | Bulldog Cono GIGA 28 CM
10500,Bandeja Metálica Soulblime,Bandejas y ceniceros,,soulblime,bandeja-metalica,metalica-mix,/productos/soulblime/metalica-mix,2,2,Astro Growshop | GrowBarato Chile,3200,3990,25,GrowBarato Chile,Astro Growshop,true,true,2026-06-13T01:59:57.972Z,Bandeja SoulBlime metálica | Bandeja Metálica Mix-Soulblime
10144,Maquina Enroladora Raw 2-Way 1 1/4,Otros parafernalia,RAW,raw,rolling-machine-1-1-4,rolling-machine-ecoplastic-ajustable-1-1-4,/productos/raw/rolling-machine-ecoplastic-ajustable-1-1-4,2,2,Fumetas | Piranha,3290,3290,0,Fumetas,Fumetas,true,true,2026-06-13T01:27:23.571Z,Maquina Enroladora Raw 2-Way 1 1/4 | Máquina Enroladora RAW 1 1/4 Negra Ajustable
10513,Cajita Cigarrera Metálica RAW Tapa Deslizante,Otros parafernalia,,raw,cajita-cigarrera-tapa-deslizante,cajita-cigarrera-tapa-deslizante,/productos/raw/cajita-cigarrera-tapa-deslizante,2,2,Fumetas | Piranha,3490,3990,14,Piranha,Fumetas,true,true,2026-06-13T01:45:44.810Z,Cajita Cigarrera Metálica RAW Tapa Deslizante | PIRANHA | Raw Cajita Cigarrera Metálica Tapa Deslizable
10401,Difusor Bonglab Logo Negro 14mm 12cm,Repuestos para bongs y vaporizadores,,bonglab,difusor-negro-14mm-12cm,difusor-negro-14mm-12cm,/productos/bonglab/difusor-negro-14mm-12cm,2,2,Astro Growshop | Fumetas,3590,3790,6,Fumetas,Astro Growshop,true,true,2026-06-13T00:29:35.992Z,Difusor Bonglab 18mm-14mm - 12cm | Difusor Logo Negro 14Mm -Bonglab (14Cm/12Cm)
5498,Galaxy Moledor Biodegradable | Grinder ecológico resistente,Moledores,Galaxy,galaxy,grinder-grinder-ecologico,ecologico,/productos/galaxy/ecologico,2,2,Astro Growshop | GrowBarato Chile,3600,4990,39,GrowBarato Chile,Astro Growshop,true,true,2026-06-13T01:55:23.544Z,Galaxy Moledor Biodegradable | Grinder ecológico resistente | Grinder Ecológico -Galaxy
10359,Bonglab Difusor Logo 14mm Morado,Repuestos para bongs y vaporizadores,,bonglab,difusor-logo-14mm-morado,difusor-logo-14mm-morado,/productos/bonglab/difusor-logo-14mm-morado,2,2,Astro Growshop | Piranha,3990,4990,25,Astro Growshop,Piranha,true,true,2026-06-13T01:40:27.584Z,Difusor Logo Purple 14Mm-Bonglab (14Cm/12Cm) | Difusor Bonglab 14mm/14cm Morado | PIRANHA
10510,Weecke Oil Cup Fenix Mini Plus,Vaporizadores herbales,,weecke,oil-cup-fenix-mini-plus,oil-cup-fenix-mini-plus,/productos/weecke/oil-cup-fenix-mini-plus,2,2,Astro Growshop | Fumetas,3990,5490,38,Fumetas,Astro Growshop,true,true,2026-06-13T01:10:39.736Z,Cup concentrados Fenix Mini Plus + | Accesorio Oil Cup Fenix Mini Plus-Weecke
10418,OCB Activ'Tips Slim Carbón Activo 7mm 10u,Filtros y boquillas,,ocb,activ-tips-slim-7mm,activ-tips-slim-7mm,/productos/ocb/activ-tips-slim-7mm,2,2,Astro Growshop | Fumetas,3990,3990,0,Fumetas,Fumetas,true,true,2026-06-13T00:28:52.319Z,OCB Boquillas Carbón Activo 7mm 10u. | Tips Filtro Carbon Activado Premium 10U-Ocb
10237,Zengaz Encendedor Soplete ZL-3 Love,Encendedores y sopletes,Zengaz,zengaz,lighter-encendedor-soplete-love,torch-lighter-zl-3,/productos/zengaz/torch-lighter-zl-3,4,2,Fumetas | Piranha,4490,4990,11,Fumetas,Piranha,true,true,2026-06-13T01:31:07.446Z,Zengaz Encendedor Soplete ZL-3 Smoke | Zengaz Encendedor Soplete ZL-3 Love | Zengaz Encendedor Soplete ZL-3 Space 2 | Encendedor Zengaz Jet Flame ZL-3
10507,Weecke Boquilla Fenix Pro,Repuestos para bongs y vaporizadores,,weecke,boquilla-fenix-pro,boquilla-fenix-pro,/productos/weecke/boquilla-fenix-pro,2,2,Astro Growshop | Fumetas,4490,4491,0,Astro Growshop,Fumetas,true,true,2026-06-13T01:05:53.530Z,Accesorio Mouthpiece Stem Fenix Pro -Weecke | Weecke Boquilla Fenix Pro
10346,Hemper Glass Tips 7mm,Filtros y boquillas,,hemper,glass-tips-7mm,glass-tips-7mm,/productos/hemper/glass-tips-7mm,2,2,Fumetas | Piranha,4671,4990,7,Piranha,Fumetas,true,true,2026-06-13T01:37:40.903Z,Filtro de Vidrio Hemper Glass Tips 7mm | PIRANHA | Hemper Boquillas De Vidrio 7mm
5784,Limpiador de moledores Fórmula Secreta Grinder 250mL,Moledores,Formula Secreta,formula-secreta,grinder-250ml,limpiador-250ml,/productos/formula-secreta/limpiador-250ml,3,2,Astro Growshop | Piranha,4890,5990,22,Piranha,Astro Growshop,true,true,2026-06-13T01:25:09.438Z,Limpiador de moledores Fórmula Secreta Grinder 250mL | Grinder Cleaner 250Ml Pec | Limpiador Grinder 250Ml Formula Secreta
10386,Hemper Glass Tips 10mm 5u,Filtros y boquillas,,hemper,glass-tips-10mm,glass-tips-10mm,/productos/hemper/glass-tips-10mm,2,2,Fumetas | Piranha,4920,4990,1,Piranha,Fumetas,true,true,2026-06-13T01:37:41.955Z,Filtro de Vidrio Hemper Glass Tips 10mm | PIRANHA | Hemper Boquillas De Vidrio 10mm
10382,Hemper Quick Tips Uva 5u,Filtros y boquillas,,hemper,quick-tips-uva,quick-tips-uva,/productos/hemper/quick-tips-uva,2,2,Fumetas | Piranha,4931,5190,5,Piranha,Fumetas,true,true,2026-06-13T01:47:40.005Z,Hemper Quick Tips Uva | PIRANHA | Hemper Quick Tips - Boquillas Con Sabor
5492,Cabo Heavy Hitter Pyrex,Pipas,Cabo,cabo,pipe-heavy-hitter-pyrex,heavy-hitter-9mm,/productos/cabo/heavy-hitter-9mm,2,2,Fumetas | GrowBarato Chile,4990,5000,0,Fumetas,GrowBarato Chile,true,true,2026-06-13T01:54:50.223Z,Cabo Heavy Hitter 9mm | Cabo Heavy Hitter Pyrex
10605,Calvo Glass Clear Insert Banger,Accesorios de extraccion,,calvo-glass,clear-insert-banger,clear-insert-banger,/productos/calvo-glass/clear-insert-banger,2,2,Astro Growshop | Piranha,4990,5490,10,Astro Growshop,Piranha,true,true,2026-06-13T01:52:54.772Z,Insert Banger Clear-Calvo | Clear Insert Banger
10323,Difusor Calvo Classic 18mm - 14mm - 14cm,Repuestos para bongs y vaporizadores,Calvo Glass,calvo,diffuser-classic-14cm,difusor-classic-14cm,/productos/calvo/difusor-classic-14cm,2,2,Fumetas | Piranha,4990,6490,30,Fumetas,Piranha,true,true,2026-06-13T01:41:27.741Z,Difusor Calvo Classic 18mm - 14mm - 14cm | Difusor 14cm
10322,Difusor Calvo Classic 18mm - 14mm - 10cm,Repuestos para bongs y vaporizadores,Calvo Glass,calvo,diffuser-classic-10cm,difusor-classic-10cm,/productos/calvo/difusor-classic-10cm,2,2,Fumetas | Piranha,4990,5990,20,Fumetas,Piranha,true,true,2026-06-13T01:41:14.259Z,Difusor Calvo Classic 18mm - 14mm - 10cm | Difusor 10cm
10564,Bandeja Lion Rolling Circus Tattoo Pequeña,Bandejas y ceniceros,,lion-rolling-circus,tattoo-pequena,tattoo-pequena,/productos/lion-rolling-circus/tattoo-pequena,2,2,Astro Growshop | Fumetas,4990,5490,10,Astro Growshop,Fumetas,true,true,2026-06-13T01:11:41.372Z,Bandeja Smal Tatoo-Lion Rolling Circus | Bandeja LRC Tatto Design - Pequeña
10363,Bonglab Quemador Hembra 14mm,Repuestos para bongs y vaporizadores,,bonglab,quemador-hembra-14mm,quemador-hembra-14mm,/productos/bonglab/quemador-hembra-14mm,2,2,Astro Growshop | Fumetas,4990,6990,40,Astro Growshop,Fumetas,true,true,2026-06-13T00:29:20.012Z,Quemador Hembra 14Mm -Bonglab | Bonglab Quemador - Hembra 14mm 2.0
10336,Cenicero Portátil RAW Catcher | PIRANHA,Bandejas y ceniceros,RAW,raw,ashtray-catcher,catcher,/productos/raw/catcher,2,2,Fumetas | Piranha,5490,6990,27,Piranha,Fumetas,true,true,2026-06-13T01:47:36.614Z,Cenicero Portátil RAW Catcher | PIRANHA | Raw Catcher - Cenicero portátil
10368,Hemper Hemp Rolls + Glass Tips Mini Size,Filtros y boquillas,,hemper,hemp-rolls-glass-tips-mini,hemp-rolls-glass-tips-mini,/productos/hemper/hemp-rolls-glass-tips-mini,2,2,Fumetas | Piranha,5841,7290,25,Piranha,Fumetas,true,true,2026-06-13T01:43:05.501Z,Hemper Mini Size Hemp Rolls + Glass Tips 4u | PIRANHA | Hemper Hemp Rolls + Glass Tips Mini Size - Sabores
6776,Filter Hitter Cabo - GB The Green Brand,Pipas,Cabo,cabo,pipe-filter-hitter,hitter,/productos/cabo/hitter,3,2,Fumetas | GrowBarato Chile,5990,18990,217,Fumetas,Fumetas,true,true,2026-06-13T01:56:22.090Z,Cabo Heavy Hitter 12mm | Filter Hitter Cabo - GB The Green Brand | Cabo Pipa Filter Hitter 8cm
10411,Conos RAW Rawket 5 Stages,Conos y blunts,,raw,rawket-5-stages,rawket-5-stages,/productos/raw/rawket-5-stages,2,2,Fumetas | Piranha,5990,6990,17,Fumetas,Piranha,true,true,2026-06-13T01:39:23.081Z,Conos Pre-enrolados RAW 5 Stages | Conos PreEnrolados RAW 5 Stages Rawket
10256,Quemador Perlas Macho 14Mm - Bonglab,Repuestos para bongs y vaporizadores,BONGLAB,bonglab,banger-quemador-perlas-14mm,bowl-perlas-14mm,/productos/bonglab/bowl-perlas-14mm,2,2,Astro Growshop | Fumetas,5990,5990,0,Astro Growshop,Astro Growshop,true,true,2026-06-13T00:29:26.893Z,Quemador Perlas Macho 14Mm - Bonglab | Bonglab Quemador Perlas - Macho 14mm
10333,Encendedor Zengaz Torch ZT-70 | PIRANHA,Encendedores y sopletes,ZENGAZ,zengaz,torch-zt-70,zt-70,/productos/zengaz/zt-70,2,2,Astro Growshop | Piranha,6490,9990,54,Piranha,Astro Growshop,true,true,2026-06-13T01:33:31.135Z,Encendedor Zengaz Torch ZT-70 | PIRANHA | Encendedor Torch Zt-70 - Zengaz
10551,Encendedor Clipper Metálico Tottems,Encendedores y sopletes,,clipper,metalico-tottems,metalico-tottems,/productos/clipper/metalico-tottems,2,2,Astro Growshop | Fumetas,6490,6990,8,Astro Growshop,Fumetas,true,true,2026-06-13T00:52:53.558Z,ENCENDEDOR METALICO TOTTEMS VARIEDADES | Encendedor Clipper Metalico Tottems
6777,Bonglab American Hitter 18mm,Pipas,Bonglab,bonglab,pipe-american-hitter-18mm-18mm,american-hitter,/productos/bonglab/american-hitter,2,2,Fumetas | Piranha,6490,6490,0,Piranha,Piranha,true,true,2026-06-13T00:25:53.233Z,Hitter American 1.8mm - BongLab | PIRANHA | Bonglab American Hitter 18mm
10360,DaVinci IQ2 Boquilla,Repuestos para bongs y vaporizadores,,davinci,iq2-boquilla,iq2-boquilla,/productos/davinci/iq2-boquilla,2,2,Astro Growshop | Piranha,6494,9990,54,Piranha,Astro Growshop,true,true,2026-06-13T01:41:13.414Z,Boquilla DaVinci IQ2 | Iq 2 Mouthpiece-Da Vinci
10416,Cono Inflable RAW Pequeño 60cm,Conos y blunts,,raw,cono-inflable-pequeno,cono-inflable-pequeno,/productos/raw/cono-inflable-pequeno,2,2,Fumetas | Piranha,6792,6951,2,Piranha,Fumetas,true,true,2026-06-13T01:50:39.162Z,Cono Inflable RAW | Cono Inflable RAW pequeño 60 cms - Flotador
10375,Calvo Glass Difusor Premium 14mm,Repuestos para bongs y vaporizadores,,calvo,difusor-premium-14mm,difusor-premium-14mm,/productos/calvo/difusor-premium-14mm,2,2,Astro Growshop | Piranha,6951,7990,15,Piranha,Astro Growshop,true,true,2026-06-13T01:33:37.925Z,Difusor Premium Calvo 14mm | Difusor Premium -Calvo Glass
6471,Moledor Bulldog 40mm 1 piso,Moledores,The Bulldog,the-bulldog,grinder-40mm,40mm,/productos/the-bulldog/40mm,2,2,Fumetas | Piranha,6966,7990,15,Piranha,Fumetas,true,true,2026-06-13T01:25:34.605Z,Moledor Metálico Bulldog 4cm 2 Partes | Moledor Bulldog 40mm 1 piso
10372,Storz & Bickel Solid Valve Juego de Mallas Normales,Repuestos para bongs y vaporizadores,,storz-bickel,solid-valve-mallas-normales,solid-valve-mallas-normales,/productos/storz-bickel/solid-valve-mallas-normales,2,2,Astro Growshop | Piranha,6990,11990,72,Piranha,Astro Growshop,true,true,2026-06-13T01:52:52.573Z,Solid Valve Juego de Mallas Normales | Juego De Mallas Normales Solid Valve-Storz &amp; Bickel
10200,Limpiador Parafernalia Silicona Thievery 250Ml,Limpieza,THIEVERY,thievery,cleaner-250ml,cleaner-250ml,/productos/thievery/cleaner-250ml,2,2,Astro Growshop | Piranha,6990,6990,0,Piranha,Piranha,true,true,2026-06-13T01:52:51.242Z,Limpiador Thievery Silicone para Silicona (250mL) | PIRANHA | Limpiador Parafernalia Silicona Thievery 250Ml
10463,Máquina Enroladora Metálica OCB 1 1/4,Otros parafernalia,,ocb,enroladora-metalica-1-1-4,enroladora-metalica-1-1-4,/productos/ocb/enroladora-metalica-1-1-4,2,2,Fumetas | Piranha,6990,6990,0,Piranha,Piranha,true,true,2026-06-13T01:38:47.630Z,Máquina Enroladora Metálica OCB 1 1/4 | Enroladora Metálica OCB 1 1/4
10296,Bonglab Atrapa cenizas quemador macho 14mm,Repuestos para bongs y vaporizadores,BongLab,bonglab,banger-quemador-macho-14mm,atrapa-cenizas-macho-14mm,/productos/bonglab/atrapa-cenizas-macho-14mm,2,2,Astro Growshop | Fumetas,6990,7990,14,Astro Growshop,Fumetas,true,true,2026-06-13T00:40:28.186Z,Atrapa Ceniza Macho 14Mm-Bonglab | Bonglab Atrapa cenizas quemador macho 14mm
10601,Weecke Chamber Filter Fenix Pro,Repuestos para bongs y vaporizadores,,weecke,chamber-filter-fenix-pro,chamber-filter-fenix-pro,/productos/weecke/chamber-filter-fenix-pro,2,2,Astro Growshop | Fumetas,7490,7990,7,Astro Growshop,Fumetas,true,true,2026-06-13T01:16:09.714Z,Accesorio Chamber Filter Fenix Pro -Weecke | Hélice de Conveccion Fenix Pro
10378,Storz & Bickel Crafty Juego de Anillos de Sellado,Vaporizadores herbales,,storz-bickel,crafty-anillos-sellado,crafty-anillos-sellado,/productos/storz-bickel/crafty-anillos-sellado,2,2,Astro Growshop | Piranha,7591,10990,45,Piranha,Astro Growshop,true,true,2026-06-13T01:52:52.745Z,Crafty Juego de Anillos de Sellado | Juego De Anillos De Sellado Crafty--Storz &amp; Bickel
10514,Bonglab Rosin Paper Aluminio,Accesorios de extraccion,,bonglab,rosin-paper-aluminio,rosin-paper-aluminio,/productos/bonglab/rosin-paper-aluminio,2,2,Astro Growshop | Fumetas,7990,8890,11,Astro Growshop,Fumetas,true,true,2026-06-13T00:52:30.965Z,Papel Para Rosin Aluminio- Bonglab | BongLab Rosin Paper aluminio
10106,Calvo Glass Banger Full Weld Regular Macho 10mm,Accesorios de extraccion,Calvo Glass,calvo,banger-full-weld-regular-macho-10mm-regular,banger-simple-macho-90-10mm,/productos/calvo/banger-simple-macho-90-10mm,3,2,Astro Growshop | Fumetas,7990,24990,213,Fumetas,Astro Growshop,true,true,2026-06-13T00:40:54.091Z,Calvo Glass Banger Regular 10mm | Calvo Glass Banger Full Weld Regular Macho 10mm | BANGER REGULAR FULL WELD 10MM- Calvo glass
10158,Purify Carbon Activado 120Gr-Bonglab,Repuestos para bongs y vaporizadores,Bonglab,bonglab,,carbon-refill-refill,/productos/bonglab/carbon-refill-refill,2,2,Astro Growshop | Fumetas,7990,7990,0,Astro Growshop,Astro Growshop,true,true,2026-06-13T00:35:51.774Z,Purify Carbon Activado 120Gr-Bonglab | Bonglab Repuesto Purify Carbón Activado 120 grs
10404,Calvo Glass Flat Bucket Banger 45° Macho 10mm,Accesorios de extraccion,,calvo,flat-bucket-banger-45-10mm,flat-bucket-banger-45-10mm,/productos/calvo/flat-bucket-banger-45-10mm,3,2,Astro Growshop | Fumetas,7990,8990,13,Astro Growshop,Fumetas,true,true,2026-06-13T00:35:39.574Z,Flat Bucket Banger -Calvo (45° 10Mm/45° 14Mm/90° 10Mm/90° 14Mm) | Banger Calvo Flat Bucket 45° - Macho 10mm | Banger Calvo Flat Bucket 45° - Macho 14mm
10497,Hightrip Pin Pizzannabica,Otros parafernalia,,hightrip,pin-pizzannabica,pin-pizzannabica,/productos/hightrip/pin-pizzannabica,2,2,Fumetas | Piranha,8091,8990,11,Piranha,Fumetas,true,true,2026-06-13T01:52:09.584Z,HighTrip - Pizzannabica | Hightrip Pin Pizzannabica
10592,Hightrip Pin Cannabis Libre,Otros parafernalia,,hightrip,pin-cannabis-libre,pin-cannabis-libre,/productos/hightrip/pin-cannabis-libre,2,2,Astro Growshop | Piranha,8091,9990,23,Piranha,Astro Growshop,true,true,2026-06-13T01:51:46.027Z,HighTrip - Cannabis Libre | Pin-Hightrip
10473,Hightrip Pin Siempre 420,Otros parafernalia,,hightrip,pin-siempre-420,pin-siempre-420,/productos/hightrip/pin-siempre-420,2,2,Fumetas | Piranha,8091,8990,11,Piranha,Fumetas,true,true,2026-06-13T01:51:10.270Z,HighTrip - Siempre 420 | Hightrip Pin Siempre 420
10496,Hightrip Pin Pipazo,Otros parafernalia,,hightrip,pin-pipazo,pin-pipazo,/productos/hightrip/pin-pipazo,2,2,Fumetas | Piranha,8091,8990,11,Piranha,Fumetas,true,true,2026-06-13T01:50:56.302Z,HighTrip - Pipazo | Hightrip Pin Pipazo
10495,Hightrip Pin Bongazo,Otros parafernalia,,hightrip,pin-bongazo,pin-bongazo,/productos/hightrip/pin-bongazo,2,2,Fumetas | Piranha,8091,8990,11,Piranha,Fumetas,true,true,2026-06-13T01:36:04.120Z,HighTrip - Bongazo | Hightrip Pin Bongazo
6771,Pipa silicona llavero de Piece Maker,Pipas,PieceMaker,piecemaker,pipe-pipa-silicona-llavero-piece,kiwi,/productos/piecemaker/kiwi,2,2,Fumetas | GrowBarato Chile,8200,8990,10,GrowBarato Chile,Fumetas,true,true,2026-06-13T01:54:53.948Z,Pipa silicona llavero de Piece Maker | PMG Pipa Kiwi 8cm
10195,Conos PreEnrolados G-Rollz King Size Pink Banksy (20u),Conos y blunts,G-ROLLZ,g-rollz,cone-conos-pre-enrolados-king-size,pre-roll-pink-king-size-20u,/productos/g-rollz/pre-roll-pink-king-size-20u,2,2,Fumetas | Piranha,8490,8490,0,Fumetas,Fumetas,true,true,2026-06-13T01:40:02.634Z,G-Rollz 20 Conos Pre Enrolados Lightly Dyed Pink King Size | Conos PreEnrolados G-Rollz King Size Pink Banksy (20u)
10420,Storz & Bickel Juego de Mallas Normales Plenty 6u,Repuestos para bongs y vaporizadores,,storz-bickel,mallas-normales-plenty-6u,mallas-normales-plenty-6u,/productos/storz-bickel/mallas-normales-plenty-6u,2,2,Astro Growshop | Piranha,8690,9990,15,Astro Growshop,Piranha,true,true,2026-06-13T01:52:52.941Z,MALLAS NORMALES PARA VOLCANO/PLENTY 6U-STORZ &amp; BICKEL | Plenty Juego de Mallas Normales
10270,Vaporizador Mini 2200 -Oxbar,Vaporizadores electronicos,OXBAR,oxbar,disposable-oxbar,disposable-oxbar-mini-2200,/productos/oxbar/disposable-oxbar-mini-2200,2,2,Astro Growshop | Fumetas,8990,9990,11,Fumetas,Astro Growshop,true,true,2026-06-13T01:13:46.264Z,Oxbar Mini Vaporizadores desechable 2200 Puffs | Vaporizador Mini 2200 -Oxbar
10444,Hightrip Pin Volverá a Correr,Otros parafernalia,,hightrip,pin-volvera-a-correr,pin-volvera-a-correr,/productos/hightrip/pin-volvera-a-correr,2,2,Astro Growshop | Fumetas,8990,9990,11,Fumetas,Astro Growshop,true,true,2026-06-13T00:33:16.910Z,Hightrip Pin Volverá a correr | Pin Volverá A Correr-Hightrip
10301,Boquillas Carbón Activo Calvo Black 6mm 50 Uds.,Filtros y boquillas,Calvo Glass,calvo,filter-carbon-6mm,carbon-activo-black-6mm-50u,/productos/calvo/carbon-activo-black-6mm-50u,2,2,Astro Growshop | Fumetas,9490,9490,0,Astro Growshop,Astro Growshop,true,true,2026-06-13T00:47:14.457Z,FILTRO CARBON ACTIVADO 50U-CALVO | Boquillas Carbón Activo Calvo Black 6mm 50 Uds.
10588,Calcetines RAW Negros,Otros parafernalia,,raw,calcetines-negros,calcetines-negros,/productos/raw/calcetines-negros,2,2,Fumetas | Piranha,9872,11990,21,Piranha,Fumetas,true,true,2026-06-13T01:47:37.665Z,Calcetines RAW Negro | PIRANHA | Raw Black Socks - Calcetines Largos
10589,Jockey RAW Flat Snapback Black,Otros parafernalia,,raw,jockey-flat-snapback-black,jockey-flat-snapback-black,/productos/raw/jockey-flat-snapback-black,2,2,Fumetas | Piranha,9872,12990,32,Piranha,Fumetas,true,true,2026-06-13T01:44:26.002Z,Jockey RAW Flat Snap Back Negro con Spot Secreto | PIRANHA | Raw Baseball Cap Flat Brim Snapback Black
10548,Yocan Flat Vaporizador para Cartridge,Accesorios de extraccion,,yocan,flat,flat,/productos/yocan/flat,2,2,Astro Growshop | Piranha,9891,10990,11,Piranha,Astro Growshop,true,true,2026-06-13T01:52:21.869Z,Vaporizador para Cartridge Yocan Flat | PIRANHA | VAPORIZADOR YOCAN FLAT
10317,Contenedor RAW Reserva (Hermético y rellenador de conos) | PIRANHA,Contenedores y estuches,RAW,raw,container-reserva,reserva,/productos/raw/reserva,2,2,Astro Growshop | Piranha,9990,9990,0,Astro Growshop,Astro Growshop,true,true,2026-06-13T01:52:51.704Z,RESERVA CONTENEDOR HERMÉTICO Y ARMADOR DE CONOS-RAW | Contenedor RAW Reserva (Hermético y rellenador de conos) | PIRANHA
10387,RAW Bolsa 200 Tips Pre-Enrolados,Filtros y boquillas,,raw,tips-preenrolados-bolsa-200,tips-preenrolados-bolsa-200,/productos/raw/tips-preenrolados-bolsa-200,2,2,Astro Growshop | Piranha,9990,12990,30,Piranha,Astro Growshop,true,true,2026-06-13T01:27:52.817Z,Bolsa RAW 200 Filtro Tips Pre-Enrolados | PIRANHA | BOLSA DE 200 TIPS PREENROLADOS-RAW
5798,Máquina Enroladora RAW Automática 1 1/4,Otros parafernalia,RAW,raw,rolling-machine-automatica-1-1-4,rolling-machine-automatica-1-1-4,/productos/raw/rolling-machine-automatica-1-1-4,2,2,Fumetas | Piranha,9990,10990,10,Piranha,Fumetas,true,true,2026-06-13T01:27:36.060Z,Máquina Enroladora RAW Automática 1 1/4 | Maquina Enroladora RAW Automática 1 1/4
10279,Storz &amp; Bickel Juego De Anillos En O,Repuestos para bongs y vaporizadores,Storz & Bickel,storz-bickel,,anillos-en-o,/productos/storz-bickel/anillos-en-o,2,2,Astro Growshop | Fumetas,9990,11690,17,Astro Growshop,Fumetas,true,true,2026-06-13T01:16:08.412Z,Juego De Anillos En O-Storz &amp; Bickel | Storz &amp; Bickel Juego De Anillos En O
10608,G Pen Connect Glass Adapter 18mm,Otros parafernalia,,g-pen,connect-glass-adapter-18mm,connect-glass-adapter-18mm,/productos/g-pen/connect-glass-adapter-18mm,2,2,Astro Growshop | Fumetas,9990,15790,58,Astro Growshop,Fumetas,true,true,2026-06-13T01:08:48.226Z,Glass Adapter Grenco Connect Black 18Mm-G Pen | G Pen Glass Adapter Connect
10524,Smokus Focus Contenedor Hermético con Lupa Comet,Contenedores y estuches,,smokus-focus,comet,comet,/productos/smokus-focus/comet,2,2,Astro Growshop | Fumetas,9990,12990,30,Fumetas,Astro Growshop,true,true,2026-06-13T00:54:09.197Z,Smokus Focus Contenedor Luz + Lupa Comet | CONTENEDOR HERMETICO CON LUPA - SMOKUS FOCUS
10440,PMG Munchie Bowl,Repuestos para bongs y vaporizadores,,piecemaker,munchie-bowl,munchie-bowl,/productos/piecemaker/munchie-bowl,2,2,Astro Growshop | Fumetas,9990,11990,20,Astro Growshop,Fumetas,true,true,2026-06-13T00:33:06.356Z,Munchie Bowl -Pmg | PMG Munchie Bowl
6567,Moledor Bulldog Ámsterdam Metálico Silver 4 Partes,Moledores,The Bulldog,the-bulldog,grinder-metal,metal-4-partes,/productos/the-bulldog/metal-4-partes,3,2,GrowBarato Chile | Piranha,10700,24990,134,GrowBarato Chile,Piranha,true,true,2026-06-13T01:55:01.664Z,Moledor Bulldog Ámsterdam Metálico Silver 4 Partes | Moledor Metálico Bulldog 4 | Moledor metálico Bulldog de 4 partes
5490,Pipa Calvo Horn Pipe 10cm | PIRANHA,Pipas,Calvo Glass,calvo,pipe-pipa-horn-pipe-10cm-10cm,horn,/productos/calvo/horn,2,2,Fumetas | Piranha,10943,11992,10,Piranha,Fumetas,true,true,2026-06-13T01:44:54.577Z,Pipa Calvo Horn Pipe 10cm | PIRANHA | Calvo Glass Pipa Horn Pipe 10 cm
10358,Storz & Bickel Volcano Hybrid Set Boquillas 4U,Repuestos para bongs y vaporizadores,,storz-bickel,volcano-hybrid-boquillas-4u,volcano-hybrid-boquillas-4u,/productos/storz-bickel/volcano-hybrid-boquillas-4u,2,2,Astro Growshop | Piranha,10990,14190,29,Piranha,Astro Growshop,true,true,2026-06-13T01:44:40.639Z,Volcano Hybrid Set Boquillas (4u)| PIRANHA | BOQUILLAS PARA VOLCANO HYBRID 4U-STORZ &amp; BICKEL
10266,Vaporizador Airis Neo P8000 Kiwi Passion Fruit Guava 5%-Airistech,Vaporizadores electronicos,AIRISTECH,airis,disposable-neo-p8000,disposable-neo-p8000-kiwi,/productos/airis/disposable-neo-p8000-kiwi,2,2,Astro Growshop | Piranha,11954,22990,92,Piranha,Astro Growshop,true,true,2026-06-13T01:40:54.238Z,Vaper Airis Neo P8000 - Kiwi Passion Fruit Guava | PIRANHA | Vaporizador Airis Neo P8000 Kiwi Passion Fruit Guava 5%-Airistech
10204,Vaporizador Airis Neo P8000 Strawberry Banana-Airistech,Vaporizadores electronicos,AIRISTECH,airis,disposable-neo-p8000-strawberry-cream,disposable-neo-p8000-banana-cream-strawberry,/productos/airis/disposable-neo-p8000-banana-cream-strawberry,2,2,Astro Growshop | Piranha,11954,16190,35,Piranha,Astro Growshop,true,true,2026-06-13T01:38:53.455Z,Vaper Airis Neo P8000 - Strawberry Banana | PIRANHA | Vaporizador Airis Neo P8000 Strawberry Banana-Airistech
5966,Set Cajita Metálica RAW Starter Box 1 1/4 | PIRANHA,Contenedores y estuches,RAW,raw,container-1-1-4-1-1-4,case-starter-box-1-1-4,/productos/raw/case-starter-box-1-1-4,2,2,Fumetas | Piranha,11990,14990,25,Piranha,Fumetas,true,true,2026-06-13T01:38:15.612Z,Set Cajita Metálica RAW Starter Box 1 1/4 | PIRANHA | Kit Cajita Metalica RAW Starter Box 1 1/4
5794,MOLEDOR PLASTICO REFORZADO XL-STORZ &amp; BICKEL,Moledores,Storz & Bickel,storz-bickel,grinder-plastic-xl,plastic-xl-90mm,/productos/storz-bickel/plastic-xl-90mm,2,2,Astro Growshop | Piranha,11990,12742,6,Astro Growshop,Piranha,true,true,2026-06-13T01:24:29.140Z,MOLEDOR PLASTICO REFORZADO XL-STORZ &amp; BICKEL | Moledor XL Storz & Bickel | PIRANHA
10340,Tapas para Bongs Blazy Susan Resin Blaster (3-Pack) | PIRANHA,Repuestos para bongs y vaporizadores,BLAZY SUSAN,blazy-susan,resin-blaster-3-pack,resin-blaster-3-pack,/productos/blazy-susan/resin-blaster-3-pack,2,2,Astro Growshop | Piranha,12341,14990,21,Piranha,Astro Growshop,true,true,2026-06-13T01:52:52.002Z,Tapas para Bongs Blazy Susan Resin Blaster (3-Pack) | PIRANHA | Tapas Para Bongs Resin Blaster-Blazy Susan
5512,Grinder Galaxy Aluminio 38mm,Moledores,Galaxy,galaxy,grinder-metal-38mm,metal-38mm,/productos/galaxy/metal-38mm,2,2,Astro Growshop | Piranha,12591,15990,27,Piranha,Astro Growshop,true,true,2026-06-13T01:26:32.628Z,Grinder Galaxy Aluminio 38mm | Moledor 38MM-Galaxy
10357,Top Smoke Pipa Pyrex Havocrush,Pipas,,top-smoke,pyrex-havocrush,pyrex-havocrush,/productos/top-smoke/pyrex-havocrush,2,2,Astro Growshop | Piranha,12990,14990,15,Piranha,Astro Growshop,true,true,2026-06-13T01:40:20.978Z,Pipa Pyrex Top Smoke | PIRANHA | Pipa Pyrex Havocrush 59- Top Smoke
10264,Boquilla Para Mighty/ Crafty 4Ud-Storz &amp; Bickel,Repuestos para bongs y vaporizadores,STORZ & BICKEL,storz-bickel,filter-mighty,mouthpiece-crafty-4u,/productos/storz-bickel/mouthpiece-crafty-4u,2,2,Astro Growshop | Fumetas,13990,13990,0,Fumetas,Fumetas,true,true,2026-06-13T00:34:24.217Z,Storz &amp; Bickel Boquillas de Mighty/Crafty - 4 unidades | Boquilla Para Mighty/ Crafty 4Ud-Storz &amp; Bickel
10472,Caja de Madera RAW,Otros parafernalia,,raw,caja-madera,caja-madera,/productos/raw/caja-madera,2,2,Fumetas | Piranha,14017,14346,2,Piranha,Fumetas,true,true,2026-06-13T01:49:46.727Z,Caja de Madera RAW | Caja de Madera RAW - RAW BOX
10563,Hemper Cache Cup Cenicero Libre de Humo,Bandejas y ceniceros,,hemper,cache-cup,cache-cup,/productos/hemper/cache-cup,2,2,Fumetas | Piranha,14241,14990,5,Piranha,Fumetas,true,true,2026-06-13T01:48:23.605Z,Hemper Tech Cache Cup Cenicero Libre de Humo | PIRANHA | Hemper Cenicero Cache Cup
10371,Blazy Susan Cenicero de Silicona,Bandejas y ceniceros,,blazy-susan,cenicero-silicona,cenicero-silicona,/productos/blazy-susan/cenicero-silicona,2,2,Astro Growshop | Piranha,14241,14990,5,Piranha,Astro Growshop,true,true,2026-06-13T01:44:53.566Z,Cenicero de Silicona Blazy Susan Pink | PIRANHA | Cenicero De Silicona -Blazy Susan
10320,Volcano Easy Valve Globo con Adaptador| PIRANHA,Repuestos para bongs y vaporizadores,,storz-bickel,easy-valve-globo-adaptador,easy-valve-globo-adaptador,/productos/storz-bickel/easy-valve-globo-adaptador,2,2,Fumetas | Piranha,14391,16990,18,Piranha,Fumetas,true,true,2026-06-13T01:52:52.866Z,Volcano Easy Valve Globo con Adaptador| PIRANHA | Storz &amp; Bickel Easy Valve Globo Volcano con Adaptador
10521,Yocan Kodo Pro Vaporizador para Cartridge,Accesorios de extraccion,,yocan,kodo-pro,kodo-pro,/productos/yocan/kodo-pro,2,2,Astro Growshop | Piranha,14391,15990,11,Piranha,Astro Growshop,true,true,2026-06-13T01:52:20.803Z,Vaporizador para Cartridge Yocan Kodo Pro | PIRANHA | VAPORIZADOR YOCAN KODO PRO
10430,Gorro de Lana RAW,Otros parafernalia,,raw,gorro-lana,gorro-lana,/productos/raw/gorro-lana,2,2,Fumetas | Piranha,14812,17990,21,Piranha,Fumetas,true,true,2026-06-13T01:49:44.314Z,Gorro de Lana RAW | Raw Gorro de Lana
10566,Bandeja OCB Bamboo Rolling Tray,Bandejas y ceniceros,,ocb,bamboo-rolling-tray,bamboo-rolling-tray,/productos/ocb/bamboo-rolling-tray,2,2,Fumetas | Piranha,14932,19990,34,Piranha,Fumetas,true,true,2026-06-13T01:36:02.322Z,Bandeja Bamboo OCB Rolling Tray 23x18cm | PIRANHA | OCB Bandeja Bamboo - Mediana
10586,Hemper Smoke Fiends Filtro de Reemplazo Blaze The Cactus,Filtros y boquillas,,hemper,smoke-fiends-repuesto-blaze-the-cactus,smoke-fiends-repuesto-blaze-the-cactus,/productos/hemper/smoke-fiends-repuesto-blaze-the-cactus,2,2,Astro Growshop | Piranha,14951,15990,7,Piranha,Astro Growshop,true,true,2026-06-13T01:44:52.323Z,Hemper Smoke Fiends Filtro de Reemplazo Blaze The Cactus | PIRANHA | Filtro De Reemplazo Blaze The Cactus
10585,Hemper Smoke Fiends Filtro de Reemplazo Juice The Pineapple,Filtros y boquillas,,hemper,smoke-fiends-repuesto-juice-the-pineapple,smoke-fiends-repuesto-juice-the-pineapple,/productos/hemper/smoke-fiends-repuesto-juice-the-pineapple,2,2,Astro Growshop | Piranha,14951,15990,7,Piranha,Astro Growshop,true,true,2026-06-13T01:44:46.909Z,Hemper Smoke Fiends Filtro de Reemplazo Juice The Pineapple | PIRANHA | Filtro De Reemplazo Juice The Pineapple
10196,Cono de Oro Gold 24K Kush Hemp Wraps | PIRANHA,Conos y blunts,KUSH HEMP,kush-hemp,,gold-cone-1u,/productos/kush-hemp/gold-cone-1u,2,2,Astro Growshop | Piranha,14951,14990,0,Piranha,Astro Growshop,true,true,2026-06-13T01:38:32.725Z,Cono de Oro Gold 24K Kush Hemp Wraps | PIRANHA | Cono de Oro 24K 1U-KUSH HEMP WRAPS
10385,Storz & Bickel Volcano Hybrid Juego de Piezas de Desgaste,Vaporizadores herbales,,storz-bickel,volcano-hybrid-piezas-desgaste,volcano-hybrid-piezas-desgaste,/productos/storz-bickel/volcano-hybrid-piezas-desgaste,2,2,Astro Growshop | Piranha,14990,14990,0,Piranha,Piranha,true,true,2026-06-13T01:52:50.604Z,Volcano Hybrid Juego de Piezas de Desgaste| PIRANHA | Piezas De Desgaste Volcano Hybrid-Storz &amp; Bickel
10531,Calvo Glass Batería LED Cartridge 510,Accesorios de extraccion,,calvo,bateria-led-cartridge-510,bateria-led-cartridge-510,/productos/calvo/bateria-led-cartridge-510,2,2,Astro Growshop | Fumetas,14990,15990,7,Fumetas,Astro Growshop,true,true,2026-06-13T01:14:31.143Z,Calvo Batería Pro Led Cartridge 510 | Bateria 510 Led 400Mah -Calvo Glass
5753,Pax Flat Mouthpiece 2 Unidades.,Repuestos para bongs y vaporizadores,PAX,pax,,mouthpiece-2u,/productos/pax/mouthpiece-2u,2,2,Fumetas | Piranha,14990,15191,1,Fumetas,Piranha,true,true,2026-06-13T00:30:01.916Z,Pax Flat Mouthpiece 2 Unidades. | Boquilla Plana Pax 2/3 2 unidades
10470,Tridente RAW de Madera,Otros parafernalia,,raw,tridente-madera,tridente-madera,/productos/raw/tridente-madera,2,2,Fumetas | Piranha,14993,19990,33,Piranha,Fumetas,true,true,2026-06-13T01:34:53.638Z,Tridente RAW Madera | PIRANHA | Tridente RAW de Madera
10595,Batería Galaxy Cartridge Escondida Black,Otros parafernalia,,galaxy,bateria-escondida-black,bateria-escondida-black,/productos/galaxy/bateria-escondida-black,2,2,Astro Growshop | Piranha,14994,23990,60,Piranha,Astro Growshop,true,true,2026-06-13T00:19:18.752Z,Batería Galaxy Cartridge Escondida Black | PIRANHA | Bateria Escondida Cartridge Black - Galaxy
5507,Grinder Galaxy Aluminio 55mm,Moledores,Galaxy,galaxy,grinder-metal-55mm,metal-55mm,/productos/galaxy/metal-55mm,2,2,Astro Growshop | Piranha,15291,18990,24,Piranha,Astro Growshop,true,true,2026-06-13T01:26:22.004Z,Grinder Galaxy Aluminio 55mm | Moledor 55MM-Galaxy
10108,Bonglab Prisma,Bongs,Bonglab,bonglab,,prisma,/productos/bonglab/prisma,2,2,Astro Growshop | GrowBarato Chile,15300,16990,11,GrowBarato Chile,Astro Growshop,true,true,2026-06-13T00:13:36.453Z,Bonglab Prisma | Prisma Clear-Bonglab
10438,Soplete Ignite Phantom Mini,Encendedores y sopletes,,ignite,phantom-mini,phantom-mini,/productos/ignite/phantom-mini,2,2,Astro Growshop | Fumetas,15990,16990,6,Fumetas,Astro Growshop,true,true,2026-06-13T00:32:43.857Z,Ignite Soplete Phantom Mini | Soplete Phantom Mini-Ignite
10603,Batería Airistech Mystica Max,Repuestos para bongs y vaporizadores,,airistech,mystica-max,mystica-max,/productos/airistech/mystica-max,3,2,Astro Growshop | Piranha,16641,16990,2,Piranha,Astro Growshop,true,true,2026-06-13T01:35:32.863Z,Batería Airistech Mystica Max | PIRANHA | Batería Airistech Mystica Max | PIRANHA | Bateria Mystica Max -Airistech
10596,Tazón RAW Wake Up & Bake Up,Otros parafernalia,,raw,tazon-wake-up-bake-up,tazon-wake-up-bake-up,/productos/raw/tazon-wake-up-bake-up,2,2,Fumetas | Piranha,16992,19990,18,Piranha,Fumetas,true,true,2026-06-13T01:49:45.692Z,Tazón Mañanero Negro RAW | Tazón Raw Wake Up &amp; Bake Up
10532,DynaVap The Bonger Adaptador para Bong,Vaporizadores herbales,,dynavap,bonger,bonger,/productos/dynavap/bonger,2,2,Astro Growshop | Fumetas,17990,22990,28,Fumetas,Astro Growshop,true,true,2026-06-13T01:11:04.040Z,Dynavap Bonger | The Bonger Black Adaptador Bong- Dynavap
10599,Bonglab Purify Carbon Filter System 18mm,Repuestos para bongs y vaporizadores,,bonglab,purify-carbon-filter-18mm,purify-carbon-filter-18mm,/productos/bonglab/purify-carbon-filter-18mm,2,2,Astro Growshop | Fumetas,17990,17990,0,Fumetas,Fumetas,true,true,2026-06-13T00:30:22.208Z,Bonglab Purify Carbon Filter System Kit 14mm - 18mm | Purify Carbon Filter System Solo 18Mm-Bonglab
10313,Calvo Glass Banger Full Weld Thin Slurper - Macho 14mm,Accesorios de extraccion,Calvo Glass,calvo,banger-thin-slurper-full-weld-14mm,banger-thin-slurper-full-weld-14mm,/productos/calvo/banger-thin-slurper-full-weld-14mm,2,2,Fumetas | Piranha,18261,19990,9,Piranha,Fumetas,true,true,2026-06-13T01:52:51.824Z,Banger Thin Slurper Full Weld 14mm | Calvo Glass Banger Full Weld Thin Slurper - Macho 14mm
10314,Calvo Glass Banger Full Weld Big Slurper - Macho 14mm,Accesorios de extraccion,Calvo Glass,calvo,banger-big-slurper-full-weld-14mm,banger-big-slurper-full-weld-14mm,/productos/calvo/banger-big-slurper-full-weld-14mm,2,2,Fumetas | Piranha,18261,19990,9,Piranha,Fumetas,true,true,2026-06-13T01:31:04.380Z,Banger Slurper Full Weld 14mm | Calvo Glass Banger Full Weld Big Slurper - Macho 14mm
6011,PieceMaker Pipa Kuban 11 cm,Pipas,PieceMaker,piecemaker,pipe-pipa-kuban-11cm-11cm,kuban,/productos/piecemaker/kuban,2,2,Fumetas | Piranha,18743,21990,17,Piranha,Fumetas,true,true,2026-06-13T01:44:37.373Z,Pipa Kuban PieceMaker 11cm (Color a elección) | PIRANHA | PieceMaker Pipa Kuban 11 cm
7885,Estuche Ywiwis Gollo - OZeta | PIRANHA,Contenedores y estuches,Ozeta,ozeta,container-estuche,case-ywiwis,/productos/ozeta/case-ywiwis,2,2,Astro Growshop | Piranha,19593,27990,43,Piranha,Astro Growshop,true,true,2026-06-13T01:33:50.843Z,Estuche Ywiwis Gollo - OZeta | PIRANHA | Bolso Ywiwis Antiolor-Ozeta
10488,Dime Bags Estuche The Collector con Clave 22cm,Contenedores y estuches,,dime-bags,the-collector-22cm,the-collector-22cm,/productos/dime-bags/the-collector-22cm,2,2,Fumetas | Piranha,19752,25990,32,Piranha,Fumetas,true,true,2026-06-13T01:47:49.100Z,Estuche Anti Olor Dime Bags The Collector con Candado 22cm | PIRANHA | Dime Bags Estuche Collector Con Clave Anti-Olor 22cm
5534,Heavy Bubbler Cabo de borosilicato,Bongs,Cabo,cabo,bong-heavy-bubbler,heavy-bubbler,/productos/cabo/heavy-bubbler,2,2,Fumetas | GrowBarato Chile,19800,29990,51,GrowBarato Chile,Fumetas,true,true,2026-06-13T00:29:31.799Z,Heavy Bubbler Cabo de borosilicato | Cabo Pipa Heavy Bubbler 12cm
10213,Nectar Collector Torp 18Cm-Bonglab,Accesorios de extraccion,BONGLAB,bonglab,nectar-collector-18cm,nectar-collector-torp-18cm,/productos/bonglab/nectar-collector-torp-18cm,2,2,Astro Growshop | Fumetas,19990,19990,0,Astro Growshop,Astro Growshop,true,true,2026-06-13T00:32:34.613Z,Nectar Collector Torp 18Cm-Bonglab | BongLab Nectar Collector Torp 18cm
10210,Nectar Collector Obelisk 15Cm-Bonglab,Accesorios de extraccion,BONGLAB,bonglab,nectar-collector-obelisk-15cm,nectar-collector-obelisk-15cm,/productos/bonglab/nectar-collector-obelisk-15cm,2,2,Astro Growshop | Fumetas,19990,19990,0,Astro Growshop,Astro Growshop,true,true,2026-06-13T00:32:31.301Z,Nectar Collector Obelisk 15Cm-Bonglab | BongLab Nectar Collector Obelisk 15cm
10209,BongLab Nectar Collector Mini 17cm,Accesorios de extraccion,BongLab,bonglab,nectar-collector-17cm-mini,nectar-collector-mini-17cm,/productos/bonglab/nectar-collector-mini-17cm,2,2,Astro Growshop | Fumetas,19990,19990,0,Astro Growshop,Astro Growshop,true,true,2026-06-13T00:32:29.747Z,Nectar Collector Mini 17Cm -Bonglab | BongLab Nectar Collector Mini 17cm
10502,Storz & Bickel Estuche Crafty Case,Repuestos para bongs y vaporizadores,,storz-bickel,crafty-case,crafty-case,/productos/storz-bickel/crafty-case,2,2,Astro Growshop | Fumetas,19990,29990,50,Fumetas,Astro Growshop,true,true,2026-06-13T00:11:00.817Z,Storz &amp; Bickel Estuche Case Crafty (+) - Anti-olor | Crafty Case - Storz &amp; Bickel
10604,Batería Airistech Mystica Ace,Repuestos para bongs y vaporizadores,,airistech,mystica-ace,mystica-ace,/productos/airistech/mystica-ace,2,2,Astro Growshop | Piranha,19992,24990,25,Piranha,Astro Growshop,true,true,2026-06-13T01:52:26.833Z,Batería Mystica Ace - Airistech | PIRANHA | Bateria Mystica Ace -Airistech
10349,G-Rollz Moledor Aluminio 4 Partes 53mm,Moledores,,g-rollz,moledor-aluminio-4p-53mm,aluminio-4p-53mm,/productos/g-rollz/aluminio-4p-53mm,2,2,Fumetas | Piranha,19992,23990,20,Piranha,Fumetas,true,true,2026-06-13T01:26:46.674Z,Moledor Aluminio G-Rollz 4 Partes 5cm | PIRANHA | G-Rollz Moledor Pets Rock Rap 53mm
5757,Storz &amp; Bickel Cápsulas Monodosis 40 unidades,Repuestos para bongs y vaporizadores,Storz & Bickel,storz-bickel,repuestos-capsulas-monodosis,dosing-capsules-monodosis-40u,/productos/storz-bickel/dosing-capsules-monodosis-40u,2,2,Astro Growshop | Fumetas,20990,22990,10,Fumetas,Astro Growshop,true,true,2026-06-13T00:27:20.670Z,Storz &amp; Bickel Cápsulas Monodosis 40 unidades | Capsulas Monodosis 40 Unidades - Storz &amp; Bickel
10398,Storz & Bickel Boquilla Solid Valve,Repuestos para bongs y vaporizadores,,storz-bickel,solid-valve-boquilla,solid-valve-boquilla,/productos/storz-bickel/solid-valve-boquilla,2,2,Astro Growshop | Piranha,21592,30690,42,Piranha,Astro Growshop,true,true,2026-06-13T01:52:54.516Z,Solid Valve Boquilla | BOQUILLA SOLID VALVE-STORZ &amp; BICKEL
10598,Polera Bonglab Smoker Life,Otros parafernalia,,bonglab,polera-smoker-life,polera-smoker-life,/productos/bonglab/polera-smoker-life,2,2,Astro Growshop | Fumetas,21990,26990,23,Fumetas,Astro Growshop,true,true,2026-06-13T01:04:55.808Z,Polera Bonglab Smoker Life | White Shirt Smoker Life Xxl-Bonglab
10501,Storz & Bickel Estuche Venty Case,Repuestos para bongs y vaporizadores,,storz-bickel,venty-case,venty-case,/productos/storz-bickel/venty-case,2,2,Astro Growshop | Fumetas,21990,24990,14,Astro Growshop,Fumetas,true,true,2026-06-13T00:57:54.796Z,Venty Case - Storz &amp; Bickel | Storz &amp; Bickel Estuche Case Venty Anti Olor
10159,Chiller Unit Red 14Mm-Bonglab,Repuestos para bongs y vaporizadores,Bonglab,bonglab,,chiller-unit-red-14mm,/productos/bonglab/chiller-unit-red-14mm,2,2,Astro Growshop | Fumetas,21990,31990,45,Astro Growshop,Fumetas,true,true,2026-06-13T00:29:17.538Z,Chiller Unit Red 14Mm-Bonglab | BongLab Chiller Unit Red 14mm
10188,Moledor Metálico Bulldog Swing Giratorio,Moledores,The Bulldog,the-bulldog,grinder-swing-metal,metalico-swing,/productos/the-bulldog/metalico-swing,2,2,Fumetas | GrowBarato Chile,22100,25990,18,GrowBarato Chile,Fumetas,true,true,2026-06-13T01:55:11.675Z,Moledor Bulldog Ámsterdam Metálico Swing Giratorio | Moledor metálico Swing Bulldog 60mm
10491,Dime Bags Bolso The Boss con Clave 20cm,Contenedores y estuches,,dime-bags,the-boss-20cm,the-boss-20cm,/productos/dime-bags/the-boss-20cm,2,2,Fumetas | Piranha,22393,31990,43,Piranha,Fumetas,true,true,2026-06-13T01:43:17.928Z,Bolso Anti Olor Dime Bags The Boss con Candado 20cm | PIRANHA | Dime Bags Estuche The Boss Con Clave Anti-Olor 20cm
10505,Ozeta Clip Pequeño Anti-Olor,Otros parafernalia,,ozeta,clip-pequeno,clip-pequeno,/productos/ozeta/clip-pequeno,2,2,Fumetas | Piranha,22990,22990,0,Piranha,Piranha,true,true,2026-06-13T01:33:48.755Z,OZeta Clip Pequeño | Ozeta Clip Pequeño - Anti-olor
10366,Bonglab Atrapa Cenizas Multi Percolador 14mm,Repuestos para bongs y vaporizadores,,bonglab,atrapa-cenizas-percolador-14mm,atrapa-cenizas-percolador-14mm,/productos/bonglab/atrapa-cenizas-percolador-14mm,2,2,Astro Growshop | Fumetas,22990,24990,9,Astro Growshop,Fumetas,true,true,2026-06-13T00:37:22.908Z,Atrapa Ceniza Multi Percolador 14Mm-Bonglab | Bonglab Atrapa Cenizas Multi Percolador 14mm
10395,Ozeta Clip Mediano Kaya Unite Anti-Olor,Contenedores y estuches,,ozeta,clip-mediano-kaya-unite,clip-mediano-kaya-unite,/productos/ozeta/clip-mediano-kaya-unite,2,2,Astro Growshop | Fumetas,22990,24990,9,Fumetas,Astro Growshop,true,true,2026-06-13T00:30:58.885Z,Ozeta Clip Mediano por Kaya - Anti Olor | Estuche Clip Mediano Ozeta &amp; Kaya Unite- Ozeta
10574,Ozeta Estuche Felpudo Completo Anti-Olor,Contenedores y estuches,,ozeta,estuche-felpudo-completo,estuche-felpudo-completo,/productos/ozeta/estuche-felpudo-completo,2,2,Fumetas | Piranha,23243,30990,33,Piranha,Fumetas,true,true,2026-06-13T01:34:02.352Z,Estuche Ywiwis Completo - OZeta | PIRANHA | Ozeta Estuche Felpudo Completo - Anti-olor
10288,Bonglab Bong X4 Dream Rig 22cm,Bongs,BongLab,bonglab,bong-dream-rig-22cm-22cm,dream-rig-x4,/productos/bonglab/dream-rig-x4,2,2,Astro Growshop | Fumetas,23391,29990,28,Fumetas,Astro Growshop,true,true,2026-06-13T00:37:46.003Z,Bonglab Bong X4 Dream Rig 22cm | Dream Rig X4 -Bonglab
10516,Storz & Bickel Estuche Mighty Plus Case,Repuestos para bongs y vaporizadores,,storz-bickel,mighty-plus-case,mighty-plus-case,/productos/storz-bickel/mighty-plus-case,2,2,Astro Growshop | Fumetas,23470,27990,19,Astro Growshop,Fumetas,true,true,2026-06-13T01:08:38.486Z,Mighty Plus Case-Storz &amp; Bickel | Storz &amp; Bickel Estuche Case Mighty(+) - Anti-olor
10447,Ryot Estuche Roller Wallet,Contenedores y estuches,,ryot,roller-wallet,roller-wallet,/productos/ryot/roller-wallet,2,2,Astro Growshop | Fumetas,23481,34990,49,Fumetas,Astro Growshop,true,true,2026-06-13T00:33:25.961Z,Ryot Estuche Roller Wallet | Estuche Roller Wallet -Ryot
10602,Storz & Bickel Cargador para auto 12V Mighty,Repuestos para bongs y vaporizadores,Storz & Bickel,storz-bickel,repuestos-cargador-12v-mighty,charger-mighty-car-charger,/productos/storz-bickel/charger-mighty-car-charger,2,2,Fumetas | Piranha,23655,24990,6,Piranha,Fumetas,true,true,2026-06-13T01:52:52.129Z,Mighty Cargador 12V para Autos | Storz &amp; Bickel Cargador para auto 12V Mighty
10492,DynaVap DynaCoil Adaptador para Extractos,Repuestos para bongs y vaporizadores,,dynavap,dynacoil,dynacoil,/productos/dynavap/dynacoil,2,2,Fumetas | Piranha,23741,24990,5,Piranha,Fumetas,true,true,2026-06-13T01:46:47.900Z,Adaptador para Extractos/Concentrados DynaVap DynaCoil | PIRANHA | Dynavap Adaptador Extractos Dynacoil
10609,G Pen Roam Glass Tube,Otros parafernalia,,g-pen,roam-glass-tube,roam-glass-tube,/productos/g-pen/roam-glass-tube,2,2,Astro Growshop | Fumetas,23990,31990,33,Astro Growshop,Fumetas,true,true,2026-06-13T01:11:24.682Z,Glass Tube Grenco Roam Black-G Pen | G Pen Roam Glass Tube
10573,Ozeta Estuche Felpudo Empanada Anti-Olor,Contenedores y estuches,,ozeta,estuche-felpudo-empanada,estuche-felpudo-empanada,/productos/ozeta/estuche-felpudo-empanada,2,2,Fumetas | Piranha,23993,31990,33,Piranha,Fumetas,true,true,2026-06-13T01:34:03.462Z,Estuche Ywiwis Empanada - OZeta | PIRANHA | Ozeta Estuche Felpudo Empanada - Anti-olor
10409,Calvo Glass Double Skull Rig,Bongs,,calvo,double-skull-rig,double-skull-rig,/productos/calvo/double-skull-rig,2,2,Fumetas | GrowBarato Chile,24300,30990,28,GrowBarato Chile,Fumetas,true,true,2026-06-13T01:57:42.973Z,Bong Double Skull Rig 19cm de Calvo Glass | Calvo Glass Doble Skull Rig 22cm
10606,Dime Bags The Goodfella 17cm,Contenedores y estuches,,dime-bags,goodfella-17cm,goodfella-17cm,/productos/dime-bags/goodfella-17cm,2,2,Fumetas | Piranha,24504,31990,31,Piranha,Fumetas,true,true,2026-06-13T01:40:16.120Z,Bolso Anti Olor Dime Bags The Goodfella con Candado17cm | PIRANHA | Dime Bags Maletín Goodfella Con Clave Anti Olor 17cm
5926,Bucket Banger Cuarzo Diseño Blazy Susan 14mm Macho | PIRANHA,Accesorios de extraccion,Blazy Susan,blazy-susan,banger-diseno-macho-14mm,banger-diseno-macho-90-14mm,/productos/blazy-susan/banger-diseno-macho-90-14mm,2,2,Astro Growshop | Piranha,24592,29990,22,Piranha,Astro Growshop,true,true,2026-06-13T01:38:19.466Z,Bucket Banger Cuarzo Diseño Blazy Susan 14mm Macho | PIRANHA | Banger Cuarzo Diseño Bs 14Mm Macho-Blazy Susan
10489,Dime Bags Estuche The Collector con Clave 30cm,Contenedores y estuches,,dime-bags,the-collector-30cm,the-collector-30cm,/productos/dime-bags/the-collector-30cm,2,2,Fumetas | Piranha,24592,29990,22,Piranha,Fumetas,true,true,2026-06-13T01:32:06.223Z,Estuche Anti Olor Dime Bags The Collector con Candado 30cm | PIRANHA | Dime Bags Estuche Collector Con Clave Anti-Olor 30cm
5792,"Moledor Cerámico Galaxy Pocket Grinder 5,5cm 4 Partes | PIRANHA",Moledores,Galaxy,galaxy,grinder-pocket-ceramic-55mm,pocket-ceramic,/productos/galaxy/pocket-ceramic,2,2,Astro Growshop | Piranha,24592,29990,22,Piranha,Astro Growshop,true,true,2026-06-13T01:26:40.317Z,"Moledor Cerámico Galaxy Pocket Grinder 5,5cm 4 Partes | PIRANHA | Ceramics Pocket Grinder -Galaxy"
10540,Hemper Smoke Fiends Blaze The Cactus Filtro Personal,Filtros y boquillas,,hemper,smoke-fiends-blaze-the-cactus,smoke-fiends-blaze-the-cactus,/productos/hemper/smoke-fiends-blaze-the-cactus,2,2,Fumetas | Piranha,24831,28790,16,Piranha,Fumetas,true,true,2026-06-13T01:44:44.892Z,Hemper Smoke Fiends Filtro de Humo Blaze The Cactus | PIRANHA | Smoke Fiends El Cactus Blaze Filtro Personal
10490,Dime Bags Bolso The Boss con Clave 25cm,Contenedores y estuches,,dime-bags,the-boss-25cm,the-boss-25cm,/productos/dime-bags/the-boss-25cm,2,2,Fumetas | Piranha,24833,35990,45,Piranha,Fumetas,true,true,2026-06-13T01:38:26.099Z,Bolso Anti Olor Dime Bags The Boss con Candado 25cm | PIRANHA | Dime Bags Estuche The Boss Con Clave Anti-Olor 25cm
10412,Bonglab Atrapa Ceniza Tree Clear 45°,Repuestos para bongs y vaporizadores,,bonglab,atrapaceniza-tree-clear-45,atrapaceniza-tree-clear-45,/productos/bonglab/atrapaceniza-tree-clear-45,2,2,Astro Growshop | GrowBarato Chile,24990,28800,15,Astro Growshop,GrowBarato Chile,true,true,2026-06-13T01:57:15.941Z,Atrapaceniza Tree Clear 45-Bonglab | Atrapa Ceniza Tree 14/18 Mm Clear 45º Bonglab
10212,Nectar Collector Tank 14Cm-Bonglab,Accesorios de extraccion,BONGLAB,bonglab,nectar-collector-14cm,nectar-collector-tank-14cm,/productos/bonglab/nectar-collector-tank-14cm,2,2,Astro Growshop | Fumetas,25990,25990,0,Astro Growshop,Astro Growshop,true,true,2026-06-13T00:32:33.410Z,Nectar Collector Tank 14Cm-Bonglab | BongLab Nectar Collector Tank 14cm
10211,BongLab Nectar Collector Slim 15cm,Accesorios de extraccion,BongLab,bonglab,nectar-collector-15cm-slim,nectar-collector-slim-15cm,/productos/bonglab/nectar-collector-slim-15cm,2,2,Astro Growshop | Fumetas,25990,25990,0,Astro Growshop,Astro Growshop,true,true,2026-06-13T00:32:32.166Z,Nectar Collector Slim 15Cm - Bonglab | BongLab Nectar Collector Slim 15cm
10415,Ozeta Clip Mediano Black Anti-Olor,Contenedores y estuches,,ozeta,clip-mediano-black,clip-mediano-black,/productos/ozeta/clip-mediano-black,2,2,Astro Growshop | Fumetas,25990,25990,0,Astro Growshop,Astro Growshop,true,true,2026-06-13T00:32:12.336Z,Bolso Clip Mediano Black-Ozeta | Ozeta Clip Mediano - Anti Olor
10233,Blazy Susan Conos Pre-enrolados Purple 1 1/4 50 uds.,Conos y blunts,Blazy Susan,blazy-susan,cone-conos-pre-enrolados-1-1-4,pre-roll-purple-1-1-4-50u,/productos/blazy-susan/pre-roll-purple-1-1-4-50u,2,2,Astro Growshop | Fumetas,26991,29990,11,Fumetas,Astro Growshop,true,true,2026-06-13T00:28:58.254Z,Blazy Susan Conos Pre-enrolados Purple 1 1/4 50 uds. | Conos Pre Roll Purple 1 1/4 Jar 50U-Blazy Susan
10152,Blazy Susan Conos Pre-enrolados King Size 50 uds.,Conos y blunts,Blazy Susan,blazy-susan,cone-conos-pre-enrolados-king-size,pre-roll-pink-king-size-50u,/productos/blazy-susan/pre-roll-pink-king-size-50u,2,2,Astro Growshop | Fumetas,26991,29990,11,Fumetas,Astro Growshop,true,true,2026-06-13T00:28:57.131Z,Blazy Susan Conos Pre-enrolados King Size 50 uds. | CONOS PRE ROLL KING SIZE JAR 50U-BLAZY SUSAN
10538,Bonglab Bong Lucky Goblin,Bongs,,bonglab,lucky-goblin,lucky-goblin,/productos/bonglab/lucky-goblin,2,2,Fumetas | Piranha,27541,29990,9,Piranha,Fumetas,true,true,2026-06-13T01:35:28.507Z,Bong Lucky Goblin | PIRANHA | Bonglab Bong Lucky Goblin
10271,VAPORIZADOR TRIFUSION 45K -OXBAR,Vaporizadores electronicos,OXBAR,oxbar,disposable-oxbar,disposable-oxbar-trifusion-45k,/productos/oxbar/disposable-oxbar-trifusion-45k,2,2,Astro Growshop | Fumetas,27590,29990,9,Fumetas,Astro Growshop,true,true,2026-06-13T01:12:04.430Z,Oxbar Vaporizador Desechable Tri Fusion 45K Puffs | VAPORIZADOR TRIFUSION 45K -OXBAR
5764,Estuche Anti Olor OZeta Mediano (Color a elección),Contenedores y estuches,Ozeta,ozeta,container-estuche-mediano,case-antiolor-medium,/productos/ozeta/case-antiolor-medium,2,2,Fumetas | Piranha,27712,27990,1,Piranha,Fumetas,true,true,2026-06-13T01:34:47.564Z,Estuche Anti Olor OZeta Mediano (Color a elección) | Ozeta Estuche mediano 2022 - Anti-olor
10528,Sploofy Pro Filtro de Aire Personal,Filtros y boquillas,,sploofy,pro,pro,/productos/sploofy/pro,2,2,Fumetas | GrowBarato Chile,27900,29990,7,GrowBarato Chile,Fumetas,true,true,2026-06-13T01:05:34.353Z,Sploofy Pro Filtro De Aire Personal | Sploofy Pro Filtro Personal
10428,Encendedor Zippo Herringbone Sweep,Encendedores y sopletes,,zippo,herringbone-sweep,herringbone-sweep,/productos/zippo/herringbone-sweep,2,2,Fumetas | Piranha,27990,33990,21,Fumetas,Piranha,true,true,2026-06-13T01:34:28.565Z,Encendedor Zippo Herringbone Sweep | Encendedor Zippo Herringbone Sweep
10466,Bonglab Bong Tough Beaker 23cm,Bongs,,bonglab,tough-beaker-23cm,tough-beaker-23cm,/productos/bonglab/tough-beaker-23cm,2,2,Astro Growshop | Fumetas,27990,29990,7,Fumetas,Astro Growshop,true,true,2026-06-13T00:29:15.768Z,Bonglab Bong Tough Beaker 23cm | Tough Beaker -Bonglab
10487,Bonglab Bong Saucer Rig 13cm,Bongs,,bonglab,saucer-rig-13cm,saucer-rig-13cm,/productos/bonglab/saucer-rig-13cm,2,2,Astro Growshop | Fumetas,27990,29990,7,Fumetas,Astro Growshop,true,true,2026-06-13T00:29:14.456Z,Bonglab Bong Saucer Rig 13cm | Saucer Rig-Bonglab
10569,Estuche RAW Smokers Pouch Anti-Olor,Contenedores y estuches,,raw,smokers-pouch,smokers-pouch,/productos/raw/smokers-pouch,2,2,Fumetas | Piranha,27992,30441,9,Piranha,Fumetas,true,true,2026-06-13T01:46:20.282Z,Estuche RAW Anti Olores | PIRANHA | Estuche Raw Smokers Pouch - Anti-olor
10445,Blazy Susan Rolling Tray Acero Inoxidable,Accesorios de extraccion,,blazy-susan,rolling-tray-acero-inoxidable,rolling-tray-acero-inoxidable,/productos/blazy-susan/rolling-tray-acero-inoxidable,2,2,Astro Growshop | Fumetas,28791,31990,11,Fumetas,Astro Growshop,true,true,2026-06-13T01:14:24.555Z,Blazy Susan Bandeja Rolling Tray Acero Inoxidable | Rolling Tray Acero Inoxidable -Blazy Susan
10380,Calvo Glass Poison Rig Lite 19cm,Bongs,,calvo,poison-rig-lite-19cm,poison-rig-lite-19cm,/productos/calvo/poison-rig-lite-19cm,2,2,Fumetas | GrowBarato Chile,28800,28990,1,GrowBarato Chile,Fumetas,true,true,2026-06-13T00:38:30.460Z,Bong Mushroom 19cm de Calvo Glass | Calvo Glass Poison Rig Lite 19cm
10571,Ozeta Estuche Felpudo Pizza Anti-Olor,Contenedores y estuches,,ozeta,estuche-felpudo-pizza,estuche-felpudo-pizza,/productos/ozeta/estuche-felpudo-pizza,2,2,Fumetas | Piranha,28821,30990,8,Fumetas,Piranha,true,true,2026-06-13T01:34:04.465Z,Ozeta Estuche Felpudo Pizza - Anti-olor | Estuche Ywiwis Pizza - OZeta | PIRANHA
10572,Ozeta Estuche Felpudo Papas Fritas Anti-Olor,Contenedores y estuches,,ozeta,estuche-felpudo-papas-fritas,estuche-felpudo-papas-fritas,/productos/ozeta/estuche-felpudo-papas-fritas,2,2,Fumetas | Piranha,28821,30990,8,Fumetas,Piranha,true,true,2026-06-13T01:33:45.323Z,Ozeta Estuche Felpudo Papas Fritas - Anti-olor | Estuche Ywiwis Papas Fritas - OZeta | PIRANHA
10554,Ozeta Estuche Pequeño Anti-Olor,Contenedores y estuches,,ozeta,estuche-pequeno,estuche-pequeno,/productos/ozeta/estuche-pequeno,2,2,Astro Growshop | Fumetas,28990,28990,0,Astro Growshop,Astro Growshop,true,true,2026-06-13T00:33:02.764Z,Estuche Pequeño -Ozeta | Ozeta Estuche pequeño - Anti-olor
10493,Yocan Dirk Hot Knife,Accesorios de extraccion,,yocan,dirk-hot-knife,dirk-hot-knife,/productos/yocan/dirk-hot-knife,2,2,Astro Growshop | Piranha,29392,34990,19,Piranha,Astro Growshop,true,true,2026-06-13T01:51:18.064Z,Yocan Dirk Hot Knife | PIRANHA | HOT KNIFE EXTRACTOS DIRK YOCAN
10223,Calvo Glass Bee Rig Lite 19cm,Bongs,Calvo Glass,calvo,bong-bee-rig-lite-19cm-19cm,bee-lite,/productos/calvo/bee-lite,2,2,Fumetas | GrowBarato Chile,29990,30000,0,Fumetas,GrowBarato Chile,true,true,2026-06-13T01:57:41.795Z,Calvo Glass Bee Rig Lite 19cm | Bong Bee Rig LITE 19cm de Calvo Glass
10315,Bonglab Atrapa cenizas 6 brazos 45°,Repuestos para bongs y vaporizadores,BongLab,bonglab,ash-catcher-tree-18mm-45,atrapa-cenizas-tree-18mm-45,/productos/bonglab/atrapa-cenizas-tree-18mm-45,2,2,Fumetas | Piranha,29990,29990,0,Fumetas,Fumetas,true,true,2026-06-13T01:44:12.211Z,Bonglab Atrapa cenizas 6 brazos 45° | Atrapaceniza Tree 18mm45º
10607,Dime Bags The Button Bandolera,Otros parafernalia,,dime-bags,button-bandolera,button-bandolera,/productos/dime-bags/button-bandolera,2,2,Astro Growshop | Fumetas,29990,32990,10,Fumetas,Astro Growshop,true,true,2026-06-13T00:50:36.524Z,Dime Bags The Button Bandolera Con Clave Anti-Olor | Button Smell Proof Black-Dime Bags
10553,Ozeta Estuche Mediano Anti-Olor,Contenedores y estuches,,ozeta,estuche-mediano,estuche-mediano,/productos/ozeta/estuche-mediano,2,2,Astro Growshop | Fumetas,29990,32990,10,Astro Growshop,Fumetas,true,true,2026-06-13T00:33:01.492Z,Estuche Mediano -Ozeta | Ozeta Estuche mediano - Anti-olor
10498,Polerón Pink Hoodie Blazy Susan,Otros parafernalia,,blazy-susan,poleron-pink-hoodie,poleron-pink-hoodie,/productos/blazy-susan/poleron-pink-hoodie,2,2,Astro Growshop | Piranha,29993,44990,50,Piranha,Astro Growshop,true,true,2026-06-13T01:51:15.729Z,Polerón Pink Hoodie Blazy Susan | PIRANHA | Poleron Pink-Blazy Susan
10465,Bonglab Bong Prisma Plus 9cm,Bongs,,bonglab,prisma-plus-9cm,prisma-plus-9cm,/productos/bonglab/prisma-plus-9cm,2,2,Astro Growshop | Fumetas,30990,34990,13,Fumetas,Astro Growshop,true,true,2026-06-13T00:29:09.306Z,Bonglab Bong Prisma Plus 9cm | Prisma Plus -Bonglab
10235,Bolso Bandolera Circular-Ozeta,Contenedores y estuches,OZETA,ozeta,container-bolso,bag-bandolera-circular,/productos/ozeta/bag-bandolera-circular,2,2,Astro Growshop | Fumetas,32990,40990,24,Astro Growshop,Fumetas,true,true,2026-06-13T01:09:02.838Z,Bolso Bandolera Circular-Ozeta | Ozeta Bandolera Circular - Anti Olor
10361,Storz & Bickel Volcano Hybrid Tube Kit,Vaporizadores herbales,,storz-bickel,volcano-hybrid-tube-kit,volcano-hybrid-tube-kit,/productos/storz-bickel/volcano-hybrid-tube-kit,2,2,Astro Growshop | Piranha,33241,49990,50,Piranha,Astro Growshop,true,true,2026-06-13T01:52:50.811Z,Volcano Hybrid Tube Kit | Unidad De Tubo Flexible - Volcano Hybrid-Storz &amp; Bickel
10429,Encendedor Zippo Classic Orange Matte,Encendedores y sopletes,,zippo,classic-orange-matte,classic-orange-matte,/productos/zippo/classic-orange-matte,2,2,Fumetas | Piranha,33990,33990,0,Piranha,Piranha,true,true,2026-06-13T01:47:29.853Z,Encendedor Zippo Orange Matte | Encendedor Classic Orange Matte Zippo
10396,Dime Bags Estuche The Soldier Anti-Olor 15cm,Contenedores y estuches,,dime-bags,the-soldier-15cm,the-soldier-15cm,/productos/dime-bags/the-soldier-15cm,2,2,Fumetas | Piranha,34822,42990,23,Piranha,Fumetas,true,true,2026-06-13T01:43:07.880Z,Estuche Anti Olor Dime Bags The Soldier con Candado 15cm | PIRANHA | Dime Bags Estuche The Soldier con Clave Anti-Olor 15cm
10374,Calvo Glass Bong Essential 22cm,Bongs,,calvo,essential-22cm,essential-22cm,/productos/calvo/essential-22cm,2,2,Fumetas | GrowBarato Chile,34990,35000,0,Fumetas,GrowBarato Chile,true,true,2026-06-13T01:57:26.888Z,Calvo Glass Bong Esencial 22cm | Bong Calvo Essential 22cm de Calvo Glass
10364,Zippo Flame Design Colorblock,Encendedores y sopletes,,zippo,flame-design,flame-design,/productos/zippo/flame-design,2,2,Astro Growshop | Piranha,34990,39990,14,Piranha,Astro Growshop,true,true,2026-06-13T01:34:26.180Z,Encendedor Zippo Flame Design | Flame Design Colorblock-Zippo
10511,Encendedor Zippo Classic Flat Sand,Encendedores y sopletes,,zippo,classic-flat-sand,classic-flat-sand,/productos/zippo/classic-flat-sand,2,2,Astro Growshop | Fumetas,34990,36990,6,Astro Growshop,Fumetas,true,true,2026-06-13T01:03:36.550Z,Encendedor Classic Flat Sand Logo - Zippo | Encendedor Zippo Flat Sand
10226,Calvo Bong Dual Eye Rig 18cm,Bongs,Calvo,calvo,bong-dual-eye-rig-18cm-18cm,dual-eye,/productos/calvo/dual-eye,2,2,Astro Growshop | Fumetas,34990,36990,6,Fumetas,Astro Growshop,true,true,2026-06-13T00:38:02.262Z,Calvo Bong Dual Eye Rig 18cm | Rig Dual Eye -Calvo Glass
10241,Encendedor Classic Black &amp; Red-Zippo,Encendedores y sopletes,ZIPPO,zippo,lighter-encendedor-classic-black-red,lighter-classic-black-red,/productos/zippo/lighter-classic-black-red,2,2,Astro Growshop | Fumetas,34990,40990,17,Astro Growshop,Fumetas,true,true,2026-06-13T00:31:21.921Z,Encendedor Classic Black &amp; Red-Zippo | Encendedor Zippo Classic Black and Red
5486,American Helix Pipa Classic Mini 12cm,Pipas,American Helix,american-helix,pipe-pipa-classic-mini-12cm-12cm-mini,classic-mini,/productos/american-helix/classic-mini,5,2,Astro Growshop | Fumetas,35192,50990,45,Fumetas,Astro Growshop,true,true,2026-06-13T00:28:29.756Z,American Helix Pipa Classic Mini 12cm | Pipa Classic Mini Azul-American Helix | Pipa Classic Mini Rojo-American Helix | Pipa Classic Mini Verde-American Helix | Pipa Classic Mini Negro-American Helix
5780,Ozeta Chestbag 4x4 con clave - Anti-olor,Contenedores y estuches,Ozeta,ozeta,container-chestbag,bag-chestbag-4x4-4x4,/productos/ozeta/bag-chestbag-4x4-4x4,2,2,Astro Growshop | Fumetas,36541,41990,15,Fumetas,Astro Growshop,true,true,2026-06-13T00:28:53.589Z,Ozeta Chestbag 4x4 con clave - Anti-olor | Bolso Chestbag 4X4 Con Clave-Ozeta
10255,Pipa Uno Og Standard Azul-American Helix,Pipas,AMERICAN HELIX,american-helix,pipe-pipa-uno-standard-azul,uno,/productos/american-helix/uno,5,2,Astro Growshop | Fumetas,36990,43990,19,Astro Growshop,Astro Growshop,true,true,2026-06-13T00:44:36.656Z,Pipa Uno Og Standard Azul-American Helix | Pipa Uno Og Standard Rojo-American Helix | Pipa Uno Og Standard Verde-American Helix | Pipa Uno Og Standard Negro-American Helix | American Helix Pipa UNO OG Standard 15cm
10552,Ozeta Estuche Grande Anti-Olor,Contenedores y estuches,,ozeta,estuche-grande,estuche-grande,/productos/ozeta/estuche-grande,2,2,Astro Growshop | Fumetas,36990,36990,0,Astro Growshop,Astro Growshop,true,true,2026-06-13T00:32:59.698Z,Estuche Grande -Ozeta | Ozeta Estuche grande - Anti-olor
10448,Blazy Susan Banano Smellproof Fanny Pack Pink,Otros parafernalia,,blazy-susan,banano-smellproof-pink,banano-smellproof-pink,/productos/blazy-susan/banano-smellproof-pink,2,2,Astro Growshop | Fumetas,37990,43990,16,Astro Growshop,Fumetas,true,true,2026-06-13T00:33:29.278Z,Banano Smellproof Fanny Pack Pink-Blazy Susan | Blazy Susan Banano Smellproof Fanny Pack Pink
5762,Banano Anti Olor Con Clave,Contenedores y estuches,Ozeta,ozeta,,bag-banano,/productos/ozeta/bag-banano,2,2,GrowBarato Chile | Piranha,38600,42990,11,GrowBarato Chile,Piranha,true,true,2026-06-13T01:59:17.668Z,Bolso bandolera Banano Anti-Olor de Ozeta | Banano Anti Olor Con Clave
10376,Ozeta Banano con Clave Anti-Olor,Otros parafernalia,,ozeta,banano-con-clave,banano-con-clave,/productos/ozeta/banano-con-clave,2,2,Astro Growshop | Fumetas,38691,39990,3,Fumetas,Astro Growshop,true,true,2026-06-13T00:31:28.011Z,Ozeta Banano con clave - Anti-olor | Banano Con Clave-Ozeta
10332,Encendedor Zippo Cannabis Design,Encendedores y sopletes,Zippo,zippo,lighter-cannabis-design-iridiscente,cannabis-design-iridiscente,/productos/zippo/cannabis-design-iridiscente,2,2,Fumetas | Piranha,38990,46990,21,Fumetas,Piranha,true,true,2026-06-13T01:34:25.195Z,Encendedor Zippo Cannabis Design | Encendedor Zippo Cannabis Design
10457,Bonglab Mini Beaker Kit Extractos,Bongs,,bonglab,mini-beaker-kit-extractos,mini-beaker-kit-extractos,/productos/bonglab/mini-beaker-kit-extractos,2,2,Astro Growshop | Piranha,39591,39990,1,Piranha,Astro Growshop,true,true,2026-06-13T01:51:14.500Z,Bong Kit Extractos Mini Beaker Bonglab | PIRANHA | Mini Beaker Kit Extractos-Bonglab
10451,Hemper Vapor Station Bubbler + Nectar Collector,Accesorios de extraccion,,hemper,vapor-station-bubbler-nectar-collector,vapor-station-bubbler-nectar-collector,/productos/hemper/vapor-station-bubbler-nectar-collector,2,2,Fumetas | Piranha,39591,43990,11,Piranha,Fumetas,true,true,2026-06-13T01:34:56.628Z,Hemper Vapor Station Bubbler + Nectar Collector | PIRANHA | Hemper Vapor Station Bubbler + Nectar Collector
10180,Shoulderbag con Clave Anti-olor OZeta,Contenedores y estuches,Ozeta,ozeta,,shoulderbag-con-clave,/productos/ozeta/shoulderbag-con-clave,2,2,Fumetas | GrowBarato Chile,39700,40990,3,GrowBarato Chile,Fumetas,true,true,2026-06-13T01:55:58.040Z,Shoulderbag con Clave Anti-olor OZeta | Ozeta Shoulderbag con Clave - Anti-olor
10536,Dime Bags Estuche The Soldier con Clave 22cm,Contenedores y estuches,,dime-bags,the-soldier-22cm,the-soldier-22cm,/productos/dime-bags/the-soldier-22cm,2,2,Fumetas | Piranha,39772,50990,28,Piranha,Fumetas,true,true,2026-06-13T01:46:52.162Z,Estuche Anti Olor Dime Bags The Soldier con Candado 22cm | PIRANHA | Dime Bags Estuche The Soldier con Clave Anti-Olor 25cm
10518,Ozeta Case Cilíndrico Con Clave Anti-Olor,Otros parafernalia,,ozeta,case-cilindrico-con-clave,case-cilindrico-con-clave,/productos/ozeta/case-cilindrico-con-clave,2,2,Fumetas | Piranha,39990,49990,25,Fumetas,Piranha,true,true,2026-06-13T01:48:11.143Z,Ozeta Case Cilíndrico Con Clave Anti - Olor | Case Cilíndrico c/clave - OZeta | PIRANHA
10414,Focus V Atomizador Intelli-Core para Hierba Carta 2,Vaporizadores herbales,,focus-v,intelli-core-hierba-carta-2,intelli-core-hierba-carta-2,/productos/focus-v/intelli-core-hierba-carta-2,2,2,Astro Growshop | Piranha,39990,47491,19,Astro Growshop,Piranha,true,true,2026-06-13T01:45:54.471Z,ATOMIZADOR INTELLI-CORE PARA HIERBA SECA-FOCUS V | Atomizador Intelli-Core para Hierbas Secas Carta 2 Focus V | PIRANHA
10277,Encendedor Zippo Fire Heart Design,Encendedores y sopletes,Zippo,zippo,lighter-encendedor-fire-heart-design,fire-heart,/productos/zippo/fire-heart,2,2,Astro Growshop | Fumetas,39990,44990,13,Fumetas,Astro Growshop,true,true,2026-06-13T00:32:01.435Z,Encendedor Zippo Fire Heart Design | Fire Heart Design-Zippo
5730,Encendedor ZIPPO – Classic High Polish Teal | Grow Barato Chile,Encendedores y sopletes,Zippo,zippo,lighter-encendedor-classic-high-polish,lighter-high-polish-teal,/productos/zippo/lighter-high-polish-teal,2,2,Fumetas | GrowBarato Chile,41400,44990,9,GrowBarato Chile,Fumetas,true,true,2026-06-13T01:59:49.870Z,Encendedor ZIPPO – Classic High Polish Teal | Grow Barato Chile | Encendedor Zippo High Polish Teal Logo
10461,Bonglab Cobra Rig Kit Extractos,Bongs,,bonglab,cobra-rig-kit-extractos,cobra-rig-kit-extractos,/productos/bonglab/cobra-rig-kit-extractos,2,2,Astro Growshop | Piranha,41990,44991,7,Astro Growshop,Piranha,true,true,2026-06-13T01:51:13.452Z,Cobra Rig Kit Extractos-Bonglab | Bong Kit Extractos Cobra Rig Bonglab | PIRANHA
10484,Calvo Glass Eye Sun Rig 25cm,Bongs,,calvo,eye-sun-rig,eye-sun-rig,/productos/calvo/eye-sun-rig,2,2,Astro Growshop | Fumetas,42990,44990,5,Astro Growshop,Fumetas,true,true,2026-06-13T00:36:13.310Z,Rig Eye Sun Orange-Calvo Glass | Calvo Glass Bong Eye Sun Rig 25cm
10254,American Helix Pipa Classic 15cm,Pipas,American Helix,american-helix,pipe-pipa-classic-15cm-15cm,classic,/productos/american-helix/classic,5,2,Astro Growshop | Fumetas,43192,69990,62,Fumetas,Astro Growshop,true,true,2026-06-13T00:40:25.564Z,American Helix Pipa Classic 15cm | Pipa Classic Og Rojo-American Helix | Pipa Classic Og Verde-American Helix | Pipa Classic Og Azul-American Helix | Pipa Classic Og Negro-American Helix
10582,Encendedor Zippo Classic High Polish Blue,Encendedores y sopletes,,zippo,classic-high-polish-blue,classic-high-polish-blue,/productos/zippo/classic-high-polish-blue,2,2,Astro Growshop | Fumetas,43990,45990,5,Astro Growshop,Fumetas,true,true,2026-06-13T01:08:16.299Z,Encendedor Hig Polish Blue Logo - Zippo | Encendedor Zippo Classic High Polish Blue
10194,Bong Space Opera Rig Ambar 22cm,Bongs,CALVO,calvo,bong-space-opera-22cm,space-opera,/productos/calvo/space-opera,2,2,Astro Growshop | Piranha,43992,56990,30,Piranha,Astro Growshop,true,true,2026-06-13T01:27:34.991Z,Bong Space Opera Rig Ambar 22cm | Space Opera Rig Ambar-Calvo Glass
10221,Bong Shiva Blue Bonglab 25cm con Percolador | Vidrio Borosilicato,Bongs,BONGLAB,bonglab,bong-shiva-blue-25cm-percolador-25cm,shiva,/productos/bonglab/shiva,2,2,Fumetas | GrowBarato Chile,44900,49990,11,GrowBarato Chile,Fumetas,true,true,2026-06-13T01:59:08.757Z,Bong Shiva Blue Bonglab 25cm con Percolador | Vidrio Borosilicato | Bonglab Bong Shiva 27cm
10426,Encendedor Zippo Santa Cruz,Encendedores y sopletes,,zippo,santa-cruz-design,santa-cruz-design,/productos/zippo/santa-cruz-design,2,2,Astro Growshop | Piranha,44990,46990,4,Astro Growshop,Piranha,true,true,2026-06-13T01:47:27.303Z,Santa Cruz-Zippo | Encendedor Zippo Santa Cruz
10216,Rig Four Horn-Calvo Glass,Bongs,CALVO GLASS,calvo,bong-rig-four-horn,four-horn,/productos/calvo/four-horn,3,2,Astro Growshop | Fumetas,44990,44990,0,Fumetas,Fumetas,true,true,2026-06-13T00:35:58.339Z,Calvo Bong Four Horn Rig Azul 22cm | Calvo Bong Four Horn Rig Morado 20cm | Rig Four Horn-Calvo Glass
10326,Hemper Bong Space Fleet 15cm,Bongs,Hemper,hemper,bong-space-fleet-15cm,space-fleet-15cm,/productos/hemper/space-fleet-15cm,2,2,Fumetas | Piranha,44993,59990,33,Piranha,Fumetas,true,true,2026-06-13T01:34:45.428Z,Hemper Bong Space Fleet 15cm | PIRANHA | Hemper Bong Space Fleet 15cm
10547,Ozeta Techbag Anti-Olor,Otros parafernalia,,ozeta,techbag,techbag,/productos/ozeta/techbag,2,2,Astro Growshop | Piranha,46990,54990,17,Astro Growshop,Piranha,true,true,2026-06-13T01:49:48.952Z,Techbag Negra-Ozeta | Techbag - OZeta | PIRANHA
10509,Weecke Vaporizador C Vapor Mini,Vaporizadores herbales,,weecke,c-vapor-mini,c-vapor-mini,/productos/weecke/c-vapor-mini,2,2,Astro Growshop | Piranha,48993,59990,22,Piranha,Astro Growshop,true,true,2026-06-13T01:46:50.015Z,Vaporizador Weecke C Vapor Mini | PIRANHA | Vaporizador Hierbas Weecke C Vapor Mini
10341,Mochila Slim - OZeta | PIRANHA,Contenedores y estuches,OZETA,ozeta,bag-mochila-slim,mochila-slim,/productos/ozeta/mochila-slim,2,2,Astro Growshop | Piranha,51990,82990,60,Astro Growshop,Piranha,true,true,2026-06-13T01:52:54.443Z,Mochila Slim Black-Ozeta | Mochila Slim - OZeta | PIRANHA
5536,Bong Beaker Tree Perc 35cm,Bongs,Calvo Glass,calvo,bong-beaker-tree-perc-35cm,beaker-tree-perc,/productos/calvo/beaker-tree-perc,2,2,Fumetas | Piranha,52191,52191,0,Piranha,Piranha,true,true,2026-06-13T01:42:04.672Z,Bong Beaker Tree Perc 35cm | Calvo Glass Bong Beaker Tree Perc M 35cm
10431,Puffco Proxy Flower Bowl,Accesorios de extraccion,,puffco,proxy-flower-bowl,proxy-flower-bowl,/productos/puffco/proxy-flower-bowl,2,2,Astro Growshop | Piranha,52493,62990,20,Piranha,Astro Growshop,true,true,2026-06-13T01:52:33.320Z,Proxy Flower Bowl - Puffco | Proxy Flower Bowl-Puffco
10328,Tapa DynaVap The Ballr Cap | PIRANHA,Repuestos para bongs y vaporizadores,DYNAVAP,dynavap,cap-ballr,ballr-cap,/productos/dynavap/ballr-cap,2,2,Astro Growshop | Piranha,53191,64990,22,Piranha,Astro Growshop,true,true,2026-06-13T01:52:52.445Z,Tapa DynaVap The Ballr Cap | PIRANHA | Tapa The Ballr-Dynavap
10229,Hemper Bong Gaming Flower 18cm | PIRANHA,Bongs,HEMPER,hemper,bong-gaming-flower-18cm-18cm,gaming-flower,/productos/hemper/gaming-flower,2,2,Fumetas | Piranha,54591,61990,14,Piranha,Fumetas,true,true,2026-06-13T01:28:02.644Z,Hemper Bong Gaming Flower 18cm | PIRANHA | Hemper Gaming Flower Bong 18cm
10228,Hemper Bong Chinese Takeout 15cm | PIRANHA,Bongs,HEMPER,hemper,bong-chinese-takeout-15cm-15cm,chinese-takeout,/productos/hemper/chinese-takeout,2,2,Fumetas | Piranha,54591,61990,14,Piranha,Fumetas,true,true,2026-06-13T01:28:01.145Z,Hemper Bong Chinese Takeout 15cm | PIRANHA | Hemper Bong Chinese Takeout 15cm
10230,Hemper Bong Lucky Money Cat 13cm | PIRANHA,Bongs,HEMPER,hemper,bong-lucky-money-cat-13cm-13cm,lucky-money-cat,/productos/hemper/lucky-money-cat,2,2,Fumetas | Piranha,54591,61990,14,Piranha,Fumetas,true,true,2026-06-13T01:27:53.943Z,Hemper Bong Lucky Money Cat 13cm | PIRANHA | Hemper Bong Lucky Money Cat 13cm
10231,Hemper Bong Wish Ball 17cm | PIRANHA,Bongs,HEMPER,hemper,bong-wish-ball-17cm-17cm,wish-ball,/productos/hemper/wish-ball,2,2,Fumetas | Piranha,54591,61990,14,Piranha,Fumetas,true,true,2026-06-13T01:27:39.170Z,Hemper Bong Wish Ball 17cm | PIRANHA | Hemper Bong Wish Ball 18cm
5538,Hemper Bong Gummy Bear 17cm | PIRANHA,Bongs,Hemper,hemper,bong-gummy-bear-17cm-17cm,gummy-bear,/productos/hemper/gummy-bear,2,2,Fumetas | Piranha,54591,61990,14,Piranha,Fumetas,true,true,2026-06-13T01:27:38.166Z,Hemper Bong Gummy Bear 17cm | PIRANHA | Hemper Bong Gummy Bear 16cm
10570,Bolso Cruzado Smellproof Blazy Susan,Contenedores y estuches,,blazy-susan,bolso-cruzado-smellproof,bolso-cruzado-smellproof,/productos/blazy-susan/bolso-cruzado-smellproof,2,2,Astro Growshop | Piranha,59492,59990,1,Piranha,Astro Growshop,true,true,2026-06-13T01:44:29.560Z,Bolso Anti Olor Cruzado Blazy Susan (Black/Pink) | PIRANHA | Bolso Smellprrof Hombro-Blazy Susan
10403,BongLab Fire Fenix 46cm,Bongs,,bonglab,fire-fenix-46cm,fire-fenix-46cm,/productos/bonglab/fire-fenix-46cm,2,2,Astro Growshop | Fumetas,59990,62990,5,Fumetas,Astro Growshop,true,true,2026-06-13T01:16:08.526Z,BongLab Bong KE9 Fire Fenix 46cm | Fire Fenix Red (Ke8)-Bonglab
5790,The Trash Big Logo-Bonglab,Bongs,Bonglab,bonglab,bong-trash-big-logo,trash-big-logo,/productos/bonglab/trash-big-logo,2,2,Astro Growshop | Fumetas,59990,59990,0,Fumetas,Fumetas,true,true,2026-06-13T00:28:03.989Z,Bonglab Bong The Trash Big Logo 45cm | The Trash Big Logo-Bonglab
5776,Jelly Fish-Bonglab,Bongs,Bonglab,bonglab,bong-jelly-fish,jelly-fish,/productos/bonglab/jelly-fish,2,2,Astro Growshop | Piranha,61191,67990,11,Piranha,Astro Growshop,true,true,2026-06-13T01:35:17.974Z,Bong Jelly Fish | Jelly Fish-Bonglab
10379,Storz & Bickel Easy Valve Replacement Set,Vaporizadores herbales,,storz-bickel,easy-valve-replacement-set,easy-valve-replacement-set,/productos/storz-bickel/easy-valve-replacement-set,2,2,Astro Growshop | Piranha,61741,79990,30,Piranha,Astro Growshop,true,true,2026-06-13T01:52:52.909Z,Easy Valve Replacement Set | Easy Valve Replacement Set-Storz &amp; Bickel
10467,Focus V Cargador Inalámbrico Carta 2,Repuestos para bongs y vaporizadores,,focus-v,cargador-inalambrico-carta-2,cargador-inalambrico-carta-2,/productos/focus-v/cargador-inalambrico-carta-2,2,2,Astro Growshop | Fumetas,62990,69990,11,Astro Growshop,Fumetas,true,true,2026-06-13T00:30:35.061Z,CARGADOR INALAMBRICO-FOCUS V | Focus V Cargador Inalámbrico Carta 2
10394,BongLab Elty8 Monster Bong 48cm,Bongs,,bonglab,elty8-monster-48cm,elty8-monster-48cm,/productos/bonglab/elty8-monster-48cm,2,2,Fumetas | Piranha,64990,64990,0,Fumetas,Fumetas,true,true,2026-06-13T01:52:52.227Z,BongLab Bong Elty8 Monster 48cm | Elty8 Monster Bong
5518,Bong The Trash,Bongs,Bonglab,bonglab,,the-trash,/productos/bonglab/the-trash,2,2,GrowBarato Chile | Piranha,65691,66600,1,Piranha,GrowBarato Chile,true,true,2026-06-13T01:58:31.458Z,Bong The Trash | Bong Trash Clear Black de Bonglab - GB The Green Brand
10217,Double Shot -Bonglab,Bongs,Bonglab,bonglab,bong-double-shot,double-shot,/productos/bonglab/double-shot,2,2,Astro Growshop | Fumetas,65990,69990,6,Astro Growshop,Fumetas,true,true,2026-06-13T00:37:34.349Z,Double Shot -Bonglab | BongLab Bong K14 Double Shot 42cm
10462,Puffco Proxy 3D Chamber,Accesorios de extraccion,,puffco,proxy-3d-chamber,proxy-3d-chamber,/productos/puffco/proxy-3d-chamber,2,2,Astro Growshop | Piranha,66490,66491,0,Astro Growshop,Piranha,true,true,2026-06-13T01:51:51.820Z,Proxy 3D Chamber-Puffco | Repuesto Proxy 3D Chamber - Puffco
10534,Bonglab Bong KE9 Water Fenix 46cm,Bongs,,bonglab,ke9-water-fenix-46cm,ke9-water-fenix-46cm,/productos/bonglab/ke9-water-fenix-46cm,2,2,Astro Growshop | Fumetas,66990,74990,12,Astro Growshop,Fumetas,true,true,2026-06-13T01:16:08.548Z,Water Fenix Blue-Bonglab | Bonglab Bong KE9 Water Fenix 46cm
10550,Puffco Cupsy Pipa de Agua,Accesorios de extraccion,,puffco,cupsy,cupsy,/productos/puffco/cupsy,2,2,Astro Growshop | Piranha,67990,67992,0,Astro Growshop,Piranha,true,true,2026-06-13T01:52:23.311Z,Cupsy Water Pipe-Puffco | Pipa de Agua Cupsy - Puffco
10486,Storz & Bickel Dosing Capsule Filling Set,Vaporizadores herbales,,storz-bickel,dosing-capsule-filling-set,dosing-capsule-filling-set,/productos/storz-bickel/dosing-capsule-filling-set,2,2,Astro Growshop | Piranha,69292,84990,23,Piranha,Astro Growshop,true,true,2026-06-13T01:52:53.533Z,Dosing Capsule Filling Set | Dosing Capsule Filling Set-Storz &amp; Bickel
10392,Yocan Vane 2,Vaporizadores herbales,,yocan,vane-2,vane-2,/productos/yocan/vane-2,2,2,Astro Growshop | Fumetas,69990,69990,0,Astro Growshop,Astro Growshop,true,true,2026-06-13T01:16:08.694Z,VAPORIZADOR HIERBA SECA VANE- YOCAN | Vaporizador Yocan Vane 2
10556,Airistech Vaporizador Herbva Nokiva,Vaporizadores herbales,,airistech,herbva-nokiva,herbva-nokiva,/productos/airistech/herbva-nokiva,2,2,Astro Growshop | Fumetas,69990,76990,10,Astro Growshop,Fumetas,true,true,2026-06-13T00:58:15.244Z,Vaporizador Nokiva Kit-Airistech | Airistech Vaporizador Herbva Nokiva
10342,Duffle Bag - OZeta | PIRANHA,Contenedores y estuches,OZETA,ozeta,bag-duffle,duffle-bag,/productos/ozeta/duffle-bag,2,2,Astro Growshop | Piranha,71990,86990,21,Astro Growshop,Piranha,true,true,2026-06-13T01:52:54.477Z,Duffle Bag Black-Ozeta | Duffle Bag - OZeta | PIRANHA
10329,Atomizador Intelli-Core para Extractos con Bubbler Cap | PIRANHA,Accesorios de extraccion,FOCUS V,focus-v,atomizer-intelli-core,intelli-core,/productos/focus-v/intelli-core,2,2,Astro Growshop | Piranha,75991,79990,5,Piranha,Astro Growshop,true,true,2026-06-13T01:52:52.477Z,Atomizador Intelli-Core para Extractos con Bubbler Cap | PIRANHA | ATOMIZADOR INTELLI-CORE PARA EXTRACTOS CON BUBBLER CAP-FOCUS V
10455,Puffco New Proxy 3D Chamber,Accesorios de extraccion,,puffco,new-proxy-3d-chamber,new-proxy-3d-chamber,/productos/puffco/new-proxy-3d-chamber,2,2,Astro Growshop | Piranha,79191,84990,7,Piranha,Astro Growshop,true,true,2026-06-13T01:50:51.070Z,Repuesto New Proxy 3D Chamber - Puffco | Puffco New Proxy 3D Chamber
10499,Puffco Pivot Travel Case Daybreak Limited,Accesorios de extraccion,,puffco,pivot-travel-case-daybreak,pivot-travel-case-daybreak,/productos/puffco/pivot-travel-case-daybreak,2,2,Astro Growshop | Piranha,84990,89271,5,Astro Growshop,Piranha,true,true,2026-06-13T01:37:07.493Z,Pivot Travel Case Daybreak Limited-Puffco | Puffco Pivot + Hot Knife Travel Case Daybreak Limited | PIRANHA
10407,Bonglab Bong Glycerin Black Ice,Bongs,,bonglab,glycerin-black-ice,glycerin-black-ice,/productos/bonglab/glycerin-black-ice,2,2,GrowBarato Chile | Piranha,84992,99000,16,Piranha,GrowBarato Chile,true,true,2026-06-13T01:58:32.864Z,Bong Glycerin Black Ice | Glycerin Black Ice Bonglab - Bong con Glicerina en GB The Green Brand
10545,Weecke Vaporizador Rush,Vaporizadores herbales,,weecke,rush,rush,/productos/weecke/rush,2,2,Astro Growshop | Piranha,84992,122990,45,Piranha,Astro Growshop,true,true,2026-06-13T01:48:24.664Z,Vaporizador Weecke Rush | PIRANHA | Vaporizador Hierba Rush- Weecke
10471,Puffco Pivot Glass Adapter con 3D Chamber,Accesorios de extraccion,,puffco,pivot-glass-adapter-3d-chamber,pivot-glass-adapter-3d-chamber,/productos/puffco/pivot-glass-adapter-3d-chamber,2,2,Astro Growshop | Piranha,87990,87991,0,Astro Growshop,Piranha,true,true,2026-06-13T01:49:06.266Z,Pivot Glass Adapter With 3D Chamber Onyx-Puffco | Accesorio Puffco Pivot Glass Adapter con 3D Chamber - Puffco
10504,Hemper Trippy Shroom Puffco Peak Glass,Accesorios de extraccion,,hemper,trippy-shroom-peak-glass,trippy-shroom-peak-glass,/productos/hemper/trippy-shroom-peak-glass,2,2,Fumetas | Piranha,89271,95990,8,Piranha,Fumetas,true,true,2026-06-13T01:52:13.053Z,Hemper Puffco Trippy Shroom Peak Top | PIRANHA | Hemper Trippy Shroom Puffco Peak Glass
10319,DynaVap Titanium The Helix Tip | PIRANHA,Repuestos para bongs y vaporizadores,DYNAVAP,dynavap,tip-helix-titanium,helix-titanium-tip,/productos/dynavap/helix-titanium-tip,2,2,Astro Growshop | Piranha,89990,94991,6,Astro Growshop,Piranha,true,true,2026-06-13T01:52:55.118Z,The Helix Titanium Tip- Dynavap | DynaVap Titanium The Helix Tip | PIRANHA
10324,Weecke Vaporizador Fenix Pro 7th Gen,Vaporizadores herbales,Weecke,weecke,vaporizer-fenix-pro,fenix-pro,/productos/weecke/fenix-pro,2,2,Astro Growshop | Fumetas,89990,98991,10,Astro Growshop,Fumetas,true,true,2026-06-13T00:32:49.757Z,Vaporizador Fenix Pro V2-Weecke | Weecke Vaporizador Fenix Pro 7th Gen
10594,Polerón RAW Hoodie Bolsillos Secretos,Otros parafernalia,,raw,hoodie-bolsillos-secretos,hoodie-bolsillos-secretos,/productos/raw/hoodie-bolsillos-secretos,2,2,Fumetas | Piranha,89991,117990,31,Piranha,Fumetas,true,true,2026-06-13T01:46:46.821Z,Polerón RAW Hoodie Escondites Secretos (L/XL/XXL) | PIRANHA | Polerón Hoodie Canguro Raw Rawlers - Bolsillos Secretos
10590,Mochila Smellproof Blazy Susan Negra,Otros parafernalia,,blazy-susan,mochila-smellproof-negra,mochila-smellproof-negra,/productos/blazy-susan/mochila-smellproof-negra,2,2,Astro Growshop | Fumetas,89991,94990,6,Fumetas,Astro Growshop,true,true,2026-06-13T01:10:23.779Z,Blazy Susan Mochila Smell-Proof Negra | Mochila Smellproof Logos Black-Blazy Susan
10468,Yocan Vaporizador Falcon Kit 6 en 1,Accesorios de extraccion,,yocan,falcon-kit-6-en-1,falcon-kit-6-en-1,/productos/yocan/falcon-kit-6-en-1,2,2,Fumetas | Piranha,94991,99990,5,Piranha,Fumetas,true,true,2026-06-13T01:42:58.991Z,Vaporizador Yocan Falcon Kit 6 en 1 | PIRANHA | Yocan Vaporizador Falcon Kit
10460,Focus V Batería Intercambiable Aeris,Repuestos para bongs y vaporizadores,,focus-v,bateria-intercambiable-aeris,bateria-intercambiable-aeris,/productos/focus-v/bateria-intercambiable-aeris,2,2,Astro Growshop | Piranha,94991,99990,5,Piranha,Astro Growshop,true,true,2026-06-13T01:36:06.252Z,Batería Intercambiable Aeris Focus V | PIRANHA | BATERIA INTERCAMBIABLE AERIS -FOCUS V
10519,Storz & Bickel Easy Valve Starter Set,Repuestos para bongs y vaporizadores,,storz-bickel,easy-valve-starter-set,easy-valve-starter-set,/productos/storz-bickel/easy-valve-starter-set,2,2,Fumetas | Piranha,98272,145990,49,Piranha,Fumetas,true,true,2026-06-13T01:52:49.860Z,Válvula Easy Valve Starter Set | Storz &amp; Bickel Easy Valve Starter Set
10456,Puffco Peak Pro 3D Chamber,Accesorios de extraccion,,puffco,peak-pro-3d-chamber,peak-pro-3d-chamber,/productos/puffco/peak-pro-3d-chamber,2,2,Astro Growshop | Piranha,107990,107991,0,Astro Growshop,Piranha,true,true,2026-06-13T01:36:05.207Z,Peak Pro 3D Chamber-Puffco | Puffco Peak Pro 3D Chamber | PIRANHA
10365,Weecke Fenix 2 Max,Vaporizadores herbales,,weecke,fenix-2-max,fenix-2-max,/productos/weecke/fenix-2-max,2,2,Astro Growshop | Piranha,119591,160990,35,Piranha,Astro Growshop,true,true,2026-06-13T01:40:25.282Z,Vaporizador Weecke Fenix 2 + (Max) | PIRANHA | FENIX 2 MAX - WEECKE
10432,Puffco Peak Pro Power Dock,Accesorios de extraccion,,puffco,peak-pro-power-dock,peak-pro-power-dock,/productos/puffco/peak-pro-power-dock,2,2,Astro Growshop | Piranha,124492,149990,20,Piranha,Astro Growshop,true,true,2026-06-13T01:52:43.442Z,Peak Pro Power Dock - Puffco | Peak Pro Power Dock-Puffco
10559,Puffco Proxy Wizard,Accesorios de extraccion,,puffco,proxy-wizard,proxy-wizard,/productos/puffco/proxy-wizard,2,2,Astro Growshop | Piranha,125993,156990,25,Piranha,Astro Growshop,true,true,2026-06-13T01:52:44.776Z,Accesorio Proxy Wizard - Puffco | Proxy Wizard Black-Puffco
10189,Vaporizador Dynavap M7 XL,Vaporizadores herbales,DynaVap,dynavap,vaporizadores-m7-xl-xl,m7-xl,/productos/dynavap/m7-xl,2,2,Fumetas | GrowBarato Chile,127990,131000,2,Fumetas,GrowBarato Chile,true,true,2026-06-13T01:57:21.789Z,Dynavap Vaporizador Mecánico M7 XL | Vaporizador Dynavap M7 XL | Versión extendida sin batería
10562,Puffco Proxy Bub Bubbler,Accesorios de extraccion,,puffco,proxy-bub,proxy-bub,/productos/puffco/proxy-bub,2,2,Astro Growshop | Piranha,128241,161990,26,Piranha,Astro Growshop,true,true,2026-06-13T01:52:25.639Z,Proxy Bub Puffco | PIRANHA | Proxy Bloom Bubbler-Puffco
10327,Vaporizador DynaVap The VonG (Titanium) | PIRANHA,Vaporizadores herbales,DYNAVAP,dynavap,vaporizer-vong-titanium,vong-titanium,/productos/dynavap/vong-titanium,2,2,Astro Growshop | Piranha,131992,194990,48,Piranha,Astro Growshop,true,true,2026-06-13T01:34:12.069Z,Vaporizador DynaVap The VonG (Titanium) | PIRANHA | Vaporizador The Vong Titanium-Dynavap
10330,Atomizador Intelli-Core Max para Extractos con Bubbler Cap | PIRANHA,Accesorios de extraccion,FOCUS V,focus-v,atomizer-intelli-core-max,intelli-core-max,/productos/focus-v/intelli-core-max,2,2,Astro Growshop | Piranha,134990,142491,6,Astro Growshop,Piranha,true,true,2026-06-13T01:52:52.511Z,ATOMIZADOR INTELLI-CORE MAX PARA EXTRACTOS CON BUBBLER CAP-FOCUS V | Atomizador Intelli-Core Max para Extractos con Bubbler Cap | PIRANHA
10478,Weecke Vaporizador Fenix Neo,Vaporizadores herbales,,weecke,fenix-neo,fenix-neo,/productos/weecke/fenix-neo,2,2,Astro Growshop | Fumetas,134991,141990,5,Fumetas,Astro Growshop,true,true,2026-06-13T01:15:02.117Z,Weecke Vaporizador Fenix Neo | Vaporizador Hierba Fenix Neo- Weecke
10587,Traje RAW Spacesuit,Otros parafernalia,,raw,spacesuit,spacesuit,/productos/raw/spacesuit,2,2,Fumetas | Piranha,149591,197990,32,Piranha,Fumetas,true,true,2026-06-13T01:46:21.618Z,Traje RAW Spacesuit Black (L/XL) | PIRANHA | Raw Traje Spacesuite
10541,Vaporizador G Pen Roam,Vaporizadores herbales,,g-pen,roam,roam,/productos/g-pen/roam,2,2,Fumetas | Piranha,179994,239990,33,Piranha,Fumetas,true,true,2026-06-13T01:50:59.416Z,Vaporizador Roam | Vaporizador G Pen Roam
10558,Puffco Peak Pro Link Onyx,Accesorios de extraccion,,puffco,peak-pro-link-onyx,peak-pro-link-onyx,/productos/puffco/peak-pro-link-onyx,2,2,Astro Growshop | Piranha,195492,206990,6,Piranha,Astro Growshop,true,true,2026-06-13T01:52:31.244Z,Accesorio Puffco Peak Pro Link Onyx | PIRANHA | NEW PEAK PRO LINK - PUFFCO
9248,Vaporizador Puffco New Peak | PIRANHA,Vaporizadores herbales,Puffco,puffco,vaporizadores-vaporizador-new-peak,vaporizer-peak,/productos/puffco/vaporizer-peak,2,2,Fumetas | Piranha,258993,269990,4,Piranha,Fumetas,true,true,2026-06-13T01:52:49.939Z,Vaporizador Puffco New Peak | PIRANHA | Vaporizador Puffco Peak 2024
10459,Puffco Proxy Black + Joystick Cap,Accesorios de extraccion,,puffco,proxy-black-joystick-cap,proxy-black-joystick-cap,/productos/puffco/proxy-black-joystick-cap,2,2,Astro Growshop | Piranha,295990,296442,0,Astro Growshop,Piranha,true,true,2026-06-13T01:52:28.909Z,Proxy Black + Joystick Cap-Puffco | Vaporizador Proxy Kit Black + Joystick Cap - Puffco
10443,Puffco Vaporizador Proxy,Accesorios de extraccion,,puffco,proxy,proxy,/productos/puffco/proxy,2,2,Astro Growshop | Fumetas,349990,349990,0,Astro Growshop,Astro Growshop,true,true,2026-06-13T00:33:36.267Z,Vaporizador Proxy -Puffco | Puffco Vaporizador Proxy
9247,Puffco Vaporizador Peak Pro,Vaporizadores herbales,Puffco,puffco,vaporizadores-vaporizador-peak-pro,vaporizer-peak-pro,/productos/puffco/vaporizer-peak-pro,3,2,Fumetas | GrowBarato Chile,459990,540000,17,Fumetas,GrowBarato Chile,true,true,2026-06-13T02:02:13.006Z,Puffco Vaporizador Peak Pro | Puffco Vaporizador New Peak Pro + Chamber 3D XL | Puffco Peak Pro vaporizador
10561,Puffco New Peak Pro Pearl + 3DXL Limited,Accesorios de extraccion,,puffco,new-peak-pro-pearl-3dxl,new-peak-pro-pearl-3dxl,/productos/puffco/new-peak-pro-pearl-3dxl,2,2,Astro Growshop | Piranha,497692,597990,20,Piranha,Astro Growshop,true,true,2026-06-13T01:33:57.491Z,Vaporizador Puffco New Peak Pro Pearl 3DXL Limited | PIRANHA | New Peak Pro Pearl + 3Dxl-Puffco
10560,Puffco New Peak Pro Onyx + 3DXL Limited,Accesorios de extraccion,,puffco,new-peak-pro-onyx-3dxl,new-peak-pro-onyx-3dxl,/productos/puffco/new-peak-pro-onyx-3dxl,2,2,Astro Growshop | Piranha,497692,597990,20,Piranha,Astro Growshop,true,true,2026-06-13T01:33:56.128Z,Vaporizador Puffco New Peak Pro Onyx 3DXL Limited | PIRANHA | New Peak Pro Onyx + 3Dxl-Puffco
5745,Volcano Hybrid Onyx Edition-Storz &amp; Bickel,Vaporizadores herbales,Storz & Bickel,storz-bickel,vaporizadores-volcano-hybrid,volcano-hybrid-onyx,/productos/storz-bickel/volcano-hybrid-onyx,2,2,Astro Growshop | Fumetas,549990,599990,9,Astro Growshop,Fumetas,true,true,2026-06-13T00:31:33.000Z,Volcano Hybrid Onyx Edition-Storz &amp; Bickel | Storz &amp; Bickel Vaporizador Volcano Hybrid Onyx
10584,Blazy Susan Boquillas Pink Pre-Picadas 50u,Filtros y boquillas,,blazy-susan,boquillas-pink-pre-picadas,boquillas-pink-pre-picadas,/productos/blazy-susan/boquillas-pink-pre-picadas,2,2,Astro Growshop | Fumetas,690,790,14,Astro Growshop,Fumetas,false,true,2026-06-13T00:52:23.583Z,Boquillas Tips Pink Und-Blazy Susan | Blazy Susan Boquillas Pink Pre-picadas 50 uds.
10515,Papelillos Smoking Deluxe King Size,Papelillos,,smoking,deluxe-king-size,deluxe-king-size,/productos/smoking/deluxe-king-size,2,2,Astro Growshop | Fumetas,690,990,43,Fumetas,Astro Growshop,false,true,2026-06-13T00:51:25.944Z,Papelillos Smoking Deluxe King Size | Papelillo King Size De Luxe-Smoking
10183,Blazy Susan Deluxe Rolling Kit Purple 1 1/4,Papelillos,Blazy Susan,blazy-susan,paper-1-1-4-1-1-4,purple-con-tips,/productos/blazy-susan/purple-con-tips,2,2,Astro Growshop | Fumetas,1990,2090,5,Astro Growshop,Fumetas,false,true,2026-06-13T00:28:59.420Z,Papelillo Purple 1 1/4 Deluxe Kit 1Und-Blazy Susan | Blazy Susan Deluxe Rolling Kit Purple 1 1/4
10311,Gas Butano Special Blue Ultra Refinado 9X 300ml,Encendedores y sopletes,Special Blue,special-blue,gas-9x-300ml,gas-9x-300ml,/productos/special-blue/gas-9x-300ml,2,2,Astro Growshop | Fumetas,3990,3990,0,Astro Growshop,Astro Growshop,false,true,2026-06-13T00:35:10.609Z,Gas Butano Ultra Refinado X9 Premium-Calvo Glass | Gas Butano Special Blue Ultra Refinado 9X 300ml
10258,Quemador Pro 14 Mm-Bonglab,Repuestos para bongs y vaporizadores,BONGLAB,bonglab,banger-quemador-14mm,bowl-pro-14mm,/productos/bonglab/bowl-pro-14mm,2,2,Astro Growshop | Fumetas,3990,5990,50,Astro Growshop,Fumetas,false,true,2026-06-13T00:28:43.866Z,Quemador Pro 14 Mm-Bonglab | Bonglab Quemador Pro 14mm- Diferentes Colores
10530,Difusor Bonglab 18mm,Repuestos para bongs y vaporizadores,,bonglab,difusor-18mm,difusor-18mm,/productos/bonglab/difusor-18mm,2,2,Astro Growshop | Fumetas,4990,4990,0,Astro Growshop,Astro Growshop,false,true,2026-06-13T01:16:09.384Z,Difusor 18Mm-Bonglab | Difusor bong 18mm-18mm - 14cm
10297,Bonglab Quemador Macho 18mm,Repuestos para bongs y vaporizadores,BongLab,bonglab,banger-quemador-macho-18mm,bowl-macho-18mm,/productos/bonglab/bowl-macho-18mm,2,2,Astro Growshop | Fumetas,4990,5990,20,Fumetas,Astro Growshop,false,true,2026-06-13T00:29:25.680Z,Bonglab Quemador Macho 18mm | Quemador Macho 18Mm -Bonglab
5750,Quemador Rejilla Pyrex 14Mm Cono-Bonglab,Repuestos para bongs y vaporizadores,Bonglab,bonglab,cone-quemador-14mm,bowl-screen-14mm,/productos/bonglab/bowl-screen-14mm,2,2,Astro Growshop | Fumetas,4990,5990,20,Astro Growshop,Fumetas,false,true,2026-06-13T00:28:05.504Z,Quemador Rejilla Pyrex 14Mm Cono-Bonglab | Bonglab Quemador con rejilla - Macho 14mm
10555,Calvo Glass Insert Fondo Blanco,Otros parafernalia,,calvo,insert-fondo-blanco,insert-fondo-blanco,/productos/calvo/insert-fondo-blanco,2,2,Astro Growshop | Fumetas,5990,5990,0,Astro Growshop,Astro Growshop,false,true,2026-06-13T01:14:37.115Z,Insert Fondo Blanco-Calvo Glass | Calvo Glass Insert Opaco
10208,Banger Alto Cuarzo Hembra 14Mm-Bonglab,Accesorios de extraccion,BONGLAB,bonglab,banger-simple-hembra-14mm,banger-alto-hembra-90-14mm,/productos/bonglab/banger-alto-hembra-90-14mm,2,2,Astro Growshop | Fumetas,5990,9590,60,Astro Growshop,Fumetas,false,true,2026-06-13T00:37:29.780Z,Banger Alto Cuarzo Hembra 14Mm-Bonglab | BongLab Banger Alto Cuarzo Hembra 14mm
10482,Encendedor Clipper Metálico Rose Gold,Encendedores y sopletes,,clipper,metalico-rose-gold,metalico-rose-gold,/productos/clipper/metalico-rose-gold,2,2,Astro Growshop | Fumetas,6490,6990,8,Astro Growshop,Fumetas,false,true,2026-06-13T00:50:48.810Z,Encendedor Metalico Rose Gold | Encendedor Clipper Metálico Rose Gold
10481,Encendedor Clipper Metálico Green Gradient,Encendedores y sopletes,,clipper,metalico-green-gradient,metalico-green-gradient,/productos/clipper/metalico-green-gradient,2,2,Astro Growshop | Fumetas,6490,6990,8,Astro Growshop,Fumetas,false,true,2026-06-13T00:50:44.333Z,Encendedor Metalico Green Gradient | Encendedor Clipper Metálico Green Gradient
10480,Encendedor Clipper Metálico Deep Blue,Encendedores y sopletes,,clipper,metalico-deep-blue,metalico-deep-blue,/productos/clipper/metalico-deep-blue,2,2,Astro Growshop | Fumetas,6490,6990,8,Astro Growshop,Fumetas,false,true,2026-06-13T00:50:41.981Z,Encendedor Metálico Deep Blue | Encendedor Clipper Metálico Deep Blue
10261,Calvo Glass Quemador Perlas - Macho 14mm,Repuestos para bongs y vaporizadores,Calvo Glass,calvo,banger-quemador-perlas-14mm,bowl-perlas-14mm,/productos/calvo/bowl-perlas-14mm,2,2,Fumetas | Piranha,6490,6990,8,Fumetas,Piranha,false,true,2026-06-13T00:38:35.559Z,Calvo Glass Quemador Perlas - Macho 14mm | Quemador Perlas Calvo 14mm
10285,Bandeja RAW metálica Prepare for Flight - Grande,Bandejas y ceniceros,RAW,raw,tray-metalica-prepare-for-flight-grande,prepare-for-flight-grande,/productos/raw/prepare-for-flight-grande,2,2,Astro Growshop | Fumetas,8990,10990,22,Astro Growshop,Fumetas,false,true,2026-06-13T00:50:11.497Z,Bandeja Metálica Fly High Grande-Raw | Bandeja RAW metálica Prepare for Flight - Grande
10506,Weecke Boquilla Fenix Neo,Repuestos para bongs y vaporizadores,,weecke,boquilla-fenix-neo,boquilla-fenix-neo,/productos/weecke/boquilla-fenix-neo,2,2,Astro Growshop | Fumetas,9891,10990,11,Fumetas,Astro Growshop,false,true,2026-06-13T01:05:52.451Z,Weecke Boquilla Fenix Neo | Accesorio Mouthpiece Stem Fenix Neo- Weecke
5927,Bonglab Banger Terp Sluter Cuarzo Macho 14MM,Accesorios de extraccion,Bonglab,bonglab,banger-terp-slurper-macho-14mm,banger-terp-slurper-macho-90-14mm,/productos/bonglab/banger-terp-slurper-macho-90-14mm,2,2,Astro Growshop | Fumetas,9990,11990,20,Fumetas,Astro Growshop,false,true,2026-06-13T00:27:59.069Z,Bonglab Banger Terp Sluter Cuarzo Macho 14MM | Banger Terp Slurper Cuarzo Macho 14Mm-Bonglab
10242,Blazy Susan Filtros de carbón activado Xtra Slim 50 uds.,Filtros y boquillas,Blazy Susan,blazy-susan,filter-carbon-slim,carbon-slim-50u,/productos/blazy-susan/carbon-slim-50u,2,2,Astro Growshop | Fumetas,11691,14990,28,Fumetas,Astro Growshop,false,true,2026-06-13T00:47:06.057Z,Blazy Susan Filtros de carbón activado Xtra Slim 50 uds. | Purize Filtros De Carbon Activado Xtra Slim 50U -Blazy Susan
10522,Re:Stash Jar Rosado 4Oz,Contenedores y estuches,,bonglab,re-stash-jar-rosado-4oz,re-stash-jar-rosado-4oz,/productos/bonglab/re-stash-jar-rosado-4oz,2,2,Astro Growshop | Fumetas,17990,22491,25,Astro Growshop,Fumetas,false,true,2026-06-12T23:57:03.452Z,Jar Rosado 4Oz-Bonglab Re: Stash | Re:Stash Jar
10477,Bonglab Round Kit Banger 14mm,Accesorios de extraccion,,bonglab,round-kit-banger,round-kit-banger,/productos/bonglab/round-kit-banger,2,2,Astro Growshop | Fumetas,19990,21990,10,Astro Growshop,Fumetas,false,true,2026-06-13T01:15:49.558Z,Round Kit Banger-Bonglab | Bonglab Banger Round Kit - Macho 14mm
10293,BongLab Contenedor Re:Stash 8oz,Contenedores y estuches,BongLab,re-stash,container-contenedor-8oz,jar-8oz,/productos/re-stash/jar-8oz,2,2,Astro Growshop | Fumetas,20990,23391,11,Astro Growshop,Fumetas,false,true,2026-06-13T00:44:54.946Z,Jar Negro 8Oz-Bonglab Re: Stash | BongLab Contenedor Re:Stash 8oz
10292,BongLab Contenedor Re:Stash 4oz,Contenedores y estuches,BongLab,re-stash,container-contenedor-4oz,jar-4oz,/productos/re-stash/jar-4oz,2,2,Astro Growshop | Fumetas,21591,21990,2,Fumetas,Astro Growshop,false,true,2026-06-13T00:44:53.503Z,BongLab Contenedor Re:Stash 4oz | Jar Ocean Tie Dye 4Oz-Bonglab Re: Stash
10450,Puffco Peak Travel Pack,Accesorios de extraccion,,puffco,peak-travel-pack,peak-travel-pack,/productos/puffco/peak-travel-pack,2,2,Astro Growshop | Fumetas,22990,24990,9,Fumetas,Astro Growshop,false,true,2026-06-13T00:21:40.851Z,Travel Pack Puffco Peak | Peak Travel Pack- Puffco
10294,BongLab Contenedor Re:Stash 12oz,Contenedores y estuches,BongLab,re-stash,container-contenedor-12oz,jar-12oz,/productos/re-stash/jar-12oz,2,2,Astro Growshop | Fumetas,23990,26991,13,Astro Growshop,Fumetas,false,true,2026-06-13T00:44:50.665Z,Jar Negro 12Oz-Bonglab Re: Stash | BongLab Contenedor Re:Stash 12oz
10232,Blazy Susan Conos Pre-enrolados Pink 98mm 50 uds.,Conos y blunts,Blazy Susan,blazy-susan,cone-conos-pre-enrolados-98mm,pre-roll-pink-98mm-50u,/productos/blazy-susan/pre-roll-pink-98mm-50u,2,2,Astro Growshop | Fumetas,26991,29990,11,Fumetas,Astro Growshop,false,true,2026-06-13T00:30:19.257Z,Blazy Susan Conos Pre-enrolados Pink 98mm 50 uds. | Conos Pre Roll 98Mm Jar 50U-Blazy Susan
10424,Storz & Bickel Cargador Mighty,Repuestos para bongs y vaporizadores,,storz-bickel,charger-mighty,charger-mighty,/productos/storz-bickel/charger-mighty,2,2,Astro Growshop | Fumetas,27990,28890,3,Astro Growshop,Fumetas,false,true,2026-06-13T01:12:55.756Z,Cargador Mighty-Storz &amp; Bickel | Storz &amp; Bickel Cargador para Vaporizador Mighty
10525,Calvo Glass Nectar Wax Pen 400mAh,Accesorios de extraccion,,calvo,nectar-wax-pen,nectar-wax-pen,/productos/calvo/nectar-wax-pen,2,2,Astro Growshop | Piranha,27990,28491,2,Astro Growshop,Piranha,false,true,2026-06-13T00:14:46.335Z,Nectar Wax Pen Black-Calvo Glass | Vaporizador Calvo Nectar Wax Pen 400MAH | PIRANHA
10295,BongLab Contenedor Re:Stash 16oz,Contenedores y estuches,BongLab,re-stash,container-contenedor-16oz,jar-16oz,/productos/re-stash/jar-16oz,2,2,Astro Growshop | Fumetas,33990,35990,6,Astro Growshop,Fumetas,false,true,2026-06-13T00:44:52.058Z,Jar Negro Magenta 16Oz-Bonglab Re: Stash | BongLab Contenedor Re:Stash 16oz
10512,Encendedor Zippo Classic Red Matte,Encendedores y sopletes,,zippo,classic-red-matte,classic-red-matte,/productos/zippo/classic-red-matte,2,2,Astro Growshop | Fumetas,34990,36990,6,Astro Growshop,Fumetas,false,true,2026-06-13T01:03:41.019Z,Encendedor Classic Red Matte Logo - Zippo | Encendedor Zippo Red Matte
10276,Encendedor Zippo Royal Blue Matte,Encendedores y sopletes,Zippo,zippo,lighter-encendedor-royal-blue-matte,royal-blue-matte,/productos/zippo/royal-blue-matte,2,2,Astro Growshop | Fumetas,34990,34990,0,Astro Growshop,Astro Growshop,false,true,2026-06-13T00:32:04.663Z,Encendedor Royal Blue Matte Logo - Zippo | Encendedor Zippo Royal Blue Matte
10425,Encendedor Zippo Jack Daniels,Encendedores y sopletes,,zippo,jack-daniels,jack-daniels,/productos/zippo/jack-daniels,2,2,Astro Growshop | Fumetas,35990,36990,3,Fumetas,Astro Growshop,false,true,2026-06-13T00:29:41.216Z,Encendedor Zippo Jack Daniels | Jack Daniels-Zippo
6773,American Helix Pipa UNO OG Mini 12cm,Pipas,American Helix,american-helix,pipe-pipa-uno-mini-12cm-12cm-mini,mini-uno,/productos/american-helix/mini-uno,4,2,Astro Growshop | Fumetas,36990,36990,0,Astro Growshop,Astro Growshop,false,true,2026-06-13T00:27:57.900Z,Pipa Uno Mini Standard Verde-American Helix | Pipa Uno Mini Standard Rojo-American Helix | Pipa Uno Mini Standard Azul-American Helix | American Helix Pipa UNO OG Mini 12cm
10423,Calvo Glass Rig Dragon Ball Z,Bongs,,calvo,rig-dragon-ball-z,rig-dragon-ball-z,/productos/calvo/rig-dragon-ball-z,2,2,Astro Growshop | Fumetas,38990,38990,0,Astro Growshop,Astro Growshop,false,true,2026-06-13T00:52:40.384Z,Rig Dragon Ball Z -Calvo Glass | Calvo Glass Rig Dragon Ball Z
10225,Rig Big Leaf-Calvo Glass,Bongs,CALVO GLASS,calvo,bong-rig-big-leaf,big-leaf,/productos/calvo/big-leaf,2,2,Astro Growshop | Fumetas,38990,39990,3,Astro Growshop,Fumetas,false,true,2026-06-13T00:37:59.496Z,Rig Big Leaf-Calvo Glass | Calvo Bong Big Leaf Rig 22cm
10155,Roller Coaster-Bonglab,Bongs,Bonglab,bonglab,bong-roller-coaster,roller-coaster,/productos/bonglab/roller-coaster,2,2,Astro Growshop | Fumetas,39990,39990,0,Astro Growshop,Astro Growshop,false,true,2026-06-13T00:29:13.211Z,Roller Coaster-Bonglab | Bonglab Bong Roller Coaster 17cm
10393,Airistech Herbva 5G,Vaporizadores herbales,,airis,herbva-5g,herbva-5g,/productos/airis/herbva-5g,2,2,Astro Growshop | Fumetas,39990,41990,5,Fumetas,Astro Growshop,false,true,2026-06-13T00:28:55.992Z,Vaporizador Herbva 5G | Vaporizador Herbva 5G Black-Airistech
5775,Honey Waffle -Bonglab,Bongs,Bonglab,bonglab,bong-honey-waffle,honey-waffle,/productos/bonglab/honey-waffle,2,2,Astro Growshop | Fumetas,39990,39990,0,Astro Growshop,Astro Growshop,false,true,2026-06-13T00:28:00.234Z,Honey Waffle -Bonglab | Bonglab Bong Honey Waffle 23cm
10485,Ozeta Bolso XXL Con Clave Anti-Olor,Contenedores y estuches,,ozeta,bolso-xxl-con-clave,bolso-xxl-con-clave,/productos/ozeta/bolso-xxl-con-clave,2,2,Astro Growshop | Fumetas,40000,45990,15,Astro Growshop,Fumetas,false,true,2026-06-13T01:09:04.048Z,BOLSO CILINDRO ANTI OLOR XXL CON CLAVE OZETA - CAJA ROTA | Ozeta Bolso XXL Con Clave - Anti-olor
10535,Calvo Glass Phantom Rig 22cm,Bongs,,calvo,phantom-rig-22cm,phantom-rig-22cm,/productos/calvo/phantom-rig-22cm,2,2,Astro Growshop | Fumetas,44990,44990,0,Fumetas,Fumetas,false,true,2026-06-13T00:40:49.996Z,Calvo Bong Phantom Rig 22cm | Rig Phantom-Calvo Glass
10308,Encendedor Zippo Cannabis Design,Encendedores y sopletes,Zippo,zippo,lighter-cannabis-design-3,cannabis-design-3,/productos/zippo/cannabis-design-3,2,2,Astro Growshop | Fumetas,44990,44990,0,Astro Growshop,Astro Growshop,false,true,2026-06-13T00:29:40.074Z,Cannabis Design 3-Zippo | Encendedor Zippo Cannabis Design
10220,Purple Rig Purple-Bonglab,Bongs,Bonglab,bonglab,bong-purple-rig-purple,purple-rig,/productos/bonglab/purple-rig,2,2,Astro Growshop | Fumetas,47990,49990,4,Astro Growshop,Fumetas,false,true,2026-06-13T00:44:58.623Z,Purple Rig Purple-Bonglab | BongLab Bong K68 Purple Rig 22cm
10439,DynaVap Vaporizador The B,Vaporizadores herbales,,dynavap,the-b,the-b,/productos/dynavap/the-b,2,2,Astro Growshop | Fumetas,48990,57990,18,Astro Growshop,Fumetas,false,true,2026-06-13T00:32:54.183Z,Vaporizador The B-Dynavap | DynaVap Vaporizador The B
10421,PMG Bong Kube 9cm,Bongs,,piecemaker,kube-9cm,kube-9cm,/productos/piecemaker/kube-9cm,2,2,Astro Growshop | Fumetas,57990,57990,0,Astro Growshop,Astro Growshop,false,true,2026-06-12T23:59:30.890Z,Bong Kube 9Cm -Pmg | PMG Bong Kube 9cm
10591,Mochila Smellproof Blazy Susan Rosada,Otros parafernalia,,blazy-susan,mochila-smellproof-rosada,mochila-smellproof-rosada,/productos/blazy-susan/mochila-smellproof-rosada,2,2,Astro Growshop | Fumetas,80991,94990,17,Fumetas,Astro Growshop,false,true,2026-06-13T01:10:24.962Z,Blazy Susan Mochila Smell-Proof Rosada | Mochila Smellproof Clasica Pink-Blazy Susan
10287,Vaporizador Mighty Negro-Storz &amp; Bickel,Vaporizadores herbales,STORZ & BICKEL,storz-bickel,vaporizadores-mighty,mighty,/productos/storz-bickel/mighty,2,2,Astro Growshop | Fumetas,339990,339990,0,Fumetas,Fumetas,false,true,2026-06-13T00:40:06.235Z,Vaporizador Mighty V2 Storz &amp; Bickel | Vaporizador Mighty Negro-Storz &amp; Bickel
10302,Storz &amp; Bickel Vaporizador Volcano Classic Gold 24K,Vaporizadores herbales,Storz & Bickel,storz-bickel,vaporizadores-volcano-classic,volcano-classic-gold-24k,/productos/storz-bickel/volcano-classic-gold-24k,2,2,Astro Growshop | Fumetas,499990,499990,0,Fumetas,Fumetas,false,true,2026-06-13T00:37:04.641Z,Storz &amp; Bickel Vaporizador Volcano Classic Gold 24K | Volcano Clasico Gold 24K-Storz &amp; Bickel
