offerId;tienda;brandKey;titulo;precio;categoria;productosSinEstaTienda;ejemplosDestino;lastSeenAt;url
15657;piranha;blazy-susan;"Bandeja Rolling Tray Acero INOX Blazy Susan 18x24cm Rose Gold | PIRANHA";24892;Bandejas y ceniceros;14;P10152:pre-roll-pink-king-size-50u(2t) P10183:purple-con-tips(2t) P10184:deluxe-rolling-kit-pink-1-1-4(2t);2026-07-27;https://piranha.cl/inicio/7368/bandeja-rolling-tray-acero-inox-blazy-susan-18x24cm-rose-gold.html
15843;piranha;blazy-susan;"Mochila Anti Olor Blazy Susan Logos | PIRANHA";74791;Contenedores y estuches;14;P10152:pre-roll-pink-king-size-50u(2t) P10183:purple-con-tips(2t) P10184:deluxe-rolling-kit-pink-1-1-4(2t);2026-07-27;https://piranha.cl/inicio/7444/mochila-anti-olor-blazy-susan-logos.html
15815;piranha;blazy-susan;"Mochila Anti Olor Blazy Susan Clásica Pink | PIRANHA";69591;Contenedores y estuches;14;P10152:pre-roll-pink-king-size-50u(2t) P10183:purple-con-tips(2t) P10184:deluxe-rolling-kit-pink-1-1-4(2t);2026-07-27;https://piranha.cl/inicio/7443/mochila-anti-olor-blazy-susan-clasica-pink.html
15812;piranha;blunt-wrap;"Blunt Hemp Wrap (4u) + Boquilla Pre-Enrolada (4u) | PIRANHA";2490;Filtros y boquillas;1;P8638:wrap-platinum-2u(2t);2026-07-27;https://piranha.cl/inicio/7263/blunt-hemp-wrap-incluye-boquillas-pre-enroladas.html
15977;piranha;blunt-wrap;"Blunt Hemp Wrap Rolling Stones Lemon Haze | PIRANHA";1990;Conos y blunts;1;P8638:wrap-platinum-2u(2t);2026-07-27;https://piranha.cl/inicio/8348/blunt-hemp-wrap-rolling-stones-lemon-haze-lion.html
502;piranha;blunt-wrap;"Kush Blunt Hemp Wrap Terpene Infused (2u) | PIRANHA";1590;Conos y blunts;1;P8638:wrap-platinum-2u(2t);2026-07-27;https://piranha.cl/inicio/7643/kush-blunt-hemp-wrap-terpene-infused-2u-sabor-a-eleccion.html
16131;piranha;bonglab;"Bong Kit Extractos Doble Circuit Bonglab | PIRANHA";49491;Bongs;51;P5527:km8-viper(3t) P5533:water-splash(3t) P10706:cleaner-1l(2t);2026-07-27;https://piranha.cl/inicio/7157/bong-kit-extractos-doble-circuit-bonglab.html
80837;piranha;bonglab;"Mecha Ovillo 1m Bonglab";990;Otros parafernalia;51;P5527:km8-viper(3t) P5533:water-splash(3t) P10706:cleaner-1l(2t);2026-07-27;https://piranha.cl/inicio/6011/mecha-ovillo-1m-bonglab.html
14263;piranha;bonglab;"Bong R2";21111;Bongs;51;P5527:km8-viper(3t) P5533:water-splash(3t) P10706:cleaner-1l(2t);2026-07-27;https://piranha.cl/inicio/6058/bong-r2-bonglab-color-a-eleccion.html
15752;piranha;bonglab;"Bong Classy Bonglab | PIRANHA";38242;Bongs;51;P5527:km8-viper(3t) P5533:water-splash(3t) P10706:cleaner-1l(2t);2026-07-27;https://piranha.cl/inicio/6051/bong-classy-bonglab-color-a-eleccion.html
16182;piranha;calvo;"Glass Beads";13041;Otros parafernalia;23;P10404:flat-bucket-banger-45-10mm(2t) P6774:hammer-wag-wig(3t) P10216:four-horn(2t);2026-07-10;https://piranha.cl/inicio/6373/calvo-glass-beads-color-aleatorio.html
1316;piranha;calvo;"Batería Vaporizador Calvo 510 350MAH | PIRANHA";9891;Vaporizadores herbales;23;P10404:flat-bucket-banger-45-10mm(2t) P6774:hammer-wag-wig(3t) P10216:four-horn(2t);2026-07-27;https://piranha.cl/vaporizadores-wax-resinas/8367/bateria-vaporizador-calvo-510-350.html
15728;piranha;calvo;"Batería Vaporizador Calvo Hidden 510 650MAH | PIRANHA";23741;Vaporizadores herbales;23;P10404:flat-bucket-banger-45-10mm(2t) P6774:hammer-wag-wig(3t) P10216:four-horn(2t);2026-07-27;https://piranha.cl/vaporizadores-wax-resinas/8369/bateria-vaporizador-calvo-hidden-510-650mah-color-a-eleccion.html
39353;piranha;calvo;"Nectar Collector - Calvo | PIRANHA";14990;Accesorios de extraccion;23;P10404:flat-bucket-banger-45-10mm(2t) P6774:hammer-wag-wig(3t) P10216:four-horn(2t);2026-07-27;https://piranha.cl/inicio/8056/nectar-collector-calvo-color-aleatorio.html
80230;piranha;calvo;"Calvo Glass Marble Set | PIRANHA";11990;Accesorios de extraccion;23;P10404:flat-bucket-banger-45-10mm(2t) P6774:hammer-wag-wig(3t) P10216:four-horn(2t);2026-07-27;https://piranha.cl/inicio/6373/calvo-glass-marble-set-color-a-eleccion.html
15802;piranha;calvo;"Bucket Banger 14mm";13990;Accesorios de extraccion;23;P10404:flat-bucket-banger-45-10mm(2t) P6774:hammer-wag-wig(3t) P10216:four-horn(2t);2026-07-27;https://piranha.cl/inicio/6378/bucket-banger-14mm-calvo.html
15722;piranha;calvo;"Batería Vaporizador Calvo 510 LED 400MAH";14241;Vaporizadores herbales;23;P10404:flat-bucket-banger-45-10mm(2t) P6774:hammer-wag-wig(3t) P10216:four-horn(2t);2026-07-27;https://piranha.cl/vaporizadores-wax-resinas/8368/bateria-vaporizador-calvo-510-led-400mah-color-a-eleccion.html
918;piranha;calvo;"Bong Red Drop Micro Rig 16cm sin Quemador";33921;Repuestos para bongs y vaporizadores;23;P10404:flat-bucket-banger-45-10mm(2t) P6774:hammer-wag-wig(3t) P10216:four-horn(2t);2026-07-27;https://piranha.cl/inicio/6369/bong-calvo-drop-micro-rig-16cm-sin-quemador-color-a-eleccion.html
93906;piranha;calvo;"Accesorio Calvo Hot Knife Attachment (2u) | PIRANHA";14241;Otros parafernalia;23;P10404:flat-bucket-banger-45-10mm(2t) P6774:hammer-wag-wig(3t) P10216:four-horn(2t);2026-07-27;https://piranha.cl/inicio/8366/accesorio-calvo-hot-knife-attachment-2u-para-baterias-510.html
493;piranha;clipper;"Encendedor Clipper x Piranha";1190;Encendedores y sopletes;26;P5724:torch-lighter-jet-flame(3t) P10480:metalico-deep-blue(2t) P10304:super-pocket-1(2t);2026-07-27;https://piranha.cl/inicio/3912/encendedor-clipper-x-piranha-diseno-a-eleccion.html
509;piranha;clipper;"Kit Encendedor Clipper x Piranha";2451;Encendedores y sopletes;26;P5724:torch-lighter-jet-flame(3t) P10480:metalico-deep-blue(2t) P10304:super-pocket-1(2t);2026-07-27;https://piranha.cl/inicio/5855/kit-encendedor-clipper-x-piranha.html
696;piranha;clipper;"Kit Premium OCB x Piranha";21592;Otros parafernalia;26;P5724:torch-lighter-jet-flame(3t) P10480:metalico-deep-blue(2t) P10304:super-pocket-1(2t);2026-07-27;https://piranha.cl/inicio/6093/kit-ocb-premium-piranha.html
80459;piranha;cookies;"Terpeno Terps USA Gelato (5mL) | PIRANHA";29742;Otros parafernalia;2;P10618:metal-metal(2t) P10659:stundenglass-gravity-hookah(3t);2026-07-27;https://piranha.cl/inicio/7658/terpeno-terps-usa-girl-scout-cookies-5ml.html
80675;piranha;cookies;"Terpeno Cali Terpenes 1mL (Lemon Cookies) | PIRANHA";13993;Otros parafernalia;2;P10618:metal-metal(2t) P10659:stundenglass-gravity-hookah(3t);2026-07-27;https://piranha.cl/inicio/7497/terpeno-cali-terpenes-1ml-lemon-cookies.html
80602;piranha;cookies;"Terpeno Cali Terpenes 1mL (Girl Scout Cookies) | PIRANHA";13993;Otros parafernalia;2;P10618:metal-metal(2t) P10659:stundenglass-gravity-hookah(3t);2026-07-27;https://piranha.cl/inicio/7513/terpeno-cali-terpenes-1ml-girl-scout-cookies.html
15914;piranha;davinci;"Glass Spacer - DaVinci IQ";15490;Vaporizadores herbales;1;P10891:miqro(3t);2026-07-27;https://piranha.cl/inicio/1426/glass-spacer-davinci-iq.html
15913;piranha;davinci;"Boquilla Plana DaVinci MIQRO";4794;Repuestos para bongs y vaporizadores;1;P10891:miqro(3t);2026-07-27;https://piranha.cl/inicio/1369/boquilla-plana-davinci-miqro.html
15915;piranha;davinci;"TEMP/RMP Gasket - DaVinci MIQRO";796;Vaporizadores herbales;1;P10891:miqro(3t);2026-07-27;https://piranha.cl/inicio/2446/temprmp-gasket-davinci-miqro.html
15807;piranha;davinci;"ARTIQ - DaVinci | PIRANHA";59492;Vaporizadores herbales;1;P10891:miqro(3t);2026-07-27;https://piranha.cl/inicio/6747/davinci-artiq-color-a-eleccion.html
15947;piranha;davinci;"Boquilla DaVinci";4995;Repuestos para bongs y vaporizadores;1;P10891:miqro(3t);2026-07-27;https://piranha.cl/inicio/1149/boquilla-davinci-iq.html
15848;piranha;dime-bags;"Bolso Anti Olor Dime Bags The Don con Candado | PIRANHA";34993;Contenedores y estuches;2;P10607:button-bandolera(2t) P10762:the-don-con-clave(2t);2026-07-27;https://piranha.cl/inicio/8354/bolso-anti-olor-dime-bags-the-don-con-candado-color-a-eleccion.html
511;piranha;dynavap;"Vaporizador DynaVap WoodWynd | PIRANHA";180491;Vaporizadores herbales;3;P10532:bonger(2t) P10439:the-b(3t) P10189:m7-xl(3t);2026-07-27;https://piranha.cl/inicio/7343/vaporizador-dynavap-woodwynd.html
15934;piranha;dynavap;"DynaVap The Wand Adaptor | PIRANHA";18990;Vaporizadores herbales;3;P10532:bonger(2t) P10439:the-b(3t) P10189:m7-xl(3t);2026-07-27;https://piranha.cl/inicio/7454/dynavap-the-wand-adaptor.html
80584;piranha;focus-v;"Boquilla Swivel Carta 2/Sport y Aeris Focus V | PIRANHA";24291;Repuestos para bongs y vaporizadores;1;P10467:cargador-inalambrico-carta-2(2t);2026-07-27;https://piranha.cl/inicio/8859/boquilla-swivel-carta-2sport-y-aeris-focus-v.html
16066;piranha;focus-v;"Boquilla Aeris Focus V | PIRANHA";42741;Repuestos para bongs y vaporizadores;1;P10467:cargador-inalambrico-carta-2(2t);2026-07-27;https://piranha.cl/inicio/8722/boquilla-aeris-focus-v.html
80196;piranha;focus-v;"Kit Silicona + Swivel Carta 2/Sport Focus V | PIRANHA";47491;Otros parafernalia;1;P10467:cargador-inalambrico-carta-2(2t);2026-07-27;https://piranha.cl/inicio/8858/kit-silicona-swivel-carta-2sport-focus-v-color-a-eleccion.html
14380;piranha;focus-v;"Cargador Inalámbrico Focus V Aeris | PIRANHA";75991;Repuestos para bongs y vaporizadores;1;P10467:cargador-inalambrico-carta-2(2t);2026-07-27;https://piranha.cl/inicio/8721/cargador-inalambrico-focus-v-aeris.html
80741;piranha;focus-v;"Bubbler (Burbujeador) Aeris Focus V | PIRANHA";98991;Bongs;1;P10467:cargador-inalambrico-carta-2(2t);2026-07-27;https://piranha.cl/inicio/8857/bubbler-burbujeador-aeris-focus-v-color-a-eleccion.html
16067;piranha;focus-v;"Adaptador Intelli-Core Max para Aeris Focus V | PIRANHA";23741;Repuestos para bongs y vaporizadores;1;P10467:cargador-inalambrico-carta-2(2t);2026-07-27;https://piranha.cl/inicio/8726/adaptador-intelli-core-max-para-aeris-focus-v.html
10784;piranha;galaxy;"Biodegradable Hemp Grinder Cáñamo";4990;Moledores;3;P5733:ashtray-ash-holder(2t) P5498:ecologico(3t) P10694:quartz-63mm(2t);2026-07-27;https://piranha.cl/inicio/6105/moledor-biodegradable-hemp-canamo-2-partes-color-a-eleccion.html
15836;piranha;g-pen;"Vaporizador Connect";79996;Vaporizadores herbales;3;P10608:connect-glass-adapter-18mm(2t) P10609:roam-glass-tube(2t) P10684:mouthpiece-dash-dr-greenthumbs(2t);2026-07-27;https://piranha.cl/inicio/6145/vaporizador-connect.html
15948;piranha;g-pen;"G Pen Elite Adaptador para Bong";11394;Repuestos para bongs y vaporizadores;3;P10608:connect-glass-adapter-18mm(2t) P10609:roam-glass-tube(2t) P10684:mouthpiece-dash-dr-greenthumbs(2t);2026-07-27;https://piranha.cl/inicio/1616/g-pen-elite-adaptador-para-bong.html
15949;piranha;g-pen;"Boquilla G Pen Pro (incluye malla)";3995;Filtros y boquillas;3;P10608:connect-glass-adapter-18mm(2t) P10609:roam-glass-tube(2t) P10684:mouthpiece-dash-dr-greenthumbs(2t);2026-07-27;https://piranha.cl/inicio/1623/boquilla-g-pen-pro-incluye-malla.html
27471;piranha;g-pen;"Cargador USB G Pen";3775;Otros parafernalia;3;P10608:connect-glass-adapter-18mm(2t) P10609:roam-glass-tube(2t) P10684:mouthpiece-dash-dr-greenthumbs(2t);2026-07-27;https://piranha.cl/inicio/1622/g-pen-cargador-usb-grenco.html
27435;piranha;g-pen;"G Pen Elite Dock de Carga";15594;Otros parafernalia;3;P10608:connect-glass-adapter-18mm(2t) P10609:roam-glass-tube(2t) P10684:mouthpiece-dash-dr-greenthumbs(2t);2026-07-27;https://piranha.cl/inicio/1617/g-pen-elite-dock-de-carga.html
27406;piranha;g-pen;"Carcasa Silicona G Pen Elite";10995;Otros parafernalia;3;P10608:connect-glass-adapter-18mm(2t) P10609:roam-glass-tube(2t) P10684:mouthpiece-dash-dr-greenthumbs(2t);2026-07-27;https://piranha.cl/inicio/1620/carcasa-silicona-g-pen-elite.html
16192;piranha;hightrip;"HighTrip - Cannaleaf";8091;Otros parafernalia;3;P10444:pin-volvera-a-correr(2t) P10669:pin-la-germinacion(2t) P10872:pin-tattoo(2t);2026-07-27;https://piranha.cl/inicio/6033/pin-cannaleaf.html
15954;piranha;hightrip;"HighTrip - Colorea High / Vol.1";7992;Otros parafernalia;3;P10444:pin-volvera-a-correr(2t) P10669:pin-la-germinacion(2t) P10872:pin-tattoo(2t);2026-07-27;https://piranha.cl/inicio/6045/libro-colorea-high-vol1.html
15988;piranha;hightrip;"HighTrip - HighSkulls 1";8091;Otros parafernalia;3;P10444:pin-volvera-a-correr(2t) P10669:pin-la-germinacion(2t) P10872:pin-tattoo(2t);2026-07-27;https://piranha.cl/inicio/6035/pin-highskulls-1.html
16195;piranha;hightrip;"HighTrip - Clones";8091;Otros parafernalia;3;P10444:pin-volvera-a-correr(2t) P10669:pin-la-germinacion(2t) P10872:pin-tattoo(2t);2026-07-27;https://piranha.cl/inicio/6042/pin-clones.html
16191;piranha;hightrip;"HighTrip - Batazo";8091;Otros parafernalia;3;P10444:pin-volvera-a-correr(2t) P10669:pin-la-germinacion(2t) P10872:pin-tattoo(2t);2026-07-27;https://piranha.cl/inicio/6030/pin-batazo.html
53237;piranha;kasvi;"Bandeja de Cultivo Kasvi| PIRANHA";79992;Bandejas y ceniceros;9;P10779:malla-secado-55cm(2t) P10778:malla-scrog(2t) P10780:poleas-lighthanger-5kg(2t);2026-07-27;https://piranha.cl/inicio/8529/bandeja-de-cultivo-kasvi-122x129cm.html
53280;piranha;kasvi;"Kasvi Instruments Medidor pH/EC/TDS/Temp/Humedad | PIRANHA";87991;Otros parafernalia;9;P10779:malla-secado-55cm(2t) P10778:malla-scrog(2t) P10780:poleas-lighthanger-5kg(2t);2026-07-27;https://piranha.cl/inicio/8667/kasvi-instruments-medidor-5-en-1-continuo-inout-phectdstemphumedad.html
52580;piranha;kasvi;"Filtro de Carbón Activo 12'' (315x1000mm) Kasvi | PIRANHA";347791;Filtros y boquillas;9;P10779:malla-secado-55cm(2t) P10778:malla-scrog(2t) P10780:poleas-lighthanger-5kg(2t);2026-07-27;https://piranha.cl/inicio/8679/filtro-de-carbon-activo-industrial-kasvi-12-315x1000mm-3143-m3hr.html
53766;piranha;kasvi;"Bandeja Trimming Kasvi | PIRANHA";63992;Bandejas y ceniceros;9;P10779:malla-secado-55cm(2t) P10778:malla-scrog(2t) P10780:poleas-lighthanger-5kg(2t);2026-07-27;https://piranha.cl/inicio/8674/bandeja-trimming-kasvi.html
81010;piranha;kasvi;"Deshumidificador 60 L/D Kasvi | PIRANHA";854991;Otros parafernalia;9;P10779:malla-secado-55cm(2t) P10778:malla-scrog(2t) P10780:poleas-lighthanger-5kg(2t);2026-07-27;https://piranha.cl/inicio/8678/deshumidificador-60-ld-kasvi.html
53610;piranha;kasvi;"Kasvi Instruments Medidor Portátil de TDS y EC | PIRANHA";17091;Otros parafernalia;9;P10779:malla-secado-55cm(2t) P10778:malla-scrog(2t) P10780:poleas-lighthanger-5kg(2t);2026-07-27;https://piranha.cl/inicio/8669/kasvi-instruments-medidor-portatil-de-tds-y-ec.html
52594;piranha;kasvi;"Filtro de Carbón Activo 10'' Kasvi | PIRANHA";218491;Filtros y boquillas;9;P10779:malla-secado-55cm(2t) P10778:malla-scrog(2t) P10780:poleas-lighthanger-5kg(2t);2026-07-27;https://piranha.cl/inicio/8116/filtro-de-carbon-activo-kasvi-10-250x600mm.html
53640;piranha;kasvi;"Deshumidificador 12 L/D Kasvi | PIRANHA";237491;Otros parafernalia;9;P10779:malla-secado-55cm(2t) P10778:malla-scrog(2t) P10780:poleas-lighthanger-5kg(2t);2026-07-27;https://piranha.cl/inicio/8675/deshumidificador-12-ld-kasvi.html
53641;piranha;kasvi;"Deshumidificador 30 L/D Kasvi | PIRANHA";436991;Otros parafernalia;9;P10779:malla-secado-55cm(2t) P10778:malla-scrog(2t) P10780:poleas-lighthanger-5kg(2t);2026-07-27;https://piranha.cl/inicio/8676/deshumidificador-30-ld-kasvi.html
53238;piranha;kasvi;"Bandeja de Cultivo Kasvi | PIRANHA";139992;Bandejas y ceniceros;9;P10779:malla-secado-55cm(2t) P10778:malla-scrog(2t) P10780:poleas-lighthanger-5kg(2t);2026-07-27;https://piranha.cl/inicio/8530/bandeja-de-cultivo-kasvi-122x244cm.html
16185;piranha;lion-rolling-circus;"Backpack Lion Rolling Circus| PIRANHA";4242;Otros parafernalia;2;P10709:celulosa-transparente-big-smoke(2t) P10564:tattoo-pequena(2t);2026-07-27;https://piranha.cl/inicio/7786/backpack-lion-rolling-circus.html
16008;piranha;lion-rolling-circus;"Caja Metálica Porta Papelillo King Size Lion Rolling Circus | PIRANHA";2690;Contenedores y estuches;2;P10709:celulosa-transparente-big-smoke(2t) P10564:tattoo-pequena(2t);2026-07-27;https://piranha.cl/inicio/7782/caja-metalica-porta-papelillo-king-size-lion-rolling-circus.html
16020;piranha;lion-rolling-circus;"Blunt Wrap Natural Lion Rolling Circus";1990;Conos y blunts;2;P10709:celulosa-transparente-big-smoke(2t) P10564:tattoo-pequena(2t);2026-07-27;https://piranha.cl/inicio/1284/blunt-wrap-natural-lion-rolling-circus.html
16021;piranha;lion-rolling-circus;"Blunt Wrap Strawberry Lion Rolling Circus";1990;Conos y blunts;2;P10709:celulosa-transparente-big-smoke(2t) P10564:tattoo-pequena(2t);2026-07-27;https://piranha.cl/inicio/1287/blunt-wrap-strawberry-lion-rolling-circus.html
81041;piranha;lion-rolling-circus;"Papelillo Funky Chocolate King Size Lion Rolling Circus | PIRANHA";1891;Papelillos;2;P10709:celulosa-transparente-big-smoke(2t) P10564:tattoo-pequena(2t);2026-07-27;https://piranha.cl/inicio/7791/papelillo-funky-chocolate-king-size-lion-rolling-circus.html
16036;piranha;lion-rolling-circus;"Contenedor Tainer Lion Rolling Circus";4491;Contenedores y estuches;2;P10709:celulosa-transparente-big-smoke(2t) P10564:tattoo-pequena(2t);2026-07-27;https://piranha.cl/inicio/604/tainer-lion-rolling-circus-color-aleatorio.html
81049;piranha;lion-rolling-circus;"Blunt Wrap Chocolate Lion Rolling Circus";1990;Conos y blunts;2;P10709:celulosa-transparente-big-smoke(2t) P10564:tattoo-pequena(2t);2026-07-27;https://piranha.cl/inicio/1286/blunt-wrap-chocolate-lion-rolling-circus.html
16101;piranha;lion-rolling-circus;"Cajita de Almacenamiento Mini Tin Lion Rolling Circus | PIRANHA";2490;Otros parafernalia;2;P10709:celulosa-transparente-big-smoke(2t) P10564:tattoo-pequena(2t);2026-07-27;https://piranha.cl/inicio/7779/cajita-de-almacenamiento-mini-tin-lion-rolling-circus.html
15958;piranha;lion-rolling-circus;"Blunt Wrap Tequila Lion Rolling Circus | PIRANHA";1990;Conos y blunts;2;P10709:celulosa-transparente-big-smoke(2t) P10564:tattoo-pequena(2t);2026-07-27;https://piranha.cl/inicio/6888/blunt-wrap-tequila.html
16137;piranha;lion-rolling-circus;"Blunt Wrap Lion Rolling Circus";1990;Conos y blunts;2;P10709:celulosa-transparente-big-smoke(2t) P10564:tattoo-pequena(2t);2026-07-27;https://piranha.cl/inicio/1487/friendly-url-autogeneration-failed.html
16019;piranha;lion-rolling-circus;"Blunt Wrap Blueberry Lion Rolling Circus";1990;Conos y blunts;2;P10709:celulosa-transparente-big-smoke(2t) P10564:tattoo-pequena(2t);2026-07-27;https://piranha.cl/inicio/1283/blunt-wrap-blueberry-lion-rolling-circus.html
254;piranha;lion-rolling-circus;"Figura Lion Rolling Circus Bobblehead Ruby | PIRANHA";22491;Otros parafernalia;2;P10709:celulosa-transparente-big-smoke(2t) P10564:tattoo-pequena(2t);2026-05-08;https://piranha.cl/inicio/7787/figura-lion-rolling-circus-bobblehead-ruby.html
15929;piranha;lion-rolling-circus;"Blunt Wrap Bubble Gum Lion Rolling Circus | PIRANHA";1990;Conos y blunts;2;P10709:celulosa-transparente-big-smoke(2t) P10564:tattoo-pequena(2t);2026-07-27;https://piranha.cl/inicio/6887/blunt-wrap-bubble-gum.html
11145;piranha;lion-rolling-circus;"Moledor Metálico Lion Rolling Circus 5cm 3 Partes | PIRANHA";8541;Moledores;2;P10709:celulosa-transparente-big-smoke(2t) P10564:tattoo-pequena(2t);2026-07-27;https://piranha.cl/inicio/7794/moledor-metalico-lion-rolling-circus-5cm-3-partes.html
11146;piranha;lion-rolling-circus;"Moledor Metálico Gold Lion Rolling Circus 5cm 3 Partes | PIRANHA";7981;Moledores;2;P10709:celulosa-transparente-big-smoke(2t) P10564:tattoo-pequena(2t);2026-07-27;https://piranha.cl/inicio/7795/moledor-metalico-gold-lion-rolling-circus-5cm-3-partes.html
11147;piranha;lion-rolling-circus;"Moledor Acrílico Lion Rolling Circus 6cm 3 partes | PIRANHA";3990;Moledores;2;P10709:celulosa-transparente-big-smoke(2t) P10564:tattoo-pequena(2t);2026-07-27;https://piranha.cl/inicio/7798/moledor-acrilico-lion-rolling-circus-6cm-3-partes.html
15881;piranha;lion-rolling-circus;"Tubo Plástico Guarda Caño Lion Rolling Circus | PIRANHA";1490;Contenedores y estuches;2;P10709:celulosa-transparente-big-smoke(2t) P10564:tattoo-pequena(2t);2026-07-27;https://piranha.cl/inicio/7796/tubo-plastico-guarda-cano-lion-rolling-circus-diseno-aleatorio.html
11252;piranha;lion-rolling-circus;"Pack 6 Conos Pre-Enrolados Unbleached 1 1/4 Lion Rolling Circus | PIRANHA";2490;Conos y blunts;2;P10709:celulosa-transparente-big-smoke(2t) P10564:tattoo-pequena(2t);2026-07-27;https://piranha.cl/inicio/7799/pack-conos-pre-enrolados-unbleached-1-14-lion-rolling-circus-6u-x-pack.html
15817;piranha;lion-rolling-circus;"Bandeja Lion Rolling Circus Medium 30x23cm| PIRANHA";7990;Bandejas y ceniceros;2;P10709:celulosa-transparente-big-smoke(2t) P10564:tattoo-pequena(2t);2026-07-27;https://piranha.cl/inicio/7785/bandeja-lion-rolling-circus-medium-30x23cm.html
485;piranha;lion-rolling-circus;"Filtro Prerolled Lion Rolling Circus";2490;Filtros y boquillas;2;P10709:celulosa-transparente-big-smoke(2t) P10564:tattoo-pequena(2t);2026-07-27;https://piranha.cl/inicio/605/filtro-prerolled-6mm-lion-rolling-circus-505u.html
379;piranha;lion-rolling-circus;"Papelillo Mind Mint 1 1/4 Lion Rolling Circus | PIRANHA";1226;Papelillos;2;P10709:celulosa-transparente-big-smoke(2t) P10564:tattoo-pequena(2t);2026-07-27;https://piranha.cl/inicio/6897/papelillo-mind-mint-1-14-lion-rolling-circus.html
80788;piranha;lion-rolling-circus;"Papelillo Funky Chocolate 1 1/4 Lion Rolling Circus | PIRANHA";1226;Papelillos;2;P10709:celulosa-transparente-big-smoke(2t) P10564:tattoo-pequena(2t);2026-07-27;https://piranha.cl/inicio/6896/papelillo-funky-chocolate-1-14-lion-rolling-circus.html
15734;piranha;lion-rolling-circus;"Papelillo Crazy Coco Lion Rolling Circus";1226;Papelillos;2;P10709:celulosa-transparente-big-smoke(2t) P10564:tattoo-pequena(2t);2026-07-27;https://piranha.cl/inicio/1474/papelillo-crazy-coco-1-14-lion-rolling-circus.html
15763;piranha;lion-rolling-circus;"Papelillo Chewing Madness 1 1/4 Lion Rolling Circus | PIRANHA";1226;Papelillos;2;P10709:celulosa-transparente-big-smoke(2t) P10564:tattoo-pequena(2t);2026-07-27;https://piranha.cl/inicio/6895/papelillo-chewing-madness-1-14-lion-rolling-circus.html
15684;piranha;lion-rolling-circus;"Blunt Wrap Grape Lion Rolling Circus | PIRANHA";1990;Conos y blunts;2;P10709:celulosa-transparente-big-smoke(2t) P10564:tattoo-pequena(2t);2026-07-27;https://piranha.cl/inicio/7776/blunt-hemp-wrap-grape-lion-rolling-circus-2u.html
11238;piranha;ocb;"Filtro Cartón Enrolado OCB";2990;Filtros y boquillas;4;P10243:paper-filter-slim(2t) P10870:regular-7-5mm(2t) P10851:pre-roll-premium-king-size-slim-3u(2t);2026-07-27;https://piranha.cl/inicio/6296/filtro-carton-enrolado-ocb-25u.html
15805;piranha;ocb;"Filtros OCB Virgin Slim 6mm (150u)";1990;Filtros y boquillas;4;P10243:paper-filter-slim(2t) P10870:regular-7-5mm(2t) P10851:pre-roll-premium-king-size-slim-3u(2t);2026-07-27;https://piranha.cl/inicio/6495/filtros-ocb-virgin-slim-6mm-150u.html
11244;piranha;ocb;"Máquina Enroladora Metálica OCB Nº1";6490;Otros parafernalia;4;P10243:paper-filter-slim(2t) P10870:regular-7-5mm(2t) P10851:pre-roll-premium-king-size-slim-3u(2t);2026-07-27;https://piranha.cl/inicio/6491/maquina-enroladora-metalica-ocb-n1.html
11245;piranha;ocb;"Filtros OCB Regular 7.5mm (100u)";1790;Filtros y boquillas;4;P10243:paper-filter-slim(2t) P10870:regular-7-5mm(2t) P10851:pre-roll-premium-king-size-slim-3u(2t);2026-07-27;https://piranha.cl/inicio/6493/filtros-ocb-regular-75mm-100u.html
11257;piranha;ocb;"Máquina Enroladora Acrílica OCB 1";3990;Otros parafernalia;4;P10243:paper-filter-slim(2t) P10870:regular-7-5mm(2t) P10851:pre-roll-premium-king-size-slim-3u(2t);2026-07-27;https://piranha.cl/inicio/7961/maquina-enroladora-acrilica-ocb-1.html
15839;piranha;ocb;"Filtros OCB Mentolado 6mm (150u)";1990;Filtros y boquillas;4;P10243:paper-filter-slim(2t) P10870:regular-7-5mm(2t) P10851:pre-roll-premium-king-size-slim-3u(2t);2026-07-27;https://piranha.cl/inicio/6497/filtros-ocb-mentolado-6mm-150u.html
16117;piranha;ocb;"Bandeja OCB (Diseño aleatorio)";7990;Bandejas y ceniceros;4;P10243:paper-filter-slim(2t) P10870:regular-7-5mm(2t) P10851:pre-roll-premium-king-size-slim-3u(2t);2026-07-27;https://piranha.cl/inicio/6094/bandeja-ocb-diseno-aleatorio.html
3391;piranha;ocb;"Papelillo OCB Virgin 1 | PIRANHA";890;Papelillos;4;P10243:paper-filter-slim(2t) P10870:regular-7-5mm(2t) P10851:pre-roll-premium-king-size-slim-3u(2t);2026-07-27;https://piranha.cl/inicio/8375/papelillo-ocb-virgin-1.html
298;piranha;ocb;"Papelillo OCB Ultimate 1";890;Papelillos;4;P10243:paper-filter-slim(2t) P10870:regular-7-5mm(2t) P10851:pre-roll-premium-king-size-slim-3u(2t);2026-07-27;https://piranha.cl/inicio/1479/papelillo-ocb-ultimate-1.html
16113;piranha;ocb;"Kit OCB x Piranha";8390;Otros parafernalia;4;P10243:paper-filter-slim(2t) P10870:regular-7-5mm(2t) P10851:pre-roll-premium-king-size-slim-3u(2t);2026-07-27;https://piranha.cl/inicio/5856/kit-ocb-x-piranha.html
299;piranha;ocb;"Papelillo OCB Azul Premium 1 1/4";890;Papelillos;4;P10243:paper-filter-slim(2t) P10870:regular-7-5mm(2t) P10851:pre-roll-premium-king-size-slim-3u(2t);2026-07-27;https://piranha.cl/inicio/881/papelillo-azul-n1-ocb-organico.html
15806;piranha;ocb;"Filtros OCB Slim Engomado 6mm (150u)";1990;Filtros y boquillas;4;P10243:paper-filter-slim(2t) P10870:regular-7-5mm(2t) P10851:pre-roll-premium-king-size-slim-3u(2t);2026-07-27;https://piranha.cl/inicio/6496/filtros-ocb-slim-engomado-6mm-150u.html
11211;piranha;ocb;"Filtros OCB ECO Slim 6mm (120u)";1990;Filtros y boquillas;4;P10243:paper-filter-slim(2t) P10870:regular-7-5mm(2t) P10851:pre-roll-premium-king-size-slim-3u(2t);2026-07-27;https://piranha.cl/inicio/6494/filtros-ocb-eco-slim-6mm-120u.html
11221;piranha;ocb;"Conos PreEnrolados OCB Ultra Fino 109mm (3u)| PIRANHA";1790;Conos y blunts;4;P10243:paper-filter-slim(2t) P10870:regular-7-5mm(2t) P10851:pre-roll-premium-king-size-slim-3u(2t);2026-07-27;https://piranha.cl/inicio/8383/conos-preenrolados-ocb-ultra-fino-109mm.html
15759;piranha;piecemaker;"Bong K9 - Piecemaker | PIRANHA";35994;Bongs;3;P6771:kiwi(2t) P10421:kube-9cm(2t) P10440:munchie-bowl(2t);2026-07-27;https://piranha.cl/inicio/6769/bong-piecemaker-k9-color-a-eleccion.html
16165;piranha;piecemaker;"Kap (Carb Cap) PieceMaker (Color aleatorio) | PIRANHA";990;Accesorios de extraccion;3;P6771:kiwi(2t) P10421:kube-9cm(2t) P10440:munchie-bowl(2t);2026-07-27;https://piranha.cl/inicio/7573/kap-carb-cap-piecemaker-color-aleatorio.html
15746;piranha;piecemaker;"Contenedor Piecemaker Large";5490;Contenedores y estuches;3;P6771:kiwi(2t) P10421:kube-9cm(2t) P10440:munchie-bowl(2t);2026-07-27;https://piranha.cl/inicio/3937/contenedor-piecemaker-large-color-a-eleccion.html
678;piranha;puffco;"Vaporizador Puffco New Peak | PIRANHA";295992;Accesorios de extraccion;9;P10648:new-peak-onyx(3t) P10649:peak-pro(2t) P10677:new-peak-cloud(2t);2026-07-27;https://piranha.cl/inicio/7665/vaporizador-puffco-new-peak-color-a-eleccion.html
80305;piranha;puffco;"Puffco New Peak Pro 3DXL LTD Plasma Edition Chamber | PIRANHA";179991;Accesorios de extraccion;9;P10648:new-peak-onyx(3t) P10649:peak-pro(2t) P10677:new-peak-cloud(2t);2026-07-27;https://piranha.cl/inicio/8853/puffco-new-peak-pro-3dxl-ltd-plasma-edition-chamber.html
81217;piranha;puffco;"Polera HigherTech Puffco | PIRANHA";28491;Accesorios de extraccion;9;P10648:new-peak-onyx(3t) P10649:peak-pro(2t) P10677:new-peak-cloud(2t);2026-07-27;https://piranha.cl/inicio/8860/polera-highertech-puffco-talla-a-eleccion.html
16231;piranha;puffco;"Accesorio Proxy Droplet - Puffco";118992;Accesorios de extraccion;9;P10648:new-peak-onyx(3t) P10649:peak-pro(2t) P10677:new-peak-cloud(2t);2026-07-27;https://piranha.cl/inicio/6201/accesorio-proxy-droplet-puffco.html
16172;piranha;puffco;"Accesorio Puffco New Hot Knife | PIRANHA";85491;Accesorios de extraccion;9;P10648:new-peak-onyx(3t) P10649:peak-pro(2t) P10677:new-peak-cloud(2t);2026-07-27;https://piranha.cl/inicio/8809/accesorio-puffco-new-hot-knife-color-a-eleccion.html
16170;piranha;puffco;"Accesorio Puffco Proxy Core | PIRANHA";104491;Accesorios de extraccion;9;P10648:new-peak-onyx(3t) P10649:peak-pro(2t) P10677:new-peak-cloud(2t);2026-07-27;https://piranha.cl/inicio/8807/accesorio-puffco-proxy-core-color-a-eleccion.html
16064;piranha;puffco;"Vaporizador Puffco New Proxy Kit - Puffco";299993;Accesorios de extraccion;9;P10648:new-peak-onyx(3t) P10649:peak-pro(2t) P10677:new-peak-cloud(2t);2026-07-27;https://piranha.cl/inicio/8508/vaporizador-puffco-new-proxy-kit-color-a-eleccion.html
16211;piranha;puffco;"Vaporizador Modular Puffco Proxy Core Kit Onyx | PIRANHA";427491;Accesorios de extraccion;9;P10648:new-peak-onyx(3t) P10649:peak-pro(2t) P10677:new-peak-cloud(2t);2026-07-27;https://piranha.cl/inicio/8806/vaporizador-modular-puffco-proxy-core-kit-onyx.html
16148;piranha;puffco;"Peak Pro Colored Ball Cap";31992;Otros parafernalia;9;P10648:new-peak-onyx(3t) P10649:peak-pro(2t) P10677:new-peak-cloud(2t);2026-07-27;https://piranha.cl/inicio/6215/puffco-peak-pro-colored-ball-cap-color-a-eleccion.html
16146;piranha;puffco;"Peak Pro Colored Glass";99990;Otros parafernalia;9;P10648:new-peak-onyx(3t) P10649:peak-pro(2t) P10677:new-peak-cloud(2t);2026-07-27;https://piranha.cl/inicio/6213/puffco-peak-pro-colored-glass-color-a-eleccion.html
16040;piranha;puffco;"Vaporizador Proxy Kit Black - Puffco";258993;Accesorios de extraccion;9;P10648:new-peak-onyx(3t) P10649:peak-pro(2t) P10677:new-peak-cloud(2t);2026-07-27;https://piranha.cl/inicio/6197/vaporizador-puffco-proxy-kit-color-a-eleccion.html
16232;piranha;puffco;"Proxy Ball Cap - Puffco";31992;Accesorios de extraccion;9;P10648:new-peak-onyx(3t) P10649:peak-pro(2t) P10677:new-peak-cloud(2t);2026-07-27;https://piranha.cl/inicio/6203/proxy-ball-cap-puffco.html
16142;piranha;puffco;"Proxy Travel Pipe";53991;Pipas;9;P10648:new-peak-onyx(3t) P10649:peak-pro(2t) P10677:new-peak-cloud(2t);2026-07-27;https://piranha.cl/inicio/6202/puffco-proxy-travel-pipe-color-a-eleccion.html
94237;piranha;raw;"Display 800 Conos RAW King Size | PIRANHA";188991;Conos y blunts;3;P10285:prepare-for-flight-grande(2t) P10479:cono-perfecto(2t) P10186:black-connoisseur-1-1-4-tips(1t);2026-07-27;https://piranha.cl/inicio/8939/display-800-conos-raw-king-size.html
11243;piranha;raw;"Anillo RAW Dorado Smoker 24K";39992;Otros parafernalia;3;P10285:prepare-for-flight-grande(2t) P10479:cono-perfecto(2t) P10186:black-connoisseur-1-1-4-tips(1t);2026-07-27;https://piranha.cl/inicio/6475/anillo-raw-dorado-smoker-24k.html
15878;piranha;raw;"Anillo RAW Black Smoker Ring (Talla 9/Talla 10) | PIRANHA";39992;Otros parafernalia;3;P10285:prepare-for-flight-grande(2t) P10479:cono-perfecto(2t) P10186:black-connoisseur-1-1-4-tips(1t);2026-07-27;https://piranha.cl/inicio/7304/anillo-raw-black-smoker-ring.html
11241;piranha;raw;"Filtros RAW Cono Perfect (32u)";890;Filtros y boquillas;3;P10285:prepare-for-flight-grande(2t) P10479:cono-perfecto(2t) P10186:black-connoisseur-1-1-4-tips(1t);2026-07-27;https://piranha.cl/inicio/6465/filtros-raw-cono-perfect-32u.html
93698;piranha;raw;"Jockey RAW Camuflado con Spot Secreto | PIRANHA";14241;Otros parafernalia;3;P10285:prepare-for-flight-grande(2t) P10479:cono-perfecto(2t) P10186:black-connoisseur-1-1-4-tips(1t);2026-07-27;https://piranha.cl/inicio/8928/jockey-raw-camuflado-con-spot-secreto.html
3530;piranha;raw;"Papelillo RAW Black Organic Hemp King Size | PIRANHA";1290;Papelillos;3;P10285:prepare-for-flight-grande(2t) P10479:cono-perfecto(2t) P10186:black-connoisseur-1-1-4-tips(1t);2026-07-27;https://piranha.cl/inicio/7273/papelillos-raw-black-organic-hemp-king-size.html
93721;piranha;raw;"Llavero RAW Bandeja Miniatura Silver | PIRANHA";3990;Bandejas y ceniceros;3;P10285:prepare-for-flight-grande(2t) P10479:cono-perfecto(2t) P10186:black-connoisseur-1-1-4-tips(1t);2026-07-27;https://piranha.cl/inicio/8937/llavero-raw-bandeja-miniatura-silver.html
93880;piranha;raw;"Cajita Conos RAW Black 1 1/4 (20u) | PIRANHA";7591;Conos y blunts;3;P10285:prepare-for-flight-grande(2t) P10479:cono-perfecto(2t) P10186:black-connoisseur-1-1-4-tips(1t);2026-07-27;https://piranha.cl/inicio/8940/cajita-conos-raw-black-1-14-20u.html
93936;piranha;raw;"Cajita Metálica Porta Papelillos RAW Black 1 1/4 | PIRANHA";1990;Contenedores y estuches;3;P10285:prepare-for-flight-grande(2t) P10479:cono-perfecto(2t) P10186:black-connoisseur-1-1-4-tips(1t);2026-07-27;https://piranha.cl/inicio/8933/cajita-metalica-porta-papelillos-raw-black-1-14.html
707;piranha;raw;"Alfombra RAW Negra 60x80cm";34553;Otros parafernalia;3;P10285:prepare-for-flight-grande(2t) P10479:cono-perfecto(2t) P10186:black-connoisseur-1-1-4-tips(1t);2026-07-27;https://piranha.cl/inicio/6473/alfombra-raw-negra-60x80cm.html
11070;piranha;raw;"Cajita Metálica RAW Rectangular | PIRANHA";2490;Contenedores y estuches;3;P10285:prepare-for-flight-grande(2t) P10479:cono-perfecto(2t) P10186:black-connoisseur-1-1-4-tips(1t);2026-07-27;https://piranha.cl/inicio/7298/cajita-metalica-raw-rectangular.html
94428;piranha;raw;"Figura Decorativa RAW Dancing Cone | PIRANHA";29751;Otros parafernalia;3;P10285:prepare-for-flight-grande(2t) P10479:cono-perfecto(2t) P10186:black-connoisseur-1-1-4-tips(1t);2026-07-27;https://piranha.cl/inicio/8930/figura-decorativa-raw-dancing-cone.html
11209;piranha;raw;"Jockey RAW con Spot Secreto";12341;Otros parafernalia;3;P10285:prepare-for-flight-grande(2t) P10479:cono-perfecto(2t) P10186:black-connoisseur-1-1-4-tips(1t);2026-07-27;https://piranha.cl/inicio/6478/jockey-raw-con-spot-secreto.html
708;piranha;raw;"Vela RAW de Cáñamo Neutralizadora de Olores";16992;Otros parafernalia;3;P10285:prepare-for-flight-grande(2t) P10479:cono-perfecto(2t) P10186:black-connoisseur-1-1-4-tips(1t);2026-07-27;https://piranha.cl/inicio/6477/vela-raw-de-canamo-neutralizadora-de-olores.html
15965;piranha;raw;"Polera RAW Beige (S/M/L/XL) | PIRANHA";14993;Otros parafernalia;3;P10285:prepare-for-flight-grande(2t) P10479:cono-perfecto(2t) P10186:black-connoisseur-1-1-4-tips(1t);2026-07-27;https://piranha.cl/inicio/7307/polera-raw-beige.html
93997;piranha;raw;"RAW Pins Tarjeta con 4 Diseños | PIRANHA";14951;Otros parafernalia;3;P10285:prepare-for-flight-grande(2t) P10479:cono-perfecto(2t) P10186:black-connoisseur-1-1-4-tips(1t);2026-07-27;https://piranha.cl/inicio/8931/raw-pins-tarjeta-con-4-disenos.html
1342;piranha;raw;"Cenicero RAW Vidrio (Dark Side/Rainbow) | PIRANHA";29742;Bandejas y ceniceros;3;P10285:prepare-for-flight-grande(2t) P10479:cono-perfecto(2t) P10186:black-connoisseur-1-1-4-tips(1t);2026-07-27;https://piranha.cl/inicio/6483/cenicero-raw-vidrio-dark-side-rainbow.html
93208;piranha;raw;"Moledor RAW Silver 5,5cm 4 Partes | PIRANHA";19992;Moledores;3;P10285:prepare-for-flight-grande(2t) P10479:cono-perfecto(2t) P10186:black-connoisseur-1-1-4-tips(1t);2026-07-27;https://piranha.cl/inicio/8942/moledor-raw-silver-55cm-4-partes.html
14337;piranha;raw;"Bandeja Metálica RAW Fly High | PIRANHA";5990;Bandejas y ceniceros;3;P10285:prepare-for-flight-grande(2t) P10479:cono-perfecto(2t) P10186:black-connoisseur-1-1-4-tips(1t);2026-07-27;https://piranha.cl/inicio/7285/bandeja-metalica-raw-fly-high-tamano-a-eleccion.html
93264;piranha;raw;"Moledor Hammercraft x RAW 6cm 4 Partes | PIRANHA";24792;Moledores;3;P10285:prepare-for-flight-grande(2t) P10479:cono-perfecto(2t) P10186:black-connoisseur-1-1-4-tips(1t);2026-07-27;https://piranha.cl/inicio/8941/moledor-hammercraft-x-raw-6cm-4-partes-color-a-eleccion.html
94430;piranha;raw;"Letrero Luminoso RAW LED Sign | PIRANHA";158091;Otros parafernalia;3;P10285:prepare-for-flight-grande(2t) P10479:cono-perfecto(2t) P10186:black-connoisseur-1-1-4-tips(1t);2026-07-27;https://piranha.cl/inicio/8936/letrero-luminoso-raw-led-sign.html
93294;piranha;raw;"Papelillo RAW Black Connoisseur 1 1/4 + Boquilla | PIRANHA";1590;Papelillos;3;P10285:prepare-for-flight-grande(2t) P10479:cono-perfecto(2t) P10186:black-connoisseur-1-1-4-tips(1t);2026-07-27;https://piranha.cl/inicio/8926/papelillo-raw-black-connoisseur-1-14-boquilla.html
94236;piranha;raw;"Display 1.000 Conos RAW Pre-Enrolados 1 1/4 | PIRANHA";179991;Conos y blunts;3;P10285:prepare-for-flight-grande(2t) P10479:cono-perfecto(2t) P10186:black-connoisseur-1-1-4-tips(1t);2026-07-27;https://piranha.cl/inicio/8938/display-1000-conos-raw-pre-enrolados-1-14.html
93353;piranha;raw;"Bolsa RAW Tote Bag 40x60cm | PIRANHA";7990;Otros parafernalia;3;P10285:prepare-for-flight-grande(2t) P10479:cono-perfecto(2t) P10186:black-connoisseur-1-1-4-tips(1t);2026-07-27;https://piranha.cl/inicio/8935/bolsa-raw-tote-bag-40x60cm.html
93637;piranha;raw;"Gorro de Lana con Parche RAW | PIRANHA";17991;Otros parafernalia;3;P10285:prepare-for-flight-grande(2t) P10479:cono-perfecto(2t) P10186:black-connoisseur-1-1-4-tips(1t);2026-07-27;https://piranha.cl/inicio/8927/gorro-de-lana-con-parche-raw-color-a-eleccion.html
94234;piranha;raw;"Tubo Case RAW Metal Tube Porta Joint | PIRANHA";4990;Contenedores y estuches;3;P10285:prepare-for-flight-grande(2t) P10479:cono-perfecto(2t) P10186:black-connoisseur-1-1-4-tips(1t);2026-07-27;https://piranha.cl/inicio/8932/tubo-case-raw-metal-tube-porta-joint-color-a-eleccion.html
93658;piranha;raw;"Jockey RAW Trucker Camuflado con Beige y Spot Secreto | PIRANHA";14241;Otros parafernalia;3;P10285:prepare-for-flight-grande(2t) P10479:cono-perfecto(2t) P10186:black-connoisseur-1-1-4-tips(1t);2026-07-27;https://piranha.cl/inicio/8929/jockey-raw-trucker-camuflado-con-beige-y-spot-secreto.html
94479;piranha;raw;"Polera RAW Negra (S/M/L/XL) | PIRANHA";14993;Otros parafernalia;3;P10285:prepare-for-flight-grande(2t) P10479:cono-perfecto(2t) P10186:black-connoisseur-1-1-4-tips(1t);2026-07-27;https://piranha.cl/inicio/7306/polera-raw-negra.html
94429;piranha;raw;"Bandeja Metálica RAW Roja Mediana | PIRANHA";7990;Bandejas y ceniceros;3;P10285:prepare-for-flight-grande(2t) P10479:cono-perfecto(2t) P10186:black-connoisseur-1-1-4-tips(1t);2026-07-27;https://piranha.cl/inicio/8934/bandeja-metalica-raw-roja-mediana.html
27263;piranha;soulblime;"Filtros Soulblime Berrymint Slim Filters 6x15mm (150u) | PIRANHA";1290;Filtros y boquillas;4;P10527:bolsa-hermetica(2t) P10533:cenicero-metalico(2t) P10236:sliding(3t);2026-07-27;https://piranha.cl/inicio/8391/filtros-soulblime-berrymint-slim-filters-6x15mm-150u.html
53604;piranha;soulblime;"Conos PreEnrolados Soulblime Pink Cones King Size (6u) | PIRANHA";2390;Conos y blunts;4;P10527:bolsa-hermetica(2t) P10533:cenicero-metalico(2t) P10236:sliding(3t);2026-07-10;https://piranha.cl/inicio/8398/preenrolados-soulblime-pink-cones-king-size.html
11266;piranha;soulblime;"Filtros Soulblime Slim Filters 6x15mm (200u) | PIRANHA";1290;Filtros y boquillas;4;P10527:bolsa-hermetica(2t) P10533:cenicero-metalico(2t) P10236:sliding(3t);2026-07-27;https://piranha.cl/inicio/8389/filtros-soulblime-slim-filters-6x15mm.html
16059;piranha;soulblime;"Bolsita Hermetica Antiolor - Soulblime | PIRANHA";790;Contenedores y estuches;4;P10527:bolsa-hermetica(2t) P10533:cenicero-metalico(2t) P10236:sliding(3t);2026-07-27;https://piranha.cl/inicio/8201/bolsita-hermetica-antiolor-soulblime.html
79859;piranha;soulblime;"Hemp Wraps Blunt Soulblime | PIRANHA";1000;Conos y blunts;4;P10527:bolsa-hermetica(2t) P10533:cenicero-metalico(2t) P10236:sliding(3t);2026-07-27;https://piranha.cl/inicio/5978/hemp-wraps-blunt-soulblime-chocolate-2u.html
16108;piranha;soulblime;"Filtro Tips Soulblime | PIRANHA";590;Filtros y boquillas;4;P10527:bolsa-hermetica(2t) P10533:cenicero-metalico(2t) P10236:sliding(3t);2026-07-27;https://piranha.cl/inicio/8399/filtro-tips-soulblime.html
16125;piranha;soulblime;"Cenicero Soulblime | PIRANHA";1990;Bandejas y ceniceros;4;P10527:bolsa-hermetica(2t) P10533:cenicero-metalico(2t) P10236:sliding(3t);2026-07-27;https://piranha.cl/inicio/8400/cenicero-soulblime.html
16129;piranha;soulblime;"Caja Soulblime";1990;Otros parafernalia;4;P10527:bolsa-hermetica(2t) P10533:cenicero-metalico(2t) P10236:sliding(3t);2026-07-27;https://piranha.cl/inicio/6020/caja-soulblime-pequena-con-bisagra-diseno-aleatorio.html
16135;piranha;soulblime;"Caja Soulblime Grande con Bisagra | PIRANHA";2490;Otros parafernalia;4;P10527:bolsa-hermetica(2t) P10533:cenicero-metalico(2t) P10236:sliding(3t);2026-07-27;https://piranha.cl/inicio/8388/caja-soulblime-grande-con-bisagra-diseno-aleatorio.html
16139;piranha;soulblime;"Tubo Soulblime";1490;Otros parafernalia;4;P10527:bolsa-hermetica(2t) P10533:cenicero-metalico(2t) P10236:sliding(3t);2026-07-27;https://piranha.cl/inicio/6021/tubo-soulblime-porta-joint-diseno-aleatorio.html
80502;piranha;soulblime;"Filtros Soulblime Chocolate Slim Filters 6x15mm (150u) | PIRANHA";1290;Filtros y boquillas;4;P10527:bolsa-hermetica(2t) P10533:cenicero-metalico(2t) P10236:sliding(3t);2026-07-27;https://piranha.cl/inicio/8390/filtros-soulblime-chocolate-slim-filters-6x15mm.html
80503;piranha;soulblime;"Filtros Soulblime Menthol Slim Filters 6x15mm (150u) | PIRANHA";1290;Filtros y boquillas;4;P10527:bolsa-hermetica(2t) P10533:cenicero-metalico(2t) P10236:sliding(3t);2026-07-27;https://piranha.cl/inicio/8392/filtros-soulblime-menthol-slim-filters-6x15mm.html
15778;piranha;storz-bickel;"Pack Cepillos de Limpieza Storz & Bickel (3u)| PIRANHA";4990;Repuestos para bongs y vaporizadores;8;P10501:venty-case(2t) P10502:crafty-case(2t) P10740:almohadillas-extraccion(2t);2026-07-27;https://piranha.cl/inicio/7834/pack-cepillos-de-limpieza-storz-bickel-3u.html
11119;piranha;storz-bickel;"Vaporizador Volcano Classic Evergreen Edition | PIRANHA";348292;Vaporizadores herbales;8;P10501:venty-case(2t) P10502:crafty-case(2t) P10740:almohadillas-extraccion(2t);2026-07-27;https://piranha.cl/inicio/8659/vaporizador-volcano-classic-evergreen.html
16026;piranha;storz-bickel;"Mighty Juego de Boquillas";13900;Repuestos para bongs y vaporizadores;8;P10501:venty-case(2t) P10502:crafty-case(2t) P10740:almohadillas-extraccion(2t);2026-07-27;https://piranha.cl/inicio/317/mightymighty-juego-de-boquillas.html
16088;piranha;storz-bickel;"Cápsula Dosificadora Mighty/Crafty | PIRANHA";990;Repuestos para bongs y vaporizadores;8;P10501:venty-case(2t) P10502:crafty-case(2t) P10740:almohadillas-extraccion(2t);2026-07-27;https://piranha.cl/inicio/559/mightycrafty-capsula-dosificadora.html
16103;piranha;storz-bickel;"Crafty/Crafty+ Estuche Rígido| PIRANHA";17991;Vaporizadores herbales;8;P10501:venty-case(2t) P10502:crafty-case(2t) P10740:almohadillas-extraccion(2t);2026-07-27;https://piranha.cl/inicio/7817/craftycrafty-estuche-rigido.html
16057;piranha;storz-bickel;"Cápsula Dosificadora (Concentrados))| PIRANHA";2490;Repuestos para bongs y vaporizadores;8;P10501:venty-case(2t) P10502:crafty-case(2t) P10740:almohadillas-extraccion(2t);2026-07-27;https://piranha.cl/inicio/7822/mightycrafty-capsula-dosificadora-concentrados.html
3384;piranha;storz-bickel;"Volcano Hybrid Set Tubos 3x1m c/u | PIRANHA";42741;Repuestos para bongs y vaporizadores;8;P10501:venty-case(2t) P10502:crafty-case(2t) P10740:almohadillas-extraccion(2t);2026-07-27;https://piranha.cl/inicio/7826/volcano-hybrid-set-tubos-3u-x-1m-cu.html
15738;piranha;storz-bickel;"Volcano Juego de Tubo de Globo (3m)";4990;Vaporizadores herbales;8;P10501:venty-case(2t) P10502:crafty-case(2t) P10740:almohadillas-extraccion(2t);2026-07-27;https://piranha.cl/inicio/307/volcano-balloon-tube-set-3m.html
11107;piranha;storz-bickel;"Volcano Hybrid Cámara de Hierbas| PIRANHA";94991;Vaporizadores herbales;8;P10501:venty-case(2t) P10502:crafty-case(2t) P10740:almohadillas-extraccion(2t);2026-07-27;https://piranha.cl/inicio/7825/volcano-hybrid-camara-de-hierbas.html
15860;piranha;storz-bickel;"Válvula Solid Valve Pieza Interior de la Cámara de Relleno";11391;Repuestos para bongs y vaporizadores;8;P10501:venty-case(2t) P10502:crafty-case(2t) P10740:almohadillas-extraccion(2t);2026-07-27;https://piranha.cl/inicio/309/volcano-solid-valve-pieza-interior-de-la-camara-de-relleno.html
11086;piranha;storz-bickel;"Volcano Hybrid Air Filter Cap";3791;Vaporizadores herbales;8;P10501:venty-case(2t) P10502:crafty-case(2t) P10740:almohadillas-extraccion(2t);2026-07-27;https://piranha.cl/inicio/1679/volcano-hybrid-air-filter-cap.html
11087;piranha;storz-bickel;"Volcano Hybrid Air Filter Set";4990;Vaporizadores herbales;8;P10501:venty-case(2t) P10502:crafty-case(2t) P10740:almohadillas-extraccion(2t);2026-07-27;https://piranha.cl/inicio/1680/volcano-hybrid-air-filter-set.html
16029;piranha;storz-bickel;"Crafty Adaptador de Corriente";15990;Vaporizadores herbales;8;P10501:venty-case(2t) P10502:crafty-case(2t) P10740:almohadillas-extraccion(2t);2026-07-27;https://piranha.cl/inicio/329/crafty-adaptador-de-corriente.html
16175;piranha;storz-bickel;"Crafty Kit de Repuestos";29742;Repuestos para bongs y vaporizadores;8;P10501:venty-case(2t) P10502:crafty-case(2t) P10740:almohadillas-extraccion(2t);2026-07-27;https://piranha.cl/inicio/326/crafty-kit-de-repuestos.html
513;piranha;storz-bickel;"Válvula Solid Valve Set";110492;Repuestos para bongs y vaporizadores;8;P10501:venty-case(2t) P10502:crafty-case(2t) P10740:almohadillas-extraccion(2t);2026-07-27;https://piranha.cl/inicio/305/volcano-solid-valve-set.html
5623;piranha;the-bulldog;"Moledor Plástico Bulldog 6cm 2 Partes";4990;Moledores;2;P10096:plastic-3-partes-63mm(3t) P10188:metalico-swing(2t);2026-07-27;https://piranha.cl/inicio/223/moledor-plastico-bulldog.html
11239;piranha;vibes;"Cono Preenrolado Vibes 2g (3u)";2793;Conos y blunts;1;P10685:rice-king-size-slim(2t);2026-07-27;https://piranha.cl/inicio/6301/cono-preenrolado-vibes-2g-3u.html
11240;piranha;vibes;"Cono Preenrolado Vibes 3g (3u)";3493;Conos y blunts;1;P10685:rice-king-size-slim(2t);2026-07-27;https://piranha.cl/inicio/6302/cono-preenrolado-vibes-3g-3u.html
16190;piranha;vibes;"Kit Vibes x Piranha";1862;Otros parafernalia;1;P10685:rice-king-size-slim(2t);2026-07-27;https://piranha.cl/inicio/5864/kit-vibes-x-piranha.html
698;piranha;vibes;"Cono Preenrolado Vibes Cubano 8g (1u)";1494;Conos y blunts;1;P10685:rice-king-size-slim(2t);2026-07-27;https://piranha.cl/inicio/6303/cono-preenrolado-vibes-cubano-8g-1u.html
15682;piranha;yocan;"Resistencia Vaporizador Yocan Falcon 5u | PIRANHA";39992;Accesorios de extraccion;5;P10892:vaporizer-hit(2t) P10642:vaporizer-vane(3t) P10679:vaporizer-vane-2(3t);2026-07-27;https://piranha.cl/inicio/7582/resistencia-vaporizador-yocan-falcon-5u-tipo-a-eleccion.html
11186;piranha;yocan;"Resistencia Vaporizador Yocan Orbit Coil Cuarzo (5u) | PIRANHA";49192;Accesorios de extraccion;5;P10892:vaporizer-hit(2t) P10642:vaporizer-vane(3t) P10679:vaporizer-vane-2(3t);2026-07-27;https://piranha.cl/inicio/7579/resistencia-vaporizador-yocan-orbit-coil-cuarzo-5u.html
15591;piranha;yocan;"Repuesto Cámara de Cerámica Cloud 3 | PIRANHA";47491;Repuestos para bongs y vaporizadores;5;P10892:vaporizer-hit(2t) P10642:vaporizer-vane(3t) P10679:vaporizer-vane-2(3t);2026-07-27;https://piranha.cl/inicio/8753/repuesto-camara-de-ceramica-cloud-31-para-yocan-pocket.html
15863;piranha;zippo;"Encendedor Zippo Leaf Design Engraved";34990;Encendedores y sopletes;9;P10276:royal-blue-matte(2t) P10308:cannabis-design-3(2t) P10425:jack-daniels(2t);2026-07-27;https://piranha.cl/inicio/6266/encendedor-zippo-leaf-design-engraved.html
15923;piranha;zippo;"Encendedor Zippo Iron Stone";34990;Encendedores y sopletes;9;P10276:royal-blue-matte(2t) P10308:cannabis-design-3(2t) P10425:jack-daniels(2t);2026-07-27;https://piranha.cl/inicio/6263/encendedor-zippo-iron-stone.html
71226;growbarato;airistech;"Vaporizador Switch Airistech - GB The Green Brand";76500;Vaporizadores herbales;6;P10886:boquilla-herbva-5g-glass(2t) P10681:bateria-mystica-max(3t) P10882:dabble(2t);2026-07-21;https://www.growbaratochile.cl/vaporizadores/vaporizador-switch-airistech.html
11380;growbarato;blazy-susan;"Papelillo King Size Slim Blazy Susan Deluxe Kit Unbleached – Kit de enrolar natural";1700;Papelillos;42;P5460:purple(3t) P5705:pre-roll-pink-1-1-4-6u(3t) P5707:pre-roll-purple-1-1-4-6u(3t);2026-07-27;https://www.growbaratochile.cl/blazy-susan/blazy-susan-deluxe-kit-king-size-unbleached.html
11480;growbarato;blazy-susan;"Blazy Susan Papelillo en Rollo Purple + 50 Boquillas – Papeles Personalizables";1800;Papelillos;42;P5460:purple(3t) P5705:pre-roll-pink-1-1-4-6u(3t) P5707:pre-roll-purple-1-1-4-6u(3t);2026-07-27;https://www.growbaratochile.cl/blazy-susan/blazy-susan-rollo-8-metros-purple.html
11379;growbarato;blazy-susan;"Papelillo King Size Slim Blazy Susan Deluxe Kit Purple – Papeles de enrolar premium";1600;Papelillos;42;P5460:purple(3t) P5705:pre-roll-pink-1-1-4-6u(3t) P5707:pre-roll-purple-1-1-4-6u(3t);2026-07-27;https://www.growbaratochile.cl/blazy-susan/blazy-susan-deluxe-kit-king-size-purple.html
11378;growbarato;blazy-susan;"Papelillo King Size Slim Blazy Susan Deluxe Kit Rosado – Papeles de Enrolar Premium";1600;Papelillos;42;P5460:purple(3t) P5705:pre-roll-pink-1-1-4-6u(3t) P5707:pre-roll-purple-1-1-4-6u(3t);2026-07-27;https://www.growbaratochile.cl/blazy-susan/blazy-susan-deluxe-kit-king-size-pink.html
11336;growbarato;blazy-susan;"Blazy Susan papelillos king size purple – Papeles de enrolar ultra finos";400;Papelillos;42;P5460:purple(3t) P5705:pre-roll-pink-1-1-4-6u(3t) P5707:pre-roll-purple-1-1-4-6u(3t);2026-07-27;https://www.growbaratochile.cl/blazy-susan/blazy-susan-papelillos-king-size-slim-purple.html
1420;growbarato;bonglab;"Bong R2 Bonglab 17cm - Una experiencia de fumado excepcional";17600;Bongs;62;P10706:cleaner-1l(2t) P5732:neon-led(3t) P5749:bowl-bowl-14mm(3t);2026-07-21;https://www.growbaratochile.cl/bonglab/bong-r2-bonglab-17cm.html
3153;growbarato;bonglab;"Bong Cristal Mini para marihuana 8-17 cm";14400;Bongs;62;P10706:cleaner-1l(2t) P5732:neon-led(3t) P5749:bowl-bowl-14mm(3t);2026-07-21;https://www.growbaratochile.cl/bonglab/bong-cristal-mini.html
71166;growbarato;bonglab;"Bonglab Pocket Twister 23cm – Bong Compacto Negro y Verde | GrowBaratoChile";28800;Bongs;62;P10706:cleaner-1l(2t) P5732:neon-led(3t) P5749:bowl-bowl-14mm(3t);2026-07-21;https://www.growbaratochile.cl/parafernalia/bong-pocket-twister-bonglab.html
71238;growbarato;bonglab;"Bonglab Papel de celulosa para Rosin";7200;Accesorios de extraccion;62;P10706:cleaner-1l(2t) P5732:neon-led(3t) P5749:bowl-bowl-14mm(3t);2026-07-21;https://www.growbaratochile.cl/extracciones-rosin/papel-rosin.html
71151;growbarato;bonglab;"Mallas Rosin 25, 90, 120 y 160 Micras Bonglab | Extracción Rosin";7200;Accesorios de extraccion;62;P10706:cleaner-1l(2t) P5732:neon-led(3t) P5749:bowl-bowl-14mm(3t);2026-07-21;https://www.growbaratochile.cl/cosecha-y-secado/-mallas-de-rosin-bonglab.html
70855;growbarato;bonglab;"Classic Ice de Bonglab - Gb The Green Brand";19800;Bongs;62;P10706:cleaner-1l(2t) P5732:neon-led(3t) P5749:bowl-bowl-14mm(3t);2026-07-21;https://www.growbaratochile.cl/bonglab/classic-ice.html
71194;growbarato;bonglab;"Contenedor Extractos 4ml Bonglab Blanco y Negro | Wax Dab Storage Chile";3200;Accesorios de extraccion;62;P10706:cleaner-1l(2t) P5732:neon-led(3t) P5749:bowl-bowl-14mm(3t);2026-07-21;https://www.growbaratochile.cl/cosecha-y-secado/contenedor-extractos-bonglab.html
533;growbarato;bonglab;"Mason Re: Stash Jar de Bonglab de vidrio";21600;Contenedores y estuches;62;P10706:cleaner-1l(2t) P5732:neon-led(3t) P5749:bowl-bowl-14mm(3t);2026-07-21;https://www.growbaratochile.cl/despues-de-la-cosecha/mason-restash-jar-de-bonglab.html
70985;growbarato;cabo;"Bong Para Extracciones Heavy Cone";24100;Bongs;1;P10114:clear-gear-heavy(2t);2026-07-21;https://www.growbaratochile.cl/cabo/bong-para-extracciones-heavy-cone.html
71234;growbarato;cabo;"Heavy Pill Cabo para hierba seca";12500;Otros parafernalia;1;P10114:clear-gear-heavy(2t);2026-07-21;https://www.growbaratochile.cl/cabo/heavy-pill-cabo.html
70795;growbarato;calvo;"Bong Rig Wax Set | Dab Rig de Vidrio con Percolador Shower Calvo Glass";22500;Accesorios de extraccion;21;P5490:horn(2t) P5536:beaker-tree-perc(2t) P10404:flat-bucket-banger-45-10mm(2t);2026-07-21;https://www.growbaratochile.cl/parafernalia/wax-set-bubble-rig-banger-carb-cap-calvo-glass-.html
1391;growbarato;calvo;"Moledor Cerámico Calvo Glass 63mm【con cierre de neodimio】";25500;Moledores;21;P5490:horn(2t) P5536:beaker-tree-perc(2t) P10404:flat-bucket-banger-45-10mm(2t);2026-07-24;https://www.growbaratochile.cl/moledores/moledor-ceramico-calvo-glass-63mm.html
3179;growbarato;calvo;"Spinner Carb Cap de Calvo Glass";4900;Accesorios de extraccion;21;P5490:horn(2t) P5536:beaker-tree-perc(2t) P10404:flat-bucket-banger-45-10mm(2t);2026-07-21;https://www.growbaratochile.cl/bho-extracciones/spinner-carb-cap-calvo-glass-.html
71071;growbarato;calvo;"Difusor Calvo Classic 14mm Clear 10cm | Downstem para Bong Chile";5500;Repuestos para bongs y vaporizadores;21;P5490:horn(2t) P5536:beaker-tree-perc(2t) P10404:flat-bucket-banger-45-10mm(2t);2026-07-21;https://www.growbaratochile.cl/parafernalia/difusor-calvo-glass.html
11427;growbarato;calvo;"Batería Calvo Hidden 510 | Vaporizador para Catridge Discreto y Elegante Ocultación 650mAh";22500;Repuestos para bongs y vaporizadores;21;P5490:horn(2t) P5536:beaker-tree-perc(2t) P10404:flat-bucket-banger-45-10mm(2t);2026-07-21;https://www.growbaratochile.cl/parafernalia/calvo-510-battery-hide-.html
11433;growbarato;calvo;"Insert Banger Fondo Opaco Calvo Glass";18900;Accesorios de extraccion;21;P5490:horn(2t) P5536:beaker-tree-perc(2t) P10404:flat-bucket-banger-45-10mm(2t);2026-07-21;https://www.growbaratochile.cl/pipas-bongs-y-cachimbas/insert-banger-fondo-opaco-calvo-glass.html
70892;growbarato;calvo;"El Bong Tubular Calvo 40cm- Calvo Glass";41300;Bongs;21;P5490:horn(2t) P5536:beaker-tree-perc(2t) P10404:flat-bucket-banger-45-10mm(2t);2026-07-21;https://www.growbaratochile.cl/calvoglass/bong-tubular-calvo-35cm.html
11600;growbarato;calvo;"Bangers Calvo de gran calidad y resistencia";5400;Accesorios de extraccion;21;P5490:horn(2t) P5536:beaker-tree-perc(2t) P10404:flat-bucket-banger-45-10mm(2t);2026-07-21;https://www.growbaratochile.cl/bho-extracciones/bangers.html
70870;growbarato;calvo;"Calvo Terp Balls Luminosas 4mm | Perlas para Banger y Dabs";4500;Accesorios de extraccion;21;P5490:horn(2t) P5536:beaker-tree-perc(2t) P10404:flat-bucket-banger-45-10mm(2t);2026-07-21;https://www.growbaratochile.cl/cosecha-y-secado/ruby-pearls-terp-balls-4mm-blue-calvo-glass.html
71214;growbarato;calvo;"Calvo Glass Ruby Pearls para extracciones";3600;Otros parafernalia;21;P5490:horn(2t) P5536:beaker-tree-perc(2t) P10404:flat-bucket-banger-45-10mm(2t);2026-07-21;https://www.growbaratochile.cl/pipas-bongs-y-cachimbas/calvo-glass-ruby-pearls.html
1443;growbarato;clipper;"Encendedor Clipper varios modelos disponibles";1000;Encendedores y sopletes;32;P5728:gas-classic-16ml(3t) P10480:metalico-deep-blue(2t) P10304:super-pocket-1(2t);2026-07-21;https://www.growbaratochile.cl/encendedores-clipper/encendedor-clipper.html
11515;growbarato;clipper;"Piedra Clipper┃Repuesto para encendedor";550;Encendedores y sopletes;32;P5728:gas-classic-16ml(3t) P10480:metalico-deep-blue(2t) P10304:super-pocket-1(2t);2026-07-21;https://www.growbaratochile.cl/encendedores-clipper/piedra-clipper.html
11487;growbarato;clipper;"Encendedor Clipper Hippie - GB The Green Brand";1000;Encendedores y sopletes;32;P5728:gas-classic-16ml(3t) P10480:metalico-deep-blue(2t) P10304:super-pocket-1(2t);2026-07-21;https://www.growbaratochile.cl/encendedores-clipper/encendedor-clipper-hippie.html
71053;growbarato;clipper;"Encendedor Clipper Animals - GB The Green Brand";1000;Encendedores y sopletes;32;P5728:gas-classic-16ml(3t) P10480:metalico-deep-blue(2t) P10304:super-pocket-1(2t);2026-07-21;https://www.growbaratochile.cl/encendedores-clipper/encendedor-clipper-animals.html
11561;growbarato;clipper;"Repuesto Pedernal Clipper | Consíguelo en GB The GreenBrand Chile";900;Encendedores y sopletes;32;P5728:gas-classic-16ml(3t) P10480:metalico-deep-blue(2t) P10304:super-pocket-1(2t);2026-07-21;https://www.growbaratochile.cl/parafernalia/repuesto-pedernal-clipper.html
1384;growbarato;clipper;"Encendedor Clipper GB The Green Brand - GB The Green Brand";1000;Encendedores y sopletes;32;P5728:gas-classic-16ml(3t) P10480:metalico-deep-blue(2t) P10304:super-pocket-1(2t);2026-07-21;https://www.growbaratochile.cl/encendedores/encendedor-clipper-gb-the-green-brand.html
71199;growbarato;cookies;"Miracle Alien Cookies (MAC) GB Strains- GB The Green Brand";21000;Otros parafernalia;1;P10670:stundenglass-wall-mount(3t);2026-07-21;https://www.growbaratochile.cl/gb-strains/miracle-alien-cookies-mac.html
71041;growbarato;cookies;"Calcetines Cookies Original Mint Socks Black & White | Calcetines Largos";15900;Otros parafernalia;1;P10670:stundenglass-wall-mount(3t);2026-07-21;https://www.growbaratochile.cl/articulos-para-el-fumador/calcetines-con-diseno-original-logo-socks.html
71198;growbarato;cookies;"Auto Tropicanna Cookies XXL GB Strains";7500;Otros parafernalia;1;P10670:stundenglass-wall-mount(3t);2026-07-21;https://www.growbaratochile.cl/gb-strains-auto/auto-tropicanna-cookies-xxl.html
11581;growbarato;davinci;"Davinci Accessory Kik【para dispositivo Davinci】Growbarato✅";9000;Vaporizadores herbales;3;P9244:iq3(3t) P10360:iq2-boquilla(3t) P10539:iqc(4t);2026-07-21;https://www.growbaratochile.cl/vaporizadores-da-vinci/davinci-accessory-kit.html
71008;growbarato;davinci;"Vaporizador Davinci IQ para nuestras flores";225900;Vaporizadores herbales;3;P9244:iq3(3t) P10360:iq2-boquilla(3t) P10539:iqc(4t);2026-07-21;https://www.growbaratochile.cl/descuento-todos/vaporizador-da-vinci-iq.html
1394;growbarato;dynavap;"Kit de Inicio Vaporizador Dynavap M7 | Todo en 1 sin batería";159000;Vaporizadores herbales;8;P5740:b2(3t) P10532:bonger(2t) P10278:dynakit(3t);2026-07-21;https://www.growbaratochile.cl/vaporizadores/kit-de-inicio-vaporizador-dynavap-the-m7.html
71163;growbarato;galaxy;"Bandejas Smoking Galaxy Collection | Heaven, Inferno y Earth";11200;Bandejas y ceniceros;11;P5499:aluminio-63mm(3t) P5503:quartz(3t) P5733:ashtray-ash-holder(2t);2026-07-21;https://www.growbaratochile.cl/parafernalia/bandeja-para-enrolar-smoking.html
11568;growbarato;galaxy;"Práctico Snuffer Galaxy en varios colores - GB The Green Brand";7100;Otros parafernalia;11;P5499:aluminio-63mm(3t) P5503:quartz(3t) P5733:ashtray-ash-holder(2t);2026-07-21;https://www.growbaratochile.cl/articulos-para-el-fumador/snuffer-galaxy.html
542;growbarato;galaxy;"Galaxy Stardust cenicero de metal";11700;Bandejas y ceniceros;11;P5499:aluminio-63mm(3t) P5503:quartz(3t) P5733:ashtray-ash-holder(2t);2026-07-21;https://www.growbaratochile.cl/articulos-para-el-fumador/galaxy-stardust.html
147;growbarato;galaxy;"Porta Pitos - Galaxy【guarda caños】en Growbarato Chile";9000;Contenedores y estuches;11;P5499:aluminio-63mm(3t) P5503:quartz(3t) P5733:ashtray-ash-holder(2t);2026-07-21;https://www.growbaratochile.cl/articulos-para-el-fumador/porta-pitos-galaxy.html
71140;growbarato;ignite;"Soplete Phantom Black-Ignite para calentar su hierba";19800;Encendedores y sopletes;4;P10666:flex(3t) P10663:phantom-mini(2t) P10667:phantom(3t);2026-07-21;https://www.growbaratochile.cl/articulos-para-el-fumador/soplete-phantom-black-ignite.html
71184;growbarato;ignite;"Soplete Ignite Flex - GB The Green Brand";19500;Encendedores y sopletes;4;P10666:flex(3t) P10663:phantom-mini(2t) P10667:phantom(3t);2026-07-21;https://www.growbaratochile.cl/articulos-para-el-fumador/soplete-flex-ignite.html
71107;growbarato;kasvi;"Humidificador Kasvi 8 Litros | Control de Humedad para Cultivo";51900;Otros parafernalia;22;P10779:malla-secado-55cm(2t) P10725:carbon-activado-125x400(3t) P10742:carbon-activado-150x400(3t);2026-07-21;https://www.growbaratochile.cl/humedad-y-temperatura/humidificador-8l-kasvi.html
70844;growbarato;kasvi;"Bandeja Trimming Kasvi para Manicura y Recolección | Growbarato Chile";56500;Bandejas y ceniceros;22;P10779:malla-secado-55cm(2t) P10725:carbon-activado-125x400(3t) P10742:carbon-activado-150x400(3t);2026-07-21;https://www.growbaratochile.cl/herramientas-accesorios/bandeja-trimming-kasvi.html
71294;growbarato;lion-rolling-circus;"Tainer Lion Rolling Circus | Contenedor con Moledor Hermético";5300;Moledores;16;P10234:case-1-1-4(2t) P10299:unbleached-1-1-4(2t) P10452:alfalfa-king-size(3t);2026-07-21;https://www.growbaratochile.cl/parafernalia/tainer-lion-rolling-circus.html
11588;growbarato;lion-rolling-circus;"Unbleach King Size de Lion Rolling Circus";1300;Papelillos;16;P10234:case-1-1-4(2t) P10299:unbleached-1-1-4(2t) P10452:alfalfa-king-size(3t);2026-07-21;https://www.growbaratochile.cl/papelillos/rolling-circus-unbleach-big-smoke.html
11606;growbarato;lion-rolling-circus;"Lion Rolling Circus Unbleach - Papel sin blanquear";850;Papelillos;16;P10234:case-1-1-4(2t) P10299:unbleached-1-1-4(2t) P10452:alfalfa-king-size(3t);2026-07-21;https://www.growbaratochile.cl/papelillos/rolling-circus-unbleach.html
11602;growbarato;lion-rolling-circus;"Lion Rolling Circus Transparent 1/1.4 - Growbarato";1600;Otros parafernalia;16;P10234:case-1-1-4(2t) P10299:unbleached-1-1-4(2t) P10452:alfalfa-king-size(3t);2026-07-21;https://www.growbaratochile.cl/papel-de-celulosa/rolling-circus-transparent.html
11594;growbarato;lion-rolling-circus;"Lion Rolling Circus Transparent Block 420 - Growbarato";5400;Otros parafernalia;16;P10234:case-1-1-4(2t) P10299:unbleached-1-1-4(2t) P10452:alfalfa-king-size(3t);2026-07-21;https://www.growbaratochile.cl/papel-de-celulosa/rolling-circus-transparent-block.html
71110;growbarato;lion-rolling-circus;"Lion Rolling Circus Grinder Acrilico 2 Partes - GB The Green Brand";1900;Moledores;16;P10234:case-1-1-4(2t) P10299:unbleached-1-1-4(2t) P10452:alfalfa-king-size(3t);2026-07-21;https://www.growbaratochile.cl/moledores/lion-rolling-circus-grinder-acrilico.html
11538;growbarato;lion-rolling-circus;"Hemp Wraps Rolling Stones Lion Rolling Circus | Diferentes sabores";1400;Conos y blunts;16;P10234:case-1-1-4(2t) P10299:unbleached-1-1-4(2t) P10452:alfalfa-king-size(3t);2026-07-21;https://www.growbaratochile.cl/parafernalia/blunt-hemp-wrap-lion-rolling-circus.html
537;growbarato;lion-rolling-circus;"Lion Rolling Circus Wrap Natural Blunts";1400;Papelillos;16;P10234:case-1-1-4(2t) P10299:unbleached-1-1-4(2t) P10452:alfalfa-king-size(3t);2026-07-21;https://www.growbaratochile.cl/papelillos/rolling-circus-hemp-wrap.html
71289;growbarato;lion-rolling-circus;"Cone Hemp Gold de Lion Rolling Circus";10800;Papelillos;16;P10234:case-1-1-4(2t) P10299:unbleached-1-1-4(2t) P10452:alfalfa-king-size(3t);2026-07-21;https://www.growbaratochile.cl/papelillos/cone-hemp-gold.html
71246;growbarato;lion-rolling-circus;"Lion Rolling Circus Sylver papel fino de calidad";900;Papelillos;16;P10234:case-1-1-4(2t) P10299:unbleached-1-1-4(2t) P10452:alfalfa-king-size(3t);2026-07-21;https://www.growbaratochile.cl/papelillos/lion-rolling-circus-sylver.html
71245;growbarato;lion-rolling-circus;"Conos Hemp Gelato Berry Lion Rolling Circus | con Terpenos";1800;Papelillos;16;P10234:case-1-1-4(2t) P10299:unbleached-1-1-4(2t) P10452:alfalfa-king-size(3t);2026-07-21;https://www.growbaratochile.cl/papelillos/cone-hemp-gelato-berry-lion-rolling-circus.html
71243;growbarato;lion-rolling-circus;"Lion Rolling Circus Transparent King Size - Growbarato Chile";1500;Otros parafernalia;16;P10234:case-1-1-4(2t) P10299:unbleached-1-1-4(2t) P10452:alfalfa-king-size(3t);2026-07-21;https://www.growbaratochile.cl/papel-de-celulosa/rolling-circus-transparent-king-size.html
71232;growbarato;lion-rolling-circus;"Tips pequeños de Lion Rolling Circus";800;Filtros y boquillas;16;P10234:case-1-1-4(2t) P10299:unbleached-1-1-4(2t) P10452:alfalfa-king-size(3t);2026-07-21;https://www.growbaratochile.cl/articulos-para-el-fumador/tips-pequenos.html
11582;growbarato;lion-rolling-circus;"Lion Rolling Circus Pre Rolled Filters";3400;Otros parafernalia;16;P10234:case-1-1-4(2t) P10299:unbleached-1-1-4(2t) P10452:alfalfa-king-size(3t);2026-07-21;https://www.growbaratochile.cl/articulos-para-el-fumador/rolling-circus-pre-rolled-filters.html
320;growbarato;ocb;"OCB Filtro Premium Slim Bolsa - GB The Green Brand";1800;Filtros y boquillas;16;P5471:organic-con-tips(3t) P5797:rolling-machine-acrilica-1-1-4(3t) P6001:eco(3t);2026-07-21;https://www.growbaratochile.cl/articulos-para-el-fumador/ocb-filtro-premium-slim-bolsa.html
308;growbarato;ocb;"OCB Filtro de Carbón Activo - GB The Green Brand";300;Filtros y boquillas;16;P5471:organic-con-tips(3t) P5797:rolling-machine-acrilica-1-1-4(3t) P6001:eco(3t);2026-07-21;https://www.growbaratochile.cl/parafernalia/ocb-filtro-de-carbon-activo.html
71015;growbarato;ocb;"OCB Papel Blanco Mini - GB The Green Brand";450;Otros parafernalia;16;P5471:organic-con-tips(3t) P5797:rolling-machine-acrilica-1-1-4(3t) P6001:eco(3t);2026-07-21;https://www.growbaratochile.cl/papel-de-celulosa/ocb-papel-blanco-mini.html
71061;growbarato;ozeta;"Contenedor hermético OZeta - GB The Green Brand";900;Contenedores y estuches;32;P10699:case-pequeno-2023(2t) P5764:case-antiolor-medium(3t) P5780:bag-chestbag-4x4-4x4(3t);2026-07-21;https://www.growbaratochile.cl/ozeta/contenedor-hermetico-ozeta.html
3225;growbarato;ozeta;"Kit Fumeta OZeta Case XL antiolor";39500;Contenedores y estuches;32;P10699:case-pequeno-2023(2t) P5764:case-antiolor-medium(3t) P5780:bag-chestbag-4x4-4x4(3t);2026-07-21;https://www.growbaratochile.cl/ozeta/kit-fumeta-ozeta-case-xl.html
11457;growbarato;ozeta;"Mochila con Clave OZeta con filtro antiolor";50500;Filtros y boquillas;32;P10699:case-pequeno-2023(2t) P5764:case-antiolor-medium(3t) P5780:bag-chestbag-4x4-4x4(3t);2026-07-21;https://www.growbaratochile.cl/ozeta/mochila-con-clave-ozeta.html
3134;growbarato;ozeta;"Mecha de Cáñamo Ozeta";1000;Otros parafernalia;32;P10699:case-pequeno-2023(2t) P5764:case-antiolor-medium(3t) P5780:bag-chestbag-4x4-4x4(3t);2026-07-21;https://www.growbaratochile.cl/parafernalia/ozeta-mecha-de-canamo.html
71112;growbarato;ozeta;"Ozeta Ywiwis - Estuche con tecnología CDO";25200;Contenedores y estuches;32;P10699:case-pequeno-2023(2t) P5764:case-antiolor-medium(3t) P5780:bag-chestbag-4x4-4x4(3t);2026-07-21;https://www.growbaratochile.cl/ozeta/ozeta-iwiwis.html
71113;growbarato;ozeta;"Ozeta Techbag┃Bolso anti - olor";31600;Contenedores y estuches;32;P10699:case-pequeno-2023(2t) P5764:case-antiolor-medium(3t) P5780:bag-chestbag-4x4-4x4(3t);2026-07-21;https://www.growbaratochile.cl/ozeta/ozeta-techbag.html
70827;growbarato;ozeta;"Bandolera OZeta - GB The Greeb Brand";36800;Otros parafernalia;32;P10699:case-pequeno-2023(2t) P5764:case-antiolor-medium(3t) P5780:bag-chestbag-4x4-4x4(3t);2026-07-21;https://www.growbaratochile.cl/ozeta/bandolera-ozeta-.html
71013;growbarato;ozeta;"Bolso Cilíndrico Anti-Olor de Ozeta grande";39600;Contenedores y estuches;32;P10699:case-pequeno-2023(2t) P5764:case-antiolor-medium(3t) P5780:bag-chestbag-4x4-4x4(3t);2026-07-21;https://www.growbaratochile.cl/ozeta/bolso-cilindrico-anti-olor.html
71001;growbarato;pax;"Pax 3 - Basic Kit┃ Vaporizador para hierba seca y concentrados";276300;Vaporizadores herbales;3;P5753:mouthpiece-2u(2t) P10862:plus-starter-kit(2t) P10864:plus-complete-kit(2t);2026-07-21;https://www.growbaratochile.cl/vaporizadores/pax-3-basic-kit.html
70905;growbarato;pax;"Pax 3 vaporizador para marihuana y bho";319500;Vaporizadores herbales;3;P5753:mouthpiece-2u(2t) P10862:plus-starter-kit(2t) P10864:plus-complete-kit(2t);2026-07-21;https://www.growbaratochile.cl/vaporizadores/vaporizador-pax-3.html
3168;growbarato;piecemaker;"Bong de silicona Klutch de Piece Maker";22900;Bongs;4;P6011:kuban(2t) P10645:kirby(2t) P10421:kube-9cm(2t);2026-07-21;https://www.growbaratochile.cl/pipas-bongs-y-cachimbas/bong-de-silicona-klutch.html
11585;growbarato;piecemaker;"PieceMaker Gear Kolt | Bong Flexible y Ergonómico";18000;Bongs;4;P6011:kuban(2t) P10645:kirby(2t) P10421:kube-9cm(2t);2026-07-21;https://www.growbaratochile.cl/bongs-de-silicona/piece-maker-gear-kolt.html
71153;growbarato;piecemaker;"Kontainer de Piece Maker para extracciones";3200;Otros parafernalia;4;P6011:kuban(2t) P10645:kirby(2t) P10421:kube-9cm(2t);2026-07-24;https://www.growbaratochile.cl/extraccion-de-resina/container-silicona.html
70881;growbarato;raw;"Conos RAW 5 Stages | Conos pre-armados papel natural – GrowBaratoChile";3400;Papelillos;37;P5465:black-organic-hemp(3t) P5711:pre-roll-1-1-4-6u(2t) P5716:paper-tip-classic(3t);2026-07-21;https://www.growbaratochile.cl/papelillos/raw-cones-5-stage-rawket.html
2292;growbarato;raw;"RAW Connoisseur 1.1/4+ Tips es kit de fumador";1600;Papelillos;37;P5465:black-organic-hemp(3t) P5711:pre-roll-1-1-4-6u(2t) P5716:paper-tip-classic(3t);2026-07-21;https://www.growbaratochile.cl/papelillos/raw-connoisseur-114-pre-rolled-tips.html
11567;growbarato;raw;"RAW Pre Rolled Tips de RAW filtros de calidad";1300;Filtros y boquillas;37;P5465:black-organic-hemp(3t) P5711:pre-roll-1-1-4-6u(2t) P5716:paper-tip-classic(3t);2026-07-21;https://www.growbaratochile.cl/articulos-para-el-fumador/raw-pre-rolled-tips.html
150;growbarato;ronson;"Soplete Ronson┃Encendido fácil y recargable✅";3600;Encendedores y sopletes;2;P10238:gas-18ml(2t) P10874:torch-pequeno(2t);2026-07-21;https://www.growbaratochile.cl/encendedores/soplete-ronson.html
1426;growbarato;ronson;"Encendedor Ronson Electrolite【recargable】";700;Encendedores y sopletes;2;P10238:gas-18ml(2t) P10874:torch-pequeno(2t);2026-07-21;https://www.growbaratochile.cl/encendedores-ronson/encendedor-ronson-electrolite.html
11592;growbarato;ronson;"Encendedor Monster Ronson【llama regulable】";700;Encendedores y sopletes;2;P10238:gas-18ml(2t) P10874:torch-pequeno(2t);2026-07-21;https://www.growbaratochile.cl/encendedores/encededor-monster-ronson.html
1396;growbarato;ronson;"Encendedor De Cocina - Ronson Pequeño【 Recargable 】";1000;Encendedores y sopletes;2;P10238:gas-18ml(2t) P10874:torch-pequeno(2t);2026-07-21;https://www.growbaratochile.cl/encendedores-ronson/encendedor-de-cocina-ronson-pequeno.html
11559;growbarato;smoking;"Ceniceros Smoking Metálicos Retro Labels, Skater, Flames y Surf";4800;Bandejas y ceniceros;1;P10515:deluxe-king-size(2t);2026-07-21;https://www.growbaratochile.cl/parafernalia/cenicero-smoking-.html
22143;growbarato;soulblime;"Tubos Guarda Pitos SoulBlime";1000;Contenedores y estuches;4;P10736:desmontable(2t) P10533:cenicero-metalico(2t) P10546:contenedor-tapa-bandeja(3t);2026-07-21;https://www.growbaratochile.cl/soulblime/tubo-guarda-pitos-soulblime.html
16757;growbarato;soulblime;"Moledor Tarjeta Soulblime portátil";2300;Moledores;4;P10736:desmontable(2t) P10533:cenicero-metalico(2t) P10546:contenedor-tapa-bandeja(3t);2026-07-27;https://www.growbaratochile.cl/soulblime/moledor-tarjeta-soulblime.html
22156;growbarato;soulblime;"Cajita Metálica SoulBlime varios diseños";1800;Contenedores y estuches;4;P10736:desmontable(2t) P10533:cenicero-metalico(2t) P10546:contenedor-tapa-bandeja(3t);2026-07-21;https://www.growbaratochile.cl/soulblime/cajita-metalica-soulblime.html
71241;growbarato;storz-bickel;"Mighty Wash Limpiador de Residuos y Araña Roja en Spray";10800;Vaporizadores herbales;45;P10263:dosing-capsules-volcano-camara(3t) P5755:charger-mighty-plus-usb-c-supercharger(3t) P5756:cooling-unit-crafty(3t);2026-07-24;https://www.growbaratochile.cl/insecticidas-y-fungicidas-varios/mighty-wash.html
1406;growbarato;the-bulldog;"Encendedor Clipper Bulldog Ámsterdam - GB The Green Brand";1000;Encendedores y sopletes;3;P5713:pre-roll-1-1-4-6u(2t) P6471:40mm(2t) P10537:giga-28cm(2t);2026-07-21;https://www.growbaratochile.cl/encendedores-clipper/encendedor-clipper-bulldog-amsterdam.html
3227;growbarato;vibes;"VIBES CONES CUBANO - Conos pre-enrolados";1600;Papelillos;1;P10875:hemp-1-1-4(2t);2026-07-21;https://www.growbaratochile.cl/papelillos/vibes-cones-box-cubano.html
2291;growbarato;vibes;"Papelillos Vibes 1.¼ Organic Hemp";1300;Papelillos;1;P10875:hemp-1-1-4(2t);2026-07-21;https://www.growbaratochile.cl/papelillos/papelillos-vibes-114.html
71114;growbarato;vibes;"VIBES The Cali Hemp 2G - Hemp";3400;Papelillos;1;P10875:hemp-1-1-4(2t);2026-07-21;https://www.growbaratochile.cl/papelillos/cali-hemp-1g.html
71106;growbarato;zippo;"Zippo Logo┃elegancia y calidad al mejor precio";14400;Encendedores y sopletes;15;P10332:cannabis-design-iridiscente(2t) P10276:royal-blue-matte(2t) P10308:cannabis-design-3(2t);2026-07-21;https://www.growbaratochile.cl/encendedores/zippo-logo.html
71009;growbarato;zippo;"Zippo Leaf Engraved【barato】en GB The Green Brand✅";20900;Encendedores y sopletes;15;P10332:cannabis-design-iridiscente(2t) P10276:royal-blue-matte(2t) P10308:cannabis-design-3(2t);2026-07-21;https://www.growbaratochile.cl/encendedores/zippo-leaf-engraved-.html
69011;kushbreak;blazer;"Blazer Big Buddy Soplete";49990;Encendedores y sopletes;1;P10711:big-shot-higher-standards(2t);2026-07-24;https://www.kushbreak.cl/soplete-blazer-big-buddy-torch-cannabis
69187;kushbreak;blazer;"Blazer Stingray Soplete";59990;Encendedores y sopletes;1;P10711:big-shot-higher-standards(2t);2026-07-21;https://www.kushbreak.cl/soplete-blazer-stingray-torch-cannabis
69454;kushbreak;blunt-wrap;"Blunt Wrap Platinum 2x";890;Conos y blunts;1;P8638:wrap-platinum-2u(2t);2026-07-24;https://www.kushbreak.cl/blunt-wrap-platinum-x2-tabaco-cannabis
69223;kushbreak;calvo;"Repuesto Difusor CALVO GLASS";9990;Repuestos para bongs y vaporizadores;44;P5490:horn(2t) P5536:beaker-tree-perc(2t) P5751:bowl-14mm(3t);2026-07-21;https://www.kushbreak.cl/repuesto-difusor-calvo-glass
69053;kushbreak;clipper;"Encendedor Clipper® Fatima";1000;Encendedores y sopletes;34;P5724:torch-lighter-jet-flame(3t) P5728:gas-classic-16ml(3t) P10480:metalico-deep-blue(2t);2026-07-21;https://www.kushbreak.cl/encendedor-clipper-mandala-4-fatima
69133;kushbreak;clipper;"Encendedor Clipper® Dogs";1000;Encendedores y sopletes;34;P5724:torch-lighter-jet-flame(3t) P5728:gas-classic-16ml(3t) P10480:metalico-deep-blue(2t);2026-07-21;https://www.kushbreak.cl/encendedor-clipper-dogs-perros-recargable-butano
69169;kushbreak;clipper;"Encendedor Clipper® Geometric";1000;Encendedores y sopletes;34;P5724:torch-lighter-jet-flame(3t) P5728:gas-classic-16ml(3t) P10480:metalico-deep-blue(2t);2026-07-21;https://www.kushbreak.cl/encendedor-clipper-geometric-recargable-butano
69171;kushbreak;clipper;"Encendedor Clipper® Azteca";1000;Encendedores y sopletes;34;P5724:torch-lighter-jet-flame(3t) P5728:gas-classic-16ml(3t) P10480:metalico-deep-blue(2t);2026-07-21;https://www.kushbreak.cl/encendedor-clipper-raw-recargable-fuego
69170;kushbreak;clipper;"Encendedor Clipper® Hands";1000;Encendedores y sopletes;34;P5724:torch-lighter-jet-flame(3t) P5728:gas-classic-16ml(3t) P10480:metalico-deep-blue(2t);2026-07-21;https://www.kushbreak.cl/encendedor-clipper-hands-recargable-butano
69006;kushbreak;clipper;"Encendedor Clipper®";1000;Encendedores y sopletes;34;P5724:torch-lighter-jet-flame(3t) P5728:gas-classic-16ml(3t) P10480:metalico-deep-blue(2t);2026-07-24;https://www.kushbreak.cl/encendedor-clipper-raw-black-recagable-butano
69045;kushbreak;focus-v;"Focus V Carta 2 - Vaporizador de Hierbas y Extractos";339990;Accesorios de extraccion;9;P10414:intelli-core-hierba-carta-2(2t) P10643:atomizador-intelli-core(2t) P10435:aeris(3t);2026-07-21;https://www.kushbreak.cl/focus-v-carta-2-vaporizador-extractos-cannabis
69015;kushbreak;futurola;"Futurola x Mike Tyson Papelillos 1 1/4 + Tips";2000;Papelillos;2;P10187:tyson-king-size-slim-con-tips(2t) P5710:pre-roll-mike-tyson-king-size-3u(2t);2026-07-21;https://www.kushbreak.cl/futurola-mike-tyson-papelillos-tips
69214;kushbreak;futurola;"Papelillos Kingsize Slim Futurola";1500;Papelillos;2;P10187:tyson-king-size-slim-con-tips(2t) P5710:pre-roll-mike-tyson-king-size-3u(2t);2026-07-21;https://www.kushbreak.cl/papelillos-kingsize-slim-futurola
69020;kushbreak;futurola;"Smoking Papelillos Deluxe 1 1/4 + Tips";1500;Papelillos;2;P10187:tyson-king-size-slim-con-tips(2t) P5710:pre-roll-mike-tyson-king-size-3u(2t);2026-07-21;https://www.kushbreak.cl/smoking-papelillos-deluxe-tips
69048;kushbreak;futurola;"Conos Mega x2 Futurola";8990;Conos y blunts;2;P10187:tyson-king-size-slim-con-tips(2t) P5710:pre-roll-mike-tyson-king-size-3u(2t);2026-07-21;https://www.kushbreak.cl/conos-mega-x3-futurola-pre-enrolados
68974;kushbreak;gizeh;"Filtros Gizeh Carbon activo 8mm";1890;Filtros y boquillas;5;P5478:pink(3t) P10347:filtro-carbon-activo-6mm(2t) P10417:slim-filter-menthol-6mm(2t);2026-07-24;https://www.kushbreak.cl/filtros-gizeh-carbon-activo-8mm
69248;kushbreak;g-pen;"Grenco Science - G Pen Elite II Vaporizer";249990;Vaporizadores herbales;4;P10541:roam(2t) P10608:connect-glass-adapter-18mm(2t) P10609:roam-glass-tube(2t);2026-07-21;https://www.kushbreak.cl/vaporizador-grenco-elite-gpen-ll-cannabis
69296;kushbreak;lion-rolling-circus;"Celulosa Kingsize Lion Rolling Circus";2500;Otros parafernalia;21;P5515:metal-2-partes(3t) P10234:case-1-1-4(2t) P10299:unbleached-1-1-4(2t);2026-07-21;https://www.kushbreak.cl/papelillos-celulosa-kingsize-lion-rolling-circus
70021;kushbreak;lion-rolling-circus;"Unbleached Lion Rolling Circus";990;Otros parafernalia;21;P5515:metal-2-partes(3t) P10234:case-1-1-4(2t) P10299:unbleached-1-1-4(2t);2026-07-21;https://www.kushbreak.cl/papelillos-1-1/4-lion-rolling-circus-tabaco-cannabis
69312;kushbreak;lion-rolling-circus;"HempWrap Natural Lion Rolling Circus";1390;Conos y blunts;21;P5515:metal-2-partes(3t) P10234:case-1-1-4(2t) P10299:unbleached-1-1-4(2t);2026-07-21;https://www.kushbreak.cl/hempwrap-natural-lion-rolling-circus
69352;kushbreak;lion-rolling-circus;"Silver 1 1/4 Lion Rolling Circus";990;Otros parafernalia;21;P5515:metal-2-partes(3t) P10234:case-1-1-4(2t) P10299:unbleached-1-1-4(2t);2026-07-21;https://www.kushbreak.cl/lion-rolling-circus-silver-1-1/4
69197;kushbreak;ocb;"Bandeja OCB Octopus";19990;Bandejas y ceniceros;23;P5471:organic-con-tips(3t) P5720:paper-filter-virgin(3t) P5797:rolling-machine-acrilica-1-1-4(3t);2026-07-21;https://www.kushbreak.cl/bandeja-ocb-octopus-enrolar
69946;kushbreak;ocb;"Rolled tips OCB®";2500;Filtros y boquillas;23;P5471:organic-con-tips(3t) P5720:paper-filter-virgin(3t) P5797:rolling-machine-acrilica-1-1-4(3t);2026-07-21;https://www.kushbreak.cl/filtros-ocb-rolled-tips-pre-enrolados-tabaco
69160;kushbreak;ocb;"Bandeja OCB Pineapple";19990;Bandejas y ceniceros;23;P5471:organic-con-tips(3t) P5720:paper-filter-virgin(3t) P5797:rolling-machine-acrilica-1-1-4(3t);2026-07-21;https://www.kushbreak.cl/bandeja-ocb-pineapple-enrolar-cannabis
69042;kushbreak;ocb;"Conos OCB® Virgin x3";2990;Conos y blunts;23;P5471:organic-con-tips(3t) P5720:paper-filter-virgin(3t) P5797:rolling-machine-acrilica-1-1-4(3t);2026-07-21;https://www.kushbreak.cl/conos-ocb-virgin-x3-papelillos-pre-enrolados
69892;kushbreak;ocb;"Filtros OCB regular";1990;Filtros y boquillas;23;P5471:organic-con-tips(3t) P5720:paper-filter-virgin(3t) P5797:rolling-machine-acrilica-1-1-4(3t);2026-07-21;https://www.kushbreak.cl/filtros-ocb-regular-tabaco
69199;kushbreak;ozeta;"Bolso Ozeta Mediano";28990;Contenedores y estuches;35;P10699:case-pequeno-2023(2t) P5763:bag-chestbag-circular(4t) P5764:case-antiolor-medium(3t);2026-07-21;https://www.kushbreak.cl/bolso-ozeta-mediano-cierre
69269;kushbreak;ozeta;"OZeta Softbag";37990;Otros parafernalia;35;P10699:case-pequeno-2023(2t) P5763:bag-chestbag-circular(4t) P5764:case-antiolor-medium(3t);2026-07-21;https://www.kushbreak.cl/ozeta-softbag
69014;kushbreak;ozeta;"OZeta Duffle Bag";79990;Otros parafernalia;35;P10699:case-pequeno-2023(2t) P5763:bag-chestbag-circular(4t) P5764:case-antiolor-medium(3t);2026-07-21;https://www.kushbreak.cl/bolso-ozeta-duffle-bag-gigante
69213;kushbreak;ozeta;"OZeta Case XL";40990;Otros parafernalia;35;P10699:case-pequeno-2023(2t) P5763:bag-chestbag-circular(4t) P5764:case-antiolor-medium(3t);2026-07-21;https://www.kushbreak.cl/ozeta-case-cilindrico-xl
69018;kushbreak;piecemaker;"Boquilla Piece maker Krutch";2990;Filtros y boquillas;9;P5494:kazili(3t) P5795:konjurer(3t) P6011:kuban(2t);2026-07-21;https://www.kushbreak.cl/piece-maker-karma-pipa-silicona
69336;kushbreak;puffco;"Puffco Plus 2023";99990;Accesorios de extraccion;34;P10312:hot-knife(4t) P10890:proxy-joystick-cap(2t) P10432:peak-pro-power-dock(2t);2026-07-21;https://www.kushbreak.cl/puffco-plus-vaporizador-extracciones-cannabis
69331;kushbreak;puffco;"Puffco Ball Cap &amp; Tether";24990;Accesorios de extraccion;34;P10312:hot-knife(4t) P10890:proxy-joystick-cap(2t) P10432:peak-pro-power-dock(2t);2026-07-21;https://www.kushbreak.cl/puffco-ball-cap-tether-repuesto-vaporizador
69039;kushbreak;puffco;"Puffco Atomizador V3";45990;Accesorios de extraccion;34;P10312:hot-knife(4t) P10890:proxy-joystick-cap(2t) P10432:peak-pro-power-dock(2t);2026-07-21;https://www.kushbreak.cl/atomizador-puffco-peak-repuesto
69340;kushbreak;puffco;"Puffco Proxy";329990;Accesorios de extraccion;34;P10312:hot-knife(4t) P10890:proxy-joystick-cap(2t) P10432:peak-pro-power-dock(2t);2026-07-21;https://www.kushbreak.cl/puffco-proxy-vaporizador-extractos
69205;kushbreak;raw;"RAW caja metálica";6990;Contenedores y estuches;46;P5464:black(4t) P5465:black-organic-hemp(3t) P5711:pre-roll-1-1-4-6u(2t);2026-07-21;https://www.kushbreak.cl/caja-metalica-raw-contenedor
69118;kushbreak;raw;"RAW Frasco de Vidrio";11990;Otros parafernalia;46;P5464:black(4t) P5465:black-organic-hemp(3t) P5711:pre-roll-1-1-4-6u(2t);2026-07-21;https://www.kushbreak.cl/raw-frasco-vidrio-mason-jar
69051;kushbreak;raw;"RAW® Level 5 madera";39990;Otros parafernalia;46;P5464:black(4t) P5465:black-organic-hemp(3t) P5711:pre-roll-1-1-4-6u(2t);2026-07-21;https://www.kushbreak.cl/raw-boquilla-madera-level-5-holder
69025;kushbreak;raw;"Tips RAW® Pre-enrolados";1690;Filtros y boquillas;46;P5464:black(4t) P5465:black-organic-hemp(3t) P5711:pre-roll-1-1-4-6u(2t);2026-07-21;https://www.kushbreak.cl/tips-raw-gummed
69067;kushbreak;raw;"Bandeja RAW Double thick glass";59990;Bandejas y ceniceros;46;P5464:black(4t) P5465:black-organic-hemp(3t) P5711:pre-roll-1-1-4-6u(2t);2026-07-21;https://www.kushbreak.cl/bandeja-raw-double-thick-vidrio-enrolar-papelillos
69021;kushbreak;raw;"RAW Trident madera";34990;Otros parafernalia;46;P5464:black(4t) P5465:black-organic-hemp(3t) P5711:pre-roll-1-1-4-6u(2t);2026-07-21;https://www.kushbreak.cl/tridente-de-madera-raw
69056;kushbreak;raw;"Connosseur RAW® + tips 1 1/4";1590;Filtros y boquillas;46;P5464:black(4t) P5465:black-organic-hemp(3t) P5711:pre-roll-1-1-4-6u(2t);2026-07-21;https://www.kushbreak.cl/raw-papelillos-connosseur-14-tips
69260;kushbreak;ronson;"Encendedor Ronson";690;Encendedores y sopletes;3;P10239:gas-300ml(4t) P10238:gas-18ml(2t) P10874:torch-pequeno(2t);2026-07-21;https://www.kushbreak.cl/encendedor-ronson
69026;kushbreak;ryot;"Ryot 420 Kit Todo En 1";12990;Otros parafernalia;1;P10447:roller-wallet(2t);2026-07-21;https://www.kushbreak.cl/ryot-420-kit-todo-1
69010;kushbreak;ryot;"RYOT Hitter de Aluminio Anodizado";9990;Pipas;1;P10447:roller-wallet(2t);2026-07-24;https://www.kushbreak.cl/ryot-hitter-aluminio-anonizado
69267;kushbreak;ryot;"Multi Utility Tool RYOT";49990;Otros parafernalia;1;P10447:roller-wallet(2t);2026-07-21;https://www.kushbreak.cl/multi-utility-tool-ryot-cortapluma-navaja
69131;kushbreak;soulblime;"Contenedor para caños tipo Tubo - Soulblime";1290;Filtros y boquillas;11;P10343:soporte-celular(4t) P10500:metalica-mix(4t) P10527:bolsa-hermetica(2t);2026-07-21;https://www.kushbreak.cl/contenedor-para-canos-tipo-tubo-soulblime
69346;kushbreak;yocan;"Yocan ZIVA - Batería para Cartridges";19990;Accesorios de extraccion;11;P10468:falcon-kit-6-en-1(2t) P10214:vaporizer-hit-2(4t) P10493:dirk-hot-knife(3t);2026-07-21;https://www.kushbreak.cl/yocan-ziva-bateria-para-cartridges
69345;kushbreak;yocan;"Yocan UNI S - Batería para cartridges";27990;Accesorios de extraccion;11;P10468:falcon-kit-6-en-1(2t) P10214:vaporizer-hit-2(4t) P10493:dirk-hot-knife(3t);2026-07-21;https://www.kushbreak.cl/yocan-uni-s-bateria-cartridges
69192;kushbreak;yocan;"Yocan VANE - Vaporizador de Hierbas";69990;Accesorios de extraccion;11;P10468:falcon-kit-6-en-1(2t) P10214:vaporizer-hit-2(4t) P10493:dirk-hot-knife(3t);2026-07-21;https://www.kushbreak.cl/yocan-vane-vaporizador-de-hierbas
87819;friendlygrow;clipper;"Funda Multifunción para Encendedor 3-en-1 - Windproof &amp; Grinder";2990;Moledores;34;P5724:torch-lighter-jet-flame(3t) P5728:gas-classic-16ml(3t) P10480:metalico-deep-blue(2t);2026-07-24;https://www.friendlygrow.cl/funda_multifuncion_para-_encendedor-3-en-1
87632;friendlygrow;cookies;"Pipa de Pyrex Cookies Spoon - Premium Borosilicate Glass - Diseño 1";6290;Pipas;3;P10618:metal-metal(2t) P10670:stundenglass-wall-mount(3t) P10659:stundenglass-gravity-hookah(3t);2026-07-24;https://www.friendlygrow.cl/pipa-de-vidrio-cookies-spoon-premium-borosilicate-glass?variant=Dise%C3%B1o%201
87635;friendlygrow;cookies;"Pipa de Pyrex Cookies Spoon - Premium Borosilicate Glass - Diseño 4";6290;Pipas;3;P10618:metal-metal(2t) P10670:stundenglass-wall-mount(3t) P10659:stundenglass-gravity-hookah(3t);2026-07-24;https://www.friendlygrow.cl/pipa-de-vidrio-cookies-spoon-premium-borosilicate-glass?variant=Dise%C3%B1o%204
87633;friendlygrow;cookies;"Pipa de Pyrex Cookies Spoon - Premium Borosilicate Glass - Diseño 2";6290;Pipas;3;P10618:metal-metal(2t) P10670:stundenglass-wall-mount(3t) P10659:stundenglass-gravity-hookah(3t);2026-07-24;https://www.friendlygrow.cl/pipa-de-vidrio-cookies-spoon-premium-borosilicate-glass?variant=Dise%C3%B1o%202
87634;friendlygrow;cookies;"Pipa de Pyrex Cookies Spoon - Premium Borosilicate Glass - Diseño 3";6290;Pipas;3;P10618:metal-metal(2t) P10670:stundenglass-wall-mount(3t) P10659:stundenglass-gravity-hookah(3t);2026-07-24;https://www.friendlygrow.cl/pipa-de-vidrio-cookies-spoon-premium-borosilicate-glass?variant=Dise%C3%B1o%203
87637;friendlygrow;cookies;"Pipa de Pyrex Cookies Spoon - Premium Borosilicate Glass - Diseño 6";6290;Pipas;3;P10618:metal-metal(2t) P10670:stundenglass-wall-mount(3t) P10659:stundenglass-gravity-hookah(3t);2026-07-24;https://www.friendlygrow.cl/pipa-de-vidrio-cookies-spoon-premium-borosilicate-glass?variant=Dise%C3%B1o%206
87636;friendlygrow;cookies;"Pipa de Pyrex Cookies Spoon - Premium Borosilicate Glass - Diseño 5";6290;Pipas;3;P10618:metal-metal(2t) P10670:stundenglass-wall-mount(3t) P10659:stundenglass-gravity-hookah(3t);2026-07-24;https://www.friendlygrow.cl/pipa-de-vidrio-cookies-spoon-premium-borosilicate-glass?variant=Dise%C3%B1o%205
87631;friendlygrow;cookies;"Pipa de Pyrex Cookies Spoon - Premium Borosilicate Glass - Brown";6290;Pipas;3;P10618:metal-metal(2t) P10670:stundenglass-wall-mount(3t) P10659:stundenglass-gravity-hookah(3t);2026-07-24;https://www.friendlygrow.cl/pipa-de-vidrio-cookies-spoon-premium-borosilicate-glass?variant=Brown
87643;friendlygrow;cookies;"Full Smoking Set Cookies Edition - Kit Premium 9 Piezas";19000;Otros parafernalia;3;P10618:metal-metal(2t) P10670:stundenglass-wall-mount(3t) P10659:stundenglass-gravity-hookah(3t);2026-07-24;https://www.friendlygrow.cl/full-smoking-set-cookies-edition-kit-premium-9-piezas
87639;friendlygrow;cookies;"Pipa de Pyrex Cookies Spoon - Premium Borosilicate Glass - Diseño 8";6290;Pipas;3;P10618:metal-metal(2t) P10670:stundenglass-wall-mount(3t) P10659:stundenglass-gravity-hookah(3t);2026-07-24;https://www.friendlygrow.cl/pipa-de-vidrio-cookies-spoon-premium-borosilicate-glass?variant=Dise%C3%B1o%208
87630;friendlygrow;cookies;"Pipa de Pyrex Cookies Spoon - Premium Borosilicate Glass - White";6290;Pipas;3;P10618:metal-metal(2t) P10670:stundenglass-wall-mount(3t) P10659:stundenglass-gravity-hookah(3t);2026-07-24;https://www.friendlygrow.cl/pipa-de-vidrio-cookies-spoon-premium-borosilicate-glass?variant=White
87638;friendlygrow;cookies;"Pipa de Pyrex Cookies Spoon - Premium Borosilicate Glass - Diseño 7";6290;Pipas;3;P10618:metal-metal(2t) P10670:stundenglass-wall-mount(3t) P10659:stundenglass-gravity-hookah(3t);2026-07-24;https://www.friendlygrow.cl/pipa-de-vidrio-cookies-spoon-premium-borosilicate-glass?variant=Dise%C3%B1o%207
87570;friendlygrow;cookies;"Pesa Digital de Bolsillo Cookies MAXIM-500";119990;Otros parafernalia;3;P10618:metal-metal(2t) P10670:stundenglass-wall-mount(3t) P10659:stundenglass-gravity-hookah(3t);2026-07-24;https://www.friendlygrow.cl/pesa-digital-de-bolsillo-cookies-maxim-500
87629;friendlygrow;cookies;"Pipa de Pyrex Cookies Spoon - Premium Borosilicate Glass - Pink";6290;Pipas;3;P10618:metal-metal(2t) P10670:stundenglass-wall-mount(3t) P10659:stundenglass-gravity-hookah(3t);2026-07-24;https://www.friendlygrow.cl/pipa-de-vidrio-cookies-spoon-premium-borosilicate-glass?variant=Pink
87457;friendlygrow;galaxy;"Moledor Lightning Colors Metal 55mm - Azul";6990;Moledores;17;P5499:aluminio-63mm(3t) P5356:aluminio-73mm(4t) P5502:new-pro-model(4t);2026-07-24;https://www.friendlygrow.cl/moledor-lightning-colors-metal-55mm?variant=Azul
87458;friendlygrow;galaxy;"Moledor Lightning Colors Metal 55mm - Amarillo";6990;Moledores;17;P5499:aluminio-63mm(3t) P5356:aluminio-73mm(4t) P5502:new-pro-model(4t);2026-07-24;https://www.friendlygrow.cl/moledor-lightning-colors-metal-55mm?variant=Amarillo
87460;friendlygrow;galaxy;"Moledor Lightning Colors Metal 55mm - Morado";6990;Moledores;17;P5499:aluminio-63mm(3t) P5356:aluminio-73mm(4t) P5502:new-pro-model(4t);2026-07-24;https://www.friendlygrow.cl/moledor-lightning-colors-metal-55mm?variant=Morado
88381;friendlygrow;galaxy;"Vaporizador Discreto Dazzleaf Spaceman 550mah Para Cartridge";28000;Accesorios de extraccion;17;P5499:aluminio-63mm(3t) P5356:aluminio-73mm(4t) P5502:new-pro-model(4t);2026-07-24;https://www.friendlygrow.cl/vaporizador-discreto-dazzleaf-spaceman-550mah-para-cartridge-4
87459;friendlygrow;galaxy;"Moledor Lightning Colors Metal 55mm - Verde";6990;Moledores;17;P5499:aluminio-63mm(3t) P5356:aluminio-73mm(4t) P5502:new-pro-model(4t);2026-07-24;https://www.friendlygrow.cl/moledor-lightning-colors-metal-55mm?variant=Verde
87644;friendlygrow;smoking;"Full Smoking Set Mr. Joint Pink Edition - Kit Premium de 10 Piezas";19000;Otros parafernalia;1;P10515:deluxe-king-size(2t);2026-07-24;https://www.friendlygrow.cl/full-smoking-set-mr-joint-pink-edition-kit-premium-de-10-piezas
87645;friendlygrow;smoking;"Pack Fumeta Set Stoner Days - Kit Premium 11 Piezas";19000;Otros parafernalia;1;P10515:deluxe-king-size(2t);2026-07-24;https://www.friendlygrow.cl/full-smoking-set-stoner-days-kit-premium-9-piezas
88236;friendlygrow;weecke;"Boquilla de Enfriamiento Vaporizador Herbal Fenix Pro";19990;Repuestos para bongs y vaporizadores;6;P10365:fenix-2-max(2t) P10506:boquilla-fenix-neo(2t) P10509:c-vapor-mini(2t);2026-07-24;https://www.friendlygrow.cl/boquilla-de-enfriamiento-herbal-fenix-pro
88232;friendlygrow;weecke;"Boquilla de Enfriamiento Vaporizador Herbal Fenix Neo";24990;Repuestos para bongs y vaporizadores;6;P10365:fenix-2-max(2t) P10506:boquilla-fenix-neo(2t) P10509:c-vapor-mini(2t);2026-07-24;https://www.friendlygrow.cl/boquilla-de-enfriamiento-herbal-fenix-neo
88230;friendlygrow;weecke;"Boquilla de Enfriamiento Vaporizador Herbal Fenix Mini +";19990;Repuestos para bongs y vaporizadores;6;P10365:fenix-2-max(2t) P10506:boquilla-fenix-neo(2t) P10509:c-vapor-mini(2t);2026-07-24;https://www.friendlygrow.cl/boquilla-de-enfriamiento-herbal-fenix-mini
87538;friendlygrow;yocan;"Vaporizador De Hierbas Yocan Vane 100% Original Yocantech - Azul";49990;Accesorios de extraccion;7;P10468:falcon-kit-6-en-1(2t) P10892:vaporizer-hit(2t) P10521:kodo-pro(2t);2026-07-24;https://www.friendlygrow.cl/vaporizador-de-hierbas-yocan-vane-100-original-yocantech?variant=Azul
88838;friendlygrow;yocan;"Vaporizador Extracciones E-rig Yocan Phaser Max - Plateado";249990;Accesorios de extraccion;7;P10468:falcon-kit-6-en-1(2t) P10892:vaporizer-hit(2t) P10521:kodo-pro(2t);2026-07-24;https://www.friendlygrow.cl/yocan-phaser-max?variant=Plateado
88839;friendlygrow;yocan;"Yocan Cloud 2 Coil";17990;Accesorios de extraccion;7;P10468:falcon-kit-6-en-1(2t) P10892:vaporizer-hit(2t) P10521:kodo-pro(2t);2026-07-24;https://www.friendlygrow.cl/yocan-qbc-coil
88902;friendlygrow;yocan;"Vaporizador Extracciones E-Rig Yocan iCan - Morado";46990;Accesorios de extraccion;7;P10468:falcon-kit-6-en-1(2t) P10892:vaporizer-hit(2t) P10521:kodo-pro(2t);2026-07-24;https://www.friendlygrow.cl/yocan-ican?variant=Morado
88898;friendlygrow;yocan;"Vaporizador Extracciones E-Rig Yocan iCan - Rosa";46990;Accesorios de extraccion;7;P10468:falcon-kit-6-en-1(2t) P10892:vaporizer-hit(2t) P10521:kodo-pro(2t);2026-07-24;https://www.friendlygrow.cl/yocan-ican?variant=Rosa
88888;friendlygrow;yocan;"Vaporizador Incognito Doble Yocan Dubb - Azul";24990;Accesorios de extraccion;7;P10468:falcon-kit-6-en-1(2t) P10892:vaporizer-hit(2t) P10521:kodo-pro(2t);2026-07-24;https://www.friendlygrow.cl/yocan-dubb?variant=Azul
88413;friendlygrow;yocan;"Repuesto Hot Knife Yocan Dirk";10990;Accesorios de extraccion;7;P10468:falcon-kit-6-en-1(2t) P10892:vaporizer-hit(2t) P10521:kodo-pro(2t);2026-07-24;https://www.friendlygrow.cl/yocan-dirk-tip
87539;friendlygrow;yocan;"Vaporizador De Hierbas Yocan Vane 100% Original Yocantech - Nude";49990;Accesorios de extraccion;7;P10468:falcon-kit-6-en-1(2t) P10892:vaporizer-hit(2t) P10521:kodo-pro(2t);2026-07-24;https://www.friendlygrow.cl/vaporizador-de-hierbas-yocan-vane-100-original-yocantech?variant=Nude
87508;friendlygrow;yocan;"Boquila Enfriamiento Herbal Vaporizador Yocan Vane 2";9990;Accesorios de extraccion;7;P10468:falcon-kit-6-en-1(2t) P10892:vaporizer-hit(2t) P10521:kodo-pro(2t);2026-07-24;https://www.friendlygrow.cl/yocan-vane-2-mouthpiece
87537;friendlygrow;yocan;"Vaporizador De Hierbas Yocan Vane 100% Original Yocantech - Rojo";49990;Accesorios de extraccion;7;P10468:falcon-kit-6-en-1(2t) P10892:vaporizer-hit(2t) P10521:kodo-pro(2t);2026-07-24;https://www.friendlygrow.cl/vaporizador-de-hierbas-yocan-vane-100-original-yocantech?variant=Rojo
88882;friendlygrow;yocan;"Vaporizador Incognito Doble Yocan Dubb - Rojo";24990;Accesorios de extraccion;7;P10468:falcon-kit-6-en-1(2t) P10892:vaporizer-hit(2t) P10521:kodo-pro(2t);2026-07-24;https://www.friendlygrow.cl/yocan-dubb?variant=Rojo
88889;friendlygrow;yocan;"Vaporizador Incognito Doble Yocan Dubb - Verde";24990;Accesorios de extraccion;7;P10468:falcon-kit-6-en-1(2t) P10892:vaporizer-hit(2t) P10521:kodo-pro(2t);2026-07-24;https://www.friendlygrow.cl/yocan-dubb?variant=Verde
88892;friendlygrow;yocan;"Vaporizador Extracciones E-rig Yocan Go - Rojo";180000;Accesorios de extraccion;7;P10468:falcon-kit-6-en-1(2t) P10892:vaporizer-hit(2t) P10521:kodo-pro(2t);2026-07-24;https://www.friendlygrow.cl/yocan-go?variant=Rojo
88626;friendlygrow;yocan;"Yocan Phaser Max Glass (repuesto)";46990;Accesorios de extraccion;7;P10468:falcon-kit-6-en-1(2t) P10892:vaporizer-hit(2t) P10521:kodo-pro(2t);2026-07-24;https://www.friendlygrow.cl/yocan-phaser-max-glass-repuesto
87917;friendlygrow;yocan;"Vaporizador Extracciones Yocan Cylo | Pantalla Smart Led - Negro";42000;Accesorios de extraccion;7;P10468:falcon-kit-6-en-1(2t) P10892:vaporizer-hit(2t) P10521:kodo-pro(2t);2026-07-24;https://www.friendlygrow.cl/vaporizador-extracciones-yocan-cylo-pantalla-smart-led?variant=Negro
88884;friendlygrow;yocan;"Vaporizador Incognito Doble Yocan Dubb - Blanco";24990;Accesorios de extraccion;7;P10468:falcon-kit-6-en-1(2t) P10892:vaporizer-hit(2t) P10521:kodo-pro(2t);2026-07-24;https://www.friendlygrow.cl/yocan-dubb?variant=Blanco
88903;friendlygrow;yocan;"Vaporizador Extracciones E-Rig Yocan iCan - Verde";46990;Accesorios de extraccion;7;P10468:falcon-kit-6-en-1(2t) P10892:vaporizer-hit(2t) P10521:kodo-pro(2t);2026-07-24;https://www.friendlygrow.cl/yocan-ican?variant=Verde
88893;friendlygrow;yocan;"Vaporizador Extracciones E-rig Yocan Go - Azul";180000;Accesorios de extraccion;7;P10468:falcon-kit-6-en-1(2t) P10892:vaporizer-hit(2t) P10521:kodo-pro(2t);2026-07-24;https://www.friendlygrow.cl/yocan-go?variant=Azul
88895;friendlygrow;yocan;"Vaporizador Extracciones E-rig Yocan Go - Blanco";180000;Accesorios de extraccion;7;P10468:falcon-kit-6-en-1(2t) P10892:vaporizer-hit(2t) P10521:kodo-pro(2t);2026-07-24;https://www.friendlygrow.cl/yocan-go?variant=Blanco
88024;friendlygrow;yocan;"Vaporizador Yocan Ziva Pro Para Cartridges Rosca 510 - Silver";19990;Accesorios de extraccion;7;P10468:falcon-kit-6-en-1(2t) P10892:vaporizer-hit(2t) P10521:kodo-pro(2t);2026-07-24;https://www.friendlygrow.cl/vaporizador-yocan-ziva-pro-para-cartridges-rosca-510?variant=Silver
88037;friendlygrow;yocan;"Yocan QBC Coil";11490;Accesorios de extraccion;7;P10468:falcon-kit-6-en-1(2t) P10892:vaporizer-hit(2t) P10521:kodo-pro(2t);2026-07-24;https://www.friendlygrow.cl/yocan-qbc-coil-1
88027;friendlygrow;yocan;"Vaporizador Yocan Ziva Pro Para Cartridges Rosca 510 - Blue Purple Gradient";19990;Accesorios de extraccion;7;P10468:falcon-kit-6-en-1(2t) P10892:vaporizer-hit(2t) P10521:kodo-pro(2t);2026-07-24;https://www.friendlygrow.cl/vaporizador-yocan-ziva-pro-para-cartridges-rosca-510?variant=Blue%20Purple%20Gradient
88886;friendlygrow;yocan;"Vaporizador Incognito Doble Yocan Dubb - Celeste";24990;Accesorios de extraccion;7;P10468:falcon-kit-6-en-1(2t) P10892:vaporizer-hit(2t) P10521:kodo-pro(2t);2026-07-24;https://www.friendlygrow.cl/yocan-dubb?variant=Celeste
88885;friendlygrow;yocan;"Vaporizador Incognito Doble Yocan Dubb - Lila";24990;Accesorios de extraccion;7;P10468:falcon-kit-6-en-1(2t) P10892:vaporizer-hit(2t) P10521:kodo-pro(2t);2026-07-24;https://www.friendlygrow.cl/yocan-dubb?variant=Lila
88890;friendlygrow;yocan;"Vaporizador Extracciones E-rig Yocan Go - Negro";180000;Accesorios de extraccion;7;P10468:falcon-kit-6-en-1(2t) P10892:vaporizer-hit(2t) P10521:kodo-pro(2t);2026-07-24;https://www.friendlygrow.cl/yocan-go?variant=Negro
88881;friendlygrow;yocan;"Vaporizador Incognito Doble Yocan Dubb - Negro";24990;Accesorios de extraccion;7;P10468:falcon-kit-6-en-1(2t) P10892:vaporizer-hit(2t) P10521:kodo-pro(2t);2026-07-24;https://www.friendlygrow.cl/yocan-dubb?variant=Negro
88833;friendlygrow;yocan;"Vaporizador Extracciones E-rig Yocan Phaser Max - Negro";249990;Accesorios de extraccion;7;P10468:falcon-kit-6-en-1(2t) P10892:vaporizer-hit(2t) P10521:kodo-pro(2t);2026-07-24;https://www.friendlygrow.cl/yocan-phaser-max?variant=Negro
88835;friendlygrow;yocan;"Vaporizador Extracciones E-rig Yocan Phaser Max - Rojo";249990;Accesorios de extraccion;7;P10468:falcon-kit-6-en-1(2t) P10892:vaporizer-hit(2t) P10521:kodo-pro(2t);2026-07-24;https://www.friendlygrow.cl/yocan-phaser-max?variant=Rojo
87536;friendlygrow;yocan;"Vaporizador De Hierbas Yocan Vane 100% Original Yocantech - Plateado";49990;Accesorios de extraccion;7;P10468:falcon-kit-6-en-1(2t) P10892:vaporizer-hit(2t) P10521:kodo-pro(2t);2026-07-24;https://www.friendlygrow.cl/vaporizador-de-hierbas-yocan-vane-100-original-yocantech?variant=Plateado
88136;friendlygrow;yocan;"Vaporizador Extracciones Yocan Pocket - Negro";79990;Accesorios de extraccion;7;P10468:falcon-kit-6-en-1(2t) P10892:vaporizer-hit(2t) P10521:kodo-pro(2t);2026-07-24;https://www.friendlygrow.cl/yocan-pocket-800?variant=Negro
88141;friendlygrow;yocan;"Vaporizador Extracciones Yocan Pocket - Blanco";79990;Accesorios de extraccion;7;P10468:falcon-kit-6-en-1(2t) P10892:vaporizer-hit(2t) P10521:kodo-pro(2t);2026-07-24;https://www.friendlygrow.cl/yocan-pocket-800?variant=Blanco
88914;friendlygrow;yocan;"Vaporizador Extracciones Yocan Nestor";27000;Accesorios de extraccion;7;P10468:falcon-kit-6-en-1(2t) P10892:vaporizer-hit(2t) P10521:kodo-pro(2t);2026-07-24;https://www.friendlygrow.cl/yocan-nestor
88911;friendlygrow;yocan;"Vaporizador Extracciones Yocan Iris - Morado";25990;Accesorios de extraccion;7;P10468:falcon-kit-6-en-1(2t) P10892:vaporizer-hit(2t) P10521:kodo-pro(2t);2026-07-24;https://www.friendlygrow.cl/yocan-iris?variant=Morado
88909;friendlygrow;yocan;"Vaporizador Extracciones Yocan Iris - Blanco";25990;Accesorios de extraccion;7;P10468:falcon-kit-6-en-1(2t) P10892:vaporizer-hit(2t) P10521:kodo-pro(2t);2026-07-24;https://www.friendlygrow.cl/yocan-iris?variant=Blanco
88906;friendlygrow;yocan;"Vaporizador Extracciones E-Rig Yocan iCan - Negro";46990;Accesorios de extraccion;7;P10468:falcon-kit-6-en-1(2t) P10892:vaporizer-hit(2t) P10521:kodo-pro(2t);2026-07-24;https://www.friendlygrow.cl/yocan-ican?variant=Negro
88904;friendlygrow;yocan;"Vaporizador Extracciones E-Rig Yocan iCan - Celeste";46990;Accesorios de extraccion;7;P10468:falcon-kit-6-en-1(2t) P10892:vaporizer-hit(2t) P10521:kodo-pro(2t);2026-07-24;https://www.friendlygrow.cl/yocan-ican?variant=Celeste
87948;friendlygrow;yocan;"Boquilla de Enfriamiento Vaporizador Herbal Yocan Hit";5990;Accesorios de extraccion;7;P10468:falcon-kit-6-en-1(2t) P10892:vaporizer-hit(2t) P10521:kodo-pro(2t);2026-07-24;https://www.friendlygrow.cl/boquilla-de-enfriamiento-herbal-yocan-hit
87561;friendlygrow;yocan;"Boquilla de Enfriamiento Vaporizador Herbal Yocan Hit 2";9990;Accesorios de extraccion;7;P10468:falcon-kit-6-en-1(2t) P10892:vaporizer-hit(2t) P10521:kodo-pro(2t);2026-07-24;https://www.friendlygrow.cl/boquilla-de-enfriamiento-herbal-yocan-hit-2
88140;friendlygrow;yocan;"Vaporizador Extracciones Yocan Pocket - Azul";79990;Accesorios de extraccion;7;P10468:falcon-kit-6-en-1(2t) P10892:vaporizer-hit(2t) P10521:kodo-pro(2t);2026-07-24;https://www.friendlygrow.cl/yocan-pocket-800?variant=Azul
88138;friendlygrow;yocan;"Vaporizador Extracciones Yocan Pocket - Rosa";79990;Accesorios de extraccion;7;P10468:falcon-kit-6-en-1(2t) P10892:vaporizer-hit(2t) P10521:kodo-pro(2t);2026-07-24;https://www.friendlygrow.cl/yocan-pocket-800?variant=Rosa
87661;friendlygrow;yocan;"Hot Knife Dabber Eléctrico Para Extracciones | Yocan Blade. - Negro";29990;Accesorios de extraccion;7;P10468:falcon-kit-6-en-1(2t) P10892:vaporizer-hit(2t) P10521:kodo-pro(2t);2026-07-24;https://www.friendlygrow.cl/hot-knife-dabber-electrico-para-extracciones-yocan-blade?variant=Negro
87660;friendlygrow;yocan;"Hot Knife Dabber Eléctrico Para Extracciones | Yocan Blade. - Silver";29990;Accesorios de extraccion;7;P10468:falcon-kit-6-en-1(2t) P10892:vaporizer-hit(2t) P10521:kodo-pro(2t);2026-07-24;https://www.friendlygrow.cl/hot-knife-dabber-electrico-para-extracciones-yocan-blade?variant=Silver
87659;friendlygrow;yocan;"Hot Knife Dabber Eléctrico Para Extracciones | Yocan Blade. - Rojo";29990;Accesorios de extraccion;7;P10468:falcon-kit-6-en-1(2t) P10892:vaporizer-hit(2t) P10521:kodo-pro(2t);2026-07-24;https://www.friendlygrow.cl/hot-knife-dabber-electrico-para-extracciones-yocan-blade?variant=Rojo
87658;friendlygrow;yocan;"Hot Knife Dabber Eléctrico Para Extracciones | Yocan Blade. - Morado";29990;Accesorios de extraccion;7;P10468:falcon-kit-6-en-1(2t) P10892:vaporizer-hit(2t) P10521:kodo-pro(2t);2026-07-24;https://www.friendlygrow.cl/hot-knife-dabber-electrico-para-extracciones-yocan-blade?variant=Morado
87657;friendlygrow;yocan;"Hot Knife Dabber Eléctrico Para Extracciones | Yocan Blade. - Celeste";29990;Accesorios de extraccion;7;P10468:falcon-kit-6-en-1(2t) P10892:vaporizer-hit(2t) P10521:kodo-pro(2t);2026-07-24;https://www.friendlygrow.cl/hot-knife-dabber-electrico-para-extracciones-yocan-blade?variant=Celeste
87653;friendlygrow;yocan;"Vaporizador Para Hierbas Yocan Hit - Azul";30990;Accesorios de extraccion;7;P10468:falcon-kit-6-en-1(2t) P10892:vaporizer-hit(2t) P10521:kodo-pro(2t);2026-07-24;https://www.friendlygrow.cl/vaporizador-para-hierbas-yocan-hit-kit-100-original?variant=Azul
87652;friendlygrow;yocan;"Vaporizador Para Hierbas Yocan Hit - Dorado";30990;Accesorios de extraccion;7;P10468:falcon-kit-6-en-1(2t) P10892:vaporizer-hit(2t) P10521:kodo-pro(2t);2026-07-24;https://www.friendlygrow.cl/vaporizador-para-hierbas-yocan-hit-kit-100-original?variant=Dorado
87651;friendlygrow;yocan;"Vaporizador Para Hierbas Yocan Hit - Plateado";30990;Accesorios de extraccion;7;P10468:falcon-kit-6-en-1(2t) P10892:vaporizer-hit(2t) P10521:kodo-pro(2t);2026-07-24;https://www.friendlygrow.cl/vaporizador-para-hierbas-yocan-hit-kit-100-original?variant=Plateado
88026;friendlygrow;yocan;"Vaporizador Yocan Ziva Pro Para Cartridges Rosca 510 - Yellow";19990;Accesorios de extraccion;7;P10468:falcon-kit-6-en-1(2t) P10892:vaporizer-hit(2t) P10521:kodo-pro(2t);2026-07-24;https://www.friendlygrow.cl/vaporizador-yocan-ziva-pro-para-cartridges-rosca-510?variant=Yellow
88028;friendlygrow;yocan;"Vaporizador Yocan Ziva Pro Para Cartridges Rosca 510 - Blue Gradient";19990;Accesorios de extraccion;7;P10468:falcon-kit-6-en-1(2t) P10892:vaporizer-hit(2t) P10521:kodo-pro(2t);2026-07-24;https://www.friendlygrow.cl/vaporizador-yocan-ziva-pro-para-cartridges-rosca-510?variant=Blue%20Gradient
88030;friendlygrow;yocan;"Vaporizador Yocan Ziva Pro Para Cartridges Rosca 510 - Black";19990;Accesorios de extraccion;7;P10468:falcon-kit-6-en-1(2t) P10892:vaporizer-hit(2t) P10521:kodo-pro(2t);2026-07-24;https://www.friendlygrow.cl/vaporizador-yocan-ziva-pro-para-cartridges-rosca-510?variant=Black
88034;friendlygrow;yocan;"Resistencia Yocan Cloud 3 Coil Chamber 360°";27990;Accesorios de extraccion;7;P10468:falcon-kit-6-en-1(2t) P10892:vaporizer-hit(2t) P10521:kodo-pro(2t);2026-07-24;https://www.friendlygrow.cl/yocan-cloud-3-coil
88837;friendlygrow;yocan;"Vaporizador Extracciones E-rig Yocan Phaser Max - Azul";249990;Accesorios de extraccion;7;P10468:falcon-kit-6-en-1(2t) P10892:vaporizer-hit(2t) P10521:kodo-pro(2t);2026-07-24;https://www.friendlygrow.cl/yocan-phaser-max?variant=Azul
88900;friendlygrow;yocan;"Vaporizador Extracciones E-Rig Yocan iCan - Blanco";46990;Accesorios de extraccion;7;P10468:falcon-kit-6-en-1(2t) P10892:vaporizer-hit(2t) P10521:kodo-pro(2t);2026-07-24;https://www.friendlygrow.cl/yocan-ican?variant=Blanco
