offerId;tienda;brandKey;titulo;precio;categoria;productosSinEstaTienda;candidatos;lastSeenAt;url
18568;fumetas;airistech;Boquillas Vaporizador Nokiva;5990;Repuestos para bongs y vaporizadores;2;(ninguno sobre el umbral);2026-06-13;https://fumetas.cl/boquilla-herbva-nokiva
32302;astrogrowshop;airistech;Vaporizador Vertex 2.0 -Airistech - Negro;9990;Vaporizadores herbales;1;(ninguno sobre el umbral);2026-07-24;https://astrogrowshop.cl/vaporizador-vertex-20-airistech?variant=Negro
32303;astrogrowshop;airistech;Vaporizador Vertex 2.0 -Airistech - Azul;7990;Vaporizadores herbales;1;(ninguno sobre el umbral);2026-07-24;https://astrogrowshop.cl/vaporizador-vertex-20-airistech?variant=Azul
32305;astrogrowshop;airistech;Vaporizador Vertex 2.0 -Airistech - Rojo;7990;Vaporizadores herbales;1;(ninguno sobre el umbral);2026-07-24;https://astrogrowshop.cl/vaporizador-vertex-20-airistech?variant=Rojo
32306;astrogrowshop;airistech;Vaporizador Vertex 2.0 -Airistech - Plata;9990;Vaporizadores herbales;1;(ninguno sobre el umbral);2026-07-24;https://astrogrowshop.cl/vaporizador-vertex-20-airistech?variant=Plata
32746;astrogrowshop;airistech;Wax/Oil Bullet Vaporizador Herbva X -Airistech;15990;Accesorios de extraccion;1;(ninguno sobre el umbral);2026-07-27;https://astrogrowshop.cl/waxoil-bullet-vaporizador-herbva-x-airistech
32754;astrogrowshop;airistech;Cápsula Dosificadora Herbva X -Airistech;12990;Repuestos para bongs y vaporizadores;1;(ninguno sobre el umbral);2026-07-27;https://astrogrowshop.cl/capsula-dosificadora-herbva-x-airistech
33078;astrogrowshop;airistech;Vaporizador Quaser-Airistech - Azul;16990;Vaporizadores herbales;1;(ninguno sobre el umbral);2026-07-24;https://astrogrowshop.cl/vaporizador-quaser-airistech?variant=Azul
33081;astrogrowshop;airistech;Vaporizador Quaser-Airistech - Rojo;16990;Vaporizadores herbales;1;(ninguno sobre el umbral);2026-07-24;https://astrogrowshop.cl/vaporizador-quaser-airistech?variant=Rojo
33082;astrogrowshop;airistech;Vaporizador Quaser-Airistech - Blanco;16990;Vaporizadores herbales;1;(ninguno sobre el umbral);2026-07-24;https://astrogrowshop.cl/vaporizador-quaser-airistech?variant=Blanco
33338;astrogrowshop;airistech;Bateria Cube - Airistech - GLACIER SILVER;15990;Repuestos para bongs y vaporizadores;1;(ninguno sobre el umbral);2026-07-27;https://astrogrowshop.cl/bateria-cube-airistech?variant=GLACIER%20SILVER
33339;astrogrowshop;airistech;Bateria Cube - Airistech - HAWTHORN RED;15990;Repuestos para bongs y vaporizadores;1;(ninguno sobre el umbral);2026-07-27;https://astrogrowshop.cl/bateria-cube-airistech?variant=HAWTHORN%20RED
33346;astrogrowshop;airistech;Bateria Vigor -Airistech - PINK-BLACK;12990;Repuestos para bongs y vaporizadores;1;(ninguno sobre el umbral);2026-07-27;https://astrogrowshop.cl/bateria-vigor-airistech?variant=PINK-BLACK
35978;fumetas;airistech;Airistech Batería Vertex 2.0 - Negro;11990;Repuestos para bongs y vaporizadores;2;(ninguno sobre el umbral);2026-07-21;https://fumetas.cl/vaporizador-vertex-20?variant=Negro
35979;fumetas;airistech;Airistech Batería Vertex 2.0 - Blanco;11990;Repuestos para bongs y vaporizadores;2;(ninguno sobre el umbral);2026-07-21;https://fumetas.cl/vaporizador-vertex-20?variant=Blanco
35980;fumetas;airistech;Airistech Batería Vertex 2.0 - Rojo;11990;Repuestos para bongs y vaporizadores;2;(ninguno sobre el umbral);2026-07-21;https://fumetas.cl/vaporizador-vertex-20?variant=Rojo
35981;fumetas;airistech;Airistech Batería Vertex 2.0 - Celeste;11990;Repuestos para bongs y vaporizadores;2;(ninguno sobre el umbral);2026-07-21;https://fumetas.cl/vaporizador-vertex-20?variant=Celeste
35982;fumetas;airistech;Airistech Batería Vertex 2.0 - Tornasol;11990;Repuestos para bongs y vaporizadores;2;(ninguno sobre el umbral);2026-07-21;https://fumetas.cl/vaporizador-vertex-20?variant=Tornasol
35983;fumetas;airistech;Airistech Batería Vertex 2.0 - Plateado;11990;Repuestos para bongs y vaporizadores;2;(ninguno sobre el umbral);2026-07-21;https://fumetas.cl/vaporizador-vertex-20?variant=Plateado
37321;fumetas;airistech;Boquillas Vaporizador Nokiva - Glass;5990;Repuestos para bongs y vaporizadores;2;(ninguno sobre el umbral);2026-07-10;https://fumetas.cl/boquilla-herbva-nokiva?variant=Glass
91782;astrogrowshop;airistech;Vaporizador Vertex 2.0 -Airistech - BLACK;9990;Vaporizadores herbales;1;(ninguno sobre el umbral);2026-07-27;https://astrogrowshop.cl/vaporizador-vertex-20-airistech?variant=BLACK
91783;astrogrowshop;airistech;Vaporizador Vertex 2.0 -Airistech - BLUE;7990;Vaporizadores herbales;1;(ninguno sobre el umbral);2026-07-27;https://astrogrowshop.cl/vaporizador-vertex-20-airistech?variant=BLUE
91786;astrogrowshop;airistech;Vaporizador Vertex 2.0 -Airistech - SILVER;7990;Vaporizadores herbales;1;(ninguno sobre el umbral);2026-07-27;https://astrogrowshop.cl/vaporizador-vertex-20-airistech?variant=SILVER
92617;astrogrowshop;airistech;Vaporizador Quaser-Airistech - BLUE;16990;Vaporizadores herbales;1;(ninguno sobre el umbral);2026-07-27;https://astrogrowshop.cl/vaporizador-quaser-airistech?variant=BLUE
92620;astrogrowshop;airistech;Vaporizador Quaser-Airistech - RED;16990;Vaporizadores herbales;1;(ninguno sobre el umbral);2026-07-27;https://astrogrowshop.cl/vaporizador-quaser-airistech?variant=RED
92621;astrogrowshop;airistech;Vaporizador Quaser-Airistech - WHITE;16990;Vaporizadores herbales;1;(ninguno sobre el umbral);2026-07-27;https://astrogrowshop.cl/vaporizador-quaser-airistech?variant=WHITE
1204;fumetas;blazy-susan;Blazy Susan Blunt King Size Cono Natural Wraps x2 - Tea Leaf;3490;Conos y blunts;12;P10350:tea-cones-king-size(2t sim=0.42 ratio=1.27);2026-07-21;https://fumetas.cl/blazy-susan-blunt-king-size-cono-natural-wraps-x2-tea-leaf
20140;fumetas;blazy-susan;Blazy Susan Polera Rosada;22491;Otros parafernalia;12;(ninguno sobre el umbral);2026-06-13;https://fumetas.cl/blazy-susan-polera-pink
33623;fumetas;blazy-susan;Blazy Susan Moledor Contenedor Mini Herb Saver Lila - Checkers;13390;Moledores;12;(ninguno sobre el umbral);2026-07-21;https://fumetas.cl/blazy-susan-moledor-contenedor-herb-saver-lila?variant=Checkers
33625;fumetas;blazy-susan;Blazy Susan Moledor Contenedor Mini Herb Saver Rosado - Nugs;13390;Moledores;12;(ninguno sobre el umbral);2026-07-21;https://fumetas.cl/blazy-susan-moledor-contenedor-herb-saver?variant=Nugs
33626;fumetas;blazy-susan;Blazy Susan Moledor Contenedor Mini Herb Saver Rosado - Susan;13390;Moledores;12;(ninguno sobre el umbral);2026-07-21;https://fumetas.cl/blazy-susan-moledor-contenedor-herb-saver?variant=Susan
34322;fumetas;blazy-susan;Blazy Susan Jockey Dad Hats - Blanco;29990;Otros parafernalia;12;(ninguno sobre el umbral);2026-07-21;https://fumetas.cl/blazy-susan-gorra-dad-hats?variant=Blanco
37318;fumetas;blazy-susan;Blazy Susan Polera Rosada - XL;22491;Otros parafernalia;12;(ninguno sobre el umbral);2026-07-10;https://fumetas.cl/blazy-susan-polera-pink?variant=XL
181;astrogrowshop;bonglab;Mallas de Rosin 25/90/120/160 Micras-Bonglab;8990;Accesorios de extraccion;17;(ninguno sobre el umbral);2026-06-13;https://astrogrowshop.cl/malla-rosin-bonglab
436;astrogrowshop;bonglab;Vider Black-Bonglab Re: Stash;7990;Contenedores y estuches;17;(ninguno sobre el umbral);2026-07-27;https://astrogrowshop.cl/vider-black-bonglab-re-stash
731;astrogrowshop;bonglab;ADAPTADOR PYREX HEMBRA A MACHO 18MM- Bonglab;4490;Repuestos para bongs y vaporizadores;17;(ninguno sobre el umbral);2026-07-27;https://astrogrowshop.cl/adaptador-pyrex-hembra-a-macho-18mm-bonglab
761;astrogrowshop;bonglab;Vider Brown-Bonglab Re: Stash;7990;Contenedores y estuches;17;(ninguno sobre el umbral);2026-07-27;https://astrogrowshop.cl/vider-brown-bonglab-re-stash
764;astrogrowshop;bonglab;Jar Electric Green 4Oz-Re: Stash;21990;Contenedores y estuches;17;(ninguno sobre el umbral);2026-07-27;https://astrogrowshop.cl/jar-electric-green-4oz-re-stash
789;astrogrowshop;bonglab;Titanium Screen Grado 1 15Mm 5 Ud-Bonglab;3490;Repuestos para bongs y vaporizadores;17;(ninguno sobre el umbral);2026-07-27;https://astrogrowshop.cl/titanium-screen-grado-1-15mm-5-ud-bonglab
1209;fumetas;bonglab;BongLab 2 Terp Balls Glow In The Dark;3980;Accesorios de extraccion;7;(ninguno sobre el umbral);2026-06-13;https://fumetas.cl/bonglab-2-terp-balls-glow-in-the-dark
11877;astrogrowshop;bonglab;Difusor 14Mm-Bonglab;3990;Repuestos para bongs y vaporizadores;17;(ninguno sobre el umbral);2026-07-27;https://astrogrowshop.cl/difusor-14mm-bonglab
11932;astrogrowshop;bonglab;Kraken Blue-Bonglab;71990;Otros parafernalia;17;(ninguno sobre el umbral);2026-07-27;https://astrogrowshop.cl/kraken-blue-bonglab
12167;astrogrowshop;bonglab;ADAPTADOR MACHO A HEMBRA 14MM- Bonglab;4990;Repuestos para bongs y vaporizadores;17;(ninguno sobre el umbral);2026-07-27;https://astrogrowshop.cl/adaptador-macho-a-hembra-14mm-bonglab
12255;astrogrowshop;bonglab;Mecha de Cañamo Orgánico y cera de avejas 1 Mt-Bonglab;990;Otros parafernalia;17;(ninguno sobre el umbral);2026-07-27;https://astrogrowshop.cl/mecha-organica-1-mt-bonglab
12302;astrogrowshop;bonglab;Elty8 Monster Blue-Bonglab;64990;Otros parafernalia;17;(ninguno sobre el umbral);2026-07-27;https://astrogrowshop.cl/elty8-monster-blue-bonglab
12312;astrogrowshop;bonglab;MECHA OVILLO CAÑAMO ORGÁNICO 100MT-BONGLAB;24990;Otros parafernalia;17;(ninguno sobre el umbral);2026-07-27;https://astrogrowshop.cl/mecha-ovillo-100mt-bonglab
12349;astrogrowshop;bonglab;Classy-Bonglab;43990;Otros parafernalia;17;(ninguno sobre el umbral);2026-06-13;https://astrogrowshop.cl/classy-kd1-bonglab
12449;astrogrowshop;bonglab;Pool Party Pin Ed. Limitada-Bonglab X Hightrip;9990;Otros parafernalia;17;(ninguno sobre el umbral);2026-07-27;https://astrogrowshop.cl/pool-party-pin-ed-limitada-bonglab-x-hightrip
12454;astrogrowshop;bonglab;Smoking Board Pin Ed. Limitada-Bonglab X Hightrip;9990;Otros parafernalia;17;(ninguno sobre el umbral);2026-07-27;https://astrogrowshop.cl/smoking-board-pin-ed-limitada-bonglab-x-hightrip
12492;astrogrowshop;bonglab;Highping Pin Ed. Limitada-Bonglab X Hightrip;9990;Otros parafernalia;17;(ninguno sobre el umbral);2026-07-27;https://astrogrowshop.cl/highping-pin-ed-limitada-bonglab-x-hightrip
12511;astrogrowshop;bonglab;Packs Accesorios Purify 18Mm/Rejilla 19Mm-Bonglab;26470;Otros parafernalia;17;(ninguno sobre el umbral);2026-07-27;https://astrogrowshop.cl/packs-accesorios-purify-18mmrejilla-19mm-bonglab
12614;astrogrowshop;bonglab;K30 -Bonglab;61990;Otros parafernalia;17;(ninguno sobre el umbral);2026-06-13;https://astrogrowshop.cl/k30-bonglab
12621;astrogrowshop;bonglab;Papel Para Rosin Tradicional- Bonglab;7990;Accesorios de extraccion;17;(ninguno sobre el umbral);2026-07-27;https://astrogrowshop.cl/papel-para-rosin-tradicional-bonglab
12624;astrogrowshop;bonglab;R2 -Bonglab;23990;Otros parafernalia;17;(ninguno sobre el umbral);2026-06-12;https://astrogrowshop.cl/r2-bonglab
12649;astrogrowshop;bonglab;Vider White-Bonglab Re: Stash;7990;Contenedores y estuches;17;(ninguno sobre el umbral);2026-07-27;https://astrogrowshop.cl/vider-white-bonglab-re-stash
12842;fumetas;bonglab;Bonglab Quemador - Hembra 14mm 2.0;6990;Repuestos para bongs y vaporizadores;7;P10363:quemador-hembra-14mm(1t sim=0.67 ratio=1.40);2026-07-02;https://fumetas.cl/bonglab-quemador-hembra-14mm-20
13175;fumetas;bonglab;Bonglab Malla De Titanio 15mm - 19mm;3990;Otros parafernalia;7;(ninguno sobre el umbral);2026-06-13;https://fumetas.cl/bonglab-malla-de-titanio-15mm-19mm
13283;fumetas;bonglab;BongLab Bong R2 Tiny 18cm;23990;Bongs;7;(ninguno sobre el umbral);2026-06-13;https://fumetas.cl/bonglab-bong-r2-18cm-tinybong
13286;fumetas;bonglab;Bonglab Bong The Sphere 12cm;27990;Bongs;7;(ninguno sobre el umbral);2026-06-13;https://fumetas.cl/bonglab-bong-the-sphere-12cm
13559;fumetas;bonglab;Bonglab Bong KD1 Classy 29cm;55990;Bongs;7;(ninguno sobre el umbral);2026-06-13;https://fumetas.cl/bonglab-bong-kd1
17142;astrogrowshop;bonglab;Glass Cleaner Limpiador-Bonglab;2490;Limpieza;17;(ninguno sobre el umbral);2026-07-03;https://astrogrowshop.cl/glass-cleaner-limpiador-bonglab
17165;astrogrowshop;bonglab;Lucky Goblin-Bonglab;28990;Otros parafernalia;17;(ninguno sobre el umbral);2026-06-12;https://astrogrowshop.cl/lucky-goblin-bonglab
17736;astrogrowshop;bonglab;Pack Bong Bonglab Classic Ice KS11;33990;Bongs;17;P10407:glycerin-black-ice(3t sim=0.33 ratio=0.34);2026-06-13;https://astrogrowshop.cl/pack-bong-bonglab-classic-ice-ks11
17737;astrogrowshop;bonglab;Pack Bong Bonglab Little Buchner KS10;33990;Bongs;17;(ninguno sobre el umbral);2026-06-13;https://astrogrowshop.cl/pack-bong-bonglab-little-buchner-ks10
17921;astrogrowshop;bonglab;Space Oddity Clear-Bonglab;79990;Otros parafernalia;17;(ninguno sobre el umbral);2026-07-27;https://astrogrowshop.cl/space-oddity-clear-bonglab
17935;astrogrowshop;bonglab;Water Fenix Blue-Bonglab;74990;Vaporizadores herbales;17;(ninguno sobre el umbral);2026-07-27;https://astrogrowshop.cl/water-fenix-blue-bonglab
17984;astrogrowshop;bonglab;Octopus Black-Bonglab;62990;Otros parafernalia;17;(ninguno sobre el umbral);2026-07-27;https://astrogrowshop.cl/octopus-black-bonglab
18001;astrogrowshop;bonglab;Summer Pack Pin Ed. Limitada-Bonglab X Hightrip;9990;Otros parafernalia;17;(ninguno sobre el umbral);2026-07-27;https://astrogrowshop.cl/summer-pack-pin-ed-limitada-bonglab-x-hightrip
18027;astrogrowshop;bonglab;Glycerin -Bonglab;109990;Otros parafernalia;17;(ninguno sobre el umbral);2026-06-13;https://astrogrowshop.cl/glycerin-bonglab
18042;astrogrowshop;bonglab;Pin -Bonglab;6490;Otros parafernalia;17;(ninguno sobre el umbral);2026-06-13;https://astrogrowshop.cl/pin-bonglab
18112;astrogrowshop;bonglab;Double Circuit Kit Extractos-Bonglab;51990;Otros parafernalia;17;(ninguno sobre el umbral);2026-07-27;https://astrogrowshop.cl/double-circuit-kit-extractos-bonglab
18123;astrogrowshop;bonglab;Pack Bong Bonglab Fat Candy;39990;Bongs;17;(ninguno sobre el umbral);2026-06-13;https://astrogrowshop.cl/pack-bong-bonglab-fat-candy
18492;fumetas;bonglab;Bonglab Double Circuit Bong 14 cm Kit Banger + Cap + Terp Balls;53990;Accesorios de extraccion;7;(ninguno sobre el umbral);2026-07-21;https://fumetas.cl/bonglab-double-circuit-bong-banger
19569;fumetas;bonglab;BongLab Malla de prensado;9990;Otros parafernalia;7;(ninguno sobre el umbral);2026-06-13;https://fumetas.cl/bonglab-malla-de-prensado
19862;fumetas;bonglab;Bonglab Polera Prisma;21990;Bongs;7;P10108:prisma(2t sim=0.67 ratio=1.28);2026-06-13;https://fumetas.cl/bonglab-polera-prisma
20035;fumetas;bonglab;Pins BongLab;4990;Otros parafernalia;7;P10108:prisma(2t sim=0.33 ratio=0.29);2026-06-13;https://fumetas.cl/pins-bonglab
31565;astrogrowshop;bonglab;R2 -Bonglab - verde;22990;Otros parafernalia;17;(ninguno sobre el umbral);2026-07-27;https://astrogrowshop.cl/r2-bonglab?variant=verde
31566;astrogrowshop;bonglab;R2 -Bonglab - Rosa;22990;Otros parafernalia;17;(ninguno sobre el umbral);2026-07-27;https://astrogrowshop.cl/r2-bonglab?variant=Rosa
31567;astrogrowshop;bonglab;R2 -Bonglab - Amarillo;22990;Otros parafernalia;17;(ninguno sobre el umbral);2026-07-27;https://astrogrowshop.cl/r2-bonglab?variant=Amarillo
31590;astrogrowshop;bonglab;Glass Cleaner Brillo (30ml, 250ml, 500ml) -Bonglab - 250 ml;6990;Limpieza;17;(ninguno sobre el umbral);2026-07-10;https://astrogrowshop.cl/glass-cleaner-brillo-bonglab?variant=250%20ml
31591;astrogrowshop;bonglab;Glass Cleaner Brillo (30ml, 250ml, 500ml) -Bonglab - 500 ml;8990;Limpieza;17;(ninguno sobre el umbral);2026-07-10;https://astrogrowshop.cl/glass-cleaner-brillo-bonglab?variant=500%20ml
31631;astrogrowshop;bonglab;Dream Rig-Bonglab - azul;24990;Bongs;17;(ninguno sobre el umbral);2026-07-27;https://astrogrowshop.cl/dream-rig-bonglab?variant=azul
31632;astrogrowshop;bonglab;Dream Rig-Bonglab - verde;24990;Bongs;17;(ninguno sobre el umbral);2026-07-27;https://astrogrowshop.cl/dream-rig-bonglab?variant=verde
31633;astrogrowshop;bonglab;Dream Rig-Bonglab - Rosa;24990;Bongs;17;(ninguno sobre el umbral);2026-07-27;https://astrogrowshop.cl/dream-rig-bonglab?variant=Rosa
31675;astrogrowshop;bonglab;Lucky Goblin-Bonglab - Negro Humo;27990;Otros parafernalia;17;(ninguno sobre el umbral);2026-07-27;https://astrogrowshop.cl/lucky-goblin-bonglab?variant=Negro%20Humo
31677;astrogrowshop;bonglab;Lucky Goblin-Bonglab - Rosa;27990;Otros parafernalia;17;(ninguno sobre el umbral);2026-07-27;https://astrogrowshop.cl/lucky-goblin-bonglab?variant=Rosa
31678;astrogrowshop;bonglab;Lucky Goblin-Bonglab - Blanco;27990;Otros parafernalia;17;(ninguno sobre el umbral);2026-07-27;https://astrogrowshop.cl/lucky-goblin-bonglab?variant=Blanco
32316;astrogrowshop;bonglab;Classy-Bonglab - azul;41990;Otros parafernalia;17;(ninguno sobre el umbral);2026-07-27;https://astrogrowshop.cl/classy-kd1-bonglab?variant=azul
32317;astrogrowshop;bonglab;Classy-Bonglab - verde;41990;Otros parafernalia;17;(ninguno sobre el umbral);2026-07-27;https://astrogrowshop.cl/classy-kd1-bonglab?variant=verde
32318;astrogrowshop;bonglab;Classy-Bonglab - Negro;41990;Otros parafernalia;17;(ninguno sobre el umbral);2026-07-27;https://astrogrowshop.cl/classy-kd1-bonglab?variant=Negro
32319;astrogrowshop;bonglab;Classy-Bonglab - Ámbar;41990;Otros parafernalia;17;(ninguno sobre el umbral);2026-07-27;https://astrogrowshop.cl/classy-kd1-bonglab?variant=%C3%81mbar
32320;astrogrowshop;bonglab;Classy-Bonglab - Morado;41990;Otros parafernalia;17;(ninguno sobre el umbral);2026-07-27;https://astrogrowshop.cl/classy-kd1-bonglab?variant=Morado
32773;astrogrowshop;bonglab;K30 -Bonglab - Negro;61990;Otros parafernalia;17;(ninguno sobre el umbral);2026-07-27;https://astrogrowshop.cl/k30-bonglab?variant=Negro
32774;astrogrowshop;bonglab;K30 -Bonglab - Morado;61990;Otros parafernalia;17;(ninguno sobre el umbral);2026-07-27;https://astrogrowshop.cl/k30-bonglab?variant=Morado
32775;astrogrowshop;bonglab;K30 -Bonglab - Verde azulado;61990;Otros parafernalia;17;(ninguno sobre el umbral);2026-07-27;https://astrogrowshop.cl/k30-bonglab?variant=Verde%20azulado
33013;astrogrowshop;bonglab;Mallas de Rosin 25/90/120/160 Micras-Bonglab - 160 micras;9990;Accesorios de extraccion;17;(ninguno sobre el umbral);2026-07-27;https://astrogrowshop.cl/malla-rosin-bonglab?variant=160%20micras
33014;astrogrowshop;bonglab;Mallas de Rosin 25/90/120/160 Micras-Bonglab - 120 micras;8990;Accesorios de extraccion;17;(ninguno sobre el umbral);2026-07-27;https://astrogrowshop.cl/malla-rosin-bonglab?variant=120%20micras
33015;astrogrowshop;bonglab;Mallas de Rosin 25/90/120/160 Micras-Bonglab - 90 micras;8990;Accesorios de extraccion;17;(ninguno sobre el umbral);2026-07-27;https://astrogrowshop.cl/malla-rosin-bonglab?variant=90%20micras
33016;astrogrowshop;bonglab;Mallas de Rosin 25/90/120/160 Micras-Bonglab - 25 micras;8990;Accesorios de extraccion;17;(ninguno sobre el umbral);2026-07-27;https://astrogrowshop.cl/malla-rosin-bonglab?variant=25%20micras
33135;astrogrowshop;bonglab;Glycerin -Bonglab - THICK PINK;109990;Otros parafernalia;17;(ninguno sobre el umbral);2026-07-27;https://astrogrowshop.cl/glycerin-bonglab?variant=THICK%20PINK
33136;astrogrowshop;bonglab;Glycerin -Bonglab - THICC MINT;109990;Otros parafernalia;17;P5521:glycerin-thicc(3t sim=0.33 ratio=1.14);2026-07-27;https://astrogrowshop.cl/glycerin-bonglab?variant=THICC%20MINT
33137;astrogrowshop;bonglab;Glycerin -Bonglab - GREEN AVALANCHE;124990;Otros parafernalia;17;(ninguno sobre el umbral);2026-07-27;https://astrogrowshop.cl/glycerin-bonglab?variant=GREEN%20AVALANCHE
33138;astrogrowshop;bonglab;Glycerin -Bonglab - THE YETI;109990;Otros parafernalia;17;P5526:glycerin-yeti(3t sim=0.38 ratio=1.05);2026-07-27;https://astrogrowshop.cl/glycerin-bonglab?variant=THE%20YETI
33841;fumetas;bonglab;Bonglab Bong Jelly Drop 20cm - Morado;29990;Bongs;7;(ninguno sobre el umbral);2026-07-21;https://fumetas.cl/bonglab-bong-jelly-drop-20cm-diferentes-colores?variant=Morado
33842;fumetas;bonglab;Bonglab Bong Jelly Drop 20cm - Azul;29990;Bongs;7;(ninguno sobre el umbral);2026-07-21;https://fumetas.cl/bonglab-bong-jelly-drop-20cm-diferentes-colores?variant=Azul
33844;fumetas;bonglab;Bonglab Bong Jelly Drop 20cm - Rosado;29990;Bongs;7;(ninguno sobre el umbral);2026-07-21;https://fumetas.cl/bonglab-bong-jelly-drop-20cm-diferentes-colores?variant=Rosado
33889;fumetas;bonglab;Bonglab Bong Glycerin Thicc 36cm - Rosado;105990;Bongs;7;(ninguno sobre el umbral);2026-07-21;https://fumetas.cl/bonglab-bong-glycerin-thicc-mint-36cm?variant=Rosado
33928;fumetas;bonglab;Bonglab Bong Handy Rig 14cm - Rosado;30990;Bongs;7;(ninguno sobre el umbral);2026-07-21;https://fumetas.cl/bonglab-bong-handy-rig-14cm?variant=Rosado
33929;fumetas;bonglab;Bonglab Bong Handy Rig 14cm - Turquesa;30990;Bongs;7;(ninguno sobre el umbral);2026-07-21;https://fumetas.cl/bonglab-bong-handy-rig-14cm?variant=Turquesa
33930;fumetas;bonglab;Bonglab Bong Handy Rig 14cm - Azul;30990;Bongs;7;(ninguno sobre el umbral);2026-07-21;https://fumetas.cl/bonglab-bong-handy-rig-14cm?variant=Azul
33945;fumetas;bonglab;BongLab Bong R3 Mini 10.5cm - Azul;24990;Bongs;7;(ninguno sobre el umbral);2026-07-21;https://fumetas.cl/bonglab-bong-r3-mini-105cm?variant=Azul
33947;fumetas;bonglab;BongLab Bong R3 Mini 10.5cm - Turquesa;24990;Bongs;7;(ninguno sobre el umbral);2026-07-21;https://fumetas.cl/bonglab-bong-r3-mini-105cm?variant=Turquesa
33948;fumetas;bonglab;BongLab Bong R3 Mini 10.5cm - Negro;24990;Bongs;7;(ninguno sobre el umbral);2026-07-21;https://fumetas.cl/bonglab-bong-r3-mini-105cm?variant=Negro
33949;fumetas;bonglab;BongLab Bong R3 Mini 10.5cm - Transparente;24990;Bongs;7;(ninguno sobre el umbral);2026-07-21;https://fumetas.cl/bonglab-bong-r3-mini-105cm?variant=Transparente
33967;fumetas;bonglab;Bonglab Quemador - Hembra 14mm 2.0 - Rosado;6990;Repuestos para bongs y vaporizadores;7;P10363:quemador-hembra-14mm(1t sim=0.57 ratio=1.40);2026-07-21;https://fumetas.cl/bonglab-quemador-hembra-14mm-20?variant=Rosado
33997;fumetas;bonglab;Bonglab Quemador Perlas - Macho 18mm - Turquesa;4890;Repuestos para bongs y vaporizadores;7;(ninguno sobre el umbral);2026-07-21;https://fumetas.cl/bonglab-quemador-perlas-macho-18mm?variant=Turquesa
34066;fumetas;bonglab;Bonglab Bong K276 Bongbastic 45cm - Verde;67990;Bongs;7;(ninguno sobre el umbral);2026-07-21;https://fumetas.cl/bonglab-bongbastic-k276?variant=Verde
34068;fumetas;bonglab;Bonglab Bong K276 Bongbastic 45cm - Turquesa;67990;Bongs;7;(ninguno sobre el umbral);2026-07-21;https://fumetas.cl/bonglab-bongbastic-k276?variant=Turquesa
34069;fumetas;bonglab;Bonglab Bong K276 Bongbastic 45cm - Negro;67990;Bongs;7;(ninguno sobre el umbral);2026-07-21;https://fumetas.cl/bonglab-bongbastic-k276?variant=Negro
34240;fumetas;bonglab;Bonglab Bong Lucky Goblin - Blanco;29990;Bongs;7;(ninguno sobre el umbral);2026-07-21;https://fumetas.cl/bonglab-bong-lucky-goblin?variant=Blanco
34241;fumetas;bonglab;Bonglab Bong Lucky Goblin - Negro;29990;Bongs;7;(ninguno sobre el umbral);2026-07-21;https://fumetas.cl/bonglab-bong-lucky-goblin?variant=Negro
34379;fumetas;bonglab;Bonglab Bong Pyrex K41 Big Blow 46cm - Negro;66990;Bongs;7;(ninguno sobre el umbral);2026-07-21;https://fumetas.cl/bonglab-bong-pyrex-k41-big-blow-purple-46cm?variant=Negro
34418;fumetas;bonglab;BongLab Bong X5 Pocket Bell 17cm - Negro;25990;Bongs;7;(ninguno sobre el umbral);2026-07-21;https://fumetas.cl/bonglab-bong-x5-pocket-bell-17cm?variant=Negro
34420;fumetas;bonglab;BongLab Bong X5 Pocket Bell 17cm - Verde;25990;Bongs;7;(ninguno sobre el umbral);2026-07-21;https://fumetas.cl/bonglab-bong-x5-pocket-bell-17cm?variant=Verde
34421;fumetas;bonglab;BongLab Bong X5 Pocket Bell 17cm - Ámbar;25990;Bongs;7;(ninguno sobre el umbral);2026-07-21;https://fumetas.cl/bonglab-bong-x5-pocket-bell-17cm?variant=%C3%81mbar
34503;fumetas;bonglab;BongLab Bong W06 Fat Candy 25cm - Rosado;30990;Bongs;7;(ninguno sobre el umbral);2026-07-21;https://fumetas.cl/bonglab-bong-w06-fat-candy-25-cm?variant=Rosado
34505;fumetas;bonglab;BongLab Bong W06 Fat Candy 25cm - Verde;30990;Bongs;7;(ninguno sobre el umbral);2026-07-21;https://fumetas.cl/bonglab-bong-w06-fat-candy-25-cm?variant=Verde
34506;fumetas;bonglab;BongLab Bong W06 Fat Candy 25cm - Ámbar;30990;Bongs;7;(ninguno sobre el umbral);2026-07-21;https://fumetas.cl/bonglab-bong-w06-fat-candy-25-cm?variant=%C3%81mbar
34639;fumetas;bonglab;Bonglab Atrapa cenizas Slits macho 18mm 90° - Rosado;29990;Repuestos para bongs y vaporizadores;7;(ninguno sobre el umbral);2026-07-21;https://fumetas.cl/bonglab-atrapacenizas-slits-macho-18mm-90?variant=Rosado
34672;fumetas;bonglab;Bonglab Bong KS11 Classic Ice 26cm - Rosado;22990;Bongs;7;(ninguno sobre el umbral);2026-07-21;https://fumetas.cl/bonglab-bong-ks11-classic-ice-26cm?variant=Rosado
34673;fumetas;bonglab;Bonglab Bong KS11 Classic Ice 26cm - Verde;22990;Bongs;7;(ninguno sobre el umbral);2026-07-21;https://fumetas.cl/bonglab-bong-ks11-classic-ice-26cm?variant=Verde
34675;fumetas;bonglab;Bonglab Bong KS11 Classic Ice 26cm - Ámbar;22990;Bongs;7;(ninguno sobre el umbral);2026-07-21;https://fumetas.cl/bonglab-bong-ks11-classic-ice-26cm?variant=%C3%81mbar
34678;fumetas;bonglab;Bonglab Bong X2 Color Cube 23cm - Rosado;25990;Bongs;7;(ninguno sobre el umbral);2026-07-21;https://fumetas.cl/bonglab-bong-x2-colo-cube-23cm?variant=Rosado
34679;fumetas;bonglab;Bonglab Bong X2 Color Cube 23cm - Ámbar;25990;Bongs;7;(ninguno sobre el umbral);2026-07-21;https://fumetas.cl/bonglab-bong-x2-colo-cube-23cm?variant=%C3%81mbar
34689;fumetas;bonglab;Bonglab K288 Classic Ice Pro 35cm - Clear Black;39990;Bongs;7;(ninguno sobre el umbral);2026-07-21;https://fumetas.cl/bonglab-k288-classic-ice-pro-35cm?variant=Clear%20Black
34694;fumetas;bonglab;Bonglab Malla De Titanio 15mm - 19mm - 15mm;3990;Otros parafernalia;7;(ninguno sobre el umbral);2026-07-21;https://fumetas.cl/bonglab-malla-de-titanio-15mm-19mm?variant=15mm
34950;fumetas;bonglab;Bonglab Bong Fresh K30 42cm - Turquesa;64990;Bongs;7;(ninguno sobre el umbral);2026-07-21;https://fumetas.cl/bonglab-bong-k30-black-42cm?variant=Turquesa
34951;fumetas;bonglab;Bonglab Bong Fresh K30 42cm - Morado;64990;Bongs;7;(ninguno sobre el umbral);2026-07-21;https://fumetas.cl/bonglab-bong-k30-black-42cm?variant=Morado
34953;fumetas;bonglab;BongLab Bong KH1 Mercurial 24cm - Gris;47990;Bongs;7;(ninguno sobre el umbral);2026-07-21;https://fumetas.cl/bonglab-bong-kh1-mercurial-24cm?variant=Gris
34954;fumetas;bonglab;BongLab Bong KH1 Mercurial 24cm - Azul;47990;Bongs;7;(ninguno sobre el umbral);2026-07-21;https://fumetas.cl/bonglab-bong-kh1-mercurial-24cm?variant=Azul
34955;fumetas;bonglab;BongLab Bong R2 Tiny 18cm - Verde;23990;Bongs;7;(ninguno sobre el umbral);2026-07-21;https://fumetas.cl/bonglab-bong-r2-18cm-tinybong?variant=Verde
34956;fumetas;bonglab;BongLab Bong R2 Tiny 18cm - Rosado;23990;Bongs;7;(ninguno sobre el umbral);2026-07-21;https://fumetas.cl/bonglab-bong-r2-18cm-tinybong?variant=Rosado
34957;fumetas;bonglab;BongLab Bong R2 Tiny 18cm - Amarillo;23990;Bongs;7;(ninguno sobre el umbral);2026-07-21;https://fumetas.cl/bonglab-bong-r2-18cm-tinybong?variant=Amarillo
34959;fumetas;bonglab;Bonglab Bong The Sheikh 42cm - Azul;75990;Bongs;7;(ninguno sobre el umbral);2026-07-21;https://fumetas.cl/bonglab-bong-the-sheikh-42cm?variant=Azul
34960;fumetas;bonglab;Bonglab Bong The Sheikh 42cm - Verde;75990;Bongs;7;(ninguno sobre el umbral);2026-07-21;https://fumetas.cl/bonglab-bong-the-sheikh-42cm?variant=Verde
34964;fumetas;bonglab;Bonglab Bong The Sheikh 42cm - Turquesa;75990;Bongs;7;(ninguno sobre el umbral);2026-07-21;https://fumetas.cl/bonglab-bong-the-sheikh-42cm?variant=Turquesa
35281;fumetas;bonglab;BongLab Bong K18 HeadShot 40cm - Azul;59990;Bongs;7;(ninguno sobre el umbral);2026-07-21;https://fumetas.cl/bonglab-bong-k18-headshot?variant=Azul
35484;fumetas;bonglab;Bonglab Bong KD1 Classy 29cm - Verde;55990;Bongs;7;(ninguno sobre el umbral);2026-07-21;https://fumetas.cl/bonglab-bong-kd1?variant=Verde
35485;fumetas;bonglab;Bonglab Bong KD1 Classy 29cm - Negro;55990;Bongs;7;(ninguno sobre el umbral);2026-07-21;https://fumetas.cl/bonglab-bong-kd1?variant=Negro
35486;fumetas;bonglab;Bonglab Bong KD1 Classy 29cm - Azul;55990;Bongs;7;(ninguno sobre el umbral);2026-07-21;https://fumetas.cl/bonglab-bong-kd1?variant=Azul
36242;fumetas;bonglab;BongLab Malla de prensado - 120 Micras;9990;Otros parafernalia;7;(ninguno sobre el umbral);2026-07-21;https://fumetas.cl/bonglab-malla-de-prensado?variant=120%20Micras
36243;fumetas;bonglab;BongLab Malla de prensado - 90 Micras;9990;Otros parafernalia;7;(ninguno sobre el umbral);2026-07-21;https://fumetas.cl/bonglab-malla-de-prensado?variant=90%20Micras
36244;fumetas;bonglab;BongLab Malla de prensado - 25 Micras;9990;Otros parafernalia;7;(ninguno sobre el umbral);2026-07-21;https://fumetas.cl/bonglab-malla-de-prensado?variant=25%20Micras
36245;fumetas;bonglab;BongLab Malla de prensado - 160 Micras;9990;Otros parafernalia;7;(ninguno sobre el umbral);2026-07-21;https://fumetas.cl/bonglab-malla-de-prensado?variant=160%20Micras
36510;fumetas;bonglab;Polera Bonglab Smoker Life - XXL;21990;Otros parafernalia;7;(ninguno sobre el umbral);2026-07-21;https://fumetas.cl/polera-bonglab-smoker-life?variant=XXL
36717;fumetas;bonglab;Bonglab Polera Prisma - XL;21990;Bongs;7;P10108:prisma(2t sim=0.50 ratio=1.28);2026-07-21;https://fumetas.cl/bonglab-polera-prisma?variant=XL
37075;fumetas;bonglab;Pins BongLab - Pin Fat Candy;4990;Bongs;7;(ninguno sobre el umbral);2026-07-21;https://fumetas.cl/pins-bonglab?variant=Pin%20Fat%20Candy
37076;fumetas;bonglab;Pins BongLab - Pin Little Buchner;4990;Bongs;7;(ninguno sobre el umbral);2026-07-21;https://fumetas.cl/pins-bonglab?variant=Pin%20Little%20Buchner
37077;fumetas;bonglab;Pins BongLab - Pin Prisma;4990;Bongs;7;P10108:prisma(2t sim=0.67 ratio=0.29);2026-07-21;https://fumetas.cl/pins-bonglab?variant=Pin%20Prisma
37484;fumetas;bonglab;Bonglab Bong KS10 Little Buchner 25cm - Azul;22990;Bongs;7;(ninguno sobre el umbral);2026-07-10;https://fumetas.cl/smokeshop/bongs-y-pipas/bongs/bonglab-ks10-little-buchner?variant=Azul
37485;fumetas;bonglab;Bonglab Bong KS10 Little Buchner 25cm - Verde;22990;Bongs;7;(ninguno sobre el umbral);2026-07-10;https://fumetas.cl/smokeshop/bongs-y-pipas/bongs/bonglab-ks10-little-buchner?variant=Verde
37486;fumetas;bonglab;Bonglab Bong KS10 Little Buchner 25cm - Ámbar;22990;Bongs;7;(ninguno sobre el umbral);2026-07-10;https://fumetas.cl/smokeshop/bongs-y-pipas/bongs/bonglab-ks10-little-buchner?variant=%C3%81mbar
77486;astrogrowshop;bonglab;Glass Cleaner Brillo (30ml, 250ml, 500ml) -Bonglab - 250 ML;6990;Limpieza;17;(ninguno sobre el umbral);2026-07-27;https://astrogrowshop.cl/glass-cleaner-brillo-bonglab?variant=250%20ML
77487;astrogrowshop;bonglab;Glass Cleaner Brillo (30ml, 250ml, 500ml) -Bonglab - 500 ML;8990;Limpieza;17;(ninguno sobre el umbral);2026-07-27;https://astrogrowshop.cl/glass-cleaner-brillo-bonglab?variant=500%20ML
815;astrogrowshop;calvo;Gas Butano Ultra Refinado X5 Premium-Calvo Glass;3490;Encendedores y sopletes;16;(ninguno sobre el umbral);2026-07-27;https://astrogrowshop.cl/gas-butano-ultra-refinado-x5-premium-calvo-glass
1168;astrogrowshop;calvo;Soplete Broiler Torch Y2K (Toolbox Incluida)-Calvo;21990;Encendedores y sopletes;16;(ninguno sobre el umbral);2026-07-27;https://astrogrowshop.cl/soplete-broiler-torch-y2k-toolbox-incluida-calvo
1210;fumetas;calvo;Calvo Glass Pipa Screen 10 cm;14990;Pipas;3;(ninguno sobre el umbral);2026-06-13;https://fumetas.cl/calvo-glass-pipa-con-rejilla-integrada-10-cm
1223;fumetas;calvo;Calvo Glass Moledor Metálico 1 Piso 50mm;6081;Moledores;3;(ninguno sobre el umbral);2026-07-21;https://fumetas.cl/calvo-glass-moledor-metalico-1-piso-50mm
1529;fumetas;calvo;Calvo Glass Pipa Twist Spoon 11cm;11992;Pipas;3;(ninguno sobre el umbral);2026-06-13;https://fumetas.cl/calvo-glass-pipa-twist-spoon-11cm
1551;fumetas;calvo;Calvo Pipa 3 Circles Spoon 11cm;11992;Pipas;3;(ninguno sobre el umbral);2026-06-13;https://fumetas.cl/calvo-pipa-3-circles-spoon-11cm
1562;fumetas;calvo;Calvo Pipa Signature Spoon 13 cm;11992;Pipas;3;(ninguno sobre el umbral);2026-06-13;https://fumetas.cl/calvo-pipa-signature-spoon-13-cm
2947;fumetas;calvo;Calvo Glass Moledor Metálico 50 mm;9990;Moledores;3;(ninguno sobre el umbral);2026-07-21;https://fumetas.cl/calvo-glass-moledor-metalico-50-mm
3005;fumetas;calvo;Calvo Glass Bong Straight Tube American 26cm;27992;Bongs;3;(ninguno sobre el umbral);2026-06-13;https://fumetas.cl/calvo-glass-bong-straight-tube-american-26cm
3007;fumetas;calvo;Calvo Glass Bong Straight Tube Lite 26cm;26990;Bongs;3;(ninguno sobre el umbral);2026-06-13;https://fumetas.cl/calvo-glass-bong-straight-tube-lite-26cm
3839;fumetas;calvo;Moledor Calvo Cerámico 60mm;29990;Moledores;3;(ninguno sobre el umbral);2026-06-30;https://fumetas.cl/moledor-calvo-ceramico-60mm
8119;fumetas;calvo;Calvo Pipa Unique Spoon 11.5cm;11992;Pipas;3;(ninguno sobre el umbral);2026-06-13;https://fumetas.cl/calvo-pipa-unique-spoon-115cm
12504;astrogrowshop;calvo;Lemon Drop Micro Rig Yellow-Calvo Glass;35990;Bongs;16;(ninguno sobre el umbral);2026-07-27;https://astrogrowshop.cl/lemon-drop-micro-rig-yellow-calvo-glass
12580;astrogrowshop;calvo;Rig Mad Face Orange-Calvo Glass;42990;Bongs;16;(ninguno sobre el umbral);2026-07-27;https://astrogrowshop.cl/rig-mad-face-orange-calvo-glass
12994;fumetas;calvo;Calvo Hot Knife Rosca 510 2 uds.;14990;Otros parafernalia;3;(ninguno sobre el umbral);2026-07-21;https://fumetas.cl/calvo-hot-knife
13092;fumetas;calvo;Calvo Glass Atrapa cenizas 45° - Macho 14mm;24990;Repuestos para bongs y vaporizadores;3;P10375:difusor-premium-14mm(2t sim=0.30 ratio=3.34);2026-06-13;https://fumetas.cl/calvo-glass-atrapa-cenizas-macho-14mm-45
13093;fumetas;calvo;Calvo Glass Atrapa cenizas 90° - Macho 14mm;24990;Repuestos para bongs y vaporizadores;3;P10375:difusor-premium-14mm(2t sim=0.30 ratio=3.34);2026-06-13;https://fumetas.cl/calvo-glass-atrapa-cenizas-macho-14mm-90
13189;fumetas;calvo;Calvo Glass Atrapa cenizas Dry Catcher 18mm;22490;Repuestos para bongs y vaporizadores;3;(ninguno sobre el umbral);2026-07-21;https://fumetas.cl/calvo-glass-atrapacenizas-dry-catcher-18mm
13191;fumetas;calvo;Calvo Glass Beaker Tree Perc XL 40cm;60891;Bongs;3;(ninguno sobre el umbral);2026-06-13;https://fumetas.cl/calvo-glass-beaker-tree-perc-40cm
13193;fumetas;calvo;Calvo Glass Bong Beaker Premium 35cm;44990;Bongs;3;P10375:difusor-premium-14mm(2t sim=0.33 ratio=6.01);2026-06-13;https://fumetas.cl/calvo-glass-bong-beaker-lite-35cm
13194;fumetas;calvo;Calvo Glass Bong Beaker Premium 40cm;49990;Bongs;3;P10375:difusor-premium-14mm(2t sim=0.33 ratio=6.67);2026-06-13;https://fumetas.cl/calvo-glass-bong-beaker-lite-40cm
13195;fumetas;calvo;Calvo Glass Bong Beaker Premium 45cm;54990;Bongs;3;P10375:difusor-premium-14mm(2t sim=0.33 ratio=7.34);2026-06-13;https://fumetas.cl/calvo-glass-bong-beaker-lite-45cm
13202;fumetas;calvo;Calvo Glass Implosion Drop Rig 23cm;39990;Bongs;3;(ninguno sobre el umbral);2026-06-13;https://fumetas.cl/calvo-glass-implosion-drop-rig-23cm
13213;fumetas;calvo;Calvo G l a s s Bong Space Horn Rig 21cm;39990;Bongs;3;P10194:space-opera(2t sim=0.30 ratio=0.79);2026-06-13;https://fumetas.cl/calvo-glass-space-horn-rig-23cm
13304;fumetas;calvo;Calvo Glass Bong Octopus 35cm;64990;Bongs;3;(ninguno sobre el umbral);2026-07-21;https://fumetas.cl/calvo-glass-bong-octopus-35cm
13313;fumetas;calvo;Calvo Glass Bong Rig Monster 21 cm;56541;Bongs;3;(ninguno sobre el umbral);2026-06-13;https://fumetas.cl/calvo-glass-rig-monster-21cm
13465;fumetas;calvo;Calvo Bong Aqua Rig 19cm;26990;Bongs;3;(ninguno sobre el umbral);2026-06-13;https://fumetas.cl/calvo-aqua-rig-19cm
13565;fumetas;calvo;Calvo Banger Full Weld Hourglass Kit 90° - Macho 14mm;24990;Accesorios de extraccion;3;(ninguno sobre el umbral);2026-07-21;https://fumetas.cl/calvo-banger-full-weld-hourglass-kit-90-macho-14mm
13566;fumetas;calvo;Calvo Banger Full Weld Tower Kit 90° - Macho 10mm;24990;Accesorios de extraccion;3;(ninguno sobre el umbral);2026-07-21;https://fumetas.cl/calvo-banger-full-weld-tower-kit-90-macho-10mm
13570;fumetas;calvo;Calvo Glass Shower Head Monster 30 cm;60891;Otros parafernalia;3;(ninguno sobre el umbral);2026-06-13;https://fumetas.cl/calvo-glass-shower-head-monster-30-cm
13629;fumetas;calvo;Calvo Glass Straight Tube XL 40cm;43990;Otros parafernalia;3;(ninguno sobre el umbral);2026-07-21;https://fumetas.cl/calvo-glass-straight-tube-xl-39cm
13631;fumetas;calvo;Calvo Wax Set Dab Rig + Banger + Carb Cap;24990;Accesorios de extraccion;3;(ninguno sobre el umbral);2026-06-13;https://fumetas.cl/calvo-wax-set-dab-rig-banger-carb-cap
17919;astrogrowshop;calvo;Soplete Broiler Torch -Calvo;21990;Encendedores y sopletes;16;(ninguno sobre el umbral);2026-06-13;https://astrogrowshop.cl/soplete-broiler-torch-calvo
18059;astrogrowshop;calvo;Big Eye Recycler-Calvo Glass;70990;Otros parafernalia;16;P10224:big-eye-24cm(3t sim=0.30 ratio=1.26);2026-07-27;https://astrogrowshop.cl/big-eye-recycler-calvo-glass
18074;astrogrowshop;calvo;Encendedor Classic Rubber Variedades;2990;Encendedores y sopletes;16;(ninguno sobre el umbral);2026-07-27;https://astrogrowshop.cl/encendedor-classic-rubber-variedades
18098;astrogrowshop;calvo;Toker Poker Smoke-Calvo Glass;6490;Otros parafernalia;16;(ninguno sobre el umbral);2026-07-27;https://astrogrowshop.cl/toker-poker-smoke-calvo-glass
18108;astrogrowshop;calvo;Bee Recycler-Calvo Glass;70990;Otros parafernalia;16;(ninguno sobre el umbral);2026-07-27;https://astrogrowshop.cl/bee-recycler-calvo-glass
18133;astrogrowshop;calvo;Cap Strip -Calvo;8990;Otros parafernalia;16;(ninguno sobre el umbral);2026-06-13;https://astrogrowshop.cl/cap-strip-calvo
19283;fumetas;calvo;Calvo Terp Balls Luminosas 4mm;4990;Accesorios de extraccion;3;(ninguno sobre el umbral);2026-06-13;https://fumetas.cl/calvo-terp-balls-luminosas-4mm
19372;fumetas;calvo;Calvo Bong Colored Mushroom 26cm;32490;Bongs;3;(ninguno sobre el umbral);2026-07-21;https://fumetas.cl/calvo-colored-mushroom-26cm
19454;fumetas;calvo;Calvo Glass Bong Compact Skull Rig 19cm;25221;Bongs;3;(ninguno sobre el umbral);2026-06-13;https://fumetas.cl/calvo-glass-bong-skull-rig
20147;fumetas;calvo;Calvo Glass Insert Transparente;4990;Otros parafernalia;3;(ninguno sobre el umbral);2026-07-10;https://fumetas.cl/calvo-glass-insert-transparente
20149;fumetas;calvo;Calvo Repuesto Nectar Pen;4990;Repuestos para bongs y vaporizadores;3;P10525:nectar-wax-pen(2t sim=0.38 ratio=0.18);2026-07-21;https://fumetas.cl/calvo-repuesto-nectar-pen
20150;fumetas;calvo;Calvo Strip Carb Cap;9990;Accesorios de extraccion;3;(ninguno sobre el umbral);2026-06-13;https://fumetas.cl/calvo-strip-carb-cap
20237;fumetas;calvo;Polera Calvo Acid;14990;Otros parafernalia;3;(ninguno sobre el umbral);2026-06-12;https://fumetas.cl/polera-calvo-acid
20238;fumetas;calvo;Polera Calvo Street;14990;Otros parafernalia;3;(ninguno sobre el umbral);2026-06-12;https://fumetas.cl/polera-calvo-street
23561;astrogrowshop;calvo;The Boss Con Candado Clave 20 Cm -Dime Bags;34990;Otros parafernalia;16;(ninguno sobre el umbral);2026-07-28;https://astrogrowshop.cl/the-boss-con-candado-clave-20-cm-dime-bags
32289;astrogrowshop;calvo;The Boss Con Candado Clave 20 Cm -Dime Bags - Verde;32990;Otros parafernalia;16;(ninguno sobre el umbral);2026-07-28;https://astrogrowshop.cl/the-boss-con-candado-clave-20-cm-dime-bags?variant=Verde
32290;astrogrowshop;calvo;The Boss Con Candado Clave 20 Cm -Dime Bags - Rojo;32990;Otros parafernalia;16;(ninguno sobre el umbral);2026-07-28;https://astrogrowshop.cl/the-boss-con-candado-clave-20-cm-dime-bags?variant=Rojo
33351;astrogrowshop;calvo;Cap Strip -Calvo - Rojo;8990;Otros parafernalia;16;(ninguno sobre el umbral);2026-07-10;https://astrogrowshop.cl/cap-strip-calvo?variant=Rojo
33352;astrogrowshop;calvo;Cap Strip -Calvo - Verde;8990;Otros parafernalia;16;(ninguno sobre el umbral);2026-07-10;https://astrogrowshop.cl/cap-strip-calvo?variant=Verde
33672;fumetas;calvo;Moledor Calvo Lite Aluminio 63mm - Azul;17990;Moledores;3;(ninguno sobre el umbral);2026-07-21;https://fumetas.cl/moledor-calvo-lite-aluminio-63mm?variant=Azul
33687;fumetas;calvo;Moledor Calvo Cerámico 60mm - Morado;29990;Moledores;3;(ninguno sobre el umbral);2026-07-21;https://fumetas.cl/moledor-calvo-ceramico-60mm?variant=Morado
33688;fumetas;calvo;Moledor Calvo Cerámico 60mm - Rosado;29990;Moledores;3;(ninguno sobre el umbral);2026-07-21;https://fumetas.cl/moledor-calvo-ceramico-60mm?variant=Rosado
33689;fumetas;calvo;Moledor Calvo Cerámico 60mm - Negro;29990;Moledores;3;(ninguno sobre el umbral);2026-07-21;https://fumetas.cl/moledor-calvo-ceramico-60mm?variant=Negro
33690;fumetas;calvo;Moledor Calvo Cerámico 60mm - Plateado;29990;Moledores;3;(ninguno sobre el umbral);2026-07-21;https://fumetas.cl/moledor-calvo-ceramico-60mm?variant=Plateado
33691;fumetas;calvo;Moledor Calvo Cerámico 60mm - Turquesa;29990;Moledores;3;(ninguno sobre el umbral);2026-07-21;https://fumetas.cl/moledor-calvo-ceramico-60mm?variant=Turquesa
33692;fumetas;calvo;Moledor Calvo Cerámico 60mm - Verde;29990;Moledores;3;(ninguno sobre el umbral);2026-07-21;https://fumetas.cl/moledor-calvo-ceramico-60mm?variant=Verde
34440;fumetas;calvo;Calvo Glass Pipa Screen 10 cm - Amarillo;14990;Pipas;3;(ninguno sobre el umbral);2026-07-21;https://fumetas.cl/calvo-glass-pipa-con-rejilla-integrada-10-cm?variant=Amarillo
34441;fumetas;calvo;Calvo Glass Pipa Screen 10 cm - Naranjo;14990;Pipas;3;(ninguno sobre el umbral);2026-07-21;https://fumetas.cl/calvo-glass-pipa-con-rejilla-integrada-10-cm?variant=Naranjo
34442;fumetas;calvo;Calvo Glass Pipa Screen 10 cm - Blanco;14990;Pipas;3;(ninguno sobre el umbral);2026-07-21;https://fumetas.cl/calvo-glass-pipa-con-rejilla-integrada-10-cm?variant=Blanco
34444;fumetas;calvo;Calvo Glass Quemador Pyrex - Macho 14mm - Azul;3490;Repuestos para bongs y vaporizadores;3;P10375:difusor-premium-14mm(2t sim=0.30 ratio=0.47);2026-07-21;https://fumetas.cl/calvo-glass-quemador-pyrex-macho-14mm?variant=Azul
34445;fumetas;calvo;Calvo Glass Quemador Pyrex - Macho 14mm - Turquesa;3490;Repuestos para bongs y vaporizadores;3;P10375:difusor-premium-14mm(2t sim=0.30 ratio=0.47);2026-07-21;https://fumetas.cl/calvo-glass-quemador-pyrex-macho-14mm?variant=Turquesa
34447;fumetas;calvo;Calvo Glass Quemador Pyrex - Macho 14mm - Rosado;3490;Repuestos para bongs y vaporizadores;3;P10375:difusor-premium-14mm(2t sim=0.30 ratio=0.47);2026-07-21;https://fumetas.cl/calvo-glass-quemador-pyrex-macho-14mm?variant=Rosado
34448;fumetas;calvo;Calvo Glass Quemador Pyrex - Macho 14mm - Morado;3490;Repuestos para bongs y vaporizadores;3;P10375:difusor-premium-14mm(2t sim=0.30 ratio=0.47);2026-07-21;https://fumetas.cl/calvo-glass-quemador-pyrex-macho-14mm?variant=Morado
34518;fumetas;calvo;Calvo Glass Atrapa cenizas 45° - Macho 14mm - Amarillo;24990;Repuestos para bongs y vaporizadores;3;(ninguno sobre el umbral);2026-07-21;https://fumetas.cl/calvo-glass-atrapa-cenizas-macho-14mm-45?variant=Amarillo
34519;fumetas;calvo;Calvo Glass Atrapa cenizas 90° - Macho 14mm - Verde;24990;Repuestos para bongs y vaporizadores;3;(ninguno sobre el umbral);2026-07-21;https://fumetas.cl/calvo-glass-atrapa-cenizas-macho-14mm-90?variant=Verde
34520;fumetas;calvo;Calvo Glass Atrapa cenizas 90° - Macho 14mm - Amarillo;24990;Repuestos para bongs y vaporizadores;3;(ninguno sobre el umbral);2026-07-21;https://fumetas.cl/calvo-glass-atrapa-cenizas-macho-14mm-90?variant=Amarillo
34546;fumetas;calvo;Calvo Glass Bong Straight Tube American 26cm - Verde;34990;Bongs;3;(ninguno sobre el umbral);2026-07-21;https://fumetas.cl/calvo-glass-bong-straight-tube-american-26cm?variant=Verde
34547;fumetas;calvo;Calvo Glass Bong Straight Tube American 26cm - Naranjo;34990;Bongs;3;(ninguno sobre el umbral);2026-07-21;https://fumetas.cl/calvo-glass-bong-straight-tube-american-26cm?variant=Naranjo
34548;fumetas;calvo;Calvo Glass Bong Straight Tube American 26cm - Rojo;34990;Bongs;3;(ninguno sobre el umbral);2026-07-21;https://fumetas.cl/calvo-glass-bong-straight-tube-american-26cm?variant=Rojo
34549;fumetas;calvo;Calvo Glass Bong Straight Tube American 26cm - Amarillo;34990;Bongs;3;(ninguno sobre el umbral);2026-07-21;https://fumetas.cl/calvo-glass-bong-straight-tube-american-26cm?variant=Amarillo
34552;fumetas;calvo;Calvo Glass Bong Straight Tube Lite 26cm - Morado;26990;Bongs;3;(ninguno sobre el umbral);2026-07-21;https://fumetas.cl/calvo-glass-bong-straight-tube-lite-26cm?variant=Morado
34553;fumetas;calvo;Calvo Glass Bong Straight Tube Lite 26cm - Verde;26990;Bongs;3;(ninguno sobre el umbral);2026-07-21;https://fumetas.cl/calvo-glass-bong-straight-tube-lite-26cm?variant=Verde
34556;fumetas;calvo;Calvo Glass Bong Straight Tube Lite 26cm - Naranjo;26990;Bongs;3;(ninguno sobre el umbral);2026-07-21;https://fumetas.cl/calvo-glass-bong-straight-tube-lite-26cm?variant=Naranjo
34562;fumetas;calvo;Calvo Glass Pipa Horn Pipe 10 cm - B - Calor Tropical;14990;Pipas;3;(ninguno sobre el umbral);2026-07-21;https://fumetas.cl/calvo-glass-pipa-horn-pipe-10-cm?variant=B%20-%20Calor%20Tropical
34703;fumetas;calvo;Calvo Bong Dual Eye Rig 18cm - Verde;34990;Bongs;3;(ninguno sobre el umbral);2026-07-21;https://fumetas.cl/calvo-bong-dual-eye-rig-18cm?variant=Verde
34704;fumetas;calvo;Calvo Bong Dual Eye Rig 18cm - Morado;34990;Bongs;3;(ninguno sobre el umbral);2026-07-21;https://fumetas.cl/calvo-bong-dual-eye-rig-18cm?variant=Morado
34719;fumetas;calvo;Calvo Glass Bee Rig Lite 19cm - Azul;29990;Bongs;3;(ninguno sobre el umbral);2026-07-21;https://fumetas.cl/calvo-glass-bee-rig-lite-19cm?variant=Azul
34724;fumetas;calvo;Calvo Glass Bee Rig Lite 19cm - Light Green;29990;Bongs;3;(ninguno sobre el umbral);2026-07-21;https://fumetas.cl/calvo-glass-bee-rig-lite-19cm?variant=Light%20Green
34725;fumetas;calvo;Calvo Glass Bong Beaker Premium 35cm - Rojo;44990;Bongs;3;P10375:difusor-premium-14mm(2t sim=0.30 ratio=6.01);2026-07-21;https://fumetas.cl/calvo-glass-bong-beaker-lite-35cm?variant=Rojo
34726;fumetas;calvo;Calvo Glass Bong Beaker Premium 35cm - Verde;44990;Bongs;3;P10375:difusor-premium-14mm(2t sim=0.30 ratio=6.01);2026-07-21;https://fumetas.cl/calvo-glass-bong-beaker-lite-35cm?variant=Verde
34728;fumetas;calvo;Calvo Glass Bong Beaker Premium 35cm - Naranjo;44990;Bongs;3;P10375:difusor-premium-14mm(2t sim=0.30 ratio=6.01);2026-07-21;https://fumetas.cl/calvo-glass-bong-beaker-lite-35cm?variant=Naranjo
34733;fumetas;calvo;Calvo Glass Bong Beaker Premium 40cm - Turquesa;49990;Bongs;3;P10375:difusor-premium-14mm(2t sim=0.30 ratio=6.67);2026-07-21;https://fumetas.cl/calvo-glass-bong-beaker-lite-40cm?variant=Turquesa
34734;fumetas;calvo;Calvo Glass Bong Beaker Premium 40cm - Rojo;49990;Bongs;3;P10375:difusor-premium-14mm(2t sim=0.30 ratio=6.67);2026-07-21;https://fumetas.cl/calvo-glass-bong-beaker-lite-40cm?variant=Rojo
34735;fumetas;calvo;Calvo Glass Bong Beaker Premium 40cm - Verde;49990;Bongs;3;P10375:difusor-premium-14mm(2t sim=0.30 ratio=6.67);2026-07-21;https://fumetas.cl/calvo-glass-bong-beaker-lite-40cm?variant=Verde
34737;fumetas;calvo;Calvo Glass Bong Beaker Premium 45cm - Verde;54990;Bongs;3;P10375:difusor-premium-14mm(2t sim=0.30 ratio=7.34);2026-07-21;https://fumetas.cl/calvo-glass-bong-beaker-lite-45cm?variant=Verde
34738;fumetas;calvo;Calvo Glass Bong Beaker Premium 45cm - Naranja;54990;Bongs;3;P10375:difusor-premium-14mm(2t sim=0.30 ratio=7.34);2026-07-21;https://fumetas.cl/calvo-glass-bong-beaker-lite-45cm?variant=Naranja
34750;fumetas;calvo;Calvo Glass Implosion Drop Rig 23cm - Verde;39990;Bongs;3;(ninguno sobre el umbral);2026-07-21;https://fumetas.cl/calvo-glass-implosion-drop-rig-23cm?variant=Verde
34751;fumetas;calvo;Calvo Glass Implosion Drop Rig 23cm - Morado;39990;Bongs;3;(ninguno sobre el umbral);2026-07-21;https://fumetas.cl/calvo-glass-implosion-drop-rig-23cm?variant=Morado
34752;fumetas;calvo;Calvo Glass Pipa Twist Spoon 11cm - Negro;14990;Pipas;3;(ninguno sobre el umbral);2026-07-21;https://fumetas.cl/calvo-glass-pipa-twist-spoon-11cm?variant=Negro
34753;fumetas;calvo;Calvo Glass Pipa Twist Spoon 11cm - Azul;14990;Pipas;3;(ninguno sobre el umbral);2026-07-21;https://fumetas.cl/calvo-glass-pipa-twist-spoon-11cm?variant=Azul
34754;fumetas;calvo;Calvo Glass Pipa Twist Spoon 11cm - Rojo;14990;Pipas;3;(ninguno sobre el umbral);2026-07-21;https://fumetas.cl/calvo-glass-pipa-twist-spoon-11cm?variant=Rojo
34755;fumetas;calvo;Calvo Glass Pipa Twist Spoon 11cm - Naranjo;14990;Pipas;3;(ninguno sobre el umbral);2026-07-21;https://fumetas.cl/calvo-glass-pipa-twist-spoon-11cm?variant=Naranjo
34777;fumetas;calvo;Calvo Glass Quemador Perlas - Macho 18mm - Turquesa;6890;Repuestos para bongs y vaporizadores;3;(ninguno sobre el umbral);2026-07-21;https://fumetas.cl/calvo-glass-quemador-perlas-macho-18mm?variant=Turquesa
34787;fumetas;calvo;Calvo G l a s s Bong Space Horn Rig 21cm - Azul;39990;Bongs;3;(ninguno sobre el umbral);2026-07-21;https://fumetas.cl/calvo-glass-space-horn-rig-23cm?variant=Azul
34788;fumetas;calvo;Calvo G l a s s Bong Space Horn Rig 21cm - Morado;39990;Bongs;3;(ninguno sobre el umbral);2026-07-21;https://fumetas.cl/calvo-glass-space-horn-rig-23cm?variant=Morado
34789;fumetas;calvo;Calvo G l a s s Bong Space Horn Rig 21cm - Verde;39990;Bongs;3;(ninguno sobre el umbral);2026-07-21;https://fumetas.cl/calvo-glass-space-horn-rig-23cm?variant=Verde
34790;fumetas;calvo;Calvo Pipa 3 Circles Spoon 11cm - Naranjo;14990;Pipas;3;(ninguno sobre el umbral);2026-07-21;https://fumetas.cl/calvo-pipa-3-circles-spoon-11cm?variant=Naranjo
34791;fumetas;calvo;Calvo Pipa 3 Circles Spoon 11cm - Arcoiris;14990;Pipas;3;(ninguno sobre el umbral);2026-07-21;https://fumetas.cl/calvo-pipa-3-circles-spoon-11cm?variant=Arcoiris
34792;fumetas;calvo;Calvo Pipa 3 Circles Spoon 11cm - Amarillo;14990;Pipas;3;(ninguno sobre el umbral);2026-07-21;https://fumetas.cl/calvo-pipa-3-circles-spoon-11cm?variant=Amarillo
34793;fumetas;calvo;Calvo Pipa 3 Circles Spoon 11cm - Rojo;14990;Pipas;3;(ninguno sobre el umbral);2026-07-21;https://fumetas.cl/calvo-pipa-3-circles-spoon-11cm?variant=Rojo
34794;fumetas;calvo;Calvo Pipa 3 Circles Spoon 11cm - Azul;14990;Pipas;3;(ninguno sobre el umbral);2026-07-21;https://fumetas.cl/calvo-pipa-3-circles-spoon-11cm?variant=Azul
34795;fumetas;calvo;Calvo Pipa Signature Spoon 13 cm - Verde;14990;Pipas;3;(ninguno sobre el umbral);2026-07-21;https://fumetas.cl/calvo-pipa-signature-spoon-13-cm?variant=Verde
34796;fumetas;calvo;Calvo Pipa Signature Spoon 13 cm - Morado;14990;Pipas;3;(ninguno sobre el umbral);2026-07-21;https://fumetas.cl/calvo-pipa-signature-spoon-13-cm?variant=Morado
34797;fumetas;calvo;Calvo Pipa Signature Spoon 13 cm - Amarillo;14990;Pipas;3;(ninguno sobre el umbral);2026-07-21;https://fumetas.cl/calvo-pipa-signature-spoon-13-cm?variant=Amarillo
34798;fumetas;calvo;Calvo Pipa Signature Spoon 13 cm - Rojo;14990;Pipas;3;(ninguno sobre el umbral);2026-07-21;https://fumetas.cl/calvo-pipa-signature-spoon-13-cm?variant=Rojo
35000;fumetas;calvo;Calvo Glass Bong Esencial 22cm - Morado;34990;Bongs;3;(ninguno sobre el umbral);2026-07-21;https://fumetas.cl/calvo-glass-bong-shower-23cm?variant=Morado
35001;fumetas;calvo;Calvo Glass Bong Esencial 22cm - Rosado;34990;Bongs;3;(ninguno sobre el umbral);2026-07-21;https://fumetas.cl/calvo-glass-bong-shower-23cm?variant=Rosado
35003;fumetas;calvo;Calvo Glass Bong Esencial 22cm - Azul;34990;Bongs;3;(ninguno sobre el umbral);2026-07-21;https://fumetas.cl/calvo-glass-bong-shower-23cm?variant=Azul
35021;fumetas;calvo;Calvo Glass Quemador cuerno - Macho 14mm - Amarillo;8990;Repuestos para bongs y vaporizadores;3;P10375:difusor-premium-14mm(2t sim=0.30 ratio=1.20);2026-07-21;https://fumetas.cl/calvo-glass-quemador-cuerno-14mm?variant=Amarillo
35022;fumetas;calvo;Calvo Glass Quemador cuerno - Macho 14mm - Verde Oliva;8990;Repuestos para bongs y vaporizadores;3;(ninguno sobre el umbral);2026-07-21;https://fumetas.cl/calvo-glass-quemador-cuerno-14mm?variant=Verde%20Oliva
35030;fumetas;calvo;Calvo Glass Bong Rig Monster 21 cm - Naranja;56541;Bongs;3;(ninguno sobre el umbral);2026-07-21;https://fumetas.cl/calvo-glass-rig-monster-21cm?variant=Naranja
35034;fumetas;calvo;Calvo Pipa Unique Spoon 11.5cm - Amarillo;14990;Pipas;3;(ninguno sobre el umbral);2026-07-21;https://fumetas.cl/calvo-pipa-unique-spoon-115cm?variant=Amarillo
35035;fumetas;calvo;Calvo Pipa Unique Spoon 11.5cm - Morado;14990;Pipas;3;(ninguno sobre el umbral);2026-07-21;https://fumetas.cl/calvo-pipa-unique-spoon-115cm?variant=Morado
35036;fumetas;calvo;Calvo Pipa Unique Spoon 11.5cm - Rosado;14990;Pipas;3;(ninguno sobre el umbral);2026-07-21;https://fumetas.cl/calvo-pipa-unique-spoon-115cm?variant=Rosado
35037;fumetas;calvo;Calvo Pipa Unique Spoon 11.5cm - Naranjo;14990;Pipas;3;(ninguno sobre el umbral);2026-07-21;https://fumetas.cl/calvo-pipa-unique-spoon-115cm?variant=Naranjo
35038;fumetas;calvo;Calvo Pipa Unique Spoon 11.5cm - Rojo;14990;Pipas;3;(ninguno sobre el umbral);2026-07-21;https://fumetas.cl/calvo-pipa-unique-spoon-115cm?variant=Rojo
35310;fumetas;calvo;Calvo Bong Aqua Rig 19cm - Rojo;26990;Bongs;3;(ninguno sobre el umbral);2026-07-21;https://fumetas.cl/calvo-aqua-rig-19cm?variant=Rojo
35311;fumetas;calvo;Calvo Bong Aqua Rig 19cm - Amarillo;26990;Bongs;3;(ninguno sobre el umbral);2026-07-21;https://fumetas.cl/calvo-aqua-rig-19cm?variant=Amarillo
35497;fumetas;calvo;Calvo Glass Shower Head Monster 30 cm - Azul;60891;Otros parafernalia;3;(ninguno sobre el umbral);2026-07-21;https://fumetas.cl/calvo-glass-shower-head-monster-30-cm?variant=Azul
35583;fumetas;calvo;Calvo Wax Set Bubble Rig + Banger + Carb Cap - Celeste;24990;Accesorios de extraccion;3;(ninguno sobre el umbral);2026-07-21;https://fumetas.cl/calvo-wax-set-bubble-rig-banger-carb-cap?variant=Celeste
35588;fumetas;calvo;Calvo Wax Set Dab Rig + Banger + Carb Cap - Verde;24990;Accesorios de extraccion;3;(ninguno sobre el umbral);2026-07-21;https://fumetas.cl/calvo-wax-set-dab-rig-banger-carb-cap?variant=Verde
35589;fumetas;calvo;Calvo Wax Set Dab Rig + Banger + Carb Cap - Turquesa;24990;Accesorios de extraccion;3;(ninguno sobre el umbral);2026-07-21;https://fumetas.cl/calvo-wax-set-dab-rig-banger-carb-cap?variant=Turquesa
35590;fumetas;calvo;Calvo Wax Set Dab Rig + Banger + Carb Cap - Azul;24990;Accesorios de extraccion;3;(ninguno sobre el umbral);2026-07-21;https://fumetas.cl/calvo-wax-set-dab-rig-banger-carb-cap?variant=Azul
35692;fumetas;calvo;Calvo Terp Balls Luminosas 4mm - Verde;4990;Accesorios de extraccion;3;(ninguno sobre el umbral);2026-07-21;https://fumetas.cl/calvo-terp-balls-luminosas-4mm?variant=Verde
35850;fumetas;calvo;Calvo Glass Batería Cartridge 510 - Tornasol;9561;Accesorios de extraccion;3;(ninguno sobre el umbral);2026-07-21;https://fumetas.cl/calvo-glass-bateria-510?variant=Tornasol
36030;fumetas;calvo;Calvo Glass Bong Compact Skull Rig 19cm - Morado;25221;Bongs;3;(ninguno sobre el umbral);2026-07-21;https://fumetas.cl/calvo-glass-bong-skull-rig?variant=Morado
36032;fumetas;calvo;Calvo Glass Bong Compact Skull Rig 19cm - Verde;25221;Bongs;3;(ninguno sobre el umbral);2026-07-21;https://fumetas.cl/calvo-glass-bong-skull-rig?variant=Verde
36721;fumetas;calvo;Calvo Vaporizador Nectar - Negro;29990;Vaporizadores herbales;3;(ninguno sobre el umbral);2026-07-21;https://fumetas.cl/calvo-vaporizador-nectar?variant=Negro
36722;fumetas;calvo;Calvo Vaporizador Nectar - Verde;29990;Vaporizadores herbales;3;(ninguno sobre el umbral);2026-07-21;https://fumetas.cl/calvo-vaporizador-nectar?variant=Verde
36723;fumetas;calvo;Calvo Vaporizador Nectar - Rojo;29990;Vaporizadores herbales;3;(ninguno sobre el umbral);2026-07-05;https://fumetas.cl/calvo-vaporizador-nectar?variant=Rojo
37325;fumetas;calvo;Calvo Batería Pro Led Cartridge 510 - Tornasol;14990;Accesorios de extraccion;3;(ninguno sobre el umbral);2026-07-21;https://fumetas.cl/calvo-bateria-pro-led-cartridge-510?variant=Tornasol
37326;fumetas;calvo;Calvo Batería Pro Led Cartridge 510 - Rojo-Negro;14990;Accesorios de extraccion;3;(ninguno sobre el umbral);2026-07-21;https://fumetas.cl/calvo-bateria-pro-led-cartridge-510?variant=Rojo-Negro
37345;fumetas;calvo;Calvo Strip Carb Cap - Rojo;9990;Accesorios de extraccion;3;(ninguno sobre el umbral);2026-07-10;https://fumetas.cl/calvo-strip-carb-cap?variant=Rojo
37346;fumetas;calvo;Calvo Strip Carb Cap - Blanco;9990;Accesorios de extraccion;3;(ninguno sobre el umbral);2026-07-10;https://fumetas.cl/calvo-strip-carb-cap?variant=Blanco
37347;fumetas;calvo;Calvo Strip Carb Cap - Verde;9990;Accesorios de extraccion;3;(ninguno sobre el umbral);2026-07-10;https://fumetas.cl/calvo-strip-carb-cap?variant=Verde
37527;fumetas;calvo;Calvo Batería Hide Cartridge 510 - Rosado;24990;Accesorios de extraccion;3;(ninguno sobre el umbral);2026-07-21;https://fumetas.cl/calvo-bateria-hide-cartridge-510?variant=Rosado
37616;fumetas;calvo;Polera Calvo Acid - Blanco S;14990;Otros parafernalia;3;(ninguno sobre el umbral);2026-07-10;https://fumetas.cl/polera-calvo-acid?variant=Blanco%20S
37622;fumetas;calvo;Polera Calvo Street - Negro S;14990;Otros parafernalia;3;(ninguno sobre el umbral);2026-07-10;https://fumetas.cl/polera-calvo-street?variant=Negro%20S
37626;fumetas;calvo;Polera Calvo Street - Blanco S;14990;Otros parafernalia;3;(ninguno sobre el umbral);2026-07-10;https://fumetas.cl/polera-calvo-street?variant=Blanco%20S
59813;fumetas;calvo;Calvo Moledor Aura Aluminio XL 100mm - Negro;48990;Moledores;3;(ninguno sobre el umbral);2026-07-21;https://fumetas.cl/calvo-aura-moledor-aluminio-xl-100mm?variant=Negro
59814;fumetas;calvo;Calvo Moledor Aura Aluminio XL 100mm - Plateado;48990;Moledores;3;(ninguno sobre el umbral);2026-07-21;https://fumetas.cl/calvo-aura-moledor-aluminio-xl-100mm?variant=Plateado
59831;fumetas;calvo;Calvo Moledor Aura Aluminio 63mm - Negro;34990;Moledores;3;(ninguno sobre el umbral);2026-07-21;https://fumetas.cl/calvo-aura-moledor-aluminio-63mm?variant=Negro
59832;fumetas;calvo;Calvo Moledor Aura Aluminio 63mm - Rosado;34990;Moledores;3;(ninguno sobre el umbral);2026-07-21;https://fumetas.cl/calvo-aura-moledor-aluminio-63mm?variant=Rosado
59833;fumetas;calvo;Calvo Moledor Aura Aluminio 63mm - Azul;34990;Moledores;3;(ninguno sobre el umbral);2026-07-21;https://fumetas.cl/calvo-aura-moledor-aluminio-63mm?variant=Azul
59835;fumetas;calvo;Calvo Moledor Aura Aluminio 63mm - Café;34990;Moledores;3;(ninguno sobre el umbral);2026-07-21;https://fumetas.cl/calvo-aura-moledor-aluminio-63mm?variant=Caf%C3%A9
59836;fumetas;calvo;Calvo Moledor Aura Aluminio 63mm - Plateado;34990;Moledores;3;(ninguno sobre el umbral);2026-07-21;https://fumetas.cl/calvo-aura-moledor-aluminio-63mm?variant=Plateado
59845;fumetas;calvo;Calvo Lite Moledor Aluminio 50mm - Negro;10990;Moledores;3;(ninguno sobre el umbral);2026-07-21;https://fumetas.cl/moledor-calvo-lite-aluminio-50mm?variant=Negro
59846;fumetas;calvo;Calvo Lite Moledor Aluminio 50mm - Azul;10990;Moledores;3;(ninguno sobre el umbral);2026-07-21;https://fumetas.cl/moledor-calvo-lite-aluminio-50mm?variant=Azul
59847;fumetas;calvo;Calvo Lite Moledor Aluminio 50mm - Turquesa;10990;Moledores;3;(ninguno sobre el umbral);2026-07-21;https://fumetas.cl/moledor-calvo-lite-aluminio-50mm?variant=Turquesa
59848;fumetas;calvo;Calvo Lite Moledor Aluminio 50mm - Morado;10990;Moledores;3;(ninguno sobre el umbral);2026-07-21;https://fumetas.cl/moledor-calvo-lite-aluminio-50mm?variant=Morado
59849;fumetas;calvo;Calvo Lite Moledor Aluminio 50mm - Oro rosa;10990;Moledores;3;(ninguno sobre el umbral);2026-07-21;https://fumetas.cl/moledor-calvo-lite-aluminio-50mm?variant=Oro%20rosa
59850;fumetas;calvo;Calvo Lite Moledor Aluminio 50mm - Naranja;10990;Moledores;3;(ninguno sobre el umbral);2026-07-21;https://fumetas.cl/moledor-calvo-lite-aluminio-50mm?variant=Naranja
59851;fumetas;calvo;Calvo Lite Moledor Aluminio 50mm - Oro;10990;Moledores;3;(ninguno sobre el umbral);2026-07-21;https://fumetas.cl/moledor-calvo-lite-aluminio-50mm?variant=Oro
59852;fumetas;calvo;Calvo Lite Moledor Aluminio 50mm - Plateado;10990;Moledores;3;(ninguno sobre el umbral);2026-07-21;https://fumetas.cl/moledor-calvo-lite-aluminio-50mm?variant=Plateado
59853;fumetas;calvo;Calvo Lite Moledor Aluminio 50mm - Rosado;10990;Moledores;3;(ninguno sobre el umbral);2026-07-21;https://fumetas.cl/moledor-calvo-lite-aluminio-50mm?variant=Rosado
71667;fumetas;calvo;Calvo Lite Moledor Aluminio 50mm - Rojo;10990;Moledores;3;(ninguno sobre el umbral);2026-07-21;https://fumetas.cl/moledor-calvo-lite-aluminio-50mm?variant=Rojo
71677;fumetas;calvo;Moledor Calvo Lite Aluminio 63mm - Oro;17990;Moledores;3;(ninguno sobre el umbral);2026-07-21;https://fumetas.cl/moledor-calvo-lite-aluminio-63mm?variant=Oro
74189;fumetas;calvo;Calvo Glass Bong Compact Skull Rig 19cm - Amarillo;25221;Bongs;3;(ninguno sobre el umbral);2026-07-21;https://fumetas.cl/calvo-glass-bong-skull-rig?variant=Amarillo
78257;astrogrowshop;calvo;The Boss Con Candado Clave 20 Cm -Dime Bags - RED;32990;Otros parafernalia;16;(ninguno sobre el umbral);2026-07-28;https://astrogrowshop.cl/the-boss-con-candado-clave-20-cm-dime-bags?variant=RED
79429;astrogrowshop;calvo;Cap Strip -Calvo - RED;8990;Otros parafernalia;16;(ninguno sobre el umbral);2026-07-27;https://astrogrowshop.cl/cap-strip-calvo?variant=RED
79430;astrogrowshop;calvo;Cap Strip -Calvo - GREEN;8990;Otros parafernalia;16;(ninguno sobre el umbral);2026-07-27;https://astrogrowshop.cl/cap-strip-calvo?variant=GREEN
3;fumetas;clipper;Encendedor Clipper Crystal 12;990;Encendedores y sopletes;1;(ninguno sobre el umbral);2026-07-21;https://fumetas.cl/encendedor-clipper-crystal-12
4;fumetas;clipper;Encendedor Clipper Winter Plans 2;990;Encendedores y sopletes;1;(ninguno sobre el umbral);2026-07-21;https://fumetas.cl/encendedor-clipper-winter-plans-2
5;fumetas;clipper;Encendedor Clipper Racoons;990;Encendedores y sopletes;1;(ninguno sobre el umbral);2026-07-21;https://fumetas.cl/encendedor-clipper-racoons
6;fumetas;clipper;Encendedor Clipper Space Area 4;990;Encendedores y sopletes;1;(ninguno sobre el umbral);2026-07-21;https://fumetas.cl/encendedor-clipper-space-area-4
7;fumetas;clipper;Encendedor Clipper Zombie Force;990;Encendedores y sopletes;1;(ninguno sobre el umbral);2026-07-21;https://fumetas.cl/encendedor-clipper-zombie-force
8;fumetas;clipper;Encendedor Clipper Space Area 3;990;Encendedores y sopletes;1;(ninguno sobre el umbral);2026-07-21;https://fumetas.cl/encendedor-clipper-space-area-3
89;fumetas;clipper;Encendedor Clipper Space Area 1;990;Encendedores y sopletes;1;(ninguno sobre el umbral);2026-07-21;https://fumetas.cl/encendedor-clipper-space-area-1
90;fumetas;clipper;Encendedor Clipper Space Area 2;990;Encendedores y sopletes;1;(ninguno sobre el umbral);2026-07-21;https://fumetas.cl/encendedor-clipper-space-area-2
91;fumetas;clipper;Encendedor Clipper Dino Sports;990;Encendedores y sopletes;1;(ninguno sobre el umbral);2026-07-21;https://fumetas.cl/encendedor-clipper-dino-sports
92;fumetas;clipper;Encendedor Clipper Winter Plans 1;990;Encendedores y sopletes;1;(ninguno sobre el umbral);2026-07-21;https://fumetas.cl/encendedor-clipper-winter-plans-1
93;fumetas;clipper;Encendedor Clipper Horror Days 1;990;Encendedores y sopletes;1;(ninguno sobre el umbral);2026-07-21;https://fumetas.cl/encendedor-clipper-horror-days-1
101;fumetas;clipper;Clipper Gas Butano 100 ml;3190;Encendedores y sopletes;1;(ninguno sobre el umbral);2026-07-21;https://fumetas.cl/clipper-gas-butano-100-ml
103;fumetas;clipper;Encendedor Clipper Monsters 1;990;Encendedores y sopletes;1;(ninguno sobre el umbral);2026-07-21;https://fumetas.cl/encendedor-clipper-monsters-1
753;astrogrowshop;clipper;Pack Colección 4+Butano -Clipper;8490;Encendedores y sopletes;2;(ninguno sobre el umbral);2026-07-27;https://astrogrowshop.cl/pack-coleccion-4butano-clipper
12248;astrogrowshop;clipper;Encendedor Clipper Recargable Weed Rhyme – Diseño Surtido (Unidad);1000;Encendedores y sopletes;2;(ninguno sobre el umbral);2026-07-27;https://astrogrowshop.cl/encendedor-clipper-recargable-weed-rhyme-diseno-surtido-unidad
12565;astrogrowshop;clipper;Pack Clipper Soulblime Dulce 2;9050;Encendedores y sopletes;2;(ninguno sobre el umbral);2026-07-27;https://astrogrowshop.cl/pack-clipper-soulblime-dulce-2
12567;astrogrowshop;clipper;Pack Clipper Soulblime Tropical 2;9050;Encendedores y sopletes;2;(ninguno sobre el umbral);2026-07-27;https://astrogrowshop.cl/pack-clipper-soulblime-tropical-2
12620;astrogrowshop;clipper;Pack Coleccionista Clipper X5;3990;Encendedores y sopletes;2;(ninguno sobre el umbral);2026-07-27;https://astrogrowshop.cl/pack-coleccionista-clipper-x5
13339;fumetas;clipper;Encendedor Clipper Cowboy Life 2;990;Encendedores y sopletes;1;(ninguno sobre el umbral);2026-07-21;https://fumetas.cl/encendedor-clipper-cowboy-life-2
13340;fumetas;clipper;Encendedor Clipper Cowboy Life 3;990;Encendedores y sopletes;1;(ninguno sobre el umbral);2026-07-21;https://fumetas.cl/encendedor-clipper-cowboy-life-3
13341;fumetas;clipper;Encendedor Clipper Cowboy Life 4;990;Encendedores y sopletes;1;(ninguno sobre el umbral);2026-07-21;https://fumetas.cl/encendedor-clipper-cowboy-life-4
13342;fumetas;clipper;Encendedor Clipper Death Animals 1;990;Encendedores y sopletes;1;(ninguno sobre el umbral);2026-07-21;https://fumetas.cl/encendedor-clipper-death-animals-1
13343;fumetas;clipper;Encendedor Clipper Death Animals 3;990;Encendedores y sopletes;1;(ninguno sobre el umbral);2026-07-21;https://fumetas.cl/encendedor-clipper-death-animals-3
13351;fumetas;clipper;Encendedor Clipper Marked Skulls 1;990;Encendedores y sopletes;1;(ninguno sobre el umbral);2026-07-21;https://fumetas.cl/encendedor-clipper-marked-skulls-1
13355;fumetas;clipper;Encendedor Clipper Motor Sport 1;990;Encendedores y sopletes;1;(ninguno sobre el umbral);2026-07-21;https://fumetas.cl/encendedor-clipper-motor-sport-1
13356;fumetas;clipper;Encendedor Clipper Motor Sport 3;990;Encendedores y sopletes;1;(ninguno sobre el umbral);2026-07-21;https://fumetas.cl/encendedor-clipper-motor-sport-3
16957;astrogrowshop;clipper;Pack Moledor Galaxy 38 mm de Aluminio;20990;Moledores;2;(ninguno sobre el umbral);2026-07-28;https://astrogrowshop.cl/pack-moledor-galaxy-38-mm-de-aluminio
16958;astrogrowshop;clipper;Pack Moledor Galaxy 55 mm de Aluminio;23990;Moledores;2;(ninguno sobre el umbral);2026-07-28;https://astrogrowshop.cl/pack-moledor-galaxy-55-mm-de-aluminio
16959;astrogrowshop;clipper;Pack Moledor Galaxy 63 mm de Aluminio;26990;Moledores;2;(ninguno sobre el umbral);2026-07-28;https://astrogrowshop.cl/pack-moledor-galaxy-63-mm-de-aluminio
18014;astrogrowshop;clipper;Variedades Encendedores-Clipper;990;Encendedores y sopletes;2;(ninguno sobre el umbral);2026-07-27;https://astrogrowshop.cl/variedades-encendedores-clipper
18139;astrogrowshop;clipper;Pack Clipper Soulblime Dulce;6680;Encendedores y sopletes;2;(ninguno sobre el umbral);2026-07-27;https://astrogrowshop.cl/pack-clipper-soulblime-dulce
18140;astrogrowshop;clipper;Pack Clipper Soulblime Frutal;6680;Encendedores y sopletes;2;(ninguno sobre el umbral);2026-07-27;https://astrogrowshop.cl/pack-clipper-soulblime-frutal
19292;fumetas;clipper;Encendedor Clipper Metálico Classic Cars;6990;Encendedores y sopletes;1;(ninguno sobre el umbral);2026-06-13;https://fumetas.cl/encendedor-clipper-metalico-clasicc-cars
19468;fumetas;clipper;Encendedor Clipper Cops And Robbers;990;Encendedores y sopletes;1;(ninguno sobre el umbral);2026-07-21;https://fumetas.cl/encendedor-clipper-cops-and-robbers
19590;fumetas;clipper;Encendedor Clipper Animals Zombies;990;Encendedores y sopletes;1;(ninguno sobre el umbral);2026-07-21;https://fumetas.cl/encendedor-clipper-animals-zombies
19595;fumetas;clipper;Encendedor Clipper Baroque Grass;990;Encendedores y sopletes;1;(ninguno sobre el umbral);2026-07-21;https://fumetas.cl/encendedor-clipper-baroque-grass
19596;fumetas;clipper;Encendedor Clipper Be Hippie;990;Encendedores y sopletes;1;(ninguno sobre el umbral);2026-07-21;https://fumetas.cl/encendedor-clipper-be-hippie
19623;fumetas;clipper;Encendedor Clipper Fruit Strains;990;Encendedores y sopletes;1;(ninguno sobre el umbral);2026-07-21;https://fumetas.cl/encendedor-clipper-fruit-strains
19665;fumetas;clipper;Encendedor Clipper Mushrooms Skulls;990;Encendedores y sopletes;1;(ninguno sobre el umbral);2026-07-21;https://fumetas.cl/encendedor-clipper-mushrooms-skulls
19690;fumetas;clipper;Encendedor Clipper See You;990;Encendedores y sopletes;1;(ninguno sobre el umbral);2026-07-21;https://fumetas.cl/encendedor-clipper-see-you
19718;fumetas;clipper;Encendedor Clipper Unicorn Sings;990;Encendedores y sopletes;1;(ninguno sobre el umbral);2026-07-21;https://fumetas.cl/encendedor-clipper-unicorn-sings
19890;fumetas;clipper;Encendedor Clipper Elephants;990;Encendedores y sopletes;1;(ninguno sobre el umbral);2026-07-21;https://fumetas.cl/encendedor-clipper-elephants
19899;fumetas;clipper;Encendedor Clipper Raw;990;Encendedores y sopletes;1;(ninguno sobre el umbral);2026-07-21;https://fumetas.cl/encendedor-clipper-raw
35710;fumetas;clipper;Encendedor Clipper Metálico Classic Cars - Plateado;6990;Encendedores y sopletes;1;(ninguno sobre el umbral);2026-07-21;https://fumetas.cl/encendedor-clipper-metalico-clasicc-cars?variant=Plateado
35711;fumetas;clipper;Encendedor Clipper Metálico Classic Cars - Dorado;6990;Encendedores y sopletes;1;(ninguno sobre el umbral);2026-07-21;https://fumetas.cl/encendedor-clipper-metalico-clasicc-cars?variant=Dorado
35712;fumetas;clipper;Encendedor Clipper Metálico Classic Cars - Cobre;6990;Encendedores y sopletes;1;(ninguno sobre el umbral);2026-07-21;https://fumetas.cl/encendedor-clipper-metalico-clasicc-cars?variant=Cobre
35866;fumetas;clipper;Encendedor Clipper Metalico Tottems - Dorado;6990;Encendedores y sopletes;1;(ninguno sobre el umbral);2026-07-21;https://fumetas.cl/encendedor-clipper-metalico-tottem?variant=Dorado
35867;fumetas;clipper;Encendedor Clipper Metalico Tottems - Negro;6990;Encendedores y sopletes;1;(ninguno sobre el umbral);2026-07-21;https://fumetas.cl/encendedor-clipper-metalico-tottem?variant=Negro
35868;fumetas;clipper;Encendedor Clipper Metalico Tottems - Plateado;6990;Encendedores y sopletes;1;(ninguno sobre el umbral);2026-07-21;https://fumetas.cl/encendedor-clipper-metalico-tottem?variant=Plateado
19926;fumetas;cookies;G Pen Silicone Mouthpiece Roam Cookies;10990;Otros parafernalia;1;(ninguno sobre el umbral);2026-07-21;https://fumetas.cl/grenco-silicone-mouthpiece-roam-cookies-g-pen
35274;fumetas;cookies;Blunt Wrap Platinum x2 - Cookies and Cream;990;Conos y blunts;1;(ninguno sobre el umbral);2026-07-21;https://fumetas.cl/blunt-wrap-platinum-x2?variant=Cookies%20and%20Cream
37134;fumetas;cookies;Blunt Kush Terpene Infused x2 - Pink Cookies;1490;Conos y blunts;1;(ninguno sobre el umbral);2026-07-21;https://fumetas.cl/blunt-kush-terpene-infused?variant=Pink%20Cookies
22981;astrogrowshop;dime-bags;Collector Con Candado 22Cm Smell Proof Camo-Dime Bags;27990;Otros parafernalia;8;P10488:the-collector-22cm(2t sim=0.31 ratio=1.08);2026-06-12;https://astrogrowshop.cl/collector-con-candado-22cm-smell-proof-dime-bags
22982;astrogrowshop;dime-bags;Collector Con Candado 30Cm Smell Proof Camo-Dime Bags;32990;Otros parafernalia;8;P10489:the-collector-30cm(2t sim=0.31 ratio=1.10);2026-06-12;https://astrogrowshop.cl/collector-con-candado-30cm-smell-proof-dime-bags
23544;astrogrowshop;dime-bags;Godfella Con Lock 17 Cm Black-Dime Bags;32990;Otros parafernalia;8;(ninguno sobre el umbral);2026-07-27;https://astrogrowshop.cl/godfella-con-lock-17-cm-black-dime-bags
23545;astrogrowshop;dime-bags;Godfella Con Lock 25 Cm Black-Dime Bags;42990;Otros parafernalia;8;(ninguno sobre el umbral);2026-07-27;https://astrogrowshop.cl/godfella-con-lock-25-cm-black-dime-bags
23562;astrogrowshop;dime-bags;The Boss Con Candado Clave 25 Cm -Dime Bags;37990;Otros parafernalia;8;P10490:the-boss-25cm(2t sim=0.55 ratio=1.25) P10491:the-boss-20cm(2t sim=0.42 ratio=1.40) P10624:bag-goodfella-25cm(2t sim=0.33 ratio=0.98);2026-06-13;https://astrogrowshop.cl/the-boss-con-candado-clave-25-cm-dime-bags
23565;astrogrowshop;dime-bags;The Soldier Con Lock 22 Cm Black-Dime Bags;51990;Otros parafernalia;8;P10536:the-soldier-22cm(2t sim=0.45 ratio=1.15) P10488:the-collector-22cm(2t sim=0.33 ratio=2.00);2026-07-27;https://astrogrowshop.cl/the-soldier-con-lock-22-cm-black-dime-bags
31365;astrogrowshop;dime-bags;Collector Con Candado 22Cm Smell Proof Camo-Dime Bags - Verde;24990;Otros parafernalia;8;(ninguno sobre el umbral);2026-07-10;https://astrogrowshop.cl/collector-con-candado-22cm-smell-proof-dime-bags?variant=Verde
31366;astrogrowshop;dime-bags;Collector Con Candado 22Cm Smell Proof Camo-Dime Bags - Negro;24990;Otros parafernalia;8;(ninguno sobre el umbral);2026-07-10;https://astrogrowshop.cl/collector-con-candado-22cm-smell-proof-dime-bags?variant=Negro
31367;astrogrowshop;dime-bags;Collector Con Candado 22Cm Smell Proof Camo-Dime Bags - Rojo;24990;Otros parafernalia;8;(ninguno sobre el umbral);2026-07-10;https://astrogrowshop.cl/collector-con-candado-22cm-smell-proof-dime-bags?variant=Rojo
31370;astrogrowshop;dime-bags;Collector Con Candado 30Cm Smell Proof Camo-Dime Bags - Verde;30990;Otros parafernalia;8;(ninguno sobre el umbral);2026-07-10;https://astrogrowshop.cl/collector-con-candado-30cm-smell-proof-dime-bags?variant=Verde
31371;astrogrowshop;dime-bags;Collector Con Candado 30Cm Smell Proof Camo-Dime Bags - Rojo;30990;Otros parafernalia;8;(ninguno sobre el umbral);2026-07-10;https://astrogrowshop.cl/collector-con-candado-30cm-smell-proof-dime-bags?variant=Rojo
32293;astrogrowshop;dime-bags;The Boss Con Candado Clave 25 Cm -Dime Bags - Verde;35990;Otros parafernalia;8;P10490:the-boss-25cm(2t sim=0.50 ratio=1.18) P10491:the-boss-20cm(2t sim=0.38 ratio=1.32) P10624:bag-goodfella-25cm(2t sim=0.31 ratio=0.93);2026-07-10;https://astrogrowshop.cl/the-boss-con-candado-clave-25-cm-dime-bags?variant=Verde
32294;astrogrowshop;dime-bags;The Boss Con Candado Clave 25 Cm -Dime Bags - Rojo;35990;Otros parafernalia;8;P10490:the-boss-25cm(2t sim=0.50 ratio=1.18) P10491:the-boss-20cm(2t sim=0.38 ratio=1.32) P10624:bag-goodfella-25cm(2t sim=0.31 ratio=0.93);2026-07-10;https://astrogrowshop.cl/the-boss-con-candado-clave-25-cm-dime-bags?variant=Rojo
77215;astrogrowshop;dime-bags;Collector Con Candado 22Cm Smell Proof Camo-Dime Bags - RED;24990;Otros parafernalia;8;(ninguno sobre el umbral);2026-07-27;https://astrogrowshop.cl/collector-con-candado-22cm-smell-proof-dime-bags?variant=RED
77217;astrogrowshop;dime-bags;Collector Con Candado 30Cm Smell Proof Camo-Dime Bags - BLACK;30990;Otros parafernalia;8;(ninguno sobre el umbral);2026-07-27;https://astrogrowshop.cl/collector-con-candado-30cm-smell-proof-dime-bags?variant=BLACK
77219;astrogrowshop;dime-bags;Collector Con Candado 30Cm Smell Proof Camo-Dime Bags - RED;30990;Otros parafernalia;8;(ninguno sobre el umbral);2026-07-27;https://astrogrowshop.cl/collector-con-candado-30cm-smell-proof-dime-bags?variant=RED
35561;fumetas;dynavap;Vaporizador DynaVap Kit G3;44990;Vaporizadores herbales;4;(ninguno sobre el umbral);2026-07-28;https://fumetas.cl/vaporizador-dynavap-g3
1215;fumetas;focus-v;Focus V Dab Swabs – Cotonos de Limpieza 30 uds.;3190;Limpieza;3;(ninguno sobre el umbral);2026-07-21;https://fumetas.cl/focus-v-dab-swabs-hisopos-organicos-de-limpieza-30-unidades
12971;fumetas;focus-v;Atomizador Focus V Intelli-Core Para Hierba Seca;39990;Otros parafernalia;3;P10414:intelli-core-hierba-carta-2(2t sim=0.63 ratio=0.91);2026-07-21;https://fumetas.cl/atomizador-focus-v-intelli-core-para-hierba-seca
12988;fumetas;focus-v;Focus V Atomizador Intelli-Core Max;119990;Otros parafernalia;3;P10414:intelli-core-hierba-carta-2(2t sim=0.38 ratio=2.74);2026-07-21;https://fumetas.cl/focus-v-atomizador-intelli-core-max
13581;fumetas;focus-v;Focus V Wipes – Toallitas de Limpieza 50 uds.;3990;Limpieza;3;(ninguno sobre el umbral);2026-07-21;https://fumetas.cl/focus-v-wipes-toallitas-de-limpieza-50-uds
18091;astrogrowshop;focus-v;SABER DAB TOOL-FOCUS V;69990;Vaporizadores herbales;1;(ninguno sobre el umbral);2026-06-13;https://astrogrowshop.cl/saber-dab-tool-focus-v
19494;fumetas;focus-v;Focus V Saber - Dabber Eléctronico;49990;Accesorios de extraccion;3;(ninguno sobre el umbral);2026-06-13;https://fumetas.cl/focus-v-saber-dabber-electronico
19753;fumetas;focus-v;Focus V Aeris Bubbler;109990;Bongs;3;P10460:bateria-intercambiable-aeris(2t sim=0.33 ratio=1.10);2026-06-13;https://fumetas.cl/focus-v-aeris-bubbler
33229;astrogrowshop;focus-v;SABER DAB TOOL-FOCUS V - FOREST;69990;Vaporizadores herbales;1;(ninguno sobre el umbral);2026-07-27;https://astrogrowshop.cl/saber-dab-tool-focus-v?variant=FOREST
33231;astrogrowshop;focus-v;SABER DAB TOOL-FOCUS V - Negro;69990;Vaporizadores herbales;1;(ninguno sobre el umbral);2026-07-27;https://astrogrowshop.cl/saber-dab-tool-focus-v?variant=Negro
33233;astrogrowshop;focus-v;SABER DAB TOOL-FOCUS V - CLEAR;69990;Vaporizadores herbales;1;(ninguno sobre el umbral);2026-07-27;https://astrogrowshop.cl/saber-dab-tool-focus-v?variant=CLEAR
36436;fumetas;focus-v;Focus V Aeris Bubbler - Negro;109990;Bongs;3;(ninguno sobre el umbral);2026-07-21;https://fumetas.cl/focus-v-aeris-bubbler?variant=Negro
78535;astrogrowshop;focus-v;Burbujeador de Agua AERIS (Bubbler) - Focus V - GREEN;109990;Vaporizadores herbales;1;(ninguno sobre el umbral);2026-07-27;https://astrogrowshop.cl/burbujeador-de-agua-aeris-bubbler-focus-v?variant=GREEN
78539;astrogrowshop;focus-v;Burbujeador de Agua AERIS (Bubbler) - Focus V - SMOKE;109990;Vaporizadores herbales;1;(ninguno sobre el umbral);2026-07-27;https://astrogrowshop.cl/burbujeador-de-agua-aeris-bubbler-focus-v?variant=SMOKE
78576;astrogrowshop;focus-v;Kit de Silicona y SWIVEL para Carta 2 y Carta Sport - Focus V - TEAL;49990;Vaporizadores herbales;1;(ninguno sobre el umbral);2026-07-27;https://astrogrowshop.cl/kit-de-silicona-y-swivel-para-carta-2-y-carta-sport-focus-v?variant=TEAL
12989;fumetas;galaxy;Galaxy Batería Cartridge 510;11490;Accesorios de extraccion;7;P10595:bateria-escondida-black(2t sim=0.43 ratio=0.52);2026-06-13;https://fumetas.cl/galaxy-bateria-cartridge-18v
17948;astrogrowshop;galaxy;Case Ceramic -Galaxy;16990;Otros parafernalia;1;(ninguno sobre el umbral);2026-06-13;https://astrogrowshop.cl/case-ceramic-galaxy
18047;astrogrowshop;galaxy;Snuffer-Galaxy;7990;Otros parafernalia;1;(ninguno sobre el umbral);2026-06-13;https://astrogrowshop.cl/snuffer-galaxy
19924;fumetas;galaxy;Galaxy Batería Hide Cartridge 510;24990;Accesorios de extraccion;7;P10595:bateria-escondida-black(2t sim=0.38 ratio=1.14);2026-07-21;https://fumetas.cl/galaxy-bateria-hide-cartridge-510
20151;fumetas;galaxy;Case Galaxy Contenedor Pre-roll;11990;Contenedores y estuches;7;(ninguno sobre el umbral);2026-06-13;https://fumetas.cl/case-galaxy-contenedor-pre-roll
31464;astrogrowshop;galaxy;CENICERO ASH HOLDER GLOW IN THE DARK - GALAXY - Rosa;2840;Bandejas y ceniceros;1;(ninguno sobre el umbral);2026-07-10;https://astrogrowshop.cl/cenicero-ash-holder-glow-in-the-dark-galaxy?variant=Rosa
31467;astrogrowshop;galaxy;CENICERO ASH HOLDER GLOW IN THE DARK - GALAXY - Amarillo;2840;Bandejas y ceniceros;1;(ninguno sobre el umbral);2026-07-10;https://astrogrowshop.cl/cenicero-ash-holder-glow-in-the-dark-galaxy?variant=Amarillo
32944;astrogrowshop;galaxy;Case Ceramic -Galaxy - Morado;16990;Otros parafernalia;1;(ninguno sobre el umbral);2026-07-10;https://astrogrowshop.cl/case-ceramic-galaxy?variant=Morado
33161;astrogrowshop;galaxy;Snuffer-Galaxy - Azul;6990;Otros parafernalia;1;(ninguno sobre el umbral);2026-07-10;https://astrogrowshop.cl/snuffer-galaxy?variant=Azul
33162;astrogrowshop;galaxy;Snuffer-Galaxy - Verde;6990;Otros parafernalia;1;(ninguno sobre el umbral);2026-07-10;https://astrogrowshop.cl/snuffer-galaxy?variant=Verde
33163;astrogrowshop;galaxy;Snuffer-Galaxy - Gris;6990;Otros parafernalia;1;(ninguno sobre el umbral);2026-07-10;https://astrogrowshop.cl/snuffer-galaxy?variant=Gris
33164;astrogrowshop;galaxy;Snuffer-Galaxy - Oro rosa;6990;Otros parafernalia;1;(ninguno sobre el umbral);2026-07-10;https://astrogrowshop.cl/snuffer-galaxy?variant=Oro%20rosa
33165;astrogrowshop;galaxy;Snuffer-Galaxy - Morado;6990;Otros parafernalia;1;(ninguno sobre el umbral);2026-07-10;https://astrogrowshop.cl/snuffer-galaxy?variant=Morado
33166;astrogrowshop;galaxy;Snuffer-Galaxy - Plata;6990;Otros parafernalia;1;(ninguno sobre el umbral);2026-07-10;https://astrogrowshop.cl/snuffer-galaxy?variant=Plata
33551;fumetas;galaxy;Moledor Galaxy Aluminio 63mm - Rosado;20990;Moledores;7;(ninguno sobre el umbral);2026-07-28;https://fumetas.cl/moledor-galaxy-aluminio-63mm?variant=Rosado
33552;fumetas;galaxy;Moledor Galaxy Aluminio 63mm - Morado;20990;Moledores;7;(ninguno sobre el umbral);2026-07-28;https://fumetas.cl/moledor-galaxy-aluminio-63mm?variant=Morado
33554;fumetas;galaxy;Moledor Galaxy Aluminio 63mm - Oro rosa;20990;Moledores;7;(ninguno sobre el umbral);2026-07-28;https://fumetas.cl/moledor-galaxy-aluminio-63mm?variant=Oro%20rosa
33555;fumetas;galaxy;Moledor Galaxy Aluminio 63mm - Gris;20990;Moledores;7;(ninguno sobre el umbral);2026-07-28;https://fumetas.cl/moledor-galaxy-aluminio-63mm?variant=Gris
33556;fumetas;galaxy;Moledor Galaxy Aluminio 63mm - Azul;20990;Moledores;7;(ninguno sobre el umbral);2026-07-28;https://fumetas.cl/moledor-galaxy-aluminio-63mm?variant=Azul
33559;fumetas;galaxy;Moledor Galaxy Cerámico 60mm - Verde Medianoche;31990;Moledores;7;(ninguno sobre el umbral);2026-07-28;https://fumetas.cl/moledor-galaxy-ceramico-60mm?variant=Verde%20Medianoche
33560;fumetas;galaxy;Moledor Galaxy Cerámico 60mm - Menta;31990;Moledores;7;(ninguno sobre el umbral);2026-07-28;https://fumetas.cl/moledor-galaxy-ceramico-60mm?variant=Menta
33562;fumetas;galaxy;Moledor Galaxy Cerámico 60mm - Lila;31990;Moledores;7;(ninguno sobre el umbral);2026-07-28;https://fumetas.cl/moledor-galaxy-ceramico-60mm?variant=Lila
33674;fumetas;galaxy;Moledor Galaxy Aluminio 73 mm - Azul;31990;Moledores;7;(ninguno sobre el umbral);2026-07-21;https://fumetas.cl/moledor-galaxy-73-mm-aluminio?variant=Azul
33677;fumetas;galaxy;Moledor Galaxy Aluminio 73 mm - Oro rosa;31990;Moledores;7;(ninguno sobre el umbral);2026-07-21;https://fumetas.cl/moledor-galaxy-73-mm-aluminio?variant=Oro%20rosa
33678;fumetas;galaxy;Moledor Galaxy Aluminio 73 mm - Dorado;31990;Moledores;7;(ninguno sobre el umbral);2026-07-21;https://fumetas.cl/moledor-galaxy-73-mm-aluminio?variant=Dorado
33679;fumetas;galaxy;Moledor Galaxy Aluminio 73 mm - Verde;31990;Moledores;7;(ninguno sobre el umbral);2026-07-21;https://fumetas.cl/moledor-galaxy-73-mm-aluminio?variant=Verde
33680;fumetas;galaxy;Moledor Galaxy Aluminio 73 mm - Plateado;31990;Moledores;7;(ninguno sobre el umbral);2026-07-21;https://fumetas.cl/moledor-galaxy-73-mm-aluminio?variant=Plateado
33699;fumetas;galaxy;Moledor Galaxy Pro Model 63mm - Plateado;34990;Moledores;7;(ninguno sobre el umbral);2026-07-21;https://fumetas.cl/moledor-galaxy-pro-model-60mm?variant=Plateado
33702;fumetas;galaxy;Moledor Galaxy Pro Model 63mm - Rosado;34990;Moledores;7;(ninguno sobre el umbral);2026-07-21;https://fumetas.cl/moledor-galaxy-pro-model-60mm?variant=Rosado
33703;fumetas;galaxy;Moledor Galaxy Pro Model 63mm - Azul;34990;Moledores;7;(ninguno sobre el umbral);2026-07-21;https://fumetas.cl/moledor-galaxy-pro-model-60mm?variant=Azul
33704;fumetas;galaxy;Moledor Galaxy Pro Model 63mm - Morado;34990;Moledores;7;(ninguno sobre el umbral);2026-07-21;https://fumetas.cl/moledor-galaxy-pro-model-60mm?variant=Morado
33705;fumetas;galaxy;Moledor Galaxy Pro Model 63mm - Gris;34990;Moledores;7;(ninguno sobre el umbral);2026-07-21;https://fumetas.cl/moledor-galaxy-pro-model-60mm?variant=Gris
33706;fumetas;galaxy;Moledor Galaxy Pro Model 63mm - Rojo;34990;Moledores;7;(ninguno sobre el umbral);2026-07-21;https://fumetas.cl/moledor-galaxy-pro-model-60mm?variant=Rojo
34255;fumetas;galaxy;Cenicero Galaxy Ash Holder - Rosado;2990;Bandejas y ceniceros;7;(ninguno sobre el umbral);2026-07-21;https://fumetas.cl/cenicero-galaxy-ash-holder?variant=Rosado
34257;fumetas;galaxy;Cenicero Galaxy Ash Holder - Naranjo;2990;Bandejas y ceniceros;7;(ninguno sobre el umbral);2026-07-21;https://fumetas.cl/cenicero-galaxy-ash-holder?variant=Naranjo
34317;fumetas;galaxy;Galaxy Batería Cartridge 510 - Negro;11490;Accesorios de extraccion;7;P10595:bateria-escondida-black(2t sim=0.38 ratio=0.52);2026-07-21;https://fumetas.cl/galaxy-bateria-cartridge-18v?variant=Negro
34318;fumetas;galaxy;Galaxy Batería Cartridge 510 - Blanco;11490;Accesorios de extraccion;7;P10595:bateria-escondida-black(2t sim=0.38 ratio=0.52);2026-07-21;https://fumetas.cl/galaxy-bateria-cartridge-18v?variant=Blanco
34319;fumetas;galaxy;Galaxy Batería Cartridge 510 - Azul;11490;Accesorios de extraccion;7;P10595:bateria-escondida-black(2t sim=0.38 ratio=0.52);2026-07-21;https://fumetas.cl/galaxy-bateria-cartridge-18v?variant=Azul
79075;astrogrowshop;galaxy;Case Ceramic -Galaxy - PURPLE;16990;Otros parafernalia;1;(ninguno sobre el umbral);2026-07-27;https://astrogrowshop.cl/case-ceramic-galaxy?variant=PURPLE
79248;astrogrowshop;galaxy;Snuffer-Galaxy - BLUE;6990;Otros parafernalia;1;(ninguno sobre el umbral);2026-07-27;https://astrogrowshop.cl/snuffer-galaxy?variant=BLUE
79249;astrogrowshop;galaxy;Snuffer-Galaxy - GREEN;6990;Otros parafernalia;1;(ninguno sobre el umbral);2026-07-27;https://astrogrowshop.cl/snuffer-galaxy?variant=GREEN
79250;astrogrowshop;galaxy;Snuffer-Galaxy - GREY;6990;Otros parafernalia;1;(ninguno sobre el umbral);2026-07-27;https://astrogrowshop.cl/snuffer-galaxy?variant=GREY
79251;astrogrowshop;galaxy;Snuffer-Galaxy - GOLD ROSE;6990;Otros parafernalia;1;(ninguno sobre el umbral);2026-07-27;https://astrogrowshop.cl/snuffer-galaxy?variant=GOLD%20ROSE
79252;astrogrowshop;galaxy;Snuffer-Galaxy - PURPLE;6990;Otros parafernalia;1;(ninguno sobre el umbral);2026-07-27;https://astrogrowshop.cl/snuffer-galaxy?variant=PURPLE
79253;astrogrowshop;galaxy;Snuffer-Galaxy - SILVER;6990;Otros parafernalia;1;(ninguno sobre el umbral);2026-07-27;https://astrogrowshop.cl/snuffer-galaxy?variant=SILVER
90552;astrogrowshop;galaxy;CENICERO ASH HOLDER GLOW IN THE DARK - GALAXY;2840;Bandejas y ceniceros;1;(ninguno sobre el umbral);2026-07-27;https://astrogrowshop.cl/cenicero-ash-holder-glow-in-the-dark-galaxy-1
18006;astrogrowshop;g-pen;Vaporizador para extractos Connect Dr. Greenthumbs-G Pen;152990;Accesorios de extraccion;1;(ninguno sobre el umbral);2026-07-27;https://astrogrowshop.cl/vaporizador-connect-dr-greenthumbs-g-pen
763;astrogrowshop;g-rollz;BOLSITAS HERMETICAS ANTIOLOR -G-ROLLZ;6990;Contenedores y estuches;3;(ninguno sobre el umbral);2026-06-13;https://astrogrowshop.cl/bolsitas-hermeticas-antiolor-g-rollz
12491;astrogrowshop;g-rollz;HEMPS WRAPS X4 15U-G-ROLLZ;29990;Conos y blunts;3;(ninguno sobre el umbral);2026-06-13;https://astrogrowshop.cl/hemps-wraps-x4-15u-g-rollz
32502;astrogrowshop;g-rollz;HEMPS WRAPS X4 15U-G-ROLLZ - GRAPE;29990;Conos y blunts;3;(ninguno sobre el umbral);2026-07-27;https://astrogrowshop.cl/hemps-wraps-x4-15u-g-rollz?variant=GRAPE
33304;astrogrowshop;g-rollz;BOLSITAS HERMETICAS ANTIOLOR -G-ROLLZ - BANKSY FLOWER 100X125MM 8U;6990;Contenedores y estuches;3;(ninguno sobre el umbral);2026-07-27;https://astrogrowshop.cl/bolsitas-hermeticas-antiolor-g-rollz?variant=BANKSY%20FLOWER%20100X125MM%208U
33307;astrogrowshop;g-rollz;BOLSITAS HERMETICAS ANTIOLOR -G-ROLLZ - BANKSY PANDA GUNNIN 65X85 MM 10U;6990;Contenedores y estuches;3;(ninguno sobre el umbral);2026-07-27;https://astrogrowshop.cl/bolsitas-hermeticas-antiolor-g-rollz?variant=BANKSY%20PANDA%20GUNNIN%2065X85%20MM%2010U
12560;astrogrowshop;hemper;Filtro De Reemplazo Blaze The Cactus Pack X3;32990;Filtros y boquillas;32;P10540:smoke-fiends-blaze-the-cactus(2t sim=0.31 ratio=1.23);2026-07-27;https://astrogrowshop.cl/filtro-de-reemplazo-blaze-the-cactus-pack-x3
19393;fumetas;hightrip;HighTrip Pin Trascendence;8990;Otros parafernalia;5;P10682:pin-joint(2t sim=0.40 ratio=1.12) P10683:pin-crossjoint(2t sim=0.40 ratio=0.99) P10873:pin-highskulls-2(2t sim=0.40 ratio=1.12);2026-07-21;https://fumetas.cl/hightrip-pin-transcendence-1
20223;fumetas;hightrip;HighTrip Pin Highfries;8091;Otros parafernalia;5;P10682:pin-joint(2t sim=0.40 ratio=1.01) P10683:pin-crossjoint(2t sim=0.40 ratio=0.89) P10873:pin-highskulls-2(2t sim=0.40 ratio=1.01);2026-07-10;https://fumetas.cl/hightrip-pin-highfries
20224;fumetas;hightrip;HighTrip Pin Cenicero 420;8991;Bandejas y ceniceros;5;P10682:pin-joint(2t sim=0.33 ratio=1.12) P10683:pin-crossjoint(2t sim=0.33 ratio=0.99) P10873:pin-highskulls-2(2t sim=0.33 ratio=1.12);2026-07-10;https://fumetas.cl/hightrip-pin-transcendence
33421;astrogrowshop;hightrip;Pin-Hightrip - HIGH SKULLS 1;7990;Otros parafernalia;2;(ninguno sobre el umbral);2026-07-10;https://astrogrowshop.cl/pin-hightrip?variant=HIGH%20SKULLS%201
2618;astrogrowshop;kasvi;Filtro De Carbón Activado-Kasvi;42990;Filtros y boquillas;4;(ninguno sobre el umbral);2026-07-05;https://astrogrowshop.cl/filtro-de-carbon-activado-kasvi
46716;astrogrowshop;kasvi;Ducto Aluminio 10 Mts -Kasvi - 200 MM;35990;Otros parafernalia;4;(ninguno sobre el umbral);2026-07-27;https://astrogrowshop.cl/ducto-aluminio-10-mts-kasvi?variant=200%20MM
46717;astrogrowshop;kasvi;Ducto Aluminio 10 Mts -Kasvi - 250 MM;46990;Otros parafernalia;4;(ninguno sobre el umbral);2026-07-27;https://astrogrowshop.cl/ducto-aluminio-10-mts-kasvi?variant=250%20MM
47693;astrogrowshop;kasvi;Abrazadera Metalica -Kasvi - 100MM;1390;Otros parafernalia;4;(ninguno sobre el umbral);2026-07-27;https://astrogrowshop.cl/abrazadera-metalica-kasvi?variant=100MM
47694;astrogrowshop;kasvi;Abrazadera Metalica -Kasvi - 125MM;1590;Otros parafernalia;4;(ninguno sobre el umbral);2026-07-27;https://astrogrowshop.cl/abrazadera-metalica-kasvi?variant=125MM
47697;astrogrowshop;kasvi;Abrazadera Metalica -Kasvi - 250MM;2290;Otros parafernalia;4;(ninguno sobre el umbral);2026-07-27;https://astrogrowshop.cl/abrazadera-metalica-kasvi?variant=250MM
49998;fumetas;kasvi;Kasvi Gramera Digital Mini Profesional 500g / Presicion 0.1g;9990;Otros parafernalia;6;(ninguno sobre el umbral);2026-07-21;https://fumetas.cl/kasvi-balanza-digital-mini-profesional-500g
51599;fumetas;kasvi;Kasvi Tijera Razor Pro Curva;12990;Otros parafernalia;6;(ninguno sobre el umbral);2026-07-21;https://fumetas.cl/kasvi-tijera-razor-pro-curva
51600;fumetas;kasvi;Kasvi Tijera Razor Pro Straight;12790;Otros parafernalia;6;(ninguno sobre el umbral);2026-07-21;https://fumetas.cl/kasvi-tijera-razor-pro-straight
73498;fumetas;kasvi;Kasvi Medidor pH / EC / TDS Digital Continuo 5 en 1;99990;Otros parafernalia;6;(ninguno sobre el umbral);2026-07-21;https://fumetas.cl/kasvi-medidor-ph-ec-tds-digital-continuo-5-en-1
78579;astrogrowshop;kasvi;Malla De Cultivo 1.5X4.5Mt;5990;Otros parafernalia;4;(ninguno sobre el umbral);2026-07-27;https://astrogrowshop.cl/malla-de-cultivo-15x45mt
449;fumetas;kush-hemp;Kush Cono de Oro Hemp Preenrolado King Size 24K;11990;Conos y blunts;1;P10196:gold-cone-1u(2t sim=0.46 ratio=0.80);2026-07-21;https://fumetas.cl/kush-cono-de-oro-hemp-preenrolado-king-size-24k
2085;fumetas;kush-hemp;Conos Blunt Kush Hemp x2 - Sabores;1490;Conos y blunts;1;(ninguno sobre el umbral);2026-06-13;https://fumetas.cl/conos-kush-hemp-sabores
20067;fumetas;kush-hemp;Blunt Kush Terpene Infused x2;1490;Conos y blunts;1;(ninguno sobre el umbral);2026-07-28;https://fumetas.cl/blunt-kush-terpene-infused
37132;fumetas;kush-hemp;Blunt Kush Terpene Infused x2 - San Fernando valley OG;1490;Conos y blunts;1;(ninguno sobre el umbral);2026-07-28;https://fumetas.cl/blunt-kush-terpene-infused?variant=San%20Fernando%20valley%20OG
37133;fumetas;kush-hemp;Blunt Kush Terpene Infused x2 - Original;1490;Conos y blunts;1;(ninguno sobre el umbral);2026-07-28;https://fumetas.cl/blunt-kush-terpene-infused?variant=Original
37135;fumetas;kush-hemp;Blunt Kush Terpene Infused x2 - Berries Gelato;1490;Conos y blunts;1;(ninguno sobre el umbral);2026-07-28;https://fumetas.cl/blunt-kush-terpene-infused?variant=Berries%20Gelato
37136;fumetas;kush-hemp;Blunt Kush Terpene Infused x2 - Purple;1490;Conos y blunts;1;(ninguno sobre el umbral);2026-07-28;https://fumetas.cl/blunt-kush-terpene-infused?variant=Purple
37137;fumetas;kush-hemp;Blunt Kush Terpene Infused x2 - Clementine;1490;Conos y blunts;1;(ninguno sobre el umbral);2026-07-28;https://fumetas.cl/blunt-kush-terpene-infused?variant=Clementine
37138;fumetas;kush-hemp;Blunt Kush Terpene Infused x2 - Mimosa;1490;Conos y blunts;1;(ninguno sobre el umbral);2026-07-28;https://fumetas.cl/blunt-kush-terpene-infused?variant=Mimosa
37534;fumetas;kush-hemp;Conos Blunt Kush Hemp x2 - Sabores - Original;1490;Conos y blunts;1;(ninguno sobre el umbral);2026-07-10;https://fumetas.cl/conos-kush-hemp-sabores?variant=Original
37535;fumetas;kush-hemp;Conos Blunt Kush Hemp x2 - Sabores - Sweet;1490;Conos y blunts;1;(ninguno sobre el umbral);2026-07-10;https://fumetas.cl/conos-kush-hemp-sabores?variant=Sweet
37536;fumetas;kush-hemp;Conos Blunt Kush Hemp x2 - Sabores - Lemonade;1490;Conos y blunts;1;(ninguno sobre el umbral);2026-07-10;https://fumetas.cl/conos-kush-hemp-sabores?variant=Lemonade
37537;fumetas;kush-hemp;Conos Blunt Kush Hemp x2 - Sabores - Grape;1490;Conos y blunts;1;(ninguno sobre el umbral);2026-07-10;https://fumetas.cl/conos-kush-hemp-sabores?variant=Grape
37538;fumetas;kush-hemp;Conos Blunt Kush Hemp x2 - Sabores - Berries;1490;Conos y blunts;1;(ninguno sobre el umbral);2026-07-10;https://fumetas.cl/conos-kush-hemp-sabores?variant=Berries
37539;fumetas;kush-hemp;Conos Blunt Kush Hemp x2 - Sabores - Kiwi Strawberry;1490;Conos y blunts;1;(ninguno sobre el umbral);2026-07-10;https://fumetas.cl/conos-kush-hemp-sabores?variant=Kiwi%20Strawberry
4650;fumetas;lion-rolling-circus;LRC Moledor contenedor Tainer 40mm;4990;Moledores;4;(ninguno sobre el umbral);2026-06-13;https://fumetas.cl/lrc-moledor-contenedor-tainer-40mm
12273;astrogrowshop;lion-rolling-circus;Paper Flavour 1 1/4 Crazy Coco- Lion Rolling Circus;1290;Otros parafernalia;12;P10234:case-1-1-4(2t sim=0.36 ratio=0.52) P10646:flavored-1-1-4(2t sim=0.36 ratio=0.99) P10707:celulosa-transparente-1-1-4(3t sim=0.33 ratio=0.72);2026-07-27;https://astrogrowshop.cl/paper-flavour-1-14-crazy-coco-lion-rolling-circus
12274;astrogrowshop;lion-rolling-circus;Paper Flavour 1 1/4 Electric Grape- Lion Rolling Circus;1290;Otros parafernalia;12;P10234:case-1-1-4(2t sim=0.36 ratio=0.52) P10646:flavored-1-1-4(2t sim=0.36 ratio=0.99) P10707:celulosa-transparente-1-1-4(3t sim=0.33 ratio=0.72);2026-07-27;https://astrogrowshop.cl/paper-flavour-1-14-electric-grape-lion-rolling-circus
12622;astrogrowshop;lion-rolling-circus;Papel Ultra Thin King Size Silver- Lion Rolling Circus;1990;Otros parafernalia;12;P10655:silver-big-smoke(3t sim=0.31 ratio=2.21) P10732:flavored-big-smoke(2t sim=0.31 ratio=0.83) P10620:small(3t sim=0.30 ratio=0.37);2026-07-27;https://astrogrowshop.cl/papel-ultra-thin-king-size-silver-lion-rolling-circus
13417;fumetas;lion-rolling-circus;LRC Papelillos Unbleached 1 1/4 + Tips;1290;Papelillos;4;(ninguno sobre el umbral);2026-07-21;https://fumetas.cl/lrc-papelillos-unbleached-1-14-tips
13508;fumetas;lion-rolling-circus;LRC Papelillos Silver Ultra Fino 1 1/4;890;Papelillos;4;(ninguno sobre el umbral);2026-07-21;https://fumetas.cl/lion-rolling-circus-papelillos-silver-1-14
19768;fumetas;lion-rolling-circus;LRC Porta Papelillos King Size;3990;Contenedores y estuches;4;(ninguno sobre el umbral);2026-06-13;https://fumetas.cl/lion-rolling-circus-porta-papelillos-king-size
20013;fumetas;lion-rolling-circus;"LRC Bandeja Silverfuck &amp; Jellybelly - Mediana";7390;Bandejas y ceniceros;4;(ninguno sobre el umbral);2026-07-21;https://fumetas.cl/lrc-bandeja-mediana-silverfuck-jellybelly
20100;fumetas;lion-rolling-circus;"Bandeja LRC SIlverfuck &amp; Jellybelly - Pequeña";5490;Bandejas y ceniceros;4;(ninguno sobre el umbral);2026-07-21;https://fumetas.cl/lrc-bandeja-silverfuckjellybelly-mini
20102;fumetas;lion-rolling-circus;LRC Blunt Hemp Wrap x2 - Sabores;1290;Conos y blunts;4;(ninguno sobre el umbral);2026-06-13;https://fumetas.cl/lrc-blunt-hemp-wrap-sabores-surtidos
20173;fumetas;lion-rolling-circus;Lion Rolling Circus Morral Personajes;4490;Otros parafernalia;4;(ninguno sobre el umbral);2026-06-13;https://fumetas.cl/lion-rolling-circus-morral-colores
33757;fumetas;lion-rolling-circus;LRC Moledor contenedor Tainer 40mm - Verde;4990;Moledores;4;(ninguno sobre el umbral);2026-07-21;https://fumetas.cl/lrc-moledor-contenedor-tainer-40mm?variant=Verde
33758;fumetas;lion-rolling-circus;LRC Moledor contenedor Tainer 40mm - Naranjo;4990;Moledores;4;(ninguno sobre el umbral);2026-07-21;https://fumetas.cl/lrc-moledor-contenedor-tainer-40mm?variant=Naranjo
33759;fumetas;lion-rolling-circus;LRC Moledor contenedor Tainer 40mm - Azul;4990;Moledores;4;(ninguno sobre el umbral);2026-07-21;https://fumetas.cl/lrc-moledor-contenedor-tainer-40mm?variant=Azul
33760;fumetas;lion-rolling-circus;LRC Moledor contenedor Tainer 40mm - Rosado;4990;Moledores;4;(ninguno sobre el umbral);2026-07-21;https://fumetas.cl/lrc-moledor-contenedor-tainer-40mm?variant=Rosado
33761;fumetas;lion-rolling-circus;LRC Moledor contenedor Tainer 40mm - Amarillo;4990;Moledores;4;(ninguno sobre el umbral);2026-07-21;https://fumetas.cl/lrc-moledor-contenedor-tainer-40mm?variant=Amarillo
35151;fumetas;lion-rolling-circus;LRC Papelillos Flavour 1 1/4 - Sabores - Vainilla;1390;Papelillos;4;(ninguno sobre el umbral);2026-07-21;https://fumetas.cl/lion-rolling-circus-papelillos-1-14-flavour-sabores?variant=Vainilla
35152;fumetas;lion-rolling-circus;LRC Papelillos Flavour 1 1/4 - Sabores - Banana;1390;Papelillos;4;(ninguno sobre el umbral);2026-07-21;https://fumetas.cl/lion-rolling-circus-papelillos-1-14-flavour-sabores?variant=Banana
36469;fumetas;lion-rolling-circus;LRC Porta Papelillos King Size - Purple;3990;Contenedores y estuches;4;(ninguno sobre el umbral);2026-07-21;https://fumetas.cl/lion-rolling-circus-porta-papelillos-king-size?variant=Purple
36471;fumetas;lion-rolling-circus;LRC Porta Papelillos King Size - Pink;3990;Contenedores y estuches;4;(ninguno sobre el umbral);2026-07-21;https://fumetas.cl/lion-rolling-circus-porta-papelillos-king-size?variant=Pink
36472;fumetas;lion-rolling-circus;LRC Porta Papelillos King Size - Orange;3990;Contenedores y estuches;4;(ninguno sobre el umbral);2026-07-21;https://fumetas.cl/lion-rolling-circus-porta-papelillos-king-size?variant=Orange
36474;fumetas;lion-rolling-circus;LRC Porta Papelillos King Size - Blue;3990;Contenedores y estuches;4;(ninguno sobre el umbral);2026-07-21;https://fumetas.cl/lion-rolling-circus-porta-papelillos-king-size?variant=Blue
37203;fumetas;lion-rolling-circus;LRC Blunt Hemp Wrap x2 - Sabores - Chocolate;1290;Conos y blunts;4;(ninguno sobre el umbral);2026-07-21;https://fumetas.cl/lrc-blunt-hemp-wrap-sabores-surtidos?variant=Chocolate
37204;fumetas;lion-rolling-circus;LRC Blunt Hemp Wrap x2 - Sabores - Strawberry;1290;Conos y blunts;4;P10654:terpenes-strawberry-shortcake(2t sim=0.31 ratio=0.74);2026-07-21;https://fumetas.cl/lrc-blunt-hemp-wrap-sabores-surtidos?variant=Strawberry
37205;fumetas;lion-rolling-circus;LRC Blunt Hemp Wrap x2 - Sabores - Blueberry;1290;Conos y blunts;4;(ninguno sobre el umbral);2026-07-21;https://fumetas.cl/lrc-blunt-hemp-wrap-sabores-surtidos?variant=Blueberry
37207;fumetas;lion-rolling-circus;LRC Blunt Hemp Wrap x2 - Sabores - Mango;1290;Conos y blunts;4;(ninguno sobre el umbral);2026-07-21;https://fumetas.cl/lrc-blunt-hemp-wrap-sabores-surtidos?variant=Mango
37208;fumetas;lion-rolling-circus;LRC Blunt Hemp Wrap x2 - Sabores - Bubble Gum;1290;Conos y blunts;4;(ninguno sobre el umbral);2026-07-21;https://fumetas.cl/lrc-blunt-hemp-wrap-sabores-surtidos?variant=Bubble%20Gum
37209;fumetas;lion-rolling-circus;LRC Blunt Hemp Wrap x2 - Sabores - Grape;1290;Conos y blunts;4;P10567:hemp-wrap-electric-grape(2t sim=0.31 ratio=0.76);2026-07-21;https://fumetas.cl/lrc-blunt-hemp-wrap-sabores-surtidos?variant=Grape
37412;fumetas;lion-rolling-circus;Lion Rolling Circus Morral Personajes - Azul;4490;Otros parafernalia;4;(ninguno sobre el umbral);2026-07-10;https://fumetas.cl/lion-rolling-circus-morral-colores?variant=Azul
13592;fumetas;naar;Naar Encendedor Soplete Up On Cloud9;12990;Encendedores y sopletes;1;P10845:one(2t sim=0.43 ratio=0.96);2026-07-21;https://fumetas.cl/naar-encendedor-soplete-up-on-cloud9
19509;fumetas;naar;Naar Encendedor Soplete The S*x Is Out Of This World;12990;Encendedores y sopletes;1;P10845:one(2t sim=0.30 ratio=0.96);2026-07-21;https://fumetas.cl/naar-encendedor-soplete-the-sx-is-out-of-this-world
20025;fumetas;naar;Naar Encendedor Soplete Bong Blast;12990;Encendedores y sopletes;1;P10845:one(2t sim=0.50 ratio=0.96);2026-07-21;https://fumetas.cl/naar-encendedor-soplete-bong-blast
20026;fumetas;naar;Naar Encendedor Soplete Brain Fried;12990;Encendedores y sopletes;1;P10845:one(2t sim=0.50 ratio=0.96);2026-07-21;https://fumetas.cl/naar-encendedor-soplete-brain-fried
20027;fumetas;naar;Naar Encendedor Soplete Cheesy Descovery;12990;Encendedores y sopletes;1;P10845:one(2t sim=0.50 ratio=0.96);2026-07-21;https://fumetas.cl/naar-encendedor-soplete-cheesy-descovery
20028;fumetas;naar;"Naar Encendedor Soplete Fries &amp; Highs";12990;Encendedores y sopletes;1;P10845:one(2t sim=0.50 ratio=0.96);2026-07-21;https://fumetas.cl/naar-encendedor-soplete-fries-highs
20029;fumetas;naar;"Naar Encendedor Soplete Goin&#39; Bananas";12990;Encendedores y sopletes;1;P10845:one(2t sim=0.43 ratio=0.96);2026-07-21;https://fumetas.cl/naar-encendedor-soplete-goin-bananas
20030;fumetas;naar;Naar Encendedor Soplete Moo B*tch!;12990;Encendedores y sopletes;1;P10845:one(2t sim=0.50 ratio=0.96);2026-07-21;https://fumetas.cl/naar-encendedor-soplete-moo-btch
20031;fumetas;naar;Naar Encendedor Soplete Wild Side;12990;Encendedores y sopletes;1;P10845:one(2t sim=0.50 ratio=0.96);2026-07-21;https://fumetas.cl/naar-encendedor-soplete-wild-side
20106;fumetas;naar;Naar Encendedor Soplete Eyeconic;12990;Encendedores y sopletes;1;P10845:one(2t sim=0.60 ratio=0.96);2026-07-21;https://fumetas.cl/naar-encendedor-soplete-eyeconic
1257;fumetas;ocb;Moledor Contenedor OCB Plástico 2 en 1;4990;Moledores;2;(ninguno sobre el umbral);2026-06-30;https://fumetas.cl/moledorcontenedor-ocb-plastico-2-en-1
4629;fumetas;ocb;Moledor OCB Aluminio 50mm;22990;Moledores;2;(ninguno sobre el umbral);2026-06-30;https://fumetas.cl/moledor-ocb-aluminio-50mm
12199;astrogrowshop;ocb;Papelillo Negro 7Cm Ocb;590;Papelillos;13;(ninguno sobre el umbral);2026-07-27;https://astrogrowshop.cl/papelillo-negro-7cm-ocb
12633;astrogrowshop;ocb;Tips OCB Virgen Cartón prepicado;690;Filtros y boquillas;13;(ninguno sobre el umbral);2026-07-27;https://astrogrowshop.cl/tips-ocb-virgin-und-ocb
19750;fumetas;ocb;Enroladora Automática OCB Metálica;12990;Otros parafernalia;2;(ninguno sobre el umbral);2026-07-21;https://fumetas.cl/enroladora-automatica-ocb-metalica
19858;fumetas;ocb;Bandeja OCB Mediana;8790;Bandejas y ceniceros;2;(ninguno sobre el umbral);2026-06-13;https://fumetas.cl/bandeja-ocb-mediana
20108;fumetas;ocb;OCB Virgin Rolled Tips – Boquillas Preenrroladas;2750;Filtros y boquillas;2;(ninguno sobre el umbral);2026-07-21;https://fumetas.cl/ocb-virgin-rolled-tips-boquillas-preenrroladas
32791;astrogrowshop;ocb;ROLLED TIPS X25 - OCB;1990;Filtros y boquillas;13;(ninguno sobre el umbral);2026-07-27;https://astrogrowshop.cl/rolled-tips-x25-ocb
33652;fumetas;ocb;Moledor Contenedor OCB Plástico 2 en 1 - Celeste;4990;Moledores;2;(ninguno sobre el umbral);2026-07-21;https://fumetas.cl/moledorcontenedor-ocb-plastico-2-en-1?variant=Celeste
33654;fumetas;ocb;Moledor Contenedor OCB Plástico 2 en 1 - Amarillo;4990;Moledores;2;(ninguno sobre el umbral);2026-07-21;https://fumetas.cl/moledorcontenedor-ocb-plastico-2-en-1?variant=Amarillo
33696;fumetas;ocb;Moledor OCB Aluminio 50mm - Plateado;22990;Moledores;2;(ninguno sobre el umbral);2026-07-21;https://fumetas.cl/moledor-ocb-aluminio-50mm?variant=Plateado
36492;fumetas;ocb;OCB Caja Porta Objetos;32490;Otros parafernalia;2;(ninguno sobre el umbral);2026-07-21;https://fumetas.cl/ocb-caja-porta-objetos
36707;fumetas;ocb;Bandeja OCB Mediana - Blanco colores;8790;Bandejas y ceniceros;2;(ninguno sobre el umbral);2026-07-21;https://fumetas.cl/bandeja-ocb-mediana?variant=Blanco%20colores
13646;fumetas;ozeta;Lata de Comida Con Espacio Secreto - OZeta Home;7990;Otros parafernalia;2;(ninguno sobre el umbral);2026-07-21;https://fumetas.cl/lata-de-comida-con-espacio-secreto-ozeta-home
13702;fumetas;ozeta;Botella Plateada Con Doble Fondo - OZeta Home;19990;Otros parafernalia;2;(ninguno sobre el umbral);2026-07-21;https://fumetas.cl/botella-plateada-con-doble-fondo-ozeta-home
17950;astrogrowshop;ozeta;Cenicero Portatil -Ozeta;1790;Bandejas y ceniceros;11;(ninguno sobre el umbral);2026-06-13;https://astrogrowshop.cl/cenicero-portatil-ozeta
17987;astrogrowshop;ozeta;Porta Caño-Ozeta;1390;Otros parafernalia;11;(ninguno sobre el umbral);2026-06-13;https://astrogrowshop.cl/porta-cano-ozeta
19343;fumetas;ozeta;Rodillo Adhesivo Con Compartimiento Secreto - OZeta Home;9990;Otros parafernalia;2;(ninguno sobre el umbral);2026-07-21;https://fumetas.cl/rodillo-adhesivo-con-compartimiento-secreto-ozeta-home
19378;fumetas;ozeta;Cepillo Con Compartimiento Secreto - OZeta Home;9990;Otros parafernalia;2;(ninguno sobre el umbral);2026-07-21;https://fumetas.cl/cepillo-con-compartimiento-secreto-ozeta-home
19380;fumetas;ozeta;Cuadro Con Espacio Secreto - OZeta Home;14990;Otros parafernalia;2;(ninguno sobre el umbral);2026-07-21;https://fumetas.cl/cuadro-con-espacio-secreto-ozeta-home
19394;fumetas;ozeta;Libro Con Compartimiento Secreto - OZeta Home;19990;Otros parafernalia;2;(ninguno sobre el umbral);2026-07-21;https://fumetas.cl/libro-con-compartimiento-secreto-ozeta-home
19395;fumetas;ozeta;Macetero Con Doble Fondo - OZeta Home;15990;Otros parafernalia;2;(ninguno sobre el umbral);2026-07-21;https://fumetas.cl/macetero-con-doble-fondo-ozeta-home
19418;fumetas;ozeta;Reloj Con Compartimiento Secreto - Ozeta Home;17990;Otros parafernalia;2;(ninguno sobre el umbral);2026-06-13;https://fumetas.cl/reloj-con-compartimiento-secreto-ozeta-home
19564;fumetas;ozeta;Bombilla Secreta OZeta Home;6990;Otros parafernalia;2;(ninguno sobre el umbral);2026-07-21;https://fumetas.cl/bombilla-secreta-ozeta-home
19789;fumetas;ozeta;Ozeta Techbag - Anti Olor;54990;Contenedores y estuches;2;P10547:techbag(2t sim=0.40 ratio=1.08);2026-07-21;https://fumetas.cl/ozeta-techbag-anti-olor
31647;astrogrowshop;ozeta;Estuche Pequeño -Ozeta - Rosa;25990;Contenedores y estuches;11;(ninguno sobre el umbral);2026-07-10;https://astrogrowshop.cl/estuche-pequeno-ozeta?variant=Rosa
32948;astrogrowshop;ozeta;Cenicero Portatil -Ozeta - Negro;1790;Bandejas y ceniceros;11;(ninguno sobre el umbral);2026-07-10;https://astrogrowshop.cl/cenicero-portatil-ozeta?variant=Negro
32949;astrogrowshop;ozeta;Cenicero Portatil -Ozeta - CELESTE;1790;Bandejas y ceniceros;11;(ninguno sobre el umbral);2026-07-10;https://astrogrowshop.cl/cenicero-portatil-ozeta?variant=CELESTE
33022;astrogrowshop;ozeta;Porta Caño-Ozeta - Morado;1390;Otros parafernalia;11;(ninguno sobre el umbral);2026-07-10;https://astrogrowshop.cl/porta-cano-ozeta?variant=Morado
33023;astrogrowshop;ozeta;Porta Caño-Ozeta - Negro;1390;Otros parafernalia;11;(ninguno sobre el umbral);2026-07-10;https://astrogrowshop.cl/porta-cano-ozeta?variant=Negro
33024;astrogrowshop;ozeta;Porta Caño-Ozeta - CYAN;1390;Otros parafernalia;11;(ninguno sobre el umbral);2026-07-27;https://astrogrowshop.cl/porta-cano-ozeta?variant=CYAN
33025;astrogrowshop;ozeta;Porta Caño-Ozeta - Rosa;1390;Otros parafernalia;11;(ninguno sobre el umbral);2026-07-10;https://astrogrowshop.cl/porta-cano-ozeta?variant=Rosa
34291;fumetas;ozeta;Ozeta Estuche grande - Anti-olor - Rosado;36990;Contenedores y estuches;2;P10547:techbag(2t sim=0.33 ratio=0.73);2026-07-21;https://fumetas.cl/ozeta-estuche-grande?variant=Rosado
34292;fumetas;ozeta;Ozeta Estuche grande - Anti-olor - Cian;36990;Contenedores y estuches;2;P10547:techbag(2t sim=0.33 ratio=0.73);2026-07-21;https://fumetas.cl/ozeta-estuche-grande?variant=Cian
34296;fumetas;ozeta;Ozeta Estuche mediano - Anti-olor - Rosado;32990;Contenedores y estuches;2;P10547:techbag(2t sim=0.33 ratio=0.65);2026-07-21;https://fumetas.cl/ozeta-estuche-mediano?variant=Rosado
34297;fumetas;ozeta;Ozeta Estuche mediano - Anti-olor - Cian;32990;Contenedores y estuches;2;P10547:techbag(2t sim=0.33 ratio=0.65);2026-07-21;https://fumetas.cl/ozeta-estuche-mediano?variant=Cian
34299;fumetas;ozeta;Ozeta Estuche pequeño - Anti-olor - Morado;28990;Contenedores y estuches;2;P10547:techbag(2t sim=0.33 ratio=0.57);2026-07-21;https://fumetas.cl/ozeta-estuche-pequeno?variant=Morado
34300;fumetas;ozeta;Ozeta Estuche pequeño - Anti-olor - Rosado;28990;Contenedores y estuches;2;P10547:techbag(2t sim=0.33 ratio=0.57);2026-07-21;https://fumetas.cl/ozeta-estuche-pequeno?variant=Rosado
35938;fumetas;ozeta;Reloj Con Compartimiento Secreto - Ozeta Home - Plateado;17990;Otros parafernalia;2;(ninguno sobre el umbral);2026-07-21;https://fumetas.cl/reloj-con-compartimiento-secreto-ozeta-home?variant=Plateado
79079;astrogrowshop;ozeta;Cenicero Portatil -Ozeta - BLACK;1790;Bandejas y ceniceros;11;(ninguno sobre el umbral);2026-07-27;https://astrogrowshop.cl/cenicero-portatil-ozeta?variant=BLACK
79141;astrogrowshop;ozeta;Porta Caño-Ozeta - PURPLE;1390;Otros parafernalia;11;(ninguno sobre el umbral);2026-07-27;https://astrogrowshop.cl/porta-cano-ozeta?variant=PURPLE
79142;astrogrowshop;ozeta;Porta Caño-Ozeta - BLACK;1390;Otros parafernalia;11;(ninguno sobre el umbral);2026-07-27;https://astrogrowshop.cl/porta-cano-ozeta?variant=BLACK
79144;astrogrowshop;ozeta;Porta Caño-Ozeta - PINK;1390;Otros parafernalia;11;(ninguno sobre el umbral);2026-07-27;https://astrogrowshop.cl/porta-cano-ozeta?variant=PINK
11945;astrogrowshop;piecemaker;Kali Go! - Pmg;29990;Otros parafernalia;7;(ninguno sobre el umbral);2026-06-12;https://astrogrowshop.cl/kali-go-pmg
12147;astrogrowshop;piecemaker;10 Boquillas Silicona Surtidas-Pmg;7490;Filtros y boquillas;7;(ninguno sobre el umbral);2026-07-27;https://astrogrowshop.cl/10-boquillas-silicona-surtidas-pmg
18080;astrogrowshop;piecemaker;Kap Silicona -Pmg;1290;Otros parafernalia;7;(ninguno sobre el umbral);2026-06-13;https://astrogrowshop.cl/kap-silicona-pmg
18138;astrogrowshop;piecemaker;Kwack Kamo-Pmg;29990;Otros parafernalia;7;(ninguno sobre el umbral);2026-07-27;https://astrogrowshop.cl/kwack-kamo-pmg
18151;astrogrowshop;piecemaker;Tapa Kommuter -Pmg;29990;Otros parafernalia;7;(ninguno sobre el umbral);2026-06-13;https://astrogrowshop.cl/tapa-kommuter-pmg
18163;astrogrowshop;piecemaker;Kahuna -Pmg;89990;Otros parafernalia;7;(ninguno sobre el umbral);2026-06-13;https://astrogrowshop.cl/kahuna-pmg
18165;astrogrowshop;piecemaker;Kirby - Pmg;44990;Otros parafernalia;7;P10645:kirby(2t sim=0.33 ratio=1.21);2026-06-12;https://astrogrowshop.cl/kirby-pmg
33209;astrogrowshop;piecemaker;Kap Silicona -Pmg - Amarillo;1290;Otros parafernalia;7;(ninguno sobre el umbral);2026-07-10;https://astrogrowshop.cl/kap-silicona-pmg?variant=Amarillo
33210;astrogrowshop;piecemaker;Kap Silicona -Pmg - Azul;1290;Otros parafernalia;7;(ninguno sobre el umbral);2026-07-10;https://astrogrowshop.cl/kap-silicona-pmg?variant=Azul
33211;astrogrowshop;piecemaker;Kap Silicona -Pmg - Naranjo;1290;Otros parafernalia;7;(ninguno sobre el umbral);2026-07-27;https://astrogrowshop.cl/kap-silicona-pmg?variant=Naranjo
33212;astrogrowshop;piecemaker;Kap Silicona -Pmg - Rojo;1290;Otros parafernalia;7;(ninguno sobre el umbral);2026-07-27;https://astrogrowshop.cl/kap-silicona-pmg?variant=Rojo
33213;astrogrowshop;piecemaker;Kap Silicona -Pmg - Verde;1290;Otros parafernalia;7;(ninguno sobre el umbral);2026-07-10;https://astrogrowshop.cl/kap-silicona-pmg?variant=Verde
33214;astrogrowshop;piecemaker;Kap Silicona -Pmg - Blanco;1290;Otros parafernalia;7;(ninguno sobre el umbral);2026-07-27;https://astrogrowshop.cl/kap-silicona-pmg?variant=Blanco
33215;astrogrowshop;piecemaker;Kap Silicona -Pmg - VERDE FLUO;1290;Otros parafernalia;7;(ninguno sobre el umbral);2026-07-10;https://astrogrowshop.cl/kap-silicona-pmg?variant=VERDE%20FLUO
33371;astrogrowshop;piecemaker;Tapa Kommuter -Pmg - Verde;26990;Otros parafernalia;7;(ninguno sobre el umbral);2026-07-10;https://astrogrowshop.cl/tapa-kommuter-pmg?variant=Verde
33373;astrogrowshop;piecemaker;Tapa Kommuter -Pmg - CELESTE;26990;Otros parafernalia;7;(ninguno sobre el umbral);2026-07-10;https://astrogrowshop.cl/tapa-kommuter-pmg?variant=CELESTE
33414;astrogrowshop;piecemaker;Kahuna -Pmg - VERDE FLUOR;62990;Otros parafernalia;7;(ninguno sobre el umbral);2026-07-27;https://astrogrowshop.cl/kahuna-pmg?variant=VERDE%20FLUOR
79301;astrogrowshop;piecemaker;Kap Silicona -Pmg - azul;1290;Otros parafernalia;7;(ninguno sobre el umbral);2026-07-27;https://astrogrowshop.cl/kap-silicona-pmg?variant=azul
17204;astrogrowshop;puffco;New Peak Pro Dessert-Puffco;467490;Accesorios de extraccion;2;P10649:peak-pro(2t sim=0.33 ratio=0.93);2026-06-12;https://astrogrowshop.cl/new-peak-pro-dessert-puffco
18172;astrogrowshop;puffco;Vaporizador Extractos New Proxy -Puffco;499990;Accesorios de extraccion;2;(ninguno sobre el umbral);2026-07-03;https://astrogrowshop.cl/vaporizador-extractos-new-proxy-puffco
18194;astrogrowshop;puffco;ACCESORIO CORE PARA NEW PROXY - PUFFCO;89990;Accesorios de extraccion;2;(ninguno sobre el umbral);2026-07-27;https://astrogrowshop.cl/accesorio-core-para-new-proxy-puffco
18203;astrogrowshop;puffco;NEW PROXY CORE - PUFFCO;426990;Accesorios de extraccion;2;(ninguno sobre el umbral);2026-07-27;https://astrogrowshop.cl/new-proxy-core-puffco
20071;fumetas;puffco;Boquilla Vortex - Adaptador Pivot;24990;Repuestos para bongs y vaporizadores;18;(ninguno sobre el umbral);2026-06-13;https://fumetas.cl/boquilla-vortex-adaptador-pivot
31831;astrogrowshop;puffco;New Peak Pro (Color a elección)-Puffco - Dessert;549990;Accesorios de extraccion;2;(ninguno sobre el umbral);2026-07-27;https://astrogrowshop.cl/new-peak-pro-pearl-puffco?variant=Dessert
33467;astrogrowshop;puffco;NEW HOT KNIFE-PUFFCO - ONYX;84990;Accesorios de extraccion;2;(ninguno sobre el umbral);2026-07-27;https://astrogrowshop.cl/new-hot-knife-puffco?variant=ONYX
37142;fumetas;puffco;Boquilla Vortex - Adaptador Pivot - Verde;24990;Repuestos para bongs y vaporizadores;18;(ninguno sobre el umbral);2026-07-21;https://fumetas.cl/boquilla-vortex-adaptador-pivot?variant=Verde
37143;fumetas;puffco;Boquilla Vortex - Adaptador Pivot - Azul;24990;Repuestos para bongs y vaporizadores;18;(ninguno sobre el umbral);2026-07-21;https://fumetas.cl/boquilla-vortex-adaptador-pivot?variant=Azul
37144;fumetas;puffco;Boquilla Vortex - Adaptador Pivot - Gris;24990;Repuestos para bongs y vaporizadores;18;(ninguno sobre el umbral);2026-07-21;https://fumetas.cl/boquilla-vortex-adaptador-pivot?variant=Gris
37145;fumetas;puffco;Boquilla Vortex - Adaptador Pivot - Transparente;24990;Repuestos para bongs y vaporizadores;18;(ninguno sobre el umbral);2026-07-21;https://fumetas.cl/boquilla-vortex-adaptador-pivot?variant=Transparente
37815;fumetas;puffco;Vaporizador Puffco Peak 2024 - Negro;269990;Accesorios de extraccion;18;(ninguno sobre el umbral);2026-07-10;https://fumetas.cl/puffco-peak-vaporizador-extractos?variant=Negro
37819;fumetas;puffco;Vaporizador Puffco Peak 2024 - Verde;269990;Accesorios de extraccion;18;(ninguno sobre el umbral);2026-07-10;https://fumetas.cl/puffco-peak-vaporizador-extractos?variant=Verde
79508;astrogrowshop;puffco;Puffco Peak Sapphire - Vaporizador E-Rig;349990;Accesorios de extraccion;2;(ninguno sobre el umbral);2026-07-27;https://astrogrowshop.cl/puffco-peak-sapphire-vaporizador-e-rig
79509;astrogrowshop;puffco;Puffco Peak Zest - Vaporizador E-Rig;349990;Accesorios de extraccion;2;(ninguno sobre el umbral);2026-07-27;https://astrogrowshop.cl/puffco-peak-zest-vaporizador-e-rig
18202;astrogrowshop;pulsar;NEW HOT KNIFE-PUFFCO;89990;Accesorios de extraccion;5;(ninguno sobre el umbral);2026-07-28;https://astrogrowshop.cl/new-hot-knife-puffco
1143;astrogrowshop;raw;Bandeja Rolado Metalica 18X12Cm Raw 2;1490;Bandejas y ceniceros;28;P10622:metal-metal-large(2t sim=0.33 ratio=0.14) P10617:metal-metal-medium(3t sim=0.33 ratio=0.19);2026-07-27;https://astrogrowshop.cl/bandeja-rolado-metalica-18x12cm-raw-2
1228;fumetas;raw;Conos RAW Black Preenrolados 1 1/4 - 20 Unidades;7790;Conos y blunts;2;(ninguno sobre el umbral);2026-07-21;https://fumetas.cl/conos-raw-black-preenrolados-1-14-20-unidades
1531;fumetas;raw;Tapa Magnética RAW para Bandeja Grande - Diseño Fish;5990;Bandejas y ceniceros;2;(ninguno sobre el umbral);2026-07-21;https://fumetas.cl/tapa-magnetica-raw-para-bandeja-grande-diseno-fish
1534;fumetas;raw;Conos RAW Preenrolados 1 1/4 - 32 Unidades;8390;Conos y blunts;2;(ninguno sobre el umbral);2026-07-21;https://fumetas.cl/conos-raw-preenrolados-1-14-32-unidades
1536;fumetas;raw;Boquillas RAW Slim Pre-enroladas 21 unidades;1150;Filtros y boquillas;2;(ninguno sobre el umbral);2026-07-21;https://fumetas.cl/boquillas-raw-slim-pre-enroladas-21-unidades
2028;fumetas;raw;Raw Cajita Metálica para Pre-Enrolados King Size;3890;Contenedores y estuches;2;(ninguno sobre el umbral);2026-07-21;https://fumetas.cl/raw-cajita-metalica-para-pre-enrolados-king-size
2063;fumetas;raw;Bandeja RAW metálica Classic - Mini;5990;Bandejas y ceniceros;2;(ninguno sobre el umbral);2026-07-21;https://fumetas.cl/bandeja-raw-metalica-classic-mini
2066;fumetas;raw;Bandeja RAW metálica Girl - Mini;5990;Bandejas y ceniceros;2;(ninguno sobre el umbral);2026-07-21;https://fumetas.cl/bandeja-raw-metalica-girl-mini
2074;fumetas;raw;RAW Cajita Metálica Black Mediana;2990;Contenedores y estuches;2;(ninguno sobre el umbral);2026-07-21;https://fumetas.cl/raw-cajita-metalica-black-mediana
2525;astrogrowshop;raw;Papelillos Classic King Size Slim 50 Ud-Raw;49990;Papelillos;28;P5418:classic-king-size-slim(4tC sim=0.38 ratio=40.15);2026-07-27;https://astrogrowshop.cl/papelillos-classic-king-size-slim-50-ud-raw
4636;fumetas;raw;Raw Moledor Hammer Craft 63mm;30990;Moledores;2;(ninguno sobre el umbral);2026-06-30;https://fumetas.cl/raw-moledor-hammer-craft-63mm
4639;fumetas;raw;Moledor RAW Silver 56mm;24990;Moledores;2;(ninguno sobre el umbral);2026-07-21;https://fumetas.cl/moledor-raw-silver-50mm
12172;astrogrowshop;raw;Bandeja Rolado Metalica 18X12Cm Raw Girl;1490;Bandejas y ceniceros;28;P10622:metal-metal-large(2t sim=0.30 ratio=0.14) P10617:metal-metal-medium(3t sim=0.30 ratio=0.19);2026-07-27;https://astrogrowshop.cl/bandeja-rolado-metalica-18x12cm-raw-girl
12174;astrogrowshop;raw;Bandeja Rolado Metalica 28X18Cm Raw Mix;2990;Bandejas y ceniceros;28;P10622:metal-metal-large(2t sim=0.30 ratio=0.27) P10617:metal-metal-medium(3t sim=0.30 ratio=0.39);2026-07-27;https://astrogrowshop.cl/bandeja-rolado-metalica-28x18cm-raw-mix
12208;astrogrowshop;raw;Tips Perfecto Para Conos 24Ud-Raw;18990;Filtros y boquillas;28;(ninguno sobre el umbral);2026-07-27;https://astrogrowshop.cl/tips-perfecto-para-conos-24ud-raw
12220;astrogrowshop;raw;Bandeja Rolado Metalica 18X12Cm Raw;1490;Bandejas y ceniceros;28;P10622:metal-metal-large(2t sim=0.33 ratio=0.14) P10617:metal-metal-medium(3t sim=0.33 ratio=0.19);2026-07-27;https://astrogrowshop.cl/bandeja-rolado-metalica-18x12cm-raw
12221;astrogrowshop;raw;Bandeja Rolado Metalica 28X18Cm Raw;2990;Bandejas y ceniceros;28;P10622:metal-metal-large(2t sim=0.33 ratio=0.27) P10617:metal-metal-medium(3t sim=0.33 ratio=0.39);2026-07-27;https://astrogrowshop.cl/bandeja-rolado-metalica-28x18cm-raw
12389;astrogrowshop;raw;Tips Black 50 Ud-Raw;18990;Filtros y boquillas;28;(ninguno sobre el umbral);2026-07-27;https://astrogrowshop.cl/tips-black-50-ud-raw
13693;fumetas;raw;Bandeja RAW metálica Prepare for Flight - Mediana;7690;Bandejas y ceniceros;2;(ninguno sobre el umbral);2026-07-21;https://fumetas.cl/bandeja-raw-metalica-prepare-for-flight-mediana
18457;fumetas;raw;Bandeja RAW metálica Camo Silver - Mini;5990;Bandejas y ceniceros;2;(ninguno sobre el umbral);2026-07-21;https://fumetas.cl/bandeja-raw-metalica-camo-silver-mini
19313;fumetas;raw;Jockey RAW bordado con Palito de madera;12990;Otros parafernalia;2;(ninguno sobre el umbral);2026-06-13;https://fumetas.cl/jockey-raw-bordado-con-palito-de-madera
19342;fumetas;raw;Raw Tubo Contenedor de Aluminio;4990;Contenedores y estuches;2;P10686:reserva-contenedor(2t sim=0.30 ratio=0.50);2026-06-13;https://fumetas.cl/raw-tubo-contenedor-de-aluminio
19361;fumetas;raw;Bandeja RAW metálica Smokey Forest - Mini;5990;Bandejas y ceniceros;2;(ninguno sobre el umbral);2026-07-21;https://fumetas.cl/bandeja-raw-metalica-smokey-forest-mini
19377;fumetas;raw;Cenicero Raw Regal Anti-viento Black;16990;Bandejas y ceniceros;2;(ninguno sobre el umbral);2026-07-21;https://fumetas.cl/cenicero-raw-regal-anti-viento-black
19457;fumetas;raw;Cenicero Raw Prisma Dark Side;33051;Bongs;2;(ninguno sobre el umbral);2026-07-21;https://fumetas.cl/cenicero-raw-crystal-dark-side
19558;fumetas;raw;Bandeja Raw Rojo - Mediana;7690;Bandejas y ceniceros;2;(ninguno sobre el umbral);2026-07-21;https://fumetas.cl/bandeja-raw-rojo-mediana
19559;fumetas;raw;Bandeja RAW Silver - Mediana;7690;Bandejas y ceniceros;2;(ninguno sobre el umbral);2026-07-21;https://fumetas.cl/bandeja-raw-silver-mediana
19563;fumetas;raw;Bolsa RAW Tote Bag;7990;Otros parafernalia;2;(ninguno sobre el umbral);2026-07-21;https://fumetas.cl/bolsa-raw-tote-bag
19579;fumetas;raw;Cenicero Raw Prisma Rainbow;37990;Bongs;2;(ninguno sobre el umbral);2026-07-21;https://fumetas.cl/cenicero-raw-prisma-rainbow
19769;fumetas;raw;Llavero Raw Bandeja Miniatura;3990;Bandejas y ceniceros;2;(ninguno sobre el umbral);2026-07-21;https://fumetas.cl/llavero-raw-bandeja-miniatura
19801;fumetas;raw;Raw Black Floor Mat;47990;Otros parafernalia;2;(ninguno sobre el umbral);2026-07-21;https://fumetas.cl/raw-black-floor-mat
19802;fumetas;raw;Raw Gold Smoker Ring;49990;Otros parafernalia;2;(ninguno sobre el umbral);2026-06-13;https://fumetas.cl/raw-gold-smoker-ring
19804;fumetas;raw;Raw Jockey Trucker Camuflado;14990;Otros parafernalia;2;(ninguno sobre el umbral);2026-07-21;https://fumetas.cl/raw-jockey-trucker-camuflado
19948;fumetas;raw;Raw Dancing Cone;31990;Otros parafernalia;2;(ninguno sobre el umbral);2026-07-21;https://fumetas.cl/raw-dancing-cone
19949;fumetas;raw;Raw Jockey Camuflado;14990;Otros parafernalia;2;(ninguno sobre el umbral);2026-07-21;https://fumetas.cl/raw-jockey-camuflado
20021;fumetas;raw;Mascarilla RAW;7890;Otros parafernalia;2;(ninguno sobre el umbral);2026-07-21;https://fumetas.cl/mascarilla-raw
20037;fumetas;raw;Polera Raw;23990;Otros parafernalia;2;(ninguno sobre el umbral);2026-06-13;https://fumetas.cl/polera-raw
20271;fumetas;raw;Raw Pack Pins Coleccionables;16990;Otros parafernalia;2;(ninguno sobre el umbral);2026-07-10;https://fumetas.cl/raw-pins-pack
33715;fumetas;raw;Raw Moledor Hammer Craft 63mm - Negro;30990;Moledores;2;(ninguno sobre el umbral);2026-07-21;https://fumetas.cl/raw-moledor-hammer-craft-63mm?variant=Negro
33716;fumetas;raw;Raw Moledor Hammer Craft 63mm - Rojo;30990;Moledores;2;(ninguno sobre el umbral);2026-07-21;https://fumetas.cl/raw-moledor-hammer-craft-63mm?variant=Rojo
35738;fumetas;raw;Jockey RAW bordado con Palito de madera - Negro;12990;Otros parafernalia;2;(ninguno sobre el umbral);2026-07-21;https://fumetas.cl/jockey-raw-bordado-con-palito-de-madera?variant=Negro
35739;fumetas;raw;Jockey RAW bordado con Palito de madera - Beige;12990;Otros parafernalia;2;(ninguno sobre el umbral);2026-07-21;https://fumetas.cl/jockey-raw-bordado-con-palito-de-madera?variant=Beige
35794;fumetas;raw;Raw Tubo Contenedor de Aluminio - Negro;4990;Contenedores y estuches;2;(ninguno sobre el umbral);2026-07-21;https://fumetas.cl/raw-tubo-contenedor-de-aluminio?variant=Negro
35795;fumetas;raw;Raw Tubo Contenedor de Aluminio - Plateado;4990;Contenedores y estuches;2;(ninguno sobre el umbral);2026-07-21;https://fumetas.cl/raw-tubo-contenedor-de-aluminio?variant=Plateado
36521;fumetas;raw;Raw Gold Smoker Ring - 9;49990;Otros parafernalia;2;(ninguno sobre el umbral);2026-07-21;https://fumetas.cl/raw-gold-smoker-ring?variant=9
36522;fumetas;raw;Raw Gold Smoker Ring - 10;49990;Otros parafernalia;2;(ninguno sobre el umbral);2026-07-21;https://fumetas.cl/raw-gold-smoker-ring?variant=10
36524;fumetas;raw;Raw Gorro de Lana - Beige;17990;Otros parafernalia;2;(ninguno sobre el umbral);2026-07-21;https://fumetas.cl/raw-gorro-de-lana?variant=Beige
37085;fumetas;raw;Polera Raw - Beige M;23990;Otros parafernalia;2;(ninguno sobre el umbral);2026-07-21;https://fumetas.cl/polera-raw?variant=Beige%20M
37088;fumetas;raw;Polera Raw - Beige S;23990;Otros parafernalia;2;(ninguno sobre el umbral);2026-07-21;https://fumetas.cl/polera-raw?variant=Beige%20S
20272;fumetas;ronson;Ronson Mechas;1690;Otros parafernalia;1;(ninguno sobre el umbral);2026-07-21;https://fumetas.cl/ronson-mechas
730;astrogrowshop;soulblime;Contenedor Con Tapa Diseños Mix Display 9 Und-Soulblime;39990;Contenedores y estuches;4;P10736:desmontable(2t sim=0.30 ratio=16.06);2026-07-27;https://astrogrowshop.cl/contenedor-con-tapa-disenos-mix-display-9-und-soulblime
1165;astrogrowshop;soulblime;Conos 1 1/4 1UD-Soulblime;1790;Conos y blunts;4;(ninguno sobre el umbral);2026-06-12;https://astrogrowshop.cl/conos-1-14-unidad-soulblime
1172;astrogrowshop;soulblime;Tubos Contenedores Diseños Mix 1Und-Soulblime;1190;Contenedores y estuches;4;(ninguno sobre el umbral);2026-07-27;https://astrogrowshop.cl/tubos-contenedores-disenos-mix-1und-soulblime
12332;astrogrowshop;soulblime;Tips Filtro De Carton Amarillo Unidad-Soulblime;490;Filtros y boquillas;4;(ninguno sobre el umbral);2026-07-27;https://astrogrowshop.cl/tips-filtro-de-carton-amarillo-unidad-soulblime
12333;astrogrowshop;soulblime;Tips Filtro De Carton Celeste Unidad-Soulblime;490;Filtros y boquillas;4;(ninguno sobre el umbral);2026-07-27;https://astrogrowshop.cl/tips-filtro-de-carton-celeste-unidad-soulblime
18082;astrogrowshop;soulblime;Kits Rellena Conos Diseños Surtidos-Soulblime;2590;Conos y blunts;4;P10383:kit-rellena-conos(3t sim=0.43 ratio=1.15);2026-07-27;https://astrogrowshop.cl/kits-rellena-conos-disenos-surtidos-soulblime
31785;astrogrowshop;soulblime;BLUNT HEMP WRAPS SABORES - SOULBLIME - CHOCOMINT;1000;Conos y blunts;4;(ninguno sobre el umbral);2026-07-27;https://astrogrowshop.cl/blunt-hemp-wraps-sabores-soulblime?variant=CHOCOMINT
31786;astrogrowshop;soulblime;BLUNT HEMP WRAPS SABORES - SOULBLIME - FAVORITES;1000;Conos y blunts;4;(ninguno sobre el umbral);2026-07-27;https://astrogrowshop.cl/blunt-hemp-wraps-sabores-soulblime?variant=FAVORITES
31787;astrogrowshop;soulblime;BLUNT HEMP WRAPS SABORES - SOULBLIME - SWEET VIBES;1000;Conos y blunts;4;(ninguno sobre el umbral);2026-07-27;https://astrogrowshop.cl/blunt-hemp-wraps-sabores-soulblime?variant=SWEET%20VIBES
31788;astrogrowshop;soulblime;BLUNT HEMP WRAPS SABORES - SOULBLIME - TROPICAL SUMMER;1000;Conos y blunts;4;(ninguno sobre el umbral);2026-07-27;https://astrogrowshop.cl/blunt-hemp-wraps-sabores-soulblime?variant=TROPICAL%20SUMMER
31902;astrogrowshop;soulblime;Conos 1 1/4 1UD-Soulblime - Rosa;1790;Conos y blunts;4;(ninguno sobre el umbral);2026-07-10;https://astrogrowshop.cl/conos-1-14-unidad-soulblime?variant=Rosa
31903;astrogrowshop;soulblime;Conos 1 1/4 1UD-Soulblime - ORGANICOS;1790;Conos y blunts;4;(ninguno sobre el umbral);2026-07-27;https://astrogrowshop.cl/conos-1-14-unidad-soulblime?variant=ORGANICOS
77811;astrogrowshop;soulblime;Conos 1 1/4 1UD-Soulblime - PINK;1790;Conos y blunts;4;(ninguno sobre el umbral);2026-07-27;https://astrogrowshop.cl/conos-1-14-unidad-soulblime?variant=PINK
78744;astrogrowshop;soulblime;CONTENEDORA TAPA DESMONTABLE (COLORES VARIADOS) - SOULBLIME;2490;Contenedores y estuches;4;P10736:desmontable(2t sim=0.38 ratio=1.00);2026-07-27;https://astrogrowshop.cl/contenedora-tapa-desmontable-colores-variados-soulblime
18024;astrogrowshop;sploofy;Filtro Personal Pro II -Sploofy;34990;Filtros y boquillas;1;(ninguno sobre el umbral);2026-07-03;https://astrogrowshop.cl/filtro-personal-pro-ii-sploofy
23601;astrogrowshop;sploofy;Repuesto 1 Unidad-Sploofy;22990;Repuestos para bongs y vaporizadores;1;(ninguno sobre el umbral);2026-07-27;https://astrogrowshop.cl/repuesto-1-unidad-sploofy
32770;astrogrowshop;sploofy;Filtro Personal Pro II -Sploofy - Negro;34990;Filtros y boquillas;1;(ninguno sobre el umbral);2026-07-10;https://astrogrowshop.cl/filtro-personal-pro-ii-sploofy?variant=Negro
32771;astrogrowshop;sploofy;Filtro Personal Pro II -Sploofy - AQUA;29990;Filtros y boquillas;1;(ninguno sobre el umbral);2026-07-27;https://astrogrowshop.cl/filtro-personal-pro-ii-sploofy?variant=AQUA
78884;astrogrowshop;sploofy;Filtro Personal Pro II -Sploofy - BLACK;29990;Filtros y boquillas;1;(ninguno sobre el umbral);2026-07-27;https://astrogrowshop.cl/filtro-personal-pro-ii-sploofy?variant=BLACK
736;astrogrowshop;storz-bickel;"Bolsa Volcano 3 Metros-Storz &amp; Bickel";6990;Repuestos para bongs y vaporizadores;4;(ninguno sobre el umbral);2026-07-27;https://astrogrowshop.cl/bolsa-volcano-3-metros-storz-bickel
799;astrogrowshop;storz-bickel;"Almohadillas De Relleno Volcano Y Plenty 2Pcs-Storz &amp; Bickel";9990;Repuestos para bongs y vaporizadores;4;(ninguno sobre el umbral);2026-07-27;https://astrogrowshop.cl/almohadillas-de-relleno-volcano-y-plenty-2pcs-storz-bickel
806;astrogrowshop;storz-bickel;"Capsulas Monodosis 40 Unidades Con Tampon-Storz &amp; Bickel";99990;Repuestos para bongs y vaporizadores;4;(ninguno sobre el umbral);2026-07-27;https://astrogrowshop.cl/capsulas-monodosis-40-unidades-con-tampon-storz-bickel
808;astrogrowshop;storz-bickel;"CIERRES DE LA TAPA PARA MIGHTY+/CRAFTY+ 3U-STORZ &amp; BICKEL";13690;Repuestos para bongs y vaporizadores;4;(ninguno sobre el umbral);2026-07-27;https://astrogrowshop.cl/cierres-de-la-tapa-para-mightycrafty-3u-storz-bickel
2592;astrogrowshop;storz-bickel;"Volcano Hybrid Starter Set-Storz &amp; Bickel";199990;Repuestos para bongs y vaporizadores;4;(ninguno sobre el umbral);2026-07-27;https://astrogrowshop.cl/volcano-hybrid-starter-set-storz-bickel
12149;astrogrowshop;storz-bickel;"Bolsa De Repuesto Volcano 1X3Mt-Storz &amp; Bickel";12990;Repuestos para bongs y vaporizadores;4;(ninguno sobre el umbral);2026-07-27;https://astrogrowshop.cl/bolsa-de-repuesto-volcano-1x3mt-storz-bickel
12158;astrogrowshop;storz-bickel;"MALLAS GRUESAS PARA VENTY/VEAZY/CRAFTY+/MIGHTY+ 6U-STORZ &amp; BICKEL";8990;Repuestos para bongs y vaporizadores;4;(ninguno sobre el umbral);2026-07-27;https://astrogrowshop.cl/mallas-gruesas-para-ventyveazycraftymighty-6u-storz-bickel
12434;astrogrowshop;storz-bickel;"Juego De Anillo De Sellado Para Venty-Storz &amp; Bickel";14990;Vaporizadores herbales;4;P10647:solid-valve-o-ring-set(2t sim=0.33 ratio=1.42);2026-07-27;https://astrogrowshop.cl/juego-de-anillo-de-sellado-para-venty-storz-bickel
12551;astrogrowshop;storz-bickel;"EMPUJADOR PARA CÁPSULAS MONODOSIS-STORZ &amp; BICKEL";12190;Repuestos para bongs y vaporizadores;4;(ninguno sobre el umbral);2026-07-27;https://astrogrowshop.cl/empujador-para-capsulas-monodosis-storz-bickel
18126;astrogrowshop;storz-bickel;"Solid Valve Camara Llenado Para Liquidos + Almohadillas-Storz &amp; Bickel";69990;Otros parafernalia;4;(ninguno sobre el umbral);2026-07-27;https://astrogrowshop.cl/solid-valve-camara-llenado-para-liquidos-almohadillas-storz-bickel
18168;astrogrowshop;storz-bickel;"Almohadillas Para Liquidos -Storz &amp; Bickel";6990;Otros parafernalia;4;(ninguno sobre el umbral);2026-07-27;https://astrogrowshop.cl/almohadillas-para-liquidos-storz-bickel
19533;fumetas;storz-bickel;"Storz &amp; Bickel Llavero Capsule Caddy Concentrados";9990;Vaporizadores herbales;13;P10486:dosing-capsule-filling-set(2t sim=0.30 ratio=0.13);2026-07-21;https://fumetas.cl/storz-bickel-capsule-caddy-concentrados
19537;fumetas;storz-bickel;"Storz &amp; Bickel Volcano Balloon Tube";5990;Vaporizadores herbales;13;P10361:volcano-hybrid-tube-kit(2t sim=0.50 ratio=0.14) P10358:volcano-hybrid-boquillas-4u(2t sim=0.30 ratio=0.48);2026-07-21;https://fumetas.cl/storz-bickel-volcano-balloon-tube
19930;fumetas;storz-bickel;"Juego de Piezas de Desgastes Volcano Storz &amp; Bickel";75990;Vaporizadores herbales;13;P10385:volcano-hybrid-piezas-desgaste(2t sim=0.78 ratio=4.75) P10275:piezas-desgaste-mighty(3t sim=0.56 ratio=1.71) P10854:solid-valve-pieza-labial-3u(2t sim=0.42 ratio=18.14);2026-07-21;https://fumetas.cl/juego-de-piezas-de-desgastes-volcano
20125;fumetas;storz-bickel;"Storz &amp; Bickel Kit de llenado cápsulas";79990;Repuestos para bongs y vaporizadores;13;P10361:volcano-hybrid-tube-kit(2t sim=0.30 ratio=1.92);2026-07-21;https://fumetas.cl/storz-bickel-kit-de-llenado-capsulas
20226;fumetas;storz-bickel;"Storz &amp; Bickel Juego de Mallas Finas Solid Valve";6990;Repuestos para bongs y vaporizadores;13;P10372:solid-valve-mallas-normales(2t sim=0.70 ratio=0.74) P10854:solid-valve-pieza-labial-3u(2t sim=0.50 ratio=1.67) P10768:solid-valve-camara-relleno(2t sim=0.45 ratio=0.11);2026-07-21;https://fumetas.cl/juego-de-mallas-finas-solid-valve
36163;fumetas;storz-bickel;"Storz &amp; Bickel Estuche Veazy Case - Naranja";25990;Repuestos para bongs y vaporizadores;13;(ninguno sobre el umbral);2026-07-21;https://fumetas.cl/storz-bickel-estuche-veazy-case?variant=Naranja
49934;fumetas;storz-bickel;"Storz &amp; Bickel Unidad de Enfriamiento Veazy - Celeste";28990;Repuestos para bongs y vaporizadores;13;(ninguno sobre el umbral);2026-07-21;https://fumetas.cl/storz-bickel-unidad-de-enfriamiento-veazy?variant=Celeste
49935;fumetas;storz-bickel;"Storz &amp; Bickel Unidad de Enfriamiento Veazy - Rosado";28990;Repuestos para bongs y vaporizadores;13;(ninguno sobre el umbral);2026-07-21;https://fumetas.cl/storz-bickel-unidad-de-enfriamiento-veazy?variant=Rosado
49936;fumetas;storz-bickel;"Storz &amp; Bickel Unidad de Enfriamiento Veazy - Naranjo";28990;Repuestos para bongs y vaporizadores;13;(ninguno sobre el umbral);2026-07-21;https://fumetas.cl/storz-bickel-unidad-de-enfriamiento-veazy?variant=Naranjo
219;fumetas;the-bulldog;Papelillos Bulldog Black 1 1/4;590;Papelillos;1;(ninguno sobre el umbral);2026-07-21;https://fumetas.cl/papelillos-bulldog-black-1-14
1224;fumetas;the-bulldog;Bandeja Bulldog metálica logo - Mini;4990;Bandejas y ceniceros;1;(ninguno sobre el umbral);2026-07-21;https://fumetas.cl/bandeja-bulldog-metalica-logo-mini-1
1579;fumetas;the-bulldog;Bulldog Papelillos Black 1 1/4 + Boquillas;1090;Papelillos;1;(ninguno sobre el umbral);2026-07-21;https://fumetas.cl/bulldog-papelillos-black-1-14-boquillas
2072;fumetas;the-bulldog;Encendedor Clipper The Bulldog Amsterdam;990;Encendedores y sopletes;1;(ninguno sobre el umbral);2026-07-21;https://fumetas.cl/encendedor-clipper-the-bulldog-amsterdam
4716;astrogrowshop;the-bulldog;Grinder Plastico Negro;1990;Moledores;7;(ninguno sobre el umbral);2026-07-27;https://astrogrowshop.cl/grinder-plastico-negro
8140;fumetas;the-bulldog;Pipa Set Metalica The Bulldog Amsterdam Tornasol;7990;Pipas;1;P10400:pipa-metalica-rejillas(2t sim=0.40 ratio=2.08);2026-07-21;https://fumetas.cl/pipa-set-metalica-the-bulldog-amsterdam-tornasol
8155;fumetas;the-bulldog;Pipa Set The Bulldog Amsterdam;4790;Pipas;1;P10400:pipa-metalica-rejillas(2t sim=0.33 ratio=1.25);2026-07-21;https://fumetas.cl/pipa-set-the-bulldog-amsterdam
19356;fumetas;the-bulldog;Bandeja Bulldog metálica varios logos - Grande;8990;Bandejas y ceniceros;1;(ninguno sobre el umbral);2026-07-21;https://fumetas.cl/bandeja-bulldog-metalica-varios-logos-grande
19357;fumetas;the-bulldog;Bandeja Bulldog metálica varios logos - Mediana;5990;Bandejas y ceniceros;1;(ninguno sobre el umbral);2026-07-21;https://fumetas.cl/bandeja-bulldog-metalica-varios-logos-mediana
19358;fumetas;the-bulldog;Bandeja Bulldog metálica varios logos - Mini;4990;Bandejas y ceniceros;1;(ninguno sobre el umbral);2026-07-21;https://fumetas.cl/bandeja-bulldog-metalica-varios-logos-mini
19441;fumetas;the-bulldog;Bandeja Bulldog metálica logo - Mediana;5990;Bandejas y ceniceros;1;(ninguno sobre el umbral);2026-07-21;https://fumetas.cl/bandeja-bulldog-metalica-logo-mediana
19547;fumetas;the-bulldog;Zengaz Encendedor The Bulldog Amsterdam;4490;Encendedores y sopletes;1;(ninguno sobre el umbral);2026-06-13;https://fumetas.cl/zengaz-encendedor-the-bulldog-amsterdam
19577;fumetas;the-bulldog;"Cenicero Bulldog Black &amp; White";7990;Bandejas y ceniceros;1;(ninguno sobre el umbral);2026-07-21;https://fumetas.cl/cenicero-bulldog-black-white
20038;fumetas;the-bulldog;Poleron Hoodie The Bulldog Amsterdam - Gris;69990;Otros parafernalia;1;(ninguno sobre el umbral);2026-06-13;https://fumetas.cl/poleron-hoodie-the-bulldog-amsterdam-gris
20039;fumetas;the-bulldog;Poleron Hoodie The Bulldog Amsterdam - Negro;69990;Otros parafernalia;1;(ninguno sobre el umbral);2026-06-13;https://fumetas.cl/poleron-hoodie-the-bulldog-amsterdam-negro
20085;fumetas;the-bulldog;Gorro Bucket The Bulldog Amsterdam;17391;Otros parafernalia;1;(ninguno sobre el umbral);2026-06-13;https://fumetas.cl/gorro-bucket-the-bulldog-amsterdam
20114;fumetas;the-bulldog;Polera The Bulldog Amsterdam - Blanca;22790;Otros parafernalia;1;(ninguno sobre el umbral);2026-06-13;https://fumetas.cl/polera-the-bulldog-amsterdam-blanca
20115;fumetas;the-bulldog;Polera The Bulldog Amsterdam - Gris;22790;Otros parafernalia;1;(ninguno sobre el umbral);2026-06-13;https://fumetas.cl/polera-the-bulldog-amsterdam-gris
20116;fumetas;the-bulldog;Polera The Bulldog Amsterdam - Negra;22790;Otros parafernalia;1;(ninguno sobre el umbral);2026-06-13;https://fumetas.cl/polera-the-bulldog-amsterdam-negro
36036;fumetas;the-bulldog;Cenicero bulldog metálico - White;1990;Bandejas y ceniceros;1;(ninguno sobre el umbral);2026-07-21;https://fumetas.cl/cenicero-bulldog-metalico?variant=White
36037;fumetas;the-bulldog;Cenicero bulldog metálico - Silver;1990;Bandejas y ceniceros;1;(ninguno sobre el umbral);2026-07-21;https://fumetas.cl/cenicero-bulldog-metalico?variant=Silver
36038;fumetas;the-bulldog;Cenicero bulldog metálico - Blue;1990;Bandejas y ceniceros;1;(ninguno sobre el umbral);2026-07-21;https://fumetas.cl/cenicero-bulldog-metalico?variant=Blue
36190;fumetas;the-bulldog;Zengaz Encendedor The Bulldog Amsterdam - 4;4490;Encendedores y sopletes;1;(ninguno sobre el umbral);2026-07-21;https://fumetas.cl/zengaz-encendedor-the-bulldog-amsterdam?variant=4
37089;fumetas;the-bulldog;Poleron Hoodie The Bulldog Amsterdam - Gris - XL;69990;Otros parafernalia;1;(ninguno sobre el umbral);2026-07-21;https://fumetas.cl/poleron-hoodie-the-bulldog-amsterdam-gris?variant=XL
37090;fumetas;the-bulldog;Poleron Hoodie The Bulldog Amsterdam - Gris - L;69990;Otros parafernalia;1;(ninguno sobre el umbral);2026-07-21;https://fumetas.cl/poleron-hoodie-the-bulldog-amsterdam-gris?variant=L
37091;fumetas;the-bulldog;Poleron Hoodie The Bulldog Amsterdam - Gris - M;69990;Otros parafernalia;1;(ninguno sobre el umbral);2026-07-21;https://fumetas.cl/poleron-hoodie-the-bulldog-amsterdam-gris?variant=M
37092;fumetas;the-bulldog;Poleron Hoodie The Bulldog Amsterdam - Negro - M;69990;Otros parafernalia;1;(ninguno sobre el umbral);2026-07-21;https://fumetas.cl/poleron-hoodie-the-bulldog-amsterdam-negro?variant=M
37093;fumetas;the-bulldog;Poleron Hoodie The Bulldog Amsterdam - Negro - L;69990;Otros parafernalia;1;(ninguno sobre el umbral);2026-07-21;https://fumetas.cl/poleron-hoodie-the-bulldog-amsterdam-negro?variant=L
37095;fumetas;the-bulldog;Poleron Hoodie The Bulldog Amsterdam - Negro - XXL;69990;Otros parafernalia;1;(ninguno sobre el umbral);2026-07-21;https://fumetas.cl/poleron-hoodie-the-bulldog-amsterdam-negro?variant=XXL
37170;fumetas;the-bulldog;Gorro Bucket The Bulldog Amsterdam - Azul;17391;Otros parafernalia;1;(ninguno sobre el umbral);2026-07-21;https://fumetas.cl/gorro-bucket-the-bulldog-amsterdam?variant=Azul
37172;fumetas;the-bulldog;Gorro Bucket The Bulldog Amsterdam - Gris;17391;Otros parafernalia;1;(ninguno sobre el umbral);2026-07-21;https://fumetas.cl/gorro-bucket-the-bulldog-amsterdam?variant=Gris
37173;fumetas;the-bulldog;Gorro Bucket The Bulldog Amsterdam - Cotele Rosado;17391;Otros parafernalia;1;(ninguno sobre el umbral);2026-07-21;https://fumetas.cl/gorro-bucket-the-bulldog-amsterdam?variant=Cotele%20Rosado
37174;fumetas;the-bulldog;Gorro Bucket The Bulldog Amsterdam - Cotele Beige;17391;Otros parafernalia;1;(ninguno sobre el umbral);2026-07-21;https://fumetas.cl/gorro-bucket-the-bulldog-amsterdam?variant=Cotele%20Beige
37175;fumetas;the-bulldog;Gorro Bucket The Bulldog Amsterdam - Cotele Gris;17391;Otros parafernalia;1;(ninguno sobre el umbral);2026-07-21;https://fumetas.cl/gorro-bucket-the-bulldog-amsterdam?variant=Cotele%20Gris
37236;fumetas;the-bulldog;Polera The Bulldog Amsterdam - Blanca - XL;22790;Otros parafernalia;1;(ninguno sobre el umbral);2026-07-21;https://fumetas.cl/polera-the-bulldog-amsterdam-blanca?variant=XL
37238;fumetas;the-bulldog;Polera The Bulldog Amsterdam - Blanca - M;22790;Otros parafernalia;1;(ninguno sobre el umbral);2026-07-21;https://fumetas.cl/polera-the-bulldog-amsterdam-blanca?variant=M
37239;fumetas;the-bulldog;Polera The Bulldog Amsterdam - Gris - XXL;22790;Otros parafernalia;1;(ninguno sobre el umbral);2026-07-21;https://fumetas.cl/polera-the-bulldog-amsterdam-gris?variant=XXL
37240;fumetas;the-bulldog;Polera The Bulldog Amsterdam - Gris - XL;22790;Otros parafernalia;1;(ninguno sobre el umbral);2026-07-21;https://fumetas.cl/polera-the-bulldog-amsterdam-gris?variant=XL
37242;fumetas;the-bulldog;Polera The Bulldog Amsterdam - Gris - M;22790;Otros parafernalia;1;(ninguno sobre el umbral);2026-07-21;https://fumetas.cl/polera-the-bulldog-amsterdam-gris?variant=M
37245;fumetas;the-bulldog;Polera The Bulldog Amsterdam - Negra - M;22790;Otros parafernalia;1;(ninguno sobre el umbral);2026-07-21;https://fumetas.cl/polera-the-bulldog-amsterdam-negro?variant=M
77826;astrogrowshop;the-bulldog;BULLDOG PAPELILLOS ECO HEMP CAÑAMO ORGANICO 1/14;990;Papelillos;7;(ninguno sobre el umbral);2026-07-27;https://astrogrowshop.cl/bulldog-papelillos-eco-hemp-canamo-organico-114
13538;fumetas;vibes;Vibes The Cali 3 Tubos Pre-enrolados Size 2;4290;Otros parafernalia;1;(ninguno sobre el umbral);2026-06-13;https://fumetas.cl/vibes-the-cali-3-tubos-pre-enrolados-size-2
13539;fumetas;vibes;Vibes The Cali 3 Tubos Pre-enrolados Size 3;5090;Otros parafernalia;1;(ninguno sobre el umbral);2026-06-13;https://fumetas.cl/vibes-the-cali-3-tubos-pre-enrolados-size-3
19354;fumetas;vibes;Vibes Cubano Cono Pre-enrolado King Size 8;2490;Conos y blunts;1;(ninguno sobre el umbral);2026-06-13;https://fumetas.cl/vibes-cubano-cono-king-size
19359;fumetas;vibes;Vibes Bandeja Signature - Pequeña;7390;Bandejas y ceniceros;1;(ninguno sobre el umbral);2026-06-13;https://fumetas.cl/bandeja-de-enrolado-signature-vibes-mini
35821;fumetas;vibes;Vibes Cubano Cono Pre-enrolado King Size 8 - Ultra fino;2490;Conos y blunts;1;(ninguno sobre el umbral);2026-07-21;https://fumetas.cl/vibes-cubano-cono-king-size?variant=Ultra%20fino
35827;fumetas;vibes;Vibes Bandeja Signature - Pequeña - Azul;7390;Bandejas y ceniceros;1;(ninguno sobre el umbral);2026-07-21;https://fumetas.cl/bandeja-de-enrolado-signature-vibes-mini?variant=Azul
1582;fumetas;weecke;Weecke Porta Cápsulas + 4 Cápsulas Fenix Pro;14990;Repuestos para bongs y vaporizadores;4;(ninguno sobre el umbral);2026-07-21;https://fumetas.cl/weecke-porta-capsulas-4-capsulas-fenix-pro
13540;fumetas;weecke;Weecke Camara de Enfriamiento Fenix Pro 7th Gen;14990;Vaporizadores herbales;4;(ninguno sobre el umbral);2026-07-21;https://fumetas.cl/weecke-boquilla-vaporizador-fenix-pro-7th-gen
19200;fumetas;weecke;Weecke Anillo Silicona con Rejilla Fénix Neo;4990;Vaporizadores herbales;4;(ninguno sobre el umbral);2026-07-21;https://fumetas.cl/weecke-anillo-silicona-con-rejilla-fenix-neo
19434;fumetas;weecke;Weecke Herramienta Magnética Fenix Neo;5990;Vaporizadores herbales;4;(ninguno sobre el umbral);2026-07-21;https://fumetas.cl/weecke-herramienta-magnetica-vaporizador-fenix-neo
19543;fumetas;weecke;Weecke Herramienta Magnética Fenix Pro;3990;Vaporizadores herbales;4;(ninguno sobre el umbral);2026-07-21;https://fumetas.cl/weecke-herramienta-magnetica-fenix-pro
20070;fumetas;weecke;Unidad de enfriamiento Fenix Mini;10990;Repuestos para bongs y vaporizadores;4;(ninguno sobre el umbral);2026-07-21;https://fumetas.cl/boquilla-enfriamiento-fenix-mini
72243;fumetas;weecke;Weecke Fenix Mini Rejilla + Sello inferior;3490;Vaporizadores herbales;4;(ninguno sobre el umbral);2026-07-21;https://fumetas.cl/weecke-fenix-mini-rejilla-sello-inferior
19969;fumetas;yocan;Yocan Vaporizador Batería Ziva - Cartridges;21990;Accesorios de extraccion;4;P10548:flat(2t sim=0.43 ratio=2.20) P10521:kodo-pro(2t sim=0.33 ratio=1.47);2026-07-03;https://fumetas.cl/yocan-vaporizador-ziva
20199;fumetas;yocan;Yocan Falcone QTC Coil;9990;Accesorios de extraccion;4;(ninguno sobre el umbral);2026-07-10;https://fumetas.cl/yocan-falcone-qtc-coil
13437;fumetas;zengaz;Zengaz Encendedor Soplete Leaves 2;4490;Encendedores y sopletes;1;(ninguno sobre el umbral);2026-06-13;https://fumetas.cl/zengaz-encendedor-soplete-leaves-2
13550;fumetas;zengaz;Zengaz Encendedor Soplete Weed 2;4490;Encendedores y sopletes;1;(ninguno sobre el umbral);2026-06-13;https://fumetas.cl/zengaz-encendedor-weed-2
19840;fumetas;zengaz;Zengaz Encendedor Soplete Design 2;4490;Encendedores y sopletes;1;(ninguno sobre el umbral);2026-06-13;https://fumetas.cl/zengaz-encendedor-soplete-design
19843;fumetas;zengaz;Zengaz Encendedor Soplete Foodie;4490;Encendedores y sopletes;1;(ninguno sobre el umbral);2026-06-13;https://fumetas.cl/zengaz-encendedor-soplete-foodie
19845;fumetas;zengaz;Zengaz Encendedor Soplete Hippie;4490;Encendedores y sopletes;1;(ninguno sobre el umbral);2026-06-13;https://fumetas.cl/zengaz-encendedor-soplete-hippie
19846;fumetas;zengaz;Zengaz Encendedor Soplete Leaves;4490;Encendedores y sopletes;1;(ninguno sobre el umbral);2026-06-13;https://fumetas.cl/zengaz-encendedor-soplete-leaves
19849;fumetas;zengaz;Zengaz Encendedor Soplete Monkey;4490;Encendedores y sopletes;1;(ninguno sobre el umbral);2026-06-13;https://fumetas.cl/zengaz-encendedor-soplete-monkey
35197;fumetas;zengaz;Zengaz Encendedor Soplete Leaves 2 - 1;4490;Encendedores y sopletes;1;(ninguno sobre el umbral);2026-07-21;https://fumetas.cl/zengaz-encendedor-soplete-leaves-2?variant=1
35198;fumetas;zengaz;Zengaz Encendedor Soplete Leaves 2 - 2;4490;Encendedores y sopletes;1;(ninguno sobre el umbral);2026-07-21;https://fumetas.cl/zengaz-encendedor-soplete-leaves-2?variant=2
35199;fumetas;zengaz;Zengaz Encendedor Soplete Leaves 2 - 3;4490;Encendedores y sopletes;1;(ninguno sobre el umbral);2026-07-21;https://fumetas.cl/zengaz-encendedor-soplete-leaves-2?variant=3
35200;fumetas;zengaz;Zengaz Encendedor Soplete Leaves 2 - 4;4490;Encendedores y sopletes;1;(ninguno sobre el umbral);2026-07-21;https://fumetas.cl/zengaz-encendedor-soplete-leaves-2?variant=4
35467;fumetas;zengaz;Zengaz Encendedor Soplete Weed 2 - 1;4490;Encendedores y sopletes;1;(ninguno sobre el umbral);2026-07-21;https://fumetas.cl/zengaz-encendedor-weed-2?variant=1
35468;fumetas;zengaz;Zengaz Encendedor Soplete Weed 2 - 2;4490;Encendedores y sopletes;1;(ninguno sobre el umbral);2026-07-21;https://fumetas.cl/zengaz-encendedor-weed-2?variant=2
35470;fumetas;zengaz;Zengaz Encendedor Soplete Weed 2 - 4;4490;Encendedores y sopletes;1;(ninguno sobre el umbral);2026-07-21;https://fumetas.cl/zengaz-encendedor-weed-2?variant=4
36658;fumetas;zengaz;Zengaz Encendedor Soplete Hippie - 2;4490;Encendedores y sopletes;1;(ninguno sobre el umbral);2026-07-21;https://fumetas.cl/zengaz-encendedor-soplete-hippie?variant=2
36659;fumetas;zengaz;Zengaz Encendedor Soplete Hippie - 3;4490;Encendedores y sopletes;1;(ninguno sobre el umbral);2026-07-21;https://fumetas.cl/zengaz-encendedor-soplete-hippie?variant=3
36661;fumetas;zengaz;Zengaz Encendedor Soplete Leaves - 1;4490;Encendedores y sopletes;1;(ninguno sobre el umbral);2026-07-21;https://fumetas.cl/zengaz-encendedor-soplete-leaves?variant=1
36662;fumetas;zengaz;Zengaz Encendedor Soplete Leaves - 2;4490;Encendedores y sopletes;1;(ninguno sobre el umbral);2026-07-21;https://fumetas.cl/zengaz-encendedor-soplete-leaves?variant=2
36663;fumetas;zengaz;Zengaz Encendedor Soplete Leaves - 3;4490;Encendedores y sopletes;1;(ninguno sobre el umbral);2026-07-21;https://fumetas.cl/zengaz-encendedor-soplete-leaves?variant=3
36664;fumetas;zengaz;Zengaz Encendedor Soplete Leaves - 4;4490;Encendedores y sopletes;1;(ninguno sobre el umbral);2026-07-21;https://fumetas.cl/zengaz-encendedor-soplete-leaves?variant=4
36675;fumetas;zengaz;Zengaz Encendedor Soplete Monkey - 3;4490;Encendedores y sopletes;1;(ninguno sobre el umbral);2026-07-21;https://fumetas.cl/zengaz-encendedor-soplete-monkey?variant=3
12956;fumetas;zippo;Encendedor Zippo Classic Black Crackle;39990;Encendedores y sopletes;4;P10737:classic-high-polish-green(2t sim=0.33 ratio=1.00);2026-07-21;https://fumetas.cl/encendedor-zippo-classic-black-crackle
19387;fumetas;zippo;Encendedor Zippo Classic High Polish Purple;44990;Encendedores y sopletes;4;P10737:classic-high-polish-green(2t sim=0.63 ratio=1.13);2026-07-21;https://fumetas.cl/encendedor-zippo-classic-high-polish-purple
19483;fumetas;zippo;Encendedor Zippo Classic Purple Matte;36990;Encendedores y sopletes;4;P10737:classic-high-polish-green(2t sim=0.33 ratio=0.92);2026-07-21;https://fumetas.cl/encendedor-zippo-classic-purple-matte
19741;fumetas;zippo;Encendedor Zippo Filigree Design;33990;Encendedores y sopletes;4;(ninguno sobre el umbral);2026-07-21;https://fumetas.cl/encendedor-zippo-filigree-design
19914;fumetas;zippo;Encendedor Zippo Merlot;35990;Encendedores y sopletes;4;P10426:santa-cruz-design(2t sim=0.33 ratio=0.78) P10362:piedras-encendedor-6u(3t sim=0.33 ratio=19.99);2026-07-21;https://fumetas.cl/encendedor-zippo-merlot
35874;fumetas;zippo;Encendedor Zippo Harley Davidson Carbon Fiber;43990;Encendedores y sopletes;4;(ninguno sobre el umbral);2026-07-21;https://fumetas.cl/encendedor-zippo-harley-davidson-carbon-fiber
