dist;sim;promiscuidad;fgOfferId;fgTitle;fgPrice;fgCategoria;fgBrandKey;fgSku;fgEan;otherStore;otherOfferId;otherTitle;otherPrice;otherCategoria;otherBrandKey;otherSku;otherEan;priceRatio;mismaCategoria;skuCompartido;eanCompartido;textScore;inStock;fgUrl;otherUrl;fgImage;otherImage
56;0.7956;7;88837;"Vaporizador Extracciones E-rig Yocan Phaser Max - Azul";249990;"Accesorios de extraccion";"yocan";"";"";astrogrowshop;18202;"NEW HOT KNIFE-PUFFCO";89990;"Accesorios de extraccion";"pulsar";"VPPFNHOTKNONX";"";2.78;1;0;0;0;1;"https://www.friendlygrow.cl/yocan-phaser-max?variant=Azul";"https://astrogrowshop.cl/new-hot-knife-puffco";"https://cdnx.jumpseller.com/friendly-grow/image/73165137/YXK-191C_E8_93_9D.png?1774537189";"https://cdnx.jumpseller.com/astrogrowshop/image/74796799/VPPFNHOTKNONX_202.webp?1773773905"
58;0.8014;7;88838;"Vaporizador Extracciones E-rig Yocan Phaser Max - Plateado";249990;"Accesorios de extraccion";"yocan";"";"";astrogrowshop;18202;"NEW HOT KNIFE-PUFFCO";89990;"Accesorios de extraccion";"pulsar";"VPPFNHOTKNONX";"";2.78;1;0;0;0;1;"https://www.friendlygrow.cl/yocan-phaser-max?variant=Plateado";"https://astrogrowshop.cl/new-hot-knife-puffco";"https://cdnx.jumpseller.com/friendly-grow/image/73165131/YXK-191C_E9_93_B6.png?1774537189";"https://cdnx.jumpseller.com/astrogrowshop/image/74796799/VPPFNHOTKNONX_202.webp?1773773905"
63;0.7769;3;88837;"Vaporizador Extracciones E-rig Yocan Phaser Max - Azul";249990;"Accesorios de extraccion";"yocan";"";"";astrogrowshop;18091;"SABER DAB TOOL-FOCUS V";69990;"Vaporizadores herbales";"focus-v";"VPFVSBRFRT";"";3.57;0;0;0;0;1;"https://www.friendlygrow.cl/yocan-phaser-max?variant=Azul";"https://astrogrowshop.cl/saber-dab-tool-focus-v";"https://cdnx.jumpseller.com/friendly-grow/image/73165137/YXK-191C_E8_93_9D.png?1774537189";"https://cdnx.jumpseller.com/astrogrowshop/image/72746442/VPFVSBRTEAL.webp?1770297532"
65;0.7713;3;88838;"Vaporizador Extracciones E-rig Yocan Phaser Max - Plateado";249990;"Accesorios de extraccion";"yocan";"";"";astrogrowshop;18091;"SABER DAB TOOL-FOCUS V";69990;"Vaporizadores herbales";"focus-v";"VPFVSBRFRT";"";3.57;0;0;0;0;1;"https://www.friendlygrow.cl/yocan-phaser-max?variant=Plateado";"https://astrogrowshop.cl/saber-dab-tool-focus-v";"https://cdnx.jumpseller.com/friendly-grow/image/73165131/YXK-191C_E9_93_B6.png?1774537189";"https://cdnx.jumpseller.com/astrogrowshop/image/72746442/VPFVSBRTEAL.webp?1770297532"
77;0.5905;10;87980;"10 X Vaporizador Airis Vertex 2.0 Para Cartridges. - Plateado";59990;"Otros parafernalia";"airistech";"MLC2677935526";"";fumetas;19378;"Cepillo Con Compartimiento Secreto - OZeta Home";9990;"Otros parafernalia";"ozeta";"OZTA-HCEP";"";6.01;1;0;0;0;1;"https://www.friendlygrow.cl/promo-10-x-vaporizador-airis-vertex-20-para-cartridges?variant=Plateado";"https://fumetas.cl/cepillo-con-compartimiento-secreto-ozeta-home";"https://cdnx.jumpseller.com/friendly-grow/image/70293133/airis_20350mAh_20V2.0_20Battery_20_282_29.jpg?1781578046";"https://cdnx.jumpseller.com/fumetas-store/image/62975583/cepillo-depelo-ozeta-home-2.webp?1745813247"
77;0.577;10;87978;"10 X Vaporizador Airis Vertex 2.0 Para Cartridges. - Rojo";5990;"Otros parafernalia";"airistech";"MLC2677935526";"";fumetas;19378;"Cepillo Con Compartimiento Secreto - OZeta Home";9990;"Otros parafernalia";"ozeta";"OZTA-HCEP";"";1.67;1;0;0;0;1;"https://www.friendlygrow.cl/promo-10-x-vaporizador-airis-vertex-20-para-cartridges?variant=Rojo";"https://fumetas.cl/cepillo-con-compartimiento-secreto-ozeta-home";"https://cdnx.jumpseller.com/friendly-grow/image/70293127/airis_20350mAh_20V2.0_20Battery_20_284_29.jpg?1781578046";"https://cdnx.jumpseller.com/fumetas-store/image/62975583/cepillo-depelo-ozeta-home-2.webp?1745813247"
78;0.5804;9;88833;"Vaporizador Extracciones E-rig Yocan Phaser Max - Negro";249990;"Accesorios de extraccion";"yocan";"";"";fumetas;19519;"Papelillos Gizeh Queen Size + Tips";1490;"Papelillos";"gizeh";"GIZ-QUEENTP";"42353256";167.78;0;0;0;0;1;"https://www.friendlygrow.cl/yocan-phaser-max?variant=Negro";"https://fumetas.cl/papelillos-gizeh-queen-size-tips";"https://cdnx.jumpseller.com/friendly-grow/image/73165136/YXK-191C1_E9_BB_91.png?1774537189";"https://cdnx.jumpseller.com/fumetas-store/image/63974552/gizeh-black-queen-size-papers-tips-1-fumetas-store.webp?1748654658"
81;0.5585;10;87977;"10 X Vaporizador Airis Vertex 2.0 Para Cartridges. - Azul";59990;"Otros parafernalia";"airistech";"MLC2677935526";"";fumetas;19378;"Cepillo Con Compartimiento Secreto - OZeta Home";9990;"Otros parafernalia";"ozeta";"OZTA-HCEP";"";6.01;1;0;0;0;1;"https://www.friendlygrow.cl/promo-10-x-vaporizador-airis-vertex-20-para-cartridges?variant=Azul";"https://fumetas.cl/cepillo-con-compartimiento-secreto-ozeta-home";"https://cdnx.jumpseller.com/friendly-grow/image/70293126/airis_20350mAh_20V2.0_20Battery_20_285_29.jpg?1781578046";"https://cdnx.jumpseller.com/fumetas-store/image/62975583/cepillo-depelo-ozeta-home-2.webp?1745813247"
82;0.6288;9;88835;"Vaporizador Extracciones E-rig Yocan Phaser Max - Rojo";249990;"Accesorios de extraccion";"yocan";"";"";fumetas;19519;"Papelillos Gizeh Queen Size + Tips";1490;"Papelillos";"gizeh";"GIZ-QUEENTP";"42353256";167.78;0;0;0;0;1;"https://www.friendlygrow.cl/yocan-phaser-max?variant=Rojo";"https://fumetas.cl/papelillos-gizeh-queen-size-tips";"https://cdnx.jumpseller.com/friendly-grow/image/73165135/YXK-191C1_E7_BA_A2.png?1774537189";"https://cdnx.jumpseller.com/fumetas-store/image/63974552/gizeh-black-queen-size-papers-tips-1-fumetas-store.webp?1748654658"
86;0.6634;9;88837;"Vaporizador Extracciones E-rig Yocan Phaser Max - Azul";249990;"Accesorios de extraccion";"yocan";"";"";fumetas;19519;"Papelillos Gizeh Queen Size + Tips";1490;"Papelillos";"gizeh";"GIZ-QUEENTP";"42353256";167.78;0;0;0;0;1;"https://www.friendlygrow.cl/yocan-phaser-max?variant=Azul";"https://fumetas.cl/papelillos-gizeh-queen-size-tips";"https://cdnx.jumpseller.com/friendly-grow/image/73165137/YXK-191C_E8_93_9D.png?1774537189";"https://cdnx.jumpseller.com/fumetas-store/image/63974552/gizeh-black-queen-size-papers-tips-1-fumetas-store.webp?1748654658"
86;0.6468;9;88838;"Vaporizador Extracciones E-rig Yocan Phaser Max - Plateado";249990;"Accesorios de extraccion";"yocan";"";"";fumetas;19519;"Papelillos Gizeh Queen Size + Tips";1490;"Papelillos";"gizeh";"GIZ-QUEENTP";"42353256";167.78;0;0;0;0;1;"https://www.friendlygrow.cl/yocan-phaser-max?variant=Plateado";"https://fumetas.cl/papelillos-gizeh-queen-size-tips";"https://cdnx.jumpseller.com/friendly-grow/image/73165131/YXK-191C_E9_93_B6.png?1774537189";"https://cdnx.jumpseller.com/fumetas-store/image/63974552/gizeh-black-queen-size-papers-tips-1-fumetas-store.webp?1748654658"
86;0.551;10;87971;"10 X Vaporizador Airis Vertex 2.0 Para Cartridges. - Blanco";59990;"Otros parafernalia";"airistech";"MLC2677935526";"";fumetas;19378;"Cepillo Con Compartimiento Secreto - OZeta Home";9990;"Otros parafernalia";"ozeta";"OZTA-HCEP";"";6.01;1;0;0;0;1;"https://www.friendlygrow.cl/promo-10-x-vaporizador-airis-vertex-20-para-cartridges?variant=Blanco";"https://fumetas.cl/cepillo-con-compartimiento-secreto-ozeta-home";"https://cdnx.jumpseller.com/friendly-grow/image/70293123/airis_20350mAh_20V2.0_20Battery_20_283_29.jpg?1781578046";"https://cdnx.jumpseller.com/fumetas-store/image/62975583/cepillo-depelo-ozeta-home-2.webp?1745813247"
92;0.6077;2;88833;"Vaporizador Extracciones E-rig Yocan Phaser Max - Negro";249990;"Accesorios de extraccion";"yocan";"";"";fumetas;37535;"Conos Blunt Kush Hemp x2 - Sabores - Sweet";1490;"Conos y blunts";"kush-hemp";"BLUKU-CONS";"644536724469";167.78;0;0;0;0;1;"https://www.friendlygrow.cl/yocan-phaser-max?variant=Negro";"https://fumetas.cl/conos-kush-hemp-sabores?variant=Sweet";"https://cdnx.jumpseller.com/friendly-grow/image/73165136/YXK-191C1_E9_BB_91.png?1774537189";"https://cdnx.jumpseller.com/fumetas-store/image/11885107/Kush_-_Herbal_Cones_-_Sweet_Flavor_-_2-Ct_copy__21444.1539361896.500.500.png?1769186287"
92;0.5732;10;87973;"10 X Vaporizador Airis Vertex 2.0 Para Cartridges. - Negro";59990;"Otros parafernalia";"airistech";"MLC2677935526";"";fumetas;19378;"Cepillo Con Compartimiento Secreto - OZeta Home";9990;"Otros parafernalia";"ozeta";"OZTA-HCEP";"";6.01;1;0;0;0;1;"https://www.friendlygrow.cl/promo-10-x-vaporizador-airis-vertex-20-para-cartridges?variant=Negro";"https://fumetas.cl/cepillo-con-compartimiento-secreto-ozeta-home";"https://cdnx.jumpseller.com/friendly-grow/image/70293130/airis_20350mAh_20V2.0_20Battery_20_2810_29.jpg?1781578046";"https://cdnx.jumpseller.com/fumetas-store/image/62975583/cepillo-depelo-ozeta-home-2.webp?1745813247"
94;0.6347;2;88835;"Vaporizador Extracciones E-rig Yocan Phaser Max - Rojo";249990;"Accesorios de extraccion";"yocan";"";"";fumetas;37535;"Conos Blunt Kush Hemp x2 - Sabores - Sweet";1490;"Conos y blunts";"kush-hemp";"BLUKU-CONS";"644536724469";167.78;0;0;0;0;1;"https://www.friendlygrow.cl/yocan-phaser-max?variant=Rojo";"https://fumetas.cl/conos-kush-hemp-sabores?variant=Sweet";"https://cdnx.jumpseller.com/friendly-grow/image/73165135/YXK-191C1_E7_BA_A2.png?1774537189";"https://cdnx.jumpseller.com/fumetas-store/image/11885107/Kush_-_Herbal_Cones_-_Sweet_Flavor_-_2-Ct_copy__21444.1539361896.500.500.png?1769186287"
95;0.8064;9;88833;"Vaporizador Extracciones E-rig Yocan Phaser Max - Negro";249990;"Accesorios de extraccion";"yocan";"";"";astrogrowshop;32122;"Contenedor de Pyrex para Extractos 3 cm - Transparente";2990;"Contenedores y estuches";"";"BTCPCIT";"";83.61;0;0;0;0;1;"https://www.friendlygrow.cl/yocan-phaser-max?variant=Negro";"https://astrogrowshop.cl/contenedor-de-pyrex-para-extractos-3-cm?variant=Transparente";"https://cdnx.jumpseller.com/friendly-grow/image/73165136/YXK-191C1_E9_BB_91.png?1774537189";"https://cdnx.jumpseller.com/astrogrowshop/image/74244979/CONTENEDOR-PARA-EXTRACTOS-PYREX-BASE-TRANSPARENTE.webp?1772801271"
95;0.8056;9;88835;"Vaporizador Extracciones E-rig Yocan Phaser Max - Rojo";249990;"Accesorios de extraccion";"yocan";"";"";astrogrowshop;32122;"Contenedor de Pyrex para Extractos 3 cm - Transparente";2990;"Contenedores y estuches";"";"BTCPCIT";"";83.61;0;0;0;0;1;"https://www.friendlygrow.cl/yocan-phaser-max?variant=Rojo";"https://astrogrowshop.cl/contenedor-de-pyrex-para-extractos-3-cm?variant=Transparente";"https://cdnx.jumpseller.com/friendly-grow/image/73165135/YXK-191C1_E7_BA_A2.png?1774537189";"https://cdnx.jumpseller.com/astrogrowshop/image/74244979/CONTENEDOR-PARA-EXTRACTOS-PYREX-BASE-TRANSPARENTE.webp?1772801271"
95;0.5646;10;87975;"10 X Vaporizador Airis Vertex 2.0 Para Cartridges. - Tornasol";59990;"Otros parafernalia";"airistech";"MLC2677935526";"";fumetas;19378;"Cepillo Con Compartimiento Secreto - OZeta Home";9990;"Otros parafernalia";"ozeta";"OZTA-HCEP";"";6.01;1;0;0;0;1;"https://www.friendlygrow.cl/promo-10-x-vaporizador-airis-vertex-20-para-cartridges?variant=Tornasol";"https://fumetas.cl/cepillo-con-compartimiento-secreto-ozeta-home";"https://cdnx.jumpseller.com/friendly-grow/image/70293131/airis_20350mAh_20V2.0_20Battery_20_2811_29.jpg?1781578046";"https://cdnx.jumpseller.com/fumetas-store/image/62975583/cepillo-depelo-ozeta-home-2.webp?1745813247"
98;0.6848;21;88588;"Dabber Spoon de Precisión Black Cobra - Diseño Corona - Roja";3990;"Vaporizadores herbales";"";"";"";astrogrowshop;12614;"K30 -Bonglab";61990;"Otros parafernalia";"bonglab";"BGBLK30BLACK";"";15.54;0;0;0;0;1;"https://www.friendlygrow.cl/mini-cuchara-de-precision-black-cobra-diseno-corona?variant=Roja";"https://astrogrowshop.cl/k30-bonglab";"https://cdnx.jumpseller.com/friendly-grow/image/75772393/AC885-BC_20_2812_29.jpg?1776127645";"https://cdnx.jumpseller.com/astrogrowshop/image/74869333/imagen_1_26365.webp?1778783777"
98;0.6848;18;88588;"Dabber Spoon de Precisión Black Cobra - Diseño Corona - Roja";3990;"Vaporizadores herbales";"";"";"";astrogrowshop;32774;"K30 -Bonglab - Morado";61990;"Otros parafernalia";"bonglab";"BGBLK30PURPLE";"";15.54;0;0;0;0.08;1;"https://www.friendlygrow.cl/mini-cuchara-de-precision-black-cobra-diseno-corona?variant=Roja";"https://astrogrowshop.cl/k30-bonglab?variant=Morado";"https://cdnx.jumpseller.com/friendly-grow/image/75772393/AC885-BC_20_2812_29.jpg?1776127645";"https://cdnx.jumpseller.com/astrogrowshop/image/74869333/imagen_1_26365.webp?1778783777"
98;0.6839;23;88588;"Dabber Spoon de Precisión Black Cobra - Diseño Corona - Roja";3990;"Vaporizadores herbales";"";"";"";fumetas;34951;"Bonglab Bong Fresh K30 42cm - Morado";64990;"Bongs";"bonglab";"BLAB-K30P";"";16.29;0;0;0;0.12;1;"https://www.friendlygrow.cl/mini-cuchara-de-precision-black-cobra-diseno-corona?variant=Roja";"https://fumetas.cl/bonglab-bong-k30-black-42cm?variant=Morado";"https://cdnx.jumpseller.com/friendly-grow/image/75772393/AC885-BC_20_2812_29.jpg?1776127645";"https://cdnx.jumpseller.com/fumetas-store/image/25758149/Bong-K30-Purple.jpg?1729048665"
99;0.7116;23;87637;"Pipa de Pyrex Cookies Spoon - Premium Borosilicate Glass - Diseño 6";6290;"Pipas";"cookies";"";"";fumetas;34951;"Bonglab Bong Fresh K30 42cm - Morado";64990;"Bongs";"bonglab";"BLAB-K30P";"";10.33;0;0;0;0;1;"https://www.friendlygrow.cl/pipa-de-vidrio-cookies-spoon-premium-borosilicate-glass?variant=Dise%C3%B1o%206";"https://fumetas.cl/bonglab-bong-k30-black-42cm?variant=Morado";"https://cdnx.jumpseller.com/friendly-grow/image/75851219/YD312-C_20_2818_29.jpg?1776370701";"https://cdnx.jumpseller.com/fumetas-store/image/25758149/Bong-K30-Purple.jpg?1729048665"
99;0.7107;23;88583;"Dabber Spoon de Precisión Black Cobra - Diseño Corona - Azul";3990;"Vaporizadores herbales";"";"";"";fumetas;34951;"Bonglab Bong Fresh K30 42cm - Morado";64990;"Bongs";"bonglab";"BLAB-K30P";"";16.29;0;0;0;0.12;1;"https://www.friendlygrow.cl/mini-cuchara-de-precision-black-cobra-diseno-corona?variant=Azul";"https://fumetas.cl/bonglab-bong-k30-black-42cm?variant=Morado";"https://cdnx.jumpseller.com/friendly-grow/image/75772396/AC885-BC_20_2810_29.jpg?1776127645";"https://cdnx.jumpseller.com/fumetas-store/image/25758149/Bong-K30-Purple.jpg?1729048665"
99;0.7011;23;88590;"Dabber Spoon de Precisión Black Cobra - Diseño Corona - Verde";3990;"Vaporizadores herbales";"";"";"";fumetas;34951;"Bonglab Bong Fresh K30 42cm - Morado";64990;"Bongs";"bonglab";"BLAB-K30P";"";16.29;0;0;0;0.12;1;"https://www.friendlygrow.cl/mini-cuchara-de-precision-black-cobra-diseno-corona?variant=Verde";"https://fumetas.cl/bonglab-bong-k30-black-42cm?variant=Morado";"https://cdnx.jumpseller.com/friendly-grow/image/75772391/AC885-BC_20_2811_29.jpg?1776127645";"https://cdnx.jumpseller.com/fumetas-store/image/25758149/Bong-K30-Purple.jpg?1729048665"
100;0.6952;23;88586;"Dabber Spoon de Precisión Black Cobra - Diseño Corona - Negra";3990;"Vaporizadores herbales";"";"";"";fumetas;34951;"Bonglab Bong Fresh K30 42cm - Morado";64990;"Bongs";"bonglab";"BLAB-K30P";"";16.29;0;0;0;0.12;1;"https://www.friendlygrow.cl/mini-cuchara-de-precision-black-cobra-diseno-corona?variant=Negra";"https://fumetas.cl/bonglab-bong-k30-black-42cm?variant=Morado";"https://cdnx.jumpseller.com/friendly-grow/image/75772397/AC885-BC_20_286_29.jpg?1776127645";"https://cdnx.jumpseller.com/fumetas-store/image/25758149/Bong-K30-Purple.jpg?1729048665"
100;0.6806;21;87630;"Pipa de Pyrex Cookies Spoon - Premium Borosilicate Glass - White";6290;"Pipas";"cookies";"";"";astrogrowshop;12614;"K30 -Bonglab";61990;"Otros parafernalia";"bonglab";"BGBLK30BLACK";"";9.86;0;0;0;0;1;"https://www.friendlygrow.cl/pipa-de-vidrio-cookies-spoon-premium-borosilicate-glass?variant=White";"https://astrogrowshop.cl/k30-bonglab";"https://cdnx.jumpseller.com/friendly-grow/image/75851211/YD312-C_20_281_29.jpg?1776370701";"https://cdnx.jumpseller.com/astrogrowshop/image/74869333/imagen_1_26365.webp?1778783777"
100;0.6806;18;87630;"Pipa de Pyrex Cookies Spoon - Premium Borosilicate Glass - White";6290;"Pipas";"cookies";"";"";astrogrowshop;32774;"K30 -Bonglab - Morado";61990;"Otros parafernalia";"bonglab";"BGBLK30PURPLE";"";9.86;0;0;0;0;1;"https://www.friendlygrow.cl/pipa-de-vidrio-cookies-spoon-premium-borosilicate-glass?variant=White";"https://astrogrowshop.cl/k30-bonglab?variant=Morado";"https://cdnx.jumpseller.com/friendly-grow/image/75851211/YD312-C_20_281_29.jpg?1776370701";"https://cdnx.jumpseller.com/astrogrowshop/image/74869333/imagen_1_26365.webp?1778783777"
101;0.6949;21;87637;"Pipa de Pyrex Cookies Spoon - Premium Borosilicate Glass - Diseño 6";6290;"Pipas";"cookies";"";"";astrogrowshop;12614;"K30 -Bonglab";61990;"Otros parafernalia";"bonglab";"BGBLK30BLACK";"";9.86;0;0;0;0;1;"https://www.friendlygrow.cl/pipa-de-vidrio-cookies-spoon-premium-borosilicate-glass?variant=Dise%C3%B1o%206";"https://astrogrowshop.cl/k30-bonglab";"https://cdnx.jumpseller.com/friendly-grow/image/75851219/YD312-C_20_2818_29.jpg?1776370701";"https://cdnx.jumpseller.com/astrogrowshop/image/74869333/imagen_1_26365.webp?1778783777"
101;0.6949;18;87637;"Pipa de Pyrex Cookies Spoon - Premium Borosilicate Glass - Diseño 6";6290;"Pipas";"cookies";"";"";astrogrowshop;32774;"K30 -Bonglab - Morado";61990;"Otros parafernalia";"bonglab";"BGBLK30PURPLE";"";9.86;0;0;0;0;1;"https://www.friendlygrow.cl/pipa-de-vidrio-cookies-spoon-premium-borosilicate-glass?variant=Dise%C3%B1o%206";"https://astrogrowshop.cl/k30-bonglab?variant=Morado";"https://cdnx.jumpseller.com/friendly-grow/image/75851219/YD312-C_20_2818_29.jpg?1776370701";"https://cdnx.jumpseller.com/astrogrowshop/image/74869333/imagen_1_26365.webp?1778783777"
101;0.6889;21;88590;"Dabber Spoon de Precisión Black Cobra - Diseño Corona - Verde";3990;"Vaporizadores herbales";"";"";"";astrogrowshop;12614;"K30 -Bonglab";61990;"Otros parafernalia";"bonglab";"BGBLK30BLACK";"";15.54;0;0;0;0;1;"https://www.friendlygrow.cl/mini-cuchara-de-precision-black-cobra-diseno-corona?variant=Verde";"https://astrogrowshop.cl/k30-bonglab";"https://cdnx.jumpseller.com/friendly-grow/image/75772391/AC885-BC_20_2811_29.jpg?1776127645";"https://cdnx.jumpseller.com/astrogrowshop/image/74869333/imagen_1_26365.webp?1778783777"
101;0.6889;18;88590;"Dabber Spoon de Precisión Black Cobra - Diseño Corona - Verde";3990;"Vaporizadores herbales";"";"";"";astrogrowshop;32774;"K30 -Bonglab - Morado";61990;"Otros parafernalia";"bonglab";"BGBLK30PURPLE";"";15.54;0;0;0;0.08;1;"https://www.friendlygrow.cl/mini-cuchara-de-precision-black-cobra-diseno-corona?variant=Verde";"https://astrogrowshop.cl/k30-bonglab?variant=Morado";"https://cdnx.jumpseller.com/friendly-grow/image/75772391/AC885-BC_20_2811_29.jpg?1776127645";"https://cdnx.jumpseller.com/astrogrowshop/image/74869333/imagen_1_26365.webp?1778783777"
102;0.7324;4;87373;"Moledor de Metal de Lujo 63mm - 4 Partes (Diseño en Relieve) - Oro";13900;"Moledores";"";"";"";astrogrowshop;31039;"Moledor Aluminio 4 Partes 50MM Bt - verde";9990;"Moledores";"";"ASTROMAPBG017";"";1.39;1;0;0;0;1;"https://www.friendlygrow.cl/grinder-de-metal-de-lujo-63mm-4-partes-diseno-en-relieve?variant=Oro";"https://astrogrowshop.cl/moledor-aluminio-4-partes-50mm-bt?variant=verde";"https://cdnx.jumpseller.com/friendly-grow/image/75840931/PH63-4-001_20_286_29.jpg?1780669650";"https://cdnx.jumpseller.com/astrogrowshop/image/74868958/imagen_1_28239.webp?1773937618"
102;0.7324;3;87373;"Moledor de Metal de Lujo 63mm - 4 Partes (Diseño en Relieve) - Oro";13900;"Moledores";"";"";"";astrogrowshop;31031;"Moledor Aluminio 4 Partes 40Mm Bt - verde";7990;"Moledores";"";"ASTROMAPBG008";"";1.74;1;0;0;0;1;"https://www.friendlygrow.cl/grinder-de-metal-de-lujo-63mm-4-partes-diseno-en-relieve?variant=Oro";"https://astrogrowshop.cl/moledor-aluminio-4-partes-40mm-bt?variant=verde";"https://cdnx.jumpseller.com/friendly-grow/image/75840931/PH63-4-001_20_286_29.jpg?1780669650";"https://cdnx.jumpseller.com/astrogrowshop/image/74868781/imagen_1_28230.webp?1773937552"
102;0.7324;3;87373;"Moledor de Metal de Lujo 63mm - 4 Partes (Diseño en Relieve) - Oro";13900;"Moledores";"";"";"";astrogrowshop;31046;"Moledor Aluminio 4 Partes 63Mm Bt - verde";12990;"Moledores";"";"ASTROMAPBG025";"";1.07;1;0;0;0.65;1;"https://www.friendlygrow.cl/grinder-de-metal-de-lujo-63mm-4-partes-diseno-en-relieve?variant=Oro";"https://astrogrowshop.cl/moledor-aluminio-4-partes-63mm-bt?variant=verde";"https://cdnx.jumpseller.com/friendly-grow/image/75840931/PH63-4-001_20_286_29.jpg?1780669650";"https://cdnx.jumpseller.com/astrogrowshop/image/74869192/imagen_1_28247.webp?1773937788"
102;0.6859;21;88586;"Dabber Spoon de Precisión Black Cobra - Diseño Corona - Negra";3990;"Vaporizadores herbales";"";"";"";astrogrowshop;12614;"K30 -Bonglab";61990;"Otros parafernalia";"bonglab";"BGBLK30BLACK";"";15.54;0;0;0;0;1;"https://www.friendlygrow.cl/mini-cuchara-de-precision-black-cobra-diseno-corona?variant=Negra";"https://astrogrowshop.cl/k30-bonglab";"https://cdnx.jumpseller.com/friendly-grow/image/75772397/AC885-BC_20_286_29.jpg?1776127645";"https://cdnx.jumpseller.com/astrogrowshop/image/74869333/imagen_1_26365.webp?1778783777"
102;0.6859;18;88586;"Dabber Spoon de Precisión Black Cobra - Diseño Corona - Negra";3990;"Vaporizadores herbales";"";"";"";astrogrowshop;32774;"K30 -Bonglab - Morado";61990;"Otros parafernalia";"bonglab";"BGBLK30PURPLE";"";15.54;0;0;0;0.08;1;"https://www.friendlygrow.cl/mini-cuchara-de-precision-black-cobra-diseno-corona?variant=Negra";"https://astrogrowshop.cl/k30-bonglab?variant=Morado";"https://cdnx.jumpseller.com/friendly-grow/image/75772397/AC885-BC_20_286_29.jpg?1776127645";"https://cdnx.jumpseller.com/astrogrowshop/image/74869333/imagen_1_26365.webp?1778783777"
103;0.6932;21;88583;"Dabber Spoon de Precisión Black Cobra - Diseño Corona - Azul";3990;"Vaporizadores herbales";"";"";"";astrogrowshop;12614;"K30 -Bonglab";61990;"Otros parafernalia";"bonglab";"BGBLK30BLACK";"";15.54;0;0;0;0;1;"https://www.friendlygrow.cl/mini-cuchara-de-precision-black-cobra-diseno-corona?variant=Azul";"https://astrogrowshop.cl/k30-bonglab";"https://cdnx.jumpseller.com/friendly-grow/image/75772396/AC885-BC_20_2810_29.jpg?1776127645";"https://cdnx.jumpseller.com/astrogrowshop/image/74869333/imagen_1_26365.webp?1778783777"
103;0.6932;18;88583;"Dabber Spoon de Precisión Black Cobra - Diseño Corona - Azul";3990;"Vaporizadores herbales";"";"";"";astrogrowshop;32774;"K30 -Bonglab - Morado";61990;"Otros parafernalia";"bonglab";"BGBLK30PURPLE";"";15.54;0;0;0;0.08;1;"https://www.friendlygrow.cl/mini-cuchara-de-precision-black-cobra-diseno-corona?variant=Azul";"https://astrogrowshop.cl/k30-bonglab?variant=Morado";"https://cdnx.jumpseller.com/friendly-grow/image/75772396/AC885-BC_20_2810_29.jpg?1776127645";"https://cdnx.jumpseller.com/astrogrowshop/image/74869333/imagen_1_26365.webp?1778783777"
104;0.7037;23;87630;"Pipa de Pyrex Cookies Spoon - Premium Borosilicate Glass - White";6290;"Pipas";"cookies";"";"";fumetas;34951;"Bonglab Bong Fresh K30 42cm - Morado";64990;"Bongs";"bonglab";"BLAB-K30P";"";10.33;0;0;0;0;1;"https://www.friendlygrow.cl/pipa-de-vidrio-cookies-spoon-premium-borosilicate-glass?variant=White";"https://fumetas.cl/bonglab-bong-k30-black-42cm?variant=Morado";"https://cdnx.jumpseller.com/friendly-grow/image/75851211/YD312-C_20_281_29.jpg?1776370701";"https://cdnx.jumpseller.com/fumetas-store/image/25758149/Bong-K30-Purple.jpg?1729048665"
104;0.5006;8;88584;"Dabber Spoon de Precisión Black Cobra - Diseño Corona - Amarilla";3990;"Vaporizadores herbales";"";"";"";growbarato;71057;"Deshumidificador Cornwall Electronics 12L/Día";239400;"Otros parafernalia";"";"";"";60;0;0;0;0;1;"https://www.friendlygrow.cl/mini-cuchara-de-precision-black-cobra-diseno-corona?variant=Amarilla";"https://www.growbaratochile.cl/humedad-y-temperatura/deshumidificador-cornwall-electronics-12ldia.html";"https://cdnx.jumpseller.com/friendly-grow/image/75772395/AC885-BC_20_289_29.jpg?1776127645";"https://www.growbaratochile.cl/6311-large_default/deshumidificador-cornwall-electronics-12ldia.jpg"
105;0.8157;9;88837;"Vaporizador Extracciones E-rig Yocan Phaser Max - Azul";249990;"Accesorios de extraccion";"yocan";"";"";astrogrowshop;32122;"Contenedor de Pyrex para Extractos 3 cm - Transparente";2990;"Contenedores y estuches";"";"BTCPCIT";"";83.61;0;0;0;0;1;"https://www.friendlygrow.cl/yocan-phaser-max?variant=Azul";"https://astrogrowshop.cl/contenedor-de-pyrex-para-extractos-3-cm?variant=Transparente";"https://cdnx.jumpseller.com/friendly-grow/image/73165137/YXK-191C_E8_93_9D.png?1774537189";"https://cdnx.jumpseller.com/astrogrowshop/image/74244979/CONTENEDOR-PARA-EXTRACTOS-PYREX-BASE-TRANSPARENTE.webp?1772801271"
105;0.6398;23;88584;"Dabber Spoon de Precisión Black Cobra - Diseño Corona - Amarilla";3990;"Vaporizadores herbales";"";"";"";fumetas;34951;"Bonglab Bong Fresh K30 42cm - Morado";64990;"Bongs";"bonglab";"BLAB-K30P";"";16.29;0;0;0;0.12;1;"https://www.friendlygrow.cl/mini-cuchara-de-precision-black-cobra-diseno-corona?variant=Amarilla";"https://fumetas.cl/bonglab-bong-k30-black-42cm?variant=Morado";"https://cdnx.jumpseller.com/friendly-grow/image/75772395/AC885-BC_20_289_29.jpg?1776127645";"https://cdnx.jumpseller.com/fumetas-store/image/25758149/Bong-K30-Purple.jpg?1729048665"
106;0.7829;4;87372;"Moledor de Metal de Lujo 63mm - 4 Partes (Diseño en Relieve) - Plata";13900;"Moledores";"";"";"";astrogrowshop;31039;"Moledor Aluminio 4 Partes 50MM Bt - verde";9990;"Moledores";"";"ASTROMAPBG017";"";1.39;1;0;0;0;1;"https://www.friendlygrow.cl/grinder-de-metal-de-lujo-63mm-4-partes-diseno-en-relieve?variant=Plata";"https://astrogrowshop.cl/moledor-aluminio-4-partes-50mm-bt?variant=verde";"https://cdnx.jumpseller.com/friendly-grow/image/75840941/PH63-4-001_20_285_29.jpg?1780669650";"https://cdnx.jumpseller.com/astrogrowshop/image/74868958/imagen_1_28239.webp?1773937618"
106;0.7829;3;87372;"Moledor de Metal de Lujo 63mm - 4 Partes (Diseño en Relieve) - Plata";13900;"Moledores";"";"";"";astrogrowshop;31031;"Moledor Aluminio 4 Partes 40Mm Bt - verde";7990;"Moledores";"";"ASTROMAPBG008";"";1.74;1;0;0;0;1;"https://www.friendlygrow.cl/grinder-de-metal-de-lujo-63mm-4-partes-diseno-en-relieve?variant=Plata";"https://astrogrowshop.cl/moledor-aluminio-4-partes-40mm-bt?variant=verde";"https://cdnx.jumpseller.com/friendly-grow/image/75840941/PH63-4-001_20_285_29.jpg?1780669650";"https://cdnx.jumpseller.com/astrogrowshop/image/74868781/imagen_1_28230.webp?1773937552"
106;0.7829;3;87372;"Moledor de Metal de Lujo 63mm - 4 Partes (Diseño en Relieve) - Plata";13900;"Moledores";"";"";"";astrogrowshop;31046;"Moledor Aluminio 4 Partes 63Mm Bt - verde";12990;"Moledores";"";"ASTROMAPBG025";"";1.07;1;0;0;0.65;1;"https://www.friendlygrow.cl/grinder-de-metal-de-lujo-63mm-4-partes-diseno-en-relieve?variant=Plata";"https://astrogrowshop.cl/moledor-aluminio-4-partes-63mm-bt?variant=verde";"https://cdnx.jumpseller.com/friendly-grow/image/75840941/PH63-4-001_20_285_29.jpg?1780669650";"https://cdnx.jumpseller.com/astrogrowshop/image/74869192/imagen_1_28247.webp?1773937788"
107;0.8269;9;88838;"Vaporizador Extracciones E-rig Yocan Phaser Max - Plateado";249990;"Accesorios de extraccion";"yocan";"";"";astrogrowshop;32122;"Contenedor de Pyrex para Extractos 3 cm - Transparente";2990;"Contenedores y estuches";"";"BTCPCIT";"";83.61;0;0;0;0;1;"https://www.friendlygrow.cl/yocan-phaser-max?variant=Plateado";"https://astrogrowshop.cl/contenedor-de-pyrex-para-extractos-3-cm?variant=Transparente";"https://cdnx.jumpseller.com/friendly-grow/image/73165131/YXK-191C_E9_93_B6.png?1774537189";"https://cdnx.jumpseller.com/astrogrowshop/image/74244979/CONTENEDOR-PARA-EXTRACTOS-PYREX-BASE-TRANSPARENTE.webp?1772801271"
107;0.7605;4;87371;"Moledor de Metal de Lujo 63mm - 4 Partes (Diseño en Relieve) - Bronce";13900;"Moledores";"";"";"";astrogrowshop;31039;"Moledor Aluminio 4 Partes 50MM Bt - verde";9990;"Moledores";"";"ASTROMAPBG017";"";1.39;1;0;0;0;1;"https://www.friendlygrow.cl/grinder-de-metal-de-lujo-63mm-4-partes-diseno-en-relieve?variant=Bronce";"https://astrogrowshop.cl/moledor-aluminio-4-partes-50mm-bt?variant=verde";"https://cdnx.jumpseller.com/friendly-grow/image/75840927/PH63-4-001_20_284_29.jpg?1780669650";"https://cdnx.jumpseller.com/astrogrowshop/image/74868958/imagen_1_28239.webp?1773937618"
107;0.7605;3;87371;"Moledor de Metal de Lujo 63mm - 4 Partes (Diseño en Relieve) - Bronce";13900;"Moledores";"";"";"";astrogrowshop;31031;"Moledor Aluminio 4 Partes 40Mm Bt - verde";7990;"Moledores";"";"ASTROMAPBG008";"";1.74;1;0;0;0;1;"https://www.friendlygrow.cl/grinder-de-metal-de-lujo-63mm-4-partes-diseno-en-relieve?variant=Bronce";"https://astrogrowshop.cl/moledor-aluminio-4-partes-40mm-bt?variant=verde";"https://cdnx.jumpseller.com/friendly-grow/image/75840927/PH63-4-001_20_284_29.jpg?1780669650";"https://cdnx.jumpseller.com/astrogrowshop/image/74868781/imagen_1_28230.webp?1773937552"
107;0.7605;3;87371;"Moledor de Metal de Lujo 63mm - 4 Partes (Diseño en Relieve) - Bronce";13900;"Moledores";"";"";"";astrogrowshop;31046;"Moledor Aluminio 4 Partes 63Mm Bt - verde";12990;"Moledores";"";"ASTROMAPBG025";"";1.07;1;0;0;0.65;1;"https://www.friendlygrow.cl/grinder-de-metal-de-lujo-63mm-4-partes-diseno-en-relieve?variant=Bronce";"https://astrogrowshop.cl/moledor-aluminio-4-partes-63mm-bt?variant=verde";"https://cdnx.jumpseller.com/friendly-grow/image/75840927/PH63-4-001_20_284_29.jpg?1780669650";"https://cdnx.jumpseller.com/astrogrowshop/image/74869192/imagen_1_28247.webp?1773937788"
107;0.6501;21;88584;"Dabber Spoon de Precisión Black Cobra - Diseño Corona - Amarilla";3990;"Vaporizadores herbales";"";"";"";astrogrowshop;12614;"K30 -Bonglab";61990;"Otros parafernalia";"bonglab";"BGBLK30BLACK";"";15.54;0;0;0;0;1;"https://www.friendlygrow.cl/mini-cuchara-de-precision-black-cobra-diseno-corona?variant=Amarilla";"https://astrogrowshop.cl/k30-bonglab";"https://cdnx.jumpseller.com/friendly-grow/image/75772395/AC885-BC_20_289_29.jpg?1776127645";"https://cdnx.jumpseller.com/astrogrowshop/image/74869333/imagen_1_26365.webp?1778783777"
107;0.5509;8;88592;"Dabber Spoon de Precisión Black Cobra - Diseño Corona - Blanca";3990;"Vaporizadores herbales";"";"";"";growbarato;71057;"Deshumidificador Cornwall Electronics 12L/Día";239400;"Otros parafernalia";"";"";"";60;0;0;0;0;1;"https://www.friendlygrow.cl/mini-cuchara-de-precision-black-cobra-diseno-corona?variant=Blanca";"https://www.growbaratochile.cl/humedad-y-temperatura/deshumidificador-cornwall-electronics-12ldia.html";"https://cdnx.jumpseller.com/friendly-grow/image/75772398/AC885-BC_20_288_29.jpg?1776127645";"https://www.growbaratochile.cl/6311-large_default/deshumidificador-cornwall-electronics-12ldia.jpg"
108;0.8465;4;88833;"Vaporizador Extracciones E-rig Yocan Phaser Max - Negro";249990;"Accesorios de extraccion";"yocan";"";"";fumetas;19926;"G Pen Silicone Mouthpiece Roam Cookies";10990;"Otros parafernalia";"cookies";"GRC-MOUT-GPCO";"811736023795";22.75;0;0;0;0;1;"https://www.friendlygrow.cl/yocan-phaser-max?variant=Negro";"https://fumetas.cl/grenco-silicone-mouthpiece-roam-cookies-g-pen";"https://cdnx.jumpseller.com/friendly-grow/image/73165136/YXK-191C1_E9_BB_91.png?1774537189";"https://cdnx.jumpseller.com/fumetas-store/image/18407315/mouthpiece_intento_4.jpg?1656965116"
109;0.9294;1;87676;"Bong de Pyrex Beaker Clásico – Bong de Pyrex con Downstem 20cms";34900;"Bongs";"";"";"";fumetas;34726;"Calvo Glass Bong Beaker Premium 35cm - Verde";44990;"Bongs";"calvo";"CG-CL120G";"";1.29;1;0;0;0.3;1;"https://www.friendlygrow.cl/bong-de-vidrio-beaker-clasico-bong-de-pyrex";"https://fumetas.cl/calvo-glass-bong-beaker-lite-35cm?variant=Verde";"https://cdnx.jumpseller.com/friendly-grow/image/74781911/SP50-2.jpg?1773756948";"https://cdnx.jumpseller.com/fumetas-store/image/76826383/Calvo-Premiun-45-Verde-1.jpg?1779290621"
110;0.8338;4;88835;"Vaporizador Extracciones E-rig Yocan Phaser Max - Rojo";249990;"Accesorios de extraccion";"yocan";"";"";fumetas;19926;"G Pen Silicone Mouthpiece Roam Cookies";10990;"Otros parafernalia";"cookies";"GRC-MOUT-GPCO";"811736023795";22.75;0;0;0;0;1;"https://www.friendlygrow.cl/yocan-phaser-max?variant=Rojo";"https://fumetas.cl/grenco-silicone-mouthpiece-roam-cookies-g-pen";"https://cdnx.jumpseller.com/friendly-grow/image/73165135/YXK-191C1_E7_BA_A2.png?1774537189";"https://cdnx.jumpseller.com/fumetas-store/image/18407315/mouthpiece_intento_4.jpg?1656965116"
110;0.6882;21;87634;"Pipa de Pyrex Cookies Spoon - Premium Borosilicate Glass - Diseño 3";6290;"Pipas";"cookies";"";"";astrogrowshop;12614;"K30 -Bonglab";61990;"Otros parafernalia";"bonglab";"BGBLK30BLACK";"";9.86;0;0;0;0;1;"https://www.friendlygrow.cl/pipa-de-vidrio-cookies-spoon-premium-borosilicate-glass?variant=Dise%C3%B1o%203";"https://astrogrowshop.cl/k30-bonglab";"https://cdnx.jumpseller.com/friendly-grow/image/75851216/YD312-C_20_2814_29.jpg?1776370701";"https://cdnx.jumpseller.com/astrogrowshop/image/74869333/imagen_1_26365.webp?1778783777"
110;0.6882;18;87634;"Pipa de Pyrex Cookies Spoon - Premium Borosilicate Glass - Diseño 3";6290;"Pipas";"cookies";"";"";astrogrowshop;32774;"K30 -Bonglab - Morado";61990;"Otros parafernalia";"bonglab";"BGBLK30PURPLE";"";9.86;0;0;0;0;1;"https://www.friendlygrow.cl/pipa-de-vidrio-cookies-spoon-premium-borosilicate-glass?variant=Dise%C3%B1o%203";"https://astrogrowshop.cl/k30-bonglab?variant=Morado";"https://cdnx.jumpseller.com/friendly-grow/image/75851216/YD312-C_20_2814_29.jpg?1776370701";"https://cdnx.jumpseller.com/astrogrowshop/image/74869333/imagen_1_26365.webp?1778783777"
110;0.6347;8;88592;"Dabber Spoon de Precisión Black Cobra - Diseño Corona - Blanca";3990;"Vaporizadores herbales";"";"";"";fumetas;34549;"Calvo Glass Bong Straight Tube American 26cm - Amarillo";34990;"Bongs";"calvo";"CG-24620Y";"";8.77;0;0;0;0.08;1;"https://www.friendlygrow.cl/mini-cuchara-de-precision-black-cobra-diseno-corona?variant=Blanca";"https://fumetas.cl/calvo-glass-bong-straight-tube-american-26cm?variant=Amarillo";"https://cdnx.jumpseller.com/friendly-grow/image/75772398/AC885-BC_20_288_29.jpg?1776127645";"https://cdnx.jumpseller.com/fumetas-store/image/72093618/STRAIGHT-TUBE-AMERICAN-YELLOW.jpg?1768942345"
110;0.616;9;87971;"10 X Vaporizador Airis Vertex 2.0 Para Cartridges. - Blanco";59990;"Otros parafernalia";"airistech";"MLC2677935526";"";astrogrowshop;32122;"Contenedor de Pyrex para Extractos 3 cm - Transparente";2990;"Contenedores y estuches";"";"BTCPCIT";"";20.06;0;0;0;0;1;"https://www.friendlygrow.cl/promo-10-x-vaporizador-airis-vertex-20-para-cartridges?variant=Blanco";"https://astrogrowshop.cl/contenedor-de-pyrex-para-extractos-3-cm?variant=Transparente";"https://cdnx.jumpseller.com/friendly-grow/image/70293123/airis_20350mAh_20V2.0_20Battery_20_283_29.jpg?1781578046";"https://cdnx.jumpseller.com/astrogrowshop/image/74244979/CONTENEDOR-PARA-EXTRACTOS-PYREX-BASE-TRANSPARENTE.webp?1772801271"
112;0.7109;21;88592;"Dabber Spoon de Precisión Black Cobra - Diseño Corona - Blanca";3990;"Vaporizadores herbales";"";"";"";astrogrowshop;12614;"K30 -Bonglab";61990;"Otros parafernalia";"bonglab";"BGBLK30BLACK";"";15.54;0;0;0;0;1;"https://www.friendlygrow.cl/mini-cuchara-de-precision-black-cobra-diseno-corona?variant=Blanca";"https://astrogrowshop.cl/k30-bonglab";"https://cdnx.jumpseller.com/friendly-grow/image/75772398/AC885-BC_20_288_29.jpg?1776127645";"https://cdnx.jumpseller.com/astrogrowshop/image/74869333/imagen_1_26365.webp?1778783777"
112;0.6362;21;87635;"Pipa de Pyrex Cookies Spoon - Premium Borosilicate Glass - Diseño 4";6290;"Pipas";"cookies";"";"";astrogrowshop;12614;"K30 -Bonglab";61990;"Otros parafernalia";"bonglab";"BGBLK30BLACK";"";9.86;0;0;0;0;1;"https://www.friendlygrow.cl/pipa-de-vidrio-cookies-spoon-premium-borosilicate-glass?variant=Dise%C3%B1o%204";"https://astrogrowshop.cl/k30-bonglab";"https://cdnx.jumpseller.com/friendly-grow/image/75851217/YD312-C_20_2817_29.jpg?1776370701";"https://cdnx.jumpseller.com/astrogrowshop/image/74869333/imagen_1_26365.webp?1778783777"
112;0.6362;18;87635;"Pipa de Pyrex Cookies Spoon - Premium Borosilicate Glass - Diseño 4";6290;"Pipas";"cookies";"";"";astrogrowshop;32774;"K30 -Bonglab - Morado";61990;"Otros parafernalia";"bonglab";"BGBLK30PURPLE";"";9.86;0;0;0;0;1;"https://www.friendlygrow.cl/pipa-de-vidrio-cookies-spoon-premium-borosilicate-glass?variant=Dise%C3%B1o%204";"https://astrogrowshop.cl/k30-bonglab?variant=Morado";"https://cdnx.jumpseller.com/friendly-grow/image/75851217/YD312-C_20_2817_29.jpg?1776370701";"https://cdnx.jumpseller.com/astrogrowshop/image/74869333/imagen_1_26365.webp?1778783777"
113;0.7342;11;88588;"Dabber Spoon de Precisión Black Cobra - Diseño Corona - Roja";3990;"Vaporizadores herbales";"";"";"";astrogrowshop;32775;"K30 -Bonglab - Verde azulado";61990;"Otros parafernalia";"bonglab";"BGBLK30TEAL";"";15.54;0;0;0;0.08;1;"https://www.friendlygrow.cl/mini-cuchara-de-precision-black-cobra-diseno-corona?variant=Roja";"https://astrogrowshop.cl/k30-bonglab?variant=Verde%20azulado";"https://cdnx.jumpseller.com/friendly-grow/image/75772393/AC885-BC_20_2812_29.jpg?1776127645";"https://cdnx.jumpseller.com/astrogrowshop/image/74869336/imagen_1_26366.webp?1778783777"
113;0.7337;16;87630;"Pipa de Pyrex Cookies Spoon - Premium Borosilicate Glass - White";6290;"Pipas";"cookies";"";"";fumetas;34441;"Calvo Glass Pipa Screen 10 cm - Naranjo";14990;"Pipas";"calvo";"CG-ESH23259O";"";2.38;1;0;0;0;1;"https://www.friendlygrow.cl/pipa-de-vidrio-cookies-spoon-premium-borosilicate-glass?variant=White";"https://fumetas.cl/calvo-glass-pipa-con-rejilla-integrada-10-cm?variant=Naranjo";"https://cdnx.jumpseller.com/friendly-grow/image/75851211/YD312-C_20_281_29.jpg?1776370701";"https://cdnx.jumpseller.com/fumetas-store/image/72083983/SCREEN-PIPE-CALVO-GLASS-NARANJO-1.jpg?1769628634"
113;0.7217;11;87638;"Pipa de Pyrex Cookies Spoon - Premium Borosilicate Glass - Diseño 7";6290;"Pipas";"cookies";"";"";astrogrowshop;32775;"K30 -Bonglab - Verde azulado";61990;"Otros parafernalia";"bonglab";"BGBLK30TEAL";"";9.86;0;0;0;0;1;"https://www.friendlygrow.cl/pipa-de-vidrio-cookies-spoon-premium-borosilicate-glass?variant=Dise%C3%B1o%207";"https://astrogrowshop.cl/k30-bonglab?variant=Verde%20azulado";"https://cdnx.jumpseller.com/friendly-grow/image/75851220/YD312-C_20_2820_29.jpg?1776370701";"https://cdnx.jumpseller.com/astrogrowshop/image/74869336/imagen_1_26366.webp?1778783777"
113;0.6992;7;87971;"10 X Vaporizador Airis Vertex 2.0 Para Cartridges. - Blanco";59990;"Otros parafernalia";"airistech";"MLC2677935526";"";astrogrowshop;18202;"NEW HOT KNIFE-PUFFCO";89990;"Accesorios de extraccion";"pulsar";"VPPFNHOTKNONX";"";1.5;0;0;0;0;1;"https://www.friendlygrow.cl/promo-10-x-vaporizador-airis-vertex-20-para-cartridges?variant=Blanco";"https://astrogrowshop.cl/new-hot-knife-puffco";"https://cdnx.jumpseller.com/friendly-grow/image/70293123/airis_20350mAh_20V2.0_20Battery_20_283_29.jpg?1781578046";"https://cdnx.jumpseller.com/astrogrowshop/image/74796799/VPPFNHOTKNONX_202.webp?1773773905"
114;0.7519;11;88590;"Dabber Spoon de Precisión Black Cobra - Diseño Corona - Verde";3990;"Vaporizadores herbales";"";"";"";astrogrowshop;32775;"K30 -Bonglab - Verde azulado";61990;"Otros parafernalia";"bonglab";"BGBLK30TEAL";"";15.54;0;0;0;0.12;1;"https://www.friendlygrow.cl/mini-cuchara-de-precision-black-cobra-diseno-corona?variant=Verde";"https://astrogrowshop.cl/k30-bonglab?variant=Verde%20azulado";"https://cdnx.jumpseller.com/friendly-grow/image/75772391/AC885-BC_20_2811_29.jpg?1776127645";"https://cdnx.jumpseller.com/astrogrowshop/image/74869336/imagen_1_26366.webp?1778783777"
114;0.745;11;88583;"Dabber Spoon de Precisión Black Cobra - Diseño Corona - Azul";3990;"Vaporizadores herbales";"";"";"";astrogrowshop;32775;"K30 -Bonglab - Verde azulado";61990;"Otros parafernalia";"bonglab";"BGBLK30TEAL";"";15.54;0;0;0;0.08;1;"https://www.friendlygrow.cl/mini-cuchara-de-precision-black-cobra-diseno-corona?variant=Azul";"https://astrogrowshop.cl/k30-bonglab?variant=Verde%20azulado";"https://cdnx.jumpseller.com/friendly-grow/image/75772396/AC885-BC_20_2810_29.jpg?1776127645";"https://cdnx.jumpseller.com/astrogrowshop/image/74869336/imagen_1_26366.webp?1778783777"
114;0.7059;23;87634;"Pipa de Pyrex Cookies Spoon - Premium Borosilicate Glass - Diseño 3";6290;"Pipas";"cookies";"";"";fumetas;34951;"Bonglab Bong Fresh K30 42cm - Morado";64990;"Bongs";"bonglab";"BLAB-K30P";"";10.33;0;0;0;0;1;"https://www.friendlygrow.cl/pipa-de-vidrio-cookies-spoon-premium-borosilicate-glass?variant=Dise%C3%B1o%203";"https://fumetas.cl/bonglab-bong-k30-black-42cm?variant=Morado";"https://cdnx.jumpseller.com/friendly-grow/image/75851216/YD312-C_20_2814_29.jpg?1776370701";"https://cdnx.jumpseller.com/fumetas-store/image/25758149/Bong-K30-Purple.jpg?1729048665"
114;0.6892;11;88584;"Dabber Spoon de Precisión Black Cobra - Diseño Corona - Amarilla";3990;"Vaporizadores herbales";"";"";"";astrogrowshop;32775;"K30 -Bonglab - Verde azulado";61990;"Otros parafernalia";"bonglab";"BGBLK30TEAL";"";15.54;0;0;0;0.08;1;"https://www.friendlygrow.cl/mini-cuchara-de-precision-black-cobra-diseno-corona?variant=Amarilla";"https://astrogrowshop.cl/k30-bonglab?variant=Verde%20azulado";"https://cdnx.jumpseller.com/friendly-grow/image/75772395/AC885-BC_20_289_29.jpg?1776127645";"https://cdnx.jumpseller.com/astrogrowshop/image/74869336/imagen_1_26366.webp?1778783777"
114;0.6611;23;87635;"Pipa de Pyrex Cookies Spoon - Premium Borosilicate Glass - Diseño 4";6290;"Pipas";"cookies";"";"";fumetas;34951;"Bonglab Bong Fresh K30 42cm - Morado";64990;"Bongs";"bonglab";"BLAB-K30P";"";10.33;0;0;0;0;1;"https://www.friendlygrow.cl/pipa-de-vidrio-cookies-spoon-premium-borosilicate-glass?variant=Dise%C3%B1o%204";"https://fumetas.cl/bonglab-bong-k30-black-42cm?variant=Morado";"https://cdnx.jumpseller.com/friendly-grow/image/75851217/YD312-C_20_2817_29.jpg?1776370701";"https://cdnx.jumpseller.com/fumetas-store/image/25758149/Bong-K30-Purple.jpg?1729048665"
115;0.7526;16;87638;"Pipa de Pyrex Cookies Spoon - Premium Borosilicate Glass - Diseño 7";6290;"Pipas";"cookies";"";"";fumetas;34950;"Bonglab Bong Fresh K30 42cm - Turquesa";64990;"Bongs";"bonglab";"BLAB-K30T";"";10.33;0;0;0;0;1;"https://www.friendlygrow.cl/pipa-de-vidrio-cookies-spoon-premium-borosilicate-glass?variant=Dise%C3%B1o%207";"https://fumetas.cl/bonglab-bong-k30-black-42cm?variant=Turquesa";"https://cdnx.jumpseller.com/friendly-grow/image/75851220/YD312-C_20_2820_29.jpg?1776370701";"https://cdnx.jumpseller.com/fumetas-store/image/25758148/Bong-K30-Teal.jpg?1729048665"
115;0.7206;16;87638;"Pipa de Pyrex Cookies Spoon - Premium Borosilicate Glass - Diseño 7";6290;"Pipas";"cookies";"";"";fumetas;34441;"Calvo Glass Pipa Screen 10 cm - Naranjo";14990;"Pipas";"calvo";"CG-ESH23259O";"";2.38;1;0;0;0;1;"https://www.friendlygrow.cl/pipa-de-vidrio-cookies-spoon-premium-borosilicate-glass?variant=Dise%C3%B1o%207";"https://fumetas.cl/calvo-glass-pipa-con-rejilla-integrada-10-cm?variant=Naranjo";"https://cdnx.jumpseller.com/friendly-grow/image/75851220/YD312-C_20_2820_29.jpg?1776370701";"https://cdnx.jumpseller.com/fumetas-store/image/72083983/SCREEN-PIPE-CALVO-GLASS-NARANJO-1.jpg?1769628634"
116;0.7449;16;87636;"Pipa de Pyrex Cookies Spoon - Premium Borosilicate Glass - Diseño 5";6290;"Pipas";"cookies";"";"";fumetas;34441;"Calvo Glass Pipa Screen 10 cm - Naranjo";14990;"Pipas";"calvo";"CG-ESH23259O";"";2.38;1;0;0;0;1;"https://www.friendlygrow.cl/pipa-de-vidrio-cookies-spoon-premium-borosilicate-glass?variant=Dise%C3%B1o%205";"https://fumetas.cl/calvo-glass-pipa-con-rejilla-integrada-10-cm?variant=Naranjo";"https://cdnx.jumpseller.com/friendly-grow/image/75851218/YD312-C_20_2819_29.jpg?1776370701";"https://cdnx.jumpseller.com/fumetas-store/image/72083983/SCREEN-PIPE-CALVO-GLASS-NARANJO-1.jpg?1769628634"
116;0.5191;9;87977;"10 X Vaporizador Airis Vertex 2.0 Para Cartridges. - Azul";59990;"Otros parafernalia";"airistech";"MLC2677935526";"";fumetas;19519;"Papelillos Gizeh Queen Size + Tips";1490;"Papelillos";"gizeh";"GIZ-QUEENTP";"42353256";40.26;0;0;0;0;1;"https://www.friendlygrow.cl/promo-10-x-vaporizador-airis-vertex-20-para-cartridges?variant=Azul";"https://fumetas.cl/papelillos-gizeh-queen-size-tips";"https://cdnx.jumpseller.com/friendly-grow/image/70293126/airis_20350mAh_20V2.0_20Battery_20_285_29.jpg?1781578046";"https://cdnx.jumpseller.com/fumetas-store/image/63974552/gizeh-black-queen-size-papers-tips-1-fumetas-store.webp?1748654658"
117;0.7578;16;87634;"Pipa de Pyrex Cookies Spoon - Premium Borosilicate Glass - Diseño 3";6290;"Pipas";"cookies";"";"";fumetas;34950;"Bonglab Bong Fresh K30 42cm - Turquesa";64990;"Bongs";"bonglab";"BLAB-K30T";"";10.33;0;0;0;0;1;"https://www.friendlygrow.cl/pipa-de-vidrio-cookies-spoon-premium-borosilicate-glass?variant=Dise%C3%B1o%203";"https://fumetas.cl/bonglab-bong-k30-black-42cm?variant=Turquesa";"https://cdnx.jumpseller.com/friendly-grow/image/75851216/YD312-C_20_2814_29.jpg?1776370701";"https://cdnx.jumpseller.com/fumetas-store/image/25758148/Bong-K30-Teal.jpg?1729048665"
117;0.7502;23;87636;"Pipa de Pyrex Cookies Spoon - Premium Borosilicate Glass - Diseño 5";6290;"Pipas";"cookies";"";"";fumetas;34951;"Bonglab Bong Fresh K30 42cm - Morado";64990;"Bongs";"bonglab";"BLAB-K30P";"";10.33;0;0;0;0;1;"https://www.friendlygrow.cl/pipa-de-vidrio-cookies-spoon-premium-borosilicate-glass?variant=Dise%C3%B1o%205";"https://fumetas.cl/bonglab-bong-k30-black-42cm?variant=Morado";"https://cdnx.jumpseller.com/friendly-grow/image/75851218/YD312-C_20_2819_29.jpg?1776370701";"https://cdnx.jumpseller.com/fumetas-store/image/25758149/Bong-K30-Purple.jpg?1729048665"
117;0.7348;16;88588;"Dabber Spoon de Precisión Black Cobra - Diseño Corona - Roja";3990;"Vaporizadores herbales";"";"";"";fumetas;34950;"Bonglab Bong Fresh K30 42cm - Turquesa";64990;"Bongs";"bonglab";"BLAB-K30T";"";16.29;0;0;0;0.12;1;"https://www.friendlygrow.cl/mini-cuchara-de-precision-black-cobra-diseno-corona?variant=Roja";"https://fumetas.cl/bonglab-bong-k30-black-42cm?variant=Turquesa";"https://cdnx.jumpseller.com/friendly-grow/image/75772393/AC885-BC_20_2812_29.jpg?1776127645";"https://cdnx.jumpseller.com/fumetas-store/image/25758148/Bong-K30-Teal.jpg?1729048665"
117;0.719;21;87636;"Pipa de Pyrex Cookies Spoon - Premium Borosilicate Glass - Diseño 5";6290;"Pipas";"cookies";"";"";astrogrowshop;12614;"K30 -Bonglab";61990;"Otros parafernalia";"bonglab";"BGBLK30BLACK";"";9.86;0;0;0;0;1;"https://www.friendlygrow.cl/pipa-de-vidrio-cookies-spoon-premium-borosilicate-glass?variant=Dise%C3%B1o%205";"https://astrogrowshop.cl/k30-bonglab";"https://cdnx.jumpseller.com/friendly-grow/image/75851218/YD312-C_20_2819_29.jpg?1776370701";"https://cdnx.jumpseller.com/astrogrowshop/image/74869333/imagen_1_26365.webp?1778783777"
117;0.719;18;87636;"Pipa de Pyrex Cookies Spoon - Premium Borosilicate Glass - Diseño 5";6290;"Pipas";"cookies";"";"";astrogrowshop;32774;"K30 -Bonglab - Morado";61990;"Otros parafernalia";"bonglab";"BGBLK30PURPLE";"";9.86;0;0;0;0;1;"https://www.friendlygrow.cl/pipa-de-vidrio-cookies-spoon-premium-borosilicate-glass?variant=Dise%C3%B1o%205";"https://astrogrowshop.cl/k30-bonglab?variant=Morado";"https://cdnx.jumpseller.com/friendly-grow/image/75851218/YD312-C_20_2819_29.jpg?1776370701";"https://cdnx.jumpseller.com/astrogrowshop/image/74869333/imagen_1_26365.webp?1778783777"
117;0.705;21;87629;"Pipa de Pyrex Cookies Spoon - Premium Borosilicate Glass - Pink";6290;"Pipas";"cookies";"";"";astrogrowshop;12614;"K30 -Bonglab";61990;"Otros parafernalia";"bonglab";"BGBLK30BLACK";"";9.86;0;0;0;0;1;"https://www.friendlygrow.cl/pipa-de-vidrio-cookies-spoon-premium-borosilicate-glass?variant=Pink";"https://astrogrowshop.cl/k30-bonglab";"https://cdnx.jumpseller.com/friendly-grow/image/75851210/YD312-C_20_286_29.jpg?1776370701";"https://cdnx.jumpseller.com/astrogrowshop/image/74869333/imagen_1_26365.webp?1778783777"
117;0.705;18;87629;"Pipa de Pyrex Cookies Spoon - Premium Borosilicate Glass - Pink";6290;"Pipas";"cookies";"";"";astrogrowshop;32774;"K30 -Bonglab - Morado";61990;"Otros parafernalia";"bonglab";"BGBLK30PURPLE";"";9.86;0;0;0;0;1;"https://www.friendlygrow.cl/pipa-de-vidrio-cookies-spoon-premium-borosilicate-glass?variant=Pink";"https://astrogrowshop.cl/k30-bonglab?variant=Morado";"https://cdnx.jumpseller.com/friendly-grow/image/75851210/YD312-C_20_286_29.jpg?1776370701";"https://cdnx.jumpseller.com/astrogrowshop/image/74869333/imagen_1_26365.webp?1778783777"
117;0.705;21;87639;"Pipa de Pyrex Cookies Spoon - Premium Borosilicate Glass - Diseño 8";6290;"Pipas";"cookies";"";"";astrogrowshop;12614;"K30 -Bonglab";61990;"Otros parafernalia";"bonglab";"BGBLK30BLACK";"";9.86;0;0;0;0;1;"https://www.friendlygrow.cl/pipa-de-vidrio-cookies-spoon-premium-borosilicate-glass?variant=Dise%C3%B1o%208";"https://astrogrowshop.cl/k30-bonglab";"https://cdnx.jumpseller.com/friendly-grow/image/75851210/YD312-C_20_286_29.jpg?1776370701";"https://cdnx.jumpseller.com/astrogrowshop/image/74869333/imagen_1_26365.webp?1778783777"
117;0.705;18;87639;"Pipa de Pyrex Cookies Spoon - Premium Borosilicate Glass - Diseño 8";6290;"Pipas";"cookies";"";"";astrogrowshop;32774;"K30 -Bonglab - Morado";61990;"Otros parafernalia";"bonglab";"BGBLK30PURPLE";"";9.86;0;0;0;0;1;"https://www.friendlygrow.cl/pipa-de-vidrio-cookies-spoon-premium-borosilicate-glass?variant=Dise%C3%B1o%208";"https://astrogrowshop.cl/k30-bonglab?variant=Morado";"https://cdnx.jumpseller.com/friendly-grow/image/75851210/YD312-C_20_286_29.jpg?1776370701";"https://cdnx.jumpseller.com/astrogrowshop/image/74869333/imagen_1_26365.webp?1778783777"
117;0.6858;23;87633;"Pipa de Pyrex Cookies Spoon - Premium Borosilicate Glass - Diseño 2";6290;"Pipas";"cookies";"";"";fumetas;34951;"Bonglab Bong Fresh K30 42cm - Morado";64990;"Bongs";"bonglab";"BLAB-K30P";"";10.33;0;0;0;0;1;"https://www.friendlygrow.cl/pipa-de-vidrio-cookies-spoon-premium-borosilicate-glass?variant=Dise%C3%B1o%202";"https://fumetas.cl/bonglab-bong-k30-black-42cm?variant=Morado";"https://cdnx.jumpseller.com/friendly-grow/image/75851215/YD312-C_20_2816_29.jpg?1776370701";"https://cdnx.jumpseller.com/fumetas-store/image/25758149/Bong-K30-Purple.jpg?1729048665"
117;0.673;21;87633;"Pipa de Pyrex Cookies Spoon - Premium Borosilicate Glass - Diseño 2";6290;"Pipas";"cookies";"";"";astrogrowshop;12614;"K30 -Bonglab";61990;"Otros parafernalia";"bonglab";"BGBLK30BLACK";"";9.86;0;0;0;0;1;"https://www.friendlygrow.cl/pipa-de-vidrio-cookies-spoon-premium-borosilicate-glass?variant=Dise%C3%B1o%202";"https://astrogrowshop.cl/k30-bonglab";"https://cdnx.jumpseller.com/friendly-grow/image/75851215/YD312-C_20_2816_29.jpg?1776370701";"https://cdnx.jumpseller.com/astrogrowshop/image/74869333/imagen_1_26365.webp?1778783777"
117;0.673;18;87633;"Pipa de Pyrex Cookies Spoon - Premium Borosilicate Glass - Diseño 2";6290;"Pipas";"cookies";"";"";astrogrowshop;32774;"K30 -Bonglab - Morado";61990;"Otros parafernalia";"bonglab";"BGBLK30PURPLE";"";9.86;0;0;0;0;1;"https://www.friendlygrow.cl/pipa-de-vidrio-cookies-spoon-premium-borosilicate-glass?variant=Dise%C3%B1o%202";"https://astrogrowshop.cl/k30-bonglab?variant=Morado";"https://cdnx.jumpseller.com/friendly-grow/image/75851215/YD312-C_20_2816_29.jpg?1776370701";"https://cdnx.jumpseller.com/astrogrowshop/image/74869333/imagen_1_26365.webp?1778783777"
117;0.6238;9;87977;"10 X Vaporizador Airis Vertex 2.0 Para Cartridges. - Azul";59990;"Otros parafernalia";"airistech";"MLC2677935526";"";astrogrowshop;32122;"Contenedor de Pyrex para Extractos 3 cm - Transparente";2990;"Contenedores y estuches";"";"BTCPCIT";"";20.06;0;0;0;0;1;"https://www.friendlygrow.cl/promo-10-x-vaporizador-airis-vertex-20-para-cartridges?variant=Azul";"https://astrogrowshop.cl/contenedor-de-pyrex-para-extractos-3-cm?variant=Transparente";"https://cdnx.jumpseller.com/friendly-grow/image/70293126/airis_20350mAh_20V2.0_20Battery_20_285_29.jpg?1781578046";"https://cdnx.jumpseller.com/astrogrowshop/image/74244979/CONTENEDOR-PARA-EXTRACTOS-PYREX-BASE-TRANSPARENTE.webp?1772801271"
118;0.7708;16;88590;"Dabber Spoon de Precisión Black Cobra - Diseño Corona - Verde";3990;"Vaporizadores herbales";"";"";"";fumetas;34950;"Bonglab Bong Fresh K30 42cm - Turquesa";64990;"Bongs";"bonglab";"BLAB-K30T";"";16.29;0;0;0;0.12;1;"https://www.friendlygrow.cl/mini-cuchara-de-precision-black-cobra-diseno-corona?variant=Verde";"https://fumetas.cl/bonglab-bong-k30-black-42cm?variant=Turquesa";"https://cdnx.jumpseller.com/friendly-grow/image/75772391/AC885-BC_20_2811_29.jpg?1776127645";"https://cdnx.jumpseller.com/fumetas-store/image/25758148/Bong-K30-Teal.jpg?1729048665"
118;0.7555;16;88583;"Dabber Spoon de Precisión Black Cobra - Diseño Corona - Azul";3990;"Vaporizadores herbales";"";"";"";fumetas;34950;"Bonglab Bong Fresh K30 42cm - Turquesa";64990;"Bongs";"bonglab";"BLAB-K30T";"";16.29;0;0;0;0.12;1;"https://www.friendlygrow.cl/mini-cuchara-de-precision-black-cobra-diseno-corona?variant=Azul";"https://fumetas.cl/bonglab-bong-k30-black-42cm?variant=Turquesa";"https://cdnx.jumpseller.com/friendly-grow/image/75772396/AC885-BC_20_2810_29.jpg?1776127645";"https://cdnx.jumpseller.com/fumetas-store/image/25758148/Bong-K30-Teal.jpg?1729048665"
118;0.5198;8;87629;"Pipa de Pyrex Cookies Spoon - Premium Borosilicate Glass - Pink";6290;"Pipas";"cookies";"";"";growbarato;71057;"Deshumidificador Cornwall Electronics 12L/Día";239400;"Otros parafernalia";"";"";"";38.06;0;0;0;0;1;"https://www.friendlygrow.cl/pipa-de-vidrio-cookies-spoon-premium-borosilicate-glass?variant=Pink";"https://www.growbaratochile.cl/humedad-y-temperatura/deshumidificador-cornwall-electronics-12ldia.html";"https://cdnx.jumpseller.com/friendly-grow/image/75851210/YD312-C_20_286_29.jpg?1776370701";"https://www.growbaratochile.cl/6311-large_default/deshumidificador-cornwall-electronics-12ldia.jpg"
118;0.5198;8;87639;"Pipa de Pyrex Cookies Spoon - Premium Borosilicate Glass - Diseño 8";6290;"Pipas";"cookies";"";"";growbarato;71057;"Deshumidificador Cornwall Electronics 12L/Día";239400;"Otros parafernalia";"";"";"";38.06;0;0;0;0;1;"https://www.friendlygrow.cl/pipa-de-vidrio-cookies-spoon-premium-borosilicate-glass?variant=Dise%C3%B1o%208";"https://www.growbaratochile.cl/humedad-y-temperatura/deshumidificador-cornwall-electronics-12ldia.html";"https://cdnx.jumpseller.com/friendly-grow/image/75851210/YD312-C_20_286_29.jpg?1776370701";"https://www.growbaratochile.cl/6311-large_default/deshumidificador-cornwall-electronics-12ldia.jpg"
119;0.7466;16;88592;"Dabber Spoon de Precisión Black Cobra - Diseño Corona - Blanca";3990;"Vaporizadores herbales";"";"";"";fumetas;34950;"Bonglab Bong Fresh K30 42cm - Turquesa";64990;"Bongs";"bonglab";"BLAB-K30T";"";16.29;0;0;0;0.12;1;"https://www.friendlygrow.cl/mini-cuchara-de-precision-black-cobra-diseno-corona?variant=Blanca";"https://fumetas.cl/bonglab-bong-k30-black-42cm?variant=Turquesa";"https://cdnx.jumpseller.com/friendly-grow/image/75772398/AC885-BC_20_288_29.jpg?1776127645";"https://cdnx.jumpseller.com/fumetas-store/image/25758148/Bong-K30-Teal.jpg?1729048665"
119;0.7133;23;87632;"Pipa de Pyrex Cookies Spoon - Premium Borosilicate Glass - Diseño 1";6290;"Pipas";"cookies";"";"";fumetas;34951;"Bonglab Bong Fresh K30 42cm - Morado";64990;"Bongs";"bonglab";"BLAB-K30P";"";10.33;0;0;0;0;1;"https://www.friendlygrow.cl/pipa-de-vidrio-cookies-spoon-premium-borosilicate-glass?variant=Dise%C3%B1o%201";"https://fumetas.cl/bonglab-bong-k30-black-42cm?variant=Morado";"https://cdnx.jumpseller.com/friendly-grow/image/75851213/YD312-C_20_2815_29.jpg?1776370701";"https://cdnx.jumpseller.com/fumetas-store/image/25758149/Bong-K30-Purple.jpg?1729048665"
119;0.709;1;87525;"Moledor aluminio 3 pisos 51mm Colores - Negro";6990;"Moledores";"";"";"";fumetas;59846;"Calvo Lite Moledor Aluminio 50mm - Azul";10990;"Moledores";"calvo";"CG-MCL50-B";"";1.57;1;0;0;0;1;"https://www.friendlygrow.cl/grinder-metalico-4-piezas-aluminio-filtro-polen?variant=Negro";"https://fumetas.cl/moledor-calvo-lite-aluminio-50mm?variant=Azul";"https://cdnx.jumpseller.com/friendly-grow/image/78769649/ChatGPT_20Image_2013_20jul_202026_2C_2018_58_23.png?1783983552";"https://cdnx.jumpseller.com/fumetas-store/image/78686296/Moledor-Calvo-Lite-50mm-Azul.jpg?1784052297"
119;0.6839;3;87460;"Moledor Lightning Colors Metal 55mm - Morado";6990;"Moledores";"galaxy";"";"";fumetas;59845;"Calvo Lite Moledor Aluminio 50mm - Negro";10990;"Moledores";"calvo";"CG-MCL50-BK";"";1.57;1;0;0;0;1;"https://www.friendlygrow.cl/moledor-lightning-colors-metal-55mm?variant=Morado";"https://fumetas.cl/moledor-calvo-lite-aluminio-50mm?variant=Negro";"https://cdnx.jumpseller.com/friendly-grow/image/78770402/Gemini_Generated_Image_u1swcvu1swcvu1sw.png?1783986782";"https://cdnx.jumpseller.com/fumetas-store/image/78686295/Moledor-Calvo-Lite-50mm-Negro1.jpg?1784052297"
119;0.5266;9;87973;"10 X Vaporizador Airis Vertex 2.0 Para Cartridges. - Negro";59990;"Otros parafernalia";"airistech";"MLC2677935526";"";fumetas;19519;"Papelillos Gizeh Queen Size + Tips";1490;"Papelillos";"gizeh";"GIZ-QUEENTP";"42353256";40.26;0;0;0;0;1;"https://www.friendlygrow.cl/promo-10-x-vaporizador-airis-vertex-20-para-cartridges?variant=Negro";"https://fumetas.cl/papelillos-gizeh-queen-size-tips";"https://cdnx.jumpseller.com/friendly-grow/image/70293130/airis_20350mAh_20V2.0_20Battery_20_2810_29.jpg?1781578046";"https://cdnx.jumpseller.com/fumetas-store/image/63974552/gizeh-black-queen-size-papers-tips-1-fumetas-store.webp?1748654658"
120;0.7403;16;87637;"Pipa de Pyrex Cookies Spoon - Premium Borosilicate Glass - Diseño 6";6290;"Pipas";"cookies";"";"";fumetas;34950;"Bonglab Bong Fresh K30 42cm - Turquesa";64990;"Bongs";"bonglab";"BLAB-K30T";"";10.33;0;0;0;0;1;"https://www.friendlygrow.cl/pipa-de-vidrio-cookies-spoon-premium-borosilicate-glass?variant=Dise%C3%B1o%206";"https://fumetas.cl/bonglab-bong-k30-black-42cm?variant=Turquesa";"https://cdnx.jumpseller.com/friendly-grow/image/75851219/YD312-C_20_2818_29.jpg?1776370701";"https://cdnx.jumpseller.com/fumetas-store/image/25758148/Bong-K30-Teal.jpg?1729048665"
120;0.7271;23;87638;"Pipa de Pyrex Cookies Spoon - Premium Borosilicate Glass - Diseño 7";6290;"Pipas";"cookies";"";"";fumetas;34951;"Bonglab Bong Fresh K30 42cm - Morado";64990;"Bongs";"bonglab";"BLAB-K30P";"";10.33;0;0;0;0;1;"https://www.friendlygrow.cl/pipa-de-vidrio-cookies-spoon-premium-borosilicate-glass?variant=Dise%C3%B1o%207";"https://fumetas.cl/bonglab-bong-k30-black-42cm?variant=Morado";"https://cdnx.jumpseller.com/friendly-grow/image/75851220/YD312-C_20_2820_29.jpg?1776370701";"https://cdnx.jumpseller.com/fumetas-store/image/25758149/Bong-K30-Purple.jpg?1729048665"
120;0.6847;7;87977;"10 X Vaporizador Airis Vertex 2.0 Para Cartridges. - Azul";59990;"Otros parafernalia";"airistech";"MLC2677935526";"";astrogrowshop;18202;"NEW HOT KNIFE-PUFFCO";89990;"Accesorios de extraccion";"pulsar";"VPPFNHOTKNONX";"";1.5;0;0;0;0;1;"https://www.friendlygrow.cl/promo-10-x-vaporizador-airis-vertex-20-para-cartridges?variant=Azul";"https://astrogrowshop.cl/new-hot-knife-puffco";"https://cdnx.jumpseller.com/friendly-grow/image/70293126/airis_20350mAh_20V2.0_20Battery_20_285_29.jpg?1781578046";"https://cdnx.jumpseller.com/astrogrowshop/image/74796799/VPPFNHOTKNONX_202.webp?1773773905"
121;0.6918;21;87632;"Pipa de Pyrex Cookies Spoon - Premium Borosilicate Glass - Diseño 1";6290;"Pipas";"cookies";"";"";astrogrowshop;12614;"K30 -Bonglab";61990;"Otros parafernalia";"bonglab";"BGBLK30BLACK";"";9.86;0;0;0;0;1;"https://www.friendlygrow.cl/pipa-de-vidrio-cookies-spoon-premium-borosilicate-glass?variant=Dise%C3%B1o%201";"https://astrogrowshop.cl/k30-bonglab";"https://cdnx.jumpseller.com/friendly-grow/image/75851213/YD312-C_20_2815_29.jpg?1776370701";"https://cdnx.jumpseller.com/astrogrowshop/image/74869333/imagen_1_26365.webp?1778783777"
121;0.6918;18;87632;"Pipa de Pyrex Cookies Spoon - Premium Borosilicate Glass - Diseño 1";6290;"Pipas";"cookies";"";"";astrogrowshop;32774;"K30 -Bonglab - Morado";61990;"Otros parafernalia";"bonglab";"BGBLK30PURPLE";"";9.86;0;0;0;0;1;"https://www.friendlygrow.cl/pipa-de-vidrio-cookies-spoon-premium-borosilicate-glass?variant=Dise%C3%B1o%201";"https://astrogrowshop.cl/k30-bonglab?variant=Morado";"https://cdnx.jumpseller.com/friendly-grow/image/75851213/YD312-C_20_2815_29.jpg?1776370701";"https://cdnx.jumpseller.com/astrogrowshop/image/74869333/imagen_1_26365.webp?1778783777"
122;0.612;16;88849;"Cono Pre-rolado Honeypuff Rose Petal con Boquilla ( Pack x 2) - Manzan";1990;"Filtros y boquillas";"honeypuff";"";"";fumetas;34950;"Bonglab Bong Fresh K30 42cm - Turquesa";64990;"Bongs";"bonglab";"BLAB-K30T";"";32.66;0;0;0;0;1;"https://www.friendlygrow.cl/cono-pre-rolado-honeypuff-rose-petal?variant=Manzana";"https://fumetas.cl/bonglab-bong-k30-black-42cm?variant=Turquesa";"https://cdnx.jumpseller.com/friendly-grow/image/75773196/ARTP1312_20_2823_29.jpg?1778214601";"https://cdnx.jumpseller.com/fumetas-store/image/25758148/Bong-K30-Teal.jpg?1729048665"
122;0.6024;11;88849;"Cono Pre-rolado Honeypuff Rose Petal con Boquilla ( Pack x 2) - Manzan";1990;"Filtros y boquillas";"honeypuff";"";"";astrogrowshop;32775;"K30 -Bonglab - Verde azulado";61990;"Otros parafernalia";"bonglab";"BGBLK30TEAL";"";31.15;0;0;0;0;1;"https://www.friendlygrow.cl/cono-pre-rolado-honeypuff-rose-petal?variant=Manzana";"https://astrogrowshop.cl/k30-bonglab?variant=Verde%20azulado";"https://cdnx.jumpseller.com/friendly-grow/image/75773196/ARTP1312_20_2823_29.jpg?1778214601";"https://cdnx.jumpseller.com/astrogrowshop/image/74869336/imagen_1_26366.webp?1778783777"
122;0.5309;9;87980;"10 X Vaporizador Airis Vertex 2.0 Para Cartridges. - Plateado";59990;"Otros parafernalia";"airistech";"MLC2677935526";"";fumetas;19519;"Papelillos Gizeh Queen Size + Tips";1490;"Papelillos";"gizeh";"GIZ-QUEENTP";"42353256";40.26;0;0;0;0;1;"https://www.friendlygrow.cl/promo-10-x-vaporizador-airis-vertex-20-para-cartridges?variant=Plateado";"https://fumetas.cl/papelillos-gizeh-queen-size-tips";"https://cdnx.jumpseller.com/friendly-grow/image/70293133/airis_20350mAh_20V2.0_20Battery_20_282_29.jpg?1781578046";"https://cdnx.jumpseller.com/fumetas-store/image/63974552/gizeh-black-queen-size-papers-tips-1-fumetas-store.webp?1748654658"
123;0.8136;2;87525;"Moledor aluminio 3 pisos 51mm Colores - Negro";6990;"Moledores";"";"";"";fumetas;4636;"Raw Moledor Hammer Craft 63mm";30990;"Moledores";"raw";"RAW-MHMM63";"716165304050";4.43;1;0;0;0;1;"https://www.friendlygrow.cl/grinder-metalico-4-piezas-aluminio-filtro-polen?variant=Negro";"https://fumetas.cl/raw-moledor-hammer-craft-63mm";"https://cdnx.jumpseller.com/friendly-grow/image/78769649/ChatGPT_20Image_2013_20jul_202026_2C_2018_58_23.png?1783983552";"https://cdnx.jumpseller.com/fumetas-store/image/50126378/Moledor-RAW-x-HammerCraft-Aluminio-63mm.jpg?1732193774"
123;0.8136;2;87525;"Moledor aluminio 3 pisos 51mm Colores - Negro";6990;"Moledores";"";"";"";fumetas;33715;"Raw Moledor Hammer Craft 63mm - Negro";30990;"Moledores";"raw";"RAW-MHMM63";"716165304050";4.43;1;0;0;0;1;"https://www.friendlygrow.cl/grinder-metalico-4-piezas-aluminio-filtro-polen?variant=Negro";"https://fumetas.cl/raw-moledor-hammer-craft-63mm?variant=Negro";"https://cdnx.jumpseller.com/friendly-grow/image/78769649/ChatGPT_20Image_2013_20jul_202026_2C_2018_58_23.png?1783983552";"https://cdnx.jumpseller.com/fumetas-store/image/50126378/Moledor-RAW-x-HammerCraft-Aluminio-63mm.jpg?1732193774"
123;0.707;23;87631;"Pipa de Pyrex Cookies Spoon - Premium Borosilicate Glass - Brown";6290;"Pipas";"cookies";"";"";fumetas;34951;"Bonglab Bong Fresh K30 42cm - Morado";64990;"Bongs";"bonglab";"BLAB-K30P";"";10.33;0;0;0;0;1;"https://www.friendlygrow.cl/pipa-de-vidrio-cookies-spoon-premium-borosilicate-glass?variant=Brown";"https://fumetas.cl/bonglab-bong-k30-black-42cm?variant=Morado";"https://cdnx.jumpseller.com/friendly-grow/image/75851212/YD312-C_20_287_29.jpg?1776370701";"https://cdnx.jumpseller.com/fumetas-store/image/25758149/Bong-K30-Purple.jpg?1729048665"
124;0.7747;8;87630;"Pipa de Pyrex Cookies Spoon - Premium Borosilicate Glass - White";6290;"Pipas";"cookies";"";"";fumetas;34549;"Calvo Glass Bong Straight Tube American 26cm - Amarillo";34990;"Bongs";"calvo";"CG-24620Y";"";5.56;0;0;0;0;1;"https://www.friendlygrow.cl/pipa-de-vidrio-cookies-spoon-premium-borosilicate-glass?variant=White";"https://fumetas.cl/calvo-glass-bong-straight-tube-american-26cm?variant=Amarillo";"https://cdnx.jumpseller.com/friendly-grow/image/75851211/YD312-C_20_281_29.jpg?1776370701";"https://cdnx.jumpseller.com/fumetas-store/image/72093618/STRAIGHT-TUBE-AMERICAN-YELLOW.jpg?1768942345"
124;0.7606;2;87460;"Moledor Lightning Colors Metal 55mm - Morado";6990;"Moledores";"galaxy";"";"";fumetas;4636;"Raw Moledor Hammer Craft 63mm";30990;"Moledores";"raw";"RAW-MHMM63";"716165304050";4.43;1;0;0;0;1;"https://www.friendlygrow.cl/moledor-lightning-colors-metal-55mm?variant=Morado";"https://fumetas.cl/raw-moledor-hammer-craft-63mm";"https://cdnx.jumpseller.com/friendly-grow/image/78770402/Gemini_Generated_Image_u1swcvu1swcvu1sw.png?1783986782";"https://cdnx.jumpseller.com/fumetas-store/image/50126378/Moledor-RAW-x-HammerCraft-Aluminio-63mm.jpg?1732193774"
124;0.7606;2;87460;"Moledor Lightning Colors Metal 55mm - Morado";6990;"Moledores";"galaxy";"";"";fumetas;33715;"Raw Moledor Hammer Craft 63mm - Negro";30990;"Moledores";"raw";"RAW-MHMM63";"716165304050";4.43;1;0;0;0;1;"https://www.friendlygrow.cl/moledor-lightning-colors-metal-55mm?variant=Morado";"https://fumetas.cl/raw-moledor-hammer-craft-63mm?variant=Negro";"https://cdnx.jumpseller.com/friendly-grow/image/78770402/Gemini_Generated_Image_u1swcvu1swcvu1sw.png?1783986782";"https://cdnx.jumpseller.com/fumetas-store/image/50126378/Moledor-RAW-x-HammerCraft-Aluminio-63mm.jpg?1732193774"
124;0.7056;5;87504;"Nectar Collector Chili – Dab Straw de Silicona - Rojo";5990;"Accesorios de extraccion";"";"";"";fumetas;4650;"LRC Moledor contenedor Tainer 40mm";4990;"Moledores";"lion-rolling-circus";"LRC-TAIV";"";1.2;0;0;0;0;1;"https://www.friendlygrow.cl/nectar-collector-chili-dab-straw-de-silicona?variant=Rojo";"https://fumetas.cl/lrc-moledor-contenedor-tainer-40mm";"https://cdnx.jumpseller.com/friendly-grow/image/74450522/1.jpg?1773156011";"https://cdnx.jumpseller.com/fumetas-store/image/13575869/Varios.jpg?1771942498"
124;0.7056;5;87505;"Nectar Collector Chili – Dab Straw de Silicona - Morado";5990;"Accesorios de extraccion";"";"";"";fumetas;4650;"LRC Moledor contenedor Tainer 40mm";4990;"Moledores";"lion-rolling-circus";"LRC-TAIV";"";1.2;0;0;0;0;1;"https://www.friendlygrow.cl/nectar-collector-chili-dab-straw-de-silicona?variant=Morado";"https://fumetas.cl/lrc-moledor-contenedor-tainer-40mm";"https://cdnx.jumpseller.com/friendly-grow/image/74450522/1.jpg?1773156011";"https://cdnx.jumpseller.com/fumetas-store/image/13575869/Varios.jpg?1771942498"
124;0.7056;5;87503;"Nectar Collector Chili – Dab Straw de Silicona - Rosa";5990;"Accesorios de extraccion";"";"";"";fumetas;4650;"LRC Moledor contenedor Tainer 40mm";4990;"Moledores";"lion-rolling-circus";"LRC-TAIV";"";1.2;0;0;0;0;1;"https://www.friendlygrow.cl/nectar-collector-chili-dab-straw-de-silicona?variant=Rosa";"https://fumetas.cl/lrc-moledor-contenedor-tainer-40mm";"https://cdnx.jumpseller.com/friendly-grow/image/74450522/1.jpg?1773156011";"https://cdnx.jumpseller.com/fumetas-store/image/13575869/Varios.jpg?1771942498"
124;0.7056;5;87506;"Nectar Collector Chili – Dab Straw de Silicona - Amarillo";5990;"Accesorios de extraccion";"";"";"";fumetas;4650;"LRC Moledor contenedor Tainer 40mm";4990;"Moledores";"lion-rolling-circus";"LRC-TAIV";"";1.2;0;0;0;0;1;"https://www.friendlygrow.cl/nectar-collector-chili-dab-straw-de-silicona?variant=Amarillo";"https://fumetas.cl/lrc-moledor-contenedor-tainer-40mm";"https://cdnx.jumpseller.com/friendly-grow/image/74450522/1.jpg?1773156011";"https://cdnx.jumpseller.com/fumetas-store/image/13575869/Varios.jpg?1771942498"
124;0.7056;5;87507;"Nectar Collector Chili – Dab Straw de Silicona - Verde";5990;"Accesorios de extraccion";"";"";"";fumetas;4650;"LRC Moledor contenedor Tainer 40mm";4990;"Moledores";"lion-rolling-circus";"LRC-TAIV";"";1.2;0;0;0;0;1;"https://www.friendlygrow.cl/nectar-collector-chili-dab-straw-de-silicona?variant=Verde";"https://fumetas.cl/lrc-moledor-contenedor-tainer-40mm";"https://cdnx.jumpseller.com/friendly-grow/image/74450522/1.jpg?1773156011";"https://cdnx.jumpseller.com/fumetas-store/image/13575869/Varios.jpg?1771942498"
124;0.5338;9;87978;"10 X Vaporizador Airis Vertex 2.0 Para Cartridges. - Rojo";5990;"Otros parafernalia";"airistech";"MLC2677935526";"";fumetas;19519;"Papelillos Gizeh Queen Size + Tips";1490;"Papelillos";"gizeh";"GIZ-QUEENTP";"42353256";4.02;0;0;0;0;1;"https://www.friendlygrow.cl/promo-10-x-vaporizador-airis-vertex-20-para-cartridges?variant=Rojo";"https://fumetas.cl/papelillos-gizeh-queen-size-tips";"https://cdnx.jumpseller.com/friendly-grow/image/70293127/airis_20350mAh_20V2.0_20Battery_20_284_29.jpg?1781578046";"https://cdnx.jumpseller.com/fumetas-store/image/63974552/gizeh-black-queen-size-papers-tips-1-fumetas-store.webp?1748654658"
125;0.746;3;87568;"Downstem de Pyrex Difusor 10cm / 12cm / 13.5cm – Repuesto para Bong 14";3900;"Repuestos para bongs y vaporizadores";"";"";"";fumetas;3;"Encendedor Clipper Crystal 12";990;"Encendedores y sopletes";"clipper";"CLIPP-CRYS12";"8412765508905";3.94;0;0;0;0;1;"https://www.friendlygrow.cl/downstem-de-vidrio-difusor-10cm-12cm-135cm-repuesto-para-bong-14mm18mm?variant=12cms";"https://fumetas.cl/encendedor-clipper-crystal-12";"https://cdnx.jumpseller.com/friendly-grow/image/74781877/SA53_20_282_29.jpg?1773756851";"https://cdnx.jumpseller.com/fumetas-store/image/76564058/Crystal-12.jpg?1778622624"
125;0.746;3;87569;"Downstem de Pyrex Difusor 10cm / 12cm / 13.5cm – Repuesto para Bong 14";3900;"Repuestos para bongs y vaporizadores";"";"";"";fumetas;3;"Encendedor Clipper Crystal 12";990;"Encendedores y sopletes";"clipper";"CLIPP-CRYS12";"8412765508905";3.94;0;0;0;0;1;"https://www.friendlygrow.cl/downstem-de-vidrio-difusor-10cm-12cm-135cm-repuesto-para-bong-14mm18mm?variant=13.5cms";"https://fumetas.cl/encendedor-clipper-crystal-12";"https://cdnx.jumpseller.com/friendly-grow/image/74781877/SA53_20_282_29.jpg?1773756851";"https://cdnx.jumpseller.com/fumetas-store/image/76564058/Crystal-12.jpg?1778622624"
125;0.746;3;87567;"Downstem de Pyrex Difusor 10cm / 12cm / 13.5cm – Repuesto para Bong 14";3900;"Repuestos para bongs y vaporizadores";"";"";"";fumetas;3;"Encendedor Clipper Crystal 12";990;"Encendedores y sopletes";"clipper";"CLIPP-CRYS12";"8412765508905";3.94;0;0;0;0;1;"https://www.friendlygrow.cl/downstem-de-vidrio-difusor-10cm-12cm-135cm-repuesto-para-bong-14mm18mm?variant=10cms";"https://fumetas.cl/encendedor-clipper-crystal-12";"https://cdnx.jumpseller.com/friendly-grow/image/74781877/SA53_20_282_29.jpg?1773756851";"https://cdnx.jumpseller.com/fumetas-store/image/76564058/Crystal-12.jpg?1778622624"
125;0.6848;16;87635;"Pipa de Pyrex Cookies Spoon - Premium Borosilicate Glass - Diseño 4";6290;"Pipas";"cookies";"";"";fumetas;34441;"Calvo Glass Pipa Screen 10 cm - Naranjo";14990;"Pipas";"calvo";"CG-ESH23259O";"";2.38;1;0;0;0;1;"https://www.friendlygrow.cl/pipa-de-vidrio-cookies-spoon-premium-borosilicate-glass?variant=Dise%C3%B1o%204";"https://fumetas.cl/calvo-glass-pipa-con-rejilla-integrada-10-cm?variant=Naranjo";"https://cdnx.jumpseller.com/friendly-grow/image/75851217/YD312-C_20_2817_29.jpg?1776370701";"https://cdnx.jumpseller.com/fumetas-store/image/72083983/SCREEN-PIPE-CALVO-GLASS-NARANJO-1.jpg?1769628634"
125;0.6842;21;87631;"Pipa de Pyrex Cookies Spoon - Premium Borosilicate Glass - Brown";6290;"Pipas";"cookies";"";"";astrogrowshop;12614;"K30 -Bonglab";61990;"Otros parafernalia";"bonglab";"BGBLK30BLACK";"";9.86;0;0;0;0;1;"https://www.friendlygrow.cl/pipa-de-vidrio-cookies-spoon-premium-borosilicate-glass?variant=Brown";"https://astrogrowshop.cl/k30-bonglab";"https://cdnx.jumpseller.com/friendly-grow/image/75851212/YD312-C_20_287_29.jpg?1776370701";"https://cdnx.jumpseller.com/astrogrowshop/image/74869333/imagen_1_26365.webp?1778783777"
125;0.6842;18;87631;"Pipa de Pyrex Cookies Spoon - Premium Borosilicate Glass - Brown";6290;"Pipas";"cookies";"";"";astrogrowshop;32774;"K30 -Bonglab - Morado";61990;"Otros parafernalia";"bonglab";"BGBLK30PURPLE";"";9.86;0;0;0;0;1;"https://www.friendlygrow.cl/pipa-de-vidrio-cookies-spoon-premium-borosilicate-glass?variant=Brown";"https://astrogrowshop.cl/k30-bonglab?variant=Morado";"https://cdnx.jumpseller.com/friendly-grow/image/75851212/YD312-C_20_287_29.jpg?1776370701";"https://cdnx.jumpseller.com/astrogrowshop/image/74869333/imagen_1_26365.webp?1778783777"
125;0.6586;5;87504;"Nectar Collector Chili – Dab Straw de Silicona - Rojo";5990;"Accesorios de extraccion";"";"";"";piranha;15778;"Pack Cepillos de Limpieza Storz & Bickel (3u)| PIRANHA";4990;"Repuestos para bongs y vaporizadores";"storz-bickel";"73075165939460";"";1.2;0;0;0;0;1;"https://www.friendlygrow.cl/nectar-collector-chili-dab-straw-de-silicona?variant=Rojo";"https://piranha.cl/inicio/7834/pack-cepillos-de-limpieza-storz-bickel-3u.html";"https://cdnx.jumpseller.com/friendly-grow/image/74450522/1.jpg?1773156011";"https://piranha.cl/20255-thickbox_default/pack-cepillos-de-limpieza-storz-bickel-3u.jpg"
125;0.6586;5;87505;"Nectar Collector Chili – Dab Straw de Silicona - Morado";5990;"Accesorios de extraccion";"";"";"";piranha;15778;"Pack Cepillos de Limpieza Storz & Bickel (3u)| PIRANHA";4990;"Repuestos para bongs y vaporizadores";"storz-bickel";"73075165939460";"";1.2;0;0;0;0;1;"https://www.friendlygrow.cl/nectar-collector-chili-dab-straw-de-silicona?variant=Morado";"https://piranha.cl/inicio/7834/pack-cepillos-de-limpieza-storz-bickel-3u.html";"https://cdnx.jumpseller.com/friendly-grow/image/74450522/1.jpg?1773156011";"https://piranha.cl/20255-thickbox_default/pack-cepillos-de-limpieza-storz-bickel-3u.jpg"
125;0.6586;5;87503;"Nectar Collector Chili – Dab Straw de Silicona - Rosa";5990;"Accesorios de extraccion";"";"";"";piranha;15778;"Pack Cepillos de Limpieza Storz & Bickel (3u)| PIRANHA";4990;"Repuestos para bongs y vaporizadores";"storz-bickel";"73075165939460";"";1.2;0;0;0;0;1;"https://www.friendlygrow.cl/nectar-collector-chili-dab-straw-de-silicona?variant=Rosa";"https://piranha.cl/inicio/7834/pack-cepillos-de-limpieza-storz-bickel-3u.html";"https://cdnx.jumpseller.com/friendly-grow/image/74450522/1.jpg?1773156011";"https://piranha.cl/20255-thickbox_default/pack-cepillos-de-limpieza-storz-bickel-3u.jpg"
125;0.6586;5;87506;"Nectar Collector Chili – Dab Straw de Silicona - Amarillo";5990;"Accesorios de extraccion";"";"";"";piranha;15778;"Pack Cepillos de Limpieza Storz & Bickel (3u)| PIRANHA";4990;"Repuestos para bongs y vaporizadores";"storz-bickel";"73075165939460";"";1.2;0;0;0;0;1;"https://www.friendlygrow.cl/nectar-collector-chili-dab-straw-de-silicona?variant=Amarillo";"https://piranha.cl/inicio/7834/pack-cepillos-de-limpieza-storz-bickel-3u.html";"https://cdnx.jumpseller.com/friendly-grow/image/74450522/1.jpg?1773156011";"https://piranha.cl/20255-thickbox_default/pack-cepillos-de-limpieza-storz-bickel-3u.jpg"
125;0.6586;5;87507;"Nectar Collector Chili – Dab Straw de Silicona - Verde";5990;"Accesorios de extraccion";"";"";"";piranha;15778;"Pack Cepillos de Limpieza Storz & Bickel (3u)| PIRANHA";4990;"Repuestos para bongs y vaporizadores";"storz-bickel";"73075165939460";"";1.2;0;0;0;0;1;"https://www.friendlygrow.cl/nectar-collector-chili-dab-straw-de-silicona?variant=Verde";"https://piranha.cl/inicio/7834/pack-cepillos-de-limpieza-storz-bickel-3u.html";"https://cdnx.jumpseller.com/friendly-grow/image/74450522/1.jpg?1773156011";"https://piranha.cl/20255-thickbox_default/pack-cepillos-de-limpieza-storz-bickel-3u.jpg"
126;0.8142;4;88837;"Vaporizador Extracciones E-rig Yocan Phaser Max - Azul";249990;"Accesorios de extraccion";"yocan";"";"";fumetas;19926;"G Pen Silicone Mouthpiece Roam Cookies";10990;"Otros parafernalia";"cookies";"GRC-MOUT-GPCO";"811736023795";22.75;0;0;0;0;1;"https://www.friendlygrow.cl/yocan-phaser-max?variant=Azul";"https://fumetas.cl/grenco-silicone-mouthpiece-roam-cookies-g-pen";"https://cdnx.jumpseller.com/friendly-grow/image/73165137/YXK-191C_E8_93_9D.png?1774537189";"https://cdnx.jumpseller.com/fumetas-store/image/18407315/mouthpiece_intento_4.jpg?1656965116"
126;0.8003;16;87631;"Pipa de Pyrex Cookies Spoon - Premium Borosilicate Glass - Brown";6290;"Pipas";"cookies";"";"";fumetas;34441;"Calvo Glass Pipa Screen 10 cm - Naranjo";14990;"Pipas";"calvo";"CG-ESH23259O";"";2.38;1;0;0;0;1;"https://www.friendlygrow.cl/pipa-de-vidrio-cookies-spoon-premium-borosilicate-glass?variant=Brown";"https://fumetas.cl/calvo-glass-pipa-con-rejilla-integrada-10-cm?variant=Naranjo";"https://cdnx.jumpseller.com/friendly-grow/image/75851212/YD312-C_20_287_29.jpg?1776370701";"https://cdnx.jumpseller.com/fumetas-store/image/72083983/SCREEN-PIPE-CALVO-GLASS-NARANJO-1.jpg?1769628634"
126;0.7896;4;88838;"Vaporizador Extracciones E-rig Yocan Phaser Max - Plateado";249990;"Accesorios de extraccion";"yocan";"";"";fumetas;19926;"G Pen Silicone Mouthpiece Roam Cookies";10990;"Otros parafernalia";"cookies";"GRC-MOUT-GPCO";"811736023795";22.75;0;0;0;0;1;"https://www.friendlygrow.cl/yocan-phaser-max?variant=Plateado";"https://fumetas.cl/grenco-silicone-mouthpiece-roam-cookies-g-pen";"https://cdnx.jumpseller.com/friendly-grow/image/73165131/YXK-191C_E9_93_B6.png?1774537189";"https://cdnx.jumpseller.com/fumetas-store/image/18407315/mouthpiece_intento_4.jpg?1656965116"
126;0.7648;4;88592;"Dabber Spoon de Precisión Black Cobra - Diseño Corona - Blanca";3990;"Vaporizadores herbales";"";"";"";growbarato;11554;"Dabber Espátula Lecron Acero Inoxidable | Herramienta para BHO y Dabbi";3300;"Accesorios de extraccion";"";"";"";1.21;0;0;0;0.14;1;"https://www.friendlygrow.cl/mini-cuchara-de-precision-black-cobra-diseno-corona?variant=Blanca";"https://www.growbaratochile.cl/extracciones-rosin/dabber-espatula-lecron.html";"https://cdnx.jumpseller.com/friendly-grow/image/75772398/AC885-BC_20_288_29.jpg?1776127645";"https://www.growbaratochile.cl/9409-large_default/dabber-espatula-lecron.jpg"
126;0.7333;16;87633;"Pipa de Pyrex Cookies Spoon - Premium Borosilicate Glass - Diseño 2";6290;"Pipas";"cookies";"";"";fumetas;34441;"Calvo Glass Pipa Screen 10 cm - Naranjo";14990;"Pipas";"calvo";"CG-ESH23259O";"";2.38;1;0;0;0;1;"https://www.friendlygrow.cl/pipa-de-vidrio-cookies-spoon-premium-borosilicate-glass?variant=Dise%C3%B1o%202";"https://fumetas.cl/calvo-glass-pipa-con-rejilla-integrada-10-cm?variant=Naranjo";"https://cdnx.jumpseller.com/friendly-grow/image/75851215/YD312-C_20_2816_29.jpg?1776370701";"https://cdnx.jumpseller.com/fumetas-store/image/72083983/SCREEN-PIPE-CALVO-GLASS-NARANJO-1.jpg?1769628634"
126;0.6709;16;87479;"Moledor Unico Conejo XL 17cm - 4 Pisos - Cobre";7500;"Moledores";"";"";"";fumetas;34441;"Calvo Glass Pipa Screen 10 cm - Naranjo";14990;"Pipas";"calvo";"CG-ESH23259O";"";2;0;0;0;0.08;1;"https://www.friendlygrow.cl/grinder-chrome-rabbit-xl?variant=Cobre";"https://fumetas.cl/calvo-glass-pipa-con-rejilla-integrada-10-cm?variant=Naranjo";"https://cdnx.jumpseller.com/friendly-grow/image/75850221/PHBGZ-043_20_285_29.jpg?1778215290";"https://cdnx.jumpseller.com/fumetas-store/image/72083983/SCREEN-PIPE-CALVO-GLASS-NARANJO-1.jpg?1769628634"
126;0.6397;2;87971;"10 X Vaporizador Airis Vertex 2.0 Para Cartridges. - Blanco";59990;"Otros parafernalia";"airistech";"MLC2677935526";"";astrogrowshop;32123;"Contenedor de Pyrex para Extractos 3 cm - Negro";3990;"Contenedores y estuches";"";"BTCPCIN";"";15.04;0;0;0;0;1;"https://www.friendlygrow.cl/promo-10-x-vaporizador-airis-vertex-20-para-cartridges?variant=Blanco";"https://astrogrowshop.cl/contenedor-de-pyrex-para-extractos-3-cm?variant=Negro";"https://cdnx.jumpseller.com/friendly-grow/image/70293123/airis_20350mAh_20V2.0_20Battery_20_283_29.jpg?1781578046";"https://cdnx.jumpseller.com/astrogrowshop/image/74244978/CONTENEDOR-PARA-EXTRACTOS-PYREX-NEGRO.webp?1772801271"
127;0.744;16;87634;"Pipa de Pyrex Cookies Spoon - Premium Borosilicate Glass - Diseño 3";6290;"Pipas";"cookies";"";"";fumetas;34441;"Calvo Glass Pipa Screen 10 cm - Naranjo";14990;"Pipas";"calvo";"CG-ESH23259O";"";2.38;1;0;0;0;1;"https://www.friendlygrow.cl/pipa-de-vidrio-cookies-spoon-premium-borosilicate-glass?variant=Dise%C3%B1o%203";"https://fumetas.cl/calvo-glass-pipa-con-rejilla-integrada-10-cm?variant=Naranjo";"https://cdnx.jumpseller.com/friendly-grow/image/75851216/YD312-C_20_2814_29.jpg?1776370701";"https://cdnx.jumpseller.com/fumetas-store/image/72083983/SCREEN-PIPE-CALVO-GLASS-NARANJO-1.jpg?1769628634"
127;0.7339;1;87637;"Pipa de Pyrex Cookies Spoon - Premium Borosilicate Glass - Diseño 6";6290;"Pipas";"cookies";"";"";astrogrowshop;31678;"Lucky Goblin-Bonglab - Blanco";27990;"Otros parafernalia";"bonglab";"BGBLK293WHITE";"";4.45;0;0;0;0;1;"https://www.friendlygrow.cl/pipa-de-vidrio-cookies-spoon-premium-borosilicate-glass?variant=Dise%C3%B1o%206";"https://astrogrowshop.cl/lucky-goblin-bonglab?variant=Blanco";"https://cdnx.jumpseller.com/friendly-grow/image/75851219/YD312-C_20_2818_29.jpg?1776370701";"https://cdnx.jumpseller.com/astrogrowshop/image/74869171/imagen_1_17252.webp?1773937761"
127;0.7258;4;87632;"Pipa de Pyrex Cookies Spoon - Premium Borosilicate Glass - Diseño 1";6290;"Pipas";"cookies";"";"";fumetas;650;"PMG Bong Kali Go 23cm";20153;"Bongs";"piecemaker";"PMG-KALIGONV";"0850038367749";3.2;0;0;0;0;1;"https://www.friendlygrow.cl/pipa-de-vidrio-cookies-spoon-premium-borosilicate-glass?variant=Dise%C3%B1o%201";"https://fumetas.cl/pmg-kali-go";"https://cdnx.jumpseller.com/friendly-grow/image/75851213/YD312-C_20_2815_29.jpg?1776370701";"https://cdnx.jumpseller.com/fumetas-store/image/37769173/Bong-Kali-Go-Marineros.webp?1743610672"
127;0.6497;9;87980;"10 X Vaporizador Airis Vertex 2.0 Para Cartridges. - Plateado";59990;"Otros parafernalia";"airistech";"MLC2677935526";"";astrogrowshop;32122;"Contenedor de Pyrex para Extractos 3 cm - Transparente";2990;"Contenedores y estuches";"";"BTCPCIT";"";20.06;0;0;0;0;1;"https://www.friendlygrow.cl/promo-10-x-vaporizador-airis-vertex-20-para-cartridges?variant=Plateado";"https://astrogrowshop.cl/contenedor-de-pyrex-para-extractos-3-cm?variant=Transparente";"https://cdnx.jumpseller.com/friendly-grow/image/70293133/airis_20350mAh_20V2.0_20Battery_20_282_29.jpg?1781578046";"https://cdnx.jumpseller.com/astrogrowshop/image/74244979/CONTENEDOR-PARA-EXTRACTOS-PYREX-BASE-TRANSPARENTE.webp?1772801271"
127;0.6093;8;87479;"Moledor Unico Conejo XL 17cm - 4 Pisos - Cobre";7500;"Moledores";"";"";"";fumetas;34549;"Calvo Glass Bong Straight Tube American 26cm - Amarillo";34990;"Bongs";"calvo";"CG-24620Y";"";4.67;0;0;0;0.08;1;"https://www.friendlygrow.cl/grinder-chrome-rabbit-xl?variant=Cobre";"https://fumetas.cl/calvo-glass-bong-straight-tube-american-26cm?variant=Amarillo";"https://cdnx.jumpseller.com/friendly-grow/image/75850221/PHBGZ-043_20_285_29.jpg?1778215290";"https://cdnx.jumpseller.com/fumetas-store/image/72093618/STRAIGHT-TUBE-AMERICAN-YELLOW.jpg?1768942345"
127;0.6087;9;87978;"10 X Vaporizador Airis Vertex 2.0 Para Cartridges. - Rojo";5990;"Otros parafernalia";"airistech";"MLC2677935526";"";astrogrowshop;32122;"Contenedor de Pyrex para Extractos 3 cm - Transparente";2990;"Contenedores y estuches";"";"BTCPCIT";"";2;0;0;0;0;1;"https://www.friendlygrow.cl/promo-10-x-vaporizador-airis-vertex-20-para-cartridges?variant=Rojo";"https://astrogrowshop.cl/contenedor-de-pyrex-para-extractos-3-cm?variant=Transparente";"https://cdnx.jumpseller.com/friendly-grow/image/70293127/airis_20350mAh_20V2.0_20Battery_20_284_29.jpg?1781578046";"https://cdnx.jumpseller.com/astrogrowshop/image/74244979/CONTENEDOR-PARA-EXTRACTOS-PYREX-BASE-TRANSPARENTE.webp?1772801271"
128;0.7908;4;88586;"Dabber Spoon de Precisión Black Cobra - Diseño Corona - Negra";3990;"Vaporizadores herbales";"";"";"";growbarato;11554;"Dabber Espátula Lecron Acero Inoxidable | Herramienta para BHO y Dabbi";3300;"Accesorios de extraccion";"";"";"";1.21;0;0;0;0.14;1;"https://www.friendlygrow.cl/mini-cuchara-de-precision-black-cobra-diseno-corona?variant=Negra";"https://www.growbaratochile.cl/extracciones-rosin/dabber-espatula-lecron.html";"https://cdnx.jumpseller.com/friendly-grow/image/75772397/AC885-BC_20_286_29.jpg?1776127645";"https://www.growbaratochile.cl/9409-large_default/dabber-espatula-lecron.jpg"
128;0.7604;16;87632;"Pipa de Pyrex Cookies Spoon - Premium Borosilicate Glass - Diseño 1";6290;"Pipas";"cookies";"";"";fumetas;34950;"Bonglab Bong Fresh K30 42cm - Turquesa";64990;"Bongs";"bonglab";"BLAB-K30T";"";10.33;0;0;0;0;1;"https://www.friendlygrow.cl/pipa-de-vidrio-cookies-spoon-premium-borosilicate-glass?variant=Dise%C3%B1o%201";"https://fumetas.cl/bonglab-bong-k30-black-42cm?variant=Turquesa";"https://cdnx.jumpseller.com/friendly-grow/image/75851213/YD312-C_20_2815_29.jpg?1776370701";"https://cdnx.jumpseller.com/fumetas-store/image/25758148/Bong-K30-Teal.jpg?1729048665"
129;0.7413;4;88590;"Dabber Spoon de Precisión Black Cobra - Diseño Corona - Verde";3990;"Vaporizadores herbales";"";"";"";astrogrowshop;31039;"Moledor Aluminio 4 Partes 50MM Bt - verde";9990;"Moledores";"";"ASTROMAPBG017";"";2.5;0;0;0;0.12;1;"https://www.friendlygrow.cl/mini-cuchara-de-precision-black-cobra-diseno-corona?variant=Verde";"https://astrogrowshop.cl/moledor-aluminio-4-partes-50mm-bt?variant=verde";"https://cdnx.jumpseller.com/friendly-grow/image/75772391/AC885-BC_20_2811_29.jpg?1776127645";"https://cdnx.jumpseller.com/astrogrowshop/image/74868958/imagen_1_28239.webp?1773937618"
129;0.725;1;87524;"Moledor aluminio 3 pisos 51mm Colores - Rojo";6990;"Moledores";"";"";"";fumetas;33691;"Moledor Calvo Cerámico 60mm - Turquesa";29990;"Moledores";"calvo";"CG-MOCTU";"";4.29;1;0;0;0;1;"https://www.friendlygrow.cl/grinder-metalico-4-piezas-aluminio-filtro-polen?variant=Rojo";"https://fumetas.cl/moledor-calvo-ceramico-60mm?variant=Turquesa";"https://cdnx.jumpseller.com/friendly-grow/image/78767573/6.jpg?1783983552";"https://cdnx.jumpseller.com/fumetas-store/image/59887998/Moledor-ceramico-Calvo-Glass-63mm-Turquesa.webp?1749522941"
129;0.715;4;88584;"Dabber Spoon de Precisión Black Cobra - Diseño Corona - Amarilla";3990;"Vaporizadores herbales";"";"";"";growbarato;11554;"Dabber Espátula Lecron Acero Inoxidable | Herramienta para BHO y Dabbi";3300;"Accesorios de extraccion";"";"";"";1.21;0;0;0;0.14;1;"https://www.friendlygrow.cl/mini-cuchara-de-precision-black-cobra-diseno-corona?variant=Amarilla";"https://www.growbaratochile.cl/extracciones-rosin/dabber-espatula-lecron.html";"https://cdnx.jumpseller.com/friendly-grow/image/75772395/AC885-BC_20_289_29.jpg?1776127645";"https://www.growbaratochile.cl/9409-large_default/dabber-espatula-lecron.jpg"
130;0.7691;8;87634;"Pipa de Pyrex Cookies Spoon - Premium Borosilicate Glass - Diseño 3";6290;"Pipas";"cookies";"";"";fumetas;34549;"Calvo Glass Bong Straight Tube American 26cm - Amarillo";34990;"Bongs";"calvo";"CG-24620Y";"";5.56;0;0;0;0;1;"https://www.friendlygrow.cl/pipa-de-vidrio-cookies-spoon-premium-borosilicate-glass?variant=Dise%C3%B1o%203";"https://fumetas.cl/calvo-glass-bong-straight-tube-american-26cm?variant=Amarillo";"https://cdnx.jumpseller.com/friendly-grow/image/75851216/YD312-C_20_2814_29.jpg?1776370701";"https://cdnx.jumpseller.com/fumetas-store/image/72093618/STRAIGHT-TUBE-AMERICAN-YELLOW.jpg?1768942345"
130;0.7448;16;87633;"Pipa de Pyrex Cookies Spoon - Premium Borosilicate Glass - Diseño 2";6290;"Pipas";"cookies";"";"";fumetas;34950;"Bonglab Bong Fresh K30 42cm - Turquesa";64990;"Bongs";"bonglab";"BLAB-K30T";"";10.33;0;0;0;0;1;"https://www.friendlygrow.cl/pipa-de-vidrio-cookies-spoon-premium-borosilicate-glass?variant=Dise%C3%B1o%202";"https://fumetas.cl/bonglab-bong-k30-black-42cm?variant=Turquesa";"https://cdnx.jumpseller.com/friendly-grow/image/75851215/YD312-C_20_2816_29.jpg?1776370701";"https://cdnx.jumpseller.com/fumetas-store/image/25758148/Bong-K30-Teal.jpg?1729048665"
130;0.7319;7;87980;"10 X Vaporizador Airis Vertex 2.0 Para Cartridges. - Plateado";59990;"Otros parafernalia";"airistech";"MLC2677935526";"";astrogrowshop;18202;"NEW HOT KNIFE-PUFFCO";89990;"Accesorios de extraccion";"pulsar";"VPPFNHOTKNONX";"";1.5;0;0;0;0;1;"https://www.friendlygrow.cl/promo-10-x-vaporizador-airis-vertex-20-para-cartridges?variant=Plateado";"https://astrogrowshop.cl/new-hot-knife-puffco";"https://cdnx.jumpseller.com/friendly-grow/image/70293133/airis_20350mAh_20V2.0_20Battery_20_282_29.jpg?1781578046";"https://cdnx.jumpseller.com/astrogrowshop/image/74796799/VPPFNHOTKNONX_202.webp?1773773905"
130;0.6865;7;87978;"10 X Vaporizador Airis Vertex 2.0 Para Cartridges. - Rojo";5990;"Otros parafernalia";"airistech";"MLC2677935526";"";astrogrowshop;18202;"NEW HOT KNIFE-PUFFCO";89990;"Accesorios de extraccion";"pulsar";"VPPFNHOTKNONX";"";15.02;0;0;0;0;1;"https://www.friendlygrow.cl/promo-10-x-vaporizador-airis-vertex-20-para-cartridges?variant=Rojo";"https://astrogrowshop.cl/new-hot-knife-puffco";"https://cdnx.jumpseller.com/friendly-grow/image/70293127/airis_20350mAh_20V2.0_20Battery_20_284_29.jpg?1781578046";"https://cdnx.jumpseller.com/astrogrowshop/image/74796799/VPPFNHOTKNONX_202.webp?1773773905"
130;0.6504;16;87475;"Moledor Unico Conejo XL 17cm - 4 Pisos - Plateado";7500;"Moledores";"";"";"";fumetas;34441;"Calvo Glass Pipa Screen 10 cm - Naranjo";14990;"Pipas";"calvo";"CG-ESH23259O";"";2;0;0;0;0.08;1;"https://www.friendlygrow.cl/grinder-chrome-rabbit-xl?variant=Plateado";"https://fumetas.cl/calvo-glass-pipa-con-rejilla-integrada-10-cm?variant=Naranjo";"https://cdnx.jumpseller.com/friendly-grow/image/75850227/PHBGZ-043_20_287_29.jpg?1778215290";"https://cdnx.jumpseller.com/fumetas-store/image/72083983/SCREEN-PIPE-CALVO-GLASS-NARANJO-1.jpg?1769628634"
130;0.5455;8;87475;"Moledor Unico Conejo XL 17cm - 4 Pisos - Plateado";7500;"Moledores";"";"";"";growbarato;71057;"Deshumidificador Cornwall Electronics 12L/Día";239400;"Otros parafernalia";"";"";"";31.92;0;0;0;0;1;"https://www.friendlygrow.cl/grinder-chrome-rabbit-xl?variant=Plateado";"https://www.growbaratochile.cl/humedad-y-temperatura/deshumidificador-cornwall-electronics-12ldia.html";"https://cdnx.jumpseller.com/friendly-grow/image/75850227/PHBGZ-043_20_287_29.jpg?1778215290";"https://www.growbaratochile.cl/6311-large_default/deshumidificador-cornwall-electronics-12ldia.jpg"
131;0.7342;10;88592;"Dabber Spoon de Precisión Black Cobra - Diseño Corona - Blanca";3990;"Vaporizadores herbales";"";"";"";fumetas;19378;"Cepillo Con Compartimiento Secreto - OZeta Home";9990;"Otros parafernalia";"ozeta";"OZTA-HCEP";"";2.5;0;0;0;0;1;"https://www.friendlygrow.cl/mini-cuchara-de-precision-black-cobra-diseno-corona?variant=Blanca";"https://fumetas.cl/cepillo-con-compartimiento-secreto-ozeta-home";"https://cdnx.jumpseller.com/friendly-grow/image/75772398/AC885-BC_20_288_29.jpg?1776127645";"https://cdnx.jumpseller.com/fumetas-store/image/62975583/cepillo-depelo-ozeta-home-2.webp?1745813247"
131;0.7325;16;87630;"Pipa de Pyrex Cookies Spoon - Premium Borosilicate Glass - White";6290;"Pipas";"cookies";"";"";fumetas;34950;"Bonglab Bong Fresh K30 42cm - Turquesa";64990;"Bongs";"bonglab";"BLAB-K30T";"";10.33;0;0;0;0;1;"https://www.friendlygrow.cl/pipa-de-vidrio-cookies-spoon-premium-borosilicate-glass?variant=White";"https://fumetas.cl/bonglab-bong-k30-black-42cm?variant=Turquesa";"https://cdnx.jumpseller.com/friendly-grow/image/75851211/YD312-C_20_281_29.jpg?1776370701";"https://cdnx.jumpseller.com/fumetas-store/image/25758148/Bong-K30-Teal.jpg?1729048665"
131;0.686;21;87475;"Moledor Unico Conejo XL 17cm - 4 Pisos - Plateado";7500;"Moledores";"";"";"";astrogrowshop;12614;"K30 -Bonglab";61990;"Otros parafernalia";"bonglab";"BGBLK30BLACK";"";8.27;0;0;0;0;1;"https://www.friendlygrow.cl/grinder-chrome-rabbit-xl?variant=Plateado";"https://astrogrowshop.cl/k30-bonglab";"https://cdnx.jumpseller.com/friendly-grow/image/75850227/PHBGZ-043_20_287_29.jpg?1778215290";"https://cdnx.jumpseller.com/astrogrowshop/image/74869333/imagen_1_26365.webp?1778783777"
131;0.6137;16;88847;"Cono Pre-rolado Honeypuff Rose Petal con Boquilla ( Pack x 2) - Banana";1990;"Filtros y boquillas";"honeypuff";"";"";fumetas;34441;"Calvo Glass Pipa Screen 10 cm - Naranjo";14990;"Pipas";"calvo";"CG-ESH23259O";"";7.53;0;0;0;0;1;"https://www.friendlygrow.cl/cono-pre-rolado-honeypuff-rose-petal?variant=Banana";"https://fumetas.cl/calvo-glass-pipa-con-rejilla-integrada-10-cm?variant=Naranjo";"https://cdnx.jumpseller.com/friendly-grow/image/75773201/ARTP1312_20_2825_29.jpg?1778214601";"https://cdnx.jumpseller.com/fumetas-store/image/72083983/SCREEN-PIPE-CALVO-GLASS-NARANJO-1.jpg?1769628634"
131;0.6018;23;87474;"Moledor Unico Conejo XL 17cm - 4 Pisos - Verde";7500;"Moledores";"";"";"";fumetas;34951;"Bonglab Bong Fresh K30 42cm - Morado";64990;"Bongs";"bonglab";"BLAB-K30P";"";8.67;0;0;0;0.08;1;"https://www.friendlygrow.cl/grinder-chrome-rabbit-xl?variant=Verde";"https://fumetas.cl/bonglab-bong-k30-black-42cm?variant=Morado";"https://cdnx.jumpseller.com/friendly-grow/image/75850225/PHBGZ-043_20_288_29.jpg?1778215290";"https://cdnx.jumpseller.com/fumetas-store/image/25758149/Bong-K30-Purple.jpg?1729048665"
131;0.5171;2;88842;"Cono Pre-rolado Honeypuff Rose Petal con Boquilla ( Pack x 2) - Fresa";1990;"Filtros y boquillas";"honeypuff";"";"";fumetas;33636;"Pulsar Moledor Contenedor de Aluminio 50 mm - Negro";33990;"Moledores";"pulsar";"PLSR-MCA50MM";"810008096376";17.08;0;0;0;0;1;"https://www.friendlygrow.cl/cono-pre-rolado-honeypuff-rose-petal?variant=Fresa";"https://fumetas.cl/pulsar-moledor-y-contenedor-de-aluminio-50-mm?variant=Negro";"https://cdnx.jumpseller.com/friendly-grow/image/75773205/ARTP1312_20_2818_29.jpg?1778214601";"https://cdnx.jumpseller.com/fumetas-store/image/61498624/Pulsar-Moledor-4-pisos-con-contenedor-Negro.webp?1745942589"
132;0.7928;1;88835;"Vaporizador Extracciones E-rig Yocan Phaser Max - Rojo";249990;"Accesorios de extraccion";"yocan";"";"";astrogrowshop;78535;"Burbujeador de Agua AERIS (Bubbler) - Focus V - GREEN";109990;"Vaporizadores herbales";"focus-v";"VPFVBABBGRN";"";2.27;0;0;0;0;1;"https://www.friendlygrow.cl/yocan-phaser-max?variant=Rojo";"https://astrogrowshop.cl/burbujeador-de-agua-aeris-bubbler-focus-v?variant=GREEN";"https://cdnx.jumpseller.com/friendly-grow/image/73165135/YXK-191C1_E7_BA_A2.png?1774537189";"https://cdnx.jumpseller.com/astrogrowshop/image/78881420/green.webp?1784303712"
132;0.7661;16;87636;"Pipa de Pyrex Cookies Spoon - Premium Borosilicate Glass - Diseño 5";6290;"Pipas";"cookies";"";"";fumetas;34950;"Bonglab Bong Fresh K30 42cm - Turquesa";64990;"Bongs";"bonglab";"BLAB-K30T";"";10.33;0;0;0;0;1;"https://www.friendlygrow.cl/pipa-de-vidrio-cookies-spoon-premium-borosilicate-glass?variant=Dise%C3%B1o%205";"https://fumetas.cl/bonglab-bong-k30-black-42cm?variant=Turquesa";"https://cdnx.jumpseller.com/friendly-grow/image/75851218/YD312-C_20_2819_29.jpg?1776370701";"https://cdnx.jumpseller.com/fumetas-store/image/25758148/Bong-K30-Teal.jpg?1729048665"
132;0.6716;21;87480;"Moledor Unico Oso 14cm - 4 Pisos- - Verde";7990;"Moledores";"";"";"";astrogrowshop;12614;"K30 -Bonglab";61990;"Otros parafernalia";"bonglab";"BGBLK30BLACK";"";7.76;0;0;0;0;1;"https://www.friendlygrow.cl/moledor-unico-oso-cromado?variant=Verde";"https://astrogrowshop.cl/k30-bonglab";"https://cdnx.jumpseller.com/friendly-grow/image/76691973/PHBGZ-044_20_284_29.jpg?1778936629";"https://cdnx.jumpseller.com/astrogrowshop/image/74869333/imagen_1_26365.webp?1778783777"
132;0.6716;18;87480;"Moledor Unico Oso 14cm - 4 Pisos- - Verde";7990;"Moledores";"";"";"";astrogrowshop;32774;"K30 -Bonglab - Morado";61990;"Otros parafernalia";"bonglab";"BGBLK30PURPLE";"";7.76;0;0;0;0;1;"https://www.friendlygrow.cl/moledor-unico-oso-cromado?variant=Verde";"https://astrogrowshop.cl/k30-bonglab?variant=Morado";"https://cdnx.jumpseller.com/friendly-grow/image/76691973/PHBGZ-044_20_284_29.jpg?1778936629";"https://cdnx.jumpseller.com/astrogrowshop/image/74869333/imagen_1_26365.webp?1778783777"
132;0.6027;9;87973;"10 X Vaporizador Airis Vertex 2.0 Para Cartridges. - Negro";59990;"Otros parafernalia";"airistech";"MLC2677935526";"";astrogrowshop;32122;"Contenedor de Pyrex para Extractos 3 cm - Transparente";2990;"Contenedores y estuches";"";"BTCPCIT";"";20.06;0;0;0;0;1;"https://www.friendlygrow.cl/promo-10-x-vaporizador-airis-vertex-20-para-cartridges?variant=Negro";"https://astrogrowshop.cl/contenedor-de-pyrex-para-extractos-3-cm?variant=Transparente";"https://cdnx.jumpseller.com/friendly-grow/image/70293130/airis_20350mAh_20V2.0_20Battery_20_2810_29.jpg?1781578046";"https://cdnx.jumpseller.com/astrogrowshop/image/74244979/CONTENEDOR-PARA-EXTRACTOS-PYREX-BASE-TRANSPARENTE.webp?1772801271"
132;0.5952;3;87568;"Downstem de Pyrex Difusor 10cm / 12cm / 13.5cm – Repuesto para Bong 14";3900;"Repuestos para bongs y vaporizadores";"";"";"";fumetas;8;"Encendedor Clipper Space Area 3";990;"Encendedores y sopletes";"clipper";"CLIPP-SPAREA3";"8412765508905";3.94;0;0;0;0;1;"https://www.friendlygrow.cl/downstem-de-vidrio-difusor-10cm-12cm-135cm-repuesto-para-bong-14mm18mm?variant=12cms";"https://fumetas.cl/encendedor-clipper-space-area-3";"https://cdnx.jumpseller.com/friendly-grow/image/74781877/SA53_20_282_29.jpg?1773756851";"https://cdnx.jumpseller.com/fumetas-store/image/76563322/Area3.jpg?1778621075"
132;0.5952;3;87569;"Downstem de Pyrex Difusor 10cm / 12cm / 13.5cm – Repuesto para Bong 14";3900;"Repuestos para bongs y vaporizadores";"";"";"";fumetas;8;"Encendedor Clipper Space Area 3";990;"Encendedores y sopletes";"clipper";"CLIPP-SPAREA3";"8412765508905";3.94;0;0;0;0;1;"https://www.friendlygrow.cl/downstem-de-vidrio-difusor-10cm-12cm-135cm-repuesto-para-bong-14mm18mm?variant=13.5cms";"https://fumetas.cl/encendedor-clipper-space-area-3";"https://cdnx.jumpseller.com/friendly-grow/image/74781877/SA53_20_282_29.jpg?1773756851";"https://cdnx.jumpseller.com/fumetas-store/image/76563322/Area3.jpg?1778621075"
132;0.5952;3;87567;"Downstem de Pyrex Difusor 10cm / 12cm / 13.5cm – Repuesto para Bong 14";3900;"Repuestos para bongs y vaporizadores";"";"";"";fumetas;8;"Encendedor Clipper Space Area 3";990;"Encendedores y sopletes";"clipper";"CLIPP-SPAREA3";"8412765508905";3.94;0;0;0;0;1;"https://www.friendlygrow.cl/downstem-de-vidrio-difusor-10cm-12cm-135cm-repuesto-para-bong-14mm18mm?variant=10cms";"https://fumetas.cl/encendedor-clipper-space-area-3";"https://cdnx.jumpseller.com/friendly-grow/image/74781877/SA53_20_282_29.jpg?1773756851";"https://cdnx.jumpseller.com/fumetas-store/image/76563322/Area3.jpg?1778621075"
132;0.57;23;88847;"Cono Pre-rolado Honeypuff Rose Petal con Boquilla ( Pack x 2) - Banana";1990;"Filtros y boquillas";"honeypuff";"";"";fumetas;34951;"Bonglab Bong Fresh K30 42cm - Morado";64990;"Bongs";"bonglab";"BLAB-K30P";"";32.66;0;0;0;0;1;"https://www.friendlygrow.cl/cono-pre-rolado-honeypuff-rose-petal?variant=Banana";"https://fumetas.cl/bonglab-bong-k30-black-42cm?variant=Morado";"https://cdnx.jumpseller.com/friendly-grow/image/75773201/ARTP1312_20_2825_29.jpg?1778214601";"https://cdnx.jumpseller.com/fumetas-store/image/25758149/Bong-K30-Purple.jpg?1729048665"
132;0.4128;8;88455;"Papelillos Honeypuff King Size Slim - Organic Hemp";590;"Papelillos";"honeypuff";"";"";growbarato;71057;"Deshumidificador Cornwall Electronics 12L/Día";239400;"Otros parafernalia";"";"";"";405.76;0;0;0;0;1;"https://www.friendlygrow.cl/papelillos-honeypuff-ultra-thin-black-king-size-slim?variant=Organic%20Hemp";"https://www.growbaratochile.cl/humedad-y-temperatura/deshumidificador-cornwall-electronics-12ldia.html";"https://cdnx.jumpseller.com/friendly-grow/image/75772607/ARTP1180_20_284_29.jpg?1778214159";"https://www.growbaratochile.cl/6311-large_default/deshumidificador-cornwall-electronics-12ldia.jpg"
133;0.8087;4;87457;"Moledor Lightning Colors Metal 55mm - Azul";6990;"Moledores";"galaxy";"";"";fumetas;37161;"Contenedor Fumetas Stash Premium 9oz - Dorado";17143;"Contenedores y estuches";"";"FUM-CSTASHGD";"";2.45;0;0;0;0;1;"https://www.friendlygrow.cl/moledor-lightning-colors-metal-55mm?variant=Azul";"https://fumetas.cl/contenedor-fumetas-stash-premium?variant=Dorado";"https://cdnx.jumpseller.com/friendly-grow/image/78767277/3.jpeg?1783986782";"https://cdnx.jumpseller.com/fumetas-store/image/58283269/Contenedor-Stash-Premium-Gold-3.jpg?1738773137"
133;0.7816;4;87460;"Moledor Lightning Colors Metal 55mm - Morado";6990;"Moledores";"galaxy";"";"";fumetas;37161;"Contenedor Fumetas Stash Premium 9oz - Dorado";17143;"Contenedores y estuches";"";"FUM-CSTASHGD";"";2.45;0;0;0;0;1;"https://www.friendlygrow.cl/moledor-lightning-colors-metal-55mm?variant=Morado";"https://fumetas.cl/contenedor-fumetas-stash-premium?variant=Dorado";"https://cdnx.jumpseller.com/friendly-grow/image/78770402/Gemini_Generated_Image_u1swcvu1swcvu1sw.png?1783986782";"https://cdnx.jumpseller.com/fumetas-store/image/58283269/Contenedor-Stash-Premium-Gold-3.jpg?1738773137"
133;0.7191;3;87457;"Moledor Lightning Colors Metal 55mm - Azul";6990;"Moledores";"galaxy";"";"";fumetas;59845;"Calvo Lite Moledor Aluminio 50mm - Negro";10990;"Moledores";"calvo";"CG-MCL50-BK";"";1.57;1;0;0;0;1;"https://www.friendlygrow.cl/moledor-lightning-colors-metal-55mm?variant=Azul";"https://fumetas.cl/moledor-calvo-lite-aluminio-50mm?variant=Negro";"https://cdnx.jumpseller.com/friendly-grow/image/78767277/3.jpeg?1783986782";"https://cdnx.jumpseller.com/fumetas-store/image/78686295/Moledor-Calvo-Lite-50mm-Negro1.jpg?1784052297"
133;0.7094;1;87635;"Pipa de Pyrex Cookies Spoon - Premium Borosilicate Glass - Diseño 4";6290;"Pipas";"cookies";"";"";fumetas;34556;"Calvo Glass Bong Straight Tube Lite 26cm - Naranjo";26990;"Bongs";"calvo";"CG-23272OR";"";4.29;0;0;0;0;1;"https://www.friendlygrow.cl/pipa-de-vidrio-cookies-spoon-premium-borosilicate-glass?variant=Dise%C3%B1o%204";"https://fumetas.cl/calvo-glass-bong-straight-tube-lite-26cm?variant=Naranjo";"https://cdnx.jumpseller.com/friendly-grow/image/75851217/YD312-C_20_2817_29.jpg?1776370701";"https://cdnx.jumpseller.com/fumetas-store/image/72091272/STRAIGHT-TUBE-LITE-ORANGE.jpg?1781110650"
133;0.636;2;87977;"10 X Vaporizador Airis Vertex 2.0 Para Cartridges. - Azul";59990;"Otros parafernalia";"airistech";"MLC2677935526";"";astrogrowshop;32123;"Contenedor de Pyrex para Extractos 3 cm - Negro";3990;"Contenedores y estuches";"";"BTCPCIN";"";15.04;0;0;0;0;1;"https://www.friendlygrow.cl/promo-10-x-vaporizador-airis-vertex-20-para-cartridges?variant=Azul";"https://astrogrowshop.cl/contenedor-de-pyrex-para-extractos-3-cm?variant=Negro";"https://cdnx.jumpseller.com/friendly-grow/image/70293126/airis_20350mAh_20V2.0_20Battery_20_285_29.jpg?1781578046";"https://cdnx.jumpseller.com/astrogrowshop/image/74244978/CONTENEDOR-PARA-EXTRACTOS-PYREX-NEGRO.webp?1772801271"
133;0.636;1;87977;"10 X Vaporizador Airis Vertex 2.0 Para Cartridges. - Azul";59990;"Otros parafernalia";"airistech";"MLC2677935526";"";astrogrowshop;742;"Contenedor de Pyrex para Extractos 3 cm";2990;"Contenedores y estuches";"";"BTCPCIT";"";20.06;0;0;0;0;1;"https://www.friendlygrow.cl/promo-10-x-vaporizador-airis-vertex-20-para-cartridges?variant=Azul";"https://astrogrowshop.cl/contenedor-de-pyrex-para-extractos-3-cm";"https://cdnx.jumpseller.com/friendly-grow/image/70293126/airis_20350mAh_20V2.0_20Battery_20_285_29.jpg?1781578046";"https://cdnx.jumpseller.com/astrogrowshop/image/74244978/CONTENEDOR-PARA-EXTRACTOS-PYREX-NEGRO.webp?1772801271"
133;0.5715;8;87478;"Moledor Unico Conejo XL 17cm - 4 Pisos - Amarillo";7500;"Moledores";"";"";"";fumetas;34549;"Calvo Glass Bong Straight Tube American 26cm - Amarillo";34990;"Bongs";"calvo";"CG-24620Y";"";4.67;0;0;0;0.12;1;"https://www.friendlygrow.cl/grinder-chrome-rabbit-xl?variant=Amarillo";"https://fumetas.cl/calvo-glass-bong-straight-tube-american-26cm?variant=Amarillo";"https://cdnx.jumpseller.com/friendly-grow/image/75850222/PHBGZ-043_20_284_29.jpg?1778215290";"https://cdnx.jumpseller.com/fumetas-store/image/72093618/STRAIGHT-TUBE-AMERICAN-YELLOW.jpg?1768942345"
133;0.423;8;88454;"Papelillos Honeypuff King Size Slim - Unbleached Brown";590;"Papelillos";"honeypuff";"";"";growbarato;71057;"Deshumidificador Cornwall Electronics 12L/Día";239400;"Otros parafernalia";"";"";"";405.76;0;0;0;0;1;"https://www.friendlygrow.cl/papelillos-honeypuff-ultra-thin-black-king-size-slim?variant=Unbleached%20Brown";"https://www.growbaratochile.cl/humedad-y-temperatura/deshumidificador-cornwall-electronics-12ldia.html";"https://cdnx.jumpseller.com/friendly-grow/image/75772597/ARTP1180_20_2823_29.jpg?1778214159";"https://www.growbaratochile.cl/6311-large_default/deshumidificador-cornwall-electronics-12ldia.jpg"
134;0.8309;4;87525;"Moledor aluminio 3 pisos 51mm Colores - Negro";6990;"Moledores";"";"";"";fumetas;37161;"Contenedor Fumetas Stash Premium 9oz - Dorado";17143;"Contenedores y estuches";"";"FUM-CSTASHGD";"";2.45;0;0;0;0.08;1;"https://www.friendlygrow.cl/grinder-metalico-4-piezas-aluminio-filtro-polen?variant=Negro";"https://fumetas.cl/contenedor-fumetas-stash-premium?variant=Dorado";"https://cdnx.jumpseller.com/friendly-grow/image/78769649/ChatGPT_20Image_2013_20jul_202026_2C_2018_58_23.png?1783983552";"https://cdnx.jumpseller.com/fumetas-store/image/58283269/Contenedor-Stash-Premium-Gold-3.jpg?1738773137"
134;0.6451;16;87474;"Moledor Unico Conejo XL 17cm - 4 Pisos - Verde";7500;"Moledores";"";"";"";fumetas;34441;"Calvo Glass Pipa Screen 10 cm - Naranjo";14990;"Pipas";"calvo";"CG-ESH23259O";"";2;0;0;0;0.08;1;"https://www.friendlygrow.cl/grinder-chrome-rabbit-xl?variant=Verde";"https://fumetas.cl/calvo-glass-pipa-con-rejilla-integrada-10-cm?variant=Naranjo";"https://cdnx.jumpseller.com/friendly-grow/image/75850225/PHBGZ-043_20_288_29.jpg?1778215290";"https://cdnx.jumpseller.com/fumetas-store/image/72083983/SCREEN-PIPE-CALVO-GLASS-NARANJO-1.jpg?1769628634"
134;0.6278;16;87478;"Moledor Unico Conejo XL 17cm - 4 Pisos - Amarillo";7500;"Moledores";"";"";"";fumetas;34441;"Calvo Glass Pipa Screen 10 cm - Naranjo";14990;"Pipas";"calvo";"CG-ESH23259O";"";2;0;0;0;0.08;1;"https://www.friendlygrow.cl/grinder-chrome-rabbit-xl?variant=Amarillo";"https://fumetas.cl/calvo-glass-pipa-con-rejilla-integrada-10-cm?variant=Naranjo";"https://cdnx.jumpseller.com/friendly-grow/image/75850222/PHBGZ-043_20_284_29.jpg?1778215290";"https://cdnx.jumpseller.com/fumetas-store/image/72083983/SCREEN-PIPE-CALVO-GLASS-NARANJO-1.jpg?1769628634"
134;0.591;21;88847;"Cono Pre-rolado Honeypuff Rose Petal con Boquilla ( Pack x 2) - Banana";1990;"Filtros y boquillas";"honeypuff";"";"";astrogrowshop;12614;"K30 -Bonglab";61990;"Otros parafernalia";"bonglab";"BGBLK30BLACK";"";31.15;0;0;0;0;1;"https://www.friendlygrow.cl/cono-pre-rolado-honeypuff-rose-petal?variant=Banana";"https://astrogrowshop.cl/k30-bonglab";"https://cdnx.jumpseller.com/friendly-grow/image/75773201/ARTP1312_20_2825_29.jpg?1778214601";"https://cdnx.jumpseller.com/astrogrowshop/image/74869333/imagen_1_26365.webp?1778783777"
134;0.591;18;88847;"Cono Pre-rolado Honeypuff Rose Petal con Boquilla ( Pack x 2) - Banana";1990;"Filtros y boquillas";"honeypuff";"";"";astrogrowshop;32774;"K30 -Bonglab - Morado";61990;"Otros parafernalia";"bonglab";"BGBLK30PURPLE";"";31.15;0;0;0;0;1;"https://www.friendlygrow.cl/cono-pre-rolado-honeypuff-rose-petal?variant=Banana";"https://astrogrowshop.cl/k30-bonglab?variant=Morado";"https://cdnx.jumpseller.com/friendly-grow/image/75773201/ARTP1312_20_2825_29.jpg?1778214601";"https://cdnx.jumpseller.com/astrogrowshop/image/74869333/imagen_1_26365.webp?1778783777"
134;0.5211;1;87666;"Papelillos Honeypuff Tamaño 1 1/4 ( Pink, Thin, Organico, Brown ) - Or";490;"Papelillos";"honeypuff";"";"";fumetas;1529;"Calvo Glass Pipa Twist Spoon 11cm";11992;"Pipas";"calvo";"CG-HP2102BK";"";24.47;0;0;0;0;1;"https://www.friendlygrow.cl/papelillos-honeypuff-ultra-thin-black-tamano-1-14?variant=Organic%20Hemp";"https://fumetas.cl/calvo-glass-pipa-twist-spoon-11cm";"https://cdnx.jumpseller.com/friendly-grow/image/75777638/ARTP1181_20_2812_29.jpg?1778214181";"https://cdnx.jumpseller.com/fumetas-store/image/72083168/TWIST-SPOON-PIPE-CALVO-GLASS.jpg?1769006708"
134;0.5052;2;88845;"Cono Pre-rolado Honeypuff Rose Petal con Boquilla ( Pack x 2) - Sandia";1990;"Filtros y boquillas";"honeypuff";"";"";fumetas;33636;"Pulsar Moledor Contenedor de Aluminio 50 mm - Negro";33990;"Moledores";"pulsar";"PLSR-MCA50MM";"810008096376";17.08;0;0;0;0;1;"https://www.friendlygrow.cl/cono-pre-rolado-honeypuff-rose-petal?variant=Sandia";"https://fumetas.cl/pulsar-moledor-y-contenedor-de-aluminio-50-mm?variant=Negro";"https://cdnx.jumpseller.com/friendly-grow/image/75773212/ARTP1312_20_2821_29.jpg?1778214601";"https://cdnx.jumpseller.com/fumetas-store/image/61498624/Pulsar-Moledor-4-pisos-con-contenedor-Negro.webp?1745942589"
135;0.6714;3;87568;"Downstem de Pyrex Difusor 10cm / 12cm / 13.5cm – Repuesto para Bong 14";3900;"Repuestos para bongs y vaporizadores";"";"";"";fumetas;13339;"Encendedor Clipper Cowboy Life 2";990;"Encendedores y sopletes";"clipper";"CLIPP-CWB2";"8412766171634";3.94;0;0;0;0;1;"https://www.friendlygrow.cl/downstem-de-vidrio-difusor-10cm-12cm-135cm-repuesto-para-bong-14mm18mm?variant=12cms";"https://fumetas.cl/encendedor-clipper-cowboy-life-2";"https://cdnx.jumpseller.com/friendly-grow/image/74781877/SA53_20_282_29.jpg?1773756851";"https://cdnx.jumpseller.com/fumetas-store/image/66103906/Cowboy-Life-2-Clipper.jpg?1754109049"
135;0.6714;3;87569;"Downstem de Pyrex Difusor 10cm / 12cm / 13.5cm – Repuesto para Bong 14";3900;"Repuestos para bongs y vaporizadores";"";"";"";fumetas;13339;"Encendedor Clipper Cowboy Life 2";990;"Encendedores y sopletes";"clipper";"CLIPP-CWB2";"8412766171634";3.94;0;0;0;0;1;"https://www.friendlygrow.cl/downstem-de-vidrio-difusor-10cm-12cm-135cm-repuesto-para-bong-14mm18mm?variant=13.5cms";"https://fumetas.cl/encendedor-clipper-cowboy-life-2";"https://cdnx.jumpseller.com/friendly-grow/image/74781877/SA53_20_282_29.jpg?1773756851";"https://cdnx.jumpseller.com/fumetas-store/image/66103906/Cowboy-Life-2-Clipper.jpg?1754109049"
135;0.6714;3;87567;"Downstem de Pyrex Difusor 10cm / 12cm / 13.5cm – Repuesto para Bong 14";3900;"Repuestos para bongs y vaporizadores";"";"";"";fumetas;13339;"Encendedor Clipper Cowboy Life 2";990;"Encendedores y sopletes";"clipper";"CLIPP-CWB2";"8412766171634";3.94;0;0;0;0;1;"https://www.friendlygrow.cl/downstem-de-vidrio-difusor-10cm-12cm-135cm-repuesto-para-bong-14mm18mm?variant=10cms";"https://fumetas.cl/encendedor-clipper-cowboy-life-2";"https://cdnx.jumpseller.com/friendly-grow/image/74781877/SA53_20_282_29.jpg?1773756851";"https://cdnx.jumpseller.com/fumetas-store/image/66103906/Cowboy-Life-2-Clipper.jpg?1754109049"
135;0.6455;23;87479;"Moledor Unico Conejo XL 17cm - 4 Pisos - Cobre";7500;"Moledores";"";"";"";fumetas;34951;"Bonglab Bong Fresh K30 42cm - Morado";64990;"Bongs";"bonglab";"BLAB-K30P";"";8.67;0;0;0;0.08;1;"https://www.friendlygrow.cl/grinder-chrome-rabbit-xl?variant=Cobre";"https://fumetas.cl/bonglab-bong-k30-black-42cm?variant=Morado";"https://cdnx.jumpseller.com/friendly-grow/image/75850221/PHBGZ-043_20_285_29.jpg?1778215290";"https://cdnx.jumpseller.com/fumetas-store/image/25758149/Bong-K30-Purple.jpg?1729048665"
135;0.6311;21;87474;"Moledor Unico Conejo XL 17cm - 4 Pisos - Verde";7500;"Moledores";"";"";"";astrogrowshop;12614;"K30 -Bonglab";61990;"Otros parafernalia";"bonglab";"BGBLK30BLACK";"";8.27;0;0;0;0;1;"https://www.friendlygrow.cl/grinder-chrome-rabbit-xl?variant=Verde";"https://astrogrowshop.cl/k30-bonglab";"https://cdnx.jumpseller.com/friendly-grow/image/75850225/PHBGZ-043_20_288_29.jpg?1778215290";"https://cdnx.jumpseller.com/astrogrowshop/image/74869333/imagen_1_26365.webp?1778783777"
135;0.6311;18;87474;"Moledor Unico Conejo XL 17cm - 4 Pisos - Verde";7500;"Moledores";"";"";"";astrogrowshop;32774;"K30 -Bonglab - Morado";61990;"Otros parafernalia";"bonglab";"BGBLK30PURPLE";"";8.27;0;0;0;0.08;1;"https://www.friendlygrow.cl/grinder-chrome-rabbit-xl?variant=Verde";"https://astrogrowshop.cl/k30-bonglab?variant=Morado";"https://cdnx.jumpseller.com/friendly-grow/image/75850225/PHBGZ-043_20_288_29.jpg?1778215290";"https://cdnx.jumpseller.com/astrogrowshop/image/74869333/imagen_1_26365.webp?1778783777"
135;0.5901;23;87478;"Moledor Unico Conejo XL 17cm - 4 Pisos - Amarillo";7500;"Moledores";"";"";"";fumetas;34951;"Bonglab Bong Fresh K30 42cm - Morado";64990;"Bongs";"bonglab";"BLAB-K30P";"";8.67;0;0;0;0.08;1;"https://www.friendlygrow.cl/grinder-chrome-rabbit-xl?variant=Amarillo";"https://fumetas.cl/bonglab-bong-k30-black-42cm?variant=Morado";"https://cdnx.jumpseller.com/friendly-grow/image/75850222/PHBGZ-043_20_284_29.jpg?1778215290";"https://cdnx.jumpseller.com/fumetas-store/image/25758149/Bong-K30-Purple.jpg?1729048665"
136;0.7462;8;87638;"Pipa de Pyrex Cookies Spoon - Premium Borosilicate Glass - Diseño 7";6290;"Pipas";"cookies";"";"";fumetas;34549;"Calvo Glass Bong Straight Tube American 26cm - Amarillo";34990;"Bongs";"calvo";"CG-24620Y";"";5.56;0;0;0;0;1;"https://www.friendlygrow.cl/pipa-de-vidrio-cookies-spoon-premium-borosilicate-glass?variant=Dise%C3%B1o%207";"https://fumetas.cl/calvo-glass-bong-straight-tube-american-26cm?variant=Amarillo";"https://cdnx.jumpseller.com/friendly-grow/image/75851220/YD312-C_20_2820_29.jpg?1776370701";"https://cdnx.jumpseller.com/fumetas-store/image/72093618/STRAIGHT-TUBE-AMERICAN-YELLOW.jpg?1768942345"
136;0.7352;1;87637;"Pipa de Pyrex Cookies Spoon - Premium Borosilicate Glass - Diseño 6";6290;"Pipas";"cookies";"";"";fumetas;37309;"Vaporizador Series X1 Omura - Verde Medianoche";193990;"Vaporizadores herbales";"";"OMRA-VSXMG";"";30.84;0;0;0;0;1;"https://www.friendlygrow.cl/pipa-de-vidrio-cookies-spoon-premium-borosilicate-glass?variant=Dise%C3%B1o%206";"https://fumetas.cl/vaporizador-series-x-omura?variant=Verde%20Medianoche";"https://cdnx.jumpseller.com/friendly-grow/image/75851219/YD312-C_20_2818_29.jpg?1776370701";"https://cdnx.jumpseller.com/fumetas-store/image/48758711/Omura-X1-Midnight-Green-Vaporizador-Herbal.jpg?1715631424"
136;0.7118;11;87629;"Pipa de Pyrex Cookies Spoon - Premium Borosilicate Glass - Pink";6290;"Pipas";"cookies";"";"";astrogrowshop;32775;"K30 -Bonglab - Verde azulado";61990;"Otros parafernalia";"bonglab";"BGBLK30TEAL";"";9.86;0;0;0;0;1;"https://www.friendlygrow.cl/pipa-de-vidrio-cookies-spoon-premium-borosilicate-glass?variant=Pink";"https://astrogrowshop.cl/k30-bonglab?variant=Verde%20azulado";"https://cdnx.jumpseller.com/friendly-grow/image/75851210/YD312-C_20_286_29.jpg?1776370701";"https://cdnx.jumpseller.com/astrogrowshop/image/74869336/imagen_1_26366.webp?1778783777"
136;0.7118;11;87639;"Pipa de Pyrex Cookies Spoon - Premium Borosilicate Glass - Diseño 8";6290;"Pipas";"cookies";"";"";astrogrowshop;32775;"K30 -Bonglab - Verde azulado";61990;"Otros parafernalia";"bonglab";"BGBLK30TEAL";"";9.86;0;0;0;0;1;"https://www.friendlygrow.cl/pipa-de-vidrio-cookies-spoon-premium-borosilicate-glass?variant=Dise%C3%B1o%208";"https://astrogrowshop.cl/k30-bonglab?variant=Verde%20azulado";"https://cdnx.jumpseller.com/friendly-grow/image/75851210/YD312-C_20_286_29.jpg?1776370701";"https://cdnx.jumpseller.com/astrogrowshop/image/74869336/imagen_1_26366.webp?1778783777"
136;0.711;1;87631;"Pipa de Pyrex Cookies Spoon - Premium Borosilicate Glass - Brown";6290;"Pipas";"cookies";"";"";astrogrowshop;31041;"Moledor Aluminio 4 Partes 50MM Bt - Dorado";9990;"Moledores";"";"ASTROMAPBG013";"";1.59;0;0;0;0;1;"https://www.friendlygrow.cl/pipa-de-vidrio-cookies-spoon-premium-borosilicate-glass?variant=Brown";"https://astrogrowshop.cl/moledor-aluminio-4-partes-50mm-bt?variant=Dorado";"https://cdnx.jumpseller.com/friendly-grow/image/75851212/YD312-C_20_287_29.jpg?1776370701";"https://cdnx.jumpseller.com/astrogrowshop/image/74868947/imagen_1_28235.webp?1773937618"
137;0.8268;1;87676;"Bong de Pyrex Beaker Clásico – Bong de Pyrex con Downstem 20cms";34900;"Bongs";"";"";"";kushbreak;69196;"Azteca bong";44990;"Bongs";"";"";"";1.29;1;0;0;0.2;1;"https://www.friendlygrow.cl/bong-de-vidrio-beaker-clasico-bong-de-pyrex";"https://www.kushbreak.cl/azteca-bong-natural-glass-vidrio";"https://cdnx.jumpseller.com/friendly-grow/image/74781911/SP50-2.jpg?1773756948";"https://cdnx.jumpseller.com/kushbreak-growshop/image/17259716/Azteca_bong_vidrio_pyrex_natural_glass_atrapa_hielo_cannabis_chile.png?1679515262"
137;0.8055;10;88833;"Vaporizador Extracciones E-rig Yocan Phaser Max - Negro";249990;"Accesorios de extraccion";"yocan";"";"";fumetas;19378;"Cepillo Con Compartimiento Secreto - OZeta Home";9990;"Otros parafernalia";"ozeta";"OZTA-HCEP";"";25.02;0;0;0;0;1;"https://www.friendlygrow.cl/yocan-phaser-max?variant=Negro";"https://fumetas.cl/cepillo-con-compartimiento-secreto-ozeta-home";"https://cdnx.jumpseller.com/friendly-grow/image/73165136/YXK-191C1_E9_BB_91.png?1774537189";"https://cdnx.jumpseller.com/fumetas-store/image/62975583/cepillo-depelo-ozeta-home-2.webp?1745813247"
137;0.7783;3;88583;"Dabber Spoon de Precisión Black Cobra - Diseño Corona - Azul";3990;"Vaporizadores herbales";"";"";"";growbarato;155;"Difusor Pyrex Glass 14 mm para bong- GB The Green Brand";5500;"Repuestos para bongs y vaporizadores";"gb-the-green-brand";"";"";1.38;0;0;0;0.06;1;"https://www.friendlygrow.cl/mini-cuchara-de-precision-black-cobra-diseno-corona?variant=Azul";"https://www.growbaratochile.cl/articulos-para-el-fumador/difusor-pyrex-glass-14-mm.html";"https://cdnx.jumpseller.com/friendly-grow/image/75772396/AC885-BC_20_2810_29.jpg?1776127645";"https://www.growbaratochile.cl/4871-large_default/difusor-pyrex-glass-14-mm.jpg"
137;0.7694;8;87636;"Pipa de Pyrex Cookies Spoon - Premium Borosilicate Glass - Diseño 5";6290;"Pipas";"cookies";"";"";fumetas;34549;"Calvo Glass Bong Straight Tube American 26cm - Amarillo";34990;"Bongs";"calvo";"CG-24620Y";"";5.56;0;0;0;0;1;"https://www.friendlygrow.cl/pipa-de-vidrio-cookies-spoon-premium-borosilicate-glass?variant=Dise%C3%B1o%205";"https://fumetas.cl/calvo-glass-bong-straight-tube-american-26cm?variant=Amarillo";"https://cdnx.jumpseller.com/friendly-grow/image/75851218/YD312-C_20_2819_29.jpg?1776370701";"https://cdnx.jumpseller.com/fumetas-store/image/72093618/STRAIGHT-TUBE-AMERICAN-YELLOW.jpg?1768942345"
137;0.7009;1;87524;"Moledor aluminio 3 pisos 51mm Colores - Rojo";6990;"Moledores";"";"";"";fumetas;3839;"Moledor Calvo Cerámico 60mm";29990;"Moledores";"calvo";"CG-MOCMO";"";4.29;1;0;0;0;1;"https://www.friendlygrow.cl/grinder-metalico-4-piezas-aluminio-filtro-polen?variant=Rojo";"https://fumetas.cl/moledor-calvo-ceramico-60mm";"https://cdnx.jumpseller.com/friendly-grow/image/78767573/6.jpg?1783983552";"https://cdnx.jumpseller.com/fumetas-store/image/59887982/Moledor-ceramico-Calvo-Glass-63mm-Morado.webp?1749522941"
137;0.7009;1;87524;"Moledor aluminio 3 pisos 51mm Colores - Rojo";6990;"Moledores";"";"";"";fumetas;33687;"Moledor Calvo Cerámico 60mm - Morado";29990;"Moledores";"calvo";"CG-MOCMO";"";4.29;1;0;0;0;1;"https://www.friendlygrow.cl/grinder-metalico-4-piezas-aluminio-filtro-polen?variant=Rojo";"https://fumetas.cl/moledor-calvo-ceramico-60mm?variant=Morado";"https://cdnx.jumpseller.com/friendly-grow/image/78767573/6.jpg?1783983552";"https://cdnx.jumpseller.com/fumetas-store/image/59887982/Moledor-ceramico-Calvo-Glass-63mm-Morado.webp?1749522941"
137;0.6576;16;87477;"Moledor Unico Conejo XL 17cm - 4 Pisos - Morado";7500;"Moledores";"";"";"";fumetas;34441;"Calvo Glass Pipa Screen 10 cm - Naranjo";14990;"Pipas";"calvo";"CG-ESH23259O";"";2;0;0;0;0.08;1;"https://www.friendlygrow.cl/grinder-chrome-rabbit-xl?variant=Morado";"https://fumetas.cl/calvo-glass-pipa-con-rejilla-integrada-10-cm?variant=Naranjo";"https://cdnx.jumpseller.com/friendly-grow/image/75850223/PHBGZ-043_20_286_29.jpg?1778215290";"https://cdnx.jumpseller.com/fumetas-store/image/72083983/SCREEN-PIPE-CALVO-GLASS-NARANJO-1.jpg?1769628634"
137;0.6174;23;87476;"Moledor Unico Conejo XL 17cm - 4 Pisos - Azul";7500;"Moledores";"";"";"";fumetas;34951;"Bonglab Bong Fresh K30 42cm - Morado";64990;"Bongs";"bonglab";"BLAB-K30P";"";8.67;0;0;0;0.08;1;"https://www.friendlygrow.cl/grinder-chrome-rabbit-xl?variant=Azul";"https://fumetas.cl/bonglab-bong-k30-black-42cm?variant=Morado";"https://cdnx.jumpseller.com/friendly-grow/image/75850226/PHBGZ-043_20_289_29.jpg?1778215290";"https://cdnx.jumpseller.com/fumetas-store/image/25758149/Bong-K30-Purple.jpg?1729048665"
137;0.6121;21;87478;"Moledor Unico Conejo XL 17cm - 4 Pisos - Amarillo";7500;"Moledores";"";"";"";astrogrowshop;12614;"K30 -Bonglab";61990;"Otros parafernalia";"bonglab";"BGBLK30BLACK";"";8.27;0;0;0;0;1;"https://www.friendlygrow.cl/grinder-chrome-rabbit-xl?variant=Amarillo";"https://astrogrowshop.cl/k30-bonglab";"https://cdnx.jumpseller.com/friendly-grow/image/75850222/PHBGZ-043_20_284_29.jpg?1778215290";"https://cdnx.jumpseller.com/astrogrowshop/image/74869333/imagen_1_26365.webp?1778783777"
137;0.6121;18;87478;"Moledor Unico Conejo XL 17cm - 4 Pisos - Amarillo";7500;"Moledores";"";"";"";astrogrowshop;32774;"K30 -Bonglab - Morado";61990;"Otros parafernalia";"bonglab";"BGBLK30PURPLE";"";8.27;0;0;0;0.08;1;"https://www.friendlygrow.cl/grinder-chrome-rabbit-xl?variant=Amarillo";"https://astrogrowshop.cl/k30-bonglab?variant=Morado";"https://cdnx.jumpseller.com/friendly-grow/image/75850222/PHBGZ-043_20_284_29.jpg?1778215290";"https://cdnx.jumpseller.com/astrogrowshop/image/74869333/imagen_1_26365.webp?1778783777"
137;0.4323;8;87666;"Papelillos Honeypuff Tamaño 1 1/4 ( Pink, Thin, Organico, Brown ) - Or";490;"Papelillos";"honeypuff";"";"";growbarato;71057;"Deshumidificador Cornwall Electronics 12L/Día";239400;"Otros parafernalia";"";"";"";488.57;0;0;0;0;1;"https://www.friendlygrow.cl/papelillos-honeypuff-ultra-thin-black-tamano-1-14?variant=Organic%20Hemp";"https://www.growbaratochile.cl/humedad-y-temperatura/deshumidificador-cornwall-electronics-12ldia.html";"https://cdnx.jumpseller.com/friendly-grow/image/75777638/ARTP1181_20_2812_29.jpg?1778214181";"https://www.growbaratochile.cl/6311-large_default/deshumidificador-cornwall-electronics-12ldia.jpg"
138;0.7693;3;88586;"Dabber Spoon de Precisión Black Cobra - Diseño Corona - Negra";3990;"Vaporizadores herbales";"";"";"";growbarato;155;"Difusor Pyrex Glass 14 mm para bong- GB The Green Brand";5500;"Repuestos para bongs y vaporizadores";"gb-the-green-brand";"";"";1.38;0;0;0;0.06;1;"https://www.friendlygrow.cl/mini-cuchara-de-precision-black-cobra-diseno-corona?variant=Negra";"https://www.growbaratochile.cl/articulos-para-el-fumador/difusor-pyrex-glass-14-mm.html";"https://cdnx.jumpseller.com/friendly-grow/image/75772397/AC885-BC_20_286_29.jpg?1776127645";"https://www.growbaratochile.cl/4871-large_default/difusor-pyrex-glass-14-mm.jpg"
138;0.7561;8;87635;"Pipa de Pyrex Cookies Spoon - Premium Borosilicate Glass - Diseño 4";6290;"Pipas";"cookies";"";"";fumetas;34549;"Calvo Glass Bong Straight Tube American 26cm - Amarillo";34990;"Bongs";"calvo";"CG-24620Y";"";5.56;0;0;0;0;1;"https://www.friendlygrow.cl/pipa-de-vidrio-cookies-spoon-premium-borosilicate-glass?variant=Dise%C3%B1o%204";"https://fumetas.cl/calvo-glass-bong-straight-tube-american-26cm?variant=Amarillo";"https://cdnx.jumpseller.com/friendly-grow/image/75851217/YD312-C_20_2817_29.jpg?1776370701";"https://cdnx.jumpseller.com/fumetas-store/image/72093618/STRAIGHT-TUBE-AMERICAN-YELLOW.jpg?1768942345"
138;0.7427;16;87632;"Pipa de Pyrex Cookies Spoon - Premium Borosilicate Glass - Diseño 1";6290;"Pipas";"cookies";"";"";fumetas;34441;"Calvo Glass Pipa Screen 10 cm - Naranjo";14990;"Pipas";"calvo";"CG-ESH23259O";"";2.38;1;0;0;0;1;"https://www.friendlygrow.cl/pipa-de-vidrio-cookies-spoon-premium-borosilicate-glass?variant=Dise%C3%B1o%201";"https://fumetas.cl/calvo-glass-pipa-con-rejilla-integrada-10-cm?variant=Naranjo";"https://cdnx.jumpseller.com/friendly-grow/image/75851213/YD312-C_20_2815_29.jpg?1776370701";"https://cdnx.jumpseller.com/fumetas-store/image/72083983/SCREEN-PIPE-CALVO-GLASS-NARANJO-1.jpg?1769628634"
138;0.7399;16;87629;"Pipa de Pyrex Cookies Spoon - Premium Borosilicate Glass - Pink";6290;"Pipas";"cookies";"";"";fumetas;34441;"Calvo Glass Pipa Screen 10 cm - Naranjo";14990;"Pipas";"calvo";"CG-ESH23259O";"";2.38;1;0;0;0;1;"https://www.friendlygrow.cl/pipa-de-vidrio-cookies-spoon-premium-borosilicate-glass?variant=Pink";"https://fumetas.cl/calvo-glass-pipa-con-rejilla-integrada-10-cm?variant=Naranjo";"https://cdnx.jumpseller.com/friendly-grow/image/75851210/YD312-C_20_286_29.jpg?1776370701";"https://cdnx.jumpseller.com/fumetas-store/image/72083983/SCREEN-PIPE-CALVO-GLASS-NARANJO-1.jpg?1769628634"
138;0.7399;16;87639;"Pipa de Pyrex Cookies Spoon - Premium Borosilicate Glass - Diseño 8";6290;"Pipas";"cookies";"";"";fumetas;34441;"Calvo Glass Pipa Screen 10 cm - Naranjo";14990;"Pipas";"calvo";"CG-ESH23259O";"";2.38;1;0;0;0;1;"https://www.friendlygrow.cl/pipa-de-vidrio-cookies-spoon-premium-borosilicate-glass?variant=Dise%C3%B1o%208";"https://fumetas.cl/calvo-glass-pipa-con-rejilla-integrada-10-cm?variant=Naranjo";"https://cdnx.jumpseller.com/friendly-grow/image/75851210/YD312-C_20_286_29.jpg?1776370701";"https://cdnx.jumpseller.com/fumetas-store/image/72083983/SCREEN-PIPE-CALVO-GLASS-NARANJO-1.jpg?1769628634"
138;0.7299;16;87631;"Pipa de Pyrex Cookies Spoon - Premium Borosilicate Glass - Brown";6290;"Pipas";"cookies";"";"";fumetas;34950;"Bonglab Bong Fresh K30 42cm - Turquesa";64990;"Bongs";"bonglab";"BLAB-K30T";"";10.33;0;0;0;0;1;"https://www.friendlygrow.cl/pipa-de-vidrio-cookies-spoon-premium-borosilicate-glass?variant=Brown";"https://fumetas.cl/bonglab-bong-k30-black-42cm?variant=Turquesa";"https://cdnx.jumpseller.com/friendly-grow/image/75851212/YD312-C_20_287_29.jpg?1776370701";"https://cdnx.jumpseller.com/fumetas-store/image/25758148/Bong-K30-Teal.jpg?1729048665"
138;0.7286;3;87459;"Moledor Lightning Colors Metal 55mm - Verde";6990;"Moledores";"galaxy";"";"";fumetas;59845;"Calvo Lite Moledor Aluminio 50mm - Negro";10990;"Moledores";"calvo";"CG-MCL50-BK";"";1.57;1;0;0;0;1;"https://www.friendlygrow.cl/moledor-lightning-colors-metal-55mm?variant=Verde";"https://fumetas.cl/moledor-calvo-lite-aluminio-50mm?variant=Negro";"https://cdnx.jumpseller.com/friendly-grow/image/78767278/4.jpeg?1783986782";"https://cdnx.jumpseller.com/fumetas-store/image/78686295/Moledor-Calvo-Lite-50mm-Negro1.jpg?1784052297"
138;0.7158;16;87475;"Moledor Unico Conejo XL 17cm - 4 Pisos - Plateado";7500;"Moledores";"";"";"";fumetas;34950;"Bonglab Bong Fresh K30 42cm - Turquesa";64990;"Bongs";"bonglab";"BLAB-K30T";"";8.67;0;0;0;0.08;1;"https://www.friendlygrow.cl/grinder-chrome-rabbit-xl?variant=Plateado";"https://fumetas.cl/bonglab-bong-k30-black-42cm?variant=Turquesa";"https://cdnx.jumpseller.com/friendly-grow/image/75850227/PHBGZ-043_20_287_29.jpg?1778215290";"https://cdnx.jumpseller.com/fumetas-store/image/25758148/Bong-K30-Teal.jpg?1729048665"
138;0.7124;3;88588;"Dabber Spoon de Precisión Black Cobra - Diseño Corona - Roja";3990;"Vaporizadores herbales";"";"";"";growbarato;155;"Difusor Pyrex Glass 14 mm para bong- GB The Green Brand";5500;"Repuestos para bongs y vaporizadores";"gb-the-green-brand";"";"";1.38;0;0;0;0.06;1;"https://www.friendlygrow.cl/mini-cuchara-de-precision-black-cobra-diseno-corona?variant=Roja";"https://www.growbaratochile.cl/articulos-para-el-fumador/difusor-pyrex-glass-14-mm.html";"https://cdnx.jumpseller.com/friendly-grow/image/75772393/AC885-BC_20_2812_29.jpg?1776127645";"https://www.growbaratochile.cl/4871-large_default/difusor-pyrex-glass-14-mm.jpg"
138;0.6975;10;88584;"Dabber Spoon de Precisión Black Cobra - Diseño Corona - Amarilla";3990;"Vaporizadores herbales";"";"";"";fumetas;19378;"Cepillo Con Compartimiento Secreto - OZeta Home";9990;"Otros parafernalia";"ozeta";"OZTA-HCEP";"";2.5;0;0;0;0;1;"https://www.friendlygrow.cl/mini-cuchara-de-precision-black-cobra-diseno-corona?variant=Amarilla";"https://fumetas.cl/cepillo-con-compartimiento-secreto-ozeta-home";"https://cdnx.jumpseller.com/friendly-grow/image/75772395/AC885-BC_20_289_29.jpg?1776127645";"https://cdnx.jumpseller.com/fumetas-store/image/62975583/cepillo-depelo-ozeta-home-2.webp?1745813247"
138;0.6939;11;87475;"Moledor Unico Conejo XL 17cm - 4 Pisos - Plateado";7500;"Moledores";"";"";"";astrogrowshop;32775;"K30 -Bonglab - Verde azulado";61990;"Otros parafernalia";"bonglab";"BGBLK30TEAL";"";8.27;0;0;0;0.08;1;"https://www.friendlygrow.cl/grinder-chrome-rabbit-xl?variant=Plateado";"https://astrogrowshop.cl/k30-bonglab?variant=Verde%20azulado";"https://cdnx.jumpseller.com/friendly-grow/image/75850227/PHBGZ-043_20_287_29.jpg?1778215290";"https://cdnx.jumpseller.com/astrogrowshop/image/74869336/imagen_1_26366.webp?1778783777"
138;0.6929;16;87479;"Moledor Unico Conejo XL 17cm - 4 Pisos - Cobre";7500;"Moledores";"";"";"";fumetas;34950;"Bonglab Bong Fresh K30 42cm - Turquesa";64990;"Bongs";"bonglab";"BLAB-K30T";"";8.67;0;0;0;0.08;1;"https://www.friendlygrow.cl/grinder-chrome-rabbit-xl?variant=Cobre";"https://fumetas.cl/bonglab-bong-k30-black-42cm?variant=Turquesa";"https://cdnx.jumpseller.com/friendly-grow/image/75850221/PHBGZ-043_20_285_29.jpg?1778215290";"https://cdnx.jumpseller.com/fumetas-store/image/25758148/Bong-K30-Teal.jpg?1729048665"
138;0.6796;11;87479;"Moledor Unico Conejo XL 17cm - 4 Pisos - Cobre";7500;"Moledores";"";"";"";astrogrowshop;32775;"K30 -Bonglab - Verde azulado";61990;"Otros parafernalia";"bonglab";"BGBLK30TEAL";"";8.27;0;0;0;0.08;1;"https://www.friendlygrow.cl/grinder-chrome-rabbit-xl?variant=Cobre";"https://astrogrowshop.cl/k30-bonglab?variant=Verde%20azulado";"https://cdnx.jumpseller.com/friendly-grow/image/75850221/PHBGZ-043_20_285_29.jpg?1778215290";"https://cdnx.jumpseller.com/astrogrowshop/image/74869336/imagen_1_26366.webp?1778783777"
138;0.6702;23;87480;"Moledor Unico Oso 14cm - 4 Pisos- - Verde";7990;"Moledores";"";"";"";fumetas;34951;"Bonglab Bong Fresh K30 42cm - Morado";64990;"Bongs";"bonglab";"BLAB-K30P";"";8.13;0;0;0;0;1;"https://www.friendlygrow.cl/moledor-unico-oso-cromado?variant=Verde";"https://fumetas.cl/bonglab-bong-k30-black-42cm?variant=Morado";"https://cdnx.jumpseller.com/friendly-grow/image/76691973/PHBGZ-044_20_284_29.jpg?1778936629";"https://cdnx.jumpseller.com/fumetas-store/image/25758149/Bong-K30-Purple.jpg?1729048665"
138;0.6117;23;87477;"Moledor Unico Conejo XL 17cm - 4 Pisos - Morado";7500;"Moledores";"";"";"";fumetas;34951;"Bonglab Bong Fresh K30 42cm - Morado";64990;"Bongs";"bonglab";"BLAB-K30P";"";8.67;0;0;0;0.16;1;"https://www.friendlygrow.cl/grinder-chrome-rabbit-xl?variant=Morado";"https://fumetas.cl/bonglab-bong-k30-black-42cm?variant=Morado";"https://cdnx.jumpseller.com/friendly-grow/image/75850223/PHBGZ-043_20_286_29.jpg?1778215290";"https://cdnx.jumpseller.com/fumetas-store/image/25758149/Bong-K30-Purple.jpg?1729048665"
138;0.5959;4;87980;"10 X Vaporizador Airis Vertex 2.0 Para Cartridges. - Plateado";59990;"Otros parafernalia";"airistech";"MLC2677935526";"";growbarato;11554;"Dabber Espátula Lecron Acero Inoxidable | Herramienta para BHO y Dabbi";3300;"Accesorios de extraccion";"";"";"";18.18;0;0;0;0;1;"https://www.friendlygrow.cl/promo-10-x-vaporizador-airis-vertex-20-para-cartridges?variant=Plateado";"https://www.growbaratochile.cl/extracciones-rosin/dabber-espatula-lecron.html";"https://cdnx.jumpseller.com/friendly-grow/image/70293133/airis_20350mAh_20V2.0_20Battery_20_282_29.jpg?1781578046";"https://www.growbaratochile.cl/9409-large_default/dabber-espatula-lecron.jpg"
138;0.5174;1;88842;"Cono Pre-rolado Honeypuff Rose Petal con Boquilla ( Pack x 2) - Fresa";1990;"Filtros y boquillas";"honeypuff";"";"";fumetas;1211;"Pulsar Moledor Contenedor de Aluminio 50 mm";33990;"Moledores";"pulsar";"PLSR-MCA50MMG";"810008096383";17.08;0;0;0;0;1;"https://www.friendlygrow.cl/cono-pre-rolado-honeypuff-rose-petal?variant=Fresa";"https://fumetas.cl/pulsar-moledor-y-contenedor-de-aluminio-50-mm";"https://cdnx.jumpseller.com/friendly-grow/image/75773205/ARTP1312_20_2818_29.jpg?1778214601";"https://cdnx.jumpseller.com/fumetas-store/image/63005943/Moledor-contenedor-aluminio-Pulsar-Gris.webp?1745942590"
139;0.7599;10;88586;"Dabber Spoon de Precisión Black Cobra - Diseño Corona - Negra";3990;"Vaporizadores herbales";"";"";"";fumetas;19378;"Cepillo Con Compartimiento Secreto - OZeta Home";9990;"Otros parafernalia";"ozeta";"OZTA-HCEP";"";2.5;0;0;0;0;1;"https://www.friendlygrow.cl/mini-cuchara-de-precision-black-cobra-diseno-corona?variant=Negra";"https://fumetas.cl/cepillo-con-compartimiento-secreto-ozeta-home";"https://cdnx.jumpseller.com/friendly-grow/image/75772397/AC885-BC_20_286_29.jpg?1776127645";"https://cdnx.jumpseller.com/fumetas-store/image/62975583/cepillo-depelo-ozeta-home-2.webp?1745813247"
139;0.7195;1;87633;"Pipa de Pyrex Cookies Spoon - Premium Borosilicate Glass - Diseño 2";6290;"Pipas";"cookies";"";"";fumetas;34547;"Calvo Glass Bong Straight Tube American 26cm - Naranjo";34990;"Bongs";"calvo";"CG-24620OR";"";5.56;0;0;0;0;1;"https://www.friendlygrow.cl/pipa-de-vidrio-cookies-spoon-premium-borosilicate-glass?variant=Dise%C3%B1o%202";"https://fumetas.cl/calvo-glass-bong-straight-tube-american-26cm?variant=Naranjo";"https://cdnx.jumpseller.com/friendly-grow/image/75851215/YD312-C_20_2816_29.jpg?1776370701";"https://cdnx.jumpseller.com/fumetas-store/image/72093613/STRAIGHT-TUBE-AMERICAN-ORANGE.jpg?1768942345"
139;0.7176;4;87629;"Pipa de Pyrex Cookies Spoon - Premium Borosilicate Glass - Pink";6290;"Pipas";"cookies";"";"";fumetas;650;"PMG Bong Kali Go 23cm";20153;"Bongs";"piecemaker";"PMG-KALIGONV";"0850038367749";3.2;0;0;0;0;1;"https://www.friendlygrow.cl/pipa-de-vidrio-cookies-spoon-premium-borosilicate-glass?variant=Pink";"https://fumetas.cl/pmg-kali-go";"https://cdnx.jumpseller.com/friendly-grow/image/75851210/YD312-C_20_286_29.jpg?1776370701";"https://cdnx.jumpseller.com/fumetas-store/image/37769173/Bong-Kali-Go-Marineros.webp?1743610672"
139;0.7176;4;87639;"Pipa de Pyrex Cookies Spoon - Premium Borosilicate Glass - Diseño 8";6290;"Pipas";"cookies";"";"";fumetas;650;"PMG Bong Kali Go 23cm";20153;"Bongs";"piecemaker";"PMG-KALIGONV";"0850038367749";3.2;0;0;0;0;1;"https://www.friendlygrow.cl/pipa-de-vidrio-cookies-spoon-premium-borosilicate-glass?variant=Dise%C3%B1o%208";"https://fumetas.cl/pmg-kali-go";"https://cdnx.jumpseller.com/friendly-grow/image/75851210/YD312-C_20_286_29.jpg?1776370701";"https://cdnx.jumpseller.com/fumetas-store/image/37769173/Bong-Kali-Go-Marineros.webp?1743610672"
139;0.6994;7;87973;"10 X Vaporizador Airis Vertex 2.0 Para Cartridges. - Negro";59990;"Otros parafernalia";"airistech";"MLC2677935526";"";astrogrowshop;18202;"NEW HOT KNIFE-PUFFCO";89990;"Accesorios de extraccion";"pulsar";"VPPFNHOTKNONX";"";1.5;0;0;0;0;1;"https://www.friendlygrow.cl/promo-10-x-vaporizador-airis-vertex-20-para-cartridges?variant=Negro";"https://astrogrowshop.cl/new-hot-knife-puffco";"https://cdnx.jumpseller.com/friendly-grow/image/70293130/airis_20350mAh_20V2.0_20Battery_20_2810_29.jpg?1781578046";"https://cdnx.jumpseller.com/astrogrowshop/image/74796799/VPPFNHOTKNONX_202.webp?1773773905"
139;0.6756;1;87459;"Moledor Lightning Colors Metal 55mm - Verde";6990;"Moledores";"galaxy";"";"";fumetas;59853;"Calvo Lite Moledor Aluminio 50mm - Rosado";10990;"Moledores";"calvo";"CG-MCL50-P";"";1.57;1;0;0;0;1;"https://www.friendlygrow.cl/moledor-lightning-colors-metal-55mm?variant=Verde";"https://fumetas.cl/moledor-calvo-lite-aluminio-50mm?variant=Rosado";"https://cdnx.jumpseller.com/friendly-grow/image/78767278/4.jpeg?1783986782";"https://cdnx.jumpseller.com/fumetas-store/image/78686302/Moledor-Calvo-Lite-50mm-Pink.jpg?1784052297"
139;0.6316;3;87568;"Downstem de Pyrex Difusor 10cm / 12cm / 13.5cm – Repuesto para Bong 14";3900;"Repuestos para bongs y vaporizadores";"";"";"";fumetas;89;"Encendedor Clipper Space Area 1";990;"Encendedores y sopletes";"clipper";"CLIPP-SPAREA1";"8412765508905";3.94;0;0;0;0;1;"https://www.friendlygrow.cl/downstem-de-vidrio-difusor-10cm-12cm-135cm-repuesto-para-bong-14mm18mm?variant=12cms";"https://fumetas.cl/encendedor-clipper-space-area-1";"https://cdnx.jumpseller.com/friendly-grow/image/74781877/SA53_20_282_29.jpg?1773756851";"https://cdnx.jumpseller.com/fumetas-store/image/76561760/Area1.jpg?1778618596"
139;0.6316;3;87569;"Downstem de Pyrex Difusor 10cm / 12cm / 13.5cm – Repuesto para Bong 14";3900;"Repuestos para bongs y vaporizadores";"";"";"";fumetas;89;"Encendedor Clipper Space Area 1";990;"Encendedores y sopletes";"clipper";"CLIPP-SPAREA1";"8412765508905";3.94;0;0;0;0;1;"https://www.friendlygrow.cl/downstem-de-vidrio-difusor-10cm-12cm-135cm-repuesto-para-bong-14mm18mm?variant=13.5cms";"https://fumetas.cl/encendedor-clipper-space-area-1";"https://cdnx.jumpseller.com/friendly-grow/image/74781877/SA53_20_282_29.jpg?1773756851";"https://cdnx.jumpseller.com/fumetas-store/image/76561760/Area1.jpg?1778618596"
139;0.6316;3;87567;"Downstem de Pyrex Difusor 10cm / 12cm / 13.5cm – Repuesto para Bong 14";3900;"Repuestos para bongs y vaporizadores";"";"";"";fumetas;89;"Encendedor Clipper Space Area 1";990;"Encendedores y sopletes";"clipper";"CLIPP-SPAREA1";"8412765508905";3.94;0;0;0;0;1;"https://www.friendlygrow.cl/downstem-de-vidrio-difusor-10cm-12cm-135cm-repuesto-para-bong-14mm18mm?variant=10cms";"https://fumetas.cl/encendedor-clipper-space-area-1";"https://cdnx.jumpseller.com/friendly-grow/image/74781877/SA53_20_282_29.jpg?1773756851";"https://cdnx.jumpseller.com/fumetas-store/image/76561760/Area1.jpg?1778618596"
139;0.6172;23;88922;"Cono Pre-enrolado Honeypuff de Petalos Rosa y Boquilla Pyrex - Arandan";1990;"Filtros y boquillas";"honeypuff";"";"";fumetas;34951;"Bonglab Bong Fresh K30 42cm - Morado";64990;"Bongs";"bonglab";"BLAB-K30P";"";32.66;0;0;0;0;1;"https://www.friendlygrow.cl/cono-pre-rolado-honeypuff-rose?variant=Arandano";"https://fumetas.cl/bonglab-bong-k30-black-42cm?variant=Morado";"https://cdnx.jumpseller.com/friendly-grow/image/75771862/ARTP1311_20_284_29.jpg?1782698548";"https://cdnx.jumpseller.com/fumetas-store/image/25758149/Bong-K30-Purple.jpg?1729048665"
139;0.6172;23;88919;"Cono Pre-enrolado Honeypuff de Petalos Rosa y Boquilla Pyrex - Uva";1990;"Filtros y boquillas";"honeypuff";"";"";fumetas;34951;"Bonglab Bong Fresh K30 42cm - Morado";64990;"Bongs";"bonglab";"BLAB-K30P";"";32.66;0;0;0;0;1;"https://www.friendlygrow.cl/cono-pre-rolado-honeypuff-rose?variant=Uva";"https://fumetas.cl/bonglab-bong-k30-black-42cm?variant=Morado";"https://cdnx.jumpseller.com/friendly-grow/image/75771862/ARTP1311_20_284_29.jpg?1782698548";"https://cdnx.jumpseller.com/fumetas-store/image/25758149/Bong-K30-Purple.jpg?1729048665"
139;0.6086;5;87847;"Pipa de Silicona Cartoon con Bowl de Pyrex - Azul";3900;"Repuestos para bongs y vaporizadores";"";"";"";piranha;11147;"Moledor Acrílico Lion Rolling Circus 6cm 3 partes | PIRANHA";3990;"Moledores";"lion-rolling-circus";"72995417506062";"";1.02;0;0;0;0.06;1;"https://www.friendlygrow.cl/pipa-de-silicona-cartoon-con-bowl-de-vidrio?variant=Azul";"https://piranha.cl/inicio/7798/moledor-acrilico-lion-rolling-circus-6cm-3-partes.html";"https://cdnx.jumpseller.com/friendly-grow/image/74447331/6.jpg?1773155800";"https://piranha.cl/20036-thickbox_default/moledor-acrilico-lion-rolling-circus-6cm-3-partes.jpg"
139;0.6086;5;87849;"Pipa de Silicona Cartoon con Bowl de Pyrex - Negro";3900;"Repuestos para bongs y vaporizadores";"";"";"";piranha;11147;"Moledor Acrílico Lion Rolling Circus 6cm 3 partes | PIRANHA";3990;"Moledores";"lion-rolling-circus";"72995417506062";"";1.02;0;0;0;0.06;1;"https://www.friendlygrow.cl/pipa-de-silicona-cartoon-con-bowl-de-vidrio?variant=Negro";"https://piranha.cl/inicio/7798/moledor-acrilico-lion-rolling-circus-6cm-3-partes.html";"https://cdnx.jumpseller.com/friendly-grow/image/74447331/6.jpg?1773155800";"https://piranha.cl/20036-thickbox_default/moledor-acrilico-lion-rolling-circus-6cm-3-partes.jpg"
139;0.6086;5;87855;"Pipa de Silicona Cartoon con Bowl de Pyrex - Rojo";3900;"Repuestos para bongs y vaporizadores";"";"";"";piranha;11147;"Moledor Acrílico Lion Rolling Circus 6cm 3 partes | PIRANHA";3990;"Moledores";"lion-rolling-circus";"72995417506062";"";1.02;0;0;0;0.06;1;"https://www.friendlygrow.cl/pipa-de-silicona-cartoon-con-bowl-de-vidrio?variant=Rojo";"https://piranha.cl/inicio/7798/moledor-acrilico-lion-rolling-circus-6cm-3-partes.html";"https://cdnx.jumpseller.com/friendly-grow/image/74447331/6.jpg?1773155800";"https://piranha.cl/20036-thickbox_default/moledor-acrilico-lion-rolling-circus-6cm-3-partes.jpg"
139;0.6086;5;87851;"Pipa de Silicona Cartoon con Bowl de Pyrex - Morado";3900;"Repuestos para bongs y vaporizadores";"";"";"";piranha;11147;"Moledor Acrílico Lion Rolling Circus 6cm 3 partes | PIRANHA";3990;"Moledores";"lion-rolling-circus";"72995417506062";"";1.02;0;0;0;0.06;1;"https://www.friendlygrow.cl/pipa-de-silicona-cartoon-con-bowl-de-vidrio?variant=Morado";"https://piranha.cl/inicio/7798/moledor-acrilico-lion-rolling-circus-6cm-3-partes.html";"https://cdnx.jumpseller.com/friendly-grow/image/74447331/6.jpg?1773155800";"https://piranha.cl/20036-thickbox_default/moledor-acrilico-lion-rolling-circus-6cm-3-partes.jpg"
139;0.6086;5;87853;"Pipa de Silicona Cartoon con Bowl de Pyrex - Verde";3900;"Repuestos para bongs y vaporizadores";"";"";"";piranha;11147;"Moledor Acrílico Lion Rolling Circus 6cm 3 partes | PIRANHA";3990;"Moledores";"lion-rolling-circus";"72995417506062";"";1.02;0;0;0;0.06;1;"https://www.friendlygrow.cl/pipa-de-silicona-cartoon-con-bowl-de-vidrio?variant=Verde";"https://piranha.cl/inicio/7798/moledor-acrilico-lion-rolling-circus-6cm-3-partes.html";"https://cdnx.jumpseller.com/friendly-grow/image/74447331/6.jpg?1773155800";"https://piranha.cl/20036-thickbox_default/moledor-acrilico-lion-rolling-circus-6cm-3-partes.jpg"
139;0.5998;16;88850;"Cono Pre-rolado Honeypuff Rose Petal con Boquilla ( Pack x 2) - Berry";1990;"Filtros y boquillas";"honeypuff";"";"";fumetas;34950;"Bonglab Bong Fresh K30 42cm - Turquesa";64990;"Bongs";"bonglab";"BLAB-K30T";"";32.66;0;0;0;0;1;"https://www.friendlygrow.cl/cono-pre-rolado-honeypuff-rose-petal?variant=Berry";"https://fumetas.cl/bonglab-bong-k30-black-42cm?variant=Turquesa";"https://cdnx.jumpseller.com/friendly-grow/image/75773203/ARTP1312_20_2824_29.jpg?1778214601";"https://cdnx.jumpseller.com/fumetas-store/image/25758148/Bong-K30-Teal.jpg?1729048665"
139;0.5923;11;88850;"Cono Pre-rolado Honeypuff Rose Petal con Boquilla ( Pack x 2) - Berry";1990;"Filtros y boquillas";"honeypuff";"";"";astrogrowshop;32775;"K30 -Bonglab - Verde azulado";61990;"Otros parafernalia";"bonglab";"BGBLK30TEAL";"";31.15;0;0;0;0;1;"https://www.friendlygrow.cl/cono-pre-rolado-honeypuff-rose-petal?variant=Berry";"https://astrogrowshop.cl/k30-bonglab?variant=Verde%20azulado";"https://cdnx.jumpseller.com/friendly-grow/image/75773203/ARTP1312_20_2824_29.jpg?1778214601";"https://cdnx.jumpseller.com/astrogrowshop/image/74869336/imagen_1_26366.webp?1778783777"
139;0.5613;4;88849;"Cono Pre-rolado Honeypuff Rose Petal con Boquilla ( Pack x 2) - Manzan";1990;"Filtros y boquillas";"honeypuff";"";"";fumetas;650;"PMG Bong Kali Go 23cm";20153;"Bongs";"piecemaker";"PMG-KALIGONV";"0850038367749";10.13;0;0;0;0;1;"https://www.friendlygrow.cl/cono-pre-rolado-honeypuff-rose-petal?variant=Manzana";"https://fumetas.cl/pmg-kali-go";"https://cdnx.jumpseller.com/friendly-grow/image/75773196/ARTP1312_20_2823_29.jpg?1778214601";"https://cdnx.jumpseller.com/fumetas-store/image/37769173/Bong-Kali-Go-Marineros.webp?1743610672"
140;0.8578;1;87706;"Bong de Pyrex Phoenix Star Ice Catcher – Bong Beaker de Pyrex 40cms - ";24990;"Bongs";"phoenix-star";"";"";fumetas;34737;"Calvo Glass Bong Beaker Premium 45cm - Verde";54990;"Bongs";"calvo";"CG-CL140GR";"";2.2;1;0;0;0;1;"https://www.friendlygrow.cl/bong-de-vidrio-phoenix-star-ice-catcher-bong-beaker-de-borosilicato?variant=Azul";"https://fumetas.cl/calvo-glass-bong-beaker-lite-45cm?variant=Verde";"https://cdnx.jumpseller.com/friendly-grow/image/78114032/ChatGPT_20Image_2023_20jun_202026_2C_2018_34_08_20_282_29.png?1782254507";"https://cdnx.jumpseller.com/fumetas-store/image/76549043/Calvo-Glass-Bong-Beaker-45cm-2.jpg?1779489063"
140;0.8055;4;87459;"Moledor Lightning Colors Metal 55mm - Verde";6990;"Moledores";"galaxy";"";"";fumetas;37161;"Contenedor Fumetas Stash Premium 9oz - Dorado";17143;"Contenedores y estuches";"";"FUM-CSTASHGD";"";2.45;0;0;0;0;1;"https://www.friendlygrow.cl/moledor-lightning-colors-metal-55mm?variant=Verde";"https://fumetas.cl/contenedor-fumetas-stash-premium?variant=Dorado";"https://cdnx.jumpseller.com/friendly-grow/image/78767278/4.jpeg?1783986782";"https://cdnx.jumpseller.com/fumetas-store/image/58283269/Contenedor-Stash-Premium-Gold-3.jpg?1738773137"
140;0.7167;1;87524;"Moledor aluminio 3 pisos 51mm Colores - Rojo";6990;"Moledores";"";"";"";fumetas;33688;"Moledor Calvo Cerámico 60mm - Rosado";29990;"Moledores";"calvo";"CG-MOCRO";"";4.29;1;0;0;0;1;"https://www.friendlygrow.cl/grinder-metalico-4-piezas-aluminio-filtro-polen?variant=Rojo";"https://fumetas.cl/moledor-calvo-ceramico-60mm?variant=Rosado";"https://cdnx.jumpseller.com/friendly-grow/image/78767573/6.jpg?1783983552";"https://cdnx.jumpseller.com/fumetas-store/image/59887994/Moledor-ceramico-Calvo-Glass-63mm-Rosado.webp?1749522941"
140;0.673;3;87971;"10 X Vaporizador Airis Vertex 2.0 Para Cartridges. - Blanco";59990;"Otros parafernalia";"airistech";"MLC2677935526";"";astrogrowshop;18091;"SABER DAB TOOL-FOCUS V";69990;"Vaporizadores herbales";"focus-v";"VPFVSBRFRT";"";1.17;0;0;0;0;1;"https://www.friendlygrow.cl/promo-10-x-vaporizador-airis-vertex-20-para-cartridges?variant=Blanco";"https://astrogrowshop.cl/saber-dab-tool-focus-v";"https://cdnx.jumpseller.com/friendly-grow/image/70293123/airis_20350mAh_20V2.0_20Battery_20_283_29.jpg?1781578046";"https://cdnx.jumpseller.com/astrogrowshop/image/72746442/VPFVSBRTEAL.webp?1770297532"
140;0.5355;9;87975;"10 X Vaporizador Airis Vertex 2.0 Para Cartridges. - Tornasol";59990;"Otros parafernalia";"airistech";"MLC2677935526";"";fumetas;19519;"Papelillos Gizeh Queen Size + Tips";1490;"Papelillos";"gizeh";"GIZ-QUEENTP";"42353256";40.26;0;0;0;0;1;"https://www.friendlygrow.cl/promo-10-x-vaporizador-airis-vertex-20-para-cartridges?variant=Tornasol";"https://fumetas.cl/papelillos-gizeh-queen-size-tips";"https://cdnx.jumpseller.com/friendly-grow/image/70293131/airis_20350mAh_20V2.0_20Battery_20_2811_29.jpg?1781578046";"https://cdnx.jumpseller.com/fumetas-store/image/63974552/gizeh-black-queen-size-papers-tips-1-fumetas-store.webp?1748654658"
141;0.9486;2;87490;"Banger de Cuarzo Fondo Plano 90° – Quartz para Dabs 14mm/18mm - 14mm";8900;"Accesorios de extraccion";"";"";"";kushbreak;69095;"Banger 14mm";12990;"Accesorios de extraccion";"";"";"";1.46;1;0;0;0.34;1;"https://www.friendlygrow.cl/banger-de-cuarzo-fondo-plano-90-clavo-quartz-para-dabs-14mm18mm?variant=14mm";"https://www.kushbreak.cl/banger-14mm-bong-rosin";"https://cdnx.jumpseller.com/friendly-grow/image/74781808/01.jpg?1773756703";"https://cdnx.jumpseller.com/kushbreak-growshop/image/34248107/Banger_14mm_cuarzo_bong_extracciones_repuesto.png?1681850709"
141;0.9486;2;87491;"Banger de Cuarzo Fondo Plano 90° – Quartz para Dabs 14mm/18mm - 18mm";8900;"Accesorios de extraccion";"";"";"";kushbreak;69095;"Banger 14mm";12990;"Accesorios de extraccion";"";"";"";1.46;1;0;0;0.34;1;"https://www.friendlygrow.cl/banger-de-cuarzo-fondo-plano-90-clavo-quartz-para-dabs-14mm18mm?variant=18mm";"https://www.kushbreak.cl/banger-14mm-bong-rosin";"https://cdnx.jumpseller.com/friendly-grow/image/74781808/01.jpg?1773756703";"https://cdnx.jumpseller.com/kushbreak-growshop/image/34248107/Banger_14mm_cuarzo_bong_extracciones_repuesto.png?1681850709"
171;0.9338;7;87712;"Bong de Pyrex Phoenix Star Recto con Perc y Asa – Bong Alto de Alta Fi";28990;"Bongs";"phoenix-star";"";"";kushbreak;69194;"Aloe bong";39990;"Bongs";"";"";"";1.38;1;0;0;0;1;"https://www.friendlygrow.cl/bong-de-vidrio-phoenix-star-recto-con-perc-y-asa-bong-alto-de-alta-filtracion?variant=Morado";"https://www.kushbreak.cl/aloe-bong-natural-glass-vidrio?similar_product=true";"https://cdnx.jumpseller.com/friendly-grow/image/77614144/3.png?1781127894";"https://cdnx.jumpseller.com/kushbreak-growshop/image/17262058/Bong_Aloe_vidrio_pyrex_natural_glass_atrapa_hielo_cannabis_chile_green.png?1679515262"
171;0.9338;7;87712;"Bong de Pyrex Phoenix Star Recto con Perc y Asa – Bong Alto de Alta Fi";28990;"Bongs";"phoenix-star";"";"";kushbreak;69875;"Aloe bong";39990;"Bongs";"";"";"";1.38;1;0;0;0;1;"https://www.friendlygrow.cl/bong-de-vidrio-phoenix-star-recto-con-perc-y-asa-bong-alto-de-alta-filtracion?variant=Morado";"https://www.kushbreak.cl/aloe-bong-natural-glass-vidrio";"https://cdnx.jumpseller.com/friendly-grow/image/77614144/3.png?1781127894";"https://cdnx.jumpseller.com/kushbreak-growshop/image/17262058/Bong_Aloe_vidrio_pyrex_natural_glass_atrapa_hielo_cannabis_chile_green.png?1679515262"
178;0.9407;7;87740;"Bong de Pyrex Phoenix Star Recycler con Perc Sphere – Bong Premium de ";47500;"Bongs";"phoenix-star";"";"";kushbreak;69194;"Aloe bong";39990;"Bongs";"";"";"";1.19;1;0;0;0;1;"https://www.friendlygrow.cl/bong-de-vidrio-phoenix-star-recycler-con-perc-sphere-bong-premium-de-alta-filtracion?variant=Musgo";"https://www.kushbreak.cl/aloe-bong-natural-glass-vidrio?similar_product=true";"https://cdnx.jumpseller.com/friendly-grow/image/77614078/6.png?1781127683";"https://cdnx.jumpseller.com/kushbreak-growshop/image/17262058/Bong_Aloe_vidrio_pyrex_natural_glass_atrapa_hielo_cannabis_chile_green.png?1679515262"
178;0.9407;7;87740;"Bong de Pyrex Phoenix Star Recycler con Perc Sphere – Bong Premium de ";47500;"Bongs";"phoenix-star";"";"";kushbreak;69875;"Aloe bong";39990;"Bongs";"";"";"";1.19;1;0;0;0;1;"https://www.friendlygrow.cl/bong-de-vidrio-phoenix-star-recycler-con-perc-sphere-bong-premium-de-alta-filtracion?variant=Musgo";"https://www.kushbreak.cl/aloe-bong-natural-glass-vidrio";"https://cdnx.jumpseller.com/friendly-grow/image/77614078/6.png?1781127683";"https://cdnx.jumpseller.com/kushbreak-growshop/image/17262058/Bong_Aloe_vidrio_pyrex_natural_glass_atrapa_hielo_cannabis_chile_green.png?1679515262"
185;0.9468;7;87733;"Bong de Pyrex Phoenix Star Recycler con Perc Sphere – Bong Premium de ";47500;"Bongs";"phoenix-star";"";"";kushbreak;69194;"Aloe bong";39990;"Bongs";"";"";"";1.19;1;0;0;0;1;"https://www.friendlygrow.cl/bong-de-vidrio-phoenix-star-recycler-con-perc-sphere-bong-premium-de-alta-filtracion?variant=Verde";"https://www.kushbreak.cl/aloe-bong-natural-glass-vidrio?similar_product=true";"https://cdnx.jumpseller.com/friendly-grow/image/77614082/2.png?1781127683";"https://cdnx.jumpseller.com/kushbreak-growshop/image/17262058/Bong_Aloe_vidrio_pyrex_natural_glass_atrapa_hielo_cannabis_chile_green.png?1679515262"
185;0.9468;7;87733;"Bong de Pyrex Phoenix Star Recycler con Perc Sphere – Bong Premium de ";47500;"Bongs";"phoenix-star";"";"";kushbreak;69875;"Aloe bong";39990;"Bongs";"";"";"";1.19;1;0;0;0;1;"https://www.friendlygrow.cl/bong-de-vidrio-phoenix-star-recycler-con-perc-sphere-bong-premium-de-alta-filtracion?variant=Verde";"https://www.kushbreak.cl/aloe-bong-natural-glass-vidrio";"https://cdnx.jumpseller.com/friendly-grow/image/77614082/2.png?1781127683";"https://cdnx.jumpseller.com/kushbreak-growshop/image/17262058/Bong_Aloe_vidrio_pyrex_natural_glass_atrapa_hielo_cannabis_chile_green.png?1679515262"
188;0.9547;5;87710;"Bong de Pyrex Phoenix Star Recto con Perc y Asa – Bong Alto de Alta Fi";28990;"Bongs";"phoenix-star";"";"";astrogrowshop;18027;"Glycerin -Bonglab";109990;"Otros parafernalia";"bonglab";"BGBLA110PI";"";3.79;0;0;0;0;1;"https://www.friendlygrow.cl/bong-de-vidrio-phoenix-star-recto-con-perc-y-asa-bong-alto-de-alta-filtracion?variant=Rosa";"https://astrogrowshop.cl/glycerin-bonglab";"https://cdnx.jumpseller.com/friendly-grow/image/77614145/4.png?1781127894";"https://cdnx.jumpseller.com/astrogrowshop/image/70179965/imagen_3_16773.webp?1764188216"
191;0.9512;1;87496;"Bong Phoenix Star Recycler Compacto 💎🌪️💨 20cms - Blue";21990;"Bongs";"phoenix-star";"SP325";"";kushbreak;69229;"Zafiro bong";39990;"Bongs";"";"";"";1.82;1;0;0;0;1;"https://www.friendlygrow.cl/bong-phoenix-star-recycler-compacto-%F0%9F%92%8E%F0%9F%8C%AA%F0%9F%92%A8?variant=Blue";"https://www.kushbreak.cl/zafiro-bong-natural-glass-vidrio";"https://cdnx.jumpseller.com/friendly-grow/image/77402933/ChatGPT_20Image_203_20jun_202026_2C_2005_24_16_20p.m..png?1780584269";"https://cdnx.jumpseller.com/kushbreak-growshop/image/17259731/Zafiro_bong_vidrio_pyrex_natural_glass_atrapa_hielo_cannabis_chile.png?1679515262"
191;0.9375;5;88052;"Bong de Pyrex Phoenix Triple Cámara 38cms";29990;"Bongs";"";"";"";astrogrowshop;18027;"Glycerin -Bonglab";109990;"Otros parafernalia";"bonglab";"BGBLA110PI";"";3.67;0;0;0;0;1;"https://www.friendlygrow.cl/bong-de-vidrio-phoenix-triple-camara";"https://astrogrowshop.cl/glycerin-bonglab";"https://cdnx.jumpseller.com/friendly-grow/image/74770944/1.jpg?1773694890";"https://cdnx.jumpseller.com/astrogrowshop/image/70179965/imagen_3_16773.webp?1764188216"
194;0.9318;9;87555;"Bong de Pyrex Phoenix Star Recycler con Perc Sphere – Bong Premium de ";49990;"Bongs";"phoenix-star";"";"";fumetas;34605;"SYFY Bong Doble Tree Perc Premium 38cm - Morado";33790;"Bongs";"syfy";"SYF-SF64JB";"";1.48;1;0;0;0;1;"https://www.friendlygrow.cl/bong-de-vidrio-phoenix-star-recycler-con-perc-sphere-bong-premium-de-alta-filtracion-1?variant=Verde";"https://fumetas.cl/syfy-bong-doble-tree-perc-premium-38cm?variant=Morado";"https://cdnx.jumpseller.com/friendly-grow/image/77612767/Gemini_Generated_Image_m73zsqm73zsqm73z.png?1781124760";"https://cdnx.jumpseller.com/fumetas-store/image/65227698/Bong-Doble-Tree-Perc-SF64-JB.jpg?1752012669"
195;0.9554;9;87712;"Bong de Pyrex Phoenix Star Recto con Perc y Asa – Bong Alto de Alta Fi";28990;"Bongs";"phoenix-star";"";"";fumetas;34605;"SYFY Bong Doble Tree Perc Premium 38cm - Morado";33790;"Bongs";"syfy";"SYF-SF64JB";"";1.17;1;0;0;0;1;"https://www.friendlygrow.cl/bong-de-vidrio-phoenix-star-recto-con-perc-y-asa-bong-alto-de-alta-filtracion?variant=Morado";"https://fumetas.cl/syfy-bong-doble-tree-perc-premium-38cm?variant=Morado";"https://cdnx.jumpseller.com/friendly-grow/image/77614144/3.png?1781127894";"https://cdnx.jumpseller.com/fumetas-store/image/65227698/Bong-Doble-Tree-Perc-SF64-JB.jpg?1752012669"
195;0.9344;1;88052;"Bong de Pyrex Phoenix Triple Cámara 38cms";29990;"Bongs";"";"";"";astrogrowshop;12302;"Elty8 Monster Blue-Bonglab";64990;"Otros parafernalia";"bonglab";"BGBLELTY8BLUE";"";2.17;0;0;0;0;1;"https://www.friendlygrow.cl/bong-de-vidrio-phoenix-triple-camara";"https://astrogrowshop.cl/elty8-monster-blue-bonglab";"https://cdnx.jumpseller.com/friendly-grow/image/74770944/1.jpg?1773694890";"https://cdnx.jumpseller.com/astrogrowshop/image/70216035/imagen_1_4019.webp?1764270960"
198;0.9303;2;87730;"Bong de Pyrex Phoenix Star Recycler con Perc Sphere – Bong Premium de ";47500;"Bongs";"phoenix-star";"";"";fumetas;34751;"Calvo Glass Implosion Drop Rig 23cm - Morado";39990;"Bongs";"calvo";"CG-IMPDMO";"";1.19;1;0;0;0;1;"https://www.friendlygrow.cl/bong-de-vidrio-phoenix-star-recycler-con-perc-sphere-bong-premium-de-alta-filtracion?variant=Naranjo";"https://fumetas.cl/calvo-glass-implosion-drop-rig-23cm?variant=Morado";"https://cdnx.jumpseller.com/friendly-grow/image/77614081/1.png?1781127683";"https://cdnx.jumpseller.com/fumetas-store/image/59933599/Bong-Implosion-Drop-Rig-23cm-Morado-3.jpg?1738967569"
200;0.941;5;87712;"Bong de Pyrex Phoenix Star Recto con Perc y Asa – Bong Alto de Alta Fi";28990;"Bongs";"phoenix-star";"";"";astrogrowshop;18027;"Glycerin -Bonglab";109990;"Otros parafernalia";"bonglab";"BGBLA110PI";"";3.79;0;0;0;0;1;"https://www.friendlygrow.cl/bong-de-vidrio-phoenix-star-recto-con-perc-y-asa-bong-alto-de-alta-filtracion?variant=Morado";"https://astrogrowshop.cl/glycerin-bonglab";"https://cdnx.jumpseller.com/friendly-grow/image/77614144/3.png?1781127894";"https://cdnx.jumpseller.com/astrogrowshop/image/70179965/imagen_3_16773.webp?1764188216"
200;0.9375;7;87714;"Bong de Pyrex Phoenix Star Recto con Perc y Asa – Bong Alto de Alta Fi";28990;"Bongs";"phoenix-star";"";"";kushbreak;69194;"Aloe bong";39990;"Bongs";"";"";"";1.38;1;0;0;0;1;"https://www.friendlygrow.cl/bong-de-vidrio-phoenix-star-recto-con-perc-y-asa-bong-alto-de-alta-filtracion?variant=Verde";"https://www.kushbreak.cl/aloe-bong-natural-glass-vidrio?similar_product=true";"https://cdnx.jumpseller.com/friendly-grow/image/77614143/2.png?1781127894";"https://cdnx.jumpseller.com/kushbreak-growshop/image/17262058/Bong_Aloe_vidrio_pyrex_natural_glass_atrapa_hielo_cannabis_chile_green.png?1679515262"
200;0.9375;7;87714;"Bong de Pyrex Phoenix Star Recto con Perc y Asa – Bong Alto de Alta Fi";28990;"Bongs";"phoenix-star";"";"";kushbreak;69875;"Aloe bong";39990;"Bongs";"";"";"";1.38;1;0;0;0;1;"https://www.friendlygrow.cl/bong-de-vidrio-phoenix-star-recto-con-perc-y-asa-bong-alto-de-alta-filtracion?variant=Verde";"https://www.kushbreak.cl/aloe-bong-natural-glass-vidrio";"https://cdnx.jumpseller.com/friendly-grow/image/77614143/2.png?1781127894";"https://cdnx.jumpseller.com/kushbreak-growshop/image/17262058/Bong_Aloe_vidrio_pyrex_natural_glass_atrapa_hielo_cannabis_chile_green.png?1679515262"
201;0.9422;9;87710;"Bong de Pyrex Phoenix Star Recto con Perc y Asa – Bong Alto de Alta Fi";28990;"Bongs";"phoenix-star";"";"";fumetas;34605;"SYFY Bong Doble Tree Perc Premium 38cm - Morado";33790;"Bongs";"syfy";"SYF-SF64JB";"";1.17;1;0;0;0;1;"https://www.friendlygrow.cl/bong-de-vidrio-phoenix-star-recto-con-perc-y-asa-bong-alto-de-alta-filtracion?variant=Rosa";"https://fumetas.cl/syfy-bong-doble-tree-perc-premium-38cm?variant=Morado";"https://cdnx.jumpseller.com/friendly-grow/image/77614145/4.png?1781127894";"https://cdnx.jumpseller.com/fumetas-store/image/65227698/Bong-Doble-Tree-Perc-SF64-JB.jpg?1752012669"
204;0.9506;9;87716;"Bong de Pyrex Phoenix Star Recto con Perc y Asa – Bong Alto de Alta Fi";28990;"Bongs";"phoenix-star";"";"";fumetas;34605;"SYFY Bong Doble Tree Perc Premium 38cm - Morado";33790;"Bongs";"syfy";"SYF-SF64JB";"";1.17;1;0;0;0;1;"https://www.friendlygrow.cl/bong-de-vidrio-phoenix-star-recto-con-perc-y-asa-bong-alto-de-alta-filtracion?variant=Azul";"https://fumetas.cl/syfy-bong-doble-tree-perc-premium-38cm?variant=Morado";"https://cdnx.jumpseller.com/friendly-grow/image/77614146/1.png?1781127894";"https://cdnx.jumpseller.com/fumetas-store/image/65227698/Bong-Doble-Tree-Perc-SF64-JB.jpg?1752012669"
205;0.9396;2;87552;"Bong de Pyrex Phoenix Star Recycler con Perc Sphere – Bong Premium de ";49990;"Bongs";"phoenix-star";"";"";fumetas;35001;"Calvo Glass Bong Esencial 22cm - Rosado";34990;"Bongs";"calvo";"CG-1P";"";1.43;1;0;0;0;1;"https://www.friendlygrow.cl/bong-de-vidrio-phoenix-star-recycler-con-perc-sphere-bong-premium-de-alta-filtracion-1?variant=Morado";"https://fumetas.cl/calvo-glass-bong-shower-23cm?variant=Rosado";"https://cdnx.jumpseller.com/friendly-grow/image/77612768/Gemini_Generated_Image_nrjq8inrjq8inrjq.png?1781124760";"https://cdnx.jumpseller.com/fumetas-store/image/38780427/Calvo-Glass-Bong-Esencial-Pink.webp?1738881457"
206;0.9337;1;87496;"Bong Phoenix Star Recycler Compacto 💎🌪️💨 20cms - Blue";21990;"Bongs";"phoenix-star";"SP325";"";kushbreak;69193;"Agatha bong";34990;"Bongs";"";"";"";1.59;1;0;0;0;1;"https://www.friendlygrow.cl/bong-phoenix-star-recycler-compacto-%F0%9F%92%8E%F0%9F%8C%AA%F0%9F%92%A8?variant=Blue";"https://www.kushbreak.cl/agatha-bong-natural-glass-vidrio";"https://cdnx.jumpseller.com/friendly-grow/image/77402933/ChatGPT_20Image_203_20jun_202026_2C_2005_24_16_20p.m..png?1780584269";"https://cdnx.jumpseller.com/kushbreak-growshop/image/17259700/Agatha_bong_vidrio_pyrex_natural_glass_atrapa_hielo_cannabis_chile_yellow.png?1679515262"
209;0.9367;1;87716;"Bong de Pyrex Phoenix Star Recto con Perc y Asa – Bong Alto de Alta Fi";28990;"Bongs";"phoenix-star";"";"";astrogrowshop;31631;"Dream Rig-Bonglab - azul";24990;"Bongs";"bonglab";"BGBLX4BLUE";"";1.16;1;0;0;0;1;"https://www.friendlygrow.cl/bong-de-vidrio-phoenix-star-recto-con-perc-y-asa-bong-alto-de-alta-filtracion?variant=Azul";"https://astrogrowshop.cl/dream-rig-bonglab?variant=azul";"https://cdnx.jumpseller.com/friendly-grow/image/77614146/1.png?1781127894";"https://cdnx.jumpseller.com/astrogrowshop/image/74868928/imagen_1_26241.webp?1773937617"
209;0.9315;1;87733;"Bong de Pyrex Phoenix Star Recycler con Perc Sphere – Bong Premium de ";47500;"Bongs";"phoenix-star";"";"";fumetas;3005;"Calvo Glass Bong Straight Tube American 26cm";27992;"Bongs";"calvo";"CG-24620G";"";1.7;1;0;0;0;1;"https://www.friendlygrow.cl/bong-de-vidrio-phoenix-star-recycler-con-perc-sphere-bong-premium-de-alta-filtracion?variant=Verde";"https://fumetas.cl/calvo-glass-bong-straight-tube-american-26cm";"https://cdnx.jumpseller.com/friendly-grow/image/77614082/2.png?1781127683";"https://cdnx.jumpseller.com/fumetas-store/image/72093610/STRAIGHT-TUBE-AMERICAN-GREEN.jpg?1768942345"
211;0.9464;1;88052;"Bong de Pyrex Phoenix Triple Cámara 38cms";29990;"Bongs";"";"";"";fumetas;34069;"Bonglab Bong K276 Bongbastic 45cm - Negro";67990;"Bongs";"bonglab";"BLAB-K276BL";"";2.27;1;0;0;0;1;"https://www.friendlygrow.cl/bong-de-vidrio-phoenix-triple-camara";"https://fumetas.cl/bonglab-bongbastic-k276?variant=Negro";"https://cdnx.jumpseller.com/friendly-grow/image/74770944/1.jpg?1773694890";"https://cdnx.jumpseller.com/fumetas-store/image/22220142/bongbastic-k276-bonglab.jpg?1730773626"
211;0.9393;5;87552;"Bong de Pyrex Phoenix Star Recycler con Perc Sphere – Bong Premium de ";49990;"Bongs";"phoenix-star";"";"";astrogrowshop;18027;"Glycerin -Bonglab";109990;"Otros parafernalia";"bonglab";"BGBLA110PI";"";2.2;0;0;0;0;1;"https://www.friendlygrow.cl/bong-de-vidrio-phoenix-star-recycler-con-perc-sphere-bong-premium-de-alta-filtracion-1?variant=Morado";"https://astrogrowshop.cl/glycerin-bonglab";"https://cdnx.jumpseller.com/friendly-grow/image/77612768/Gemini_Generated_Image_nrjq8inrjq8inrjq.png?1781124760";"https://cdnx.jumpseller.com/astrogrowshop/image/70179965/imagen_3_16773.webp?1764188216"
211;0.9341;1;87716;"Bong de Pyrex Phoenix Star Recto con Perc y Asa – Bong Alto de Alta Fi";28990;"Bongs";"phoenix-star";"";"";fumetas;34719;"Calvo Glass Bee Rig Lite 19cm - Azul";29990;"Bongs";"calvo";"CG-CG2A";"";1.03;1;0;0;0;1;"https://www.friendlygrow.cl/bong-de-vidrio-phoenix-star-recto-con-perc-y-asa-bong-alto-de-alta-filtracion?variant=Azul";"https://fumetas.cl/calvo-glass-bee-rig-lite-19cm?variant=Azul";"https://cdnx.jumpseller.com/friendly-grow/image/77614146/1.png?1781127894";"https://cdnx.jumpseller.com/fumetas-store/image/76909309/Calvo-Glass-Bee-Rig-Azul-1.jpg?1779489557"
213;0.9434;7;87730;"Bong de Pyrex Phoenix Star Recycler con Perc Sphere – Bong Premium de ";47500;"Bongs";"phoenix-star";"";"";fumetas;35281;"BongLab Bong K18 HeadShot 40cm - Azul";59990;"Bongs";"bonglab";"BLAB-K18A";"";1.26;1;0;0;0;1;"https://www.friendlygrow.cl/bong-de-vidrio-phoenix-star-recycler-con-perc-sphere-bong-premium-de-alta-filtracion?variant=Naranjo";"https://fumetas.cl/bonglab-bong-k18-headshot?variant=Azul";"https://cdnx.jumpseller.com/friendly-grow/image/77614081/1.png?1781127683";"https://cdnx.jumpseller.com/fumetas-store/image/38929818/BongLab-Headshot-Blue.jpg?1765475639"
215;0.9491;2;87551;"Bong de Pyrex Phoenix Star Recycler con Perc Sphere – Bong Premium de ";49990;"Bongs";"phoenix-star";"";"";fumetas;35001;"Calvo Glass Bong Esencial 22cm - Rosado";34990;"Bongs";"calvo";"CG-1P";"";1.43;1;0;0;0;1;"https://www.friendlygrow.cl/bong-de-vidrio-phoenix-star-recycler-con-perc-sphere-bong-premium-de-alta-filtracion-1?variant=Rosa";"https://fumetas.cl/calvo-glass-bong-shower-23cm?variant=Rosado";"https://cdnx.jumpseller.com/friendly-grow/image/77612771/Gemini_Generated_Image_hvm0vyhvm0vyhvm0.png?1781124760";"https://cdnx.jumpseller.com/fumetas-store/image/38780427/Calvo-Glass-Bong-Esencial-Pink.webp?1738881457"
216;0.9389;2;87555;"Bong de Pyrex Phoenix Star Recycler con Perc Sphere – Bong Premium de ";49990;"Bongs";"phoenix-star";"";"";kushbreak;69211;"Kryptonian bong";99990;"Bongs";"";"";"";2;1;0;0;0;1;"https://www.friendlygrow.cl/bong-de-vidrio-phoenix-star-recycler-con-perc-sphere-bong-premium-de-alta-filtracion-1?variant=Verde";"https://www.kushbreak.cl/kryptonian-bong-natural-glass-vidrio";"https://cdnx.jumpseller.com/friendly-grow/image/77612767/Gemini_Generated_Image_m73zsqm73zsqm73z.png?1781124760";"https://cdnx.jumpseller.com/kushbreak-growshop/image/17255491/Bong_Kryptonian_vidrio_pyrex_natural_glass_atrapa_hielo_cannabis_chile_2.png?1679515261"
217;0.94;7;87941;"Bong de Pyrex Phoenix Star Horizontal Percolator 30cms - Azul";29990;"Bongs";"phoenix-star";"";"";fumetas;35281;"BongLab Bong K18 HeadShot 40cm - Azul";59990;"Bongs";"bonglab";"BLAB-K18A";"";2;1;0;0;0;1;"https://www.friendlygrow.cl/bong-de-vidrio-phoenix-star-horizontal-percolator?variant=Azul";"https://fumetas.cl/bonglab-bong-k18-headshot?variant=Azul";"https://cdnx.jumpseller.com/friendly-grow/image/76692541/bong-blue-inline-bong-phoenix-37153020575912.webp?1778938578";"https://cdnx.jumpseller.com/fumetas-store/image/38929818/BongLab-Headshot-Blue.jpg?1765475639"
218;0.9539;7;87555;"Bong de Pyrex Phoenix Star Recycler con Perc Sphere – Bong Premium de ";49990;"Bongs";"phoenix-star";"";"";kushbreak;69194;"Aloe bong";39990;"Bongs";"";"";"";1.25;1;0;0;0;1;"https://www.friendlygrow.cl/bong-de-vidrio-phoenix-star-recycler-con-perc-sphere-bong-premium-de-alta-filtracion-1?variant=Verde";"https://www.kushbreak.cl/aloe-bong-natural-glass-vidrio?similar_product=true";"https://cdnx.jumpseller.com/friendly-grow/image/77612767/Gemini_Generated_Image_m73zsqm73zsqm73z.png?1781124760";"https://cdnx.jumpseller.com/kushbreak-growshop/image/17262058/Bong_Aloe_vidrio_pyrex_natural_glass_atrapa_hielo_cannabis_chile_green.png?1679515262"
218;0.9539;7;87555;"Bong de Pyrex Phoenix Star Recycler con Perc Sphere – Bong Premium de ";49990;"Bongs";"phoenix-star";"";"";kushbreak;69875;"Aloe bong";39990;"Bongs";"";"";"";1.25;1;0;0;0;1;"https://www.friendlygrow.cl/bong-de-vidrio-phoenix-star-recycler-con-perc-sphere-bong-premium-de-alta-filtracion-1?variant=Verde";"https://www.kushbreak.cl/aloe-bong-natural-glass-vidrio";"https://cdnx.jumpseller.com/friendly-grow/image/77612767/Gemini_Generated_Image_m73zsqm73zsqm73z.png?1781124760";"https://cdnx.jumpseller.com/kushbreak-growshop/image/17262058/Bong_Aloe_vidrio_pyrex_natural_glass_atrapa_hielo_cannabis_chile_green.png?1679515262"
218;0.9366;3;87557;"Bong de Pyrex Phoenix Star Recycler con Perc Sphere – Bong Premium de ";49990;"Bongs";"phoenix-star";"";"";fumetas;104;"MJ Arsenal Bong Spire 28 cm";99990;"Bongs";"mj-arsenal";"MJA-BSPIRE";"569837386140";2;1;0;0;0;1;"https://www.friendlygrow.cl/bong-de-vidrio-phoenix-star-recycler-con-perc-sphere-bong-premium-de-alta-filtracion-1?variant=Negro";"https://fumetas.cl/mj-arsenal-bong-spire-28-cm";"https://cdnx.jumpseller.com/friendly-grow/image/77612769/Gemini_Generated_Image_ifprsmifprsmifpr.png?1781124760";"https://cdnx.jumpseller.com/fumetas-store/image/75342367/MJ-Arsenal-Bong-Spire.jpg?1774887626"
219;0.9586;3;87710;"Bong de Pyrex Phoenix Star Recto con Perc y Asa – Bong Alto de Alta Fi";28990;"Bongs";"phoenix-star";"";"";astrogrowshop;33135;"Glycerin -Bonglab - THICK PINK";109990;"Otros parafernalia";"bonglab";"BGBLA110PI";"";3.79;0;0;0;0;1;"https://www.friendlygrow.cl/bong-de-vidrio-phoenix-star-recto-con-perc-y-asa-bong-alto-de-alta-filtracion?variant=Rosa";"https://astrogrowshop.cl/glycerin-bonglab?variant=THICK%20PINK";"https://cdnx.jumpseller.com/friendly-grow/image/77614145/4.png?1781127894";"https://cdnx.jumpseller.com/astrogrowshop/image/70179966/imagen_2_16772.webp?1764188216"
219;0.9316;9;87728;"Bong de Pyrex Phoenix Star Recycler con Perc Sphere – Bong Premium de ";47500;"Bongs";"phoenix-star";"";"";fumetas;34605;"SYFY Bong Doble Tree Perc Premium 38cm - Morado";33790;"Bongs";"syfy";"SYF-SF64JB";"";1.41;1;0;0;0;1;"https://www.friendlygrow.cl/bong-de-vidrio-phoenix-star-recycler-con-perc-sphere-bong-premium-de-alta-filtracion?variant=Rosa";"https://fumetas.cl/syfy-bong-doble-tree-perc-premium-38cm?variant=Morado";"https://cdnx.jumpseller.com/friendly-grow/image/77614079/7.png?1781127683";"https://cdnx.jumpseller.com/fumetas-store/image/65227698/Bong-Doble-Tree-Perc-SF64-JB.jpg?1752012669"
220;0.9389;2;87556;"Bong de Pyrex Phoenix Star Recycler con Perc Sphere – Bong Premium de ";49990;"Bongs";"phoenix-star";"";"";fumetas;34750;"Calvo Glass Implosion Drop Rig 23cm - Verde";39990;"Bongs";"calvo";"CG-IMPDVE";"";1.25;1;0;0;0;1;"https://www.friendlygrow.cl/bong-de-vidrio-phoenix-star-recycler-con-perc-sphere-bong-premium-de-alta-filtracion-1?variant=Musgo";"https://fumetas.cl/calvo-glass-implosion-drop-rig-23cm?variant=Verde";"https://cdnx.jumpseller.com/friendly-grow/image/77612770/Gemini_Generated_Image_xn7mqqxn7mqqxn7m.png?1781124760";"https://cdnx.jumpseller.com/fumetas-store/image/59933598/Bong-Implosion-Drop-Rig-23cm-Verde.jpg?1738967569"
221;0.9394;1;87552;"Bong de Pyrex Phoenix Star Recycler con Perc Sphere – Bong Premium de ";49990;"Bongs";"phoenix-star";"";"";fumetas;35000;"Calvo Glass Bong Esencial 22cm - Morado";34990;"Bongs";"calvo";"CG-1PU";"";1.43;1;0;0;0;1;"https://www.friendlygrow.cl/bong-de-vidrio-phoenix-star-recycler-con-perc-sphere-bong-premium-de-alta-filtracion-1?variant=Morado";"https://fumetas.cl/calvo-glass-bong-shower-23cm?variant=Morado";"https://cdnx.jumpseller.com/friendly-grow/image/77612768/Gemini_Generated_Image_nrjq8inrjq8inrjq.png?1781124760";"https://cdnx.jumpseller.com/fumetas-store/image/59925290/Bong-Esencial-Calvo-Glass-Morado.webp?1738881458"
222;0.9311;9;87740;"Bong de Pyrex Phoenix Star Recycler con Perc Sphere – Bong Premium de ";47500;"Bongs";"phoenix-star";"";"";fumetas;34605;"SYFY Bong Doble Tree Perc Premium 38cm - Morado";33790;"Bongs";"syfy";"SYF-SF64JB";"";1.41;1;0;0;0;1;"https://www.friendlygrow.cl/bong-de-vidrio-phoenix-star-recycler-con-perc-sphere-bong-premium-de-alta-filtracion?variant=Musgo";"https://fumetas.cl/syfy-bong-doble-tree-perc-premium-38cm?variant=Morado";"https://cdnx.jumpseller.com/friendly-grow/image/77614078/6.png?1781127683";"https://cdnx.jumpseller.com/fumetas-store/image/65227698/Bong-Doble-Tree-Perc-SF64-JB.jpg?1752012669"
222;0.9301;2;87556;"Bong de Pyrex Phoenix Star Recycler con Perc Sphere – Bong Premium de ";49990;"Bongs";"phoenix-star";"";"";fumetas;34505;"BongLab Bong W06 Fat Candy 25cm - Verde";30990;"Bongs";"bonglab";"BLAB-W06GR";"";1.61;1;0;0;0;1;"https://www.friendlygrow.cl/bong-de-vidrio-phoenix-star-recycler-con-perc-sphere-bong-premium-de-alta-filtracion-1?variant=Musgo";"https://fumetas.cl/bonglab-bong-w06-fat-candy-25-cm?variant=Verde";"https://cdnx.jumpseller.com/friendly-grow/image/77612770/Gemini_Generated_Image_xn7mqqxn7mqqxn7m.png?1781124760";"https://cdnx.jumpseller.com/fumetas-store/image/29669658/Bong-Fat-Candy-Green.jpg?1781034101"
223;0.9477;7;88052;"Bong de Pyrex Phoenix Triple Cámara 38cms";29990;"Bongs";"";"";"";fumetas;35281;"BongLab Bong K18 HeadShot 40cm - Azul";59990;"Bongs";"bonglab";"BLAB-K18A";"";2;1;0;0;0;1;"https://www.friendlygrow.cl/bong-de-vidrio-phoenix-triple-camara";"https://fumetas.cl/bonglab-bong-k18-headshot?variant=Azul";"https://cdnx.jumpseller.com/friendly-grow/image/74770944/1.jpg?1773694890";"https://cdnx.jumpseller.com/fumetas-store/image/38929818/BongLab-Headshot-Blue.jpg?1765475639"
223;0.9412;7;87557;"Bong de Pyrex Phoenix Star Recycler con Perc Sphere – Bong Premium de ";49990;"Bongs";"phoenix-star";"";"";fumetas;35281;"BongLab Bong K18 HeadShot 40cm - Azul";59990;"Bongs";"bonglab";"BLAB-K18A";"";1.2;1;0;0;0;1;"https://www.friendlygrow.cl/bong-de-vidrio-phoenix-star-recycler-con-perc-sphere-bong-premium-de-alta-filtracion-1?variant=Negro";"https://fumetas.cl/bonglab-bong-k18-headshot?variant=Azul";"https://cdnx.jumpseller.com/friendly-grow/image/77612769/Gemini_Generated_Image_ifprsmifprsmifpr.png?1781124760";"https://cdnx.jumpseller.com/fumetas-store/image/38929818/BongLab-Headshot-Blue.jpg?1765475639"
223;0.9318;2;88054;"Bong de Pyrex Phoenix Triple Percolador 33cms";39990;"Bongs";"";"";"";fumetas;34505;"BongLab Bong W06 Fat Candy 25cm - Verde";30990;"Bongs";"bonglab";"BLAB-W06GR";"";1.29;1;0;0;0.06;1;"https://www.friendlygrow.cl/bong-de-vidrio-phoenix-triple-percolador";"https://fumetas.cl/bonglab-bong-w06-fat-candy-25-cm?variant=Verde";"https://cdnx.jumpseller.com/friendly-grow/image/74770831/2019061104.jpg?1773694722";"https://cdnx.jumpseller.com/fumetas-store/image/29669658/Bong-Fat-Candy-Green.jpg?1781034101"
224;0.9491;3;87551;"Bong de Pyrex Phoenix Star Recycler con Perc Sphere – Bong Premium de ";49990;"Bongs";"phoenix-star";"";"";astrogrowshop;33135;"Glycerin -Bonglab - THICK PINK";109990;"Otros parafernalia";"bonglab";"BGBLA110PI";"";2.2;0;0;0;0;1;"https://www.friendlygrow.cl/bong-de-vidrio-phoenix-star-recycler-con-perc-sphere-bong-premium-de-alta-filtracion-1?variant=Rosa";"https://astrogrowshop.cl/glycerin-bonglab?variant=THICK%20PINK";"https://cdnx.jumpseller.com/friendly-grow/image/77612771/Gemini_Generated_Image_hvm0vyhvm0vyhvm0.png?1781124760";"https://cdnx.jumpseller.com/astrogrowshop/image/70179966/imagen_2_16772.webp?1764188216"
224;0.9471;7;87556;"Bong de Pyrex Phoenix Star Recycler con Perc Sphere – Bong Premium de ";49990;"Bongs";"phoenix-star";"";"";kushbreak;69194;"Aloe bong";39990;"Bongs";"";"";"";1.25;1;0;0;0;1;"https://www.friendlygrow.cl/bong-de-vidrio-phoenix-star-recycler-con-perc-sphere-bong-premium-de-alta-filtracion-1?variant=Musgo";"https://www.kushbreak.cl/aloe-bong-natural-glass-vidrio?similar_product=true";"https://cdnx.jumpseller.com/friendly-grow/image/77612770/Gemini_Generated_Image_xn7mqqxn7mqqxn7m.png?1781124760";"https://cdnx.jumpseller.com/kushbreak-growshop/image/17262058/Bong_Aloe_vidrio_pyrex_natural_glass_atrapa_hielo_cannabis_chile_green.png?1679515262"
224;0.9471;7;87556;"Bong de Pyrex Phoenix Star Recycler con Perc Sphere – Bong Premium de ";49990;"Bongs";"phoenix-star";"";"";kushbreak;69875;"Aloe bong";39990;"Bongs";"";"";"";1.25;1;0;0;0;1;"https://www.friendlygrow.cl/bong-de-vidrio-phoenix-star-recycler-con-perc-sphere-bong-premium-de-alta-filtracion-1?variant=Musgo";"https://www.kushbreak.cl/aloe-bong-natural-glass-vidrio";"https://cdnx.jumpseller.com/friendly-grow/image/77612770/Gemini_Generated_Image_xn7mqqxn7mqqxn7m.png?1781124760";"https://cdnx.jumpseller.com/kushbreak-growshop/image/17262058/Bong_Aloe_vidrio_pyrex_natural_glass_atrapa_hielo_cannabis_chile_green.png?1679515262"
225;0.9426;9;87733;"Bong de Pyrex Phoenix Star Recycler con Perc Sphere – Bong Premium de ";47500;"Bongs";"phoenix-star";"";"";fumetas;34605;"SYFY Bong Doble Tree Perc Premium 38cm - Morado";33790;"Bongs";"syfy";"SYF-SF64JB";"";1.41;1;0;0;0;1;"https://www.friendlygrow.cl/bong-de-vidrio-phoenix-star-recycler-con-perc-sphere-bong-premium-de-alta-filtracion?variant=Verde";"https://fumetas.cl/syfy-bong-doble-tree-perc-premium-38cm?variant=Morado";"https://cdnx.jumpseller.com/friendly-grow/image/77614082/2.png?1781127683";"https://cdnx.jumpseller.com/fumetas-store/image/65227698/Bong-Doble-Tree-Perc-SF64-JB.jpg?1752012669"
225;0.9425;5;87551;"Bong de Pyrex Phoenix Star Recycler con Perc Sphere – Bong Premium de ";49990;"Bongs";"phoenix-star";"";"";astrogrowshop;18027;"Glycerin -Bonglab";109990;"Otros parafernalia";"bonglab";"BGBLA110PI";"";2.2;0;0;0;0;1;"https://www.friendlygrow.cl/bong-de-vidrio-phoenix-star-recycler-con-perc-sphere-bong-premium-de-alta-filtracion-1?variant=Rosa";"https://astrogrowshop.cl/glycerin-bonglab";"https://cdnx.jumpseller.com/friendly-grow/image/77612771/Gemini_Generated_Image_hvm0vyhvm0vyhvm0.png?1781124760";"https://cdnx.jumpseller.com/astrogrowshop/image/70179965/imagen_3_16773.webp?1764188216"
226;0.947;9;87730;"Bong de Pyrex Phoenix Star Recycler con Perc Sphere – Bong Premium de ";47500;"Bongs";"phoenix-star";"";"";fumetas;34605;"SYFY Bong Doble Tree Perc Premium 38cm - Morado";33790;"Bongs";"syfy";"SYF-SF64JB";"";1.41;1;0;0;0;1;"https://www.friendlygrow.cl/bong-de-vidrio-phoenix-star-recycler-con-perc-sphere-bong-premium-de-alta-filtracion?variant=Naranjo";"https://fumetas.cl/syfy-bong-doble-tree-perc-premium-38cm?variant=Morado";"https://cdnx.jumpseller.com/friendly-grow/image/77614081/1.png?1781127683";"https://cdnx.jumpseller.com/fumetas-store/image/65227698/Bong-Doble-Tree-Perc-SF64-JB.jpg?1752012669"
226;0.9438;7;87557;"Bong de Pyrex Phoenix Star Recycler con Perc Sphere – Bong Premium de ";49990;"Bongs";"phoenix-star";"";"";kushbreak;69194;"Aloe bong";39990;"Bongs";"";"";"";1.25;1;0;0;0;1;"https://www.friendlygrow.cl/bong-de-vidrio-phoenix-star-recycler-con-perc-sphere-bong-premium-de-alta-filtracion-1?variant=Negro";"https://www.kushbreak.cl/aloe-bong-natural-glass-vidrio?similar_product=true";"https://cdnx.jumpseller.com/friendly-grow/image/77612769/Gemini_Generated_Image_ifprsmifprsmifpr.png?1781124760";"https://cdnx.jumpseller.com/kushbreak-growshop/image/17262058/Bong_Aloe_vidrio_pyrex_natural_glass_atrapa_hielo_cannabis_chile_green.png?1679515262"
226;0.9438;7;87557;"Bong de Pyrex Phoenix Star Recycler con Perc Sphere – Bong Premium de ";49990;"Bongs";"phoenix-star";"";"";kushbreak;69875;"Aloe bong";39990;"Bongs";"";"";"";1.25;1;0;0;0;1;"https://www.friendlygrow.cl/bong-de-vidrio-phoenix-star-recycler-con-perc-sphere-bong-premium-de-alta-filtracion-1?variant=Negro";"https://www.kushbreak.cl/aloe-bong-natural-glass-vidrio";"https://cdnx.jumpseller.com/friendly-grow/image/77612769/Gemini_Generated_Image_ifprsmifprsmifpr.png?1781124760";"https://cdnx.jumpseller.com/kushbreak-growshop/image/17262058/Bong_Aloe_vidrio_pyrex_natural_glass_atrapa_hielo_cannabis_chile_green.png?1679515262"
228;0.9476;7;87712;"Bong de Pyrex Phoenix Star Recto con Perc y Asa – Bong Alto de Alta Fi";28990;"Bongs";"phoenix-star";"";"";fumetas;35281;"BongLab Bong K18 HeadShot 40cm - Azul";59990;"Bongs";"bonglab";"BLAB-K18A";"";2.07;1;0;0;0;1;"https://www.friendlygrow.cl/bong-de-vidrio-phoenix-star-recto-con-perc-y-asa-bong-alto-de-alta-filtracion?variant=Morado";"https://fumetas.cl/bonglab-bong-k18-headshot?variant=Azul";"https://cdnx.jumpseller.com/friendly-grow/image/77614144/3.png?1781127894";"https://cdnx.jumpseller.com/fumetas-store/image/38929818/BongLab-Headshot-Blue.jpg?1765475639"
229;0.9497;7;87552;"Bong de Pyrex Phoenix Star Recycler con Perc Sphere – Bong Premium de ";49990;"Bongs";"phoenix-star";"";"";fumetas;35281;"BongLab Bong K18 HeadShot 40cm - Azul";59990;"Bongs";"bonglab";"BLAB-K18A";"";1.2;1;0;0;0;1;"https://www.friendlygrow.cl/bong-de-vidrio-phoenix-star-recycler-con-perc-sphere-bong-premium-de-alta-filtracion-1?variant=Morado";"https://fumetas.cl/bonglab-bong-k18-headshot?variant=Azul";"https://cdnx.jumpseller.com/friendly-grow/image/77612768/Gemini_Generated_Image_nrjq8inrjq8inrjq.png?1781124760";"https://cdnx.jumpseller.com/fumetas-store/image/38929818/BongLab-Headshot-Blue.jpg?1765475639"
230;0.9499;2;87552;"Bong de Pyrex Phoenix Star Recycler con Perc Sphere – Bong Premium de ";49990;"Bongs";"phoenix-star";"";"";fumetas;34751;"Calvo Glass Implosion Drop Rig 23cm - Morado";39990;"Bongs";"calvo";"CG-IMPDMO";"";1.25;1;0;0;0;1;"https://www.friendlygrow.cl/bong-de-vidrio-phoenix-star-recycler-con-perc-sphere-bong-premium-de-alta-filtracion-1?variant=Morado";"https://fumetas.cl/calvo-glass-implosion-drop-rig-23cm?variant=Morado";"https://cdnx.jumpseller.com/friendly-grow/image/77612768/Gemini_Generated_Image_nrjq8inrjq8inrjq.png?1781124760";"https://cdnx.jumpseller.com/fumetas-store/image/59933599/Bong-Implosion-Drop-Rig-23cm-Morado-3.jpg?1738967569"
230;0.9424;1;87714;"Bong de Pyrex Phoenix Star Recto con Perc y Asa – Bong Alto de Alta Fi";28990;"Bongs";"phoenix-star";"";"";fumetas;35179;"SYFY Bong Straight Tube 31cm - Verde";29790;"Bongs";"syfy";"SYF-SF78G";"";1.03;1;0;0;0;1;"https://www.friendlygrow.cl/bong-de-vidrio-phoenix-star-recto-con-perc-y-asa-bong-alto-de-alta-filtracion?variant=Verde";"https://fumetas.cl/syfy-bong-straight-tube-31cm?variant=Verde";"https://cdnx.jumpseller.com/friendly-grow/image/77614143/2.png?1781127894";"https://cdnx.jumpseller.com/fumetas-store/image/62513271/SYFY-Bong-Tree-Perc-Straight-Tube-9mm-Verde.jpg?1744677080"
232;0.955;2;87557;"Bong de Pyrex Phoenix Star Recycler con Perc Sphere – Bong Premium de ";49990;"Bongs";"phoenix-star";"";"";kushbreak;69211;"Kryptonian bong";99990;"Bongs";"";"";"";2;1;0;0;0;1;"https://www.friendlygrow.cl/bong-de-vidrio-phoenix-star-recycler-con-perc-sphere-bong-premium-de-alta-filtracion-1?variant=Negro";"https://www.kushbreak.cl/kryptonian-bong-natural-glass-vidrio";"https://cdnx.jumpseller.com/friendly-grow/image/77612769/Gemini_Generated_Image_ifprsmifprsmifpr.png?1781124760";"https://cdnx.jumpseller.com/kushbreak-growshop/image/17255491/Bong_Kryptonian_vidrio_pyrex_natural_glass_atrapa_hielo_cannabis_chile_2.png?1679515261"
232;0.9491;3;88052;"Bong de Pyrex Phoenix Triple Cámara 38cms";29990;"Bongs";"";"";"";fumetas;104;"MJ Arsenal Bong Spire 28 cm";99990;"Bongs";"mj-arsenal";"MJA-BSPIRE";"569837386140";3.33;1;0;0;0;1;"https://www.friendlygrow.cl/bong-de-vidrio-phoenix-triple-camara";"https://fumetas.cl/mj-arsenal-bong-spire-28-cm";"https://cdnx.jumpseller.com/friendly-grow/image/74770944/1.jpg?1773694890";"https://cdnx.jumpseller.com/fumetas-store/image/75342367/MJ-Arsenal-Bong-Spire.jpg?1774887626"
232;0.9468;2;87555;"Bong de Pyrex Phoenix Star Recycler con Perc Sphere – Bong Premium de ";49990;"Bongs";"phoenix-star";"";"";fumetas;34750;"Calvo Glass Implosion Drop Rig 23cm - Verde";39990;"Bongs";"calvo";"CG-IMPDVE";"";1.25;1;0;0;0;1;"https://www.friendlygrow.cl/bong-de-vidrio-phoenix-star-recycler-con-perc-sphere-bong-premium-de-alta-filtracion-1?variant=Verde";"https://fumetas.cl/calvo-glass-implosion-drop-rig-23cm?variant=Verde";"https://cdnx.jumpseller.com/friendly-grow/image/77612767/Gemini_Generated_Image_m73zsqm73zsqm73z.png?1781124760";"https://cdnx.jumpseller.com/fumetas-store/image/59933598/Bong-Implosion-Drop-Rig-23cm-Verde.jpg?1738967569"
232;0.93;1;87496;"Bong Phoenix Star Recycler Compacto 💎🌪️💨 20cms - Blue";21990;"Bongs";"phoenix-star";"SP325";"";fumetas;33930;"Bonglab Bong Handy Rig 14cm - Azul";30990;"Bongs";"bonglab";"BLAB-HARA";"";1.41;1;0;0;0;1;"https://www.friendlygrow.cl/bong-phoenix-star-recycler-compacto-%F0%9F%92%8E%F0%9F%8C%AA%F0%9F%92%A8?variant=Blue";"https://fumetas.cl/bonglab-bong-handy-rig-14cm?variant=Azul";"https://cdnx.jumpseller.com/friendly-grow/image/77402933/ChatGPT_20Image_203_20jun_202026_2C_2005_24_16_20p.m..png?1780584269";"https://cdnx.jumpseller.com/fumetas-store/image/62947388/handy-rig-blue-bonglab-fumetas-store2.jpg?1782402515"
233;0.9525;7;87716;"Bong de Pyrex Phoenix Star Recto con Perc y Asa – Bong Alto de Alta Fi";28990;"Bongs";"phoenix-star";"";"";fumetas;35281;"BongLab Bong K18 HeadShot 40cm - Azul";59990;"Bongs";"bonglab";"BLAB-K18A";"";2.07;1;0;0;0;1;"https://www.friendlygrow.cl/bong-de-vidrio-phoenix-star-recto-con-perc-y-asa-bong-alto-de-alta-filtracion?variant=Azul";"https://fumetas.cl/bonglab-bong-k18-headshot?variant=Azul";"https://cdnx.jumpseller.com/friendly-grow/image/77614146/1.png?1781127894";"https://cdnx.jumpseller.com/fumetas-store/image/38929818/BongLab-Headshot-Blue.jpg?1765475639"
236;0.9448;1;87716;"Bong de Pyrex Phoenix Star Recto con Perc y Asa – Bong Alto de Alta Fi";28990;"Bongs";"phoenix-star";"";"";fumetas;35486;"Bonglab Bong KD1 Classy 29cm - Azul";55990;"Bongs";"bonglab";"BLAB-KD1A";"";1.93;1;0;0;0;1;"https://www.friendlygrow.cl/bong-de-vidrio-phoenix-star-recto-con-perc-y-asa-bong-alto-de-alta-filtracion?variant=Azul";"https://fumetas.cl/bonglab-bong-kd1?variant=Azul";"https://cdnx.jumpseller.com/friendly-grow/image/77614146/1.png?1781127894";"https://cdnx.jumpseller.com/fumetas-store/image/9788937/Bong_KD1_Blue.jpg?1653414863"
236;0.9441;3;87552;"Bong de Pyrex Phoenix Star Recycler con Perc Sphere – Bong Premium de ";49990;"Bongs";"phoenix-star";"";"";astrogrowshop;33135;"Glycerin -Bonglab - THICK PINK";109990;"Otros parafernalia";"bonglab";"BGBLA110PI";"";2.2;0;0;0;0;1;"https://www.friendlygrow.cl/bong-de-vidrio-phoenix-star-recycler-con-perc-sphere-bong-premium-de-alta-filtracion-1?variant=Morado";"https://astrogrowshop.cl/glycerin-bonglab?variant=THICK%20PINK";"https://cdnx.jumpseller.com/friendly-grow/image/77612768/Gemini_Generated_Image_nrjq8inrjq8inrjq.png?1781124760";"https://cdnx.jumpseller.com/astrogrowshop/image/70179966/imagen_2_16772.webp?1764188216"
241;0.9359;1;88054;"Bong de Pyrex Phoenix Triple Percolador 33cms";39990;"Bongs";"";"";"";kushbreak;69127;"Bong Green Turtle";59990;"Bongs";"";"";"";1.5;1;0;0;0.2;1;"https://www.friendlygrow.cl/bong-de-vidrio-phoenix-triple-percolador";"https://www.kushbreak.cl/bong-green-turtle-vidrio-natural-glass-pyrex";"https://cdnx.jumpseller.com/friendly-grow/image/74770831/2019061104.jpg?1773694722";"https://cdnx.jumpseller.com/kushbreak-growshop/image/3702655/greenturtle.jpg?1688579020"
244;0.9538;9;88052;"Bong de Pyrex Phoenix Triple Cámara 38cms";29990;"Bongs";"";"";"";fumetas;34605;"SYFY Bong Doble Tree Perc Premium 38cm - Morado";33790;"Bongs";"syfy";"SYF-SF64JB";"";1.13;1;0;0;0.06;1;"https://www.friendlygrow.cl/bong-de-vidrio-phoenix-triple-camara";"https://fumetas.cl/syfy-bong-doble-tree-perc-premium-38cm?variant=Morado";"https://cdnx.jumpseller.com/friendly-grow/image/74770944/1.jpg?1773694890";"https://cdnx.jumpseller.com/fumetas-store/image/65227698/Bong-Doble-Tree-Perc-SF64-JB.jpg?1752012669"
249;0.9519;2;87556;"Bong de Pyrex Phoenix Star Recycler con Perc Sphere – Bong Premium de ";49990;"Bongs";"phoenix-star";"";"";fumetas;34420;"BongLab Bong X5 Pocket Bell 17cm - Verde";25990;"Bongs";"bonglab";"BLAB-X5V";"";1.92;1;0;0;0;1;"https://www.friendlygrow.cl/bong-de-vidrio-phoenix-star-recycler-con-perc-sphere-bong-premium-de-alta-filtracion-1?variant=Musgo";"https://fumetas.cl/bonglab-bong-x5-pocket-bell-17cm?variant=Verde";"https://cdnx.jumpseller.com/friendly-grow/image/77612770/Gemini_Generated_Image_xn7mqqxn7mqqxn7m.png?1781124760";"https://cdnx.jumpseller.com/fumetas-store/image/34545486/Bong_X5_Pocket_Bell-Green.webp?1781145032"
256;0.934;3;87702;"Bong de Pyrex Phoenix Star Ice Catcher – Bong Beaker de Pyrex 40cms - ";24990;"Bongs";"phoenix-star";"";"";fumetas;104;"MJ Arsenal Bong Spire 28 cm";99990;"Bongs";"mj-arsenal";"MJA-BSPIRE";"569837386140";4;1;0;0;0;1;"https://www.friendlygrow.cl/bong-de-vidrio-phoenix-star-ice-catcher-bong-beaker-de-borosilicato?variant=Rojo";"https://fumetas.cl/mj-arsenal-bong-spire-28-cm";"https://cdnx.jumpseller.com/friendly-grow/image/78114034/ChatGPT_20Image_2023_20jun_202026_2C_2018_34_09_20_284_29.png?1782254507";"https://cdnx.jumpseller.com/fumetas-store/image/75342367/MJ-Arsenal-Bong-Spire.jpg?1774887626"
264;0.934;2;88054;"Bong de Pyrex Phoenix Triple Percolador 33cms";39990;"Bongs";"";"";"";fumetas;34420;"BongLab Bong X5 Pocket Bell 17cm - Verde";25990;"Bongs";"bonglab";"BLAB-X5V";"";1.54;1;0;0;0;1;"https://www.friendlygrow.cl/bong-de-vidrio-phoenix-triple-percolador";"https://fumetas.cl/bonglab-bong-x5-pocket-bell-17cm?variant=Verde";"https://cdnx.jumpseller.com/friendly-grow/image/74770831/2019061104.jpg?1773694722";"https://cdnx.jumpseller.com/fumetas-store/image/34545486/Bong_X5_Pocket_Bell-Green.webp?1781145032"