reason,url,title,category
url-no-producto,https://astrogrowshop.cl,"",
url-no-producto,https://astrogrowshop.cl/contact,"",
url-no-producto,https://astrogrowshop.cl/blog,"",
sin-senal,https://astrogrowshop.cl/entrada-del-blog,"",
sin-senal,https://astrogrowshop.cl/catalogo,"",
sin-senal,https://astrogrowshop.cl/terminos-y-condiciones,"",
sin-senal,https://astrogrowshop.cl/politica-de-reembolso,"",
sin-senal,https://astrogrowshop.cl/politica-de-privacidad,"",
sin-senal,https://astrogrowshop.cl/inicio,"",
sin-senal,https://astrogrowshop.cl/parafernalia,"",
sin-senal,https://astrogrowshop.cl/herbales,"",
sin-senal,https://astrogrowshop.cl/cultivo-indoor,"",
sin-senal,https://astrogrowshop.cl/accesorios-indoor,"",
sin-senal,https://astrogrowshop.cl/accesorios,"",
sin-senal,https://astrogrowshop.cl/semillas,"",
sin-senal,https://astrogrowshop.cl/fem,"",
sin-senal,https://astrogrowshop.cl/consumibles,"",
sin-senal,https://astrogrowshop.cl/importados,"",
sin-senal,https://astrogrowshop.cl/enrolado,"",
sin-senal,https://astrogrowshop.cl/fertilizantes,"",
sin-senal,https://astrogrowshop.cl/iluminacion-indoor,"",
sin-senal,https://astrogrowshop.cl/ventilacion,"",
sin-senal,https://astrogrowshop.cl/kits,"",
sin-senal,https://astrogrowshop.cl/kits-indoor,"",
sin-senal,https://astrogrowshop.cl/accesorios-extraccion,"",
sin-senal,https://astrogrowshop.cl/auto,"",
sin-senal,https://astrogrowshop.cl/sustratos,"",
sin-senal,https://astrogrowshop.cl/fertilizados,"",
sin-senal,https://astrogrowshop.cl/cbd,"",
sin-senal,https://astrogrowshop.cl/medicion-y-control,"",
sin-senal,https://astrogrowshop.cl/extractos,"",
sin-senal,https://astrogrowshop.cl/macetas-y-germinacion,"",
sin-senal,https://astrogrowshop.cl/fast-version-f1,"",
sin-senal,https://astrogrowshop.cl/curado-y-secado,"",
sin-senal,https://astrogrowshop.cl/control-de-olores,"",
sin-senal,https://astrogrowshop.cl/kits-ventilacion-y-control-de-olores,"",
sin-senal,https://astrogrowshop.cl/kits-semillas,"",
sin-senal,https://astrogrowshop.cl/kits-exterior,"",
sin-senal,https://astrogrowshop.cl/kits-parafernalia,"",
sin-senal,https://astrogrowshop.cl/kits-fertilizantes,"",
sin-senal,https://astrogrowshop.cl/detox,"",
sin-senal,https://astrogrowshop.cl/coco,"",
sin-senal,https://astrogrowshop.cl/medici,"",
sin-senal,https://astrogrowshop.cl/tabaco,"",
sin-senal,https://astrogrowshop.cl/accesorios-y-herramientas,"",
sin-senal,https://astrogrowshop.cl/outlet,"",
sin-senal,https://astrogrowshop.cl/mermas,"",
sin-senal,https://astrogrowshop.cl/enigma-box,"",
sin-senal,https://astrogrowshop.cl/hongos-y-bacterias,"",
sin-senal,https://astrogrowshop.cl/sexshop,"",
sin-senal,https://astrogrowshop.cl/anillos,"",
sin-senal,https://astrogrowshop.cl/bajon,"",
sin-senal,https://astrogrowshop.cl/snacks-salados,"",
sin-senal,https://astrogrowshop.cl/chocolates,"",
sin-senal,https://astrogrowshop.cl/dildos,"",
sin-senal,https://astrogrowshop.cl/masajes,"",
sin-senal,https://astrogrowshop.cl/bebidas-energeticas,"",
sin-senal,https://astrogrowshop.cl/lubricantes,"",
sin-senal,https://astrogrowshop.cl/masticables,"",
sin-senal,https://astrogrowshop.cl/kits-enrolado,"",
sin-senal,https://astrogrowshop.cl/caramelos,"",
sin-senal,https://astrogrowshop.cl/liquidacion,"",
sin-senal,https://astrogrowshop.cl/condones,"",
sin-senal,https://astrogrowshop.cl/gomitas,"",
sin-senal,https://astrogrowshop.cl/bdsm,"",
sin-senal,https://astrogrowshop.cl/alfajores,"",
sin-senal,https://astrogrowshop.cl/accesorios-va,"",
sin-senal,https://astrogrowshop.cl/masturbador-masculino,"",
sin-senal,https://astrogrowshop.cl/estimulantes-y-potenciadores,"",
sin-senal,https://astrogrowshop.cl/f1,"",
sin-senal,https://astrogrowshop.cl/hongos-y-esporas,"",
sin-senal,https://astrogrowshop.cl/smoke,"",
sin-senal,https://astrogrowshop.cl/grow,"",
sin-senal,https://astrogrowshop.cl/the-ultimate-fem-x3-dutch-passion,"",
sin-senal,https://astrogrowshop.cl/northern-lights-cbd-fem-x3-pyramid-seeds,"",
sin-senal,https://astrogrowshop.cl/polvo-calibrador-pack-ph4ph686ph918,"",
sin-senal,https://astrogrowshop.cl/y-griega-fem-x32-medical-seeds,"",
sin-senal,https://astrogrowshop.cl/ph-perfect-growmicrobloom-advanced-nutrients,"",
sin-senal,https://astrogrowshop.cl/big-one-top-crop,"",
sin-senal,https://astrogrowshop.cl/papel-mylar-reflectante-liso-1mm-12x76mt,"",
sin-senal,https://astrogrowshop.cl/north-thunderfuck-fem-royal-queen-seeds,"",
sin-senal,https://astrogrowshop.cl/transparent-base-water-green-60ml-airtight,"",
sin-senal,https://astrogrowshop.cl/sad-auto-x31-sweet-seeds,"",
sin-senal,https://astrogrowshop.cl/fat-banana-usa-premium-auto-royal-queen-seeds,"",
sin-senal,https://astrogrowshop.cl/gorilla-auto-x31-buddha-seeds,"",
sin-senal,https://astrogrowshop.cl/iguana-bloom-advanced-nutrients,"",
sin-senal,https://astrogrowshop.cl/sustrato-complete-mix-50lt-top-crop,"",
sin-senal,https://astrogrowshop.cl/wedding-gelato-fem-royal-queen-seeds,"",
sin-senal,https://astrogrowshop.cl/ventilador-clip-fan-20cm12w-garden-highpro,"",
sin-senal,https://astrogrowshop.cl/transparent-base-green-60ml-airtight,"",
sin-senal,https://astrogrowshop.cl/botafumeiros-fem-x31-sweet-seeds,"",
sin-senal,https://astrogrowshop.cl/do-si-dos-usa-premium-auto-x3-royal-queen,"",
sin-senal,https://astrogrowshop.cl/kit-indoor-apollo-evolution-medio-120x120x200-480w,"",
sin-senal,https://astrogrowshop.cl/think-fast-fem-dutch-passion,"",
sin-senal,https://astrogrowshop.cl/pack-led-indoor-60x60-apollo-evolution-pro-4-150w-full,"",
sin-senal,https://astrogrowshop.cl/tangie-auto-x31-buddha-seeds,"",
sin-senal,https://astrogrowshop.cl/plato-cuadrado-18lt,"",
sin-senal,https://astrogrowshop.cl/guano-rojo-bioecological,"",
sin-senal,https://astrogrowshop.cl/balastro-magnetico-600w-grow-genetics,"",
sin-senal,https://astrogrowshop.cl/full-solid-white-650ml-airtight,"",
sin-senal,https://astrogrowshop.cl/sweet-mix-auto-x10-sweet-seeds,"",
sin-senal,https://astrogrowshop.cl/sherbet-queen-usa-premium-auto-royal-queen,"",
sin-senal,https://astrogrowshop.cl/kit-indoor-profesional-apollo-medio-120x120x200-480w,"",
sin-senal,https://astrogrowshop.cl/white-widow-auto-x3-buddha-seeds,"",
sin-senal,https://astrogrowshop.cl/core-grotek,"",
sin-senal,https://astrogrowshop.cl/reflector-medium-adjust-wing,"",
sin-senal,https://astrogrowshop.cl/pack-led-indoor-80x80-apollo-evolution-pro-9-300w-full,"",
sin-senal,https://astrogrowshop.cl/g14-auto-fast-buds,"",
sin-senal,https://astrogrowshop.cl/gorilla-girl-fem-x31-sweet-seeds,"",
sin-senal,https://astrogrowshop.cl/shark-cbd-fem-x3-pyramid-seeds,"",
sin-senal,https://astrogrowshop.cl/dosi2-fem-x31-buddha-seeds,"",
sin-senal,https://astrogrowshop.cl/green-explosion-top-crop,"",
sin-senal,https://astrogrowshop.cl/aluminio-75mm-x-50mt-duct-tape,"",
url-no-producto,https://astrogrowshop.cl/cartridge-dorado-05ml,"",
sin-senal,https://astrogrowshop.cl/full-solid-black-1350ml-airtight,"",
sin-senal,https://astrogrowshop.cl/bolsas-extraccion-3ud-secret-smoke,"",
sin-senal,https://astrogrowshop.cl/amnesia-auto-x3-buddha-seeds,"",
sin-senal,https://astrogrowshop.cl/pack-led-indoor-80x80-quantum-lite-delight-160w-y-360w,"",
sin-senal,https://astrogrowshop.cl/green-poison-xl-auto-sweet-seeds,"",
sin-senal,https://astrogrowshop.cl/gelato-fem-x31-buddha-seeds,"",
sin-senal,https://astrogrowshop.cl/potenciador-genetico-knactive,"",
sin-senal,https://astrogrowshop.cl/transparent-base-blue-60ml-airtight,"",
sin-senal,https://astrogrowshop.cl/sweet-trainwreck-auto-x31-sweet-seeds,"",
sin-senal,https://astrogrowshop.cl/kit-indoor-apollo-evolution-completo-120x120x200-480w,"",
sin-senal,https://astrogrowshop.cl/critical-auto-x3-buddha,"",
sin-senal,https://astrogrowshop.cl/heavy-bud-pro-grotek,"",
sin-senal,https://astrogrowshop.cl/pack-led-indoor-60x60-apollo-evolution-pro-4-150w-basico,"",
sin-senal,https://astrogrowshop.cl/crystal-candy-f1-fem-sweet-seeds,"",
sin-senal,https://astrogrowshop.cl/sustrato-all-mix-biobizz,"",
sin-senal,https://astrogrowshop.cl/procufs-pair-garden-high-pro,"",
sin-senal,https://astrogrowshop.cl/gorilla-haze-auto-x3-republica-verde,"",
sin-senal,https://astrogrowshop.cl/full-solid-purple-300ml-airtight,"",
sin-senal,https://astrogrowshop.cl/mimosa-usa-premium-auto-royal-queen-seeds,"",
sin-senal,https://astrogrowshop.cl/try-pack-hydro-biobizz,"",
sin-senal,https://astrogrowshop.cl/kit-indoor-profesional-apollo-completo-120x120x200-480w,"",
sin-senal,https://astrogrowshop.cl/ak-auto-x3-buddha-seeds,"",
sin-senal,https://astrogrowshop.cl/pack-led-indoor-100x100-apollo-evolution-pro-16-480w-full,"",
sin-senal,https://astrogrowshop.cl/chem-beyond-disel-cbd-fem%C2%AE-x31-sweet-seeds,"",
sin-senal,https://astrogrowshop.cl/flawless-finish-advanced-nutrients,"",
sin-senal,https://astrogrowshop.cl/purple-punch-auto-x3-seedstockers,"",
sin-senal,https://astrogrowshop.cl/transparent-base-purple-60ml-airtight,"",
sin-senal,https://astrogrowshop.cl/banana-zkittlez-fem-x32-medical-seeds,"",
sin-senal,https://astrogrowshop.cl/nk-jabon-potasico-con-aceite-de-neem-pro-essence,"",
sin-senal,https://astrogrowshop.cl/micro-pack-grotek,"",
sin-senal,https://astrogrowshop.cl/papas-candy-fem-x3-eva-seeds,"",
sin-senal,https://astrogrowshop.cl/all-stars-usa-mix-auto-bsf,"",
sin-senal,https://astrogrowshop.cl/cbd-11-silver-lime-haze-auto-seedstockers,"",
sin-senal,https://astrogrowshop.cl/top-auto-top-crop,"",
sin-senal,https://astrogrowshop.cl/kit-indoor-sodio-inicial-60x60x160-250w,"",
url-no-producto,https://astrogrowshop.cl/cartridge-madera-1-ml-1-unidad,"",
sin-senal,https://astrogrowshop.cl/medidor-tds-ec-y-temp-meter-white-analytical-instruments,"",
sin-senal,https://astrogrowshop.cl/hifi-4g-fem-dutch-passion,"",
sin-senal,https://astrogrowshop.cl/high-level-fem-x31-eva-seeds,"",
sin-senal,https://astrogrowshop.cl/royal-jack-auto-x3-royal-queen,"",
sin-senal,https://astrogrowshop.cl/bio-ph-biobizz,"",
sin-senal,https://astrogrowshop.cl/extractor-tubular-vk-200mm-790m3h-vents,"",
sin-senal,https://astrogrowshop.cl/carpa-240x120x200-cropbox,"",
sin-senal,https://astrogrowshop.cl/sustrato-light-mix-biobizz,"",
sin-senal,https://astrogrowshop.cl/apollo-evolution-pro-16-480w-delight,"",
sin-senal,https://astrogrowshop.cl/pack-control-de-olores-5125mm,"",
sin-senal,https://astrogrowshop.cl/rat-rod-fem-x3-strain-machine,"",
sin-senal,https://astrogrowshop.cl/delta-1-cbg,"",
sin-senal,https://astrogrowshop.cl/kit-indoor-sodio-medio-60x60x160-250w,"",
sin-senal,https://astrogrowshop.cl/fresh-candy-fem-pyramid-seeds,"",
sin-senal,https://astrogrowshop.cl/coil-ceramic-mico-pod-14ohm-smok,"",
sin-senal,https://astrogrowshop.cl/kali-dog-fem-royal-queen,"",
sin-senal,https://astrogrowshop.cl/carpa-240x240x200-cropbox,"",
sin-senal,https://astrogrowshop.cl/delta-9-cbg,"",
sin-senal,https://astrogrowshop.cl/apollo-evolution-pro-4-150w-delight,"",
sin-senal,https://astrogrowshop.cl/pack-control-de-olores-6150mm,"",
sin-senal,https://astrogrowshop.cl/try-pack-outdoor-biobizz,"",
sin-senal,https://astrogrowshop.cl/sour-diesel-fem-x3-royal-queen,"",
sin-senal,https://astrogrowshop.cl/assorted-auto-x10-buddha-seeds,"",
sin-senal,https://astrogrowshop.cl/monster-fem-x31-eva-seeds,"",
sin-senal,https://astrogrowshop.cl/bio-ph-biobizz-1,"",
sin-senal,https://astrogrowshop.cl/old-school-fem-x3-ripper-seeds,"",
sin-senal,https://astrogrowshop.cl/psycho-xxl-auto-x12-bsf,"",
sin-senal,https://astrogrowshop.cl/apollo-evolution-pro-9-300w-delight,"",
sin-senal,https://astrogrowshop.cl/lemon-king-fem-x31-eva-seeds,"",
sin-senal,https://astrogrowshop.cl/sad-f1-fem-x25-sweet-seeds,"",
sin-senal,https://astrogrowshop.cl/calmag-biobizz,"",
sin-senal,https://astrogrowshop.cl/kit-indoor-profesional-apollo-inicial-60x60x160-150w,"",
sin-senal,https://astrogrowshop.cl/vital-grotek,"",
sin-senal,https://astrogrowshop.cl/magnum-auto-buddha-seeds,"",
sin-senal,https://astrogrowshop.cl/pink-plant-fem-x31-eva-seeds,"",
sin-senal,https://astrogrowshop.cl/htc-2-sondapilas-termo-higrometro,"",
sin-senal,https://astrogrowshop.cl/northern-light-fem-x3-royal-queen-seeds,"",
sin-senal,https://astrogrowshop.cl/jorge-s-diamond-fem-x3-dutch-passion,"",
sin-senal,https://astrogrowshop.cl/brainstorm-fem-x3-dutch-passion,"",
sin-senal,https://astrogrowshop.cl/runtz-xl-auto-sweet-seeds,"",
sin-senal,https://astrogrowshop.cl/kit-indoor-medio-apollo-evolution-60x60x160-120w,"",
sin-senal,https://astrogrowshop.cl/medikit-fem-x31-buddha-seeds,"",
sin-senal,https://astrogrowshop.cl/tnt-kush-fem-eva-seeds,"",
sin-senal,https://astrogrowshop.cl/big-bud-organico-advanced-nutrients,"",
sin-senal,https://astrogrowshop.cl/b-52-advanced-nutrients,"",
sin-senal,https://astrogrowshop.cl/carpa-basic-probox,"",
sin-senal,https://astrogrowshop.cl/recovery-cbd-fem-x32-medical-seeds,"",
sin-senal,https://astrogrowshop.cl/master-kush-fem-dutch-passion,"",
sin-senal,https://astrogrowshop.cl/kosher-haze-fem-x3-super-sativa-seed-club,"",
sin-senal,https://astrogrowshop.cl/amnesia-glue-fem-x2-bsf,"",
sin-senal,https://astrogrowshop.cl/humidificador-8lt-the-pure-factory,"",
url-no-producto,https://astrogrowshop.cl/cartridge-removible-remedi-05ml-pulsar,"",
sin-senal,https://astrogrowshop.cl/kit-indoor-profesional-apollo-medio-60x60x160-150w,"",
sin-senal,https://astrogrowshop.cl/gorilla-candy-fem-x31-eva-seeds,"",
sin-senal,https://astrogrowshop.cl/try-pack-indoor-biobizz,"",
sin-senal,https://astrogrowshop.cl/golden-lemon-haze-fem-x3-seedstockers,"",
sin-senal,https://astrogrowshop.cl/red-gorilla-girl-xl-auto-sweet-seeds,"",
sin-senal,https://astrogrowshop.cl/kit-indoor-sodio-completo-60x60x160-250w,"",
sin-senal,https://astrogrowshop.cl/syrup-auto-x31-buddha-seeds,"",
sin-senal,https://astrogrowshop.cl/cbd-crack-auto-x3-fast-buds,"",
sin-senal,https://astrogrowshop.cl/nicole-cream-auto-x3-seedstockers,"",
sin-senal,https://astrogrowshop.cl/gelato-41-auto-x3-seedstockers,"",
sin-senal,https://astrogrowshop.cl/bioestimulante-quitosano-trichomemania,"",
sin-senal,https://astrogrowshop.cl/hongos-de-suelo-eco-anasac,"",
sin-senal,https://astrogrowshop.cl/cbd-compassion-fem-x3-dutch-passion,"",
sin-senal,https://astrogrowshop.cl/kit-indoor-apollo-evolution-completo-60x60x160-120w,"",
sin-senal,https://astrogrowshop.cl/top-coco-ab-top-crop,"",
sin-senal,https://astrogrowshop.cl/cumbia-fem-x3-rkiem-seeds,"",
sin-senal,https://astrogrowshop.cl/vesta-auto-x31-buddha-seeds,"",
sin-senal,https://astrogrowshop.cl/crystal-candy-auto-x31-sweet-seeds,"",
sin-senal,https://astrogrowshop.cl/gorilla-glue-n4-fem-bsf,"",
sin-senal,https://astrogrowshop.cl/gorilla-glue-auto-x3-seedstockers,"",
sin-senal,https://astrogrowshop.cl/tripack-auto-top-crop,"",
sin-senal,https://astrogrowshop.cl/kit-indoor-profesional-apollo-evolution-completo,"",
sin-senal,https://astrogrowshop.cl/diatomeas-bloom-protection,"",
sin-senal,https://astrogrowshop.cl/dark-kush-auto-x3-rkiem-seeds,"",
sin-senal,https://astrogrowshop.cl/white-dwarf-auto-buddha-seeds,"",
sin-senal,https://astrogrowshop.cl/monster-bloom-grotek,"",
sin-senal,https://astrogrowshop.cl/black-domina-ac-fem-x3-anumka-canameros,"",
sin-senal,https://astrogrowshop.cl/san-fernando-lemon-kush-fem-x31-sweet-seeds,"",
sin-senal,https://astrogrowshop.cl/royal-kush-auto-x3-royal-queen-seeds,"",
sin-senal,https://astrogrowshop.cl/red-pure-cbd-auto-x31-sweet-seeds,"",
sin-senal,https://astrogrowshop.cl/discos-grande-44mm-jiffy,"",
sin-senal,https://astrogrowshop.cl/og-kush-auto-x3-seedstockers,"",
sin-senal,https://astrogrowshop.cl/y-griega-cbd-20-fem-x32-medical-seeds,"",
sin-senal,https://astrogrowshop.cl/freddy-best-fem-x3-dutch-passion,"",
sin-senal,https://astrogrowshop.cl/masticadores-eco-anasac,"",
sin-senal,https://astrogrowshop.cl/promocion-2x1-mazar-auto-x3-dutch-passion,"",
sin-senal,https://astrogrowshop.cl/gorilla-glue-auto-x3-fast-buds,"",
sin-senal,https://astrogrowshop.cl/discos-mediano-33mm-jiffy,"",
sin-senal,https://astrogrowshop.cl/pineapple-fem-x3-seedstockers,"",
sin-senal,https://astrogrowshop.cl/pulgones-lpu-anasac,"",
sin-senal,https://astrogrowshop.cl/bomba-de-aire-1-salida-water-master,"",
sin-senal,https://astrogrowshop.cl/sideral-fem-x3-ripper-seeds,"",
sin-senal,https://astrogrowshop.cl/bio-grow-biobizz,"",
sin-senal,https://astrogrowshop.cl/pack-led-indoor-100x100-apollo-evolution-pro-16-480w,"",
sin-senal,https://astrogrowshop.cl/fast-food-mineral-bac,"",
sin-senal,https://astrogrowshop.cl/super-og-kush-fem-pyramid-seeds,"",
sin-senal,https://astrogrowshop.cl/plato-cuadrado-negro-5-7-lt,"",
sin-senal,https://astrogrowshop.cl/gelato-auto-x3-fast-buds,"",
sin-senal,https://astrogrowshop.cl/maceta-cuadrada-negra,"",
sin-senal,https://astrogrowshop.cl/purple-punch-fem-x3-seedstockers,"",
sin-senal,https://astrogrowshop.cl/bomba-de-aire-2-salida-water-master,"",
sin-senal,https://astrogrowshop.cl/fuel-og-fem-x3-ripper-seeds,"",
sin-senal,https://astrogrowshop.cl/liquido-calibrador-ph-401-20ml-milwaukee,"",
sin-senal,https://astrogrowshop.cl/promocion-2x1-power-plant-auto-x3-dutch-passion,"",
sin-senal,https://astrogrowshop.cl/brooklyn-sunrise-auto-x3-dutch-passion,"",
sin-senal,https://astrogrowshop.cl/medical-mass-cbd-fem-x3-royal-queen,"",
sin-senal,https://astrogrowshop.cl/apollo-evolution-6-180w-delight,"",
sin-senal,https://astrogrowshop.cl/bloody-skunk-red-family-auto-x31-sweet-seeds,"",
sin-senal,https://astrogrowshop.cl/santa-marta-haze-auto-x3-seedstockers,"",
sin-senal,https://astrogrowshop.cl/white-gorilla-fem-bsf,"",
sin-senal,https://astrogrowshop.cl/radical-juice-fem-x3-ripper-seeds,"",
sin-senal,https://astrogrowshop.cl/painkiller-xl-cbd-fem-x3-royal-queen,"",
sin-senal,https://astrogrowshop.cl/only-cbd-fem-x31-eva-seeds,"",
sin-senal,https://astrogrowshop.cl/plato-cuadrado-3lt,"",
sin-senal,https://astrogrowshop.cl/bcn-power-plant-auto-x3-seedstockers,"",
sin-senal,https://astrogrowshop.cl/gorilla-familia-mix-fem-x12-bsf,"",
sin-senal,https://astrogrowshop.cl/foliar-spray-bac,"",
sin-senal,https://astrogrowshop.cl/harybo-fem-x3-rkiem-seeds,"",
sin-senal,https://astrogrowshop.cl/dance-world-cbd-fem-royal-queen,"",
sin-senal,https://astrogrowshop.cl/blue-hell-auto-x32-medical-seeds,"",
sin-senal,https://astrogrowshop.cl/big-devil-auto-sweet-seeds,"",
sin-senal,https://astrogrowshop.cl/promocion-2x1-brooklyn-sunrise-auto-x3-dutch-passion,"",
sin-senal,https://astrogrowshop.cl/amnesia-fem-seedstockers,"",
sin-senal,https://astrogrowshop.cl/ducto-black-10-mt,"",
sin-senal,https://astrogrowshop.cl/big-bud-fem-seedstockers,"",
sin-senal,https://astrogrowshop.cl/c4-auto-x1-fast-buds,"",
sin-senal,https://astrogrowshop.cl/star-players-gorilla-glue-fast-version-x2-bsf,"",
sin-senal,https://astrogrowshop.cl/tempro-analogue-timer-clit-plug-garden-highpro,"",
sin-senal,https://astrogrowshop.cl/promocion-2x1-bubba-island-kush-fem-dutch-passion,"",
sin-senal,https://astrogrowshop.cl/no-name-auto-x32-medical-seeds,"",
sin-senal,https://astrogrowshop.cl/og-kush-fem-x3-seedstockers,"",
sin-senal,https://astrogrowshop.cl/blackberry-gum-auto-seedstockers,"",
sin-senal,https://astrogrowshop.cl/sweet-zenzation-xl-auto-x31-sweet-seeds,"",
sin-senal,https://astrogrowshop.cl/blue-mazar-auto-dutch-passion,"",
sin-senal,https://astrogrowshop.cl/flowers-elite-91,"",
sin-senal,https://astrogrowshop.cl/bloombastic-atami,"",
sin-senal,https://astrogrowshop.cl/duck-auto-x3-dutch-passion,"",
sin-senal,https://astrogrowshop.cl/royal-medic-cbd-x3-royal-queen-seeds,"",
sin-senal,https://astrogrowshop.cl/og-kush-cbd-fem-x32-medical-seeds,"",
sin-senal,https://astrogrowshop.cl/stardawg-auto-fast-buds,"",
sin-senal,https://astrogrowshop.cl/euro-blend-detox-zydot,"",
sin-senal,https://astrogrowshop.cl/black-jack-auto-x31-sweet-seeds,"",
sin-senal,https://astrogrowshop.cl/top-tabs-top-crop,"",
sin-senal,https://astrogrowshop.cl/tnt-kush-cbd-fem-x31-eva-seeds,"",
sin-senal,https://astrogrowshop.cl/blackberry-gum-fem-x3-seedstockers,"",
sin-senal,https://astrogrowshop.cl/ducto-aluminio-10mts,"",
sin-senal,https://astrogrowshop.cl/purple-n1-fem-x3-dutch-passion,"",
sin-senal,https://astrogrowshop.cl/try-pack-stimulant-biobizz,"",
sin-senal,https://astrogrowshop.cl/purple-queen-fem-x3-royal-queen-seeds,"",
sin-senal,https://astrogrowshop.cl/pack-led-indoor-60x60-apollo-evolution-6-180w,"",
sin-senal,https://astrogrowshop.cl/glueberry-og-auto-dutch-passion,"",
sin-senal,https://astrogrowshop.cl/over-dagw-fem-x32-medical-seeds,"",
sin-senal,https://astrogrowshop.cl/smoothie-auto-fast-buds,"",
sin-senal,https://astrogrowshop.cl/vegetative-growth-booster-grotek,"",
sin-senal,https://astrogrowshop.cl/cream-47-fem-x31-sweet-seeds,"",
sin-senal,https://astrogrowshop.cl/cyclone-gel-top-crop,"",
sin-senal,https://astrogrowshop.cl/super-skunk-fem-x3-seedstockers,"",
sin-senal,https://astrogrowshop.cl/carpa-120x60x180-cropbox,"",
sin-senal,https://astrogrowshop.cl/purple-punch-og-xl-auto-sweet-seeds,"",
sin-senal,https://astrogrowshop.cl/bcn-critical-xxl-fast-fem-x3-seedstockers,"",
sin-senal,https://astrogrowshop.cl/ventilador-a-pinza-15w-cornwall-electronics,"",
sin-senal,https://astrogrowshop.cl/power-plant-auto-dutch-passion,"",
sin-senal,https://astrogrowshop.cl/royal-gorilla-usa-premium-auto-x3-royal-queen,"",
sin-senal,https://astrogrowshop.cl/pack-led-indoor-80x80-duo-apollo-evolution-4,"",
sin-senal,https://astrogrowshop.cl/night-queen-auto-dutch-passion,"",
sin-senal,https://astrogrowshop.cl/some-sweet-fem-x32-medical-seeds,"",
sin-senal,https://astrogrowshop.cl/pack-basico-iluminacion-sodio-250w,"",
sin-senal,https://astrogrowshop.cl/micro-vita-top-crop,"",
sin-senal,https://astrogrowshop.cl/big-foot-fem-x31-sweet-seeds,"",
sin-senal,https://astrogrowshop.cl/aranitas-green-line-anasac,"",
sin-senal,https://astrogrowshop.cl/gorilla-sherbet-f1-x31-sweet-seeds,"",
sin-senal,https://astrogrowshop.cl/bcn-power-plant-fem-x3-seedstockers,"",
sin-senal,https://astrogrowshop.cl/star-players-rainbows-fem-x2-bsf,"",
sin-senal,https://astrogrowshop.cl/fastberry-auto-fast-buds,"",
sin-senal,https://astrogrowshop.cl/orange-bud-auto-dutch-passion,"",
sin-senal,https://astrogrowshop.cl/royal-runtz-usa-premium-fem-x3-royal-queen,"",
sin-senal,https://astrogrowshop.cl/muse-fem-x3-rkiem-seeds,"",
sin-senal,https://astrogrowshop.cl/purple-lemonade-auto-fast-buds,"",
sin-senal,https://astrogrowshop.cl/northern-lights-fem-pyramid-seeds,"",
sin-senal,https://astrogrowshop.cl/pack-basico-iluminacion-sodio-400w,"",
sin-senal,https://astrogrowshop.cl/do-sweet-dos-fem-x31-sweet-seeds,"",
sin-senal,https://astrogrowshop.cl/frooting-power-bac,"",
sin-senal,https://astrogrowshop.cl/root-juice-biobizz,"",
sin-senal,https://astrogrowshop.cl/amazon-auto-x5-rkiem-seeds,"",
sin-senal,https://astrogrowshop.cl/think-big-auto-dutch-passion,"",
sin-senal,https://astrogrowshop.cl/michka-fem-x3-sensi-seeds,"",
sin-senal,https://astrogrowshop.cl/cream-mandarine-auto-x31-sweet-seeds,"",
sin-senal,https://astrogrowshop.cl/pack-basico-iluminacion-sodio-600w,"",
sin-senal,https://astrogrowshop.cl/ak420-auto-x3-seedstockers,"",
sin-senal,https://astrogrowshop.cl/reflector-pearl-pro-prime-stuco-garden-highpro,"",
sin-senal,https://astrogrowshop.cl/bio-heaven-biobizz,"",
sin-senal,https://astrogrowshop.cl/ampolleta-hps-400w-hortilight,"",
sin-senal,https://astrogrowshop.cl/mexican-airlines-auto-x3-fast-buds,"",
sin-senal,https://astrogrowshop.cl/legendary-og-punch-usa-premium-fem-x3-royal-queen,"",
sin-senal,https://astrogrowshop.cl/white-widow-auto-dutch-passion,"",
sin-senal,https://astrogrowshop.cl/leaf-coat-aspesor-biobizz,"",
sin-senal,https://astrogrowshop.cl/fast-bud-auto-x31-sweet-seeds,"",
sin-senal,https://astrogrowshop.cl/cream-caramel-auto-sweet-seeds,"",
sin-senal,https://astrogrowshop.cl/moby-dick-fem-x3-seedstockers,"",
sin-senal,https://astrogrowshop.cl/green-poison-f1-fem-sweet-seeds,"",
sin-senal,https://astrogrowshop.cl/blueberry-auto-dutch-passion,"",
sin-senal,https://astrogrowshop.cl/sustrato-top-coco-50lt-top-crop,"",
sin-senal,https://astrogrowshop.cl/bruce-banner-auto-fast-buds,"",
sin-senal,https://astrogrowshop.cl/big-bud-coco-advanced-nutrients,"",
sin-senal,https://astrogrowshop.cl/medidor-ph-yellow,"",
sin-senal,https://astrogrowshop.cl/reflector-pearl-pro-xl-garden-highpro,"",
sin-senal,https://astrogrowshop.cl/pack-sodio-indoor-100x100-hps-400w-basico,"",
sin-senal,https://astrogrowshop.cl/runtz-fem-x3-seedstockers,"",
sin-senal,https://astrogrowshop.cl/honey-pech-cbd-auto-x31-sweet-seeds,"",
sin-senal,https://astrogrowshop.cl/lsd-25-auto-fast-buds,"",
sin-senal,https://astrogrowshop.cl/jack-flash-no-5-fem-x3-sensi-seeds,"",
sin-senal,https://astrogrowshop.cl/conchuelas-manual-anasac,"",
sin-senal,https://astrogrowshop.cl/pack-sodio-indoor-100x100-hps-400w-medio,"",
sin-senal,https://astrogrowshop.cl/delta-8-cbg,"",
sin-senal,https://astrogrowshop.cl/sativa-auto-mix-x12-seedstockers,"",
sin-senal,https://astrogrowshop.cl/carpa-120x120x200-cropbox,"",
sin-senal,https://astrogrowshop.cl/speedy-chile-fast-fem-royal-queen,"",
sin-senal,https://astrogrowshop.cl/auto-mazar-x3-dutch-passion,"",
sin-senal,https://astrogrowshop.cl/reflector-cooltube-125x400mm-the-pure-factory,"",
sin-senal,https://astrogrowshop.cl/sweet-skunk-f1-fem-sweet-seeds,"",
sin-senal,https://astrogrowshop.cl/pack-sodio-120x120-basico-hps-600w,"",
sin-senal,https://astrogrowshop.cl/sticky-fingers-auto-x3-seedstockers,"",
sin-senal,https://astrogrowshop.cl/sweet-nurse-cbd-auto-x31-sweet-seeds,"",
sin-senal,https://astrogrowshop.cl/orange-sherbet-auto-fast-buds,"",
sin-senal,https://astrogrowshop.cl/blueberry-fem-dutch-passion,"",
sin-senal,https://astrogrowshop.cl/forbidden-runtz-auto-fast-buds,"",
sin-senal,https://astrogrowshop.cl/acid-dough-fem-x3-ripper-seeds,"",
sin-senal,https://astrogrowshop.cl/reflector-cooltube-150x400mm-the-pure-factory,"",
sin-senal,https://astrogrowshop.cl/edicion-limitada-purple-punch-x-do-si-dos-fem-x3-ripper-seeds,"",
sin-senal,https://astrogrowshop.cl/big-devil-xl-auto-sweet-seeds,"",
sin-senal,https://astrogrowshop.cl/plato-cuadrado-negro-3lt,"",
sin-senal,https://astrogrowshop.cl/pack-sodio-120x120-medio-hps-600w,"",
sin-senal,https://astrogrowshop.cl/sweet-pure-cbd-auto%C2%AE-x31-sweet-seeds,"",
sin-senal,https://astrogrowshop.cl/top-bud-top-crop,"",
sin-senal,https://astrogrowshop.cl/carpas-de-cultivo-cropbox,"",
sin-senal,https://astrogrowshop.cl/afghani-n1-auto-x3-sensi-seeds,"",
sin-senal,https://astrogrowshop.cl/killer-kush-auto-x31-sweet-seeds,"",
sin-senal,https://astrogrowshop.cl/top-max-biobizz,"",
sin-senal,https://astrogrowshop.cl/ripper-haze-fem-x3-ripper-seeds,"",
sin-senal,https://astrogrowshop.cl/edicion-limitada-mendocino-purple-kush-x-white-widow-fem-x3-ripper-seeds,"",
sin-senal,https://astrogrowshop.cl/crystal-candy-auto-xl-sweet-seeds,"",
sin-senal,https://astrogrowshop.cl/pack-sodio-120x120-full-hps-600w,"",
sin-senal,https://astrogrowshop.cl/sticky-monkey-ggn4-fem-x3-seedstockers,"",
sin-senal,https://astrogrowshop.cl/chocolate-haze-fem-royal-queen,"",
sin-senal,https://astrogrowshop.cl/maceta-negra-2-lt,"",
sin-senal,https://astrogrowshop.cl/carpa-plus-cropbox,"",
sin-senal,https://astrogrowshop.cl/cbd-kush-fem-x3-dutch-passion,"",
sin-senal,https://astrogrowshop.cl/grow-genetics-balastro-magnetico-150w,"",
sin-senal,https://astrogrowshop.cl/early-skunk-auto-x3-sensi-seeds,"",
sin-senal,https://astrogrowshop.cl/mohan-ram-auto-x31-sweet-seeds,"",
sin-senal,https://astrogrowshop.cl/sour-ripper-fem-x3-ripper-seeds,"",
sin-senal,https://astrogrowshop.cl/balastro-electronico-400w-grow-genetics,"",
sin-senal,https://astrogrowshop.cl/pack-full-120x120-apollo-evolution-pro-16,"",
sin-senal,https://astrogrowshop.cl/sweet-cheese-auto-sweet-seeds,"",
sin-senal,https://astrogrowshop.cl/pack-60x60-led-quantum-lite-160w,"",
sin-senal,https://astrogrowshop.cl/do-si-dos-fem-pyramid-seeds,"",
sin-senal,https://astrogrowshop.cl/cupula-propagadora-para-cultivo-54x28x25,"",
sin-senal,https://astrogrowshop.cl/desfran-fem-dutch-passion,"",
sin-senal,https://astrogrowshop.cl/mohan-ram-fem-x31-sweet-seeds,"",
sin-senal,https://astrogrowshop.cl/washing-machine-fem-ripper-seeds,"",
sin-senal,https://astrogrowshop.cl/maceta-textil-19l-pure-pot,"",
sin-senal,https://astrogrowshop.cl/sweet-skunk-fem-x25-sweet-seeds,"",
sin-senal,https://astrogrowshop.cl/white-widow-fem-seedstockers,"",
sin-senal,https://astrogrowshop.cl/bruce-banner-auto-sweet-seeds,"",
sin-senal,https://astrogrowshop.cl/pack-led-indoor-80x80-apollo-evo-9-280w-full,"",
sin-senal,https://astrogrowshop.cl/kit-indoor-apollo-evolution-medio-80x80x160-280w,"",
sin-senal,https://astrogrowshop.cl/maceta-cuadrada-negra-165lt,"",
sin-senal,https://astrogrowshop.cl/mendocino-chanel-kush-fem-x32-medical-seeds,"",
sin-senal,https://astrogrowshop.cl/mother-gorilla-fem-x3-royal-queen,"",
sin-senal,https://astrogrowshop.cl/euforia-fem-dutch-passion,"",
sin-senal,https://astrogrowshop.cl/kosher-cake-auto-x3-fast-buds,"",
sin-senal,https://astrogrowshop.cl/bio-pallet-bio-korrels-bac,"",
sin-senal,https://astrogrowshop.cl/kmintz-fem-x3-ripper-seeds,"",
sin-senal,https://astrogrowshop.cl/promocion-xtreme-auto-x33-dutch-passion,"",
sin-senal,https://astrogrowshop.cl/sustrato-coco-mix-50lt-biobizz,"",
sin-senal,https://astrogrowshop.cl/pack-indoor-80x80-quantum-lite-240w-delight,"",
sin-senal,https://astrogrowshop.cl/kit-indoor-profesional-apollo-medio-80x80x160-300w,"",
sin-senal,https://astrogrowshop.cl/canadian-kush-20-fem-x32-medical-seeds,"",
sin-senal,https://astrogrowshop.cl/frisian-dew-fem-dutch-passion,"",
sin-senal,https://astrogrowshop.cl/2046-fem-x32-medical-seeds,"",
sin-senal,https://astrogrowshop.cl/ventilador-clip-fan-15cm5w-garden-highpro,"",
sin-senal,https://astrogrowshop.cl/bud-pack-top-crop,"",
sin-senal,https://astrogrowshop.cl/criminal-fem-x3-ripper-seeds,"",
sin-senal,https://astrogrowshop.cl/apollo-evolution-16-480w-delight,"",
sin-senal,https://astrogrowshop.cl/sugar-bomb-punch-fem-x3-dutch-passion,"",
sin-senal,https://astrogrowshop.cl/dream-team-mix-fem-x12-bsf,"",
sin-senal,https://astrogrowshop.cl/pack-led-indoor-100x100-apollo-evo-16-480w-full,"",
sin-senal,https://astrogrowshop.cl/watermelon-zkittez-fem-pyramid-seeds,"",
sin-senal,https://astrogrowshop.cl/sour-glue-fem-x32-medical-seeds,"",
sin-senal,https://astrogrowshop.cl/alga-mic-biobizz,"",
sin-senal,https://astrogrowshop.cl/nirvana-advanced-nutrients,"",
sin-senal,https://astrogrowshop.cl/frisian-duck-fem-dutch-passion,"",
sin-senal,https://astrogrowshop.cl/1024-fem-x32-medical-seeds,"",
sin-senal,https://astrogrowshop.cl/lemon-pie-auto-fast-buds,"",
sin-senal,https://astrogrowshop.cl/sad-fem-x31-sweet-seeds,"",
sin-senal,https://astrogrowshop.cl/badazz-fem-x3-ripper-seeds,"",
sin-senal,https://astrogrowshop.cl/apollo-evolution-9-280w-delight,"",
sin-senal,https://astrogrowshop.cl/dark-devil-red-family-auto-sweet-seeds,"",
sin-senal,https://astrogrowshop.cl/tropicanna-poison-f1-x31-sweet-seeds,"",
sin-senal,https://astrogrowshop.cl/kerosene-krash-fem-dutch-passion,"",
sin-senal,https://astrogrowshop.cl/red-line-auto-mix-x12-bsf,"",
sin-senal,https://astrogrowshop.cl/green-crack-auto-fast-buds,"",
sin-senal,https://astrogrowshop.cl/ducto-insonorizado-10mts,"",
sin-senal,https://astrogrowshop.cl/pack-full-120x120-duo-led-spectra-slim-400w,"",
sin-senal,https://astrogrowshop.cl/morpheus-fem-x31-buddha-seeds,"",
sin-senal,https://astrogrowshop.cl/watermelon-usa-premium-auto-x3-royal-queen,"",
sin-senal,https://astrogrowshop.cl/royal-cheese-fast-fem-royal-queen-seeds,"",
sin-senal,https://astrogrowshop.cl/glueberry-og-fem-dutch-passion,"",
sin-senal,https://astrogrowshop.cl/bcn-sour-diesel-fem-x32-medical-seeds,"",
sin-senal,https://astrogrowshop.cl/tijeras-procut-1-eye-scissors-garden-highpro,"",
sin-senal,https://astrogrowshop.cl/speed-auto-x31-sweet-seeds,"",
sin-senal,https://astrogrowshop.cl/apollo-evolution-4-127w-delight,"",
sin-senal,https://astrogrowshop.cl/top-roots-top-crop,"",
sin-senal,https://astrogrowshop.cl/obg-kush-fast-version-fem-bsf,"",
sin-senal,https://astrogrowshop.cl/cable-de-extension-macho-a-hembra-15mt-delight,"",
sin-senal,https://astrogrowshop.cl/lsd-25-auto-x5-fast-buds-1,"",
sin-senal,https://astrogrowshop.cl/pack-120x120-duo-led-spectra-slim-400w,"",
sin-senal,https://astrogrowshop.cl/stress-killer-auto-cbd-x3-royal-queen,"",
sin-senal,https://astrogrowshop.cl/do-g-fem-x3-ripper-seeds,"",
sin-senal,https://astrogrowshop.cl/termohigrometro-medipro-guardian-garden-highpro,"",
sin-senal,https://astrogrowshop.cl/skunk-haze-cbd-fem-dutch-passion,"",
sin-senal,https://astrogrowshop.cl/hollands-hope-fem-dutch-passion,"",
sin-senal,https://astrogrowshop.cl/channel-fem-x32-medical-seeds,"",
sin-senal,https://astrogrowshop.cl/mimosa-cake-auto-fast-buds,"",
sin-senal,https://astrogrowshop.cl/royal-dwarf-fem-x1-royal-queen-seeds,"",
sin-senal,https://astrogrowshop.cl/acti-vera-biobizz,"",
sin-senal,https://astrogrowshop.cl/red-mandarine-f1-fem-x31-sweet-seeds,"",
sin-senal,https://astrogrowshop.cl/cotton-candy-fem-x3-delicious-seeds,"",
sin-senal,https://astrogrowshop.cl/pk-1314-top-crop,"",
sin-senal,https://astrogrowshop.cl/plato-cuadrado-maceta-18cm,"",
sin-senal,https://astrogrowshop.cl/green-tiger-fast-version-fem-x4-bsf,"",
sin-senal,https://astrogrowshop.cl/blackberry-auto-fast-buds,"",
sin-senal,https://astrogrowshop.cl/kit-indoor-apollo-evolution-inicial-100x100x200-480w,"",
sin-senal,https://astrogrowshop.cl/nord-pod-smok,"",
sin-senal,https://astrogrowshop.cl/candy-dawg-auto-x3-seedstockers,"",
sin-senal,https://astrogrowshop.cl/watermelon-usa-premium-auto-x1-royal-queen-seeds,"",
sin-senal,https://astrogrowshop.cl/crystal-meth-auto-fast-buds,"",
sin-senal,https://astrogrowshop.cl/blackberry-kush-cbd-auto-dutch-passion,"",
sin-senal,https://astrogrowshop.cl/devil-fruit-fem-x32-medical-seeds,"",
sin-senal,https://astrogrowshop.cl/purple-punch-auto-fast-buds,"",
sin-senal,https://astrogrowshop.cl/connoisseur-bloom-parte-ab-advanced-nutrients,"",
sin-senal,https://astrogrowshop.cl/red-poison-red-family-auto-sweet-seeds,"",
sin-senal,https://astrogrowshop.cl/transparent-base-water-green-300ml-airtight,"",
sin-senal,https://astrogrowshop.cl/extractor-en-linea-helicoidal-150mm-cornwall-electronics,"",
sin-senal,https://astrogrowshop.cl/carpa-probox-ecopro-garden-highpro,"",
sin-senal,https://astrogrowshop.cl/ducto-aluminio-5mts-152mm,"",
sin-senal,https://astrogrowshop.cl/kit-indoor-profesional-apollo-inicial-100x100x200-480w,"",
sin-senal,https://astrogrowshop.cl/hulkberry-usa-premium-auto-x3-royal-queen,"",
sin-senal,https://astrogrowshop.cl/six-shooter-auto-fast-buds,"",
sin-senal,https://astrogrowshop.cl/red-cross-cbd-fem-x32-medical-seeds,"",
sin-senal,https://astrogrowshop.cl/night-queen-fem-x3-dutch-passion,"",
sin-senal,https://astrogrowshop.cl/jack-la-mota-fem-x32-medical-seeds,"",
sin-senal,https://astrogrowshop.cl/sweet-mix-fem-x10-sweet-seeds,"",
sin-senal,https://astrogrowshop.cl/pack-led-indoor-60x60-apollo-evo-4-120w-full,"",
sin-senal,https://astrogrowshop.cl/full-solid-black-300ml-airtight,"",
sin-senal,https://astrogrowshop.cl/pack-sodio-indoor-60x60-basico-hps-250w,"",
sin-senal,https://astrogrowshop.cl/manicuradora-manual-40cm-trimmer,"",
sin-senal,https://astrogrowshop.cl/rhino-skin-advanced-nutrients,"",
sin-senal,https://astrogrowshop.cl/kit-indoor-apollo-evolution-medio-100x100x200-480w,"",
sin-senal,https://astrogrowshop.cl/rejilla-pyrex-borosilicato,"",
sin-senal,https://astrogrowshop.cl/malakoff-fem-x32-medical-seeds,"",
sin-senal,https://astrogrowshop.cl/sweet-special-auto-x31-sweet-seeds,"",
sin-senal,https://astrogrowshop.cl/full-solid-pink-300ml-airtight,"",
sin-senal,https://astrogrowshop.cl/pack-sodio-indoor-60x60-full-250w-hps,"",
sin-senal,https://astrogrowshop.cl/balastro-magnetico-lumaxpro-600w-garden-highpro,"",
sin-senal,https://astrogrowshop.cl/wedding-cheesecake-fem-buddha-seeds,"",
sin-senal,https://astrogrowshop.cl/balastro-digital-lumaxpro-400w-garden-highpro,"",
sin-senal,https://astrogrowshop.cl/kit-indoor-profesional-apollo-medio-100x100x200-480w,"",
sin-senal,https://astrogrowshop.cl/west-coast-og-auto-fast-buds,"",
sin-senal,https://astrogrowshop.cl/jamaican-dream-cbd-x31-eva-seeds,"",
sin-senal,https://astrogrowshop.cl/orange-hill-special-fem-dutch-passion,"",
sin-senal,https://astrogrowshop.cl/mendocino-purple-kush-fem-x32-medical-seeds,"",
sin-senal,https://astrogrowshop.cl/white-widow-fem-x3-royal-queen-seeds,"",
sin-senal,https://astrogrowshop.cl/transparent-base-black-300ml-airtight,"",
sin-senal,https://astrogrowshop.cl/pack-sodio-indoor-100x100-full-hps-400w,"",
sin-senal,https://astrogrowshop.cl/zkitt-auto-x31-buddha-seeds,"",
sin-senal,https://astrogrowshop.cl/plato-cuadrado-negro,"",
sin-senal,https://astrogrowshop.cl/slh-fem-x4-bsf,"",
sin-senal,https://astrogrowshop.cl/kit-indoor-apollo-evolution-completo-100x100x200-480w,"",
sin-senal,https://astrogrowshop.cl/green-gelato-usa-premium-auto-x3-royal-queen,"",
sin-senal,https://astrogrowshop.cl/maceta-carbon-28x26cm-16lt-root-pouch,"",
sin-senal,https://astrogrowshop.cl/mokums-tulip-auto-x3-dutch-passion,"",
sin-senal,https://astrogrowshop.cl/leaf-coat-recarga-biobizz,"",
sin-senal,https://astrogrowshop.cl/no-name-fem-x32-medical-seeds,"",
sin-senal,https://astrogrowshop.cl/extractor-profan-tt-100mm-garden-highpro,"",
sin-senal,https://astrogrowshop.cl/fat-banana-fem-royal-queen-seeds,"",
sin-senal,https://astrogrowshop.cl/black-cream-auto-x31-sweet-seeds,"",
sin-senal,https://astrogrowshop.cl/transparent-base-red-120ml-airtight,"",
sin-senal,https://astrogrowshop.cl/ducto-aluminio-flex-152mm-1m,"",
sin-senal,https://astrogrowshop.cl/starters-pack-biobizz,"",
sin-senal,https://astrogrowshop.cl/kit-indoor-profesional-apollo-completo-100x100x200-480w,"",
sin-senal,https://astrogrowshop.cl/top-barrier-top-crop,"",
sin-senal,https://astrogrowshop.cl/full-solid-blue-120ml-airtight,"",
sin-senal,https://astrogrowshop.cl/skunk-n11-fem-dutch-passion,"",
sin-senal,https://astrogrowshop.cl/prozack-fem-x32-medical-seeds,"",
sin-senal,https://astrogrowshop.cl/wedding-cheescake-auto-fast-buds,"",
sin-senal,https://astrogrowshop.cl/transparent-base-black-120ml-airtight,"",
sin-senal,https://astrogrowshop.cl/star-payers-pineapple-larry-og-fem-x4-bsf,"",
sin-senal,https://astrogrowshop.cl/top-candy-top-crop,"",
sin-senal,https://astrogrowshop.cl/calmag-elite-91,"",
sin-senal,https://astrogrowshop.cl/sweet-skunk-auto-sweet-seeds,"",
sin-senal,https://astrogrowshop.cl/full-solid-black-650ml-airtight,"",
sin-senal,https://astrogrowshop.cl/starryder-auto-x3-dutch-passion,"",
sin-senal,https://astrogrowshop.cl/white-widow-fem-x32-medical-seeds,"",
sin-senal,https://astrogrowshop.cl/wedding-glue-auto-fast-buds,"",
sin-senal,https://astrogrowshop.cl/sweet-zkittlez-fem-x3-royal-queen-seeds,"",
sin-senal,https://astrogrowshop.cl/cream-caramel-fem-sweet-seeds,"",
sin-senal,https://astrogrowshop.cl/pulverizador-manual-1lt-anasac,"",
sin-senal,https://astrogrowshop.cl/californian-snow-auto-fast-buds,"",
sin-senal,https://astrogrowshop.cl/fertilizante-de-floracion-b-wonderland,"",
sin-senal,https://astrogrowshop.cl/darth-haze-fem-x2-bsf,"",
sin-senal,https://astrogrowshop.cl/kit-indoor-apollo-evolution-inicial-120x120x200-480w,"",
sin-senal,https://astrogrowshop.cl/rhino-ryder-auto-fast-buds,"",
sin-senal,https://astrogrowshop.cl/gelato-41-fast-fem-x3-seedstockers,"",
sin-senal,https://astrogrowshop.cl/transparent-base-red-60ml-airtight,"",
sin-senal,https://astrogrowshop.cl/y-griega-cbd-fem-x32-medical-seeds,"",
sin-senal,https://astrogrowshop.cl/polvo-calibrador-ph-pack-686-401-918,"",
sin-senal,https://astrogrowshop.cl/green-punch-fem-royal-queen-seeds,"",
sin-senal,https://astrogrowshop.cl/pack-de-cultivo-exterior-magnum,"",
sin-senal,https://astrogrowshop.cl/grapefruit-auto-fast-buds,"",
sin-senal,https://astrogrowshop.cl/dealer-deal-xxl-auto-x12-bsf,"",
sin-senal,https://astrogrowshop.cl/kit-indoor-profesional-apollo-inicial-120x120x200-480w,"",
sin-senal,https://astrogrowshop.cl/tripack-top-crop,"",
sin-senal,https://astrogrowshop.cl/full-solid-black-60ml-airtight,"",
sin-senal,https://astrogrowshop.cl/lemon-shining-silver-haze-fem-x1-royal-queen,"",
sin-senal,https://astrogrowshop.cl/sustrato-heavy-mix-50lt-top-crop,"",
sin-senal,https://astrogrowshop.cl/xtreme-auto-x3-dutch-passion,"",
sin-senal,https://astrogrowshop.cl/royal-cheese-auto-x3-royal-queen-seeds,"",
sin-senal,https://astrogrowshop.cl/tropicanna-poison-xl-auto-x31-sweet-seeds,"",
sin-senal,https://astrogrowshop.cl/k-bloom-wonderland,"",
sin-senal,https://astrogrowshop.cl/kit-basico-indoor-sodio-80x80x160-250w,"",
sin-senal,https://astrogrowshop.cl/box-s20-edicion-aniversario-venty-enigma,"",
sin-senal,https://astrogrowshop.cl/reflector-protube-l-150mm-garden-highpro,"",
sin-senal,https://astrogrowshop.cl/gummy-molds-10ml-magical-butter,"",
sin-senal,https://astrogrowshop.cl/rktr-generador-co2-reaktor,"",
sin-senal,https://astrogrowshop.cl/royal-ak-fem-royal-queen-seeds,"",
sin-senal,https://astrogrowshop.cl/halloween-candy-auto-x3-1-strain-machine,"",
sin-senal,https://astrogrowshop.cl/royal-skywalker-fem-x3-royal-queen-seeds,"",
sin-senal,https://astrogrowshop.cl/microbes-150gr-biobizz,"",
sin-senal,https://astrogrowshop.cl/algae-plus-wonderland,"",
sin-senal,https://astrogrowshop.cl/kit-medio-indoor-sodio-80x80x160-250w,"",
sin-senal,https://astrogrowshop.cl/gummy-molds-8ml-magical-butter,"",
sin-senal,https://astrogrowshop.cl/gorilla-glue-faster-fem-bsf,"",
sin-senal,https://astrogrowshop.cl/sweet-amnesia-haze-xl-auto-sweet-seeds,"",
sin-senal,https://astrogrowshop.cl/haze-berry-fem-royal-queen-seeds,"",
sin-senal,https://astrogrowshop.cl/bug-buster-control-de-plagas-high-ground,"",
sin-senal,https://astrogrowshop.cl/wedding-crasher-usa-premium-fem-royal-queen,"",
sin-senal,https://astrogrowshop.cl/pine-tar-kush-le-x4-bsf,"",
sin-senal,https://astrogrowshop.cl/medical-runtz-fem-x32-medical-seeds,"",
sin-senal,https://astrogrowshop.cl/halloween-candy-fem-x3-strain-machine,"",
sin-senal,https://astrogrowshop.cl/tutankhamon-fem-pyramid-seeds,"",
sin-senal,https://astrogrowshop.cl/top-vulcan-top-crop,"",
sin-senal,https://astrogrowshop.cl/jabon-potasico-nk-pro-essence,"",
sin-senal,https://astrogrowshop.cl/kit-full-indoor-sodio-80x80x160-250w,"",
sin-senal,https://astrogrowshop.cl/punto-rojo-auto-delirium-seeds,"",
sin-senal,https://astrogrowshop.cl/4-pack-glove-3-filters-magical-butter,"",
sin-senal,https://astrogrowshop.cl/box-reto-fumetas-cyber-xl-enigma,"",
sin-senal,https://astrogrowshop.cl/ducto-insonorizado-5mts-127mm,"",
sin-senal,https://astrogrowshop.cl/joannes-cbd-fem-royal-queen-seeds,"",
sin-senal,https://astrogrowshop.cl/sweet-cheese-fem%C2%AE-x31-sweet-seeds,"",
sin-senal,https://astrogrowshop.cl/fast-eddy-cbd-auto-royal-queen-seeds,"",
sin-senal,https://astrogrowshop.cl/hawaiian-shark-fem-x3-1-strain-machine,"",
sin-senal,https://astrogrowshop.cl/pack-flora-engorde-wonderland-starter,"",
sin-senal,https://astrogrowshop.cl/moby-d-fem-bsf,"",
sin-senal,https://astrogrowshop.cl/cable-de-extension-macho-a-hembra-20mt-delight,"",
sin-senal,https://astrogrowshop.cl/raizer-wonderland,"",
sin-senal,https://astrogrowshop.cl/orange-bud-auto-x3-2x1-dutch-passion,"",
sin-senal,https://astrogrowshop.cl/kit-basico-light-indoor-sodio-80x80x160-250w,"",
sin-senal,https://astrogrowshop.cl/measuring-cups-magical-butter,"",
sin-senal,https://astrogrowshop.cl/fade-athena,"",
sin-senal,https://astrogrowshop.cl/esencia-tobacco-30ml-tropic-novo,"",
sin-senal,https://astrogrowshop.cl/green-poison-cbd-fem-sweet-seeds,"",
sin-senal,https://astrogrowshop.cl/pine-tar-kush-le-bsf,"",
sin-senal,https://astrogrowshop.cl/lennon-auto-x1-pyramid-seeds,"",
sin-senal,https://astrogrowshop.cl/monster-yeti-fem-x3-1-strain-machine,"",
sin-senal,https://astrogrowshop.cl/pack-flora-engorde-wonderland-medio,"",
sin-senal,https://astrogrowshop.cl/cable-de-extension-macho-a-hembra-25mt-delight,"",
sin-senal,https://astrogrowshop.cl/big-vegeta-wonderland,"",
sin-senal,https://astrogrowshop.cl/mac-n1-auto-x3-dutch-passion,"",
sin-senal,https://astrogrowshop.cl/kit-full-light-indoor-sodio-80x80x160-250w,"",
sin-senal,https://astrogrowshop.cl/pack-ventilacion-full-125mm-460m3h,"",
sin-senal,https://astrogrowshop.cl/mango-crunch-reg-x10-royal-queen-seeds,"",
sin-senal,https://astrogrowshop.cl/white-widow-auto-royal-queen-seeds,"",
sin-senal,https://astrogrowshop.cl/northern-lights-auto-pyramid-seeds,"",
sin-senal,https://astrogrowshop.cl/monster-yeti-xl-auto-x3-1-strain-machine,"",
sin-senal,https://astrogrowshop.cl/painkiller-xl-cbd-fem-x3-royal-queen-seeds,"",
sin-senal,https://astrogrowshop.cl/pack-flora-engorde-wonderland-completo,"",
sin-senal,https://astrogrowshop.cl/soil-a-b-top-crop,"",
sin-senal,https://astrogrowshop.cl/pk-athena,"",
sin-senal,https://astrogrowshop.cl/fertilizante-radicular-vegetativo-a-wonderland,"",
sin-senal,https://astrogrowshop.cl/oh-my-gusher-auto-dutch-passion,"",
sin-senal,https://astrogrowshop.cl/nord-pod-no-coil-included-smok,"",
sin-senal,https://astrogrowshop.cl/kit-basico-probox-indoor-sodio-80x80x160-250w,"",
sin-senal,https://astrogrowshop.cl/delirium-ak-auto-delirium-seeds,"",
sin-senal,https://astrogrowshop.cl/mimosa-bruce-banner-xl-auto-sweet-seeds,"",
sin-senal,https://astrogrowshop.cl/pack-ventilacion-experto-125mm-460m3h,"",
sin-senal,https://astrogrowshop.cl/esencia-grape-30ml-tropic-novo,"",
sin-senal,https://astrogrowshop.cl/bio-flores-canna,"",
sin-senal,https://astrogrowshop.cl/marula-fruit-reg-x10-royal-queen-seeds,"",
sin-senal,https://astrogrowshop.cl/tutores-plasticos-70cm-10-und,"",
sin-senal,https://astrogrowshop.cl/green-gelato-usa-premium-fem-x3-royal-queen,"",
sin-senal,https://astrogrowshop.cl/northern-lights-x-amnesia-fem-x3-strain-machine,"",
sin-senal,https://astrogrowshop.cl/pack-all-mix-20lt-y-macetas-11-lt,"",
sin-senal,https://astrogrowshop.cl/tripack-organico-base-alga-250ml-wonderland,"",
sin-senal,https://astrogrowshop.cl/sfv-og-auto-x3-dutch-passion,"",
sin-senal,https://astrogrowshop.cl/kit-full-probox-indoor-sodio-80x80x160-250w,"",
sin-senal,https://astrogrowshop.cl/pack-ventilacion-medio-125mm-600m3h,"",
sin-senal,https://astrogrowshop.cl/esencia-mint-30ml-tropic-novo,"",
sin-senal,https://astrogrowshop.cl/lunar-haze-fem-x31-the-wolf-seeds,"",
sin-senal,https://astrogrowshop.cl/bio-vega-canna,"",
sin-senal,https://astrogrowshop.cl/northern-light-auto-x10-royal-queen,"",
sin-senal,https://astrogrowshop.cl/white-widow-new-reg-x10-royal-queen-seeds,"",
sin-senal,https://astrogrowshop.cl/tutores-plasticos-120cm-10-und,"",
sin-senal,https://astrogrowshop.cl/new-york-city-diesel-x-bubba-kush-fem-x3-strain-machine,"",
sin-senal,https://astrogrowshop.cl/royal-haze-auto-royal-queen-seeds,"",
sin-senal,https://astrogrowshop.cl/pack-light-mix-20lt-y-macetas-11-lt,"",
sin-senal,https://astrogrowshop.cl/obg-kush-fast-fem-bsf,"",
sin-senal,https://astrogrowshop.cl/giant-buds-pk52-34-wonderland,"",
sin-senal,https://astrogrowshop.cl/jeringa-60cc-punta-aguja-luer,"",
sin-senal,https://astrogrowshop.cl/red-rapper-auto-delirium-seeds,"",
sin-senal,https://astrogrowshop.cl/pack-ventilacion-full-125mm-600m3h,"",
sin-senal,https://astrogrowshop.cl/esencia-orange-30ml-tropic-novo,"",
sin-senal,https://astrogrowshop.cl/silver-fang-fem-x31-the-wolf-seeds,"",
sin-senal,https://astrogrowshop.cl/sherbet-queen-usa-fem-x1-royal-queen-seeds,"",
sin-senal,https://astrogrowshop.cl/northern-light-fem-royal-queen,"",
sin-senal,https://astrogrowshop.cl/boost-accelerator-canna,"",
sin-senal,https://astrogrowshop.cl/herijuana-le-bsf,"",
sin-senal,https://astrogrowshop.cl/tutores-plasticos-150cm-10-und,"",
sin-senal,https://astrogrowshop.cl/pineapple-express-auto-x3-strain-machine,"",
sin-senal,https://astrogrowshop.cl/pack-all-mix-20lt-y-macetas-7-lt,"",
sin-senal,https://astrogrowshop.cl/fast-food-organico-bac,"",
sin-senal,https://astrogrowshop.cl/pineaple-larry-og-fem-bsf,"",
sin-senal,https://astrogrowshop.cl/abrazadera-metalica-grow-genetics,"",
sin-senal,https://astrogrowshop.cl/pack-ventilacion-experto-125mm-600m3h,"",
sin-senal,https://astrogrowshop.cl/cheese-xl-auto-x31-sweet-seeds,"",
sin-senal,https://astrogrowshop.cl/sweet-pure-cbd-fem-x31-sweet-seeds,"",
sin-senal,https://astrogrowshop.cl/pineapple-kush-fem-royal-queen-seeds,"",
sin-senal,https://astrogrowshop.cl/alpha-blue-f1-fem-x31-the-wolf-seeds,"",
sin-senal,https://astrogrowshop.cl/pk-1314-canna,"",
sin-senal,https://astrogrowshop.cl/og-24k-fem-edicion-limitada-x10-bsf,"",
sin-senal,https://astrogrowshop.cl/abrazadera-205mm,"",
sin-senal,https://astrogrowshop.cl/purple-lemon-8-fem-x3-1-strain-machine,"",
sin-senal,https://astrogrowshop.cl/watermelon-fem-x3-royal-queen-seeds,"",
sin-senal,https://astrogrowshop.cl/pack-light-mix-20lt-y-macetas-7-lt,"",
sin-senal,https://astrogrowshop.cl/calmag-athena,"",
sin-senal,https://astrogrowshop.cl/bipack-wonderland,"",
sin-senal,https://astrogrowshop.cl/pack-ventilacion-inicial-150mm-460m3h,"",
sin-senal,https://astrogrowshop.cl/wonder-candy-wonderland,"",
sin-senal,https://astrogrowshop.cl/mix-delirium-crack-fast-version-delirium-seeds,"",
sin-senal,https://astrogrowshop.cl/power-flower-fem-x1-royal-queen,"",
sin-senal,https://astrogrowshop.cl/wild-timber-f1-fem-x31-the-wolf-seeds,"",
sin-senal,https://astrogrowshop.cl/amnesia-haze-auto-royal-queen,"",
sin-senal,https://astrogrowshop.cl/propagadora-biodegradable-58cc-10un-jiffy,"",
sin-senal,https://astrogrowshop.cl/chem-bomb-auto-x3-humboldt-seeds,"",
sin-senal,https://astrogrowshop.cl/fat-banana-usa-premium-fem-x3-royal-queen-seeds,"",
sin-senal,https://astrogrowshop.cl/purple-punch-auto-x3-1-strain-machine,"",
sin-senal,https://astrogrowshop.cl/pack-all-mix-50lt-y-macetas-18-lt,"",
sin-senal,https://astrogrowshop.cl/tripack-250ml-wonderland,"",
sin-senal,https://astrogrowshop.cl/skunk-pop-culture-auto-delirium-seeds,"",
sin-senal,https://astrogrowshop.cl/pack-ventilacion-medio-150mm-460m3h,"",
sin-senal,https://astrogrowshop.cl/gel-900gr-zerumpro,"",
sin-senal,https://astrogrowshop.cl/seeds-box-xs-x100-enigma,"",
sin-senal,https://astrogrowshop.cl/pumpkin-kush-reg-x10-royal-queen-seeds,"",
sin-senal,https://astrogrowshop.cl/maceta-biodegradable-99cc-10un-jiffy,"",
sin-senal,https://astrogrowshop.cl/skunk-auto-x31-buddha-seeds,"",
sin-senal,https://astrogrowshop.cl/condor-auto-rkiem-seeds,"",
sin-senal,https://astrogrowshop.cl/hulkberry-usa-premium-fem-x3-royal-queen-seeds,"",
sin-senal,https://astrogrowshop.cl/sweet-zz-usa-premium-fem-x3-royal-queen,"",
sin-senal,https://astrogrowshop.cl/pack-light-mix-50lt-y-macetas-18-lt,"",
sin-senal,https://astrogrowshop.cl/super-lemon-haze-fem-bsf,"",
sin-senal,https://astrogrowshop.cl/balance-athena,"",
sin-senal,https://astrogrowshop.cl/pack-ventilacion-full-150mm-460m3h,"",
sin-senal,https://astrogrowshop.cl/purple-punch-usa-premium-auto-royal-queen,"",
sin-senal,https://astrogrowshop.cl/blue-berry-auto-bsf,"",
sin-senal,https://astrogrowshop.cl/maceta-biodegradable-430cc-10un-jiffy,"",
sin-senal,https://astrogrowshop.cl/satin-black-domina-cbd-fem-x3-sensi-seeds,"",
sin-senal,https://astrogrowshop.cl/lemon-shining-silver-haze-fem-x3-royal-queen-seeds,"",
sin-senal,https://astrogrowshop.cl/sherbet-x-wifi-og-fem-x3-strain-machine,"",
sin-senal,https://astrogrowshop.cl/tangie-fem-x4-bsf-1,"",
sin-senal,https://astrogrowshop.cl/bloom-ab-athena,"",
sin-senal,https://astrogrowshop.cl/sweetbloom-wonderland,"",
sin-senal,https://astrogrowshop.cl/medical-cbd-auto-delirium-seeds,"",
sin-senal,https://astrogrowshop.cl/pack-ventilacion-experto-150mm-460m3h,"",
sin-senal,https://astrogrowshop.cl/medidor-ph-red,"",
sin-senal,https://astrogrowshop.cl/purple-lemonade-ff-fast-buds,"",
sin-senal,https://astrogrowshop.cl/mix-leyendas-fast-version-delirium-seeds,"",
sin-senal,https://astrogrowshop.cl/purple-queen-usa-premium-auto-royal-queen,"",
sin-senal,https://astrogrowshop.cl/esquinero-carpa-indoor,"",
sin-senal,https://astrogrowshop.cl/white-widow-classics-auto-x31-buddha-seeds,"",
sin-senal,https://astrogrowshop.cl/kit-inicial-cultivo-auto,"",
sin-senal,https://astrogrowshop.cl/tangie-xl-auto-x3-1-strain-machine,"",
sin-senal,https://astrogrowshop.cl/stack-athena,"",
sin-senal,https://astrogrowshop.cl/amnesia-auto-seedstockers,"",
sin-senal,https://astrogrowshop.cl/pack-ventilacion-inicial-100mm,"",
sin-senal,https://astrogrowshop.cl/clean-me-detox-organic-biolab,"",
sin-senal,https://astrogrowshop.cl/pack-pastillas-jiffy-7-52un-42x63mm-jiffy,"",
sin-senal,https://astrogrowshop.cl/critical-classics-auto-x31-buddha-seeds,"",
sin-senal,https://astrogrowshop.cl/tropicanna-lemon-auto-x3-1-strain-machine,"",
sin-senal,https://astrogrowshop.cl/kit-quantum-basico-ecopro-80x80,"",
sin-senal,https://astrogrowshop.cl/pack-canna-250ml,"",
sin-senal,https://astrogrowshop.cl/fungi-wonderland,"",
sin-senal,https://astrogrowshop.cl/punto-morado-auto-delirium-seeds,"",
sin-senal,https://astrogrowshop.cl/pack-ventilacion-medio-100mm,"",
sin-senal,https://astrogrowshop.cl/black-domina-fem-x10,"",
sin-senal,https://astrogrowshop.cl/gg4-sherbet-ff-fast-buds,"",
sin-senal,https://astrogrowshop.cl/grizzly-purple-kush-fem-x3-blimburn-seeds,"",
sin-senal,https://astrogrowshop.cl/critical-2-xxl-auto-bsf,"",
sin-senal,https://astrogrowshop.cl/papel-celulosa-hornet,"",
sin-senal,https://astrogrowshop.cl/bio-rhizotonic-canna,"",
sin-senal,https://astrogrowshop.cl/snow-bud-fem-dutch-passion,"",
sin-senal,https://astrogrowshop.cl/kit-medio-all-mix-fem,"",
sin-senal,https://astrogrowshop.cl/somango-xl-fem-royal-queen-seeds,"",
sin-senal,https://astrogrowshop.cl/watermelon-auto-x3-1-strain-machine,"",
sin-senal,https://astrogrowshop.cl/kit-quantum-medio-ecopro-80x80,"",
sin-senal,https://astrogrowshop.cl/pack-canna-completo-500-ml-y-250ml,"",
sin-senal,https://astrogrowshop.cl/big-bud-auto-seedstockers,"",
sin-senal,https://astrogrowshop.cl/pack-ventilacion-full-100mm,"",
sin-senal,https://astrogrowshop.cl/gsc-x-tangie-fem-x10,"",
sin-senal,https://astrogrowshop.cl/wedding-cheesecake-fast-flowering-fem32-fast-buds,"",
sin-senal,https://astrogrowshop.cl/pack-maceta-cuadrada-negra-11lt-x-10,"",
sin-senal,https://astrogrowshop.cl/tijera-poda-punta-recta-neptune-hydroponics,"",
sin-senal,https://astrogrowshop.cl/purplematic-cbd-auto-royal-queen-seeds,"",
sin-senal,https://astrogrowshop.cl/kit-medio-all-mix-auto,"",
sin-senal,https://astrogrowshop.cl/royal-highness-cbd-fem-royal-queen-seeds,"",
sin-senal,https://astrogrowshop.cl/zkittlez-fem-x31-strain-machine,"",
sin-senal,https://astrogrowshop.cl/bolsa-almacenaje-y-curado-grove-bags,"",
sin-senal,https://astrogrowshop.cl/synergy-grotek,"",
sin-senal,https://astrogrowshop.cl/kit-quantum-medio-20-ecopro-80x80,"",
sin-senal,https://astrogrowshop.cl/pack-canna-bases-1lt,"",
sin-senal,https://astrogrowshop.cl/sixshot-wonderland,"",
sin-senal,https://astrogrowshop.cl/mix-hollywood-vibe-auto-x8-delirium-seeds,"",
sin-senal,https://astrogrowshop.cl/pack-ventilacion-experto-100mm,"",
sin-senal,https://astrogrowshop.cl/o-diesel-x-unknown-strain-fem-x10,"",
sin-senal,https://astrogrowshop.cl/pack-maceta-cuadrada-negra-11lt-x-20,"",
sin-senal,https://astrogrowshop.cl/terra-flores-canna,"",
sin-senal,https://astrogrowshop.cl/kit-medio-light-mix-fem,"",
sin-senal,https://astrogrowshop.cl/zkittlez-x-purple-punch-fem-x3-strain-machine,"",
sin-senal,https://astrogrowshop.cl/gro-silic-grotek,"",
sin-senal,https://astrogrowshop.cl/kit-quantum-intermedio-20-ecopro-80x80,"",
sin-senal,https://astrogrowshop.cl/pack-canna-bases-500ml,"",
sin-senal,https://astrogrowshop.cl/moby-dick-auto-seedstockers,"",
sin-senal,https://astrogrowshop.cl/pack-parafernalia-infaltable-medio-dulce,"",
sin-senal,https://astrogrowshop.cl/pack-ventilacion-inicial-20-100mm,"",
sin-senal,https://astrogrowshop.cl/crystal-candy-n4-x-oldschool-skunk-fem-x10,"",
sin-senal,https://astrogrowshop.cl/pack-maceta-cuadrada-negra-11lt-x-30,"",
sin-senal,https://astrogrowshop.cl/amg-fem-royal-queen-seeds,"",
sin-senal,https://astrogrowshop.cl/royal-ak-auto-royal-queen,"",
sin-senal,https://astrogrowshop.cl/terra-vega-canna,"",
sin-senal,https://astrogrowshop.cl/calamity-jane-auto-x31-buddha-seeds,"",
sin-senal,https://astrogrowshop.cl/kit-medio-light-mix-auto,"",
sin-senal,https://astrogrowshop.cl/sour-diesel-fem-x1-royal-queen-seeds,"",
sin-senal,https://astrogrowshop.cl/kit-quantum-full-20-ecopro-80x80,"",
sin-senal,https://astrogrowshop.cl/cleanse-athena,"",
sin-senal,https://astrogrowshop.cl/pack-canna-completo-coco,"",
sin-senal,https://astrogrowshop.cl/controlador-automatico-de-ec-milwaukee,"",
sin-senal,https://astrogrowshop.cl/pack-parafernalia-infaltable-medio-frutal,"",
sin-senal,https://astrogrowshop.cl/reflector-max-light-150mm-garden-highpro,"",
sin-senal,https://astrogrowshop.cl/pack-ventilacion-medio-20-100mm,"",
sin-senal,https://astrogrowshop.cl/apricot-auto-32-fast-buds,"",
sin-senal,https://astrogrowshop.cl/pack-maceta-cuadrada-negra-11lt-x-40,"",
sin-senal,https://astrogrowshop.cl/amnesia-haze-new-reg-x10-royal-queen-seeds,"",
sin-senal,https://astrogrowshop.cl/royal-bluematic-auto-royal-queen,"",
sin-senal,https://astrogrowshop.cl/cookie-fem-x31-buddha-seeds,"",
sin-senal,https://astrogrowshop.cl/pack-cultivo-full-top-crop,"",
sin-senal,https://astrogrowshop.cl/early-skunk-fem-x25-sensi-seeds,"",
sin-senal,https://astrogrowshop.cl/kit-quantum-experto-20-ecopro-80x80,"",
sin-senal,https://astrogrowshop.cl/pack-crecimiento-advanced-nutrients-500ml,"",
sin-senal,https://astrogrowshop.cl/northern-lights-auto-seedstockers,"",
sin-senal,https://astrogrowshop.cl/controlador-automatico-de-ph-milwaukee,"",
sin-senal,https://astrogrowshop.cl/pack-parafernalia-infaltable-medio-tropical,"",
sin-senal,https://astrogrowshop.cl/pack-ventilacion-full-20-100mm,"",
sin-senal,https://astrogrowshop.cl/ice-cool-x-cream-caramel-auto-xl-auto-x10,"",
sin-senal,https://astrogrowshop.cl/pack-maceta-cuadrada-negra-11lt-x-50,"",
sin-senal,https://astrogrowshop.cl/blue-cheese-fem-royal-queen-seeds,"",
sin-senal,https://astrogrowshop.cl/jack-47-auto-x31-sweet-seeds,"",
sin-senal,https://astrogrowshop.cl/gorilla-glue-gk-fem-bsf,"",
sin-senal,https://astrogrowshop.cl/gorila-fem-x31-buddha-seeds,"",
sin-senal,https://astrogrowshop.cl/pack-fertilizantes-canna,"",
sin-senal,https://astrogrowshop.cl/kit-quantum-basico-light-80x80,"",
sin-senal,https://astrogrowshop.cl/mimosa-bruce-banner-xl-auto-31-sweet-seeds,"",
sin-senal,https://astrogrowshop.cl/pack-crecimiento-advanced-nutrients-250ml,"",
sin-senal,https://astrogrowshop.cl/northern-lights-fem-seedstockers,"",
sin-senal,https://astrogrowshop.cl/kit-controlador-automatico-ph-y-bomba-dosificadora-milwaukee,"",
sin-senal,https://astrogrowshop.cl/hydroclonadora-clon-air-vld,"",
sin-senal,https://astrogrowshop.cl/pack-parafernalia-infaltable-intermedio,"",
sin-senal,https://astrogrowshop.cl/pack-ventilacion-experto-20-100mm,"",
sin-senal,https://astrogrowshop.cl/white-widow-x-haze-xl-auto-x10,"",
sin-senal,https://astrogrowshop.cl/tricho-max-6g-sustrato-tecnico,"",
sin-senal,https://astrogrowshop.cl/sweet-zkittlez-fem-x31-sweet-seeds,"",
sin-senal,https://astrogrowshop.cl/high-voltage-mix-fem-bsf,"",
sin-senal,https://astrogrowshop.cl/sustrato-canna-terra-professional-canna,"",
sin-senal,https://astrogrowshop.cl/medikit-auto-x31-buddha-seeds,"",
sin-senal,https://astrogrowshop.cl/kit-curado-inicial-55cm,"",
sin-senal,https://astrogrowshop.cl/root-force-grotek,"",
sin-senal,https://astrogrowshop.cl/kit-quantum-medio-light-80x80,"",
sin-senal,https://astrogrowshop.cl/pack-completo-advanced-nutrients-500ml,"",
sin-senal,https://astrogrowshop.cl/kit-medidores-phtemp-y-ectdstemp-milwaukee,"",
sin-senal,https://astrogrowshop.cl/rainbows-fem-x4-bsf,"",
sin-senal,https://astrogrowshop.cl/pack-parafernalia-infaltable-full,"",
sin-senal,https://astrogrowshop.cl/pack-ventilacion-inicial-125mm-460m3h,"",
sin-senal,https://astrogrowshop.cl/jack-herer-x-ak-47-version-express-x10,"",
sin-senal,https://astrogrowshop.cl/bacto-plus-6g-sustrato-tecnico,"",
sin-senal,https://astrogrowshop.cl/blue-cheese-auto-royal-queen,"",
sin-senal,https://astrogrowshop.cl/tangie-fem-x3-buddha,"",
sin-senal,https://astrogrowshop.cl/kit-curado-inicial-75cm,"",
sin-senal,https://astrogrowshop.cl/pack-fertilizantes-advanced-nutrients,"",
sin-senal,https://astrogrowshop.cl/purple-lemon-8-auto-x3-1-strain-machine,"",
sin-senal,https://astrogrowshop.cl/red-mimosa-xl-auto-31-sweet-seeds,"",
sin-senal,https://astrogrowshop.cl/kit-quantum-medio-light-20-80x80,"",
sin-senal,https://astrogrowshop.cl/pack-floracion-advanced-nutrients-250ml,"",
sin-senal,https://astrogrowshop.cl/white-widow-auto-seedstockers,"",
sin-senal,https://astrogrowshop.cl/kit-medidores-pro-con-sonda-ph-y-ec-milwaukee,"",
sin-senal,https://astrogrowshop.cl/purple-kush-fem-x3-buddha-seeds,"",
sin-senal,https://astrogrowshop.cl/pack-parafernalia-infaltable-experto,"",
sin-senal,https://astrogrowshop.cl/pack-ventilacion-medio-125mm-460m3h,"",
sin-senal,https://astrogrowshop.cl/wedding-cheesecake-ff-x1-fast-buds,"",
sin-senal,https://astrogrowshop.cl/black-domina-version-express-x10,"",
sin-senal,https://astrogrowshop.cl/promocion-2x1-blueberry-auto-x3-dutch-passion,"",
sin-senal,https://astrogrowshop.cl/rucu-cucu-og-auto-x3-seedstockers,"",
sin-senal,https://astrogrowshop.cl/dosidos-x-purple-punch-fem-x3-strain-machine,"",
sin-senal,https://astrogrowshop.cl/kit-quantum-full-light-80x80,"",
sin-senal,https://astrogrowshop.cl/pack-sanidad-pro-cultivo-advanced-nutrients-250ml,"",
sin-senal,https://astrogrowshop.cl/mix-lion-bless-auto-delirium-seeds,"",
sin-senal,https://astrogrowshop.cl/kit-medidores-ph-y-ec-milwaukee,"",
sin-senal,https://astrogrowshop.cl/red-dwarf-auto-buddha-seeds,"",
sin-senal,https://astrogrowshop.cl/amnesia-fem-x31-strain-machine,"",
sin-senal,https://astrogrowshop.cl/lebron-haze-fem-bsf,"",
sin-senal,https://astrogrowshop.cl/bue-factor-x-advanced-nutrients,"",
sin-senal,https://astrogrowshop.cl/banana-blaze-auto-dutch-passion,"",
sin-senal,https://astrogrowshop.cl/kit-curado-intermedio-55cm,"",
sin-senal,https://astrogrowshop.cl/bio-boost-canna,"",
sin-senal,https://astrogrowshop.cl/rucu-cucu-og-fem-x3-seedstockers,"",
sin-senal,https://astrogrowshop.cl/forbidden-cherry-auto-dutch-passion,"",
sin-senal,https://astrogrowshop.cl/kit-quantum-full-light-20-80x80,"",
sin-senal,https://astrogrowshop.cl/pack-azucares-y-alimentos-cultivo-advanced-nutrients-500ml,"",
sin-senal,https://astrogrowshop.cl/ak420-fem-seedstockers,"",
sin-senal,https://astrogrowshop.cl/medidor-ec-milwaukee,"",
sin-senal,https://astrogrowshop.cl/gorilla-familia-fem-x12-bsf,"",
sin-senal,https://astrogrowshop.cl/tutti-frutti-xxl-mix-auto-bsf,"",
sin-senal,https://astrogrowshop.cl/amnesia-xl-auto-x31-strain-machine,"",
sin-senal,https://astrogrowshop.cl/bubble-kush-fem-royal-queen-seeds,"",
sin-senal,https://astrogrowshop.cl/liquidizer-30ml-kit-lqdize,"",
sin-senal,https://astrogrowshop.cl/extractor-mt-cornwall-electronics,"",
sin-senal,https://astrogrowshop.cl/banana-blaze-fem-dutch-passion,"",
sin-senal,https://astrogrowshop.cl/sustrato-canna-coco-brick-4u-40lt-canna,"",
sin-senal,https://astrogrowshop.cl/kit-curado-intermedio-75cm,"",
sin-senal,https://astrogrowshop.cl/rhizotonic-canna,"",
sin-senal,https://astrogrowshop.cl/pack-fertilizantes-1lt-biobizz,"",
sin-senal,https://astrogrowshop.cl/blossom-blaster-pro-grotek,"",
sin-senal,https://astrogrowshop.cl/tropical-tangie-x3-dutch-passion,"",
sin-senal,https://astrogrowshop.cl/kit-quantum-c320-light-100x100,"",
sin-senal,https://astrogrowshop.cl/pack-flora-base-cultivo-advanced-nutrients-250ml,"",
sin-senal,https://astrogrowshop.cl/bcn-critical-xxl-auto-seedstockers,"",
sin-senal,https://astrogrowshop.cl/lebron-haze-auto-bsf,"",
sin-senal,https://astrogrowshop.cl/faster-and-furious-faster-mix-fem-bsf,"",
sin-senal,https://astrogrowshop.cl/black-domina-fem-x31-strain-machine,"",
sin-senal,https://astrogrowshop.cl/lebron-haze-xxl-auto-bsf,"",
sin-senal,https://astrogrowshop.cl/extractor-centrifugo-vk-cornwall-electronics,"",
sin-senal,https://astrogrowshop.cl/jamaican-dream-fem-eva-seeds,"",
sin-senal,https://astrogrowshop.cl/kit-curado-intermedio-95cm,"",
sin-senal,https://astrogrowshop.cl/pack-fertilizantes-250ml-biobizz,"",
sin-senal,https://astrogrowshop.cl/silver-fire-fem-x3-sensi-seeds,"",
sin-senal,https://astrogrowshop.cl/kit-quantum-c320-basico-light-100x100,"",
sin-senal,https://astrogrowshop.cl/pack-flora-base-ii-cultivo-advanced-nutrients-500ml,"",
sin-senal,https://astrogrowshop.cl/mix-leyendas-auto-delirium-seeds,"",
sin-senal,https://astrogrowshop.cl/bcn-critical-xxl-fem-x100-seedstockers,"",
sin-senal,https://astrogrowshop.cl/medidor-de-monitoreo-continuo-phectemp-milwaukee,"",
sin-senal,https://astrogrowshop.cl/complete-mix-fem-x16-the-wolf-seeds,"",
sin-senal,https://astrogrowshop.cl/gelato-fruits-auto-delirium-seeds,"",
sin-senal,https://astrogrowshop.cl/bubble-gum-auto-x31-strain-machine,"",
sin-senal,https://astrogrowshop.cl/royal-creamatic-auto-royal-queen,"",
sin-senal,https://astrogrowshop.cl/sensi-cal-mag-xtra-500ml-advanced-nutrients,"",
sin-senal,https://astrogrowshop.cl/bruce-lemon-diesel-auto-x3-super-sativa-seed-club,"",
sin-senal,https://astrogrowshop.cl/kit-curado-experto-55cm,"",
sin-senal,https://astrogrowshop.cl/rejillas-de-vidrio-x100-uds,"",
sin-senal,https://astrogrowshop.cl/pack-fertilizantes-500ml-biobizz,"",
sin-senal,https://astrogrowshop.cl/triton-biscotto-lime-auto-x3-seedstockers,"",
sin-senal,https://astrogrowshop.cl/rype-grotek,"",
sin-senal,https://astrogrowshop.cl/kit-quantum-c320-medio-light-100x100,"",
sin-senal,https://astrogrowshop.cl/pack-duradero-advanced-nutrients-500ml,"",
sin-senal,https://astrogrowshop.cl/medidor-ph-milwaukee,"",
sin-senal,https://astrogrowshop.cl/skywalker-haze-auto-dutch-passion,"",
sin-senal,https://astrogrowshop.cl/bubble-gum-fem-x31-strain-machine,"",
sin-senal,https://astrogrowshop.cl/candy-kush-express-fast-fem-royal-queen,"",
sin-senal,https://astrogrowshop.cl/critical-orange-punch-auto-dutch-passion,"",
sin-senal,https://astrogrowshop.cl/kit-curado-experto-75cm,"",
sin-senal,https://astrogrowshop.cl/ducto-aluminio-10-metros-254mm,"",
sin-senal,https://astrogrowshop.cl/sustrato-canna-coco-professional-plus-canna,"",
sin-senal,https://astrogrowshop.cl/kit-control-de-ph,"",
sin-senal,https://astrogrowshop.cl/kit-quantum-320-medio-2-light-100x100,"",
sin-senal,https://astrogrowshop.cl/total-pack-an1-250ml,"",
sin-senal,https://astrogrowshop.cl/delirium-tangi-fem-delirium-seeds,"",
sin-senal,https://astrogrowshop.cl/medidor-phectdstemp-milwaukee,"",
sin-senal,https://astrogrowshop.cl/cbd-compassion-auto-x3-dutch-passion,"",
sin-senal,https://astrogrowshop.cl/ultimate-auto-dutch-passion,"",
sin-senal,https://astrogrowshop.cl/chemdawg-fem-x31-strain-machine,"",
sin-senal,https://astrogrowshop.cl/critical-fem-royal-queen,"",
sin-senal,https://astrogrowshop.cl/moby-d-xxl-auto-bsf,"",
sin-senal,https://astrogrowshop.cl/ducto-aluminio-10-metros-250mm,"",
sin-senal,https://astrogrowshop.cl/connoisseur-grow-parte-ab-advanced-nutrients,"",
sin-senal,https://astrogrowshop.cl/critical-orange-punch-fem-dutch-passion,"",
sin-senal,https://astrogrowshop.cl/kit-curado-intermedio-pro-95cm,"",
sin-senal,https://astrogrowshop.cl/barras-plastico-8x1000mm-tutor,"",
sin-senal,https://astrogrowshop.cl/pack-1lt-top-crop,"",
sin-senal,https://astrogrowshop.cl/sweet-amnesia-haze-fem-x31-sweet-seeds,"",
sin-senal,https://astrogrowshop.cl/kit-quantum-320-medio-3-light-100x100,"",
sin-senal,https://astrogrowshop.cl/sensi-skunk-auto-x10-sensi-seeds,"",
sin-senal,https://astrogrowshop.cl/total-pack-an11-engorde,"",
sin-senal,https://astrogrowshop.cl/bsf-seeds-nitro-haze-fem,"",
sin-senal,https://astrogrowshop.cl/promocion-2x1-power-plant-fem-x3-dutch-passion,"",
sin-senal,https://astrogrowshop.cl/critical-fem-x31-strain-machine,"",
sin-senal,https://astrogrowshop.cl/critical-kush-fem-royal-queen,"",
sin-senal,https://astrogrowshop.cl/orange-blossom-fem-bsf,"",
sin-senal,https://astrogrowshop.cl/ducto-aluminio-5mts-102mm,"",
sin-senal,https://astrogrowshop.cl/green-poison-fem-sweet-seeds,"",
sin-senal,https://astrogrowshop.cl/cannazym-canna,"",
sin-senal,https://astrogrowshop.cl/devil-cream-auto-sweet-seeds,"",
sin-senal,https://astrogrowshop.cl/rejilla-pyrex-borosilicato-x5,"",
sin-senal,https://astrogrowshop.cl/kit-quantum-basic-eco-100x100x200,"",
sin-senal,https://astrogrowshop.cl/california-amnesia-fem-delirium-seeds,"",
sin-senal,https://astrogrowshop.cl/humidificador-6lt-cornwall-electronics,"",
sin-senal,https://astrogrowshop.cl/pack-engorde-advanced-nutrients-500ml,"",
sin-senal,https://astrogrowshop.cl/bcn-critical-fem-x3-seedstockers,"",
sin-senal,https://astrogrowshop.cl/varitas-aromaticas-canelo-lavanda-umo,"",
sin-senal,https://astrogrowshop.cl/blue-berry-fem-bsf,"",
sin-senal,https://astrogrowshop.cl/critical-new-reg-x10-royal-queen-seeds,"",
sin-senal,https://astrogrowshop.cl/royal-dwarf-auto-x10-royal-queen,"",
sin-senal,https://astrogrowshop.cl/orange-blossom-xxl-auto-bsf,"",
sin-senal,https://astrogrowshop.cl/ducto-aluminio-5mts-127mm,"",
sin-senal,https://astrogrowshop.cl/durban-poison-fem-dutch-passion,"",
sin-senal,https://astrogrowshop.cl/nyc-diesel-femc2ae-sweet-seeds,"",
sin-senal,https://astrogrowshop.cl/sustrato-light-mix-50lt-r-labs,"",
sin-senal,https://astrogrowshop.cl/ak-classics-auto-x31-buddha-seeds,"",
sin-senal,https://astrogrowshop.cl/rejilla-pyrex-borosilicato-x10,"",
sin-senal,https://astrogrowshop.cl/kit-quantum-basic-2-eco-100x100x200,"",
sin-senal,https://astrogrowshop.cl/humidificador-85lt-cornwall-electronics,"",
sin-senal,https://astrogrowshop.cl/total-pack-an14-engorde,"",
sin-senal,https://astrogrowshop.cl/medidor-pro-con-sonda-ph-milwaukee,"",
sin-senal,https://astrogrowshop.cl/wedding-cheesecake-ff-53-fast-buds,"",
sin-senal,https://astrogrowshop.cl/vital-juice-bio-estimulante-sustrato-tecnico,"",
sin-senal,https://astrogrowshop.cl/gorilla-glue-4-fem-x31-strain-machine,"",
sin-senal,https://astrogrowshop.cl/euforia-auto-dutch-passion,"",
sin-senal,https://astrogrowshop.cl/extractor-tubular-plastico-200mm-780m3h-vents,"",
sin-senal,https://astrogrowshop.cl/aqua-vega-ab-canna,"",
sin-senal,https://astrogrowshop.cl/amnesia-classics-auto-x31-buddha-seeds,"",
sin-senal,https://astrogrowshop.cl/purple-punch-og-femc2ae-sweet-seeds,"",
sin-senal,https://astrogrowshop.cl/kit-quantum-basic-3-eco-100x100x200,"",
sin-senal,https://astrogrowshop.cl/full-solid-white-60ml-airtight,"",
sin-senal,https://astrogrowshop.cl/pack-floracion-full-advanced-nutrients-250ml,"",
sin-senal,https://astrogrowshop.cl/sour-diesel-auto-x3-seedstockers,"",
sin-senal,https://astrogrowshop.cl/medidor-pro-con-sonda-phectdstemp-milwaukee,"",
sin-senal,https://astrogrowshop.cl/pack-exterior-maceta-cuadrada-y-plato-negro-18lt-x-6ud,"",
sin-senal,https://astrogrowshop.cl/green-finger-fem-x31-strain-machine,"",
sin-senal,https://astrogrowshop.cl/diesel-auto-royal-queen,"",
sin-senal,https://astrogrowshop.cl/royal-jack-auto-royal-queen-seeds,"",
sin-senal,https://astrogrowshop.cl/passion-fruit-fem-dutch-passion,"",
sin-senal,https://astrogrowshop.cl/aqua-flores-ab-canna,"",
sin-senal,https://astrogrowshop.cl/diesel-auto-x31-buddha-seeds,"",
sin-senal,https://astrogrowshop.cl/black-jack-fem%C2%AE-x31-sweet-seeds,"",
sin-senal,https://astrogrowshop.cl/kit-quantum-basic-4-eco-100x100x200,"",
sin-senal,https://astrogrowshop.cl/gorilla-banana-fem-x7-bsf,"",
sin-senal,https://astrogrowshop.cl/transparent-base-black-1350ml-airtight,"",
sin-senal,https://astrogrowshop.cl/pack-floracion-full-advanced-nutrients-250ml-1,"",
sin-senal,https://astrogrowshop.cl/sour-diesel-fem-x3-seedstockers,"",
sin-senal,https://astrogrowshop.cl/medidor-pro-con-sonda-ph-de-suelo-milwaukee,"",
sin-senal,https://astrogrowshop.cl/new-york-city-cbd-auto-x31-pyramid-seeds,"",
sin-senal,https://astrogrowshop.cl/pack-exterior-maceta-cuadrada-negra-18lt-x-6ud,"",
sin-senal,https://astrogrowshop.cl/gorilla-haze-auto-delirium-seeds,"",
sin-senal,https://astrogrowshop.cl/hardcore-punch-fem-x31-strain-machine,"",
sin-senal,https://astrogrowshop.cl/blue-mistic-fem-royal-queen-seeds,"",
sin-senal,https://astrogrowshop.cl/shaman-fem-dutch-passion,"",
sin-senal,https://astrogrowshop.cl/calmag-agent-canna,"",
sin-senal,https://astrogrowshop.cl/reflector-gloria-6-air-cooled,"",
sin-senal,https://astrogrowshop.cl/californian-orange-fem-dutch-passion,"",
sin-senal,https://astrogrowshop.cl/kit-quantum-basic-5-eco-100x100x200,"",
sin-senal,https://astrogrowshop.cl/transparent-base-black-60ml-airtight,"",
sin-senal,https://astrogrowshop.cl/pack-flora-base-iii-cultivo-advanced-nutrients-250ml,"",
sin-senal,https://astrogrowshop.cl/blue-moby-auto-x3-sup-seedstockers,"",
sin-senal,https://astrogrowshop.cl/auto-olympia-x-31-pyramid-seeds,"",
sin-senal,https://astrogrowshop.cl/maceta-cuadrada-dorada-18lt,"",
sin-senal,https://astrogrowshop.cl/lsd-auto-x31-strain-machine,"",
sin-senal,https://astrogrowshop.cl/easy-bud-auto-royal-queen-seeds,"",
sin-senal,https://astrogrowshop.cl/bubble-kush-auto-royal-queen-seeds,"",
sin-senal,https://astrogrowshop.cl/banana-beach-fem-x3-1-strain-machine,"",
sin-senal,https://astrogrowshop.cl/cream-caramel-f1-fem-sweet-seeds,"",
sin-senal,https://astrogrowshop.cl/medidor-2-en-1-phtemp-ph20,"",
sin-senal,https://astrogrowshop.cl/lemon-kix-auto-dutch-passion,"",
sin-senal,https://astrogrowshop.cl/kit-quantum-6-eco-100x100x200,"",
sin-senal,https://astrogrowshop.cl/gorilla-rainbows-fem-bsf,"",
sin-senal,https://astrogrowshop.cl/medical-cbd-fem-delirium-seeds,"",
sin-senal,https://astrogrowshop.cl/pack-flora-base-iii-cultivo-advanced-nutrients-500ml,"",
sin-senal,https://astrogrowshop.cl/blue-moby-fem-x3-sup-seedstockers,"",
sin-senal,https://astrogrowshop.cl/pack-exterior-maceta-cuadrada-blanca-18lt-x-6ud,"",
sin-senal,https://astrogrowshop.cl/mimosa-fem-x31-strain-machine,"",
sin-senal,https://astrogrowshop.cl/el-patron-fem-royal-queen,"",
sin-senal,https://astrogrowshop.cl/shining-silver-haze-fem-royal-queen,"",
sin-senal,https://astrogrowshop.cl/cream-mandarine-xl-auto-sweet-seeds,"",
sin-senal,https://astrogrowshop.cl/orange-bud-fem-dutch-passion,"",
sin-senal,https://astrogrowshop.cl/kit-quantum-l520-light-120x120,"",
sin-senal,https://astrogrowshop.cl/bsf-rainbows-fem-x4,"",
sin-senal,https://astrogrowshop.cl/blossom-blaster-grotek,"",
sin-senal,https://astrogrowshop.cl/thunder-banana-auto-x3-sup-seedstockers,"",
sin-senal,https://astrogrowshop.cl/mix-pack-auto-fast-buds,"",
sin-senal,https://astrogrowshop.cl/pack-exterior-maceta-y-plato-blanco-18lt-6ud,"",
sin-senal,https://astrogrowshop.cl/michael-d-3xl-auto-delirium-seeds,"",
sin-senal,https://astrogrowshop.cl/moby-dick-xl-auto-x31-strain-machine,"",
sin-senal,https://astrogrowshop.cl/tangie-fem-bsf,"",
sin-senal,https://astrogrowshop.cl/shining-silver-haze-new-reg-x10-royal-queen-seeds,"",
sin-senal,https://astrogrowshop.cl/sustrato-light-mix-premium-50l-dutch-grade,"",
sin-senal,https://astrogrowshop.cl/b-domina-x-j-herer-x-critical-x-3-eva-seeds,"",
sin-senal,https://astrogrowshop.cl/mediano-display-100u-33mm-jiffy,"",
sin-senal,https://astrogrowshop.cl/coco-a-b-canna,"",
sin-senal,https://astrogrowshop.cl/sweet-cherry-pie-fem-x52-sweet-seeds,"",
sin-senal,https://astrogrowshop.cl/black-domina-x-black-domina-fem-x3-strain-machine,"",
sin-senal,https://astrogrowshop.cl/think-different-auto-dutch-passion,"",
sin-senal,https://astrogrowshop.cl/kit-quantum-2-l520-light-120x120,"",
sin-senal,https://astrogrowshop.cl/thunder-banana-fem-x3-sup-seedstockers,"",
sin-senal,https://astrogrowshop.cl/royal-gorilla-usa-premium-fem-x3-royal-queen,"",
sin-senal,https://astrogrowshop.cl/gorilla-punch-auto-fast-buds,"",
sin-senal,https://astrogrowshop.cl/northern-lights-fem-x31-strain-machine,"",
sin-senal,https://astrogrowshop.cl/tangie-xxl-auto-bsf,"",
sin-senal,https://astrogrowshop.cl/euphoria-cbd-fem-royal-queen-seeds,"",
sin-senal,https://astrogrowshop.cl/shogun-fem-royal-queen,"",
sin-senal,https://astrogrowshop.cl/balastro-electronico-600w-regulable-vanguard,"",
sin-senal,https://astrogrowshop.cl/blue-dream-auto-x31-strain-machine,"",
sin-senal,https://astrogrowshop.cl/kit-quantum-3-l520-light-120x120,"",
sin-senal,https://astrogrowshop.cl/jack-herer-auto-x3-seedstockers,"",
sin-senal,https://astrogrowshop.cl/og-kush-auto-x31-strain-machine,"",
sin-senal,https://astrogrowshop.cl/exotic-witch-reg-x10-royal-queen-seeds,"",
sin-senal,https://astrogrowshop.cl/bud-ignitor-advanced-nutrients,"",
sin-senal,https://astrogrowshop.cl/calmag-top-crop,"",
sin-senal,https://astrogrowshop.cl/royal-domina-fem-royal-queen-seeds,"",
sin-senal,https://astrogrowshop.cl/top-mass-top-crop,"",
sin-senal,https://astrogrowshop.cl/sweet-cheese-f1-fem-sweet-seeds,"",
sin-senal,https://astrogrowshop.cl/pulverizador-lanza-de-riego-5lt,"",
sin-senal,https://astrogrowshop.cl/black-dream-fem-x31-eva-seeds,"",
sin-senal,https://astrogrowshop.cl/kit-quantum-4-l520-light-120x120,"",
sin-senal,https://astrogrowshop.cl/red-critical-auto-bsf,"",
sin-senal,https://astrogrowshop.cl/jack-herer-fem-x3-seedstockers,"",
sin-senal,https://astrogrowshop.cl/white-widow-fem-royal-queen,"",
sin-senal,https://astrogrowshop.cl/west-kush-auto-delirium-seeds,"",
sin-senal,https://astrogrowshop.cl/og-kush-fem-x31-strain-machine,"",
sin-senal,https://astrogrowshop.cl/fast-eddy-auto-cbd-royal-queen,"",
sin-senal,https://astrogrowshop.cl/pequeno-jiffy,"",
sin-senal,https://astrogrowshop.cl/kyles-sweet-island-fem-x3-blimburn-seeds,"",
sin-senal,https://astrogrowshop.cl/top-lemon-top-crop,"",
sin-senal,https://astrogrowshop.cl/pack-pastillas-jiffy-7-100un-42x42mm-jiffy,"",
sin-senal,https://astrogrowshop.cl/cheese-party-auto-x3-1-strain-machine,"",
sin-senal,https://astrogrowshop.cl/gipsy-haze-fem-eva-seeds,"",
sin-senal,https://astrogrowshop.cl/toxic-fem-x3-ripper-seeds,"",
sin-senal,https://astrogrowshop.cl/kit-quantum-l520-1-eco-120x120,"",
sin-senal,https://astrogrowshop.cl/critical-2-fem-bsf,"",
sin-senal,https://astrogrowshop.cl/somango-fem-x31-strain-machine,"",
sin-senal,https://astrogrowshop.cl/skunk-xl-new-reg-x10-royal-queen-seeds,"",
sin-senal,https://astrogrowshop.cl/guava-x-fruity-pebbles-og-secret-file,"",
sin-senal,https://astrogrowshop.cl/papas-candy-x-cheese-x-3-eva-seeds,"",
sin-senal,https://astrogrowshop.cl/pack-exterior-maceta-cuadrada-blanca-11lt-x-6und,"",
sin-senal,https://astrogrowshop.cl/bubblegum-xl-fem-royal-queen-seeds,"",
sin-senal,https://astrogrowshop.cl/cop-killer-auto-x3-strain-machine,"",
sin-senal,https://astrogrowshop.cl/sweetangel-wonderland,"",
sin-senal,https://astrogrowshop.cl/jamaican-dream-cbd-fem-x31-eva-seeds,"",
sin-senal,https://astrogrowshop.cl/sour-ripper-auto-x3-ripper-seeds,"",
sin-senal,https://astrogrowshop.cl/kit-quantum-l520-2-eco-120x120,"",
sin-senal,https://astrogrowshop.cl/bruce-banner-auto-x3-seedstockers,"",
sin-senal,https://astrogrowshop.cl/chery-cola-auto-x1-fast-buds,"",
sin-senal,https://astrogrowshop.cl/sour-diesel-fem-x31-strain-machine,"",
sin-senal,https://astrogrowshop.cl/fruit-spirit-fem-royal-queen,"",
sin-senal,https://astrogrowshop.cl/space-bomb-x-critical-swiss-x-3-eva-seeds,"",
sin-senal,https://astrogrowshop.cl/pack-exterior-maceta-cuadrada-negra-11lt-x-6und,"",
sin-senal,https://astrogrowshop.cl/ventilador-de-pinza-oscilante-20w-cornwall-electronic,"",
sin-senal,https://astrogrowshop.cl/cop-killer-fem-x3-1-strain-machine,"",
sin-senal,https://astrogrowshop.cl/sugar-algae-wonderland,"",
sin-senal,https://astrogrowshop.cl/missing-in-barcelona-fem-eva-seeds,"",
sin-senal,https://astrogrowshop.cl/zombie-kush-auto-x3-ripper-seeds,"",
sin-senal,https://astrogrowshop.cl/kit-quantum-l520-3-eco-120x120,"",
sin-senal,https://astrogrowshop.cl/bruce-banner-fem-x3-seedstockers,"",
sin-senal,https://astrogrowshop.cl/mack-crack-fem-x3-sup-seedstockers,"",
sin-senal,https://astrogrowshop.cl/halloween-candy-fem-x3-2x1-strain-machine,"",
sin-senal,https://astrogrowshop.cl/pack-de-germinacion,"",
sin-senal,https://astrogrowshop.cl/vegetativo-organico-wonderland,"",
sin-senal,https://astrogrowshop.cl/new-york-cheese-auto-delirium-seeds,"",
sin-senal,https://astrogrowshop.cl/garlic-mist-reg-x10-royal-queen-seeds,"",
sin-senal,https://astrogrowshop.cl/runtz-x-fruity-pebbles-og-secret-file,"",
sin-senal,https://astrogrowshop.cl/maceta-cuadrada-blanca,"",
sin-senal,https://astrogrowshop.cl/blue-dream-auto-fast-buds,"",
sin-senal,https://astrogrowshop.cl/pack-exterior-maceta-y-plato-negro-11lt-6und,"",
sin-senal,https://astrogrowshop.cl/jack-47-xl-auto-sweet-seeds,"",
sin-senal,https://astrogrowshop.cl/cogr-flores-a-b-canna,"",
sin-senal,https://astrogrowshop.cl/critical-x-purple-punch-fem-x3-strain-machine,"",
sin-senal,https://astrogrowshop.cl/out-pest-wonderland,"",
sin-senal,https://astrogrowshop.cl/kit-quantum-l520-4-eco-120x120,"",
sin-senal,https://astrogrowshop.cl/cbd-critical-xxl-auto-x3-seedstockers,"",
sin-senal,https://astrogrowshop.cl/panty-punch-auto-x3-sup-seedstockers,"",
sin-senal,https://astrogrowshop.cl/pack-germinacion-experto,"",
sin-senal,https://astrogrowshop.cl/zkittles-fem-x3-strain-machine,"",
sin-senal,https://astrogrowshop.cl/super-lemon-haze-x12-bsf,"",
sin-senal,https://astrogrowshop.cl/green-crack-punch-usa-premium-fem-royal-queen,"",
sin-senal,https://astrogrowshop.cl/sweet-zz-usa-premium-auto-royal-queen,"",
sin-senal,https://astrogrowshop.cl/nikki-swamis-taangie-fem-x3-blimburn-seeds,"",
sin-senal,https://astrogrowshop.cl/box-endgame-edicion-cyber-xxl-enigma,"",
sin-senal,https://astrogrowshop.cl/cbd-201-auto-fast-buds,"",
sin-senal,https://astrogrowshop.cl/ducto-flexible-3-metros,"",
sin-senal,https://astrogrowshop.cl/pack-exterior-maceta-y-plato-blanco-11lt-6un,"",
sin-senal,https://astrogrowshop.cl/delta-10-cbg,"",
sin-senal,https://astrogrowshop.cl/extractor-tubular-plastico-125mm-430m3h-vents,"",
sin-senal,https://astrogrowshop.cl/cogr-vega-a-b-canna,"",
sin-senal,https://astrogrowshop.cl/fertilizante-de-engorde-c-wonderland,"",
sin-senal,https://astrogrowshop.cl/pineapple-express-auto-fast-buds,"",
sin-senal,https://astrogrowshop.cl/kit-quantum-l720-1-ecopro-150x150,"",
sin-senal,https://astrogrowshop.cl/green-crack-auto-x3-seedstockers,"",
sin-senal,https://astrogrowshop.cl/green-tiger-fast-fem-bsf,"",
sin-senal,https://astrogrowshop.cl/mix-leyendas-fem-delirium-seeds,"",
sin-senal,https://astrogrowshop.cl/amnesia-zkittlez-auto-fast-buds,"",
sin-senal,https://astrogrowshop.cl/panty-punch-fem-x3-sup-seedstockers,"",
sin-senal,https://astrogrowshop.cl/pack-sustrato-tecnico-6gr-x3,"",
sin-senal,https://astrogrowshop.cl/zkittlez-auto-x31-strain-machine,"",
sin-senal,https://astrogrowshop.cl/haze-berry-auto-royal-queen,"",
sin-senal,https://astrogrowshop.cl/sensi-cal-mag-xtra-advanced-nutrients,"",
sin-senal,https://astrogrowshop.cl/plato-cuadrado-blanco,"",
sin-senal,https://astrogrowshop.cl/mimosa-fem-x3-royal-queen-seeds,"",
sin-senal,https://astrogrowshop.cl/gelato-glue-fem-x3-1-strain-machine,"",
sin-senal,https://astrogrowshop.cl/sustrato-canna-coco-slab-1mt-canna,"",
sin-senal,https://astrogrowshop.cl/kit-quantum-l720-2-ecopro-150x150,"",
sin-senal,https://astrogrowshop.cl/green-crack-fem-x3-seedstockers,"",
sin-senal,https://astrogrowshop.cl/vitamax-plus-grotek,"",
sin-senal,https://astrogrowshop.cl/apollo-black-cherry-auto-x3-sup-seedstockers,"",
sin-senal,https://astrogrowshop.cl/pack-completo-sustrato-tecnico,"",
sin-senal,https://astrogrowshop.cl/california-amnesia-auto-delirium-seeds,"",
sin-senal,https://astrogrowshop.cl/steves-alien-og-fem-x3-blimburn-seeds,"",
sin-senal,https://astrogrowshop.cl/gg4-sherbet-fast-flowering-fem-32-fast-buds,"",
sin-senal,https://astrogrowshop.cl/psicodelicia-sweet-fem%C2%AE-x31-sweet-seeds,"",
sin-senal,https://astrogrowshop.cl/bud-factor-x-advanced-nutrients,"",
sin-senal,https://astrogrowshop.cl/green-finger-auto-x3-strain-machine,"",
sin-senal,https://astrogrowshop.cl/kit-quantum-l720-3-ecopro-150x150,"",
sin-senal,https://astrogrowshop.cl/moby-dick-regular-x3-seedstockers,"",
sin-senal,https://astrogrowshop.cl/delirium-moby-fast-version-delirium-seeds,"",
sin-senal,https://astrogrowshop.cl/orange-sherbet-ff-fast-buds,"",
sin-senal,https://astrogrowshop.cl/vitamax-plus-500ml-grotek,"",
sin-senal,https://astrogrowshop.cl/apollo-black-cherry-fem-x3-sup-seedstockers,"",
sin-senal,https://astrogrowshop.cl/rainbows-xxl-auto-bsf,"",
sin-senal,https://astrogrowshop.cl/tatanka-pure-cbd-fem-royal-queen-seeds,"",
sin-senal,https://astrogrowshop.cl/assorted-classics-auto-x10-buddha-seeds,"",
sin-senal,https://astrogrowshop.cl/papaya-x-fruity-pebbles-og-secret-file,"",
sin-senal,https://astrogrowshop.cl/gorilla-zkittlez-auto-fast-buds-1,"",
sin-senal,https://astrogrowshop.cl/tutti-frutti-mix-fem-bsf,"",
sin-senal,https://astrogrowshop.cl/gorilla-glue-auto-x3-1-strain-machine,"",
sin-senal,https://astrogrowshop.cl/kit-indoor-sodio-40x40x160-250w,"",
sin-senal,https://astrogrowshop.cl/mack-crack-regular-x3-sup-seedstockers,"",
sin-senal,https://astrogrowshop.cl/el-gaucho-fem-bsf,"",
sin-senal,https://astrogrowshop.cl/bolsa-almacenaje-y-curado-cventana-grove-bags,"",
sin-senal,https://astrogrowshop.cl/mandarine-panties-auto-x3-seedstockers,"",
sin-senal,https://astrogrowshop.cl/banana-beach-auto-1-strain-machine,"",
sin-senal,https://astrogrowshop.cl/triple-g-usa-premium-fem-royal-queen,"",
sin-senal,https://astrogrowshop.cl/honey-cream-fast-fem-royal-queen,"",
sin-senal,https://astrogrowshop.cl/rktr-recarga-co2-reaktor,"",
sin-senal,https://astrogrowshop.cl/royal-cbdv-auto-royal-queen-seeds,"",
sin-senal,https://astrogrowshop.cl/orange-sherbet-fast-flowering-fem-32-fast-buds,"",
sin-senal,https://astrogrowshop.cl/revive-advanced-nutrients,"",
sin-senal,https://astrogrowshop.cl/old-skool-mix-fem-bsf,"",
sin-senal,https://astrogrowshop.cl/kit-basico-indoor-apollo-40x40x160,"",
sin-senal,https://astrogrowshop.cl/panty-punch-regular-x3-sup-seedstockers,"",
sin-senal,https://astrogrowshop.cl/pineapple-rime-line-fast-version-delirium-seeds,"",
sin-senal,https://astrogrowshop.cl/papel-mylar-reflectante-liso-2mm-12x76mt,"",
sin-senal,https://astrogrowshop.cl/delirium-moby-auto-delirium-seeds,"",
sin-senal,https://astrogrowshop.cl/gelato-auto-x3-1-strain-machine,"",
sin-senal,https://astrogrowshop.cl/coco-nutty-x-fruity-pebbles-og-secret-file,"",
sin-senal,https://astrogrowshop.cl/bubba-island-kush-fem-x3-dutch-passion,"",
sin-senal,https://astrogrowshop.cl/royal-cbg-auto-royal-queen-seeds,"",
sin-senal,https://astrogrowshop.cl/purple-lemonade-fast-flowering-fem-32-fast-buds,"",
sin-senal,https://astrogrowshop.cl/purple-queen-usa-premium-fem-x3-royal-queen,"",
sin-senal,https://astrogrowshop.cl/sweet-zenzation-fem%C2%AE-x31-sweet-seeds,"",
sin-senal,https://astrogrowshop.cl/reflector-protube-l-125mm-garden-highpro,"",
sin-senal,https://astrogrowshop.cl/kit-medio-indoor-apollo-40x40x160,"",
sin-senal,https://astrogrowshop.cl/gorilla-haze-fast-version-delirium-seeds,"",
sin-senal,https://astrogrowshop.cl/pineapple-express-xl-auto-x31-strain-machine,"",
sin-senal,https://astrogrowshop.cl/pineapple-larry-og-xxl-auto-bsf,"",
sin-senal,https://astrogrowshop.cl/ice-fem-royal-queen-seeds,"",
sin-senal,https://astrogrowshop.cl/spritz-x-fruity-pebbles-og-secret-file,"",
sin-senal,https://astrogrowshop.cl/crystal-candy-fem-sweet-seeds,"",
sin-senal,https://astrogrowshop.cl/top-agro-b-pk-power-top-crop,"",
sin-senal,https://astrogrowshop.cl/fast-bud-2-auto-sweet-seeds,"",
sin-senal,https://astrogrowshop.cl/mix-gorilla-auto-delirium-seeds,"",
sin-senal,https://astrogrowshop.cl/royal-critical-auto-royal-queen-seeds,"",
sin-senal,https://astrogrowshop.cl/olympia-fem-pyramid-seeds,"",
sin-senal,https://astrogrowshop.cl/buddha-diesel-auto-x3,"",
sin-senal,https://astrogrowshop.cl/anillo-erector-titan-maxima-firmeza-y-placer-prolongado,"",
sin-senal,https://astrogrowshop.cl/papas-fritas-lays-jamon-serrano-36g,"",
sin-senal,https://astrogrowshop.cl/kit-medio-quantum-lite-delight-100-360w-facil-armado,"",
sin-senal,https://astrogrowshop.cl/potencias-hype,"",
sin-senal,https://astrogrowshop.cl/top-agro-b-bloom-power-top-crop,"",
sin-senal,https://astrogrowshop.cl/albino-tidal-wave-2-jeringas-de-esporas-5ml-mantun,"",
sin-senal,https://astrogrowshop.cl/double-cream-caramel-fast-delirium-seeds,"",
sin-senal,https://astrogrowshop.cl/olympia-auto-x52-pyramid-seeds,"",
sin-senal,https://astrogrowshop.cl/tropi-cherry-fem-bsf,"",
sin-senal,https://astrogrowshop.cl/watermelon-zkittle-fem-x52-pyramid-seeds,"",
sin-senal,https://astrogrowshop.cl/stick-fresa-silvestre-170g,"",
sin-senal,https://astrogrowshop.cl/buddha-white-widow-auto-x3,"",
sin-senal,https://astrogrowshop.cl/anillo-vibrador-lingus-placer-dual,"",
sin-senal,https://astrogrowshop.cl/deimos-auto-buddha-seeds,"",
sin-senal,https://astrogrowshop.cl/try-pack-de-fertilizantes-the-root-secret,"",
sin-senal,https://astrogrowshop.cl/water-master-pack-solucion-calibrador-ph-701401-40ml,"",
sin-senal,https://astrogrowshop.cl/kit-starter-quantum-lite-delight-100-360w-facil-armado,"",
sin-senal,https://astrogrowshop.cl/papaya-zoap-auto-sweet-seeds,"",
sin-senal,https://astrogrowshop.cl/jet-fuel-mandarine-xl-auto-x31-sweet-seeds,"",
sin-senal,https://astrogrowshop.cl/b-2-jeringas-con-esporas-5ml-mantun,"",
sin-senal,https://astrogrowshop.cl/estimulador-anal-y-prostata-recargable,"",
sin-senal,https://astrogrowshop.cl/anesthesia-auto-pyramid-seeds,"",
sin-senal,https://astrogrowshop.cl/double-og-haze-fem-pyramid-seeds,"",
sin-senal,https://astrogrowshop.cl/stick-melon-y-frutos-rojos-170g,"",
sin-senal,https://astrogrowshop.cl/anillo-vibrador-bertram-prolonga-el-placer,"",
sin-senal,https://astrogrowshop.cl/rocklets-chocolate-35-gr,"",
sin-senal,https://astrogrowshop.cl/kit-starter-quantum-lite-delight-120-600w-facil-armado,"",
sin-senal,https://astrogrowshop.cl/permanet-jealousy-xl-auto-x31-sweet-seeds,"",
sin-senal,https://astrogrowshop.cl/dc-mack-2-jeringas-de-esporas-5ml-mantun,"",
sin-senal,https://astrogrowshop.cl/purple-dream-plug-anal,"",
sin-senal,https://astrogrowshop.cl/mix-classic-project-n1-auto-delirium-seeds,"",
sin-senal,https://astrogrowshop.cl/sensizym-advanced-nutrients,"",
sin-senal,https://astrogrowshop.cl/anubis-auto-pyramid-seeds,"",
sin-senal,https://astrogrowshop.cl/purple-urkle-fem-pyramid-seeds,"",
sin-senal,https://astrogrowshop.cl/stick-mentolado-170g,"",
sin-senal,https://astrogrowshop.cl/ring-duo-negro-set-de-anillos-peneanos,"",
sin-senal,https://astrogrowshop.cl/pack-60x60-basico-hps-150w,"",
sin-senal,https://astrogrowshop.cl/kit-medio-quantum-lite-delight-120-600w-facil-armado,"",
sin-senal,https://astrogrowshop.cl/raziel-lite-hype,"",
sin-senal,https://astrogrowshop.cl/orange-apricot-glue-xl-auto-sweet-seeds,"",
sin-senal,https://astrogrowshop.cl/pineapple-slush-xl-auto-x31-sweet-seeds,"",
sin-senal,https://astrogrowshop.cl/golden-cluster-fck-2-jeringas-de-esporas-5ml-mantun,"",
sin-senal,https://astrogrowshop.cl/dildo-basix-6,"",
sin-senal,https://astrogrowshop.cl/aceite-masaje-organico-toko,"",
sin-senal,https://astrogrowshop.cl/gorilla-berries-xl-fast-delirium-seeds,"",
sin-senal,https://astrogrowshop.cl/romulan-fem-pyramid-seeds,"",
sin-senal,https://astrogrowshop.cl/stick-neutro-170g,"",
sin-senal,https://astrogrowshop.cl/delicia-oral-dulce-de-algodon-intensifica-el-placer,"",
sin-senal,https://astrogrowshop.cl/bebida-energetica-red-bull-sin-azucar-lata-250-ml,"",
sin-senal,https://astrogrowshop.cl/pack-60x60-starter-hps-250w,"",
sin-senal,https://astrogrowshop.cl/kit-completo-quantum-lite-delight-120-600w-facil-armado,"",
sin-senal,https://astrogrowshop.cl/royal-moby-fem-royal-queen-seeds,"",
sin-senal,https://astrogrowshop.cl/thai-lipa-yai-2-jeringas-de-esporas-5ml-mantun,"",
sin-senal,https://astrogrowshop.cl/studio-54-stardust-auto-x31-sweet-seeds,"",
sin-senal,https://astrogrowshop.cl/zerumpro-gel-melon-y-frutos-rojos-400g,"",
sin-senal,https://astrogrowshop.cl/chocolate-chokita-30gr,"",
sin-senal,https://astrogrowshop.cl/tahoe-cure-fem-pyramid-seeds,"",
sin-senal,https://astrogrowshop.cl/numb-af-crema-desensibilizante-anal-con-menta-fresca,"",
sin-senal,https://astrogrowshop.cl/vibrador-snappy-tomy-pretty-love,"",
sin-senal,https://astrogrowshop.cl/pack-60x60-full-hps-150w,"",
sin-senal,https://astrogrowshop.cl/kit-starter-quantum-lite-delight-plus-120-720w-facil-armado,"",
sin-senal,https://astrogrowshop.cl/critical-fem-royal-queen-seeds,"",
sin-senal,https://astrogrowshop.cl/jack-47-fem-sweet-seeds,"",
sin-senal,https://astrogrowshop.cl/thai-pink-buffalo-2-jeringas-de-esporas-5ml-mantun,"",
sin-senal,https://astrogrowshop.cl/indigo-berry-kush-fem-sweet-seeds,"",
sin-senal,https://astrogrowshop.cl/chicle-splot,"",
sin-senal,https://astrogrowshop.cl/mix-classic-project-n2-auto-delirium-seeds,"",
sin-senal,https://astrogrowshop.cl/tarantula-advanced-nutrients,"",
sin-senal,https://astrogrowshop.cl/bizcocho-chocman-33gr,"",
sin-senal,https://astrogrowshop.cl/esencia-cafe-60ml-marlboro,"",
sin-senal,https://astrogrowshop.cl/numb-af-crema-desensibilizante-anal-con-sabor-cherry,"",
sin-senal,https://astrogrowshop.cl/pack-80x80-basico-hps-250w,"",
sin-senal,https://astrogrowshop.cl/kit-medio-quantum-lite-delight-plus-120-720w-facil-armado,"",
sin-senal,https://astrogrowshop.cl/special-kush-n1-fem-x100-royal-queen-seeds,"",
sin-senal,https://astrogrowshop.cl/kit-primordio-10lt-mantun,"",
sin-senal,https://astrogrowshop.cl/monster-maker-fem-x31-sweet-seeds,"",
sin-senal,https://astrogrowshop.cl/pods-classic-menthol-5-4xcaja,"",
sin-senal,https://astrogrowshop.cl/wild-green-poison-d-fast-delirium-seeds,"",
sin-senal,https://astrogrowshop.cl/anillo-vibrador-svakom-tyler,"",
sin-senal,https://astrogrowshop.cl/chocolate-capri-frutilla-30gr,"",
sin-senal,https://astrogrowshop.cl/mr-beast-feastables-milk-crunch-chocolate-barra-60gr,"",
sin-senal,https://astrogrowshop.cl/sunset-sherbet-fem-pyramid-seeds,"",
sin-senal,https://astrogrowshop.cl/snappy-vibrador-tomy-estimulacion-de-punto-g-y-clitoris,"",
sin-senal,https://astrogrowshop.cl/oblea-siciliano-fruna,"",
sin-senal,https://astrogrowshop.cl/pack-80x80-medio-hps-250w,"",
sin-senal,https://astrogrowshop.cl/kit-completo-quantum-lite-delight-plus-120-720w-facil-armado,"",
sin-senal,https://astrogrowshop.cl/romiel-hype,"",
sin-senal,https://astrogrowshop.cl/skunk-xl-fem-royal-queen-seeds,"",
sin-senal,https://astrogrowshop.cl/lavadora-secret-smoke,"",
sin-senal,https://astrogrowshop.cl/cable-recubierto-twist-tie-50mt,"",
sin-senal,https://astrogrowshop.cl/psicodelicia-fem-sweet-seeds,"",
sin-senal,https://astrogrowshop.cl/sweet-tai-fem-x31-sweet-seeds,"",
sin-senal,https://astrogrowshop.cl/kit-mantun-28-lt-mantun,"",
sin-senal,https://astrogrowshop.cl/enigma-box-s40-halloween-edition,"",
sin-senal,https://astrogrowshop.cl/balita-vibradora-10-speed,"",
sin-senal,https://astrogrowshop.cl/chocolate-golpe-27gr,"",
sin-senal,https://astrogrowshop.cl/barra-de-chocolate-milky-way-midnight-dark-chocolate-499-gr,"",
sin-senal,https://astrogrowshop.cl/turn-off-the-lights-body-spray-con-feromonas,"",
sin-senal,https://astrogrowshop.cl/extractor-en-linea-tubo-blauberg,"",
sin-senal,https://astrogrowshop.cl/sustrato-aqua-clay-pebbles-45-lt-canna,"",
sin-senal,https://astrogrowshop.cl/pack-80x80-full-hps-250w,"",
sin-senal,https://astrogrowshop.cl/og-kush-fem-royal-queen-seeds,"",
sin-senal,https://astrogrowshop.cl/chempie-fem-x3-ripper-seeds,"",
sin-senal,https://astrogrowshop.cl/wild-rose-fem-x31-sweet-seeds,"",
sin-senal,https://astrogrowshop.cl/mix-delirium-cracks-auto-delirium-seeds,"",
sin-senal,https://astrogrowshop.cl/anillo-vibrador-big-2,"",
sin-senal,https://astrogrowshop.cl/mr-beast-feastables-peanut-butter-chocolate-bar-60gr,"",
sin-senal,https://astrogrowshop.cl/gorila-fem-pyramid-seeds,"",
sin-senal,https://astrogrowshop.cl/balita-vibradora-conejin-mini-estimulador,"",
sin-senal,https://astrogrowshop.cl/balastro-magnetico-cable-alargador-150w-hortilight,"",
sin-senal,https://astrogrowshop.cl/enigma-box-s30-iphone-14-deluxe-edition,"",
sin-senal,https://astrogrowshop.cl/amnesia-haze-fem-royal-queen-seeds,"",
sin-senal,https://astrogrowshop.cl/mantel-silicona-negro-30x20cm,"",
sin-senal,https://astrogrowshop.cl/donuts-fem-x3-medical-seeds,"",
sin-senal,https://astrogrowshop.cl/black-muffin-f1-fast-version-x31-sweet-seeds,"",
sin-senal,https://astrogrowshop.cl/bear-sugar-candy-fast-delirium-seeds,"",
sin-senal,https://astrogrowshop.cl/jack-47-f1-fem-sweet-seeds,"",
sin-senal,https://astrogrowshop.cl/polvos-dulces-mexicanos-lucas-sandia-20gr,"",
sin-senal,https://astrogrowshop.cl/black-cherry-punch-fem-pyramid-seeds,"",
sin-senal,https://astrogrowshop.cl/mini-vibrador-piero-placer-doble-con-estimulacion-de-clitoris-y-punto-g,"",
sin-senal,https://astrogrowshop.cl/neutralizador-de-olores-eucalipto-bio-pulcher,"",
sin-senal,https://astrogrowshop.cl/mantel-silicona-negro-40x30cm,"",
sin-senal,https://astrogrowshop.cl/mintzkittlez-fem-x3-medical-seeds,"",
sin-senal,https://astrogrowshop.cl/mental-rainbow-f1-fast-version-x31-sweet-seeds,"",
sin-senal,https://astrogrowshop.cl/dulce-mexicano-pulparindo-14gr,"",
sin-senal,https://astrogrowshop.cl/condontrojan-ecstasy-pack-x-3,"",
sin-senal,https://astrogrowshop.cl/delirium-moby-xl-auto-x2-delirium-seeds,"",
sin-senal,https://astrogrowshop.cl/biorelief-cbd-x3-medical-seeds,"",
sin-senal,https://astrogrowshop.cl/papaya-zoap-f1-fast-version-x31-sweet-seeds,"",
sin-senal,https://astrogrowshop.cl/critical-circus-fem-delirium-seeds,"",
sin-senal,https://astrogrowshop.cl/black-jack-f1-fem-sweet-seeds,"",
sin-senal,https://astrogrowshop.cl/voodoo-juice-advanced-nutrients,"",
sin-senal,https://astrogrowshop.cl/try-pack-top-crop-veg-bloom-candy-1lt,"",
sin-senal,https://astrogrowshop.cl/fresh-candy-auto-pyramid-seeds,"",
sin-senal,https://astrogrowshop.cl/crema-dragon,"",
sin-senal,https://astrogrowshop.cl/gelato-41-x-gelato-41-auto-x3-green-house,"",
sin-senal,https://astrogrowshop.cl/diablo-rojo-xl-auto-x31-sweet-seeds,"",
sin-senal,https://astrogrowshop.cl/banana-purp-fem-x3-medical-seeds,"",
sin-senal,https://astrogrowshop.cl/ice-cream-fem-pyramid-seeds,"",
sin-senal,https://astrogrowshop.cl/mms-caramel-chocolate-candy-40-gr,"",
sin-senal,https://astrogrowshop.cl/bi-pack-bases-top-crop-1lt-veg-bloom-1lt,"",
sin-senal,https://astrogrowshop.cl/american-pie-auto-pyramid-seeds,"",
sin-senal,https://astrogrowshop.cl/dildo-doble-densidad-wooomy-mr-smith,"",
sin-senal,https://astrogrowshop.cl/extractor-en-linea-cornwall-electronics,"",
sin-senal,https://astrogrowshop.cl/guava-x-gelato-41-auto-x3-green-house,"",
sin-senal,https://astrogrowshop.cl/samax-hype,"",
sin-senal,https://astrogrowshop.cl/mendocino-purple-kush-fem-pyramid-seeds,"",
sin-senal,https://astrogrowshop.cl/cream-mandarine-f1-fem-sweet-seeds,"",
sin-senal,https://astrogrowshop.cl/graffiti-spray-pintalenguas-con-caramelo-liquido-70-ml,"",
sin-senal,https://astrogrowshop.cl/agrandao-fruna,"",
sin-senal,https://astrogrowshop.cl/dildo-doble-king-cock-6,"",
sin-senal,https://astrogrowshop.cl/sistema-de-purificacion-de-agua-power-grow-500ldia-growmax,"",
sin-senal,https://astrogrowshop.cl/blue-haze-x-gelato-41-auto-x3-green-house,"",
sin-senal,https://astrogrowshop.cl/gorilla-xl-fem-delirium-seeds,"",
sin-senal,https://astrogrowshop.cl/zkittlez-fem-x3-medical-seeds,"",
sin-senal,https://astrogrowshop.cl/lemon-larry-og-fem-pyramid-seeds,"",
sin-senal,https://astrogrowshop.cl/icee-slush-puppie-squeeze-candy-59-gr,"",
sin-senal,https://astrogrowshop.cl/gomitas-fini,"",
sin-senal,https://astrogrowshop.cl/ducha-anal-mr-play-super-power,"",
sin-senal,https://astrogrowshop.cl/sistema-de-purificacion-de-agua-mega-grow-1000ldia-growmax,"",
sin-senal,https://astrogrowshop.cl/gelato-242-fem-x3-medical-seeds,"",
sin-senal,https://astrogrowshop.cl/mix-gorilla-fast-delirium-seeds,"",
sin-senal,https://astrogrowshop.cl/big-devil-f1-fem-sweet-seeds,"",
sin-senal,https://astrogrowshop.cl/esposas-negras,"",
sin-senal,https://astrogrowshop.cl/ampolleta-hps-1000w,"",
sin-senal,https://astrogrowshop.cl/tangie-matic-auto-fast-buds,"",
sin-senal,https://astrogrowshop.cl/pink-sherbert-fem-x3-medical-seeds,"",
sin-senal,https://astrogrowshop.cl/dulces-en-polvo-mexicano-lucas-chamoy-20gr,"",
sin-senal,https://astrogrowshop.cl/ramses-auto-pyramid-seeds,"",
sin-senal,https://astrogrowshop.cl/fusta-de-corazon,"",
sin-senal,https://astrogrowshop.cl/preservativo-sensor-plus,"",
sin-senal,https://astrogrowshop.cl/zkittlez-auto-x5-fast-buds,"",
sin-senal,https://astrogrowshop.cl/gorilla-xl-auto-delirium-seeds,"",
sin-senal,https://astrogrowshop.cl/double-cream-caramel-fem-delirium-seeds,"",
sin-senal,https://astrogrowshop.cl/humidificador-8-litros,"",
sin-senal,https://astrogrowshop.cl/grape-fuel-fem-x3-medical-seeds,"",
sin-senal,https://astrogrowshop.cl/killer-kush-f1-fem-sweet-seeds,"",
sin-senal,https://astrogrowshop.cl/gomitas-americanas-life-savers-5-sabores-93gr,"",
sin-senal,https://astrogrowshop.cl/new-york-city-auto-pyramid-seeds,"",
sin-senal,https://astrogrowshop.cl/kit-anal-3-piezas-negro,"",
sin-senal,https://astrogrowshop.cl/chocolate-barra-snickers-con-leche-y-mani-53-gr,"",
sin-senal,https://astrogrowshop.cl/cloudwalker-fem-x3-green-house,"",
sin-senal,https://astrogrowshop.cl/lemon-ak-auto-fast-buds,"",
sin-senal,https://astrogrowshop.cl/mix-classic-project-n1-fast-delirium-seeds,"",
sin-senal,https://astrogrowshop.cl/amnesia-gold-auto-pyramid-seeds,"",
sin-senal,https://astrogrowshop.cl/kit-dulce-castigo,"",
sin-senal,https://astrogrowshop.cl/alfajor-argentino-game-60gr,"",
sin-senal,https://astrogrowshop.cl/bubba-slush-fem-x3-green-house,"",
sin-senal,https://astrogrowshop.cl/gorilla-xl-fast-version-delirium-seeds,"",
sin-senal,https://astrogrowshop.cl/sweet-mandarine-zkittlez-f1-fem-sweet-seeds,"",
sin-senal,https://astrogrowshop.cl/lennon-auto-pyramid-seeds,"",
sin-senal,https://astrogrowshop.cl/lubricante-anal-c-hialuron-pjur,"",
sin-senal,https://astrogrowshop.cl/balance-pro-athena,"",
sin-senal,https://astrogrowshop.cl/tortazo-70gr,"",
sin-senal,https://astrogrowshop.cl/lubricante-orgie-anal,"",
sin-senal,https://astrogrowshop.cl/gorilla-berries-xl-fem-delirium-seeds,"",
sin-senal,https://astrogrowshop.cl/gorila-fast-x31-pyramid-seeds,"",
sin-senal,https://astrogrowshop.cl/orange-bud-fem-20-dutch-passion,"",
sin-senal,https://astrogrowshop.cl/lubricante-silicona-toko,"",
sin-senal,https://astrogrowshop.cl/chemical-bride-fem-x3-green-house,"",
sin-senal,https://astrogrowshop.cl/sustrato-premium-coco-50lt-dutch-grade,"",
sin-senal,https://astrogrowshop.cl/sachet-hybrid-formula-lubricante,"",
sin-senal,https://astrogrowshop.cl/gorilla-glue-faster-ff-gr-fem-x100-bsf,"",
sin-senal,https://astrogrowshop.cl/big-bud-advanced-nutrients,"",
sin-senal,https://astrogrowshop.cl/ampolleta-hm-250w,"",
sin-senal,https://astrogrowshop.cl/kryptonite-fast-x31-pyramid-seeds,"",
sin-senal,https://astrogrowshop.cl/mix-classic-project-n2-fast-delirium-seeds,"",
sin-senal,https://astrogrowshop.cl/viejo-toby-fem-x31-eva-seeds,"",
sin-senal,https://astrogrowshop.cl/purple-auto-pyramid-seeds,"",
sin-senal,https://astrogrowshop.cl/lubricante-toko-natural,"",
sin-senal,https://astrogrowshop.cl/ventilador-a-pinza-15w-cyclone,"",
sin-senal,https://astrogrowshop.cl/anillo-vibrador-bala-wooomy-puggle,"",
sin-senal,https://astrogrowshop.cl/huevo-masturbador-venus-x,"",
sin-senal,https://astrogrowshop.cl/bolsas-hermeticas,"",
sin-senal,https://astrogrowshop.cl/wedding-cheesecake-fast-flowering-x3-fast-buds,"",
sin-senal,https://astrogrowshop.cl/gmo-fast-x3-dutch-passion,"",
sin-senal,https://astrogrowshop.cl/papas-fritas-kryzpo,"",
sin-senal,https://astrogrowshop.cl/super-og-kush-fast-x31-pyramid-seeds,"",
sin-senal,https://astrogrowshop.cl/kryptonite-auto-pyramid-seeds,"",
sin-senal,https://astrogrowshop.cl/masturbador-baby-pussy-vaginal,"",
sin-senal,https://astrogrowshop.cl/wild-green-poison-d-fem-delirium-seeds,"",
sin-senal,https://astrogrowshop.cl/moby-dick-auto-32-fast-buds,"",
sin-senal,https://astrogrowshop.cl/skywalker-haze-fem-x25-dutch-passion,"",
sin-senal,https://astrogrowshop.cl/super-8,"",
sin-senal,https://astrogrowshop.cl/tutankhamon-fast-x31-pyramid-seeds,"",
sin-senal,https://astrogrowshop.cl/promocion-2x1-melonade-runtz-fem-x3-dutch-passion,"",
sin-senal,https://astrogrowshop.cl/blue-pyramid-auto-pyramid-seeds,"",
sin-senal,https://astrogrowshop.cl/lubricante-woo-hoo-base-agua,"",
sin-senal,https://astrogrowshop.cl/myco-pro-granular-200gr-sustrato-tecnico,"",
sin-senal,https://astrogrowshop.cl/masturbador-baby-pussy-oral,"",
sin-senal,https://astrogrowshop.cl/peta-zeta-rock-candy,"",
sin-senal,https://astrogrowshop.cl/ampolleta-sodio-dual-groflo-agrolite,"",
sin-senal,https://astrogrowshop.cl/wembley-fast-x31-pyramid-seeds,"",
sin-senal,https://astrogrowshop.cl/promocion-2x1-melonade-runtz-auto-x3-dutch-passion,"",
sin-senal,https://astrogrowshop.cl/wembley-auto-pyramid-seeds,"",
sin-senal,https://astrogrowshop.cl/on-aceite-estimulador-femenino,"",
sin-senal,https://astrogrowshop.cl/quantum-lite-160w-delight,"",
sin-senal,https://astrogrowshop.cl/kongs-krush-fem-x3-green-house,"",
sin-senal,https://astrogrowshop.cl/masturbador-boca-super-realista-alive,"",
sin-senal,https://astrogrowshop.cl/banana-purple-punch-auto-fast-buds,"",
sin-senal,https://astrogrowshop.cl/carboload-advanced-nutrients,"",
sin-senal,https://astrogrowshop.cl/melonade-runtz-fem-dutch-passion,"",
sin-senal,https://astrogrowshop.cl/nefertiti-auto-pyramid-seeds,"",
sin-senal,https://astrogrowshop.cl/on-power-glide-for-him-sachet,"",
sin-senal,https://astrogrowshop.cl/gorilla-glue-auto-x4-bsf,"",
sin-senal,https://astrogrowshop.cl/enigma-box-edicion-cyber-gravity-hookah,"",
sin-senal,https://astrogrowshop.cl/velvet-moon-fem-x3-green-house,"",
sin-senal,https://astrogrowshop.cl/plug-anal-metalico-wooomy-lollypop,"",
sin-senal,https://astrogrowshop.cl/lemon-z-fem-dutch-passion,"",
sin-senal,https://astrogrowshop.cl/carpa-240x120x200,"",
sin-senal,https://astrogrowshop.cl/shark-auto-pyramid-seeds,"",
sin-senal,https://astrogrowshop.cl/transparent-base-blue-1350ml-airtight,"",
sin-senal,https://astrogrowshop.cl/pack-3-condon-trojan-clasico,"",
sin-senal,https://astrogrowshop.cl/lubricante-toko-crema-de-coco-165ml,"",
sin-senal,https://astrogrowshop.cl/chocolate-big-kit-kat-barra-415gr,"",
sin-senal,https://astrogrowshop.cl/plug-anal-vibratorio-flexible-recargable,"",
sin-senal,https://astrogrowshop.cl/aceite-comestible-30ml-erotic,"",
sin-senal,https://astrogrowshop.cl/chocolate-barra-winergy-58g,"",
sin-senal,https://astrogrowshop.cl/cal-mag-wonderland,"",
sin-senal,https://astrogrowshop.cl/super-hash-auto-pyramid-seeds,"",
sin-senal,https://astrogrowshop.cl/full-solid-black-120ml-airtight,"",
sin-senal,https://astrogrowshop.cl/pack-x-3-condon-trojan-bareskin,"",
sin-senal,https://astrogrowshop.cl/lubricante-toko-melon-mango-165ml,"",
sin-senal,https://astrogrowshop.cl/grageas-harry-potter-bertie-botts-35-gr,"",
sin-senal,https://astrogrowshop.cl/plug-anal-metalico-wooomy-tralalo,"",
sin-senal,https://astrogrowshop.cl/promocion-2x1-xtreme-auto-x3-dutch-passion,"",
sin-senal,https://astrogrowshop.cl/masturbador-love-in-pocket,"",
sin-senal,https://astrogrowshop.cl/full-solid-white-120ml-airtight,"",
sin-senal,https://astrogrowshop.cl/pack-x-3-condon-trojan-ultra-delgado,"",
sin-senal,https://astrogrowshop.cl/masturbador-con-vibrador-sam-neo,"",
sin-senal,https://astrogrowshop.cl/spray-prolongado-max-control-retardante-masculino-30-ml,"",
sin-senal,https://astrogrowshop.cl/aceite-de-masaje-kama-sutra-con-feromonas-sex-magnet,"",
sin-senal,https://astrogrowshop.cl/dlr-moby-xl-fem-delirium-seeds,"",
sin-senal,https://astrogrowshop.cl/skittles-drink-berry-414ml,"",
sin-senal,https://astrogrowshop.cl/candy-bubatz-xl-auto-dutch-passion,"",
sin-senal,https://astrogrowshop.cl/mazar-fem-dutch-passion,"",
sin-senal,https://astrogrowshop.cl/micorriza-wonderland,"",
sin-senal,https://astrogrowshop.cl/plug-anal-love-in-pocket,"",
sin-senal,https://astrogrowshop.cl/choco-cream-fem-bsf,"",
sin-senal,https://astrogrowshop.cl/palmeta-de-vinilo-baby,"",
sin-senal,https://astrogrowshop.cl/funda-peneana-stay-hard-texturada,"",
sin-senal,https://astrogrowshop.cl/alien-z-fem-x3-green-house,"",
sin-senal,https://astrogrowshop.cl/perfume-roll-on-con-feromonas-10ml,"",
sin-senal,https://astrogrowshop.cl/skittles-drink-tropical-414ml,"",
sin-senal,https://astrogrowshop.cl/blue-zushi-fem-dutch-passion,"",
sin-senal,https://astrogrowshop.cl/promocion-2x1-glueberry-og-fem-x3-dutch-passion,"",
sin-senal,https://astrogrowshop.cl/skywalker-og-runtz-xl-auto-sweet-seeds,"",
sin-senal,https://astrogrowshop.cl/giant-grow-radicular-vegetatico-pk-52-34-wonderland,"",
sin-senal,https://astrogrowshop.cl/vibrador-plug-anal-ccontrol,"",
sin-senal,https://astrogrowshop.cl/transparent-base-blue-120ml-airtight,"",
sin-senal,https://astrogrowshop.cl/plug-ball-heavy,"",
sin-senal,https://astrogrowshop.cl/masturbador-satisfyer-men-vibracion,"",
sin-senal,https://astrogrowshop.cl/american-pie-fem-pyramid-seeds,"",
sin-senal,https://astrogrowshop.cl/skittles-drink-sour-414ml,"",
sin-senal,https://astrogrowshop.cl/spray-neutro-750ml,"",
sin-senal,https://astrogrowshop.cl/think-fast-fem-x3-2x1-dutch-passion,"",
sin-senal,https://astrogrowshop.cl/og-organics-big-bud-advanced-nutrients,"",
sin-senal,https://astrogrowshop.cl/sachet-estimulante-femenino-oh-sda-x-3-unidades,"",
sin-senal,https://astrogrowshop.cl/transparent-base-green-120ml-airtight,"",
sin-senal,https://astrogrowshop.cl/potenciador-masculino-oh,"",
sin-senal,https://astrogrowshop.cl/gorilla-glue-auto-gk-bsf,"",
sin-senal,https://astrogrowshop.cl/merma-sustrato-light-mix-50lt-biobizz,"",
sin-senal,https://astrogrowshop.cl/white-widow-fem-pyramid-seeds,"",
sin-senal,https://astrogrowshop.cl/tropical-tangie-fem-dutch-passion,"",
sin-senal,https://astrogrowshop.cl/og-organics-iguana-juice-bloom-advanced-nutrients,"",
sin-senal,https://astrogrowshop.cl/sachet-gel-max-control-pack-3-uds,"",
sin-senal,https://astrogrowshop.cl/satisfyer-2-next-generation-white,"",
sin-senal,https://astrogrowshop.cl/el-gaucho-faster-sp-bsf,"",
sin-senal,https://astrogrowshop.cl/funda-peneana-jeremy-pretty-love,"",
sin-senal,https://astrogrowshop.cl/gorilla-pina-fem-bsf,"",
sin-senal,https://astrogrowshop.cl/hawaiian-snow-fem-x3-green-house,"",
sin-senal,https://astrogrowshop.cl/ramses-fem-pyramid-seeds,"",
sin-senal,https://astrogrowshop.cl/dulces-acido-extremo-toxic-waste,"",
sin-senal,https://astrogrowshop.cl/leche-sabor-chocolate-twix-414ml,"",
sin-senal,https://astrogrowshop.cl/blackberry-kush-auto-dutch-passion,"",
sin-senal,https://astrogrowshop.cl/melonade-runtz-auto-dutch-passion,"",
sin-senal,https://astrogrowshop.cl/bolsa-para-fresh-frozen-452gr-humedos-excise,"",
sin-senal,https://astrogrowshop.cl/sweet-mandarine-zkittlez-xl-auto-sweet-seeds,"",
sin-senal,https://astrogrowshop.cl/set-satisfayer-de-huevos-masturbadores,"",
sin-senal,https://astrogrowshop.cl/red-line-auto-mix-x12,"",
sin-senal,https://astrogrowshop.cl/satisfyer-pro-2-generacion-3,"",
sin-senal,https://astrogrowshop.cl/crema-de-masaje-comestible-shunga-200ml,"",
sin-senal,https://astrogrowshop.cl/gorilla-pina-fast-version-x2-bsf,"",
sin-senal,https://astrogrowshop.cl/arkhas-hype,"",
sin-senal,https://astrogrowshop.cl/new-york-city-fem-pyramid-seeds,"",
sin-senal,https://astrogrowshop.cl/dulces-sabores-sorpresa-harry-potter-bertie-botts-53-gr,"",
sin-senal,https://astrogrowshop.cl/dulce-chocolate-y-nueces-nuttino-crema-de-leche,"",
sin-senal,https://astrogrowshop.cl/crystal-white-kush-fem-x3-dutch-passion,"",
sin-senal,https://astrogrowshop.cl/og-organics-sensi-calmag-xtra-advanced-nutrients,"",
sin-senal,https://astrogrowshop.cl/sweet-mimosa-xl-auto-sweet-seeds,"",
sin-senal,https://astrogrowshop.cl/gigant-buds-engorde-mineral-pk-52-34-wonderland,"",
sin-senal,https://astrogrowshop.cl/gorila-auto-x31-pyramid-seeds,"",
sin-senal,https://astrogrowshop.cl/masturbador-realista-wooomy-squeeezy,"",
sin-senal,https://astrogrowshop.cl/nerdz-fem-bsf,"",
sin-senal,https://astrogrowshop.cl/transparent-base-water-green-650ml-airtight,"",
sin-senal,https://astrogrowshop.cl/satisfyer-pro-2-generacion-2,"",
sin-senal,https://astrogrowshop.cl/purple-kush-auto-x31-buddha-seeds,"",
sin-senal,https://astrogrowshop.cl/masturbador-con-vibrador-robin,"",
sin-senal,https://astrogrowshop.cl/gorilla-pina-fast-version-bsf,"",
sin-senal,https://astrogrowshop.cl/amnesia-gold-fem-pyramid-seeds,"",
sin-senal,https://astrogrowshop.cl/mix-gorilla-fem-delirium-seeds,"",
sin-senal,https://astrogrowshop.cl/milky-way-chocolate-drink-414ml,"",
sin-senal,https://astrogrowshop.cl/gelato-auto-x31-pyramid-seeds-1,"",
sin-senal,https://astrogrowshop.cl/masturbador-manual-huevo-pretty-love,"",
sin-senal,https://astrogrowshop.cl/maceta-geotextil-doble-tela-veroblue,"",
sin-senal,https://astrogrowshop.cl/estimulante-enraizante-anasac,"",
sin-senal,https://astrogrowshop.cl/satisfyer-pro-penguin,"",
sin-senal,https://astrogrowshop.cl/balde-tableton-11kg,"",
sin-senal,https://astrogrowshop.cl/bisturi-esteril-desechable-1ud,"",
sin-senal,https://astrogrowshop.cl/chicle-bigtime-11gr,"",
sin-senal,https://astrogrowshop.cl/mokums-tulip-fem-dutch-passion,"",
sin-senal,https://astrogrowshop.cl/full-solid-white-300ml-airtight,"",
sin-senal,https://astrogrowshop.cl/milk-chocolate-bar-60gr-mr-beast,"",
sin-senal,https://astrogrowshop.cl/black-cherry-punch-auto-x31-pyramid-seeds,"",
sin-senal,https://astrogrowshop.cl/humus-de-lombriz-californiana-ldg,"",
sin-senal,https://astrogrowshop.cl/set-kinky-me-softly,"",
sin-senal,https://astrogrowshop.cl/balde-cubanito-12kg,"",
sin-senal,https://astrogrowshop.cl/gorilla-pina-auto-bsf,"",
sin-senal,https://astrogrowshop.cl/bj-blast-petazeta-oral-frutilla-explosion-de-placer,"",
sin-senal,https://astrogrowshop.cl/lennon-fem-pyramid-seeds,"",
sin-senal,https://astrogrowshop.cl/coca-cola-cherry-355-ml,"",
sin-senal,https://astrogrowshop.cl/caramelo-fresco-halls-strong,"",
sin-senal,https://astrogrowshop.cl/critical-circus-auto-delirium-seeds,"",
sin-senal,https://astrogrowshop.cl/gorilla-super-glue-fem-x3-dutch-passion,"",
sin-senal,https://astrogrowshop.cl/full-solid-green-300ml-airtight,"",
sin-senal,https://astrogrowshop.cl/almond-chocolate-bar-60gr-mr-beast,"",
sin-senal,https://astrogrowshop.cl/do-si-dos-auto-x31-pyramid-seeds,"",
sin-senal,https://astrogrowshop.cl/alfajor-panchito-40gr,"",
sin-senal,https://astrogrowshop.cl/tenga-egg-masturbador-masculino-clicker,"",
sin-senal,https://astrogrowshop.cl/bj-blast-petazeta-explosion-de-sabor-y-placer,"",
sin-senal,https://astrogrowshop.cl/mix-classic-project-n1-fem-delirium-seeds,"",
sin-senal,https://astrogrowshop.cl/crush-grape-355ml,"",
sin-senal,https://astrogrowshop.cl/propagadora-con-cupula-54x28x25cm,"",
sin-senal,https://astrogrowshop.cl/extractor-silent-200-840-690m3h-cornwall-electronics,"",
sin-senal,https://astrogrowshop.cl/full-solid-red-300ml-airtight,"",
sin-senal,https://astrogrowshop.cl/g-mint-fem-bsf,"",
sin-senal,https://astrogrowshop.cl/vela-shunga-mini-chocolate,"",
sin-senal,https://astrogrowshop.cl/lubricante-intimo-de-frutilla-en-sachet-hidratacion-suavidad-y-placer-natural,"",
sin-senal,https://astrogrowshop.cl/purple-fem-pyramid-seeds,"",
sin-senal,https://astrogrowshop.cl/bolitas-chinas-beeds-katina,"",
sin-senal,https://astrogrowshop.cl/crema-de-avellana-untable-nutella-go-52-g,"",
sin-senal,https://astrogrowshop.cl/bilz-lata-350ml,"",
sin-senal,https://astrogrowshop.cl/transparent-base-blue-300ml-airtight,"",
sin-senal,https://astrogrowshop.cl/distribuidor-4-salidas-5mm-plano-netafim,"",
sin-senal,https://astrogrowshop.cl/gummy-big-bear-4-pack-sour-apple-184gr,"",
sin-senal,https://astrogrowshop.cl/recarga-5000-wotofo,"",
sin-senal,https://astrogrowshop.cl/vela-shunga-mini-frutilla-champagne,"",
sin-senal,https://astrogrowshop.cl/set-kama-sutra-get-slippery-lubricacion-exquisita-en-formato-de-bolsillo,"",
sin-senal,https://astrogrowshop.cl/kryptonite-fem-pyramid-seeds,"",
sin-senal,https://astrogrowshop.cl/pepsi-zero-lata-350ml,"",
sin-senal,https://astrogrowshop.cl/sahne-nuss-barra-14gr,"",
sin-senal,https://astrogrowshop.cl/double-cream-caramel-auto-delirium-seeds,"",
sin-senal,https://astrogrowshop.cl/transparent-base-green-300ml-airtight,"",
sin-senal,https://astrogrowshop.cl/gummy-big-bear-4-pack-blue-raspberry-184gr,"",
sin-senal,https://astrogrowshop.cl/ducto-aluminio-1mts-127mm,"",
sin-senal,https://astrogrowshop.cl/flash-back-2-fem-sweet-seeds,"",
sin-senal,https://astrogrowshop.cl/jeringa-desechable-para-cultivos-5ml,"",
sin-senal,https://astrogrowshop.cl/vela-shunga-mini-frutos-exoticos,"",
sin-senal,https://astrogrowshop.cl/lubricante-intimo-de-manzana-hidratacion-placer-y-sabor-irresistible,"",
sin-senal,https://astrogrowshop.cl/blue-pyramid-fem-pyramid-seeds,"",
sin-senal,https://astrogrowshop.cl/mix-classic-project-n2-fem-delirium-seeds,"",
sin-senal,https://astrogrowshop.cl/kit-completo-quantum-lite-delight-60-160w-facil-armado,"",
sin-senal,https://astrogrowshop.cl/carpa-de-cultivo-esquejes-con-rack-120x60x180-cropbox,"",
sin-senal,https://astrogrowshop.cl/pepsi-clasica-lata-350ml,"",
sin-senal,https://astrogrowshop.cl/chocolate-chocolito-88g,"",
sin-senal,https://astrogrowshop.cl/elfbar-bc10000-vape-recargable-10000-puffs,"",
sin-senal,https://astrogrowshop.cl/gotero-flecha-23-lh-angular-negro-netafim,"",
sin-senal,https://astrogrowshop.cl/ducto-insonorizado-1mts-127mm,"",
sin-senal,https://astrogrowshop.cl/big-devil-2-auto-sweet-seeds,"",
sin-senal,https://astrogrowshop.cl/vela-shunga-mini-petalos-de-rosa,"",
sin-senal,https://astrogrowshop.cl/erelim-hype,"",
sin-senal,https://astrogrowshop.cl/lubricante-intimo-besable-sabor-frutilla-hidratacion-y-placer,"",
sin-senal,https://astrogrowshop.cl/wembley-fem-pyramid-seeds,"",
sin-senal,https://astrogrowshop.cl/limon-soda-lata-350ml,"",
sin-senal,https://astrogrowshop.cl/snickers-peanut-brownie-single-bar-34gr,"",
sin-senal,https://astrogrowshop.cl/nicole-punch-fem-bsf,"",
sin-senal,https://astrogrowshop.cl/buddha-wedding-cheesecake-x3,"",
sin-senal,https://astrogrowshop.cl/agrolite-ampolleta-hm-400w,"",
sin-senal,https://astrogrowshop.cl/vela-shunga-mini-te-verde,"",
sin-senal,https://astrogrowshop.cl/lubricante-intimo-neutro-hidratacion-y-deslizamiento-natural,"",
sin-senal,https://astrogrowshop.cl/nefertiti-fem-pyramid-seeds,"",
sin-senal,https://astrogrowshop.cl/kit-medio-quantum-lite-delight-60-160w-facil-armado,"",
sin-senal,https://astrogrowshop.cl/mylar-diamond-silver-white-3x12mt,"",
sin-senal,https://astrogrowshop.cl/mantecol-111gr,"",
sin-senal,https://astrogrowshop.cl/extractor-tt-150-405-520-m3h-vents,"",
sin-senal,https://astrogrowshop.cl/spray-zerum-pro-750ml,"",
sin-senal,https://astrogrowshop.cl/gorilla-berries-xl-auto-delirium-seeds,"",
sin-senal,https://astrogrowshop.cl/furious-candy-fem-eva-seeds,"",
sin-senal,https://astrogrowshop.cl/arnes-jessica-con-set-de-dildos,"",
sin-senal,https://astrogrowshop.cl/codo-dentado-16x16mm-netafim,"",
sin-senal,https://astrogrowshop.cl/green-poison-auto-sweet-seeds,"",
sin-senal,https://astrogrowshop.cl/agrolite-balastro-regulable-600w,"",
sin-senal,https://astrogrowshop.cl/vela-shunga-mini-vainilla,"",
sin-senal,https://astrogrowshop.cl/shark-fem-pyramid-seeds,"",
sin-senal,https://astrogrowshop.cl/mix-delirium-cracks-fem-delirium-seeds,"",
sin-senal,https://astrogrowshop.cl/kit-starter-quantum-lite-delight-60-160w-facil-armado,"",
sin-senal,https://astrogrowshop.cl/gta-x4-bsf,"",
sin-senal,https://astrogrowshop.cl/veneno-fem-eva-seeds,"",
sin-senal,https://astrogrowshop.cl/punto-rojo-fast-version-delirium-seeds,"",
sin-senal,https://astrogrowshop.cl/buddha-tangie-auto-x3,"",
url-no-producto,https://astrogrowshop.cl/cartridge-rove-08ml-rove-vacios,"",
sin-senal,https://astrogrowshop.cl/vibrador-cici-punto-g-violet,"",
sin-senal,https://astrogrowshop.cl/super-hash-fem-pyramid-seeds,"",
sin-senal,https://astrogrowshop.cl/kit-completo-quantum-lite-delight-80-240w-facil-armado,"",
sin-senal,https://astrogrowshop.cl/frozen-biscotti-auto-dutch-passion,"",
sin-senal,https://astrogrowshop.cl/monster-cbd-fem-x31-eva-seeds,"",
sin-senal,https://astrogrowshop.cl/punto-rojo-fem-delirium-seeds,"",
sin-senal,https://astrogrowshop.cl/skittles-sour-51-gr,"",
sin-senal,https://astrogrowshop.cl/ducto-black-1mt-102mm-4-pulgadas,"",
sin-senal,https://astrogrowshop.cl/sweet-skunk-auto-royal-queen-seeds,"",
sin-senal,https://astrogrowshop.cl/jealousy-z-xl-auto-sweet-seeds,"",
sin-senal,https://astrogrowshop.cl/balastro-elec-600w-ignis,"",
sin-senal,https://astrogrowshop.cl/vibrador-dual-angel-plum-red,"",
sin-senal,https://astrogrowshop.cl/metratron-hype,"",
sin-senal,https://astrogrowshop.cl/kukulkan-fem-x52-pyramid-seeds,"",
sin-senal,https://astrogrowshop.cl/kit-medio-quantum-lite-delight-80-240w-facil-armado,"",
sin-senal,https://astrogrowshop.cl/spray-zerum-pro-12ml,"",
sin-senal,https://astrogrowshop.cl/frozen-biscotti-fem-dutch-passion,"",
sin-senal,https://astrogrowshop.cl/wild-green-poison-d-auto-delirium-seeds,"",
sin-senal,https://astrogrowshop.cl/super-watermelon-auto-x3-eva-seeds,"",
sin-senal,https://astrogrowshop.cl/punto-morado-fast-version-delirium-seeds,"",
sin-senal,https://astrogrowshop.cl/elfbar-1500-vape-desechable-1500-puffs,"",
sin-senal,https://astrogrowshop.cl/ducto-black-3-mt-102mm-4-pulgadas,"",
sin-senal,https://astrogrowshop.cl/gta-fem-bsf,"",
sin-senal,https://astrogrowshop.cl/buddha-gorila-x3,"",
sin-senal,https://astrogrowshop.cl/royal-kush-auto-royal-queen-seeds,"",
sin-senal,https://astrogrowshop.cl/plug-vibrador-satisfyer-game-changer,"",
sin-senal,https://astrogrowshop.cl/anubis-fem-pyramid-seeds,"",
sin-senal,https://astrogrowshop.cl/hard-af-erection-extender-erecciones-duraderas,"",
sin-senal,https://astrogrowshop.cl/critical-circus-fast-delirium-seeds,"",
sin-senal,https://astrogrowshop.cl/kit-starter-quantum-lite-delight-80-240w-facil-armado,"",
sin-senal,https://astrogrowshop.cl/orange-kush-auto-x3-eva-seeds,"",
sin-senal,https://astrogrowshop.cl/punto-morado-fem-delirium-seeds,"",
sin-senal,https://astrogrowshop.cl/buddha-assorted-classics-x10,"",
sin-senal,https://astrogrowshop.cl/nyc-diesel-auto-sweet-seeds,"",
sin-senal,https://astrogrowshop.cl/vibrador-prostatico-vick-neo-black,"",
sin-senal,https://astrogrowshop.cl/anesthesia-fem-pyramid-seeds,"",
sin-senal,https://astrogrowshop.cl/mini-vibrador-conejo-10-modos-de-vibracion,"",
sin-senal,https://astrogrowshop.cl/nicole-punch-x2-bsf,"",
sin-senal,https://astrogrowshop.cl/gel-400g-zerumpro,"",
sin-senal,https://astrogrowshop.cl/magic-tree-auto-x3-eva-seeds,"",
sin-senal,https://astrogrowshop.cl/piranha-advanced-nutrients,"",
sin-senal,https://astrogrowshop.cl/buddha-skunk-auto-x3,"",
sin-senal,https://astrogrowshop.cl/northern-light-auto-royal-queen-seeds,"",
sin-senal,https://astrogrowshop.cl/anillo-vibrador-descartable-vibra-hole-intensidad-control-y-estimulacion,"",
sin-senal,https://astrogrowshop.cl/kit-completo-quantum-lite-delight-100-360w-facil-armado,"",
sin-senal,https://astrogrowshop.cl/score-energy-drink-gorilla-guarana,"",
sin-senal,https://astrogrowshop.cl/diablos-delight-xl-auto-x31-sweet-seeds,"",
sin-senal,https://astrogrowshop.cl/extractor-tt-cultivo-indoor-cornwall-electronics,"",
sin-senal,https://astrogrowshop.cl/extractor-tt-125220280-m3h-cultivo-indoor-sin-cable-vents,"",
sin-senal,https://astrogrowshop.cl/crystal-lemon-haze-xl-auto-delirium-seeds,"",
sin-senal,https://astrogrowshop.cl/tropical-gorilla-xl-auto-delirium-seeds,"",
sin-senal,https://astrogrowshop.cl/northern-light-xl-auto-delirium-seeds,"",
sin-senal,https://astrogrowshop.cl/gold-gorilla-glue-4-auto-delirium-seeds,"",
sin-senal,https://astrogrowshop.cl/white-widow-auto-delirium-seeds,"",
sin-senal,https://astrogrowshop.cl/crystal-lemon-haze-xl-fem-delirium-seeds,"",
sin-senal,https://astrogrowshop.cl/northern-light-xl-fem-delirium-seeds,"",
sin-senal,https://astrogrowshop.cl/gold-gorilla-glue-4-fem-delirium-seeds,"",
sin-senal,https://astrogrowshop.cl/white-widow-fem-delirium-seeds,"",
sin-senal,https://astrogrowshop.cl/tropical-gorilla-xl-fem-delirium-seeds,"",
sin-senal,https://astrogrowshop.cl/crystal-lemon-haze-xl-fast-delirium-seeds,"",
sin-senal,https://astrogrowshop.cl/northern-light-xl-fast-delirium-seeds,"",
sin-senal,https://astrogrowshop.cl/gold-gorilla-glue-4-fast-delirium-seeds,"",
sin-senal,https://astrogrowshop.cl/white-widow-fast-delirium-seeds,"",
sin-senal,https://astrogrowshop.cl/tropical-gorilla-xl-fast-delirium-seeds,"",
sin-senal,https://astrogrowshop.cl/astro-gift-card-digital-60000,"",
sin-senal,https://astrogrowshop.cl/astro-gift-card-digital-120000,"",
sin-senal,https://astrogrowshop.cl/pack-cyber-cultivo-light-mix-try-pack-indoor-semilla,"",
sin-senal,https://astrogrowshop.cl/pack-cyber-cultivo-light-mix-try-pack-outdoor-semilla,"",
sin-senal,https://astrogrowshop.cl/inicio/pack-cultivo,"",
sin-senal,https://astrogrowshop.cl/categoria-de-prueba-de-filtrado,"",
sin-senal,https://astrogrowshop.cl/kit-de-cultivo-indoor-de-prueba,"",
sin-senal,https://astrogrowshop.cl/ks10yks11,"",
sin-senal,https://astrogrowshop.cl/moby-d-xxl-auto-x100-grow-op-bsf,"",
sin-senal,https://astrogrowshop.cl/mp815-bomba-dosificadora-peristaltica-22-lthr-milwaukee,"",
sin-senal,https://astrogrowshop.cl/bio-bloom-biobizz,"",
sin-senal,https://astrogrowshop.cl/perforador-metalico-3mm-netafim,"",
sin-senal,https://astrogrowshop.cl/pro-line-bloom-athena,"",
sin-senal,https://astrogrowshop.cl/pro-line-core-athena,"",
sin-senal,https://astrogrowshop.cl/pro-line-grow-athena,"",
sin-senal,https://astrogrowshop.cl/carpa-de-cultivo-100x100x200-grow-genetics,"",
sin-senal,https://astrogrowshop.cl/reflector-cooltube-protube-m-125mm-garden-highpro,"",
sin-senal,https://astrogrowshop.cl/critical-2-fem-x100-grow-op-bsf,"",
sin-senal,https://astrogrowshop.cl/reflector-matrix-evolution-latam-edition-garden-highpro,"",
sin-senal,https://astrogrowshop.cl/critical-2-xxl-auto-x100-grow-op-bsf,"",
sin-senal,https://astrogrowshop.cl/deeper-underground-top-crop,"",
sin-senal,https://astrogrowshop.cl/fertilizante-de-engorde-y-floracion-bc-wonderland,"",
sin-senal,https://astrogrowshop.cl/solo-tek-grow-grotek,"",
sin-senal,https://astrogrowshop.cl/fish-mix-biobizz,"",
sin-senal,https://astrogrowshop.cl/sweet-gelato-auto-sweet-seeds,"",
sin-senal,https://astrogrowshop.cl/gorilla-girl-xl-auto-sweet-seeds,"",
sin-senal,https://astrogrowshop.cl/te-dentada-16x16x16mm-netafim,"",
sin-senal,https://astrogrowshop.cl/gorilla-glue-auto-x100-grow-op-bsf,"",
sin-senal,https://astrogrowshop.cl/gorilla-glue-faster-ff-grow-op-fem-x100-bsf,"",
sin-senal,https://astrogrowshop.cl/top-bloom-top-crop,"",
sin-senal,https://astrogrowshop.cl/gotero-auto-compensado-2-lh-s-cilindrico-netafim,"",
sin-senal,https://astrogrowshop.cl/grow-ab-athena,"",
sin-senal,https://astrogrowshop.cl/kit-bomba-de-presion-alto-flujo-mega-grow-60-psi-grow-max,"",
sin-senal,https://astrogrowshop.cl/kit-bomba-de-presion-power-grow-500-grow-max,"",
sin-senal,https://astrogrowshop.cl/kit-boya-de-seguridad-14salida-sistema-oi-grow-max,"",
sin-senal,https://astrogrowshop.cl/top-veg-top-crop,"",
sin-senal,https://astrogrowshop.cl/lebron-haze-auto-xxl-x100-grow-op-bsf,"",
sin-senal,https://astrogrowshop.cl/voodoo-juice-5l-advanced-nutrients,"",
sin-senal,https://astrogrowshop.cl/lebron-haze-fem-x100-grow-op-bsf,"",
sin-senal,https://astrogrowshop.cl/membrana-de-osmosis-inversa-de-alto-flujo-150-gpd-500ltd-grow-max,"",
sin-senal,https://astrogrowshop.cl/moby-d-fem-x100-grow-op-bsf,"",
sin-senal,https://astrogrowshop.cl/esencia-core-ice-dinner-lady,"",
sin-senal,https://astrogrowshop.cl/esencia-core-ice-watermelon-chill-6mg-dinner-lady,"",
sin-senal,https://astrogrowshop.cl/esencia-core-ice-watermelon-chill-3mg-dinner-lady,"",
sin-senal,https://astrogrowshop.cl/bud-candy-advanced-nutrients,"",
sin-senal,https://astrogrowshop.cl/silver-haze-regular-x10-sensi-seeds,"",
sin-senal,https://astrogrowshop.cl/overdrive-advanced-nutrients,"",
sin-senal,https://astrogrowshop.cl/northern-lights-auto-sensi-seeds,"",
sin-senal,https://astrogrowshop.cl/shiva-skunk-auto-x3-sensi-seeds,"",
sin-senal,https://astrogrowshop.cl/yuccah-bac,"",
url-no-producto,https://astrogrowshop.cl/cartridge-1ml-vacio-big-chief,"",
url-no-producto,https://astrogrowshop.cl/cartucho-infinix-pod-smok,"",
sin-senal,https://astrogrowshop.cl/trinity-alpha-pod-smok,"",
url-no-producto,https://astrogrowshop.cl/cartridge-triple-cooks-1ml-vacio-big-chief,"",
sin-senal,https://astrogrowshop.cl/flash-atomizer-cloud-vapes,"",
sin-senal,https://astrogrowshop.cl/flash-mouthpiece-glass-cloud-vapes,"",
sin-senal,https://astrogrowshop.cl/thunder-auto-x10-rkiem-seeds-1,"",
sin-senal,https://astrogrowshop.cl/vape-pen-lush-ice-intense-5000-puffs-z-bold,"",
sin-senal,https://astrogrowshop.cl/vape-pen-pineapple-intense-5000-puffs-z-bold,"",
sin-senal,https://astrogrowshop.cl/blue-bullet-auto-x3-sensi-seeds,"",
sin-senal,https://astrogrowshop.cl/himalayan-cbd-fem-x3-sensi-seeds,"",
sin-senal,https://astrogrowshop.cl/big-bud-auto-x3-sensi-seeds,"",
sin-senal,https://astrogrowshop.cl/mix-production-fast-delirium-seeds,"",
sin-senal,https://astrogrowshop.cl/mix-production-fem-delirium-seeds,"",
sin-senal,https://astrogrowshop.cl/mix-dry-mouth-line-auto-delirium-seeds,"",
sin-senal,https://astrogrowshop.cl/crucible-kit-ghost-vape,"",
sin-senal,https://astrogrowshop.cl/fast-charger-ghost-vape,"",
sin-senal,https://astrogrowshop.cl/pack-tri-hype,"",
sin-senal,https://astrogrowshop.cl/spatulas-magical-butter,"",
sin-senal,https://astrogrowshop.cl/peladora-trimmer-dry-100-master-trimmer,"",
url-no-producto,https://astrogrowshop.cl/cartridge-muha-meds-08ml-vacio-muha-meds,"",
sin-senal,https://astrogrowshop.cl/alfajor-game-blanco,"",
sin-senal,https://astrogrowshop.cl/astro-gift-card-digital-15000-1,"",
sin-senal,https://astrogrowshop.cl/astro-gift-card-digital-90000,"",
sin-senal,https://astrogrowshop.cl/astro-gift-card-digital-25000,"",
sin-senal,https://astrogrowshop.cl/astro-gift-card-digital-35000,"",
sin-senal,https://astrogrowshop.cl/hammerhead-advanced-nutrients,"",
sin-senal,https://astrogrowshop.cl/ofertas,"",
sin-senal,https://astrogrowshop.cl/fertilizante-pro-line-core-box-athena,"",
sin-senal,https://astrogrowshop.cl/pro-line-bloom-box-athena,"",
sin-senal,https://astrogrowshop.cl/ventilador-de-5-aspas,"",
sin-senal,https://astrogrowshop.cl/pulverizador-presion-previa,"",
sin-senal,https://astrogrowshop.cl/super-og-kush-auto-pyramid-seeds,"",
sin-senal,https://astrogrowshop.cl/tutankhamon-auto-pyramid-seeds,"",
sin-senal,https://astrogrowshop.cl/white-widow-auto-pyramid-seeds,"",
sin-senal,https://astrogrowshop.cl/barra-proteina-wild-protein,"",
sin-senal,https://astrogrowshop.cl/bebida-coca-cola-zero-591ml-coca-cola,"",
sin-senal,https://astrogrowshop.cl/de-todito-50gr,"",
sin-senal,https://astrogrowshop.cl/alfajor-premium-calaf,"",
sin-senal,https://astrogrowshop.cl/golazo-ambrosoli,"",
sin-senal,https://astrogrowshop.cl/mantun,"",
sin-senal,https://astrogrowshop.cl/semillas-variedades-auto,"",
sin-senal,https://astrogrowshop.cl/semillas-variedades-fem,"",
sin-senal,https://astrogrowshop.cl/semillas-variedades-fast,"",
sin-senal,https://astrogrowshop.cl/led-spectra-under-canopy-delight,"",
sin-senal,https://astrogrowshop.cl/extractor-vk-plastico-3151325m3h-vents,"",
sin-senal,https://astrogrowshop.cl/gift-cards-1,"",
sin-senal,https://astrogrowshop.cl/astro-gift-card-digital-10000,"",
sin-senal,https://astrogrowshop.cl/astro-gift-card-20000,"",
sin-senal,https://astrogrowshop.cl/astro-gift-card-digital-30000,"",
sin-senal,https://astrogrowshop.cl/astro-gift-card-digital-40000,"",
sin-senal,https://astrogrowshop.cl/astro-gift-card-digital-45000,"",
sin-senal,https://astrogrowshop.cl/astro-gift-card-digital-50000,"",
sin-senal,https://astrogrowshop.cl/astro-gift-card-digital-55000,"",
sin-senal,https://astrogrowshop.cl/astro-gift-card-digital-65000,"",
sin-senal,https://astrogrowshop.cl/astro-gift-card-digital-70000,"",
sin-senal,https://astrogrowshop.cl/astro-gift-card-digital-75000,"",
sin-senal,https://astrogrowshop.cl/astro-gift-card-digital-80000,"",
sin-senal,https://astrogrowshop.cl/astro-gift-card-digital-85000,"",
sin-senal,https://astrogrowshop.cl/astro-gift-card-digital-95000,"",
sin-senal,https://astrogrowshop.cl/astro-gift-card-digital-100000,"",
sin-senal,https://astrogrowshop.cl/citrus-kiss-bsf,"",
sin-senal,https://astrogrowshop.cl/fem/sativa,"",
sin-senal,https://astrogrowshop.cl/bajon/barras,"",
sin-senal,https://astrogrowshop.cl/accesorios/lentes,"",
sin-senal,https://astrogrowshop.cl/accesorios/poda,"",
sin-senal,https://astrogrowshop.cl/accesorios/tutores,"",
sin-senal,https://astrogrowshop.cl/control-de-olores/abrazaderas,"",
sin-senal,https://astrogrowshop.cl/control-de-olores/acoples,"",
sin-senal,https://astrogrowshop.cl/control-de-olores/ductos,"",
sin-senal,https://astrogrowshop.cl/control-de-olores/neutralizador-de-olores,"",
sin-senal,https://astrogrowshop.cl/curado-y-secado/bolsas-de-curado,"",
sin-senal,https://astrogrowshop.cl/curado-y-secado/kits-de-curado,"",
sin-senal,https://astrogrowshop.cl/curado-y-secado/tapas-de-curado,"",
sin-senal,https://astrogrowshop.cl/curado-y-secado/trimming,"",
sin-senal,https://astrogrowshop.cl/fertilizantes/aditivos,"",
sin-senal,https://astrogrowshop.cl/fertilizantes/enraizamiento,"",
sin-senal,https://astrogrowshop.cl/fertilizantes/floracion,"",
sin-senal,https://astrogrowshop.cl/fertilizantes/lavado-de-raices,"",
sin-senal,https://astrogrowshop.cl/fertilizantes/packs,"",
sin-senal,https://astrogrowshop.cl/fertilizantes/todo-ciclo,"",
sin-senal,https://astrogrowshop.cl/fertilizantes/vegetacion,"",
sin-senal,https://astrogrowshop.cl/hongos-y-bacterias/esporas-de-cultivo,"",
sin-senal,https://astrogrowshop.cl/hongos-y-bacterias/kit-de-cultivo-de-hongos,"",
sin-senal,https://astrogrowshop.cl/hongos-y-bacterias/microorganismos,"",
sin-senal,https://astrogrowshop.cl/macetas-y-germinacion/germinadores-y-jiffys,"",
sin-senal,https://astrogrowshop.cl/macetas-y-germinacion/macetas-air,"",
sin-senal,https://astrogrowshop.cl/macetas-y-germinacion/macetas-cuadradas-plasticas,"",
sin-senal,https://astrogrowshop.cl/macetas-y-germinacion/macetas-textiles,"",
sin-senal,https://astrogrowshop.cl/macetas-y-germinacion/platos,"",
sin-senal,https://astrogrowshop.cl/medicion-y-control/calibradores,"",
sin-senal,https://astrogrowshop.cl/medicion-y-control/kit-medidores,"",
sin-senal,https://astrogrowshop.cl/medicion-y-control/medidores-de-ec,"",
sin-senal,https://astrogrowshop.cl/medicion-y-control/medidores-de-ph,"",
sin-senal,https://astrogrowshop.cl/medicion-y-control/termohigrometros,"",
sin-senal,https://astrogrowshop.cl/medicion-y-control/timers,"",
sin-senal,https://astrogrowshop.cl/ventilacion/co2,"",
sin-senal,https://astrogrowshop.cl/ventilacion/extractores,"",
sin-senal,https://astrogrowshop.cl/ventilacion/ventiladores,"",
sin-senal,https://astrogrowshop.cl/cultivo-indoor/sistemas-de-riego,"",
sin-senal,https://astrogrowshop.cl/fertilizantes/control-de-plagas,"",
sin-senal,https://astrogrowshop.cl/cultivo-indoor/sistemas-de-riego/bombas-de-aire,"",
sin-senal,https://astrogrowshop.cl/cultivo-indoor/sistemas-de-riego/distribucion-y-goteo,"",
sin-senal,https://astrogrowshop.cl/cultivo-indoor/sistemas-de-riego/dosificadores,"",
sin-senal,https://astrogrowshop.cl/cultivo-indoor/sistemas-de-riego/pulverizadores,"",
sin-senal,https://astrogrowshop.cl/cultivo-indoor/sistemas-de-riego/osmosis-y-purificacion,"",
sin-senal,https://astrogrowshop.cl/iluminacion-indoor/accesorios,"",
sin-senal,https://astrogrowshop.cl/iluminacion-indoor/balastros,"",
sin-senal,https://astrogrowshop.cl/iluminacion-indoor/paneles-led,"",
sin-senal,https://astrogrowshop.cl/iluminacion-indoor/sodio,"",
sin-senal,https://astrogrowshop.cl/iluminacion-indoor/accesorios/cables-de-extension,"",
sin-senal,https://astrogrowshop.cl/iluminacion-indoor/accesorios/papel-mylar-reflectante,"",
sin-senal,https://astrogrowshop.cl/iluminacion-indoor/accesorios/reflectores,"",
sin-senal,https://astrogrowshop.cl/iluminacion-indoor/balastros/balastros-electronicos,"",
sin-senal,https://astrogrowshop.cl/iluminacion-indoor/balastros/balastros-magneticos,"",
sin-senal,https://astrogrowshop.cl/iluminacion-indoor/paneles-led/paneles-led-apollo-evolution,"",
sin-senal,https://astrogrowshop.cl/iluminacion-indoor/paneles-led/paneles-led-quantum,"",
sin-senal,https://astrogrowshop.cl/iluminacion-indoor/sodio/ampolletas-hm,"",
sin-senal,https://astrogrowshop.cl/iluminacion-indoor/sodio/ampolletas-hps,"",
sin-senal,https://astrogrowshop.cl/iluminacion-indoor/sodio/ampolletas-sodio-dual,"",
sin-senal,https://astrogrowshop.cl/kits-exterior/para-3-plantas,"",
sin-senal,https://astrogrowshop.cl/kits-exterior/para-4-plantas,"",
sin-senal,https://astrogrowshop.cl/kits-exterior/para-5-plantas,"",
sin-senal,https://astrogrowshop.cl/kits-exterior/para-6-plantas,"",
sin-senal,https://astrogrowshop.cl/kits-indoor/kit-carpa-100x100x200,"",
sin-senal,https://astrogrowshop.cl/kits-indoor/kit-carpa-120x120x200,"",
sin-senal,https://astrogrowshop.cl/kits-indoor/kit-carpa-150x150x200,"",
sin-senal,https://astrogrowshop.cl/kits-indoor/kit-carpa-60x60x160,"",
sin-senal,https://astrogrowshop.cl/kits-indoor/kit-carpa-80x80x160,"",
sin-senal,https://astrogrowshop.cl/kits-indoor/kit-iluminacion,"",
sin-senal,https://astrogrowshop.cl/kits-indoor/packs-macetas,"",
sin-senal,https://astrogrowshop.cl/parafernalia/accesorios,"",
sin-senal,https://astrogrowshop.cl/parafernalia/accesorios/neutralizadores-de-humo,"",
sin-senal,https://astrogrowshop.cl/parafernalia/accesorios/rejillas,"",
sin-senal,https://astrogrowshop.cl/accesorios-extraccion/herramientas-para-dabbing,"",
sin-senal,https://astrogrowshop.cl/accesorios-extraccion/kits-y-packs,"",
sin-senal,https://astrogrowshop.cl/accesorios-extraccion/materiales-para-extraccion,"",
sin-senal,https://astrogrowshop.cl/accesorios-extraccion/herramientas-y-utensilios,"",
sin-senal,https://astrogrowshop.cl/enrolado/portacanos,"",
sin-senal,https://astrogrowshop.cl/enrolado/enroladoras,"",
sin-senal,https://astrogrowshop.cl/auto/sativa,"",
sin-senal,https://astrogrowshop.cl/auto/hibrida,"",
sin-senal,https://astrogrowshop.cl/auto/indica,"",
sin-senal,https://astrogrowshop.cl/fast-version-f1/sativa,"",
sin-senal,https://astrogrowshop.cl/fast-version-f1/hibrida,"",
sin-senal,https://astrogrowshop.cl/fast-version-f1/indica,"",
sin-senal,https://astrogrowshop.cl/fem/hibrida,"",
sin-senal,https://astrogrowshop.cl/fem/indica,"",
sin-senal,https://astrogrowshop.cl/canna,"",
sin-senal,https://astrogrowshop.cl/kits-parafernalia/kit-purify,"",
sin-senal,https://astrogrowshop.cl/kits-ventilacion-y-control-de-olores/kits-4-100mm,"",
sin-senal,https://astrogrowshop.cl/kits-ventilacion-y-control-de-olores/kits-5-125mm,"",
sin-senal,https://astrogrowshop.cl/kits-ventilacion-y-control-de-olores/kits-6-150mm,"",
sin-senal,https://astrogrowshop.cl/extractos/portatiles,"",
sin-senal,https://astrogrowshop.cl/herbales/portatiles,"",
sin-senal,https://astrogrowshop.cl/herbales/de-mesa-estacionarios,"",
sin-senal,https://astrogrowshop.cl/consumibles/e-liquids,"",
sin-senal,https://astrogrowshop.cl/consumibles/e-liquids-sales,"",
sin-senal,https://astrogrowshop.cl/consumibles/esencias,"",
url-no-producto,https://astrogrowshop.cl/consumibles/cartridges,"",
sin-senal,https://astrogrowshop.cl/auto/mix,"",
sin-senal,https://astrogrowshop.cl/sustratos/fertilizados,"",
sin-senal,https://astrogrowshop.cl/fem/mix,"",
sin-senal,https://astrogrowshop.cl/bajon/chicles,"",
sin-senal,https://astrogrowshop.cl/kits/kits-sustratos,"",
sin-senal,https://astrogrowshop.cl/accesorios/poleas,"",
sin-senal,https://astrogrowshop.cl/sustratos/arcilla,"",
sin-senal,https://astrogrowshop.cl/sustratos/coco,"",
sin-senal,https://astrogrowshop.cl/brrbery-x-fruity-pebbles-og-secret-file,"",
sin-senal,https://astrogrowshop.cl/cherry-zoda-x-fruity-pebbles-og-secret-file,"",
sin-senal,https://astrogrowshop.cl/fuji-x-fruity-pebbles-og-secret-file,"",
sin-senal,https://astrogrowshop.cl/sour-nana-x-fruity-pebbles-og-secret-file,"",
sin-senal,https://astrogrowshop.cl/super-lemon-haze-x-gmo-fem-x3-green-house,"",
sin-senal,https://astrogrowshop.cl/super-lemon-haze-x-pink-candy-fem-x3-green-house,"",
sin-senal,https://astrogrowshop.cl/super-lemon-haze-x-rs11-fem-x3-green-house,"",
sin-senal,https://astrogrowshop.cl/chocolate-reeses-caramel-big-cup-39g,"",
sin-senal,https://astrogrowshop.cl/caramelo-skittles-chewies-fruit-no-shell,"",
sin-senal,https://astrogrowshop.cl/caramelos-gigantes-skittles-fruits-giant-gooey,"",
sin-senal,https://astrogrowshop.cl/chocolate-nestle-aero-melts,"",
sin-senal,https://astrogrowshop.cl/la-marihuana-ayuda-a-combatir-la-depresion,"",
sin-senal,https://astrogrowshop.cl/la-marihuana-provoca-o-inhibe-la-ansiedad,"",
sin-senal,https://astrogrowshop.cl/cuando-cosechar-tus-plantas-de-cannabis-para-obtener-distintos-efectos,"",
sin-senal,https://astrogrowshop.cl/fertilizacion-por-cada-etapa-del-cultivo,"",
sin-senal,https://astrogrowshop.cl/es-legal-la-marihuana-en-chile-actualizado-2020-todo-sobre-la-ley-20000,"",
sin-senal,https://astrogrowshop.cl/iluminacion-de-cultivo-sodio-vs-led,"",
sin-senal,https://astrogrowshop.cl/420-en-tiempos-de-coronavirus,"",
sin-senal,https://astrogrowshop.cl/jabon-potasico-eco-150-cc-anasac,"",
sin-senal,https://astrogrowshop.cl/iluminacion-de-cultivo-sodio-hps,"",
sin-senal,https://astrogrowshop.cl/beneficios-consumo-de-marihuana-en-microdosis,"",
sin-senal,https://astrogrowshop.cl/extracciones-de-marihuana-que-deberias-probar,"",
sin-senal,https://astrogrowshop.cl/verdades-y-mitos-del-consumo-de-cannabis,"",
sin-senal,https://astrogrowshop.cl/como-armar-un-indoor-paso-a-paso,"",
sin-senal,https://astrogrowshop.cl/cultivo-organico-con-biobizz,"",
sin-senal,https://astrogrowshop.cl/productos-canna,"",
sin-senal,https://astrogrowshop.cl/iluminacion-led-espectro-y-cultivo-de-cannabis-con-delight-chile,"",
sin-senal,https://astrogrowshop.cl/nuevas-variedades-de-semillas-dinafem-2019,"",
sin-senal,https://astrogrowshop.cl/nuevas-variedades-de-semillas-humboldt-seeds-2019,"",
sin-senal,https://astrogrowshop.cl/workshop-con-simon-pablo-espinosa-de-en-vola-formas-de-fumar,"",
sin-senal,https://astrogrowshop.cl/workshop-cultivo-y-consumo-de-cannabis-medicinal,"",
sin-senal,https://astrogrowshop.cl/como-cosechar-plantas-espectaculares-con-cultivo-led,"",
sin-senal,https://astrogrowshop.cl/fertilizacion-de-cannabis-workshop-con-advanced-nutrients-en-astro-growshop,"",
sin-senal,https://astrogrowshop.cl/germinar-semillas-de-marihuana-3-tecnicas-infalibles,"",
sin-senal,https://astrogrowshop.cl/workshop-los-secretos-del-cultivo-organico-de-biobizz,"",
sin-senal,https://astrogrowshop.cl/semillas-sativas-la-seleccion-de-dutch-passion,"",
sin-senal,https://astrogrowshop.cl/workshop-eficiencia-y-rendimiento-en-cultivo-indoor-led-con-delight-chile,"",
sin-senal,https://astrogrowshop.cl/como-consumir-extracciones-o-concentrados-de-marihuana,"",
sin-senal,https://astrogrowshop.cl/candy-bubatz-xl-fem-dutch-passion,"",
sin-senal,https://astrogrowshop.cl/cbd-white-widow-auto-dutch-passion,"",
sin-senal,https://astrogrowshop.cl/cinderella-jack-auto-dutch-passion,"",
sin-senal,https://astrogrowshop.cl/meringue-fem-dutch-passion,"",
sin-senal,https://astrogrowshop.cl/daiquiri-lime-auto-dutch-passion,"",
sin-senal,https://astrogrowshop.cl/desfran-auto-dutch-passion,"",
sin-senal,https://astrogrowshop.cl/c-vibez-fem-dutch-passion,"",
sin-senal,https://astrogrowshop.cl/power-plant-fem-dutch-passion,"",
sin-senal,https://astrogrowshop.cl/white-widow-fem-dutch-passion,"",
sin-senal,https://astrogrowshop.cl/ultimate-fem-x31-dutch-passion,"",
sin-senal,https://astrogrowshop.cl/enraizante-cuando-y-como-estimular-las-raices,"",
sin-senal,https://astrogrowshop.cl/consigue-plantas-gigantes-para-cosechas-de-otro-planeta,"",
sin-senal,https://astrogrowshop.cl/marihuana-y-sexualidad-efectos-en-el-sexo-y-la-fertilidad,"",
sin-senal,https://astrogrowshop.cl/cosecha-cogollos-mas-grandes-densos-y-potentes,"",
sin-senal,https://astrogrowshop.cl/guia-completisima-para-el-cultivo-de-marihuana,"",
sin-senal,https://astrogrowshop.cl/6-razones-para-cultivar-tu-propia-marihuana,"",
sin-senal,https://astrogrowshop.cl/bear-sugar-candy-fem-delirium-seeds,"",
sin-senal,https://astrogrowshop.cl/5-fertilizantes-caseros-que-para-muchos-son-basura,"",
sin-senal,https://astrogrowshop.cl/de-tin-marin-consejos-para-elegir-el-mejor-sustrato-para-marihuana,"",
sin-senal,https://astrogrowshop.cl/secretos-para-salir-de-la-palida,"",
sin-senal,https://astrogrowshop.cl/variedades-de-marihuana-feminizada-que-debes-cultivar-antes-de-morir,"",
sin-senal,https://astrogrowshop.cl/el-gran-dilema-semillas-automaticas-o-feminizadas,"",
sin-senal,https://astrogrowshop.cl/invasion-identifica-que-plagas-se-comen-tu-marihuana,"",
sin-senal,https://astrogrowshop.cl/productos-seleccionados,"",
sin-senal,https://astrogrowshop.cl/efectos-del-consumo-de-marihuana-en-adolescentes,"",
sin-senal,https://astrogrowshop.cl/mejora-tu-vola-10-hierbas-para-mezclar-con-cannabis,"",
sin-senal,https://astrogrowshop.cl/recetas-para-el-420-por-el-recetario-verde,"",
sin-senal,https://astrogrowshop.cl/es-mejor-cultivar-con-led-o-sodio,"",
sin-senal,https://astrogrowshop.cl/dinafem-con-problemas-en-espana-que-esta-pasando,"",
sin-senal,https://astrogrowshop.cl/cannabis-y-cerveza-experiencia-sensorial-o-palida-segura,"",
sin-senal,https://astrogrowshop.cl/por-que-usar-mejoradores-de-suelo-para-el-cultivo-de-cannabis,"",
sin-senal,https://astrogrowshop.cl/test,"",
sin-senal,https://astrogrowshop.cl/descubre-la-seleccion-de-semillas-exclusivas-de-astro,"",
sin-senal,https://astrogrowshop.cl/post-con-elementor,"",
sin-senal,https://astrogrowshop.cl/el-pulgon-la-plaga-que-debilita-tus-matitas,"",
sin-senal,https://astrogrowshop.cl/mango-y-cannabis-un-viaje-seguro,"",
sin-senal,https://astrogrowshop.cl/adaptador-hot-knife-black-1u-black,"",
sin-senal,https://astrogrowshop.cl/porta-canos-de-vidrio,"",
sin-senal,https://astrogrowshop.cl/cannabis-podria-prevenir-el-contagio-por-covid-19,"",
sin-senal,https://astrogrowshop.cl/cinco-maneras-divertidas-de-enrolar-un-pito,"",
sin-senal,https://astrogrowshop.cl/top-5-peliculas-de-netflix-para-disfrutar-estando-volado,"",
sin-senal,https://astrogrowshop.cl/guia-para-cultivar-cannabis-en-exterior-durante-el-invierno,"",
sin-senal,https://astrogrowshop.cl/se-puede-ser-otaku-y-marihuanero-descubrelo-y-opina,"",
sin-senal,https://astrogrowshop.cl/mejora-tu-cultivo-de-cannabis-con-micorrizas-nutrientes-resistencia-y-calidad-del-suelo,"",
url-no-producto,https://astrogrowshop.cl/cartridge-1ml-cookies,"",
sin-senal,https://astrogrowshop.cl/descubre-los-efectos-del-cannabis-el-pito-da-cana-como-el-copete,"",
sin-senal,https://astrogrowshop.cl/la-marihuana-y-la-creatividad-potencia-tu-imaginacion,"",
sin-senal,https://astrogrowshop.cl/diviertete-al-maximo-con-estos-juegos-para-fumar-marihuana,"",
sin-senal,https://astrogrowshop.cl/descubre-las-hierbas-alternativas-al-cannabis-beneficios-y-propiedades,"",
sin-senal,https://astrogrowshop.cl/las-mejores-canciones-para-volar-y-disfrutar-al-maximo,"",
sin-senal,https://astrogrowshop.cl/consumo-legal-de-cannabis-en-chile-como-obtener-una-receta-medica,"",
sin-senal,https://astrogrowshop.cl/consejos-para-el-cyber-cannabico-aprovecha-al-maximo-nuestras-ofertas,"",
sin-senal,https://astrogrowshop.cl/risas-y-cannabis-explorando-la-alegria-de-un-buen-viaje,"",
sin-senal,https://astrogrowshop.cl/las-mejores-semillas-de-cannabis-para-el-sexo,"",
sin-senal,https://astrogrowshop.cl/evitar-la-paranoia-al-consumir-cannabis-consejos-para-disfrutar-sin-preocupaciones,"",
sin-senal,https://astrogrowshop.cl/10-actividades-con-hierba-para-disfrutar-en-casa-explora-nuevas-experiencias,"",
sin-senal,https://astrogrowshop.cl/las-mejores-apps-para-fumadores-de-weed,"",
sin-senal,https://astrogrowshop.cl/los-mejores-juegos-de-mesa-para-disfrutar-con-cannabis,"",
sin-senal,https://astrogrowshop.cl/la-fascinante-evolucion-de-la-moda-cannabica,"",
sin-senal,https://astrogrowshop.cl/descubre-los-mejores-productos-cannabicos-de-belleza-para-una-piel-radiante,"",
sin-senal,https://astrogrowshop.cl/fertilizantes-organicos-o-minerales,"",
sin-senal,https://astrogrowshop.cl/coco-vs-soil-cual-es-la-eleccion-acertada,"",
sin-senal,https://astrogrowshop.cl/descubre-los-comestibles-de-cannabis-una-experiencia-unica,"",
sin-senal,https://astrogrowshop.cl/perros-policia-tu-guia-para-evitar-la-deteccion-de-drogas-en-lugares-publicos,"",
sin-senal,https://astrogrowshop.cl/descubre-como-hacer-tinturas-de-cannabis-en-casa-potentes-versatiles-y-faciles-de-preparar,"",
sin-senal,https://astrogrowshop.cl/secado-y-curado-de-brotes-de-cannabis,"",
sin-senal,https://astrogrowshop.cl/biobizz-all-pack-indoor-6x250-ml,"",
sin-senal,https://astrogrowshop.cl/biobizz-all-pack-outdoor-6x250-ml,"",
sin-senal,https://astrogrowshop.cl/sativa-vs-indica-un-duelo-celebre-en-el-mundo-del-cannabis,"",
sin-senal,https://astrogrowshop.cl/descubre-que-enfermedades-puede-tratar-el-cbd-y-sus-beneficios-para-la-salud,"",
sin-senal,https://astrogrowshop.cl/fertilizacion-organica-vs-mineral-cual-es-mejor,"",
sin-senal,https://astrogrowshop.cl/como-descarboxilar-marihuana,"",
sin-senal,https://astrogrowshop.cl/las-5-mejores-recetas-de-galletas-de-marihuana,"",
sin-senal,https://astrogrowshop.cl/14feb,"",
sin-senal,https://astrogrowshop.cl/top-10-picoteos-con-cannabis-para-fiestas,"",
sin-senal,https://astrogrowshop.cl/top-10-de-variedades-de-marihuana-para-irse-de-fiesta,"",
sin-senal,https://astrogrowshop.cl/que-es-un-percolador-y-por-que-deberias-usarlo,"",
sin-senal,https://astrogrowshop.cl/las-mejores-variedades-de-marihuana-para-fumadores-veteranos,"",
sin-senal,https://astrogrowshop.cl/las-5-mejores-cepas-de-cannabis-para-el-sexo,"",
sin-senal,https://astrogrowshop.cl/por-que-ingerir-marihuana-es-mas-fuerte-que-fumarla,"",
sin-senal,https://astrogrowshop.cl/top-10-variedades-de-marihuana-mas-potentes,"",
sin-senal,https://astrogrowshop.cl/7-formas-de-realzar-la-experiencia-de-fumar-marihuana,"",
sin-senal,https://astrogrowshop.cl/esencia-salt-mango-passion-10ml-dinner-lady,"",
sin-senal,https://astrogrowshop.cl/humidificador-para-cultivo-indoor-como-optimizar-el-crecimiento-de-tus-plantas,"",
sin-senal,https://astrogrowshop.cl/descubre-los-mejores-focos-led-guia-completa-para-iluminar-tu-cultivo-con-eficiencia-energetica,"",
sin-senal,https://astrogrowshop.cl/semillas-gorilla-glue-descubre-las-mejores-variedades-y-bancos-con-esta-cepa,"",
sin-senal,https://astrogrowshop.cl/clear-droga-todo-lo-que-necesitas-saber-sobre-esta-sustancia-y-sus-efectos,"",
sin-senal,https://astrogrowshop.cl/pulverizadores-de-agua-la-clave-para-el-riego-foliar-de-tus-plantas,"",
sin-senal,https://astrogrowshop.cl/maceteros-grandes-descubre-los-mejores-modelos-para-cultivar,"",
sin-senal,https://astrogrowshop.cl/el-abc-del-consumo-responsable-de-cannabis,"",
sin-senal,https://astrogrowshop.cl/las-mejores-cepas-de-cannabis-para-principiantes,"",
sin-senal,https://astrogrowshop.cl/semillas-automaticas-que-son-y-cuando-cultivarlas,"",
sin-senal,https://astrogrowshop.cl/descubre-los-increibles-beneficios-de-las-plantas-medicinales,"",
sin-senal,https://astrogrowshop.cl/descubre-los-beneficios-del-termostato-y-como-puede-contribuir-al-cultivo-de-cannabis,"",
sin-senal,https://astrogrowshop.cl/tijeras-de-podar-herramientas-de-calidad-para-un-cuidado-preciso-de-tus-plantas,"",
sin-senal,https://astrogrowshop.cl/descubre-como-funciona-el-riego-automatico-y-mejora-el-cuidado-de-tus-plantas,"",
sin-senal,https://astrogrowshop.cl/descubre-los-mejores-enraizantes-naturales-para-potenciar-el-crecimiento-de-tus-plantas,"",
sin-senal,https://astrogrowshop.cl/neutralizador-de-olores-elimina-los-malos-olores-de-forma-efectiva-en-cualquier-ambiente,"",
sin-senal,https://astrogrowshop.cl/beneficios-y-usos-del-humus-de-lombriz-el-fertilizante-organico-ideal-para-tu-cultivo,"",
sin-senal,https://astrogrowshop.cl/detoxificacion-efectiva-con-zydot-la-solucion-confiable-para-eliminar-toxinas,"",
sin-senal,https://astrogrowshop.cl/enroladora-descubre-las-mejores-opciones-para-enrolar-tu-hierba-de-forma-facil-y-eficiente,"",
sin-senal,https://astrogrowshop.cl/descubre-los-beneficios-del-guano-rojo-el-fertilizante-natural-mas-efectivo-para-tus-cultivos,"",
sin-senal,https://astrogrowshop.cl/enraizantes-potencia-el-crecimiento-de-tus-plantas-con-los-mejores-productos-enraizantes,"",
sin-senal,https://astrogrowshop.cl/calendario-de-siembra-en-chile-guia-completa-para-cultivar-tus-plantas-en-el-momento-adecuado,"",
sin-senal,https://astrogrowshop.cl/arana-roja-en-chile-caracteristicas-prevencion-y-control,"",
sin-senal,https://astrogrowshop.cl/cogollos-secos-la-mejor-opcion-para-disfrutar-de-una-hierba-de-calidad,"",
sin-senal,https://astrogrowshop.cl/cuanto-tiempo-permanece-el-thc-en-la-sangre-descubre-los-efectos-y-duracion-del-cannabis,"",
sin-senal,https://astrogrowshop.cl/tiempo-de-deteccion-del-thc-en-la-orina-cuanto-dura-y-como-afecta-su-presencia,"",
sin-senal,https://astrogrowshop.cl/marihuana-macho-como-identificarla-y-eliminarla,"",
sin-senal,https://astrogrowshop.cl/descubre-como-el-sustrato-de-fibra-de-coco-puede-mejorar-el-crecimiento-de-tus-plantas,"",
sin-senal,https://astrogrowshop.cl/que-tan-volado-eres-quiz,"",
sin-senal,https://astrogrowshop.cl/como-hacer-te-de-cannabis,"",
sin-senal,https://astrogrowshop.cl/desentranando-el-arte-de-la-desintoxicacion-de-cannabis,"",
sin-senal,https://astrogrowshop.cl/fentanilo-lo-que-necesitas-saber,"",
sin-senal,https://astrogrowshop.cl/cafe-con-marihuana-despierta-con-estilo-y-onda,"",
sin-senal,https://astrogrowshop.cl/el-cannabis-contribuye-a-la-perdida-de-peso-una-mirada-profunda,"",
sin-senal,https://astrogrowshop.cl/el-papel-crucial-del-calcio-en-el-cultivo-de-cannabis,"",
sin-senal,https://astrogrowshop.cl/la-guia-completa-del-dabbing-explorando-la-frontera-del-cannabis-concentrado,"",
sin-senal,https://astrogrowshop.cl/dominando-el-arte-de-inhalar-marihuana-una-guia-completa-para-principiantes-y-expertos,"",
sin-senal,https://astrogrowshop.cl/top-10-semillas-de-cannabis-para-capturar-en-black-friday,"",
sin-senal,https://astrogrowshop.cl/aprende-todo-lo-que-necesitas-saber-sobre-el-live-resin,"",
sin-senal,https://astrogrowshop.cl/descubre-el-poder-del-jugo-de-marihuana-cruda-un-viaje-refrescante-y-saludable,"",
sin-senal,https://astrogrowshop.cl/pan-de-pascua-cannabico-una-delicia-innovadora,"",
sin-senal,https://astrogrowshop.cl/soluciones-practicas-para-la-germinacion-del-cannabis,"",
sin-senal,https://astrogrowshop.cl/jelly-hash-la-revolucion-del-cannabis-que-necesitas-probar-ahora,"",
sin-senal,https://astrogrowshop.cl/top-10-de-productos-parafernalicos-de-navidad,"",
sin-senal,https://astrogrowshop.cl/chile-explora-nuevos-horizontes-en-salud-el-potencial-medicinal-de-la-psilocibina,"",
sin-senal,https://astrogrowshop.cl/las-10-mejores-semillas-de-cannabis-para-navidad,"",
sin-senal,https://astrogrowshop.cl/cogollos-gigantes-guia-completa-para-cultivarlos,"",
sin-senal,https://astrogrowshop.cl/cultivo-de-cannabis-es-diciembre-un-buen-mes-para-germinar,"",
sin-senal,https://astrogrowshop.cl/elon-musk-una-figura-controvertida-en-el-mundo-del-cannabis,"",
sin-senal,https://astrogrowshop.cl/cannabis-sin-fumar-alternativas-para-el-consumo-responsable,"",
sin-senal,https://astrogrowshop.cl/cannabis-medicinal-un-aliado-en-la-salud-y-el-bienestar,"",
sin-senal,https://astrogrowshop.cl/mon-laferte-entre-la-musica-y-la-marihuana,"",
sin-senal,https://astrogrowshop.cl/marihuana-y-psicodelicos-combinacion-controversias-y-efectos,"",
sin-senal,https://astrogrowshop.cl/anandamida-en-la-marihuana-la-clave-de-la-felicidad,"",
sin-senal,https://astrogrowshop.cl/cambiar-opinion-cannabis-un-viaje-hacia-la-comprension-y-la-aceptacion,"",
sin-senal,https://astrogrowshop.cl/cannabis-y-estres-una-alternativa-natural-para-la-ansiedad,"",
sin-senal,https://astrogrowshop.cl/sobredosis-de-cannabis-desmitificando-creencias,"",
sin-senal,https://astrogrowshop.cl/marihuana-por-primera-vez-efectos-mitos-y-experiencias,"",
sin-senal,https://astrogrowshop.cl/la-genialidad-del-sploof-una-solucion-casera-para-disfrutar-la-marihuana-sin-aroma,"",
sin-senal,https://astrogrowshop.cl/bajon-de-marihuana-consejos-para-evitarlo,"",
sin-senal,https://astrogrowshop.cl/estudiar-con-marihuana-nueva-tendencia-universitaria,"",
sin-senal,https://astrogrowshop.cl/cbd-y-perdida-de-memoria-una-mirada-a-fondo,"",
sin-senal,https://astrogrowshop.cl/desigualdad-en-los-salarios-de-la-industria-del-cannabis-una-mirada-a-fondo,"",
sin-senal,https://astrogrowshop.cl/recetas-cannabicas-en-chile-un-viaje-de-sabores-y-aventuras-culinarias,"",
sin-senal,https://astrogrowshop.cl/vih-y-marihuana-medicinal-una-combinacion-esperanzadora,"",
sin-senal,https://astrogrowshop.cl/como-consumir-marihuana-consejos-para-no-irse-en-palida,"",
sin-senal,https://astrogrowshop.cl/aceite-de-coco-cannabis-la-revolucion-en-la-cocina-cannabica,"",
sin-senal,https://astrogrowshop.cl/recordando-un-tragico-incidente-el-debate-sobre-el-consumo-de-marihuana-en-los-colegios,"",
sin-senal,https://astrogrowshop.cl/fertilizantes-de-floracion-elevando-el-cultivo-de-cannabis-a-nuevas-alturas,"",
sin-senal,https://astrogrowshop.cl/no-te-quedes-pato-estrategias-para-ahorrar-marihuana-y-proteger-tu-billetera,"",
sin-senal,https://astrogrowshop.cl/elementos-basicos-para-un-cultivo-indoor-exitoso,"",
sin-senal,https://astrogrowshop.cl/accesorios-de-glicerina-la-evolucion-en-la-experiencia-de-fumar-este-verano,"",
sin-senal,https://astrogrowshop.cl/preparando-un-batido-de-frutas-con-cannabis-para-refrescar-el-verano,"",
sin-senal,https://astrogrowshop.cl/cannabis-medicinal-para-el-futuro-la-nueva-era-de-la-atencion-medica,"",
sin-senal,https://astrogrowshop.cl/super-yerba-la-revolucion-de-la-marihuana-mutante,"",
sin-senal,https://astrogrowshop.cl/carcel-por-cultivo-de-marihuana-las-incongruencias-de-un-mundo-que-se-inclina-hacia-la-legalizacion,"",
sin-senal,https://astrogrowshop.cl/detox-de-marihuana-reiniciando-tu-sistema,"",
sin-senal,https://astrogrowshop.cl/el-misterioso-mundo-del-peyote-una-aventura-psicoactiva,"",
sin-senal,https://astrogrowshop.cl/high-o-stoned-descubre-loas-matices-de-tu-viaje-con-cannabis,"",
sin-senal,https://astrogrowshop.cl/jovenes-y-marihuana-un-viaje-de-autodescubrimiento-y-relajo,"",
sin-senal,https://astrogrowshop.cl/la-revolucionaria-mousse-de-limon-y-marihuana-un-postre-fuera-de-lo-comun,"",
sin-senal,https://astrogrowshop.cl/la-evolucion-del-consumo-de-inyecciones-a-humo-el-auge-del-fentanilo,"",
sin-senal,https://astrogrowshop.cl/la-joya-verde-de-africa-un-viaje-por-las-cepas-de-la-marihuana-africana,"",
sin-senal,https://astrogrowshop.cl/maximiza-el-potencial-de-tu-cultivo-de-cannabis-usando-agua-de-acuario,"",
sin-senal,https://astrogrowshop.cl/descubriendo-el-universo-de-las-microdosis-de-psilocibina,"",
sin-senal,https://astrogrowshop.cl/desentranando-los-misterios-de-la-clorosis-ferrica-en-tus-cultivos-de-marihuana,"",
sin-senal,https://astrogrowshop.cl/marihuana-y-menstruacion-un-alivio-natural-para-las-molestias-del-ciclo,"",
sin-senal,https://astrogrowshop.cl/despidete-de-la-plaga-mas-temida-estrategias-efectivas-contra-la-arana-roja,"",
sin-senal,https://astrogrowshop.cl/la-fascinante-ibogaina-un-viaje-psicodelico-hacia-la-sanacion,"",
sin-senal,https://astrogrowshop.cl/cannabis-y-paralisis-cerebral-un-horizonte-de-esperanza,"",
sin-senal,https://astrogrowshop.cl/rendimientos-de-la-marihuana-factores-clave-para-una-cosecha-epica,"",
sin-senal,https://astrogrowshop.cl/descubriendo-el-poder-de-los-parches-de-marihuana-un-nuevo-horizonte-en-el-alivio-del-dolor,"",
sin-senal,https://astrogrowshop.cl/desenredando-el-misterio-plantas-de-cannabis-macho,"",
sin-senal,https://astrogrowshop.cl/cannabis-medicinal-las-cepas-mas-populares-y-sus-beneficios,"",
sin-senal,https://astrogrowshop.cl/te-de-cannabis-una-alternativa-saludable-mas-alla-del-humo,"",
sin-senal,https://astrogrowshop.cl/marihuana-y-suenos-una-danza-entre-la-realidad-y-el-descanso,"",
sin-senal,https://astrogrowshop.cl/alivio-natural-el-cannabis-y-su-rol-antiinflamatorio,"",
sin-senal,https://astrogrowshop.cl/como-hacer-crema-de-cannabis-el-arte-de-aliviar-el-dolor,"",
sin-senal,https://astrogrowshop.cl/cannabis-hermafrodita-identificacion-y-manejo-en-tu-cultivo,"",
sin-senal,https://astrogrowshop.cl/descubre-el-cbd-un-superheroe-de-la-era-moderna,"",
sin-senal,https://astrogrowshop.cl/el-cannabis-un-faro-de-esperanza-en-la-lucha-contra-el-cancer,"",
sin-senal,https://astrogrowshop.cl/cannabis-un-nuevo-amanecer-en-la-tercera-edad,"",
sin-senal,https://astrogrowshop.cl/cannabis-el-nuevo-aliado-contra-las-migranas,"",
sin-senal,https://astrogrowshop.cl/transforma-tu-cultivo-de-cannabis-guia-para-enriquecer-tu-sustrato,"",
sin-senal,https://astrogrowshop.cl/adios-a-la-cal-guia-para-un-riego-perfecto-en-tu-cultivo-de-cannabis,"",
sin-senal,https://astrogrowshop.cl/explorando-el-mundo-de-la-marihuana-sin-thc-beneficios-y-metodos-de-consumo,"",
sin-senal,https://astrogrowshop.cl/dominando-el-cultivo-de-semillas-autoflorecientes-en-interior,"",
sin-senal,https://astrogrowshop.cl/cannabis-crudo-el-super-alimento-verde-que-revoluciona-la-salud,"",
sin-senal,https://astrogrowshop.cl/domina-la-germinacion-de-semillas-de-cannabis-en-tupper-metodo-simple-y-eficaz,"",
sin-senal,https://astrogrowshop.cl/tutorial-paso-a-paso-como-hacer-aceite-de-cannabis-cbd-en-casa,"",
sin-senal,https://astrogrowshop.cl/estres-biotico-como-proteger-y-desestresar-tus-plantas-de-marihuana,"",
sin-senal,https://astrogrowshop.cl/descubriendo-los-beneficios-medicos-del-cannabis-una-perspectiva-moderna,"",
sin-senal,https://astrogrowshop.cl/marihuana-medicinal-una-aliada-contra-las-dolencias-urinarias,"",
sin-senal,https://astrogrowshop.cl/cultivo-de-cannabis-en-fibra-de-coco-maxima-eficacia-y-sostenibilidad,"",
sin-senal,https://astrogrowshop.cl/respiracion-profunda-y-cannabis-claves-para-combatir-el-estres-y-la-ansiedad,"",
sin-senal,https://astrogrowshop.cl/cultivo-de-esquejes-de-marihuana-guia-completa-para-principiantes,"",
sin-senal,https://astrogrowshop.cl/los-mejores-sistemas-hidroponicos-para-tu-cultivo-de-cannabis,"",
sin-senal,https://astrogrowshop.cl/el-secreto-mejor-guardado-del-cannabis-explorando-el-potencial-del-cannabigerol-cbg,"",
sin-senal,https://astrogrowshop.cl/el-agua-oxigenada-el-secreto-subestimado-para-potenciar-tus-cultivos-de-cannabis,"",
sin-senal,https://astrogrowshop.cl/descubre-como-el-cannabis-combate-el-herpes-genital-y-labial,"",
sin-senal,https://astrogrowshop.cl/inflacion-y-cannabis-como-ahorrar-sin-sacrificar-la-calidad-de-tus-cultivos,"",
sin-senal,https://astrogrowshop.cl/los-beneficios-del-coco-brick-de-canna-la-mejor-opcion-para-cultivar-cannabis,"",
sin-senal,https://astrogrowshop.cl/black-friday-2024-productos-imperdibles-para-amantes-del-cannabis,"",
sin-senal,https://astrogrowshop.cl/quasar-fem-x31-buddha-seeds,"",
sin-senal,https://astrogrowshop.cl/poleas-lighthanger-5kg-pure-factory,"",
sin-senal,https://astrogrowshop.cl/marcas,"",
sin-senal,https://astrogrowshop.cl/sweet-seeds,"",
sin-senal,https://astrogrowshop.cl/bsf,"",
sin-senal,https://astrogrowshop.cl/lqdize,"",
sin-senal,https://astrogrowshop.cl/advanced-nutrients,"",
sin-senal,https://astrogrowshop.cl/dutch-passion,"",
sin-senal,https://astrogrowshop.cl/vents,"",
sin-senal,https://astrogrowshop.cl/royal-queen-seeds,"",
sin-senal,https://astrogrowshop.cl/buddha-seeds,"",
sin-senal,https://astrogrowshop.cl/kit,"",
sin-senal,https://astrogrowshop.cl/delirium-seeds,"",
sin-senal,https://astrogrowshop.cl/airtight,"",
sin-senal,https://astrogrowshop.cl/pack,"",
sin-senal,https://astrogrowshop.cl/seedstockers,"",
sin-senal,https://astrogrowshop.cl/milwaukee,"",
sin-senal,https://astrogrowshop.cl/pyramid-seeds,"",
sin-senal,https://astrogrowshop.cl/astro,"",
sin-senal,https://astrogrowshop.cl/sustrato-tecnico,"",
sin-senal,https://astrogrowshop.cl/dinner-lady,"",
sin-senal,https://astrogrowshop.cl/vaporesso,"",
sin-senal,https://astrogrowshop.cl/troyan,"",
sin-senal,https://astrogrowshop.cl/bt,"",
sin-senal,https://astrogrowshop.cl/shunga,"",
sin-senal,https://astrogrowshop.cl/solen,"",
sin-senal,https://astrogrowshop.cl/innokin,"",
sin-senal,https://astrogrowshop.cl/wonderland,"",
sin-senal,https://astrogrowshop.cl/wooomy,"",
sin-senal,https://astrogrowshop.cl/cornwall-electronics,"",
sin-senal,https://astrogrowshop.cl/biopest,"",
sin-senal,https://astrogrowshop.cl/the-wolf-seeds,"",
sin-senal,https://astrogrowshop.cl/pretty-love,"",
sin-senal,https://astrogrowshop.cl/strain-machine,"",
sin-senal,https://astrogrowshop.cl/blauberg,"",
sin-senal,https://astrogrowshop.cl/green-house,"",
sin-senal,https://astrogrowshop.cl/element,"",
sin-senal,https://astrogrowshop.cl/bac,"",
sin-senal,https://astrogrowshop.cl/sensor-plus,"",
sin-senal,https://astrogrowshop.cl/fast-buds,"",
sin-senal,https://astrogrowshop.cl/athena,"",
sin-senal,https://astrogrowshop.cl/grow-genetics,"",
sin-senal,https://astrogrowshop.cl/sm,"",
sin-senal,https://astrogrowshop.cl/mars,"",
sin-senal,https://astrogrowshop.cl/pure-pot,"",
sin-senal,https://astrogrowshop.cl/macetas,"",
sin-senal,https://astrogrowshop.cl/delight,"",
sin-senal,https://astrogrowshop.cl/vivant,"",
sin-senal,https://astrogrowshop.cl/turn-off,"",
sin-senal,https://astrogrowshop.cl/medical-seeds,"",
sin-senal,https://astrogrowshop.cl/cropbox,"",
sin-senal,https://astrogrowshop.cl/hype,"",
sin-senal,https://astrogrowshop.cl/grenco,"",
sin-senal,https://astrogrowshop.cl/secret-smoke,"",
sin-senal,https://astrogrowshop.cl/eva-seeds,"",
sin-senal,https://astrogrowshop.cl/juicy-jays,"",
sin-senal,https://astrogrowshop.cl/mr-beast,"",
sin-senal,https://astrogrowshop.cl/biobizz,"",
sin-senal,https://astrogrowshop.cl/integra-boost,"",
sin-senal,https://astrogrowshop.cl/analytical-instruments,"",
sin-senal,https://astrogrowshop.cl/top-crop,"",
sin-senal,https://astrogrowshop.cl/garden-highpro,"",
sin-senal,https://astrogrowshop.cl/bio-pulcher,"",
sin-senal,https://astrogrowshop.cl/knactive,"",
sin-senal,https://astrogrowshop.cl/watermark,"",
sin-senal,https://astrogrowshop.cl/cbg,"",
sin-senal,https://astrogrowshop.cl/can-filter,"",
sin-senal,https://astrogrowshop.cl/mbm,"",
sin-senal,https://astrogrowshop.cl/grotek,"",
sin-senal,https://astrogrowshop.cl/brass-knuckle,"",
sin-senal,https://astrogrowshop.cl/cultibox,"",
sin-senal,https://astrogrowshop.cl/magical-butter,"",
sin-senal,https://astrogrowshop.cl/rktr,"",
sin-senal,https://astrogrowshop.cl/venus-x,"",
sin-senal,https://astrogrowshop.cl/bbp,"",
sin-senal,https://astrogrowshop.cl/poppin,"",
sin-senal,https://astrogrowshop.cl/smok,"",
sin-senal,https://astrogrowshop.cl/elite-91,"",
sin-senal,https://astrogrowshop.cl/secret-file,"",
sin-senal,https://astrogrowshop.cl/generico,"",
sin-senal,https://astrogrowshop.cl/super-sativa-seeds-club,"",
sin-senal,https://astrogrowshop.cl/the-pure-factory,"",
sin-senal,https://astrogrowshop.cl/blimburn-seeds,"",
sin-senal,https://astrogrowshop.cl/muha-meds,"",
sin-senal,https://astrogrowshop.cl/sensi-seeds,"",
sin-senal,https://astrogrowshop.cl/sin-marca,"",
sin-senal,https://astrogrowshop.cl/propagadoras,"",
sin-senal,https://astrogrowshop.cl/mgs,"",
sin-senal,https://astrogrowshop.cl/rkiem,"",
sin-senal,https://astrogrowshop.cl/cleanme,"",
sin-senal,https://astrogrowshop.cl/zydot,"",
sin-senal,https://astrogrowshop.cl/formula-420,"",
sin-senal,https://astrogrowshop.cl/rove,"",
sin-senal,https://astrogrowshop.cl/pepsi,"",
sin-senal,https://astrogrowshop.cl/netafim,"",
sin-senal,https://astrogrowshop.cl/zerumpro,"",
sin-senal,https://astrogrowshop.cl/bloom-protection,"",
sin-senal,https://astrogrowshop.cl/thievery,"",
sin-senal,https://astrogrowshop.cl/anumka-canamero,"",
sin-senal,https://astrogrowshop.cl/prima-klima,"",
sin-senal,https://astrogrowshop.cl/jiffy,"",
sin-senal,https://astrogrowshop.cl/grove-bags,"",
sin-senal,https://astrogrowshop.cl/samsung,"",
sin-senal,https://astrogrowshop.cl/juul,"",
sin-senal,https://astrogrowshop.cl/grow-max,"",
sin-senal,https://astrogrowshop.cl/anasac,"",
sin-senal,https://astrogrowshop.cl/kc,"",
sin-senal,https://astrogrowshop.cl/svakom,"",
sin-senal,https://astrogrowshop.cl/granel,"",
sin-senal,https://astrogrowshop.cl/bertram,"",
sin-senal,https://astrogrowshop.cl/pasteur,"",
sin-senal,https://astrogrowshop.cl/snappy,"",
sin-senal,https://astrogrowshop.cl/wiwi,"",
sin-senal,https://astrogrowshop.cl/lingus,"",
sin-senal,https://astrogrowshop.cl/agrolite,"",
sin-senal,https://astrogrowshop.cl/satisfyer,"",
sin-senal,https://astrogrowshop.cl/toko,"",
sin-senal,https://astrogrowshop.cl/water-master,"",
sin-senal,https://astrogrowshop.cl/piranha,"",
sin-senal,https://astrogrowshop.cl/chief,"",
sin-senal,https://astrogrowshop.cl/dutch-grade,"",
sin-senal,https://astrogrowshop.cl/medidores,"",
sin-senal,https://astrogrowshop.cl/sensuva,"",
sin-senal,https://astrogrowshop.cl/ring,"",
sin-senal,https://astrogrowshop.cl/wild-protein,"",
sin-senal,https://astrogrowshop.cl/coca-cola,"",
sin-senal,https://astrogrowshop.cl/evercrisp,"",
sin-senal,https://astrogrowshop.cl/calaf,"",
sin-senal,https://astrogrowshop.cl/ambrosoli,"",
sin-senal,https://astrogrowshop.cl/reeses,"",
sin-senal,https://astrogrowshop.cl/bj-blast,"",
sin-senal,https://astrogrowshop.cl/crush,"",
sin-senal,https://astrogrowshop.cl/oh,"",
sin-senal,https://astrogrowshop.cl/honeypress,"",
sin-senal,https://astrogrowshop.cl/cyclone,"",
sin-senal,https://astrogrowshop.cl/ldg,"",
sin-senal,https://astrogrowshop.cl/pack-delight,"",
sin-senal,https://astrogrowshop.cl/pack-delight/cropbox,"",
sin-senal,https://astrogrowshop.cl/hortilight,"",
sin-senal,https://astrogrowshop.cl/max-control,"",
sin-senal,https://astrogrowshop.cl/lic,"",
sin-senal,https://astrogrowshop.cl/dabhali,"",
sin-senal,https://astrogrowshop.cl/af,"",
sin-senal,https://astrogrowshop.cl/pro-essence,"",
sin-senal,https://astrogrowshop.cl/cloud-vapes,"",
sin-senal,https://astrogrowshop.cl/kama-sutra,"",
sin-senal,https://astrogrowshop.cl/veroblue,"",
sin-senal,https://astrogrowshop.cl/titan,"",
sin-senal,https://astrogrowshop.cl/orgie,"",
sin-senal,https://astrogrowshop.cl/lays,"",
sin-senal,https://astrogrowshop.cl/rejilla-pyrex,"",
sin-senal,https://astrogrowshop.cl/reaktor,"",
sin-senal,https://astrogrowshop.cl/vibra-hole,"",
sin-senal,https://astrogrowshop.cl/gorilla,"",
sin-senal,https://astrogrowshop.cl/riego,"",
sin-senal,https://astrogrowshop.cl/mini-nail,"",
sin-senal,https://astrogrowshop.cl/atami,"",
sin-senal,https://astrogrowshop.cl/ghost-vape,"",
sin-senal,https://astrogrowshop.cl/pure-factory,"",
sin-senal,https://astrogrowshop.cl/inflave,"",
sin-senal,https://astrogrowshop.cl/excise,"",
sin-senal,https://astrogrowshop.cl/trimmer,"",
sin-senal,https://astrogrowshop.cl/alive,"",
sin-senal,https://astrogrowshop.cl/love-in-pocket,"",
sin-senal,https://astrogrowshop.cl/adjust-a-wing,"",
sin-senal,https://astrogrowshop.cl/black-megalodon-sustrato-tecnico,"",
sin-senal,https://astrogrowshop.cl/myco-pro-hongos-micorrizogenos-sustrato-tecnico,"",
sin-senal,https://astrogrowshop.cl/top-agro-b-grow-powder-top-crop,"",
sin-senal,https://astrogrowshop.cl/arcor,"",
sin-senal,https://astrogrowshop.cl/fly-is,"",
sin-senal,https://astrogrowshop.cl/geek-bar,"",
sin-senal,https://astrogrowshop.cl/keystone,"",
sin-senal,https://astrogrowshop.cl/pro-mix-kit-athena,"",
sin-senal,https://astrogrowshop.cl/blended-line-trial-starter-kit-32oz-athena,"",
sin-senal,https://astrogrowshop.cl/medidor-ph-amarillo,"",
sin-senal,https://astrogrowshop.cl/humidificador-9-lt-cornwall,"",
sin-senal,https://astrogrowshop.cl/heavy-trash-black,"",
sin-senal,https://astrogrowshop.cl/water-splash-black,"",
sin-senal,https://astrogrowshop.cl/water-splash-green,"",
sin-senal,https://astrogrowshop.cl/the-sheik-purple,"",
sin-senal,https://astrogrowshop.cl/head-shot-black,"",
sin-senal,https://astrogrowshop.cl/fat-candy-pink,"",
sin-senal,https://astrogrowshop.cl/color-cube-pink,"",
sin-senal,https://astrogrowshop.cl/classic-ice-pro-blue,"",
sin-senal,https://astrogrowshop.cl/classic-ice-pro-black,"",
sin-senal,https://astrogrowshop.cl/tiny-bell-ambar,"",
sin-senal,https://astrogrowshop.cl/wonderland-tripack,"",
sin-senal,https://astrogrowshop.cl/maceta-11l-black,"",
sin-senal,https://astrogrowshop.cl/plato-11-a-18-lt-black,"",
sin-senal,https://astrogrowshop.cl/double-shot-blue,"",
sin-senal,https://astrogrowshop.cl/pocket-twister-ambar,"",
sin-senal,https://astrogrowshop.cl/maceta-18l-blanco,"",
sin-senal,https://astrogrowshop.cl/maceta-18l-black,"",
sin-senal,https://astrogrowshop.cl/plato-grande-black,"",
sin-senal,https://astrogrowshop.cl/maceta-7l-black,"",
sin-senal,https://astrogrowshop.cl/base-thicc-pink,"",
sin-senal,https://astrogrowshop.cl/base-thicc-mint,"",
sin-senal,https://astrogrowshop.cl/base-green-avalanche,"",
sin-senal,https://astrogrowshop.cl/k30-teal,"",
sin-senal,https://astrogrowshop.cl/glicerine-ticc-mint,"",
sin-senal,https://astrogrowshop.cl/green-avalanche,"",
sin-senal,https://astrogrowshop.cl/tripack-topcrop,"",
sin-senal,https://astrogrowshop.cl/maceta-18l-dorado,"",
sin-senal,https://astrogrowshop.cl/jelly-fish-black,"",
sin-senal,https://astrogrowshop.cl/big-blow-purple,"",
sin-senal,https://astrogrowshop.cl/wotofo,"",
sin-senal,https://astrogrowshop.cl/enraizante-mega-clon-sustrato-tecnico,"",
sin-senal,https://astrogrowshop.cl/root-plug-cocoturba-77u-canna,"",
sin-senal,https://astrogrowshop.cl/secretos-de-amor,"",
sin-senal,https://astrogrowshop.cl/repuesto-xros-pod-corex-3ml-06-ohm-vaporesso,"",
sin-senal,https://astrogrowshop.cl/repuesto-vibe-series-pod-45ml-08-ohm-vaporesso,"",
sin-senal,https://astrogrowshop.cl/lubricante-intimo-neutro-sensuva,"",
sin-senal,https://astrogrowshop.cl/mini-vibrador-delfin-pretty-love,"",
sin-senal,https://astrogrowshop.cl/banner-marzo-2026,"",
sin-senal,https://astrogrowshop.cl/banner-marzo26,"",
sin-senal,https://astrogrowshop.cl/dimetoato-plus-100cc-anasac,"",
sin-senal,https://astrogrowshop.cl/fungicida-oidio-wp-80g-anasac,"",
sin-senal,https://astrogrowshop.cl/mejorador-suelo-perlita-4lt-anasac,"",
sin-senal,https://astrogrowshop.cl/mejorador-suelo-vermiculita-4lt-anasac,"",
sin-senal,https://astrogrowshop.cl/mejorador-suelo-humus-lombrisol-1kg-anasac,"",
sin-senal,https://astrogrowshop.cl/humidificador-megamist-8l-vdl,"",
sin-senal,https://astrogrowshop.cl/pro-line-core-box-athena,"",
sin-senal,https://astrogrowshop.cl/pro-line-grow-box-athena,"",
sin-senal,https://astrogrowshop.cl/guia-de-semillas-diferencias-entre-feminizadas-automaticas-y-f1,"",
sin-senal,https://astrogrowshop.cl/trampas-adhesivas-amarillas-10uds,"",
sin-senal,https://astrogrowshop.cl/bolsa-hermetica-pequena-35gr-disenos-varios,"",
sin-senal,https://astrogrowshop.cl/chocolate-prestigio-35g-nestle,"",
sin-senal,https://astrogrowshop.cl/chocolate-trencito-80g-nestle,"",
sin-senal,https://astrogrowshop.cl/chocolate-de-leche-sahne-nuss-con-almendras-90-g-nestle,"",
sin-senal,https://astrogrowshop.cl/chocolate-inkat-xl-90gr-calaf,"",
sin-senal,https://astrogrowshop.cl/alfajor-bon-o-bon-40g-arcor,"",
sin-senal,https://astrogrowshop.cl/bebida-kem-pina-ccu,"",
sin-senal,https://astrogrowshop.cl/banner-2-black,"",
sin-senal,https://astrogrowshop.cl/banner-3-black,"",
sin-senal,https://astrogrowshop.cl/banner-4-black,"",
sin-senal,https://astrogrowshop.cl/plagron-euro-pebbles-10l-sustrato-hidroponico,"",
sin-senal,https://astrogrowshop.cl/blue-berry-auto-x100-bsf,"",
sin-senal,https://astrogrowshop.cl/gorilla-pina-auto-x100-bsf,"",
sin-senal,https://astrogrowshop.cl/super-lemon-haze-fem-x100-bsf,"",
sin-senal,https://astrogrowshop.cl/tangie-xxl-auto-x100-bsf,"",
sin-senal,https://astrogrowshop.cl/gorilla-pina-fem-x100-bsf,"",
sin-senal,https://astrogrowshop.cl/bajon/dulces-acidos,"",
sin-senal,https://astrogrowshop.cl/dulces-acidos-42g-toxic-waste,"",
sin-senal,https://astrogrowshop.cl/caramelos-en-polvo-pop-rocks-blue-razz-9g,"",
sin-senal,https://astrogrowshop.cl/chocolate-con-mani-big-cup-39g-reesess,"",
sin-senal,https://astrogrowshop.cl/chocolate-reeses-pieces-43g,"",
sin-senal,https://astrogrowshop.cl/pre4203,"",
sin-senal,https://astrogrowshop.cl/pack-interiorexterior-850ml-hesi,"",
sin-senal,https://astrogrowshop.cl/maceta-geotextil-propot-garden-highpro,"",
sin-senal,https://astrogrowshop.cl/maceta-verde-28x26cm-16lt,"",
sin-senal,https://astrogrowshop.cl/pre4203-1,"",
sin-senal,https://astrogrowshop.cl/pre-4,"",
sin-senal,https://astrogrowshop.cl/pre-4/20-ofertas-especiales,"",
sin-senal,https://astrogrowshop.cl/ata-nrg-triangle-pack-750ml-atami,"",
sin-senal,https://astrogrowshop.cl/fertilizante-kushie-kush-500ml-advanced-nutrients,"",
sin-senal,https://astrogrowshop.cl/fertilizante-pk-1lt-athena,"",
sin-senal,https://astrogrowshop.cl/fertilizante-organic-bloom-250ml-bac,"",
sin-senal,https://astrogrowshop.cl/fertilizante-organic-pk-booster-500ml-bac,"",
sin-senal,https://astrogrowshop.cl/gorilla-ghost-gk-fem-bsf,"",
sin-senal,https://astrogrowshop.cl/bebida-pap-lata-350ml-ccu,"",
sin-senal,https://astrogrowshop.cl/papas-de-tarro-sabor-queso-kryzpo,"",
sin-senal,https://astrogrowshop.cl/cornwall-electronics-deshumidificador-05lt,"",
sin-senal,https://astrogrowshop.cl/conector-carpa-cropbox,"",
sin-senal,https://astrogrowshop.cl/mix-lion-bless-fem-x4-delirium-seeds,"",
sin-senal,https://astrogrowshop.cl/mix-vegas-rush-fem-x4-delirium-seeds,"",
sin-senal,https://astrogrowshop.cl/west-coast-og-x-gelato-41-auto-x3-green-house,"",
sin-senal,https://astrogrowshop.cl/wonder-pie-fem-x3-green-house,"",
sin-senal,https://astrogrowshop.cl/rype-500ml-grotek,"",
sin-senal,https://astrogrowshop.cl/balastro-solar-ray-400w-grow-genetics,"",
sin-senal,https://astrogrowshop.cl/carpa-de-cultivo-80x80x160-grow-genetics,"",
sin-senal,https://astrogrowshop.cl/extractor-centrifugo-150mm-grow-genetics,"",
sin-senal,https://astrogrowshop.cl/poleas-light-duty-hanger-5kg-grow-genetics,"",
sin-senal,https://astrogrowshop.cl/drip-clean-250ml-house-garden,"",
sin-senal,https://astrogrowshop.cl/aluminio-50mm-x-50mt-duct-tape,"",
sin-senal,https://astrogrowshop.cl/cable-iec,"",
sin-senal,https://astrogrowshop.cl/nail-metalico-2-partes,"",
sin-senal,https://astrogrowshop.cl/tijera-poda-precision-punta-curva,"",
sin-senal,https://astrogrowshop.cl/kit-medidor-calibrador-ph-ph-401-ph686-ph918-25c,"",
sin-senal,https://astrogrowshop.cl/gelato-fem-pyramid-seeds,"",
sin-senal,https://astrogrowshop.cl/desechable-2und,"",
sin-senal,https://astrogrowshop.cl/secret-shaker-secret-smoke,"",
sin-senal,https://astrogrowshop.cl/sherbet-auto-x3-seedstockers,"",
sin-senal,https://astrogrowshop.cl/sensi-skunk-auto-x3-sensi-seeds,"",
sin-senal,https://astrogrowshop.cl/sustrato-south-garden-50lt,"",
sin-senal,https://astrogrowshop.cl/base-glycerin-black-ice,"",
sin-senal,https://astrogrowshop.cl/bipack-120ml-wonderland,"",
sin-senal,https://astrogrowshop.cl/score-zero-azul,"",
sin-senal,https://astrogrowshop.cl/score-white,"",
sin-senal,https://astrogrowshop.cl/merma-sustrato-light-mix-20lt-biobizz,"",
sin-senal,https://astrogrowshop.cl/frisian-dew-fem-x3-dutch-passion,"",
sin-senal,https://astrogrowshop.cl/passion-fruit-fem-dutch-passion-x3,"",
sin-senal,https://astrogrowshop.cl/blueberry-auto-dutch-passion-x3,"",
sin-senal,https://astrogrowshop.cl/meringue-fem-dutch-passion-x3,"",
sin-senal,https://astrogrowshop.cl/blueberry-fem-dutch-passion-x3,"",
sin-senal,https://astrogrowshop.cl/euforia-fem-dutch-passion-x3,"",
sin-senal,https://astrogrowshop.cl/desfran-fem-dutch-passion-x3,"",
sin-senal,https://astrogrowshop.cl/shaman-fem-dutch-passion-x3,"",
sin-senal,https://astrogrowshop.cl/desfran-auto-dutch-passion-x3,"",
sin-senal,https://astrogrowshop.cl/lemon-kix-auto-dutch-passion-x3,"",
sin-senal,https://astrogrowshop.cl/skunk-n11-fem-x3-dutch-passion,"",
sin-senal,https://astrogrowshop.cl/blue-mazar-auto-x3-dutch-passion,"",
sin-senal,https://astrogrowshop.cl/daiquiri-lime-auto-x3-dutch-passion,"",
sin-senal,https://astrogrowshop.cl/kerosene-krash-fem-x3-dutch-passion,"",
sin-senal,https://astrogrowshop.cl/durban-poison-fem-x3-dutch-passion,"",
sin-senal,https://astrogrowshop.cl/forbidden-cherry-auto-x3-dutch-passion,"",
sin-senal,https://astrogrowshop.cl/frisian-duck-fem-x3-dutch-passion,"",
sin-senal,https://astrogrowshop.cl/power-plant-fem-x3-dutch-passion,"",
sin-senal,https://astrogrowshop.cl/power-plant-auto-x3-dutch-passion,"",
sin-senal,https://astrogrowshop.cl/glueberry-og-auto-x3-dutch-passion,"",
sin-senal,https://astrogrowshop.cl/think-different-auto-x3-dutch-passion,"",
sin-senal,https://astrogrowshop.cl/mokums-tulip-fem-x3-dutch-passion,"",
sin-senal,https://astrogrowshop.cl/night-queen-auto-dutch-passion-x3,"",
sin-senal,https://astrogrowshop.cl/frozen-biscotti-fem-dutch-passion-x3,"",
sin-senal,https://astrogrowshop.cl/frozen-biscotti-auto-dutch-passion-x3,"",
sin-senal,https://astrogrowshop.cl/snow-bud-fem-dutch-passion-x3,"",
sin-senal,https://astrogrowshop.cl/orange-bud-auto-dutch-passion-x3,"",
sin-senal,https://astrogrowshop.cl/hifi-4g-fem-dutch-passion-x3,"",
sin-senal,https://astrogrowshop.cl/think-fast-fem-dutch-passion-x3,"",
sin-senal,https://astrogrowshop.cl/think-big-auto-dutch-passion-x3,"",
sin-senal,https://astrogrowshop.cl/c-vibez-fem-dutch-passion-x3,"",
sin-senal,https://astrogrowshop.cl/mazar-fem-dutch-passion-x3,"",
sin-senal,https://astrogrowshop.cl/blue-zushi-fem-dutch-passion-x3,"",
sin-senal,https://astrogrowshop.cl/skunk-haze-cbd-fem-dutch-passion-x3,"",
sin-senal,https://astrogrowshop.cl/hollands-hope-fem-dutch-passion-x3,"",
sin-senal,https://astrogrowshop.cl/white-widow-auto-dutch-passion-x3,"",
sin-senal,https://astrogrowshop.cl/master-kush-fem-dutch-passion-x3,"",
sin-senal,https://astrogrowshop.cl/cinderella-jack-auto-dutch-passion-x3,"",
sin-senal,https://astrogrowshop.cl/glueberry-og-fem-dutch-passion-x3,"",
sin-senal,https://astrogrowshop.cl/blackberry-kush-cbd-auto-dutch-passion-x3,"",
sin-senal,https://astrogrowshop.cl/melonade-runtz-auto-dutch-passion-x3,"",
sin-senal,https://astrogrowshop.cl/californian-orange-fem-dutch-passion-x3,"",
sin-senal,https://astrogrowshop.cl/cbd-white-widow-auto-dutch-passion-x3,"",
sin-senal,https://astrogrowshop.cl/oh-my-gusher-auto-dutch-passion-x3,"",
sin-senal,https://astrogrowshop.cl/ultimate-auto-dutch-passion-x3,"",
sin-senal,https://astrogrowshop.cl/candy-bubatz-xl-fem-dutch-passion-x3,"",
sin-senal,https://astrogrowshop.cl/orange-hill-special-fem-dutch-passion-x3,"",
sin-senal,https://astrogrowshop.cl/lemon-z-fem-dutch-passion-x3,"",
sin-senal,https://astrogrowshop.cl/white-widow-fem-dutch-passion-x3,"",
sin-senal,https://astrogrowshop.cl/blackberry-kush-auto-dutch-passion-x3,"",
sin-senal,https://astrogrowshop.cl/melonade-runtz-fem-dutch-passion-x3,"",
sin-senal,https://astrogrowshop.cl/candy-bubatz-xl-auto-dutch-passion-x3,"",
sin-senal,https://astrogrowshop.cl/skywalker-haze-fem-dutch-passion-x3,"",
sin-senal,https://astrogrowshop.cl/skywalker-haze-auto-dutch-passion-x3,"",
sin-senal,https://astrogrowshop.cl/banana-blaze-fem-dutch-passion-x3,"",
sin-senal,https://astrogrowshop.cl/orange-bud-fem-20-dutch-passion-x3,"",
sin-senal,https://astrogrowshop.cl/banana-blaze-auto-dutch-passion-x3,"",
sin-senal,https://astrogrowshop.cl/orange-bud-fem-dutch-passion-x3,"",
sin-senal,https://astrogrowshop.cl/critical-orange-punch-fem-dutch-passion-x3,"",
sin-senal,https://astrogrowshop.cl/tropical-tangie-fem-dutch-passion-x3,"",
sin-senal,https://astrogrowshop.cl/critical-orange-punch-auto-dutch-passion-x3,"",
sin-senal,https://astrogrowshop.cl/macetas-cuadradas-plasticas,"",
sin-senal,https://astrogrowshop.cl/gorilla-girl-f1-fast-version-x25-sweet-seeds,"",
sin-senal,https://astrogrowshop.cl/chocolate-con-almendras-golden-nuss-100gr-ambrosoli,"",
sin-senal,https://astrogrowshop.cl/agrolite-balastro-magnetico-400w,"",
sin-senal,https://astrogrowshop.cl/texpot-agro-maceta-textil-7-litros,"",
sin-senal,https://astrogrowshop.cl/atami-bi-bloombastic-250ml,"",
sin-senal,https://astrogrowshop.cl/bigg-daddy-fast-version-f1-x3-strain-machine,"",
sin-senal,https://astrogrowshop.cl/new-york-city-diesel-x-bubba-kush-fem-x3-strain-machine-1,"",
sin-senal,https://astrogrowshop.cl/humidificador-ultrasonico-12lt,"",
sin-senal,https://astrogrowshop.cl/estas-preparado-para-este-cyber-day-los-productos-mas-vendidos-que-no-pueden-faltar-en-tu-carrito,"",
sin-senal,https://astrogrowshop.cl/relampago,"",
sin-senal,https://astrogrowshop.cl/fertilizante-ph-perfect-sensi-bloom-ab-4l-advanced-nutrients,"",
sin-senal,https://astrogrowshop.cl/fertilizante-ph-perfect-sensi-grow-ab-4l-advanced-nutrients,"",
sin-senal,https://astrogrowshop.cl/fertilizante-ph-perfect-growmicrobloom-4lt-advanced-nutrients,"",
sin-senal,https://astrogrowshop.cl/kits-de-cultivo-indoor-astro-guia-completa-basico-medio-y-profesional-cyber-2025,"",
sin-senal,https://astrogrowshop.cl/zkittlez-fem-x3-strain-machine,"",
sin-senal,https://astrogrowshop.cl/og-kush-auto-x31-white-label-by-sensi-seeds,"",
sin-senal,https://astrogrowshop.cl/pure-power-plant-auto-x31-white-label-by-sensi-seeds,"",
sin-senal,https://astrogrowshop.cl/snow-ryder-auto-x31-white-label-by-sensi-seeds,"",
sin-senal,https://astrogrowshop.cl/wedding-cake-fem-x31-white-label-by-sensi-seeds,"",
sin-senal,https://astrogrowshop.cl/white-diesel-haze-auto-x31-white-label-by-sensi-seeds,"",
sin-senal,https://astrogrowshop.cl/kerosene-krash-auto-x3-dutch-passion,"",
sin-senal,https://astrogrowshop.cl/blue-gelato-fem-x1-royal-queen-seeds,"",
sin-senal,https://astrogrowshop.cl/blue-berry-fem-x12-bsf,"",
sin-senal,https://astrogrowshop.cl/critical-2-fem-x7-bsf,"",
sin-senal,https://astrogrowshop.cl/el-gaucho-faster-sp-fem-x7-bsf,"",
sin-senal,https://astrogrowshop.cl/gorilla-banana-fem-x12-bsf,"",
sin-senal,https://astrogrowshop.cl/lebron-haze-fem-x7-bsf,"",
sin-senal,https://astrogrowshop.cl/obg-kush-fast-fem-x7-bsf,"",
sin-senal,https://astrogrowshop.cl/orange-blossom-fem-x7-bsf,"",
sin-senal,https://astrogrowshop.cl/pineapple-larry-sp-og-fem-bsf,"",
sin-senal,https://astrogrowshop.cl/rainbows-sp-fem-bsf,"",
sin-senal,https://astrogrowshop.cl/tangie-fem-x7-bsf,"",
sin-senal,https://astrogrowshop.cl/white-gorilla-fem-x7-bsf,"",
sin-senal,https://astrogrowshop.cl/pineapple-rime-line-auto-x4-delirium-seeds,"",
sin-senal,https://astrogrowshop.cl/pineapple-rime-line-fem-x4-delirium-seeds,"",
sin-senal,https://astrogrowshop.cl/pineapple-rime-line-fast-version-fem-x7-delirium-seeds,"",
sin-senal,https://astrogrowshop.cl/do-si-dos-usa-premium-auto-x1-royal-queen-seeds,"",
sin-senal,https://astrogrowshop.cl/green-crack-punch-usa-preminum-fem-x1-royal-queen-seeds,"",
sin-senal,https://astrogrowshop.cl/hulkberry-auto-x1-royal-queen-seeds,"",
sin-senal,https://astrogrowshop.cl/legendary-og-punch-usa-premium-fem-x1-royal-queen-seeds,"",
sin-senal,https://astrogrowshop.cl/mimosa-usa-premium-auto-x1-royal-queen-seeds,"",
sin-senal,https://astrogrowshop.cl/north-thunderfuck-usa-premium-auto-x1-royal-queen-seeds,"",
sin-senal,https://astrogrowshop.cl/north-thunderfuck-usa-premium-auto-x3-royal-queen-seeds,"",
sin-senal,https://astrogrowshop.cl/purple-punch-usa-premium-auto-x1-royal-queen-seeds,"",
sin-senal,https://astrogrowshop.cl/royal-bubble-kush-auto-x3-royal-queen-seeds,"",
sin-senal,https://astrogrowshop.cl/royal-gorrilla-usa-premium-auto-x1-royal-queen-seeds,"",
sin-senal,https://astrogrowshop.cl/sherbet-queen-usa-premium-auto-x1-royal-queen-seeds,"",
sin-senal,https://astrogrowshop.cl/sweet-zz-usa-premium-auto-x1-royal-queen-seeds,"",
sin-senal,https://astrogrowshop.cl/triple-g-auto-x1-royal-queen-seeds,"",
sin-senal,https://astrogrowshop.cl/watermelon-usa-premium-auto-x1-royal-queen-seeds-1,"",
sin-senal,https://astrogrowshop.cl/blue-magic-fem-x3-spanish-passion-seeds,"",
sin-senal,https://astrogrowshop.cl/chocolate-spanish-candy-fem-x3-spanish-passion-seeds,"",
sin-senal,https://astrogrowshop.cl/dulce-high-kick-fem-x3-spanish-passion-seeds,"",
sin-senal,https://astrogrowshop.cl/green-finger-fem-x3-strain-machine,"",
sin-senal,https://astrogrowshop.cl/halloween-candy-fem-x3-strain-machine-1,"",
sin-senal,https://astrogrowshop.cl/hawaiian-shark-fem-x3-strain-machine,"",
sin-senal,https://astrogrowshop.cl/tropicanna-lemon-fem-x3-strain-machine,"",
sin-senal,https://astrogrowshop.cl/sweet-zz-usa-premium-fem-x1-royal-queen-seeds,"",
sin-senal,https://astrogrowshop.cl/enigma-box-710-cyber-edition,"",
sin-senal,https://astrogrowshop.cl/bannercyber2,"",
sin-senal,https://astrogrowshop.cl/cyberbanner3,"",
sin-senal,https://astrogrowshop.cl/cyberbanner4,"",
sin-senal,https://astrogrowshop.cl/cyberbanner5,"",
sin-senal,https://astrogrowshop.cl/cyberbanner6,"",
sin-senal,https://astrogrowshop.cl/cyberbanner10,"",
sin-senal,https://astrogrowshop.cl/blue-mystic-fem-x3-royal-queen,"",
sin-senal,https://astrogrowshop.cl/royal-ak-auto-x1-royal-queen-seeds,"",
sin-senal,https://astrogrowshop.cl/carrusel-cyber,"",
sin-senal,https://astrogrowshop.cl/carrusel-semillas-cyber,"",
sin-senal,https://astrogrowshop.cl/cultivo-indoor-2,"",
sin-senal,https://astrogrowshop.cl/fertilizantes-1,"",
sin-senal,https://astrogrowshop.cl/parafernalia-2,"",
sin-senal,https://astrogrowshop.cl/new-quantum-lite-160w-delight,"",
sin-senal,https://astrogrowshop.cl/new-quantum-lite-600w-delight,"",
sin-senal,https://astrogrowshop.cl/mega-bud-thc,"",
sin-senal,https://astrogrowshop.cl/feeding-biogrow-500g-greenhouse-feeding,"",
sin-senal,https://astrogrowshop.cl/tableta-co2-60-unidades-idrogrow,"",
sin-senal,https://astrogrowshop.cl/bio-ph-10lt-biobizz,"",
sin-senal,https://astrogrowshop.cl/recarga-leaf-coat-aspesor-10-lt-biobizz,"",
sin-senal,https://astrogrowshop.cl/root-juice-10lt-biobizz,"",
sin-senal,https://astrogrowshop.cl/terra-grow-100ml-plagron,"",
sin-senal,https://astrogrowshop.cl/terra-grow-1l-plagron,"",
sin-senal,https://astrogrowshop.cl/terra-grow-10l-plagron,"",
sin-senal,https://astrogrowshop.cl/alga-grow-5l-plagron,"",
sin-senal,https://astrogrowshop.cl/alga-bloom-100ml-plagron,"",
sin-senal,https://astrogrowshop.cl/alga-grow-250ml-plagron,"",
sin-senal,https://astrogrowshop.cl/purezyme-100ml-plagron,"",
sin-senal,https://astrogrowshop.cl/sugar-royal-100ml-plagron,"",
sin-senal,https://astrogrowshop.cl/sugar-royal-500ml-plagron,"",
sin-senal,https://astrogrowshop.cl/easy-pack-terra-plagron,"",
sin-senal,https://astrogrowshop.cl/easy-pack-natural-plagron,"",
sin-senal,https://astrogrowshop.cl/vita-race-100-ml-plagron,"",
sin-senal,https://astrogrowshop.cl/roots-1lt-maria-green,"",
sin-senal,https://astrogrowshop.cl/buds-1lt-maria-green,"",
sin-senal,https://astrogrowshop.cl/algax-1lt-maria-green,"",
sin-senal,https://astrogrowshop.cl/superflower-600gr-maria-green,"",
sin-senal,https://astrogrowshop.cl/algax-250ml-maria-green,"",
sin-senal,https://astrogrowshop.cl/sugar-clean-1lt-maria-green,"",
sin-senal,https://astrogrowshop.cl/autoflow-1lt-maria-green,"",
sin-senal,https://astrogrowshop.cl/autoflow-500ml-maria-green,"",
sin-senal,https://astrogrowshop.cl/guardian-1lt-maria-green,"",
sin-senal,https://astrogrowshop.cl/guardian-250ml-maria-green,"",
sin-senal,https://astrogrowshop.cl/roots-5lt-maria-green,"",
sin-senal,https://astrogrowshop.cl/autoflow-5lt-maria-green,"",
sin-senal,https://astrogrowshop.cl/algax-5lt-maria-green,"",
sin-senal,https://astrogrowshop.cl/buds-5lt-maria-green,"",
sin-senal,https://astrogrowshop.cl/sugar-clean-5lt-maria-green,"",
sin-senal,https://astrogrowshop.cl/floracion-hidro-500ml-hesi,"",
sin-senal,https://astrogrowshop.cl/orchivit-500-ml-hesi,"",
sin-senal,https://astrogrowshop.cl/bio-grow-500ml-hesi,"",
sin-senal,https://astrogrowshop.cl/house-plant-elixir-1lt-hesi,"",
sin-senal,https://astrogrowshop.cl/starter-box-hydro-hesi,"",
sin-senal,https://astrogrowshop.cl/starter-box-coco-hesi,"",
sin-senal,https://astrogrowshop.cl/floracion-y-frutos-250ml-wondergarden,"",
sin-senal,https://astrogrowshop.cl/follajes-y-hortalizas-y-arboles-250ml-wondergarden,"",
sin-senal,https://astrogrowshop.cl/k-potasico-wondergarden,"",
sin-senal,https://astrogrowshop.cl/cesped-wondergarden,"",
sin-senal,https://astrogrowshop.cl/p-fosforo-wondergarden,"",
sin-senal,https://astrogrowshop.cl/fertilizante-full-base-250ml-micotrue,"",
sin-senal,https://astrogrowshop.cl/micorrizas-10g-via-riego-micotrue,"",
sin-senal,https://astrogrowshop.cl/trishock-100gr-microtrue,"",
sin-senal,https://astrogrowshop.cl/trishock-1gr-microtrue,"",
sin-senal,https://astrogrowshop.cl/trichoderma-via-riego-2gr-microtrue,"",
sin-senal,https://astrogrowshop.cl/startert-kit-bio-greenhouse-feeding,"",
sin-senal,https://astrogrowshop.cl/calcium-5kg-plagron,"",
sin-senal,https://astrogrowshop.cl/feeding-grow-125g-greenhouse-feeding,"",
sin-senal,https://astrogrowshop.cl/feeding-biobloom-500g-greenhouse-feeding,"",
sin-senal,https://astrogrowshop.cl/new-quantum-lite-240w-delight,"",
sin-senal,https://astrogrowshop.cl/new-quantum-lite-600w-delight-1,"",
sin-senal,https://astrogrowshop.cl/new-quantum-lite-720w-delight,"",
sin-senal,https://astrogrowshop.cl/flash-03061,"",
sin-senal,https://astrogrowshop.cl/oferta-flash-20,"",
sin-senal,https://astrogrowshop.cl/flash-03062,"",
sin-senal,https://astrogrowshop.cl/flash-06033,"",
sin-senal,https://astrogrowshop.cl/iqc-iq3,"",
sin-senal,https://astrogrowshop.cl/astro-kit-cultivo-indoor-160w-basico,"",
sin-senal,https://astrogrowshop.cl/astro-kit-cultivo-indoor-160w-medio,"",
sin-senal,https://astrogrowshop.cl/astro-kit-cultivo-indoor-160w-profesional,"",
sin-senal,https://astrogrowshop.cl/flash-2000,"",
sin-senal,https://astrogrowshop.cl/astro-kit-cultivo-indoor-240w-basico,"",
sin-senal,https://astrogrowshop.cl/astro-kit-cultivo-indoor-240w-profesional,"",
sin-senal,https://astrogrowshop.cl/astro-kit-cultivo-indoor-360w-basico,"",
sin-senal,https://astrogrowshop.cl/astro-kit-cultivo-indoor-360w-medio,"",
sin-senal,https://astrogrowshop.cl/astro-kit-cultivo-indoor-360w-profesional,"",
sin-senal,https://astrogrowshop.cl/astro-kit-cultivo-indoor-600w-basico,"",
sin-senal,https://astrogrowshop.cl/astro-kit-cultivo-indoor-600w-medio,"",
sin-senal,https://astrogrowshop.cl/astro-kit-cultivo-indoor-600w-profesional,"",
sin-senal,https://astrogrowshop.cl/astro-kit-cultivo-indoor-720w-basico,"",
sin-senal,https://astrogrowshop.cl/astro-kit-cultivo-indoor-720w-medio,"",
sin-senal,https://astrogrowshop.cl/astro-kit-cultivo-indoor-720w-profesional,"",
sin-senal,https://astrogrowshop.cl/crystal-candy-fem-x100-sweet-seeds,"",
sin-senal,https://astrogrowshop.cl/abrazadera-metalica-125mm-105-127-grow-genetics,"",
sin-senal,https://astrogrowshop.cl/ampolleta-double-ended-1000w-king-of-green,"",
sin-senal,https://astrogrowshop.cl/ampolleta-grow-bloom-1000w-grow-genetics,"",
sin-senal,https://astrogrowshop.cl/ducto-insonorizado-200mm-x-10mts-grow-genetics,"",
sin-senal,https://astrogrowshop.cl/e-liquid-ruseo-tabaquil-0mg-30ml-hh,"",
sin-senal,https://astrogrowshop.cl/e-liquid-zephyros-tabaquil-3mg-30ml-hh,"",
sin-senal,https://astrogrowshop.cl/kit-balastro-reflector-ampolleta-double-ended-1000w-king-of-green,"",
sin-senal,https://astrogrowshop.cl/kit-bastard-lighting-balastro-reflector-ampolleta-double-ended-1000w-bsf,"",
sin-senal,https://astrogrowshop.cl/led-quantum-board-40w,"",
sin-senal,https://astrogrowshop.cl/led-quantum-board-65w,"",
sin-senal,https://astrogrowshop.cl/maceta-textil-114-lt-pure-factory,"",
sin-senal,https://astrogrowshop.cl/maceta-textil-266-lt-grow-genetics,"",
sin-senal,https://astrogrowshop.cl/maceta-textil-38-lt-grow-genetics,"",
sin-senal,https://astrogrowshop.cl/maceta-textil-76-lt-pure-factory,"",
sin-senal,https://astrogrowshop.cl/reflector-air-cooled-spudnik-125mm-silver-star,"",
sin-senal,https://astrogrowshop.cl/reflector-cooltube-125x400mm-pure-factory,"",
sin-senal,https://astrogrowshop.cl/reflector-hummer-stone-grow-genetics,"",
sin-senal,https://astrogrowshop.cl/extractor-en-linea-100mm-grow-genetics,"",
sin-senal,https://astrogrowshop.cl/alfajor-mini-torta-rapsodia-80g,"",
sin-senal,https://astrogrowshop.cl/barra-wild-protein-moka-45g,"",
sin-senal,https://astrogrowshop.cl/alfajor-surtido-garoto-128g,"",
sin-senal,https://astrogrowshop.cl/gel-corporal-con-efecto-calor-70g-annabis,"",
sin-senal,https://astrogrowshop.cl/growshop-online-tu-tienda-completa-de-cultivo-e-accesorios,"",
sin-senal,https://astrogrowshop.cl/astro-growshop-tu-growshop-online-de-confianza-en-chile,"",
sin-senal,https://astrogrowshop.cl/parafernalia/wellness,"",
sin-senal,https://astrogrowshop.cl/balastro-solar-ray-250w-grow-genetics,"",
sin-senal,https://astrogrowshop.cl/sexshop/vibradores-y-estimulacion-femenina,"",
sin-senal,https://astrogrowshop.cl/sexshop/plugs-y-estimulacion-anal,"",
sin-senal,https://astrogrowshop.cl/semillas-sweet-seeds-guia-para-elegir-entre-feminizadas-y-autoflorecientes,"",
sin-senal,https://astrogrowshop.cl/sustrato-para-cultivo-indoor-guia-para-elegir-el-mejor-2026,"",
sin-senal,https://astrogrowshop.cl/balastro-para-cultivo-indoor-guia-para-elegir-el-correcto-chile-2026,"",
sin-senal,https://astrogrowshop.cl/macetas-para-cultivo-indoor-guia-para-elegir-la-correcta,"",
sin-senal,https://astrogrowshop.cl/fertilizantes-para-marihuana-guia-para-elegir-y-alimentar-tu-cultivo,"",
sin-senal,https://astrogrowshop.cl/enraizante-natural-como-clonar-esquejes-en-casa-guia-2026,"",
sin-senal,https://astrogrowshop.cl/semilla-feminizada-chocogas-x3-medical-seeds,"",
sin-senal,https://astrogrowshop.cl/semilla-cbd-auto-sanativa-x3-medical-seeds,"",
sin-senal,https://astrogrowshop.cl/arana-roja-en-marihuana-como-eliminarla-y-salvar-tu-cultivo,"",
sin-senal,https://astrogrowshop.cl/semillas-automaticas-guia-para-elegir-y-cultivar-autoflorecientes-chile-2026,"",
no-es-ficha,https://astrogrowshop.cl/bolsos-y-estuches,"BOLSOS Y ESTUCHES",Contenedores y estuches
no-es-ficha,https://astrogrowshop.cl/vaporizadores,"VAPORIZADORES",Vaporizadores herbales
no-es-ficha,https://astrogrowshop.cl/bongs,"BONGS",Bongs
no-es-ficha,https://astrogrowshop.cl/pipas,"PIPAS Y HITTERS",Pipas
no-es-ficha,https://astrogrowshop.cl/moledores,"MOLEDORES",Moledores
no-es-ficha,https://astrogrowshop.cl/contenedores,"CONTENEDORES",Contenedores y estuches
no-es-ficha,https://astrogrowshop.cl/carpas-y-bandejas,"CARPAS Y BANDEJAS",
no-es-ficha,https://astrogrowshop.cl/repuestos-bongs,"REPUESTOS BONGS",Repuestos para bongs y vaporizadores
no-es-ficha,https://astrogrowshop.cl/accesorios-vaporizadores,"Repuestos y Accesorios",Repuestos para bongs y vaporizadores
no-es-ficha,https://astrogrowshop.cl/control-de-humedad,"CONTROL DE HUMEDAD",Otros parafernalia
no-es-ficha,https://astrogrowshop.cl/encendedores,"ENCENDEDORES",Encendedores y sopletes
no-es-ficha,https://astrogrowshop.cl/limpieza,"LIMPIEZA",Limpieza
excluida,https://astrogrowshop.cl/original-ak-auto-fast-buds,"Original Ak Auto -Fast Buds (X3/X1)",
excluida,https://astrogrowshop.cl/kit-indoor-sodio-kasvi-medio-120x120x200-600w,"Kit Indoor Sodio Kasvi Medio 120X120X200 - 600W",
excluida,https://astrogrowshop.cl/balastro-electronico-con-dimmer-plugplay-600w-kasvi,"Balastro Electronico Con Dimmer Plug&Play 600W -Kasvi",
excluida,https://astrogrowshop.cl/original-bubblegum-auto-x3-fast-buds,"Original Bubblegum Auto -Fast Buds (X3/X1)",
excluida,https://astrogrowshop.cl/original-sour-diesel-auto-fast-buds,"Original Sour Diesel Auto -Fast Buds (X3/X1)",
excluida,https://astrogrowshop.cl/reflector-cooltube-150mm-kasvi,"Reflector Cooltube  150Mm-Kasvi",
excluida,https://astrogrowshop.cl/kit-indoor-sodio-kasvi-completo-120x120x200-600w,"Kit Indoor Sodio Kasvi Completo 120X120X200 - 600W",
excluida,https://astrogrowshop.cl/maceta-air-63lt-kasvi,"Maceta Air 6.3Lt-Kasvi",
excluida,https://astrogrowshop.cl/ampolleta-hm-kasvi,"Ampolleta Hm -Kasvi",
excluida,https://astrogrowshop.cl/original-og-kush-auto-fast-buds,"Original Og Kush Auto -Fast Buds (X3/X1)",
deberia-estar,https://astrogrowshop.cl/regulador-de-humedad-4g-integra-boost,"Regulador De Humedad 4G-Integra Boost",Otros parafernalia
excluida,https://astrogrowshop.cl/maceta-air-kasvi,"Maceta Air -Kasvi",
excluida,https://astrogrowshop.cl/original-skunk-auto-fast-buds,"Original Skunk Auto -Fast Buds (X3/X1)",
deberia-estar,https://astrogrowshop.cl/malla-de-secado-prodry-modulable-95cm-v6-garden-highpro,"Malla De Secado Prodry Modulable 95Cm V6-Garden Highpro",Otros parafernalia
excluida,https://astrogrowshop.cl/ampolleta-super-hps-400w-kasvi-1,"Ampolleta Super Hps 400W-Kasvi",
excluida,https://astrogrowshop.cl/original-blueberry-auto-x1-fast-buds,"Original Blueberry Auto X1-Fast Buds",
excluida,https://astrogrowshop.cl/red-hot-cookies-fem-x-31-sweet-seeds,"Red Hot Cookies Fem® X3+1-Sweet Seeds",
excluida,https://astrogrowshop.cl/red-strawberry-banana-auto-x52-sweet-seeds,"Red Strawberry Banana Auto® -Sweet Seeds (X5+2/X3+1)",
excluida,https://astrogrowshop.cl/ampolleta-hps-600w-kasvi,"Ampolleta Hps 600W-Kasvi",
deberia-estar,https://astrogrowshop.cl/lentes-optipro-garden-highpro,"Lentes Optipro-Garden Highpro",Filtros y boquillas
excluida,https://astrogrowshop.cl/original-cheese-auto-fast-buds,"Original Cheese Auto -Fast Buds (X3/X1)",
excluida,https://astrogrowshop.cl/original-amnesia-haze-auto-fast-buds,"Original Amnesia Haze Auto -Fast Buds (X3/X1)",
excluida,https://astrogrowshop.cl/balastro-magnetico-plugplay-kasvi,"Balastro Magnetico Plug&Play  -Kasvi",
deberia-estar,https://astrogrowshop.cl/pipeta-pasteur-plastica-5ml,"Pipeta Pasteur Plastica 5Ml",Otros parafernalia
excluida,https://astrogrowshop.cl/reflector-prime-stuco-kasvi,"Reflector Prime Stuco-Kasvi",
deberia-estar,https://astrogrowshop.cl/pipeta-pasteur-plastica-1ml,"Pipeta Pasteur Plastica 1Ml",Otros parafernalia
excluida,https://astrogrowshop.cl/ampolleta-hps-kasvi,"Ampolleta Hps -Kasvi",
excluida,https://astrogrowshop.cl/original-white-widows-auto-fast-buds,"Original White Widows Auto -Fast Buds (X3/X1)",
excluida,https://astrogrowshop.cl/galaxy-auto-x31-pyramid-seeds,"Galaxy Auto X3+1-Pyramid Seeds",
deberia-estar,https://astrogrowshop.cl/pipeta-pasteur-plastica-3ml,"Pipeta Pasteur Plastica 3Ml",Otros parafernalia
excluida,https://astrogrowshop.cl/ampolleta-hps-400w-kasvi,"Ampolleta Hps 400W-Kasvi",
excluida,https://astrogrowshop.cl/original-russian-auto-fast-buds,"Original Russian Auto -Fast Buds (X3/X1)",
excluida,https://astrogrowshop.cl/original-russian-auto-x1-fast-buds,"Original Russian Auto X1-Fast Buds",
excluida,https://astrogrowshop.cl/strawberry-pie-auto-x3-fast-buds,"Strawberry Pie Auto X3-Fast Buds",
deberia-estar,https://astrogrowshop.cl/lupa-con-luz-led-30x-y-60x-bransio,"Lupa Con Luz Led 30X Y 60X-Bransio",Otros parafernalia
excluida,https://astrogrowshop.cl/ampolleta-hps-250w-kasvi-1,"Ampolleta Hps 250W-Kasvi",
excluida,https://astrogrowshop.cl/maceta-air-35lt-kasvi-1,"Maceta Air 3.5Lt-Kasvi",
excluida,https://astrogrowshop.cl/original-jack-herer-auto-fast-buds,"Original Jack Herer Auto -Fast Buds (X3/X1)",
deberia-estar,https://astrogrowshop.cl/medidor-3-en-1-tdsectemp-waterproof-analitycs-instruments,"Medidor 3 En 1 Tds/Ec/Temp Waterproof Analitycs Instruments",Otros parafernalia
excluida,https://astrogrowshop.cl/reflector-watermark-stuco-conbox-proteccion-kasvi,"Reflector Watermark Stuco Conbox Proteccion-Kasvi",
deberia-estar,https://astrogrowshop.cl/malla-de-secado-prodry-basic-8-niveles-garden-highpro,"Malla De Secado Prodry Basic 8 Niveles-Garden Highpro",Otros parafernalia
deberia-estar,https://astrogrowshop.cl/regulador-de-humedad-67g-integra-boost,"Regulador De Humedad 67G -Integra Boost",Otros parafernalia
excluida,https://astrogrowshop.cl/ampolleta-super-hps-kasvi,"Ampolleta Super Hps -Kasvi",
excluida,https://astrogrowshop.cl/kit-indoor-sodio-kasvi-inicial-100x100x200-400w,"Kit Indoor Sodio Kasvi Inicial 100X100X200 - 400W",
excluida,https://astrogrowshop.cl/original-chemdawg-auto-fast-buds,"Original Chemdawg Auto -Fast Buds (X3/X1)",
deberia-estar,https://astrogrowshop.cl/malla-de-secado-prodry-modulable-55cm-v4-garden-highpro,"Malla De Secado Prodry Modulable 55Cm V4-Garden Highpro",Otros parafernalia
deberia-estar,https://astrogrowshop.cl/regulador-de-humedad-8g-integra-boost,"Regulador De Humedad 8G -Integra Boost",Otros parafernalia
excluida,https://astrogrowshop.cl/kit-indoor-sodio-kasvi-medio-100x100x200-400w,"Kit Indoor Sodio Kasvi Medio 100X100X200 - 400W",
deberia-estar,https://astrogrowshop.cl/malla-de-secado-prodry-modulable-75cm-v6-garden-highpro,"Malla De Secado Prodry Modulable 75Cm V6-Garden Highpro",Otros parafernalia
excluida,https://astrogrowshop.cl/kit-indoor-sodio-kasvi-completo-100x100x200-400w,"Kit Indoor Sodio Kasvi Completo 100X100X200- 400W",
excluida,https://astrogrowshop.cl/original-trainwreck-auto-x1-fast-buds,"Original Trainwreck Auto X1-Fast Buds",
deberia-estar,https://astrogrowshop.cl/pesa-gramera-200gr,"Pesa Gramera 200Gr",Otros parafernalia
excluida,https://astrogrowshop.cl/original-cinderella-auto-x1-fast-buds,"Original Cinderella Auto X1-Fast Buds",
excluida,https://astrogrowshop.cl/original-afghan-kush-auto-x1-fast-buds,"Original Afghan Kush Auto X1-Fast Buds",
excluida,https://astrogrowshop.cl/strawberry-banana-auto-fast-buds,"Strawberry Banana Auto -Fast Buds (X3/X1)",
excluida,https://astrogrowshop.cl/original-northern-lights-auto-fast-buds,"Original Northern Lights Auto -Fast Buds (X3/X1)",
deberia-estar,https://astrogrowshop.cl/pesa-gramera-electronic-kitchen-scale,"Pesa Gramera Electronic Kitchen Scale",Otros parafernalia
excluida,https://astrogrowshop.cl/original-bigbud-auto-x1-fast-buds,"Original Bigbud Auto X1-Fast Buds",
excluida,https://astrogrowshop.cl/kit-indoor-sodio-kasvi-inicial-120x120x200-600w,"Kit Indoor Sodio Kasvi Inicial 120X120X200 - 600W",
excluida,https://astrogrowshop.cl/galaxy-cbd-fem-x3-pyramid-seeds,"Galaxy Cbd Fem X3-Pyramid Seeds",
excluida,https://astrogrowshop.cl/strawberry-cough-fem-dutch-passion,"Strawberry Cough Fem -Dutch Passion X3+1",
deberia-estar,https://astrogrowshop.cl/malla-de-secado-prodry-basic-55cm-v8-garden-highpro,"Malla De Secado Prodry Basic 55Cm V8-Garden Highpro",Otros parafernalia
excluida,https://astrogrowshop.cl/original-blueberry-auto-32-fast-buds,"Original Blueberry Auto 3+2-Fast Buds",
excluida,https://astrogrowshop.cl/strawberry-cola-sherbert-f1-x31-sweet-seeds,"Strawberry Cola Sherbert F1 X3+1 - Sweet Seeds",
excluida,https://astrogrowshop.cl/original-moby-dick-auto-x3-fast-buds,"Original Moby Dick Auto X3-Fast Buds",
excluida,https://astrogrowshop.cl/reflector-watermark-stuco-conbox-proteccion-kasvi-caja-rota,"Reflector Watermark Stuco Conbox Proteccion-Kasvi Caja Rota",
excluida,https://astrogrowshop.cl/gorilla-cookies-auto-x3-seedstockers,"Gorilla Cookies Auto X3-Seedstockers",
deberia-estar,https://astrogrowshop.cl/e-liquid-lavender-10ml-cali-terpens,"E-Liquid Lavender 10Ml-Cali Terpens",Otros parafernalia
excluida,https://astrogrowshop.cl/balastro-magnetico-plugplay-400w-kasvi-caja-rota,"Balastro Magnetico Plug&Play 400W -Kasvi Caja Rota",
excluida,https://astrogrowshop.cl/cookies-sherbet-auto-x32-medical-seeds,"Cookies Sherbet Auto X3+2-Medical Seeds",
deberia-estar,https://astrogrowshop.cl/pack-nectar-colector-silicona-colores-variados,"Pack Nectar Colector Silicona Colores Variados",Otros parafernalia
deberia-estar,https://astrogrowshop.cl/regulador-de-humedad-con-terpeno-4g-62-integra-boost,"Regulador De Humedad Con Terpeno 4G 62%-Integra Boost",Otros parafernalia
excluida,https://astrogrowshop.cl/strawberry-gorilla-auto-fast-buds,"Strawberry Gorilla Auto -Fast Buds (X3/X1)",
excluida,https://astrogrowshop.cl/gorilla-glue-x-thin-mint-cookies-auto-x10,"Gorilla Glue X Thin Mint Cookies Auto X10",
excluida,https://astrogrowshop.cl/pack-antiplagas,"Pack Antiplagas",
deberia-estar,https://astrogrowshop.cl/girl-scout-cookies-version-express-x10,"Girl Scout Cookies Version Express X10",Otros parafernalia
deberia-estar,https://astrogrowshop.cl/malla-de-secado-prodry-modulable-75cm-v6-garden-highpro-caja-rota,"Malla De Secado Prodry Modulable 75Cm V6-Garden Highpro Caja Rota",Otros parafernalia
deberia-estar,https://astrogrowshop.cl/medidor-ec-waterproof-milwaukee,"Medidor Ec Waterproof-Milwaukee",Otros parafernalia
deberia-estar,https://astrogrowshop.cl/terps-spray-aroma-holy-grail-kush-5ml,"Terps Spray Aroma Holy Grail Kush 5Ml",Otros parafernalia
excluida,https://astrogrowshop.cl/recarga-antiplaga-concentrado-4-en-1-biopest,"Recarga Antiplaga Concentrado 4 En 1 1Lt-Biopest",
deberia-estar,https://astrogrowshop.cl/ph55-medidor-phtemp-waterproof-milwaukee,"Ph55 Medidor Ph/Temp Waterproof -Milwaukee",Otros parafernalia
excluida,https://astrogrowshop.cl/cookies-cream-auto-delirium-seeds,"Cookies Cream Auto -Delirium Seeds (X2/X1)",
deberia-estar,https://astrogrowshop.cl/medidor-ph-waterproof-milwaukee,"Medidor Ph Waterproof-Milwaukee",Otros parafernalia
deberia-estar,https://astrogrowshop.cl/mecha-de-canamo-1-mt-astro,"Mecha De Cañamo 1 Mt - Astro",Otros parafernalia
excluida,https://astrogrowshop.cl/maceta-air-7-lt-kasvi-caja-rota,"Maceta Air 7 Lt-Kasvi Caja Rota",
excluida,https://astrogrowshop.cl/maceta-air-22-lt-kasvi-caja-rota,"Maceta Air 22 Lt-Kasvi Caja Rota",
excluida,https://astrogrowshop.cl/ztrawberriez-auto-32-fast-buds,"Ztrawberriez Auto 3+2-Fast Buds",
deberia-estar,https://astrogrowshop.cl/terp-timer-matte-medidor-de-precision-extractos,"Terp Timer Matte- Medidor De Precision Extractos",Otros parafernalia
deberia-estar,https://astrogrowshop.cl/pesa-gramera-001g-presize,"Pesa Gramera 0,01G-Presize",Otros parafernalia
deberia-estar,https://astrogrowshop.cl/mib-1ml-cali-terpens,"Terpenos (Sabor a Elección) Cali Terpens 1 ml",Otros parafernalia
deberia-estar,https://astrogrowshop.cl/terps-spray-aroma-jamaican-dream-5ml-cali-terpens-1,"Terps Spray Aroma Jamaican Dream 5Ml-Cali Terpens",Otros parafernalia
deberia-estar,https://astrogrowshop.cl/terps-spray-aroma-gipsy-haze-5ml-cali-terpens,"Terps Spray Aroma Gipsy Haze 5Ml-Cali Terpens",Otros parafernalia
excluida,https://astrogrowshop.cl/maceta-air-x-10lt-x-6-ud-kasvi,"Maceta Air X 10Lt X 6 Ud -Kasvi",
deberia-estar,https://astrogrowshop.cl/terpenos-5ml-terps-usa,"Terpenos 5Ml-Terps Usa",Otros parafernalia
excluida,https://astrogrowshop.cl/original-critical-auto-x3-fast-buds,"Original Critical Auto X3-Fast Buds",
deberia-estar,https://astrogrowshop.cl/acople-reductor-200150-kasvi,"Acople Reductor 200/150 - Kasvi",Otros parafernalia
deberia-estar,https://astrogrowshop.cl/jarra-medidora,"Jarra Medidora",Contenedores y estuches
deberia-estar,https://astrogrowshop.cl/platinium-x2-chocolate-1u-blunt-wrap,"Platinium X2 Chocolate 1U- Blunt Wrap",Conos y blunts
excluida,https://astrogrowshop.cl/cookies-usa-fem-x52-pyramid-seeds,"Cookies Usa  Fem X5+2-Pyramid Seeds",
deberia-estar,https://astrogrowshop.cl/bateria-18650-2500mah,"Bateria 18650 2500Mah",Otros parafernalia
deberia-estar,https://astrogrowshop.cl/bandeja-propagadora-128-plantas-538x279x41cm,"Bandeja Propagadora 128 Plantas 538X279X41Cm",Bandejas y ceniceros
deberia-estar,https://astrogrowshop.cl/malla-piramidal-220-micras,"Malla Piramidal 220 Micras",Otros parafernalia
excluida,https://astrogrowshop.cl/maceta-textil-negra-kasvi,"Maceta Textil Negra -Kasvi",
deberia-estar,https://astrogrowshop.cl/malla-elastica-scrog-cultibox,"Malla Elástica Scrog-Cultibox",Otros parafernalia
excluida,https://astrogrowshop.cl/cookies-purple-punch-fem-x3-medical-seeds,"Cookies Purple Punch Fem X3-Medical Seeds",
deberia-estar,https://astrogrowshop.cl/tijera-podadora-curva-17cm-kasvi,"Tijera Podadora Curva 17Cm-Kasvi",Otros parafernalia
deberia-estar,https://astrogrowshop.cl/pack-de-filtros-10-powermega-grow-grow-max,"Pack De Filtros 10' Power/Mega Grow-Grow Max",Filtros y boquillas
deberia-estar,https://astrogrowshop.cl/tijera-podadora-recta-17cm-kasvi,"Tijera Podadora Recta 17Cm-Kasvi",Otros parafernalia
excluida,https://astrogrowshop.cl/cookies-auto-x31-pyramid-seeds,"Cookies Auto X3+1 - Pyramid Seeds",
deberia-estar,https://astrogrowshop.cl/lupa-con-luz-led-30x-y-60x,"Lupa Con Luz Led 30X Y 60X",Otros parafernalia
excluida,https://astrogrowshop.cl/antiplaga-concentrado-4-en-1-biopest,"Antiplaga Concentrado 4 En 1 -Biopest",
excluida,https://astrogrowshop.cl/rips-strawberry-green-apple-gomitas-acidas-113-gr,"Rips Strawberry Green Apple Gomitas Acidas 113 Gr",
excluida,https://astrogrowshop.cl/galaxy-fast-x31-pyramid-seeds,"Galaxy Fast X3+1 - Pyramid Seeds",
deberia-estar,https://astrogrowshop.cl/humidificador-cultivo-75lt-kasvi,"Humidificador Cultivo 7.5Lt-Kasvi",Otros parafernalia
deberia-estar,https://astrogrowshop.cl/filtro-reemplazo-de-ionizacion-10-grow-max,"Filtro Reemplazo De-Ionizacion 10'-Grow Max",Filtros y boquillas
excluida,https://astrogrowshop.cl/alpujarrena-auto-pyramid-seeds,"Alpujarreña Auto -Pyramid Seeds (X5+2/X3+1/X1)",
deberia-estar,https://astrogrowshop.cl/xlim-cartridge-gopro-2-pack-3-unid-06-ohm-oxva,"Xlim Cartridge Go/Pro 2 (Pack 3 Unid) 0,6 Ohm-Oxva",Otros parafernalia
deberia-estar,https://astrogrowshop.cl/tutores-metalicos-recubiertos-181cmx16mm-kasvi,"Tutores Metálicos Recubiertos 181Cmx16Mm-Kasvi",Otros parafernalia
deberia-estar,https://astrogrowshop.cl/filtro-de-carbon-5-425-m3h,"Filtro De Carbon 5' 425 M3/H",Filtros y boquillas
deberia-estar,https://astrogrowshop.cl/tutores-metalicos-recubiertos-121cmx12mm-kasvi,"Tutores Metálicos Recubiertos 121Cmx12Mm-Kasvi",Otros parafernalia
deberia-estar,https://astrogrowshop.cl/tutores-metalicos-recubiertos-121cmx8mm-kasvi,"Tutores Metálicos Recubiertos 121Cmx8Mm-Kasvi",Otros parafernalia
deberia-estar,https://astrogrowshop.cl/ventilador-clip-fan-pinza-oscilante-22cm-20w-kasvi,"Ventilador Clip Fan Pinza Oscilante 22Cm 20W-Kasvi",Otros parafernalia
excluida,https://astrogrowshop.cl/strawberry-banana-gelato-xl-auto-x25-sweet-seeds,"Strawberry Banana Gelato Xl Auto -Sweet Seeds (X25/X5+2/X3+1)",
excluida,https://astrogrowshop.cl/galaxy-fem-pyramid-seeds,"Galaxy Fem -Pyramid Seeds (X5+2/X3+1/X1)",
excluida,https://astrogrowshop.cl/og-organics-tasty-terpenes-advanced-nutrients,"Og Organics Tasty Terpenes -Advanced Nutrients",
excluida,https://astrogrowshop.cl/alpujarrena-fem-pyramid-seeds,"Alpujarreña Fem -Pyramid Seeds (X5+2/X3+1/X1)",
deberia-estar,https://astrogrowshop.cl/bandeja-propagadora-72-plantas-538x279x46cm,"Bandeja Propagadora 72 Plantas 538X279X46Cm",Bandejas y ceniceros
excluida,https://astrogrowshop.cl/buddha-cookies-auto-x3,"Buddha Cookies Auto X3",
deberia-estar,https://astrogrowshop.cl/lupa-con-luz-40x,"Lupa Con Luz 40X",Otros parafernalia
deberia-estar,https://astrogrowshop.cl/malla-de-cultivo-15x45mt,"Malla De Cultivo 1.5X4.5Mt",Otros parafernalia
deberia-estar,https://astrogrowshop.cl/poleas-par-68kg-kasvi,"Poleas Par 68Kg-Kasvi",Otros parafernalia
deberia-estar,https://astrogrowshop.cl/slim-wood-6x15-mm-120-pcs-khemo-1,"Slim Wood 6X15 Mm 120 Pcs-Khemo",Otros parafernalia
excluida,https://astrogrowshop.cl/kama-sutra-nectar-divino-coco-pina-lubricante-intimo-y-gel-besable-para-un-placer-exquisito,"Kama Sutra Néctar Divino Coco Piña - Lubricante Íntimo Y Gel Besable Para Un Placer Exquisito",
deberia-estar,https://astrogrowshop.cl/lupa-con-luz-led-60x-y-100x,"Lupa Con Luz Led 60X Y 100X",Otros parafernalia
excluida,https://astrogrowshop.cl/kama-sutra-nectar-divino-frambuesa-lubricante-intimo-y-gel-besable,"Kama Sutra Néctar Divino Frambuesa - Lubricante Íntimo Y Gel Besable",
excluida,https://astrogrowshop.cl/kama-sutra-nectar-divino-frutilla-lubricante-intimo-besable,"Kama Sutra Néctar Divino Frutilla - Lubricante Íntimo Besable",
excluida,https://astrogrowshop.cl/strawberry-soda-auto-dutch-passion,"Strawberry Soda Auto -Dutch Passion X3+1",
excluida,https://astrogrowshop.cl/red-tropicana-cookies-auto-dutch-passion,"Red Tropicana Cookies Auto -Dutch Passion X3+1",
deberia-estar,https://astrogrowshop.cl/maquinas-de-trimming-automaticas-3-velocidades-kasvi,"Máquinas De Trimming Automáticas 3 Velocidades - Kasvi",Otros parafernalia
deberia-estar,https://astrogrowshop.cl/regulador-de-humedad-320g-integra-boost,"Regulador De Humedad 320G -Integra Boost",Otros parafernalia
deberia-estar,https://astrogrowshop.cl/luminous-terp-balls-4mm-green-glow-in-the-dark,"Luminous Terp Balls 4Mm Green (Glow In The Dark)",Accesorios de extraccion
deberia-estar,https://astrogrowshop.cl/luminous-terp-balls-4mm-blue-glow-in-the-dark,"Luminous Terp Balls 4Mm Blue (Glow In The Dark)",Accesorios de extraccion
deberia-estar,https://astrogrowshop.cl/pack-filtro-reemplazo-mega-1000-grow-max,"Pack Filtro Reemplazo Mega 1000-Grow Max",Filtros y boquillas
deberia-estar,https://astrogrowshop.cl/kit-filtro-des-ionizacion-10-grow-max,"Kit Filtro Des-Ionizacion 10'-Grow Max",Filtros y boquillas
no-es-ficha,https://astrogrowshop.cl/novedades-galaxy,"NOVEDADES GALAXY",Otros parafernalia
deberia-estar,https://astrogrowshop.cl/balanza-gramera-digital-profesional-300001gr-kasvi,"Balanza Gramera Digital Profesional 300/0,01Gr-Kasvi",Otros parafernalia
deberia-estar,https://astrogrowshop.cl/balanza-gramera-digital-mini-profesional-500001gr-kasvi,"Balanza Gramera Digital Mini Profesional 500/0,01Gr-Kasvi",Otros parafernalia
deberia-estar,https://astrogrowshop.cl/balanza-gramera-mini-profesional-50001gr-kasvi,"Balanza Gramera Mini Profesional 500/0,1Gr-Kasvi",Otros parafernalia
deberia-estar,https://astrogrowshop.cl/balanza-gramera-mini-profesional-20001gr-kasvi,"Balanza Gramera Mini Profesional 200/0,1Gr-Kasvi",Otros parafernalia
deberia-estar,https://astrogrowshop.cl/xlim-cartridge-gopro-2-pack-3-unid-08-ohm-oxva,"Xlim Cartridge Go/Pro 2 (Pack 3 Unid) 0,8 Ohm-Oxva",Otros parafernalia
deberia-estar,https://astrogrowshop.cl/2x1-gelato-5ml-cali-terpens,"2X1 Terpenos Cali Terpens 5 ml",Otros parafernalia
deberia-estar,https://astrogrowshop.cl/bateria-nexpod-wotofo,"Batería Nexpod -Wotofo",Otros parafernalia
deberia-estar,https://astrogrowshop.cl/bateria-stick-nexpod-wotofo,"Batería Stick Nexpod-Wotofo",Otros parafernalia
deberia-estar,https://astrogrowshop.cl/full-cartridge-pod-bateria-incluida-2ml-vacio-muha-meds,"Full Cartridge Pod Batería Incluida  2Ml (Vacio)-Muha Meds",Otros parafernalia
no-es-ficha,https://astrogrowshop.cl/veazy,"Veazy",Vaporizadores herbales
deberia-estar,https://astrogrowshop.cl/medidor-4-en-1-ph-ec-tds-y-temp-kasvi,"Medidor 4 En 1 Ph, Ec, Tds Y Temp- Kasvi",Otros parafernalia
deberia-estar,https://astrogrowshop.cl/medidor-de-ph-kasvi,"Medidor De Ph - Kasvi",Otros parafernalia
deberia-estar,https://astrogrowshop.cl/medidor-portatil-de-tds-y-ec-kasvi,"Medidor Portatil De Tds Y Ec- Kasvi",Otros parafernalia
deberia-estar,https://astrogrowshop.cl/termohigrometro-htc-2-kasvi,"Termohigrometro Htc-2- Kasvi",Otros parafernalia
deberia-estar,https://astrogrowshop.cl/medidor-digital-continuo-de-calidad-del-agua-5-en-1-kasvi,"Medidor Digital Continuo De Calidad Del Agua 5 En 1- Kasvi",Otros parafernalia
no-es-ficha,https://astrogrowshop.cl/packs-bonglab-galaxy-enigma,"Packs bonglab galaxy enigma",Otros parafernalia
no-es-ficha,https://astrogrowshop.cl/veanzygalaxy,"Veanzy&Galaxy",Otros parafernalia
deberia-estar,https://astrogrowshop.cl/tapas-de-curado-ecobee-pack-x2-bonglab,"Tapas De Curado Ecobee Pack X2-Bonglab",Otros parafernalia
deberia-estar,https://astrogrowshop.cl/tapas-de-curado-ecobee-display-10un-bonglab,"Tapas De Curado Ecobee Display 10Un-Bonglab",Otros parafernalia
excluida,https://astrogrowshop.cl/balastro-electronico-600w-kasvi,"Balastro Electronico 600W - Kasvi",
deberia-estar,https://astrogrowshop.cl/cupula-para-bandeja-propagadora-55x30cm,"Cupula Para Bandeja Propagadora 55X30Cm",Bandejas y ceniceros
deberia-estar,https://astrogrowshop.cl/deshumidificador-industrial-ld-kasvi,"Deshumidificador Industrial  L/D - Kasvi",Otros parafernalia
deberia-estar,https://astrogrowshop.cl/extractor-en-linea-kasvi,"Extractor En Linea  - Kasvi",Otros parafernalia
excluida,https://astrogrowshop.cl/ampolleta-mh-kasvi,"Ampolleta Mh  - Kasvi",
deberia-estar,https://astrogrowshop.cl/lupa-con-luz-led-30x-y-60x-1,"Lupa Con Luz Led 30X Y 60X",Otros parafernalia
deberia-estar,https://astrogrowshop.cl/cubo-de-lana-de-roca-75x75cm-kasvi,"Cubo De Lana De Roca 7,5X7,5Cm - Kasvi",Otros parafernalia
deberia-estar,https://astrogrowshop.cl/cubo-de-lana-de-roca-kasvi,"Cubo De Lana De Roca  - Kasvi",Otros parafernalia
no-es-ficha,https://astrogrowshop.cl/kasvi,"KASVI",Otros parafernalia
excluida,https://astrogrowshop.cl/bebida-coca-cola-original-591ml,"Bebida Coca Cola Original 591Ml",
deberia-estar,https://astrogrowshop.cl/mesa-de-cultivo-con-ruedas-120x120-kasvi,"Mesa De Cultivo Con Ruedas 120X120- Kasvi",Otros parafernalia
deberia-estar,https://astrogrowshop.cl/mesa-de-cultivo-con-ruedas-120x240-kasvi,"Mesa De Cultivo Con Ruedas 120X240- Kasvi",Otros parafernalia
deberia-estar,https://astrogrowshop.cl/tijera-razor-pro-recta-kasvi,"Tijera Razor Pro Recta - Kasvi",Otros parafernalia
deberia-estar,https://astrogrowshop.cl/tijera-razor-pro-curva-kasvi,"Tijera Razor Pro Curva - Kasvi",Otros parafernalia
no-es-ficha,https://astrogrowshop.cl/sopletes,"SOPLETES",Encendedores y sopletes
no-es-ficha,https://astrogrowshop.cl/moledores-y-sopletes,"MOLEDORES Y SOPLETES",Moledores
no-es-ficha,https://astrogrowshop.cl/accesorios/lupas,"LUPAS",Otros parafernalia
no-es-ficha,https://astrogrowshop.cl/accesorios/mallas-scrog,"MALLAS SCROG",Otros parafernalia
no-es-ficha,https://astrogrowshop.cl/carpas-y-bandejas/bandejas-de-cultivo,"BANDEJAS DE CULTIVO",
no-es-ficha,https://astrogrowshop.cl/carpas-y-bandejas/bandejas-propagadoras,"BANDEJAS PROPAGADORAS",
no-es-ficha,https://astrogrowshop.cl/carpas-y-bandejas/carpas,"CARPAS",
no-es-ficha,https://astrogrowshop.cl/control-de-humedad/humidificadores,"HUMIDIFICADORES",Otros parafernalia
no-es-ficha,https://astrogrowshop.cl/control-de-humedad/deshumidificadores,"DESHUMIDIFICADORES",Otros parafernalia
no-es-ficha,https://astrogrowshop.cl/control-de-olores/filtros-de-carbon,"FILTROS DE CARBON",Filtros y boquillas
no-es-ficha,https://astrogrowshop.cl/curado-y-secado/contenedores,"CONTENEDORES",Contenedores y estuches
no-es-ficha,https://astrogrowshop.cl/curado-y-secado/mallas-de-secado,"MALLAS DE SECADO",Otros parafernalia
no-es-ficha,https://astrogrowshop.cl/curado-y-secado/reguladores-de-humedad,"REGULADORES DE HUMEDAD",Otros parafernalia
no-es-ficha,https://astrogrowshop.cl/medicion-y-control/pesas-grameras,"PESAS GRAMERAS",Otros parafernalia
no-es-ficha,https://astrogrowshop.cl/cultivo-indoor/sistemas-de-riego/pipetas-y-jeringas,"PIPETAS Y JERINGAS",
no-es-ficha,https://astrogrowshop.cl/kits-enrolado/kits-clipper,"KITS CLIPPER",Encendedores y sopletes
no-es-ficha,https://astrogrowshop.cl/kits-enrolado/kits-soulblime,"KITS SOULBLIME",Otros parafernalia
no-es-ficha,https://astrogrowshop.cl/kits-parafernalia/kit-bong,"KIT BONG",Bongs
no-es-ficha,https://astrogrowshop.cl/parafernalia/accesorios/atrapa-cenizas,"ATRAPA CENIZAS",Repuestos para bongs y vaporizadores
no-es-ficha,https://astrogrowshop.cl/parafernalia/accesorios/ceniceros,"CENICEROS",Bandejas y ceniceros
no-es-ficha,https://astrogrowshop.cl/accesorios-extraccion/bangers-y-accesorios,"BANGERS Y ACCESORIOS",Accesorios de extraccion
no-es-ficha,https://astrogrowshop.cl/accesorios-extraccion/contenedores-y-almacenaje,"CONTENEDORES Y ALMACENAJE",Contenedores y estuches
no-es-ficha,https://astrogrowshop.cl/bolsos-y-estuches/bolsos-y-mochilas,"BOLSOS Y MOCHILAS",Contenedores y estuches
no-es-ficha,https://astrogrowshop.cl/bolsos-y-estuches/indumentaria-y-pines,"INDUMENTARIA Y PINES",Otros parafernalia
no-es-ficha,https://astrogrowshop.cl/bolsos-y-estuches/estuches-cases-y-billeteras,"ESTUCHES CASES Y BILLETERAS",Contenedores y estuches
no-es-ficha,https://astrogrowshop.cl/bongs/bongs-borosilicato-grandes,"BONGS BOROSILICATO GRANDES",Bongs
no-es-ficha,https://astrogrowshop.cl/bongs/bongs-borosilicato-medianos,"BONGS BOROSILICATO MEDIANOS",Bongs
no-es-ficha,https://astrogrowshop.cl/bongs/bongs-borosilicato-pequenos,"BONGS BOROSILICATO PEQUEÑOS",Bongs
no-es-ficha,https://astrogrowshop.cl/bongs/bongs-silicona,"BONGS SILICONA",Bongs
no-es-ficha,https://astrogrowshop.cl/contenedores/contenedores-metalicos,"CONTENEDORES METALICOS",Contenedores y estuches
no-es-ficha,https://astrogrowshop.cl/contenedores/frascos-de-vidrio,"FRASCOS DE VIDRIO",Otros parafernalia
no-es-ficha,https://astrogrowshop.cl/contenedores/hermeticos-control-uv,"HERMETICOS CONTROL UV",Otros parafernalia
no-es-ficha,https://astrogrowshop.cl/contenedores/hermeticos-plastico,"HERMETICOS PLASTICO",Otros parafernalia
no-es-ficha,https://astrogrowshop.cl/encendedores/accesorios-y-recargas,"ACCESORIOS Y RECARGAS",Otros parafernalia
no-es-ficha,https://astrogrowshop.cl/encendedores/antiviento,"ANTIVIENTO",Otros parafernalia
no-es-ficha,https://astrogrowshop.cl/encendedores-recargables-en-chile-clipper-a-gas-reutilizables-y-economicos-disenos-clasicos-y-de-coleccion-envio-discreto-a-todo-el-pais,"ENCENDEDORES RECARGABLES",Encendedores y sopletes
no-es-ficha,https://astrogrowshop.cl/encendedores/encendedores-zippo,"ENCENDEDORES ZIPPO",Encendedores y sopletes
no-es-ficha,https://astrogrowshop.cl/encendedores/sopletes,"SOPLETES",Encendedores y sopletes
no-es-ficha,https://astrogrowshop.cl/moledores/ceramicos-1,"CERAMICOS",Otros parafernalia
no-es-ficha,https://astrogrowshop.cl/moledores/aluminio,"ALUMINIO",Otros parafernalia
no-es-ficha,https://astrogrowshop.cl/moledores/plasticos,"PLASTICOS",Otros parafernalia
no-es-ficha,https://astrogrowshop.cl/limpieza/limpiadores,"LIMPIADORES",Limpieza
no-es-ficha,https://astrogrowshop.cl/limpieza/filtros-y-carbon,"FILTROS Y CARBON",Filtros y boquillas
no-es-ficha,https://astrogrowshop.cl/limpieza/accesorios-de-limpieza,"ACCESORIOS DE LIMPIEZA",Limpieza
no-es-ficha,https://astrogrowshop.cl/repuestos-bongs/difusores,"DIFUSORES",Repuestos para bongs y vaporizadores
no-es-ficha,https://astrogrowshop.cl/repuestos-bongs/quemadores,"QUEMADORES",Repuestos para bongs y vaporizadores
no-es-ficha,https://astrogrowshop.cl/enrolado/bandejas,"BANDEJAS",Bandejas y ceniceros
no-es-ficha,https://astrogrowshop.cl/enrolado/blunts,"BLUNTS",Conos y blunts
no-es-ficha,https://astrogrowshop.cl/enrolado/conos,"CONOS",Conos y blunts
no-es-ficha,https://astrogrowshop.cl/enrolado/filtros-y-boquillas,"FILTROS Y BOQUILLAS",Filtros y boquillas
no-es-ficha,https://astrogrowshop.cl/enrolado/papelillos,"PAPELILLOS",Papelillos
no-es-ficha,https://astrogrowshop.cl/pipas/hitters,"HITTERS",Otros parafernalia
no-es-ficha,https://astrogrowshop.cl/pipas/pipas,"PIPAS",Pipas
no-es-ficha,https://astrogrowshop.cl/airistech,"Airistech",Otros parafernalia
no-es-ficha,https://astrogrowshop.cl/puffco,"Puffco",Accesorios de extraccion
no-es-ficha,https://astrogrowshop.cl/galaxy,"Galaxy",Otros parafernalia
no-es-ficha,https://astrogrowshop.cl/dime-bags,"Dime Bags",Otros parafernalia
no-es-ficha,https://astrogrowshop.cl/oxbar,"Oxbar",Vaporizadores electronicos
no-es-ficha,https://astrogrowshop.cl/sploofy,"Sploofy",Otros parafernalia
no-es-ficha,https://astrogrowshop.cl/kits-parafernalia/kit-moledor,"KIT MOLEDOR",Moledores
no-es-ficha,https://astrogrowshop.cl/bonglab,"Bonglab",Otros parafernalia
no-es-ficha,https://astrogrowshop.cl/accesorios-vaporizadores/accesorios,"ACCESORIOS",Repuestos para bongs y vaporizadores
no-es-ficha,https://astrogrowshop.cl/accesorios-vaporizadores/adaptadores-y-conectores,"ADAPTADORES Y CONECTORES",Repuestos para bongs y vaporizadores
no-es-ficha,https://astrogrowshop.cl/accesorios-vaporizadores/cargadores-y-baterias,"CARGADORES Y BATERÍAS",Repuestos para bongs y vaporizadores
no-es-ficha,https://astrogrowshop.cl/accesorios-vaporizadores/estuches-y-fundas,"ESTUCHES Y FUNDAS",Repuestos para bongs y vaporizadores
no-es-ficha,https://astrogrowshop.cl/accesorios-vaporizadores/hot-knife,"HOT KNIFE",Repuestos para bongs y vaporizadores
no-es-ficha,https://astrogrowshop.cl/accesorios-vaporizadores/kits-de-mantenimiento,"KITS DE MANTENIMIENTO",Repuestos para bongs y vaporizadores
no-es-ficha,https://astrogrowshop.cl/accesorios-vaporizadores/piezas-de-repuesto,"PIEZAS DE REPUESTO",Repuestos para bongs y vaporizadores
no-es-ficha,https://astrogrowshop.cl/consumibles/terpenos,"TERPENOS",Otros parafernalia
no-es-ficha,https://astrogrowshop.cl/vaporizadores/desechables,"DESECHABLES",Otros parafernalia
no-es-ficha,https://astrogrowshop.cl/vaporizadores/para-cartridge,"PARA CARTRIDGE",Otros parafernalia
no-es-ficha,https://astrogrowshop.cl/vaporizadores/no-desechables,"NO DESECHABLES",Otros parafernalia
no-es-ficha,https://astrogrowshop.cl/vaporizadores/no-desechables/baterias-510,"BATERÍAS 510",Vaporizadores herbales
no-es-ficha,https://astrogrowshop.cl/vaporizadores/no-desechables/sistemas-abiertos,"SISTEMAS ABIERTOS",Vaporizadores herbales
no-es-ficha,https://astrogrowshop.cl/vaporizadores/no-desechables/sistemas-pod,"SISTEMAS POD",Vaporizadores herbales
no-es-ficha,https://astrogrowshop.cl/extractos/tipo-pen,"TIPO PEN",Filtros y boquillas
no-es-ficha,https://astrogrowshop.cl/bong-para-hierba-o-para-extraccion,"¿Bong para hierba o para extracción? Diferencias entre bong y rig",Bongs
no-es-ficha,https://astrogrowshop.cl/ozeta,"OZETA",Otros parafernalia
no-es-ficha,https://astrogrowshop.cl/top-smoke,"TOP SMOKE",Otros parafernalia
no-es-ficha,https://astrogrowshop.cl/dynavap,"DYNAVAP",Vaporizadores herbales
no-es-ficha,https://astrogrowshop.cl/storz-bickel,"STORZ & BICKEL",Vaporizadores herbales
no-es-ficha,https://astrogrowshop.cl/weecke,"WEECKE",Otros parafernalia
no-es-ficha,https://astrogrowshop.cl/davinci,"DAVINCI",Vaporizadores herbales
deberia-estar,https://astrogrowshop.cl/prensa-hidraulica-6t-heoneypress,"Prensa Hidraulica Negro 6T-Honeypress",Otros parafernalia
deberia-estar,https://astrogrowshop.cl/prensa-hidraulica-amarillo-6t-honeypress,"Prensa Hidraulica Amarillo 6T-Honeypress",Otros parafernalia
deberia-estar,https://astrogrowshop.cl/prensa-hidraulica-azul-6t-honeypress,"Prensa Hidraulica Azul 6T-Honeypress",Otros parafernalia
no-es-ficha,https://astrogrowshop.cl/todo-lo-que-debes-saber-para-seleccionar-un-bong,"Todo lo que debes saber para seleccionar un bong",Bongs
no-es-ficha,https://astrogrowshop.cl/el-abc-de-los-accesorios-de-bong,"El ABC de los accesorios de bong",Bongs
no-es-ficha,https://astrogrowshop.cl/workshop-todo-sobre-vaporizadores-de-hierba,"Vaporizadores de hierba: cómo elegir, temperaturas y beneficios",Vaporizadores herbales
no-es-ficha,https://astrogrowshop.cl/como-controlar-la-temperatura-y-humedad-en-el-indoor,"Cómo controlar la temperatura y humedad en el indoor",
excluida,https://astrogrowshop.cl/colorado-cookies-auto-dutch-passion,"Colorado Cookies Auto -Dutch Passion X3+1",
no-es-ficha,https://astrogrowshop.cl/bong-de-vidrio-o-silicona-que-es-mejor,"Bong de vidrio o silicona, ¿qué es mejor?",Bongs
no-es-ficha,https://astrogrowshop.cl/5-tips-para-fumar-marihuana-de-forma-mas-saludable,"5 tips para fumar marihuana de forma más saludable",Accesorios de extraccion
no-es-ficha,https://astrogrowshop.cl/7-tips-para-el-consumo-responsable-de-marihuana,"7 tips para el consumo responsable de marihuana",Filtros y boquillas
no-es-ficha,https://astrogrowshop.cl/en-gustos-no-hay-nada-escrito-tu-vaporizador-ideal,"En gustos no hay nada escrito: tu vaporizador ideal",Vaporizadores herbales
no-es-ficha,https://astrogrowshop.cl/las-brigidas-tipos-de-marihuana-a-prueba-de-plagas,"Las brígidas: tipos de marihuana a prueba de plagas",
deberia-estar,https://astrogrowshop.cl/nectar-collector-full-kit,"Nectar Collector Full Kit",Accesorios de extraccion
no-es-ficha,https://astrogrowshop.cl/guia-para-elegir-tu-primer-bong,"Guía para elegir tu primer bong",Bongs
no-es-ficha,https://astrogrowshop.cl/10-formas-sorprendentes-de-fumar-cannabis-sin-pipas-ni-bongs,"10 Formas Sorprendentes de Fumar Cannabis sin Pipas ni Bongs. ???",Bongs
no-es-ficha,https://astrogrowshop.cl/moler-marihuana-sin-moledor-10-alternativas-creativas-para-tus-cogollos,"Moler marihuana sin moledor: 10 alternativas creativas para tus cogollos.",Moledores
no-es-ficha,https://astrogrowshop.cl/cuidado-con-las-fiscalizaciones-consejos-y-tips,"¡Cuidado con las fiscalizaciones! Consejos y tips ???",Filtros y boquillas
no-es-ficha,https://astrogrowshop.cl/el-arte-de-triturar-la-guia-definitiva-para-escoger-el-moledor-perfecto,"El arte de triturar: La guía definitiva para escoger el moledor perfecto",Moledores
no-es-ficha,https://astrogrowshop.cl/reinvencion-del-bong-explora-nuevas-alternativas-con-sabor,"Reinvención del Bong: Explora nuevas alternativas con sabor.",Bongs
no-es-ficha,https://astrogrowshop.cl/los-mejores-vaporizadores-de-hierba-para-uso-medicinal,"Los Mejores Vaporizadores de Hierba para uso medicinal.",Vaporizadores herbales
no-es-ficha,https://astrogrowshop.cl/se-filtra-el-thc-en-el-agua-del-bong,"¿Se Filtra El THC En El Agua Del Bong?",Bongs
no-es-ficha,https://astrogrowshop.cl/vaporizador-o-tabaco-una-comparacion-de-sus-efectos-para-la-salud,"¿Vaporizador o Tabaco?: Una comparación de sus efectos para la salud",
no-es-ficha,https://astrogrowshop.cl/vaporizador-de-esencia-disfruta-de-una-experiencia-aromatica-unica,"Vaporizador de esencia: disfruta de una experiencia aromática única",Vaporizadores herbales
no-es-ficha,https://astrogrowshop.cl/como-se-usa-un-bong,"Cómo Se Usa Un Bong",Bongs
no-es-ficha,https://astrogrowshop.cl/con-que-frecuencia-se-debe-cambiar-el-agua-del-bong,"¿Con Qué Frecuencia Se Debe Cambiar El Agua Del Bong?",Bongs
no-es-ficha,https://astrogrowshop.cl/nectar-collector,"NECTAR COLLECTOR",Accesorios de extraccion
no-es-ficha,https://astrogrowshop.cl/vaporizador-de-esencia-disfruta-de-una-experiencia-aromatica-unica-1,"Vaporizador de esencia: disfruta de una experiencia aromática única",Vaporizadores herbales
no-es-ficha,https://astrogrowshop.cl/las-mejores-macetas-para-decorar-tu-hogar-y-jardin,"Las mejores macetas para decorar tu hogar y jardín",
no-es-ficha,https://astrogrowshop.cl/bong-en-chile-guia-completa-de-variedades-y-marcas,"Bong en Chile: Guia completa de variedades y marcas",Bongs
no-es-ficha,https://astrogrowshop.cl/encendedor-el-accesorio-imprescindible-para-todo-fumador-y-amante-de-las-aventuras-al-aire-libre,"Encendedor: El accesorio imprescindible para todo fumador y amante de las aventuras al aire libre",Encendedores y sopletes
no-es-ficha,https://astrogrowshop.cl/abrazaderas-la-solucion-definitiva-para-conectar-tubos-y-ductos,"Abrazaderas: La solución definitiva para conectar tubos y ductos",Otros parafernalia
no-es-ficha,https://astrogrowshop.cl/descubre-los-mejores-vaporizadores-electronicos-guia-completa-de-compra,"Descubre los mejores vaporizadores electrónicos: guía completa de compra",Vaporizadores herbales
no-es-ficha,https://astrogrowshop.cl/moledores-todo-lo-que-tienes-que-saber-para-moler-tu-cannabis,"Moledores: Todo lo que tienes que saber para moler tu cannabis",Moledores
no-es-ficha,https://astrogrowshop.cl/gravity-bong-como-como-disfrutar-al-maximo-tu-stundenglass,"Gravity Bong: Cómo Cómo disfrutar al máximo tu Stundenglass",Bongs
no-es-ficha,https://astrogrowshop.cl/bongs-atrapa-hielo-una-opcion-para-enfriar-el-humo-de-tu-hierba,"Bongs atrapa hielo: una opción para enfriar el humo de tu hierba",Bongs
no-es-ficha,https://astrogrowshop.cl/quemadores-para-bong-descubre-cual-es-el-adecuado-segun-aplicacion,"Quemadores para Bong: Descubre cuál es el adecuado según aplicación",Repuestos para bongs y vaporizadores
no-es-ficha,https://astrogrowshop.cl/como-dimensionar-el-filtro-de-carbon-para-tu-espacio-de-cultivo,"Como dimensionar el Filtro de Carbón para tu espacio de cultivo",Filtros y boquillas
no-es-ficha,https://astrogrowshop.cl/encendedor-clipper-encuentra-el-mejor-encendedor-clipper,"Encendedor Clipper: encuentra el mejor encendedor clipper",Encendedores y sopletes
no-es-ficha,https://astrogrowshop.cl/blunt-descubre-todo-sobre-este-tipo-de-cigarro-y-como-disfrutarlo-al-maximo,"Blunt: Descubre todo sobre este tipo de cigarro y cómo disfrutarlo al máximo",Filtros y boquillas
no-es-ficha,https://astrogrowshop.cl/todo-lo-que-necesitas-saber-sobre-el-gas-butano-usos-beneficios-y-precauciones,"Todo lo que necesitas saber sobre el gas butano: usos beneficios y precauciones",Encendedores y sopletes
no-es-ficha,https://astrogrowshop.cl/las-partes-de-una-planta-de-cannabis-conoce-su-estructura-y-funciones,"Las partes de una planta de cannabis: conoce su estructura y funciones",Conos y blunts
no-es-ficha,https://astrogrowshop.cl/el-arte-de-enrolar-una-mirada-a-los-mejores-papelillos-para-cannabis,"El Arte de Enrolar: Una Mirada a los Mejores Papelillos para Cannabis.",Papelillos
no-es-ficha,https://astrogrowshop.cl/ley-20000-conoce-las-actualizaciones-sobre-esta-normativa,"Ley 20.000: Conoce las actualizaciones sobre esta normativa",Conos y blunts
no-es-ficha,https://astrogrowshop.cl/descubre-todo-sobre-el-kief-origen-usos-y-beneficios-guia-completa,"Descubre todo sobre el kief: origen usos y beneficios - Guía completa",Otros parafernalia
no-es-ficha,https://astrogrowshop.cl/que-es-un-banger-y-como-usarlo-para-tus-extracciones,"¿Qué es un Banger y como usarlo para tus extracciones?",Accesorios de extraccion
no-es-ficha,https://astrogrowshop.cl/prensa-rosin-la-mejor-opcion-para-obtener-extracciones-de-calidad-con-tecnologia-de-punta,"Prensa Rosin: La mejor opción para obtener extracciones de calidad con tecnología de punta",Accesorios de extraccion
no-es-ficha,https://astrogrowshop.cl/moledor-de-ceramica-el-mejor-aliado-para-moler-sin-adherencia,"Moledor de cerámica: el mejor aliado para moler sin adherencia",Moledores
no-es-ficha,https://astrogrowshop.cl/encendedor-soplete-el-mejor-aliado-para-encender-tus-extracciones,"Encendedor soplete: el mejor aliado para encender tus extracciones",Encendedores y sopletes
no-es-ficha,https://astrogrowshop.cl/filtro-de-osmosis-inversa-purifica-el-agua-de-forma-eficiente-y-saludable,"Filtro de ósmosis inversa: purifica el agua de forma eficiente y saludable",Accesorios de extraccion
no-es-ficha,https://astrogrowshop.cl/encuentra-la-mejor-opcion-de-gas-para-recargar-tu-encendedor,"Encuentra la mejor opción de gas para recargar tu encendedor",Encendedores y sopletes
no-es-ficha,https://astrogrowshop.cl/soulblime-el-arte-de-ser-diferente,"Soulblime el arte de ser diferente.",Otros parafernalia
no-es-ficha,https://astrogrowshop.cl/bongs-de-glicerina-el-truco-helado-para-la-perfecta-experiencia-cannabica,"Bongs de Glicerina: ¿El Truco Helado para la Perfecta Experiencia Cannábica?",Bongs
no-es-ficha,https://astrogrowshop.cl/como-reconocer-el-cannabis-de-mejor-calidad,"Cómo Reconocer el Cannabis de mejor calidad.",Conos y blunts
no-es-ficha,https://astrogrowshop.cl/los-imperdibles-del-black-friday-top-10-productos-fumones-que-no-puedes-dejar-pasar,"Los Imperdibles del Black Friday: Top 10 Productos fumones que No Puedes Dejar Pasar",Contenedores y estuches
no-es-ficha,https://astrogrowshop.cl/como-limpiar-tu-vaporizador-para-una-experiencia-optima,"Cómo Limpiar Tu Vaporizador para una Experiencia Óptima",Vaporizadores herbales
no-es-ficha,https://astrogrowshop.cl/como-limpiar-tu-moledor-de-cannabis-metodos-efectivos-y-sencillos,"Cómo limpiar tu Moledor de Cannabis: Métodos Efectivos y Sencillos",Moledores
no-es-ficha,https://astrogrowshop.cl/terpenos-del-cannabis-un-mundo-de-aromas-y-efectos,"Terpenos del Cannabis: Un Mundo de Aromas y Efectos",Otros parafernalia
no-es-ficha,https://astrogrowshop.cl/los-multiples-rostros-de-la-marihuana-un-viaje-por-sus-efectos,"Los Múltiples Rostros de la Marihuana: Un Viaje por sus Efectos",Filtros y boquillas
no-es-ficha,https://astrogrowshop.cl/top-10-de-bongs-para-este-verano,"Top 10 de bongs para este verano",Bongs
no-es-ficha,https://astrogrowshop.cl/como-limpiar-tu-bong-de-vidrio-el-arte-de-mantenerlo-impecable,"Cómo Limpiar Tu Bong de vidrio: El Arte de Mantenerlo Impecable",Limpieza
no-es-ficha,https://astrogrowshop.cl/fenotrigo-descifrando-este-fenomeno-en-tu-cultivo-de-marihuana,"Fenotrigo: Descifrando este Fenómeno en tu Cultivo de Marihuana",Otros parafernalia
no-es-ficha,https://astrogrowshop.cl/acidos-humicos-su-poder-oculto-para-tu-jardin-cannabico,"Ácidos Húmicos: Su Poder Oculto para tu Jardín Cannábico",Contenedores y estuches
no-es-ficha,https://astrogrowshop.cl/cultivar-cannabis-en-exterior-consejos-para-mantener-tu-jardin-discreto-y-seguro,"Cultivar Cannabis en Exterior: Consejos para Mantener tu Jardín Discreto y Seguro",Contenedores y estuches
no-es-ficha,https://astrogrowshop.cl/los-terpenos-del-cannabis-una-revolucion-sensorial-y-terapeutica,"Los terpenos del cannabis: una revolución sensorial y terapéutica",Otros parafernalia
no-es-ficha,https://astrogrowshop.cl/con-ganas-de-un-blunt-explora-los-nuevos-sabores-de-soulblime,"¿Con ganas de un Blunt? Explora los Nuevos Sabores de Soulblime",Conos y blunts
no-es-ficha,https://astrogrowshop.cl/desmitificando-los-vaporizadores-desechables-realmente-daninos-y-de-poca-durabilidad,"Desmitificando los Vaporizadores Desechables: ¿Realmente Dañinos y de Poca Durabilidad?",Otros parafernalia
no-es-ficha,https://astrogrowshop.cl/blazy-susan,"BLAZY SUSAN",Otros parafernalia
no-es-ficha,https://astrogrowshop.cl/ryot,"RYOT",Otros parafernalia
no-es-ficha,https://astrogrowshop.cl/zippo,"ZIPPO",Encendedores y sopletes
no-es-ficha,https://astrogrowshop.cl/santa-cruz,"SANTA CRUZ",Otros parafernalia
no-es-ficha,https://astrogrowshop.cl/da-vinci,"DA VINCI",Otros parafernalia
no-es-ficha,https://astrogrowshop.cl/calvo-glass,"CALVO GLASS",Otros parafernalia
no-es-ficha,https://astrogrowshop.cl/vibes,"VIBES",Otros parafernalia
no-es-ficha,https://astrogrowshop.cl/nasty-juice,"NASTY JUICE",Otros parafernalia
no-es-ficha,https://astrogrowshop.cl/soulblime,"SOULBLIME",Otros parafernalia
no-es-ficha,https://astrogrowshop.cl/raw,"RAW",Otros parafernalia
no-es-ficha,https://astrogrowshop.cl/clipper,"CLIPPER",Encendedores y sopletes
no-es-ficha,https://astrogrowshop.cl/oxva,"OXVA",Otros parafernalia
no-es-ficha,https://astrogrowshop.cl/be-terp,"BE TERP",Otros parafernalia
no-es-ficha,https://astrogrowshop.cl/smoking,"SMOKING",Otros parafernalia
no-es-ficha,https://astrogrowshop.cl/american-helix,"AMERICAN HELIX",Otros parafernalia
no-es-ficha,https://astrogrowshop.cl/cali-terpenes,"CALI TERPENES",Otros parafernalia
no-es-ficha,https://astrogrowshop.cl/grav-labs,"GRAV LABS",Otros parafernalia
no-es-ficha,https://astrogrowshop.cl/ignite,"IGNITE",Otros parafernalia
no-es-ficha,https://astrogrowshop.cl/blunt-wrap,"BLUNT WRAP",Conos y blunts
no-es-ficha,https://astrogrowshop.cl/lion-rolling-circus,"LION ROLLING CIRCUS",Otros parafernalia
no-es-ficha,https://astrogrowshop.cl/slx,"SLX",Otros parafernalia
no-es-ficha,https://astrogrowshop.cl/stundenglass,"STÜNDENGLASS",Otros parafernalia
no-es-ficha,https://astrogrowshop.cl/re-stash,"RE: STASH",Contenedores y estuches
no-es-ficha,https://astrogrowshop.cl/pmg,"PMG",Otros parafernalia
no-es-ficha,https://astrogrowshop.cl/bulldog,"BULLDOG",Otros parafernalia
no-es-ficha,https://astrogrowshop.cl/pulsar,"PULSAR",Otros parafernalia
no-es-ficha,https://astrogrowshop.cl/kush-hemp,"KUSH HEMP",Otros parafernalia
no-es-ficha,https://astrogrowshop.cl/ocb,"OCB",Otros parafernalia
no-es-ficha,https://astrogrowshop.cl/aku,"AKU",Otros parafernalia
no-es-ficha,https://astrogrowshop.cl/octave,"OCTAVE",Otros parafernalia
no-es-ficha,https://astrogrowshop.cl/strabe-glass,"STRABE GLASS",Otros parafernalia
no-es-ficha,https://astrogrowshop.cl/terps-usa,"TERPS USA",Otros parafernalia
no-es-ficha,https://astrogrowshop.cl/cookies,"COOKIES",Otros parafernalia
no-es-ficha,https://astrogrowshop.cl/cabo,"CABO",Otros parafernalia
no-es-ficha,https://astrogrowshop.cl/life-pod,"LIFE POD",Otros parafernalia
no-es-ficha,https://astrogrowshop.cl/hightrip,"HIGHTRIP",Otros parafernalia
no-es-ficha,https://astrogrowshop.cl/packs-bongs,"PACKS BONGLAB",Otros parafernalia
no-es-ficha,https://astrogrowshop.cl/fume,"FUME",Otros parafernalia
no-es-ficha,https://astrogrowshop.cl/hemper,"HEMPER",Otros parafernalia
no-es-ficha,https://astrogrowshop.cl/pesas,"PESAS",Otros parafernalia
no-es-ficha,https://astrogrowshop.cl/madtips,"MADTIPS",Filtros y boquillas
no-es-ficha,https://astrogrowshop.cl/zengaz,"ZENGAZ",Otros parafernalia
no-es-ficha,https://astrogrowshop.cl/c-thru,"C-THRU",Otros parafernalia
no-es-ficha,https://astrogrowshop.cl/khemo,"KHEMO",Otros parafernalia
no-es-ficha,https://astrogrowshop.cl/focus-v,"FOCUS V",Otros parafernalia
no-es-ficha,https://astrogrowshop.cl/smokers-choice,"SMOKERS CHOICE",Otros parafernalia
no-es-ficha,https://astrogrowshop.cl/yocan,"YOCAN",Accesorios de extraccion
no-es-ficha,https://astrogrowshop.cl/g-pen,"G PEN",Otros parafernalia
no-es-ficha,https://astrogrowshop.cl/dark-horse,"DARK HORSE",Otros parafernalia
no-es-ficha,https://astrogrowshop.cl/nectar-divino,"NECTAR DIVINO",Otros parafernalia
no-es-ficha,https://astrogrowshop.cl/promo-davinci,"promo-davinci",Vaporizadores herbales
deberia-estar,https://astrogrowshop.cl/6-bandejas-de-150-alveolos-cu-con-lana-de-roca,"6 BANDEJAS DE 150 ALVEOLOS C/U CON LANA DE ROCA",Bandejas y ceniceros
deberia-estar,https://astrogrowshop.cl/nectar-collector-silicona-colores-variados,"NECTAR COLLECTOR SILICONA COLORES VARIADOS",Accesorios de extraccion
deberia-estar,https://astrogrowshop.cl/lupa-pocket-led-pro-30x-60x,"LUPA POCKET LED PRO 30X-60X",Otros parafernalia
excluida,https://astrogrowshop.cl/chocolate-mr-beast-feastables-cookies-cream-60g,"Chocolate Mr Beast Feastables Cookies & Cream 60G",
excluida,https://astrogrowshop.cl/fertilizante-og-organics-tasty-terpenes-250mlt-advanced-nutrients,"Fertilizante OG ORGANICS TASTY TERPENES 250MLT- Advanced nutrients",
excluida,https://astrogrowshop.cl/fertilizante-tasty-terpenes-500mlt-advanced-nutrients,"Fertilizante TASTY TERPENES 500MLT- Advanced nutrients",
deberia-estar,https://astrogrowshop.cl/star-player-double-cookies-fem-x2-bsf,"STAR PLAYER DOUBLE COOKIES FEM X2-BSF",Otros parafernalia
excluida,https://astrogrowshop.cl/cookies-usa-fem-x31-pyramid-seeds,"COOKIES USA FEM X3+1-PYRAMID SEEDS",
excluida,https://astrogrowshop.cl/cookies-usa-fem-x31-pyramid-seeds-1,"COOKIES USA FEM X3+1-PYRAMID SEEDS",
excluida,https://astrogrowshop.cl/royal-cookies-usa-premium-auto-x3-royal-queen,"ROYAL COOKIES USA PREMIUM AUTO X3-ROYAL QUEEN",
excluida,https://astrogrowshop.cl/cookies-and-cream-fem-x3-seedstockers,"COOKIES AND CREAM  FEM X3-SEEDSTOCKERS",
excluida,https://astrogrowshop.cl/colorado-cookies-auto-x3-dutch-passion,"Colorado Cookies Auto X3 -Dutch Passion",
excluida,https://astrogrowshop.cl/strawberry-soda-auto-dutch-passion-x3,"Strawberry Soda Auto -Dutch Passion X3",
excluida,https://astrogrowshop.cl/strawberry-cough-fem-dutch-passion-x3,"Strawberry Cough Fem -Dutch Passion X3",
excluida,https://astrogrowshop.cl/red-tropicana-cookies-auto-dutch-passion-x3,"Red Tropicana Cookies Auto -Dutch Passion X3",
deberia-estar,https://astrogrowshop.cl/ducto-aluminio-100mm-10m-kasvi,"DUCTO ALUMINIO 100MM 10M - KASVI",Otros parafernalia
deberia-estar,https://astrogrowshop.cl/ducto-aluminio-100mm-3m-kasvi,"DUCTO ALUMINIO 100MM 3M - KASVI",Otros parafernalia
deberia-estar,https://astrogrowshop.cl/ducto-aluminio-100mm-5m-kasvi,"DUCTO ALUMINIO 100MM 5M - KASVI",Otros parafernalia
deberia-estar,https://astrogrowshop.cl/ducto-aluminio-125mm-10m-kasvi,"DUCTO ALUMINIO 125MM 10M - KASVI",Otros parafernalia
deberia-estar,https://astrogrowshop.cl/ducto-aluminio-125mm-5m-kasvi,"DUCTO ALUMINIO 125MM 5M - KASVI",Otros parafernalia
deberia-estar,https://astrogrowshop.cl/ducto-aluminio-125mm-3m-kasvi,"DUCTO ALUMINIO 125MM 3M - KASVI",Otros parafernalia
deberia-estar,https://astrogrowshop.cl/ducto-aluminio-150mm-3m-kasvi,"DUCTO ALUMINIO 150MM 3M - KASVI",Otros parafernalia
deberia-estar,https://astrogrowshop.cl/ducto-aluminio-150mm-5m-kasvi,"DUCTO ALUMINIO 150MM 5M - KASVI",Otros parafernalia
deberia-estar,https://astrogrowshop.cl/ducto-aluminio-150mm-10m-kasvi,"DUCTO ALUMINIO 150MM 10M - KASVI",Otros parafernalia
deberia-estar,https://astrogrowshop.cl/ducto-aluminio-200mm-3m-kasvi,"DUCTO ALUMINIO 200MM 3M - KASVI",Otros parafernalia
deberia-estar,https://astrogrowshop.cl/ducto-aluminio-200mm-5m-kasvi,"DUCTO ALUMINIO 200MM 5M - KASVI",Otros parafernalia
deberia-estar,https://astrogrowshop.cl/ducto-aluminio-200mm-10m-kasvi,"DUCTO ALUMINIO 200MM 10M - KASVI",Otros parafernalia
deberia-estar,https://astrogrowshop.cl/ducto-aluminio-250mm-3m-kasvi,"DUCTO ALUMINIO 250MM 3M - KASVI",Otros parafernalia
deberia-estar,https://astrogrowshop.cl/ducto-aluminio-250mm-5m-kasvi,"DUCTO ALUMINIO 250MM 5M - KASVI",Otros parafernalia
deberia-estar,https://astrogrowshop.cl/ducto-aluminio-250mm-10m-kasvi,"DUCTO ALUMINIO 250MM 10M - KASVI",Otros parafernalia
deberia-estar,https://astrogrowshop.cl/ducto-aluminio-315mm-10m-kasvi,"DUCTO ALUMINIO 315MM 10M - KASVI",Otros parafernalia
deberia-estar,https://astrogrowshop.cl/ducto-aluminio-315mm-3m-kasvi,"DUCTO ALUMINIO 315MM 3M - KASVI",Otros parafernalia
deberia-estar,https://astrogrowshop.cl/ducto-aluminio-315mm-5m-kasvi,"DUCTO ALUMINIO 315MM 5M - KASVI",Otros parafernalia
deberia-estar,https://astrogrowshop.cl/extractor-tt-315mm-2900m3h-con-cable-kasvi,"EXTRACTOR TT 315MM 2900M3/H CON CABLE-KASVI",Otros parafernalia
excluida,https://astrogrowshop.cl/maceta-air-black-kasvi,"MACETA AIR BLACK -KASVI",
excluida,https://astrogrowshop.cl/carpa-cropbox-150x150x200-kasvi,"CARPA CROPBOX 150X150X200-KASVI",
excluida,https://astrogrowshop.cl/carpa-cropbox-60x60x160-kasvi,"CARPA CROPBOX 60X60X160-KASVI",
excluida,https://astrogrowshop.cl/carpa-cropbox-80x80x160-kasvi,"CARPA CROPBOX 80X80X160-KASVI",
excluida,https://astrogrowshop.cl/double-cookies-sp-auto-x12-bsf,"DOUBLE COOKIES SP AUTO X12 - BSF",
deberia-estar,https://astrogrowshop.cl/double-cookies-sp-auto-x7-bsf,"DOUBLE COOKIES SP AUTO X7 - BSF",Otros parafernalia
deberia-estar,https://astrogrowshop.cl/double-cookies-sp-cookies-fem-x7-bsf,"DOUBLE COOKIES SP COOKIES FEM X7 - BSF",Otros parafernalia
deberia-estar,https://astrogrowshop.cl/double-cookies-sp-cookies-fem-x12-bsf,"DOUBLE COOKIES SP COOKIES FEM X12 - BSF",Otros parafernalia
excluida,https://astrogrowshop.cl/girl-scout-cookies-fem-x3-spanish-passion-seeds,"GIRL SCOUT COOKIES FEM X3 - SPANISH PASSION SEEDS",
excluida,https://astrogrowshop.cl/royal-cookies-auto-x3-royal-queen-seeds,"ROYAL COOKIES AUTO X3-ROYAL QUEEN SEEDS",
excluida,https://astrogrowshop.cl/royal-cookies-auto-x10-royal-queen-seeds,"ROYAL COOKIES AUTO X10-ROYAL QUEEN SEEDS",
excluida,https://astrogrowshop.cl/kit-autocultivo-240w-completo-para-carpa-80x80-led-new-quantum-lite-240w-4-macetas-kasvi-11l-light-mix-50l-fertilizantes-y-semillas-listo-para-cultivar-desde-el-primer-dia-envio-chile,"Astro Kit Cultivo Indoor 240W Medio",
excluida,https://astrogrowshop.cl/maceta-air-28-lt-100x40-kasvi,"MACETA AIR 28 LT (100X40) -KASVI",
excluida,https://astrogrowshop.cl/maceta-air-50-lt-130x45-kasvi,"MACETA AIR 50 LT (130X45) -KASVI",
no-es-ficha,https://astrogrowshop.cl/vaporizadores/no-desechables/pods-recargables-y-accesorios,"Pods Recargables y Accesorios",Vaporizadores herbales
no-es-ficha,https://astrogrowshop.cl/vaporizadores/vapes,"VAPES",Vaporizadores herbales
deberia-estar,https://astrogrowshop.cl/fume-pro-sabor-a-eleccion-30000-puff-45-45mg,"Fume Pro (Sabor a elección) 30.000 Puff 4.5% / 45Mg",Otros parafernalia
no-es-ficha,https://astrogrowshop.cl/que-es-un-bong-y-como-elegir-el-mejor-en-chile-guia-2026,"Qué es un bong y cómo elegir el mejor en Chile — Guía 2026",Bongs
deberia-estar,https://astrogrowshop.cl/gel-piernas-cansadas-y-pesadas-venecann-q10-varicann-70g-annabis,"Gel piernas cansadas y pesadas Venecann Q10 (Varicann) 70g- Annabis",Otros parafernalia
no-es-ficha,https://astrogrowshop.cl/grinder-como-elegir-el-mejor-moledor-de-hierba-en-chile-guia-2026,"Grinder: cómo elegir el mejor moledor de hierba en Chile (guía 2026)",Moledores
no-es-ficha,https://astrogrowshop.cl/vaporizador-de-hierba-seca-guia-2026-para-elegir-el-mejor-en-chile,"Vaporizador de Hierba Seca: Guía 2026 para Elegir el Mejor en Chile",Vaporizadores herbales
no-es-ficha,https://astrogrowshop.cl/dynavap-guia-para-elegir-tu-vaporizador-manual-en-chile-2026,"DynaVap: guía para elegir tu vaporizador manual en Chile (2026)",Vaporizadores herbales
no-es-ficha,https://astrogrowshop.cl/vaporizadores/desechables/hasta-10000-puffs,"Hasta 10.000 Puffs",Otros parafernalia
no-es-ficha,https://astrogrowshop.cl/vaporizadores/desechables/10000-a-25000-puffs,"10.000 a 25.000 Puffs",Otros parafernalia
no-es-ficha,https://astrogrowshop.cl/vaporizadores/desechables/mas-de-25000-puffs,"Más de 25.000 Puffs",Otros parafernalia
excluida,https://astrogrowshop.cl/maceta-textil-negra-kasvi-tela-transpirable-4-a-95-l,"Maceta Textil Negra Kasvi – Tela Transpirable (4 a 95 L)",
no-es-ficha,https://astrogrowshop.cl/bong-de-vidrio-como-elegir-el-mejor-en-chile-2026,"Bong de Vidrio: Cómo Elegir el Mejor en Chile (2026)",Bongs
no-es-ficha,https://astrogrowshop.cl/puffco-guia-para-elegir-tu-vaporizador-de-concentrados-chile-2026,"Puffco: guia para elegir tu vaporizador de concentrados (Chile 2026)",Accesorios de extraccion
deberia-estar,https://astrogrowshop.cl/bateria-510-brass-knuckle-con-pantalla-recargable-usb-c-rojo-negro-blanco-celeste-verde,"Batería 510 Brass Knuckle con Pantalla, Recargable USB-C (Rojo, Negro, Blanco, Celeste, Verde)",Accesorios de extraccion
deberia-estar,https://astrogrowshop.cl/bateria-510-brass-knuckle-recargable-carga-usb-c-con-cable-rojo-negro-blanco-celeste-verde,"Batería 510 Brass Knuckle Recargable, Carga USB-C con Cable (Rojo, Negro, Blanco, Celeste, Verde)",Accesorios de extraccion
deberia-estar,https://astrogrowshop.cl/nectar-collector-de-vidrio-con-punta-de-titanio-9-cm-rosado,"Nectar Collector de Vidrio con Punta de Titanio 9 cm – Rosado",Accesorios de extraccion
deberia-estar,https://astrogrowshop.cl/nectar-collector-vidrio-con-punta-de-titanio-9-cm-morado,"Nectar Collector Vidrio con Punta de Titanio 9 cm – Morado",Accesorios de extraccion
no-es-ficha,https://astrogrowshop.cl/terpenos-que-son-y-como-conservar-el-aroma-de-tu-cosecha,"Terpenos: qué son y cómo conservar el aroma de tu cosecha",Otros parafernalia
deberia-estar,https://astrogrowshop.cl/bulldog-papelillos-eco-hemp-canamo-organico-114,"BULLDOG PAPELILLOS ECO HEMP CAÑAMO ORGANICO 1/14",Papelillos
deberia-estar,https://astrogrowshop.cl/contenedora-tapa-desmontable-colores-variados-soulblime,"CONTENEDORA TAPA DESMONTABLE (COLORES VARIADOS) - SOULBLIME",Contenedores y estuches
deberia-estar,https://astrogrowshop.cl/vaporizador-dynavap-kit-g3-black-black,"Vaporizador DynaVap Kit G3 Black- Black",Vaporizadores herbales
deberia-estar,https://astrogrowshop.cl/new-peak-pro-plasma-3dxl-chamber-puffco,"New Peak Pro Plasma + 3Dxl Chamber - Puffco",Accesorios de extraccion
deberia-estar,https://astrogrowshop.cl/new-hot-knife-plasma-puffco,"New Hot Knife Plasma - Puffco",Accesorios de extraccion
deberia-estar,https://astrogrowshop.cl/new-peak-pro-3dxl-plasma-chamber-puffco,"New Peak Pro 3Dxl Plasma Chamber - Puffco",Accesorios de extraccion
deberia-estar,https://astrogrowshop.cl/boquilla-swivel-para-carta-2-carta-sport-y-aeris-focus-v,"Boquilla SWIVEL para Carta 2, Carta Sport y AERIS - Focus V",Repuestos para bongs y vaporizadores
deberia-estar,https://astrogrowshop.cl/burbujeador-de-agua-aeris-bubbler-focus-v,"Burbujeador de Agua AERIS (Bubbler) - Focus V",Bongs
deberia-estar,https://astrogrowshop.cl/kit-de-silicona-y-swivel-para-carta-2-y-carta-sport-focus-v,"Kit de Silicona y SWIVEL para Carta 2 y Carta Sport - Focus V",Otros parafernalia
no-es-ficha,https://astrogrowshop.cl/zydot-y-detox-como-elegir-un-limpiador-de-toxinas-chile-2026,"Zydot y Detox: Cómo Elegir un Limpiador de Toxinas (Chile 2026)",
deberia-estar,https://astrogrowshop.cl/puffco-peak-sapphire-vaporizador-e-rig,"Puffco Peak Sapphire - Vaporizador E-Rig",Accesorios de extraccion
deberia-estar,https://astrogrowshop.cl/puffco-peak-zest-vaporizador-e-rig,"Puffco Peak Zest - Vaporizador E-Rig",Accesorios de extraccion
deberia-estar,https://astrogrowshop.cl/puffco-pivot-sapphire-dab-pen,"Puffco Pivot Sapphire - Dab Pen",Accesorios de extraccion