reason,url,title,category
url-no-producto,https://www.growbaratochile.cl/,"",
url-no-producto,https://www.growbaratochile.cl/tiendas,"",
url-no-producto,https://www.growbaratochile.cl/index.php?controller=product,"",
url-no-producto,https://www.growbaratochile.cl/index.php?controller=category,"",
url-no-producto,https://www.growbaratochile.cl/index.php?controller=cms,"",
url-no-producto,https://www.growbaratochile.cl/sitemap,"",
url-no-producto,https://www.growbaratochile.cl/index.php?controller=module-pscartabandonmentpro-AdminCAPListing,"",
url-no-producto,https://www.growbaratochile.cl/index.php?controller=module-pscartabandonmentpro-AdminCAPTarget,"",
url-no-producto,https://www.growbaratochile.cl/index.php?controller=module-pscartabandonmentpro-AdminCAPDiscount,"",
url-no-producto,https://www.growbaratochile.cl/index.php?controller=module-pscartabandonmentpro-AdminCAPTemplate,"",
url-no-producto,https://www.growbaratochile.cl/index.php?controller=module-pscartabandonmentpro-AdminCAPReminder,"",
url-no-producto,https://www.growbaratochile.cl/index.php?controller=module-pscartabandonmentpro-AdminCAPStatistics,"",
url-no-producto,https://www.growbaratochile.cl/index.php?controller=module-pscartabandonmentpro-AdminCAPEmailTest,"",
url-no-producto,https://www.growbaratochile.cl/index.php?controller=module-pscartabandonmentpro-FrontCAPCronJob,"",
url-no-producto,https://www.growbaratochile.cl/index.php?controller=module-pscartabandonmentpro-FrontCAPUnsubscribeJob,"",
url-no-producto,https://www.growbaratochile.cl/index.php?controller=module-pscartabandonmentpro-FrontCAPEmailVisualize,"",
url-no-producto,https://www.growbaratochile.cl/index.php?controller=module-pscartabandonmentpro-FrontCAPEmailClickShopUrl,"",
url-no-producto,https://www.growbaratochile.cl/index.php?controller=module-pscartabandonmentpro-FrontCAPEmailClickCartUrl,"",
url-no-producto,https://www.growbaratochile.cl/index.php?controller=module-pscartabandonmentpro-FrontCAPEmailClickProductUrl,"",
sin-senal,https://www.growbaratochile.cl/seedmakers/alakazam.html,"",
sin-senal,https://www.growbaratochile.cl/seedmakers/widow2.html,"",
sin-senal,https://www.growbaratochile.cl/seedmakers/cheex.html,"",
sin-senal,https://www.growbaratochile.cl/seedmakers/critical.html,"",
sin-senal,https://www.growbaratochile.cl/seedmakers/wonder-skunk.html,"",
sin-senal,https://www.growbaratochile.cl/seedmakers/jack-widow.html,"",
sin-senal,https://www.growbaratochile.cl/seedmakers/blizzard.html,"",
sin-senal,https://www.growbaratochile.cl/positronics/cum-laude.html,"",
sin-senal,https://www.growbaratochile.cl/buddha-seeds/quasar.html,"",
sin-senal,https://www.growbaratochile.cl/positronics/supercheese.html,"",
sin-senal,https://www.growbaratochile.cl/sensi-seeds/sensi-skunk.html,"",
sin-senal,https://www.growbaratochile.cl/sensi-seeds/northern-light-feminizada-sensi-seeds.html,"",
sin-senal,https://www.growbaratochile.cl/positronics/amnesia-mistery.html,"",
sin-senal,https://www.growbaratochile.cl/positronics/claustrum.html,"",
sin-senal,https://www.growbaratochile.cl/sensi-seeds/early-skunk.html,"",
sin-senal,https://www.growbaratochile.cl/sensi-seeds/big-bud.html,"",
sin-senal,https://www.growbaratochile.cl/positronics/critical-47.html,"",
sin-senal,https://www.growbaratochile.cl/sensi-seeds/super-skunk.html,"",
sin-senal,https://www.growbaratochile.cl/positronics/black-widow.html,"",
sin-senal,https://www.growbaratochile.cl/positronics/caramelice.html,"",
sin-senal,https://www.growbaratochile.cl/sensi-seeds/skunk-1.html,"",
sin-senal,https://www.growbaratochile.cl/positronics/grapefuit.html,"",
sin-senal,https://www.growbaratochile.cl/positronics/somango-47.html,"",
sin-senal,https://www.growbaratochile.cl/elite-seeds/la-rica-clasica-thc.html,"",
sin-senal,https://www.growbaratochile.cl/positronics/jack-diesel.html,"",
sin-senal,https://www.growbaratochile.cl/positronics/blue-rhino.html,"",
sin-senal,https://www.growbaratochile.cl/positronics/purple-haze-1.html,"",
sin-senal,https://www.growbaratochile.cl/genehtik/kritikal-bilbo.html,"",
sin-senal,https://www.growbaratochile.cl/positronics/cbd-black-widow.html,"",
sin-senal,https://www.growbaratochile.cl/genehtik/zuri-widow.html,"",
sin-senal,https://www.growbaratochile.cl/genehtik/txomango.html,"",
sin-senal,https://www.growbaratochile.cl/positronics/chizpa.html,"",
sin-senal,https://www.growbaratochile.cl/positronics/coleccion-indica.html,"",
sin-senal,https://www.growbaratochile.cl/genehtik/amnesia-bilbo.html,"",
sin-senal,https://www.growbaratochile.cl/positronics/coleccion-sativa.html,"",
sin-senal,https://www.growbaratochile.cl/genehtik/northern-light-x.html,"",
sin-senal,https://www.growbaratochile.cl/genehtik/og-lemon-bilbo.html,"",
sin-senal,https://www.growbaratochile.cl/medical-seeds-feminizadas/white-widow-medical-seeds.html,"",
sin-senal,https://www.growbaratochile.cl/medical-seeds-feminizadas/channel-.html,"",
sin-senal,https://www.growbaratochile.cl/medical-seeds-feminizadas/jack-la-mota.html,"",
sin-senal,https://www.growbaratochile.cl/medical-seeds-feminizadas/bcn-sour-diesel.html,"",
sin-senal,https://www.growbaratochile.cl/medical-seeds-feminizadas/prozack.html,"",
sin-senal,https://www.growbaratochile.cl/medical-seeds-feminizadas/1024.html,"",
sin-senal,https://www.growbaratochile.cl/medical-seeds-feminizadas/malakoff.html,"",
sin-senal,https://www.growbaratochile.cl/medical-seeds-feminizadas/no-name.html,"",
sin-senal,https://www.growbaratochile.cl/medical-seeds-feminizadas/devil-fruit.html,"",
sin-senal,https://www.growbaratochile.cl/medical-seeds-feminizadas/2046.html,"",
sin-senal,https://www.growbaratochile.cl/medical-seeds-feminizadas/y-griega.html,"",
sin-senal,https://www.growbaratochile.cl/medical-seeds-feminizadas/mendocino-purple-kush.html,"",
sin-senal,https://www.growbaratochile.cl/medical-seeds-feminizadas/y-griega-cbd.html,"",
sin-senal,https://www.growbaratochile.cl/medical-seeds-feminizadas/canadian-kush.html,"",
sin-senal,https://www.growbaratochile.cl/royal-queen-seeds/blue-mystic.html,"",
sin-senal,https://www.growbaratochile.cl/royal-queen-seeds/haze-berry.html,"",
sin-senal,https://www.growbaratochile.cl/royal-queen-seeds/ice.html,"",
sin-senal,https://www.growbaratochile.cl/royal-queen-seeds/shining-silver-haze.html,"",
sin-senal,https://www.growbaratochile.cl/royal-queen-seeds/bubble-kush.html,"",
sin-senal,https://www.growbaratochile.cl/royal-queen-seeds/northern-light.html,"",
sin-senal,https://www.growbaratochile.cl/royal-queen-seeds/amnesia-haze.html,"",
sin-senal,https://www.growbaratochile.cl/royal-queen-seeds/blue-cheese.html,"",
sin-senal,https://www.growbaratochile.cl/royal-queen-seeds/bubblegum-xl.html,"",
sin-senal,https://www.growbaratochile.cl/royal-queen-seeds/white-widow-feminizadas.html,"",
sin-senal,https://www.growbaratochile.cl/royal-queen-seeds/pineapple-kush.html,"",
sin-senal,https://www.growbaratochile.cl/royal-queen-seeds/kali-dog.html,"",
sin-senal,https://www.growbaratochile.cl/royal-queen-seeds/fruit-spirit.html,"",
sin-senal,https://www.growbaratochile.cl/royal-queen-seeds/sour-diesel-royal-queen-seeds.html,"",
sin-senal,https://www.growbaratochile.cl/royal-queen-seeds/royal-moby.html,"",
sin-senal,https://www.growbaratochile.cl/royal-queen-seeds/special-queen-1.html,"",
sin-senal,https://www.growbaratochile.cl/royal-queen-seeds/critical-royal-feminizadas.html,"",
sin-senal,https://www.growbaratochile.cl/royal-queen-seeds/royal-ak.html,"",
sin-senal,https://www.growbaratochile.cl/royal-queen-seeds/somango-xl.html,"",
sin-senal,https://www.growbaratochile.cl/royal-queen-seeds/og-kush.html,"",
sin-senal,https://www.growbaratochile.cl/royal-queen-seeds/flower-power.html,"",
sin-senal,https://www.growbaratochile.cl/royal-queen-seeds/royal-madre.html,"",
sin-senal,https://www.growbaratochile.cl/royal-queen-seeds/special-kush-1.html,"",
sin-senal,https://www.growbaratochile.cl/royal-queen-seeds/skunk-xl.html,"",
sin-senal,https://www.growbaratochile.cl/eva-seeds/high-level.html,"",
sin-senal,https://www.growbaratochile.cl/eva-seeds/black-dream.html,"",
sin-senal,https://www.growbaratochile.cl/eva-seeds/missing-in-barcelona.html,"",
sin-senal,https://www.growbaratochile.cl/eva-seeds/veneno.html,"",
sin-senal,https://www.growbaratochile.cl/eva-seeds/tnt-kush.html,"",
sin-senal,https://www.growbaratochile.cl/eva-seeds/monster.html,"",
sin-senal,https://www.growbaratochile.cl/eva-seeds/jamaican-dream.html,"",
sin-senal,https://www.growbaratochile.cl/positronics-auto/critical-express.html,"",
sin-senal,https://www.growbaratochile.cl/positronics-auto/jack-diesel-express.html,"",
sin-senal,https://www.growbaratochile.cl/positronics-auto/critical-47-express.html,"",
sin-senal,https://www.growbaratochile.cl/positronics-auto/kush-express.html,"",
sin-senal,https://www.growbaratochile.cl/positronics-auto/northern-haze-express.html,"",
sin-senal,https://www.growbaratochile.cl/positronics-auto/super-cheese-express.html,"",
sin-senal,https://www.growbaratochile.cl/royal-queen-seeds-auto/diesel-automatic.html,"",
sin-senal,https://www.growbaratochile.cl/royal-queen-seeds-auto/amnesia-haze-automatic.html,"",
sin-senal,https://www.growbaratochile.cl/royal-queen-seeds-auto/quick-one.html,"",
sin-senal,https://www.growbaratochile.cl/royal-queen-seeds-auto/northern-light-automatic.html,"",
sin-senal,https://www.growbaratochile.cl/royal-queen-seeds-auto/bubble-kush-automatic.html,"",
sin-senal,https://www.growbaratochile.cl/royal-queen-seeds-auto/royal-ak-automatic.html,"",
sin-senal,https://www.growbaratochile.cl/royal-queen-seeds-auto/royal-haze-automatic.html,"",
sin-senal,https://www.growbaratochile.cl/royal-queen-seeds-auto/royal-jack-automatic.html,"",
sin-senal,https://www.growbaratochile.cl/royal-queen-seeds-auto/sweet-skunk-automatic.html,"",
sin-senal,https://www.growbaratochile.cl/royal-queen-seeds-auto/royal-kush-automatic.html,"",
sin-senal,https://www.growbaratochile.cl/royal-queen-seeds-auto/white-widow-automatic.html,"",
sin-senal,https://www.growbaratochile.cl/royal-queen-seeds-auto/royal-dwarf-automatic.html,"",
sin-senal,https://www.growbaratochile.cl/royal-queen-seeds-auto/royal-critical-automatic.html,"",
sin-senal,https://www.growbaratochile.cl/seedmakers-auto/akauto.html,"",
sin-senal,https://www.growbaratochile.cl/seedmakers-auto/auto-blue.html,"",
sin-senal,https://www.growbaratochile.cl/royal-queen-seeds-auto/royal-creamatic.html,"",
sin-senal,https://www.growbaratochile.cl/seedmakers-auto/auto-critical.html,"",
sin-senal,https://www.growbaratochile.cl/seedmakers-auto/low-dwarf.html,"",
sin-senal,https://www.growbaratochile.cl/buddha-seeds-auto/buddha-purple-kush.html,"",
sin-senal,https://www.growbaratochile.cl/buddha-seeds-auto/deimos.html,"",
sin-senal,https://www.growbaratochile.cl/buddha-seeds-auto/vesta.html,"",
sin-senal,https://www.growbaratochile.cl/buddha-seeds-auto/magnum.html,"",
sin-senal,https://www.growbaratochile.cl/buddha-seeds-auto/syrup.html,"",
sin-senal,https://www.growbaratochile.cl/buddha-seeds-auto/red-dwarf.html,"",
sin-senal,https://www.growbaratochile.cl/buddha-seeds-auto/white-dwarf-2.html,"",
sin-senal,https://www.growbaratochile.cl/buddha-seeds-auto/assorted-auto.html,"",
sin-senal,https://www.growbaratochile.cl/sensi-seeds-auto/skunk-1-automatic.html,"",
sin-senal,https://www.growbaratochile.cl/sensi-seeds-auto/super-skunk-automatic.html,"",
sin-senal,https://www.growbaratochile.cl/sensi-seeds-auto/northern-lights-automatic.html,"",
sin-senal,https://www.growbaratochile.cl/sensi-seeds-auto/sensi-skunk-automatic.html,"",
sin-senal,https://www.growbaratochile.cl/genehtik-auto/amnesia-bilbo-auto.html,"",
sin-senal,https://www.growbaratochile.cl/genehtik-auto/goxuak-auto.html,"",
sin-senal,https://www.growbaratochile.cl/genehtik-auto/ese-t-bilbo-auto.html,"",
sin-senal,https://www.growbaratochile.cl/genehtik-auto/nevil-bilbo-auto.html,"",
sin-senal,https://www.growbaratochile.cl/genehtik-auto/northern-lights-auto-genehtik.html,"",
sin-senal,https://www.growbaratochile.cl/genehtik-auto/kritikal-bilbo-auto.html,"",
sin-senal,https://www.growbaratochile.cl/white-label-auto/snow-ryder-auto.html,"",
sin-senal,https://www.growbaratochile.cl/royal-queen-seeds-auto/royal-cheese-automatic.html,"",
sin-senal,https://www.growbaratochile.cl/royal-queen-seeds-auto/royal-bluematic.html,"",
sin-senal,https://www.growbaratochile.cl/semillas-autos-a-granel/auto-maxima-100-fem.html,"",
sin-senal,https://www.growbaratochile.cl/semillas-autos-a-granel/auto-baby-dirk-100-fem.html,"",
sin-senal,https://www.growbaratochile.cl/semillas-autos-a-granel/auto-bubblegum-100-fem.html,"",
sin-senal,https://www.growbaratochile.cl/royal-queen-seeds-auto/easy-bud.html,"",
sin-senal,https://www.growbaratochile.cl/semillas-autos-a-granel/auto-northern-100-feminizada.html,"",
sin-senal,https://www.growbaratochile.cl/semillas-autos-a-granel/auto-cheese-100-fem.html,"",
sin-senal,https://www.growbaratochile.cl/semillas-autos-a-granel/auto-mamba-100-fem.html,"",
sin-senal,https://www.growbaratochile.cl/semillas-autos-a-granel/auto-jnorthern-47-100-fem.html,"",
sin-senal,https://www.growbaratochile.cl/semillas-autos-a-granel/auto-og-kush-100-fem.html,"",
sin-senal,https://www.growbaratochile.cl/semillas-autos-a-granel/auto-purple-100-fem.html,"",
sin-senal,https://www.growbaratochile.cl/semillas-autos-a-granel/auto-xtreme-xxl-100-fem.html,"",
sin-senal,https://www.growbaratochile.cl/semillas-autos-a-granel/auto-widow-100-fem.html,"",
sin-senal,https://www.growbaratochile.cl/semillas-autos-a-granel/auto-critical-sweet-100-fem.html,"",
sin-senal,https://www.growbaratochile.cl/semillas-autos-a-granel/auto-sour-diesel-100-fem.html,"",
sin-senal,https://www.growbaratochile.cl/semillas-autos-a-granel/auto-critical-100-fem.html,"",
sin-senal,https://www.growbaratochile.cl/semillas-a-granel/afghana-100-feminizada.html,"",
sin-senal,https://www.growbaratochile.cl/semillas-autos-a-granel/auto-blueberry-100-fem.html,"",
sin-senal,https://www.growbaratochile.cl/semillas-autos-a-granel/auto-amnesia-100-fem.html,"",
sin-senal,https://www.growbaratochile.cl/semillas-autos-a-granel/auto-nyc-diesel-100-fem.html,"",
sin-senal,https://www.growbaratochile.cl/semillas-autos-a-granel/auto-jack-100-fem.html,"",
sin-senal,https://www.growbaratochile.cl/semillas-autos-a-granel/auto-orange-bud-100-fem.html,"",
sin-senal,https://www.growbaratochile.cl/semillas-a-granel/jack-herer-100-feminizada.html,"",
sin-senal,https://www.growbaratochile.cl/semillas-autos-a-granel/auto-white-dwarf.html,"",
sin-senal,https://www.growbaratochile.cl/semillas-autos-a-granel/auto-somango-100-fem.html,"",
sin-senal,https://www.growbaratochile.cl/semillas-autos-a-granel/auto-candy-100-fem.html,"",
sin-senal,https://www.growbaratochile.cl/semillas-autos-a-granel/auto-ak-100-fem.html,"",
sin-senal,https://www.growbaratochile.cl/semillas-a-granel/matanuska-100-feminizada.html,"",
sin-senal,https://www.growbaratochile.cl/semillas-a-granel/northern-100-feminizada.html,"",
sin-senal,https://www.growbaratochile.cl/semillas-a-granel/blueberry-100-feminizada.html,"",
sin-senal,https://www.growbaratochile.cl/semillas-a-granel/black-domina-100-feminizada.html,"",
sin-senal,https://www.growbaratochile.cl/semillas-a-granel/power-plant-100-feminizada.html,"",
sin-senal,https://www.growbaratochile.cl/semillas-a-granel/orange-bud-100-feminizada.html,"",
sin-senal,https://www.growbaratochile.cl/semillas-a-granel/critical-x-somango-100-feminizada.html,"",
sin-senal,https://www.growbaratochile.cl/semillas-a-granel/og-kush-100-feminizada.html,"",
sin-senal,https://www.growbaratochile.cl/semillas-a-granel/bubblegum-100-feminizada.html,"",
sin-senal,https://www.growbaratochile.cl/semillas-a-granel/kritikal-growbarato-100-feminizada.html,"",
sin-senal,https://www.growbaratochile.cl/semillas-a-granel/haze-lemon-100-feminizada.html,"",
sin-senal,https://www.growbaratochile.cl/semillas-a-granel/early-skunk-100-feminizada.html,"",
sin-senal,https://www.growbaratochile.cl/semillas-a-granel/lavender-100-feminizada.html,"",
sin-senal,https://www.growbaratochile.cl/semillas-a-granel/caramelo-100-feminizada.html,"",
sin-senal,https://www.growbaratochile.cl/semillas-a-granel/diesel-100-feminizada.html,"",
sin-senal,https://www.growbaratochile.cl/semillas-a-granel/g-13-100-feminizada.html,"",
sin-senal,https://www.growbaratochile.cl/semillas-a-granel/critical-100-feminizada.html,"",
sin-senal,https://www.growbaratochile.cl/semillas-a-granel/critical-jack-100-feminizada.html,"",
sin-senal,https://www.growbaratochile.cl/semillas-a-granel/amnesia-100-feminizada.html,"",
sin-senal,https://www.growbaratochile.cl/semillas-a-granel/cheese-100-feminizada.html,"",
sin-senal,https://www.growbaratochile.cl/semillas-a-granel/haze-100-feminizada.html,"",
sin-senal,https://www.growbaratochile.cl/semillas-a-granel/moby-dick-100-feminizada.html,"",
sin-senal,https://www.growbaratochile.cl/semillas-a-granel/somango-100-feminizada.html,"",
sin-senal,https://www.growbaratochile.cl/semillas-a-granel/sugar-delius-100-feminizada.html,"",
sin-senal,https://www.growbaratochile.cl/semillas-a-granel/rosenthal-100-feminizada.html,"",
sin-senal,https://www.growbaratochile.cl/semillas-a-granel/white-widow-100-feminizada.html,"",
sin-senal,https://www.growbaratochile.cl/semillas-a-granel/cbd-widow-100-feminizada.html,"",
sin-senal,https://www.growbaratochile.cl/semillas-a-granel/super-skunk-100-feminizada.html,"",
sin-senal,https://www.growbaratochile.cl/hesi/complejo-de-floracion.html,"",
sin-senal,https://www.growbaratochile.cl/hesi/complejo-tnt-crecimiento.html,"",
sin-senal,https://www.growbaratochile.cl/semillas-a-granel/ak-47-100-feminizada.html,"",
sin-senal,https://www.growbaratochile.cl/hesi/fosforo-plus.html,"",
sin-senal,https://www.growbaratochile.cl/ventiladores/ventilador-de-pinza.html,"",
sin-senal,https://www.growbaratochile.cl/hesi/powerzyme.html,"",
sin-senal,https://www.growbaratochile.cl/hesi/pk-1314.html,"",
sin-senal,https://www.growbaratochile.cl/hesi/hesi-boost.html,"",
sin-senal,https://www.growbaratochile.cl/hesi/supervit.html,"",
sin-senal,https://www.growbaratochile.cl/hesi/coco.html,"",
sin-senal,https://www.growbaratochile.cl/hesi/floracion-hidro.html,"",
sin-senal,https://www.growbaratochile.cl/hesi/crecimiento-hidro.html,"",
sin-senal,https://www.growbaratochile.cl/hesi/starter-box-coco.html,"",
sin-senal,https://www.growbaratochile.cl/hesi/starter-box-hidro.html,"",
sin-senal,https://www.growbaratochile.cl/hesi/starter-box-soil.html,"",
sin-senal,https://www.growbaratochile.cl/hesi/complejo-radicular.html,"",
sin-senal,https://www.growbaratochile.cl/ventiladores/ventilador-de-pinza-oscilante.html,"",
sin-senal,https://www.growbaratochile.cl/ventiladores/ventilador-de-suelo-20-cm.html,"",
sin-senal,https://www.growbaratochile.cl/ventiladores/ventilador-de-suelo-30-cm.html,"",
sin-senal,https://www.growbaratochile.cl/extractores/extractor-en-linea-blauberg.html,"",
sin-senal,https://www.growbaratochile.cl/bac/organic-grow.html,"",
sin-senal,https://www.growbaratochile.cl/bac/organic-bloom.html,"",
sin-senal,https://www.growbaratochile.cl/accesorios-de-ventilacion/manga-flexible-aluconnect-10m.html,"",
sin-senal,https://www.growbaratochile.cl/accesorios-de-ventilacion/manga-flexible-combiconnect-10m.html,"",
sin-senal,https://www.growbaratochile.cl/accesorios-de-ventilacion/manga-insonorizada-10m.html,"",
sin-senal,https://www.growbaratochile.cl/accesorios-de-ventilacion/corona-plastico.html,"",
sin-senal,https://www.growbaratochile.cl/accesorios-de-ventilacion/acople-reduccion-plastico.html,"",
sin-senal,https://www.growbaratochile.cl/accesorios-de-ventilacion/acople-reduccion-metal.html,"",
sin-senal,https://www.growbaratochile.cl/accesorios-de-ventilacion/abrazadera-de-metal.html,"",
sin-senal,https://www.growbaratochile.cl/accesorios-de-ventilacion/amarra-plastica.html,"",
sin-senal,https://www.growbaratochile.cl/herramientas-accesorios/etiqueta-para-picar.html,"",
sin-senal,https://www.growbaratochile.cl/herramientas-accesorios/etiquetas-pincho.html,"",
sin-senal,https://www.growbaratochile.cl/herramientas-accesorios/tijeras-pinza-pequenas.html,"",
sin-senal,https://www.growbaratochile.cl/herramientas-accesorios/tijeras-punta-curva.html,"",
sin-senal,https://www.growbaratochile.cl/herramientas-accesorios/tijeras-punta-recta.html,"",
sin-senal,https://www.growbaratochile.cl/biobizz/bio-grow.html,"",
sin-senal,https://www.growbaratochile.cl/biobizz/bio-bloom.html,"",
sin-senal,https://www.growbaratochile.cl/biobizz/fish-mix.html,"",
sin-senal,https://www.growbaratochile.cl/biobizz/top-max.html,"",
sin-senal,https://www.growbaratochile.cl/biobizz/root-juice.html,"",
sin-senal,https://www.growbaratochile.cl/biobizz/bio-heaven.html,"",
sin-senal,https://www.growbaratochile.cl/biobizz/alg-a-mic.html,"",
sin-senal,https://www.growbaratochile.cl/ampolletas/ampolleta-solux-hm-crecimiento.html,"",
sin-senal,https://www.growbaratochile.cl/ampolletas/ampolleta-solux-super-hps-floracion.html,"",
sin-senal,https://www.growbaratochile.cl/biobizz/leaf-coat.html,"",
sin-senal,https://www.growbaratochile.cl/biobizz/acti-vera.html,"",
sin-senal,https://www.growbaratochile.cl/ampolletas/ampolleta-solux-green-force-hps-mixta.html,"",
sin-senal,https://www.growbaratochile.cl/ampolletas/ampolleta-mixta-vanguard-horti-max-agro.html,"",
sin-senal,https://www.growbaratochile.cl/biobizz/try-pack-indoor.html,"",
sin-senal,https://www.growbaratochile.cl/balastros/balastro-electronico-regulable-vanguard.html,"",
sin-senal,https://www.growbaratochile.cl/biobizz/try-pack-outdoor.html,"",
sin-senal,https://www.growbaratochile.cl/biobizz/try-pack-stimulants.html,"",
sin-senal,https://www.growbaratochile.cl/biobizz/starter-pack.html,"",
sin-senal,https://www.growbaratochile.cl/balastros/balastro-electronico-regulable-solux-electra.html,"",
sin-senal,https://www.growbaratochile.cl/balastros/balastro-cannabis-magnetico.html,"",
sin-senal,https://www.growbaratochile.cl/atami/ata-terra-max.html,"",
sin-senal,https://www.growbaratochile.cl/reflectores/reflector-con-soquete.html,"",
sin-senal,https://www.growbaratochile.cl/atami/ata-terra-leaves.html,"",
sin-senal,https://www.growbaratochile.cl/reflectores/reflector-cooltube.html,"",
sin-senal,https://www.growbaratochile.cl/atami/soil-nutrition-ab.html,"",
sin-senal,https://www.growbaratochile.cl/reflectores/adjust-a-wings-enforcer.html,"",
sin-senal,https://www.growbaratochile.cl/atami/rootstimulator-atami.html,"",
sin-senal,https://www.growbaratochile.cl/reflectores/super-spreader-para-adjust-a-wings.html,"",
sin-senal,https://www.growbaratochile.cl/reflectores/reflector-azerwing.html,"",
sin-senal,https://www.growbaratochile.cl/reflectores/casquillo-adjust-a-wings.html,"",
sin-senal,https://www.growbaratochile.cl/atami/bcuzz-1-component-tierra.html,"",
sin-senal,https://www.growbaratochile.cl/atami/organics-root-c.html,"",
sin-senal,https://www.growbaratochile.cl/componentes/poleas-easy-roller.html,"",
sin-senal,https://www.growbaratochile.cl/atami/organics-alga-c.html,"",
sin-senal,https://www.growbaratochile.cl/atami/organics-bloom-c.html,"",
sin-senal,https://www.growbaratochile.cl/atami/organics-flavors.html,"",
sin-senal,https://www.growbaratochile.cl/componentes/poleas-con-gancho.html,"",
sin-senal,https://www.growbaratochile.cl/liquidos-calibradores/liquidos-calibracion-para-medidores.html,"",
sin-senal,https://www.growbaratochile.cl/atami/organics-growth-c.html,"",
sin-senal,https://www.growbaratochile.cl/atami/bio-bloombastic.html,"",
sin-senal,https://www.growbaratochile.cl/atami/atazyme.html,"",
sin-senal,https://www.growbaratochile.cl/atami/rootbastic.html,"",
sin-senal,https://www.growbaratochile.cl/canna/terra-flores.html,"",
sin-senal,https://www.growbaratochile.cl/canna/terra-vega.html,"",
sin-senal,https://www.growbaratochile.cl/canna/cannazym.html,"",
sin-senal,https://www.growbaratochile.cl/medidores-de-ph-y-ec/test-ph-con-gotas.html,"",
sin-senal,https://www.growbaratochile.cl/canna/boost-accelerator.html,"",
sin-senal,https://www.growbaratochile.cl/ambiente-y-tierra/termohigrometro-digital-con-sonda.html,"",
sin-senal,https://www.growbaratochile.cl/canna/biorhizotonic.html,"",
sin-senal,https://www.growbaratochile.cl/ambiente-y-tierra/termohigrometro-digital.html,"",
sin-senal,https://www.growbaratochile.cl/canna/bio-flores.html,"",
sin-senal,https://www.growbaratochile.cl/ambiente-y-tierra/termohigrometro-digital-pantalla-grande.html,"",
sin-senal,https://www.growbaratochile.cl/ambiente-y-tierra/termohigrometro-digital-pantalla-grande-con-sonda.html,"",
sin-senal,https://www.growbaratochile.cl/canna/bio-vega.html,"",
sin-senal,https://www.growbaratochile.cl/grotek/monster-bloom.html,"",
sin-senal,https://www.growbaratochile.cl/grotek/solo-tek-bloom.html,"",
sin-senal,https://www.growbaratochile.cl/medidores-de-ph-y-ec/medidor-ph-para-agua-de-riego.html,"",
sin-senal,https://www.growbaratochile.cl/medidores-de-ph-y-ec/lapiz-medidor-de-ec.html,"",
sin-senal,https://www.growbaratochile.cl/grotek/monster-grow-pro.html,"",
sin-senal,https://www.growbaratochile.cl/medidores-de-ph-y-ec/controlador-nutradip-tri-meter.html,"",
sin-senal,https://www.growbaratochile.cl/madres-y-esquejes/propagador-plastico-blando-59-x-31-x-25-cm.html,"",
sin-senal,https://www.growbaratochile.cl/dark-box/carpa-dark-box-db.html,"",
sin-senal,https://www.growbaratochile.cl/dark-box/carpa-dark-box-light-dbl.html,"",
sin-senal,https://www.growbaratochile.cl/madres-y-esquejes/propagador-electrico.html,"",
sin-senal,https://www.growbaratochile.cl/plastico-reflectante/papel-reflectante-mylar-diamante.html,"",
sin-senal,https://www.growbaratochile.cl/accesorios-para-carpas-de-cultivo/recambio-esquinera-armario-standard.html,"",
sin-senal,https://www.growbaratochile.cl/macetas/macetas-de-tela.html,"",
sin-senal,https://www.growbaratochile.cl/macetas/maceta-aeropot.html,"",
sin-senal,https://www.growbaratochile.cl/grotek/solo-tek-grow.html,"",
sin-senal,https://www.growbaratochile.cl/grotek/heavy-bud-pro.html,"",
sin-senal,https://www.growbaratochile.cl/grotek/vitamax-plus.html,"",
sin-senal,https://www.growbaratochile.cl/grotek/final-flush.html,"",
sin-senal,https://www.growbaratochile.cl/grotek/cal-max.html,"",
sin-senal,https://www.growbaratochile.cl/grotek/pro-silicate.html,"",
sin-senal,https://www.growbaratochile.cl/grotek/insta-green.html,"",
sin-senal,https://www.growbaratochile.cl/grotek/blossom-blaster.html,"",
sin-senal,https://www.growbaratochile.cl/grotek/bud-fuel-pro.html,"",
sin-senal,https://www.growbaratochile.cl/grotek/vegetative-growth-booster.html,"",
sin-senal,https://www.growbaratochile.cl/grotek/carbo-max.html,"",
sin-senal,https://www.growbaratochile.cl/top-crop/top-vulcan.html,"",
sin-senal,https://www.growbaratochile.cl/top-crop/top-veg.html,"",
sin-senal,https://www.growbaratochile.cl/top-crop/top-bloom.html,"",
sin-senal,https://www.growbaratochile.cl/macetas/macetas-de-rejilla.html,"",
sin-senal,https://www.growbaratochile.cl/top-crop/microvita.html,"",
sin-senal,https://www.growbaratochile.cl/top-crop/green-explosion.html,"",
sin-senal,https://www.growbaratochile.cl/top-crop/deeper-underground.html,"",
sin-senal,https://www.growbaratochile.cl/despues-de-la-cosecha/bolsa-sellable.html,"",
sin-senal,https://www.growbaratochile.cl/top-crop/cyclone.html,"",
sin-senal,https://www.growbaratochile.cl/top-crop/big-one.html,"",
sin-senal,https://www.growbaratochile.cl/top-crop/barrier.html,"",
sin-senal,https://www.growbaratochile.cl/bac/rootstimulator.html,"",
sin-senal,https://www.growbaratochile.cl/bac/organic-pk-booster.html,"",
sin-senal,https://www.growbaratochile.cl/bac/auto-stimulator.html,"",
sin-senal,https://www.growbaratochile.cl/bac/fast-food-organico.html,"",
sin-senal,https://www.growbaratochile.cl/bac/fast-food-mineral.html,"",
sin-senal,https://www.growbaratochile.cl/miner/bloom-blaster.html,"",
sin-senal,https://www.growbaratochile.cl/miner/roots.html,"",
sin-senal,https://www.growbaratochile.cl/miner/grow-dynamite.html,"",
sin-senal,https://www.growbaratochile.cl/miner/pk-boost.html,"",
sin-senal,https://www.growbaratochile.cl/libros-sobre-cultivo/libro-la-biblia-de-la-marihuna-jorge-cervantes.html,"",
sin-senal,https://www.growbaratochile.cl/miner/calcio.html,"",
sin-senal,https://www.growbaratochile.cl/miner/magnesio.html,"",
sin-senal,https://www.growbaratochile.cl/miner/ph-plus-crecimiento-y-floracion.html,"",
sin-senal,https://www.growbaratochile.cl/libros-sobre-cultivo/libro-extracciones-cannabicas.html,"",
sin-senal,https://www.growbaratochile.cl/miner/flush.html,"",
sin-senal,https://www.growbaratochile.cl/extraccion-de-resina/gas-colibri-0-impurezas-bho.html,"",
sin-senal,https://www.growbaratochile.cl/miner/vegemax.html,"",
sin-senal,https://www.growbaratochile.cl/libros-sobre-cultivo/libro-marihuana-fundamentos-de-cultivo-jorge-cervantes.html,"",
sin-senal,https://www.growbaratochile.cl/barney-s-farm/lsd.html,"",
sin-senal,https://www.growbaratochile.cl/blimburn-seeds/mamba-negra.html,"",
sin-senal,https://www.growbaratochile.cl/barney-s-farm/tangerine-dream.html,"",
sin-senal,https://www.growbaratochile.cl/blimburn-seeds/santa-muerte.html,"",
sin-senal,https://www.growbaratochile.cl/barney-s-farm/liberty-haze.html,"",
sin-senal,https://www.growbaratochile.cl/barney-s-farm/g13-haze.html,"",
sin-senal,https://www.growbaratochile.cl/barney-s-farm/critical-kush.html,"",
sin-senal,https://www.growbaratochile.cl/barney-s-farm/amnesia-lemon.html,"",
sin-senal,https://www.growbaratochile.cl/barney-s-farm/acapilco-gold.html,"",
sin-senal,https://www.growbaratochile.cl/sweet-seeds/crystal-candy.html,"",
sin-senal,https://www.growbaratochile.cl/sweet-seeds/sweet-cheese-fast-version-f1.html,"",
sin-senal,https://www.growbaratochile.cl/sweet-seeds/sweet-afgani-delicious-fast-version-f1.html,"",
sin-senal,https://www.growbaratochile.cl/sweet-seeds/jack-47-f1-fast-version.html,"",
sin-senal,https://www.growbaratochile.cl/blimburn-seeds/cr-.html,"",
sin-senal,https://www.growbaratochile.cl/sweet-seeds/cream-mandarin-f1-fast-version.html,"",
sin-senal,https://www.growbaratochile.cl/blimburn-seeds/grizzly-purple-kush.html,"",
sin-senal,https://www.growbaratochile.cl/blimburn-seeds/girl-scout-cookies.html,"",
sin-senal,https://www.growbaratochile.cl/sweet-seeds/killer-kush-f1-fast-version.html,"",
sin-senal,https://www.growbaratochile.cl/sweet-seeds/black-jack-f1-fast-version.html,"",
sin-senal,https://www.growbaratochile.cl/blimburn-seeds/green-crack-blimburn-seeds.html,"",
sin-senal,https://www.growbaratochile.cl/sweet-seeds/green-poison-f1-fast-version.html,"",
sin-senal,https://www.growbaratochile.cl/blimburn-seeds/sour-diesel-blimburn-seeds.html,"",
sin-senal,https://www.growbaratochile.cl/sweet-seeds/big-devil-f1-fast-version.html,"",
sin-senal,https://www.growbaratochile.cl/sweet-seeds/cream-caramel-f1-fast-version.html,"",
sin-senal,https://www.growbaratochile.cl/blimburn-seeds/blue-dream-feminizada.html,"",
sin-senal,https://www.growbaratochile.cl/sweet-seeds/green-poison.html,"",
sin-senal,https://www.growbaratochile.cl/sweet-seeds/cream-caramel.html,"",
sin-senal,https://www.growbaratochile.cl/blimburn-seeds/granddaddy-purple.html,"",
sin-senal,https://www.growbaratochile.cl/sweet-seeds/sweet-cheese.html,"",
sin-senal,https://www.growbaratochile.cl/sweet-seeds/psicodelicia.html,"",
sin-senal,https://www.growbaratochile.cl/blimburn-seeds/chemdog-n4.html,"",
sin-senal,https://www.growbaratochile.cl/sweet-seeds/jack-47.html,"",
sin-senal,https://www.growbaratochile.cl/sweet-seeds/black-jack.html,"",
sin-senal,https://www.growbaratochile.cl/sweet-seeds/sweet-mix-feminizada.html,"",
sin-senal,https://www.growbaratochile.cl/blimburn-seeds-auto/northern-auto.html,"",
sin-senal,https://www.growbaratochile.cl/blimburn-seeds-auto/ak-auto.html,"",
sin-senal,https://www.growbaratochile.cl/blimburn-seeds-auto/cream-auto.html,"",
sin-senal,https://www.growbaratochile.cl/blimburn-seeds-auto/critical-auto.html,"",
sin-senal,https://www.growbaratochile.cl/blimburn-seeds-auto/tangie-auto.html,"",
sin-senal,https://www.growbaratochile.cl/blimburn-seeds-auto/mamba-negra-cbd-auto.html,"",
sin-senal,https://www.growbaratochile.cl/blimburn-seeds-auto/grizzly-purple-auto.html,"",
sin-senal,https://www.growbaratochile.cl/blimburn-seeds-auto/mamba-negra-auto.html,"",
sin-senal,https://www.growbaratochile.cl/pyramid-seeds/super-hash.html,"",
sin-senal,https://www.growbaratochile.cl/pyramid-seeds/lennon.html,"",
sin-senal,https://www.growbaratochile.cl/pyramid-seeds/super-og-kush.html,"",
sin-senal,https://www.growbaratochile.cl/pyramid-seeds/tutankhamon.html,"",
sin-senal,https://www.growbaratochile.cl/sweet-seeds-auto/auto-sad.html,"",
sin-senal,https://www.growbaratochile.cl/pyramid-seeds/nefertiti.html,"",
sin-senal,https://www.growbaratochile.cl/pyramid-seeds/blue-pyramid.html,"",
sin-senal,https://www.growbaratochile.cl/pyramid-seeds/northern-lights.html,"",
sin-senal,https://www.growbaratochile.cl/pyramid-seeds/white-widow-pyramid-seeds.html,"",
sin-senal,https://www.growbaratochile.cl/pyramid-seeds/anesthesia.html,"",
sin-senal,https://www.growbaratochile.cl/sweet-seeds-auto/auto-black-jack.html,"",
sin-senal,https://www.growbaratochile.cl/sweet-seeds-auto/auto-sweet-skunk.html,"",
sin-senal,https://www.growbaratochile.cl/sweet-seeds-auto/auto-big-devil-2.html,"",
sin-senal,https://www.growbaratochile.cl/sweet-seeds-auto/auto-sweet-trainwreck.html,"",
sin-senal,https://www.growbaratochile.cl/sweet-seeds-auto/auto-dark-devil.html,"",
sin-senal,https://www.growbaratochile.cl/sweet-seeds-auto/auto-bloody-skunk.html,"",
sin-senal,https://www.growbaratochile.cl/sweet-seeds-auto/auto-devil-cream.html,"",
sin-senal,https://www.growbaratochile.cl/sweet-seeds-auto/auto-jack-47.html,"",
sin-senal,https://www.growbaratochile.cl/sweet-seeds-auto/auto-big-devil-xl.html,"",
sin-senal,https://www.growbaratochile.cl/sweet-seeds-auto/auto-cream-mandarine.html,"",
sin-senal,https://www.growbaratochile.cl/exotic-seed/quick-mass.html,"",
sin-senal,https://www.growbaratochile.cl/pyramid-seeds-auto/auto-purple.html,"",
sin-senal,https://www.growbaratochile.cl/pyramid-seeds-auto/auto-northern-lights-auto.html,"",
sin-senal,https://www.growbaratochile.cl/pyramid-seeds-auto/auto-anesthesia.html,"",
sin-senal,https://www.growbaratochile.cl/pyramid-seeds-auto/auto-white-widow-pyramid-seeds.html,"",
sin-senal,https://www.growbaratochile.cl/pyramid-seeds-auto/auto-anubis.html,"",
sin-senal,https://www.growbaratochile.cl/pyramid-seeds-auto/auto-blue-pyramid.html,"",
sin-senal,https://www.growbaratochile.cl/pyramid-seeds-auto/auto-tutankhamon.html,"",
sin-senal,https://www.growbaratochile.cl/pyramid-seeds-auto/auto-fresh-candy.html,"",
sin-senal,https://www.growbaratochile.cl/humboldt-seed-organization/dedoverde-haze.html,"",
sin-senal,https://www.growbaratochile.cl/humboldt-seed-organization/green-crack.html,"",
sin-senal,https://www.growbaratochile.cl/green-house-seeds-co/the-church.html,"",
sin-senal,https://www.growbaratochile.cl/pyramid-seeds-auto/auto-amnesia-gold.html,"",
sin-senal,https://www.growbaratochile.cl/pyramid-seeds-auto/auto-lennon.html,"",
sin-senal,https://www.growbaratochile.cl/green-house-seeds-co/nl5-haze-mist.html,"",
sin-senal,https://www.growbaratochile.cl/green-house-seeds-co/super-silver-haze.html,"",
sin-senal,https://www.growbaratochile.cl/pyramid-seeds-auto/auto-new-york-city.html,"",
sin-senal,https://www.growbaratochile.cl/pyramid-seeds-auto/auto-super-hash.html,"",
sin-senal,https://www.growbaratochile.cl/green-house-seeds-co/white-widow-green-house.html,"",
sin-senal,https://www.growbaratochile.cl/pyramid-seeds-auto/auto-super-og-kush.html,"",
sin-senal,https://www.growbaratochile.cl/green-house-seeds-co/super-lemon-haze.html,"",
sin-senal,https://www.growbaratochile.cl/green-house-seeds-co/super-critical.html,"",
sin-senal,https://www.growbaratochile.cl/pyramid-seeds-auto/auto-kryptonite.html,"",
sin-senal,https://www.growbaratochile.cl/green-house-seeds-co/lemon-skunk.html,"",
sin-senal,https://www.growbaratochile.cl/green-house-seeds-co/kalashnikova.html,"",
sin-senal,https://www.growbaratochile.cl/pyramid-seeds-auto/auto-nefertiti.html,"",
sin-senal,https://www.growbaratochile.cl/dutch-passion-auto/think-different.html,"",
sin-senal,https://www.growbaratochile.cl/dutch-passion-auto/auto-white-widow.html,"",
sin-senal,https://www.growbaratochile.cl/dutch-passion-auto/auto-blueberry.html,"",
sin-senal,https://www.growbaratochile.cl/dutch-passion-auto/auto-think-big.html,"",
sin-senal,https://www.growbaratochile.cl/dutch-passion-auto/auto-daiquiri-lime.html,"",
sin-senal,https://www.growbaratochile.cl/dutch-passion-auto/auto-night-queen.html,"",
sin-senal,https://www.growbaratochile.cl/dutch-passion-auto/auto-brooklyn-sunrise.html,"",
sin-senal,https://www.growbaratochile.cl/dutch-passion-auto/auto-glueberry-og.html,"",
sin-senal,https://www.growbaratochile.cl/dutch-passion-auto/auto-colorado-cookies.html,"",
sin-senal,https://www.growbaratochile.cl/plagron/alga-grow.html,"",
sin-senal,https://www.growbaratochile.cl/plagron/alga-bloom.html,"",
sin-senal,https://www.growbaratochile.cl/plagron/green-sensation.html,"",
sin-senal,https://www.growbaratochile.cl/plagron/power-roots.html,"",
sin-senal,https://www.growbaratochile.cl/plagron/sugar-royal.html,"",
sin-senal,https://www.growbaratochile.cl/abonos-cannabiogen/delta-8.html,"",
sin-senal,https://www.growbaratochile.cl/abonos-cannabiogen/delta-10.html,"",
sin-senal,https://www.growbaratochile.cl/abonos-cannabiogen/delta-9.html,"",
sin-senal,https://www.growbaratochile.cl/green-house-feeding/powder-feeding-calcium.html,"",
sin-senal,https://www.growbaratochile.cl/green-house-feeding/powder-feeding-booster.html,"",
sin-senal,https://www.growbaratochile.cl/green-house-feeding/powder-feeding-short-flowering.html,"",
sin-senal,https://www.growbaratochile.cl/green-house-feeding/powder-feeding-long-flowering.html,"",
sin-senal,https://www.growbaratochile.cl/green-house-feeding/powder-feeding-hybrids.html,"",
sin-senal,https://www.growbaratochile.cl/green-house-feeding/powder-feeding-grow.html,"",
sin-senal,https://www.growbaratochile.cl/madres-y-esquejes/clonex.html,"",
sin-senal,https://www.growbaratochile.cl/sensi-seeds/silver-haze-9.html,"",
sin-senal,https://www.growbaratochile.cl/sensi-seeds/feminised-mix.html,"",
sin-senal,https://www.growbaratochile.cl/macetas/autopot-riego-por-gravedad.html,"",
sin-senal,https://www.growbaratochile.cl/semillas-a-granel/chine-star-100-feminizada.html,"",
sin-senal,https://www.growbaratochile.cl/paradise-seeds/durga-mata-ii-cbd-x3.html,"",
sin-senal,https://www.growbaratochile.cl/paradise-seeds/atomical-haze.html,"",
sin-senal,https://www.growbaratochile.cl/paradise-seeds/jacky-white.html,"",
sin-senal,https://www.growbaratochile.cl/paradise-seeds/opium.html,"",
sin-senal,https://www.growbaratochile.cl/paradise-seeds/belladonna.html,"",
sin-senal,https://www.growbaratochile.cl/paradise-seeds/durga-mata.html,"",
sin-senal,https://www.growbaratochile.cl/paradise-seeds/dutch-dragon.html,"",
sin-senal,https://www.growbaratochile.cl/paradise-seeds/sensi-star.html,"",
sin-senal,https://www.growbaratochile.cl/paradise-seeds/nebula.html,"",
sin-senal,https://www.growbaratochile.cl/paradise-seeds/wappa.html,"",
sin-senal,https://www.growbaratochile.cl/dutch-passion/purple-1.html,"",
sin-senal,https://www.growbaratochile.cl/dutch-passion/shaman.html,"",
sin-senal,https://www.growbaratochile.cl/dutch-passion/durban-poison.html,"",
sin-senal,https://www.growbaratochile.cl/dutch-passion/mazar.html,"",
sin-senal,https://www.growbaratochile.cl/dutch-passion/white-widow-dutch-passion.html,"",
sin-senal,https://www.growbaratochile.cl/dutch-passion/blueberry.html,"",
sin-senal,https://www.growbaratochile.cl/dutch-passion/orange-bud.html,"",
sin-senal,https://www.growbaratochile.cl/dutch-passion/californian-orange.html,"",
sin-senal,https://www.growbaratochile.cl/dutch-passion/frisian-duck.html,"",
sin-senal,https://www.growbaratochile.cl/dutch-passion/frisian-dew.html,"",
sin-senal,https://www.growbaratochile.cl/dutch-passion/cbd-skunk-haze.html,"",
sin-senal,https://www.growbaratochile.cl/dutch-passion/desfran.html,"",
sin-senal,https://www.growbaratochile.cl/dutch-passion/think-fast.html,"",
sin-senal,https://www.growbaratochile.cl/nirvana-seeds/white-widow-nirvana-seeds.html,"",
sin-senal,https://www.growbaratochile.cl/nirvana-seeds/lemon-og-haze.html,"",
sin-senal,https://www.growbaratochile.cl/nirvana-seeds/misty-kush.html,"",
sin-senal,https://www.growbaratochile.cl/r-kiem-seeds/harybo.html,"",
sin-senal,https://www.growbaratochile.cl/r-kiem-seeds/muse.html,"",
sin-senal,https://www.growbaratochile.cl/r-kiem-seeds/eli.html,"",
sin-senal,https://www.growbaratochile.cl/r-kiem-seeds/icer.html,"",
sin-senal,https://www.growbaratochile.cl/r-kiem-seeds/portela.html,"",
sin-senal,https://www.growbaratochile.cl/r-kiem-seeds/negra-44.html,"",
sin-senal,https://www.growbaratochile.cl/r-kiem-seeds/mix-clasicas.html,"",
sin-senal,https://www.growbaratochile.cl/r-kiem-seeds/mix-new.html,"",
sin-senal,https://www.growbaratochile.cl/th-seeds/bubblegum.html,"",
sin-senal,https://www.growbaratochile.cl/th-seeds/critical-hog.html,"",
sin-senal,https://www.growbaratochile.cl/th-seeds/mk-ultra-kush.html,"",
sin-senal,https://www.growbaratochile.cl/nirvana-seeds-auto/auto-ak-48.html,"",
sin-senal,https://www.growbaratochile.cl/nirvana-seeds-auto/auto-white-widow-nirvana.html,"",
sin-senal,https://www.growbaratochile.cl/nirvana-seeds-auto/auto-bubblelicious.html,"",
sin-senal,https://www.growbaratochile.cl/th-seeds-auto/auto-mk-ultra-kush.html,"",
sin-senal,https://www.growbaratochile.cl/th-seeds-auto/auto-critical-hog.html,"",
sin-senal,https://www.growbaratochile.cl/green-house-seed-co-auto/kings-kush-auto.html,"",
sin-senal,https://www.growbaratochile.cl/green-house-seed-co-auto/super-bud-auto.html,"",
sin-senal,https://www.growbaratochile.cl/green-house-seed-co-auto/exodus-cheese-auto.html,"",
sin-senal,https://www.growbaratochile.cl/green-house-seed-co-auto/big-bang-auto.html,"",
sin-senal,https://www.growbaratochile.cl/green-house-seed-co-auto/sweet-mango-auto.html,"",
sin-senal,https://www.growbaratochile.cl/green-house-seed-co-auto/northern-lights-auto.html,"",
sin-senal,https://www.growbaratochile.cl/green-house-seed-co-auto/super-critical-auto.html,"",
sin-senal,https://www.growbaratochile.cl/green-house-seed-co-auto/white-widow-auto.html,"",
sin-senal,https://www.growbaratochile.cl/atami/coco-ab.html,"",
sin-senal,https://www.growbaratochile.cl/atami/blossom-builder.html,"",
sin-senal,https://www.growbaratochile.cl/atami/take-care.html,"",
sin-senal,https://www.growbaratochile.cl/atami/pk-13-14.html,"",
sin-senal,https://www.growbaratochile.cl/atami/soil-booster-universal.html,"",
sin-senal,https://www.growbaratochile.cl/atami/coco-booster-universal.html,"",
sin-senal,https://www.growbaratochile.cl/parafarmacia-cannabica/arthrocann.html,"",
sin-senal,https://www.growbaratochile.cl/parafarmacia-cannabica/arthrocann-warming.html,"",
sin-senal,https://www.growbaratochile.cl/parafarmacia-cannabica/menthol-arthro-gel.html,"",
sin-senal,https://www.growbaratochile.cl/parafarmacia-cannabica/varicann-q10.html,"",
sin-senal,https://www.growbaratochile.cl/parafarmacia-cannabica/balcann-gel-de-roble.html,"",
sin-senal,https://www.growbaratochile.cl/parafarmacia-cannabica/cannol.html,"",
sin-senal,https://www.growbaratochile.cl/iluminacion-led/luminarias-led-220.html,"",
sin-senal,https://www.growbaratochile.cl/balastros/balastro-electronico-agrolite.html,"",
sin-senal,https://www.growbaratochile.cl/balastros/balastro-electronico-1000w.html,"",
sin-senal,https://www.growbaratochile.cl/componentes/temporizador-analogico.html,"",
sin-senal,https://www.growbaratochile.cl/co2/co2-tabs.html,"",
sin-senal,https://www.growbaratochile.cl/jiffy/jiffy7-de-turba-41mm.html,"",
sin-senal,https://www.growbaratochile.cl/sustratos/janeco-light-mix.html,"",
sin-senal,https://www.growbaratochile.cl/sustratos/complete-mix.html,"",
sin-senal,https://www.growbaratochile.cl/sustratos/biobizz-light-mix.html,"",
sin-senal,https://www.growbaratochile.cl/sustratos/all-mix-biobizz.html,"",
sin-senal,https://www.growbaratochile.cl/sustratos/canna-terra-profesional.html,"",
sin-senal,https://www.growbaratochile.cl/extraccion-de-resina/tubo-extractor-borosilicato.html,"",
sin-senal,https://www.growbaratochile.cl/componentes/temporizador-digital.html,"",
sin-senal,https://www.growbaratochile.cl/cultibox/carpa-cultibox-light.html,"",
sin-senal,https://www.growbaratochile.cl/atami/bloombastic.html,"",
sin-senal,https://www.growbaratochile.cl/extraccion-de-resina/lavadora-secret-box.html,"",
sin-senal,https://www.growbaratochile.cl/ampolletas/agrolite-hm.html,"",
sin-senal,https://www.growbaratochile.cl/plastico-reflectante/papel-reflectante-blanco-negro.html,"",
sin-senal,https://www.growbaratochile.cl/atami/atami-micro-kit.html,"",
sin-senal,https://www.growbaratochile.cl/medidores-de-ph-y-ec/lapiz-medidor-de-ph.html,"",
sin-senal,https://www.growbaratochile.cl/extraccion-de-resina/secret-shaker.html,"",
sin-senal,https://www.growbaratochile.cl/extraccion-de-resina/lavadora-secret-smoke.html,"",
sin-senal,https://www.growbaratochile.cl/atami/flower-c.html,"",
sin-senal,https://www.growbaratochile.cl/bac/bio-clone.html,"",
sin-senal,https://www.growbaratochile.cl/bac/final-solution.html,"",
sin-senal,https://www.growbaratochile.cl/bac/bloom-stimulator.html,"",
sin-senal,https://www.growbaratochile.cl/top-crop/tripack.html,"",
sin-senal,https://www.growbaratochile.cl/lamparas-de-bajo-consumo/cfl-agrolite-crecimiento.html,"",
sin-senal,https://www.growbaratochile.cl/grotek/vitamax-pro.html,"",
sin-senal,https://www.growbaratochile.cl/top-crop/top-candy.html,"",
sin-senal,https://www.growbaratochile.cl/canna/pk-13-14-canna.html,"",
sin-senal,https://www.growbaratochile.cl/extractores/extractor-tubular-vk.html,"",
sin-senal,https://www.growbaratochile.cl/ventiladores/ventilador-de-pie-oscilante.html,"",
sin-senal,https://www.growbaratochile.cl/componentes/cable-de-conexion-plug-and-play.html,"",
sin-senal,https://www.growbaratochile.cl/herramientas-accesorios/tutores-de-plastico.html,"",
sin-senal,https://www.growbaratochile.cl/advanced-nutrients/b-52.html,"",
sin-senal,https://www.growbaratochile.cl/advanced-nutrients/big-bud-liquido.html,"",
sin-senal,https://www.growbaratochile.cl/advanced-nutrients/bud-candy.html,"",
sin-senal,https://www.growbaratochile.cl/advanced-nutrients/bud-ignitor.html,"",
sin-senal,https://www.growbaratochile.cl/advanced-nutrients/flawless-finish.html,"",
sin-senal,https://www.growbaratochile.cl/advanced-nutrients/sensizym.html,"",
sin-senal,https://www.growbaratochile.cl/advanced-nutrients/nirvana.html,"",
sin-senal,https://www.growbaratochile.cl/advanced-nutrients/overdrive.html,"",
sin-senal,https://www.growbaratochile.cl/advanced-nutrients/rhino-skin.html,"",
sin-senal,https://www.growbaratochile.cl/advanced-nutrients/tarantula.html,"",
sin-senal,https://www.growbaratochile.cl/advanced-nutrients/piranha.html,"",
sin-senal,https://www.growbaratochile.cl/advanced-nutrients/voodoo-juice.html,"",
sin-senal,https://www.growbaratochile.cl/advanced-nutrients/connoisseur-grow-ab-ph-perfect.html,"",
sin-senal,https://www.growbaratochile.cl/advanced-nutrients/connoisseur-bloom-ab-ph-perfect.html,"",
sin-senal,https://www.growbaratochile.cl/advanced-nutrients/grow-ph-perfect.html,"",
sin-senal,https://www.growbaratochile.cl/advanced-nutrients/micro-ph-perfect.html,"",
sin-senal,https://www.growbaratochile.cl/advanced-nutrients/bloom-ph-perfect.html,"",
sin-senal,https://www.growbaratochile.cl/plagron/kit-basico-plagron.html,"",
sin-senal,https://www.growbaratochile.cl/advanced-nutrients/tripack-advanced-nutrients.html,"",
sin-senal,https://www.growbaratochile.cl/atami/triangle-pack-g-b-f.html,"",
sin-senal,https://www.growbaratochile.cl/top-crop/top-bud.html,"",
sin-senal,https://www.growbaratochile.cl/controladores/controlador-de-temperatura-dual-pp.html,"",
sin-senal,https://www.growbaratochile.cl/accesorios-de-ventilacion/manga-flexible-aluconnect-5m.html,"",
sin-senal,https://www.growbaratochile.cl/ampolletas/ampolleta-agrolite-shp-groflo.html,"",
sin-senal,https://www.growbaratochile.cl/ampolletas/ampolleta-shp-hortilight-varias-potencias.html,"",
sin-senal,https://www.growbaratochile.cl/top-crop/top-auto.html,"",
sin-senal,https://www.growbaratochile.cl/depositos-de-agua/depositos-flexibles.html,"",
sin-senal,https://www.growbaratochile.cl/despues-de-la-cosecha/botes-de-vacio-600ml300ml-vacuumset.html,"",
sin-senal,https://www.growbaratochile.cl/cultibox/cultibox-sg-combi.html,"",
sin-senal,https://www.growbaratochile.cl/dutch-passion-auto/auto-mazar.html,"",
sin-senal,https://www.growbaratochile.cl/plastico-reflectante/plastico-brillo-metal.html,"",
sin-senal,https://www.growbaratochile.cl/ripper-seeds/criminal.html,"",
sin-senal,https://www.growbaratochile.cl/accesorios-de-riego/lanza-de-riego.html,"",
sin-senal,https://www.growbaratochile.cl/herramientas-accesorios/vaso-medidor-70-ml.html,"",
sin-senal,https://www.growbaratochile.cl/accesorios-de-riego/bolsa-de-autoriego-10l.html,"",
sin-senal,https://www.growbaratochile.cl/accesorios-de-riego/programador-de-riego-analogico.html,"",
sin-senal,https://www.growbaratochile.cl/despues-de-la-cosecha/spacevac-de-tightpac.html,"",
sin-senal,https://www.growbaratochile.cl/despues-de-la-cosecha/bote-tightvac.html,"",
sin-senal,https://www.growbaratochile.cl/reflectores/reflector-pearl-pro.html,"",
sin-senal,https://www.growbaratochile.cl/kits-de-fertilizantes/tri-pack-250ml-de-wonderland.html,"",
sin-senal,https://www.growbaratochile.cl/reflectores/reflector-romboidal.html,"",
sin-senal,https://www.growbaratochile.cl/herramientas-accesorios/tijera-procut.html,"",
sin-senal,https://www.growbaratochile.cl/reflectores/reflector-spudnik.html,"",
sin-senal,https://www.growbaratochile.cl/liquidos-calibradores/liquido-calibrador-ec.html,"",
sin-senal,https://www.growbaratochile.cl/jiffy/jiffy7-de-turba-33mm.html,"",
sin-senal,https://www.growbaratochile.cl/accesorios-de-riego/bombas-de-agua.html,"",
sin-senal,https://www.growbaratochile.cl/ambientadores/ona-block.html,"",
sin-senal,https://www.growbaratochile.cl/sweet-seeds-auto/black-cream-auto.html,"",
sin-senal,https://www.growbaratochile.cl/delicious-seeds/deep-mandarin.html,"",
sin-senal,https://www.growbaratochile.cl/atami/bloomstimulator.html,"",
sin-senal,https://www.growbaratochile.cl/accesorios-de-riego/pulverizador-presion-previa.html,"",
sin-senal,https://www.growbaratochile.cl/barney-s-farm-auto/pineapple-express-auto.html,"",
sin-senal,https://www.growbaratochile.cl/herramientas-accesorios/tijera-de-pinza-con-hueco-para-dedo.html,"",
sin-senal,https://www.growbaratochile.cl/probox-gardenhighpro/carpa-probox-propagator.html,"",
sin-senal,https://www.growbaratochile.cl/thc-fertilizantes/tierra-de-diatomeas.html,"",
sin-senal,https://www.growbaratochile.cl/parafarmacia-cannabica/receta-cannabis.html,"",
sin-senal,https://www.growbaratochile.cl/sustratos/plagron-lightmix.html,"",
sin-senal,https://www.growbaratochile.cl/bsf-seeds-auto/red-critical.html,"",
sin-senal,https://www.growbaratochile.cl/bsf-seeds-auto/moby-d.html,"",
sin-senal,https://www.growbaratochile.cl/bsf-seeds/pineapple-larry.html,"",
sin-senal,https://www.growbaratochile.cl/bsf-seeds-auto/gorilla-glue.html,"",
sin-senal,https://www.growbaratochile.cl/wonderland-agronutrients/raizer.html,"",
sin-senal,https://www.growbaratochile.cl/wonderland/fungi.html,"",
sin-senal,https://www.growbaratochile.cl/wonderland-agronutrients/sixshot.html,"",
sin-senal,https://www.growbaratochile.cl/wonderland/out-pest.html,"",
sin-senal,https://www.growbaratochile.cl/kits-de-cultivo-completos/kit-de-cultivo-completo-light-100x100.html,"",
sin-senal,https://www.growbaratochile.cl/kits-de-iluminacion/kit-iluminacion-magnetico-250w.html,"",
sin-senal,https://www.growbaratochile.cl/kits-de-iluminacion/kit-iluminacion-magnetico-400w.html,"",
sin-senal,https://www.growbaratochile.cl/kits-de-iluminacion/kit-iluminacion-magnetico-600w.html,"",
sin-senal,https://www.growbaratochile.cl/kits-de-cultivo-completos/kit-de-cultivo-completo-light-120x120.html,"",
sin-senal,https://www.growbaratochile.cl/kits-de-cultivo-completos/kit-de-cultivo-medium-80-x-80-cm.html,"",
sin-senal,https://www.growbaratochile.cl/kits-de-cultivo-completos/kit-de-cultivo-medium-120-x-120-cm.html,"",
sin-senal,https://www.growbaratochile.cl/kits-de-cultivo-completos/kit-de-cultivo-medium-100-x-100-cm.html,"",
sin-senal,https://www.growbaratochile.cl/kits-de-cultivo-completos/kit-de-cultivo-profesional-100-x-100-cm.html,"",
sin-senal,https://www.growbaratochile.cl/kits-de-cultivo-completos/kit-de-cultivo-profesional-120-x-120-cm.html,"",
sin-senal,https://www.growbaratochile.cl/bsf-seeds-auto/tangie-xxl-auto.html,"",
sin-senal,https://www.growbaratochile.cl/bsf-seeds/amnesia-glue.html,"",
sin-senal,https://www.growbaratochile.cl/bsf-seeds/gorilla-ghost.html,"",
sin-senal,https://www.growbaratochile.cl/bsf-seeds/rainbows.html,"",
sin-senal,https://www.growbaratochile.cl/bsf-seeds/gorilla-glue4.html,"",
sin-senal,https://www.growbaratochile.cl/plagron/ph-min.html,"",
sin-senal,https://www.growbaratochile.cl/eva-seeds/gipsy-haze.html,"",
sin-senal,https://www.growbaratochile.cl/canna/bio-boost.html,"",
sin-senal,https://www.growbaratochile.cl/hesi/hesi-pack-interior-exterior.html,"",
sin-senal,https://www.growbaratochile.cl/ampolletas/ampolleta-xtrasun-hm.html,"",
sin-senal,https://www.growbaratochile.cl/componentes/lentes-sol.html,"",
sin-senal,https://www.growbaratochile.cl/bac/bac-biotablets.html,"",
sin-senal,https://www.growbaratochile.cl/grotek/micro-pack-grotek.html,"",
sin-senal,https://www.growbaratochile.cl/bho-extracciones/mantel-silicona.html,"",
sin-senal,https://www.growbaratochile.cl/ozonizadores/ozonizador-de-pared-500mgh.html,"",
sin-senal,https://www.growbaratochile.cl/estimuladores-y-hormonas/complejo-micorrizas.html,"",
sin-senal,https://www.growbaratochile.cl/dutch-passion/skunk-11.html,"",
sin-senal,https://www.growbaratochile.cl/dutch-passion/glueberry-og.html,"",
sin-senal,https://www.growbaratochile.cl/dutch-passion/euforia.html,"",
sin-senal,https://www.growbaratochile.cl/pyramid-seeds/american-pie.html,"",
sin-senal,https://www.growbaratochile.cl/pyramid-seeds/kryptonite.html,"",
sin-senal,https://www.growbaratochile.cl/pyramid-seeds/anubis.html,"",
sin-senal,https://www.growbaratochile.cl/pyramid-seeds/fresh-candy.html,"",
sin-senal,https://www.growbaratochile.cl/pyramid-seeds/shark.html,"",
sin-senal,https://www.growbaratochile.cl/pyramid-seeds/wembley.html,"",
sin-senal,https://www.growbaratochile.cl/pyramid-seeds/amnesia-gold.html,"",
sin-senal,https://www.growbaratochile.cl/pyramid-seeds/new-york-city.html,"",
sin-senal,https://www.growbaratochile.cl/seedmakers/silver-jack.html,"",
sin-senal,https://www.growbaratochile.cl/seedmakers/super-kush.html,"",
sin-senal,https://www.growbaratochile.cl/sensi-seeds/black-domina.html,"",
sin-senal,https://www.growbaratochile.cl/sweet-seeds/sweet-skunk-f1-fast-version.html,"",
sin-senal,https://www.growbaratochile.cl/sweet-seeds/sweet-afghani-delicious.html,"",
sin-senal,https://www.growbaratochile.cl/sweet-seeds/sweet-thai.html,"",
sin-senal,https://www.growbaratochile.cl/sweet-seeds/cream-47.html,"",
sin-senal,https://www.growbaratochile.cl/sweet-seeds/botafumeiros.html,"",
sin-senal,https://www.growbaratochile.cl/sweet-seeds/big-foot.html,"",
sin-senal,https://www.growbaratochile.cl/ripper-seeds/fuel-og.html,"",
sin-senal,https://www.growbaratochile.cl/ripper-seeds/ripper-badazz.html,"",
sin-senal,https://www.growbaratochile.cl/ripper-seeds/sideral.html,"",
sin-senal,https://www.growbaratochile.cl/ripper-seeds/sour-ripper.html,"",
sin-senal,https://www.growbaratochile.cl/ripper-seeds/zombie-kush.html,"",
sin-senal,https://www.growbaratochile.cl/ripper-seeds/toxic.html,"",
sin-senal,https://www.growbaratochile.cl/ripper-seeds/old-school.html,"",
sin-senal,https://www.growbaratochile.cl/ripper-seeds/double-glock.html,"",
sin-senal,https://www.growbaratochile.cl/ripper-seeds/ripper-haze.html,"",
sin-senal,https://www.growbaratochile.cl/sweet-seeds/gorilla-girl.html,"",
sin-senal,https://www.growbaratochile.cl/accesorios-de-riego/tubo-atoxico-de-silicona.html,"",
sin-senal,https://www.growbaratochile.cl/canna/aqua-vega-ab.html,"",
sin-senal,https://www.growbaratochile.cl/canna/aqua-flores-ab.html,"",
sin-senal,https://www.growbaratochile.cl/bac/bac-amino-complex.html,"",
sin-senal,https://www.growbaratochile.cl/medidores-de-ph-y-ec/medidor-de-electroconductividad-profesional.html,"",
sin-senal,https://www.growbaratochile.cl/thc-fertilizantes/sales-de-epson.html,"",
sin-senal,https://www.growbaratochile.cl/bac/foliar-spray.html,"",
sin-senal,https://www.growbaratochile.cl/bac/pro-active.html,"",
sin-senal,https://www.growbaratochile.cl/bac/funky-fungi.html,"",
sin-senal,https://www.growbaratochile.cl/bho-extracciones/bolsas-extractoras-de-resina.html,"",
sin-senal,https://www.growbaratochile.cl/accesorios-de-riego/programador-de-riego-digital.html,"",
sin-senal,https://www.growbaratochile.cl/ozonizadores/ozonizador-de-pared-pequeno.html,"",
sin-senal,https://www.growbaratochile.cl/ozonizadores/generador-de-ozono-grande.html,"",
sin-senal,https://www.growbaratochile.cl/thc-fertilizantes/dolomita-abono-ecologico-thc.html,"",
sin-senal,https://www.growbaratochile.cl/thc-fertilizantes/guerrilla-grow-thc.html,"",
sin-senal,https://www.growbaratochile.cl/thc-fertilizantes/mega-bud-thc.html,"",
sin-senal,https://www.growbaratochile.cl/thc-fertilizantes/mega-grow-thc.html,"",
sin-senal,https://www.growbaratochile.cl/thc-fertilizantes/mega-bloom-thc.html,"",
sin-senal,https://www.growbaratochile.cl/medical-seeds-auto/no-name-auto.html,"",
sin-senal,https://www.growbaratochile.cl/medical-seeds-auto/blue-hell-auto.html,"",
sin-senal,https://www.growbaratochile.cl/royal-queen-seeds/royal-gorilla.html,"",
sin-senal,https://www.growbaratochile.cl/sweet-seeds/ice-cool.html,"",
sin-senal,https://www.growbaratochile.cl/fast-buds-american-autoflowers/tangie-matic-autofloreciente.html,"",
sin-senal,https://www.growbaratochile.cl/sweet-seeds-auto/auto-cream-caramel.html,"",
sin-senal,https://www.growbaratochile.cl/sweet-seeds-auto/auto-red-poison.html,"",
sin-senal,https://www.growbaratochile.cl/sweet-seeds-auto/auto-speed.html,"",
sin-senal,https://www.growbaratochile.cl/ampolletas/ampolleta-vanguard-hm-crecimiento.html,"",
sin-senal,https://www.growbaratochile.cl/grotek/mega-pack-grotek.html,"",
sin-senal,https://www.growbaratochile.cl/semillas-a-granel/gelatto-100-feminizada.html,"",
sin-senal,https://www.growbaratochile.cl/semillas-a-granel/zkittlez-100-feminizada.html,"",
sin-senal,https://www.growbaratochile.cl/semillas-a-granel/gorilla-glue-4-100-feminizada.html,"",
sin-senal,https://www.growbaratochile.cl/semillas-a-granel/bruce-banner-100-feminizada.html,"",
sin-senal,https://www.growbaratochile.cl/advanced-nutrients/big-bud-organic.html,"",
sin-senal,https://www.growbaratochile.cl/articulos-para-el-fumador/deep-web-box.html,"",
sin-senal,https://www.growbaratochile.cl/articulos-para-el-fumador/rejillas-planas.html,"",
sin-senal,https://www.growbaratochile.cl/barney-s-farm-auto/critical-kush-auto.html,"",
sin-senal,https://www.growbaratochile.cl/royal-queen-seeds/candy-kush-express-fast-flowering.html,"",
sin-senal,https://www.growbaratochile.cl/dutch-passion-auto/auto-durban-poison.html,"",
sin-senal,https://www.growbaratochile.cl/semillas-autos-a-granel/auto-tutankhamon-100-fem.html,"",
sin-senal,https://www.growbaratochile.cl/semillas-autos-a-granel/auto-banana-xl-100-fem.html,"",
sin-senal,https://www.growbaratochile.cl/semillas-a-granel/tutankhamon-100-fem.html,"",
sin-senal,https://www.growbaratochile.cl/sweet-seeds-auto/auto-cream-mandarine-xl.html,"",
sin-senal,https://www.growbaratochile.cl/semillas-autos-a-granel/auto-deimos-100-fem.html,"",
sin-senal,https://www.growbaratochile.cl/sustratos/canna-coco-profesional-plus.html,"",
sin-senal,https://www.growbaratochile.cl/advanced-nutrients/sensi-cal-mag.html,"",
sin-senal,https://www.growbaratochile.cl/advanced-nutrients/iguana-juice-organic-grow.html,"",
sin-senal,https://www.growbaratochile.cl/advanced-nutrients/iguana-juice-organic-bloom.html,"",
sin-senal,https://www.growbaratochile.cl/advanced-nutrients/carboload.html,"",
sin-senal,https://www.growbaratochile.cl/advanced-nutrients/revive.html,"",
sin-senal,https://www.growbaratochile.cl/bsf-seeds-auto/dealer-deal-xxl-automix.html,"",
sin-senal,https://www.growbaratochile.cl/boom-nutrients/big-boom-pk-52-34.html,"",
sin-senal,https://www.growbaratochile.cl/miner/bloomax.html,"",
sin-senal,https://www.growbaratochile.cl/probox-gardenhighpro/carpa-de-cultivo-calidad-profesional.html,"",
sin-senal,https://www.growbaratochile.cl/sustratos/bolas-de-arcilla.html,"",
sin-senal,https://www.growbaratochile.cl/despues-de-la-cosecha/integra-boost.html,"",
sin-senal,https://www.growbaratochile.cl/canna/rhizotonic.html,"",
sin-senal,https://www.growbaratochile.cl/canna/coco-a-b.html,"",
sin-senal,https://www.growbaratochile.cl/herramientas-accesorios/cinta-adhesiva-brillo-metal.html,"",
sin-senal,https://www.growbaratochile.cl/top-crop/top-coco-ab.html,"",
sin-senal,https://www.growbaratochile.cl/extraccion-de-resina/bolsa-triangular-para-bubblextractor.html,"",
sin-senal,https://www.growbaratochile.cl/extraccion-de-resina/caja-curado-marihuana-cedro.html,"",
sin-senal,https://www.growbaratochile.cl/accesorios-de-riego/regadera-cuello-largo-2l.html,"",
sin-senal,https://www.growbaratochile.cl/top-crop/bud-pack-floracion-top-crop.html,"",
sin-senal,https://www.growbaratochile.cl/sweet-seeds-auto/fast-bud-auto-sweet-seeds.html,"",
sin-senal,https://www.growbaratochile.cl/ampolletas/ampolleta-auvl-1000w-sodio.html,"",
sin-senal,https://www.growbaratochile.cl/buddha-seeds-auto/calamity-jane-buddha-seeds.html,"",
sin-senal,https://www.growbaratochile.cl/insecticidas-y-fungicidas-varios/jabon-potasico-one-insecticida.html,"",
sin-senal,https://www.growbaratochile.cl/fast-buds-american-autoflowers/lsd-25-auto.html,"",
sin-senal,https://www.growbaratochile.cl/dutch-passion-auto/auto-ultimate-gran-productora.html,"",
sin-senal,https://www.growbaratochile.cl/dutch-passion-auto/auto-cinderella-jack-clasico-sativa.html,"",
sin-senal,https://www.growbaratochile.cl/dutch-passion-auto/auto-duck-duch-passion-hoja-pie-de-pato.html,"",
sin-senal,https://www.growbaratochile.cl/fast-buds-american-autoflowers/fast-bud-blackberry-auto-sabor-mora.html,"",
sin-senal,https://www.growbaratochile.cl/fast-buds-american-autoflowers/blue-dream-matic-auto-color-azul.html,"",
sin-senal,https://www.growbaratochile.cl/fast-buds-american-autoflowers/californian-snow-auto-sabor-manzana.html,"",
sin-senal,https://www.growbaratochile.cl/fast-buds-american-autoflowers/fastberry-auto-fast-buds-sabor-arandano.html,"",
sin-senal,https://www.growbaratochile.cl/fast-buds-american-autoflowers/c4-auto-fast-buds-sabor-mantequilla.html,"",
sin-senal,https://www.growbaratochile.cl/fast-buds-american-autoflowers/g14-auto-fast-buds-sabor-dulce.html,"",
sin-senal,https://www.growbaratochile.cl/fast-buds-american-autoflowers/grapefruit-auto-fast-buds-sabor-pomelo.html,"",
sin-senal,https://www.growbaratochile.cl/humboldt-seeds-auto/og-kush-auto-humboldt-seeds.html,"",
sin-senal,https://www.growbaratochile.cl/royal-queen-seeds/chocolate-haze.html,"",
sin-senal,https://www.growbaratochile.cl/bsf-seeds-auto/red-line-auto-mix.html,"",
sin-senal,https://www.growbaratochile.cl/bsf-seeds-auto/orange-blossom-xxl.html,"",
sin-senal,https://www.growbaratochile.cl/bsf-seeds/dream-team-mix.html,"",
sin-senal,https://www.growbaratochile.cl/humboldt-seed-organization/mango-sapphire.html,"",
sin-senal,https://www.growbaratochile.cl/humboldt-seed-organization/purple-trainwreck.html,"",
sin-senal,https://www.growbaratochile.cl/humboldt-seed-organization/sapphire-og.html,"",
sin-senal,https://www.growbaratochile.cl/grotek/blossom-blaster-pro.html,"",
sin-senal,https://www.growbaratochile.cl/extractores/extractor-prima-klima.html,"",
sin-senal,https://www.growbaratochile.cl/accesorios-de-ventilacion/corona-de-metal.html,"",
sin-senal,https://www.growbaratochile.cl/semillas-de-marihuana/kit-exterior-autofloreciente.html,"",
sin-senal,https://www.growbaratochile.cl/bsf-seeds/lebron-haze.html,"",
sin-senal,https://www.growbaratochile.cl/bsf-seeds/super-lemon.html,"",
sin-senal,https://www.growbaratochile.cl/medidores-de-ph-y-ec/medidor-de-ph-hanna.html,"",
sin-senal,https://www.growbaratochile.cl/fast-buds-american-autoflowers/green-crack-auto.html,"",
sin-senal,https://www.growbaratochile.cl/semillas-de-marihuana-indica/rhino-ryder-auto.html,"",
sin-senal,https://www.growbaratochile.cl/fast-buds-american-autoflowers/stardawg-auto.html,"",
sin-senal,https://www.growbaratochile.cl/fast-buds-american-autoflowers/six-shooter-auto.html,"",
sin-senal,https://www.growbaratochile.cl/fast-buds-american-autoflowers/west-coast-og-auto.html,"",
sin-senal,https://www.growbaratochile.cl/fast-buds-american-autoflowers/gorilla-glue-auto.html,"",
sin-senal,https://www.growbaratochile.cl/fast-buds-american-autoflowers/pineapple-expres-auto.html,"",
sin-senal,https://www.growbaratochile.cl/fast-buds-american-autoflowers/crystal-meth-auto.html,"",
sin-senal,https://www.growbaratochile.cl/fast-buds-american-autoflowers/mexican-airlines-auto.html,"",
sin-senal,https://www.growbaratochile.cl/fast-buds-american-autoflowers/lemon-ak-auto.html,"",
sin-senal,https://www.growbaratochile.cl/fast-buds-american-autoflowers/zkittlez-auto.html,"",
sin-senal,https://www.growbaratochile.cl/fast-buds-american-autoflowers/cbd-crack-auto.html,"",
sin-senal,https://www.growbaratochile.cl/plant-success/orca-mycorrizas.html,"",
sin-senal,https://www.growbaratochile.cl/plant-success/myco-chum.html,"",
sin-senal,https://www.growbaratochile.cl/ambientadores/evap-air.html,"",
sin-senal,https://www.growbaratochile.cl/blimburn-seeds/zombie-death-fuck.html,"",
sin-senal,https://www.growbaratochile.cl/bsf-seeds-auto/all-star-auto-mix.html,"",
sin-senal,https://www.growbaratochile.cl/ampolletas/ampolleta-sodio-400w.html,"",
sin-senal,https://www.growbaratochile.cl/accesorios-de-riego/termometro-con-ventosa.html,"",
sin-senal,https://www.growbaratochile.cl/bac/bac-coco-grow-ab.html,"",
sin-senal,https://www.growbaratochile.cl/bac/bac-coco-bloom-ab.html,"",
sin-senal,https://www.growbaratochile.cl/sweet-seeds-auto/auto-crystal-candy.html,"",
sin-senal,https://www.growbaratochile.cl/apex-seeds-auto/auto-ossis.html,"",
sin-senal,https://www.growbaratochile.cl/apex-seeds-auto/auto-kalashnikov.html,"",
sin-senal,https://www.growbaratochile.cl/apex-seeds-auto/auto-critical-xxl.html,"",
sin-senal,https://www.growbaratochile.cl/apex-seeds/alaska-s-flavor.html,"",
sin-senal,https://www.growbaratochile.cl/apex-seeds/apex-secret.html,"",
sin-senal,https://www.growbaratochile.cl/apex-seeds/chunky-cookies.html,"",
sin-senal,https://www.growbaratochile.cl/apex-seeds/x-berry.html,"",
sin-senal,https://www.growbaratochile.cl/apex-seeds/somango-x.html,"",
sin-senal,https://www.growbaratochile.cl/apex-seeds/apex-widow.html,"",
sin-senal,https://www.growbaratochile.cl/apex-seeds/critical-x.html,"",
sin-senal,https://www.growbaratochile.cl/apex-seeds/x-kunk.html,"",
sin-senal,https://www.growbaratochile.cl/apex-seeds/dynamis.html,"",
sin-senal,https://www.growbaratochile.cl/apex-seeds/blue-monkey.html,"",
sin-senal,https://www.growbaratochile.cl/apex-seeds/insomnia.html,"",
sin-senal,https://www.growbaratochile.cl/bsf-seeds/moby-d-fem.html,"",
sin-senal,https://www.growbaratochile.cl/bsf-seeds-auto/lebron-haze-xxl-auto.html,"",
sin-senal,https://www.growbaratochile.cl/sweet-seeds-auto/sweet-nurse-auto-cbd.html,"",
sin-senal,https://www.growbaratochile.cl/royal-queen-seeds-auto/royal-gorilla-automatic.html,"",
sin-senal,https://www.growbaratochile.cl/sweet-seeds-auto/sweet-mix-auto.html,"",
sin-senal,https://www.growbaratochile.cl/laaos-biofertilizantes/alquiroots.html,"",
sin-senal,https://www.growbaratochile.cl/laaos-biofertilizantes/vegalquimia.html,"",
sin-senal,https://www.growbaratochile.cl/laaos-biofertilizantes/floralquimia.html,"",
sin-senal,https://www.growbaratochile.cl/ampolletas/ampolleta-vanguard-lec.html,"",
sin-senal,https://www.growbaratochile.cl/barney-s-farm/ayahuasca-purple.html,"",
url-no-producto,https://www.growbaratochile.cl/articulos-para-el-fumador/cartrige-para-esencias.html,"",
sin-senal,https://www.growbaratochile.cl/componentes/soquete-ceramica.html,"",
sin-senal,https://www.growbaratochile.cl/plagron/plagron-pk-1314.html,"",
sin-senal,https://www.growbaratochile.cl/articulos-para-el-fumador/rejillas-borosilicato.html,"",
sin-senal,https://www.growbaratochile.cl/buddha-seeds/medikit.html,"",
sin-senal,https://www.growbaratochile.cl/dutch-passion/the-ultimate.html,"",
sin-senal,https://www.growbaratochile.cl/lamparas-de-bajo-consumo/agrolite-floracion.html,"",
sin-senal,https://www.growbaratochile.cl/bac/bac-organic-starters-kit.html,"",
sin-senal,https://www.growbaratochile.cl/plagron/ph-plus.html,"",
sin-senal,https://www.growbaratochile.cl/plagron/pure-zym.html,"",
sin-senal,https://www.growbaratochile.cl/plagron/hydro-ab.html,"",
sin-senal,https://www.growbaratochile.cl/ripper-seeds/chempie.html,"",
sin-senal,https://www.growbaratochile.cl/bsf-seeds-auto/psycho-xxl-automix.html,"",
sin-senal,https://www.growbaratochile.cl/articulos-para-el-fumador/enrrolador-plastico.html,"",
sin-senal,https://www.growbaratochile.cl/medical-seeds-feminizadas/mendocino-chanel-kush.html,"",
sin-senal,https://www.growbaratochile.cl/medical-seeds-feminizadas/sour-glue.html,"",
sin-senal,https://www.growbaratochile.cl/buddha-seeds/morpheus.html,"",
sin-senal,https://www.growbaratochile.cl/accesorios-de-riego/calentador-agua.html,"",
sin-senal,https://www.growbaratochile.cl/tuberias-y-piezas-de-polietileno/t-16mm.html,"",
sin-senal,https://www.growbaratochile.cl/tuberias-y-piezas-de-polietileno/bolsa-de-piezas.html,"",
sin-senal,https://www.growbaratochile.cl/tuberias-y-piezas-de-polietileno/codo-16mm.html,"",
sin-senal,https://www.growbaratochile.cl/tuberias-y-piezas-de-polietileno/valvula-manguito.html,"",
sin-senal,https://www.growbaratochile.cl/tuberias-y-piezas-de-polietileno/pincho-gotero.html,"",
sin-senal,https://www.growbaratochile.cl/tuberias-y-piezas-de-polietileno/empalme-16mm.html,"",
sin-senal,https://www.growbaratochile.cl/tuberias-y-piezas-de-polietileno/gotero-medusa.html,"",
sin-senal,https://www.growbaratochile.cl/tuberias-y-piezas-de-polietileno/gotero-ht.html,"",
sin-senal,https://www.growbaratochile.cl/tuberias-y-piezas-de-polietileno/tapon-final-ramal.html,"",
sin-senal,https://www.growbaratochile.cl/ampolletas/ampolleta-agrolite-dual.html,"",
sin-senal,https://www.growbaratochile.cl/green-house-feeding/powder-feeding-enhancer.html,"",
sin-senal,https://www.growbaratochile.cl/green-house-feeding/powder-feeding-biogrow.html,"",
sin-senal,https://www.growbaratochile.cl/green-house-feeding/powder-feeding-biobloom.html,"",
sin-senal,https://www.growbaratochile.cl/accesorios-de-riego/bomba-de-aire.html,"",
sin-senal,https://www.growbaratochile.cl/pyramid-seeds/kukulkan.html,"",
sin-senal,https://www.growbaratochile.cl/fast-buds-american-autoflowers/smoothie-auto.html,"",
sin-senal,https://www.growbaratochile.cl/pyramid-seeds-auto/auto-ramses.html,"",
sin-senal,https://www.growbaratochile.cl/pyramid-seeds-auto/auto-olympia.html,"",
sin-senal,https://www.growbaratochile.cl/barney-s-farm-auto/zkittlez-og-auto.html,"",
sin-senal,https://www.growbaratochile.cl/barney-s-farm-auto/glue-gelato-auto.html,"",
sin-senal,https://www.growbaratochile.cl/barney-s-farm-auto/lsd-auto.html,"",
sin-senal,https://www.growbaratochile.cl/articulos-para-el-fumador/bote-lente-aumento.html,"",
sin-senal,https://www.growbaratochile.cl/articulos-para-el-fumador/base-levitatoria.html,"",
sin-senal,https://www.growbaratochile.cl/house-garden/algen-extract.html,"",
sin-senal,https://www.growbaratochile.cl/house-garden/amino-treatment.html,"",
sin-senal,https://www.growbaratochile.cl/house-garden/aqua-flakes-ab.html,"",
sin-senal,https://www.growbaratochile.cl/house-garden/bud-xl.html,"",
sin-senal,https://www.growbaratochile.cl/house-garden/cocos-ab.html,"",
sin-senal,https://www.growbaratochile.cl/house-garden/drip-clean.html,"",
sin-senal,https://www.growbaratochile.cl/house-garden/magic-green.html,"",
sin-senal,https://www.growbaratochile.cl/house-garden/multizyme.html,"",
sin-senal,https://www.growbaratochile.cl/house-garden/n-27-nitrogen.html,"",
sin-senal,https://www.growbaratochile.cl/house-garden/roots-excelurator-gold.html,"",
sin-senal,https://www.growbaratochile.cl/house-garden/shooting-powder.html,"",
sin-senal,https://www.growbaratochile.cl/house-garden/soil-ab.html,"",
sin-senal,https://www.growbaratochile.cl/house-garden/starter-kit-soil.html,"",
sin-senal,https://www.growbaratochile.cl/house-garden/top-booster.html,"",
sin-senal,https://www.growbaratochile.cl/house-garden/top-shooter.html,"",
sin-senal,https://www.growbaratochile.cl/sustratos/coco-mix.html,"",
sin-senal,https://www.growbaratochile.cl/madres-y-esquejes/clon-air.html,"",
sin-senal,https://www.growbaratochile.cl/articulos-para-el-fumador/lata-pequena.html,"",
sin-senal,https://www.growbaratochile.cl/ripper-seeds/do-g.html,"",
sin-senal,https://www.growbaratochile.cl/ripper-seeds/brain-cake.html,"",
sin-senal,https://www.growbaratochile.cl/grotek-organics/black-pearl.html,"",
sin-senal,https://www.growbaratochile.cl/abonos-cannabiogen/delta-1.html,"",
sin-senal,https://www.growbaratochile.cl/biobizz/ph-regulator.html,"",
sin-senal,https://www.growbaratochile.cl/biobizz/ph-regulator-biobizz.html,"",
sin-senal,https://www.growbaratochile.cl/grotek-organics/core-organics.html,"",
sin-senal,https://www.growbaratochile.cl/grotek-organics/vital-organics.html,"",
sin-senal,https://www.growbaratochile.cl/grotek-organics/micro-power-organics.html,"",
sin-senal,https://www.growbaratochile.cl/grotek-organics/growth-max-organics.html,"",
sin-senal,https://www.growbaratochile.cl/grotek-organics/rype-organics.html,"",
sin-senal,https://www.growbaratochile.cl/grotek-organics/root-force-organics.html,"",
sin-senal,https://www.growbaratochile.cl/barney-s-farm/gorilla-zkittlez.html,"",
sin-senal,https://www.growbaratochile.cl/th-seeds/darkstar.html,"",
sin-senal,https://www.growbaratochile.cl/th-seeds/sage.html,"",
sin-senal,https://www.growbaratochile.cl/th-seeds/roof-95.html,"",
sin-senal,https://www.growbaratochile.cl/th-seeds/mob.html,"",
sin-senal,https://www.growbaratochile.cl/th-seeds/underdawg.html,"",
sin-senal,https://www.growbaratochile.cl/th-seeds/mk-ultra-x-bubblegum.html,"",
sin-senal,https://www.growbaratochile.cl/insecticidas-y-fungicidas-varios/sublimador-de-azufre.html,"",
sin-senal,https://www.growbaratochile.cl/r-kiem-seeds/sublimator.html,"",
sin-senal,https://www.growbaratochile.cl/sweet-seeds-auto/sweet-gelato-auto.html,"",
sin-senal,https://www.growbaratochile.cl/sweet-seeds/red-mandarine-fast-version-f1.html,"",
sin-senal,https://www.growbaratochile.cl/apex-seeds-auto/auto-satelles.html,"",
sin-senal,https://www.growbaratochile.cl/apex-seeds-auto/auto-insomnia.html,"",
sin-senal,https://www.growbaratochile.cl/componentes/poleas-con-freno.html,"",
sin-senal,https://www.growbaratochile.cl/sweet-seeds-auto/green-poison-auto.html,"",
sin-senal,https://www.growbaratochile.cl/sweet-seeds-auto/big-devil-auto.html,"",
sin-senal,https://www.growbaratochile.cl/libros-sobre-cultivo/libro-hidroponia.html,"",
sin-senal,https://www.growbaratochile.cl/biobizz/try-pack-hydro.html,"",
sin-senal,https://www.growbaratochile.cl/eva-seeds/gorilla-candy.html,"",
sin-senal,https://www.growbaratochile.cl/eva-seeds/furious-candy.html,"",
sin-senal,https://www.growbaratochile.cl/fast-buds-american-autoflowers/gelato-auto.html,"",
sin-senal,https://www.growbaratochile.cl/grotek-organics/synergy-organics.html,"",
sin-senal,https://www.growbaratochile.cl/sweet-seeds-auto/killer-kush-auto.html,"",
sin-senal,https://www.growbaratochile.cl/sweet-seeds-auto/ice-cool-auto.html,"",
sin-senal,https://www.growbaratochile.cl/sweet-seeds-auto/jack-47-xl-auto.html,"",
sin-senal,https://www.growbaratochile.cl/house-garden/rhizo-force.html,"",
sin-senal,https://www.growbaratochile.cl/cyco/cyco-xl.html,"",
sin-senal,https://www.growbaratochile.cl/cyco/dr-repair.html,"",
sin-senal,https://www.growbaratochile.cl/cyco/b1-boost.html,"",
sin-senal,https://www.growbaratochile.cl/cyco/potash-plus.html,"",
sin-senal,https://www.growbaratochile.cl/cyco/ryzofuel.html,"",
sin-senal,https://www.growbaratochile.cl/cyco/zyme.html,"",
sin-senal,https://www.growbaratochile.cl/cyco/uptake.html,"",
sin-senal,https://www.growbaratochile.cl/cyco/suga-rush.html,"",
sin-senal,https://www.growbaratochile.cl/cyco/swell.html,"",
sin-senal,https://www.growbaratochile.cl/cyco/supa-stiky.html,"",
sin-senal,https://www.growbaratochile.cl/cyco/silica.html,"",
sin-senal,https://www.growbaratochile.cl/cyco/grow-ab.html,"",
sin-senal,https://www.growbaratochile.cl/cyco/bloom-ab.html,"",
sin-senal,https://www.growbaratochile.cl/cyco/kleanse.html,"",
sin-senal,https://www.growbaratochile.cl/cyco/prokit-sugar.html,"",
sin-senal,https://www.growbaratochile.cl/cyco/prokit-xl.html,"",
sin-senal,https://www.growbaratochile.cl/paradise-seeds/nebula-ii-cbd.html,"",
sin-senal,https://www.growbaratochile.cl/wonderland-agronutrients/big-vegeta.html,"",
sin-senal,https://www.growbaratochile.cl/wonderland-agronutrients/sweet-bloom.html,"",
sin-senal,https://www.growbaratochile.cl/wonderland-agronutrients/algae-plus.html,"",
sin-senal,https://www.growbaratochile.cl/wonderland-agronutrients/tripack-organico.html,"",
sin-senal,https://www.growbaratochile.cl/bac/plant-vitality-plus.html,"",
sin-senal,https://www.growbaratochile.cl/estimuladores-y-hormonas/happy-clover.html,"",
sin-senal,https://www.growbaratochile.cl/despues-de-la-cosecha/bomba-vacio-electrica.html,"",
sin-senal,https://www.growbaratochile.cl/despues-de-la-cosecha/bolsas-de-vacio-23-x-28-cm.html,"",
sin-senal,https://www.growbaratochile.cl/anasac-ambiental/aranas-green-line.html,"",
sin-senal,https://www.growbaratochile.cl/anasac-ambiental/aceite-springhill.html,"",
sin-senal,https://www.growbaratochile.cl/anasac-ambiental/hongos.html,"",
sin-senal,https://www.growbaratochile.cl/anasac-ambiental/hongos-eco.html,"",
sin-senal,https://www.growbaratochile.cl/anasac-ambiental/oidio.html,"",
sin-senal,https://www.growbaratochile.cl/bac/superbud-extreme.html,"",
sin-senal,https://www.growbaratochile.cl/bac/calmag-v20.html,"",
sin-senal,https://www.growbaratochile.cl/bac/yuccah.html,"",
sin-senal,https://www.growbaratochile.cl/anasac-ambiental/insectos-masticadores.html,"",
sin-senal,https://www.growbaratochile.cl/reflectores/cooltube-pro.html,"",
sin-senal,https://www.growbaratochile.cl/iluminacion-led/barra-led.html,"",
sin-senal,https://www.growbaratochile.cl/kits-de-fertilizantes/kit-nutrientes-flora.html,"",
sin-senal,https://www.growbaratochile.cl/liquidos-calibradores/liquido-calibrador.html,"",
sin-senal,https://www.growbaratochile.cl/plagron/terra-grow.html,"",
sin-senal,https://www.growbaratochile.cl/plagron/terra-bloom.html,"",
sin-senal,https://www.growbaratochile.cl/blimburn-seeds/og-kush-blimburn-seeds.html,"",
sin-senal,https://www.growbaratochile.cl/barney-s-farm-auto/purple-punch-auto.html,"",
sin-senal,https://www.growbaratochile.cl/ripper-seeds/omg.html,"",
sin-senal,https://www.growbaratochile.cl/ripper-seeds/kmintz.html,"",
sin-senal,https://www.growbaratochile.cl/royal-queen-seeds/royal-cookies.html,"",
sin-senal,https://www.growbaratochile.cl/royal-queen-seeds/sweet-zkittlez.html,"",
sin-senal,https://www.growbaratochile.cl/royal-queen-seeds/legendary-og-punch.html,"",
sin-senal,https://www.growbaratochile.cl/royal-queen-seeds/north-thunderfuck.html,"",
sin-senal,https://www.growbaratochile.cl/royal-queen-seeds/wedding-gelato.html,"",
sin-senal,https://www.growbaratochile.cl/royal-queen-seeds/green-crack-punch.html,"",
sin-senal,https://www.growbaratochile.cl/medidores-de-ph-y-ec/bluelab-lapiz-ec.html,"",
sin-senal,https://www.growbaratochile.cl/medidores-de-ph-y-ec/bluelab-lapiz-ph.html,"",
sin-senal,https://www.growbaratochile.cl/ampolletas/ampolleta-grow-bloom-extra-lumen.html,"",
sin-senal,https://www.growbaratochile.cl/bsf-seeds/tangie.html,"",
sin-senal,https://www.growbaratochile.cl/sensi-seeds-auto/early-skunk-automatic.html,"",
sin-senal,https://www.growbaratochile.cl/sensi-seeds-auto/big-bud-automatic.html,"",
sin-senal,https://www.growbaratochile.cl/sensi-seeds-auto/hindu-kush-automatic.html,"",
sin-senal,https://www.growbaratochile.cl/blimburn-seeds/gelato.html,"",
sin-senal,https://www.growbaratochile.cl/wonderland-agronutrients/sugar-algae.html,"",
sin-senal,https://www.growbaratochile.cl/biobizz/calmag.html,"",
sin-senal,https://www.growbaratochile.cl/iluminacion-lec/kit-iluminacion-lec-315w.html,"",
sin-senal,https://www.growbaratochile.cl/insecticidas-y-fungicidas-varios/trampas-adhesivas-amarillas.html,"",
sin-senal,https://www.growbaratochile.cl/humboldt-seeds-auto/chocolate-mint-og-auto.html,"",
sin-senal,https://www.growbaratochile.cl/ampolletas/ampolleta-haluro-metal.html,"",
sin-senal,https://www.growbaratochile.cl/sweet-seeds-auto/gorilla-girl-xl-auto.html,"",
sin-senal,https://www.growbaratochile.cl/bho-extracciones/tapete-de-silicona.html,"",
sin-senal,https://www.growbaratochile.cl/blimburn-seeds-auto/auto-girl-scout-cookies.html,"",
sin-senal,https://www.growbaratochile.cl/articulos-para-el-fumador/tabaco-de-liar.html,"",
sin-senal,https://www.growbaratochile.cl/balastros/balastro-electronico-regulable-ghp-lumaxpro.html,"",
sin-senal,https://www.growbaratochile.cl/anasac-ambiental/azufre.html,"",
sin-senal,https://www.growbaratochile.cl/royal-queen-seeds/purple-queen.html,"",
sin-senal,https://www.growbaratochile.cl/r-kiem-seeds/dead-cheese.html,"",
sin-senal,https://www.growbaratochile.cl/pyramid-seeds-auto/auto-shark.html,"",
sin-senal,https://www.growbaratochile.cl/pyramid-seeds-auto/auto-wembley.html,"",
sin-senal,https://www.growbaratochile.cl/sweet-seeds/moham-ram.html,"",
sin-senal,https://www.growbaratochile.cl/pyramid-seeds-auto/auto-american-pie.html,"",
sin-senal,https://www.growbaratochile.cl/articulos-para-el-fumador/enrolador-plastico-114.html,"",
sin-senal,https://www.growbaratochile.cl/sustratos/light-mix-50l.html,"",
sin-senal,https://www.growbaratochile.cl/the-kush-brothers/the-dark-side.html,"",
sin-senal,https://www.growbaratochile.cl/anasac-ambiental/insecticida-pulgones-anasac.html,"",
sin-senal,https://www.growbaratochile.cl/estimuladores-y-hormonas/humus-lombrisol-anasac.html,"",
sin-senal,https://www.growbaratochile.cl/the-kush-brothers/yellowstone.html,"",
sin-senal,https://www.growbaratochile.cl/the-kush-brothers/masskush.html,"",
sin-senal,https://www.growbaratochile.cl/the-kush-brothers/confidencial-og.html,"",
sin-senal,https://www.growbaratochile.cl/the-kush-brothers/og-cheese.html,"",
sin-senal,https://www.growbaratochile.cl/pyramid-seeds/olympia.html,"",
sin-senal,https://www.growbaratochile.cl/the-kush-brothers/confidencial-medicine.html,"",
sin-senal,https://www.growbaratochile.cl/the-kush-brothers/langui-kush.html,"",
sin-senal,https://www.growbaratochile.cl/the-kush-brothers/pandemia-kush.html,"",
sin-senal,https://www.growbaratochile.cl/the-kush-brothers/petro-og.html,"",
sin-senal,https://www.growbaratochile.cl/the-kush-brothers/banana-sherbet.html,"",
sin-senal,https://www.growbaratochile.cl/the-kush-brothers/dosidoss.html,"",
sin-senal,https://www.growbaratochile.cl/the-kush-brothers/gelato-royal.html,"",
sin-senal,https://www.growbaratochile.cl/the-kush-brothers/cheese-cake-cookies.html,"",
sin-senal,https://www.growbaratochile.cl/eva-seeds/lemon-king.html,"",
sin-senal,https://www.growbaratochile.cl/royal-queen-seeds/royal-domina.html,"",
sin-senal,https://www.growbaratochile.cl/royal-queen-seeds/sherbet-queen.html,"",
sin-senal,https://www.growbaratochile.cl/royal-queen-seeds-auto/blue-cheese-automatic.html,"",
sin-senal,https://www.growbaratochile.cl/royal-queen-seeds/royal-critical-kush.html,"",
sin-senal,https://www.growbaratochile.cl/royal-queen-seeds/lemon-shining-silver-haze.html,"",
sin-senal,https://www.growbaratochile.cl/sweet-seeds/red-hot-cookies.html,"",
sin-senal,https://www.growbaratochile.cl/sweet-seeds/tropicanna-poison-f1-fast-version.html,"",
sin-senal,https://www.growbaratochile.cl/sweet-seeds/zenzation-feminizada.html,"",
sin-senal,https://www.growbaratochile.cl/sweet-seeds-auto/crystal-candy-xl-auto.html,"",
sin-senal,https://www.growbaratochile.cl/sweet-seeds-auto/green-poison-xl-auto.html,"",
sin-senal,https://www.growbaratochile.cl/sweet-seeds-auto/sweet-cheese-auto.html,"",
sin-senal,https://www.growbaratochile.cl/anasac-ambiental/insecticida-anasac-plagas-rastreras-25.html,"",
sin-senal,https://www.growbaratochile.cl/componentes/timer-analogo-garden-highpro.html,"",
sin-senal,https://www.growbaratochile.cl/dutch-passion-auto/auto-euforia.html,"",
sin-senal,https://www.growbaratochile.cl/sustratos/plagron-cocos-premium.html,"",
sin-senal,https://www.growbaratochile.cl/despues-de-la-cosecha/tarro-para-curado.html,"",
sin-senal,https://www.growbaratochile.cl/plagron/plagron-cocos-brix.html,"",
sin-senal,https://www.growbaratochile.cl/luz-verde-indoor/ampolleta-agrolite-100w-dark-night.html,"",
sin-senal,https://www.growbaratochile.cl/genehtik/kritikal-bilbo-x-ak-47.html,"",
sin-senal,https://www.growbaratochile.cl/nirvana-seeds/swiss-cheese.html,"",
sin-senal,https://www.growbaratochile.cl/sensi-seeds/jack-herer-feminizada.html,"",
sin-senal,https://www.growbaratochile.cl/despues-de-la-cosecha/integra-boost-55.html,"",
sin-senal,https://www.growbaratochile.cl/sweet-seeds-auto/mohan-ram-auto.html,"",
sin-senal,https://www.growbaratochile.cl/papel-de-celulosa/papel-de-liar-hornet.html,"",
sin-senal,https://www.growbaratochile.cl/accesorios-de-riego/pulverizador-manual-pumpro.html,"",
sin-senal,https://www.growbaratochile.cl/plagron/vita-race.html,"",
sin-senal,https://www.growbaratochile.cl/semillas-a-granel/runtz-100-fem.html,"",
sin-senal,https://www.growbaratochile.cl/semillas-a-granel/wedding-cake-100-fem.html,"",
sin-senal,https://www.growbaratochile.cl/semillas-autos-a-granel/auto-runtz-100-fem.html,"",
sin-senal,https://www.growbaratochile.cl/semillas-autos-a-granel/auto-weeding-cake.html,"",
sin-senal,https://www.growbaratochile.cl/medical-seeds-feminizadas/banana-zkittlez.html,"",
sin-senal,https://www.growbaratochile.cl/sensi-seeds-auto/shiva-skunk-automatic.html,"",
sin-senal,https://www.growbaratochile.cl/sustratos/sustrato-house-garden.html,"",
sin-senal,https://www.growbaratochile.cl/pro-essence/trichodermas-de-pro-essence.html,"",
sin-senal,https://www.growbaratochile.cl/barney-s-farm/orange-sherbert.html,"",
sin-senal,https://www.growbaratochile.cl/barney-s-farm/purple-punch.html,"",
sin-senal,https://www.growbaratochile.cl/barney-s-farm/glookies.html,"",
sin-senal,https://www.growbaratochile.cl/barney-s-farm/mimosa-evo.html,"",
sin-senal,https://www.growbaratochile.cl/barney-s-farm/wedding-cake.html,"",
sin-senal,https://www.growbaratochile.cl/barney-s-farm/pink-kush.html,"",
sin-senal,https://www.growbaratochile.cl/barney-s-farm-auto/gorilla-zkittlez-auto.html,"",
sin-senal,https://www.growbaratochile.cl/barney-s-farm-auto/dos-si-dos-auto.html,"",
sin-senal,https://www.growbaratochile.cl/barney-s-farm-auto/gorilla-glue-automatic.html,"",
sin-senal,https://www.growbaratochile.cl/barney-s-farm-auto/wedding-cake-auto.html,"",
sin-senal,https://www.growbaratochile.cl/articulos-para-el-fumador/cotonitos-de-madera.html,"",
sin-senal,https://www.growbaratochile.cl/bho-extracciones/tarro-de-curado-honeypuff.html,"",
sin-senal,https://www.growbaratochile.cl/plagron/plagron-easy-pack-terra.html,"",
sin-senal,https://www.growbaratochile.cl/pro-essence/tierra-de-diatomeas-pro-essence.html,"",
sin-senal,https://www.growbaratochile.cl/bho-extracciones/tarro-para-bho.html,"",
sin-senal,https://www.growbaratochile.cl/house-garden/mgo-8-magensium.html,"",
sin-senal,https://www.growbaratochile.cl/house-garden/ph-stabilizer.html,"",
sin-senal,https://www.growbaratochile.cl/house-garden/starter-kit-coco.html,"",
sin-senal,https://www.growbaratochile.cl/house-garden/bio-1-component.html,"",
sin-senal,https://www.growbaratochile.cl/bsf-seeds/gorilla-rainbow.html,"",
sin-senal,https://www.growbaratochile.cl/bsf-seeds/white-gorilla.html,"",
sin-senal,https://www.growbaratochile.cl/bsf-seeds/gorilla-banana.html,"",
sin-senal,https://www.growbaratochile.cl/bsf-seeds/gorilla-family-mix.html,"",
sin-senal,https://www.growbaratochile.cl/accesorios-de-riego/agitador-de-agua-neptune-hydroponics.html,"",
sin-senal,https://www.growbaratochile.cl/accesorios-de-riego/bomba-de-aire-neptune-hydroponics.html,"",
sin-senal,https://www.growbaratochile.cl/sweet-seeds-auto/runtz-xl-auto.html,"",
sin-senal,https://www.growbaratochile.cl/estimuladores-y-hormonas/trebol-rojo.html,"",
sin-senal,https://www.growbaratochile.cl/estimuladores-y-hormonas/semillas-de-alfalfa.html,"",
sin-senal,https://www.growbaratochile.cl/plant-success/king-craab.html,"",
sin-senal,https://www.growbaratochile.cl/sweet-seeds/do-sweet-dos.html,"",
sin-senal,https://www.growbaratochile.cl/bac/ph-down-bac.html,"",
sin-senal,https://www.growbaratochile.cl/canna/calmag-agent.html,"",
sin-senal,https://www.growbaratochile.cl/buddha-seeds/buddha-purple-kush-no-auto.html,"",
sin-senal,https://www.growbaratochile.cl/bsf-seeds/gorilla-glue-faster-flowering.html,"",
sin-senal,https://www.growbaratochile.cl/bsf-seeds/green-tiger.html,"",
sin-senal,https://www.growbaratochile.cl/bac/ph-up-bac.html,"",
sin-senal,https://www.growbaratochile.cl/tuberias-y-piezas-de-polietileno/tubo-de-polietileno-16mm.html,"",
sin-senal,https://www.growbaratochile.cl/kits-de-cultivo-completos/kit-de-cultivo-light-60x60.html,"",
sin-senal,https://www.growbaratochile.cl/accesorios-de-riego/programador-de-riego-analogico-water-master.html,"",
sin-senal,https://www.growbaratochile.cl/fast-buds-american-autoflowers/wedding-cheesecake-auto.html,"",
sin-senal,https://www.growbaratochile.cl/pro-essence/nk-jabon-y-aceite-de-neem.html,"",
sin-senal,https://www.growbaratochile.cl/pro-essence/harzianum.html,"",
sin-senal,https://www.growbaratochile.cl/medical-seeds-feminizadas/og-kush-cbd.html,"",
sin-senal,https://www.growbaratochile.cl/semillas-autos-a-granel/auto-haze-100-fem.html,"",
sin-senal,https://www.growbaratochile.cl/semillas-autos-a-granel/auto-lavender-100-fem.html,"",
sin-senal,https://www.growbaratochile.cl/gb-strains/ice-cream-cake.html,"",
sin-senal,https://www.growbaratochile.cl/gb-strains/fruntz.html,"",
sin-senal,https://www.growbaratochile.cl/gb-strains/banana-waffelz.html,"",
sin-senal,https://www.growbaratochile.cl/gb-strains/apple-fritter.html,"",
sin-senal,https://www.growbaratochile.cl/gb-strains/unicorn-poop.html,"",
sin-senal,https://www.growbaratochile.cl/gb-strains/gb-therapy-cbd.html,"",
sin-senal,https://www.growbaratochile.cl/gb-strains/tropicanna-cookies.html,"",
sin-senal,https://www.growbaratochile.cl/gb-strains/og-kushcbd.html,"",
sin-senal,https://www.growbaratochile.cl/gb-strains/mimosa-gb.html,"",
sin-senal,https://www.growbaratochile.cl/gb-strains/harlequin-cbd.html,"",
sin-senal,https://www.growbaratochile.cl/gb-strains/blue-cheese-cbd.html,"",
sin-senal,https://www.growbaratochile.cl/gb-strains/dos-y-glue.html,"",
sin-senal,https://www.growbaratochile.cl/gb-strains/new-glue.html,"",
sin-senal,https://www.growbaratochile.cl/gb-strains/grand-daddy-purple-gdp.html,"",
sin-senal,https://www.growbaratochile.cl/gb-strains-auto/auto-unicorn-poop.html,"",
sin-senal,https://www.growbaratochile.cl/gb-strains-auto/auto-gold-pineapple.html,"",
sin-senal,https://www.growbaratochile.cl/gb-strains-auto/auto-tangerine-kush.html,"",
sin-senal,https://www.growbaratochile.cl/gb-strains-auto/auto-bubblegum-xxl.html,"",
sin-senal,https://www.growbaratochile.cl/gb-strains-auto/auto-velvet-krush.html,"",
sin-senal,https://www.growbaratochile.cl/gb-strains-auto/auto-new-glue.html,"",
sin-senal,https://www.growbaratochile.cl/gb-strains-auto/auto-pluto.html,"",
sin-senal,https://www.growbaratochile.cl/medidores-de-ph-y-ec/bluelab-solucion-de-almacenamiento-ph.html,"",
sin-senal,https://www.growbaratochile.cl/extractores/extractor-centrifugo-vk.html,"",
sin-senal,https://www.growbaratochile.cl/bac/silica-power.html,"",
sin-senal,https://www.growbaratochile.cl/iluminacion-led/led-150.html,"",
sin-senal,https://www.growbaratochile.cl/iluminacion-led/led-250.html,"",
sin-senal,https://www.growbaratochile.cl/medical-seeds-feminizadas/gelato-242.html,"",
sin-senal,https://www.growbaratochile.cl/medical-seeds-feminizadas/banana-purp.html,"",
sin-senal,https://www.growbaratochile.cl/articulos-para-el-fumador/vider.html,"",
sin-senal,https://www.growbaratochile.cl/insecticidas-y-fungicidas-varios/plag-down.html,"",
sin-senal,https://www.growbaratochile.cl/articulos-para-el-fumador/krutch.html,"",
sin-senal,https://www.growbaratochile.cl/top-crop/top-tabs.html,"",
sin-senal,https://www.growbaratochile.cl/pyramid-seeds/purple.html,"",
sin-senal,https://www.growbaratochile.cl/sweet-seeds/crystal-candy-f1-fast-version.html,"",
url-no-producto,https://www.growbaratochile.cl/articulos-para-el-fumador/cartrige-de-madera.html,"",
sin-senal,https://www.growbaratochile.cl/extraccion-de-resina/polen-maker.html,"",
sin-senal,https://www.growbaratochile.cl/semillas-a-granel/blueberry-cheesecake-fast-100-fem.html,"",
sin-senal,https://www.growbaratochile.cl/semillas-a-granel/gorilla-glue-4-100-fem.html,"",
sin-senal,https://www.growbaratochile.cl/semillas-a-granel/banana-punch-100-fem.html,"",
sin-senal,https://www.growbaratochile.cl/semillas-a-granel/larry-og-s1-100-fem.html,"",
sin-senal,https://www.growbaratochile.cl/elite-91/calmag-elite91.html,"",
sin-senal,https://www.growbaratochile.cl/elite-91/flowers-elite91.html,"",
sin-senal,https://www.growbaratochile.cl/barney-s-farm-auto/runtz-auto.html,"",
sin-senal,https://www.growbaratochile.cl/barney-s-farm-auto/skywalker-og-auto.html,"",
sin-senal,https://www.growbaratochile.cl/barney-s-farm/bubba-kush-barneys-farm.html,"",
sin-senal,https://www.growbaratochile.cl/blimburn-seeds/chocolopez.html,"",
sin-senal,https://www.growbaratochile.cl/blimburn-seeds-auto/gorilla-g4-auto.html,"",
sin-senal,https://www.growbaratochile.cl/genehtik/kritikal-bilbo-cbd.html,"",
sin-senal,https://www.growbaratochile.cl/genehtik/blubonik.html,"",
sin-senal,https://www.growbaratochile.cl/genehtik/sweet-bilbo.html,"",
sin-senal,https://www.growbaratochile.cl/genehtik/super-silver-bilbo.html,"",
sin-senal,https://www.growbaratochile.cl/peladora-de-cogollos/manicuradora-trimpro-unplugged.html,"",
sin-senal,https://www.growbaratochile.cl/medidores-de-ph-y-ec/medidor-hi9814-phcetdstemp.html,"",
sin-senal,https://www.growbaratochile.cl/semillas-a-granel/amnesia-cbd-100-fem.html,"",
sin-senal,https://www.growbaratochile.cl/semillas-a-granel/critical-cbd-100-fem.html,"",
sin-senal,https://www.growbaratochile.cl/hesi/clon-fix.html,"",
sin-senal,https://www.growbaratochile.cl/dutch-passion-auto/auto-desfran.html,"",
sin-senal,https://www.growbaratochile.cl/buddha-seeds-auto/buddha-auto-ak.html,"",
sin-senal,https://www.growbaratochile.cl/buddha-seeds-auto/buddha-auto-amnesia.html,"",
sin-senal,https://www.growbaratochile.cl/buddha-seeds-auto/buddha-auto-critical.html,"",
sin-senal,https://www.growbaratochile.cl/buddha-seeds-auto/buddha-auto-white-widow.html,"",
sin-senal,https://www.growbaratochile.cl/buddha-seeds-auto/assorted-auto-classics.html,"",
sin-senal,https://www.growbaratochile.cl/boom-nutrients-fitofortificantes/tage-boom.html,"",
sin-senal,https://www.growbaratochile.cl/boom-nutrients-fitofortificantes/cap-boom.html,"",
sin-senal,https://www.growbaratochile.cl/boom-nutrients-fitofortificantes/mimo-boom.html,"",
sin-senal,https://www.growbaratochile.cl/boom-nutrients-fitofortificantes/chi-boom.html,"",
sin-senal,https://www.growbaratochile.cl/boom-nutrients/fos-boom.html,"",
sin-senal,https://www.growbaratochile.cl/boom-nutrients/urti-boom.html,"",
sin-senal,https://www.growbaratochile.cl/boom-nutrients/organic-roots.html,"",
sin-senal,https://www.growbaratochile.cl/boom-nutrients/organic-grow-boom.html,"",
sin-senal,https://www.growbaratochile.cl/boom-nutrients/organic-bloom-boom.html,"",
sin-senal,https://www.growbaratochile.cl/fertilizantes/roots-boom.html,"",
sin-senal,https://www.growbaratochile.cl/boom-nutrients/crecimiento-boom.html,"",
sin-senal,https://www.growbaratochile.cl/boom-nutrients/floracion-boom.html,"",
sin-senal,https://www.growbaratochile.cl/boom-nutrients/super-boom.html,"",
sin-senal,https://www.growbaratochile.cl/descuento-todos/candy-boom.html,"",
sin-senal,https://www.growbaratochile.cl/boom-nutrients/start-tripack.html,"",
sin-senal,https://www.growbaratochile.cl/boom-nutrients/boom-tripack.html,"",
sin-senal,https://www.growbaratochile.cl/boom-nutrients/candy-tripack.html,"",
sin-senal,https://www.growbaratochile.cl/boom-nutrients/organic-tripack.html,"",
sin-senal,https://www.growbaratochile.cl/sweet-seeds-auto/red-gorilla-girl-auto.html,"",
sin-senal,https://www.growbaratochile.cl/sustratos/coco-mix-top-crop.html,"",
sin-senal,https://www.growbaratochile.cl/buddha-seeds-auto/medikit-cbd.html,"",
sin-senal,https://www.growbaratochile.cl/house-garden/roots-excelurator.html,"",
sin-senal,https://www.growbaratochile.cl/peladora-de-cogollos/trimpro-trimbox.html,"",
sin-senal,https://www.growbaratochile.cl/plant-success/great-white-wettable-powder-4.html,"",
sin-senal,https://www.growbaratochile.cl/accesorios-de-cultivo/yoyo-guiador-ramas.html,"",
sin-senal,https://www.growbaratochile.cl/medidores-de-ph-y-ec/solucion-de-conductividad-ec.html,"",
sin-senal,https://www.growbaratochile.cl/humboldt-seeds-auto/chem-bomb-auto.html,"",
sin-senal,https://www.growbaratochile.cl/humboldt-seed-organization/florida-gaspack.html,"",
sin-senal,https://www.growbaratochile.cl/humboldt-seeds-auto/ogkz-auto.html,"",
sin-senal,https://www.growbaratochile.cl/humboldt-seeds-auto/pineapple-chem-auto.html,"",
sin-senal,https://www.growbaratochile.cl/humboldt-seeds-auto/mango-og-auto.html,"",
sin-senal,https://www.growbaratochile.cl/articulos-para-el-fumador/super-smoke-mi.html,"",
sin-senal,https://www.growbaratochile.cl/e-liquid/lipidos-extracciones-mi-liquid-710-30ml.html,"",
sin-senal,https://www.growbaratochile.cl/articulos-para-el-fumador/rellena-joint-mi.html,"",
sin-senal,https://www.growbaratochile.cl/bho-extracciones/jeringa-mi-3ml.html,"",
sin-senal,https://www.growbaratochile.cl/green-house-feeding/bio-starter.html,"",
sin-senal,https://www.growbaratochile.cl/green-house-feeding/mineral-starter.html,"",
sin-senal,https://www.growbaratochile.cl/estimuladores-y-hormonas/micorrizas-pewue.html,"",
sin-senal,https://www.growbaratochile.cl/despues-de-la-cosecha/armario-de-secado-y-curado-seca-tower-mi.html,"",
sin-senal,https://www.growbaratochile.cl/peladora-de-cogollos/separa-cogollos-mi.html,"",
sin-senal,https://www.growbaratochile.cl/cosecha-y-secado/caja-para-curar-cogollos-cura-box-mi.html,"",
sin-senal,https://www.growbaratochile.cl/top-crop/tripack-auto.html,"",
sin-senal,https://www.growbaratochile.cl/ripper-seeds/zombie-bride.html,"",
sin-senal,https://www.growbaratochile.cl/ripper-seeds/radical-juice.html,"",
sin-senal,https://www.growbaratochile.cl/estimuladores-y-hormonas/knactive-potenciador-genetico-250-ml.html,"",
sin-senal,https://www.growbaratochile.cl/kits-de-iluminacion/kit-iluminacion-magnetico-150w.html,"",
sin-senal,https://www.growbaratochile.cl/despues-de-la-cosecha/canna-barber.html,"",
sin-senal,https://www.growbaratochile.cl/iluminacion-led/sistema-led-blackcob-f-series.html,"",
sin-senal,https://www.growbaratochile.cl/iluminacion-led/sistema-led-blackcob-s-series.html,"",
sin-senal,https://www.growbaratochile.cl/iluminacion-led/sistema-led-blackcob-rs-series.html,"",
sin-senal,https://www.growbaratochile.cl/accesorios-de-riego/gotero-medusa-12-salidas.html,"",
sin-senal,https://www.growbaratochile.cl/despues-de-la-cosecha/bote-de-curado-qnubu.html,"",
sin-senal,https://www.growbaratochile.cl/maria-green/crecimiento-maria-green.html,"",
sin-senal,https://www.growbaratochile.cl/maria-green/bloom-maria-green.html,"",
sin-senal,https://www.growbaratochile.cl/maria-green/roots-maria-green.html,"",
sin-senal,https://www.growbaratochile.cl/maria-green/guardian-maria-green.html,"",
sin-senal,https://www.growbaratochile.cl/maria-green/buds-maria-green.html,"",
sin-senal,https://www.growbaratochile.cl/maria-green/superflower-maria-green.html,"",
sin-senal,https://www.growbaratochile.cl/ampolletas/ampolleta-ceramica-lec-315w-3000k-gb-lighting.html,"",
sin-senal,https://www.growbaratochile.cl/buddha-seeds/buddha-gelato.html,"",
sin-senal,https://www.growbaratochile.cl/buddha-seeds/buddha-cookie.html,"",
sin-senal,https://www.growbaratochile.cl/buddha-seeds/gorila.html,"",
sin-senal,https://www.growbaratochile.cl/buddha-seeds/buddha-dosi2.html,"",
sin-senal,https://www.growbaratochile.cl/buddha-seeds/buddha-wedding-cheesecake.html,"",
sin-senal,https://www.growbaratochile.cl/buddha-seeds-auto/buddha-auto-tangie.html,"",
sin-senal,https://www.growbaratochile.cl/buddha-seeds-auto/auto-gorila.html,"",
sin-senal,https://www.growbaratochile.cl/sweet-seeds-auto/tropicanna-poison-xl-auto.html,"",
sin-senal,https://www.growbaratochile.cl/ampolletas/ampolleta-dual-agrolite-1000w-400v.html,"",
sin-senal,https://www.growbaratochile.cl/sweet-seeds/gorilla-girl-f1-fast-version.html,"",
sin-senal,https://www.growbaratochile.cl/pro-essence/jabon-potasico-pro-essence-300-cc.html,"",
sin-senal,https://www.growbaratochile.cl/ambiente-y-tierra/termohigrometro-medipro.html,"",
sin-senal,https://www.growbaratochile.cl/humus-de-lombriz/humus-de-lombriz-pewue-5kg.html,"",
sin-senal,https://www.growbaratochile.cl/sensi-seeds/shiva-skunk.html,"",
sin-senal,https://www.growbaratochile.cl/medidores-de-ph-y-ec/bluelab-truncheon.html,"",
sin-senal,https://www.growbaratochile.cl/articulos-para-el-fumador/molde-de-silicona-para-mantequilla.html,"",
sin-senal,https://www.growbaratochile.cl/articulos-para-el-fumador/cuenco-de-silicona-gb.html,"",
sin-senal,https://www.growbaratochile.cl/articulos-para-el-fumador/caja-de-silicona.html,"",
sin-senal,https://www.growbaratochile.cl/articulos-para-el-fumador/caja-de-silicona-superheroes.html,"",
sin-senal,https://www.growbaratochile.cl/articulos-para-el-fumador/carb-cap-de-silicona.html,"",
sin-senal,https://www.growbaratochile.cl/merchandising/gorra-plana-gb-the-green-brand.html,"",
sin-senal,https://www.growbaratochile.cl/merchandising/gorra-trucker-gb-the-green-brand-.html,"",
sin-senal,https://www.growbaratochile.cl/merchandising/gorro-bucket-gb-the-green-brand.html,"",
sin-senal,https://www.growbaratochile.cl/merchandising/mochila-negrarosa-para-hombre-y-mujer-gb-the-green-brand.html,"",
sin-senal,https://www.growbaratochile.cl/merchandising/lanyard-gb-the-green-brand.html,"",
sin-senal,https://www.growbaratochile.cl/merchandising/bolsa-impermeable-gb.html,"",
sin-senal,https://www.growbaratochile.cl/bho-extracciones/tarro-de-cristal-extracciones-gb.html,"",
sin-senal,https://www.growbaratochile.cl/semillas-a-granel/forbidden-fruit-100-fem.html,"",
sin-senal,https://www.growbaratochile.cl/th-seeds-auto/auto-bubblegum.html,"",
sin-senal,https://www.growbaratochile.cl/th-seeds/french-cookies.html,"",
sin-senal,https://www.growbaratochile.cl/th-seeds/mont-blanc.html,"",
sin-senal,https://www.growbaratochile.cl/th-seeds/gelato-cake.html,"",
sin-senal,https://www.growbaratochile.cl/th-seeds/orangesicle.html,"",
sin-senal,https://www.growbaratochile.cl/th-seeds/melonsicle.html,"",
sin-senal,https://www.growbaratochile.cl/th-seeds/black-apple-hitchcock.html,"",
sin-senal,https://www.growbaratochile.cl/th-seeds/purple-banana-cream.html,"",
sin-senal,https://www.growbaratochile.cl/th-seeds/london-mint-cake.html,"",
sin-senal,https://www.growbaratochile.cl/th-seeds/watermelon-ultra.html,"",
sin-senal,https://www.growbaratochile.cl/th-seeds/vanilla-sundae.html,"",
sin-senal,https://www.growbaratochile.cl/th-seeds-auto/auto-french-cookies.html,"",
sin-senal,https://www.growbaratochile.cl/th-seeds-auto/auto-french-macaron.html,"",
sin-senal,https://www.growbaratochile.cl/th-seeds/bubblebananagum.html,"",
sin-senal,https://www.growbaratochile.cl/th-seeds/stracciatella-do-si-dos-x-sbc.html,"",
sin-senal,https://www.growbaratochile.cl/th-seeds/french-macaron.html,"",
sin-senal,https://www.growbaratochile.cl/macetas/maceta-redonda-biodegradable.html,"",
sin-senal,https://www.growbaratochile.cl/fertilizantes/guano-rojo-bioecological-1-kg.html,"",
sin-senal,https://www.growbaratochile.cl/apex-seeds/wedding-crasher.html,"",
sin-senal,https://www.growbaratochile.cl/apex-seeds/choco-muffin.html,"",
sin-senal,https://www.growbaratochile.cl/apex-seeds/biscotti.html,"",
sin-senal,https://www.growbaratochile.cl/apex-seeds/x-med-cbd-plus.html,"",
sin-senal,https://www.growbaratochile.cl/apex-seeds-auto/auto-biscotti.html,"",
sin-senal,https://www.growbaratochile.cl/apex-seeds-auto/auto-super-monkey-xxl.html,"",
sin-senal,https://www.growbaratochile.cl/apex-seeds-auto/auto-sorbet.html,"",
sin-senal,https://www.growbaratochile.cl/apex-seeds-auto/auto-critical-sorbet-xxl.html,"",
sin-senal,https://www.growbaratochile.cl/apex-seeds-auto/auto-wedding-crasher.html,"",
sin-senal,https://www.growbaratochile.cl/dutch-passion-auto/auto-orange-bud.html,"",
sin-senal,https://www.growbaratochile.cl/humboldt-seed-organization/banana-sapphire.html,"",
sin-senal,https://www.growbaratochile.cl/humboldt-seed-organization/ghost-of-nyc.html,"",
sin-senal,https://www.growbaratochile.cl/humboldt-seed-organization/cinnamon-buddha-og.html,"",
sin-senal,https://www.growbaratochile.cl/semillas-autos-a-granel/auto-bruce-banner-100-fem.html,"",
sin-senal,https://www.growbaratochile.cl/apex-seeds/white-runtz.html,"",
sin-senal,https://www.growbaratochile.cl/sweet-seeds-auto/sweet-mimosa-xl-auto.html,"",
sin-senal,https://www.growbaratochile.cl/sweet-seeds-auto/purple-punch-og-xl-auto.html,"",
sin-senal,https://www.growbaratochile.cl/spanish-passion-seeds-auto/auto-la-juanamari.html,"",
sin-senal,https://www.growbaratochile.cl/spanish-passion-seeds-auto/auto-spanish-gorilla.html,"",
sin-senal,https://www.growbaratochile.cl/spanish-passion-seeds/black-sea162.html,"",
sin-senal,https://www.growbaratochile.cl/spanish-passion-seeds/spanish-red-rose.html,"",
sin-senal,https://www.growbaratochile.cl/spanish-passion-seeds/blue-magic.html,"",
sin-senal,https://www.growbaratochile.cl/spanish-passion-seeds/madrid-night-haze.html,"",
sin-senal,https://www.growbaratochile.cl/spanish-passion-seeds/dulce-high-kick.html,"",
sin-senal,https://www.growbaratochile.cl/spanish-passion-seeds/el-chapo-haze.html,"",
sin-senal,https://www.growbaratochile.cl/liquidos-calibradores/liquido-calibrador-hanna.html,"",
sin-senal,https://www.growbaratochile.cl/merchandising/bolsa-con-cuerda-gb.html,"",
sin-senal,https://www.growbaratochile.cl/merchandising/tote-bag-gb.html,"",
sin-senal,https://www.growbaratochile.cl/medidores-de-ph-y-ec/medidor-de-ec-hanna.html,"",
sin-senal,https://www.growbaratochile.cl/semillas-autos-a-granel/auto-skunk-xxl-100-fem.html,"",
sin-senal,https://www.growbaratochile.cl/royal-queen-seeds/royal-runtz.html,"",
sin-senal,https://www.growbaratochile.cl/th-seeds/wy-kiki.html,"",
sin-senal,https://www.growbaratochile.cl/th-seeds/kushage.html,"",
sin-senal,https://www.growbaratochile.cl/th-seeds/banana-candy-krush.html,"",
sin-senal,https://www.growbaratochile.cl/humboldt-seed-organization/lemon-citron.html,"",
sin-senal,https://www.growbaratochile.cl/humboldt-seed-organization/ice-cream-cake-fast-flowering.html,"",
sin-senal,https://www.growbaratochile.cl/humboldt-seed-organization/peanut-butter-breath-fast-flowering.html,"",
sin-senal,https://www.growbaratochile.cl/humboldt-seed-organization/chocolate-mint-og-20.html,"",
sin-senal,https://www.growbaratochile.cl/humboldt-seed-organization/green-crack-20.html,"",
sin-senal,https://www.growbaratochile.cl/humboldt-seed-organization/blueberry-headband.html,"",
sin-senal,https://www.growbaratochile.cl/medidores-de-ph-y-ec/rapitest-medidor-3-en-1-vdl.html,"",
sin-senal,https://www.growbaratochile.cl/dutch-passion/skywalker-haze.html,"",
sin-senal,https://www.growbaratochile.cl/dutch-passion-auto/auto-skywalker-haze.html,"",
sin-senal,https://www.growbaratochile.cl/sustratos/jiffy7-de-turba-36mm.html,"",
sin-senal,https://www.growbaratochile.cl/merchandising/toalla-de-playa-gb.html,"",
sin-senal,https://www.growbaratochile.cl/extractores/extractor-prima-klima-pk.html,"",
sin-senal,https://www.growbaratochile.cl/extractores/extractor-prima-klima-pk-xle.html,"",
sin-senal,https://www.growbaratochile.cl/fertilizantes/guano-de-escarabajo-farminsect.html,"",
sin-senal,https://www.growbaratochile.cl/ambientadores/zerum-pro-neutralice-gel.html,"",
sin-senal,https://www.growbaratochile.cl/ambientadores/zerum-pro-neutralice-spray-cherry-12ml.html,"",
sin-senal,https://www.growbaratochile.cl/ambientadores/zerum-pro-neutralice-spray-extrem-limpio-100ml.html,"",
sin-senal,https://www.growbaratochile.cl/ambientadores/zerum-pro-neutralice-spray.html,"",
sin-senal,https://www.growbaratochile.cl/pro-essence/guano-pro-essence-sea-fowl-mix.html,"",
sin-senal,https://www.growbaratochile.cl/fast-buds-american-autoflowers/auto-mimosa.html,"",
sin-senal,https://www.growbaratochile.cl/fast-buds-american-autoflowers/auto-lemon.html,"",
sin-senal,https://www.growbaratochile.cl/fast-buds-american-autoflowers/auto-gorilla-gookies.html,"",
sin-senal,https://www.growbaratochile.cl/anasac-ambiental/cyperkill.html,"",
sin-senal,https://www.growbaratochile.cl/anasac-ambiental/repelente-de-conchuelas.html,"",
sin-senal,https://www.growbaratochile.cl/humus-de-lombriz/hummus-liquido.html,"",
sin-senal,https://www.growbaratochile.cl/estimuladores-y-hormonas/guano-liquido-de-ave.html,"",
sin-senal,https://www.growbaratochile.cl/boom-nutrients/compactor-boom.html,"",
sin-senal,https://www.growbaratochile.cl/boom-nutrients/resin-boom.html,"",
sin-senal,https://www.growbaratochile.cl/boom-nutrients/ph-boom.html,"",
sin-senal,https://www.growbaratochile.cl/boom-nutrients/ph-up-boom.html,"",
sin-senal,https://www.growbaratochile.cl/barney-s-farm/tropicanna-banana.html,"",
sin-senal,https://www.growbaratochile.cl/barney-s-farm/biscotti-mintz.html,"",
sin-senal,https://www.growbaratochile.cl/barney-s-farm/runtz-muffin.html,"",
sin-senal,https://www.growbaratochile.cl/barney-s-farm/lemon-tree.html,"",
sin-senal,https://www.growbaratochile.cl/barney-s-farm/banana-punch.html,"",
sin-senal,https://www.growbaratochile.cl/barney-s-farm/blue-sunset-sherbert.html,"",
sin-senal,https://www.growbaratochile.cl/barney-s-farm/kush-mintz.html,"",
sin-senal,https://www.growbaratochile.cl/barney-s-farm/gelato-45.html,"",
sin-senal,https://www.growbaratochile.cl/barney-s-farm/dos-si-dos-33.html,"",
sin-senal,https://www.growbaratochile.cl/boom-nutrients/calmag-boom.html,"",
sin-senal,https://www.growbaratochile.cl/boom-nutrients/flush-boom.html,"",
sin-senal,https://www.growbaratochile.cl/boom-nutrients/delta-boom.html,"",
sin-senal,https://www.growbaratochile.cl/boom-nutrients/enzym-boom.html,"",
sin-senal,https://www.growbaratochile.cl/boom-nutrients/auto-boom.html,"",
sin-senal,https://www.growbaratochile.cl/boom-nutrients/auto-tripack.html,"",
sin-senal,https://www.growbaratochile.cl/boom-nutrients/cloner-boom.html,"",
sin-senal,https://www.growbaratochile.cl/advanced-nutrients/bud-factor-x.html,"",
sin-senal,https://www.growbaratochile.cl/advanced-nutrients/sensi-grow-ab-ph-perfect.html,"",
sin-senal,https://www.growbaratochile.cl/advanced-nutrients/sensi-bloom-ab-advanced-nutrients-ph-perfect.html,"",
sin-senal,https://www.growbaratochile.cl/bsf-seeds-auto/critical-2-xxl-auto.html,"",
sin-senal,https://www.growbaratochile.cl/sustratos/sustrato-light-mix-boom-nutrients.html,"",
sin-senal,https://www.growbaratochile.cl/top-crop/top-mass-top-crop.html,"",
sin-senal,https://www.growbaratochile.cl/articulos-para-el-fumador/billetera-nylon-billford-wallet.html,"",
sin-senal,https://www.growbaratochile.cl/articulos-para-el-fumador/billetera-textured-faux-leather-wallet.html,"",
sin-senal,https://www.growbaratochile.cl/humboldt-seed-organization/runtz-fast-flowering.html,"",
sin-senal,https://www.growbaratochile.cl/top-crop/top-lemon.html,"",
sin-senal,https://www.growbaratochile.cl/top-crop/calmag-top-crop.html,"",
sin-senal,https://www.growbaratochile.cl/ampolletas/ampolleta-lec-315w-agrolite-3000k.html,"",
sin-senal,https://www.growbaratochile.cl/eva-seeds/only-cbd.html,"",
sin-senal,https://www.growbaratochile.cl/insecticidas-y-fungicidas-varios/apply-water-aranita-roja.html,"",
sin-senal,https://www.growbaratochile.cl/strain-machine-auto/banana-beach-auto.html,"",
sin-senal,https://www.growbaratochile.cl/strain-machine-auto/auto-gelato-glue.html,"",
sin-senal,https://www.growbaratochile.cl/strain-machine-auto/auto-pineapple-express-xl.html,"",
sin-senal,https://www.growbaratochile.cl/strain-machine-auto/auto-tangie-xl.html,"",
sin-senal,https://www.growbaratochile.cl/strain-machine-auto/auto-tropicanna-lemon.html,"",
sin-senal,https://www.growbaratochile.cl/strain-machine-auto/auto-watermelon.html,"",
sin-senal,https://www.growbaratochile.cl/strain-machine/rat-rod-fast-version-f1.html,"",
sin-senal,https://www.growbaratochile.cl/strain-machine/big-daddy-fast-version-f1.html,"",
sin-senal,https://www.growbaratochile.cl/strain-machine/banana-beach.html,"",
sin-senal,https://www.growbaratochile.cl/strain-machine/hawaiian-shark.html,"",
sin-senal,https://www.growbaratochile.cl/strain-machine/tropicanna-lemon.html,"",
sin-senal,https://www.growbaratochile.cl/gb-strains-auto/auto-apple-fritter-xxl.html,"",
sin-senal,https://www.growbaratochile.cl/gb-strains-auto/auto-blue-cheese-cbd.html,"",
sin-senal,https://www.growbaratochile.cl/gb-strains-auto/auto-mimosa-cocktail-xxl.html,"",
sin-senal,https://www.growbaratochile.cl/gb-strains-auto/auto-grand-daddy-purple-xxl.html,"",
sin-senal,https://www.growbaratochile.cl/parafarmacia-cannabica/aceite-aislado-cbdolores-mi.html,"",
sin-senal,https://www.growbaratochile.cl/parafarmacia-cannabica/bombita-efervescente-de-bano-cbd-mi.html,"",
sin-senal,https://www.growbaratochile.cl/parafarmacia-cannabica/capsulas-cbdolores-mi.html,"",
url-no-producto,https://www.growbaratochile.cl/parafarmacia-cannabica/cartucho-cbdolores-mi.html,"",
sin-senal,https://www.growbaratochile.cl/parafarmacia-cannabica/gel-de-canamo-mi.html,"",
sin-senal,https://www.growbaratochile.cl/parafarmacia-cannabica/gomitas-cbdolores-mi.html,"",
sin-senal,https://www.growbaratochile.cl/parafarmacia-cannabica/ungueento-cbdolores-mi.html,"",
sin-senal,https://www.growbaratochile.cl/estimuladores-y-hormonas/tierra-de-diatomeas-gb.html,"",
sin-senal,https://www.growbaratochile.cl/parafarmacia-cannabica/jabon-exfoliante-corporal-canamo-mi.html,"",
sin-senal,https://www.growbaratochile.cl/sustratos/all-mix-boom-nutrients.html,"",
sin-senal,https://www.growbaratochile.cl/sweet-seeds-auto/fast-bud-auto.html,"",
sin-senal,https://www.growbaratochile.cl/sustratos/perlita-boom-nutrients.html,"",
sin-senal,https://www.growbaratochile.cl/bac/frooting-power.html,"",
sin-senal,https://www.growbaratochile.cl/kit-cultivo-hongos/treasure-cost.html,"",
sin-senal,https://www.growbaratochile.cl/esporas-psilocibina/thai-classic.html,"",
sin-senal,https://www.growbaratochile.cl/kit-cultivo-hongos/mazatapec.html,"",
sin-senal,https://www.growbaratochile.cl/kit-cultivo-hongos/huatla.html,"",
sin-senal,https://www.growbaratochile.cl/kit-cultivo-hongos/dancing-tiger.html,"",
sin-senal,https://www.growbaratochile.cl/kit-cultivo-hongos/monotube-cambodian.html,"",
sin-senal,https://www.growbaratochile.cl/kit-cultivo-hongos/b-.html,"",
sin-senal,https://www.growbaratochile.cl/sustratos/arcilla-expandida-boom-nutrients.html,"",
sin-senal,https://www.growbaratochile.cl/bsf-seeds/critical-2.html,"",
sin-senal,https://www.growbaratochile.cl/semillas-a-granel/amnesia-fast-cbd.html,"",
sin-senal,https://www.growbaratochile.cl/semillas-a-granel/wedding-cake-fast.html,"",
sin-senal,https://www.growbaratochile.cl/semillas-a-granel/critical-fast.html,"",
sin-senal,https://www.growbaratochile.cl/strain-machine/halloween-candy.html,"",
sin-senal,https://www.growbaratochile.cl/ambientadores/zerum-pro-liquido-recarga.html,"",
sin-senal,https://www.growbaratochile.cl/accesorios-de-riego/tapones-de-riego-por-goteo-medusa.html,"",
sin-senal,https://www.growbaratochile.cl/exclusive-seeds-bank/super-mandarina.html,"",
sin-senal,https://www.growbaratochile.cl/exclusive-seeds-bank/kush-exclusive.html,"",
sin-senal,https://www.growbaratochile.cl/exclusive-seeds-bank/exclusi-dos.html,"",
sin-senal,https://www.growbaratochile.cl/exclusive-seeds-bank/gorilla-exclusive.html,"",
sin-senal,https://www.growbaratochile.cl/exclusive-seeds-bank/tutti-gelato.html,"",
sin-senal,https://www.growbaratochile.cl/exclusive-seeds-bank-auto/auto-big-blue.html,"",
sin-senal,https://www.growbaratochile.cl/exclusive-seeds-bank-auto/auto-mandarina.html,"",
sin-senal,https://www.growbaratochile.cl/exclusive-seeds-bank-auto/auto-nemo.html,"",
sin-senal,https://www.growbaratochile.cl/exclusive-seeds-bank-auto/auto-bilberry.html,"",
sin-senal,https://www.growbaratochile.cl/exclusive-seeds-bank-auto/auto-mozar.html,"",
sin-senal,https://www.growbaratochile.cl/exclusive-seeds-bank-auto/auto-tasty.html,"",
sin-senal,https://www.growbaratochile.cl/componentes/polea-con-freno-prohanger-xl-68-kg.html,"",
sin-senal,https://www.growbaratochile.cl/top-crop/pk-13-14-top-crop.html,"",
sin-senal,https://www.growbaratochile.cl/merchandising/guardacanos-negro-gb-the-green-brand.html,"",
sin-senal,https://www.growbaratochile.cl/ripper-seeds-auto/sour-ripper-auto.html,"",
sin-senal,https://www.growbaratochile.cl/ripper-seeds-auto/kmintz-auto.html,"",
sin-senal,https://www.growbaratochile.cl/ripper-seeds-auto/zombie-kush-auto.html,"",
sin-senal,https://www.growbaratochile.cl/ripper-seeds-auto/radical-juice-auto.html,"",
sin-senal,https://www.growbaratochile.cl/reflectores/reflector-stucco-watermark.html,"",
sin-senal,https://www.growbaratochile.cl/parafernalia/porta-pitos-kema.html,"",
sin-senal,https://www.growbaratochile.cl/iluminacion-led/led-apollo-evolution-4-pro-150w.html,"",
sin-senal,https://www.growbaratochile.cl/fertilizantes/vitalical.html,"",
sin-senal,https://www.growbaratochile.cl/fertilizantes/vitalipro.html,"",
sin-senal,https://www.growbaratochile.cl/fertilizantes/vitalisil.html,"",
sin-senal,https://www.growbaratochile.cl/macetas/maceta-de-tela-sin-asas-root-pouch.html,"",
sin-senal,https://www.growbaratochile.cl/macetas/maceta-de-tela-con-asas-root-pouch.html,"",
sin-senal,https://www.growbaratochile.cl/insecticidas-y-fungicidas-varios/desinfectindoor-mi.html,"",
sin-senal,https://www.growbaratochile.cl/insecticidas-y-fungicidas-varios/oidio-kill-mi.html,"",
sin-senal,https://www.growbaratochile.cl/insecticidas-y-fungicidas-varios/plaga-mix-mi.html,"",
sin-senal,https://www.growbaratochile.cl/sustratos/turba-eco-anasac.html,"",
sin-senal,https://www.growbaratochile.cl/control-de-clima/grow-genetics-extractor-en-linea-air-shooter-.html,"",
sin-senal,https://www.growbaratochile.cl/sweet-seeds/sweet-seeds-san-fernando-lemon-kush-31.html,"",
sin-senal,https://www.growbaratochile.cl/pyramid-seeds/gorilla-pyramid-seeds.html,"",
sin-senal,https://www.growbaratochile.cl/articulos-para-el-fumador/cigarrera-plastica-mate.html,"",
sin-senal,https://www.growbaratochile.cl/articulos-para-el-fumador/cigarrera-plastica-tornasol.html,"",
sin-senal,https://www.growbaratochile.cl/articulos-para-el-fumador/enrolador-plastico-lady-hornet.html,"",
sin-senal,https://www.growbaratochile.cl/barney-s-farm-auto/blueberry-cheese-auto-.html,"",
sin-senal,https://www.growbaratochile.cl/hidroponia-y-aeroponia/neptune-hydroponics-dwc-pot-25l.html,"",
sin-senal,https://www.growbaratochile.cl/advanced-nutrients/advanced-nutrients-starter-kit.html,"",
sin-senal,https://www.growbaratochile.cl/bsf-seeds/tutti-frutti-mix-feminizadas.html,"",
sin-senal,https://www.growbaratochile.cl/bsf-seeds-auto/tutti-frutti-xxl-auto-mix.html,"",
sin-senal,https://www.growbaratochile.cl/bsf-seeds/old-skool-mix-feminizadas.html,"",
sin-senal,https://www.growbaratochile.cl/bsf-seeds/high-voltage-mix-feminizadas.html,"",
sin-senal,https://www.growbaratochile.cl/bsf-seeds/faster-and-furious-mix.html,"",
sin-senal,https://www.growbaratochile.cl/componentes/timer-digital-grow-genetics-.html,"",
sin-senal,https://www.growbaratochile.cl/medidores-de-ph-y-ec/maletin-milwaukee-phectemperatura.html,"",
sin-senal,https://www.growbaratochile.cl/green-house-seeds-co/sweet-valley-kush.html,"",
sin-senal,https://www.growbaratochile.cl/green-house-seeds-co/big-bang.html,"",
sin-senal,https://www.growbaratochile.cl/green-house-seeds-co/king-s-kush.html,"",
sin-senal,https://www.growbaratochile.cl/green-house-seeds-co/holy-punch.html,"",
sin-senal,https://www.growbaratochile.cl/green-house-seeds-co/himalaya-gold.html,"",
sin-senal,https://www.growbaratochile.cl/green-house-seeds-co/banana-krumble.html,"",
sin-senal,https://www.growbaratochile.cl/green-house-seeds-co/wonder-pie.html,"",
sin-senal,https://www.growbaratochile.cl/sensi-seeds/silver-fire-.html,"",
sin-senal,https://www.growbaratochile.cl/sensi-seeds/amnesia-feminizada.html,"",
sin-senal,https://www.growbaratochile.cl/sensi-seeds/skunk-kush.html,"",
sin-senal,https://www.growbaratochile.cl/sensi-seeds/jamaican-pearl.html,"",
sin-senal,https://www.growbaratochile.cl/sensi-seeds/black-harlequin.html,"",
sin-senal,https://www.growbaratochile.cl/sensi-seeds/himalayan-cbd.html,"",
sin-senal,https://www.growbaratochile.cl/sensi-seeds/cobalt-haze.html,"",
sin-senal,https://www.growbaratochile.cl/sensi-seeds/hindu-kush-.html,"",
sin-senal,https://www.growbaratochile.cl/sensi-seeds-auto/purple-skunk-auto.html,"",
sin-senal,https://www.growbaratochile.cl/sensi-seeds-auto/banana-kush-auto.html,"",
sin-senal,https://www.growbaratochile.cl/sensi-seeds/michka.html,"",
sin-senal,https://www.growbaratochile.cl/sensi-seeds/durban.html,"",
sin-senal,https://www.growbaratochile.cl/sustratos/bolsa-de-sustrato-de-coco.html,"",
sin-senal,https://www.growbaratochile.cl/aceite-de-cannabis-y-canamo/aceite-de-canamo-bless-hemp-full-spectrum.html,"",
sin-senal,https://www.growbaratochile.cl/bac/bac-sugar-candy-syrup.html,"",
sin-senal,https://www.growbaratochile.cl/strain-machine-auto/auto-monster-yeti-xl.html,"",
sin-senal,https://www.growbaratochile.cl/strain-machine/cop-killer.html,"",
sin-senal,https://www.growbaratochile.cl/strain-machine-auto/auto-cheese-party.html,"",
sin-senal,https://www.growbaratochile.cl/ambientadores/ecosorb-gel-neutralizador-de-olores.html,"",
sin-senal,https://www.growbaratochile.cl/ambientadores/ecosorb-spray-eliminador-de-olores-.html,"",
sin-senal,https://www.growbaratochile.cl/bho-extracciones/wax-liquidizer-pack-de-jeringas-.html,"",
sin-senal,https://www.growbaratochile.cl/macetas/maceta-deco-redonda.html,"",
sin-senal,https://www.growbaratochile.cl/macetas/maceta-con-ruedas-cuadrada.html,"",
sin-senal,https://www.growbaratochile.cl/macetas/maceta-deco-cuadrada.html,"",
sin-senal,https://www.growbaratochile.cl/macetas/maceta-redonda-colores.html,"",
sin-senal,https://www.growbaratochile.cl/macetas/maceta-7-litros-redonda.html,"",
sin-senal,https://www.growbaratochile.cl/macetas/maceta-25-litros-redonda.html,"",
sin-senal,https://www.growbaratochile.cl/macetas/maceta-redonda-lisa.html,"",
sin-senal,https://www.growbaratochile.cl/macetas/maceta-redonda-lujo.html,"",
sin-senal,https://www.growbaratochile.cl/macetas/maceta-blanca-cuadrada.html,"",
sin-senal,https://www.growbaratochile.cl/macetas/maceta-negra-cuadrada.html,"",
sin-senal,https://www.growbaratochile.cl/macetas/maceta-colores-cuadrada.html,"",
sin-senal,https://www.growbaratochile.cl/macetas/maceta-redonda-autorregante.html,"",
sin-senal,https://www.growbaratochile.cl/herramientas-accesorios/regadera-cuello-largo.html,"",
sin-senal,https://www.growbaratochile.cl/articulos-para-el-fumador/tabaco-de-liar-amsterdamer-.html,"",
sin-senal,https://www.growbaratochile.cl/articulos-para-el-fumador/cigarrera-alien-.html,"",
sin-senal,https://www.growbaratochile.cl/fertilizantes/micotrue-full-base-250cc.html,"",
sin-senal,https://www.growbaratochile.cl/fertilizantes/micotrue-mai-krovs.html,"",
sin-senal,https://www.growbaratochile.cl/fertilizantes/micotrue-pinguano-250cc.html,"",
sin-senal,https://www.growbaratochile.cl/extractores/garden-highpro-profan-tt-extractor-de-aire.html,"",
sin-senal,https://www.growbaratochile.cl/ozonizadores/ozonizador-tubo-alf-2g-croptec.html,"",
sin-senal,https://www.growbaratochile.cl/maria-green/starter-pack-maria-green.html,"",
sin-senal,https://www.growbaratochile.cl/articulos-para-el-fumador/flora-pocket-herbal.html,"",
sin-senal,https://www.growbaratochile.cl/articulos-para-el-fumador/cigarrillos-herbales-flora.html,"",
sin-senal,https://www.growbaratochile.cl/articulos-para-el-fumador/diamond-case.html,"",
sin-senal,https://www.growbaratochile.cl/semillas-feminizadas/-mexican-sativa-sensi-seeds.html,"",
sin-senal,https://www.growbaratochile.cl/jiffy/jiffy-growblocks-coco.html,"",
sin-senal,https://www.growbaratochile.cl/sweet-seeds-auto/mimosa-bruce-banner-xl-auto.html,"",
sin-senal,https://www.growbaratochile.cl/sweet-seeds-auto/sweet-mandarine-zkittlez-xl-auto.html,"",
sin-senal,https://www.growbaratochile.cl/barney-s-farm/mimosa-x-orange-punch.html,"",
sin-senal,https://www.growbaratochile.cl/barney-s-farm/pineapple-express-feminizada.html,"",
sin-senal,https://www.growbaratochile.cl/barney-s-farm/runtz-x-layer-cake.html,"",
sin-senal,https://www.growbaratochile.cl/barney-s-farm/white-widow-xxl.html,"",
sin-senal,https://www.growbaratochile.cl/bsf-seeds/nicole-punch.html,"",
sin-senal,https://www.growbaratochile.cl/ventiladores/ventilador-de-pinza-oscilante-20w-cornwall-electronics.html,"",
sin-senal,https://www.growbaratochile.cl/estimuladores-y-hormonas/algarden-micotrue.html,"",
sin-senal,https://www.growbaratochile.cl/kit-cultivo-hongos/growbox-albino-a.html,"",
sin-senal,https://www.growbaratochile.cl/kit-cultivo-hongos/growbox-golden-teacher.html,"",
sin-senal,https://www.growbaratochile.cl/kit-cultivo-hongos/growbox-mackenaii.html,"",
sin-senal,https://www.growbaratochile.cl/kit-cultivo-hongos/growbox-melmac-exotic.html,"",
sin-senal,https://www.growbaratochile.cl/esporas-psilocibina/albino-a-natural-magic.html,"",
sin-senal,https://www.growbaratochile.cl/sustrato-para-hongos/mushbag-de-fibra-de-coco-esteril-natural-magic.html,"",
sin-senal,https://www.growbaratochile.cl/sustrato-para-hongos/pote-de-vermiculita-esteril-natural-magic.html,"",
sin-senal,https://www.growbaratochile.cl/accesorios-para-el-cultivo-de-hongos/placa-termica-7w.html,"",
sin-senal,https://www.growbaratochile.cl/esporas-psilocibina/golden-teacher-natural-magic.html,"",
sin-senal,https://www.growbaratochile.cl/esporas-psilocibina/melmac-exotic-natural-magic.html,"",
sin-senal,https://www.growbaratochile.cl/esporas-psilocibina/mckennaii-natural-magic.html,"",
sin-senal,https://www.growbaratochile.cl/kit-cultivo-hongos/monotube-albino-tidalwave.html,"",
sin-senal,https://www.growbaratochile.cl/kit-cultivo-hongos/monotube-moby-dick.html,"",
sin-senal,https://www.growbaratochile.cl/kit-cultivo-hongos/monotube-thai-buan-huan-thanon.html,"",
sin-senal,https://www.growbaratochile.cl/kit-cultivo-hongos/montube-white-rabbit.html,"",
sin-senal,https://www.growbaratochile.cl/sustrato-para-hongos/mushbag-de-grano-esteril-mantun.html,"",
sin-senal,https://www.growbaratochile.cl/sustrato-para-hongos/mushbag-de-vermiculita-hidratada-y-esterilizada-mantun.html,"",
sin-senal,https://www.growbaratochile.cl/sweet-seeds-auto/sweet-cheese-xl.html,"",
sin-senal,https://www.growbaratochile.cl/accesorios-de-riego/neptune-hydroponics-bomba-de-aire-nha.html,"",
sin-senal,https://www.growbaratochile.cl/articulos-para-el-fumador/catridge-caramica.html,"",
sin-senal,https://www.growbaratochile.cl/buddha-seeds-auto/buddha-seeds-auto-diesel.html,"",
sin-senal,https://www.growbaratochile.cl/accesorios-de-cultivo/etiqueta-lazo.html,"",
sin-senal,https://www.growbaratochile.cl/productos-mi/kit-riego-automatico-x4.html,"",
sin-senal,https://www.growbaratochile.cl/productos-mi/kit-riego-automatico-x9.html,"",
sin-senal,https://www.growbaratochile.cl/th-seeds/citron-givre.html,"",
sin-senal,https://www.growbaratochile.cl/sweet-seeds-auto/auto-red-mimosa-xl.html,"",
sin-senal,https://www.growbaratochile.cl/sweet-seeds-auto/orange-apricot-glue-xl-auto.html,"",
sin-senal,https://www.growbaratochile.cl/strain-machine/roots-sour-diesel.html,"",
sin-senal,https://www.growbaratochile.cl/esporas-psilocibina/espora-albino-tidalwave-mantun.html,"",
sin-senal,https://www.growbaratochile.cl/esporas-psilocibina/espora-b-mantun.html,"",
sin-senal,https://www.growbaratochile.cl/esporas-psilocibina/espora-cambodian-mantun.html,"",
sin-senal,https://www.growbaratochile.cl/esporas-psilocibina/espora-moby-dick-mantun.html,"",
sin-senal,https://www.growbaratochile.cl/esporas-psilocibina/espora-true-albino-teacher-mantun.html,"",
sin-senal,https://www.growbaratochile.cl/esporas-psilocibina/espora-white-rabbit-mantun.html,"",
sin-senal,https://www.growbaratochile.cl/accesorios-para-el-cultivo-de-hongos/placa-termica-20w.html,"",
sin-senal,https://www.growbaratochile.cl/accesorios-para-el-cultivo-de-hongos/termometro-digital-con-sonda.html,"",
sin-senal,https://www.growbaratochile.cl/accesorios-para-el-cultivo-de-hongos/puertos-de-inyeccion-15uds.html,"",
sin-senal,https://www.growbaratochile.cl/strain-machine/monster-yeti.html,"",
sin-senal,https://www.growbaratochile.cl/strain-machine/purple-punch-x-dosidos.html,"",
sin-senal,https://www.growbaratochile.cl/strain-machine/roots-og-kush.html,"",
sin-senal,https://www.growbaratochile.cl/strain-machine/roots-northern-lights-.html,"",
sin-senal,https://www.growbaratochile.cl/strain-machine/roots-mimosa.html,"",
sin-senal,https://www.growbaratochile.cl/strain-machine/roots-critical.html,"",
sin-senal,https://www.growbaratochile.cl/strain-machine/roots-bubble-gum.html,"",
sin-senal,https://www.growbaratochile.cl/strain-machine-auto/roots-auto-moby-dick-xxl.html,"",
sin-senal,https://www.growbaratochile.cl/strain-machine-auto/roots-auto-gorilla-glue.html,"",
sin-senal,https://www.growbaratochile.cl/strain-machine-auto/-roots-auto-bruce-banner.html,"",
sin-senal,https://www.growbaratochile.cl/strain-machine-auto/roots-auto-blue-dream.html,"",
sin-senal,https://www.growbaratochile.cl/barney-s-farm-auto/watermelon-zkittlez-auto.html,"",
sin-senal,https://www.growbaratochile.cl/bsf-seeds/orange-blossom.html,"",
sin-senal,https://www.growbaratochile.cl/buddha-seeds-auto/buddha-auto-skunk.html,"",
sin-senal,https://www.growbaratochile.cl/humboldt-seed-organization/white-runtz-fast-version-.html,"",
sin-senal,https://www.growbaratochile.cl/liquidos-calibradores/liquido-de-calibracion-ph-water-master.html,"",
sin-senal,https://www.growbaratochile.cl/extraccion-de-resina/mi-alco-clean-60ml.html,"",
sin-senal,https://www.growbaratochile.cl/anasac-ambiental/anasac-terrasan.html,"",
sin-senal,https://www.growbaratochile.cl/componentes/timer-digital-eu-3500w.html,"",
sin-senal,https://www.growbaratochile.cl/cosecha-y-secado/tijera-punta-curva-leef-kleen.html,"",
sin-senal,https://www.growbaratochile.cl/extraccion-de-resina/chocolizer-bolsa-full-mesh-19l.html,"",
sin-senal,https://www.growbaratochile.cl/extraccion-de-resina/bolsa-para-lavadora-zip-chocolizer.html,"",
sin-senal,https://www.growbaratochile.cl/extraccion-de-resina/tapete-para-secado-zip-chocolizer.html,"",
sin-senal,https://www.growbaratochile.cl/humidificadores-indoor/neptune-hidroponics-recambio-membrana-1-disco-de-ceramica-llave.html,"",
sin-senal,https://www.growbaratochile.cl/humidificadores-indoor/neptune-hidroponics-recambio-membrana-5-discos-de-ceramica-llave.html,"",
sin-senal,https://www.growbaratochile.cl/accesorios-de-cultivo/timer-analogico-kasvi.html,"",
sin-senal,https://www.growbaratochile.cl/parafernalia/bem-bolado-king-size-xl.html,"",
sin-senal,https://www.growbaratochile.cl/papel-de-celulosa/bem-bolado-transparent-1-14.html,"",
sin-senal,https://www.growbaratochile.cl/accesorios-de-cultivo/cable-recubierto-twist-tie.html,"",
sin-senal,https://www.growbaratochile.cl/articulos-para-el-fumador/nirdosh-cigarrillos.html,"",
sin-senal,https://www.growbaratochile.cl/iluminacion-led/sistema-led-regulable-720w-v30-gb-lighting.html,"",
sin-senal,https://www.growbaratochile.cl/carpas-para-indoor/garden-highpro-carpa-de-cultivo-probox-ecopro.html,"",
sin-senal,https://www.growbaratochile.cl/control-de-clima/cornwall-electronics-extractor-tt.html,"",
sin-senal,https://www.growbaratochile.cl/instrumentos-de-medida/cornwall-electronics-termohigrometro-con-sonda-th3.html,"",
sin-senal,https://www.growbaratochile.cl/control-de-clima/cornwall-electronics-ventilador-de-pinza.html,"",
sin-senal,https://www.growbaratochile.cl/atami/atami-b-cuzz-silic-boost.html,"",
sin-senal,https://www.growbaratochile.cl/fertilizantes/atami-rokzbastic.html,"",
sin-senal,https://www.growbaratochile.cl/parafernalia/libro-toni13-como-autocultivar-eficientemente.html,"",
sin-senal,https://www.growbaratochile.cl/royal-queen-seeds/fat-banana-feminizadas.html,"",
url-no-producto,https://www.growbaratochile.cl/bho-extracciones/cartridge-secret-smoke-full-ceramica.html,"",
sin-senal,https://www.growbaratochile.cl/semillas-autoflorecientes/auto-gorilla-pina-bsf.html,"",
sin-senal,https://www.growbaratochile.cl/semillas-feminizadas/feminizada-gorilla-pina-bsf.html,"",
sin-senal,https://www.growbaratochile.cl/semillas-de-marihuana/faster-gorilla-pina-bsf.html,"",
sin-senal,https://www.growbaratochile.cl/fertilizantes/humus-de-lombriz-bioecological.html,"",
sin-senal,https://www.growbaratochile.cl/fertilizantes/bokashi-bioecological-.html,"",
sin-senal,https://www.growbaratochile.cl/fertilizantes/myco-pro-sustrato-tecnico.html,"",
sin-senal,https://www.growbaratochile.cl/fertilizantes/tricho-max-sustrato-tecnico.html,"",
sin-senal,https://www.growbaratochile.cl/fertilizantes/bacto-plus-sustrato-tecnico.html,"",
sin-senal,https://www.growbaratochile.cl/fertilizantes/myco-pro-microgranular-sustrato-tecnico.html,"",
sin-senal,https://www.growbaratochile.cl/parafernalia/nirdosh-cigarrillos-papel-de-arroz.html,"",
sin-senal,https://www.growbaratochile.cl/ripper-seeds/zake-ripper-seeds.html,"",
sin-senal,https://www.growbaratochile.cl/ripper-seeds/korenji-ripper-seeds.html,"",
sin-senal,https://www.growbaratochile.cl/ripper-seeds/shimo-ripper-seeds.html,"",
sin-senal,https://www.growbaratochile.cl/ripper-seeds/break-pad-breath-ripper-seeds.html,"",
sin-senal,https://www.growbaratochile.cl/iluminacion/balastro-electronico-600w-vanguard.html,"",
sin-senal,https://www.growbaratochile.cl/fertilizantes/sugar-clean-maria-green.html,"",
sin-senal,https://www.growbaratochile.cl/productos-mi/rola-pit-mi.html,"",
sin-senal,https://www.growbaratochile.cl/productos-mi/pre-press-mi.html,"",
sin-senal,https://www.growbaratochile.cl/productos-mi/ph-regulador-mi.html,"",
sin-senal,https://www.growbaratochile.cl/productos-mi/ph-up-regulador-mi.html,"",
sin-senal,https://www.growbaratochile.cl/iluminacion/sistema-led-regulable-800-w-pro-max-gb-lighting.html,"",
sin-senal,https://www.growbaratochile.cl/iluminacion/led-under-canopy-120-w-pro-gb-lighting.html,"",
sin-senal,https://www.growbaratochile.cl/iluminacion/sistema-led-regulable-240-w-pro-gb-lighting.html,"",
sin-senal,https://www.growbaratochile.cl/iluminacion/sistema-led-720w-pro-max-gb-lighting.html,"",
sin-senal,https://www.growbaratochile.cl/parafernalia/tabaco-ross.html,"",
sin-senal,https://www.growbaratochile.cl/iluminacion/led-ledmax-eco-300w-garden-highpro.html,"",
sin-senal,https://www.growbaratochile.cl/semillas-feminizadas/choco-cream-bsf-seeds.html,"",
sin-senal,https://www.growbaratochile.cl/semillas-feminizadas/g-mint-bsf-seeds.html,"",
sin-senal,https://www.growbaratochile.cl/semillas-feminizadas/gta-bsf-seeds.html,"",
sin-senal,https://www.growbaratochile.cl/semillas-feminizadas/nerdz-bsf-seeds.html,"",
sin-senal,https://www.growbaratochile.cl/semillas-feminizadas/tropi-cherry-bsf-seeds.html,"",
sin-senal,https://www.growbaratochile.cl/atami/vgn-1-4-4-atami.html,"",
sin-senal,https://www.growbaratochile.cl/atami/vgn-2-2-4-atami.html,"",
sin-senal,https://www.growbaratochile.cl/atami/vgn-5-2-2-atami.html,"",
sin-senal,https://www.growbaratochile.cl/atami/vgn-calmag-atami.html,"",
sin-senal,https://www.growbaratochile.cl/atami/vgn-4-pack-atami.html,"",
sin-senal,https://www.growbaratochile.cl/tratamiento-de-olores/alfpro-10-ozonizador-profesional-crop-tec.html,"",
sin-senal,https://www.growbaratochile.cl/sustratos/canna-coco-ladrillo.html,"",
sin-senal,https://www.growbaratochile.cl/fertilizantes/pre-anasac.html,"",
sin-senal,https://www.growbaratochile.cl/anasac-ambiental/vermiculita-anasac.html,"",
sin-senal,https://www.growbaratochile.cl/anasac-ambiental/perlita-anasac.html,"",
sin-senal,https://www.growbaratochile.cl/kit-cultivo-hongos/true-albino-teacher-growbox.html,"",
sin-senal,https://www.growbaratochile.cl/kit-cultivo-hongos/thai-classic-growbox.html,"",
sin-senal,https://www.growbaratochile.cl/esporas-psilocibina/espora-burma.html,"",
sin-senal,https://www.growbaratochile.cl/esporas-psilocibina/espora-lizard-king.html,"",
sin-senal,https://www.growbaratochile.cl/esporas-psilocibina/espora-albino-melmac-revert.html,"",
sin-senal,https://www.growbaratochile.cl/instrumentos-de-medida/termohigrometro-digital-con-sonda-medium.html,"",
sin-senal,https://www.growbaratochile.cl/parafarmacia-cannabica/aceite-cbd-600mg-bless-hemp.html,"",
sin-senal,https://www.growbaratochile.cl/parafarmacia-cannabica/aceite-cbd-800mg-bless-hemp.html,"",
sin-senal,https://www.growbaratochile.cl/parafarmacia-cannabica/aceite-cbd-1000mg-bless-hemp.html,"",
sin-senal,https://www.growbaratochile.cl/fertilizantes/enraizante-estimulante-anasac.html,"",
sin-senal,https://www.growbaratochile.cl/hidroponia-y-aeroponia/osmosis-inversa-megra-grow-1000ld-growmax-water.html,"",
sin-senal,https://www.growbaratochile.cl/hidroponia-y-aeroponia/osmosis-inversa-maxquarium-500ld-growmax-water.html,"",
sin-senal,https://www.growbaratochile.cl/growcast/growcast.html,"",
sin-senal,https://www.growbaratochile.cl/growcast/growcast-plus.html,"",
sin-senal,https://www.growbaratochile.cl/growcast/expansor-x3-growcast.html,"",
sin-senal,https://www.growbaratochile.cl/growcast/expansor-x5-growcast.html,"",
sin-senal,https://www.growbaratochile.cl/growcast/modulo-de-control-growcast.html,"",
sin-senal,https://www.growbaratochile.cl/growcast/sensor-hs-growcast.html,"",
sin-senal,https://www.growbaratochile.cl/growcast/sensor-th-growcast.html,"",
sin-senal,https://www.growbaratochile.cl/growcast/sensor-thc-growcast.html,"",
sin-senal,https://www.growbaratochile.cl/growcast/tablero-industrial-growcast.html,"",
sin-senal,https://www.growbaratochile.cl/control-de-clima/ventilador-de-pinza-oscilante-20w-kasvi.html,"",
sin-senal,https://www.growbaratochile.cl/instrumentos-de-medida/medidor-ph-kasvi.html,"",
sin-senal,https://www.growbaratochile.cl/instrumentos-de-medida/medidor-portatil-tdsec-kasvi.html,"",
sin-senal,https://www.growbaratochile.cl/instrumentos-de-medida/medidor-4-en-1-ph-ec-td-y-temp-kasvi.html,"",
sin-senal,https://www.growbaratochile.cl/instrumentos-de-medida/medidor-digital-continuo-5-en-1-kasvi.html,"",
sin-senal,https://www.growbaratochile.cl/semillas-de-marihuana/limoncello-barney-s-farm.html,"",
sin-senal,https://www.growbaratochile.cl/barney-s-farm/bubblegum-gelato-by-backpackboyz-barney-s-farm.html,"",
sin-senal,https://www.growbaratochile.cl/semillas-de-marihuana/cherry-poppers-barney-s-farm.html,"",
sin-senal,https://www.growbaratochile.cl/semillas-de-marihuana/papaya-frosting-feat-doja-exclusive-barney-s-farm.html,"",
sin-senal,https://www.growbaratochile.cl/barney-s-farm/blue-gelato-41-barney-s-farm.html,"",
sin-senal,https://www.growbaratochile.cl/athena/balance-athena.html,"",
sin-senal,https://www.growbaratochile.cl/athena/camg-athena.html,"",
sin-senal,https://www.growbaratochile.cl/athena/pk-athena.html,"",
sin-senal,https://www.growbaratochile.cl/athena/grow-ab-athena.html,"",
sin-senal,https://www.growbaratochile.cl/athena/bloom-ab-athena.html,"",
sin-senal,https://www.growbaratochile.cl/athena/starter-kit-athena.html,"",
sin-senal,https://www.growbaratochile.cl/athena/cleanse-athena.html,"",
sin-senal,https://www.growbaratochile.cl/athena/fade-athena.html,"",
sin-senal,https://www.growbaratochile.cl/athena/stack-athena.html,"",
sin-senal,https://www.growbaratochile.cl/athena/pro-balance-athena.html,"",
sin-senal,https://www.growbaratochile.cl/athena/pro-bloom-athena.html,"",
sin-senal,https://www.growbaratochile.cl/athena/pro-bloom-box-athena.html,"",
sin-senal,https://www.growbaratochile.cl/athena/pro-core-athena.html,"",
sin-senal,https://www.growbaratochile.cl/athena/pro-core-box-athena.html,"",
sin-senal,https://www.growbaratochile.cl/athena/pro-grow-athena.html,"",
sin-senal,https://www.growbaratochile.cl/athena/pro-grow-box-athena.html,"",
sin-senal,https://www.growbaratochile.cl/athena/pro-line-mix-kit-athena.html,"",
sin-senal,https://www.growbaratochile.cl/parafernalia/clean-me-detox.html,"",
sin-senal,https://www.growbaratochile.cl/smartshop/extracto-de-hongo-cola-de-pavo-tintura-30ml.html,"",
sin-senal,https://www.growbaratochile.cl/parafarmacia-cannabica/extracto-de-hongo-chaga-30ml.html,"",
sin-senal,https://www.growbaratochile.cl/smartshop/extracto-de-melena-de-leon-30-ml.html,"",
sin-senal,https://www.growbaratochile.cl/parafarmacia-cannabica/extracto-de-cordyceps-militaris-30-ml.html,"",
sin-senal,https://www.growbaratochile.cl/royal-queen-seeds-auto/haze-berry-automatic.html,"",
sin-senal,https://www.growbaratochile.cl/smartshop/extracto-de-hongo-reishi-30ml.html,"",
sin-senal,https://www.growbaratochile.cl/esporas-psilocibina/esporas-dancing-tiger-.html,"",
sin-senal,https://www.growbaratochile.cl/esporas-psilocibina/esporas-huautla-.html,"",
sin-senal,https://www.growbaratochile.cl/esporas-psilocibina/esporas-mazatapec.html,"",
sin-senal,https://www.growbaratochile.cl/esporas-psilocibina/esporas-thai-ban-huan-thanon.html,"",
sin-senal,https://www.growbaratochile.cl/esporas-psilocibina/esporas-treasure.html,"",
sin-senal,https://www.growbaratochile.cl/instrumentos-de-medida/termohigrometro-cornwall-electronics.html,"",
sin-senal,https://www.growbaratochile.cl/dutch-passion/power-plant-dutch-passion.html,"",
sin-senal,https://www.growbaratochile.cl/aceite-de-cannabis-y-canamo/aceite-canamo-125mg-productos-mi.html,"",
sin-senal,https://www.growbaratochile.cl/aceite-de-cannabis-y-canamo/aceite-canamo-250mg-productos-mi.html,"",
sin-senal,https://www.growbaratochile.cl/aceite-de-cannabis-y-canamo/aceite-canamo-500mg-productos-mi.html,"",
sin-senal,https://www.growbaratochile.cl/aceite-de-cannabis-y-canamo/aceite-canamo-1000mg-productos-mi.html,"",
sin-senal,https://www.growbaratochile.cl/hidroponia-y-aeroponia/kit-bomba-de-presion-growmax-water.html,"",
sin-senal,https://www.growbaratochile.cl/accesorios-de-riego/kit-boya-de-seguridad.html,"",
sin-senal,https://www.growbaratochile.cl/kits-de-cultivo/kit-des-ionizacion-10-growmax-water-accesorios.html,"",
sin-senal,https://www.growbaratochile.cl/riego/pack-recambio-10-growmax-water-accesorios.html,"",
sin-senal,https://www.growbaratochile.cl/hidroponia-y-aeroponia/pack-recambio-mega-grow-growmax-water-accesorios.html,"",
sin-senal,https://www.growbaratochile.cl/semillas-autoflorecientes/tangerine-dream-auto-barney-s-farm.html,"",
sin-senal,https://www.growbaratochile.cl/secret-file-seeds/brrberry-x-fruity-pebbles-og-secret-file.html,"",
sin-senal,https://www.growbaratochile.cl/secret-file-seeds/coco-nutty-x-fruity-pebbles-og-secret-file.html,"",
sin-senal,https://www.growbaratochile.cl/secret-file-seeds/fuji-juice-x-fruity-peblles-og-secret-file.html,"",
sin-senal,https://www.growbaratochile.cl/secret-file-seeds/guava-x-fruity-pebbles-og-secret-file.html,"",
sin-senal,https://www.growbaratochile.cl/secret-file-seeds/papaya-x-fruity-pebbles-og-secret-file.html,"",
sin-senal,https://www.growbaratochile.cl/secret-file-seeds/sour-nana-x-fruity-pebbles-og-secret-file.html,"",
sin-senal,https://www.growbaratochile.cl/secret-file-seeds/spritz-x-fruity-pebbles-og-secret-file.html,"",
sin-senal,https://www.growbaratochile.cl/riego/membrana-de-osmosis-150gpd-growmax-water-accesorios.html,"",
sin-senal,https://www.growbaratochile.cl/hydro-culture/hydro-culture-rdwc.html,"",
sin-senal,https://www.growbaratochile.cl/royal-queen-seeds-regular/amnesia-haze-10-semillas-royal-queen-seeds-regular.html,"",
sin-senal,https://www.growbaratochile.cl/royal-queen-seeds-regular/critical-10-semillas-royal-queen-seeds-regular.html,"",
sin-senal,https://www.growbaratochile.cl/royal-queen-seeds-regular/shining-silver-haze-10-semillas-royal-queen-seeds-regular.html,"",
sin-senal,https://www.growbaratochile.cl/royal-queen-seeds-regular/royal-queen-seeds-regular-skunk-xl-10-semillas.html,"",
sin-senal,https://www.growbaratochile.cl/royal-queen-seeds-regular/white-widow-10-semillas-regular-royal-queen-seeds.html,"",
sin-senal,https://www.growbaratochile.cl/semillas-autoflorecientes/auto-xtreme-dutch-passion.html,"",
sin-senal,https://www.growbaratochile.cl/semillas-de-marihuana/pink-sherbet-medical-seeds.html,"",
sin-senal,https://www.growbaratochile.cl/semillas-de-marihuana/superfruit-cbd-medical-seeds.html,"",
sin-senal,https://www.growbaratochile.cl/ripper-seeds/eyeball-ripper-seeds.html,"",
sin-senal,https://www.growbaratochile.cl/ripper-seeds/candygaz-ripper-seeds.html,"",
sin-senal,https://www.growbaratochile.cl/iluminacion/poleas-procufs-84kg-garden-highpro.html,"",
sin-senal,https://www.growbaratochile.cl/iluminacion/poleas-lighthanger-5kg-garden-highpro.html,"",
sin-senal,https://www.growbaratochile.cl/instrumentos-de-medida/termohigrometro-con-sonda-de-cornwall-electronics.html,"",
sin-senal,https://www.growbaratochile.cl/sustratos/sustrato-para-suculentas-y-cactus-anasac.html,"",
sin-senal,https://www.growbaratochile.cl/sustratos/tierra-de-hojas-anasac.html,"",
sin-senal,https://www.growbaratochile.cl/cosecha-y-secado/peladora-table-trimmer.html,"",
sin-senal,https://www.growbaratochile.cl/semillas-feminizadas/melonade-runtz-dutch-passion.html,"",
sin-senal,https://www.growbaratochile.cl/iluminacion/poleas-68kg-kasvi.html,"",
sin-senal,https://www.growbaratochile.cl/control-de-clima/ventilador-de-pinza-15w-cyclone.html,"",
sin-senal,https://www.growbaratochile.cl/semillas-feminizadas/indigo-berry-kush-sweet-seeds.html,"",
sin-senal,https://www.growbaratochile.cl/accesorios-para-el-cultivo-de-hongos/caja-growbox.html,"",
sin-senal,https://www.growbaratochile.cl/fertilizantes/wsp-sensi-ab-1kg-advanced-nutrients-1kg.html,"",
sin-senal,https://www.growbaratochile.cl/parafernalia/enail-de-titanio-710-labs.html,"",
sin-senal,https://www.growbaratochile.cl/cosecha-y-secado/bolsas-extraccion-secret-smoke.html,"",
sin-senal,https://www.growbaratochile.cl/insecticidas-y-control-de-plagas/aceite-de-neem.html,"",
sin-senal,https://www.growbaratochile.cl/fertilizantes/algax-maria-green.html,"",
sin-senal,https://www.growbaratochile.cl/fertilizantes/autoflow-maria-green.html,"",
sin-senal,https://www.growbaratochile.cl/accesorios-de-cultivo/timer-digital-kasvi.html,"",
sin-senal,https://www.growbaratochile.cl/parafernalia/bolsas-de-almacenaje-y-curado.html,"",
sin-senal,https://www.growbaratochile.cl/parafernalia/libro-para-colorear-higtrip.html,"",
sin-senal,https://www.growbaratochile.cl/accesorios-de-cultivo/timer-wifi-kasvi.html,"",
url-no-producto,https://www.growbaratochile.cl/cosecha-y-secado/cartridge-08ml-muha-meds.html,"",
url-no-producto,https://www.growbaratochile.cl/cosecha-y-secado/cartridge-1ml-big-chief-.html,"",
url-no-producto,https://www.growbaratochile.cl/cosecha-y-secado/cartridge-1ml-cookies.html,"",
sin-senal,https://www.growbaratochile.cl/carpas-para-indoor/carpa-grow-tent-cultibox.html,"",
sin-senal,https://www.growbaratochile.cl/carpas-para-indoor/carpa-de-cultivo-grow-room-grow-genetics.html,"",
sin-senal,https://www.growbaratochile.cl/semillas-de-marihuana/sweet-amnesia-haze-sweet-seeds.html,"",
sin-senal,https://www.growbaratochile.cl/semillas-de-marihuana/flash-back-2-sweet-seeds.html,"",
sin-senal,https://www.growbaratochile.cl/semillas-feminizadas/purple-punch-og-sweet-seeds.html,"",
sin-senal,https://www.growbaratochile.cl/cosecha-y-secado/tijera-bonsai-kasvi.html,"",
sin-senal,https://www.growbaratochile.cl/herramientas-accesorios/tijera-punta-curva-kasvi.html,"",
sin-senal,https://www.growbaratochile.cl/herramientas-accesorios/tijera-punta-recta-kasvi.html,"",
sin-senal,https://www.growbaratochile.cl/herramientas-accesorios/tijeras-chikamasa-t-552.html,"",
sin-senal,https://www.growbaratochile.cl/herramientas-accesorios/bender-para-lst-25uds-kasvi.html,"",
sin-senal,https://www.growbaratochile.cl/semillas-autoflorecientes/positronics-auto-afghan-express.html,"",
sin-senal,https://www.growbaratochile.cl/semillas-feminizadas/-blueberry-bsf-seeds.html,"",
sin-senal,https://www.growbaratochile.cl/instrumentos-de-medida/medidor-ec-water-master.html,"",
sin-senal,https://www.growbaratochile.cl/control-de-clima/extractor-en-linea-vents.html,"",
sin-senal,https://www.growbaratochile.cl/semillas-feminizadas/critical-orange-punch-dutch-passion.html,"",
sin-senal,https://www.growbaratochile.cl/fertilizantes/big-bud-powder-advanced-nutrients.html,"",
sin-senal,https://www.growbaratochile.cl/control-de-clima/manga-flexible-combiconnect-5m-102mm.html,"",
sin-senal,https://www.growbaratochile.cl/iluminacion/balastro-electronico-sin-ventilador-nanolux.html,"",
sin-senal,https://www.growbaratochile.cl/control-de-clima/extractor-en-linea-profan-garden-highpro.html,"",
sin-senal,https://www.growbaratochile.cl/iluminacion/rail-light.html,"",
sin-senal,https://www.growbaratochile.cl/control-de-clima/extractor-vk-cornwall-electronics.html,"",
sin-senal,https://www.growbaratochile.cl/iluminacion/led-cobcree-agrolite.html,"",
sin-senal,https://www.growbaratochile.cl/kits-de-cultivo/reflector-indoor-matrix-125mm-garden-highpro.html,"",
sin-senal,https://www.growbaratochile.cl/iluminacion/equipo-de-iluminacion-cmh-lec-315w-agrolite.html,"",
sin-senal,https://www.growbaratochile.cl/semillas-autoflorecientes/auto-blueberry-xxl-bsf-seeds.html,"",
sin-senal,https://www.growbaratochile.cl/semillas-feminizadas/sweet-cherry-pie-sweet-seeds.html,"",
sin-senal,https://www.growbaratochile.cl/kits-de-cultivo/kit-de-cultivo-lite-100-x-100cm-600w.html,"",
sin-senal,https://www.growbaratochile.cl/kits-de-cultivo/kit-de-cultivo-medium-100-x-100cm-600w.html,"",
sin-senal,https://www.growbaratochile.cl/kits-de-cultivo/kit-de-cultivo-lite-120-x-120cm-600w.html,"",
sin-senal,https://www.growbaratochile.cl/kits-de-cultivo/kit-de-cultivo-medium-120-x-120cm-600w.html,"",
url-no-producto,https://www.growbaratochile.cl/fertilizantes/,"",
url-no-producto,https://www.growbaratochile.cl/top-crop/,"",
url-no-producto,https://www.growbaratochile.cl/semillas-de-marihuana/,"",
url-no-producto,https://www.growbaratochile.cl/hesi/,"",
url-no-producto,https://www.growbaratochile.cl/semillas-a-granel/,"",
url-no-producto,https://www.growbaratochile.cl/biobizz/,"",
url-no-producto,https://www.growbaratochile.cl/grotek/,"",
url-no-producto,https://www.growbaratochile.cl/semillas-autos-a-granel/,"",
url-no-producto,https://www.growbaratochile.cl/atami/,"",
url-no-producto,https://www.growbaratochile.cl/semillas-feminizadas/,"",
url-no-producto,https://www.growbaratochile.cl/canna/,"",
url-no-producto,https://www.growbaratochile.cl/bac/,"",
url-no-producto,https://www.growbaratochile.cl/semillas-autoflorecientes/,"",
url-no-producto,https://www.growbaratochile.cl/iluminacion/,"",
url-no-producto,https://www.growbaratochile.cl/semillas-regulares/,"",
url-no-producto,https://www.growbaratochile.cl/kits-de-iluminacion/,"",
url-no-producto,https://www.growbaratochile.cl/dinafem/,"",
url-no-producto,https://www.growbaratochile.cl/control-de-clima/,"",
url-no-producto,https://www.growbaratochile.cl/insecticidas-y-control-de-plagas/,"",
url-no-producto,https://www.growbaratochile.cl/positronics/,"",
url-no-producto,https://www.growbaratochile.cl/medical-seeds-feminizadas/,"",
url-no-producto,https://www.growbaratochile.cl/instrumentos-de-medida/,"",
url-no-producto,https://www.growbaratochile.cl/royal-queen-seeds/,"",
url-no-producto,https://www.growbaratochile.cl/white-label-seeds-company/,"",
url-no-producto,https://www.growbaratochile.cl/carpas-para-indoor/,"",
url-no-producto,https://www.growbaratochile.cl/eva-seeds/,"",
url-no-producto,https://www.growbaratochile.cl/macetas-y-bandejas/,"",
url-no-producto,https://www.growbaratochile.cl/parafernalia/,"",
url-no-producto,https://www.growbaratochile.cl/sustratos/,"",
url-no-producto,https://www.growbaratochile.cl/genehtik/,"",
url-no-producto,https://www.growbaratochile.cl/tratamiento-de-olores/,"",
url-no-producto,https://www.growbaratochile.cl/elite-seeds/,"",
url-no-producto,https://www.growbaratochile.cl/cosecha-y-secado/,"",
url-no-producto,https://www.growbaratochile.cl/sensi-seeds/,"",
url-no-producto,https://www.growbaratochile.cl/buddha-seeds/,"",
url-no-producto,https://www.growbaratochile.cl/riego/,"",
url-no-producto,https://www.growbaratochile.cl/dinafem-auto/,"",
url-no-producto,https://www.growbaratochile.cl/seedmakers/,"",
url-no-producto,https://www.growbaratochile.cl/balastros/,"",
url-no-producto,https://www.growbaratochile.cl/reflectores/,"",
url-no-producto,https://www.growbaratochile.cl/ampolletas/,"",
url-no-producto,https://www.growbaratochile.cl/moledores/,"",
url-no-producto,https://www.growbaratochile.cl/pesas/,"",
url-no-producto,https://www.growbaratochile.cl/ocultacion/,"",
url-no-producto,https://www.growbaratochile.cl/libros-sobre-cultivo/,"",
url-no-producto,https://www.growbaratochile.cl/vaporizadores/,"",
url-no-producto,https://www.growbaratochile.cl/pipas-bongs-y-cachimbas/,"",
url-no-producto,https://www.growbaratochile.cl/lamparas-de-bajo-consumo/,"",
url-no-producto,https://www.growbaratochile.cl/bandejas/,"",
url-no-producto,https://www.growbaratochile.cl/macetas/,"",
url-no-producto,https://www.growbaratochile.cl/cultibox/,"",
url-no-producto,https://www.growbaratochile.cl/dark-box/,"",
url-no-producto,https://www.growbaratochile.cl/seedmakers-auto/,"",
url-no-producto,https://www.growbaratochile.cl/buddha-seeds-auto/,"",
url-no-producto,https://www.growbaratochile.cl/sensi-seeds-auto/,"",
url-no-producto,https://www.growbaratochile.cl/elite-seeds-auto/,"",
url-no-producto,https://www.growbaratochile.cl/grass-o-matic/,"",
url-no-producto,https://www.growbaratochile.cl/genehtik-auto/,"",
url-no-producto,https://www.growbaratochile.cl/venus-genetics-auto/,"",
url-no-producto,https://www.growbaratochile.cl/accesorios-de-ventilacion/,"",
url-no-producto,https://www.growbaratochile.cl/white-label-auto/,"",
url-no-producto,https://www.growbaratochile.cl/controladores/,"",
url-no-producto,https://www.growbaratochile.cl/royal-queen-seeds-auto/,"",
url-no-producto,https://www.growbaratochile.cl/extractores/,"",
url-no-producto,https://www.growbaratochile.cl/positronics-auto/,"",
url-no-producto,https://www.growbaratochile.cl/humedad-y-temperatura/,"",
url-no-producto,https://www.growbaratochile.cl/ventiladores/,"",
url-no-producto,https://www.growbaratochile.cl/medical-seeds/,"",
url-no-producto,https://www.growbaratochile.cl/herramientas-accesorios/,"",
url-no-producto,https://www.growbaratochile.cl/articulos-para-el-fumador/,"",
url-no-producto,https://www.growbaratochile.cl/liquidos-calibradores/,"",
url-no-producto,https://www.growbaratochile.cl/medidores-de-ph-y-ec/,"",
url-no-producto,https://www.growbaratochile.cl/ambiente-y-tierra/,"",
url-no-producto,https://www.growbaratochile.cl/componentes/,"",
url-no-producto,https://www.growbaratochile.cl/microscopios-y-lupas/,"",
url-no-producto,https://www.growbaratochile.cl/madres-y-esquejes/,"",
url-no-producto,https://www.growbaratochile.cl/plastico-reflectante/,"",
url-no-producto,https://www.growbaratochile.cl/accesorios-para-carpas-de-cultivo/,"",
url-no-producto,https://www.growbaratochile.cl/tuberias-y-piezas-de-polietileno/,"",
url-no-producto,https://www.growbaratochile.cl/despues-de-la-cosecha/,"",
url-no-producto,https://www.growbaratochile.cl/extraccion-de-resina/,"",
url-no-producto,https://www.growbaratochile.cl/miner/,"",
url-no-producto,https://www.growbaratochile.cl/barney-s-farm/,"",
url-no-producto,https://www.growbaratochile.cl/blimburn-seeds/,"",
url-no-producto,https://www.growbaratochile.cl/sweet-seeds/,"",
url-no-producto,https://www.growbaratochile.cl/blimburn-seeds-auto/,"",
url-no-producto,https://www.growbaratochile.cl/pyramid-seeds/,"",
url-no-producto,https://www.growbaratochile.cl/sweet-seeds-auto/,"",
url-no-producto,https://www.growbaratochile.cl/exotic-seed/,"",
url-no-producto,https://www.growbaratochile.cl/pyramid-seeds-auto/,"",
url-no-producto,https://www.growbaratochile.cl/humboldt-seed-organization/,"",
url-no-producto,https://www.growbaratochile.cl/green-house-seeds-co/,"",
url-no-producto,https://www.growbaratochile.cl/dutch-passion-auto/,"",
url-no-producto,https://www.growbaratochile.cl/philosopher-seeds-feminizadas/,"",
url-no-producto,https://www.growbaratochile.cl/plagron/,"",
url-no-producto,https://www.growbaratochile.cl/abonos-cannabiogen/,"",
url-no-producto,https://www.growbaratochile.cl/organik/,"",
url-no-producto,https://www.growbaratochile.cl/green-house-feeding/,"",
url-no-producto,https://www.growbaratochile.cl/filtros-de-carbon/,"",
url-no-producto,https://www.growbaratochile.cl/ambientadores/,"",
url-no-producto,https://www.growbaratochile.cl/sistemas-autopot/,"",
url-no-producto,https://www.growbaratochile.cl/paradise-seeds/,"",
url-no-producto,https://www.growbaratochile.cl/dutch-passion/,"",
url-no-producto,https://www.growbaratochile.cl/exotic-seeds-auto/,"",
url-no-producto,https://www.growbaratochile.cl/nirvana-seeds/,"",
url-no-producto,https://www.growbaratochile.cl/r-kiem-seeds/,"",
url-no-producto,https://www.growbaratochile.cl/th-seeds/,"",
url-no-producto,https://www.growbaratochile.cl/delicious-seeds/,"",
url-no-producto,https://www.growbaratochile.cl/dna-genetics-auto/,"",
url-no-producto,https://www.growbaratochile.cl/nirvana-seeds-auto/,"",
url-no-producto,https://www.growbaratochile.cl/samsara-seeds-auto/,"",
url-no-producto,https://www.growbaratochile.cl/th-seeds-auto/,"",
url-no-producto,https://www.growbaratochile.cl/philosopher-seeds-auto/,"",
url-no-producto,https://www.growbaratochile.cl/green-house-seed-co-auto/,"",
url-no-producto,https://www.growbaratochile.cl/kannabia-seed-company-auto/,"",
url-no-producto,https://www.growbaratochile.cl/cannabiogen-auto/,"",
url-no-producto,https://www.growbaratochile.cl/delicious-seeds-auto/,"",
url-no-producto,https://www.growbaratochile.cl/parafarmacia-cannabica/,"",
url-no-producto,https://www.growbaratochile.cl/iluminacion-led/,"",
url-no-producto,https://www.growbaratochile.cl/co2/,"",
url-no-producto,https://www.growbaratochile.cl/advanced-nutrients/,"",
url-no-producto,https://www.growbaratochile.cl/kits-de-fertilizantes/,"",
url-no-producto,https://www.growbaratochile.cl/depositos-de-agua/,"",
url-no-producto,https://www.growbaratochile.cl/ripper-seeds/,"",
url-no-producto,https://www.growbaratochile.cl/accesorios-de-riego/,"",
url-no-producto,https://www.growbaratochile.cl/bho-extracciones/,"",
url-no-producto,https://www.growbaratochile.cl/barney-s-farm-auto/,"",
url-no-producto,https://www.growbaratochile.cl/probox-gardenhighpro/,"",
url-no-producto,https://www.growbaratochile.cl/thc-fertilizantes/,"",
url-no-producto,https://www.growbaratochile.cl/wonderland/,"",
url-no-producto,https://www.growbaratochile.cl/bsf-seeds-auto/,"",
url-no-producto,https://www.growbaratochile.cl/kits-de-cultivo/,"",
url-no-producto,https://www.growbaratochile.cl/kits-de-cultivo-completos/,"",
url-no-producto,https://www.growbaratochile.cl/wonderland-agronutrients/,"",
url-no-producto,https://www.growbaratochile.cl/bsf-seeds/,"",
url-no-producto,https://www.growbaratochile.cl/ozonizadores/,"",
url-no-producto,https://www.growbaratochile.cl/estimuladores-y-hormonas/,"",
url-no-producto,https://www.growbaratochile.cl/black-friday/,"",
url-no-producto,https://www.growbaratochile.cl/iluminacion-lec/,"",
url-no-producto,https://www.growbaratochile.cl/medical-seeds-auto/,"",
url-no-producto,https://www.growbaratochile.cl/fast-buds-american-autoflowers/,"",
url-no-producto,https://www.growbaratochile.cl/elite-91/,"",
url-no-producto,https://www.growbaratochile.cl/nirvana-seeds-regular/,"",
url-no-producto,https://www.growbaratochile.cl/ace-seeds-regular/,"",
url-no-producto,https://www.growbaratochile.cl/insecticidas-y-fungicidas-varios/,"",
url-no-producto,https://www.growbaratochile.cl/humboldt-seeds-auto/,"",
url-no-producto,https://www.growbaratochile.cl/kits-iluminacion/,"",
url-no-producto,https://www.growbaratochile.cl/kits-fertilizantes/,"",
url-no-producto,https://www.growbaratochile.cl/plant-success/,"",
url-no-producto,https://www.growbaratochile.cl/apex-seeds-auto/,"",
url-no-producto,https://www.growbaratochile.cl/apex-seeds/,"",
url-no-producto,https://www.growbaratochile.cl/laaos-biofertilizantes/,"",
url-no-producto,https://www.growbaratochile.cl/mr-hide-seeds-auto/,"",
url-no-producto,https://www.growbaratochile.cl/house-garden/,"",
url-no-producto,https://www.growbaratochile.cl/dutch-passion-regular/,"",
url-no-producto,https://www.growbaratochile.cl/grotek-organics/,"",
url-no-producto,https://www.growbaratochile.cl/serious-seeds-auto/,"",
url-no-producto,https://www.growbaratochile.cl/merchandising/,"",
url-no-producto,https://www.growbaratochile.cl/cyco/,"",
url-no-producto,https://www.growbaratochile.cl/anasac-ambiental/,"",
url-no-producto,https://www.growbaratochile.cl/hidroponia-y-aeroponia/,"",
url-no-producto,https://www.growbaratochile.cl/sistemas-floraflex/,"",
url-no-producto,https://www.growbaratochile.cl/semillas-cbd/,"",
url-no-producto,https://www.growbaratochile.cl/the-kush-brothers/,"",
url-no-producto,https://www.growbaratochile.cl/luz-verde-indoor/,"",
url-no-producto,https://www.growbaratochile.cl/mills/,"",
url-no-producto,https://www.growbaratochile.cl/pro-essence/,"",
url-no-producto,https://www.growbaratochile.cl/gb-strains/,"",
url-no-producto,https://www.growbaratochile.cl/gb-strains-auto/,"",
url-no-producto,https://www.growbaratochile.cl/peladora-de-cogollos/,"",
url-no-producto,https://www.growbaratochile.cl/boom-nutrients/,"",
url-no-producto,https://www.growbaratochile.cl/boom-nutrients-fitofortificantes/,"",
url-no-producto,https://www.growbaratochile.cl/maria-green/,"",
url-no-producto,https://www.growbaratochile.cl/humus-de-lombriz/,"",
url-no-producto,https://www.growbaratochile.cl/spanish-passion-seeds/,"",
url-no-producto,https://www.growbaratochile.cl/spanish-passion-seeds-auto/,"",
url-no-producto,https://www.growbaratochile.cl/pipas/,"",
url-no-producto,https://www.growbaratochile.cl/papelillos/,"",
url-no-producto,https://www.growbaratochile.cl/papel-de-celulosa/,"",
url-no-producto,https://www.growbaratochile.cl/pipas-de-agua/,"",
url-no-producto,https://www.growbaratochile.cl/bonglab/,"",
url-no-producto,https://www.growbaratochile.cl/kit-cultivo-hongos/,"",
url-no-producto,https://www.growbaratochile.cl/extracciones-rosin/,"",
url-no-producto,https://www.growbaratochile.cl/strain-machine-auto/,"",
url-no-producto,https://www.growbaratochile.cl/strain-machine/,"",
url-no-producto,https://www.growbaratochile.cl/ozeta/,"",
url-no-producto,https://www.growbaratochile.cl/exclusive-seeds-bank/,"",
url-no-producto,https://www.growbaratochile.cl/exclusive-seeds-bank-auto/,"",
url-no-producto,https://www.growbaratochile.cl/calvoglass/,"",
url-no-producto,https://www.growbaratochile.cl/ripper-seeds-auto/,"",
url-no-producto,https://www.growbaratochile.cl/semillas-de-cannabis-sativa/,"",
url-no-producto,https://www.growbaratochile.cl/semillas-de-marihuana-indica/,"",
url-no-producto,https://www.growbaratochile.cl/fertilizantes-organicos/,"",
url-no-producto,https://www.growbaratochile.cl/bangers/,"",
url-no-producto,https://www.growbaratochile.cl/ceniceros/,"",
url-no-producto,https://www.growbaratochile.cl/ocb/,"",
url-no-producto,https://www.growbaratochile.cl/blunts/,"",
url-no-producto,https://www.growbaratochile.cl/raw/,"",
url-no-producto,https://www.growbaratochile.cl/bongs-de-silicona/,"",
url-no-producto,https://www.growbaratochile.cl/atrapa-cenizas/,"",
url-no-producto,https://www.growbaratochile.cl/bongs-de-pyrex/,"",
url-no-producto,https://www.growbaratochile.cl/jiffy/,"",
url-no-producto,https://www.growbaratochile.cl/humidificadores-indoor/,"",
url-no-producto,https://www.growbaratochile.cl/encendedores-clipper/,"",
url-no-producto,https://www.growbaratochile.cl/aceite-de-cannabis-y-canamo/,"",
url-no-producto,https://www.growbaratochile.cl/crema-de-cannabis-y-canamo/,"",
url-no-producto,https://www.growbaratochile.cl/promo-fertilizantes/,"",
url-no-producto,https://www.growbaratochile.cl/encendedores/,"",
url-no-producto,https://www.growbaratochile.cl/vape-shop/,"",
url-no-producto,https://www.growbaratochile.cl/vape-desechable/,"",
url-no-producto,https://www.growbaratochile.cl/e-liquid/,"",
url-no-producto,https://www.growbaratochile.cl/encendedores-ronson/,"",
url-no-producto,https://www.growbaratochile.cl/promo-semillas-1500/,"",
url-no-producto,https://www.growbaratochile.cl/semana-del-bongazo/,"",
url-no-producto,https://www.growbaratochile.cl/smartshop/,"",
url-no-producto,https://www.growbaratochile.cl/hongos-alucinogenos/,"",
url-no-producto,https://www.growbaratochile.cl/test-drogas/,"",
url-no-producto,https://www.growbaratochile.cl/esporas-psilocibina/,"",
url-no-producto,https://www.growbaratochile.cl/sustrato-para-hongos/,"",
url-no-producto,https://www.growbaratochile.cl/accesorios-para-el-cultivo-de-hongos/,"",
url-no-producto,https://www.growbaratochile.cl/quemadores-para-bong/,"",
url-no-producto,https://www.growbaratochile.cl/accesorios-de-cultivo/,"",
url-no-producto,https://www.growbaratochile.cl/productos-mi/,"",
url-no-producto,https://www.growbaratochile.cl/cabo/,"",
url-no-producto,https://www.growbaratochile.cl/semillas-a-luca/,"",
url-no-producto,https://www.growbaratochile.cl/cyber-50-off/,"",
url-no-producto,https://www.growbaratochile.cl/garden-highpro/,"",
url-no-producto,https://www.growbaratochile.cl/productos-mi-15-off/,"",
url-no-producto,https://www.growbaratochile.cl/20-off-agosto/,"",
url-no-producto,https://www.growbaratochile.cl/croptec/,"",
url-no-producto,https://www.growbaratochile.cl/growcast/,"",
url-no-producto,https://www.growbaratochile.cl/athena/,"",
url-no-producto,https://www.growbaratochile.cl/extractos-hongos-adaptogenos/,"",
url-no-producto,https://www.growbaratochile.cl/blazy-susan/,"",
url-no-producto,https://www.growbaratochile.cl/secret-file-seeds/,"",
url-no-producto,https://www.growbaratochile.cl/royal-queen-seeds-regular/,"",
url-no-producto,https://www.growbaratochile.cl/hydro-culture/,"",
url-no-producto,https://www.growbaratochile.cl/khemo-papers/,"",
url-no-producto,https://www.growbaratochile.cl/actitube/,"",
url-no-producto,https://www.growbaratochile.cl/vaporizadores-volcano/,"",
url-no-producto,https://www.growbaratochile.cl/khema/,"",
url-no-producto,https://www.growbaratochile.cl/vaporizadores-da-vinci/,"",
url-no-producto,https://www.growbaratochile.cl/soulblime/,"",
url-no-producto,https://www.growbaratochile.cl/vaporizadores-dynavap/,"",
url-no-producto,https://www.growbaratochile.cl/airis-vaporizador/,"",
url-no-producto,https://www.growbaratochile.cl/fume-vape/,"",
url-no-producto,https://www.growbaratochile.cl/vaporizador-puffco/,"",
url-no-producto,https://www.growbaratochile.cl/content/grow-shop-santiago-chile.html,"",
url-no-producto,https://www.growbaratochile.cl/content/franquicias-grow-shop.html,"",
url-no-producto,https://www.growbaratochile.cl/content/formas-de-pago.html,"",
url-no-producto,https://www.growbaratochile.cl/content/envio-discreto-seguro.html,"",
url-no-producto,https://www.growbaratochile.cl/content/semillas-de-marihuana-gratis.html,"",
url-no-producto,https://www.growbaratochile.cl/content/sellos-de-calidad-grow-barato.html,"",
url-no-producto,https://www.growbaratochile.cl/content/grow-shop-concepcion.html,"",
url-no-producto,https://www.growbaratochile.cl/content/grow-shop-providencia.html,"",
url-no-producto,https://www.growbaratochile.cl/content/grow-shop-maipu.html,"",
url-no-producto,https://www.growbaratochile.cl/content/grow-shop-temuco.html,"",
url-no-producto,https://www.growbaratochile.cl/content/grow-shop-estacion-central.html,"",
url-no-producto,https://www.growbaratochile.cl/content/grow-shop-vina-del-mar.html,"",
url-no-producto,https://www.growbaratochile.cl/content/grow-shop-las-condes.html,"",
url-no-producto,https://www.growbaratochile.cl/content/grow-shop-puente-alto.html,"",
url-no-producto,https://www.growbaratochile.cl/content/grow-shop-nunoa.html,"",
url-no-producto,https://www.growbaratochile.cl/content/grow-shop-puerto-montt.html,"",
url-no-producto,https://www.growbaratochile.cl/content/grow-shop-rancagua.html,"",
url-no-producto,https://www.growbaratochile.cl/content/grow-shop-talca.html,"",
url-no-producto,https://www.growbaratochile.cl/content/grow-shop-valdivia.html,"",
url-no-producto,https://www.growbaratochile.cl/content/grow-shop-antofagasta.html,"",
url-no-producto,https://www.growbaratochile.cl/content/grow-shop-la-serena.html,"",
url-no-producto,https://www.growbaratochile.cl/content/grow-shop-punta-arenas.html,"",
url-no-producto,https://www.growbaratochile.cl/content/grow-shop-quilicura.html,"",
url-no-producto,https://www.growbaratochile.cl/content/grow-shop-san-bernardo.html,"",
url-no-producto,https://www.growbaratochile.cl/content/grow-shop-chillan.html,"",
url-no-producto,https://www.growbaratochile.cl/content/grow-shop-iquique.html,"",
url-no-producto,https://www.growbaratochile.cl/content/grow-shop-macul.html,"",
url-no-producto,https://www.growbaratochile.cl/content/grow-shop-penalolen.html,"",
url-no-producto,https://www.growbaratochile.cl/content/grow-shop-osorno.html,"",
url-no-producto,https://www.growbaratochile.cl/content/grow-shop-quilpue.html,"",
url-no-producto,https://www.growbaratochile.cl/content/grow-shop-curico.html,"",
url-no-producto,https://www.growbaratochile.cl/content/grow-shop-la-cisterna.html,"",
url-no-producto,https://www.growbaratochile.cl/content/grow-shop-recoleta.html,"",
url-no-producto,https://www.growbaratochile.cl/content/grow-shop-calama.html,"",
url-no-producto,https://www.growbaratochile.cl/content/grow-shop-la-reina.html,"",
url-no-producto,https://www.growbaratochile.cl/content/grow-shop-lo-ovalle.html,"",
url-no-producto,https://www.growbaratochile.cl/content/grow-shop-en-san-miguel.html,"",
url-no-producto,https://www.growbaratochile.cl/content/grow-shop-los-andes.html,"",
url-no-producto,https://www.growbaratochile.cl/content/grow-shop-puerto-natales.html,"",
url-no-producto,https://www.growbaratochile.cl/content/grow-shop-san-pedro.html,"",
url-no-producto,https://www.growbaratochile.cl/content/grow-shop-villa-alemana.html,"",
url-no-producto,https://www.growbaratochile.cl/content/grow-shop-av-independencia.html,"",
url-no-producto,https://www.growbaratochile.cl/content/grow-shop-cobres-de-vitacura.html,"",
url-no-producto,https://www.growbaratochile.cl/content/grow-shop-en-la-florida.html,"",
url-no-producto,https://www.growbaratochile.cl/content/grow-shop-coquimbo.html,"",
url-no-producto,https://www.growbaratochile.cl/content/grow-shop-coyhaique.html,"",
url-no-producto,https://www.growbaratochile.cl/content/grow-shop-en-valparaiso.html,"",
url-no-producto,https://www.growbaratochile.cl/content/grow-shop-pucon.html,"",
url-no-producto,https://www.growbaratochile.cl/content/grow-shop-san-diego.html,"",
url-no-producto,https://www.growbaratochile.cl/content/grow-shop-arica.html,"",
url-no-producto,https://www.growbaratochile.cl/content/grow-shop-buin.html,"",
url-no-producto,https://www.growbaratochile.cl/content/grow-shop-conchali.html,"",
url-no-producto,https://www.growbaratochile.cl/content/grow-shop-los-angeles.html,"",
url-no-producto,https://www.growbaratochile.cl/content/grow-shop-melipilla.html,"",
url-no-producto,https://www.growbaratochile.cl/content/grow-shop-penaflor.html,"",
url-no-producto,https://www.growbaratochile.cl/content/grow-shop-puerto-varas.html,"",
url-no-producto,https://www.growbaratochile.cl/content/grow-shop-quillota.html,"",
url-no-producto,https://www.growbaratochile.cl/content/grow-shop-quinta-normal.html,"",
url-no-producto,https://www.growbaratochile.cl/content/grow-shop-san-felipe.html,"",
url-no-producto,https://www.growbaratochile.cl/content/grow-shop-san-fernando.html,"",
url-no-producto,https://www.growbaratochile.cl/content/politica-de-privacidad.html,"",
url-no-producto,https://www.growbaratochile.cl/content/grow-san-vicente-shop-tagua-tagua.html,"",
url-no-producto,https://www.growbaratochile.cl/content/productos-kema.html,"",
url-no-producto,https://www.growbaratochile.cl/content/bancos-seleccionados.html,"",
excluida,https://www.growbaratochile.cl/humedad-y-temperatura/humidificador-ultrasonico-1-membrama.html,"Humidificador Ultrasónico 1 Membrana | Humificador para Indoor",
excluida,https://www.growbaratochile.cl/bandejas/bandeja-cuadrada-59x59.html,"Bandeja cuadrada para carpas indoor",
excluida,https://www.growbaratochile.cl/bandejas/bandeja-cuadrada-80x80.html,"Bandeja cuadrada 80x80 cultivo indoor",
excluida,https://www.growbaratochile.cl/bandejas/mesa-de-cultivo-gris.html,"Mesa de cultivo nega para cultivos indoor",
excluida,https://www.growbaratochile.cl/bandejas/soporte-para-mesas-de-cultivo.html,"Soporte para mesas de cultivo indoor",
excluida,https://www.growbaratochile.cl/pyramid-seeds/galaxy.html,"Galaxy Pyramid Seeds semillas feminizadas",
excluida,https://www.growbaratochile.cl/pyramid-seeds-auto/auto-galaxy.html,"Auto Galaxy de Pyramid Seeds Automatic",
excluida,https://www.growbaratochile.cl/bandejas/bandeja-para-maceta-cuadrada.html,"Bandejas macetas cuadradas varias medidas",
excluida,https://www.growbaratochile.cl/humedad-y-temperatura/deshumidificador-mini-cornwall-electronics.html,"Mini Deshumidificador Cornwall Electronics – Controla humedad en indoor",
excluida,https://www.growbaratochile.cl/accesorios-de-riego/pipetas-pasteur.html,"Pipetas Pasteur para aplicar fertilizantes",
excluida,https://www.growbaratochile.cl/pyramid-seeds/alpujarrena.html,"Alpujarreña de Pyramid Seeds➡️feminizada",
excluida,https://www.growbaratochile.cl/fast-buds-american-autoflowers/girl-scout-cookies-auto.html,"Girl Scout Cookies Auto Fast Buds Autoflowers",
excluida,https://www.growbaratochile.cl/fast-buds-american-autoflowers/cream-cookies-auto.html,"Cream Cookies Auto Fast Buds Autoflowers",
excluida,https://www.growbaratochile.cl/ocultacion/test-thc.html,"Test de THC en la Orina efectivo y rápido",
excluida,https://www.growbaratochile.cl/pyramid-seeds-auto/auto-alpujarrena.html,"Auto Alpujarreña de Pyramid Seeds, para frío.",
excluida,https://www.growbaratochile.cl/royal-queen-seeds-auto/royal-cookies-auto.html,"Royal Cookies Auto de Royal Queen Seeds",
excluida,https://www.growbaratochile.cl/gb-strains/strawberry-cake-cbd.html,"Strawberry Cake CBD semilla feminizada - GB The Green Brand",
excluida,https://www.growbaratochile.cl/medical-seeds-feminizadas/cookies-purple-punch.html,"Cookies Purple Punch de Medical Seeds - GB The Green Brand",
excluida,https://www.growbaratochile.cl/semillas-a-granel/gmo-cookies-100-fem.html,"Semillas GMO Cookies 100% Feminizada - GB The Green Brand",
excluida,https://www.growbaratochile.cl/sweet-seeds-auto/red-strawberry-banana-auto.html,"Red Strawberry Banana Auto de Sweet Seeds - GrowBarato",
excluida,https://www.growbaratochile.cl/semillas-a-granel/original-amnesia-f1-100-fem.html,"Semillas Original Amnesia F1 100% Fem - GB The Green Brand",
excluida,https://www.growbaratochile.cl/semillas-a-granel/original-gb-100-fem.html,"Original GB a Granel Semillas Baratas 100% Fem - GB The Green Brand",
excluida,https://www.growbaratochile.cl/semillas-autos-a-granel/auto-original-gb-100-fem.html,"Auto Original GB XXL 100% Fem Semillas Baratas - GB The Green Brand",
excluida,https://www.growbaratochile.cl/apex-seeds/magic-cookies-sorbet.html,"Magic Cookies Sorbet de Apex Seeds",
excluida,https://www.growbaratochile.cl/herramientas-accesorios/malla-secadora-garden-highpro.html,"Malla de Secado Garden Highpro | 55, 75 y 95 cm",
excluida,https://www.growbaratochile.cl/strain-machine/gas-cookies-ft-ripper-seeds.html,"Gas Cookies Ft. Ripper Seeds - Strain Machine",
excluida,https://www.growbaratochile.cl/fertilizantes/vitaliterps.html,"Vitaliterps Maximiza la floración y maduración de tus plantas.",
excluida,https://www.growbaratochile.cl/macetas/maceta-jardinera-terracota.html,"Maceta jardinera terracota ┃ GB The Green Brand",
excluida,https://www.growbaratochile.cl/macetas-y-bandejas/jardinera-de-reja-colores.html,"Jardinera De Reja Colores ┃GB The Green Brand",
excluida,https://www.growbaratochile.cl/macetas-y-bandejas/jardinera-balcon-colores-.html,"Jardinera Balcón Colores | GB The Green Brand",
excluida,https://www.growbaratochile.cl/bandejas/plato-para-macetas-terra.html,"Plato para macetas Terra - GB The Green Brand",
excluida,https://www.growbaratochile.cl/bandejas/plato-redondo-macetas-.html,"Plato Redondo Para Macetas【barato】en GB The Green Brand",
excluida,https://www.growbaratochile.cl/bandejas/plato-con-ruedas-para-maceta.html,"Plato Con Ruedas Para Maceta - GB The Green Brand",
excluida,https://www.growbaratochile.cl/macetas-y-bandejas/colgante-para-maceta.html,"Colgante para maceta ➡️GB The Green Brand",
excluida,https://www.growbaratochile.cl/sweet-seeds-auto/strawberry-banana-gelato-xl-auto.html,"Semillas Autoflorecientes Strawberry Banana Gelato XL Auto | Sweet Seeds – Alta Producción Indoor & Outdoor",
excluida,https://www.growbaratochile.cl/reflectores/reflector-refrigerado-max-light-garden-highpro.html,"Reflector Refrigerado Max Light Garden HighPro",
excluida,https://www.growbaratochile.cl/accesorios-para-el-cultivo-de-hongos/pack-algodon-alcohol-spray.html,"Pack Algodon + Alcohol - GB The Green Brand",
excluida,https://www.growbaratochile.cl/accesorios-para-el-cultivo-de-hongos/mushbags-con-filtro-pack-20uds.html,"Mushbags con filtro pack 20uds - GB The Green Brand",
excluida,https://www.growbaratochile.cl/extractores/extractor-kasvi-100mm.html,"Extractor Kasvi 100 mm | Ventilación Eficiente para Cultivo Indoor",
excluida,https://www.growbaratochile.cl/ampolletas/kasvi-ampolleta-hps-.html,"Ampolleta HPS Kasvi 250W 400W 600W | Sodio Alta Presión Indoor | Growbarato Chile",
deberia-estar,https://www.growbaratochile.cl/bongs-de-silicona/piece-maker-gear-kali-.html,"PieceMaker Gear Kolt | Bong Flexible y Ergonómico",Bongs
excluida,https://www.growbaratochile.cl/iluminacion/kasvi-balastro-magnetico-plug-play.html,"Balastro Magnético Plug & Play Kasvi | Iluminación eficiente",
excluida,https://www.growbaratochile.cl/tratamiento-de-olores/filtro-de-carbon-activo-125x400-kasvi.html,"Filtro Carbón Activado125x400 Kasvi | Control de olores cultivo indoor",
excluida,https://www.growbaratochile.cl/tratamiento-de-olores/filtro-de-carbon-activo-150x400-kasvi.html,"Filtro de Carbón Activado Kasvi 150x400 ▶ Control de olores indoor",
excluida,https://www.growbaratochile.cl/iluminacion/balastro-electronico-600w-kasvi-.html,"Balastro Electrónico Dimmable 250-600W Kasvi | Growbarato Chile",
excluida,https://www.growbaratochile.cl/tratamiento-de-olores/filtro-de-carbon-activo-200x600-kasvi.html,"Filtro de Carbón Activo 200x600 Kasvi | Antiolor Cultivo Indoor",
excluida,https://www.growbaratochile.cl/accesorios-para-carpas-de-cultivo/malla-scrog-cultibox-.html,"Malla SCROG Elástica Cultibox 120x100 cm | Optimiza tu Cultivo Indoor",
excluida,https://www.growbaratochile.cl/semillas-feminizadas/strawberry-cola-sherbet-f1-sweet-seeds.html,"Strawberry Cola Sherbet F1 Fast Version | Sweet Seeds",