offerId;variante;conStock;precio;productIds;slugs;tiendas;tipo;arreglaFalsoSinStock;skuYaEnDestino;vistaUltimoScrape;titulo;url
33397;Negro;no;69990;10680;airistech/herbva-nokiva;3;unico-destino;no;si-huerfana-mas-vieja-que-of92897;no-2026-07-24;Vaporizador Nokiva Kit-Airistech - Negro;https://astrogrowshop.cl/vaporizador-nokiva-kit-airistech?variant=Negro
33396;Blanco;no;69990;10680;airistech/herbva-nokiva;3;unico-destino;no;si-huerfana-mas-vieja-que-of92896;no-2026-07-24;Vaporizador Nokiva Kit-Airistech - Blanco;https://astrogrowshop.cl/vaporizador-nokiva-kit-airistech?variant=Blanco
33398;Rojo;no;69990;10680;airistech/herbva-nokiva;3;unico-destino;no;si-huerfana-mas-vieja-que-of92898;no-2026-07-24;Vaporizador Nokiva Kit-Airistech - Rojo;https://astrogrowshop.cl/vaporizador-nokiva-kit-airistech?variant=Rojo
32478;COSMIC PURPLE;no;11990;10453;calvo/bateria-cartridge-510;3;unico-destino;no;si-huerfana-mas-vieja-que-of12474;si;Bateria 510 350Mah -Calvo Glass - COSMIC PURPLE;https://astrogrowshop.cl/bateria-510-350mah-calvo-glass?variant=COSMIC%20PURPLE
32479;Negro;no;11990;10453;calvo/bateria-cartridge-510;3;unico-destino;no;si-huerfana-mas-vieja-que-of91573;no-2026-07-24;Bateria 510 350Mah -Calvo Glass - Negro;https://astrogrowshop.cl/bateria-510-350mah-calvo-glass?variant=Negro
32481;Verde;no;11990;10453;calvo/bateria-cartridge-510;3;unico-destino;no;si-huerfana-mas-vieja-que-of91575;no-2026-07-24;Bateria 510 350Mah -Calvo Glass - Verde;https://astrogrowshop.cl/bateria-510-350mah-calvo-glass?variant=Verde
32482;Morado;no;11990;10453;calvo/bateria-cartridge-510;3;unico-destino;no;si-huerfana-mas-vieja-que-of91576;no-2026-07-24;Bateria 510 350Mah -Calvo Glass - Morado;https://astrogrowshop.cl/bateria-510-350mah-calvo-glass?variant=Morado
32537;BLUE GLACIER;no;8990;10202;top-smoke/pocket;3;unico-destino;no;si-huerfana-mas-fresca-que-of12515;si;PiPA SILICONA POCKET -TOP SMOKE - BLUE GLACIER;https://astrogrowshop.cl/pipa-silicona-pocket-top-smoke?variant=BLUE%20GLACIER
78124;PINK;no;26990;10152|10719;blazy-susan/pre-roll-pink-king-size-50u|blazy-susan/pre-roll-purple-king-size-50u;2|2;WILDCARD-necesita-juicio;no;si-huerfana-mas-fresca-que-of747;si;CONOS PRE ROLL KING SIZE JAR 50U-BLAZY SUSAN - PINK;https://astrogrowshop.cl/conos-pre-roll-king-size-jar-50u-blazy-susan?variant=PINK
32182;Rosa;no;26990;10152|10719;blazy-susan/pre-roll-pink-king-size-50u|blazy-susan/pre-roll-purple-king-size-50u;2|2;WILDCARD-necesita-juicio;no;si-huerfana-mas-fresca-que-of747;no-2026-07-10;CONOS PRE ROLL KING SIZE JAR 50U-BLAZY SUSAN - Rosa;https://astrogrowshop.cl/conos-pre-roll-king-size-jar-50u-blazy-susan?variant=Rosa
32183;Morado;no;29990;10152|10719;blazy-susan/pre-roll-pink-king-size-50u|blazy-susan/pre-roll-purple-king-size-50u;2|2;WILDCARD-necesita-juicio;no;si-huerfana-mas-vieja-que-of78125;no-2026-07-10;CONOS PRE ROLL KING SIZE JAR 50U-BLAZY SUSAN - Morado;https://astrogrowshop.cl/conos-pre-roll-king-size-jar-50u-blazy-susan?variant=Morado
32184;UNBLEACHED;no;29990;10152|10719;blazy-susan/pre-roll-pink-king-size-50u|blazy-susan/pre-roll-purple-king-size-50u;2|2;WILDCARD-necesita-juicio;no;no;si;CONOS PRE ROLL KING SIZE JAR 50U-BLAZY SUSAN - UNBLEACHED;https://astrogrowshop.cl/conos-pre-roll-king-size-jar-50u-blazy-susan?variant=UNBLEACHED
78127;PURPLE;no;30990;5706;blazy-susan/pre-roll-pink-king-size-3u;3;unico-destino;no;no;si;Conos Pre Roll King Size Pack 3U-Blazy Susan - PURPLE;https://astrogrowshop.cl/conos-pre-roll-king-size-pack-3u-blazy-susan?variant=PURPLE
32186;Rosa;no;3990;5706;blazy-susan/pre-roll-pink-king-size-3u;3;unico-destino;no;si-huerfana-mas-vieja-que-of78128;no-2026-07-10;Conos Pre Roll King Size Pack 3U-Blazy Susan - Rosa;https://astrogrowshop.cl/conos-pre-roll-king-size-pack-3u-blazy-susan?variant=Rosa
12228;;si;3990;5706;blazy-susan/pre-roll-pink-king-size-3u;3;unico-destino;no;no;no-2026-06-12;Conos Pre Roll King Size Pack 3U-Blazy Susan;https://astrogrowshop.cl/conos-pre-roll-king-size-pack-3u-blazy-susan
32185;Morado;no;30990;5706;blazy-susan/pre-roll-pink-king-size-3u;3;unico-destino;no;no;no-2026-07-10;Conos Pre Roll King Size Pack 3U-Blazy Susan - Morado;https://astrogrowshop.cl/conos-pre-roll-king-size-pack-3u-blazy-susan?variant=Morado
1151;;si;34990;10734;blazy-susan/aluminio-60mm-4-partes;2;unico-destino;no;si-huerfana-mas-vieja-que-of31024;no-2026-06-30;4 Pcs Grinder -Blazy Susan;https://astrogrowshop.cl/4-pcs-grinder-blazy-susan
32561;azul;no;69990;10289;calvo/monster;4;unico-destino;no;si-huerfana-mas-vieja-que-of12521;si;Rig Con Percolador De Arbol -Calvo Glass - azul;https://astrogrowshop.cl/rig-con-percolador-de-arbol-calvo-glass?variant=azul
78139;14 CM;si;3790;10401;bonglab/difusor-negro-14mm-12cm;2;unico-destino;no;si-huerfana-mas-vieja-que-of12237;si;Difusor Logo Negro 14Mm -Bonglab (14Cm/12Cm) - 14 CM;https://astrogrowshop.cl/difusor-logo-negro-14mm-bonglab?variant=14%20CM
32197;14CM;no;3790;10401;bonglab/difusor-negro-14mm-12cm;2;unico-destino;no;si-huerfana-mas-vieja-que-of12237;no-2026-07-10;Difusor Logo Negro 14Mm -Bonglab (14Cm/12Cm) - 14CM;https://astrogrowshop.cl/difusor-logo-negro-14mm-bonglab?variant=14CM
32198;12CM;no;3990;10401;bonglab/difusor-negro-14mm-12cm;2;unico-destino;no;si-huerfana-mas-vieja-que-of78140;no-2026-07-10;Difusor Logo Negro 14Mm -Bonglab (14Cm/12Cm) - 12CM;https://astrogrowshop.cl/difusor-logo-negro-14mm-bonglab?variant=12CM
32200;12 CM;no;3990;10359;bonglab/difusor-logo-14mm-morado;3;unico-destino;no;no;si;Difusor Logo Purple 14Mm-Bonglab (14Cm/12Cm) - 12 CM;https://astrogrowshop.cl/difusor-logo-purple-14mm-bonglab?variant=12%20CM
32199;14 CM;no;3990;10359;bonglab/difusor-logo-14mm-morado;3;unico-destino;no;si-huerfana-mas-fresca-que-of12238;si;Difusor Logo Purple 14Mm-Bonglab (14Cm/12Cm) - 14 CM;https://astrogrowshop.cl/difusor-logo-purple-14mm-bonglab?variant=14%20CM
31602;azul;no;15990;5532;bonglab/tiny-bell-extended;3;unico-destino;no;si-huerfana-mas-fresca-que-of186;si;Tiny Bell Extended -Bonglab - azul;https://astrogrowshop.cl/tiny-bell-extended-bonglab?variant=azul
31818;Negro;no;39990;10155;bonglab/roller-coaster;3;unico-destino;no;si-huerfana-mas-fresca-que-of424;si;Roller Coaster-Bonglab - Negro;https://astrogrowshop.cl/roller-coaster-bonglab?variant=Negro
31309;Azul;si;9990;10333;zengaz/zt-70;2;unico-destino;no;si-huerfana-mas-vieja-que-of77158;no-2026-07-10;Encendedor Torch Zt-70 - Zengaz - Azul;https://astrogrowshop.cl/encendedor-torch-zt-70-zengaz?variant=Azul
77154;BLUE-DONAS;no;9990;10333;zengaz/zt-70;2;unico-destino;no;si-huerfana-mas-vieja-que-of12250;si;Encendedor Torch Zt-70 - Zengaz - BLUE-DONAS;https://astrogrowshop.cl/encendedor-torch-zt-70-zengaz?variant=BLUE-DONAS
31310;ROSA/BLANCO;si;9990;10333;zengaz/zt-70;2;unico-destino;no;si-huerfana-mas-vieja-que-of77155;no-2026-07-10;Encendedor Torch Zt-70 - Zengaz - ROSA/BLANCO;https://astrogrowshop.cl/encendedor-torch-zt-70-zengaz?variant=ROSA%2FBLANCO
31311;ROSA/MULTICOLOR;si;9990;10333;zengaz/zt-70;2;unico-destino;no;si-huerfana-mas-vieja-que-of77156;no-2026-07-10;Encendedor Torch Zt-70 - Zengaz - ROSA/MULTICOLOR;https://astrogrowshop.cl/encendedor-torch-zt-70-zengaz?variant=ROSA%2FMULTICOLOR
31308;AZUL/DONAS;no;9990;10333;zengaz/zt-70;2;unico-destino;no;si-huerfana-mas-fresca-que-of12250;no-2026-07-10;Encendedor Torch Zt-70 - Zengaz - AZUL/DONAS;https://astrogrowshop.cl/encendedor-torch-zt-70-zengaz?variant=AZUL%2FDONAS
31569;Ámbar;si;53990;5790|5518;bonglab/trash-big-logo|bonglab/the-trash;2|4;WILDCARD-necesita-juicio;no;si-huerfana-mas-fresca-que-of3655;si;The Trash Big Logo-Bonglab - Ámbar;https://astrogrowshop.cl/the-trash-big-logo-bonglab?variant=%C3%81mbar
2618;;si;42990;10703|10725|10742|10829;kasvi/carbon-activado-100x300|kasvi/carbon-activado-125x400|kasvi/carbon-activado-150x400|kasvi/carbon-activado-315x1200;4|3|3|2;WILDCARD-necesita-juicio;no;no;no-2026-07-05;Filtro De Carbón Activado-Kasvi;https://astrogrowshop.cl/filtro-de-carbon-activado-kasvi
31747;125X200 MM;no;42990;10703|10725|10742|10829;kasvi/carbon-activado-100x300|kasvi/carbon-activado-125x400|kasvi/carbon-activado-150x400|kasvi/carbon-activado-315x1200;4|3|3|2;WILDCARD-necesita-juicio;no;no;si;Filtro De Carbón Activado-Kasvi - 125X200 MM;https://astrogrowshop.cl/filtro-de-carbon-activado-kasvi?variant=125X200%20MM
31751;200X600 MM;no;165990;10703|10725|10742|10829;kasvi/carbon-activado-100x300|kasvi/carbon-activado-125x400|kasvi/carbon-activado-150x400|kasvi/carbon-activado-315x1200;4|3|3|2;WILDCARD-necesita-juicio;no;no;si;Filtro De Carbón Activado-Kasvi - 200X600 MM;https://astrogrowshop.cl/filtro-de-carbon-activado-kasvi?variant=200X600%20MM
31752;250X600 MM;si;217990;10703|10725|10742|10829;kasvi/carbon-activado-100x300|kasvi/carbon-activado-125x400|kasvi/carbon-activado-150x400|kasvi/carbon-activado-315x1200;4|3|3|2;WILDCARD-necesita-juicio;si;no;si;Filtro De Carbón Activado-Kasvi - 250X600 MM;https://astrogrowshop.cl/filtro-de-carbon-activado-kasvi?variant=250X600%20MM
31753;315X1000 MM;no;426990;10703|10725|10742|10829;kasvi/carbon-activado-100x300|kasvi/carbon-activado-125x400|kasvi/carbon-activado-150x400|kasvi/carbon-activado-315x1200;4|3|3|2;WILDCARD-necesita-juicio;no;no;si;Filtro De Carbón Activado-Kasvi - 315X1000 MM;https://astrogrowshop.cl/filtro-de-carbon-activado-kasvi?variant=315X1000%20MM
31467;Amarillo;si;2840;5733;galaxy/ashtray-ash-holder;2;unico-destino;no;no;no-2026-07-10;CENICERO ASH HOLDER GLOW IN THE DARK - GALAXY - Amarillo;https://astrogrowshop.cl/cenicero-ash-holder-glow-in-the-dark-galaxy?variant=Amarillo
31464;Rosa;si;2840;5733;galaxy/ashtray-ash-holder;2;unico-destino;no;no;no-2026-07-10;CENICERO ASH HOLDER GLOW IN THE DARK - GALAXY - Rosa;https://astrogrowshop.cl/cenicero-ash-holder-glow-in-the-dark-galaxy?variant=Rosa
31462;Verde;no;2840;5733;galaxy/ashtray-ash-holder;2;unico-destino;no;si-huerfana-mas-fresca-que-of769;no-2026-07-10;CENICERO ASH HOLDER GLOW IN THE DARK - GALAXY - Verde;https://astrogrowshop.cl/cenicero-ash-holder-glow-in-the-dark-galaxy?variant=Verde
31733;CLEAR;si;15990;5778;bonglab/tiny-bell;4;unico-destino;no;si-huerfana-mas-fresca-que-of26;si;Tiny Bell -Bonglab - CLEAR;https://astrogrowshop.cl/tiny-bell-bonglab?variant=CLEAR
31528;Negro;no;49990;5781;ozeta/bag-legbag-xl;3;unico-destino;no;si-huerfana-mas-vieja-que-of2583;no-2026-07-10;Bolso Muslera Xl Con Clave -Ozeta - Negro;https://astrogrowshop.cl/bolso-muslera-xl-con-clave-ozeta?variant=Negro
77389;BLACK;no;49990;5781;ozeta/bag-legbag-xl;3;unico-destino;no;si-huerfana-mas-fresca-que-of2583;si;Bolso Muslera Xl Con Clave -Ozeta - BLACK;https://astrogrowshop.cl/bolso-muslera-xl-con-clave-ozeta?variant=BLACK
31641;Negro;no;30990;5764;ozeta/case-antiolor-medium;3;unico-destino;no;si-huerfana-mas-vieja-que-of77547;no-2026-07-10;Estuche Mediano -Ozeta - Negro;https://astrogrowshop.cl/estuche-mediano-ozeta?variant=Negro
31640;Morado;no;27990;5764;ozeta/case-antiolor-medium;3;unico-destino;no;si-huerfana-mas-fresca-que-of17965;no-2026-07-10;Estuche Mediano -Ozeta - Morado;https://astrogrowshop.cl/estuche-mediano-ozeta?variant=Morado
31643;Rosa;si;27990;5764;ozeta/case-antiolor-medium;3;unico-destino;no;si-huerfana-mas-vieja-que-of77549;no-2026-07-10;Estuche Mediano -Ozeta - Rosa;https://astrogrowshop.cl/estuche-mediano-ozeta?variant=Rosa
77546;PURPLE;no;27990;5764;ozeta/case-antiolor-medium;3;unico-destino;no;si-huerfana-mas-fresca-que-of17965;si;Estuche Mediano -Ozeta - PURPLE;https://astrogrowshop.cl/estuche-mediano-ozeta?variant=PURPLE
31738;Morado;no;29990;10466;bonglab/tough-beaker-23cm;2;unico-destino;no;si-huerfana-mas-fresca-que-of17178;si;Tough Beaker -Bonglab - Morado;https://astrogrowshop.cl/tough-beaker-bonglab?variant=Morado
32232;Negro;si;228990;9244;davinci/iq3;3;unico-destino;no;si-huerfana-mas-fresca-que-of734;si;Vaporizador Da Vinci Iq3 (Onyx/Blue/Purple/Grey) - Negro;https://astrogrowshop.cl/vaporizador-da-vinci-iq3-onyx?variant=Negro
31692;Negro;no;9990;10440;piecemaker/munchie-bowl;2;unico-destino;no;si-huerfana-mas-vieja-que-of77599;no-2026-07-10;Munchie Bowl -Pmg - Negro;https://astrogrowshop.cl/munchie-bowl-pmg?variant=Negro
31696;Rojo;no;9990;10440;piecemaker/munchie-bowl;2;unico-destino;no;si-huerfana-mas-vieja-que-of77607;no-2026-07-10;Munchie Bowl -Pmg - Rojo;https://astrogrowshop.cl/munchie-bowl-pmg?variant=Rojo
31693;Verde;no;11990;10440;piecemaker/munchie-bowl;2;unico-destino;no;si-huerfana-mas-vieja-que-of77600;no-2026-07-10;Munchie Bowl -Pmg - Verde;https://astrogrowshop.cl/munchie-bowl-pmg?variant=Verde
31694;Naranjo;no;9990;10440;piecemaker/munchie-bowl;2;unico-destino;no;si-huerfana-mas-vieja-que-of77601;no-2026-07-10;Munchie Bowl -Pmg - Naranjo;https://astrogrowshop.cl/munchie-bowl-pmg?variant=Naranjo
31695;Morado;no;9990;10440;piecemaker/munchie-bowl;2;unico-destino;no;si-huerfana-mas-vieja-que-of77602;no-2026-07-10;Munchie Bowl -Pmg - Morado;https://astrogrowshop.cl/munchie-bowl-pmg?variant=Morado
31699;VERDE/ROJO;no;9990;10440;piecemaker/munchie-bowl;2;unico-destino;no;si-huerfana-mas-vieja-que-of77605;no-2026-07-10;Munchie Bowl -Pmg - VERDE/ROJO;https://astrogrowshop.cl/munchie-bowl-pmg?variant=VERDE%2FROJO
31691;ROSADO;no;12990;10440;piecemaker/munchie-bowl;2;unico-destino;no;si-huerfana-mas-fresca-que-of17983;no-2026-07-10;Munchie Bowl -Pmg - ROSADO;https://astrogrowshop.cl/munchie-bowl-pmg?variant=ROSADO
31697;CELESTE;no;9990;10440;piecemaker/munchie-bowl;2;unico-destino;no;si-huerfana-mas-vieja-que-of77603;no-2026-07-10;Munchie Bowl -Pmg - CELESTE;https://astrogrowshop.cl/munchie-bowl-pmg?variant=CELESTE
77598;PINK;no;12990;10440;piecemaker/munchie-bowl;2;unico-destino;no;si-huerfana-mas-fresca-que-of17983;si;Munchie Bowl -Pmg - PINK;https://astrogrowshop.cl/munchie-bowl-pmg?variant=PINK
32965;MANGO ICE;no;9990;10821|10836|10823|10822;life-pod/eco-pro-cartridge-8000-cherry-bomb|life-pod/eco-pro-cartridge-8000-triple-berry|life-pod/eco-pro-cartridge-8000-white-mocha-ice|life-pod/eco-pro-cartridge-8000-pear-ice;2|2|2|2;WILDCARD-necesita-juicio;no;no;si;Eco Pro Cartrige 8000 Puff 4,5%/45Mg - Life Pod - MANGO ICE;https://astrogrowshop.cl/eco-pro-cartrige-8000-puff-4545mg-life-pod?variant=MANGO%20ICE
32967;PASSION FRUIT ICE;no;9990;10821|10836|10823|10822;life-pod/eco-pro-cartridge-8000-cherry-bomb|life-pod/eco-pro-cartridge-8000-triple-berry|life-pod/eco-pro-cartridge-8000-white-mocha-ice|life-pod/eco-pro-cartridge-8000-pear-ice;2|2|2|2;WILDCARD-necesita-juicio;no;no;si;Eco Pro Cartrige 8000 Puff 4,5%/45Mg - Life Pod - PASSION FRUIT ICE;https://astrogrowshop.cl/eco-pro-cartrige-8000-puff-4545mg-life-pod?variant=PASSION%20FRUIT%20ICE
32974;STRAWBERRY BANANA;no;9990;10821|10836|10823|10822;life-pod/eco-pro-cartridge-8000-cherry-bomb|life-pod/eco-pro-cartridge-8000-triple-berry|life-pod/eco-pro-cartridge-8000-white-mocha-ice|life-pod/eco-pro-cartridge-8000-pear-ice;2|2|2|2;WILDCARD-necesita-juicio;no;no;no-2026-07-24;Eco Pro Cartrige 8000 Puff 4,5%/45Mg - Life Pod - STRAWBERRY BANANA;https://astrogrowshop.cl/eco-pro-cartrige-8000-puff-4545mg-life-pod?variant=STRAWBERRY%20BANANA
32975;SPEARMINT;no;9990;10821|10836|10823|10822;life-pod/eco-pro-cartridge-8000-cherry-bomb|life-pod/eco-pro-cartridge-8000-triple-berry|life-pod/eco-pro-cartridge-8000-white-mocha-ice|life-pod/eco-pro-cartridge-8000-pear-ice;2|2|2|2;WILDCARD-necesita-juicio;no;no;si;Eco Pro Cartrige 8000 Puff 4,5%/45Mg - Life Pod - SPEARMINT;https://astrogrowshop.cl/eco-pro-cartrige-8000-puff-4545mg-life-pod?variant=SPEARMINT
32977;WATERMELON ICE;no;9990;10821|10836|10823|10822;life-pod/eco-pro-cartridge-8000-cherry-bomb|life-pod/eco-pro-cartridge-8000-triple-berry|life-pod/eco-pro-cartridge-8000-white-mocha-ice|life-pod/eco-pro-cartridge-8000-pear-ice;2|2|2|2;WILDCARD-necesita-juicio;no;no;no-2026-07-24;Eco Pro Cartrige 8000 Puff 4,5%/45Mg - Life Pod - WATERMELON ICE;https://astrogrowshop.cl/eco-pro-cartrige-8000-puff-4545mg-life-pod?variant=WATERMELON%20ICE
32984;GREEN APPLE;no;9990;10821|10836|10823|10822;life-pod/eco-pro-cartridge-8000-cherry-bomb|life-pod/eco-pro-cartridge-8000-triple-berry|life-pod/eco-pro-cartridge-8000-white-mocha-ice|life-pod/eco-pro-cartridge-8000-pear-ice;2|2|2|2;WILDCARD-necesita-juicio;no;no;si;Eco Pro Cartrige 8000 Puff 4,5%/45Mg - Life Pod - GREEN APPLE;https://astrogrowshop.cl/eco-pro-cartrige-8000-puff-4545mg-life-pod?variant=GREEN%20APPLE
32964;BANANA ICE;no;9990;10821|10836|10823|10822;life-pod/eco-pro-cartridge-8000-cherry-bomb|life-pod/eco-pro-cartridge-8000-triple-berry|life-pod/eco-pro-cartridge-8000-white-mocha-ice|life-pod/eco-pro-cartridge-8000-pear-ice;2|2|2|2;WILDCARD-necesita-juicio;no;no;si;Eco Pro Cartrige 8000 Puff 4,5%/45Mg - Life Pod - BANANA ICE;https://astrogrowshop.cl/eco-pro-cartrige-8000-puff-4545mg-life-pod?variant=BANANA%20ICE
17957;;si;9990;10821|10836|10823|10822;life-pod/eco-pro-cartridge-8000-cherry-bomb|life-pod/eco-pro-cartridge-8000-triple-berry|life-pod/eco-pro-cartridge-8000-white-mocha-ice|life-pod/eco-pro-cartridge-8000-pear-ice;2|2|2|2;WILDCARD-necesita-juicio;no;no;no-2026-07-10;Eco Pro Cartrige 8000 Puff 4,5%/45Mg - Life Pod;https://astrogrowshop.cl/eco-pro-cartrige-8000-puff-4545mg-life-pod
32978;STRAWBERRY KIWI;no;9990;10821|10836|10823|10822;life-pod/eco-pro-cartridge-8000-cherry-bomb|life-pod/eco-pro-cartridge-8000-triple-berry|life-pod/eco-pro-cartridge-8000-white-mocha-ice|life-pod/eco-pro-cartridge-8000-pear-ice;2|2|2|2;WILDCARD-necesita-juicio;no;no;si;Eco Pro Cartrige 8000 Puff 4,5%/45Mg - Life Pod - STRAWBERRY KIWI;https://astrogrowshop.cl/eco-pro-cartrige-8000-puff-4545mg-life-pod?variant=STRAWBERRY%20KIWI
32979;STRAWBERRY ICE;no;9990;10821|10836|10823|10822;life-pod/eco-pro-cartridge-8000-cherry-bomb|life-pod/eco-pro-cartridge-8000-triple-berry|life-pod/eco-pro-cartridge-8000-white-mocha-ice|life-pod/eco-pro-cartridge-8000-pear-ice;2|2|2|2;WILDCARD-necesita-juicio;no;no;si;Eco Pro Cartrige 8000 Puff 4,5%/45Mg - Life Pod - STRAWBERRY ICE;https://astrogrowshop.cl/eco-pro-cartrige-8000-puff-4545mg-life-pod?variant=STRAWBERRY%20ICE
32980;GRAPE ICE;no;9990;10821|10836|10823|10822;life-pod/eco-pro-cartridge-8000-cherry-bomb|life-pod/eco-pro-cartridge-8000-triple-berry|life-pod/eco-pro-cartridge-8000-white-mocha-ice|life-pod/eco-pro-cartridge-8000-pear-ice;2|2|2|2;WILDCARD-necesita-juicio;no;no;no-2026-07-24;Eco Pro Cartrige 8000 Puff 4,5%/45Mg - Life Pod - GRAPE ICE;https://astrogrowshop.cl/eco-pro-cartrige-8000-puff-4545mg-life-pod?variant=GRAPE%20ICE
32981;WATERELON GUMMY;no;9990;10821|10836|10823|10822;life-pod/eco-pro-cartridge-8000-cherry-bomb|life-pod/eco-pro-cartridge-8000-triple-berry|life-pod/eco-pro-cartridge-8000-white-mocha-ice|life-pod/eco-pro-cartridge-8000-pear-ice;2|2|2|2;WILDCARD-necesita-juicio;no;no;no-2026-07-24;Eco Pro Cartrige 8000 Puff 4,5%/45Mg - Life Pod - WATERELON GUMMY;https://astrogrowshop.cl/eco-pro-cartrige-8000-puff-4545mg-life-pod?variant=WATERELON%20GUMMY
32983;LOVE 66;no;9990;10821|10836|10823|10822;life-pod/eco-pro-cartridge-8000-cherry-bomb|life-pod/eco-pro-cartridge-8000-triple-berry|life-pod/eco-pro-cartridge-8000-white-mocha-ice|life-pod/eco-pro-cartridge-8000-pear-ice;2|2|2|2;WILDCARD-necesita-juicio;no;no;si;Eco Pro Cartrige 8000 Puff 4,5%/45Mg - Life Pod - LOVE 66;https://astrogrowshop.cl/eco-pro-cartrige-8000-puff-4545mg-life-pod?variant=LOVE%2066
32985;PASSION FRUIT MANGO;no;9990;10821|10836|10823|10822;life-pod/eco-pro-cartridge-8000-cherry-bomb|life-pod/eco-pro-cartridge-8000-triple-berry|life-pod/eco-pro-cartridge-8000-white-mocha-ice|life-pod/eco-pro-cartridge-8000-pear-ice;2|2|2|2;WILDCARD-necesita-juicio;no;no;si;Eco Pro Cartrige 8000 Puff 4,5%/45Mg - Life Pod - PASSION FRUIT MANGO;https://astrogrowshop.cl/eco-pro-cartrige-8000-puff-4545mg-life-pod?variant=PASSION%20FRUIT%20MANGO
32966;MONSTER DRINK;no;9990;10821|10836|10823|10822;life-pod/eco-pro-cartridge-8000-cherry-bomb|life-pod/eco-pro-cartridge-8000-triple-berry|life-pod/eco-pro-cartridge-8000-white-mocha-ice|life-pod/eco-pro-cartridge-8000-pear-ice;2|2|2|2;WILDCARD-necesita-juicio;no;no;si;Eco Pro Cartrige 8000 Puff 4,5%/45Mg - Life Pod - MONSTER DRINK;https://astrogrowshop.cl/eco-pro-cartrige-8000-puff-4545mg-life-pod?variant=MONSTER%20DRINK
32968;PASSION STRAWBERRY ICE;no;9990;10821|10836|10823|10822;life-pod/eco-pro-cartridge-8000-cherry-bomb|life-pod/eco-pro-cartridge-8000-triple-berry|life-pod/eco-pro-cartridge-8000-white-mocha-ice|life-pod/eco-pro-cartridge-8000-pear-ice;2|2|2|2;WILDCARD-necesita-juicio;no;no;si;Eco Pro Cartrige 8000 Puff 4,5%/45Mg - Life Pod - PASSION STRAWBERRY ICE;https://astrogrowshop.cl/eco-pro-cartrige-8000-puff-4545mg-life-pod?variant=PASSION%20STRAWBERRY%20ICE
32970;APPLE BERRIES;no;9990;10821|10836|10823|10822;life-pod/eco-pro-cartridge-8000-cherry-bomb|life-pod/eco-pro-cartridge-8000-triple-berry|life-pod/eco-pro-cartridge-8000-white-mocha-ice|life-pod/eco-pro-cartridge-8000-pear-ice;2|2|2|2;WILDCARD-necesita-juicio;no;no;si;Eco Pro Cartrige 8000 Puff 4,5%/45Mg - Life Pod - APPLE BERRIES;https://astrogrowshop.cl/eco-pro-cartrige-8000-puff-4545mg-life-pod?variant=APPLE%20BERRIES
32971;BLUE RAZZ ICE;no;9990;10821|10836|10823|10822;life-pod/eco-pro-cartridge-8000-cherry-bomb|life-pod/eco-pro-cartridge-8000-triple-berry|life-pod/eco-pro-cartridge-8000-white-mocha-ice|life-pod/eco-pro-cartridge-8000-pear-ice;2|2|2|2;WILDCARD-necesita-juicio;no;no;no-2026-07-24;Eco Pro Cartrige 8000 Puff 4,5%/45Mg - Life Pod - BLUE RAZZ ICE;https://astrogrowshop.cl/eco-pro-cartrige-8000-puff-4545mg-life-pod?variant=BLUE%20RAZZ%20ICE
32973;COCONUT WATER;no;9990;10821|10836|10823|10822;life-pod/eco-pro-cartridge-8000-cherry-bomb|life-pod/eco-pro-cartridge-8000-triple-berry|life-pod/eco-pro-cartridge-8000-white-mocha-ice|life-pod/eco-pro-cartridge-8000-pear-ice;2|2|2|2;WILDCARD-necesita-juicio;no;no;si;Eco Pro Cartrige 8000 Puff 4,5%/45Mg - Life Pod - COCONUT WATER;https://astrogrowshop.cl/eco-pro-cartrige-8000-puff-4545mg-life-pod?variant=COCONUT%20WATER
92191;blue razz ice;no;9990;10821|10836|10823|10822;life-pod/eco-pro-cartridge-8000-cherry-bomb|life-pod/eco-pro-cartridge-8000-triple-berry|life-pod/eco-pro-cartridge-8000-white-mocha-ice|life-pod/eco-pro-cartridge-8000-pear-ice;2|2|2|2;WILDCARD-necesita-juicio;no;no;si;Eco Pro Cartrige 8000 Puff 4,5%/45Mg - Life Pod - blue razz ice;https://astrogrowshop.cl/eco-pro-cartrige-8000-puff-4545mg-life-pod?variant=blue%20razz%20ice
92194;Strawberry Banana;no;9990;10821|10836|10823|10822;life-pod/eco-pro-cartridge-8000-cherry-bomb|life-pod/eco-pro-cartridge-8000-triple-berry|life-pod/eco-pro-cartridge-8000-white-mocha-ice|life-pod/eco-pro-cartridge-8000-pear-ice;2|2|2|2;WILDCARD-necesita-juicio;no;no;si;Eco Pro Cartrige 8000 Puff 4,5%/45Mg - Life Pod - Strawberry Banana;https://astrogrowshop.cl/eco-pro-cartrige-8000-puff-4545mg-life-pod?variant=Strawberry%20Banana
92197;Watermelon Ice;no;9990;10821|10836|10823|10822;life-pod/eco-pro-cartridge-8000-cherry-bomb|life-pod/eco-pro-cartridge-8000-triple-berry|life-pod/eco-pro-cartridge-8000-white-mocha-ice|life-pod/eco-pro-cartridge-8000-pear-ice;2|2|2|2;WILDCARD-necesita-juicio;no;no;si;Eco Pro Cartrige 8000 Puff 4,5%/45Mg - Life Pod - Watermelon Ice;https://astrogrowshop.cl/eco-pro-cartrige-8000-puff-4545mg-life-pod?variant=Watermelon%20Ice
92200;Grape Ice;no;9990;10821|10836|10823|10822;life-pod/eco-pro-cartridge-8000-cherry-bomb|life-pod/eco-pro-cartridge-8000-triple-berry|life-pod/eco-pro-cartridge-8000-white-mocha-ice|life-pod/eco-pro-cartridge-8000-pear-ice;2|2|2|2;WILDCARD-necesita-juicio;no;no;si;Eco Pro Cartrige 8000 Puff 4,5%/45Mg - Life Pod - Grape Ice;https://astrogrowshop.cl/eco-pro-cartrige-8000-puff-4545mg-life-pod?variant=Grape%20Ice
92201;WATERMELON GUMMY;no;9990;10821|10836|10823|10822;life-pod/eco-pro-cartridge-8000-cherry-bomb|life-pod/eco-pro-cartridge-8000-triple-berry|life-pod/eco-pro-cartridge-8000-white-mocha-ice|life-pod/eco-pro-cartridge-8000-pear-ice;2|2|2|2;WILDCARD-necesita-juicio;no;no;si;Eco Pro Cartrige 8000 Puff 4,5%/45Mg - Life Pod - WATERMELON GUMMY;https://astrogrowshop.cl/eco-pro-cartrige-8000-puff-4545mg-life-pod?variant=WATERMELON%20GUMMY
32986;GREEN GRAPE;no;9990;10821|10836|10823|10822;life-pod/eco-pro-cartridge-8000-cherry-bomb|life-pod/eco-pro-cartridge-8000-triple-berry|life-pod/eco-pro-cartridge-8000-white-mocha-ice|life-pod/eco-pro-cartridge-8000-pear-ice;2|2|2|2;WILDCARD-necesita-juicio;no;no;si;Eco Pro Cartrige 8000 Puff 4,5%/45Mg - Life Pod - GREEN GRAPE;https://astrogrowshop.cl/eco-pro-cartrige-8000-puff-4545mg-life-pod?variant=GREEN%20GRAPE
92207;WHITE COCHA ICE;no;9990;10821|10836|10823|10822;life-pod/eco-pro-cartridge-8000-cherry-bomb|life-pod/eco-pro-cartridge-8000-triple-berry|life-pod/eco-pro-cartridge-8000-white-mocha-ice|life-pod/eco-pro-cartridge-8000-pear-ice;2|2|2|2;WILDCARD-necesita-juicio;no;si-huerfana-mas-vieja-que-of32987;si;Eco Pro Cartrige 8000 Puff 4,5%/45Mg - Life Pod - WHITE COCHA ICE;https://astrogrowshop.cl/eco-pro-cartrige-8000-puff-4545mg-life-pod?variant=WHITE%20COCHA%20ICE
32976;MENTHOL;no;9990;10821|10836|10823|10822;life-pod/eco-pro-cartridge-8000-cherry-bomb|life-pod/eco-pro-cartridge-8000-triple-berry|life-pod/eco-pro-cartridge-8000-white-mocha-ice|life-pod/eco-pro-cartridge-8000-pear-ice;2|2|2|2;WILDCARD-necesita-juicio;no;no;si;Eco Pro Cartrige 8000 Puff 4,5%/45Mg - Life Pod - MENTHOL;https://astrogrowshop.cl/eco-pro-cartrige-8000-puff-4545mg-life-pod?variant=MENTHOL
32239;Rojo;no;79990;10674|10325;focus-v/vidrio-carta-2-sport|focus-v/vidrio-carta-sport;2|3;WILDCARD-necesita-juicio;no;si-huerfana-mas-vieja-que-of12286;si;VIDRIO DE REPUESTO CARTA 2/SPORT-FOCUS V - Rojo;https://astrogrowshop.cl/vidrio-de-repuesto-carta-2sport-focus-v?variant=Rojo
32240;azul;si;79990;10674|10325;focus-v/vidrio-carta-2-sport|focus-v/vidrio-carta-sport;2|3;WILDCARD-necesita-juicio;si;no;si;VIDRIO DE REPUESTO CARTA 2/SPORT-FOCUS V - azul;https://astrogrowshop.cl/vidrio-de-repuesto-carta-2sport-focus-v?variant=azul
32244;Morado;no;79990;10674|10325;focus-v/vidrio-carta-2-sport|focus-v/vidrio-carta-sport;2|3;WILDCARD-necesita-juicio;no;no;si;VIDRIO DE REPUESTO CARTA 2/SPORT-FOCUS V - Morado;https://astrogrowshop.cl/vidrio-de-repuesto-carta-2sport-focus-v?variant=Morado
32241;verde;no;79990;10674|10325;focus-v/vidrio-carta-2-sport|focus-v/vidrio-carta-sport;2|3;WILDCARD-necesita-juicio;no;no;si;VIDRIO DE REPUESTO CARTA 2/SPORT-FOCUS V - verde;https://astrogrowshop.cl/vidrio-de-repuesto-carta-2sport-focus-v?variant=verde
32242;Naranjo;no;79990;10674|10325;focus-v/vidrio-carta-2-sport|focus-v/vidrio-carta-sport;2|3;WILDCARD-necesita-juicio;no;no;si;VIDRIO DE REPUESTO CARTA 2/SPORT-FOCUS V - Naranjo;https://astrogrowshop.cl/vidrio-de-repuesto-carta-2sport-focus-v?variant=Naranjo
32243;Negro;si;79990;10674|10325;focus-v/vidrio-carta-2-sport|focus-v/vidrio-carta-sport;2|3;WILDCARD-necesita-juicio;si;no;si;VIDRIO DE REPUESTO CARTA 2/SPORT-FOCUS V - Negro;https://astrogrowshop.cl/vidrio-de-repuesto-carta-2sport-focus-v?variant=Negro
31773;Blanco;no;27990;6774;calvo/hammer-wag-wig;3;unico-destino;no;si-huerfana-mas-fresca-que-of2620;no-2026-07-10;Wig Wag Hammer Pipe-Calvo Glass - Blanco;https://astrogrowshop.cl/wig-wag-hammer-pipe-calvo-glass?variant=Blanco
31774;Negro;no;27990;6774;calvo/hammer-wag-wig;3;unico-destino;no;si-huerfana-mas-vieja-que-of77428;no-2026-07-10;Wig Wag Hammer Pipe-Calvo Glass - Negro;https://astrogrowshop.cl/wig-wag-hammer-pipe-calvo-glass?variant=Negro
77427;WHITE;no;27990;6774;calvo/hammer-wag-wig;3;unico-destino;no;si-huerfana-mas-vieja-que-of2620;si;Wig Wag Hammer Pipe-Calvo Glass - WHITE;https://astrogrowshop.cl/wig-wag-hammer-pipe-calvo-glass?variant=WHITE
31775;ORANGE;no;27990;6774;calvo/hammer-wag-wig;3;unico-destino;no;si-huerfana-mas-vieja-que-of2603;si;Wig Wag Hammer Pipe-Calvo Glass - ORANGE;https://astrogrowshop.cl/wig-wag-hammer-pipe-calvo-glass?variant=ORANGE
32104;Azul;no;23990;10309;bonglab/atrapa-cenizas-triple-honeycomb-14mm;5;unico-destino;no;si-huerfana-mas-vieja-que-of12169;no-2026-07-10;Atrapa Ceniza Panal Triple 14Mm-Bonglab - Azul;https://astrogrowshop.cl/atrapa-ceniza-panal-triple-14mm-bonglab?variant=Azul
32105;Verde;si;22990;10309;bonglab/atrapa-cenizas-triple-honeycomb-14mm;5;unico-destino;no;si-huerfana-mas-vieja-que-of78018;no-2026-07-10;Atrapa Ceniza Panal Triple 14Mm-Bonglab - Verde;https://astrogrowshop.cl/atrapa-ceniza-panal-triple-14mm-bonglab?variant=Verde
32106;Transparente;si;24990;10309;bonglab/atrapa-cenizas-triple-honeycomb-14mm;5;unico-destino;no;si-huerfana-mas-vieja-que-of78019;no-2026-07-10;Atrapa Ceniza Panal Triple 14Mm-Bonglab - Transparente;https://astrogrowshop.cl/atrapa-ceniza-panal-triple-14mm-bonglab?variant=Transparente
78017;BLUE;no;23990;10309;bonglab/atrapa-cenizas-triple-honeycomb-14mm;5;unico-destino;no;si-huerfana-mas-vieja-que-of12169;si;Atrapa Ceniza Panal Triple 14Mm-Bonglab - BLUE;https://astrogrowshop.cl/atrapa-ceniza-panal-triple-14mm-bonglab?variant=BLUE
32124;TAPA BLANCA;no;3490;5760;bonglab/extract-container-extracts-4ml;3;unico-destino;no;si-huerfana-mas-fresca-que-of12181;no-2026-07-10;Contenedor Extractos Clear Tapa Blanca 4Ml-Bonglab - TAPA BLANCA;https://astrogrowshop.cl/contenedor-extractos-clear-tapa-4ml-bonglab?variant=TAPA%20BLANCA
32125;TAPA NEGRA;no;3490;5760;bonglab/extract-container-extracts-4ml;3;unico-destino;no;si-huerfana-mas-vieja-que-of78045;no-2026-07-10;Contenedor Extractos Clear Tapa Blanca 4Ml-Bonglab - TAPA NEGRA;https://astrogrowshop.cl/contenedor-extractos-clear-tapa-4ml-bonglab?variant=TAPA%20NEGRA
78044;WHITE;si;3490;5760;bonglab/extract-container-extracts-4ml;3;unico-destino;no;si-huerfana-mas-fresca-que-of12181;si;Contenedor Extractos Clear Tapa Blanca 4Ml-Bonglab - WHITE;https://astrogrowshop.cl/contenedor-extractos-clear-tapa-4ml-bonglab?variant=WHITE
32147;Azul;no;2990;10310;special-blue/mini-rubber-2-0;3;unico-destino;no;si-huerfana-mas-fresca-que-of765;no-2026-07-10;Soplete Mini Rubber 2.0 -Calvo Glass - Azul;https://astrogrowshop.cl/soplete-mini-rubber-20-calvo-glass?variant=Azul
32148;Verde;no;2990;10310;special-blue/mini-rubber-2-0;3;unico-destino;no;si-huerfana-mas-vieja-que-of78068;no-2026-07-10;Soplete Mini Rubber 2.0 -Calvo Glass - Verde;https://astrogrowshop.cl/soplete-mini-rubber-20-calvo-glass?variant=Verde
32150;Rojo;no;2990;10310;special-blue/mini-rubber-2-0;3;unico-destino;no;si-huerfana-mas-vieja-que-of78070;no-2026-07-10;Soplete Mini Rubber 2.0 -Calvo Glass - Rojo;https://astrogrowshop.cl/soplete-mini-rubber-20-calvo-glass?variant=Rojo
78067;BLUE;si;2990;10310;special-blue/mini-rubber-2-0;3;unico-destino;no;si-huerfana-mas-fresca-que-of765;si;Soplete Mini Rubber 2.0 -Calvo Glass - BLUE;https://astrogrowshop.cl/soplete-mini-rubber-20-calvo-glass?variant=BLUE
32161;Morado;no;24990;10718;bonglab/atrapa-cenizas-slits-18mm;4;unico-destino;no;si-huerfana-mas-vieja-que-of12214;no-2026-07-10;Atrapa Ceniza Perc 18Mm -Bonglab - Morado;https://astrogrowshop.cl/atrapa-ceniza-perc-18mm-bonglab?variant=Morado
32162;Negro;no;24990;10718;bonglab/atrapa-cenizas-slits-18mm;4;unico-destino;no;si-huerfana-mas-vieja-que-of78086;no-2026-07-10;Atrapa Ceniza Perc 18Mm -Bonglab - Negro;https://astrogrowshop.cl/atrapa-ceniza-perc-18mm-bonglab?variant=Negro
32166;Verde;no;24990;10718;bonglab/atrapa-cenizas-slits-18mm;4;unico-destino;no;si-huerfana-mas-vieja-que-of78089;no-2026-07-10;Atrapa Ceniza Perc 18Mm -Bonglab - Verde;https://astrogrowshop.cl/atrapa-ceniza-perc-18mm-bonglab?variant=Verde
32164;Rosa;si;24990;10718;bonglab/atrapa-cenizas-slits-18mm;4;unico-destino;no;si-huerfana-mas-vieja-que-of78088;no-2026-07-10;Atrapa Ceniza Perc 18Mm -Bonglab - Rosa;https://astrogrowshop.cl/atrapa-ceniza-perc-18mm-bonglab?variant=Rosa
32163;Transparente;no;24990;10718;bonglab/atrapa-cenizas-slits-18mm;4;unico-destino;no;si-huerfana-mas-vieja-que-of78087;no-2026-07-10;Atrapa Ceniza Perc 18Mm -Bonglab - Transparente;https://astrogrowshop.cl/atrapa-ceniza-perc-18mm-bonglab?variant=Transparente
78085;PURPLE;si;24990;10718;bonglab/atrapa-cenizas-slits-18mm;4;unico-destino;no;si-huerfana-mas-fresca-que-of12214;si;Atrapa Ceniza Perc 18Mm -Bonglab - PURPLE;https://astrogrowshop.cl/atrapa-ceniza-perc-18mm-bonglab?variant=PURPLE
32257;Blanco;no;2390;10384;soulblime/conos-king-size-white-x6;2;unico-destino;no;si-huerfana-mas-vieja-que-of12296;no-2026-07-10;Conos King Size Unidad-Soulblime - Blanco;https://astrogrowshop.cl/conos-king-size-unidad-soulblime?variant=Blanco
32258;Rosa;no;2390;10384;soulblime/conos-king-size-white-x6;2;unico-destino;no;si-huerfana-mas-vieja-que-of78218;no-2026-07-10;Conos King Size Unidad-Soulblime - Rosa;https://astrogrowshop.cl/conos-king-size-unidad-soulblime?variant=Rosa
78217;WHITE;no;2390;10384;soulblime/conos-king-size-white-x6;2;unico-destino;no;si-huerfana-mas-vieja-que-of12296;si;Conos King Size Unidad-Soulblime - WHITE;https://astrogrowshop.cl/conos-king-size-unidad-soulblime?variant=WHITE
32326;Morado;no;5990;5712;blazy-susan/pre-roll-shorty-53mm-12u;3;unico-destino;no;si-huerfana-mas-vieja-que-of78339;no-2026-07-10;Conos Pre Roll Shortys Pack 12U-Blazy Susan - Morado;https://astrogrowshop.cl/conos-pre-roll-shortys-pack-12u-blazy-susan?variant=Morado
12352;;si;4990;5712;blazy-susan/pre-roll-shorty-53mm-12u;3;unico-destino;no;si-huerfana-mas-vieja-que-of78339;no-2026-06-13;Conos Pre Roll Shortys Pack 12U-Blazy Susan;https://astrogrowshop.cl/conos-pre-roll-shortys-pack-12u-blazy-susan
32327;Rosa;no;4990;5712;blazy-susan/pre-roll-shorty-53mm-12u;3;unico-destino;no;si-huerfana-mas-vieja-que-of78340;no-2026-07-10;Conos Pre Roll Shortys Pack 12U-Blazy Susan - Rosa;https://astrogrowshop.cl/conos-pre-roll-shortys-pack-12u-blazy-susan?variant=Rosa
32387;EXTRA DULCES ALGODON DE AZUCAR;no;1490;10388;soulblime/hemp-blunt-wrap-sabores;5;unico-destino;no;si-huerfana-mas-vieja-que-of78432;no-2026-07-10;Blunt Sabores 1U- Soulblime - EXTRA DULCES ALGODON DE AZUCAR;https://astrogrowshop.cl/blunt-sabores-1u-soulblime?variant=EXTRA%20DULCES%20ALGODON%20DE%20AZUCAR
32380;CLASICO CITRICO;no;1490;10388;soulblime/hemp-blunt-wrap-sabores;5;unico-destino;no;si-huerfana-mas-vieja-que-of12414;si;Blunt Sabores 1U- Soulblime - CLASICO CITRICO;https://astrogrowshop.cl/blunt-sabores-1u-soulblime?variant=CLASICO%20CITRICO
32381;CLASICOS MENTA;no;1490;10388;soulblime/hemp-blunt-wrap-sabores;5;unico-destino;no;si-huerfana-mas-vieja-que-of78426;no-2026-07-10;Blunt Sabores 1U- Soulblime - CLASICOS MENTA;https://astrogrowshop.cl/blunt-sabores-1u-soulblime?variant=CLASICOS%20MENTA
32382;CLASICOS ORIGINAL;no;1490;10388;soulblime/hemp-blunt-wrap-sabores;5;unico-destino;no;si-huerfana-mas-vieja-que-of78427;no-2026-07-10;Blunt Sabores 1U- Soulblime - CLASICOS ORIGINAL;https://astrogrowshop.cl/blunt-sabores-1u-soulblime?variant=CLASICOS%20ORIGINAL
32487;Negro;no;16990;10371;blazy-susan/cenicero-silicona;2;unico-destino;no;si-huerfana-mas-vieja-que-of12480;no-2026-07-10;Cenicero De Silicona -Blazy Susan - Negro;https://astrogrowshop.cl/cenicero-de-silicona-blazy-susan?variant=Negro
32488;Rosa;si;12990;10371;blazy-susan/cenicero-silicona;2;unico-destino;no;si-huerfana-mas-vieja-que-of78542;no-2026-07-10;Cenicero De Silicona -Blazy Susan - Rosa;https://astrogrowshop.cl/cenicero-de-silicona-blazy-susan?variant=Rosa
78541;BLACK;no;16990;10371;blazy-susan/cenicero-silicona;2;unico-destino;no;si-huerfana-mas-vieja-que-of12480;si;Cenicero De Silicona -Blazy Susan - BLACK;https://astrogrowshop.cl/cenicero-de-silicona-blazy-susan?variant=BLACK
32493;Rojo;no;14990;5731;blazy-susan/ashtray-deluxe;3;unico-destino;no;si-huerfana-mas-vieja-que-of78547;no-2026-07-10;Cenicero Deluxe Silicona -Blazy Susan - Rojo;https://astrogrowshop.cl/cenicero-deluxe-silicona-blazy-susan?variant=Rojo
32490;Azul;no;13990;5731;blazy-susan/ashtray-deluxe;3;unico-destino;no;si-huerfana-mas-vieja-que-of78544;no-2026-07-10;Cenicero Deluxe Silicona -Blazy Susan - Azul;https://astrogrowshop.cl/cenicero-deluxe-silicona-blazy-susan?variant=Azul
32491;Verde;no;13990;5731;blazy-susan/ashtray-deluxe;3;unico-destino;no;si-huerfana-mas-vieja-que-of78545;no-2026-07-10;Cenicero Deluxe Silicona -Blazy Susan - Verde;https://astrogrowshop.cl/cenicero-deluxe-silicona-blazy-susan?variant=Verde
32489;Amarillo;no;13990;5731;blazy-susan/ashtray-deluxe;3;unico-destino;no;si-huerfana-mas-vieja-que-of12481;no-2026-07-10;Cenicero Deluxe Silicona -Blazy Susan - Amarillo;https://astrogrowshop.cl/cenicero-deluxe-silicona-blazy-susan?variant=Amarillo
78543;YELLOW;no;13990;5731;blazy-susan/ashtray-deluxe;3;unico-destino;no;si-huerfana-mas-fresca-que-of12481;si;Cenicero Deluxe Silicona -Blazy Susan - YELLOW;https://astrogrowshop.cl/cenicero-deluxe-silicona-blazy-susan?variant=YELLOW
32687;Rosa;no;9490;10301;calvo/carbon-activo-black-6mm-50u;2;unico-destino;no;si-huerfana-mas-vieja-que-of78777;no-2026-07-10;FILTRO CARBON ACTIVADO 50U-CALVO - Rosa;https://astrogrowshop.cl/filtro-carbon-activado-50u-calvo?variant=Rosa
32686;Negro;no;9490;10301;calvo/carbon-activo-black-6mm-50u;2;unico-destino;no;si-huerfana-mas-fresca-que-of12559;no-2026-07-10;FILTRO CARBON ACTIVADO 50U-CALVO - Negro;https://astrogrowshop.cl/filtro-carbon-activado-50u-calvo?variant=Negro
78776;BLACK;si;9490;10301;calvo/carbon-activo-black-6mm-50u;2;unico-destino;no;si-huerfana-mas-fresca-que-of12559;si;FILTRO CARBON ACTIVADO 50U-CALVO - BLACK;https://astrogrowshop.cl/filtro-carbon-activado-50u-calvo?variant=BLACK
32694;Blanco;no;29990;5732;bonglab/neon-led;3;unico-destino;no;si-huerfana-mas-vieja-que-of78787;no-2026-07-10;Neon Tray Bandeja Enrolado Led -Bonglab - Blanco;https://astrogrowshop.cl/neon-tray-bandeja-enrolado-led-bonglab?variant=Blanco
32696;Verde;no;29990;5732;bonglab/neon-led;3;unico-destino;no;si-huerfana-mas-vieja-que-of78789;no-2026-07-10;Neon Tray Bandeja Enrolado Led -Bonglab - Verde;https://astrogrowshop.cl/neon-tray-bandeja-enrolado-led-bonglab?variant=Verde
32697;Rosa;no;23990;5732;bonglab/neon-led;3;unico-destino;no;si-huerfana-mas-vieja-que-of78790;no-2026-07-10;Neon Tray Bandeja Enrolado Led -Bonglab - Rosa;https://astrogrowshop.cl/neon-tray-bandeja-enrolado-led-bonglab?variant=Rosa
32693;Azul;no;23990;5732;bonglab/neon-led;3;unico-destino;no;si-huerfana-mas-fresca-que-of78;no-2026-07-10;Neon Tray Bandeja Enrolado Led -Bonglab - Azul;https://astrogrowshop.cl/neon-tray-bandeja-enrolado-led-bonglab?variant=Azul
32695;Morado;no;23990;5732;bonglab/neon-led;3;unico-destino;no;si-huerfana-mas-vieja-que-of78788;no-2026-07-10;Neon Tray Bandeja Enrolado Led -Bonglab - Morado;https://astrogrowshop.cl/neon-tray-bandeja-enrolado-led-bonglab?variant=Morado
78786;BLUE;si;23990;5732;bonglab/neon-led;3;unico-destino;no;si-huerfana-mas-fresca-que-of78;si;Neon Tray Bandeja Enrolado Led -Bonglab - BLUE;https://astrogrowshop.cl/neon-tray-bandeja-enrolado-led-bonglab?variant=BLUE
32764;azul;no;39990;10713;calvo/double-fungus-rig;2;unico-destino;no;si-huerfana-mas-vieja-que-of12608;si;Double Fungus Rig-Calvo Glass - azul;https://astrogrowshop.cl/double-fungus-rig-calvo-glass?variant=azul
32807;verde;no;65990;10642|10679;yocan/vaporizer-vane|yocan/vaporizer-vane-2;2|2;WILDCARD-necesita-juicio;no;no;si;VAPORIZADOR HIERBA SECA VANE- YOCAN - verde;https://astrogrowshop.cl/vaporizador-hierba-seca-vane-yocan?variant=verde
32806;azul;no;69990;10642|10679;yocan/vaporizer-vane|yocan/vaporizer-vane-2;2|2;WILDCARD-necesita-juicio;no;si-huerfana-mas-vieja-que-of12638;si;VAPORIZADOR HIERBA SECA VANE- YOCAN - azul;https://astrogrowshop.cl/vaporizador-hierba-seca-vane-yocan?variant=azul
32809;Blanco;no;69990;10642|10679;yocan/vaporizer-vane|yocan/vaporizer-vane-2;2|2;WILDCARD-necesita-juicio;no;no;si;VAPORIZADOR HIERBA SECA VANE- YOCAN - Blanco;https://astrogrowshop.cl/vaporizador-hierba-seca-vane-yocan?variant=Blanco
32811;Amarillo;no;65990;10642|10679;yocan/vaporizer-vane|yocan/vaporizer-vane-2;2|2;WILDCARD-necesita-juicio;no;no;si;VAPORIZADOR HIERBA SECA VANE- YOCAN - Amarillo;https://astrogrowshop.cl/vaporizador-hierba-seca-vane-yocan?variant=Amarillo
32895;Rojo;no;14990;10663;ignite/phantom-mini;2;unico-destino;no;si-huerfana-mas-vieja-que-of77500;no-2026-07-10;Soplete Phantom Mini-Ignite - Rojo;https://astrogrowshop.cl/soplete-phantom-mini-ignite?variant=Rojo
32893;Blanco;no;14990;10663;ignite/phantom-mini;2;unico-destino;no;si-huerfana-mas-vieja-que-of77498;no-2026-07-10;Soplete Phantom Mini-Ignite - Blanco;https://astrogrowshop.cl/soplete-phantom-mini-ignite?variant=Blanco
32894;Negro;no;14990;10663;ignite/phantom-mini;2;unico-destino;no;si-huerfana-mas-vieja-que-of77499;no-2026-07-10;Soplete Phantom Mini-Ignite - Negro;https://astrogrowshop.cl/soplete-phantom-mini-ignite?variant=Negro
32900;Rosa;no;16990;10664;ignite/x-mini;3;unico-destino;no;si-huerfana-mas-vieja-que-of77505;no-2026-07-10;Soplete X-Mini -Ignite - Rosa;https://astrogrowshop.cl/soplete-x-mini-ignite?variant=Rosa
32898;Verde;si;16990;10664;ignite/x-mini;3;unico-destino;no;si-huerfana-mas-vieja-que-of77503;no-2026-07-10;Soplete X-Mini -Ignite - Verde;https://astrogrowshop.cl/soplete-x-mini-ignite?variant=Verde
32901;Rojo;si;16990;10664;ignite/x-mini;3;unico-destino;no;si-huerfana-mas-vieja-que-of77506;no-2026-07-10;Soplete X-Mini -Ignite - Rojo;https://astrogrowshop.cl/soplete-x-mini-ignite?variant=Rojo
32896;Blanco;no;16990;10664;ignite/x-mini;3;unico-destino;no;si-huerfana-mas-vieja-que-of77501;no-2026-07-10;Soplete X-Mini -Ignite - Blanco;https://astrogrowshop.cl/soplete-x-mini-ignite?variant=Blanco
32897;Negro;no;16990;10664;ignite/x-mini;3;unico-destino;no;si-huerfana-mas-vieja-que-of77502;no-2026-07-10;Soplete X-Mini -Ignite - Negro;https://astrogrowshop.cl/soplete-x-mini-ignite?variant=Negro
33033;Amarillo;si;21990;10665;ignite/compact;4;unico-destino;no;si-huerfana-mas-vieja-que-of77631;no-2026-07-10;Soplete Compact -Ignite - Amarillo;https://astrogrowshop.cl/soplete-compact-ignite?variant=Amarillo
33035;Azul;no;21990;10665;ignite/compact;4;unico-destino;no;si-huerfana-mas-vieja-que-of77633;no-2026-07-10;Soplete Compact -Ignite - Azul;https://astrogrowshop.cl/soplete-compact-ignite?variant=Azul
33036;Verde;no;21990;10665;ignite/compact;4;unico-destino;no;si-huerfana-mas-vieja-que-of77634;no-2026-07-10;Soplete Compact -Ignite - Verde;https://astrogrowshop.cl/soplete-compact-ignite?variant=Verde
33039;Blanco;no;21990;10665;ignite/compact;4;unico-destino;no;si-huerfana-mas-vieja-que-of77637;no-2026-07-10;Soplete Compact -Ignite - Blanco;https://astrogrowshop.cl/soplete-compact-ignite?variant=Blanco
33034;Negro;no;21990;10665;ignite/compact;4;unico-destino;no;si-huerfana-mas-vieja-que-of77632;no-2026-07-10;Soplete Compact -Ignite - Negro;https://astrogrowshop.cl/soplete-compact-ignite?variant=Negro
33038;Rosa;no;21990;10665;ignite/compact;4;unico-destino;no;si-huerfana-mas-vieja-que-of77636;no-2026-07-10;Soplete Compact -Ignite - Rosa;https://astrogrowshop.cl/soplete-compact-ignite?variant=Rosa
78935;YELLOW;no;44990;10376;ozeta/banano-con-clave;5;unico-destino;no;si-huerfana-mas-fresca-que-of12655;si;Banano Con Clave-Ozeta - YELLOW;https://astrogrowshop.cl/banano-con-clave-ozeta?variant=YELLOW
32832;Rojo;no;33990;10376;ozeta/banano-con-clave;5;unico-destino;no;si-huerfana-mas-vieja-que-of78937;no-2026-07-10;Banano Con Clave-Ozeta - Rojo;https://astrogrowshop.cl/banano-con-clave-ozeta?variant=Rojo
32833;Morado;no;36990;10376;ozeta/banano-con-clave;5;unico-destino;no;si-huerfana-mas-vieja-que-of78938;no-2026-07-10;Banano Con Clave-Ozeta - Morado;https://astrogrowshop.cl/banano-con-clave-ozeta?variant=Morado
32829;Amarillo;no;44990;10376;ozeta/banano-con-clave;5;unico-destino;no;si-huerfana-mas-vieja-que-of12655;no-2026-07-10;Banano Con Clave-Ozeta - Amarillo;https://astrogrowshop.cl/banano-con-clave-ozeta?variant=Amarillo
32830;Negro;no;36990;10376;ozeta/banano-con-clave;5;unico-destino;no;si-huerfana-mas-vieja-que-of78936;no-2026-07-10;Banano Con Clave-Ozeta - Negro;https://astrogrowshop.cl/banano-con-clave-ozeta?variant=Negro
32831;Rosa;no;36990;10376;ozeta/banano-con-clave;5;unico-destino;no;si-huerfana-mas-vieja-que-of78939;no-2026-07-10;Banano Con Clave-Ozeta - Rosa;https://astrogrowshop.cl/banano-con-clave-ozeta?variant=Rosa
33041;Negro;no;20990;10666;ignite/flex;3;unico-destino;no;si-huerfana-mas-vieja-que-of77639;no-2026-07-10;Soplete Flex -Ignite - Negro;https://astrogrowshop.cl/soplete-flex-ignite?variant=Negro
33040;Azul;no;21990;10666;ignite/flex;3;unico-destino;no;si-huerfana-mas-vieja-que-of77638;no-2026-07-10;Soplete Flex -Ignite - Azul;https://astrogrowshop.cl/soplete-flex-ignite?variant=Azul
33042;Blanco;no;21990;10666;ignite/flex;3;unico-destino;no;si-huerfana-mas-vieja-que-of77640;no-2026-07-10;Soplete Flex -Ignite - Blanco;https://astrogrowshop.cl/soplete-flex-ignite?variant=Blanco
12411;;no;24990;10710;calvo/bateria-hide-510;2;unico-destino;no;si-huerfana-mas-fresca-que-of91500;no-2026-06-13;BATERIA 510 ESCONDIDA 650MAH - CALVO GLASS;https://astrogrowshop.cl/bateria-510-escondida-650mah-calvo-glass
32374;Rosa;si;24990;10710;calvo/bateria-hide-510;2;unico-destino;no;si-huerfana-mas-vieja-que-of91501;no-2026-07-24;BATERIA 510 ESCONDIDA 650MAH - CALVO GLASS - Rosa;https://astrogrowshop.cl/bateria-510-escondida-650mah-calvo-glass?variant=Rosa
32373;Verde;no;24990;10710;calvo/bateria-hide-510;2;unico-destino;no;si-huerfana-mas-vieja-que-of91500;no-2026-07-24;BATERIA 510 ESCONDIDA 650MAH - CALVO GLASS - Verde;https://astrogrowshop.cl/bateria-510-escondida-650mah-calvo-glass?variant=Verde
33187;Negro;no;50990;10570;blazy-susan/bolso-cruzado-smellproof;2;unico-destino;no;si-huerfana-mas-vieja-que-of79282;no-2026-07-10;Bolso Smellprrof Cruzado -Blazy Susan - Negro;https://astrogrowshop.cl/bolso-smellprrof-cruzado-blazy-susan?variant=Negro
18065;;no;59990;10570;blazy-susan/bolso-cruzado-smellproof;2;unico-destino;no;si-huerfana-mas-fresca-que-of79282;no-2026-06-13;Bolso Smellprrof Cruzado -Blazy Susan;https://astrogrowshop.cl/bolso-smellprrof-cruzado-blazy-susan
33188;Rosa;no;48990;10570;blazy-susan/bolso-cruzado-smellproof;2;unico-destino;no;si-huerfana-mas-vieja-que-of79283;no-2026-07-10;Bolso Smellprrof Cruzado -Blazy Susan - Rosa;https://astrogrowshop.cl/bolso-smellprrof-cruzado-blazy-susan?variant=Rosa
33260;LADY KILLER;no;16990;10838|10840|10839;fume/hookah-20000-blueberry-ice|fume/hookah-20000-lemon-mint|fume/hookah-20000-cool-mint;2|2|2;WILDCARD-necesita-juicio;no;no;si;Vaporizador Hookah 20000 Puff 2%-Fume - LADY KILLER;https://astrogrowshop.cl/vaporizador-hookah-20000-puff-2-fume?variant=LADY%20KILLER
18101;;no;16990;10838|10840|10839;fume/hookah-20000-blueberry-ice|fume/hookah-20000-lemon-mint|fume/hookah-20000-cool-mint;2|2|2;WILDCARD-necesita-juicio;no;si-huerfana-mas-fresca-que-of33256;no-2026-06-13;Vaporizador Hookah 20000 Puff 2%-Fume;https://astrogrowshop.cl/vaporizador-hookah-20000-puff-2-fume
33258;DOUBLE APPLE;no;16990;10838|10840|10839;fume/hookah-20000-blueberry-ice|fume/hookah-20000-lemon-mint|fume/hookah-20000-cool-mint;2|2|2;WILDCARD-necesita-juicio;no;no;si;Vaporizador Hookah 20000 Puff 2%-Fume - DOUBLE APPLE;https://astrogrowshop.cl/vaporizador-hookah-20000-puff-2-fume?variant=DOUBLE%20APPLE
33259;GRAPE MINT;no;16990;10838|10840|10839;fume/hookah-20000-blueberry-ice|fume/hookah-20000-lemon-mint|fume/hookah-20000-cool-mint;2|2|2;WILDCARD-necesita-juicio;no;no;si;Vaporizador Hookah 20000 Puff 2%-Fume - GRAPE MINT;https://astrogrowshop.cl/vaporizador-hookah-20000-puff-2-fume?variant=GRAPE%20MINT
33262;LOVE;no;16990;10838|10840|10839;fume/hookah-20000-blueberry-ice|fume/hookah-20000-lemon-mint|fume/hookah-20000-cool-mint;2|2|2;WILDCARD-necesita-juicio;no;no;si;Vaporizador Hookah 20000 Puff 2%-Fume - LOVE;https://astrogrowshop.cl/vaporizador-hookah-20000-puff-2-fume?variant=LOVE
33264;PEACH ICE;no;16990;10838|10840|10839;fume/hookah-20000-blueberry-ice|fume/hookah-20000-lemon-mint|fume/hookah-20000-cool-mint;2|2|2;WILDCARD-necesita-juicio;no;no;si;Vaporizador Hookah 20000 Puff 2%-Fume - PEACH ICE;https://astrogrowshop.cl/vaporizador-hookah-20000-puff-2-fume?variant=PEACH%20ICE
33265;STRAWBERRY BANANA;no;16990;10838|10840|10839;fume/hookah-20000-blueberry-ice|fume/hookah-20000-lemon-mint|fume/hookah-20000-cool-mint;2|2|2;WILDCARD-necesita-juicio;no;no;si;Vaporizador Hookah 20000 Puff 2%-Fume - STRAWBERRY BANANA;https://astrogrowshop.cl/vaporizador-hookah-20000-puff-2-fume?variant=STRAWBERRY%20BANANA
33266;STRAWBERRY WATERMELON;no;16990;10838|10840|10839;fume/hookah-20000-blueberry-ice|fume/hookah-20000-lemon-mint|fume/hookah-20000-cool-mint;2|2|2;WILDCARD-necesita-juicio;no;no;si;Vaporizador Hookah 20000 Puff 2%-Fume - STRAWBERRY WATERMELON;https://astrogrowshop.cl/vaporizador-hookah-20000-puff-2-fume?variant=STRAWBERRY%20WATERMELON
33267;WATERMELON BUBBLE GUM;no;16990;10838|10840|10839;fume/hookah-20000-blueberry-ice|fume/hookah-20000-lemon-mint|fume/hookah-20000-cool-mint;2|2|2;WILDCARD-necesita-juicio;no;no;si;Vaporizador Hookah 20000 Puff 2%-Fume - WATERMELON BUBBLE GUM;https://astrogrowshop.cl/vaporizador-hookah-20000-puff-2-fume?variant=WATERMELON%20BUBBLE%20GUM
12527;;no;19990;10815|10819|10818|10812|10813|10814|10816|10817|10811;nasty/bar-20000-blue-razz-ice|nasty/bar-20000-cushman-banana|nasty/bar-20000-double-watermelon-ice|nasty/bar-20000-slow-blow|nasty/bar-20000-strawberry-ice|nasty/bar-20000-strawberry-watermelon-ice|nasty/bar-20000-cushman-strawberry|nasty/bar-20000-grape-ice|nasty/bar-20000-artic-mint;3|2|3|3|3|2|3|2|3;WILDCARD-necesita-juicio;no;si-huerfana-mas-fresca-que-of32588;no-2026-07-10;Vaporizador Bar 20000 - Nasty;https://astrogrowshop.cl/vaporizador-bar-20000-nasty
32597;SWEET TABACCO;si;18990;10815|10819|10818|10812|10813|10814|10816|10817|10811;nasty/bar-20000-blue-razz-ice|nasty/bar-20000-cushman-banana|nasty/bar-20000-double-watermelon-ice|nasty/bar-20000-slow-blow|nasty/bar-20000-strawberry-ice|nasty/bar-20000-strawberry-watermelon-ice|nasty/bar-20000-cushman-strawberry|nasty/bar-20000-grape-ice|nasty/bar-20000-artic-mint;3|2|3|3|3|2|3|2|3;WILDCARD-necesita-juicio;si;no;si;Vaporizador Bar 20000 - Nasty - SWEET TABACCO;https://astrogrowshop.cl/vaporizador-bar-20000-nasty?variant=SWEET%20TABACCO
33318;Morado;no;9990;10446;calvo/marble-set;3;unico-destino;no;si-huerfana-mas-fresca-que-of18121;no-2026-07-10;Marble Set - Calvo Glass - Morado;https://astrogrowshop.cl/marble-set-calvo-glass?variant=Morado
33320;Transparente;no;8990;10446;calvo/marble-set;3;unico-destino;no;si-huerfana-mas-vieja-que-of79402;no-2026-07-10;Marble Set - Calvo Glass - Transparente;https://astrogrowshop.cl/marble-set-calvo-glass?variant=Transparente
79400;PURPLE;no;9990;10446;calvo/marble-set;3;unico-destino;no;si-huerfana-mas-fresca-que-of18121;si;Marble Set - Calvo Glass - PURPLE;https://astrogrowshop.cl/marble-set-calvo-glass?variant=PURPLE
33321;Rosa;no;9990;10446;calvo/marble-set;3;unico-destino;no;si-huerfana-mas-vieja-que-of79403;no-2026-07-10;Marble Set - Calvo Glass - Rosa;https://astrogrowshop.cl/marble-set-calvo-glass?variant=Rosa
33319;Negro;no;8990;10446;calvo/marble-set;3;unico-destino;no;si-huerfana-mas-vieja-que-of79401;no-2026-07-10;Marble Set - Calvo Glass - Negro;https://astrogrowshop.cl/marble-set-calvo-glass?variant=Negro
33421;HIGH SKULLS 1;si;7990;10682|10669|10873|10872|10496|10497|10683|10672|10592;hightrip/pin-joint|hightrip/pin-la-germinacion|hightrip/pin-highskulls-2|hightrip/pin-tattoo|hightrip/pin-pipazo|hightrip/pin-pizzannabica|hightrip/pin-crossjoint|hightrip/pin-galleta-magica|hightrip/pin-cannabis-libre;2|2|2|2|3|3|2|2|2;WILDCARD-necesita-juicio;no;no;no-2026-07-10;Pin-Hightrip - HIGH SKULLS 1;https://astrogrowshop.cl/pin-hightrip?variant=HIGH%20SKULLS%201
33427;PIZZANNABICA;no;7990;10682|10669|10873|10872|10496|10497|10683|10672|10592;hightrip/pin-joint|hightrip/pin-la-germinacion|hightrip/pin-highskulls-2|hightrip/pin-tattoo|hightrip/pin-pipazo|hightrip/pin-pizzannabica|hightrip/pin-crossjoint|hightrip/pin-galleta-magica|hightrip/pin-cannabis-libre;2|2|2|2|3|3|2|2|2;WILDCARD-necesita-juicio;no;si-huerfana-mas-vieja-que-of79506;no-2026-07-10;Pin-Hightrip - PIZZANNABICA;https://astrogrowshop.cl/pin-hightrip?variant=PIZZANNABICA
33422;HIGH SKULLS 2;no;7990;10682|10669|10873|10872|10496|10497|10683|10672|10592;hightrip/pin-joint|hightrip/pin-la-germinacion|hightrip/pin-highskulls-2|hightrip/pin-tattoo|hightrip/pin-pipazo|hightrip/pin-pizzannabica|hightrip/pin-crossjoint|hightrip/pin-galleta-magica|hightrip/pin-cannabis-libre;2|2|2|2|3|3|2|2|2;WILDCARD-necesita-juicio;no;si-huerfana-mas-vieja-que-of79501;no-2026-07-10;Pin-Hightrip - HIGH SKULLS 2;https://astrogrowshop.cl/pin-hightrip?variant=HIGH%20SKULLS%202
33418;CANNABIS LIBRE;no;7990;10682|10669|10873|10872|10496|10497|10683|10672|10592;hightrip/pin-joint|hightrip/pin-la-germinacion|hightrip/pin-highskulls-2|hightrip/pin-tattoo|hightrip/pin-pipazo|hightrip/pin-pizzannabica|hightrip/pin-crossjoint|hightrip/pin-galleta-magica|hightrip/pin-cannabis-libre;2|2|2|2|3|3|2|2|2;WILDCARD-necesita-juicio;no;si-huerfana-mas-vieja-que-of18166;si;Pin-Hightrip - CANNABIS LIBRE;https://astrogrowshop.cl/pin-hightrip?variant=CANNABIS%20LIBRE
79500;HIGH SKULL 1;no;7990;10682|10669|10873|10872|10496|10497|10683|10672|10592;hightrip/pin-joint|hightrip/pin-la-germinacion|hightrip/pin-highskulls-2|hightrip/pin-tattoo|hightrip/pin-pipazo|hightrip/pin-pizzannabica|hightrip/pin-crossjoint|hightrip/pin-galleta-magica|hightrip/pin-cannabis-libre;2|2|2|2|3|3|2|2|2;WILDCARD-necesita-juicio;no;no;si;Pin-Hightrip - HIGH SKULL 1;https://astrogrowshop.cl/pin-hightrip?variant=HIGH%20SKULL%201
31666;Negro;si;67990;5776;bonglab/jelly-fish;2;unico-destino;no;si-huerfana-mas-fresca-que-of2610;si;Jelly Fish-Bonglab - Negro;https://astrogrowshop.cl/jelly-fish-bonglab?variant=Negro
17142;;si;2490;10246|10247|10706;bonglab/cleaner-250ml|bonglab/cleaner-500ml|bonglab/cleaner-1l;3|2|2;WILDCARD-necesita-juicio;no;no;no-2026-07-03;Glass Cleaner Limpiador-Bonglab;https://astrogrowshop.cl/glass-cleaner-limpiador-bonglab
31593;250 ml;no;6990;10246|10247|10706;bonglab/cleaner-250ml|bonglab/cleaner-500ml|bonglab/cleaner-1l;3|2|2;WILDCARD-necesita-juicio;no;si-huerfana-mas-vieja-que-of77489;no-2026-07-10;Glass Cleaner Limpiador (30ml, 250ml, 500ml y 1lt) - Bonglab - 250 ml;https://astrogrowshop.cl/glass-cleaner-limpiador-bonglab?variant=250%20ml
31594;500 ml;no;11990;10246|10247|10706;bonglab/cleaner-250ml|bonglab/cleaner-500ml|bonglab/cleaner-1l;3|2|2;WILDCARD-necesita-juicio;no;si-huerfana-mas-vieja-que-of77490;no-2026-07-10;Glass Cleaner Limpiador (30ml, 250ml, 500ml y 1lt) - Bonglab - 500 ml;https://astrogrowshop.cl/glass-cleaner-limpiador-bonglab?variant=500%20ml
31595;1 L;no;15990;10246|10247|10706;bonglab/cleaner-250ml|bonglab/cleaner-500ml|bonglab/cleaner-1l;3|2|2;WILDCARD-necesita-juicio;no;si-huerfana-mas-vieja-que-of77491;no-2026-07-10;Glass Cleaner Limpiador (30ml, 250ml, 500ml y 1lt) - Bonglab - 1 L;https://astrogrowshop.cl/glass-cleaner-limpiador-bonglab?variant=1%20L
31592;30 ml;no;2490;10246|10247|10706;bonglab/cleaner-250ml|bonglab/cleaner-500ml|bonglab/cleaner-1l;3|2|2;WILDCARD-necesita-juicio;no;no;no-2026-07-10;Glass Cleaner Limpiador (30ml, 250ml, 500ml y 1lt) - Bonglab - 30 ml;https://astrogrowshop.cl/glass-cleaner-limpiador-bonglab?variant=30%20ml
77488;30 ML;no;2490;10246|10247|10706;bonglab/cleaner-250ml|bonglab/cleaner-500ml|bonglab/cleaner-1l;3|2|2;WILDCARD-necesita-juicio;no;no;si;Glass Cleaner Limpiador (30ml, 250ml, 500ml y 1lt) - Bonglab - 30 ML;https://astrogrowshop.cl/glass-cleaner-limpiador-bonglab?variant=30%20ML
32617;GRAPE ICE;si;24990;10830;oxbar/liso-28000-tropical-mint;2;unico-destino;no;no;si;Vaporizador Liso 28000-Oxbar - GRAPE ICE;https://astrogrowshop.cl/vaporizador-liso-28000-oxbar?variant=GRAPE%20ICE
32619;BLUE RAZZ ICE;si;24990;10830;oxbar/liso-28000-tropical-mint;2;unico-destino;no;no;si;Vaporizador Liso 28000-Oxbar - BLUE RAZZ ICE;https://astrogrowshop.cl/vaporizador-liso-28000-oxbar?variant=BLUE%20RAZZ%20ICE
32622;TRIPLE MANGO ICE;no;29990;10830;oxbar/liso-28000-tropical-mint;2;unico-destino;no;no;si;Vaporizador Liso 28000-Oxbar - TRIPLE MANGO ICE;https://astrogrowshop.cl/vaporizador-liso-28000-oxbar?variant=TRIPLE%20MANGO%20ICE
32624;WATERMELON ICE;no;29990;10830;oxbar/liso-28000-tropical-mint;2;unico-destino;no;no;si;Vaporizador Liso 28000-Oxbar - WATERMELON ICE;https://astrogrowshop.cl/vaporizador-liso-28000-oxbar?variant=WATERMELON%20ICE
32625;WATERMELON STRAWBERRY KIWI;no;24990;10830;oxbar/liso-28000-tropical-mint;2;unico-destino;no;no;si;Vaporizador Liso 28000-Oxbar - WATERMELON STRAWBERRY KIWI;https://astrogrowshop.cl/vaporizador-liso-28000-oxbar?variant=WATERMELON%20STRAWBERRY%20KIWI
32618;GREEN APPLE SOUR;si;24990;10830;oxbar/liso-28000-tropical-mint;2;unico-destino;no;no;si;Vaporizador Liso 28000-Oxbar - GREEN APPLE SOUR;https://astrogrowshop.cl/vaporizador-liso-28000-oxbar?variant=GREEN%20APPLE%20SOUR
32620;GRAPE BERRIES;si;24990;10830;oxbar/liso-28000-tropical-mint;2;unico-destino;no;no;si;Vaporizador Liso 28000-Oxbar - GRAPE BERRIES;https://astrogrowshop.cl/vaporizador-liso-28000-oxbar?variant=GRAPE%20BERRIES
32621;MIXED BERRIES;no;24990;10830;oxbar/liso-28000-tropical-mint;2;unico-destino;no;no;si;Vaporizador Liso 28000-Oxbar - MIXED BERRIES;https://astrogrowshop.cl/vaporizador-liso-28000-oxbar?variant=MIXED%20BERRIES
32630;MANGO PIÑA ICE;no;7990;10810|10825|10808|10807|10827|10828|10824|10809|10806|10826;oxbar/mini-2200-strawberry-ice-lemon|oxbar/mini-2200-miami-mint|oxbar/mini-2200-juicy-watermelon-ice|oxbar/mini-2200-apple-grape|oxbar/mini-2200-mango-ice-cream|oxbar/mini-2200-blue-razz-lemonade|oxbar/mini-2200-blue-razz-ice|oxbar/mini-2200-peach-watermelon-ice|oxbar/mini-2200-grape-ice|oxbar/mini-2200-triple-mango-ice;4|3|3|3|2|2|3|3|3|2;WILDCARD-necesita-juicio;no;no;si;Vaporizador Mini 2200 -Oxbar - MANGO PIÑA ICE;https://astrogrowshop.cl/vaporizador-mini-2200-oxbar?variant=MANGO%20PI%C3%91A%20ICE
32634;TRIPLE MANGO ICE;no;7990;10810|10825|10808|10807|10827|10828|10824|10809|10806|10826;oxbar/mini-2200-strawberry-ice-lemon|oxbar/mini-2200-miami-mint|oxbar/mini-2200-juicy-watermelon-ice|oxbar/mini-2200-apple-grape|oxbar/mini-2200-mango-ice-cream|oxbar/mini-2200-blue-razz-lemonade|oxbar/mini-2200-blue-razz-ice|oxbar/mini-2200-peach-watermelon-ice|oxbar/mini-2200-grape-ice|oxbar/mini-2200-triple-mango-ice;4|3|3|3|2|2|3|3|3|2;WILDCARD-necesita-juicio;no;si-huerfana-mas-vieja-que-of91773;no-2026-07-24;Vaporizador Mini 2200 -Oxbar - TRIPLE MANGO ICE;https://astrogrowshop.cl/vaporizador-mini-2200-oxbar?variant=TRIPLE%20MANGO%20ICE
31910;Negro;no;1990;5965;raw/case-1-1-4;4;unico-destino;no;si-huerfana-mas-vieja-que-of2646;si;PORTA PAPELILLOS METALICOS 1 1/4- RAW - Negro;https://astrogrowshop.cl/porta-papelillos-metalicos-1-14-raw?variant=Negro
32375;COSMIC PURPLE;no;15990;10531;calvo/bateria-led-cartridge-510;2;unico-destino;no;si-huerfana-mas-vieja-que-of12412;si;Bateria 510 Led 400Mah -Calvo Glass - COSMIC PURPLE;https://astrogrowshop.cl/bateria-510-led-400mah-calvo-glass?variant=COSMIC%20PURPLE
31433;verde;si;51990;5520;bonglab/bongbastic;4;unico-destino;no;si-huerfana-mas-vieja-que-of189;si;Bongbastic -Bonglab - verde;https://astrogrowshop.cl/bongbastic-k276-bonglab?variant=verde
32955;verde;si;65990;10217;bonglab/double-shot;2;unico-destino;no;si-huerfana-mas-fresca-que-of187;si;Double Shot -Bonglab - verde;https://astrogrowshop.cl/double-shot-bonglab?variant=verde
31772;PROXY;no;349990;10443|10662;puffco/proxy|puffco/proxy-storm;2|2;WILDCARD-necesita-juicio;no;si-huerfana-mas-vieja-que-of91156;no-2026-07-24;Vaporizador Proxy -Puffco - PROXY;https://astrogrowshop.cl/vaporizador-proxy-puffco-1?variant=PROXY
31771;STORM;no;399990;10443|10662;puffco/proxy|puffco/proxy-storm;2|2;WILDCARD-necesita-juicio;no;si-huerfana-mas-vieja-que-of91155;no-2026-07-24;Vaporizador Proxy -Puffco - STORM;https://astrogrowshop.cl/vaporizador-proxy-puffco-1?variant=STORM
31769;DESSERT;no;293990;10443|10662;puffco/proxy|puffco/proxy-storm;2|2;WILDCARD-necesita-juicio;no;no;no-2026-07-24;Vaporizador Proxy -Puffco - DESSERT;https://astrogrowshop.cl/vaporizador-proxy-puffco-1?variant=DESSERT
31770;FLOURINSH;no;293990;10443|10662;puffco/proxy|puffco/proxy-storm;2|2;WILDCARD-necesita-juicio;no;no;si;Vaporizador Proxy -Puffco - FLOURINSH;https://astrogrowshop.cl/vaporizador-proxy-puffco-1?variant=FLOURINSH
31768;BLOOM;no;349990;10443|10662;puffco/proxy|puffco/proxy-storm;2|2;WILDCARD-necesita-juicio;no;si-huerfana-mas-vieja-que-of18055;si;Vaporizador Proxy -Puffco - BLOOM;https://astrogrowshop.cl/vaporizador-proxy-puffco-1?variant=BLOOM
91153;Dessert;no;293990;10443|10662;puffco/proxy|puffco/proxy-storm;2|2;WILDCARD-necesita-juicio;no;no;si;Vaporizador Proxy -Puffco - Dessert;https://astrogrowshop.cl/vaporizador-proxy-puffco-1?variant=Dessert
33065;azul;no;32990;10493;yocan/dirk-hot-knife;2;unico-destino;no;si-huerfana-mas-vieja-que-of18008;si;HOT KNIFE EXTRACTOS DIRK YOCAN - azul;https://astrogrowshop.cl/vaporizador-dirk-yocan?variant=azul
31080;azul;no;23990;10671;galaxy/lightning-63mm;4;unico-destino;no;si-huerfana-mas-fresca-que-of73;si;Lightning Grinder 63Mm-Galaxy - azul;https://astrogrowshop.cl/lightning-grinder-63mm-galaxy?variant=azul
31270;CLEAR;si;4990;5749;bonglab/bowl-bowl-14mm;3;unico-destino;no;si-huerfana-mas-vieja-que-of773;si;Quemador Bowl Chico Hembra 14 Mm -Bonglab - CLEAR;https://astrogrowshop.cl/quemador-bowl-chico-hembra-14-mm-bonglab?variant=CLEAR
31274;10MM;no;7990;5768;bonglab/banger-simple-macho-45-14mm;4;unico-destino;no;si-huerfana-mas-vieja-que-of741;si;Banger Cuarzo Simple 45 Grados -Bonglab - 10MM;https://astrogrowshop.cl/banger-cuarzo-simple-45-grados-bonglab?variant=10MM
31275;14MM;no;8990;5768;bonglab/banger-simple-macho-45-14mm;4;unico-destino;no;no;si;Banger Cuarzo Simple 45 Grados -Bonglab - 14MM;https://astrogrowshop.cl/banger-cuarzo-simple-45-grados-bonglab?variant=14MM
31295;Morado;no;37990;5780;ozeta/bag-chestbag-4x4-4x4;3;unico-destino;no;si-huerfana-mas-vieja-que-of1184;no-2026-07-10;Bolso 4X4 Con Clave -Ozeta - Morado;https://astrogrowshop.cl/bolso-4x4-con-clave-ozeta?variant=Morado
31296;Rosa;no;44990;5780;ozeta/bag-chestbag-4x4-4x4;3;unico-destino;no;si-huerfana-mas-vieja-que-of77142;no-2026-07-10;Bolso 4X4 Con Clave -Ozeta - Rosa;https://astrogrowshop.cl/bolso-4x4-con-clave-ozeta?variant=Rosa
31297;Rojo;no;44990;5780;ozeta/bag-chestbag-4x4-4x4;3;unico-destino;no;si-huerfana-mas-vieja-que-of77143;no-2026-07-10;Bolso 4X4 Con Clave -Ozeta - Rojo;https://astrogrowshop.cl/bolso-4x4-con-clave-ozeta?variant=Rojo
31298;Negro;no;37990;5780;ozeta/bag-chestbag-4x4-4x4;3;unico-destino;no;si-huerfana-mas-vieja-que-of77144;no-2026-07-10;Bolso 4X4 Con Clave -Ozeta - Negro;https://astrogrowshop.cl/bolso-4x4-con-clave-ozeta?variant=Negro
77141;PURPLE;no;37990;5780;ozeta/bag-chestbag-4x4-4x4;3;unico-destino;no;si-huerfana-mas-fresca-que-of1184;si;Bolso 4X4 Con Clave -Ozeta - PURPLE;https://astrogrowshop.cl/bolso-4x4-con-clave-ozeta?variant=PURPLE
31317;Negro;no;19990;10210;bonglab/nectar-collector-obelisk-15cm;3;unico-destino;no;si-huerfana-mas-fresca-que-of12258;si;Nectar Collector Obelisk 15Cm-Bonglab - Negro;https://astrogrowshop.cl/nectar-collector-obelisk-15cm-bonglab?variant=Negro
31347;azul;si;7990;5748;calvo/bowl-perlas-18mm;4;unico-destino;no;si-huerfana-mas-fresca-que-of2548;si;Quemador Perlas Macho 18Mm-Calvo Glass - azul;https://astrogrowshop.cl/quemador-perlas-18mm-calvo-glass?variant=azul
31375;GOLDEN;no;3990;10260;bonglab/diffuser-14mm-14cm;4;unico-destino;no;si-huerfana-mas-vieja-que-of11870;si;Difusor 14Mm 14Cm - Bonglab - GOLDEN;https://astrogrowshop.cl/difusor-14mm-14cm-bonglab?variant=GOLDEN
31372;azul;no;3990;10260;bonglab/diffuser-14mm-14cm;4;unico-destino;no;si-huerfana-mas-vieja-que-of11870;si;Difusor 14Mm 14Cm - Bonglab - azul;https://astrogrowshop.cl/difusor-14mm-14cm-bonglab?variant=azul
31399;Negro;si;4990;10363;bonglab/quemador-hembra-14mm;1;unico-destino;no;si-huerfana-mas-vieja-que-of12325;si;Quemador Hembra 14Mm -Bonglab - Negro;https://astrogrowshop.cl/quemador-hembra-14mm-bonglab?variant=Negro
31446;verde;si;27990;5529;bonglab/r3-mini;4;unico-destino;no;si-huerfana-mas-vieja-que-of66;si;R3 Mini-Bonglab - verde;https://astrogrowshop.cl/r3-mini-bonglab?variant=verde
31496;azul;si;4990;5746;bonglab/bowl-honeycomb-14mm;4;unico-destino;no;si-huerfana-mas-vieja-que-of2580;si;Quemador Honeycomb Macho 14Mm - azul;https://astrogrowshop.cl/quemador-honeycomb-macho-14mm?variant=azul
56213;MAN GRAPE;no;14990;10843|10844;nasty/salt-gold-blend-30ml|nasty/salt-bronze-blend-30ml;2|2;WILDCARD-necesita-juicio;no;no;si;Esencia Salt 30Ml-Nasty - MAN GRAPE;https://astrogrowshop.cl/esencia-salt-30ml-nasty?variant=MAN%20GRAPE
56209;ALOE GRAPE;no;16990;10843|10844;nasty/salt-gold-blend-30ml|nasty/salt-bronze-blend-30ml;2|2;WILDCARD-necesita-juicio;no;no;si;Esencia Salt 30Ml-Nasty - ALOE GRAPE;https://astrogrowshop.cl/esencia-salt-30ml-nasty?variant=ALOE%20GRAPE
56210;ASAP GRAPE ICE;no;16990;10843|10844;nasty/salt-gold-blend-30ml|nasty/salt-bronze-blend-30ml;2|2;WILDCARD-necesita-juicio;no;no;si;Esencia Salt 30Ml-Nasty - ASAP GRAPE ICE;https://astrogrowshop.cl/esencia-salt-30ml-nasty?variant=ASAP%20GRAPE%20ICE
56212;MAN BANANA;no;14990;10843|10844;nasty/salt-gold-blend-30ml|nasty/salt-bronze-blend-30ml;2|2;WILDCARD-necesita-juicio;no;no;si;Esencia Salt 30Ml-Nasty - MAN BANANA;https://astrogrowshop.cl/esencia-salt-30ml-nasty?variant=MAN%20BANANA
56214;MAN ICE;no;14990;10843|10844;nasty/salt-gold-blend-30ml|nasty/salt-bronze-blend-30ml;2|2;WILDCARD-necesita-juicio;no;no;si;Esencia Salt 30Ml-Nasty - MAN ICE;https://astrogrowshop.cl/esencia-salt-30ml-nasty?variant=MAN%20ICE
56215;MAN STRAWBERRY;no;14990;10843|10844;nasty/salt-gold-blend-30ml|nasty/salt-bronze-blend-30ml;2|2;WILDCARD-necesita-juicio;no;no;si;Esencia Salt 30Ml-Nasty - MAN STRAWBERRY;https://astrogrowshop.cl/esencia-salt-30ml-nasty?variant=MAN%20STRAWBERRY
56217;POMEGRANATE BERRY;no;18990;10843|10844;nasty/salt-gold-blend-30ml|nasty/salt-bronze-blend-30ml;2|2;WILDCARD-necesita-juicio;no;no;si;Esencia Salt 30Ml-Nasty - POMEGRANATE BERRY;https://astrogrowshop.cl/esencia-salt-30ml-nasty?variant=POMEGRANATE%20BERRY
31578;Negro;no;10990;10638;unknown/bateria-galaxy-510;2;unico-destino;no;si-huerfana-mas-vieja-que-of12658;si;Bateria Para Cartridge Rosca 510- Galaxy - Negro;https://astrogrowshop.cl/bateria-para-cartridge-rosca-510-galaxy?variant=Negro
31572;Naranjo;si;269790;10321;focus-v/carta-sport;3;unico-destino;no;si-huerfana-mas-fresca-que-of12634;si;VAPORIZADOR CARTA SPORT -FOCUS V - Naranjo;https://astrogrowshop.cl/vaporizador-carta-sport-focus-v?variant=Naranjo
31614;Azul;si;265990;10650;storz-bickel/veazy;3;unico-destino;no;si-huerfana-mas-fresca-que-of17930;si;Vaporizador Veazy- Storz &amp, Bickel - Azul;https://astrogrowshop.cl/vaporizador-veazy-storz-bickel?variant=Azul
31636;Morado;no;30990;5761|10698;ozeta/case-antiolor-large|ozeta/case-grande-2023;5|2;WILDCARD-necesita-juicio;no;si-huerfana-mas-fresca-que-of17964;no-2026-07-10;Estuche Grande -Ozeta - Morado;https://astrogrowshop.cl/estuche-grande-ozeta?variant=Morado
31638;CYAN;no;30990;5761|10698;ozeta/case-antiolor-large|ozeta/case-grande-2023;5|2;WILDCARD-necesita-juicio;no;no;si;Estuche Grande -Ozeta - CYAN;https://astrogrowshop.cl/estuche-grande-ozeta?variant=CYAN
31637;Negro;no;36990;5761|10698;ozeta/case-antiolor-large|ozeta/case-grande-2023;5|2;WILDCARD-necesita-juicio;no;si-huerfana-mas-vieja-que-of77543;no-2026-07-10;Estuche Grande -Ozeta - Negro;https://astrogrowshop.cl/estuche-grande-ozeta?variant=Negro
31639;Rosa;si;30990;5761|10698;ozeta/case-antiolor-large|ozeta/case-grande-2023;5|2;WILDCARD-necesita-juicio;no;si-huerfana-mas-vieja-que-of77545;no-2026-07-10;Estuche Grande -Ozeta - Rosa;https://astrogrowshop.cl/estuche-grande-ozeta?variant=Rosa
31644;Morado;no;28990;10699|5765;ozeta/case-pequeno-2023|ozeta/case-antiolor-small;2|5;WILDCARD-necesita-juicio;no;si-huerfana-mas-vieja-que-of77550;no-2026-07-10;Estuche Pequeño -Ozeta - Morado;https://astrogrowshop.cl/estuche-pequeno-ozeta?variant=Morado
31645;Negro;no;28990;10699|5765;ozeta/case-pequeno-2023|ozeta/case-antiolor-small;2|5;WILDCARD-necesita-juicio;no;si-huerfana-mas-vieja-que-of77551;no-2026-07-10;Estuche Pequeño -Ozeta - Negro;https://astrogrowshop.cl/estuche-pequeno-ozeta?variant=Negro
31647;Rosa;si;25990;10699|5765;ozeta/case-pequeno-2023|ozeta/case-antiolor-small;2|5;WILDCARD-necesita-juicio;no;no;no-2026-07-10;Estuche Pequeño -Ozeta - Rosa;https://astrogrowshop.cl/estuche-pequeno-ozeta?variant=Rosa
31646;CYAN;no;22990;10699|5765;ozeta/case-pequeno-2023|ozeta/case-antiolor-small;2|5;WILDCARD-necesita-juicio;no;no;si;Estuche Pequeño -Ozeta - CYAN;https://astrogrowshop.cl/estuche-pequeno-ozeta?variant=CYAN
77553;PINK;no;25990;10699|5765;ozeta/case-pequeno-2023|ozeta/case-antiolor-small;2|5;WILDCARD-necesita-juicio;no;no;si;Estuche Pequeño -Ozeta - PINK;https://astrogrowshop.cl/estuche-pequeno-ozeta?variant=PINK
31654;verde;si;74990;5774;bonglab/heavy-trash;3;unico-destino;no;si-huerfana-mas-fresca-que-of2608;si;Heavy Trash -Bonglab - verde;https://astrogrowshop.cl/heavy-trash-bonglab?variant=verde
31669;Negro;si;20990;5777;bonglab/little-buchner;4;unico-destino;no;si-huerfana-mas-vieja-que-of74;si;Little Buchner-Bonglab - Negro;https://astrogrowshop.cl/little-buchner-bonglab?variant=Negro
31795;Storm;no;597990;10560|10561;puffco/new-peak-pro-onyx-3dxl|puffco/new-peak-pro-pearl-3dxl;3|4;WILDCARD-necesita-juicio;no;no;si;New Peak Pro Pearl + 3Dxl-Puffco - Storm;https://astrogrowshop.cl/new-peak-pro-pearl-3dxl-puffco?variant=Storm
31794;Pearl;si;597990;10560|10561;puffco/new-peak-pro-onyx-3dxl|puffco/new-peak-pro-pearl-3dxl;3|4;WILDCARD-necesita-juicio;si;si-huerfana-mas-fresca-que-of17190;si;New Peak Pro Pearl + 3Dxl-Puffco - Pearl;https://astrogrowshop.cl/new-peak-pro-pearl-3dxl-puffco?variant=Pearl
31796;Daybreak;no;597990;10560|10561;puffco/new-peak-pro-onyx-3dxl|puffco/new-peak-pro-pearl-3dxl;3|4;WILDCARD-necesita-juicio;no;no;si;New Peak Pro Pearl + 3Dxl-Puffco - Daybreak;https://astrogrowshop.cl/new-peak-pro-pearl-3dxl-puffco?variant=Daybreak
31726;Morado;no;55990;5530;bonglab/sheikh;4;unico-destino;no;si-huerfana-mas-vieja-que-of2615;si;The Sheikh 42Cm -Bonglab - Morado;https://astrogrowshop.cl/the-sheikh-bonglab?variant=Morado
31839;ONYX;si;349990;10648;puffco/new-peak-onyx;3;unico-destino;no;si-huerfana-mas-fresca-que-of17218;si;New Peak (Color a elección) -Puffco - ONYX;https://astrogrowshop.cl/new-peak-onyx-puffco?variant=ONYX
32322;Rosa;no;29990;10232;blazy-susan/pre-roll-pink-98mm-50u;2;unico-destino;no;si-huerfana-mas-vieja-que-of78335;no-2026-07-10;Conos Pre Roll 98Mm Jar 50U-Blazy Susan - Rosa;https://astrogrowshop.cl/conos-pre-roll-98mm-jar-50u-blazy-susan?variant=Rosa
32321;Morado;no;29990;10232;blazy-susan/pre-roll-pink-98mm-50u;2;unico-destino;no;si-huerfana-mas-vieja-que-of12350;no-2026-07-10;Conos Pre Roll 98Mm Jar 50U-Blazy Susan - Morado;https://astrogrowshop.cl/conos-pre-roll-98mm-jar-50u-blazy-susan?variant=Morado
78334;PURPLE;no;29990;10232;blazy-susan/pre-roll-pink-98mm-50u;2;unico-destino;no;si-huerfana-mas-vieja-que-of12350;si;Conos Pre Roll 98Mm Jar 50U-Blazy Susan - PURPLE;https://astrogrowshop.cl/conos-pre-roll-98mm-jar-50u-blazy-susan?variant=PURPLE
31776;Negro;no;99990;10460;focus-v/bateria-intercambiable-aeris;2;unico-destino;no;si-huerfana-mas-vieja-que-of17184;si;BATERIA INTERCAMBIABLE AERIS -FOCUS V - Negro;https://astrogrowshop.cl/bateria-intercambiable-aeris-focus-v?variant=Negro
32075;verde;no;4990;5750;bonglab/bowl-screen-14mm;2;unico-destino;no;si-huerfana-mas-vieja-que-of1188;si;Quemador Rejilla Pyrex 14Mm Cono-Bonglab - verde;https://astrogrowshop.cl/quemador-rejilla-pyrex-14mm-cono-bonglab?variant=verde
32116;Morado;no;36990;5780;ozeta/bag-chestbag-4x4-4x4;3;unico-destino;no;si-huerfana-mas-vieja-que-of1149;no-2026-07-10;Bolso Chestbag 4X4 Con Clave-Ozeta - Morado;https://astrogrowshop.cl/bolso-chestbag-4x4-con-clave-ozeta?variant=Morado
32117;Rosa;no;36990;5780;ozeta/bag-chestbag-4x4-4x4;3;unico-destino;no;si-huerfana-mas-vieja-que-of78037;no-2026-07-10;Bolso Chestbag 4X4 Con Clave-Ozeta - Rosa;https://astrogrowshop.cl/bolso-chestbag-4x4-con-clave-ozeta?variant=Rosa
32118;Rojo;no;36990;5780;ozeta/bag-chestbag-4x4-4x4;3;unico-destino;no;si-huerfana-mas-vieja-que-of78038;no-2026-07-10;Bolso Chestbag 4X4 Con Clave-Ozeta - Rojo;https://astrogrowshop.cl/bolso-chestbag-4x4-con-clave-ozeta?variant=Rojo
32119;Negro;no;44990;5780;ozeta/bag-chestbag-4x4-4x4;3;unico-destino;no;si-huerfana-mas-vieja-que-of78039;no-2026-07-10;Bolso Chestbag 4X4 Con Clave-Ozeta - Negro;https://astrogrowshop.cl/bolso-chestbag-4x4-con-clave-ozeta?variant=Negro
78036;PURPLE;no;36990;5780;ozeta/bag-chestbag-4x4-4x4;3;unico-destino;no;si-huerfana-mas-fresca-que-of1149;si;Bolso Chestbag 4X4 Con Clave-Ozeta - PURPLE;https://astrogrowshop.cl/bolso-chestbag-4x4-con-clave-ozeta?variant=PURPLE
32159;Verde;no;24990;10717;bonglab/atrapa-cenizas-slits-14mm;3;unico-destino;no;si-huerfana-mas-vieja-que-of78083;no-2026-07-10;Atrapa Ceniza Perc 14Mm -Bonglab - Verde;https://astrogrowshop.cl/atrapa-ceniza-perc-14mm-bonglab?variant=Verde
32160;Rosa;no;24990;10717;bonglab/atrapa-cenizas-slits-14mm;3;unico-destino;no;si-huerfana-mas-vieja-que-of78084;no-2026-07-10;Atrapa Ceniza Perc 14Mm -Bonglab - Rosa;https://astrogrowshop.cl/atrapa-ceniza-perc-14mm-bonglab?variant=Rosa
32157;Negro;no;24990;10717;bonglab/atrapa-cenizas-slits-14mm;3;unico-destino;no;si-huerfana-mas-vieja-que-of78081;no-2026-07-10;Atrapa Ceniza Perc 14Mm -Bonglab - Negro;https://astrogrowshop.cl/atrapa-ceniza-perc-14mm-bonglab?variant=Negro
32156;Morado;no;24990;10717;bonglab/atrapa-cenizas-slits-14mm;3;unico-destino;no;si-huerfana-mas-vieja-que-of12213;no-2026-07-10;Atrapa Ceniza Perc 14Mm -Bonglab - Morado;https://astrogrowshop.cl/atrapa-ceniza-perc-14mm-bonglab?variant=Morado
32158;Transparente;no;24990;10717;bonglab/atrapa-cenizas-slits-14mm;3;unico-destino;no;si-huerfana-mas-vieja-que-of78082;no-2026-07-10;Atrapa Ceniza Perc 14Mm -Bonglab - Transparente;https://astrogrowshop.cl/atrapa-ceniza-perc-14mm-bonglab?variant=Transparente
78080;PURPLE;si;24990;10717;bonglab/atrapa-cenizas-slits-14mm;3;unico-destino;no;si-huerfana-mas-fresca-que-of12213;si;Atrapa Ceniza Perc 14Mm -Bonglab - PURPLE;https://astrogrowshop.cl/atrapa-ceniza-perc-14mm-bonglab?variant=PURPLE
32179;PURPURA;no;3990;5705|5707;blazy-susan/pre-roll-pink-1-1-4-6u|blazy-susan/pre-roll-purple-1-1-4-6u;3|3;WILDCARD-necesita-juicio;no;si-huerfana-mas-fresca-que-of768;no-2026-07-10;Conos Pre Roll 1 1/4 Pack 6U-Blazy Susan - PURPURA;https://astrogrowshop.cl/conos-pre-roll-1-14-pack-6u-blazy-susan?variant=PURPURA
78121;PURPLE;si;3990;5705|5707;blazy-susan/pre-roll-pink-1-1-4-6u|blazy-susan/pre-roll-purple-1-1-4-6u;3|3;WILDCARD-necesita-juicio;no;si-huerfana-mas-vieja-que-of768;si;Conos Pre Roll 1 1/4 Pack 6U-Blazy Susan - PURPLE;https://astrogrowshop.cl/conos-pre-roll-1-14-pack-6u-blazy-susan?variant=PURPLE
32180;ROSADO;no;3990;5705|5707;blazy-susan/pre-roll-pink-1-1-4-6u|blazy-susan/pre-roll-purple-1-1-4-6u;3|3;WILDCARD-necesita-juicio;no;si-huerfana-mas-vieja-que-of78122;no-2026-07-10;Conos Pre Roll 1 1/4 Pack 6U-Blazy Susan - ROSADO;https://astrogrowshop.cl/conos-pre-roll-1-14-pack-6u-blazy-susan?variant=ROSADO
32196;12CM;no;3990;10399;bonglab/difusor-magenta-14mm-12cm;4;unico-destino;no;si-huerfana-mas-vieja-que-of78138;no-2026-07-10;Difusor Logo Magenta 14Mm -Bonglab (14Cm/12Cm) - 12CM;https://astrogrowshop.cl/difusor-logo-magenta-14mm-bonglab?variant=12CM
32195;14CM;no;6990;10399;bonglab/difusor-magenta-14mm-12cm;4;unico-destino;no;si-huerfana-mas-fresca-que-of772;no-2026-07-10;Difusor Logo Magenta 14Mm -Bonglab (14Cm/12Cm) - 14CM;https://astrogrowshop.cl/difusor-logo-magenta-14mm-bonglab?variant=14CM
78137;14 CM;si;6990;10399;bonglab/difusor-magenta-14mm-12cm;4;unico-destino;no;si-huerfana-mas-vieja-que-of772;si;Difusor Logo Magenta 14Mm -Bonglab (14Cm/12Cm) - 14 CM;https://astrogrowshop.cl/difusor-logo-magenta-14mm-bonglab?variant=14%20CM
32252;CAMUFLAJE;no;40990;10421;piecemaker/kube-9cm;2;unico-destino;no;si-huerfana-mas-vieja-que-of12293;si;Bong Kube 9Cm -Pmg - CAMUFLAJE;https://astrogrowshop.cl/bong-kube-9cm-pmg?variant=CAMUFLAJE
32344;Morado;no;14990;10242;blazy-susan/carbon-slim-50u;2;unico-destino;no;si-huerfana-mas-fresca-que-of12379;no-2026-07-10;Purize Filtros De Carbon Activado Xtra Slim 50U -Blazy Susan - Morado;https://astrogrowshop.cl/purize-filtros-de-carbon-activado-xtra-slim-50u-blazy-susan?variant=Morado
32345;Rosa;no;14990;10242;blazy-susan/carbon-slim-50u;2;unico-destino;no;si-huerfana-mas-vieja-que-of78365;no-2026-07-10;Purize Filtros De Carbon Activado Xtra Slim 50U -Blazy Susan - Rosa;https://astrogrowshop.cl/purize-filtros-de-carbon-activado-xtra-slim-50u-blazy-susan?variant=Rosa
78364;PURPLE;no;14990;10242;blazy-susan/carbon-slim-50u;2;unico-destino;no;si-huerfana-mas-fresca-que-of12379;si;Purize Filtros De Carbon Activado Xtra Slim 50U -Blazy Susan - PURPLE;https://astrogrowshop.cl/purize-filtros-de-carbon-activado-xtra-slim-50u-blazy-susan?variant=PURPLE
32913;Amarillo;no;14990;10521;yocan/kodo-pro;2;unico-destino;no;si-huerfana-mas-fresca-que-of17931;si;VAPORIZADOR YOCAN KODO PRO - Amarillo;https://astrogrowshop.cl/vaporizador-yocan-kodo-pro?variant=Amarillo
33045;Rojo;no;19990;10667;ignite/phantom;3;unico-destino;no;si-huerfana-mas-vieja-que-of77644;no-2026-07-10;Soplete Phantom -Ignite - Rojo;https://astrogrowshop.cl/soplete-phantom-ignite?variant=Rojo
33044;Negro;no;19990;10667;ignite/phantom;3;unico-destino;no;si-huerfana-mas-vieja-que-of77643;no-2026-07-10;Soplete Phantom -Ignite - Negro;https://astrogrowshop.cl/soplete-phantom-ignite?variant=Negro
33093;azul;si;94990;10503;yocan/pocket;4;unico-destino;no;si-huerfana-mas-fresca-que-of18012;si;VAPORIZADOR YOCAN POCKET - azul;https://astrogrowshop.cl/vaporizador-yocan-pocket?variant=azul
33087;azul;no;9990;10548;yocan/flat;2;unico-destino;no;si-huerfana-mas-vieja-que-of18011;si;VAPORIZADOR YOCAN FLAT - azul;https://astrogrowshop.cl/vaporizador-yocan-flat?variant=azul
33228;Oro rosa;no;26990;10445;blazy-susan/rolling-tray-acero-inoxidable;2;unico-destino;no;si-huerfana-mas-vieja-que-of79323;no-2026-07-10;Rolling Tray Acero Inoxidable -Blazy Susan - Oro rosa;https://astrogrowshop.cl/rolling-tray-acero-inoxidable-blazy-susan?variant=Oro%20rosa
33226;Morado;no;31990;10445;blazy-susan/rolling-tray-acero-inoxidable;2;unico-destino;no;si-huerfana-mas-fresca-que-of18090;no-2026-07-10;Rolling Tray Acero Inoxidable -Blazy Susan - Morado;https://astrogrowshop.cl/rolling-tray-acero-inoxidable-blazy-susan?variant=Morado
79321;PURPLE;no;31990;10445;blazy-susan/rolling-tray-acero-inoxidable;2;unico-destino;no;si-huerfana-mas-fresca-que-of18090;si;Rolling Tray Acero Inoxidable -Blazy Susan - PURPLE;https://astrogrowshop.cl/rolling-tray-acero-inoxidable-blazy-susan?variant=PURPLE
32566;Artst Series;no;34990;10754;special-blue/monster-pro-doble-llama;2;unico-destino;no;si-huerfana-mas-vieja-que-of12523;si;Soplete Monster Pro Doble Llama -Calvo Glass - Artst Series;https://astrogrowshop.cl/soplete-monster-pro-doble-llama-calvo-glass?variant=Artst%20Series
30973;azul;no;4990;5498;galaxy/ecologico;3;unico-destino;no;si-huerfana-mas-vieja-que-of4713;si;Grinder Ecológico -Galaxy - azul;https://astrogrowshop.cl/grinder-ecologico-galaxy?variant=azul
47113;Mango Peach Ice;no;16990;10795|10793|10798|10800|10792|10799|10801|10797|10796|10794|10791;oxbar/svopp-25k-grapefruit-passion-fruit|oxbar/svopp-25k-extreme-mint|oxbar/svopp-25k-watermelon-ice|oxbar/svopp-25k-peach-mango-watermelon|oxbar/svopp-25k-blueberry-raspberry-lemon|oxbar/svopp-25k-peach-ice|oxbar/svopp-25k-strawberry-watermelon|oxbar/svopp-25k-triple-mango-ice|oxbar/svopp-25k-tobacco-virginia|oxbar/svopp-25k-grape-ice|oxbar/svopp-25k-blue-razz-ice;3|3|3|2|3|2|2|3|3|3|3;WILDCARD-necesita-juicio;no;no;si;SVOPP POD Desechable 25000 Puffs - Oxbar - Mango Peach Ice;https://astrogrowshop.cl/svopp-pod-25000-oxbar?variant=Mango%20Peach%20Ice
33074;Gris;si;24990;10841;oxva/xlim-go;2;unico-destino;no;si-huerfana-mas-fresca-que-of18009;si;Vaporizador Esencias Xlim Go Dark -Oxva - Gris;https://astrogrowshop.cl/vaporizador-esencias-xlim-go-dark-oxva?variant=Gris
92269;GREY;si;24990;10841;oxva/xlim-go;2;unico-destino;no;si-huerfana-mas-vieja-que-of18009;si;Vaporizador Esencias Xlim Go Dark -Oxva - GREY;https://astrogrowshop.cl/vaporizador-esencias-xlim-go-dark-oxva?variant=GREY
92270;BLACK;si;24990;10841;oxva/xlim-go;2;unico-destino;no;si-huerfana-mas-vieja-que-of33075;si;Vaporizador Esencias Xlim Go Dark -Oxva - BLACK;https://astrogrowshop.cl/vaporizador-esencias-xlim-go-dark-oxva?variant=BLACK
92272;PINK;no;24990;10841;oxva/xlim-go;2;unico-destino;no;si-huerfana-mas-vieja-que-of33077;si;Vaporizador Esencias Xlim Go Dark -Oxva - PINK;https://astrogrowshop.cl/vaporizador-esencias-xlim-go-dark-oxva?variant=PINK
30966;Morado;si;32990;10082;galaxy/ceramic-60mm;4;unico-destino;no;si-huerfana-mas-vieja-que-of4712;si;Ceramics Grinder -Galaxy - Morado;https://astrogrowshop.cl/ceramics-grinder-galaxy?variant=Morado
76819;BLACK;si;9990;10114|6772;cabo/clear-gear-heavy|cabo/gear-heavy;2|4;WILDCARD-necesita-juicio;no;si-huerfana-mas-vieja-que-of9006;si;Heavy Gear -Cabo - BLACK;https://astrogrowshop.cl/heavy-gear-cabo?variant=BLACK
28670;Transparente;no;9990;10114|6772;cabo/clear-gear-heavy|cabo/gear-heavy;2|4;WILDCARD-necesita-juicio;no;si-huerfana-mas-vieja-que-of76820;no-2026-07-10;Heavy Gear -Cabo - Transparente;https://astrogrowshop.cl/heavy-gear-cabo?variant=Transparente
28669;Negro;no;9990;10114|6772;cabo/clear-gear-heavy|cabo/gear-heavy;2|4;WILDCARD-necesita-juicio;no;si-huerfana-mas-fresca-que-of9006;no-2026-07-10;Heavy Gear -Cabo - Negro;https://astrogrowshop.cl/heavy-gear-cabo?variant=Negro
30998;SHADOW;si;30990;5502;galaxy/new-pro-model;4;unico-destino;no;si-huerfana-mas-vieja-que-of1139;si;Moledor New Pro Model Grinder V2.0-Galaxy - SHADOW;https://astrogrowshop.cl/new-pro-model-grinder-v20-galaxy?variant=SHADOW
31020;FIRE;no;29990;5502;galaxy/new-pro-model;4;unico-destino;no;si-huerfana-mas-vieja-que-of2596;si;Moledor New Pro Model Grinder-Galaxy - FIRE;https://astrogrowshop.cl/new-pro-model-grinder-galaxy?variant=FIRE
32812;Rojo;no;178190;10539;davinci/iqc;4;unico-destino;no;si-huerfana-mas-fresca-que-of12639;si;Vaporizador Iqc-Da Vinci - Rojo;https://astrogrowshop.cl/vaporizador-iqc-red-da-vinci?variant=Rojo
32108;Verde;no;22990;10316;bonglab/atrapa-cenizas-triple-honeycomb-18mm;3;unico-destino;no;si-huerfana-mas-vieja-que-of78022;no-2026-07-10;Atrapa Ceniza Panal Triple 18Mm-Bonglab - Verde;https://astrogrowshop.cl/atrapa-ceniza-panal-triple-18mm-bonglab?variant=Verde
32107;Azul;no;22990;10316;bonglab/atrapa-cenizas-triple-honeycomb-18mm;3;unico-destino;no;si-huerfana-mas-vieja-que-of12170;no-2026-07-10;Atrapa Ceniza Panal Triple 18Mm-Bonglab - Azul;https://astrogrowshop.cl/atrapa-ceniza-panal-triple-18mm-bonglab?variant=Azul
32109;Transparente;no;22990;10316;bonglab/atrapa-cenizas-triple-honeycomb-18mm;3;unico-destino;no;si-huerfana-mas-vieja-que-of78021;no-2026-07-10;Atrapa Ceniza Panal Triple 18Mm-Bonglab - Transparente;https://astrogrowshop.cl/atrapa-ceniza-panal-triple-18mm-bonglab?variant=Transparente
78020;BLUE;si;22990;10316;bonglab/atrapa-cenizas-triple-honeycomb-18mm;3;unico-destino;no;si-huerfana-mas-fresca-que-of12170;si;Atrapa Ceniza Panal Triple 18Mm-Bonglab - BLUE;https://astrogrowshop.cl/atrapa-ceniza-panal-triple-18mm-bonglab?variant=BLUE
31068;Rosa;no;17990;5504;calvo/lite-aluminio-63mm;3;unico-destino;no;si-huerfana-mas-vieja-que-of1185;si;Moledor Lite 63Mm- Calvo Glass - Rosa;https://astrogrowshop.cl/moledor-lite-63mm-calvo-glass?variant=Rosa
32953;Negro;no;46990;10762;dime-bags/the-don-con-clave;2;unico-destino;no;si-huerfana-mas-fresca-que-of23929;no-2026-07-10;Don With Lock Smell Proof -Dime Bags - Negro;https://astrogrowshop.cl/don-with-lock-smell-proof-dime-bags?variant=Negro
32954;Verde;no;46990;10762;dime-bags/the-don-con-clave;2;unico-destino;no;si-huerfana-mas-vieja-que-of79085;no-2026-07-10;Don With Lock Smell Proof -Dime Bags - Verde;https://astrogrowshop.cl/don-with-lock-smell-proof-dime-bags?variant=Verde
79084;BLACK;no;46990;10762;dime-bags/the-don-con-clave;2;unico-destino;no;si-huerfana-mas-fresca-que-of23929;si;Don With Lock Smell Proof -Dime Bags - BLACK;https://astrogrowshop.cl/don-with-lock-smell-proof-dime-bags?variant=BLACK
31085;Rojo;no;26990;10126;galaxy/mars-55mm;3;unico-destino;no;si-huerfana-mas-vieja-que-of75;si;Mars Grinder 55Mm -Galaxy - Rojo;https://astrogrowshop.cl/mars-grinder-55mm-galaxy?variant=Rojo
47703;Negro;no;14990;10790;oxbar/svopp-bateria;4;unico-destino;no;si-huerfana-mas-vieja-que-of92491;no-2026-07-24;Bateria Svopp -Oxbar - Negro;https://astrogrowshop.cl/bateria-svopp-oxbar?variant=Negro
47704;Plata;no;14990;10790;oxbar/svopp-bateria;4;unico-destino;no;si-huerfana-mas-vieja-que-of92492;no-2026-07-24;Bateria Svopp -Oxbar - Plata;https://astrogrowshop.cl/bateria-svopp-oxbar?variant=Plata
31799;Negro;no;23990;10447;ryot/roller-wallet;2;unico-destino;no;si-huerfana-mas-fresca-que-of18134;no-2026-07-10;Estuche Roller Wallet -Ryot - Negro;https://astrogrowshop.cl/estuche-roller-wallet-ryot?variant=Negro
77704;BLACK;si;23990;10447;ryot/roller-wallet;2;unico-destino;no;si-huerfana-mas-fresca-que-of18134;si;Estuche Roller Wallet -Ryot - BLACK;https://astrogrowshop.cl/estuche-roller-wallet-ryot?variant=BLACK
32788;azul;no;42990;10216;calvo/four-horn;2;unico-destino;no;si-huerfana-mas-vieja-que-of12629;si;Rig Four Horn-Calvo Glass - azul;https://astrogrowshop.cl/rig-four-horn-calvo-glass?variant=azul
32818;Amarillo;no;129990;8651;davinci/miqro-c;4;unico-destino;no;si-huerfana-mas-vieja-que-of12642;si;Vaporizador Miqro C -Da Vinci - Amarillo;https://astrogrowshop.cl/vaporizador-miqro-c-da-vinci?variant=Amarillo
32842;COMPLETO;no;28990;10198|10526|10199|10571|7885|10696|10572|10573|10697;ozeta/case-ywiwis-carboncin|ozeta/bolso-felpudo-gatito|ozeta/case-ywiwis-perrito|ozeta/estuche-felpudo-pizza|ozeta/case-ywiwis|ozeta/case-ywiwis-ina|ozeta/estuche-felpudo-papas-fritas|ozeta/estuche-felpudo-empanada|ozeta/case-ywiwis-lola;4|4|4|3|4|3|3|3|3;WILDCARD-necesita-juicio;no;no;si;Bolso Ywiwis Antiolor-Ozeta - COMPLETO;https://astrogrowshop.cl/bolso-ywiwis-antiolor-ozeta?variant=COMPLETO
31171;Negro;si;15990;5512;galaxy/aluminio-38mm;2;unico-destino;no;si-huerfana-mas-vieja-que-of4419;si;Moledor 38MM-Galaxy - Negro;https://astrogrowshop.cl/moledor-38mm-galaxy?variant=Negro
31180;Negro;si;18990;5507;galaxy/aluminio-55mm;2;unico-destino;no;si-huerfana-mas-vieja-que-of4420;si;Moledor 55MM-Galaxy - Negro;https://astrogrowshop.cl/moledor-55mm-galaxy?variant=Negro
31189;verde;no;49990;5999;slx/ceramic-50mm;5;unico-destino;no;si-huerfana-mas-vieja-que-of755;si;Moledor 5Cm -Slx - verde;https://astrogrowshop.cl/moledor-5cm-slx?variant=verde
31198;Rosa;si;21990;5499;galaxy/aluminio-63mm;3;unico-destino;no;si-huerfana-mas-vieja-que-of27;si;Moledor 63MM -Galaxy - Rosa;https://astrogrowshop.cl/moledor-63mm-galaxy?variant=Rosa
31203;Oro rosa;no;21990;5499;galaxy/aluminio-63mm;3;unico-destino;no;si-huerfana-mas-fresca-que-of69;si;Moledor 63MM -Galaxy - Oro rosa;https://astrogrowshop.cl/moledor-63mm-galaxy?variant=Oro%20rosa
31207;Negro;si;28990;5356;galaxy/aluminio-73mm;4;unico-destino;no;si-huerfana-mas-vieja-que-of4424;si;Moledor 73MM -Galaxy - Negro;https://astrogrowshop.cl/moledor-73mm-galaxy?variant=Negro
78984;45° 14MM;no;7990;10404|10105;calvo/flat-bucket-banger-45-10mm|calvo/banger-flat-bucket-macho-90-14mm;2|4;WILDCARD-necesita-juicio;no;si-huerfana-mas-fresca-que-of32872;si;Flat Bucket Banger -Calvo (45° 10Mm/45° 14Mm/90° 10Mm/90° 14Mm) - 45° 14MM;https://astrogrowshop.cl/flat-bucket-banger-calvo?variant=45%C2%B0%2014MM
31621;AMBAR;si;20990;5773;bonglab/classic-ice;4;unico-destino;no;si-huerfana-mas-vieja-que-of80;si;Classic Ice 26Cm-Bonglab - AMBAR;https://astrogrowshop.cl/classic-ice-bonglab?variant=AMBAR
31626;AMBAR;si;22990;5535;bonglab/color-cube;4;unico-destino;no;si-huerfana-mas-vieja-que-of2605;si;Color Cube-Bonglab - AMBAR;https://astrogrowshop.cl/color-cube-bonglab?variant=AMBAR
31660;Esmeralda;no;29990;5341;bonglab/jelly-drop;4;unico-destino;no;si-huerfana-mas-vieja-que-of184;si;Jelly Drop-Bonglab - Esmeralda;https://astrogrowshop.cl/jelly-drop-bonglab?variant=Esmeralda
31337;azul;si;5990;10257;bonglab/bowl-perlas-18mm;3;unico-destino;no;si-huerfana-mas-fresca-que-of12278;si;Quemador Perlas Macho 18 Mm -Bonglab - azul;https://astrogrowshop.cl/quemador-perlas-18-mm-bonglab?variant=azul
76839;BLACK;si;1990;6010;calvo/hitter;3;unico-destino;no;si-huerfana-mas-vieja-que-of9052;si;Hitter Signature- Calvo Glass - BLACK;https://astrogrowshop.cl/hitter-signature-calvo-glass?variant=BLACK
31282;azul;no;4990;5749;bonglab/bowl-bowl-14mm;3;unico-destino;no;si-huerfana-mas-vieja-que-of3596;si;Quemador Bowl Chico Hembra 14Mm - Bonglab - azul;https://astrogrowshop.cl/quemador-bowl-chico-hembra-14mm-bonglab?variant=azul
31758;Negro;si;59990;10164;bonglab/headshot;3;unico-destino;no;si-huerfana-mas-vieja-que-of183;si;Headshot Black-Bonglab - Negro;https://astrogrowshop.cl/headshot-bonglab?variant=Negro
31763;azul;si;47990;10167;bonglab/mercurial;4;unico-destino;no;si-huerfana-mas-vieja-que-of182;si;Mercurial KH1-Bonglab - azul;https://astrogrowshop.cl/mercurial-bonglab?variant=azul
31328;SMOKE;no;6990;5746;bonglab/bowl-honeycomb-14mm;4;unico-destino;no;si-huerfana-mas-vieja-que-of2546;si;Quemador Honeycomb Macho 14Mm -Bonglab - SMOKE;https://astrogrowshop.cl/quemador-honeycomb-macho-14mm-bonglab?variant=SMOKE
31332;azul;no;6990;5747;bonglab/bowl-honeycomb-18mm;5;unico-destino;no;si-huerfana-mas-vieja-que-of2547;si;Quemador Honeycomb Macho 18Mm-Bonglab - azul;https://astrogrowshop.cl/quemador-honeycomb-macho-18mm-bonglab?variant=azul
31350;AQUA;no;3990;10258;bonglab/bowl-pro-14mm;2;unico-destino;no;si-huerfana-mas-vieja-que-of12279;si;Quemador Pro 14 Mm-Bonglab - AQUA;https://astrogrowshop.cl/quemador-pro-14-mm-bonglab?variant=AQUA
31357;Morado;si;66990;5519;bonglab/big-blow;4;unico-destino;no;si-huerfana-mas-vieja-que-of2549;si;Big Blow-Bonglab - Morado;https://astrogrowshop.cl/big-blow-k41-bonglab?variant=Morado
31361;Negro;no;79990;5339;bonglab/bubbler-kush;4;unico-destino;no;si-huerfana-mas-vieja-que-of190;si;Bubbler Kush-Bonglab - Negro;https://astrogrowshop.cl/bubbler-kush-k275-bonglab?variant=Negro
31847;DAYBREAK LIMITED;no;71990;10312;puffco/hot-knife;4;unico-destino;no;si-huerfana-mas-vieja-que-of11948;si;The Hot Knife -Puffco - DAYBREAK LIMITED;https://astrogrowshop.cl/the-hot-knife-puffco?variant=DAYBREAK%20LIMITED
31382;verde;no;29990;10288;bonglab/dream-rig-x4;2;unico-destino;no;si-huerfana-mas-vieja-que-of2551;si;Dream Rig X4 -Bonglab - verde;https://astrogrowshop.cl/dream-rig-x4-bonglab?variant=verde
31385;Negro Humo;si;25990;5340;bonglab/fat-candy;4;unico-destino;no;si-huerfana-mas-vieja-que-of185;si;Fat Candy -Bonglab - Negro Humo;https://astrogrowshop.cl/fat-candy-25cm-bonglab?variant=Negro%20Humo
31393;Morado;no;4990;6020;bonglab/bowl-14mm;3;unico-destino;no;si-huerfana-mas-vieja-que-of3611;si;Quemador De 14Mm -Bonglab - Morado;https://astrogrowshop.cl/quemador-de-14mm-bonglab?variant=Morado
29053;Negro;si;29990;5792;galaxy/pocket-ceramic;2;unico-destino;no;si-huerfana-mas-vieja-que-of4431;si;Ceramics Pocket Grinder -Galaxy - Negro;https://astrogrowshop.cl/ceramics-pocket-grinder-galaxy?variant=Negro
31409;Morado;no;5990;10297;bonglab/bowl-macho-18mm;2;unico-destino;no;si-huerfana-mas-fresca-que-of12327;si;Quemador Macho 18Mm -Bonglab - Morado;https://astrogrowshop.cl/quemador-macho-18mm-bonglab?variant=Morado
31289;azul;si;3990;10259;bonglab/bowl-simple-10mm;3;unico-destino;no;si-huerfana-mas-fresca-que-of12205;si;Quemador Macho Simple 10 Mm - Bonglab - azul;https://astrogrowshop.cl/quemador-macho-simple-10-mm-bonglab?variant=azul
31276;10MM;si;7990;10119;bonglab/banger-simple-macho-90-14mm;4;unico-destino;no;si-huerfana-mas-fresca-que-of2532;si;Banger Cuarzo Simple 90 Grados -Bonglab - 10MM;https://astrogrowshop.cl/banger-cuarzo-simple-90-grados-bonglab?variant=10MM
12525;;no;16990;10835|10834|10832|10820|10833;nasty/dx10i-10000-cranberry-grape|nasty/dx10i-10000-mango-peach|nasty/dx10i-10000-watermelon-ice|nasty/dx10i-10000-strawberry-ice|nasty/dx10i-10000-strawberry-mango;2|2|2|2|2;WILDCARD-necesita-juicio;no;si-huerfana-mas-fresca-que-of32571;no-2026-07-10;VAPORIZADOR 10000 DX10I -NASTY;https://astrogrowshop.cl/vaporizador-10000-dx10i-nasty
33001;Verde azulado;no;59990;10291;bonglab/k165-heavy-bowl;3;unico-destino;no;si-huerfana-mas-fresca-que-of67;si;Heavy Bowl -Bonglab - Verde azulado;https://astrogrowshop.cl/heavy-bowl-bonglab?variant=Verde%20azulado
31717;Negro;si;29990;10487;bonglab/saucer-rig-13cm;3;unico-destino;no;si-huerfana-mas-fresca-que-of17171;si;Saucer Rig-Bonglab - Negro;https://astrogrowshop.cl/saucer-rig-bonglab?variant=Negro
29042;Negro;no;59990;9852;slx/ceramic-60mm;4;unico-destino;no;si-huerfana-mas-fresca-que-of4423;si;Moledor 6CM -Slx - Negro;https://astrogrowshop.cl/moledor-6cm-slx?variant=Negro
29039;azul;no;2490;10096;the-bulldog/plastic-3-partes-63mm;3;unico-destino;no;si-huerfana-mas-fresca-que-of24;si;Moledor Plastico 3 Partes - Bulldog - azul;https://astrogrowshop.cl/moledor-plastico-3-partes-bulldog?variant=azul
31506;azul;no;4990;5747;bonglab/bowl-honeycomb-18mm;5;unico-destino;no;si-huerfana-mas-vieja-que-of2581;si;Quemador Honeycomb Macho 18Mm - azul;https://astrogrowshop.cl/quemador-honeycomb-macho-18mm?variant=azul
31458;Grape;si;2490;10381;g-rollz/blunt-hemp-wrap-x4;3;unico-destino;no;si-huerfana-mas-fresca-que-of12413;si;Blunt Hemp Wrap X4 Sabor a Elección- G-Rollz - Grape;https://astrogrowshop.cl/blunt-hemp-wrap-x4-grape-g-rollz?variant=Grape
31302;verde;si;37990;5772;bonglab/classic-ice-pro;3;unico-destino;no;si-huerfana-mas-fresca-que-of25;si;Classic Ice Pro-Bonglab - verde;https://astrogrowshop.cl/classic-ice-pro-k288-bonglab?variant=verde
31408;GENERICO;no;3990;6020;bonglab/bowl-14mm;3;unico-destino;no;no;si;Quemador Macho 14Mm -Bonglab - GENERICO;https://astrogrowshop.cl/quemador-macho-14mm-bonglab?variant=GENERICO
31403;Morado;no;6990;6020;bonglab/bowl-14mm;3;unico-destino;no;si-huerfana-mas-fresca-que-of12326;si;Quemador Macho 14Mm -Bonglab - Morado;https://astrogrowshop.cl/quemador-macho-14mm-bonglab?variant=Morado
31413;azul;si;5990;10256;bonglab/bowl-perlas-14mm;2;unico-destino;no;si-huerfana-mas-fresca-que-of12328;si;Quemador Perlas Macho 14Mm - Bonglab - azul;https://astrogrowshop.cl/quemador-perlas-14mm-bonglab?variant=azul
32960;CLASSIC;no;5990;10610;bonglab/dabber-dual;2;unico-destino;no;si-huerfana-mas-vieja-que-of17956;si;Dual Dabbers -Bonglab - CLASSIC;https://astrogrowshop.cl/dual-dabbers-bonglab?variant=CLASSIC
31319;ORANGE-YELLOW;no;25990;10211;bonglab/nectar-collector-slim-15cm;2;unico-destino;no;si-huerfana-mas-fresca-que-of12259;si;Nectar Collector Slim 15Cm - Bonglab - ORANGE-YELLOW;https://astrogrowshop.cl/nectar-collector-slim-15cm-bonglab?variant=ORANGE-YELLOW
31425;azul;no;65990;10214;yocan/vaporizer-hit-2;3;unico-destino;no;si-huerfana-mas-vieja-que-of12335;si;VAPORIZADOR YOCAN HIT 2 - azul;https://astrogrowshop.cl/vaporizador-yocan-hit-2?variant=azul
31323;verde;no;19990;10213;bonglab/nectar-collector-torp-18cm;2;unico-destino;no;si-huerfana-mas-fresca-que-of12261;si;Nectar Collector Torp 18Cm-Bonglab - verde;https://astrogrowshop.cl/nectar-collector-torp-18cm-bonglab?variant=verde
33327;SMALL;no;44990;10498;blazy-susan/poleron-pink-hoodie;2;unico-destino;no;si-huerfana-mas-vieja-que-of18124;si;Poleron Pink-Blazy Susan - SMALL;https://astrogrowshop.cl/poleron-pink-blazy-susan?variant=SMALL
32719;Morado;no;36990;10423;calvo/rig-dragon-ball-z;2;unico-destino;no;si-huerfana-mas-fresca-que-of12578;si;Rig Dragon Ball Z -Calvo Glass - Morado;https://astrogrowshop.cl/rig-dragon-ball-z-calvo-glass?variant=Morado
31724;Transparente;no;10990;10441;dynavap/honest-torch;3;unico-destino;no;si-huerfana-mas-fresca-que-of17995;no-2026-07-24;Soplete Honest -Dynavap - Transparente;https://astrogrowshop.cl/soplete-honest-dynavap?variant=Transparente
31725;Verde;no;10990;10441;dynavap/honest-torch;3;unico-destino;no;si-huerfana-mas-vieja-que-of91115;no-2026-07-24;Soplete Honest -Dynavap - Verde;https://astrogrowshop.cl/soplete-honest-dynavap?variant=Verde
91114;CLEAR;si;10990;10441;dynavap/honest-torch;3;unico-destino;no;si-huerfana-mas-fresca-que-of17995;si;Soplete Honest -Dynavap - CLEAR;https://astrogrowshop.cl/soplete-honest-dynavap?variant=CLEAR
33406;COOKIES;no;71990;10670|10724;cookies/stundenglass-wall-mount|stundenglass/wall-mount-dr-greenthumbs;3|2;WILDCARD-necesita-juicio;no;si-huerfana-mas-fresca-que-of24127;si;Wall Mount -Stundenglass - COOKIES;https://astrogrowshop.cl/wall-mount-stundenglass?variant=COOKIES
33408;Negro;no;50990;10670|10724;cookies/stundenglass-wall-mount|stundenglass/wall-mount-dr-greenthumbs;3|2;WILDCARD-necesita-juicio;no;no;si;Wall Mount -Stundenglass - Negro;https://astrogrowshop.cl/wall-mount-stundenglass?variant=Negro
31581;verde;no;7990;10375;calvo/difusor-premium-14mm;2;unico-destino;no;si-huerfana-mas-vieja-que-of12678;si;Difusor Premium -Calvo Glass - verde;https://astrogrowshop.cl/difusor-premium-calvo-glass?variant=verde
31596;Verde azulado;no;39990;5775;bonglab/honey-waffle;3;unico-destino;no;si-huerfana-mas-fresca-que-of405;si;Honey Waffle -Bonglab - Verde azulado;https://astrogrowshop.cl/honey-waffle-black-bonglab?variant=Verde%20azulado
31606;Negro;si;199990;10435;focus-v/aeris;3;unico-destino;no;si-huerfana-mas-vieja-que-of17148;si;VAPORIZADOR AERIS -FOCUS V - Negro;https://astrogrowshop.cl/vaporizador-aeris-focus-v?variant=Negro
31631;azul;si;24990;5525|10288;bonglab/dream-rig|bonglab/dream-rig-x4;4|2;WILDCARD-necesita-juicio;no;no;si;Dream Rig-Bonglab - azul;https://astrogrowshop.cl/dream-rig-bonglab?variant=azul
31632;verde;si;24990;5525|10288;bonglab/dream-rig|bonglab/dream-rig-x4;4|2;WILDCARD-necesita-juicio;no;no;si;Dream Rig-Bonglab - verde;https://astrogrowshop.cl/dream-rig-bonglab?variant=verde
31633;Rosa;si;24990;5525|10288;bonglab/dream-rig|bonglab/dream-rig-x4;4|2;WILDCARD-necesita-juicio;no;no;si;Dream Rig-Bonglab - Rosa;https://astrogrowshop.cl/dream-rig-bonglab?variant=Rosa
31649;Morado;si;29990;10218;bonglab/handy-rig;4;unico-destino;no;si-huerfana-mas-vieja-que-of17158;si;Handy Rig-Bonglab - Morado;https://astrogrowshop.cl/handy-rig-bonglab?variant=Morado
31679;Blanco;si;51990;5522;bonglab/mad-professor;4;unico-destino;no;si-huerfana-mas-vieja-que-of68;si;Mad Professor - Bonglab - Blanco;https://astrogrowshop.cl/mad-professor-bonglab?variant=Blanco
32677;Blanco;no;24990;10524;smokus-focus/comet;2;unico-destino;no;si-huerfana-mas-vieja-que-of17954;si;CONTENEDOR HERMETICO CON LUPA - SMOKUS FOCUS - Blanco;https://astrogrowshop.cl/contenedor-hermetico-con-lupa-smokus-focus?variant=Blanco
31701;AMBAR;si;23990;5528;bonglab/pocket-bell;4;unico-destino;no;si-huerfana-mas-vieja-que-of2614;si;Pocket Bell -Bonglab - AMBAR;https://astrogrowshop.cl/pocket-bell-bonglab?variant=AMBAR
31712;Morado;no;34990;10465;bonglab/prisma-plus-9cm;2;unico-destino;no;si-huerfana-mas-fresca-que-of17170;si;Prisma Plus -Bonglab - Morado;https://astrogrowshop.cl/prisma-plus-bonglab?variant=Morado
31743;Negro;no;79990;5533;bonglab/water-splash;3;unico-destino;no;si-huerfana-mas-fresca-que-of188;si;Water Splash -Bonglab - Negro;https://astrogrowshop.cl/water-splash-bonglab?variant=Negro
31790;100 UND;no;3990;10876|10351;blazy-susan/cotonitos-pink-300u|blazy-susan/cotonitos-pink-100u;2|3;WILDCARD-necesita-juicio;no;si-huerfana-mas-vieja-que-of17188;si;Cotonitos Pink -Blazy Susan - 100 UND;https://astrogrowshop.cl/cotonitos-pink-blazy-susan?variant=100%20UND
32354;BLACK WARRIOR;no;30990;10842;oxva/xlim-pro-2;2;unico-destino;no;si-huerfana-mas-fresca-que-of12395;si;Vaporizador Esencias Xlim Pro 2 -Oxva - BLACK WARRIOR;https://astrogrowshop.cl/vaporizador-esencias-xlim-pro-2-oxva?variant=BLACK%20WARRIOR
31215;Negro;no;119990;6002;slx/ceramic-90mm;4;unico-destino;no;si-huerfana-mas-fresca-que-of4425;si;Moledor 9CM-Slx - Negro;https://astrogrowshop.cl/moledor-9cm-slx?variant=Negro
31011;Negro;no;21990;10110;galaxy/square-ceramic;3;unico-destino;no;si-huerfana-mas-fresca-que-of2585;si;Moledor Ceramico Square - Galaxy - Negro;https://astrogrowshop.cl/moledor-ceramico-square-galaxy?variant=Negro
31315;Naranjo;no;16990;10675;bonglab/nectar-collector-drop-15cm;2;unico-destino;no;si-huerfana-mas-fresca-que-of12257;si;Nectar Collector Drop 11Cm-Bonglab - Naranjo;https://astrogrowshop.cl/nectar-collector-drop-11cm-bonglab?variant=Naranjo
31266;FIRE LIME;no;19990;10209;bonglab/nectar-collector-mini-17cm;2;unico-destino;no;si-huerfana-mas-fresca-que-of12160;si;Nectar Collector Mini 17Cm -Bonglab - FIRE LIME;https://astrogrowshop.cl/nectar-collector-mini-17cm-bonglab?variant=FIRE%20LIME
31321;ICE BLOOM;no;25990;10212;bonglab/nectar-collector-tank-14cm;2;unico-destino;no;si-huerfana-mas-fresca-que-of12260;si;Nectar Collector Tank 14Cm-Bonglab - ICE BLOOM;https://astrogrowshop.cl/nectar-collector-tank-14cm-bonglab?variant=ICE%20BLOOM
30978;BLUE GLACIER;si;8990;5489;top-smoke/pocket-travel;3;unico-destino;no;si-huerfana-mas-fresca-que-of9051;si;Pipa Silicona Pocket Travel -Top Smoke - BLUE GLACIER;https://astrogrowshop.cl/pipa-silicona-pocket-travel-top-smoke?variant=BLUE%20GLACIER
