id,name,category,brand,brandKey,modelKey,modelSlug,url,offers,stores,storeNames,minPrice,maxPrice,spreadPct,cheapestStore,priciestStore,inStock,hasImage,lastSeenAt,titles
5907,OCB Filtro de Carbón Activo - GB The Green Brand,Filtros y boquillas,OCB,ocb,filtro-carbon-activo-gb,filtro-carbon-activo-gb,/productos/ocb/filtro-carbon-activo-gb,1,1,GrowBarato Chile,300,300,0,GrowBarato Chile,GrowBarato Chile,true,true,2026-05-09T06:59:32.728Z,OCB Filtro de Carbón Activo - GB The Green Brand
6192,Papelillos Bulldog Black 1 1/4,Papelillos,The Bulldog Amsterdam,the-bulldog,paper-1-1-4-1-1-4,paper-1-1-4-1-1-4,/productos/the-bulldog/paper-1-1-4-1-1-4,2,1,Fumetas,590,1090,85,Fumetas,Fumetas,true,true,2026-05-09T05:58:04.922Z,Papelillos Bulldog Black 1 1/4 | Bulldog Papelillos Black 1 1/4 + Boquillas
6178,Kema Papelillos King Size Slim | GB The Green Brand,Papelillos,,gb-the-green-brand,paper-king-size-king-size-slim,paper-king-size-king-size-slim,/productos/gb-the-green-brand/paper-king-size-king-size-slim,1,1,GrowBarato Chile,600,600,0,GrowBarato Chile,GrowBarato Chile,true,true,2026-05-18T16:41:22.849Z,Kema Papelillos King Size Slim | GB The Green Brand
6179,Papel ultrafino OCB Ultimate 1.1/4 - GB The Green Brand,Papelillos,OCB,gb-the-green-brand,paper-ocb-ultimate,paper-ocb-ultimate,/productos/gb-the-green-brand/paper-ocb-ultimate,1,1,GrowBarato Chile,700,700,0,GrowBarato Chile,GrowBarato Chile,true,true,2026-05-09T06:51:52.604Z,Papel ultrafino OCB Ultimate 1.1/4 - GB The Green Brand
6081,Encendedor Ronson Electrolite【recargable】,Encendedores y sopletes,RONSON,ronson,lighter-encendedor-electrolite-recargable-https,lighter-encendedor-electrolite-recargable-https,/productos/ronson/lighter-encendedor-electrolite-recargable-https,1,1,GrowBarato Chile,700,700,0,GrowBarato Chile,GrowBarato Chile,true,true,2026-05-09T06:05:53.100Z,Encendedor Ronson Electrolite【recargable】
6172,G-Rollz Papelillos Lightly Dyed Pink 1 1/4,Papelillos,G-Rollz,g-rollz,paper-1-1-4-1-1-4,paper-1-1-4-1-1-4,/productos/g-rollz/paper-1-1-4-1-1-4,3,1,Fumetas,790,2290,190,Fumetas,Fumetas,true,true,2026-05-08T06:14:24.145Z,G-Rollz Papelillos Lightly Dyed Pink 1 1/4 | G-Rollz Papelillos Lightly Dyed Pink 1 1/4 + Tips | G-Rollz Papelillos Unbleached Extra Thin 1 1/4 + Tips
5917,Blazy Susan Boquillas Purple Pre-picadas 50 uds,Filtros y boquillas,Blazy Susan,blazy-susan,boquillas-purple-50u,boquillas-purple-50u,/productos/blazy-susan/boquillas-purple-50u,1,1,Fumetas,790,790,0,Fumetas,Fumetas,true,true,2026-05-08T06:14:15.110Z,Blazy Susan Boquillas Purple Pre-picadas 50 uds.
6185,Papelillo OCB Virgin 1 | PIRANHA,Papelillos,OCB,ocb,paper-ocb-virgin,paper-ocb-virgin,/productos/ocb/paper-ocb-virgin,1,1,Piranha,890,890,0,Piranha,Piranha,true,true,2026-05-09T06:31:56.320Z,Papelillo OCB Virgin 1 | PIRANHA
6184,Papelillo OCB Ultimate 1,Papelillos,OCB,ocb,paper-ocb-ultimate,paper-ocb-ultimate,/productos/ocb/paper-ocb-ultimate,1,1,Piranha,890,890,0,Piranha,Piranha,true,true,2026-05-09T06:31:53.038Z,Papelillo OCB Ultimate 1
6181,Papelillos Gizeh King Size Pure Cañamo Orgánico,Papelillos,Gizeh,gizeh,paper-king-size-king-size,paper-king-size-king-size,/productos/gizeh/paper-king-size-king-size,3,1,Fumetas,890,1790,101,Fumetas,Fumetas,true,true,2026-05-09T06:26:23.280Z,Papelillos Gizeh King Size Pure Cañamo Orgánico | Papelillos Gizeh Black King Size - Sabanas | Gizeh Papelillos King Size Pink + Tips
6066,Bolsa Hermética Antiolor【baratas】en GB The Green Brand,Contenedores y estuches,,gb-the-green-brand,contenedores-antiolor,contenedores-antiolor,/productos/gb-the-green-brand/contenedores-antiolor,1,1,GrowBarato Chile,900,900,0,GrowBarato Chile,GrowBarato Chile,true,true,2026-05-18T16:41:22.899Z,Bolsa Hermética Antiolor【baratas】en GB The Green Brand
6082,Gas Butano Ronson 18 ml,Encendedores y sopletes,Ronson,ronson,lighter-gas-butano-18ml-https-18ml,lighter-gas-butano-18ml-https-18ml,/productos/ronson/lighter-gas-butano-18ml-https-18ml,1,1,Fumetas,990,990,0,Fumetas,Fumetas,true,true,2026-05-08T22:05:29.680Z,Gas Butano Ronson 18 ml
5985,Bandeja Rolado Metalica 18X12Cm Raw 2,Bandejas y ceniceros,BT,raw,tray-rolado-metalica-18cm-12cm-12cm-18cm,tray-rolado-metalica-18cm-12cm-12cm-18cm,/productos/raw/tray-rolado-metalica-18cm-12cm-12cm-18cm,1,1,Astro Growshop,990,990,0,Astro Growshop,Astro Growshop,true,true,2026-05-08T21:47:43.042Z,Bandeja Rolado Metalica 18X12Cm Raw 2
6204,Pipa Hitter 12mm Calvo | One Hitter color rosa y negro Chile,Pipas,CALVO,calvo,pipe-pipa-hitter-12mm-one-12mm,pipe-pipa-hitter-12mm-one-12mm,/productos/calvo/pipe-pipa-hitter-12mm-one-12mm,1,1,GrowBarato Chile,1000,1000,0,GrowBarato Chile,GrowBarato Chile,true,true,2026-05-18T14:27:31.214Z,Pipa Hitter 12mm Calvo | One Hitter color rosa y negro Chile
6176,Papelillos RAW Black 1.1/4 para Liar Cannabis - GB The Green Brand,Papelillos,RAW,gb-the-green-brand,black-1-1-4,black-1-1-4,/productos/gb-the-green-brand/black-1-1-4,1,1,GrowBarato Chile,1000,1000,0,GrowBarato Chile,GrowBarato Chile,true,true,2026-05-18T07:08:05.802Z,Papelillos RAW Black 1.1/4 para Liar Cannabis - GB The Green Brand
6080,Encendedor De Cocina - Ronson Pequeño【 Recargable 】,Encendedores y sopletes,RONSON,ronson,lighter-encendedor-cocina-pequeno-recargable,lighter-encendedor-cocina-pequeno-recargable,/productos/ronson/lighter-encendedor-cocina-pequeno-recargable,1,1,GrowBarato Chile,1000,1000,0,GrowBarato Chile,GrowBarato Chile,true,true,2026-05-09T06:05:06.967Z,Encendedor De Cocina - Ronson Pequeño【 Recargable 】
6102,Filtros Extra Long Gizeh XL Slim 6mm,Filtros y boquillas,Gizeh,gizeh,filter-slim-6mm-slim-xl,filter-slim-6mm-slim-xl,/productos/gizeh/filter-slim-6mm-slim-xl,2,1,Fumetas,1090,1190,9,Fumetas,Fumetas,true,true,2026-05-08T22:05:32.695Z,Filtros Extra Long Gizeh XL Slim 6mm | Filtros Gizeh Pure Slim XL 6mm
5921,Boquillas RAW Slim Pre-enroladas 21 unidades,Filtros y boquillas,RAW,raw,boquillas-slim-preenroladas-21u,boquillas-slim-preenroladas-21u,/productos/raw/boquillas-slim-preenroladas-21u,1,1,Fumetas,1150,1150,0,Fumetas,Fumetas,true,true,2026-05-09T05:59:00.797Z,Boquillas RAW Slim Pre-enroladas 21 unidades
6103,Filtros Super Long Gizeh XXL Slim 6mm,Filtros y boquillas,Gizeh,gizeh,filter-slim-6mm-slim-xxl,filter-slim-6mm-slim-xxl,/productos/gizeh/filter-slim-6mm-slim-xxl,1,1,Fumetas,1150,1150,0,Fumetas,Fumetas,true,true,2026-05-08T22:05:09.702Z,Filtros Super Long Gizeh XXL Slim 6mm
6130,Práctico Moledor GB The Green Brand 60 mm - GrowBarato,Moledores,,gb-the-green-brand,grinder-60mm,grinder-60mm,/productos/gb-the-green-brand/grinder-60mm,1,1,GrowBarato Chile,1200,1200,0,GrowBarato Chile,GrowBarato Chile,true,true,2026-05-18T16:41:23.561Z,Práctico Moledor GB The Green Brand 60 mm - GrowBarato
6182,Papelillo Banana Freak 1 1/4 Lion Rolling Circus | PIRANHA,Papelillos,LION ROLLING CIRCUS,lion-rolling-circus,paper-1-1-4-1-1-4,paper-1-1-4-1-1-4,/productos/lion-rolling-circus/paper-1-1-4-1-1-4,4,1,Piranha,1226,1226,0,Piranha,Piranha,true,true,2026-05-08T22:07:50.861Z,Papelillo Banana Freak 1 1/4 Lion Rolling Circus | PIRANHA | Papelillo Bloody Strawberry 1 1/4 Lion Rolling Circus | PIRANHA | Papelillo Mind Mint 1 1/4 Lion Rolling Circus | PIRANHA | Papelillo Vainilla Smile 1 1/4 Lion Rolling Circus | PIRANHA
6187,Papelillo RAW Black Organic Hemp King Size | PIRANHA,Papelillos,RAW,raw,paper-black-organic-hemp-king-size,paper-black-organic-hemp-king-size,/productos/raw/paper-black-organic-hemp-king-size,1,1,Piranha,1290,1290,0,Piranha,Piranha,true,true,2026-05-09T06:09:50.241Z,Papelillo RAW Black Organic Hemp King Size | PIRANHA
5911,OCB Slim Filtros Mentolados - GB The Green Brand,Filtros y boquillas,OCB,ocb,filtro-slim-mentolados-gb,filtro-slim-mentolados-gb,/productos/ocb/filtro-slim-mentolados-gb,1,1,GrowBarato Chile,1300,1300,0,GrowBarato Chile,GrowBarato Chile,true,true,2026-05-09T06:05:24.176Z,OCB Slim Filtros Mentolados - GB The Green Brand
5908,OCB ECO Filtros Slim - GB The Green Brand,Filtros y boquillas,OCB,ocb,filtro-eco-slim-gb,filtro-eco-slim-gb,/productos/ocb/filtro-eco-slim-gb,1,1,GrowBarato Chile,1300,1300,0,GrowBarato Chile,GrowBarato Chile,true,true,2026-05-09T06:05:23.184Z,OCB ECO Filtros Slim - GB The Green Brand
5910,Filtros OCB Premium Regular | Filtros anchos de 7.5 mm,Filtros y boquillas,OCB,ocb,filtro-premium-regular-7-5mm,filtro-premium-regular-7-5mm,/productos/ocb/filtro-premium-regular-7-5mm,1,1,GrowBarato Chile,1300,1300,0,GrowBarato Chile,GrowBarato Chile,true,true,2026-05-09T06:05:21.206Z,Filtros OCB Premium Regular | Filtros anchos de 7.5 mm
5905,Gizeh Filtro Gizeh Regular 8x15mm con Pegamento (1 caja de 100u),Filtros y boquillas,Gizeh,gizeh,filtro-regular-8x15mm-100u,filtro-regular-8x15mm-100u,/productos/gizeh/filtro-regular-8x15mm-100u,1,1,Piranha,1390,1390,0,Piranha,Piranha,true,true,2026-05-08T21:54:24.491Z,Filtro Gizeh Regular 8x15mm con Pegamento (1 caja de 100u)
6193,Papelillos Vibes King Size Slim,Papelillos,VIBES,vibes,paper-king-size-king-size-slim,paper-king-size-king-size-slim,/productos/vibes/paper-king-size-king-size-slim,1,1,GrowBarato Chile,1500,1500,0,GrowBarato Chile,GrowBarato Chile,true,true,2026-05-09T06:35:48.312Z,Papelillos Vibes King Size Slim
5906,Gizeh Filtro Gizeh Regular Azul Carbón Activado 8x15mm con Pegamento,Filtros y boquillas,Gizeh,gizeh,filtro-regular-azul-carbon-8x15mm,filtro-regular-azul-carbon-8x15mm,/productos/gizeh/filtro-regular-azul-carbon-8x15mm,1,1,Piranha,1590,1590,0,Piranha,Piranha,true,true,2026-05-08T21:54:31.303Z,Filtro Gizeh Regular Azul Carbón Activado 8x15mm con Pegamento (1 caja de 100u)
5904,Gizeh Filtro Gizeh XXL Slim con Pegamento 6x23mm (100u),Filtros y boquillas,Gizeh,gizeh,filtro-xxl-slim-6x23mm-100u,filtro-xxl-slim-6x23mm-100u,/productos/gizeh/filtro-xxl-slim-6x23mm-100u,1,1,Piranha,1590,1590,0,Piranha,Piranha,true,true,2026-05-08T21:54:17.675Z,Filtro Gizeh XXL Slim con Pegamento 6x23mm (100u)
6180,OCB X-Pert King Size Papelillos Ultra Finos - GB The Green Brand,Papelillos,OCB,gb-the-green-brand,paper-ocb-x-pert-king-size,paper-ocb-x-pert-king-size,/productos/gb-the-green-brand/paper-ocb-x-pert-king-size,1,1,GrowBarato Chile,1600,1600,0,GrowBarato Chile,GrowBarato Chile,true,true,2026-05-18T07:08:14.634Z,OCB X-Pert King Size Papelillos Ultra Finos - GB The Green Brand
6177,VIBES CONES CUBANO - Conos pre-enrolados,Papelillos,VIBES,gb-the-green-brand,paper-conos-pre-enrolados,paper-conos-pre-enrolados,/productos/gb-the-green-brand/paper-conos-pre-enrolados,1,1,GrowBarato Chile,1600,1600,0,GrowBarato Chile,GrowBarato Chile,true,true,2026-05-13T18:36:24.711Z,VIBES CONES CUBANO - Conos pre-enrolados
5990,Cenicero Bulldog Ámsterdam,Bandejas y ceniceros,BULLDOG,the-bulldog,bandejas-cenicero-amsterdam-https-www-growbaratochile-cl,bandejas-cenicero-amsterdam-https-www-growbaratochile-cl,/productos/the-bulldog/bandejas-cenicero-amsterdam-https-www-growbaratochile-cl,1,1,GrowBarato Chile,1700,1700,0,GrowBarato Chile,GrowBarato Chile,true,true,2026-05-09T06:05:40.831Z,Cenicero Bulldog Ámsterdam
5840,Soulblime Conos Pre-enrolados Pink 1 1/4,Conos y blunts,Soulblime,soulblime,soulblime-pre-roll-pink-1-1-4,soulblime-pre-roll-pink-1-1-4,/productos/soulblime/soulblime-pre-roll-pink-1-1-4,1,1,Fumetas,1790,1790,0,Fumetas,Fumetas,true,true,2026-05-09T05:57:43.706Z,Soulblime 6 Conos Pre-enrolados Pink 1 1/4
5838,Soulblime Conos Pre-enrolados Orgánicos 1 1/4,Conos y blunts,Soulblime,soulblime,soulblime-pre-roll-organicos-1-1-4,soulblime-pre-roll-organicos-1-1-4,/productos/soulblime/soulblime-pre-roll-organicos-1-1-4,1,1,Fumetas,1790,1790,0,Fumetas,Fumetas,true,true,2026-05-09T05:57:41.210Z,Soulblime 6 Conos Pre-enrolados Orgánicos 1 1/4
5903,Gizeh Filtro Gizeh Mentolado Slim con Pegamento 6x15mm (120u),Filtros y boquillas,Gizeh,gizeh,filtro-slim-mentolado-6x15mm-120u,filtro-slim-mentolado-6x15mm-120u,/productos/gizeh/filtro-slim-mentolado-6x15mm-120u,1,1,Piranha,1790,1790,0,Piranha,Piranha,true,true,2026-05-08T21:54:11.058Z,Filtro Gizeh Mentolado Slim con Pegamento 6x15mm (120u)
5902,Gizeh Filtro Slim Azul (Carbón Activado) 6x15mm (120u),Filtros y boquillas,Gizeh,gizeh,filtro-slim-azul-6x15mm-120u,filtro-slim-azul-6x15mm-120u,/productos/gizeh/filtro-slim-azul-6x15mm-120u,1,1,Piranha,1790,1790,0,Piranha,Piranha,true,true,2026-05-08T21:54:04.074Z,Filtro Gizeh Slim Azul (Carbón Activado) 6x15mm (120u)
6098,Piedras Zippo 6 Unidades – Repuesto piedra para encendedor | Grow Barato Chile,Encendedores y sopletes,ZIPPO,zippo,lighter-piedras-repuesto-piedra-encendedor,lighter-piedras-repuesto-piedra-encendedor,/productos/zippo/lighter-piedras-repuesto-piedra-encendedor,1,1,GrowBarato Chile,1800,1800,0,GrowBarato Chile,GrowBarato Chile,true,true,2026-05-13T18:36:24.433Z,Piedras Zippo 6 Unidades – Repuesto piedra para encendedor | Grow Barato Chile
5909,OCB Filtro Premium Slim Bolsa - GB The Green Brand,Filtros y boquillas,OCB,ocb,filtro-premium-slim-bolsa-gb,filtro-premium-slim-bolsa-gb,/productos/ocb/filtro-premium-slim-bolsa-gb,1,1,GrowBarato Chile,1800,1800,0,GrowBarato Chile,GrowBarato Chile,true,true,2026-05-09T06:35:59.987Z,OCB Filtro Premium Slim Bolsa - GB The Green Brand
6167,Piedra Humidificadora RAW,Otros parafernalia,RAW,raw,humidifying-stone,humidifying-stone,/productos/raw/humidifying-stone,1,1,GrowBarato Chile,1800,1800,0,GrowBarato Chile,GrowBarato Chile,true,true,2026-05-09T06:06:58.698Z,Piedra Humidificadora RAW
6186,Papelillos OCB Virgin 1 1/4 + Tips,Papelillos,OCB,ocb,paper-ocb-virgin-1-1-4,paper-ocb-virgin-1-1-4,/productos/ocb/paper-ocb-virgin-1-1-4,1,1,Fumetas,1890,1890,0,Fumetas,Fumetas,true,true,2026-05-18T06:55:42.909Z,Papelillos OCB Virgin 1 1/4 + Tips
6183,Papelillo Blueberry Moon King Size Lion Rolling Circus | PIRANHA,Papelillos,LION ROLLING CIRCUS,lion-rolling-circus,paper-king-size-king-size,paper-king-size-king-size,/productos/lion-rolling-circus/paper-king-size-king-size,1,1,Piranha,1891,1891,0,Piranha,Piranha,true,true,2026-05-08T22:07:51.256Z,Papelillo Blueberry Moon King Size Lion Rolling Circus | PIRANHA
6156,Moledor Plastico 3 Partes - Bulldog,Moledores,BULLDOG,the-bulldog,grinder-plastic,grinder-plastic,/productos/the-bulldog/grinder-plastic,2,1,Astro Growshop,1990,1990,0,Astro Growshop,Astro Growshop,true,true,2026-05-18T14:21:34.641Z,Moledor Plastico 3 Partes - Bulldog | Grinder Plastico Negro
5830,G-Rollz Conos Pre-enrolados Pink 1 1/4,Conos y blunts,G-Rollz,g-rollz,g-rollz-pre-roll-pink-1-1-4,g-rollz-pre-roll-pink-1-1-4,/productos/g-rollz/g-rollz-pre-roll-pink-1-1-4,2,1,Fumetas,1990,1990,0,Fumetas,Fumetas,true,true,2026-05-18T06:49:43.743Z,G-Rollz 6 Conos Pre-enrolados Pink 1 1/4 | G-Rollz 6 Conos Pre Enrolados Bio Organic Hemp 1 1/4
5870,Soulblime Contenedor Con Tapa Bisagra - Diseños,Contenedores y estuches,Soulblime,soulblime,contenedor-tapa-bisagra,contenedor-tapa-bisagra,/productos/soulblime/contenedor-tapa-bisagra,1,1,Fumetas,1990,1990,0,Fumetas,Fumetas,true,true,2026-05-09T06:26:49.907Z,Soulblime Contenedor Con Tapa Bisagra - Diseños
5970,Cenicero Ashtray Lion Rolling Circus | PIRANHA,Bandejas y ceniceros,LION ROLLING CIRCUS,lion-rolling-circus,bandejas-cenicero-ashtray-https-piranha-cl,bandejas-cenicero-ashtray-https-piranha-cl,/productos/lion-rolling-circus/bandejas-cenicero-ashtray-https-piranha-cl,1,1,Piranha,1990,1990,0,Piranha,Piranha,true,true,2026-05-08T22:07:50.230Z,Cenicero Ashtray Lion Rolling Circus | PIRANHA
5819,Guantes Para Limpieza X3- Thievery,Limpieza,THIEVERY,thievery,gloves,gloves,/productos/thievery/gloves,1,1,Astro Growshop,1990,1990,0,Astro Growshop,Astro Growshop,true,true,2026-05-08T21:48:25.813Z,Guantes Para Limpieza X3- Thievery
5988,Cenicero bulldog metálico,Bandejas y ceniceros,The Bulldog Amsterdam,the-bulldog,bandejas-amsterdam-cenicero-metalico-https,bandejas-amsterdam-cenicero-metalico-https,/productos/the-bulldog/bandejas-amsterdam-cenicero-metalico-https,1,1,Fumetas,1990,1990,0,Fumetas,Fumetas,true,true,2026-05-08T06:13:52.029Z,Cenicero bulldog metálico
5869,Soulblime Contenedor tapa deslizable - Diseños,Contenedores y estuches,Soulblime,soulblime,contenedor-tapa-deslizable,contenedor-tapa-deslizable,/productos/soulblime/contenedor-tapa-deslizable,1,1,Fumetas,1990,1990,0,Fumetas,Fumetas,true,true,2026-05-08T05:57:06.068Z,Soulblime Contenedor tapa deslizable - Diseños
5842,Soulblime Kit Rellena Conos,Conos y blunts,Soulblime,soulblime,soulblime-kit-rellena-conos,soulblime-kit-rellena-conos,/productos/soulblime/soulblime-kit-rellena-conos,1,1,GrowBarato Chile,2000,2000,0,GrowBarato Chile,GrowBarato Chile,true,true,2026-05-09T06:07:12.924Z,Soulblime Kit Rellena Conos | Preenrolados fáciles y rápidos
5833,G-Rollz Conos Pre-enrolados Bio Organic Green King Size,Conos y blunts,G-Rollz,g-rollz,g-rollz-pre-roll-bio-organic-green-king-size,g-rollz-pre-roll-bio-organic-green-king-size,/productos/g-rollz/g-rollz-pre-roll-bio-organic-green-king-size,1,1,Fumetas,2190,2190,0,Fumetas,Fumetas,true,true,2026-05-18T06:49:39.484Z,G-Rollz 3 Conos Pre Enrolados Bio Organic Green Hemp King Size
6099,Boquillas Gizeh Carbón Activo Rainbow 6mm 10 uds,Filtros y boquillas,Gizeh,gizeh,filter-carbon-6mm,filter-carbon-6mm,/productos/gizeh/filter-carbon-6mm,4,1,Fumetas,2390,9590,301,Fumetas,Fumetas,true,true,2026-05-09T05:58:59.856Z,Boquillas Gizeh Carbón Activo Rainbow 6mm 10 uds | Boquillas Gizeh Filtro carbón activo Coconut Charcoal 6mm 10 unidades | Boquillas Gizeh Carbón Activo 6mm 34u. | Boquillas Gizeh Pink Carbón Activo 6mm 34u.
5841,Soulblime Conos Pre-enrolados Pink King Size,Conos y blunts,Soulblime,soulblime,soulblime-pre-roll-pink-king-size,soulblime-pre-roll-pink-king-size,/productos/soulblime/soulblime-pre-roll-pink-king-size,1,1,Fumetas,2390,2390,0,Fumetas,Fumetas,true,true,2026-05-09T05:57:44.679Z,Soulblime 6 Conos Pre-enrolados Pink King Size
5839,Soulblime Conos Pre-enrolados Orgánicos King Size,Conos y blunts,Soulblime,soulblime,soulblime-pre-roll-organicos-king-size,soulblime-pre-roll-organicos-king-size,/productos/soulblime/soulblime-pre-roll-organicos-king-size,1,1,Fumetas,2390,2390,0,Fumetas,Fumetas,true,true,2026-05-09T05:57:42.193Z,Soulblime 6 Conos Pre-enrolados Orgánicos King Size
5837,Soulblime Conos Pre-enrolados Blancos King Size,Conos y blunts,Soulblime,soulblime,soulblime-pre-roll-blancos-king-size,soulblime-pre-roll-blancos-king-size,/productos/soulblime/soulblime-pre-roll-blancos-king-size,1,1,Fumetas,2390,2390,0,Fumetas,Fumetas,true,true,2026-05-09T05:57:40.211Z,Soulblime 6 Conos Pre-enrolados Blancos King Size
5835,G-Rollz Blunt Hemp Wrap 4u,Conos y blunts,G-Rollz,g-rollz,g-rollz-wrap-4u,g-rollz-wrap-4u,/productos/g-rollz/g-rollz-wrap-4u,1,1,Piranha,2461,2461,0,Piranha,Piranha,true,true,2026-05-08T22:07:51.964Z,Blunt Hemp Wrap G-Rollz (4u) | PIRANHA
6157,Moledor plástico Bulldog 3 partes 60mm,Moledores,The Bulldog Amsterdam,the-bulldog,grinder-plastic-60mm,grinder-plastic-60mm,/productos/the-bulldog/grinder-plastic-60mm,1,1,Fumetas,2490,2490,0,Fumetas,Fumetas,true,true,2026-05-18T14:22:14.383Z,Moledor plástico Bulldog 3 partes 60mm
5834,G-Rollz Conos Pre-enrolados King Size Pink Banksy,Conos y blunts,G-Rollz,g-rollz,g-rollz-pre-roll-king-size-banksy,g-rollz-pre-roll-king-size-banksy,/productos/g-rollz/g-rollz-pre-roll-king-size-banksy,1,1,Piranha,2490,2490,0,Piranha,Piranha,true,true,2026-05-09T06:31:51.985Z,Conos PreEnrolados G-Rollz King Size Pink Banksy (3u)
5901,Gizeh Filtros de Carbón Activado 6mm,Filtros y boquillas,Gizeh,gizeh,filtro-carbon-activado-6mm,filtro-carbon-activado-6mm,/productos/gizeh/filtro-carbon-activado-6mm,1,1,Piranha,2490,2490,0,Piranha,Piranha,true,true,2026-05-09T06:09:48.307Z,Filtros de Carbón Activado 6mm Gizeh
6076,Kit Encendedor Clipper x Piranha,Encendedores y sopletes,CLIPPER,clipper,lighter-kit-encendedor-https-piranha-cl,lighter-kit-encendedor-https-piranha-cl,/productos/clipper/lighter-kit-encendedor-https-piranha-cl,1,1,Piranha,2490,2490,0,Piranha,Piranha,true,true,2026-05-08T22:07:51.726Z,Kit Encendedor Clipper x Piranha
5922,Filtro Prerolled Lion Rolling Circus,Filtros y boquillas,Lion Rolling Circus,lion-rolling-circus,filtro-prerolled,filtro-prerolled,/productos/lion-rolling-circus/filtro-prerolled,1,1,Piranha,2490,2490,0,Piranha,Piranha,true,true,2026-05-08T22:07:51.046Z,Filtro Prerolled Lion Rolling Circus
5852,Vibes Cono Preenrolado Cubano 8g (1u),Conos y blunts,Vibes,vibes,pre-roll-cubano-8g,pre-roll-cubano-8g,/productos/vibes/pre-roll-cubano-8g,1,1,Piranha,2490,2490,0,Piranha,Piranha,true,true,2026-05-08T21:54:21.508Z,Cono Preenrolado Vibes Cubano 8g (1u)
6173,G-Rollz Papelillos King Size Lightly Dyed Pink + Tips,Papelillos,G-Rollz,g-rollz,paper-king-size-king-size,paper-king-size-king-size,/productos/g-rollz/paper-king-size-king-size,1,1,Fumetas,2490,2490,0,Fumetas,Fumetas,true,true,2026-05-08T05:56:53.798Z,G-Rollz Papelillos King Size Lightly Dyed Pink + Tips
6191,Smokers Choice Pack Papelillos King Size + Boquillas,Papelillos,Smokers Choice,smokers-choice,paper-king-size-king-size,paper-king-size-king-size,/productos/smokers-choice/paper-king-size-king-size,1,1,Fumetas,2490,2490,0,Fumetas,Fumetas,true,true,2026-05-08T05:10:19.224Z,Smokers Choice Pack Papelillos King Size + Boquillas
5847,Gizeh Conos Pre-enrolados King Size Unbleached,Conos y blunts,Gizeh,gizeh,pre-roll-king-size-unbleached,pre-roll-king-size-unbleached,/productos/gizeh/pre-roll-king-size-unbleached,1,1,Fumetas,2690,2690,0,Fumetas,Fumetas,true,true,2026-05-09T05:57:35.459Z,Gizeh 3 Conos Pre-enrolados King Size Unbleached
5846,Gizeh Conos Pre-enrolados King Size Black,Conos y blunts,Gizeh,gizeh,pre-roll-king-size-black,pre-roll-king-size-black,/productos/gizeh/pre-roll-king-size-black,1,1,Fumetas,2690,2690,0,Fumetas,Fumetas,true,true,2026-05-09T05:57:33.752Z,Gizeh 3 Conos Pre-enrolados King Size Black
6208,Pipa de Pyrex 6cm - GB The Green Brand,Pipas,,gb-the-green-brand,pipe-pipa-pyrex-6cm-https-6cm,pipe-pipa-pyrex-6cm-https-6cm,/productos/gb-the-green-brand/pipe-pipa-pyrex-6cm-https-6cm,1,1,GrowBarato Chile,2700,2700,0,GrowBarato Chile,GrowBarato Chile,true,true,2026-05-18T16:41:23.031Z,Pipa de Pyrex 6cm - GB The Green Brand
6189,Comprar RAW Artesano King Size Slim,Papelillos,RAW,raw,paper-raw-artesano-king-size-slim,paper-raw-artesano-king-size-slim,/productos/raw/paper-raw-artesano-king-size-slim,1,1,GrowBarato Chile,2700,2700,0,GrowBarato Chile,GrowBarato Chile,true,true,2026-05-18T07:08:17.147Z,Comprar RAW Artesano King Size Slim
5962,G-Rollz Cenicero Banksy Graffiti 2,Bandejas y ceniceros,G-Rollz,g-rollz,bandejas-cenicero-banksy-graffiti-https,bandejas-cenicero-banksy-graffiti-https,/productos/g-rollz/bandejas-cenicero-banksy-graffiti-https,1,1,Fumetas,2775,2775,0,Fumetas,Fumetas,true,true,2026-05-08T22:05:28.096Z,G-Rollz Cenicero Banksy Graffiti 2
5851,Vibes Cono Preenrolado 1g (3u),Conos y blunts,Vibes,vibes,pre-roll-1g-3u,pre-roll-1g-3u,/productos/vibes/pre-roll-1g-3u,1,1,Piranha,2990,2990,0,Piranha,Piranha,true,true,2026-05-08T22:07:52.494Z,Cono Preenrolado Vibes 1g (3u)
6072,Soplete Mini Rubber 2.0 -Calvo Glass,Encendedores y sopletes,CALVO GLASS,calvo,lighter-glass-soplete-mini-rubber-mini,lighter-glass-soplete-mini-rubber-mini,/productos/calvo/lighter-glass-soplete-mini-rubber-mini,1,1,Astro Growshop,2990,2990,0,Astro Growshop,Astro Growshop,true,true,2026-05-08T21:48:46.658Z,Soplete Mini Rubber 2.0 -Calvo Glass
5801,Limpiador de bong Fórmula Secreta 420 250mL,Limpieza,FORMULA SECRETA,formula-secreta,cleaner-bong-pipe-420-250ml,cleaner-bong-pipe-420-250ml,/productos/formula-secreta/cleaner-bong-pipe-420-250ml,1,1,Piranha,2994,2994,0,Piranha,Piranha,true,true,2026-05-08T22:07:53.925Z,Limpiador de bong Fórmula Secreta 420 250mL
5966,Bandeja De Metal GB The Green Brand,Bandejas y ceniceros,,gb-the-green-brand,tray-metal-https-www-growbaratochile-cl-merchandising,tray-metal-https-www-growbaratochile-cl-merchandising,/productos/gb-the-green-brand/tray-metal-https-www-growbaratochile-cl-merchandising,1,1,GrowBarato Chile,3000,3000,0,GrowBarato Chile,GrowBarato Chile,true,true,2026-05-18T16:41:23.687Z,Bandeja De Metal GB The Green Brand
5965,Cenicero Redondo De Silicona GB The Green Brand,Bandejas y ceniceros,,gb-the-green-brand,bandejas-cenicero-redondo-silicona-https,bandejas-cenicero-redondo-silicona-https,/productos/gb-the-green-brand/bandejas-cenicero-redondo-silicona-https,1,1,GrowBarato Chile,3000,3000,0,GrowBarato Chile,GrowBarato Chile,true,true,2026-05-18T16:41:23.096Z,Cenicero Redondo De Silicona GB The Green Brand
6074,Clipper Gas Butano 100 ml,Encendedores y sopletes,Clipper,clipper,lighter-gas-butano-100ml-https-100ml,lighter-gas-butano-100ml-https-100ml,/productos/clipper/lighter-gas-butano-100ml-https-100ml,1,1,Fumetas,3190,3190,0,Fumetas,Fumetas,true,true,2026-05-18T06:49:34.927Z,Clipper Gas Butano 100 ml
5820,Focus V Dab Swabs – Cotonos de Limpieza 30 uds.,Limpieza,Focus V,focus-v,swabs,swabs,/productos/focus-v/swabs,1,1,Fumetas,3190,3190,0,Fumetas,Fumetas,true,true,2026-05-14T13:32:24.347Z,Focus V Dab Swabs – Cotonos de Limpieza 30 uds.
6079,Pipa Encendedor de Silicona One Hitter - GB The Green Brand,Encendedores y sopletes,,gb-the-green-brand,pipe-pipa-encendedor-silicona-one,pipe-pipa-encendedor-silicona-one,/productos/gb-the-green-brand/pipe-pipa-encendedor-silicona-one,1,1,GrowBarato Chile,3200,3200,0,GrowBarato Chile,GrowBarato Chile,true,true,2026-05-18T16:41:23.108Z,Pipa Encendedor de Silicona One Hitter - GB The Green Brand
6168,Maquina Enroladora Raw 2-Way 1 1/4,Otros parafernalia,Raw,raw,rolling-machine-1-1-4,rolling-machine-1-1-4,/productos/raw/rolling-machine-1-1-4,1,1,Fumetas,3290,3290,0,Fumetas,Fumetas,true,true,2026-05-18T06:49:45.760Z,Maquina Enroladora Raw 2-Way 1 1/4
6169,Máquina Enroladora RAW 1 1/4 Negra Ajustable,Otros parafernalia,RAW,raw,rolling-machine-ajustable-1-1-4,rolling-machine-ajustable-1-1-4,/productos/raw/rolling-machine-ajustable-1-1-4,1,1,Piranha,3290,3290,0,Piranha,Piranha,true,true,2026-05-09T06:31:36.212Z,Máquina Enroladora RAW 1 1/4 Negra Ajustable
6296,Titanium Screen Grado 1 19Mm 5 Ud-Bonglab,Repuestos para bongs y vaporizadores,BONGLAB,bonglab,repuestos-screen-19mm,repuestos-screen-19mm,/productos/bonglab/repuestos-screen-19mm,1,1,Astro Growshop,3490,3490,0,Astro Growshop,Astro Growshop,true,true,2026-05-14T13:46:40.418Z,Titanium Screen Grado 1 19Mm 5 Ud-Bonglab
6295,Titanium Screen Grado 1 15Mm 5 Ud-Bonglab,Repuestos para bongs y vaporizadores,BONGLAB,bonglab,repuestos-screen-15mm,repuestos-screen-15mm,/productos/bonglab/repuestos-screen-15mm,1,1,Astro Growshop,3490,3490,0,Astro Growshop,Astro Growshop,true,true,2026-05-14T13:46:39.987Z,Titanium Screen Grado 1 15Mm 5 Ud-Bonglab
6174,G-Rollz Lightly Dyed Pink Papelillos 1 1/4 + Boquillas + Bandeja,Papelillos,G-Rollz,g-rollz,tray-1-1-4-1-1-4,tray-1-1-4-1-1-4,/productos/g-rollz/tray-1-1-4-1-1-4,1,1,Fumetas,3490,3490,0,Fumetas,Fumetas,true,true,2026-05-08T05:10:19.623Z,G-Rollz Lightly Dyed Pink Papelillos 1 1/4 + Boquillas + Bandeja
5805,Limpiador de resina para manos de Mi - GB The Green Brand,Limpieza,,gb-the-green-brand,cleaner-hands,cleaner-hands,/productos/gb-the-green-brand/cleaner-hands,1,1,GrowBarato Chile,3500,3500,0,GrowBarato Chile,GrowBarato Chile,true,true,2026-05-18T16:41:22.986Z,Limpiador de resina para manos de Mi - GB The Green Brand
5831,G-Rollz Conos Pre-enrolados Pink King Size,Conos y blunts,G-Rollz,g-rollz,g-rollz-pre-roll-pink-king-size,g-rollz-pre-roll-pink-king-size,/productos/g-rollz/g-rollz-pre-roll-pink-king-size,2,1,Fumetas,3590,8490,136,Fumetas,Fumetas,true,true,2026-05-18T06:49:42.768Z,G-Rollz 6 Conos Pre Enrolados Lightly Dyed Pink King Size | G-Rollz 20 Conos Pre Enrolados Lightly Dyed Pink King Size
5832,G-Rollz Conos Pre-enrolados Bio Organic King Size,Conos y blunts,G-Rollz,g-rollz,g-rollz-pre-roll-bio-organic-king-size,g-rollz-pre-roll-bio-organic-king-size,/productos/g-rollz/g-rollz-pre-roll-bio-organic-king-size,2,1,Fumetas,3590,8490,136,Fumetas,Fumetas,true,true,2026-05-18T06:49:41.739Z,G-Rollz 6 Conos Pre Enrolados Bio Organic Hemp King Size | G-Rollz 20 Conos Pre Enrolados Bio Organic Hemp King Size
6067,PMG Kontainer - Contenedor silicona,Contenedores y estuches,Piece Maker Gear,piecemaker,container-contenedor,container-contenedor,/productos/piecemaker/container-contenedor,1,1,Fumetas,3590,3590,0,Fumetas,Fumetas,true,true,2026-05-08T06:13:54.205Z,PMG Kontainer - Contenedor silicona
6162,Raw Enrolador King Size - GB The Green Brand,Otros parafernalia,RAW,gb-the-green-brand,rolling-machine-king-size,rolling-machine-king-size,/productos/gb-the-green-brand/rolling-machine-king-size,1,1,GrowBarato Chile,3600,3600,0,GrowBarato Chile,GrowBarato Chile,true,true,2026-05-09T06:35:58.963Z,Raw Enrolador King Size - GB The Green Brand
6085,Soplete Ronson┃Encendido fácil y recargable✅,Encendedores y sopletes,RONSON,ronson,lighter-soplete-encendido-facil-recargable,lighter-soplete-encendido-facil-recargable,/productos/ronson/lighter-soplete-encendido-facil-recargable,1,1,GrowBarato Chile,3600,3600,0,GrowBarato Chile,GrowBarato Chile,true,true,2026-05-08T22:12:15.190Z,Soplete Ronson┃Encendido fácil y recargable✅
6175,G-Rollz Lightly Dyed Pink Papelillos King Size + Boquillas + Bandeja,Papelillos,G-Rollz,g-rollz,tray-king-size-king-size,tray-king-size-king-size,/productos/g-rollz/tray-king-size-king-size,1,1,Fumetas,3690,3690,0,Fumetas,Fumetas,true,true,2026-05-08T06:13:34.614Z,G-Rollz Lightly Dyed Pink Papelillos King Size + Boquillas + Bandeja
5919,Filtros de Carbón Activo Extra Slim Full Flavor 6mm ActiTube,Filtros y boquillas,ActiTube,actitube,filtro-carbon-activo-extra-slim-6mm,filtro-carbon-activo-extra-slim-6mm,/productos/actitube/filtro-carbon-activo-extra-slim-6mm,1,1,GrowBarato Chile,3700,3700,0,GrowBarato Chile,GrowBarato Chile,true,true,2026-05-13T18:36:22.113Z,Filtros de Carbón Activo Extra Slim Full Flavor 6mm ActiTube
6087,Encendedor Zengaz Jet Flame recargable,Encendedores y sopletes,ZENGAZ,zengaz,lighter-encendedor-jet-flame-recargable,lighter-encendedor-jet-flame-recargable,/productos/zengaz/lighter-encendedor-jet-flame-recargable,1,1,GrowBarato Chile,3700,3700,0,GrowBarato Chile,GrowBarato Chile,true,true,2026-05-09T06:59:41.827Z,Encendedor Zengaz Jet Flame recargable
6170,Máquina enroladora RAW King Size Slim ecoplastic,Otros parafernalia,RAW,raw,rolling-machine-ecoplastic-king-size,rolling-machine-ecoplastic-king-size,/productos/raw/rolling-machine-ecoplastic-king-size,1,1,Fumetas,3790,3790,0,Fumetas,Fumetas,true,true,2026-05-18T06:49:46.880Z,Máquina enroladora RAW King Size Slim ecoplastic
6068,Raw Cajita Metálica para Pre-Enrolados King Size,Contenedores y estuches,Raw,raw,contenedores-king-size-king-size,contenedores-king-size-king-size,/productos/raw/contenedores-king-size-king-size,1,1,Fumetas,3890,3890,0,Fumetas,Fumetas,true,true,2026-05-18T06:49:55.510Z,Raw Cajita Metálica para Pre-Enrolados King Size
5971,Bandeja Lion Rolling Circus,Bandejas y ceniceros,LION ROLLING CIRCUS,lion-rolling-circus,tray-https-piranha-cl-inicio-587-14cm-18cm,tray-https-piranha-cl-inicio-587-14cm-18cm,/productos/lion-rolling-circus/tray-https-piranha-cl-inicio-587-14cm-18cm,1,1,Piranha,3894,3894,0,Piranha,Piranha,true,true,2026-05-08T22:07:52.348Z,Bandeja Lion Rolling Circus
6158,Moledor Plástico Bulldog 6cm 2 Partes,Moledores,BULLDOG,the-bulldog,grinder-plastic-6cm,grinder-plastic-6cm,/productos/the-bulldog/grinder-plastic-6cm,1,1,Piranha,3990,3990,0,Piranha,Piranha,true,true,2026-05-18T15:36:14.734Z,Moledor Plástico Bulldog 6cm 2 Partes
6104,OCB Boquillas Carbón Activo 7mm 10u.,Filtros y boquillas,OCB,ocb,filter-carbon-7mm,filter-carbon-7mm,/productos/ocb/filter-carbon-7mm,1,1,Fumetas,3990,3990,0,Fumetas,Fumetas,true,true,2026-05-18T06:49:18.245Z,OCB Boquillas Carbón Activo 7mm 10u.
6293,Bonglab Quemador Simple Macho 10mm,Repuestos para bongs y vaporizadores,BongLab,bonglab,banger-quemador-macho-10mm,banger-quemador-macho-10mm,/productos/bonglab/banger-quemador-macho-10mm,1,1,Fumetas,3990,3990,0,Fumetas,Fumetas,true,true,2026-05-08T05:56:55.941Z,Bonglab Quemador Simple Macho 10mm
6213,Hitter OZeta de vidrio,Pipas,OZETA,ozeta,pipas-hitter-vidrio-https-www-growbaratochile-cl,pipas-hitter-vidrio-https-www-growbaratochile-cl,/productos/ozeta/pipas-hitter-vidrio-https-www-growbaratochile-cl,1,1,GrowBarato Chile,4000,4000,0,GrowBarato Chile,GrowBarato Chile,true,true,2026-05-18T14:27:35.451Z,Hitter OZeta de vidrio
6133,Moledor Hemp Gizeh 55mm,Moledores,Gizeh,gizeh,grinder-55mm,grinder-55mm,/productos/gizeh/grinder-55mm,1,1,Fumetas,4190,4190,0,Fumetas,Fumetas,true,true,2026-05-18T14:18:04.711Z,Moledor Hemp Gizeh 55mm
6100,Gizeh 3 Conos Pre-enrolados King Size Black + Filtro Activo Conico,Filtros y boquillas,Gizeh,gizeh,filter-conos-pre-enrolados-king-size,filter-conos-pre-enrolados-king-size,/productos/gizeh/filter-conos-pre-enrolados-king-size,1,1,Fumetas,4190,4190,0,Fumetas,Fumetas,true,true,2026-05-09T05:57:34.649Z,Gizeh 3 Conos Pre-enrolados King Size Black + Filtro Activo Conico
5900,Hemper Quick Hitter Multiuso x2,Pipas,Hemper,hemper,quick-hitter-multiuso-x2,quick-hitter-multiuso-x2,/productos/hemper/quick-hitter-multiuso-x2,1,1,Fumetas,4390,4390,0,Fumetas,Fumetas,true,true,2026-05-18T14:18:19.448Z,Hemper Quick Hitter Multiuso x2
6084,GAS BUTANO/PROPANO ALTA PUREZA 400ML - RONSON,Encendedores y sopletes,RONSON,ronson,lighter-gas-butano-propano-alta-400ml,lighter-gas-butano-propano-alta-400ml,/productos/ronson/lighter-gas-butano-propano-alta-400ml,1,1,Astro Growshop,4490,4490,0,Astro Growshop,Astro Growshop,true,true,2026-05-18T06:45:28.103Z,GAS BUTANO/PROPANO ALTA PUREZA 400ML - RONSON
6083,Gas Butano/Propano Alta Pureza Ronson 300mL | PIRANHA,Encendedores y sopletes,RONSON,ronson,lighter-gas-butano-propano-alta-300ml,lighter-gas-butano-propano-alta-300ml,/productos/ronson/lighter-gas-butano-propano-alta-300ml,1,1,Piranha,4490,4490,0,Piranha,Piranha,true,true,2026-05-09T06:31:50.224Z,Gas Butano/Propano Alta Pureza Ronson 300mL | PIRANHA
5872,Contenedor Silicona Extractos Mix 32Mm 1U-Blazy Susan,Contenedores y estuches,Blazy Susan,blazy-susan,contenedor-silicona-extractos-32mm,contenedor-silicona-extractos-32mm,/productos/blazy-susan/contenedor-silicona-extractos-32mm,1,1,Astro Growshop,4490,4490,0,Astro Growshop,Astro Growshop,true,true,2026-05-09T05:51:59.134Z,Contenedor Silicona Extractos Mix 32Mm 1U-Blazy Susan
5955,Dual Dabbers Classic Bongalab - GB The Green Brand,Accesorios de extraccion,,gb-the-green-brand,dabber-classic,dabber-classic,/productos/gb-the-green-brand/dabber-classic,1,1,GrowBarato Chile,4500,4500,0,GrowBarato Chile,GrowBarato Chile,true,true,2026-05-18T16:41:23.678Z,Dual Dabbers Classic Bongalab - GB The Green Brand
5918,Boquillas de filtro de carbón activo Konik 6mm ActiTube,Filtros y boquillas,ActiTube,actitube,boquillas-carbon-activo-6mm-konik,boquillas-carbon-activo-6mm-konik,/productos/actitube/boquillas-carbon-activo-6mm-konik,1,1,GrowBarato Chile,4500,4500,0,GrowBarato Chile,GrowBarato Chile,true,true,2026-05-13T18:36:22.047Z,Boquillas de filtro de carbón activo Konik 6mm ActiTube
5913,Hemper Glass Tips 7mm,Filtros y boquillas,Hemper,hemper,glass-tips-7mm,glass-tips-7mm,/productos/hemper/glass-tips-7mm,1,1,Piranha,4671,4671,0,Piranha,Piranha,true,true,2026-05-08T22:07:54.274Z,Filtro de Vidrio Hemper Glass Tips 7mm | PIRANHA
5898,Pipa Set The Bulldog Amsterdam,Pipas,The Bulldog,the-bulldog,set-the-bulldog,set-the-bulldog,/productos/the-bulldog/set-the-bulldog,1,1,Fumetas,4790,4790,0,Fumetas,Fumetas,true,true,2026-05-18T14:11:14.237Z,Pipa Set The Bulldog Amsterdam
5808,Super Dab Cleaner de Thievery limpieza bongs,Limpieza,,thievery,cleaner-bong-pipe-super,cleaner-bong-pipe-super,/productos/thievery/cleaner-bong-pipe-super,1,1,GrowBarato Chile,4800,4800,0,GrowBarato Chile,GrowBarato Chile,true,true,2026-05-18T16:41:23.021Z,Super Dab Cleaner de Thievery limpieza bongs
5803,LIMPIADOR DE VAPO 250ML FORMULA SECRETA,Limpieza,ASTRO,formula-secreta,cleaner-vaporizer-250ml,cleaner-vaporizer-250ml,/productos/formula-secreta/cleaner-vaporizer-250ml,1,1,Astro Growshop,4890,4890,0,Astro Growshop,Astro Growshop,true,true,2026-05-08T21:48:00.356Z,LIMPIADOR DE VAPO 250ML FORMULA SECRETA
5915,Hemper Hemp Rolls + Glass Tips King Size,Filtros y boquillas,Hemper,hemper,hemp-rolls-glass-tips-king-size,hemp-rolls-glass-tips-king-size,/productos/hemper/hemp-rolls-glass-tips-king-size,1,1,Fumetas,4890,4890,0,Fumetas,Fumetas,true,true,2026-05-08T05:56:54.920Z,Hemper Hemp Rolls + Glass Tips King Size - Sabores
5804,Limpiador Bifásico para Bongs y Pipas Mi - GB The Green Brand,Limpieza,,gb-the-green-brand,cleaner-bong-pipe-bifasico,cleaner-bong-pipe-bifasico,/productos/gb-the-green-brand/cleaner-bong-pipe-bifasico,1,1,GrowBarato Chile,4900,4900,0,GrowBarato Chile,GrowBarato Chile,true,true,2026-05-18T16:41:23.354Z,Limpiador Bifásico para Bongs y Pipas Mi - GB The Green Brand
6093,Bencina 125 ml Zippo – Combustible Original para Encendedores,Encendedores y sopletes,ZIPPO,zippo,lighter-bencina-125ml-combustible-original-125ml,lighter-bencina-125ml-combustible-original-125ml,/productos/zippo/lighter-bencina-125ml-combustible-original-125ml,1,1,GrowBarato Chile,4900,4900,0,GrowBarato Chile,GrowBarato Chile,true,true,2026-05-09T06:35:49.345Z,Bencina 125 ml Zippo – Combustible Original para Encendedores
6140,"Moledor OCB Plant Composite Biodegradable 5,5cm 2 Partes | PIRANHA",Moledores,OCB,ocb,grinder-55cm-5cm,grinder-55cm-5cm,/productos/ocb/grinder-55cm-5cm,1,1,Piranha,4990,4990,0,Piranha,Piranha,true,true,2026-05-18T14:25:50.493Z,"Moledor OCB Plant Composite Biodegradable 5,5cm 2 Partes | PIRANHA"
6139,LRC Moledor contenedor Tainer 40mm,Moledores,Lion Rolling Circus,lion-rolling-circus,grinder-40mm,grinder-40mm,/productos/lion-rolling-circus/grinder-40mm,1,1,Fumetas,4990,4990,0,Fumetas,Fumetas,true,true,2026-05-18T14:22:33.647Z,LRC Moledor contenedor Tainer 40mm
6141,Moledor OCB Eco Hemp 55mm,Moledores,OCB,ocb,grinder-55mm,grinder-55mm,/productos/ocb/grinder-55mm,1,1,Fumetas,4990,4990,0,Fumetas,Fumetas,true,true,2026-05-18T14:22:26.047Z,Moledor OCB Eco Hemp 55mm
6143,Moledor Contenedor OCB Plástico 2 en 1,Moledores,OCB,ocb,grinder-plastic,grinder-plastic,/productos/ocb/grinder-plastic,1,1,Fumetas,4990,4990,0,Fumetas,Fumetas,true,true,2026-05-18T14:22:19.538Z,Moledor Contenedor OCB Plástico 2 en 1
6086,Encendedor Zengaz Jet Flame ZL-3,Encendedores y sopletes,ZENGAZ,zengaz,lighter-encendedor-jet-flame-https,lighter-encendedor-jet-flame-https,/productos/zengaz/lighter-encendedor-jet-flame-https,1,1,Piranha,4990,4990,0,Piranha,Piranha,true,true,2026-05-09T06:09:49.639Z,Encendedor Zengaz Jet Flame ZL-3
5968,Bandeja Gizeh metálica 100 years - Mediana,Bandejas y ceniceros,Gizeh,gizeh,tray-metalica-100-years-mediana-mediana,tray-metalica-100-years-mediana-mediana,/productos/gizeh/tray-metalica-100-years-mediana-mediana,1,1,Fumetas,4990,4990,0,Fumetas,Fumetas,true,true,2026-05-08T23:14:53.862Z,Bandeja Gizeh metálica 100 years - Mediana
5991,Bandeja Bulldog metálica logo - Mini,Bandejas y ceniceros,The Bulldog Amsterdam,the-bulldog,tray-amsterdam-metalica-logo-mini-mini,tray-amsterdam-metalica-logo-mini-mini,/productos/the-bulldog/tray-amsterdam-metalica-logo-mini-mini,1,1,Fumetas,4990,4990,0,Fumetas,Fumetas,true,true,2026-05-08T23:14:39.433Z,Bandeja Bulldog metálica logo - Mini
5979,Bandeja Metálica RAW Classic | PIRANHA,Bandejas y ceniceros,RAW,raw,tray-metalica-classic-https-piranha-cl,tray-metalica-classic-https-piranha-cl,/productos/raw/tray-metalica-classic-https-piranha-cl,1,1,Piranha,4990,4990,0,Piranha,Piranha,true,true,2026-05-08T22:07:51.757Z,Bandeja Metálica RAW Classic | PIRANHA
6300,Difusor Calvo Classic 18mm - 14mm - 10cm,Repuestos para bongs y vaporizadores,Calvo Glass,calvo,repuestos-difusor-10cm-14mm-18mm,repuestos-difusor-10cm-14mm-18mm,/productos/calvo/repuestos-difusor-10cm-14mm-18mm,1,1,Fumetas,4990,4990,0,Fumetas,Fumetas,true,true,2026-05-08T22:05:33.559Z,Difusor Calvo Classic 18mm - 14mm - 10cm
5802,Limpiador De Resina 250Ml Formula Secreta 710,Limpieza,FORMULA 420,formula-secreta,cleaner-resin-420-250ml,cleaner-resin-420-250ml,/productos/formula-secreta/cleaner-resin-420-250ml,1,1,Astro Growshop,4990,4990,0,Astro Growshop,Astro Growshop,true,true,2026-05-08T21:47:46.551Z,Limpiador De Resina 250Ml Formula Secreta 710
5972,Bandeja Smal Tatoo-Lion Rolling Circus,Bandejas y ceniceros,LION ROLLING CIRCUS,lion-rolling-circus,tray-smal-tatoo-https-astrogrowshop-cl,tray-smal-tatoo-https-astrogrowshop-cl,/productos/lion-rolling-circus/tray-smal-tatoo-https-astrogrowshop-cl,1,1,Astro Growshop,4990,4990,0,Astro Growshop,Astro Growshop,true,true,2026-05-08T06:12:05.941Z,Bandeja Smal Tatoo-Lion Rolling Circus
6209,Pipa Silicona Venon | Portátil y resistente,Pipas,,gb-the-green-brand,pipe-pipa-silicona-venon-portatil,pipe-pipa-silicona-venon-portatil,/productos/gb-the-green-brand/pipe-pipa-silicona-venon-portatil,1,1,GrowBarato Chile,5100,5100,0,GrowBarato Chile,GrowBarato Chile,true,true,2026-05-18T16:41:23.669Z,Pipa Silicona Venon | Portátil y resistente
5916,Hemper Quick Tips - Boquillas Con Sabor,Filtros y boquillas,Hemper,hemper,quick-tips-sabores,quick-tips-sabores,/productos/hemper/quick-tips-sabores,1,1,Fumetas,5190,5190,0,Fumetas,Fumetas,true,true,2026-05-08T06:13:40.543Z,Hemper Quick Tips - Boquillas Con Sabor
5967,RAW Bandeja Metálica para liar - GB The Green Brand,Bandejas y ceniceros,RAW,gb-the-green-brand,tray-raw-raw-metalica-liar,tray-raw-raw-metalica-liar,/productos/gb-the-green-brand/tray-raw-raw-metalica-liar,1,1,GrowBarato Chile,5400,5400,0,GrowBarato Chile,GrowBarato Chile,true,true,2026-05-09T06:05:41.957Z,RAW Bandeja Metálica para liar - GB The Green Brand
5949,Insert Banger Calvo Cuarzo Transparente | 15mm y 20mm,Accesorios de extraccion,CALVO,calvo,banger-insert-15mm-20mm,banger-insert-15mm-20mm,/productos/calvo/banger-insert-15mm-20mm,1,1,GrowBarato Chile,5400,5400,0,GrowBarato Chile,GrowBarato Chile,true,true,2026-05-09T06:05:33.309Z,Insert Banger Calvo Cuarzo Transparente | 15mm y 20mm
6301,Difusor Pyrex Glass 14 mm para bong- GB The Green Brand,Repuestos para bongs y vaporizadores,,gb-the-green-brand,bong-difusor-14mm,bong-difusor-14mm,/productos/gb-the-green-brand/bong-difusor-14mm,1,1,GrowBarato Chile,5500,5500,0,GrowBarato Chile,GrowBarato Chile,true,true,2026-05-18T16:41:22.823Z,Difusor Pyrex Glass 14 mm para bong- GB The Green Brand
6152,Moledor XL Storz & Bickel | PIRANHA,Moledores,STORZ BICKEL,storz-bickel,grinder-plastic-6cm-xl,grinder-plastic-6cm-xl,/productos/storz-bickel/grinder-plastic-6cm-xl,1,1,Piranha,5990,5990,0,Piranha,Piranha,true,true,2026-05-18T15:36:19.325Z,Moledor XL Storz & Bickel | PIRANHA
5983,Bandeja RAW metálica Girl - Mini,Bandejas y ceniceros,RAW,raw,tray-metalica-girl-mini-https-mini,tray-metalica-girl-mini-https-mini,/productos/raw/tray-metalica-girl-mini-https-mini,1,1,Fumetas,5990,5990,0,Fumetas,Fumetas,true,true,2026-05-09T06:26:46.216Z,Bandeja RAW metálica Girl - Mini
5981,Bandeja RAW metálica Classic - Mini,Bandejas y ceniceros,RAW,raw,tray-metalica-classic-mini-https-mini,tray-metalica-classic-mini-https-mini,/productos/raw/tray-metalica-classic-mini-https-mini,1,1,Fumetas,5990,5990,0,Fumetas,Fumetas,true,true,2026-05-09T06:26:43.676Z,Bandeja RAW metálica Classic - Mini
6107,Boquilla De Vidrio Fullprint 6Cm 1Un-Strabe Glass,Filtros y boquillas,STRABE GLASS,strabe-glass,filter-vidrio-6cm,filter-vidrio-6cm,/productos/strabe-glass/filter-vidrio-6cm,4,1,Astro Growshop,5990,19990,234,Astro Growshop,Astro Growshop,true,true,2026-05-09T05:51:48.278Z,Boquilla De Vidrio Fullprint 6Cm 1Un-Strabe Glass | Boquilla De Vidrio Bocal Colors 6Cm 1Un-Strabe Glass | Boquilla De Vidrio Bocal Wigwag 6Cm 1Un-Strabe Glass | Boquilla De Vidrio Neon 6Cm 1Un-Strabe Glass
5969,Bandeja Gizeh Metálica Mediana 420 Edición,Bandejas y ceniceros,Gizeh,gizeh,tray-metalica-mediana-420-edicion-mediana,tray-metalica-mediana-420-edicion-mediana,/productos/gizeh/tray-metalica-mediana-420-edicion-mediana,1,1,Fumetas,5990,5990,0,Fumetas,Fumetas,true,true,2026-05-08T23:15:01.842Z,Bandeja Gizeh Metálica Mediana 420 Edición
5986,Tapa Magnética RAW para Bandeja Grande - Diseño Fish,Bandejas y ceniceros,RAW,raw,tray-tapa-magnetica-grande-diseno-grande,tray-tapa-magnetica-grande-diseno-grande,/productos/raw/tray-tapa-magnetica-grande-diseno-grande,1,1,Fumetas,5990,5990,0,Fumetas,Fumetas,true,true,2026-05-08T22:04:43.439Z,Tapa Magnética RAW para Bandeja Grande - Diseño Fish
5975,Bandeja Metalica (19X14)-Ocb,Bandejas y ceniceros,OCB,ocb,tray-metalica-19x14-https-astrogrowshop-cl,tray-metalica-19x14-https-astrogrowshop-cl,/productos/ocb/tray-metalica-19x14-https-astrogrowshop-cl,1,1,Astro Growshop,5990,5990,0,Astro Growshop,Astro Growshop,true,true,2026-05-08T21:48:45.140Z,Bandeja Metalica (19X14)-Ocb
6161,Chill Coast Pin Ed. Limitada-Bonglab X Hightrip,Otros parafernalia,BONGLAB,bonglab,pin-chill,pin-chill,/productos/bonglab/pin-chill,1,1,Astro Growshop,5990,5990,0,Astro Growshop,Astro Growshop,true,true,2026-05-08T06:21:50.503Z,Chill Coast Pin Ed. Limitada-Bonglab X Hightrip
6112,Calvo Glass Moledor Metálico 1 Piso 50mm,Moledores,Calvo Glass,calvo,grinder-metal-50mm,grinder-metal-50mm,/productos/calvo/grinder-metal-50mm,2,1,Fumetas,6081,9990,64,Fumetas,Fumetas,true,true,2026-05-18T14:22:17.596Z,Calvo Glass Moledor Metálico 1 Piso 50mm | Calvo Glass Moledor Metálico 50 mm
6302,Pipa con Quemador de Vidrio de Silicona - GB The Green Brand,Repuestos para bongs y vaporizadores,,gb-the-green-brand,pipe-quemador,pipe-quemador,/productos/gb-the-green-brand/pipe-quemador,1,1,GrowBarato Chile,6100,6100,0,GrowBarato Chile,GrowBarato Chile,true,true,2026-05-18T16:41:23.166Z,Pipa con Quemador de Vidrio de Silicona - GB The Green Brand
6151,Storz &amp; Bickel Moledor acrilico 59mm,Moledores,Storz & Bickel,storz-bickel,grinder-55mm-59mm,grinder-55mm-59mm,/productos/storz-bickel/grinder-55mm-59mm,1,1,Fumetas,6190,6190,0,Fumetas,Fumetas,true,true,2026-05-18T14:22:23.207Z,Storz &amp; Bickel Moledor acrilico 59mm
6134,Moledor Gizeh Metálico 40mm,Moledores,Gizeh,gizeh,grinder-metal-40mm,grinder-metal-40mm,/productos/gizeh/grinder-metal-40mm,1,1,Fumetas,6290,6290,0,Fumetas,Fumetas,true,true,2026-05-18T14:22:23.859Z,Moledor Gizeh Metálico 40mm
6199,Hitter American 1.8mm - BongLab | PIRANHA,Pipas,BONGLAB,bonglab,pipas-hitter-american-1-8mm-https-1-8mm-18mm,pipas-hitter-american-1-8mm-https-1-8mm-18mm,/productos/bonglab/pipas-hitter-american-1-8mm-https-1-8mm-18mm,1,1,Piranha,6490,6490,0,Piranha,Piranha,true,true,2026-05-08T22:07:52.283Z,Hitter American 1.8mm - BongLab | PIRANHA
5931,Banger Cuarzo Simple 90 Grados -Bonglab,Accesorios de extraccion,BONGLAB,bonglab,banger-simple-90,banger-simple-90,/productos/bonglab/banger-simple-90,1,1,Astro Growshop,6990,6990,0,Astro Growshop,Astro Growshop,true,true,2026-05-18T06:45:24.410Z,Banger Cuarzo Simple 90 Grados -Bonglab
6309,Bolsa Volcano 3 Metros-Storz &amp; Bickel,Repuestos para bongs y vaporizadores,STORZ & BICKEL,storz-bickel,repuestos-volcano,repuestos-volcano,/productos/storz-bickel/repuestos-volcano,3,1,Astro Growshop,6990,189990,2618,Astro Growshop,Astro Growshop,true,true,2026-05-09T06:22:52.006Z,Bolsa Volcano 3 Metros-Storz &amp; Bickel | Almohadillas De Relleno Volcano Y Plenty 2Pcs-Storz &amp; Bickel | Volcano Hybrid Starter Set-Storz &amp; Bickel
5827,Quemador Perlas Calvo 14mm,Repuestos para bongs y vaporizadores,calvo,calvo,bowl-perlas-14mm,bowl-perlas-14mm,/productos/calvo/bowl-perlas-14mm,1,1,Piranha,6990,6990,0,Piranha,Piranha,true,true,2026-05-09T06:09:43.688Z,Quemador Perlas Calvo 14mm
6307,FILTROS DE AIRE VOLCANO HYBRID 2U-STORZ &amp; BICKEL,Repuestos para bongs y vaporizadores,STORZ & BICKEL,storz-bickel,filter-volcano,filter-volcano,/productos/storz-bickel/filter-volcano,2,1,Astro Growshop,6990,11990,72,Astro Growshop,Astro Growshop,true,true,2026-05-09T05:52:32.874Z,FILTROS DE AIRE VOLCANO HYBRID 2U-STORZ &amp; BICKEL | Juego De Filtros De Aire Volcano  Storz &amp; Bickel (2 Unid)
6165,Máquina Enroladora Metálica OCB 1 1/4,Otros parafernalia,OCB,ocb,rolling-machine-metalica-1-1-4,rolling-machine-metalica-1-1-4,/productos/ocb/rolling-machine-metalica-1-1-4,1,1,Piranha,6990,6990,0,Piranha,Piranha,true,true,2026-05-08T22:07:52.757Z,Máquina Enroladora Metálica OCB 1 1/4
5853,RAW Conos PreEnrolados 5 Stages Rawket,Conos y blunts,RAW,raw,pre-roll-5-stages-rawket,pre-roll-5-stages-rawket,/productos/raw/pre-roll-5-stages-rawket,1,1,Piranha,6990,6990,0,Piranha,Piranha,true,true,2026-05-08T21:54:28.520Z,Conos PreEnrolados RAW 5 Stages Rawket
6065,BOLSITAS HERMETICAS ANTIOLOR -G-ROLLZ,Contenedores y estuches,G-ROLZZ,g-rollz,contenedores-antiolor,contenedores-antiolor,/productos/g-rollz/contenedores-antiolor,1,1,Astro Growshop,6990,6990,0,Astro Growshop,Astro Growshop,true,true,2026-05-08T06:21:53.324Z,BOLSITAS HERMETICAS ANTIOLOR -G-ROLLZ
5976,Raw Catcher - Cenicero portátil,Bandejas y ceniceros,RAW,raw,bandejas-catcher-cenicero-portatil-https,bandejas-catcher-cenicero-portatil-https,/productos/raw/bandejas-catcher-cenicero-portatil-https,1,1,Fumetas,6990,6990,0,Fumetas,Fumetas,true,true,2026-05-08T06:14:17.795Z,Raw Catcher - Cenicero portátil
5914,Hemper Hemp Rolls + Glass Tips Mini Size,Filtros y boquillas,Hemper,hemper,hemp-rolls-glass-tips-mini,hemp-rolls-glass-tips-mini,/productos/hemper/hemp-rolls-glass-tips-mini,1,1,Fumetas,7290,7290,0,Fumetas,Fumetas,true,true,2026-05-08T06:14:09.544Z,Hemper Hemp Rolls + Glass Tips Mini Size - Sabores
5933,Bonglab Banger Cuarzo 90° - Macho 10mm,Accesorios de extraccion,Bonglab,bonglab,banger-simple-macho-90-10mm,banger-simple-macho-90-10mm,/productos/bonglab/banger-simple-macho-90-10mm,1,1,Fumetas,7490,7490,0,Fumetas,Fumetas,true,true,2026-05-18T06:49:09.964Z,Bonglab Banger Cuarzo 90° - Macho 10mm
5980,Bandeja RAW metálica Classic - Mediana,Bandejas y ceniceros,RAW,raw,tray-metalica-classic-mediana-https-mediana,tray-metalica-classic-mediana-https-mediana,/productos/raw/tray-metalica-classic-mediana-https-mediana,1,1,Fumetas,7690,7690,0,Fumetas,Fumetas,true,true,2026-05-09T06:26:42.152Z,Bandeja RAW metálica Classic - Mediana
6287,Pipa Pyrex Venator Max 73- Top Smoke,Pipas,TOP SMOKE,top-smoke,pipe-pipa-pyrex-venator-max,pipe-pipa-pyrex-venator-max,/productos/top-smoke/pipe-pipa-pyrex-venator-max,1,1,Astro Growshop,7990,7990,0,Astro Growshop,Astro Growshop,true,true,2026-05-18T14:21:44.044Z,Pipa Pyrex Venator Max 73- Top Smoke
5892,Pulsar Core Hitter Chillum 9 cm,Pipas,Pulsar,pulsar,core-hitter-chillum-9cm,core-hitter-chillum-9cm,/productos/pulsar/core-hitter-chillum-9cm,1,1,Fumetas,7990,7990,0,Fumetas,Fumetas,true,true,2026-05-18T14:18:15.826Z,Pulsar Core Hitter Chillum 9 cm
5897,Pipa Set Metalica The Bulldog Amsterdam Tornasol,Pipas,The Bulldog,the-bulldog,set-metlica-tornasol,set-metlica-tornasol,/productos/the-bulldog/set-metlica-tornasol,1,1,Fumetas,7990,7990,0,Fumetas,Fumetas,true,true,2026-05-18T14:10:56.743Z,Pipa Set Metalica The Bulldog Amsterdam Tornasol
6262,Pipa Pyrex Mechanoid 48- Top Smoke,Pipas,TOP SMOKE,top-smoke,pipe-pipa-pyrex-mechanoid-https,pipe-pipa-pyrex-mechanoid-https,/productos/top-smoke/pipe-pipa-pyrex-mechanoid-https,1,1,Astro Growshop,7990,7990,0,Astro Growshop,Astro Growshop,true,true,2026-05-18T14:08:00.211Z,Pipa Pyrex Mechanoid 48- Top Smoke
6257,Pipa Pyrex Ionix 85- Top Smoke,Pipas,TOP SMOKE,top-smoke,pipe-pipa-pyrex-ionix-https,pipe-pipa-pyrex-ionix-https,/productos/top-smoke/pipe-pipa-pyrex-ionix-https,1,1,Astro Growshop,7990,7990,0,Astro Growshop,Astro Growshop,true,true,2026-05-18T14:07:55.370Z,Pipa Pyrex Ionix 85- Top Smoke
6255,Pipa Pyrex Incinerate 109- Top Smoke,Pipas,TOP SMOKE,top-smoke,pipe-pipa-pyrex-incinerate-109,pipe-pipa-pyrex-incinerate-109,/productos/top-smoke/pipe-pipa-pyrex-incinerate-109,1,1,Astro Growshop,7990,7990,0,Astro Growshop,Astro Growshop,true,true,2026-05-18T14:07:53.792Z,Pipa Pyrex Incinerate 109- Top Smoke
6281,Pipa Pyrex Overflux 97- Top Smoke,Pipas,TOP SMOKE,top-smoke,pipe-pipa-pyrex-overflux-https,pipe-pipa-pyrex-overflux-https,/productos/top-smoke/pipe-pipa-pyrex-overflux-https,1,1,Astro Growshop,7990,7990,0,Astro Growshop,Astro Growshop,true,true,2026-05-09T05:53:50.040Z,Pipa Pyrex Overflux 97- Top Smoke
6064,Vider Black-Bonglab Re: Stash,Contenedores y estuches,RE: STASH,bonglab,contenedores-stash,contenedores-stash,/productos/bonglab/contenedores-stash,2,1,Astro Growshop,7990,7990,0,Astro Growshop,Astro Growshop,true,true,2026-05-08T06:21:51.496Z,Vider Black-Bonglab Re: Stash | Vider Brown-Bonglab Re: Stash
6216,Pipa silicona llavero de Piece Maker,Pipas,,piecemaker,pipe-pipa-silicona-llavero-piece,pipe-pipa-silicona-llavero-piece,/productos/piecemaker/pipe-pipa-silicona-llavero-piece,1,1,GrowBarato Chile,8200,8200,0,GrowBarato Chile,GrowBarato Chile,true,true,2026-05-18T16:41:23.657Z,Pipa silicona llavero de Piece Maker
6077,Pack Colección 4+Butano -Clipper,Encendedores y sopletes,CLIPPER,clipper,lighter-pack-coleccion-butano-https,lighter-pack-coleccion-butano-https,/productos/clipper/lighter-pack-coleccion-butano-https,1,1,Astro Growshop,8490,8490,0,Astro Growshop,Astro Growshop,true,true,2026-05-08T06:21:44.309Z,Pack Colección 4+Butano -Clipper
6299,Terp Slurper Marble Set Calvo Glass,Repuestos para bongs y vaporizadores,CALVO,calvo,bong-slurper,bong-slurper,/productos/calvo/bong-slurper,1,1,GrowBarato Chile,8600,8600,0,GrowBarato Chile,GrowBarato Chile,true,true,2026-05-14T13:49:03.180Z,Terp Slurper Marble Set Calvo Glass
6135,Moledor Gizeh metálico Edición 100 años 50mm,Moledores,Gizeh,gizeh,grinder-metal-50mm,grinder-metal-50mm,/productos/gizeh/grinder-metal-50mm,2,1,Fumetas,8990,11990,33,Fumetas,Fumetas,true,true,2026-05-18T14:22:24.164Z,Moledor Gizeh metálico Edición 100 años 50mm | Moledor Gizeh Metálico 50mm
6290,Pipa Pyrex Vortex Prime 113- Top Smoke,Pipas,TOP SMOKE,top-smoke,pipe-pipa-pyrex-vortex-prime,pipe-pipa-pyrex-vortex-prime,/productos/top-smoke/pipe-pipa-pyrex-vortex-prime,1,1,Astro Growshop,8990,8990,0,Astro Growshop,Astro Growshop,true,true,2026-05-18T14:21:46.440Z,Pipa Pyrex Vortex Prime 113- Top Smoke
6286,Pipa Pyrex Predator X 93- Top Smoke,Pipas,TOP SMOKE,top-smoke,pipe-pipa-pyrex-predator-https,pipe-pipa-pyrex-predator-https,/productos/top-smoke/pipe-pipa-pyrex-predator-https,1,1,Astro Growshop,8990,8990,0,Astro Growshop,Astro Growshop,true,true,2026-05-18T14:21:43.230Z,Pipa Pyrex Predator X 93- Top Smoke
6245,Pipa Pyrex Havoc Prime 100- Top Smoke,Pipas,TOP SMOKE,top-smoke,pipe-pipa-pyrex-havoc-prime,pipe-pipa-pyrex-havoc-prime,/productos/top-smoke/pipe-pipa-pyrex-havoc-prime,1,1,Astro Growshop,8990,8990,0,Astro Growshop,Astro Growshop,true,true,2026-05-18T14:21:42.456Z,Pipa Pyrex Havoc Prime 100- Top Smoke
6227,Pipa Pyrex Chromatic 114- Top Smoke,Pipas,TOP SMOKE,top-smoke,pipe-pipa-pyrex-chromatic-114-1-1-4,pipe-pipa-pyrex-chromatic-114-1-1-4,/productos/top-smoke/pipe-pipa-pyrex-chromatic-114-1-1-4,1,1,Astro Growshop,8990,8990,0,Astro Growshop,Astro Growshop,true,true,2026-05-18T14:21:40.892Z,Pipa Pyrex Chromatic 114- Top Smoke
6268,Pipa Pyrex Nitroblade 115- Top Smoke,Pipas,TOP SMOKE,top-smoke,pipe-pipa-pyrex-nitroblade-115,pipe-pipa-pyrex-nitroblade-115,/productos/top-smoke/pipe-pipa-pyrex-nitroblade-115,1,1,Astro Growshop,8990,8990,0,Astro Growshop,Astro Growshop,true,true,2026-05-18T14:08:05.799Z,Pipa Pyrex Nitroblade 115- Top Smoke
6265,Pipa Pyrex Nexus 26- Top Smoke,Pipas,TOP SMOKE,top-smoke,pipe-pipa-pyrex-nexus-https,pipe-pipa-pyrex-nexus-https,/productos/top-smoke/pipe-pipa-pyrex-nexus-https,1,1,Astro Growshop,8990,8990,0,Astro Growshop,Astro Growshop,true,true,2026-05-18T14:08:02.772Z,Pipa Pyrex Nexus 26- Top Smoke
6264,Pipa Pyrex Neonix 65- Top Smoke,Pipas,TOP SMOKE,top-smoke,pipe-pipa-pyrex-neonix-https,pipe-pipa-pyrex-neonix-https,/productos/top-smoke/pipe-pipa-pyrex-neonix-https,1,1,Astro Growshop,8990,8990,0,Astro Growshop,Astro Growshop,true,true,2026-05-18T14:08:01.749Z,Pipa Pyrex Neonix 65- Top Smoke
6263,Pipa Pyrex Mephisto 111- Top Smoke,Pipas,TOP SMOKE,top-smoke,pipe-pipa-pyrex-mephisto-111,pipe-pipa-pyrex-mephisto-111,/productos/top-smoke/pipe-pipa-pyrex-mephisto-111,1,1,Astro Growshop,8990,8990,0,Astro Growshop,Astro Growshop,true,true,2026-05-18T14:08:00.957Z,Pipa Pyrex Mephisto 111- Top Smoke
6259,Pipa Pyrex Kraken 34- Top Smoke,Pipas,TOP SMOKE,top-smoke,pipe-pipa-pyrex-kraken-https,pipe-pipa-pyrex-kraken-https,/productos/top-smoke/pipe-pipa-pyrex-kraken-https,1,1,Astro Growshop,8990,8990,0,Astro Growshop,Astro Growshop,true,true,2026-05-18T14:07:57.556Z,Pipa Pyrex Kraken 34- Top Smoke
6212,Pipa Pyrex Ignite 53- Top Smoke,Pipas,TOP SMOKE,ignite,pipe-top-smoke-pipa-pyrex,pipe-top-smoke-pipa-pyrex,/productos/ignite/pipe-top-smoke-pipa-pyrex,1,1,Astro Growshop,8990,8990,0,Astro Growshop,Astro Growshop,true,true,2026-05-18T14:07:52.921Z,Pipa Pyrex Ignite 53- Top Smoke
6251,Pipa Pyrex Hexagon 84- Top Smoke,Pipas,TOP SMOKE,top-smoke,pipe-pipa-pyrex-hexagon-https,pipe-pipa-pyrex-hexagon-https,/productos/top-smoke/pipe-pipa-pyrex-hexagon-https,1,1,Astro Growshop,8990,8990,0,Astro Growshop,Astro Growshop,true,true,2026-05-18T14:07:48.698Z,Pipa Pyrex Hexagon 84- Top Smoke
6244,Pipa Pyrex Havoc 37- Top Smoke,Pipas,TOP SMOKE,top-smoke,pipe-pipa-pyrex-havoc-https,pipe-pipa-pyrex-havoc-https,/productos/top-smoke/pipe-pipa-pyrex-havoc-https,1,1,Astro Growshop,8990,8990,0,Astro Growshop,Astro Growshop,true,true,2026-05-18T14:07:43.319Z,Pipa Pyrex Havoc 37- Top Smoke
6243,Pipa Pyrex Ghost 76- Top Smoke,Pipas,TOP SMOKE,top-smoke,pipe-pipa-pyrex-ghost-https,pipe-pipa-pyrex-ghost-https,/productos/top-smoke/pipe-pipa-pyrex-ghost-https,1,1,Astro Growshop,8990,8990,0,Astro Growshop,Astro Growshop,true,true,2026-05-18T14:07:42.397Z,Pipa Pyrex Ghost 76- Top Smoke
6241,Pipa Pyrex Fluxion 74- Top Smoke,Pipas,TOP SMOKE,top-smoke,pipe-pipa-pyrex-fluxion-https,pipe-pipa-pyrex-fluxion-https,/productos/top-smoke/pipe-pipa-pyrex-fluxion-https,1,1,Astro Growshop,8990,8990,0,Astro Growshop,Astro Growshop,true,true,2026-05-18T14:07:40.807Z,Pipa Pyrex Fluxion 74- Top Smoke
6240,Pipa Pyrex Flux 23- Top Smoke,Pipas,TOP SMOKE,top-smoke,pipe-pipa-pyrex-flux-https,pipe-pipa-pyrex-flux-https,/productos/top-smoke/pipe-pipa-pyrex-flux-https,1,1,Astro Growshop,8990,8990,0,Astro Growshop,Astro Growshop,true,true,2026-05-18T14:07:39.848Z,Pipa Pyrex Flux 23- Top Smoke
6237,Pipa Pyrex Eclipse 14- Top Smoke,Pipas,TOP SMOKE,top-smoke,pipe-pipa-pyrex-eclipse-https,pipe-pipa-pyrex-eclipse-https,/productos/top-smoke/pipe-pipa-pyrex-eclipse-https,1,1,Astro Growshop,8990,8990,0,Astro Growshop,Astro Growshop,true,true,2026-05-18T14:07:37.355Z,Pipa Pyrex Eclipse 14- Top Smoke
6234,Pipa Pyrex Dominion 40- Top Smoke,Pipas,TOP SMOKE,top-smoke,pipe-pipa-pyrex-dominion-https,pipe-pipa-pyrex-dominion-https,/productos/top-smoke/pipe-pipa-pyrex-dominion-https,1,1,Astro Growshop,8990,8990,0,Astro Growshop,Astro Growshop,true,true,2026-05-18T14:07:34.774Z,Pipa Pyrex Dominion 40- Top Smoke
6232,Pipa Pyrex Deathcore 110- Top Smoke,Pipas,TOP SMOKE,top-smoke,pipe-pipa-pyrex-deathcore-110,pipe-pipa-pyrex-deathcore-110,/productos/top-smoke/pipe-pipa-pyrex-deathcore-110,1,1,Astro Growshop,8990,8990,0,Astro Growshop,Astro Growshop,true,true,2026-05-18T14:07:33.231Z,Pipa Pyrex Deathcore 110- Top Smoke
6231,Pipa Pyrex Darkwave 27- Top Smoke,Pipas,TOP SMOKE,top-smoke,pipe-pipa-pyrex-darkwave-https,pipe-pipa-pyrex-darkwave-https,/productos/top-smoke/pipe-pipa-pyrex-darkwave-https,1,1,Astro Growshop,8990,8990,0,Astro Growshop,Astro Growshop,true,true,2026-05-18T14:07:32.272Z,Pipa Pyrex Darkwave 27- Top Smoke
6225,Pipa Pyrex Catalyst 86- Top Smoke,Pipas,TOP SMOKE,top-smoke,pipe-pipa-pyrex-catalyst-https,pipe-pipa-pyrex-catalyst-https,/productos/top-smoke/pipe-pipa-pyrex-catalyst-https,1,1,Astro Growshop,8990,8990,0,Astro Growshop,Astro Growshop,true,true,2026-05-18T14:07:24.372Z,Pipa Pyrex Catalyst 86- Top Smoke
6223,Pipa Pyrex Blitz 60- Top Smoke,Pipas,TOP SMOKE,top-smoke,pipe-pipa-pyrex-blitz-https,pipe-pipa-pyrex-blitz-https,/productos/top-smoke/pipe-pipa-pyrex-blitz-https,1,1,Astro Growshop,8990,8990,0,Astro Growshop,Astro Growshop,true,true,2026-05-18T14:07:22.786Z,Pipa Pyrex Blitz 60- Top Smoke
6222,Pipa Pyrex Blast 18- Top Smoke,Pipas,TOP SMOKE,top-smoke,pipe-pipa-pyrex-blast-https,pipe-pipa-pyrex-blast-https,/productos/top-smoke/pipe-pipa-pyrex-blast-https,1,1,Astro Growshop,8990,8990,0,Astro Growshop,Astro Growshop,true,true,2026-05-18T14:07:21.991Z,Pipa Pyrex Blast 18- Top Smoke
6221,Pipa Pyrex Blackout 107- Top Smoke,Pipas,TOP SMOKE,top-smoke,pipe-pipa-pyrex-blackout-107,pipe-pipa-pyrex-blackout-107,/productos/top-smoke/pipe-pipa-pyrex-blackout-107,1,1,Astro Growshop,8990,8990,0,Astro Growshop,Astro Growshop,true,true,2026-05-18T14:07:21.242Z,Pipa Pyrex Blackout 107- Top Smoke
6219,Pipa Pyrex Armageddon 87- Top Smoke,Pipas,TOP SMOKE,top-smoke,pipe-pipa-pyrex-armageddon-https,pipe-pipa-pyrex-armageddon-https,/productos/top-smoke/pipe-pipa-pyrex-armageddon-https,1,1,Astro Growshop,8990,8990,0,Astro Growshop,Astro Growshop,true,true,2026-05-18T14:07:19.762Z,Pipa Pyrex Armageddon 87- Top Smoke
6218,Pipa Pyrex Apollyon 126- Top Smoke,Pipas,TOP SMOKE,top-smoke,pipe-pipa-pyrex-apollyon-126,pipe-pipa-pyrex-apollyon-126,/productos/top-smoke/pipe-pipa-pyrex-apollyon-126,1,1,Astro Growshop,8990,8990,0,Astro Growshop,Astro Growshop,true,true,2026-05-18T14:07:19.054Z,Pipa Pyrex Apollyon 126- Top Smoke
6288,Pipa Pyrex Venator Prime 35- Top Smoke,Pipas,TOP SMOKE,top-smoke,pipe-pipa-pyrex-venator-prime,pipe-pipa-pyrex-venator-prime,/productos/top-smoke/pipe-pipa-pyrex-venator-prime,1,1,Astro Growshop,8990,8990,0,Astro Growshop,Astro Growshop,true,true,2026-05-18T14:07:16.647Z,Pipa Pyrex Venator Prime 35- Top Smoke
5932,Bonglab Banger Cuarzo 45° - Macho 10mm,Accesorios de extraccion,Bonglab,bonglab,banger-simple-macho-45-10mm,banger-simple-macho-45-10mm,/productos/bonglab/banger-simple-macho-45-10mm,1,1,Fumetas,8990,8990,0,Fumetas,Fumetas,true,true,2026-05-18T06:49:08.961Z,Bonglab Banger Cuarzo 45° - Macho 10mm
5943,Banger Calvo Flat Bucket 90° - Macho 10mm,Accesorios de extraccion,Calvo,calvo,banger-flat-bucket-macho-90-10mm,banger-flat-bucket-macho-90-10mm,/productos/calvo/banger-flat-bucket-macho-90-10mm,1,1,Fumetas,8990,8990,0,Fumetas,Fumetas,true,true,2026-05-09T05:58:46.448Z,Banger Calvo Flat Bucket 90° - Macho 10mm
5941,Banger Calvo Flat Bucket 45° - Macho 10mm,Accesorios de extraccion,Calvo,calvo,banger-flat-bucket-macho-45-10mm,banger-flat-bucket-macho-45-10mm,/productos/calvo/banger-flat-bucket-macho-45-10mm,1,1,Fumetas,8990,8990,0,Fumetas,Fumetas,true,true,2026-05-09T05:58:44.549Z,Banger Calvo Flat Bucket 45° - Macho 10mm
6101,Boquillas Gizeh Carbon Activado Procell Black 6 mm,Filtros y boquillas,Gizeh,gizeh,filter-gizeh-carbon-activado-6mm,filter-gizeh-carbon-activado-6mm,/productos/gizeh/filter-gizeh-carbon-activado-6mm,3,1,Fumetas,8990,8990,0,Fumetas,Fumetas,true,true,2026-05-09T05:58:27.250Z,Boquillas Gizeh Carbon Activado Procell Black 6 mm | Boquillas Gizeh Carbon Activado Procell Green 6 mm | Boquilla Gizeh Carbon Activado Procell Prism 6 mm
6284,Pipa Pyrex Paradox 61- Top Smoke,Pipas,TOP SMOKE,top-smoke,pipe-pipa-pyrex-paradox-https,pipe-pipa-pyrex-paradox-https,/productos/top-smoke/pipe-pipa-pyrex-paradox-https,1,1,Astro Growshop,8990,8990,0,Astro Growshop,Astro Growshop,true,true,2026-05-09T05:53:52.653Z,Pipa Pyrex Paradox 61- Top Smoke
6282,Pipa Pyrex Overkill 33- Top Smoke,Pipas,TOP SMOKE,top-smoke,pipe-pipa-pyrex-overkill-https,pipe-pipa-pyrex-overkill-https,/productos/top-smoke/pipe-pipa-pyrex-overkill-https,1,1,Astro Growshop,8990,8990,0,Astro Growshop,Astro Growshop,true,true,2026-05-09T05:53:50.950Z,Pipa Pyrex Overkill 33- Top Smoke
6280,Pipa Pyrex Overdrive 72- Top Smoke,Pipas,TOP SMOKE,top-smoke,pipe-pipa-pyrex-overdrive-https,pipe-pipa-pyrex-overdrive-https,/productos/top-smoke/pipe-pipa-pyrex-overdrive-https,1,1,Astro Growshop,8990,8990,0,Astro Growshop,Astro Growshop,true,true,2026-05-09T05:53:49.198Z,Pipa Pyrex Overdrive 72- Top Smoke
6279,Pipa Pyrex Overcharge 117- Top Smoke,Pipas,TOP SMOKE,top-smoke,pipe-pipa-pyrex-overcharge-117,pipe-pipa-pyrex-overcharge-117,/productos/top-smoke/pipe-pipa-pyrex-overcharge-117,1,1,Astro Growshop,8990,8990,0,Astro Growshop,Astro Growshop,true,true,2026-05-09T05:53:48.315Z,Pipa Pyrex Overcharge 117- Top Smoke
6273,Pipa Pyrex Nova 7- Top Smoke,Pipas,TOP SMOKE,top-smoke,pipe-pipa-pyrex-nova-https,pipe-pipa-pyrex-nova-https,/productos/top-smoke/pipe-pipa-pyrex-nova-https,1,1,Astro Growshop,8990,8990,0,Astro Growshop,Astro Growshop,true,true,2026-05-09T05:53:42.130Z,Pipa Pyrex Nova 7- Top Smoke
6272,Pipa Pyrex Nitrozone 101- Top Smoke,Pipas,TOP SMOKE,top-smoke,pipe-pipa-pyrex-nitrozone-101,pipe-pipa-pyrex-nitrozone-101,/productos/top-smoke/pipe-pipa-pyrex-nitrozone-101,1,1,Astro Growshop,8990,8990,0,Astro Growshop,Astro Growshop,true,true,2026-05-09T05:53:40.533Z,Pipa Pyrex Nitrozone 101- Top Smoke
6270,Pipa Pyrex Nitroshock 79- Top Smoke,Pipas,TOP SMOKE,top-smoke,pipe-pipa-pyrex-nitroshock-https,pipe-pipa-pyrex-nitroshock-https,/productos/top-smoke/pipe-pipa-pyrex-nitroshock-https,1,1,Astro Growshop,8990,8990,0,Astro Growshop,Astro Growshop,true,true,2026-05-09T05:53:38.781Z,Pipa Pyrex Nitroshock 79- Top Smoke
6269,Pipa Pyrex Nitrocore 30- Top Smoke,Pipas,TOP SMOKE,top-smoke,pipe-pipa-pyrex-nitrocore-https,pipe-pipa-pyrex-nitrocore-https,/productos/top-smoke/pipe-pipa-pyrex-nitrocore-https,1,1,Astro Growshop,8990,8990,0,Astro Growshop,Astro Growshop,true,true,2026-05-09T05:53:37.177Z,Pipa Pyrex Nitrocore 30- Top Smoke
6297,Calvo Glass Quemador Abeja Macho 14mm,Repuestos para bongs y vaporizadores,Calvo Glass,calvo,banger-quemador-macho-14mm,banger-quemador-macho-14mm,/productos/calvo/banger-quemador-macho-14mm,1,1,Fumetas,8990,8990,0,Fumetas,Fumetas,true,true,2026-05-08T22:05:23.032Z,Calvo Glass Quemador Abeja Macho 14mm
5937,Papel Para Rosin Aluminio- Bonglab,Accesorios de extraccion,BONGLAB,bonglab,rosin-paper-aluminio,rosin-paper-aluminio,/productos/bonglab/rosin-paper-aluminio,1,1,Astro Growshop,8990,8990,0,Astro Growshop,Astro Growshop,true,true,2026-05-08T06:12:14.711Z,Papel Para Rosin Aluminio- Bonglab
5936,Mallas de Rosin 25/90/120/160 Micras-Bonglab,Accesorios de extraccion,BONGLAB,bonglab,rosin-bag-160mic,rosin-bag-160mic,/productos/bonglab/rosin-bag-160mic,1,1,Astro Growshop,8990,8990,0,Astro Growshop,Astro Growshop,true,true,2026-05-08T04:57:27.629Z,Mallas de Rosin 25/90/120/160 Micras-Bonglab
5940,Flat Bucket Banger 90° 14mm | Calvo Glass de Cuarzo Durabilidad y Calor Uniforme,Accesorios de extraccion,CALVO,calvo,banger-flat-bucket-90-14mm,banger-flat-bucket-90-14mm,/productos/calvo/banger-flat-bucket-90-14mm,1,1,GrowBarato Chile,9700,9700,0,GrowBarato Chile,GrowBarato Chile,true,true,2026-05-09T06:52:12.770Z,Flat Bucket Banger 90° 14mm | Calvo Glass de Cuarzo Durabilidad y Calor Uniforme
6313,Batería Vaporizador Calvo 510 350MAH | PIRANHA,Vaporizadores herbales,CALVO,calvo,vaporizadores-bateria-vaporizador-510-350mah,vaporizadores-bateria-vaporizador-510-350mah,/productos/calvo/vaporizadores-bateria-vaporizador-510-350mah,1,1,Piranha,9891,9891,0,Piranha,Piranha,true,true,2026-05-13T19:24:26.423Z,Batería Vaporizador Calvo 510 350MAH | PIRANHA
5935,Nectar Collector Obelisk BongLab – Pipa para dabs compacta,Accesorios de extraccion,BONGLAB,bonglab,nectar-collector-obelisk,nectar-collector-obelisk,/productos/bonglab/nectar-collector-obelisk,1,1,GrowBarato Chile,9900,9900,0,GrowBarato Chile,GrowBarato Chile,true,true,2026-05-09T06:06:40.842Z,Nectar Collector Obelisk BongLab – Pipa para dabs compacta
5895,Pulsar Hitter de Madera 8 cm,Pipas,Pulsar,pulsar,hitter-madera-8cm,hitter-madera-8cm,/productos/pulsar/hitter-madera-8cm,1,1,Fumetas,9990,9990,0,Fumetas,Fumetas,true,true,2026-05-18T14:11:22.158Z,Pulsar Hitter de Madera 8 cm
5807,Mr Pipe Cleaner 500 ML,Limpieza,Mr Pipe Cleaner,mr-pipe-cleaner,cleaner-pipe-500ml,cleaner-pipe-500ml,/productos/mr-pipe-cleaner/cleaner-pipe-500ml,1,1,Fumetas,9990,9990,0,Fumetas,Fumetas,true,true,2026-05-08T22:07:19.938Z,Mr Pipe Cleaner 500 ML
6206,Pipa Hongo De Silicona GB The Green Brand resistente a golpes,Pipas,,gb-the-green-brand,pipe-pipa-hongo-silicona-resistente,pipe-pipa-hongo-silicona-resistente,/productos/gb-the-green-brand/pipe-pipa-hongo-silicona-resistente,1,1,GrowBarato Chile,10000,10000,0,GrowBarato Chile,GrowBarato Chile,true,true,2026-05-18T16:41:23.416Z,Pipa Hongo De Silicona GB The Green Brand resistente a golpes
6207,Pipa Pizza de Silicona para Hierbas - GB The Green Brand,Pipas,,gb-the-green-brand,pipe-pipa-pizza-silicona-hierbas,pipe-pipa-pizza-silicona-hierbas,/productos/gb-the-green-brand/pipe-pipa-pizza-silicona-hierbas,1,1,GrowBarato Chile,10800,10800,0,GrowBarato Chile,GrowBarato Chile,true,true,2026-05-18T16:41:23.397Z,Pipa Pizza de Silicona para Hierbas - GB The Green Brand
5890,Pulsar Pipa Core Spoon 11 cm,Pipas,Pulsar,pulsar,core-spoon-11cm,core-spoon-11cm,/productos/pulsar/core-spoon-11cm,1,1,Fumetas,10990,10990,0,Fumetas,Fumetas,true,true,2026-05-18T14:18:16.491Z,Pulsar Pipa Core Spoon 11 cm
5893,"Pulsar Hitter Vidrio y Madera 10,2 cm",Pipas,Pulsar,pulsar,hitter-vidrio-madera-10-2cm,hitter-vidrio-madera-10-2cm,/productos/pulsar/hitter-vidrio-madera-10-2cm,1,1,Fumetas,10990,10990,0,Fumetas,Fumetas,true,true,2026-05-18T14:11:00.487Z,"Pulsar Hitter Vidrio y Madera 10,2 cm"
5982,Bandeja RAW metálica Girl - Grande,Bandejas y ceniceros,RAW,raw,tray-metalica-girl-grande-https-grande,tray-metalica-girl-grande-https-grande,/productos/raw/tray-metalica-girl-grande-https-grande,1,1,Fumetas,10990,10990,0,Fumetas,Fumetas,true,true,2026-05-09T06:26:44.468Z,Bandeja RAW metálica Girl - Grande
6291,Quemador Wax Hembra Bowl 18Mm 18Mm-Bonglab,Repuestos para bongs y vaporizadores,BONGLAB,bonglab,banger-bowl-hembra-18mm,banger-bowl-hembra-18mm,/productos/bonglab/banger-bowl-hembra-18mm,1,1,Astro Growshop,10990,10990,0,Astro Growshop,Astro Growshop,true,true,2026-05-08T06:12:09.785Z,Quemador Wax Hembra Bowl 18Mm 18Mm-Bonglab
6154,Moledor Metálico Bulldog 4,Moledores,BULLDOG,the-bulldog,grinder-metal,grinder-metal,/productos/the-bulldog/grinder-metal,2,1,Piranha,11694,24990,114,Piranha,Piranha,true,true,2026-05-18T15:36:20.504Z,Moledor Metálico Bulldog 4 | Moledor metálico Bulldog de 4 partes
5964,Galaxy Stardust cenicero de metal,Bandejas y ceniceros,GALAXY,galaxy,bandejas-stardust-cenicero-metal-https,bandejas-stardust-cenicero-metal-https,/productos/galaxy/bandejas-stardust-cenicero-metal-https,1,1,GrowBarato Chile,11700,11700,0,GrowBarato Chile,GrowBarato Chile,true,true,2026-05-09T06:06:14.113Z,Galaxy Stardust cenicero de metal
5958,Pulsar Nectar Dab Straw Full Color 25 cm,Accesorios de extraccion,Pulsar,pulsar,nectar-collector-straw-25cm,nectar-collector-straw-25cm,/productos/pulsar/nectar-collector-straw-25cm,2,1,Fumetas,11990,19990,67,Fumetas,Fumetas,true,true,2026-05-13T20:26:26.367Z,Pulsar Nectar Dab Straw Full Color 25 cm | Pulsar Nectar Quartz Dab Straw 25 cm
5813,Recarga Vaporizador Svopp Oxbar Grape Ice P25000 | PIRANHA,Vaporizadores electronicos,,oxbar,disposable-oxbar-p25000,disposable-oxbar-p25000,/productos/oxbar/disposable-oxbar-p25000,1,1,Piranha,11993,11993,0,Piranha,Piranha,true,true,2026-05-18T15:36:21.393Z,Recarga Vaporizador Svopp Oxbar Grape Ice P25000 | PIRANHA
6000,Km3 Clear-Bonglab,Bongs,BONGLAB,bonglab,bongs-km3-clear-https-astrogrowshop-cl,bongs-km3-clear-https-astrogrowshop-cl,/productos/bonglab/bongs-km3-clear-https-astrogrowshop-cl,1,1,Astro Growshop,12790,12790,0,Astro Growshop,Astro Growshop,true,true,2026-05-18T06:45:48.980Z,Km3 Clear-Bonglab
6136,Moledor Gizeh Tornasol 50mm,Moledores,Gizeh,gizeh,grinder-tornasol-50mm,grinder-tornasol-50mm,/productos/gizeh/grinder-tornasol-50mm,1,1,Fumetas,12990,12990,0,Fumetas,Fumetas,true,true,2026-05-18T14:22:25.423Z,Moledor Gizeh Tornasol 50mm
6305,Contenedor 8 Cápsulas Monodosis Storz &amp; Bickel,Repuestos para bongs y vaporizadores,Storz & Bickel,storz-bickel,container-capsulas-monodosis,container-capsulas-monodosis,/productos/storz-bickel/container-capsulas-monodosis,1,1,Fumetas,12990,12990,0,Fumetas,Fumetas,true,true,2026-05-08T23:14:54.678Z,Contenedor 8 Cápsulas Monodosis Storz &amp; Bickel
6202,Calvo Pipa 3 Circles Spoon 11cm,Pipas,Calvo Glass,calvo,pipe-glass-pipa-circles-spoon-11cm,pipe-glass-pipa-circles-spoon-11cm,/productos/calvo/pipe-glass-pipa-circles-spoon-11cm,1,1,Fumetas,13041,13041,0,Fumetas,Fumetas,true,true,2026-05-18T14:18:13.224Z,Calvo Pipa 3 Circles Spoon 11cm
6201,Calvo Glass Pipa Twist Spoon 11cm,Pipas,Calvo Glass,calvo,pipe-glass-glass-pipa-twist-11cm,pipe-glass-glass-pipa-twist-11cm,/productos/calvo/pipe-glass-glass-pipa-twist-11cm,1,1,Fumetas,13041,13041,0,Fumetas,Fumetas,true,true,2026-05-18T14:18:12.562Z,Calvo Glass Pipa Twist Spoon 11cm
6203,Calvo Glass Pipa Screen 10 cm,Pipas,CALVO,calvo,pipe-glass-pipa-screen-10cm-10cm,pipe-glass-pipa-screen-10cm-10cm,/productos/calvo/pipe-glass-pipa-screen-10cm-10cm,1,1,Fumetas,13041,13041,0,Fumetas,Fumetas,true,true,2026-05-18T14:18:10.608Z,Calvo Glass Pipa Screen 10 cm
6205,Filter Hitter Cabo - GB The Green Brand,Pipas,CABO,gb-the-green-brand,pipas-cabo-filter-hitter-cabo,pipas-cabo-filter-hitter-cabo,/productos/gb-the-green-brand/pipas-cabo-filter-hitter-cabo,1,1,GrowBarato Chile,13500,13500,0,GrowBarato Chile,GrowBarato Chile,true,true,2026-05-18T14:27:21.617Z,Filter Hitter Cabo - GB The Green Brand
6153,Moledor Bulldog 50mm 3 pisos,Moledores,The Bulldog Amsterdam,the-bulldog,grinder-50mm-60mm,grinder-50mm-60mm,/productos/the-bulldog/grinder-50mm-60mm,1,1,Fumetas,13790,13790,0,Fumetas,Fumetas,true,true,2026-05-18T14:22:18.582Z,Moledor Bulldog 50mm 3 pisos
6217,Pipa 4.5&quot; Pyrex Megaton 75- Top Smoke,Pipas,TOP SMOKE,top-smoke,pipe-pipa-4-5-quot-pyrex,pipe-pipa-4-5-quot-pyrex,/productos/top-smoke/pipe-pipa-4-5-quot-pyrex,1,1,Astro Growshop,13990,13990,0,Astro Growshop,Astro Growshop,true,true,2026-05-18T14:21:41.728Z,Pipa 4.5&quot; Pyrex Megaton 75- Top Smoke
6267,Pipa Pyrex Nitro 1- Top Smoke,Pipas,TOP SMOKE,top-smoke,pipe-pipa-pyrex-nitro-https,pipe-pipa-pyrex-nitro-https,/productos/top-smoke/pipe-pipa-pyrex-nitro-https,1,1,Astro Growshop,13990,13990,0,Astro Growshop,Astro Growshop,true,true,2026-05-18T14:08:04.996Z,Pipa Pyrex Nitro 1- Top Smoke
6266,Pipa Pyrex Nightfall 116- Top Smoke,Pipas,TOP SMOKE,top-smoke,pipe-pipa-pyrex-nightfall-116,pipe-pipa-pyrex-nightfall-116,/productos/top-smoke/pipe-pipa-pyrex-nightfall-116,1,1,Astro Growshop,13990,13990,0,Astro Growshop,Astro Growshop,true,true,2026-05-18T14:08:03.587Z,Pipa Pyrex Nightfall 116- Top Smoke
6260,Pipa Pyrex Krypton 6- Top Smoke,Pipas,TOP SMOKE,top-smoke,pipe-pipa-pyrex-krypton-https,pipe-pipa-pyrex-krypton-https,/productos/top-smoke/pipe-pipa-pyrex-krypton-https,1,1,Astro Growshop,13990,13990,0,Astro Growshop,Astro Growshop,true,true,2026-05-18T14:07:58.393Z,Pipa Pyrex Krypton 6- Top Smoke
6254,Pipa Pyrex Hyperion 36- Top Smoke,Pipas,TOP SMOKE,top-smoke,pipe-pipa-pyrex-hyperion-https,pipe-pipa-pyrex-hyperion-https,/productos/top-smoke/pipe-pipa-pyrex-hyperion-https,1,1,Astro Growshop,13990,13990,0,Astro Growshop,Astro Growshop,true,true,2026-05-18T14:07:52.010Z,Pipa Pyrex Hyperion 36- Top Smoke
6252,Pipa Pyrex Hologram 28- Top Smoke,Pipas,TOP SMOKE,top-smoke,pipe-pipa-pyrex-hologram-https,pipe-pipa-pyrex-hologram-https,/productos/top-smoke/pipe-pipa-pyrex-hologram-https,1,1,Astro Growshop,13990,13990,0,Astro Growshop,Astro Growshop,true,true,2026-05-18T14:07:50.185Z,Pipa Pyrex Hologram 28- Top Smoke
6249,Pipa Pyrex Helix 89- Top Smoke,Pipas,TOP SMOKE,top-smoke,pipe-pipa-pyrex-helix-https,pipe-pipa-pyrex-helix-https,/productos/top-smoke/pipe-pipa-pyrex-helix-https,1,1,Astro Growshop,13990,13990,0,Astro Growshop,Astro Growshop,true,true,2026-05-18T14:07:46.690Z,Pipa Pyrex Helix 89- Top Smoke
6248,Pipa Pyrex Havokid 119- Top Smoke,Pipas,TOP SMOKE,top-smoke,pipe-pipa-pyrex-havokid-119,pipe-pipa-pyrex-havokid-119,/productos/top-smoke/pipe-pipa-pyrex-havokid-119,1,1,Astro Growshop,13990,13990,0,Astro Growshop,Astro Growshop,true,true,2026-05-18T14:07:45.838Z,Pipa Pyrex Havokid 119- Top Smoke
6247,Pipa Pyrex Havocrush 59- Top Smoke,Pipas,TOP SMOKE,top-smoke,pipe-pipa-pyrex-havocrush-https,pipe-pipa-pyrex-havocrush-https,/productos/top-smoke/pipe-pipa-pyrex-havocrush-https,1,1,Astro Growshop,13990,13990,0,Astro Growshop,Astro Growshop,true,true,2026-05-18T14:07:44.982Z,Pipa Pyrex Havocrush 59- Top Smoke
6246,Pipa Pyrex Havocron 92- Top Smoke,Pipas,TOP SMOKE,top-smoke,pipe-pipa-pyrex-havocron-https,pipe-pipa-pyrex-havocron-https,/productos/top-smoke/pipe-pipa-pyrex-havocron-https,1,1,Astro Growshop,13990,13990,0,Astro Growshop,Astro Growshop,true,true,2026-05-18T14:07:44.120Z,Pipa Pyrex Havocron 92- Top Smoke
6238,Pipa Pyrex Exile 63- Top Smoke,Pipas,TOP SMOKE,top-smoke,pipe-pipa-pyrex-exile-https,pipe-pipa-pyrex-exile-https,/productos/top-smoke/pipe-pipa-pyrex-exile-https,1,1,Astro Growshop,13990,13990,0,Astro Growshop,Astro Growshop,true,true,2026-05-18T14:07:38.231Z,Pipa Pyrex Exile 63- Top Smoke
6229,Pipa Pyrex Cyclonix 78- Top Smoke,Pipas,TOP SMOKE,top-smoke,pipe-pipa-pyrex-cyclonix-https,pipe-pipa-pyrex-cyclonix-https,/productos/top-smoke/pipe-pipa-pyrex-cyclonix-https,1,1,Astro Growshop,13990,13990,0,Astro Growshop,Astro Growshop,true,true,2026-05-18T14:07:29.693Z,Pipa Pyrex Cyclonix 78- Top Smoke
6226,Pipa Pyrex Chaos 19- Top Smoke,Pipas,TOP SMOKE,top-smoke,pipe-pipa-pyrex-chaos-https,pipe-pipa-pyrex-chaos-https,/productos/top-smoke/pipe-pipa-pyrex-chaos-https,1,1,Astro Growshop,13990,13990,0,Astro Growshop,Astro Growshop,true,true,2026-05-18T14:07:26.260Z,Pipa Pyrex Chaos 19- Top Smoke
6220,Pipa Pyrex Berserk 57- Top Smoke,Pipas,TOP SMOKE,top-smoke,pipe-pipa-pyrex-berserk-https,pipe-pipa-pyrex-berserk-https,/productos/top-smoke/pipe-pipa-pyrex-berserk-https,1,1,Astro Growshop,13990,13990,0,Astro Growshop,Astro Growshop,true,true,2026-05-18T14:07:20.539Z,Pipa Pyrex Berserk 57- Top Smoke
6278,Pipa Pyrex Outrage 120- Top Smoke,Pipas,TOP SMOKE,top-smoke,pipe-pipa-pyrex-outrage-120,pipe-pipa-pyrex-outrage-120,/productos/top-smoke/pipe-pipa-pyrex-outrage-120,1,1,Astro Growshop,13990,13990,0,Astro Growshop,Astro Growshop,true,true,2026-05-09T05:53:47.446Z,Pipa Pyrex Outrage 120- Top Smoke
6275,Pipa Pyrex Omega 12- Top Smoke,Pipas,TOP SMOKE,top-smoke,pipe-pipa-pyrex-omega-https,pipe-pipa-pyrex-omega-https,/productos/top-smoke/pipe-pipa-pyrex-omega-https,1,1,Astro Growshop,13990,13990,0,Astro Growshop,Astro Growshop,true,true,2026-05-09T05:53:43.958Z,Pipa Pyrex Omega 12- Top Smoke
6274,Pipa Pyrex Oblivion 41- Top Smoke,Pipas,TOP SMOKE,top-smoke,pipe-pipa-pyrex-oblivion-https,pipe-pipa-pyrex-oblivion-https,/productos/top-smoke/pipe-pipa-pyrex-oblivion-https,1,1,Astro Growshop,13990,13990,0,Astro Growshop,Astro Growshop,true,true,2026-05-09T05:53:43.066Z,Pipa Pyrex Oblivion 41- Top Smoke
6271,Pipa Pyrex Nitrovolt 90- Top Smoke,Pipas,TOP SMOKE,top-smoke,pipe-pipa-pyrex-nitrovolt-https,pipe-pipa-pyrex-nitrovolt-https,/productos/top-smoke/pipe-pipa-pyrex-nitrovolt-https,1,1,Astro Growshop,13990,13990,0,Astro Growshop,Astro Growshop,true,true,2026-05-09T05:53:39.616Z,Pipa Pyrex Nitrovolt 90- Top Smoke
5861,Bong Cristal Mini Bonglab 8-17cm,Bongs,BongLab,bonglab,cristal-mini,cristal-mini,/productos/bonglab/cristal-mini,1,1,GrowBarato Chile,14400,14400,0,GrowBarato Chile,GrowBarato Chile,true,true,2026-05-09T06:05:48.591Z,Bong Cristal Mini para marihuana 8-17 cm
6306,Storz &amp; Bickel Set de Boquillas Venty - 4 Unidades,Repuestos para bongs y vaporizadores,Storz & Bickel,storz-bickel,filter-venty,filter-venty,/productos/storz-bickel/filter-venty,1,1,Fumetas,14790,14790,0,Fumetas,Fumetas,true,true,2026-05-09T05:58:41.739Z,Storz &amp; Bickel Set de Boquillas Venty - 4 Unidades
5973,Bandeja Bamboo OCB Rolling Tray 23x18cm | PIRANHA,Bandejas y ceniceros,OCB,ocb,tray-bamboo-rolling-tray-23cm-18cm-23cm,tray-bamboo-rolling-tray-23cm-18cm-23cm,/productos/ocb/tray-bamboo-rolling-tray-23cm-18cm-23cm,1,1,Piranha,14932,14932,0,Piranha,Piranha,true,true,2026-05-08T22:07:52.662Z,Bandeja Bamboo OCB Rolling Tray 23x18cm | PIRANHA
5912,Hemper Smoke Fiends Filtro de Reemplazo Juice The Pineapple,Filtros y boquillas,Hemper,hemper,filtro-reemplazo-juice-pineapple,filtro-reemplazo-juice-pineapple,/productos/hemper/filtro-reemplazo-juice-pineapple,1,1,Piranha,14951,14951,0,Piranha,Piranha,true,true,2026-05-08T22:07:50.159Z,Hemper Smoke Fiends Filtro de Reemplazo Juice The Pineapple | PIRANHA
5957,Pulsar Nectar Dab Straw 15 cm + Spin Pearl,Accesorios de extraccion,Pulsar,pulsar,nectar-collector-straw-15cm,nectar-collector-straw-15cm,/productos/pulsar/nectar-collector-straw-15cm,2,1,Fumetas,14990,19990,33,Fumetas,Fumetas,true,true,2026-05-13T20:26:26.473Z,Pulsar Nectar Dab Straw 15 cm + Spin Pearl | Pulsar Nectar Quartz &amp; Rosewood Dab Straw 15 cm
5884,MJ Arsenal Hitter Chillum 9 cm,Pipas,MJ Arsenal,mj-arsenal,hitter-chillum-9cm,hitter-chillum-9cm,/productos/mj-arsenal/hitter-chillum-9cm,1,1,Fumetas,15291,15291,0,Fumetas,Fumetas,true,true,2026-05-18T14:18:14.570Z,MJ Arsenal Hitter Chillum 9 cm
5865,Bonglab Prisma,Bongs,BongLab,bonglab,prisma,prisma,/productos/bonglab/prisma,1,1,GrowBarato Chile,15300,15300,0,GrowBarato Chile,GrowBarato Chile,true,true,2026-05-14T13:49:03.114Z,Bonglab Prisma
6289,Pipa Pyrex Voltage X 70- Top Smoke,Pipas,TOP SMOKE,top-smoke,pipe-pipa-pyrex-voltage-https,pipe-pipa-pyrex-voltage-https,/productos/top-smoke/pipe-pipa-pyrex-voltage-https,1,1,Astro Growshop,15990,15990,0,Astro Growshop,Astro Growshop,true,true,2026-05-18T14:21:44.830Z,Pipa Pyrex Voltage X 70- Top Smoke
6258,Pipa Pyrex Killshot 103- Top Smoke,Pipas,TOP SMOKE,top-smoke,pipe-pipa-pyrex-killshot-103,pipe-pipa-pyrex-killshot-103,/productos/top-smoke/pipe-pipa-pyrex-killshot-103,1,1,Astro Growshop,15990,15990,0,Astro Growshop,Astro Growshop,true,true,2026-05-18T14:07:56.199Z,Pipa Pyrex Killshot 103- Top Smoke
6256,Pipa Pyrex Inferno 5- Top Smoke,Pipas,TOP SMOKE,top-smoke,pipe-pipa-pyrex-inferno-https,pipe-pipa-pyrex-inferno-https,/productos/top-smoke/pipe-pipa-pyrex-inferno-https,1,1,Astro Growshop,15990,15990,0,Astro Growshop,Astro Growshop,true,true,2026-05-18T14:07:54.529Z,Pipa Pyrex Inferno 5- Top Smoke
6253,Pipa Pyrex Hyperblast 105- Top Smoke,Pipas,TOP SMOKE,top-smoke,pipe-pipa-pyrex-hyperblast-105,pipe-pipa-pyrex-hyperblast-105,/productos/top-smoke/pipe-pipa-pyrex-hyperblast-105,1,1,Astro Growshop,15990,15990,0,Astro Growshop,Astro Growshop,true,true,2026-05-18T14:07:51.050Z,Pipa Pyrex Hyperblast 105- Top Smoke
6250,Pipa Pyrex Hellstorm 112- Top Smoke,Pipas,TOP SMOKE,top-smoke,pipe-pipa-pyrex-hellstorm-112,pipe-pipa-pyrex-hellstorm-112,/productos/top-smoke/pipe-pipa-pyrex-hellstorm-112,1,1,Astro Growshop,15990,15990,0,Astro Growshop,Astro Growshop,true,true,2026-05-18T14:07:47.639Z,Pipa Pyrex Hellstorm 112- Top Smoke
6242,Pipa Pyrex Frostbite 68- Top Smoke,Pipas,TOP SMOKE,top-smoke,pipe-pipa-pyrex-frostbite-https,pipe-pipa-pyrex-frostbite-https,/productos/top-smoke/pipe-pipa-pyrex-frostbite-https,1,1,Astro Growshop,15990,15990,0,Astro Growshop,Astro Growshop,true,true,2026-05-18T14:07:41.589Z,Pipa Pyrex Frostbite 68- Top Smoke
6235,Pipa Pyrex Dominionx 96- Top Smoke,Pipas,TOP SMOKE,top-smoke,pipe-pipa-pyrex-dominionx-https,pipe-pipa-pyrex-dominionx-https,/productos/top-smoke/pipe-pipa-pyrex-dominionx-https,1,1,Astro Growshop,15990,15990,0,Astro Growshop,Astro Growshop,true,true,2026-05-18T14:07:35.603Z,Pipa Pyrex Dominionx 96- Top Smoke
6233,Pipa Pyrex Delta 22- Top Smoke,Pipas,TOP SMOKE,top-smoke,pipe-pipa-pyrex-delta-https,pipe-pipa-pyrex-delta-https,/productos/top-smoke/pipe-pipa-pyrex-delta-https,1,1,Astro Growshop,15990,15990,0,Astro Growshop,Astro Growshop,true,true,2026-05-18T14:07:34.049Z,Pipa Pyrex Delta 22- Top Smoke
6228,Pipa Pyrex Cyclone 9- Top Smoke,Pipas,TOP SMOKE,top-smoke,pipe-pipa-pyrex-cyclone-https,pipe-pipa-pyrex-cyclone-https,/productos/top-smoke/pipe-pipa-pyrex-cyclone-https,1,1,Astro Growshop,15990,15990,0,Astro Growshop,Astro Growshop,true,true,2026-05-18T14:07:27.954Z,Pipa Pyrex Cyclone 9- Top Smoke
6224,Pipa Pyrex Carbonix 67- Top Smoke,Pipas,TOP SMOKE,top-smoke,pipe-pipa-pyrex-carbonix-https,pipe-pipa-pyrex-carbonix-https,/productos/top-smoke/pipe-pipa-pyrex-carbonix-https,1,1,Astro Growshop,15990,15990,0,Astro Growshop,Astro Growshop,true,true,2026-05-18T14:07:23.583Z,Pipa Pyrex Carbonix 67- Top Smoke
6285,Pipa Pyrex Phantom 4- Top Smoke,Pipas,TOP SMOKE,top-smoke,pipe-pipa-pyrex-phantom-https,pipe-pipa-pyrex-phantom-https,/productos/top-smoke/pipe-pipa-pyrex-phantom-https,1,1,Astro Growshop,15990,15990,0,Astro Growshop,Astro Growshop,true,true,2026-05-09T05:53:54.056Z,Pipa Pyrex Phantom 4- Top Smoke
6283,Pipa Pyrex Overlord 104- Top Smoke,Pipas,TOP SMOKE,top-smoke,pipe-pipa-pyrex-overlord-104,pipe-pipa-pyrex-overlord-104,/productos/top-smoke/pipe-pipa-pyrex-overlord-104,1,1,Astro Growshop,15990,15990,0,Astro Growshop,Astro Growshop,true,true,2026-05-09T05:53:51.823Z,Pipa Pyrex Overlord 104- Top Smoke
6277,Pipa Pyrex Outlaw 49- Top Smoke,Pipas,TOP SMOKE,top-smoke,pipe-pipa-pyrex-outlaw-https,pipe-pipa-pyrex-outlaw-https,/productos/top-smoke/pipe-pipa-pyrex-outlaw-https,1,1,Astro Growshop,15990,15990,0,Astro Growshop,Astro Growshop,true,true,2026-05-09T05:53:46.501Z,Pipa Pyrex Outlaw 49- Top Smoke
6276,Pipa Pyrex Outbreak 91- Top Smoke,Pipas,TOP SMOKE,top-smoke,pipe-pipa-pyrex-outbreak-https,pipe-pipa-pyrex-outbreak-https,/productos/top-smoke/pipe-pipa-pyrex-outbreak-https,1,1,Astro Growshop,15990,15990,0,Astro Growshop,Astro Growshop,true,true,2026-05-09T05:53:45.523Z,Pipa Pyrex Outbreak 91- Top Smoke
6003,Prisma Clear-Bonglab,Bongs,BONGLAB,bonglab,bongs-prisma-clear-https-astrogrowshop-cl,bongs-prisma-clear-https-astrogrowshop-cl,/productos/bonglab/bongs-prisma-clear-https-astrogrowshop-cl,1,1,Astro Growshop,16190,16190,0,Astro Growshop,Astro Growshop,true,true,2026-05-14T13:46:39.495Z,Prisma Clear-Bonglab
5814,Vaporizador Oxbar Liso P28000 Blue Razz Ice 5% | PIRANHA,Vaporizadores electronicos,,oxbar,disposable-oxbar-p28000,disposable-oxbar-p28000,/productos/oxbar/disposable-oxbar-p28000,1,1,Piranha,16244,16244,0,Piranha,Piranha,true,true,2026-05-18T15:36:21.382Z,Vaporizador Oxbar Liso P28000 Blue Razz Ice 5% | PIRANHA
5812,Vaper Airis Neo P8000 - Strawberry Cream | PIRANHA,Vaporizadores electronicos,AIRIS,airis,disposable-neo-p8000-strawberry-cream,disposable-neo-p8000-strawberry-cream,/productos/airis/disposable-neo-p8000-strawberry-cream,1,1,Piranha,16244,16244,0,Piranha,Piranha,true,true,2026-05-14T13:55:30.454Z,Vaper Airis Neo P8000 - Strawberry Cream | PIRANHA
6137,Moledor Gizeh Tornasol 60mm,Moledores,Gizeh,gizeh,grinder-tornasol-60mm,grinder-tornasol-60mm,/productos/gizeh/grinder-tornasol-60mm,1,1,Fumetas,16990,16990,0,Fumetas,Fumetas,true,true,2026-05-18T14:22:25.718Z,Moledor Gizeh Tornasol 60mm
5994,BongLab Bong KM3 Clear 12cm,Bongs,BongLab,bonglab,bong-km3-clear-12cm-https-12cm,bong-km3-clear-12cm-https-12cm,/productos/bonglab/bong-km3-clear-12cm-https-12cm,1,1,Fumetas,16990,16990,0,Fumetas,Fumetas,true,true,2026-05-18T06:49:26.526Z,BongLab Bong KM3 Clear 12cm
5806,Mr Pipe Cleaner 1 Litro,Limpieza,Mr Pipe Cleaner,mr-pipe-cleaner,cleaner-pipe-1l,cleaner-pipe-1l,/productos/mr-pipe-cleaner/cleaner-pipe-1l,1,1,Fumetas,16990,16990,0,Fumetas,Fumetas,true,true,2026-05-08T22:07:19.915Z,Mr Pipe Cleaner 1 Litro
6166,Vela RAW de Cáñamo Neutralizadora de Olores,Otros parafernalia,RAW,raw,candle-canamo,candle-canamo,/productos/raw/candle-canamo,1,1,Piranha,16992,16992,0,Piranha,Piranha,true,true,2026-05-08T22:07:52.825Z,Vela RAW de Cáñamo Neutralizadora de Olores
6200,Cabo Pipa Filter Hitter 8cm,Pipas,Cabo,cabo,pipe-pipa-filter-hitter-8cm-8cm,pipe-pipa-filter-hitter-8cm-8cm,/productos/cabo/pipe-pipa-filter-hitter-8cm-8cm,1,1,Fumetas,17091,17091,0,Fumetas,Fumetas,true,true,2026-05-18T14:18:09.942Z,Cabo Pipa Filter Hitter 8cm
6132,Moledor Diamond 4 partes┃Varios colores en Growbarato✅,Moledores,,gb-the-green-brand,grinder-diamond,grinder-diamond,/productos/gb-the-green-brand/grinder-diamond,1,1,GrowBarato Chile,17100,17100,0,GrowBarato Chile,GrowBarato Chile,true,true,2026-05-18T16:41:22.798Z,Moledor Diamond 4 partes┃Varios colores en Growbarato✅
5862,Bong R2 Bonglab 17cm,Bongs,BongLab,bonglab,r2-17cm,r2-17cm,/productos/bonglab/r2-17cm,1,1,GrowBarato Chile,17600,17600,0,GrowBarato Chile,GrowBarato Chile,true,true,2026-05-09T06:52:13.759Z,Bong R2 Bonglab 17cm - Una experiencia de fumado excepcional
5886,MJ Arsenal Pipa Pioneer 9.5cm,Pipas,MJ Arsenal,mj-arsenal,pioneer-9-5cm,pioneer-9-5cm,/productos/mj-arsenal/pioneer-9-5cm,1,1,Fumetas,17991,17991,0,Fumetas,Fumetas,true,true,2026-05-18T14:18:15.494Z,MJ Arsenal Pipa Pioneer 9.5cm
5894,Pulsar Hitter Dugout Aluminio,Pipas,Pulsar,pulsar,hitter-dugout-aluminio,hitter-dugout-aluminio,/productos/pulsar/hitter-dugout-aluminio,1,1,Fumetas,17991,17991,0,Fumetas,Fumetas,true,true,2026-05-18T14:11:09.715Z,Pulsar Hitter Dugout Aluminio
6214,Pipa Kuban PieceMaker 11cm (Color a elección) | PIRANHA,Pipas,PIECEMAKER,piecemaker,pipe-pipa-kuban-11cm-eleccion-11cm,pipe-pipa-kuban-11cm-eleccion-11cm,/productos/piecemaker/pipe-pipa-kuban-11cm-eleccion-11cm,1,1,Piranha,18743,18743,0,Piranha,Piranha,true,true,2026-05-08T21:54:26.379Z,Pipa Kuban PieceMaker 11cm (Color a elección) | PIRANHA
5891,Pulsar Pipa Core Sherlock 11 cm,Pipas,Pulsar,pulsar,core-sherlock-11cm,core-sherlock-11cm,/productos/pulsar/core-sherlock-11cm,1,1,Fumetas,18891,18891,0,Fumetas,Fumetas,true,true,2026-05-18T14:18:16.169Z,Pulsar Pipa Core Sherlock 11 cm
5946,Banger Regular Full Weld 14 mm Calvo Glass,Accesorios de extraccion,CALVO,calvo,banger-full-weld-regular-14mm-regular,banger-full-weld-regular-14mm-regular,/productos/calvo/banger-full-weld-regular-14mm-regular,1,1,GrowBarato Chile,18900,18900,0,GrowBarato Chile,GrowBarato Chile,true,true,2026-05-09T06:36:01.007Z,Banger Regular Full Weld 14 mm Calvo Glass
5823,Hemper Tech Tapones de Limpieza + Caps Pro | PIRANHA,Limpieza,HEMPER,hemper,caps,caps,/productos/hemper/caps,1,1,Piranha,18991,18991,0,Piranha,Piranha,true,true,2026-05-08T21:54:27.488Z,Hemper Tech Tapones de Limpieza + Caps Pro | PIRANHA
6042,Bong Cápsula Espacial Fluorescente de Silicona - GB The Green Brand,Bongs,,gb-the-green-brand,bong-capsula-espacial-fluorescente-silicona,bong-capsula-espacial-fluorescente-silicona,/productos/gb-the-green-brand/bong-capsula-espacial-fluorescente-silicona,1,1,GrowBarato Chile,19400,19400,0,GrowBarato Chile,GrowBarato Chile,true,true,2026-05-18T16:41:23.602Z,Bong Cápsula Espacial Fluorescente de Silicona - GB The Green Brand
5959,Bandeja - Eyce,Bandejas y ceniceros,EYCE,eyce,tray-https-piranha-cl-inicio-2534,tray-https-piranha-cl-inicio-2534,/productos/eyce/tray-https-piranha-cl-inicio-2534,1,1,Piranha,19494,19494,0,Piranha,Piranha,true,true,2026-05-08T21:54:19.912Z,Bandeja - Eyce
6211,"Pipa Grav Bubble Trap 4""",Pipas,GRAV,grav,pipe-pipa-bubble-trap-https,pipe-pipa-bubble-trap-https,/productos/grav/pipe-pipa-bubble-trap-https,1,1,Piranha,19494,19494,0,Piranha,Piranha,true,true,2026-05-08T21:53:58.785Z,"Pipa Grav Bubble Trap 4"""
5956,Pulsar Nectar Deco Dab Straw,Accesorios de extraccion,Pulsar,pulsar,nectar-collector-straw,nectar-collector-straw,/productos/pulsar/nectar-collector-straw,1,1,Fumetas,19990,19990,0,Fumetas,Fumetas,true,true,2026-05-13T20:26:26.331Z,Pulsar Nectar Deco Dab Straw
5954,Calvo Glass Banger Full Weld Thin Slurper - Macho 14mm,Accesorios de extraccion,Calvo Glass,calvo,banger-thin-slurper-macho-14mm,banger-thin-slurper-macho-14mm,/productos/calvo/banger-thin-slurper-macho-14mm,1,1,Fumetas,19990,19990,0,Fumetas,Fumetas,true,true,2026-05-09T05:58:13.022Z,Calvo Glass Banger Full Weld Thin Slurper - Macho 14mm
5939,Calvo Glass Banger Full Weld Big Slurper - Macho 14mm,Accesorios de extraccion,Calvo Glass,calvo,banger-big-slurper-macho-14mm,banger-big-slurper-macho-14mm,/productos/calvo/banger-big-slurper-macho-14mm,1,1,Fumetas,19990,19990,0,Fumetas,Fumetas,true,true,2026-05-09T05:58:12.015Z,Calvo Glass Banger Full Weld Big Slurper - Macho 14mm
6303,MJ Arsenal Quemador Heart Flower Macho 14mm,Repuestos para bongs y vaporizadores,MJ Arsenal,mj-arsenal,banger-quemador-macho-14mm,banger-quemador-macho-14mm,/productos/mj-arsenal/banger-quemador-macho-14mm,1,1,Fumetas,19990,19990,0,Fumetas,Fumetas,true,true,2026-05-08T22:04:49.259Z,MJ Arsenal Quemador Heart Flower Macho 14mm
6126,Moledor Aluminio G-Rollz 4 Partes 5cm | PIRANHA,Moledores,G-ROLLZ,g-rollz,grinder-metal-5cm,grinder-metal-5cm,/productos/g-rollz/grinder-metal-5cm,1,1,Piranha,19992,19992,0,Piranha,Piranha,true,true,2026-05-18T14:25:49.946Z,Moledor Aluminio G-Rollz 4 Partes 5cm | PIRANHA
6054,PMG Bong Kali Go 23cm,Bongs,Piece Maker Gear,piecemaker,bong-piece-maker-gear-pmg-23cm,bong-piece-maker-gear-pmg-23cm,/productos/piecemaker/bong-piece-maker-gear-pmg-23cm,1,1,Fumetas,20153,20153,0,Fumetas,Fumetas,true,true,2026-05-08T06:14:16.166Z,PMG Bong Kali Go 23cm
6046,Bong Portátil de Silicona GB para Cannabis - GB The Green Brand,Bongs,,gb-the-green-brand,bong-portatil-silicona-cannabis-https,bong-portatil-silicona-cannabis-https,/productos/gb-the-green-brand/bong-portatil-silicona-cannabis-https,1,1,GrowBarato Chile,20600,20600,0,GrowBarato Chile,GrowBarato Chile,true,true,2026-05-18T16:41:23.324Z,Bong Portátil de Silicona GB para Cannabis - GB The Green Brand
5953,Calvo Glass Banger Thin Slurper Full Weld Macho 10mm,Accesorios de extraccion,Calvo Glass,calvo,banger-thin-slurper-macho-10mm-regular,banger-thin-slurper-macho-10mm-regular,/productos/calvo/banger-thin-slurper-macho-10mm-regular,1,1,Fumetas,20990,20990,0,Fumetas,Fumetas,true,true,2026-05-09T05:58:08.289Z,Calvo Glass Banger Thin Slurper Full Weld Macho 10mm
5947,Calvo Glass Banger Full Weld Regular Macho 10mm,Accesorios de extraccion,Calvo,calvo,banger-full-weld-regular-macho-10mm-regular,banger-full-weld-regular-macho-10mm-regular,/productos/calvo/banger-full-weld-regular-macho-10mm-regular,1,1,Fumetas,20990,20990,0,Fumetas,Fumetas,true,true,2026-05-09T05:58:07.331Z,Calvo Glass Banger Full Weld Regular Macho 10mm
5974,Caja Con Bandeja 20X7X10Cm 1U-Ocb,Bandejas y ceniceros,OCB,ocb,tray-caja-20x7x10cm-https-astrogrowshop-cl,tray-caja-20x7x10cm-https-astrogrowshop-cl,/productos/ocb/tray-caja-20x7x10cm-https-astrogrowshop-cl,1,1,Astro Growshop,20990,20990,0,Astro Growshop,Astro Growshop,true,true,2026-05-09T05:51:58.442Z,Caja Con Bandeja 20X7X10Cm 1U-Ocb
5880,Pulsar Kit Nectar Contenedor,Contenedores y estuches,Pulsar,pulsar,nectar-kit,nectar-kit,/productos/pulsar/nectar-kit,1,1,Fumetas,20990,20990,0,Fumetas,Fumetas,true,true,2026-05-07T22:32:13.735Z,Pulsar Kit Nectar Contenedor
6078,Soplete Compact Ignite - GB The Green Brand,Encendedores y sopletes,IGNITE,gb-the-green-brand,lighter-ignite-soplete-compact-ignite,lighter-ignite-soplete-compact-ignite,/productos/gb-the-green-brand/lighter-ignite-soplete-compact-ignite,1,1,GrowBarato Chile,21600,21600,0,GrowBarato Chile,GrowBarato Chile,true,true,2026-05-09T06:07:00.723Z,Soplete Compact Ignite - GB The Green Brand
6215,PieceMaker Pipa Kuban 11 cm,Pipas,PieceMaker,piecemaker,pipe-pipa-kuban-11cm-https-11cm,pipe-pipa-kuban-11cm-https-11cm,/productos/piecemaker/pipe-pipa-kuban-11cm-https-11cm,1,1,Fumetas,21990,21990,0,Fumetas,Fumetas,true,true,2026-05-18T14:22:16.645Z,PieceMaker Pipa Kuban 11 cm
6062,Jar Rosado 4Oz-Bonglab Re: Stash,Contenedores y estuches,RE: STASH,bonglab,container-jar-4oz,container-jar-4oz,/productos/bonglab/container-jar-4oz,4,1,Astro Growshop,21990,21990,0,Astro Growshop,Astro Growshop,true,true,2026-05-09T05:52:30.337Z,Jar Rosado 4Oz-Bonglab Re: Stash | Jar Electric Green 4Oz-Re: Stash | Jar Blanco Gold Ink 4Oz-Bonglab Re: Stash | Jar Ocean Tie Dye 4Oz-Bonglab Re: Stash
6159,Moledor Bulldog Ámsterdam Metálico Swing Giratorio,Moledores,BULLDOG,the-bulldog,grinder-swing-metal,grinder-swing-metal,/productos/the-bulldog/grinder-swing-metal,1,1,GrowBarato Chile,22100,22100,0,GrowBarato Chile,GrowBarato Chile,true,true,2026-05-18T14:27:11.579Z,Moledor Bulldog Ámsterdam Metálico Swing Giratorio
5855,Bonglab Bong Clásico 25cm,Bongs,BongLab,bonglab,bong-clasico-25cm,bong-clasico-25cm,/productos/bonglab/bong-clasico-25cm,1,1,GrowBarato Chile,22400,22400,0,GrowBarato Chile,GrowBarato Chile,true,true,2026-05-09T06:05:45.404Z,Bonglab bong clásico 25 cm de calidad
5885,MJ Arsenal Pipa Deco 9.5 cm,Pipas,MJ Arsenal,mj-arsenal,deco-9-5cm,deco-9-5cm,/productos/mj-arsenal/deco-9-5cm,1,1,Fumetas,22491,22491,0,Fumetas,Fumetas,true,true,2026-05-18T14:18:14.906Z,MJ Arsenal Pipa Deco 9.5 cm
5888,MJ Arsenal Pipa Perch Spoon,Pipas,MJ Arsenal,mj-arsenal,perch-spoon,perch-spoon,/productos/mj-arsenal/perch-spoon,1,1,Fumetas,22491,22491,0,Fumetas,Fumetas,true,true,2026-05-18T14:11:12.382Z,MJ Arsenal Pipa Perch Spoon
6164,Figura Lion Rolling Circus Bobblehead Tora Tora | PIRANHA,Otros parafernalia,LION ROLLING CIRCUS,lion-rolling-circus,figure-tora,figure-tora,/productos/lion-rolling-circus/figure-tora,1,1,Piranha,22491,22491,0,Piranha,Piranha,true,true,2026-05-08T22:07:50.194Z,Figura Lion Rolling Circus Bobblehead Tora Tora | PIRANHA
6163,Figura Lion Rolling Circus Bobblehead Ruby | PIRANHA,Otros parafernalia,LION ROLLING CIRCUS,lion-rolling-circus,figure-ruby,figure-ruby,/productos/lion-rolling-circus/figure-ruby,1,1,Piranha,22491,22491,0,Piranha,Piranha,true,true,2026-05-08T22:07:50.082Z,Figura Lion Rolling Circus Bobblehead Ruby | PIRANHA
6055,Bong de silicona Klutch de Piece Maker,Bongs,,piecemaker,bong-silicona-klutch-piece-maker,bong-silicona-klutch-piece-maker,/productos/piecemaker/bong-silicona-klutch-piece-maker,1,1,GrowBarato Chile,22900,22900,0,GrowBarato Chile,GrowBarato Chile,true,true,2026-05-18T16:41:23.461Z,Bong de silicona Klutch de Piece Maker
5864,Bonglab Handy Rig 14cm,Bongs,BongLab,bonglab,handy-rig-14cm,handy-rig-14cm,/productos/bonglab/handy-rig-14cm,1,1,GrowBarato Chile,22900,22900,0,GrowBarato Chile,GrowBarato Chile,true,true,2026-05-09T06:35:43.284Z,Bonglab Handy Rig 14 cm – Rig Compacto Borosilicato para Extracciones | GrowBaratoChile
6142,Moledor OCB Aluminio 50mm,Moledores,OCB,ocb,grinder-metal-50mm,grinder-metal-50mm,/productos/ocb/grinder-metal-50mm,1,1,Fumetas,22990,22990,0,Fumetas,Fumetas,true,true,2026-05-18T14:22:24.477Z,Moledor OCB Aluminio 50mm
6294,BongLab AtrapaCenizas Triple HoneyComb - Macho 18mm,Repuestos para bongs y vaporizadores,BongLab,bonglab,repuestos-honeycomb-macho-18mm,repuestos-honeycomb-macho-18mm,/productos/bonglab/repuestos-honeycomb-macho-18mm,1,1,Fumetas,22990,22990,0,Fumetas,Fumetas,true,true,2026-05-08T06:13:41.634Z,BongLab AtrapaCenizas Triple HoneyComb - Macho 18mm
6125,G-Rollz Moledor Banksy Thug For Life 53mm,Moledores,G-Rollz,g-rollz,grinder-53mm,grinder-53mm,/productos/g-rollz/grinder-53mm,4,1,Fumetas,23990,23990,0,Fumetas,Fumetas,true,true,2026-05-18T14:22:34.467Z,G-Rollz Moledor Banksy Thug For Life 53mm | G-Rollz Moledor Banksy Torch Boy 53mm | G-Rollz Moledor Pets Rock Rap 53mm | G-Rollz Moledor Banksy Panda 53mm
6109,Moledor Blazy Susan Aluminio Grado Aeronáutico | PIRANHA,Moledores,BLAZY SUSAN,blazy-susan,grinder-metal-6cm,grinder-metal-6cm,/productos/blazy-susan/grinder-metal-6cm,1,1,Piranha,24493,24493,0,Piranha,Piranha,true,true,2026-05-18T14:25:49.146Z,Moledor Blazy Susan Aluminio Grado Aeronáutico | PIRANHA
6147,Moledor RAW Silver 56mm,Moledores,RAW,raw,grinder-50mm-56mm,grinder-50mm-56mm,/productos/raw/grinder-50mm-56mm,1,1,Fumetas,24990,24990,0,Fumetas,Fumetas,true,true,2026-05-18T14:22:28.833Z,Moledor RAW Silver 56mm
6123,Moledor Elements Blue 60mm,Moledores,Elements,elements,grinder-60mm,grinder-60mm,/productos/elements/grinder-60mm,2,1,Fumetas,24990,24990,0,Fumetas,Fumetas,true,true,2026-05-18T14:22:28.504Z,Moledor Elements Blue 60mm | Moledor Elements Pink 60mm
5945,BANGER REGULAR FULL WELD 10MM- Calvo glass,Accesorios de extraccion,CALVO,calvo,banger-full-weld-regular-10mm-regular,banger-full-weld-regular-10mm-regular,/productos/calvo/banger-full-weld-regular-10mm-regular,1,1,Astro Growshop,24990,24990,0,Astro Growshop,Astro Growshop,true,true,2026-05-08T21:48:02.982Z,BANGER REGULAR FULL WELD 10MM- Calvo glass
5960,Futurola x Mike Tyson Bandeja Metálica Grande,Bandejas y ceniceros,Futurola,futurola,tray-mike-tyson-metalica-grande-grande,tray-mike-tyson-metalica-grande-grande,/productos/futurola/tray-mike-tyson-metalica-grande-grande,1,1,Fumetas,26290,26290,0,Fumetas,Fumetas,true,true,2026-05-08T22:05:16.451Z,Futurola x Mike Tyson Bandeja Metálica Grande
6094,Zippo Encendedor Alien┃Growbarato Chile,Encendedores y sopletes,ZIPPO,zippo,lighter-encendedor-alien-https-www-growbaratochile-cl,lighter-encendedor-alien-https-www-growbaratochile-cl,/productos/zippo/lighter-encendedor-alien-https-www-growbaratochile-cl,1,1,GrowBarato Chile,26700,26700,0,GrowBarato Chile,GrowBarato Chile,true,true,2026-05-09T06:05:54.159Z,Zippo Encendedor Alien┃Growbarato Chile
6025,Calvo Glass Bong Straight Tube Lite 26cm,Bongs,Calvo Glass,calvo,bong-glass-glass-straight-tube-26cm,bong-glass-glass-straight-tube-26cm,/productos/calvo/bong-glass-glass-straight-tube-26cm,2,1,Fumetas,26990,34990,30,Fumetas,Fumetas,true,true,2026-05-09T05:59:21.441Z,Calvo Glass Bong Straight Tube Lite 26cm | Calvo Glass Bong Straight Tube American 26cm
6111,Moledor Cerámico Calvo Glass 63mm【con cierre de neodimio】,Moledores,CALVO,calvo,grinder-ceramic-63mm,grinder-ceramic-63mm,/productos/calvo/grinder-ceramic-63mm,1,1,GrowBarato Chile,27000,27000,0,GrowBarato Chile,GrowBarato Chile,true,true,2026-05-18T14:27:06.592Z,Moledor Cerámico Calvo Glass 63mm【con cierre de neodimio】
6131,Moledor Galaxy Ceramics 60mm - GB The Green Brand,Moledores,GALAXY,gb-the-green-brand,grinder-ceramics-ceramic-60mm,grinder-ceramics-ceramic-60mm,/productos/gb-the-green-brand/grinder-ceramics-ceramic-60mm,1,1,GrowBarato Chile,27500,27500,0,GrowBarato Chile,GrowBarato Chile,true,true,2026-05-18T14:27:09.103Z,Moledor Galaxy Ceramics 60mm - GB The Green Brand
6129,Mars Grinder 55Mm -Galaxy,Moledores,GALAXY,galaxy,grinder-mars-55mm,grinder-mars-55mm,/productos/galaxy/grinder-mars-55mm,1,1,Astro Growshop,27990,27990,0,Astro Growshop,Astro Growshop,true,true,2026-05-18T14:21:17.618Z,Mars Grinder 55Mm -Galaxy
6029,Bong Mushroom 19cm de Calvo Glass,Bongs,CALVO,calvo,bong-mushroom-19cm-glass-https-19cm,bong-mushroom-19cm-glass-https-19cm,/productos/calvo/bong-mushroom-19cm-glass-https-19cm,1,1,GrowBarato Chile,28800,28800,0,GrowBarato Chile,GrowBarato Chile,true,true,2026-05-09T06:35:41.206Z,Bong Mushroom 19cm de Calvo Glass
6053,Bong Kirby,Bongs,PIECEMAKER,piecemaker,bong-kirby-https-piranha-cl-inicio-38cm,bong-kirby-https-piranha-cl-inicio-38cm,/productos/piecemaker/bong-kirby-https-piranha-cl-inicio-38cm,1,1,Piranha,29663,29663,0,Piranha,Piranha,true,true,2026-05-08T22:07:54.027Z,Bong Kirby
5977,Cenicero RAW Vidrio (Dark Side/Rainbow) | PIRANHA,Bandejas y ceniceros,RAW,raw,bandejas-cenicero-vidrio-dark-side,bandejas-cenicero-vidrio-dark-side,/productos/raw/bandejas-cenicero-vidrio-dark-side,1,1,Piranha,29742,29742,0,Piranha,Piranha,true,true,2026-05-08T21:54:26.882Z,Cenicero RAW Vidrio (Dark Side/Rainbow) | PIRANHA
6110,Moledor Calvo Cerámico 60mm,Moledores,Calvo Glass,calvo,grinder-ceramic-60mm,grinder-ceramic-60mm,/productos/calvo/grinder-ceramic-60mm,1,1,Fumetas,29990,29990,0,Fumetas,Fumetas,true,true,2026-05-18T14:22:23.552Z,Moledor Calvo Cerámico 60mm
6050,MJ Arsenal Pipa The Dubbler - 2 Blunt Bubbler,Bongs,MJ Arsenal,mj-arsenal,bong-pipa-dubbler-blunt-bubbler,bong-pipa-dubbler-blunt-bubbler,/productos/mj-arsenal/bong-pipa-dubbler-blunt-bubbler,1,1,Fumetas,29990,29990,0,Fumetas,Fumetas,true,true,2026-05-09T05:58:31.635Z,MJ Arsenal Pipa The Dubbler - 2 Blunt Bubbler
5843,Blazy Susan Conos Pre Roll King Size Jar 50u,Conos y blunts,Blazy Susan,blazy-susan,pre-roll-king-size-jar-50u,pre-roll-king-size-jar-50u,/productos/blazy-susan/pre-roll-king-size-jar-50u,1,1,Astro Growshop,29990,29990,0,Astro Growshop,Astro Growshop,true,true,2026-05-08T06:21:38.230Z,CONOS PRE ROLL KING SIZE JAR 50U-BLAZY SUSAN
6304,Pulsar Pipa Wise Owl Double Bowl,Repuestos para bongs y vaporizadores,Pulsar,pulsar,pipe-bowl,pipe-bowl,/productos/pulsar/pipe-bowl,1,1,Fumetas,29990,29990,0,Fumetas,Fumetas,true,true,2026-05-08T06:13:33.336Z,Pulsar Pipa Wise Owl Double Bowl
6056,Unikorn Bong Celeste PieceMaker,Bongs,PIECEMAKER,piecemaker,bong-unikorn-celeste-https-piranha-cl,bong-unikorn-celeste-https-piranha-cl,/productos/piecemaker/bong-unikorn-celeste-https-piranha-cl,1,1,Piranha,29993,29993,0,Piranha,Piranha,true,true,2026-05-08T22:07:50.121Z,Unikorn Bong Celeste PieceMaker
5863,Bong Pyrex Classic Bonglab,Bongs,BongLab,bonglab,pyrex-classic,pyrex-classic,/productos/bonglab/pyrex-classic,1,1,GrowBarato Chile,30000,30000,0,GrowBarato Chile,GrowBarato Chile,true,true,2026-05-09T06:36:02.078Z,Bong Pyrex Classic resistente y de calidad
6045,Bong Unikorn de silicona de PieceMaker - GB The Green Brand,Bongs,PIECEMAKER,gb-the-green-brand,bong-piecemaker-unikorn-silicona-piecemaker,bong-piecemaker-unikorn-silicona-piecemaker,/productos/gb-the-green-brand/bong-piecemaker-unikorn-silicona-piecemaker,1,1,GrowBarato Chile,30000,30000,0,GrowBarato Chile,GrowBarato Chile,true,true,2026-05-09T06:35:52.818Z,Bong Unikorn de silicona de PieceMaker - GB The Green Brand
6057,Bong Unikorn Unity de Silicona de PieceMaker Orgullo Gay - Growbarato,Bongs,PIECEMAKER,piecemaker,bong-unikorn-unity-silicona-orgullo,bong-unikorn-unity-silicona-orgullo,/productos/piecemaker/bong-unikorn-unity-silicona-orgullo,1,1,GrowBarato Chile,30000,30000,0,GrowBarato Chile,GrowBarato Chile,true,true,2026-05-09T06:05:11.138Z,Bong Unikorn Unity de Silicona de PieceMaker Orgullo Gay - Growbarato
6148,Raw Moledor Hammer Craft 63mm,Moledores,Raw,raw,grinder-63mm,grinder-63mm,/productos/raw/grinder-63mm,1,1,Fumetas,30990,30990,0,Fumetas,Fumetas,true,true,2026-05-18T14:22:27.862Z,Raw Moledor Hammer Craft 63mm
6114,Pack Moledor Aluminio Case Purple 38Mm -Galaxy,Moledores,GALAXY,clipper,grinder-case-metal-38mm,grinder-case-metal-38mm,/productos/clipper/grinder-case-metal-38mm,8,1,Astro Growshop,30990,30990,0,Astro Growshop,Astro Growshop,true,true,2026-05-18T14:21:14.546Z,Pack Moledor Aluminio Case Purple 38Mm -Galaxy | Pack Moledor Aluminio Case Rose Gold 38Mm -Galaxy | Pack Moledor Aluminio Case Azul 38Mm -Galaxy | Pack Moledor Aluminio Case Gold 38Mm -Galaxy | Pack Moledor Aluminio Case Green 38Mm -Galaxy | Pack Moledor Aluminio Case Negro 38Mm -Galaxy | Pack Moledor Aluminio Case Red 38Mm -Galaxy | Pack Moledor Aluminio Case Silver 38Mm -Galaxy
5883,MJ Arsenal Pipa Tetra 12 cm,Pipas,MJ Arsenal,mj-arsenal,tetra-12cm,tetra-12cm,/productos/mj-arsenal/tetra-12cm,1,1,Fumetas,31491,31491,0,Fumetas,Fumetas,true,true,2026-05-18T14:18:11.243Z,MJ Arsenal Pipa Tetra 12 cm
5889,MJ Arsenal Pipa Love Handle 10 cm,Pipas,MJ Arsenal,mj-arsenal,love-handle-10cm,love-handle-10cm,/productos/mj-arsenal/love-handle-10cm,1,1,Fumetas,31491,31491,0,Fumetas,Fumetas,true,true,2026-05-18T14:11:13.304Z,MJ Arsenal Pipa Love Handle 10 cm
6127,Moledor Galaxy Cerámico 60mm,Moledores,Galaxy,galaxy,grinder-ceramic-60mm,grinder-ceramic-60mm,/productos/galaxy/grinder-ceramic-60mm,1,1,Fumetas,31990,31990,0,Fumetas,Fumetas,true,true,2026-05-18T14:22:15.418Z,Moledor Galaxy Cerámico 60mm
6128,Ceramics Grinder -Galaxy,Moledores,GALAXY,galaxy,grinder-ceramics-grinder,grinder-ceramics-grinder,/productos/galaxy/grinder-ceramics-grinder,1,1,Astro Growshop,31990,31990,0,Astro Growshop,Astro Growshop,true,true,2026-05-18T14:20:55.349Z,Ceramics Grinder -Galaxy
6198,Pipa Uno Og Standard Verde-American Helix,Pipas,AMERICAN HELIX,american-helix,pipe-pipa-uno-standard-verde,pipe-pipa-uno-standard-verde,/productos/american-helix/pipe-pipa-uno-standard-verde,1,1,Astro Growshop,32990,32990,0,Astro Growshop,Astro Growshop,true,true,2026-05-18T14:07:06.051Z,Pipa Uno Og Standard Verde-American Helix
6197,Pipa Uno Og Standard Rojo-American Helix,Pipas,AMERICAN HELIX,american-helix,pipe-pipa-uno-standard-rojo,pipe-pipa-uno-standard-rojo,/productos/american-helix/pipe-pipa-uno-standard-rojo,1,1,Astro Growshop,32990,32990,0,Astro Growshop,Astro Growshop,true,true,2026-05-18T14:07:05.234Z,Pipa Uno Og Standard Rojo-American Helix
6195,Pipa Uno Og Standard Azul-American Helix,Pipas,AMERICAN HELIX,american-helix,pipe-pipa-uno-standard-azul,pipe-pipa-uno-standard-azul,/productos/american-helix/pipe-pipa-uno-standard-azul,1,1,Astro Growshop,32990,32990,0,Astro Growshop,Astro Growshop,true,true,2026-05-18T14:06:57.391Z,Pipa Uno Og Standard Azul-American Helix
6043,Bong Diamond De Silicona Gb The Green Brand resistente,Bongs,,gb-the-green-brand,bong-diamond-silicona-resistente-https,bong-diamond-silicona-resistente-https,/productos/gb-the-green-brand/bong-diamond-silicona-resistente-https,1,1,GrowBarato Chile,33900,33900,0,GrowBarato Chile,GrowBarato Chile,true,true,2026-05-18T16:41:23.302Z,Bong Diamond De Silicona Gb The Green Brand resistente
6298,Bong Red Drop Micro Rig 16cm sin Quemador,Repuestos para bongs y vaporizadores,CALVO,calvo,bong-quemador-16cm,bong-quemador-16cm,/productos/calvo/bong-quemador-16cm,1,1,Piranha,33921,33921,0,Piranha,Piranha,true,true,2026-05-08T22:07:54.163Z,Bong Red Drop Micro Rig 16cm sin Quemador
6145,Moledor Pulsar Contenedor Wax/Hierba 61mm,Moledores,Pulsar,pulsar,grinder-61mm,grinder-61mm,/productos/pulsar/grinder-61mm,1,1,Fumetas,33990,33990,0,Fumetas,Fumetas,true,true,2026-05-18T14:22:27.536Z,Moledor Pulsar Contenedor Wax/Hierba 61mm
6122,Dream High Moledor Cerámico 63mm,Moledores,Dream High,dream-high,grinder-ceramic-63mm,grinder-ceramic-63mm,/productos/dream-high/grinder-ceramic-63mm,2,1,Fumetas,33990,59990,76,Fumetas,Fumetas,true,true,2026-05-18T14:22:19.230Z,Dream High Moledor Cerámico 63mm | Dream High Moledor Ceramico 3.0 63mm
6146,Pulsar Moledor Contenedor de Aluminio 50 mm,Moledores,Pulsar,pulsar,grinder-metal-50mm,grinder-metal-50mm,/productos/pulsar/grinder-metal-50mm,1,1,Fumetas,33990,33990,0,Fumetas,Fumetas,true,true,2026-05-18T14:22:17.950Z,Pulsar Moledor Contenedor de Aluminio 50 mm
5934,Terpies Mini Beaker Kit Bonglab | Dab Rig Extractos Compacto Chile,Accesorios de extraccion,BONGLAB,bonglab,dab-rig-terpies-mini-beaker,dab-rig-terpies-mini-beaker,/productos/bonglab/dab-rig-terpies-mini-beaker,1,1,GrowBarato Chile,34200,34200,0,GrowBarato Chile,GrowBarato Chile,true,true,2026-05-13T18:36:21.568Z,Terpies Mini Beaker Kit Bonglab | Dab Rig Extractos Compacto Chile
6039,Eyce Mini Beaker Bong (Color a elección),Bongs,EYCE,eyce,bong-mini-beaker-eleccion-https-mini,bong-mini-beaker-eleccion-https-mini,/productos/eyce/bong-mini-beaker-eleccion-https-mini,1,1,Piranha,34392,34392,0,Piranha,Piranha,true,true,2026-05-08T22:07:52.989Z,Eyce Mini Beaker Bong (Color a elección)
6144,Pulsar King Kut Moledor Eléctrico 40mm,Moledores,Pulsar,pulsar,grinder-40mm,grinder-40mm,/productos/pulsar/grinder-40mm,1,1,Fumetas,35990,35990,0,Fumetas,Fumetas,true,true,2026-05-18T14:18:04.367Z,Pulsar King Kut Moledor Eléctrico 40mm
5887,MJ Arsenal Pipa Granby - Serie Madera,Pipas,MJ Arsenal,mj-arsenal,granby-wood-series,granby-wood-series,/productos/mj-arsenal/granby-wood-series,1,1,Fumetas,35991,35991,0,Fumetas,Fumetas,true,true,2026-05-18T14:11:04.955Z,MJ Arsenal Pipa Granby - Serie Madera
5866,Bong Mercurial Smokey 26cm Bonglab,Bongs,BongLab,bonglab,mercurial-smokey,mercurial-smokey,/productos/bonglab/mercurial-smokey,1,1,GrowBarato Chile,36700,36700,0,GrowBarato Chile,GrowBarato Chile,true,true,2026-05-09T06:52:06.836Z,Bong Mercurial Smokey 26cm Bonglab
6150,Moledor Aluminio Mediano-Santa Cruz,Moledores,SANTA CRUZ,santa-cruz,grinder-metal-mediano,grinder-metal-mediano,/productos/santa-cruz/grinder-metal-mediano,2,1,Astro Growshop,37990,84990,124,Astro Growshop,Astro Growshop,true,true,2026-05-18T14:21:27.185Z,Moledor Aluminio Mediano-Santa Cruz | Moledor Aluminio Mediano 4P-Santa Cruz
5875,Bolso 4X4 Con Clave -Ozeta,Contenedores y estuches,Ozeta,ozeta,bolso-4x4-clave,bolso-4x4-clave,/productos/ozeta/bolso-4x4-clave,1,1,Astro Growshop,37990,37990,0,Astro Growshop,Astro Growshop,true,true,2026-05-18T06:45:31.966Z,Bolso 4X4 Con Clave -Ozeta
5876,Ozeta Bandolera Circular - Anti Olor,Contenedores y estuches,Ozeta,ozeta,bandolera-circular-antiolor,bandolera-circular-antiolor,/productos/ozeta/bandolera-circular-antiolor,1,1,Fumetas,38990,38990,0,Fumetas,Fumetas,true,true,2026-05-08T06:14:18.534Z,Ozeta Bandolera Circular - Anti Olor
5879,Kit Fumeta OZeta Case XL antiolor,Contenedores y estuches,Ozeta,ozeta,case-xl-antiolor,case-xl-antiolor,/productos/ozeta/case-xl-antiolor,1,1,GrowBarato Chile,39700,39700,0,GrowBarato Chile,GrowBarato Chile,true,true,2026-05-09T06:07:09.133Z,Kit Fumeta OZeta Case XL antiolor
5859,Bong Shiva Blue Bonglab 25cm,Bongs,BongLab,bonglab,shiva-blue,shiva-blue,/productos/bonglab/shiva-blue,1,1,GrowBarato Chile,39900,39900,0,GrowBarato Chile,GrowBarato Chile,true,true,2026-05-09T06:05:49.581Z,Bong Shiva Blue Bonglab 25cm con Percolador | Vidrio Borosilicato
5867,Soulblime Contenedor Con Tapa Diseños Mix Display 9 Und,Contenedores y estuches,Soulblime,soulblime,contenedor-tapa-designs-mix-9u,contenedor-tapa-designs-mix-9u,/productos/soulblime/contenedor-tapa-designs-mix-9u,1,1,Astro Growshop,39990,39990,0,Astro Growshop,Astro Growshop,true,true,2026-05-18T06:45:47.962Z,Contenedor Con Tapa Diseños Mix Display 9 Und-Soulblime
6031,Bong Rick & Morty 22 cm CalvoGlass | Bong de Vidrio Pyrex – GrowBarato Chile,Bongs,CALVO,calvo,bong-rick-morty-22cm-calvoglass-22cm,bong-rick-morty-22cm-calvoglass-22cm,/productos/calvo/bong-rick-morty-22cm-calvoglass-22cm,1,1,GrowBarato Chile,42300,42300,0,GrowBarato Chile,GrowBarato Chile,true,true,2026-05-09T06:52:08.815Z,Bong Rick & Morty 22 cm CalvoGlass | Bong de Vidrio Pyrex – GrowBarato Chile
6035,Bong Space Opera Rig Ambar 22cm,Bongs,CALVO,calvo,bong-space-opera-22cm,bong-space-opera-22cm,/productos/calvo/bong-space-opera-22cm,1,1,Piranha,43992,43992,0,Piranha,Piranha,true,true,2026-05-09T06:31:41.210Z,Bong Space Opera Rig Ambar 22cm
6048,MJ Arsenal Baby Cake Bubbler 8 cm,Bongs,MJ Arsenal,mj-arsenal,bong-baby-cake-bubbler-8cm-8cm,bong-baby-cake-bubbler-8cm-8cm,/productos/mj-arsenal/bong-baby-cake-bubbler-8cm-8cm,1,1,Fumetas,44990,44990,0,Fumetas,Fumetas,true,true,2026-05-08T05:56:49.939Z,MJ Arsenal Baby Cake Bubbler 8 cm
6138,Moledor Grinder Grav 3 Partes,Moledores,GRAV,grav,grinder-metal-6cm,grinder-metal-6cm,/productos/grav/grinder-metal-6cm,1,1,Piranha,44991,44991,0,Piranha,Piranha,true,true,2026-05-18T15:36:21.096Z,Moledor Grinder Grav 3 Partes
6002,Mercurial KH1-Bonglab,Bongs,BONGLAB,bonglab,bongs-mercurial-kh1-https-astrogrowshop-cl,bongs-mercurial-kh1-https-astrogrowshop-cl,/productos/bonglab/bongs-mercurial-kh1-https-astrogrowshop-cl,1,1,Astro Growshop,45990,45990,0,Astro Growshop,Astro Growshop,true,true,2026-05-14T13:54:01.146Z,Mercurial KH1-Bonglab
6149,Moledor Aluminio Grande -Santa Cruz,Moledores,SANTA CRUZ,santa-cruz,grinder-metal-grande,grinder-metal-grande,/productos/santa-cruz/grinder-metal-grande,2,1,Astro Growshop,46990,92990,98,Astro Growshop,Astro Growshop,true,true,2026-05-18T14:21:25.700Z,Moledor Aluminio Grande -Santa Cruz | Moledor Aluminio Grande 4P-Santa Cruz
5877,Ozeta Lonchera con clave - Anti-olor,Contenedores y estuches,Ozeta,ozeta,lonchera-clave-antiolor,lonchera-clave-antiolor,/productos/ozeta/lonchera-clave-antiolor,1,1,Fumetas,46990,46990,0,Fumetas,Fumetas,true,true,2026-05-14T13:47:13.517Z,Ozeta Lonchera con clave - Anti-olor
5999,Headshot Black-Bonglab,Bongs,BONGLAB,bonglab,bongs-headshot-black-https-astrogrowshop-cl,bongs-headshot-black-https-astrogrowshop-cl,/productos/bonglab/bongs-headshot-black-https-astrogrowshop-cl,1,1,Astro Growshop,47992,47992,0,Astro Growshop,Astro Growshop,true,true,2026-05-14T13:46:39.572Z,Headshot Black-Bonglab
5821,Limpiador Kleaner para enjuague bucal,Limpieza,,kleaner,cleaner,cleaner,/productos/kleaner/cleaner,1,1,GrowBarato Chile,49500,49500,0,GrowBarato Chile,GrowBarato Chile,true,true,2026-05-18T16:41:22.953Z,Limpiador Kleaner para enjuague bucal
5857,Bong Bonglab Octopus Black 30cm K99,Bongs,BongLab,bonglab,octopus-black-k99,octopus-black-k99,/productos/bonglab/octopus-black-k99,1,1,GrowBarato Chile,49500,49500,0,GrowBarato Chile,GrowBarato Chile,true,true,2026-05-09T06:52:15.739Z,Bong Bonglab Octopus Black 30 cm K99 | 8 Percoladores Alta Filtración
5856,Bong Bonglab K47 Medusa 30cm,Bongs,BongLab,bonglab,k47-medusa,k47-medusa,/productos/bonglab/k47-medusa,1,1,GrowBarato Chile,49500,49500,0,GrowBarato Chile,GrowBarato Chile,true,true,2026-05-09T06:52:14.764Z,Bong Bonglab K47 Medusa 30 cm | 7 Percoladores Alta Filtración
6034,Space Opera Rig Ambar-Calvo Glass,Bongs,CALVO GLASS,calvo,bong-space-opera,bong-space-opera,/productos/calvo/bong-space-opera,1,1,Astro Growshop,49990,49990,0,Astro Growshop,Astro Growshop,true,true,2026-05-09T06:22:50.406Z,Space Opera Rig Ambar-Calvo Glass
5860,Bong Cristal Bonglab 46cm,Bongs,BongLab,bonglab,cristal-46cm,cristal-46cm,/productos/bonglab/cristal-46cm,1,1,GrowBarato Chile,50400,50400,0,GrowBarato Chile,GrowBarato Chile,true,true,2026-05-09T06:05:46.575Z,Bong Cristal Bonglab 46 cm para fumar hierba
6005,Bong Calvo Abeja Color Blue Shower Perc 35cm,Bongs,CALVO,calvo,bong-abeja-blue-shower-perc-35cm,bong-abeja-blue-shower-perc-35cm,/productos/calvo/bong-abeja-blue-shower-perc-35cm,1,1,Piranha,52191,52191,0,Piranha,Piranha,true,true,2026-05-08T21:54:23.968Z,Bong Calvo Abeja Color Blue Shower Perc 35cm
6007,Bong Calvo Big Bee´s Recycler 26cm,Bongs,CALVO,calvo,bong-big-bee-recycler-26cm-26cm,bong-big-bee-recycler-26cm-26cm,/productos/calvo/bong-big-bee-recycler-26cm-26cm,1,1,Piranha,53292,53292,0,Piranha,Piranha,true,true,2026-05-08T21:54:10.541Z,Bong Calvo Big Bee´s Recycler 26cm
6041,Bong HeadShot transparente de Bonglab - GB The Green Brand,Bongs,BONGLAB,gb-the-green-brand,bong-bonglab-headshot-transparente-bonglab,bong-bonglab-headshot-transparente-bonglab,/productos/gb-the-green-brand/bong-bonglab-headshot-transparente-bonglab,1,1,GrowBarato Chile,54000,54000,0,GrowBarato Chile,GrowBarato Chile,true,true,2026-05-09T06:51:55.136Z,Bong HeadShot transparente de Bonglab - GB The Green Brand
6028,Bong Honey Drips Doble Percolador 35cm Calvo Glass,Bongs,CALVO,calvo,bong-honey-drips-doble-percolador-35cm,bong-honey-drips-doble-percolador-35cm,/productos/calvo/bong-honey-drips-doble-percolador-35cm,1,1,GrowBarato Chile,54000,54000,0,GrowBarato Chile,GrowBarato Chile,true,true,2026-05-09T06:06:18.138Z,Bong Honey Drips Doble Percolador 35cm Calvo Glass
6014,Calvo Glass Bong Beaker Plus 40cm,Bongs,Calvo Glass,calvo,bong-glass-glass-beaker-plus-40cm,bong-glass-glass-beaker-plus-40cm,/productos/calvo/bong-glass-glass-beaker-plus-40cm,1,1,Fumetas,54990,54990,0,Fumetas,Fumetas,true,true,2026-05-09T05:59:08.623Z,Calvo Glass Bong Beaker Plus 40cm
6006,Bong Bee Recycler 25cm Calvo – Rig Vidrio Bong Abeja | Grow Barato Chile,Bongs,CALVO,calvo,bong-bee-recycler-25cm-rig-25cm,bong-bee-recycler-25cm-rig-25cm,/productos/calvo/bong-bee-recycler-25cm-rig-25cm,1,1,GrowBarato Chile,58500,58500,0,GrowBarato Chile,GrowBarato Chile,true,true,2026-05-09T06:35:44.256Z,Bong Bee Recycler 25cm Calvo – Rig Vidrio Bong Abeja | Grow Barato Chile
5998,Double Shot -Bonglab,Bongs,BONGLAB,bonglab,bongs-double-shot-https-astrogrowshop-cl,bongs-double-shot-https-astrogrowshop-cl,/productos/bonglab/bongs-double-shot-https-astrogrowshop-cl,1,1,Astro Growshop,58990,58990,0,Astro Growshop,Astro Growshop,true,true,2026-05-14T13:46:39.703Z,Double Shot -Bonglab
6059,Bolso Anti Olor Cruzado Blazy Susan (Black/Pink) | PIRANHA,Contenedores y estuches,BLAZY SUSAN,blazy-susan,container-bolso,container-bolso,/productos/blazy-susan/container-bolso,1,1,Piranha,59492,59492,0,Piranha,Piranha,true,true,2026-05-08T21:53:57.531Z,Bolso Anti Olor Cruzado Blazy Susan (Black/Pink) | PIRANHA
6015,Calvo Glass Bong Beaker Plus 45cm,Bongs,Calvo Glass,calvo,bong-glass-glass-beaker-plus-45cm,bong-glass-glass-beaker-plus-45cm,/productos/calvo/bong-glass-glass-beaker-plus-45cm,1,1,Fumetas,59990,59990,0,Fumetas,Fumetas,true,true,2026-05-09T05:59:09.583Z,Calvo Glass Bong Beaker Plus 45cm
6036,Bong Space Opera Waterpipe 30cm,Bongs,CALVO,calvo,bong-space-opera-30cm,bong-space-opera-30cm,/productos/calvo/bong-space-opera-30cm,1,1,Piranha,59992,59992,0,Piranha,Piranha,true,true,2026-05-09T06:09:40.225Z,Bong Space Opera Waterpipe 30cm
6037,Bong Calvo Straight Tube Perc 42cm,Bongs,CALVO,calvo,bong-straight-tube-perc-42cm-42cm,bong-straight-tube-perc-42cm-42cm,/productos/calvo/bong-straight-tube-perc-42cm-42cm,1,1,Piranha,60891,60891,0,Piranha,Piranha,true,true,2026-05-08T22:07:54.091Z,Bong Calvo Straight Tube Perc 42cm
5858,Bong k30 42cm Bonglab,Bongs,BongLab,bonglab,k30-42cm,k30-42cm,/productos/bonglab/k30-42cm,1,1,GrowBarato Chile,61700,61700,0,GrowBarato Chile,GrowBarato Chile,true,true,2026-05-09T06:35:36.214Z,Bong k30 42 cm Bonglab
6030,Bong Recto Percolador Árbol 42cm de Calvo Glass,Bongs,CALVO,calvo,bong-recto-percolador-arbol-42cm-42cm,bong-recto-percolador-arbol-42cm-42cm,/productos/calvo/bong-recto-percolador-arbol-42cm-42cm,1,1,GrowBarato Chile,63000,63000,0,GrowBarato Chile,GrowBarato Chile,true,true,2026-05-09T06:35:42.258Z,Bong Recto Percolador Árbol 42cm de Calvo Glass
6051,MJ Arsenal Bong Sonnet 17 cm,Bongs,MJ Arsenal,mj-arsenal,bong-sonnet-17cm-https-fumetas-cl-17cm,bong-sonnet-17cm-https-fumetas-cl-17cm,/productos/mj-arsenal/bong-sonnet-17cm-https-fumetas-cl-17cm,1,1,Fumetas,64990,64990,0,Fumetas,Fumetas,true,true,2026-05-08T06:13:56.661Z,MJ Arsenal Bong Sonnet 17 cm
6315,Nokiva Vaporizer Airistech en GB The Green Brand,Vaporizadores herbales,,gb-the-green-brand,vaporizadores-nokiva-vaporizer-airistech-https,vaporizadores-nokiva-vaporizer-airistech-https,/productos/gb-the-green-brand/vaporizadores-nokiva-vaporizer-airistech-https,1,1,GrowBarato Chile,66000,66000,0,GrowBarato Chile,GrowBarato Chile,true,true,2026-05-18T16:41:22.869Z,Nokiva Vaporizer Airistech en GB The Green Brand
6027,Calvo Glass Bong Tree Perc Dragon Ball 43cm,Bongs,Calvo Glass,calvo,bong-glass-glass-tree-perc-43cm,bong-glass-glass-tree-perc-43cm,/productos/calvo/bong-glass-glass-tree-perc-43cm,1,1,Fumetas,69591,69591,0,Fumetas,Fumetas,true,true,2026-05-09T05:58:16.688Z,Calvo Glass Bong Tree Perc Dragon Ball 43cm
6038,Bong Calvo Straight Tube Tree Perc Dragon Ball 42cm,Bongs,CALVO,calvo,bong-straight-tube-tree-perc-42cm,bong-straight-tube-tree-perc-42cm,/productos/calvo/bong-straight-tube-tree-perc-42cm,1,1,Piranha,69591,69591,0,Piranha,Piranha,true,true,2026-05-08T21:53:56.267Z,Bong Calvo Straight Tube Tree Perc Dragon Ball 42cm
6001,Medusa Black-Bonglab,Bongs,BONGLAB,bonglab,bongs-medusa-black-https-astrogrowshop-cl,bongs-medusa-black-https-astrogrowshop-cl,/productos/bonglab/bongs-medusa-black-https-astrogrowshop-cl,1,1,Astro Growshop,71990,71990,0,Astro Growshop,Astro Growshop,true,true,2026-05-14T13:54:01.070Z,Medusa Black-Bonglab
5995,BongLab Bong Kraken KC47 37cm,Bongs,BongLab,bonglab,bong-kraken-kc47-37cm-https-37cm,bong-kraken-kc47-37cm-https-37cm,/productos/bonglab/bong-kraken-kc47-37cm-https-37cm,1,1,Fumetas,74990,74990,0,Fumetas,Fumetas,true,true,2026-05-09T05:58:51.856Z,BongLab Bong Kraken KC47 37cm
6069,Encendedor HS x Blazer Big Shot Torch V3,Encendedores y sopletes,BLAZER,blazer,lighter-encendedor-big-shot-torch,lighter-encendedor-big-shot-torch,/productos/blazer/lighter-encendedor-big-shot-torch,1,1,Piranha,89990,89990,0,Piranha,Piranha,true,true,2026-05-08T21:53:55.647Z,Encendedor HS x Blazer Big Shot Torch V3
6044,Octave HAMR Cold Start Rig - GB The Green Brand,Bongs,,gb-the-green-brand,bong-octave-hamr-cold-start,bong-octave-hamr-cold-start,/productos/gb-the-green-brand/bong-octave-hamr-cold-start,1,1,GrowBarato Chile,92000,92000,0,GrowBarato Chile,GrowBarato Chile,true,true,2026-05-18T16:41:23.612Z,Octave HAMR Cold Start Rig - GB The Green Brand
6308,Capsulas Monodosis 40 Unidades Con Tampon-Storz &amp; Bickel,Repuestos para bongs y vaporizadores,STORZ & BICKEL,storz-bickel,repuestos-capsulas-monodosis,repuestos-capsulas-monodosis,/productos/storz-bickel/repuestos-capsulas-monodosis,1,1,Astro Growshop,94990,94990,0,Astro Growshop,Astro Growshop,true,true,2026-05-18T06:45:12.137Z,Capsulas Monodosis 40 Unidades Con Tampon-Storz &amp; Bickel
5925,Weecke Vaporizador Fenix Pro 7th Gen,Vaporizadores herbales,Weecke,weecke,fenix-pro-7th-gen,fenix-pro-7th-gen,/productos/weecke/fenix-pro-7th-gen,1,1,Fumetas,98991,98991,0,Fumetas,Fumetas,true,true,2026-05-08T06:14:12.138Z,Weecke Vaporizador Fenix Pro 7th Gen
6040,Glycerin Black Ice Bonglab - Bong con Glicerina en GB The Green Brand,Bongs,BONGLAB,gb-the-green-brand,bong-bonglab-glycerin-black-ice,bong-bonglab-glycerin-black-ice,/productos/gb-the-green-brand/bong-bonglab-glycerin-black-ice,1,1,GrowBarato Chile,99000,99000,0,GrowBarato Chile,GrowBarato Chile,true,true,2026-05-09T06:05:19.225Z,Glycerin Black Ice Bonglab - Bong con Glicerina en GB The Green Brand
6052,MJ Arsenal Bong Spire 28 cm,Bongs,MJ Arsenal,mj-arsenal,bong-spire-28cm-https-fumetas-cl-28cm,bong-spire-28cm-https-fumetas-cl-28cm,/productos/mj-arsenal/bong-spire-28cm-https-fumetas-cl-28cm,1,1,Fumetas,99990,99990,0,Fumetas,Fumetas,true,true,2026-05-07T22:32:28.760Z,MJ Arsenal Bong Spire 28 cm
6047,Glycerin Green Avalanche Bonglab al Mejor Precio - GB The Green Brand,Bongs,BONGLAB,gb-the-green-brand,bongs-bonglab-glycerin-avalanche-bonglab,bongs-bonglab-glycerin-avalanche-bonglab,/productos/gb-the-green-brand/bongs-bonglab-glycerin-avalanche-bonglab,1,1,GrowBarato Chile,113400,113400,0,GrowBarato Chile,GrowBarato Chile,true,true,2026-05-14T13:49:01.993Z,Glycerin Green Avalanche Bonglab al Mejor Precio - GB The Green Brand
6049,MJ Arsenal Bong Evermore 28 cm,Bongs,MJ Arsenal,mj-arsenal,bong-evermore-28cm-https-fumetas-cl-28cm,bong-evermore-28cm-https-fumetas-cl-28cm,/productos/mj-arsenal/bong-evermore-28cm-https-fumetas-cl-28cm,1,1,Fumetas,119990,119990,0,Fumetas,Fumetas,true,true,2026-05-08T06:13:32.907Z,MJ Arsenal Bong Evermore 28 cm
5854,Bonglab Bong Glycerin Green Avalanche 50cm,Bongs,BongLab,bonglab,glycerin-green-avalanche,glycerin-green-avalanche,/productos/bonglab/glycerin-green-avalanche,1,1,Fumetas,129990,129990,0,Fumetas,Fumetas,true,true,2026-05-18T06:49:13.317Z,Bonglab Bong Glycerin Green Avalanche 50cm
5924,DynaVap WoodWynd,Vaporizadores herbales,Dynavap,dynavap,woodwynd,woodwynd,/productos/dynavap/woodwynd,1,1,Piranha,180491,180491,0,Piranha,Piranha,true,true,2026-05-08T22:07:51.800Z,Vaporizador DynaVap WoodWynd | PIRANHA
5923,Veazy Storz & Bickel,Vaporizadores herbales,Storz & Bickel,storz-bickel,veazy,veazy,/productos/storz-bickel/veazy,1,1,Piranha,265991,265991,0,Piranha,Piranha,true,true,2026-05-08T22:07:52.155Z,Veazy Storz & Bickel | PIRANHA
6190,Ronson Papelillos Rainbow 1 1/4,Papelillos,Ronson,ronson,paper-1-1-4-1-1-4,paper-1-1-4-1-1-4,/productos/ronson/paper-1-1-4-1-1-4,1,1,Fumetas,650,650,0,Fumetas,Fumetas,false,true,2026-05-08T04:58:40.205Z,Ronson Papelillos Rainbow 1 1/4
5868,Soulblime Tubos Contenedores Diseños Mix 1Und,Contenedores y estuches,Soulblime,soulblime,tubos-contenedores-designs-mix-1u,tubos-contenedores-designs-mix-1u,/productos/soulblime/tubos-contenedores-designs-mix-1u,1,1,Astro Growshop,990,990,0,Astro Growshop,Astro Growshop,false,true,2026-05-09T05:52:14.633Z,Tubos Contenedores Diseños Mix 1Und-Soulblime
6171,Futurola x Mike Tyson Papelillos 1 1/4 + Tips,Papelillos,Futurola,futurola,paper-1-1-4-1-1-4,paper-1-1-4-1-1-4,/productos/futurola/paper-1-1-4-1-1-4,1,1,Fumetas,1290,1290,0,Fumetas,Fumetas,false,true,2026-05-18T06:55:37.503Z,Futurola x Mike Tyson Papelillos 1 1/4 + Tips
6188,Papelillos Black King Size Slim-Raw,Papelillos,RAW,raw,paper-king-size-king-size-slim,paper-king-size-king-size-slim,/productos/raw/paper-king-size-king-size-slim,1,1,Astro Growshop,1290,1290,0,Astro Growshop,Astro Growshop,false,true,2026-05-18T06:46:01.127Z,Papelillos Black King Size Slim-Raw
6105,Boquilla De Vidrio Simple 3.5Cm 1Un-Strabe Glass,Filtros y boquillas,STRABE GLASS,strabe-glass,filter-vidrio-3-5cm-35cm,filter-vidrio-3-5cm-35cm,/productos/strabe-glass/filter-vidrio-3-5cm-35cm,1,1,Astro Growshop,1990,1990,0,Astro Growshop,Astro Growshop,false,true,2026-05-09T05:51:49.143Z,Boquilla De Vidrio Simple 3.5Cm 1Un-Strabe Glass
5848,RAW Conos Pre-enrolados King Size,Conos y blunts,RAW,raw,pre-roll-king-size,pre-roll-king-size,/productos/raw/pre-roll-king-size,1,1,Fumetas,1990,1990,0,Fumetas,Fumetas,false,true,2026-05-08T04:58:41.365Z,Conos RAW Pre-enrolados King Size
6108,Boquilla De Vidrio Simple 7Cm 1Un-Strabe Glass,Filtros y boquillas,STRABE GLASS,strabe-glass,filter-vidrio-7cm,filter-vidrio-7cm,/productos/strabe-glass/filter-vidrio-7cm,2,1,Astro Growshop,2490,20990,743,Astro Growshop,Astro Growshop,false,true,2026-05-09T05:52:16.382Z,Boquilla De Vidrio Simple 7Cm 1Un-Strabe Glass | Boquilla De Vidrio Simple 7Cm -Strabe Glass
6106,Boquilla De Vidrio Simple 5Cm 1Un-Strabe Glass,Filtros y boquillas,STRABE GLASS,strabe-glass,filter-vidrio-5cm,filter-vidrio-5cm,/productos/strabe-glass/filter-vidrio-5cm,2,1,Astro Growshop,2490,5990,141,Astro Growshop,Astro Growshop,false,true,2026-05-09T05:51:50.028Z,Boquilla De Vidrio Simple 5Cm 1Un-Strabe Glass | Boquilla De Vidrio Incalmo Colors 5Cm 1Un-Strabe Glass
5881,Grav Glass Taster Hitter con Tapa 12mm,Pipas,Grav,grav,glass-taster-hitter,glass-taster-hitter,/productos/grav/glass-taster-hitter,1,1,Fumetas,2990,2990,0,Fumetas,Fumetas,false,true,2026-05-18T14:18:10.923Z,Grav Pipa Glass Taster Hitter con Tapa 12mm
5873,Contenedor Silicona Extractos 32Mm Blue 1U-Blazy Susan,Contenedores y estuches,Blazy Susan,blazy-susan,contenedor-silicona-extractos-32mm-blue,contenedor-silicona-extractos-32mm-blue,/productos/blazy-susan/contenedor-silicona-extractos-32mm-blue,1,1,Astro Growshop,2990,2990,0,Astro Growshop,Astro Growshop,false,true,2026-05-09T05:51:32.792Z,Contenedor Silicona Extractos 32Mm Blue 1U-Blazy Susan
6070,Gas Butano Ultra Refinado X5 Premium-Calvo Glass,Encendedores y sopletes,CALVO GLASS,calvo,lighter-glass-gas-butano-ultra,lighter-glass-gas-butano-ultra,/productos/calvo/lighter-glass-gas-butano-ultra,2,1,Astro Growshop,3490,3990,14,Astro Growshop,Astro Growshop,false,true,2026-05-09T05:52:25.789Z,Gas Butano Ultra Refinado X5 Premium-Calvo Glass | Gas Butano Ultra Refinado X9 Premium-Calvo Glass
5871,Contenedor Silicona Extractos Mix 45Mm 1U-Blazy Susan,Contenedores y estuches,Blazy Susan,blazy-susan,contenedor-silicona-extractos-45mm,contenedor-silicona-extractos-45mm,/productos/blazy-susan/contenedor-silicona-extractos-45mm,1,1,Astro Growshop,3990,3990,0,Astro Growshop,Astro Growshop,false,true,2026-05-09T05:51:27.487Z,Contenedor Silicona Extractos Mix 45Mm 1U- Blazy Susan
6075,Gas Butano 300 Ml-Clipper,Encendedores y sopletes,CLIPPER,clipper,lighter-gas-butano-300ml-https-300ml,lighter-gas-butano-300ml-https-300ml,/productos/clipper/lighter-gas-butano-300ml-https-300ml,1,1,Astro Growshop,4290,4290,0,Astro Growshop,Astro Growshop,false,true,2026-05-18T06:45:35.686Z,Gas Butano 300 Ml-Clipper
6090,Zengaz Encendedor Soplete ZL-19 Pizza Planet,Encendedores y sopletes,Zengaz,zengaz,lighter-encendedor-soplete-pizza-planet,lighter-encendedor-soplete-pizza-planet,/productos/zengaz/lighter-encendedor-soplete-pizza-planet,1,1,Fumetas,4341,4341,0,Fumetas,Fumetas,false,true,2026-05-08T23:15:34.813Z,Zengaz Encendedor Soplete ZL-19 Pizza Planet
6088,Zengaz Encendedor Soplete ZL-19 Abducted Dinosaur,Encendedores y sopletes,Zengaz,zengaz,lighter-encendedor-soplete-abducted-dinosaur,lighter-encendedor-soplete-abducted-dinosaur,/productos/zengaz/lighter-encendedor-soplete-abducted-dinosaur,1,1,Fumetas,4341,4341,0,Fumetas,Fumetas,false,true,2026-05-08T23:15:24.319Z,Zengaz Encendedor Soplete ZL-19 Abducted Dinosaur
6089,Zengaz Encendedor Soplete ZL-19 Abstract Art,Encendedores y sopletes,Zengaz,zengaz,lighter-encendedor-soplete-abstract-art,lighter-encendedor-soplete-abstract-art,/productos/zengaz/lighter-encendedor-soplete-abstract-art,1,1,Fumetas,4341,4341,0,Fumetas,Fumetas,false,true,2026-05-08T23:15:12.475Z,Zengaz Encendedor Soplete ZL-19 Abstract Art
6092,Zengaz Encendedor Soplete ZL-19 Rainbow Line,Encendedores y sopletes,Zengaz,zengaz,lighter-encendedor-soplete-rainbow-line,lighter-encendedor-soplete-rainbow-line,/productos/zengaz/lighter-encendedor-soplete-rainbow-line,1,1,Fumetas,4341,4341,0,Fumetas,Fumetas,false,true,2026-05-08T22:04:56.141Z,Zengaz Encendedor Soplete ZL-19 Rainbow Line
6091,Zengaz Encendedor Soplete ZL-19 Psycodelic Eye,Encendedores y sopletes,Zengaz,zengaz,lighter-encendedor-soplete-psycodelic-eye,lighter-encendedor-soplete-psycodelic-eye,/productos/zengaz/lighter-encendedor-soplete-psycodelic-eye,1,1,Fumetas,4341,4341,0,Fumetas,Fumetas,false,true,2026-05-08T22:04:45.270Z,Zengaz Encendedor Soplete ZL-19 Psycodelic Eye
5850,Futurola x Mike Tyson Blunt Cono Terpeno,Conos y blunts,Futurola,futurola,blunt-cono-terpeno,blunt-cono-terpeno,/productos/futurola/blunt-cono-terpeno,2,1,Fumetas,4790,5990,25,Fumetas,Fumetas,false,true,2026-05-09T06:26:28.385Z,Futurola x Mike Tyson Blunt Wrap Terpene | Futurola x Mike Tyson Blunt Cono Terpeno
6124,Grinder Cleaner 250Ml Pec,Moledores,FORMULA 420,formula-secreta,grinder-250ml,grinder-250ml,/productos/formula-secreta/grinder-250ml,1,1,Astro Growshop,4990,4990,0,Astro Growshop,Astro Growshop,false,true,2026-05-18T14:21:24.819Z,Grinder Cleaner 250Ml Pec
6292,Quemador De 14Mm -Bonglab,Repuestos para bongs y vaporizadores,BONGLAB,bonglab,banger-quemador-14mm,banger-quemador-14mm,/productos/bonglab/banger-quemador-14mm,1,1,Astro Growshop,4990,4990,0,Astro Growshop,Astro Growshop,false,true,2026-05-18T06:45:45.057Z,Quemador De 14Mm -Bonglab
5874,Contenedor Silicona Extractos 45Mm 1U-Blazy Susan,Contenedores y estuches,Blazy Susan,blazy-susan,contenedor-silicona-extractos-45mm-blue,contenedor-silicona-extractos-45mm-blue,/productos/blazy-susan/contenedor-silicona-extractos-45mm-blue,1,1,Astro Growshop,4990,4990,0,Astro Growshop,Astro Growshop,false,true,2026-05-09T05:51:34.359Z,Contenedor Silicona Extractos 45Mm 1U-Blazy Susan
6155,Bulldog Moledor Llavero Metálico 30mm,Moledores,The Bulldog Amsterdam,the-bulldog,grinder-metal-30mm,grinder-metal-30mm,/productos/the-bulldog/grinder-metal-30mm,1,1,Fumetas,5211,5211,0,Fumetas,Fumetas,false,true,2026-05-18T14:22:34.909Z,Bulldog Moledor Llavero Metálico 30mm
6113,Squadafum Moledor Pot Grinder 50mm,Moledores,Squadafum,clipper,grinder-50mm,grinder-50mm,/productos/clipper/grinder-50mm,1,1,Fumetas,5490,5490,0,Fumetas,Fumetas,false,true,2026-05-18T14:18:05.689Z,Squadafum Moledor Pot Grinder 50mm
6210,Grav Hitter Labs Whismical Taster 16mm,Pipas,Grav,grav,pipas-hitter-labs-whismical-taster-16mm,pipas-hitter-labs-whismical-taster-16mm,/productos/grav/pipas-hitter-labs-whismical-taster-16mm,1,1,Fumetas,5590,5590,0,Fumetas,Fumetas,false,true,2026-05-18T14:18:13.893Z,Grav Hitter Labs Whismical Taster 16mm
5963,G-Rollz Bandeja Pequeña Pets Rap 2,Bandejas y ceniceros,G-Rollz,g-rollz,tray-pequena-pets-rap-https,tray-pequena-pets-rap-https,/productos/g-rollz/tray-pequena-pets-rap-https,1,1,Fumetas,7590,7590,0,Fumetas,Fumetas,false,true,2026-05-08T23:15:32.690Z,G-Rollz Bandeja Pequeña Pets Rap 2
5987,Bandeja Raw Verde Emerald 20 Aniversario - Mediana,Bandejas y ceniceros,RAW,raw,tray-verde-emerald-aniversario-mediana-mediana,tray-verde-emerald-aniversario-mediana-mediana,/productos/raw/tray-verde-emerald-aniversario-mediana-mediana,1,1,Fumetas,7690,7690,0,Fumetas,Fumetas,false,true,2026-05-09T05:58:43.628Z,Bandeja Raw Verde Emerald 20 Aniversario - Mediana
6230,Pipa Pyrex Cyclotron 118- Top Smoke,Pipas,TOP SMOKE,top-smoke,pipe-pipa-pyrex-cyclotron-118,pipe-pipa-pyrex-cyclotron-118,/productos/top-smoke/pipe-pipa-pyrex-cyclotron-118,1,1,Astro Growshop,7990,7990,0,Astro Growshop,Astro Growshop,false,true,2026-05-18T14:07:30.591Z,Pipa Pyrex Cyclotron 118- Top Smoke
5952,Calvo Glass Banger Quarzo 45° Macho 14mm,Accesorios de extraccion,Calvo Glass,calvo,banger-simple-macho-45-14mm,banger-simple-macho-45-14mm,/productos/calvo/banger-simple-macho-45-14mm,1,1,Fumetas,7990,7990,0,Fumetas,Fumetas,false,true,2026-05-09T05:59:07.724Z,Calvo Glass Banger Quarzo 45° Macho 14mm
5989,Cenicero Bulldog de Vidrio - Color V1,Bandejas y ceniceros,The Bulldog Amsterdam,the-bulldog,bandejas-amsterdam-cenicero-vidrio-https,bandejas-amsterdam-cenicero-vidrio-https,/productos/the-bulldog/bandejas-amsterdam-cenicero-vidrio-https,1,1,Fumetas,7990,7990,0,Fumetas,Fumetas,false,true,2026-05-09T05:58:23.234Z,Cenicero Bulldog de Vidrio - Color V1
5944,Banger Calvo Flat Bucket 90° - Macho 14mm,Accesorios de extraccion,Calvo,calvo,banger-flat-bucket-macho-90-14mm,banger-flat-bucket-macho-90-14mm,/productos/calvo/banger-flat-bucket-macho-90-14mm,1,1,Fumetas,8990,8990,0,Fumetas,Fumetas,false,true,2026-05-09T05:58:47.306Z,Banger Calvo Flat Bucket 90° - Macho 14mm
5942,Banger Calvo Flat Bucket 45° - Macho 14mm,Accesorios de extraccion,Calvo,calvo,banger-flat-bucket-macho-45-14mm,banger-flat-bucket-macho-45-14mm,/productos/calvo/banger-flat-bucket-macho-45-14mm,1,1,Fumetas,8990,8990,0,Fumetas,Fumetas,false,true,2026-05-09T05:58:45.499Z,Banger Calvo Flat Bucket 45° - Macho 14mm
6261,Pipa Pyrex Lunaris 124- Top Smoke,Pipas,TOP SMOKE,top-smoke,pipe-pipa-pyrex-lunaris-124,pipe-pipa-pyrex-lunaris-124,/productos/top-smoke/pipe-pipa-pyrex-lunaris-124,1,1,Astro Growshop,9990,9990,0,Astro Growshop,Astro Growshop,false,true,2026-05-18T14:07:59.319Z,Pipa Pyrex Lunaris 124- Top Smoke
6239,Pipa Pyrex Exodus 125- Top Smoke,Pipas,TOP SMOKE,top-smoke,pipe-pipa-pyrex-exodus-125,pipe-pipa-pyrex-exodus-125,/productos/top-smoke/pipe-pipa-pyrex-exodus-125,1,1,Astro Growshop,9990,9990,0,Astro Growshop,Astro Growshop,false,true,2026-05-18T14:07:39.046Z,Pipa Pyrex Exodus 125- Top Smoke
5920,Bolsa RAW de 200 Tips Pre-enroladas,Filtros y boquillas,RAW,raw,bolsa-200-tips-preenroladas,bolsa-200-tips-preenroladas,/productos/raw/bolsa-200-tips-preenroladas,1,1,Fumetas,9990,9990,0,Fumetas,Fumetas,false,true,2026-05-09T05:58:48.170Z,Bolsa RAW de 200 Tips Pre-enroladas
5992,Vibes Bandeja 3S A Crowd- Mediana,Bandejas y ceniceros,Vibes,vibes,tray-crowd-mediana-https-fumetas-cl-mediana,tray-crowd-mediana-https-fumetas-cl-mediana,/productos/vibes/tray-crowd-mediana-https-fumetas-cl-mediana,1,1,Fumetas,9990,9990,0,Fumetas,Fumetas,false,true,2026-05-08T23:15:22.043Z,Vibes Bandeja 3S A Crowd- Mediana
6236,Pipa Pyrex Drakon 58- Top Smoke,Pipas,TOP SMOKE,top-smoke,pipe-pipa-pyrex-drakon-https,pipe-pipa-pyrex-drakon-https,/productos/top-smoke/pipe-pipa-pyrex-drakon-https,1,1,Astro Growshop,10990,10990,0,Astro Growshop,Astro Growshop,false,true,2026-05-18T14:07:36.382Z,Pipa Pyrex Drakon 58- Top Smoke
5978,Bandeja RAW metálica Classic - Grande,Bandejas y ceniceros,RAW,raw,tray-metalica-classic-grande-https-grande,tray-metalica-classic-grande-https-grande,/productos/raw/tray-metalica-classic-grande-https-grande,1,1,Fumetas,10990,10990,0,Fumetas,Fumetas,false,true,2026-05-09T06:26:41.370Z,Bandeja RAW metálica Classic - Grande
5984,Bandeja RAW metálica Prepare for Flight - Grande,Bandejas y ceniceros,RAW,raw,tray-metalica-prepare-for-flight-grande,tray-metalica-prepare-for-flight-grande,/productos/raw/tray-metalica-prepare-for-flight-grande,1,1,Fumetas,10990,10990,0,Fumetas,Fumetas,false,true,2026-05-08T22:04:53.989Z,Bandeja RAW metálica Prepare for Flight - Grande
6117,Pack Moledor Ecohemp Black - Galaxy,Moledores,GALAXY,clipper,grinder-ecohemp,grinder-ecohemp,/productos/clipper/grinder-ecohemp,5,1,Astro Growshop,11990,11990,0,Astro Growshop,Astro Growshop,false,true,2026-05-18T14:21:38.066Z,Pack Moledor Ecohemp Black - Galaxy | Pack Moledor Ecohemp Blue - Galaxy | Pack Moledor Ecohemp Green - Galaxy | Pack Moledor Ecohemp Red - Galaxy | Pack Moledor Ecohemp White- Galaxy
5950,Calvo Glass Banger Pro Base Plana - Macho 14mm,Accesorios de extraccion,Calvo Glass,calvo,banger-pro-base-plana-macho-14mm,banger-pro-base-plana-macho-14mm,/productos/calvo/banger-pro-base-plana-macho-14mm,1,1,Fumetas,12990,12990,0,Fumetas,Fumetas,false,true,2026-05-09T05:58:11.071Z,Calvo Glass Banger Pro Base Plana - Macho 14mm
5951,Calvo Glass Banger Pro redondo - Macho 14mm,Accesorios de extraccion,Calvo Glass,calvo,banger-pro-redondo-macho-14mm-4mm,banger-pro-redondo-macho-14mm-4mm,/productos/calvo/banger-pro-redondo-macho-14mm-4mm,1,1,Fumetas,12990,12990,0,Fumetas,Fumetas,false,true,2026-05-09T05:58:09.189Z,Calvo Glass Banger Pro redondo - Macho 14mm
5811,Vaporizador Airis Neo P8000 Black Ice 5%-Airistech,Vaporizadores electronicos,AIRISTECH,airis,disposable-neo-p8000-black-ice,disposable-neo-p8000-black-ice,/productos/airis/disposable-neo-p8000-black-ice,1,1,Astro Growshop,16190,16190,0,Astro Growshop,Astro Growshop,false,true,2026-05-14T13:54:01.366Z,Vaporizador Airis Neo P8000 Black Ice 5%-Airistech
5961,Futurola x Mike Tyson Bandeja Metálica Mediana,Bandejas y ceniceros,Futurola,futurola,tray-mike-tyson-metalica-mediana-mediana,tray-mike-tyson-metalica-mediana-mediana,/productos/futurola/tray-mike-tyson-metalica-mediana-mediana,1,1,Fumetas,18590,18590,0,Fumetas,Fumetas,false,true,2026-05-08T22:05:04.693Z,Futurola x Mike Tyson Bandeja Metálica Mediana
6058,"Cono inflable RAW mediano 1,8 mts - Flotador",Conos y blunts,RAW,raw,cone-mediano,cone-mediano,/productos/raw/cone-mediano,1,1,Fumetas,19131,19131,0,Fumetas,Fumetas,false,true,2026-05-08T22:05:19.148Z,"Cono inflable RAW mediano 1,8 mts - Flotador"
5896,"Pulsar Pipa Spoon Geometrica 10,7cm",Pipas,Pulsar,pulsar,spoon-geometrica-10-7cm,spoon-geometrica-10-7cm,/productos/pulsar/spoon-geometrica-10-7cm,1,1,Fumetas,19990,19990,0,Fumetas,Fumetas,false,true,2026-05-18T14:11:23.219Z,"Pulsar Pipa Spoon Geometrica 10,7cm"
5948,Calvo Glass Banger Full Weld Regular Macho 14mm,Accesorios de extraccion,Calvo Glass,calvo,banger-full-weld-regular-macho-14mm-regular,banger-full-weld-regular-macho-14mm-regular,/productos/calvo/banger-full-weld-regular-macho-14mm-regular,1,1,Fumetas,19990,19990,0,Fumetas,Fumetas,false,true,2026-05-09T05:59:06.254Z,Calvo Glass Banger Full Weld Regular Macho 14mm
5938,Calvo Glass Banger Full Weld Big Slurper - Macho 10mm,Accesorios de extraccion,Bonglab,calvo,banger-big-slurper-macho-10mm,banger-big-slurper-macho-10mm,/productos/calvo/banger-big-slurper-macho-10mm,1,1,Fumetas,20990,20990,0,Fumetas,Fumetas,false,true,2026-05-09T05:58:06.454Z,Calvo Glass Banger Full Weld Big Slurper - Macho 10mm
5882,Grav Rocker Steamroller 12cm,Pipas,Grav,grav,rocker-steamroller-12cm,rocker-steamroller-12cm,/productos/grav/rocker-steamroller-12cm,1,1,Fumetas,21990,21990,0,Fumetas,Fumetas,false,true,2026-05-18T14:11:35.262Z,Grav Pipa Rocker Steamroller 12cm
6071,Soplete Broiler Torch Y2K (Toolbox Incluida)-Calvo,Encendedores y sopletes,CALVO GLASS,calvo,lighter-glass-soplete-broiler-torch,lighter-glass-soplete-broiler-torch,/productos/calvo/lighter-glass-soplete-broiler-torch,1,1,Astro Growshop,21990,21990,0,Astro Growshop,Astro Growshop,false,true,2026-05-08T21:48:09.762Z,Soplete Broiler Torch Y2K (Toolbox Incluida)-Calvo
6160,Moledor metálico Swing Bulldog 60mm,Moledores,The Bulldog Amsterdam,the-bulldog,grinder-swing-metal-60mm,grinder-swing-metal-60mm,/productos/the-bulldog/grinder-swing-metal-60mm,1,1,Fumetas,25990,25990,0,Fumetas,Fumetas,false,true,2026-05-18T14:22:35.564Z,Moledor metálico Swing Bulldog 60mm
6310,Vaporizador Airis 8 Dip &amp; Dab,Vaporizadores herbales,Airistech,airis,vaporizadores-airistech-vaporizador-dip-dab,vaporizadores-airistech-vaporizador-dip-dab,/productos/airis/vaporizadores-airistech-vaporizador-dip-dab,1,1,Fumetas,25990,25990,0,Fumetas,Fumetas,false,true,2026-05-14T13:32:24.378Z,Vaporizador Airis 8 Dip &amp; Dab
6063,Jar Blanco Gold Ink 8Oz-Bonglab Re: Stash,Contenedores y estuches,RE: STASH,bonglab,container-jar-8oz,container-jar-8oz,/productos/bonglab/container-jar-8oz,1,1,Astro Growshop,25990,25990,0,Astro Growshop,Astro Growshop,false,true,2026-05-09T05:52:27.633Z,Jar Blanco Gold Ink 8Oz-Bonglab Re: Stash
5845,Blazy Susan Conos Pre-enrolados Pink 98mm 50 uds,Conos y blunts,Blazy Susan,blazy-susan,pre-roll-pink-king-size-50u,pre-roll-pink-king-size-50u,/productos/blazy-susan/pre-roll-pink-king-size-50u,1,1,Fumetas,26991,26991,0,Fumetas,Fumetas,false,true,2026-05-18T06:49:56.598Z,Blazy Susan Conos Pre-enrolados Pink 98mm 50 uds.
5844,Blazy Susan Conos Pre-enrolados King Size 50 uds,Conos y blunts,Blazy Susan,blazy-susan,pre-roll-king-size-50u,pre-roll-king-size-50u,/productos/blazy-susan/pre-roll-king-size-50u,1,1,Fumetas,26991,26991,0,Fumetas,Fumetas,false,true,2026-05-18T06:49:20.391Z,Blazy Susan Conos Pre-enrolados King Size 50 uds.
6060,Jar Rasta Tie Dye 12Oz-Bonglab Re: Stash,Contenedores y estuches,RE: STASH,bonglab,container-jar-12oz,container-jar-12oz,/productos/bonglab/container-jar-12oz,1,1,Astro Growshop,29990,29990,0,Astro Growshop,Astro Growshop,false,true,2026-05-09T05:52:31.978Z,Jar Rasta Tie Dye 12Oz-Bonglab Re: Stash
6097,Encendedor Zippo High Polish Sterling Silver,Encendedores y sopletes,ZIPPO,zippo,lighter-encendedor-high-polish-sterling,lighter-encendedor-high-polish-sterling,/productos/zippo/lighter-encendedor-high-polish-sterling,1,1,Fumetas,31990,31990,0,Fumetas,Fumetas,false,true,2026-05-09T05:56:45.614Z,Encendedor Zippo High Polish Sterling Silver
6010,Calvo Glass Doble Fungus Rig 28 cm,Bongs,Bonglab,calvo,bong-bonglab-glass-doble-fungus-28cm,bong-bonglab-glass-doble-fungus-28cm,/productos/calvo/bong-bonglab-glass-doble-fungus-28cm,1,1,Fumetas,32181,32181,0,Fumetas,Fumetas,false,true,2026-05-09T05:58:17.590Z,Calvo Glass Doble Fungus Rig 28 cm
6095,Encendedor Zippo High Polish Chrome Vintage,Encendedores y sopletes,Zippo,zippo,lighter-encendedor-high-polish-chrome,lighter-encendedor-high-polish-chrome,/productos/zippo/lighter-encendedor-high-polish-chrome,1,1,Fumetas,32990,32990,0,Fumetas,Fumetas,false,true,2026-05-09T06:26:22.399Z,Encendedor Zippo High Polish Chrome Vintage
6115,Pack Moledor Aluminio Case Rose Gold 55Mm -Galaxy,Moledores,GALAXY,clipper,grinder-case-metal-55mm,grinder-case-metal-55mm,/productos/clipper/grinder-case-metal-55mm,9,1,Astro Growshop,33990,33990,0,Astro Growshop,Astro Growshop,false,true,2026-05-18T14:21:15.417Z,Pack Moledor Aluminio Case Rose Gold 55Mm -Galaxy | Pack Moledor Aluminio Case Azul 55Mm -Galaxy | Pack Moledor Aluminio Case Gold 55Mm -Galaxy | Pack Moledor Aluminio Case Green 55Mm -Galaxy | Pack Moledor Aluminio Case Negro 55Mm -Galaxy | Pack Moledor Aluminio Case Pink 55Mm -Galaxy | Pack Moledor Aluminio Case Purple 55Mm -Galaxy | Pack Moledor Aluminio Case Red 55Mm -Galaxy | Pack Moledor Aluminio Case Silver 55Mm -Galaxy
6019,Calvo Glass Bong Double Eye Rig 20cm,Bongs,Calvo Glass,calvo,bong-glass-glass-double-eye-20cm,bong-glass-glass-double-eye-20cm,/productos/calvo/bong-glass-glass-double-eye-20cm,1,1,Fumetas,34990,34990,0,Fumetas,Fumetas,false,true,2026-05-09T05:59:12.372Z,Calvo Glass Bong Double Eye Rig 20cm
6194,Pipa Solo Chillium Negro-American Helix,Pipas,AMERICAN HELIX,american-helix,pipe-pipa-solo-chillium-negro,pipe-pipa-solo-chillium-negro,/productos/american-helix/pipe-pipa-solo-chillium-negro,1,1,Astro Growshop,34990,34990,0,Astro Growshop,Astro Growshop,false,true,2026-05-08T06:12:52.927Z,Pipa Solo Chillium Negro-American Helix
5822,Kleaner 30 Ml Detox – Limpiador De Toxinas,Limpieza,ZYDOT,kleaner,cleaner-detox-30ml,cleaner-detox-30ml,/productos/kleaner/cleaner-detox-30ml,1,1,Astro Growshop,35990,35990,0,Astro Growshop,Astro Growshop,false,true,2026-05-08T21:48:13.446Z,Kleaner 30 Ml Detox – Limpiador De Toxinas
6116,Pack Moledor Aluminio Case Pink 63Mm- Galaxy,Moledores,GALAXY,clipper,grinder-case-metal-63mm,grinder-case-metal-63mm,/productos/clipper/grinder-case-metal-63mm,9,1,Astro Growshop,36690,36990,1,Astro Growshop,Astro Growshop,false,true,2026-05-18T14:16:28.139Z,Pack Moledor Aluminio Case Pink 63Mm- Galaxy | Pack Moledor Aluminio Case Rose Gold 63Mm- Galaxy | Pack Moledor Aluminio Case Azul 63Mm - Galaxy | Pack Moledor Aluminio Case Gold 63Mm- Galaxy | Pack Moledor Aluminio Case Green 63Mm- Galaxy | Pack Moledor Aluminio Case Negro 63Mm- Galaxy | Pack Moledor Aluminio Case Purple 63Mm- Galaxy | Pack Moledor Aluminio Case Red 63Mm- Galaxy | Pack Moledor Aluminio Case Silver 63Mm- Galaxy
5849,Futurola x Mike Tyson Máquina Enroladora de Conos King Size,Conos y blunts,Futurola,futurola,machine-mike-tyson-king-size,machine-mike-tyson-king-size,/productos/futurola/machine-mike-tyson-king-size,1,1,Fumetas,36990,36990,0,Fumetas,Fumetas,false,true,2026-05-18T06:49:53.467Z,Futurola x Mike Tyson Máquina Enroladora de Conos King Size
6073,Encendedor Jet Flame Jet Cozy Skull 24U- Clipper,Encendedores y sopletes,CLIPPER,clipper,lighter-encendedor-jet-flame-jet,lighter-encendedor-jet-flame-jet,/productos/clipper/lighter-encendedor-jet-flame-jet,2,1,Astro Growshop,36990,36990,0,Astro Growshop,Astro Growshop,false,true,2026-05-18T06:45:15.025Z,Encendedor Jet Flame Jet Cozy Skull 24U- Clipper | Encendedor Jet Flame Jet Horror Zoo 24U- Clipper
6061,Jar Ocean Tie Dye 16Oz-Bonglab Re: Stash,Contenedores y estuches,RE: STASH,bonglab,container-jar-16oz,container-jar-16oz,/productos/bonglab/container-jar-16oz,1,1,Astro Growshop,36990,36990,0,Astro Growshop,Astro Growshop,false,true,2026-05-09T05:52:28.561Z,Jar Ocean Tie Dye 16Oz-Bonglab Re: Stash
5899,Hemper Pipa Hongo Trippy 11 cm,Pipas,Hemper,hemper,hongo-trippy-11cm,hongo-trippy-11cm,/productos/hemper/hongo-trippy-11cm,1,1,Fumetas,37990,37990,0,Fumetas,Fumetas,false,true,2026-05-18T14:18:14.228Z,Hemper Pipa Hongo Trippy 11 cm
6096,Encendedor High Polish Rose-Zippo,Encendedores y sopletes,ZIPPO,zippo,lighter-encendedor-high-polish-rose,lighter-encendedor-high-polish-rose,/productos/zippo/lighter-encendedor-high-polish-rose,1,1,Astro Growshop,37990,37990,0,Astro Growshop,Astro Growshop,false,true,2026-05-09T06:22:53.721Z,Encendedor High Polish Rose-Zippo
6119,Pack Moledor Aluminio Pro Rose Gold 38Mm - Galaxy,Moledores,GALAXY,clipper,grinder-pro-metal-38mm,grinder-pro-metal-38mm,/productos/clipper/grinder-pro-metal-38mm,7,1,Astro Growshop,39990,39990,0,Astro Growshop,Astro Growshop,false,true,2026-05-18T14:16:53.071Z,Pack Moledor Aluminio Pro Rose Gold 38Mm - Galaxy | Pack Moledor Aluminio Pro Black 38Mm - Galaxy | Pack Moledor Aluminio Pro Blue 38Mm - Galaxy | Pack Moledor Aluminio Pro Gold 38Mm - Galaxy | Pack Moledor Aluminio Pro Green 38Mm - Galaxy | Pack Moledor Aluminio Pro Purple 38Mm - Galaxy | Pack Moledor Aluminio Pro Red 38Mm - Galaxy
5878,Ozeta Shoulderbag con Clave - Anti-olor,Contenedores y estuches,Ozeta,ozeta,shoulderbag-clave-antiolor,shoulderbag-clave-antiolor,/productos/ozeta/shoulderbag-clave-antiolor,1,1,Fumetas,40990,40990,0,Fumetas,Fumetas,false,true,2026-05-14T13:47:13.539Z,Ozeta Shoulderbag con Clave - Anti-olor
6120,Pack Moledor Aluminio Pro Rose Gold 55Mm-Galaxy,Moledores,GALAXY,clipper,grinder-pro-metal-55mm,grinder-pro-metal-55mm,/productos/clipper/grinder-pro-metal-55mm,8,1,Astro Growshop,42990,42990,0,Astro Growshop,Astro Growshop,false,true,2026-05-18T14:16:53.801Z,Pack Moledor Aluminio Pro Rose Gold 55Mm-Galaxy | Pack Moledor Aluminio Pro Black 55Mm-Galaxy | Pack Moledor Aluminio Pro Blue 55Mm-Galaxy | Pack Moledor Aluminio Pro Gold 55Mm-Galaxy | Pack Moledor Aluminio Pro Green 55Mm-Galaxy | Pack Moledor Aluminio Pro Pink 55Mm-Galaxy | Pack Moledor Aluminio Pro Purple 55Mm-Galaxy | Pack Moledor Aluminio Pro Red 55Mm-Galaxy
6196,Pipa Uno Og Standard Negro-American Helix,Pipas,AMERICAN HELIX,american-helix,pipe-pipa-uno-standard-negro,pipe-pipa-uno-standard-negro,/productos/american-helix/pipe-pipa-uno-standard-negro,1,1,Astro Growshop,43990,43990,0,Astro Growshop,Astro Growshop,false,true,2026-05-18T14:07:04.385Z,Pipa Uno Og Standard Negro-American Helix
6020,Calvo Glass Bong Eye Sun Rig 25cm,Bongs,Calvo Glass,calvo,bong-glass-glass-eye-sun-25cm,bong-glass-glass-eye-sun-25cm,/productos/calvo/bong-glass-glass-eye-sun-25cm,1,1,Fumetas,44990,44990,0,Fumetas,Fumetas,false,true,2026-05-09T05:59:14.155Z,Calvo Glass Bong Eye Sun Rig 25cm
6012,Calvo Bong Four Horn Rig Morado 20cm,Bongs,Calvo,calvo,bong-four-horn-rig-morado-20cm,bong-four-horn-rig-morado-20cm,/productos/calvo/bong-four-horn-rig-morado-20cm,1,1,Fumetas,44990,44990,0,Fumetas,Fumetas,false,true,2026-05-09T05:59:04.224Z,Calvo Bong Four Horn Rig Morado 20cm
6011,Calvo Bong Four Horn Rig Azul 22cm,Bongs,Calvo,calvo,bong-four-horn-rig-azul-22cm,bong-four-horn-rig-azul-22cm,/productos/calvo/bong-four-horn-rig-azul-22cm,1,1,Fumetas,44990,44990,0,Fumetas,Fumetas,false,true,2026-05-09T05:59:03.205Z,Calvo Bong Four Horn Rig Azul 22cm
6023,Calvo Glass Rig Splash Guard 21cm,Bongs,CALVO GLASS,calvo,bong-glass-glass-rig-splash-21cm,bong-glass-glass-rig-splash-21cm,/productos/calvo/bong-glass-glass-rig-splash-21cm,1,1,Fumetas,44990,44990,0,Fumetas,Fumetas,false,true,2026-05-09T05:58:22.328Z,Calvo Glass Rig Splash Guard 21cm
6121,Pack Moledor Aluminio Pro Rose Gold 63Mm-Galaxy,Moledores,GALAXY,clipper,grinder-pro-metal-63mm,grinder-pro-metal-63mm,/productos/clipper/grinder-pro-metal-63mm,8,1,Astro Growshop,45990,45990,0,Astro Growshop,Astro Growshop,false,true,2026-05-18T14:16:54.680Z,Pack Moledor Aluminio Pro Rose Gold 63Mm-Galaxy | Pack Moledor Aluminio Pro Black 63Mm-Galaxy | Pack Moledor Aluminio Pro Blue 63Mm-Galaxy | Pack Moledor Aluminio Pro Gold 63Mm-Galaxy | Pack Moledor Aluminio Pro Green 63Mm-Galaxy | Pack Moledor Aluminio Pro Pink 63Mm-Galaxy | Pack Moledor Aluminio Pro Purple 63Mm-Galaxy | Pack Moledor Aluminio Pro Red 63Mm-Galaxy
5996,Purple Rig Purple-Bonglab,Bongs,BONGLAB,bonglab,bong-purple-rig-purple-https,bong-purple-rig-purple-https,/productos/bonglab/bong-purple-rig-purple-https,1,1,Astro Growshop,47990,47990,0,Astro Growshop,Astro Growshop,false,true,2026-05-08T06:12:31.601Z,Purple Rig Purple-Bonglab
6026,Calvo Glass Bong Straight Tube Grande 43cm,Bongs,CALVO GLASS,calvo,bong-glass-glass-straight-tube-43cm-grande,bong-glass-glass-straight-tube-43cm-grande,/productos/calvo/bong-glass-glass-straight-tube-43cm-grande,1,1,Fumetas,51990,51990,0,Fumetas,Fumetas,false,true,2026-05-09T05:59:20.464Z,Calvo Glass Bong Straight Tube Grande 43cm
5993,BongLab Bong K104 Moon 27cm,Bongs,BongLab,bonglab,bong-k104-moon-27cm-https-27cm,bong-k104-moon-27cm-https-27cm,/productos/bonglab/bong-k104-moon-27cm-https-27cm,1,1,Fumetas,52990,52990,0,Fumetas,Fumetas,false,true,2026-05-09T05:58:49.852Z,BongLab Bong K104 Moon 27cm
6016,Calvo Glass Bong Doble Cuerno 28cm,Bongs,CALVO GLASS,calvo,bong-glass-glass-doble-cuerno-28cm,bong-glass-glass-doble-cuerno-28cm,/productos/calvo/bong-glass-glass-doble-cuerno-28cm,1,1,Fumetas,56990,56990,0,Fumetas,Fumetas,false,true,2026-05-09T05:58:14.802Z,Calvo Glass Bong Doble Cuerno 28cm
6118,Pack Moledor Aluminio Experto Rose Gold 63Mm - Galaxy,Moledores,GALAXY,clipper,grinder-experto-metal-63mm,grinder-experto-metal-63mm,/productos/clipper/grinder-experto-metal-63mm,9,1,Astro Growshop,57990,57990,0,Astro Growshop,Astro Growshop,false,true,2026-05-18T14:16:34.887Z,Pack Moledor Aluminio Experto Rose Gold 63Mm - Galaxy | Pack Moledor Aluminio Experto Black 63Mm - Galaxy | Pack Moledor Aluminio Experto Blue 63Mm - Galaxy | Pack Moledor Aluminio Experto Gold 63Mm - Galaxy | Pack Moledor Aluminio Experto Green 63Mm - Galaxy | Pack Moledor Aluminio Experto Pink 63Mm - Galaxy | Pack Moledor Aluminio Experto Purple 63Mm - Galaxy | Pack Moledor Aluminio Experto Red 63Mm - Galaxy | Pack Moledor Aluminio Experto Silver 63Mm - Galaxy
6021,Calvo Glass Bong Hongo Shower Head 28cm,Bongs,Calvo Glass,calvo,bong-glass-glass-hongo-shower-28cm,bong-glass-glass-hongo-shower-28cm,/productos/calvo/bong-glass-glass-hongo-shower-28cm,1,1,Fumetas,60891,60891,0,Fumetas,Fumetas,false,true,2026-05-09T05:59:15.667Z,Calvo Glass Bong Hongo Shower Head 28cm
6022,Calvo Glass Bong Pulpo 27cm,Bongs,Calvo Glass,calvo,bong-glass-glass-pulpo-27cm-27cm,bong-glass-glass-pulpo-27cm-27cm,/productos/calvo/bong-glass-glass-pulpo-27cm-27cm,1,1,Fumetas,64990,64990,0,Fumetas,Fumetas,false,true,2026-05-09T05:59:16.820Z,Calvo Glass Bong Pulpo 27cm
6018,Calvo Glass Bong Doble Inline 2.0 45cm,Bongs,Calvo Glass,calvo,bong-glass-glass-doble-inline-45cm,bong-glass-glass-doble-inline-45cm,/productos/calvo/bong-glass-glass-doble-inline-45cm,1,1,Fumetas,64990,64990,0,Fumetas,Fumetas,false,true,2026-05-09T05:59:10.557Z,Calvo Glass Bong Doble Inline 2.0 45cm
6017,Calvo Glass Bong Doble Inline 40cm,Bongs,Calvo Glass,calvo,bong-glass-glass-doble-inline-40cm,bong-glass-glass-doble-inline-40cm,/productos/calvo/bong-glass-glass-doble-inline-40cm,1,1,Fumetas,69591,69591,0,Fumetas,Fumetas,false,true,2026-05-09T05:58:15.725Z,Calvo Glass Bong Doble Inline 40cm
6024,Calvo Glass Bong Sandblasted Straight Tube 40cm,Bongs,Calvo Glass,calvo,bong-glass-glass-sandblasted-straight-40cm,bong-glass-glass-sandblasted-straight-40cm,/productos/calvo/bong-glass-glass-sandblasted-straight-40cm,1,1,Fumetas,69990,69990,0,Fumetas,Fumetas,false,true,2026-05-09T05:59:18.719Z,Calvo Glass Bong Sandblasted Straight Tube 40cm
6013,Calvo Glass Bong Beaker Dragon Ball Z 40cm,Bongs,Calvo Glass,calvo,bong-glass-glass-beaker-dragon-40cm,bong-glass-glass-beaker-dragon-40cm,/productos/calvo/bong-glass-glass-beaker-dragon-40cm,1,1,Fumetas,69990,69990,0,Fumetas,Fumetas,false,true,2026-05-09T05:59:13.122Z,Calvo Glass Bong Beaker Dragon Ball Z 40cm
6314,Dynavap Vaporizador Mecánico M7 XL,Vaporizadores herbales,Dynavap,dynavap,vaporizadores-vaporizador-mecanico-https-fumetas-cl-xl,vaporizadores-vaporizador-mecanico-https-fumetas-cl-xl,/productos/dynavap/vaporizadores-vaporizador-mecanico-https-fumetas-cl-xl,1,1,Fumetas,127990,127990,0,Fumetas,Fumetas,false,true,2026-05-08T22:04:38.391Z,Dynavap Vaporizador Mecánico M7 XL
6311,Arizer Argo Black,Vaporizadores herbales,Arizer,arizer,vaporizadores-argo-black-https-fumetas-cl,vaporizadores-argo-black-https-fumetas-cl,/productos/arizer/vaporizadores-argo-black-https-fumetas-cl,1,1,Fumetas,199990,199990,0,Fumetas,Fumetas,false,true,2026-05-08T22:05:23.756Z,Arizer Argo Black
6312,Vaporizador Mighty V2 Storz &amp; Bickel,Vaporizadores herbales,Storz & Bickel,cabo,vaporizadores-storz-bickel-vaporizador-mighty,vaporizadores-storz-bickel-vaporizador-mighty,/productos/cabo/vaporizadores-storz-bickel-vaporizador-mighty,1,1,Fumetas,339990,339990,0,Fumetas,Fumetas,false,true,2026-05-08T23:15:18.773Z,Vaporizador Mighty V2 Storz &amp; Bickel
