id,name,category,brand,brandKey,modelKey,modelSlug,url,offers,stores,storeNames,minPrice,maxPrice,spreadPct,cheapestStore,priciestStore,inStock,hasImage,lastSeenAt,titles
6634,Papelillos Gizeh Brown 1 1/4 sin blanquear,Papelillos,Gizeh,gizeh,paper-1-1-4-1-1-4,unbleached,/productos/gizeh/unbleached,2,1,Fumetas,590,590,0,Fumetas,Fumetas,true,true,2026-05-09T05:57:57.315Z,Papelillos Gizeh Brown 1 1/4 sin blanquear | Papelillos Gizeh Unbleached Extra Fine 1 1/4
6645,Papelillos Gizeh Black 1 1/4 Extra Fine,Papelillos,Gizeh,gizeh,paper-1-1-4-1-1-4,black,/productos/gizeh/black,1,1,Fumetas,590,590,0,Fumetas,Fumetas,true,true,2026-05-09T05:57:55.143Z,Papelillos Gizeh Black 1 1/4 Extra Fine
6666,Papelillos Bulldog Black 1 1/4,Papelillos,The Bulldog Amsterdam,the-bulldog,paper-1-1-4-1-1-4,black,/productos/the-bulldog/black,1,1,Fumetas,590,590,0,Fumetas,Fumetas,true,true,2026-05-08T04:58:33.562Z,Papelillos Bulldog Black 1 1/4
6544,Encendedor Ronson Electrolite【recargable】,Encendedores y sopletes,RONSON,ronson,lighter-electrolite,lighter-electrolite,/productos/ronson/lighter-electrolite,1,1,GrowBarato Chile,700,700,0,GrowBarato Chile,GrowBarato Chile,true,true,2026-05-22T05:54:37.778Z,Encendedor Ronson Electrolite【recargable】
6643,Papel ultrafino OCB Ultimate 1.1/4 - GB The Green Brand,Papelillos,OCB,gb-the-green-brand,paper-ocb-ultimate,ultimate,/productos/gb-the-green-brand/ultimate,1,1,GrowBarato Chile,700,700,0,GrowBarato Chile,GrowBarato Chile,true,true,2026-05-22T05:52:47.988Z,Papel ultrafino OCB Ultimate 1.1/4 - GB The Green Brand
6651,OCB Papelillos Rice Sin Blanquear 1 1/4,Papelillos,OCB,ocb,paper-1-1-4-1-1-4,rice,/productos/ocb/rice,1,1,Fumetas,790,790,0,Fumetas,Fumetas,true,true,2026-05-09T05:57:53.936Z,OCB Papelillos Rice Sin Blanquear 1 1/4
6653,Papelillo OCB Blanco 1 1/4,Papelillos,OCB,ocb,paper-1-1-4-1-1-4,white,/productos/ocb/white,1,1,Piranha,790,790,0,Piranha,Piranha,true,true,2026-05-08T22:07:50.485Z,Papelillo OCB Blanco 1 1/4
6559,Blazy Susan Boquillas Purple Pre-picadas 50 uds.,Filtros y boquillas,Blazy Susan,blazy-susan,paper-tip-50u,paper-tip-50u,/productos/blazy-susan/paper-tip-50u,1,1,Fumetas,790,790,0,Fumetas,Fumetas,true,true,2026-05-08T06:14:15.110Z,Blazy Susan Boquillas Purple Pre-picadas 50 uds.
6639,G-Rollz Papelillos Lightly Dyed Pink 1 1/4,Papelillos,G-Rollz,g-rollz,paper-1-1-4-1-1-4,pink,/productos/g-rollz/pink,1,1,Fumetas,790,790,0,Fumetas,Fumetas,true,true,2026-05-08T06:14:14.440Z,G-Rollz Papelillos Lightly Dyed Pink 1 1/4
6637,Blazy Susan Papelillos King Size Purple,Papelillos,Blazy Susan,blazy-susan,paper-king-size-king-size,purple-king-size,/productos/blazy-susan/purple-king-size,1,1,Fumetas,890,890,0,Fumetas,Fumetas,true,true,2026-05-09T06:26:21.658Z,Blazy Susan Papelillos King Size Purple
6636,Blazy Susan Papelillos King Size Pink,Papelillos,Blazy Susan,blazy-susan,paper-king-size-king-size,pink-king-size,/productos/blazy-susan/pink-king-size,1,1,Fumetas,890,890,0,Fumetas,Fumetas,true,true,2026-05-09T06:26:20.201Z,Blazy Susan Papelillos King Size Pink
6648,Papelillos Gizeh King Size Pure Cañamo Orgánico,Papelillos,Gizeh,gizeh,paper-king-size-king-size,organic-king-size,/productos/gizeh/organic-king-size,1,1,Fumetas,890,890,0,Fumetas,Fumetas,true,true,2026-05-08T06:14:13.180Z,Papelillos Gizeh King Size Pure Cañamo Orgánico
6660,Papelillo RAW Cañamo Orgánico 1 1/4 | PIRANHA,Papelillos,RAW,raw,paper-1-1-4-1-1-4,organic,/productos/raw/organic,1,1,Piranha,990,990,0,Piranha,Piranha,true,true,2026-05-08T22:07:54.385Z,Papelillo RAW Cañamo Orgánico 1 1/4 | PIRANHA
6541,Gas Butano Ronson 18 ml,Encendedores y sopletes,Ronson,ronson,gas-18ml,gas-18ml,/productos/ronson/gas-18ml,1,1,Fumetas,990,990,0,Fumetas,Fumetas,true,true,2026-05-08T22:05:29.680Z,Gas Butano Ronson 18 ml
6385,Bandeja Rolado Metalica 18X12Cm Raw 2,Bandejas y ceniceros,BT,raw,tray-metal-metal-18x12cm,metal-metal-18x12cm,/productos/raw/metal-metal-18x12cm,1,1,Astro Growshop,990,990,0,Astro Growshop,Astro Growshop,true,true,2026-05-08T21:47:43.042Z,Bandeja Rolado Metalica 18X12Cm Raw 2
6478,Cyclone Clear Cones | Conos de Celulosa Transparentes con Sabores – GrowBaratoChile,Conos y blunts,,cyclone,pre-roll-clear,pre-roll-clear,/productos/cyclone/pre-roll-clear,1,1,GrowBarato Chile,1000,1000,0,GrowBarato Chile,GrowBarato Chile,true,true,2026-05-22T05:56:50.013Z,Cyclone Clear Cones | Conos de Celulosa Transparentes con Sabores – GrowBaratoChile
6674,Pipa Hitter 12mm Calvo | One Hitter color rosa y negro Chile,Pipas,CALVO,calvo,hitter,hitter,/productos/calvo/hitter,1,1,GrowBarato Chile,1000,1000,0,GrowBarato Chile,GrowBarato Chile,true,true,2026-05-22T05:54:46.168Z,Pipa Hitter 12mm Calvo | One Hitter color rosa y negro Chile
6545,Encendedor De Cocina - Ronson Pequeño【 Recargable 】,Encendedores y sopletes,RONSON,ronson,lighter-kitchen,lighter-kitchen,/productos/ronson/lighter-kitchen,1,1,GrowBarato Chile,1000,1000,0,GrowBarato Chile,GrowBarato Chile,true,true,2026-05-22T05:53:55.537Z,Encendedor De Cocina - Ronson Pequeño【 Recargable 】
6642,Papelillos RAW Black 1.1/4 para Liar Cannabis - GB The Green Brand,Papelillos,RAW,gb-the-green-brand,black-1-1-4,black,/productos/gb-the-green-brand/black,1,1,GrowBarato Chile,1000,1000,0,GrowBarato Chile,GrowBarato Chile,true,true,2026-05-22T05:52:11.728Z,Papelillos RAW Black 1.1/4 para Liar Cannabis - GB The Green Brand
6665,Bulldog Papelillos Black 1 1/4 + Boquillas,Papelillos,The Bulldog Amsterdam,the-bulldog,paper-1-1-4-1-1-4,black-con-tips,/productos/the-bulldog/black-con-tips,1,1,Fumetas,1090,1090,0,Fumetas,Fumetas,true,true,2026-05-09T05:58:04.922Z,Bulldog Papelillos Black 1 1/4 + Boquillas
6554,Filtros Extra Long Gizeh XL Slim 6mm,Filtros y boquillas,Gizeh,gizeh,paper-filter-slim-6mm,paper-filter-slim-6mm,/productos/gizeh/paper-filter-slim-6mm,3,1,Fumetas,1090,1190,9,Fumetas,Fumetas,true,true,2026-05-08T22:05:32.695Z,Filtros Extra Long Gizeh XL Slim 6mm | Filtros Super Long Gizeh XXL Slim 6mm | Filtros Gizeh Pure Slim XL 6mm
6647,Papelillos Gizeh Black King Size - Sabanas,Papelillos,Gizeh,gizeh,paper-king-size-king-size,black-king-size,/productos/gizeh/black-king-size,1,1,Fumetas,1090,1090,0,Fumetas,Fumetas,true,true,2026-05-08T05:10:20.951Z,Papelillos Gizeh Black King Size - Sabanas
6576,Boquillas RAW Slim Pre-enroladas 21 unidades,Filtros y boquillas,Raw,raw,pre-rolled-tip-slim-21u,pre-rolled-tip-slim-21u,/productos/raw/pre-rolled-tip-slim-21u,1,1,Fumetas,1150,1150,0,Fumetas,Fumetas,true,true,2026-05-09T05:59:00.797Z,Boquillas RAW Slim Pre-enroladas 21 unidades
6599,Práctico Moledor GB The Green Brand 60 mm - GrowBarato,Moledores,,gb-the-green-brand,practico,practico,/productos/gb-the-green-brand/practico,1,1,GrowBarato Chile,1200,1200,0,GrowBarato Chile,GrowBarato Chile,true,true,2026-05-22T05:56:50.705Z,Práctico Moledor GB The Green Brand 60 mm - GrowBarato
6658,OCB Premium Slim King Size 32 hojas,Papelillos,OCB,ocb,paper-ocb-premium-king-size-slim,premium-king-size-slim,/productos/ocb/premium-king-size-slim,1,1,GrowBarato Chile,1200,1200,0,GrowBarato Chile,GrowBarato Chile,true,true,2026-05-22T05:52:22.982Z,OCB Premium Slim King Size 32 hojas
6661,Papelillo RAW Black Organic Hemp King Size | PIRANHA,Papelillos,RAW,raw,paper-black-organic-hemp-king-size,black-organic-hemp-king-size,/productos/raw/black-organic-hemp-king-size,1,1,Piranha,1290,1290,0,Piranha,Piranha,true,true,2026-05-09T06:09:50.241Z,Papelillo RAW Black Organic Hemp King Size | PIRANHA
6489,Blunt Hemp Zone 2XL - GB The Green Brand,Conos y blunts,,gb-the-green-brand,wrap-2xl,wrap-2xl,/productos/gb-the-green-brand/wrap-2xl,1,1,GrowBarato Chile,1300,1300,0,GrowBarato Chile,GrowBarato Chile,true,true,2026-05-22T05:56:50.088Z,Blunt Hemp Zone 2XL - GB The Green Brand
6571,OCB Slim Filtros Mentolados - GB The Green Brand,Filtros y boquillas,OCB,ocb,paper-filter-menthol,paper-filter-menthol,/productos/ocb/paper-filter-menthol,1,1,GrowBarato Chile,1300,1300,0,GrowBarato Chile,GrowBarato Chile,true,true,2026-05-22T05:54:14.182Z,OCB Slim Filtros Mentolados - GB The Green Brand
6574,OCB ECO Filtros Slim - GB The Green Brand,Filtros y boquillas,OCB,ocb,paper-filter-slim,paper-filter-slim,/productos/ocb/paper-filter-slim,1,1,GrowBarato Chile,1300,1300,0,GrowBarato Chile,GrowBarato Chile,true,true,2026-05-22T05:54:13.103Z,OCB ECO Filtros Slim - GB The Green Brand
6572,Filtros OCB Premium Regular | Filtros anchos de 7.5 mm,Filtros y boquillas,OCB,ocb,paper-filter-premium-7.5mm,paper-filter-premium-7-5mm,/productos/ocb/paper-filter-premium-7-5mm,1,1,GrowBarato Chile,1300,1300,0,GrowBarato Chile,GrowBarato Chile,true,true,2026-05-22T05:54:10.911Z,Filtros OCB Premium Regular | Filtros anchos de 7.5 mm
6635,Papelillo RAW Classic Connoisseur 1 1/4 + Boquilla | PIRANHA,Papelillos,RAW,raw,paper-1-1-4-1-1-4,classic-con-tips,/productos/raw/classic-con-tips,2,1,Piranha,1390,1990,43,Piranha,Piranha,true,true,2026-05-08T21:54:29.026Z,Papelillo RAW Classic Connoisseur 1 1/4 + Boquilla | PIRANHA | Papelillo RAW Classic 1 1/4 + Filtros Pre-Enrolados | PIRANHA
6566,Filtro Gizeh Regular 8x15mm con Pegamento (1 caja de 100u),Filtros y boquillas,GIZEH,gizeh,gummed-tip-regular-8mm-100u,gummed-tip-regular-8mm-100u,/productos/gizeh/gummed-tip-regular-8mm-100u,1,1,Piranha,1390,1390,0,Piranha,Piranha,true,true,2026-05-08T21:54:24.491Z,Filtro Gizeh Regular 8x15mm con Pegamento (1 caja de 100u)
6476,Blazy Susan 2X Tea Wraps Unidad,Conos y blunts,BLAZY SUSAN,blazy-susan,wrap-tea-leaf,wrap-tea-leaf,/productos/blazy-susan/wrap-tea-leaf,1,1,Astro Growshop,1490,1490,0,Astro Growshop,Astro Growshop,true,true,2026-05-09T05:51:57.526Z,Blazy Susan 2X Tea Wraps Unidad
6563,Filtro Gizeh Regular Azul Carbón Activado 8x15mm con Pegamento (1 caja de 100u),Filtros y boquillas,GIZEH,gizeh,carbon-regular-8mm-100u,carbon-regular-8mm-100u,/productos/gizeh/carbon-regular-8mm-100u,1,1,Piranha,1590,1590,0,Piranha,Piranha,true,true,2026-05-08T21:54:31.303Z,Filtro Gizeh Regular Azul Carbón Activado 8x15mm con Pegamento (1 caja de 100u)
6567,Filtro Gizeh XXL Slim con Pegamento 6x23mm (100u),Filtros y boquillas,GIZEH,gizeh,gummed-tip-slim-6mm-100u,gummed-tip-slim-6mm-100u,/productos/gizeh/gummed-tip-slim-6mm-100u,1,1,Piranha,1590,1590,0,Piranha,Piranha,true,true,2026-05-08T21:54:17.675Z,Filtro Gizeh XXL Slim con Pegamento 6x23mm (100u)
6644,OCB X-Pert King Size Papelillos Ultra Finos - GB The Green Brand,Papelillos,OCB,gb-the-green-brand,paper-ocb-x-pert-king-size,x-pert-king-size,/productos/gb-the-green-brand/x-pert-king-size,1,1,GrowBarato Chile,1600,1600,0,GrowBarato Chile,GrowBarato Chile,true,true,2026-05-22T05:52:24.013Z,OCB X-Pert King Size Papelillos Ultra Finos - GB The Green Brand
6390,Cenicero Bulldog Ámsterdam,Bandejas y ceniceros,BULLDOG,the-bulldog,ashtray-amsterdam,ashtray-amsterdam,/productos/the-bulldog/ashtray-amsterdam,1,1,GrowBarato Chile,1700,1700,0,GrowBarato Chile,GrowBarato Chile,true,true,2026-05-22T05:54:28.722Z,Cenicero Bulldog Ámsterdam
6656,Papelillo Negro King Size 1U-Ocb,Papelillos,OCB,ocb,paper-king-size-king-size,black-king-size,/productos/ocb/black-king-size,1,1,Astro Growshop,1790,1790,0,Astro Growshop,Astro Growshop,true,true,2026-05-18T06:45:07.402Z,Papelillo Negro King Size 1U-Ocb
6649,Gizeh Papelillos King Size Pink + Tips,Papelillos,Gizeh,gizeh,paper-king-size-king-size,pink-king-size-con-tips,/productos/gizeh/pink-king-size-con-tips,1,1,Fumetas,1790,1790,0,Fumetas,Fumetas,true,true,2026-05-09T06:26:23.280Z,Gizeh Papelillos King Size Pink + Tips
6502,Soulblime 6 Conos Pre-enrolados Pink 1 1/4,Conos y blunts,Soulblime,soulblime,pre-roll-pink-1-1-4-6u,pre-roll-pink-1-1-4-6u,/productos/soulblime/pre-roll-pink-1-1-4-6u,1,1,Fumetas,1790,1790,0,Fumetas,Fumetas,true,true,2026-05-09T05:57:43.706Z,Soulblime 6 Conos Pre-enrolados Pink 1 1/4
6500,Soulblime 6 Conos Pre-enrolados Orgánicos 1 1/4,Conos y blunts,Soulblime,soulblime,pre-roll-organic-1-1-4-6u,pre-roll-organic-1-1-4-6u,/productos/soulblime/pre-roll-organic-1-1-4-6u,1,1,Fumetas,1790,1790,0,Fumetas,Fumetas,true,true,2026-05-09T05:57:41.210Z,Soulblime 6 Conos Pre-enrolados Orgánicos 1 1/4
6504,Soulblime 6 Conos Pre-enrolados Blancos 1 1/4,Conos y blunts,Soulblime,soulblime,pre-roll-white-1-1-4-6u,pre-roll-white-1-1-4-6u,/productos/soulblime/pre-roll-white-1-1-4-6u,1,1,Fumetas,1790,1790,0,Fumetas,Fumetas,true,true,2026-05-09T05:57:39.262Z,Soulblime 6 Conos Pre-enrolados Blancos 1 1/4
6499,Conos 1 1/4 1UD-Soulblime,Conos y blunts,SOULBLIME,soulblime,pre-roll-1-1-4-1u,pre-roll-1-1-4-1u,/productos/soulblime/pre-roll-1-1-4-1u,1,1,Astro Growshop,1790,1790,0,Astro Growshop,Astro Growshop,true,true,2026-05-09T05:51:50.979Z,Conos 1 1/4 1UD-Soulblime
6654,Papelillo OCB Negro King Size Slim,Papelillos,OCB,ocb,paper-king-size-king-size-slim,black-king-size-slim,/productos/ocb/black-king-size-slim,1,1,Piranha,1790,1790,0,Piranha,Piranha,true,true,2026-05-08T22:07:50.376Z,Papelillo OCB Negro King Size Slim
6565,Filtro Gizeh Mentolado Slim con Pegamento 6x15mm (120u),Filtros y boquillas,GIZEH,gizeh,gummed-tip-menthol-6mm-120u,gummed-tip-menthol-6mm-120u,/productos/gizeh/gummed-tip-menthol-6mm-120u,1,1,Piranha,1790,1790,0,Piranha,Piranha,true,true,2026-05-08T21:54:11.058Z,Filtro Gizeh Mentolado Slim con Pegamento 6x15mm (120u)
6564,Filtro Gizeh Slim Azul (Carbón Activado) 6x15mm (120u),Filtros y boquillas,GIZEH,gizeh,carbon-slim-6mm-120u,carbon-slim-6mm-120u,/productos/gizeh/carbon-slim-6mm-120u,1,1,Piranha,1790,1790,0,Piranha,Piranha,true,true,2026-05-08T21:54:04.074Z,Filtro Gizeh Slim Azul (Carbón Activado) 6x15mm (120u)
6573,OCB Filtro Premium Slim Bolsa - GB The Green Brand,Filtros y boquillas,OCB,ocb,paper-filter-premium-slim,paper-filter-premium-slim,/productos/ocb/paper-filter-premium-slim,1,1,GrowBarato Chile,1800,1800,0,GrowBarato Chile,GrowBarato Chile,true,true,2026-05-22T05:53:48.895Z,OCB Filtro Premium Slim Bolsa - GB The Green Brand
6629,Grinder Plastico Negro,Moledores,BULLDOG,the-bulldog,plastic,plastic,/productos/the-bulldog/plastic,1,1,Astro Growshop,1990,1990,0,Astro Growshop,Astro Growshop,true,true,2026-05-18T14:21:34.641Z,Grinder Plastico Negro
6484,G-Rollz 6 Conos Pre-enrolados Pink 1 1/4,Conos y blunts,G-Rollz,g-rollz,pre-roll-pink-1-1-4-6u,pre-roll-pink-1-1-4-6u,/productos/g-rollz/pre-roll-pink-1-1-4-6u,1,1,Fumetas,1990,1990,0,Fumetas,Fumetas,true,true,2026-05-18T06:49:43.743Z,G-Rollz 6 Conos Pre-enrolados Pink 1 1/4
6480,G-Rollz 6 Conos Pre Enrolados Bio Organic Hemp 1 1/4,Conos y blunts,G-Rollz,g-rollz,pre-roll-organic-1-1-4-6u,pre-roll-organic-1-1-4-6u,/productos/g-rollz/pre-roll-organic-1-1-4-6u,1,1,Fumetas,1990,1990,0,Fumetas,Fumetas,true,true,2026-05-18T06:49:40.475Z,G-Rollz 6 Conos Pre Enrolados Bio Organic Hemp 1 1/4
6533,Soulblime Contenedor Con Tapa Bisagra - Diseños,Contenedores y estuches,Soulblime,soulblime,container-hinged,hinged,/productos/soulblime/hinged,1,1,Fumetas,1990,1990,0,Fumetas,Fumetas,true,true,2026-05-09T06:26:49.907Z,Soulblime Contenedor Con Tapa Bisagra - Diseños
6650,Papelillo OCB Negro Premium 1 ¼ + Boquilla,Papelillos,OCB,ocb,paper-1-1-4-1-1-4,black-con-tips,/productos/ocb/black-con-tips,1,1,Piranha,1990,1990,0,Piranha,Piranha,true,true,2026-05-08T21:53:54.397Z,Papelillo OCB Negro Premium 1 ¼ + Boquilla
6389,Cenicero bulldog metálico,Bandejas y ceniceros,The Bulldog Amsterdam,the-bulldog,ashtray-amsterdam-metal,ashtray-amsterdam-metal,/productos/the-bulldog/ashtray-amsterdam-metal,1,1,Fumetas,1990,1990,0,Fumetas,Fumetas,true,true,2026-05-08T06:13:52.029Z,Cenicero bulldog metálico
6534,Soulblime Contenedor tapa deslizable - Diseños,Contenedores y estuches,Soulblime,soulblime,container-sliding,sliding,/productos/soulblime/sliding,1,1,Fumetas,1990,1990,0,Fumetas,Fumetas,true,true,2026-05-08T05:57:06.068Z,Soulblime Contenedor tapa deslizable - Diseños
6598,Pipa D&K Crystal + Rejilla + Grinder - GB The Green Brand,Moledores,,gb-the-green-brand,pipa-d,pipa-d,/productos/gb-the-green-brand/pipa-d,1,1,GrowBarato Chile,2000,2000,0,GrowBarato Chile,GrowBarato Chile,true,true,2026-05-22T05:56:50.765Z,Pipa D&K Crystal + Rejilla + Grinder - GB The Green Brand
6482,G-Rollz 3 Conos Pre Enrolados Bio Organic Green Hemp King Size,Conos y blunts,G-Rollz,g-rollz,pre-roll-organic-king-size-3u,pre-roll-organic-king-size-3u,/productos/g-rollz/pre-roll-organic-king-size-3u,1,1,Fumetas,2190,2190,0,Fumetas,Fumetas,true,true,2026-05-18T06:49:39.484Z,G-Rollz 3 Conos Pre Enrolados Bio Organic Green Hemp King Size
6655,Papelillo OCB Rice (Arroz) King Size Slim + Boquilla | PIRANHA,Papelillos,OCB,ocb,paper-king-size-king-size-slim,rice-king-size-slim-con-tips,/productos/ocb/rice-king-size-slim-con-tips,1,1,Piranha,2190,2190,0,Piranha,Piranha,true,true,2026-05-08T22:07:52.460Z,Papelillo OCB Rice (Arroz) King Size Slim + Boquilla | PIRANHA
6640,G-Rollz Papelillos Unbleached Extra Thin 1 1/4 + Tips,Papelillos,G-Rollz,g-rollz,paper-1-1-4-1-1-4,unbleached-con-tips,/productos/g-rollz/unbleached-con-tips,1,1,Fumetas,2290,2290,0,Fumetas,Fumetas,true,true,2026-05-08T06:14:24.145Z,G-Rollz Papelillos Unbleached Extra Thin 1 1/4 + Tips
6638,G-Rollz Lightly Dyed Pink Papelillos 1 1/4 + Boquillas + Bandeja,Papelillos,G-Rollz,g-rollz,tray-1-1-4-1-1-4,pink-con-tips,/productos/g-rollz/pink-con-tips,2,1,Fumetas,2290,3490,52,Fumetas,Fumetas,true,true,2026-05-08T06:13:55.476Z,G-Rollz Papelillos Lightly Dyed Pink 1 1/4 + Tips | G-Rollz Lightly Dyed Pink Papelillos 1 1/4 + Boquillas + Bandeja
6561,Boquillas Gizeh Filtro carbón activo Coconut Charcoal 6mm 10 unidades,Filtros y boquillas,Gizeh,gizeh,carbon-coconut-6mm-10u,carbon-coconut-6mm-10u,/productos/gizeh/carbon-coconut-6mm-10u,1,1,Fumetas,2390,2390,0,Fumetas,Fumetas,true,true,2026-05-09T05:58:28.111Z,Boquillas Gizeh Filtro carbón activo Coconut Charcoal 6mm 10 unidades
6562,Boquillas Gizeh Carbón Activo Rainbow 6mm 10 uds,Filtros y boquillas,Gizeh,gizeh,carbon-rainbow-6mm-10u,carbon-rainbow-6mm-10u,/productos/gizeh/carbon-rainbow-6mm-10u,1,1,Fumetas,2390,2390,0,Fumetas,Fumetas,true,true,2026-05-09T05:58:04.050Z,Boquillas Gizeh Carbón Activo Rainbow 6mm 10 uds
6503,Soulblime 6 Conos Pre-enrolados Pink King Size,Conos y blunts,Soulblime,soulblime,pre-roll-pink-king-size-6u,pre-roll-pink-king-size-6u,/productos/soulblime/pre-roll-pink-king-size-6u,1,1,Fumetas,2390,2390,0,Fumetas,Fumetas,true,true,2026-05-09T05:57:44.679Z,Soulblime 6 Conos Pre-enrolados Pink King Size
6501,Soulblime 6 Conos Pre-enrolados Orgánicos King Size,Conos y blunts,Soulblime,soulblime,pre-roll-organic-king-size-6u,pre-roll-organic-king-size-6u,/productos/soulblime/pre-roll-organic-king-size-6u,1,1,Fumetas,2390,2390,0,Fumetas,Fumetas,true,true,2026-05-09T05:57:42.193Z,Soulblime 6 Conos Pre-enrolados Orgánicos King Size
6505,Soulblime 6 Conos Pre-enrolados Blancos King Size,Conos y blunts,Soulblime,soulblime,pre-roll-white-king-size-6u,pre-roll-white-king-size-6u,/productos/soulblime/pre-roll-white-king-size-6u,1,1,Fumetas,2390,2390,0,Fumetas,Fumetas,true,true,2026-05-09T05:57:40.211Z,Soulblime 6 Conos Pre-enrolados Blancos King Size
6488,Blunt Hemp Wrap G-Rollz (4u) | PIRANHA,Conos y blunts,G-ROLLZ,g-rollz,wrap-4u,wrap-4u,/productos/g-rollz/wrap-4u,1,1,Piranha,2461,2461,0,Piranha,Piranha,true,true,2026-05-08T22:07:51.964Z,Blunt Hemp Wrap G-Rollz (4u) | PIRANHA
6486,Conos PreEnrolados G-Rollz King Size Pink Banksy (3u),Conos y blunts,G-ROLLZ,g-rollz,pre-roll-pink-king-size-3u,pre-roll-pink-king-size-3u,/productos/g-rollz/pre-roll-pink-king-size-3u,1,1,Piranha,2490,2490,0,Piranha,Piranha,true,true,2026-05-09T06:31:51.985Z,Conos PreEnrolados G-Rollz King Size Pink Banksy (3u)
6560,Filtros de Carbón Activado 6mm Gizeh,Filtros y boquillas,GIZEH,gizeh,carbon-6mm-10u,carbon-6mm-10u,/productos/gizeh/carbon-6mm-10u,1,1,Piranha,2490,2490,0,Piranha,Piranha,true,true,2026-05-09T06:09:48.307Z,Filtros de Carbón Activado 6mm Gizeh
6569,Filtro Prerolled Lion Rolling Circus,Filtros y boquillas,LION ROLLING CIRCUS,lion-rolling-circus,pre-rolled-tip-6mm-505u,pre-rolled-tip-6mm-505u,/productos/lion-rolling-circus/pre-rolled-tip-6mm-505u,1,1,Piranha,2490,2490,0,Piranha,Piranha,true,true,2026-05-08T22:07:51.046Z,Filtro Prerolled Lion Rolling Circus
6508,Cono Preenrolado Vibes Cubano 8g (1u),Conos y blunts,VIBES,vibes,pre-roll-cubano-8g-1u,pre-roll-cubano-8g-1u,/productos/vibes/pre-roll-cubano-8g-1u,1,1,Piranha,2490,2490,0,Piranha,Piranha,true,true,2026-05-08T21:54:21.508Z,Cono Preenrolado Vibes Cubano 8g (1u)
6641,G-Rollz Lightly Dyed Pink Papelillos King Size + Boquillas + Bandeja,Papelillos,G-Rollz,g-rollz,tray-king-size-king-size,pink-king-size-con-tips,/productos/g-rollz/pink-king-size-con-tips,2,1,Fumetas,2490,3690,48,Fumetas,Fumetas,true,true,2026-05-08T06:13:34.614Z,G-Rollz Papelillos King Size Lightly Dyed Pink + Tips | G-Rollz Lightly Dyed Pink Papelillos King Size + Boquillas + Bandeja
6491,Gizeh 3 Conos Pre-enrolados King Size Unbleached,Conos y blunts,Gizeh,gizeh,pre-roll-unbleached-king-size-3u,pre-roll-unbleached-king-size-3u,/productos/gizeh/pre-roll-unbleached-king-size-3u,1,1,Fumetas,2690,2690,0,Fumetas,Fumetas,true,true,2026-05-09T05:57:35.459Z,Gizeh 3 Conos Pre-enrolados King Size Unbleached
6490,Gizeh 3 Conos Pre-enrolados King Size Black,Conos y blunts,Gizeh,gizeh,pre-roll-king-size-3u,pre-roll-king-size-3u,/productos/gizeh/pre-roll-king-size-3u,1,1,Fumetas,2690,2690,0,Fumetas,Fumetas,true,true,2026-05-09T05:57:33.752Z,Gizeh 3 Conos Pre-enrolados King Size Black
6663,Comprar RAW Artesano King Size Slim,Papelillos,RAW,raw,paper-raw-artesano-king-size-slim,artesano-king-size-slim,/productos/raw/artesano-king-size-slim,1,1,GrowBarato Chile,2700,2700,0,GrowBarato Chile,GrowBarato Chile,true,true,2026-05-22T05:52:25.043Z,Comprar RAW Artesano King Size Slim
6364,G-Rollz Cenicero Banksy Graffiti 2,Bandejas y ceniceros,G-Rollz,g-rollz,ashtray-banksy,ashtray-banksy,/productos/g-rollz/ashtray-banksy,1,1,Fumetas,2775,2775,0,Fumetas,Fumetas,true,true,2026-05-08T22:05:28.096Z,G-Rollz Cenicero Banksy Graffiti 2
6528,RAW Cajita Metálica Black Mediana,Contenedores y estuches,RAW,raw,metal-medium,metal-medium,/productos/raw/metal-medium,1,1,Fumetas,2990,2990,0,Fumetas,Fumetas,true,true,2026-05-14T13:47:13.564Z,RAW Cajita Metálica Black Mediana
6474,Conos Pre-Enrolados Blazy Susan King Size 3u Unbleached | PIRANHA,Conos y blunts,BLAZY SUSAN,blazy-susan,pre-roll-unbleached-king-size-3u,pre-roll-unbleached-king-size-3u,/productos/blazy-susan/pre-roll-unbleached-king-size-3u,1,1,Piranha,2990,2990,0,Piranha,Piranha,true,true,2026-05-09T06:31:35.184Z,Conos Pre-Enrolados Blazy Susan King Size 3u Unbleached | PIRANHA
6473,Conos Pre-Enrolados Blazy Susan 1 1/4 6u Unbleached | PIRANHA,Conos y blunts,BLAZY SUSAN,blazy-susan,pre-roll-unbleached-1-1-4-6u,pre-roll-unbleached-1-1-4-6u,/productos/blazy-susan/pre-roll-unbleached-1-1-4-6u,1,1,Piranha,2990,2990,0,Piranha,Piranha,true,true,2026-05-09T06:31:34.086Z,Conos Pre-Enrolados Blazy Susan 1 1/4 6u Unbleached | PIRANHA
6510,Contenedor Silicona Extractos 32Mm Blue 1U-Blazy Susan,Contenedores y estuches,BLAZY SUSAN,blazy-susan,extract-container-extracts-silicone-32mm,extract-container-extracts-silicone-32mm,/productos/blazy-susan/extract-container-extracts-silicone-32mm,2,1,Astro Growshop,2990,4490,50,Astro Growshop,Astro Growshop,true,true,2026-05-09T05:51:59.134Z,Contenedor Silicona Extractos 32Mm Blue 1U-Blazy Susan | Contenedor Silicona Extractos Mix 32Mm 1U-Blazy Susan
6507,Cono Preenrolado Vibes 1g (3u),Conos y blunts,VIBES,vibes,pre-roll-1g-3u,pre-roll-1g-3u,/productos/vibes/pre-roll-1g-3u,1,1,Piranha,2990,2990,0,Piranha,Piranha,true,true,2026-05-08T22:07:52.494Z,Cono Preenrolado Vibes 1g (3u)
6467,Conos Pre Roll 1 1/4 Pack 6U-Blazy Susan,Conos y blunts,BLAZY SUSAN,blazy-susan,pre-roll-1-1-4-6u,pre-roll-1-1-4-6u,/productos/blazy-susan/pre-roll-1-1-4-6u,1,1,Astro Growshop,2990,2990,0,Astro Growshop,Astro Growshop,true,true,2026-05-08T06:21:57.552Z,Conos Pre Roll 1 1/4 Pack 6U-Blazy Susan
5801,Limpiador de bong Fórmula Secreta 420 250mL,Limpieza,FORMULA SECRETA,formula-secreta,cleaner-bong-pipe-420-250ml,cleaner-bong-pipe-420-250ml,/productos/formula-secreta/cleaner-bong-pipe-420-250ml,1,1,Piranha,2994,2994,0,Piranha,Piranha,true,true,2026-05-08T22:07:53.925Z,Limpiador de bong Fórmula Secreta 420 250mL
6368,Bandeja De Metal GB The Green Brand,Bandejas y ceniceros,,gb-the-green-brand,tray-metal-metal,metal-metal,/productos/gb-the-green-brand/metal-metal,1,1,GrowBarato Chile,3000,3000,0,GrowBarato Chile,GrowBarato Chile,true,true,2026-05-22T05:56:50.819Z,Bandeja De Metal GB The Green Brand
6367,Cenicero Redondo De Silicona GB The Green Brand,Bandejas y ceniceros,,gb-the-green-brand,ashtray-silicone,ashtray-silicone,/productos/gb-the-green-brand/ashtray-silicone,1,1,GrowBarato Chile,3000,3000,0,GrowBarato Chile,GrowBarato Chile,true,true,2026-05-22T05:56:50.206Z,Cenicero Redondo De Silicona GB The Green Brand
6657,OCB Papelillos Roll Kit Virgin King Size,Papelillos,OCB,ocb,paper-king-size-king-size,virgin-king-size,/productos/ocb/virgin-king-size,1,1,Fumetas,3090,3090,0,Fumetas,Fumetas,true,true,2026-05-08T06:13:58.392Z,OCB Papelillos Roll Kit Virgin King Size
6538,Clipper Gas Butano 100 ml,Encendedores y sopletes,Clipper,clipper,gas-classic-100ml,gas-classic-100ml,/productos/clipper/gas-classic-100ml,1,1,Fumetas,3190,3190,0,Fumetas,Fumetas,true,true,2026-05-18T06:49:34.927Z,Clipper Gas Butano 100 ml
6771,Difusor 14mm 12cm Bonglab | Repuesto de vidrio para bongs,Repuestos para bongs y vaporizadores,BONGLAB,bonglab,diffuser-14mm-12cm,diffuser-14mm-12cm,/productos/bonglab/diffuser-14mm-12cm,1,1,GrowBarato Chile,3200,3200,0,GrowBarato Chile,GrowBarato Chile,true,true,2026-05-09T06:35:50.412Z,Difusor 14mm 12cm Bonglab | Repuesto de vidrio para bongs
6630,Maquina Enroladora Raw 2-Way 1 1/4,Otros parafernalia,Raw,raw,rolling-machine-1-1-4,rolling-machine-1-1-4,/productos/raw/rolling-machine-1-1-4,1,1,Fumetas,3290,3290,0,Fumetas,Fumetas,true,true,2026-05-18T06:49:45.760Z,Maquina Enroladora Raw 2-Way 1 1/4
6631,Máquina Enroladora RAW 1 1/4 Negra Ajustable,Otros parafernalia,RAW,raw,rolling-machine-ajustable-1-1-4,rolling-machine-ajustable-1-1-4,/productos/raw/rolling-machine-ajustable-1-1-4,1,1,Piranha,3290,3290,0,Piranha,Piranha,true,true,2026-05-09T06:31:36.212Z,Máquina Enroladora RAW 1 1/4 Negra Ajustable
6781,Quemador Bowl Macho - GB The Green Brand,Repuestos para bongs y vaporizadores,,gb-the-green-brand,bowl-bowl,bowl-bowl,/productos/gb-the-green-brand/bowl-bowl,1,1,GrowBarato Chile,3400,3400,0,GrowBarato Chile,GrowBarato Chile,true,true,2026-05-22T05:56:50.972Z,Quemador Bowl Macho - GB The Green Brand
6475,Blazy Susan Blunt King Size Cono Natural Wraps x2 - Tea Leaf,Conos y blunts,Blazy Susan,blazy-susan,wrap-tea-leaf-king-size-2u,wrap-tea-leaf-king-size-2u,/productos/blazy-susan/wrap-tea-leaf-king-size-2u,1,1,Fumetas,3490,3490,0,Fumetas,Fumetas,true,true,2026-05-09T05:57:25.965Z,Blazy Susan Blunt King Size Cono Natural Wraps x2 - Tea Leaf
5805,Limpiador de resina para manos de Mi - GB The Green Brand,Limpieza,,gb-the-green-brand,cleaner-hands,cleaner-hands,/productos/gb-the-green-brand/cleaner-hands,1,1,GrowBarato Chile,3500,3500,0,GrowBarato Chile,GrowBarato Chile,true,true,2026-05-22T05:56:50.101Z,Limpiador de resina para manos de Mi - GB The Green Brand
6487,G-Rollz 6 Conos Pre Enrolados Lightly Dyed Pink King Size,Conos y blunts,G-Rollz,g-rollz,pre-roll-pink-king-size-6u,pre-roll-pink-king-size-6u,/productos/g-rollz/pre-roll-pink-king-size-6u,1,1,Fumetas,3590,3590,0,Fumetas,Fumetas,true,true,2026-05-18T06:49:42.768Z,G-Rollz 6 Conos Pre Enrolados Lightly Dyed Pink King Size
6527,PMG Kontainer - Contenedor silicona,Contenedores y estuches,Piece Maker Gear,piecemaker,extract-container-silicone,extract-container-silicone,/productos/piecemaker/extract-container-silicone,1,1,Fumetas,3590,3590,0,Fumetas,Fumetas,true,true,2026-05-08T06:13:54.205Z,PMG Kontainer - Contenedor silicona
6633,Raw Enrolador King Size - GB The Green Brand,Otros parafernalia,RAW,raw,rolling-machine,rolling-machine,/productos/raw/rolling-machine,1,1,GrowBarato Chile,3600,3600,0,GrowBarato Chile,GrowBarato Chile,true,true,2026-05-22T05:53:46.884Z,Raw Enrolador King Size - GB The Green Brand
6557,Boquillas de Carbón Activo SLIM 7mm ActiTube – Filtros Premium para Caladas Más Suaves | GrowbaratoChile.cl,Filtros y boquillas,ACTITUBE,actitube,carbon-premium-slim-7mm,carbon-premium-slim-7mm,/productos/actitube/carbon-premium-slim-7mm,1,1,GrowBarato Chile,3700,3700,0,GrowBarato Chile,GrowBarato Chile,true,true,2026-05-22T05:53:25.367Z,Boquillas de Carbón Activo SLIM 7mm ActiTube – Filtros Premium para Caladas Más Suaves | GrowbaratoChile.cl
6558,Filtros de Carbón Activo Extra Slim Full Flavor 6mm ActiTube,Filtros y boquillas,ACTITUBE,actitube,carbon-slim-6mm,carbon-slim-6mm,/productos/actitube/carbon-slim-6mm,1,1,GrowBarato Chile,3700,3700,0,GrowBarato Chile,GrowBarato Chile,true,true,2026-05-22T05:53:18.141Z,Filtros de Carbón Activo Extra Slim Full Flavor 6mm ActiTube
6546,Encendedor Zengaz Jet Flame recargable,Encendedores y sopletes,ZENGAZ,zengaz,torch-lighter-jet-flame,torch-lighter-jet-flame,/productos/zengaz/torch-lighter-jet-flame,1,1,GrowBarato Chile,3700,3700,0,GrowBarato Chile,GrowBarato Chile,true,true,2026-05-22T05:52:40.865Z,Encendedor Zengaz Jet Flame recargable
6632,Máquina enroladora RAW King Size Slim ecoplastic,Otros parafernalia,RAW,raw,rolling-machine-ecoplastic,rolling-machine-ecoplastic,/productos/raw/rolling-machine-ecoplastic,1,1,Fumetas,3790,3790,0,Fumetas,Fumetas,true,true,2026-05-18T06:49:46.880Z,Máquina enroladora RAW King Size Slim ecoplastic
6371,Bandeja Lion Rolling Circus,Bandejas y ceniceros,LION ROLLING CIRCUS,lion-rolling-circus,tray-small,small,/productos/lion-rolling-circus/small,1,1,Piranha,3894,3894,0,Piranha,Piranha,true,true,2026-05-08T22:07:52.348Z,Bandeja Lion Rolling Circus
6628,Moledor Plástico Bulldog 6cm 2 Partes,Moledores,BULLDOG,the-bulldog,plastic-2-partes-60mm,plastic-2-partes-60mm,/productos/the-bulldog/plastic-2-partes-60mm,1,1,Piranha,3990,3990,0,Piranha,Piranha,true,true,2026-05-18T15:36:14.734Z,Moledor Plástico Bulldog 6cm 2 Partes
6570,OCB Boquillas Carbón Activo 7mm 10u.,Filtros y boquillas,OCB,ocb,carbon-7mm-10u,carbon-7mm-10u,/productos/ocb/carbon-7mm-10u,1,1,Fumetas,3990,3990,0,Fumetas,Fumetas,true,true,2026-05-18T06:49:18.245Z,OCB Boquillas Carbón Activo 7mm 10u.
6770,Difusor Logo Magenta 14Mm -Bonglab (14Cm/12Cm),Repuestos para bongs y vaporizadores,BONGLAB,bonglab,diffuser-14mm-12cm-14cm,diffuser-14mm-12cm-14cm,/productos/bonglab/diffuser-14mm-12cm-14cm,1,1,Astro Growshop,3990,3990,0,Astro Growshop,Astro Growshop,true,true,2026-05-08T06:22:01.218Z,Difusor Logo Magenta 14Mm -Bonglab (14Cm/12Cm)
6769,Bonglab Quemador Simple Macho 10mm,Repuestos para bongs y vaporizadores,BongLab,bonglab,bowl-simple-10mm,bowl-simple-10mm,/productos/bonglab/bowl-simple-10mm,1,1,Fumetas,3990,3990,0,Fumetas,Fumetas,true,true,2026-05-08T05:56:55.941Z,Bonglab Quemador Simple Macho 10mm
6688,Hitter OZeta de vidrio,Pipas,OZETA,ozeta,hitter,hitter,/productos/ozeta/hitter,1,1,GrowBarato Chile,4000,4000,0,GrowBarato Chile,GrowBarato Chile,true,true,2026-05-22T05:55:06.321Z,Hitter OZeta de vidrio
6601,Moledor Hemp Gizeh 55mm,Moledores,Gizeh,gizeh,hemp,hemp,/productos/gizeh/hemp,1,1,Fumetas,4190,4190,0,Fumetas,Fumetas,true,true,2026-05-18T14:18:04.711Z,Moledor Hemp Gizeh 55mm
6543,GAS BUTANO/PROPANO ALTA PUREZA 400ML - RONSON,Encendedores y sopletes,RONSON,ronson,gas-400ml,gas-400ml,/productos/ronson/gas-400ml,1,1,Astro Growshop,4490,4490,0,Astro Growshop,Astro Growshop,true,true,2026-05-18T06:45:28.103Z,GAS BUTANO/PROPANO ALTA PUREZA 400ML - RONSON
6542,Gas Butano/Propano Alta Pureza Ronson 300mL | PIRANHA,Encendedores y sopletes,RONSON,ronson,gas-300ml,gas-300ml,/productos/ronson/gas-300ml,1,1,Piranha,4490,4490,0,Piranha,Piranha,true,true,2026-05-09T06:31:50.224Z,Gas Butano/Propano Alta Pureza Ronson 300mL | PIRANHA
6340,Dual Dabbers Classic Bongalab - GB The Green Brand,Accesorios de extraccion,,bonglab,dabber-classic,dabber-classic,/productos/bonglab/dabber-classic,1,1,GrowBarato Chile,4500,4500,0,GrowBarato Chile,GrowBarato Chile,true,true,2026-05-22T05:56:50.809Z,Dual Dabbers Classic Bongalab - GB The Green Brand
6556,Boquillas de filtro de carbón activo Konik 6mm ActiTube,Filtros y boquillas,ACTITUBE,actitube,carbon-6mm,carbon-6mm,/productos/actitube/carbon-6mm,1,1,GrowBarato Chile,4500,4500,0,GrowBarato Chile,GrowBarato Chile,true,true,2026-05-22T05:53:26.416Z,Boquillas de filtro de carbón activo Konik 6mm ActiTube
6568,Filtro de Vidrio Hemper Glass Tips 7mm | PIRANHA,Filtros y boquillas,HEMPER,hemper,glass-tip-7mm-5u,glass-tip-7mm-5u,/productos/hemper/glass-tip-7mm-5u,1,1,Piranha,4671,4671,0,Piranha,Piranha,true,true,2026-05-08T22:07:54.274Z,Filtro de Vidrio Hemper Glass Tips 7mm | PIRANHA
5808,Super Dab Cleaner de Thievery limpieza bongs,Limpieza,,thievery,cleaner-bong-pipe-super,cleaner-bong-pipe-super,/productos/thievery/cleaner-bong-pipe-super,1,1,GrowBarato Chile,4800,4800,0,GrowBarato Chile,GrowBarato Chile,true,true,2026-05-22T05:56:50.139Z,Super Dab Cleaner de Thievery limpieza bongs
5803,LIMPIADOR DE VAPO 250ML FORMULA SECRETA,Limpieza,ASTRO,formula-secreta,cleaner-vaporizer-250ml,cleaner-vaporizer-250ml,/productos/formula-secreta/cleaner-vaporizer-250ml,1,1,Astro Growshop,4890,4890,0,Astro Growshop,Astro Growshop,true,true,2026-05-08T21:48:00.356Z,LIMPIADOR DE VAPO 250ML FORMULA SECRETA
5804,Limpiador Bifásico para Bongs y Pipas Mi - GB The Green Brand,Limpieza,,gb-the-green-brand,cleaner-bong-pipe-bifasico,cleaner-bong-pipe-bifasico,/productos/gb-the-green-brand/cleaner-bong-pipe-bifasico,1,1,GrowBarato Chile,4900,4900,0,GrowBarato Chile,GrowBarato Chile,true,true,2026-05-22T05:56:50.483Z,Limpiador Bifásico para Bongs y Pipas Mi - GB The Green Brand
6608,"Moledor OCB Plant Composite Biodegradable 5,5cm 2 Partes | PIRANHA",Moledores,OCB,ocb,plant-composite,plant-composite,/productos/ocb/plant-composite,1,1,Piranha,4990,4990,0,Piranha,Piranha,true,true,2026-05-18T14:25:50.493Z,"Moledor OCB Plant Composite Biodegradable 5,5cm 2 Partes | PIRANHA"
6606,LRC Moledor contenedor Tainer 40mm,Moledores,Lion Rolling Circus,lion-rolling-circus,lrc-tainer,lrc-tainer,/productos/lion-rolling-circus/lrc-tainer,1,1,Fumetas,4990,4990,0,Fumetas,Fumetas,true,true,2026-05-18T14:22:33.647Z,LRC Moledor contenedor Tainer 40mm
6609,Moledor Contenedor OCB Plástico 2 en 1,Moledores,OCB,ocb,plastic,plastic,/productos/ocb/plastic,1,1,Fumetas,4990,4990,0,Fumetas,Fumetas,true,true,2026-05-18T14:22:19.538Z,Moledor Contenedor OCB Plástico 2 en 1
6784,Quemador Generico Honeycomb Macho 14mm,Repuestos para bongs y vaporizadores,Genérico,generico,bowl-honeycomb-14mm,bowl-honeycomb-14mm,/productos/generico/bowl-honeycomb-14mm,1,1,Fumetas,4990,4990,0,Fumetas,Fumetas,true,true,2026-05-09T06:26:24.961Z,Quemador Generico Honeycomb Macho 14mm
6547,Encendedor Zengaz Jet Flame ZL-3,Encendedores y sopletes,ZENGAZ,zengaz,torch-lighter-zl-3,torch-lighter-zl-3,/productos/zengaz/torch-lighter-zl-3,1,1,Piranha,4990,4990,0,Piranha,Piranha,true,true,2026-05-09T06:09:49.639Z,Encendedor Zengaz Jet Flame ZL-3
6369,Bandeja Gizeh metálica 100 years - Mediana,Bandejas y ceniceros,Gizeh,gizeh,tray-100-years-metal-medium,100-years-metal-medium,/productos/gizeh/100-years-metal-medium,1,1,Fumetas,4990,4990,0,Fumetas,Fumetas,true,true,2026-05-08T23:14:53.862Z,Bandeja Gizeh metálica 100 years - Mediana
6391,Bandeja Bulldog metálica logo - Mini,Bandejas y ceniceros,The Bulldog Amsterdam,the-bulldog,tray-amsterdam-metal-mini,amsterdam-metal-mini,/productos/the-bulldog/amsterdam-metal-mini,1,1,Fumetas,4990,4990,0,Fumetas,Fumetas,true,true,2026-05-08T23:14:39.433Z,Bandeja Bulldog metálica logo - Mini
6380,Bandeja Metálica RAW Classic | PIRANHA,Bandejas y ceniceros,RAW,raw,tray-classic-metal,classic-metal,/productos/raw/classic-metal,1,1,Piranha,4990,4990,0,Piranha,Piranha,true,true,2026-05-08T22:07:51.757Z,Bandeja Metálica RAW Classic | PIRANHA
6383,Bandeja Metálica RAW Girl | PIRANHA,Bandejas y ceniceros,RAW,raw,tray-girl-metal,girl-metal,/productos/raw/girl-metal,1,1,Piranha,4990,4990,0,Piranha,Piranha,true,true,2026-05-08T22:07:51.322Z,Bandeja Metálica RAW Girl | PIRANHA
6779,Difusor Calvo Classic 18mm - 14mm - 10cm,Repuestos para bongs y vaporizadores,Calvo Glass,calvo,diffuser-14mm-18mm-10cm,diffuser-14mm-18mm-10cm,/productos/calvo/diffuser-14mm-18mm-10cm,1,1,Fumetas,4990,4990,0,Fumetas,Fumetas,true,true,2026-05-08T22:05:33.559Z,Difusor Calvo Classic 18mm - 14mm - 10cm
5802,Limpiador De Resina 250Ml Formula Secreta 710,Limpieza,FORMULA 420,formula-secreta,cleaner-resin-420-250ml,cleaner-resin-420-250ml,/productos/formula-secreta/cleaner-resin-420-250ml,1,1,Astro Growshop,4990,4990,0,Astro Growshop,Astro Growshop,true,true,2026-05-08T21:47:46.551Z,Limpiador De Resina 250Ml Formula Secreta 710
6372,Bandeja Smal Tatoo-Lion Rolling Circus,Bandejas y ceniceros,LION ROLLING CIRCUS,lion-rolling-circus,tray-tattoo-small,tattoo-small,/productos/lion-rolling-circus/tattoo-small,1,1,Astro Growshop,4990,4990,0,Astro Growshop,Astro Growshop,true,true,2026-05-08T06:12:05.941Z,Bandeja Smal Tatoo-Lion Rolling Circus
6682,Pipa Silicona Venon | Portátil y resistente,Pipas,,gb-the-green-brand,venon,venon,/productos/gb-the-green-brand/venon,1,1,GrowBarato Chile,5100,5100,0,GrowBarato Chile,GrowBarato Chile,true,true,2026-05-22T05:56:50.802Z,Pipa Silicona Venon | Portátil y resistente
6329,Rude Banger 30ML limpieza bangers - GB The Green Brand,Limpieza,,gb-the-green-brand,cleaner-bong-pipe,cleaner-bong-pipe,/productos/gb-the-green-brand/cleaner-bong-pipe,1,1,GrowBarato Chile,5400,5400,0,GrowBarato Chile,GrowBarato Chile,true,true,2026-05-22T05:56:50.895Z,Rude Banger 30ML limpieza bangers - GB The Green Brand
6387,RAW Bandeja Metálica para liar - GB The Green Brand,Bandejas y ceniceros,RAW,raw,tray-metal-metal,metal-metal,/productos/raw/metal-metal,1,1,GrowBarato Chile,5400,5400,0,GrowBarato Chile,GrowBarato Chile,true,true,2026-05-22T05:54:29.847Z,RAW Bandeja Metálica para liar - GB The Green Brand
6349,Insert Banger Calvo Cuarzo Transparente | 15mm y 20mm,Accesorios de extraccion,CALVO,calvo,banger-insert-15mm-20mm,banger-insert-15mm-20mm,/productos/calvo/banger-insert-15mm-20mm,1,1,GrowBarato Chile,5400,5400,0,GrowBarato Chile,GrowBarato Chile,true,true,2026-05-22T05:54:21.385Z,Insert Banger Calvo Cuarzo Transparente | 15mm y 20mm
6777,Quemador Calvo Glass 14mm Cuerno | Bowl vidrio bong verde amarillo morado,Repuestos para bongs y vaporizadores,CALVO,calvo,bowl-bowl-14mm,bowl-bowl-14mm,/productos/calvo/bowl-bowl-14mm,1,1,GrowBarato Chile,5400,5400,0,GrowBarato Chile,GrowBarato Chile,true,true,2026-05-22T05:53:21.275Z,Quemador Calvo Glass 14mm Cuerno | Bowl vidrio bong verde amarillo morado
6782,Difusor Pyrex Glass 14 mm para bong- GB The Green Brand,Repuestos para bongs y vaporizadores,,gb-the-green-brand,diffuser-14mm,diffuser-14mm,/productos/gb-the-green-brand/diffuser-14mm,1,1,GrowBarato Chile,5500,5500,0,GrowBarato Chile,GrowBarato Chile,true,true,2026-05-22T05:56:49.924Z,Difusor Pyrex Glass 14 mm para bong- GB The Green Brand
6624,Moledor XL Storz & Bickel | PIRANHA,Moledores,STORZ BICKEL,storz-bickel,xl-plastic,xl-plastic,/productos/storz-bickel/xl-plastic,1,1,Piranha,5990,5990,0,Piranha,Piranha,true,true,2026-05-18T15:36:19.325Z,Moledor XL Storz & Bickel | PIRANHA
6382,Bandeja RAW metálica Girl - Mini,Bandejas y ceniceros,RAW,raw,tray-girl-metal-mini,girl-metal-mini,/productos/raw/girl-metal-mini,1,1,Fumetas,5990,5990,0,Fumetas,Fumetas,true,true,2026-05-09T06:26:46.216Z,Bandeja RAW metálica Girl - Mini
6379,Bandeja RAW metálica Classic - Mini,Bandejas y ceniceros,RAW,raw,tray-classic-metal-mini,classic-metal-mini,/productos/raw/classic-metal-mini,1,1,Fumetas,5990,5990,0,Fumetas,Fumetas,true,true,2026-05-09T06:26:43.676Z,Bandeja RAW metálica Classic - Mini
6370,Bandeja Gizeh Metálica Mediana 420 Edición,Bandejas y ceniceros,Gizeh,gizeh,tray-420-edition-metal-medium,420-edition-metal-medium,/productos/gizeh/420-edition-metal-medium,1,1,Fumetas,5990,5990,0,Fumetas,Fumetas,true,true,2026-05-08T23:15:01.842Z,Bandeja Gizeh Metálica Mediana 420 Edición
6374,Bandeja Metalica (19X14)-Ocb,Bandejas y ceniceros,OCB,ocb,tray-metal-metal-19x14cm,metal-metal-19x14cm,/productos/ocb/metal-metal-19x14cm,1,1,Astro Growshop,5990,5990,0,Astro Growshop,Astro Growshop,true,true,2026-05-08T21:48:45.140Z,Bandeja Metalica (19X14)-Ocb
6578,Calvo Glass Moledor Metálico 1 Piso 50mm,Moledores,Calvo Glass,calvo,glass-metal,glass-metal,/productos/calvo/glass-metal,2,1,Fumetas,6081,9990,64,Fumetas,Fumetas,true,true,2026-05-18T14:22:17.596Z,Calvo Glass Moledor Metálico 1 Piso 50mm | Calvo Glass Moledor Metálico 50 mm
6622,Storz &amp; Bickel Moledor acrilico 59mm,Moledores,Storz & Bickel,storz-bickel,acrilico,acrilico,/productos/storz-bickel/acrilico,1,1,Fumetas,6190,6190,0,Fumetas,Fumetas,true,true,2026-05-18T14:22:23.207Z,Storz &amp; Bickel Moledor acrilico 59mm
6602,Moledor Gizeh Metálico 40mm,Moledores,Gizeh,gizeh,metal-40mm,metal-40mm,/productos/gizeh/metal-40mm,1,1,Fumetas,6290,6290,0,Fumetas,Fumetas,true,true,2026-05-18T14:22:23.859Z,Moledor Gizeh Metálico 40mm
6575,RAW Pre-Rolled Tips Cajetilla De Metal,Filtros y boquillas,RAW,raw,pre-rolled-tip-metal-case-6mm,pre-rolled-tip-metal-case-6mm,/productos/raw/pre-rolled-tip-metal-case-6mm,1,1,GrowBarato Chile,6300,6300,0,GrowBarato Chile,GrowBarato Chile,true,true,2026-05-22T05:54:58.908Z,RAW Pre-Rolled Tips Cajetilla De Metal
6670,Hitter American 1.8mm - BongLab | PIRANHA,Pipas,BONGLAB,bonglab,hitter-american,hitter-american,/productos/bonglab/hitter-american,1,1,Piranha,6490,6490,0,Piranha,Piranha,true,true,2026-05-08T22:07:52.283Z,Hitter American 1.8mm - BongLab | PIRANHA
6335,Banger Cuarzo Simple 90 Grados -Bonglab,Accesorios de extraccion,BONGLAB,bonglab,banger-simple-90,banger-simple-90,/productos/bonglab/banger-simple-90,1,1,Astro Growshop,6990,6990,0,Astro Growshop,Astro Growshop,true,true,2026-05-18T06:45:24.410Z,Banger Cuarzo Simple 90 Grados -Bonglab
6778,Quemador Perlas Calvo 14mm,Repuestos para bongs y vaporizadores,CALVO,calvo,bowl-perlas-14mm,bowl-perlas-14mm,/productos/calvo/bowl-perlas-14mm,1,1,Piranha,6990,6990,0,Piranha,Piranha,true,true,2026-05-09T06:09:43.688Z,Quemador Perlas Calvo 14mm
6766,FILTROS DE AIRE VOLCANO HYBRID 2U-STORZ &amp; BICKEL,Repuestos para bongs y vaporizadores,STORZ & BICKEL,storz-bickel,screen-set-volcano-air-filter-2u,screen-set-volcano-air-filter-2u,/productos/storz-bickel/screen-set-volcano-air-filter-2u,2,1,Astro Growshop,6990,11990,72,Astro Growshop,Astro Growshop,true,true,2026-05-09T05:52:32.874Z,FILTROS DE AIRE VOLCANO HYBRID 2U-STORZ &amp; BICKEL | Juego De Filtros De Aire Volcano  Storz &amp; Bickel (2 Unid)
6497,Conos PreEnrolados RAW 5 Stages Rawket,Conos y blunts,RAW,raw,pre-roll-rawket,pre-roll-rawket,/productos/raw/pre-roll-rawket,1,1,Piranha,6990,6990,0,Piranha,Piranha,true,true,2026-05-08T21:54:28.520Z,Conos PreEnrolados RAW 5 Stages Rawket
6797,Bolsa Volcano 3 Metros-Storz &amp; Bickel,Repuestos para bongs y vaporizadores,STORZ & BICKEL,storz-bickel,volcano-part-volcano,volcano-part-volcano,/productos/storz-bickel/volcano-part-volcano,1,1,Astro Growshop,6990,6990,0,Astro Growshop,Astro Growshop,true,true,2026-05-08T06:21:27.407Z,Bolsa Volcano 3 Metros-Storz &amp; Bickel
6375,Raw Catcher - Cenicero portátil,Bandejas y ceniceros,RAW,raw,ashtray-catcher,ashtray-catcher,/productos/raw/ashtray-catcher,1,1,Fumetas,6990,6990,0,Fumetas,Fumetas,true,true,2026-05-08T06:14:17.795Z,Raw Catcher - Cenicero portátil
6338,Bonglab Banger Cuarzo 90° - Macho 10mm,Accesorios de extraccion,Bonglab,bonglab,banger-simple-macho-90-10mm,banger-simple-macho-90-10mm,/productos/bonglab/banger-simple-macho-90-10mm,1,1,Fumetas,7490,7490,0,Fumetas,Fumetas,true,true,2026-05-18T06:49:09.964Z,Bonglab Banger Cuarzo 90° - Macho 10mm
6378,Bandeja RAW metálica Classic - Mediana,Bandejas y ceniceros,RAW,raw,tray-classic-metal-medium,classic-metal-medium,/productos/raw/classic-metal-medium,1,1,Fumetas,7690,7690,0,Fumetas,Fumetas,true,true,2026-05-09T06:26:42.152Z,Bandeja RAW metálica Classic - Mediana
6494,Conos RAW Black Preenrolados 1 1/4 - 20 Unidades,Conos y blunts,RAW,raw,pre-roll-1-1-4-20u,pre-roll-1-1-4-20u,/productos/raw/pre-roll-1-1-4-20u,1,1,Fumetas,7790,7790,0,Fumetas,Fumetas,true,true,2026-05-09T05:57:29.663Z,Conos RAW Black Preenrolados 1 1/4 - 20 Unidades
6762,Pipa Pyrex Venator Max 73- Top Smoke,Pipas,TOP SMOKE,top-smoke,venator-max,venator-max,/productos/top-smoke/venator-max,1,1,Astro Growshop,7990,7990,0,Astro Growshop,Astro Growshop,true,true,2026-05-18T14:21:44.044Z,Pipa Pyrex Venator Max 73- Top Smoke
6736,Pipa Pyrex Mechanoid 48- Top Smoke,Pipas,TOP SMOKE,top-smoke,mechanoid,mechanoid,/productos/top-smoke/mechanoid,1,1,Astro Growshop,7990,7990,0,Astro Growshop,Astro Growshop,true,true,2026-05-18T14:08:00.211Z,Pipa Pyrex Mechanoid 48- Top Smoke
6731,Pipa Pyrex Ionix 85- Top Smoke,Pipas,TOP SMOKE,top-smoke,ionix,ionix,/productos/top-smoke/ionix,1,1,Astro Growshop,7990,7990,0,Astro Growshop,Astro Growshop,true,true,2026-05-18T14:07:55.370Z,Pipa Pyrex Ionix 85- Top Smoke
6729,Pipa Pyrex Incinerate 109- Top Smoke,Pipas,TOP SMOKE,top-smoke,incinerate,incinerate,/productos/top-smoke/incinerate,1,1,Astro Growshop,7990,7990,0,Astro Growshop,Astro Growshop,true,true,2026-05-18T14:07:53.792Z,Pipa Pyrex Incinerate 109- Top Smoke
6333,Banger Cuarzo Simple 45 Grados -Bonglab,Accesorios de extraccion,BONGLAB,bonglab,banger-simple-45,banger-simple-45,/productos/bonglab/banger-simple-45,1,1,Astro Growshop,7990,7990,0,Astro Growshop,Astro Growshop,true,true,2026-05-18T06:45:23.390Z,Banger Cuarzo Simple 45 Grados -Bonglab
6756,Pipa Pyrex Overflux 97- Top Smoke,Pipas,TOP SMOKE,top-smoke,overflux,overflux,/productos/top-smoke/overflux,1,1,Astro Growshop,7990,7990,0,Astro Growshop,Astro Growshop,true,true,2026-05-09T05:53:50.040Z,Pipa Pyrex Overflux 97- Top Smoke
6691,Pipa silicona llavero de Piece Maker,Pipas,,piecemaker,llavero,llavero,/productos/piecemaker/llavero,1,1,GrowBarato Chile,8200,8200,0,GrowBarato Chile,GrowBarato Chile,true,true,2026-05-22T05:56:50.791Z,Pipa silicona llavero de Piece Maker
6495,Conos RAW Preenrolados 1 1/4 - 32 Unidades,Conos y blunts,RAW,raw,pre-roll-1-1-4-32u,pre-roll-1-1-4-32u,/productos/raw/pre-roll-1-1-4-32u,1,1,Fumetas,8390,8390,0,Fumetas,Fumetas,true,true,2026-05-09T05:57:47.664Z,Conos RAW Preenrolados 1 1/4 - 32 Unidades
6485,G-Rollz 20 Conos Pre Enrolados Lightly Dyed Pink King Size,Conos y blunts,G-Rollz,g-rollz,pre-roll-pink-king-size-20u,pre-roll-pink-king-size-20u,/productos/g-rollz/pre-roll-pink-king-size-20u,1,1,Fumetas,8490,8490,0,Fumetas,Fumetas,true,true,2026-05-18T06:49:38.313Z,G-Rollz 20 Conos Pre Enrolados Lightly Dyed Pink King Size
6481,G-Rollz 20 Conos Pre Enrolados Bio Organic Hemp King Size,Conos y blunts,G-Rollz,g-rollz,pre-roll-organic-king-size-20u,pre-roll-organic-king-size-20u,/productos/g-rollz/pre-roll-organic-king-size-20u,1,1,Fumetas,8490,8490,0,Fumetas,Fumetas,true,true,2026-05-18T06:49:37.314Z,G-Rollz 20 Conos Pre Enrolados Bio Organic Hemp King Size
6789,MALLA PARA EXTRACTOS DE CÁPSULA MONODOSIS 4U-STORZ &amp; BICKEL,Repuestos para bongs y vaporizadores,STORZ & BICKEL,storz-bickel,monodosis-4u,monodosis-4u,/productos/storz-bickel/monodosis-4u,1,1,Astro Growshop,8490,8490,0,Astro Growshop,Astro Growshop,true,true,2026-05-14T13:54:01.320Z,MALLA PARA EXTRACTOS DE CÁPSULA MONODOSIS 4U-STORZ &amp; BICKEL
6765,Pipa Pyrex Vortex Prime 113- Top Smoke,Pipas,TOP SMOKE,top-smoke,vortex-prime,vortex-prime,/productos/top-smoke/vortex-prime,1,1,Astro Growshop,8990,8990,0,Astro Growshop,Astro Growshop,true,true,2026-05-18T14:21:46.440Z,Pipa Pyrex Vortex Prime 113- Top Smoke
6761,Pipa Pyrex Predator X 93- Top Smoke,Pipas,TOP SMOKE,top-smoke,predator-x,predator-x,/productos/top-smoke/predator-x,1,1,Astro Growshop,8990,8990,0,Astro Growshop,Astro Growshop,true,true,2026-05-18T14:21:43.230Z,Pipa Pyrex Predator X 93- Top Smoke
6718,Pipa Pyrex Havoc Prime 100- Top Smoke,Pipas,TOP SMOKE,top-smoke,havoc-prime,havoc-prime,/productos/top-smoke/havoc-prime,1,1,Astro Growshop,8990,8990,0,Astro Growshop,Astro Growshop,true,true,2026-05-18T14:21:42.456Z,Pipa Pyrex Havoc Prime 100- Top Smoke
6701,Pipa Pyrex Chromatic 114- Top Smoke,Pipas,TOP SMOKE,top-smoke,chromatic,chromatic,/productos/top-smoke/chromatic,1,1,Astro Growshop,8990,8990,0,Astro Growshop,Astro Growshop,true,true,2026-05-18T14:21:40.892Z,Pipa Pyrex Chromatic 114- Top Smoke
6743,Pipa Pyrex Nitroblade 115- Top Smoke,Pipas,TOP SMOKE,top-smoke,nitroblade,nitroblade,/productos/top-smoke/nitroblade,1,1,Astro Growshop,8990,8990,0,Astro Growshop,Astro Growshop,true,true,2026-05-18T14:08:05.799Z,Pipa Pyrex Nitroblade 115- Top Smoke
6740,Pipa Pyrex Nexus 26- Top Smoke,Pipas,TOP SMOKE,top-smoke,nexus,nexus,/productos/top-smoke/nexus,1,1,Astro Growshop,8990,8990,0,Astro Growshop,Astro Growshop,true,true,2026-05-18T14:08:02.772Z,Pipa Pyrex Nexus 26- Top Smoke
6739,Pipa Pyrex Neonix 65- Top Smoke,Pipas,TOP SMOKE,top-smoke,neonix,neonix,/productos/top-smoke/neonix,1,1,Astro Growshop,8990,8990,0,Astro Growshop,Astro Growshop,true,true,2026-05-18T14:08:01.749Z,Pipa Pyrex Neonix 65- Top Smoke
6738,Pipa Pyrex Mephisto 111- Top Smoke,Pipas,TOP SMOKE,top-smoke,mephisto,mephisto,/productos/top-smoke/mephisto,1,1,Astro Growshop,8990,8990,0,Astro Growshop,Astro Growshop,true,true,2026-05-18T14:08:00.957Z,Pipa Pyrex Mephisto 111- Top Smoke
6733,Pipa Pyrex Kraken 34- Top Smoke,Pipas,TOP SMOKE,top-smoke,kraken,kraken,/productos/top-smoke/kraken,1,1,Astro Growshop,8990,8990,0,Astro Growshop,Astro Growshop,true,true,2026-05-18T14:07:57.556Z,Pipa Pyrex Kraken 34- Top Smoke
6686,Pipa Pyrex Ignite 53- Top Smoke,Pipas,TOP SMOKE,ignite,smoke,smoke,/productos/ignite/smoke,1,1,Astro Growshop,8990,8990,0,Astro Growshop,Astro Growshop,true,true,2026-05-18T14:07:52.921Z,Pipa Pyrex Ignite 53- Top Smoke
6725,Pipa Pyrex Hexagon 84- Top Smoke,Pipas,TOP SMOKE,top-smoke,hexagon,hexagon,/productos/top-smoke/hexagon,1,1,Astro Growshop,8990,8990,0,Astro Growshop,Astro Growshop,true,true,2026-05-18T14:07:48.698Z,Pipa Pyrex Hexagon 84- Top Smoke
6719,Pipa Pyrex Havoc 37- Top Smoke,Pipas,TOP SMOKE,top-smoke,havoc,havoc,/productos/top-smoke/havoc,1,1,Astro Growshop,8990,8990,0,Astro Growshop,Astro Growshop,true,true,2026-05-18T14:07:43.319Z,Pipa Pyrex Havoc 37- Top Smoke
6717,Pipa Pyrex Ghost 76- Top Smoke,Pipas,TOP SMOKE,top-smoke,ghost,ghost,/productos/top-smoke/ghost,1,1,Astro Growshop,8990,8990,0,Astro Growshop,Astro Growshop,true,true,2026-05-18T14:07:42.397Z,Pipa Pyrex Ghost 76- Top Smoke
6715,Pipa Pyrex Fluxion 74- Top Smoke,Pipas,TOP SMOKE,top-smoke,fluxion,fluxion,/productos/top-smoke/fluxion,1,1,Astro Growshop,8990,8990,0,Astro Growshop,Astro Growshop,true,true,2026-05-18T14:07:40.807Z,Pipa Pyrex Fluxion 74- Top Smoke
6714,Pipa Pyrex Flux 23- Top Smoke,Pipas,TOP SMOKE,top-smoke,flux,flux,/productos/top-smoke/flux,1,1,Astro Growshop,8990,8990,0,Astro Growshop,Astro Growshop,true,true,2026-05-18T14:07:39.848Z,Pipa Pyrex Flux 23- Top Smoke
6711,Pipa Pyrex Eclipse 14- Top Smoke,Pipas,TOP SMOKE,top-smoke,eclipse,eclipse,/productos/top-smoke/eclipse,1,1,Astro Growshop,8990,8990,0,Astro Growshop,Astro Growshop,true,true,2026-05-18T14:07:37.355Z,Pipa Pyrex Eclipse 14- Top Smoke
6708,Pipa Pyrex Dominion 40- Top Smoke,Pipas,TOP SMOKE,top-smoke,dominion,dominion,/productos/top-smoke/dominion,1,1,Astro Growshop,8990,8990,0,Astro Growshop,Astro Growshop,true,true,2026-05-18T14:07:34.774Z,Pipa Pyrex Dominion 40- Top Smoke
6706,Pipa Pyrex Deathcore 110- Top Smoke,Pipas,TOP SMOKE,top-smoke,deathcore,deathcore,/productos/top-smoke/deathcore,1,1,Astro Growshop,8990,8990,0,Astro Growshop,Astro Growshop,true,true,2026-05-18T14:07:33.231Z,Pipa Pyrex Deathcore 110- Top Smoke
6705,Pipa Pyrex Darkwave 27- Top Smoke,Pipas,TOP SMOKE,top-smoke,darkwave,darkwave,/productos/top-smoke/darkwave,1,1,Astro Growshop,8990,8990,0,Astro Growshop,Astro Growshop,true,true,2026-05-18T14:07:32.272Z,Pipa Pyrex Darkwave 27- Top Smoke
6699,Pipa Pyrex Catalyst 86- Top Smoke,Pipas,TOP SMOKE,top-smoke,catalyst,catalyst,/productos/top-smoke/catalyst,1,1,Astro Growshop,8990,8990,0,Astro Growshop,Astro Growshop,true,true,2026-05-18T14:07:24.372Z,Pipa Pyrex Catalyst 86- Top Smoke
6697,Pipa Pyrex Blitz 60- Top Smoke,Pipas,TOP SMOKE,top-smoke,blitz,blitz,/productos/top-smoke/blitz,1,1,Astro Growshop,8990,8990,0,Astro Growshop,Astro Growshop,true,true,2026-05-18T14:07:22.786Z,Pipa Pyrex Blitz 60- Top Smoke
6696,Pipa Pyrex Blast 18- Top Smoke,Pipas,TOP SMOKE,top-smoke,blast,blast,/productos/top-smoke/blast,1,1,Astro Growshop,8990,8990,0,Astro Growshop,Astro Growshop,true,true,2026-05-18T14:07:21.991Z,Pipa Pyrex Blast 18- Top Smoke
6695,Pipa Pyrex Blackout 107- Top Smoke,Pipas,TOP SMOKE,top-smoke,blackout,blackout,/productos/top-smoke/blackout,1,1,Astro Growshop,8990,8990,0,Astro Growshop,Astro Growshop,true,true,2026-05-18T14:07:21.242Z,Pipa Pyrex Blackout 107- Top Smoke
6693,Pipa Pyrex Armageddon 87- Top Smoke,Pipas,TOP SMOKE,top-smoke,armageddon,armageddon,/productos/top-smoke/armageddon,1,1,Astro Growshop,8990,8990,0,Astro Growshop,Astro Growshop,true,true,2026-05-18T14:07:19.762Z,Pipa Pyrex Armageddon 87- Top Smoke
6692,Pipa Pyrex Apollyon 126- Top Smoke,Pipas,TOP SMOKE,top-smoke,apollyon,apollyon,/productos/top-smoke/apollyon,1,1,Astro Growshop,8990,8990,0,Astro Growshop,Astro Growshop,true,true,2026-05-18T14:07:19.054Z,Pipa Pyrex Apollyon 126- Top Smoke
6763,Pipa Pyrex Venator Prime 35- Top Smoke,Pipas,TOP SMOKE,top-smoke,venator-prime,venator-prime,/productos/top-smoke/venator-prime,1,1,Astro Growshop,8990,8990,0,Astro Growshop,Astro Growshop,true,true,2026-05-18T14:07:16.647Z,Pipa Pyrex Venator Prime 35- Top Smoke
6337,Bonglab Banger Cuarzo 45° - Macho 10mm,Accesorios de extraccion,Bonglab,bonglab,banger-simple-macho-45-10mm,banger-simple-macho-45-10mm,/productos/bonglab/banger-simple-macho-45-10mm,1,1,Fumetas,8990,8990,0,Fumetas,Fumetas,true,true,2026-05-18T06:49:08.961Z,Bonglab Banger Cuarzo 45° - Macho 10mm
6332,Banger Cuarzo Bonglab Simple 45° (14mm/10mm) | PIRANHA,Accesorios de extraccion,BONGLAB,bonglab,banger-simple-45-10mm-14mm,banger-simple-45-10mm-14mm,/productos/bonglab/banger-simple-45-10mm-14mm,1,1,Piranha,8990,8990,0,Piranha,Piranha,true,true,2026-05-09T06:31:42.787Z,Banger Cuarzo Bonglab Simple 45° (14mm/10mm) | PIRANHA
6334,Banger Cuarzo Bonglab Simple 90° (14mm/10mm) | PIRANHA,Accesorios de extraccion,BONGLAB,bonglab,banger-simple-90-10mm-14mm,banger-simple-90-10mm-14mm,/productos/bonglab/banger-simple-90-10mm-14mm,1,1,Piranha,8990,8990,0,Piranha,Piranha,true,true,2026-05-09T06:31:42.309Z,Banger Cuarzo Bonglab Simple 90° (14mm/10mm) | PIRANHA
6555,Boquillas Gizeh Carbón Activo 6mm 34u.,Filtros y boquillas,Gizeh,gizeh,carbon-6mm-34u,carbon-6mm-34u,/productos/gizeh/carbon-6mm-34u,2,1,Fumetas,8990,9590,7,Fumetas,Fumetas,true,true,2026-05-09T05:58:59.856Z,Boquillas Gizeh Carbón Activo 6mm 34u. | Boquillas Gizeh Pink Carbón Activo 6mm 34u.
6347,Banger Calvo Flat Bucket 90° - Macho 10mm,Accesorios de extraccion,Calvo,calvo,banger-flat-bucket-macho-90-10mm,banger-flat-bucket-macho-90-10mm,/productos/calvo/banger-flat-bucket-macho-90-10mm,1,1,Fumetas,8990,8990,0,Fumetas,Fumetas,true,true,2026-05-09T05:58:46.448Z,Banger Calvo Flat Bucket 90° - Macho 10mm
6345,Banger Calvo Flat Bucket 45° - Macho 10mm,Accesorios de extraccion,Calvo,calvo,banger-flat-bucket-macho-45-10mm,banger-flat-bucket-macho-45-10mm,/productos/calvo/banger-flat-bucket-macho-45-10mm,1,1,Fumetas,8990,8990,0,Fumetas,Fumetas,true,true,2026-05-09T05:58:44.549Z,Banger Calvo Flat Bucket 45° - Macho 10mm
6553,Boquilla Gizeh Carbon Activado Procell Prism 6 mm,Filtros y boquillas,Gizeh,gizeh,carbon-procell-6mm,carbon-procell-6mm,/productos/gizeh/carbon-procell-6mm,3,1,Fumetas,8990,8990,0,Fumetas,Fumetas,true,true,2026-05-09T05:58:27.250Z,Boquillas Gizeh Carbon Activado Procell Black 6 mm | Boquillas Gizeh Carbon Activado Procell Green 6 mm | Boquilla Gizeh Carbon Activado Procell Prism 6 mm
6759,Pipa Pyrex Paradox 61- Top Smoke,Pipas,TOP SMOKE,top-smoke,paradox,paradox,/productos/top-smoke/paradox,1,1,Astro Growshop,8990,8990,0,Astro Growshop,Astro Growshop,true,true,2026-05-09T05:53:52.653Z,Pipa Pyrex Paradox 61- Top Smoke
6757,Pipa Pyrex Overkill 33- Top Smoke,Pipas,TOP SMOKE,top-smoke,overkill,overkill,/productos/top-smoke/overkill,1,1,Astro Growshop,8990,8990,0,Astro Growshop,Astro Growshop,true,true,2026-05-09T05:53:50.950Z,Pipa Pyrex Overkill 33- Top Smoke
6755,Pipa Pyrex Overdrive 72- Top Smoke,Pipas,TOP SMOKE,top-smoke,overdrive,overdrive,/productos/top-smoke/overdrive,1,1,Astro Growshop,8990,8990,0,Astro Growshop,Astro Growshop,true,true,2026-05-09T05:53:49.198Z,Pipa Pyrex Overdrive 72- Top Smoke
6754,Pipa Pyrex Overcharge 117- Top Smoke,Pipas,TOP SMOKE,top-smoke,overcharge,overcharge,/productos/top-smoke/overcharge,1,1,Astro Growshop,8990,8990,0,Astro Growshop,Astro Growshop,true,true,2026-05-09T05:53:48.315Z,Pipa Pyrex Overcharge 117- Top Smoke
6748,Pipa Pyrex Nova 7- Top Smoke,Pipas,TOP SMOKE,top-smoke,nova,nova,/productos/top-smoke/nova,1,1,Astro Growshop,8990,8990,0,Astro Growshop,Astro Growshop,true,true,2026-05-09T05:53:42.130Z,Pipa Pyrex Nova 7- Top Smoke
6747,Pipa Pyrex Nitrozone 101- Top Smoke,Pipas,TOP SMOKE,top-smoke,nitrozone,nitrozone,/productos/top-smoke/nitrozone,1,1,Astro Growshop,8990,8990,0,Astro Growshop,Astro Growshop,true,true,2026-05-09T05:53:40.533Z,Pipa Pyrex Nitrozone 101- Top Smoke
6745,Pipa Pyrex Nitroshock 79- Top Smoke,Pipas,TOP SMOKE,top-smoke,nitroshock,nitroshock,/productos/top-smoke/nitroshock,1,1,Astro Growshop,8990,8990,0,Astro Growshop,Astro Growshop,true,true,2026-05-09T05:53:38.781Z,Pipa Pyrex Nitroshock 79- Top Smoke
6744,Pipa Pyrex Nitrocore 30- Top Smoke,Pipas,TOP SMOKE,top-smoke,nitrocore,nitrocore,/productos/top-smoke/nitrocore,1,1,Astro Growshop,8990,8990,0,Astro Growshop,Astro Growshop,true,true,2026-05-09T05:53:37.177Z,Pipa Pyrex Nitrocore 30- Top Smoke
6776,Calvo Glass Quemador Abeja Macho 14mm,Repuestos para bongs y vaporizadores,Calvo Glass,calvo,bowl-abeja-14mm,bowl-abeja-14mm,/productos/calvo/bowl-abeja-14mm,1,1,Fumetas,8990,8990,0,Fumetas,Fumetas,true,true,2026-05-08T22:05:23.032Z,Calvo Glass Quemador Abeja Macho 14mm
6342,Papel Para Rosin Aluminio- Bonglab,Accesorios de extraccion,BONGLAB,bonglab,rosin-paper-aluminio,rosin-paper-aluminio,/productos/bonglab/rosin-paper-aluminio,1,1,Astro Growshop,8990,8990,0,Astro Growshop,Astro Growshop,true,true,2026-05-08T06:12:14.711Z,Papel Para Rosin Aluminio- Bonglab
6341,Mallas de Rosin 25/90/120/160 Micras-Bonglab,Accesorios de extraccion,BONGLAB,bonglab,rosin-bag-160mic-160mic,rosin-bag-160mic-160mic,/productos/bonglab/rosin-bag-160mic-160mic,1,1,Astro Growshop,8990,8990,0,Astro Growshop,Astro Growshop,true,true,2026-05-08T04:57:27.629Z,Mallas de Rosin 25/90/120/160 Micras-Bonglab
6344,Flat Bucket Banger 90° 14mm | Calvo Glass de Cuarzo Durabilidad y Calor Uniforme,Accesorios de extraccion,CALVO,calvo,banger-flat-bucket-90-14mm,banger-flat-bucket-90-14mm,/productos/calvo/banger-flat-bucket-90-14mm,1,1,GrowBarato Chile,9700,9700,0,GrowBarato Chile,GrowBarato Chile,true,true,2026-05-22T05:53:11.822Z,Flat Bucket Banger 90° 14mm | Calvo Glass de Cuarzo Durabilidad y Calor Uniforme
6793,Almohadillas De Relleno Volcano Y Plenty 2Pcs-Storz &amp; Bickel,Repuestos para bongs y vaporizadores,STORZ & BICKEL,storz-bickel,volcano-2u,volcano-2u,/productos/storz-bickel/volcano-2u,1,1,Astro Growshop,9990,9990,0,Astro Growshop,Astro Growshop,true,true,2026-05-09T05:51:29.363Z,Almohadillas De Relleno Volcano Y Plenty 2Pcs-Storz &amp; Bickel
5807,Mr Pipe Cleaner 500 ML,Limpieza,Mr Pipe Cleaner,mr-pipe-cleaner,cleaner-pipe-500ml,cleaner-pipe-500ml,/productos/mr-pipe-cleaner/cleaner-pipe-500ml,1,1,Fumetas,9990,9990,0,Fumetas,Fumetas,true,true,2026-05-08T22:07:19.938Z,Mr Pipe Cleaner 500 ML
6530,Smokus Focus Contenedor Luz + Lupa Comet,Contenedores y estuches,smo,smokus-focus,extract-container-comet,extract-container-comet,/productos/smokus-focus/extract-container-comet,1,1,Fumetas,9990,9990,0,Fumetas,Fumetas,true,true,2026-05-08T06:14:19.480Z,Smokus Focus Contenedor Luz + Lupa Comet
6680,Pipa Hongo De Silicona GB The Green Brand resistente a golpes,Pipas,,gb-the-green-brand,hongo-a-golpes,hongo-a-golpes,/productos/gb-the-green-brand/hongo-a-golpes,1,1,GrowBarato Chile,10000,10000,0,GrowBarato Chile,GrowBarato Chile,true,true,2026-05-22T05:56:50.560Z,Pipa Hongo De Silicona GB The Green Brand resistente a golpes
6681,Pipa Pizza de Silicona para Hierbas - GB The Green Brand,Pipas,,gb-the-green-brand,pizza,pizza,/productos/gb-the-green-brand/pizza,1,1,GrowBarato Chile,10800,10800,0,GrowBarato Chile,GrowBarato Chile,true,true,2026-05-22T05:56:50.542Z,Pipa Pizza de Silicona para Hierbas - GB The Green Brand
6381,Bandeja RAW metálica Girl - Grande,Bandejas y ceniceros,RAW,raw,tray-girl-metal-large,girl-metal-large,/productos/raw/girl-metal-large,1,1,Fumetas,10990,10990,0,Fumetas,Fumetas,true,true,2026-05-09T06:26:44.468Z,Bandeja RAW metálica Girl - Grande
6767,Quemador Wax Hembra Bowl 18Mm 18Mm-Bonglab,Repuestos para bongs y vaporizadores,BONGLAB,bonglab,bowl-bowl-18mm,bowl-bowl-18mm,/productos/bonglab/bowl-bowl-18mm,1,1,Astro Growshop,10990,10990,0,Astro Growshop,Astro Growshop,true,true,2026-05-08T06:12:09.785Z,Quemador Wax Hembra Bowl 18Mm 18Mm-Bonglab
6366,Galaxy Stardust cenicero de metal,Bandejas y ceniceros,GALAXY,galaxy,ashtray-stardust-metal,ashtray-stardust-metal,/productos/galaxy/ashtray-stardust-metal,1,1,GrowBarato Chile,11700,11700,0,GrowBarato Chile,GrowBarato Chile,true,true,2026-05-22T05:54:56.801Z,Galaxy Stardust cenicero de metal
6603,Moledor Gizeh Metálico 50mm,Moledores,Gizeh,gizeh,metal-50mm,metal-50mm,/productos/gizeh/metal-50mm,1,1,Fumetas,11990,11990,0,Fumetas,Fumetas,true,true,2026-05-18T14:22:24.164Z,Moledor Gizeh Metálico 50mm
6792,Juego De Mallas Normales Solid Valve-Storz &amp; Bickel,Repuestos para bongs y vaporizadores,STORZ & BICKEL,storz-bickel,screen-set-solid-valve,screen-set-solid-valve,/productos/storz-bickel/screen-set-solid-valve,1,1,Astro Growshop,11990,11990,0,Astro Growshop,Astro Growshop,true,true,2026-05-18T06:45:59.176Z,Juego De Mallas Normales Solid Valve-Storz &amp; Bickel
6330,Pulsar Nectar Dab Straw Full Color 25 cm,Accesorios de extraccion,Pulsar,pulsar,nectar-collector-straw-25cm,nectar-collector-straw-25cm,/productos/pulsar/nectar-collector-straw-25cm,2,1,Fumetas,11990,19990,67,Fumetas,Fumetas,true,true,2026-05-13T20:26:26.367Z,Pulsar Nectar Dab Straw Full Color 25 cm | Pulsar Nectar Quartz Dab Straw 25 cm
5813,Recarga Vaporizador Svopp Oxbar Grape Ice P25000 | PIRANHA,Vaporizadores electronicos,,oxbar,disposable-oxbar-p25000,disposable-oxbar-p25000,/productos/oxbar/disposable-oxbar-p25000,1,1,Piranha,11993,11993,0,Piranha,Piranha,true,true,2026-05-18T15:36:21.393Z,Recarga Vaporizador Svopp Oxbar Grape Ice P25000 | PIRANHA
6396,Km3 Clear-Bonglab,Bongs,BONGLAB,bonglab,bongs-astrogrowshop,astrogrowshop,/productos/bonglab/astrogrowshop,2,1,Astro Growshop,12790,47990,275,Astro Growshop,Astro Growshop,true,true,2026-05-18T06:45:48.980Z,Km3 Clear-Bonglab | Purple Rig Purple-Bonglab
6581,Moledor Gizeh Tornasol 50mm,Moledores,Gizeh,gizeh,tornasol,tornasol,/productos/gizeh/tornasol,2,1,Fumetas,12990,16990,31,Fumetas,Fumetas,true,true,2026-05-18T14:22:25.718Z,Moledor Gizeh Tornasol 50mm | Moledor Gizeh Tornasol 60mm
6788,Contenedor 8 Cápsulas Monodosis Storz &amp; Bickel,Repuestos para bongs y vaporizadores,Storz & Bickel,storz-bickel,dosing-capsules-monodosis,dosing-capsules-monodosis,/productos/storz-bickel/dosing-capsules-monodosis,1,1,Fumetas,12990,12990,0,Fumetas,Fumetas,true,true,2026-05-08T23:14:54.678Z,Contenedor 8 Cápsulas Monodosis Storz &amp; Bickel
6673,Calvo Pipa 3 Circles Spoon 11cm,Pipas,Calvo Glass,calvo,circles,circles,/productos/calvo/circles,1,1,Fumetas,13041,13041,0,Fumetas,Fumetas,true,true,2026-05-18T14:18:13.224Z,Calvo Pipa 3 Circles Spoon 11cm
6677,Calvo Glass Pipa Twist Spoon 11cm,Pipas,Calvo Glass,calvo,twist,twist,/productos/calvo/twist,1,1,Fumetas,13041,13041,0,Fumetas,Fumetas,true,true,2026-05-18T14:18:12.562Z,Calvo Glass Pipa Twist Spoon 11cm
6675,Calvo Glass Pipa Screen 10 cm,Pipas,CALVO,calvo,screen,screen,/productos/calvo/screen,1,1,Fumetas,13041,13041,0,Fumetas,Fumetas,true,true,2026-05-18T14:18:10.608Z,Calvo Glass Pipa Screen 10 cm
6679,Filter Hitter Cabo - GB The Green Brand,Pipas,CABO,gb-the-green-brand,filter-hitter-cabo,hitter-cabo,/productos/gb-the-green-brand/hitter-cabo,1,1,GrowBarato Chile,13500,13500,0,GrowBarato Chile,GrowBarato Chile,true,true,2026-05-22T05:52:44.934Z,Filter Hitter Cabo - GB The Green Brand
6625,Moledor Bulldog 50mm 3 pisos,Moledores,The Bulldog Amsterdam,the-bulldog,50mm,50mm,/productos/the-bulldog/50mm,1,1,Fumetas,13790,13790,0,Fumetas,Fumetas,true,true,2026-05-18T14:22:18.582Z,Moledor Bulldog 50mm 3 pisos
6737,Pipa 4.5&quot; Pyrex Megaton 75- Top Smoke,Pipas,TOP SMOKE,top-smoke,megaton-quot,megaton-quot,/productos/top-smoke/megaton-quot,1,1,Astro Growshop,13990,13990,0,Astro Growshop,Astro Growshop,true,true,2026-05-18T14:21:41.728Z,Pipa 4.5&quot; Pyrex Megaton 75- Top Smoke
6742,Pipa Pyrex Nitro 1- Top Smoke,Pipas,TOP SMOKE,top-smoke,nitro,nitro,/productos/top-smoke/nitro,1,1,Astro Growshop,13990,13990,0,Astro Growshop,Astro Growshop,true,true,2026-05-18T14:08:04.996Z,Pipa Pyrex Nitro 1- Top Smoke
6741,Pipa Pyrex Nightfall 116- Top Smoke,Pipas,TOP SMOKE,top-smoke,nightfall,nightfall,/productos/top-smoke/nightfall,1,1,Astro Growshop,13990,13990,0,Astro Growshop,Astro Growshop,true,true,2026-05-18T14:08:03.587Z,Pipa Pyrex Nightfall 116- Top Smoke
6734,Pipa Pyrex Krypton 6- Top Smoke,Pipas,TOP SMOKE,top-smoke,krypton,krypton,/productos/top-smoke/krypton,1,1,Astro Growshop,13990,13990,0,Astro Growshop,Astro Growshop,true,true,2026-05-18T14:07:58.393Z,Pipa Pyrex Krypton 6- Top Smoke
6728,Pipa Pyrex Hyperion 36- Top Smoke,Pipas,TOP SMOKE,top-smoke,hyperion,hyperion,/productos/top-smoke/hyperion,1,1,Astro Growshop,13990,13990,0,Astro Growshop,Astro Growshop,true,true,2026-05-18T14:07:52.010Z,Pipa Pyrex Hyperion 36- Top Smoke
6726,Pipa Pyrex Hologram 28- Top Smoke,Pipas,TOP SMOKE,top-smoke,hologram,hologram,/productos/top-smoke/hologram,1,1,Astro Growshop,13990,13990,0,Astro Growshop,Astro Growshop,true,true,2026-05-18T14:07:50.185Z,Pipa Pyrex Hologram 28- Top Smoke
6723,Pipa Pyrex Helix 89- Top Smoke,Pipas,TOP SMOKE,top-smoke,helix,helix,/productos/top-smoke/helix,1,1,Astro Growshop,13990,13990,0,Astro Growshop,Astro Growshop,true,true,2026-05-18T14:07:46.690Z,Pipa Pyrex Helix 89- Top Smoke
6722,Pipa Pyrex Havokid 119- Top Smoke,Pipas,TOP SMOKE,top-smoke,havokid,havokid,/productos/top-smoke/havokid,1,1,Astro Growshop,13990,13990,0,Astro Growshop,Astro Growshop,true,true,2026-05-18T14:07:45.838Z,Pipa Pyrex Havokid 119- Top Smoke
6721,Pipa Pyrex Havocrush 59- Top Smoke,Pipas,TOP SMOKE,top-smoke,havocrush,havocrush,/productos/top-smoke/havocrush,1,1,Astro Growshop,13990,13990,0,Astro Growshop,Astro Growshop,true,true,2026-05-18T14:07:44.982Z,Pipa Pyrex Havocrush 59- Top Smoke
6720,Pipa Pyrex Havocron 92- Top Smoke,Pipas,TOP SMOKE,top-smoke,havocron,havocron,/productos/top-smoke/havocron,1,1,Astro Growshop,13990,13990,0,Astro Growshop,Astro Growshop,true,true,2026-05-18T14:07:44.120Z,Pipa Pyrex Havocron 92- Top Smoke
6712,Pipa Pyrex Exile 63- Top Smoke,Pipas,TOP SMOKE,top-smoke,exile,exile,/productos/top-smoke/exile,1,1,Astro Growshop,13990,13990,0,Astro Growshop,Astro Growshop,true,true,2026-05-18T14:07:38.231Z,Pipa Pyrex Exile 63- Top Smoke
6703,Pipa Pyrex Cyclonix 78- Top Smoke,Pipas,TOP SMOKE,top-smoke,cyclonix,cyclonix,/productos/top-smoke/cyclonix,1,1,Astro Growshop,13990,13990,0,Astro Growshop,Astro Growshop,true,true,2026-05-18T14:07:29.693Z,Pipa Pyrex Cyclonix 78- Top Smoke
6700,Pipa Pyrex Chaos 19- Top Smoke,Pipas,TOP SMOKE,top-smoke,chaos,chaos,/productos/top-smoke/chaos,1,1,Astro Growshop,13990,13990,0,Astro Growshop,Astro Growshop,true,true,2026-05-18T14:07:26.260Z,Pipa Pyrex Chaos 19- Top Smoke
6694,Pipa Pyrex Berserk 57- Top Smoke,Pipas,TOP SMOKE,top-smoke,berserk,berserk,/productos/top-smoke/berserk,1,1,Astro Growshop,13990,13990,0,Astro Growshop,Astro Growshop,true,true,2026-05-18T14:07:20.539Z,Pipa Pyrex Berserk 57- Top Smoke
6790,Storz &amp; Bickel Boquillas de Mighty/Crafty - 4 unidades,Repuestos para bongs y vaporizadores,Storz & Bickel,storz-bickel,mouthpiece-crafty-1u,mouthpiece-crafty-1u,/productos/storz-bickel/mouthpiece-crafty-1u,1,1,Fumetas,13990,13990,0,Fumetas,Fumetas,true,true,2026-05-09T05:57:59.561Z,Storz &amp; Bickel Boquillas de Mighty/Crafty - 4 unidades
6753,Pipa Pyrex Outrage 120- Top Smoke,Pipas,TOP SMOKE,top-smoke,outrage,outrage,/productos/top-smoke/outrage,1,1,Astro Growshop,13990,13990,0,Astro Growshop,Astro Growshop,true,true,2026-05-09T05:53:47.446Z,Pipa Pyrex Outrage 120- Top Smoke
6750,Pipa Pyrex Omega 12- Top Smoke,Pipas,TOP SMOKE,top-smoke,omega,omega,/productos/top-smoke/omega,1,1,Astro Growshop,13990,13990,0,Astro Growshop,Astro Growshop,true,true,2026-05-09T05:53:43.958Z,Pipa Pyrex Omega 12- Top Smoke
6749,Pipa Pyrex Oblivion 41- Top Smoke,Pipas,TOP SMOKE,top-smoke,oblivion,oblivion,/productos/top-smoke/oblivion,1,1,Astro Growshop,13990,13990,0,Astro Growshop,Astro Growshop,true,true,2026-05-09T05:53:43.066Z,Pipa Pyrex Oblivion 41- Top Smoke
6746,Pipa Pyrex Nitrovolt 90- Top Smoke,Pipas,TOP SMOKE,top-smoke,nitrovolt,nitrovolt,/productos/top-smoke/nitrovolt,1,1,Astro Growshop,13990,13990,0,Astro Growshop,Astro Growshop,true,true,2026-05-09T05:53:39.616Z,Pipa Pyrex Nitrovolt 90- Top Smoke
6409,Bong Cristal Mini para marihuana 8-17 cm,Bongs,BONGLAB,bonglab,html,html,/productos/bonglab/html,1,1,GrowBarato Chile,14400,14400,0,GrowBarato Chile,GrowBarato Chile,true,true,2026-05-22T05:54:35.693Z,Bong Cristal Mini para marihuana 8-17 cm
6791,Storz &amp; Bickel Set de Boquillas Venty - 4 Unidades,Repuestos para bongs y vaporizadores,Storz & Bickel,storz-bickel,mouthpiece-venty-4u,mouthpiece-venty-4u,/productos/storz-bickel/mouthpiece-venty-4u,1,1,Fumetas,14790,14790,0,Fumetas,Fumetas,true,true,2026-05-09T05:58:41.739Z,Storz &amp; Bickel Set de Boquillas Venty - 4 Unidades
6373,Bandeja Bamboo OCB Rolling Tray 23x18cm | PIRANHA,Bandejas y ceniceros,OCB,ocb,tray-bamboo-23x18cm,bamboo-23x18cm,/productos/ocb/bamboo-23x18cm,1,1,Piranha,14932,14932,0,Piranha,Piranha,true,true,2026-05-08T22:07:52.662Z,Bandeja Bamboo OCB Rolling Tray 23x18cm | PIRANHA
6676,Calvo Pipa Signature Spoon 13 cm,Pipas,Calvo Glass,calvo,signature,signature,/productos/calvo/signature,1,1,Fumetas,14990,14990,0,Fumetas,Fumetas,true,true,2026-05-18T14:18:13.563Z,Calvo Pipa Signature Spoon 13 cm
6361,Pulsar Nectar Dab Straw 15 cm + Spin Pearl,Accesorios de extraccion,Pulsar,pulsar,nectar-collector-straw-15cm,nectar-collector-straw-15cm,/productos/pulsar/nectar-collector-straw-15cm,1,1,Fumetas,14990,14990,0,Fumetas,Fumetas,true,true,2026-05-13T20:26:26.383Z,Pulsar Nectar Dab Straw 15 cm + Spin Pearl
6492,Cono de Oro 24K 1U-KUSH HEMP WRAPS,Conos y blunts,KUSH HEMP,kush-hemp,gold-cone-1u,gold-cone-1u,/productos/kush-hemp/gold-cone-1u,1,1,Astro Growshop,14990,14990,0,Astro Growshop,Astro Growshop,true,true,2026-05-09T05:52:18.144Z,Cono de Oro 24K 1U-KUSH HEMP WRAPS
6420,Bonglab Prisma,Bongs,BONGLAB,bonglab,prisma-pipas,prisma-pipas,/productos/bonglab/prisma-pipas,1,1,GrowBarato Chile,15300,15300,0,GrowBarato Chile,GrowBarato Chile,true,true,2026-05-14T13:49:03.114Z,Bonglab Prisma
6764,Pipa Pyrex Voltage X 70- Top Smoke,Pipas,TOP SMOKE,top-smoke,voltage-x,voltage-x,/productos/top-smoke/voltage-x,1,1,Astro Growshop,15990,15990,0,Astro Growshop,Astro Growshop,true,true,2026-05-18T14:21:44.830Z,Pipa Pyrex Voltage X 70- Top Smoke
6732,Pipa Pyrex Killshot 103- Top Smoke,Pipas,TOP SMOKE,top-smoke,killshot,killshot,/productos/top-smoke/killshot,1,1,Astro Growshop,15990,15990,0,Astro Growshop,Astro Growshop,true,true,2026-05-18T14:07:56.199Z,Pipa Pyrex Killshot 103- Top Smoke
6730,Pipa Pyrex Inferno 5- Top Smoke,Pipas,TOP SMOKE,top-smoke,inferno,inferno,/productos/top-smoke/inferno,1,1,Astro Growshop,15990,15990,0,Astro Growshop,Astro Growshop,true,true,2026-05-18T14:07:54.529Z,Pipa Pyrex Inferno 5- Top Smoke
6727,Pipa Pyrex Hyperblast 105- Top Smoke,Pipas,TOP SMOKE,top-smoke,hyperblast,hyperblast,/productos/top-smoke/hyperblast,1,1,Astro Growshop,15990,15990,0,Astro Growshop,Astro Growshop,true,true,2026-05-18T14:07:51.050Z,Pipa Pyrex Hyperblast 105- Top Smoke
6724,Pipa Pyrex Hellstorm 112- Top Smoke,Pipas,TOP SMOKE,top-smoke,hellstorm,hellstorm,/productos/top-smoke/hellstorm,1,1,Astro Growshop,15990,15990,0,Astro Growshop,Astro Growshop,true,true,2026-05-18T14:07:47.639Z,Pipa Pyrex Hellstorm 112- Top Smoke
6716,Pipa Pyrex Frostbite 68- Top Smoke,Pipas,TOP SMOKE,top-smoke,frostbite,frostbite,/productos/top-smoke/frostbite,1,1,Astro Growshop,15990,15990,0,Astro Growshop,Astro Growshop,true,true,2026-05-18T14:07:41.589Z,Pipa Pyrex Frostbite 68- Top Smoke
6709,Pipa Pyrex Dominionx 96- Top Smoke,Pipas,TOP SMOKE,top-smoke,dominionx,dominionx,/productos/top-smoke/dominionx,1,1,Astro Growshop,15990,15990,0,Astro Growshop,Astro Growshop,true,true,2026-05-18T14:07:35.603Z,Pipa Pyrex Dominionx 96- Top Smoke
6707,Pipa Pyrex Delta 22- Top Smoke,Pipas,TOP SMOKE,top-smoke,delta,delta,/productos/top-smoke/delta,1,1,Astro Growshop,15990,15990,0,Astro Growshop,Astro Growshop,true,true,2026-05-18T14:07:34.049Z,Pipa Pyrex Delta 22- Top Smoke
6702,Pipa Pyrex Cyclone 9- Top Smoke,Pipas,TOP SMOKE,top-smoke,cyclone,cyclone,/productos/top-smoke/cyclone,1,1,Astro Growshop,15990,15990,0,Astro Growshop,Astro Growshop,true,true,2026-05-18T14:07:27.954Z,Pipa Pyrex Cyclone 9- Top Smoke
6698,Pipa Pyrex Carbonix 67- Top Smoke,Pipas,TOP SMOKE,top-smoke,carbonix,carbonix,/productos/top-smoke/carbonix,1,1,Astro Growshop,15990,15990,0,Astro Growshop,Astro Growshop,true,true,2026-05-18T14:07:23.583Z,Pipa Pyrex Carbonix 67- Top Smoke
6760,Pipa Pyrex Phantom 4- Top Smoke,Pipas,TOP SMOKE,top-smoke,phantom,phantom,/productos/top-smoke/phantom,1,1,Astro Growshop,15990,15990,0,Astro Growshop,Astro Growshop,true,true,2026-05-09T05:53:54.056Z,Pipa Pyrex Phantom 4- Top Smoke
6758,Pipa Pyrex Overlord 104- Top Smoke,Pipas,TOP SMOKE,top-smoke,overlord,overlord,/productos/top-smoke/overlord,1,1,Astro Growshop,15990,15990,0,Astro Growshop,Astro Growshop,true,true,2026-05-09T05:53:51.823Z,Pipa Pyrex Overlord 104- Top Smoke
6752,Pipa Pyrex Outlaw 49- Top Smoke,Pipas,TOP SMOKE,top-smoke,outlaw,outlaw,/productos/top-smoke/outlaw,1,1,Astro Growshop,15990,15990,0,Astro Growshop,Astro Growshop,true,true,2026-05-09T05:53:46.501Z,Pipa Pyrex Outlaw 49- Top Smoke
6751,Pipa Pyrex Outbreak 91- Top Smoke,Pipas,TOP SMOKE,top-smoke,outbreak,outbreak,/productos/top-smoke/outbreak,1,1,Astro Growshop,15990,15990,0,Astro Growshop,Astro Growshop,true,true,2026-05-09T05:53:45.523Z,Pipa Pyrex Outbreak 91- Top Smoke
6419,Prisma Clear-Bonglab,Bongs,BONGLAB,bonglab,prisma-bongs,prisma-bongs,/productos/bonglab/prisma-bongs,1,1,Astro Growshop,16190,16190,0,Astro Growshop,Astro Growshop,true,true,2026-05-14T13:46:39.495Z,Prisma Clear-Bonglab
5814,Vaporizador Oxbar Liso P28000 Blue Razz Ice 5% | PIRANHA,Vaporizadores electronicos,,oxbar,disposable-oxbar-p28000,disposable-oxbar-p28000,/productos/oxbar/disposable-oxbar-p28000,1,1,Piranha,16244,16244,0,Piranha,Piranha,true,true,2026-05-18T15:36:21.382Z,Vaporizador Oxbar Liso P28000 Blue Razz Ice 5% | PIRANHA
5812,Vaper Airis Neo P8000 - Strawberry Cream | PIRANHA,Vaporizadores electronicos,AIRIS,airis,disposable-neo-p8000-strawberry-cream,disposable-neo-p8000-strawberry-cream,/productos/airis/disposable-neo-p8000-strawberry-cream,1,1,Piranha,16244,16244,0,Piranha,Piranha,true,true,2026-05-14T13:55:30.454Z,Vaper Airis Neo P8000 - Strawberry Cream | PIRANHA
6401,BongLab Bong KM3 Clear 12cm,Bongs,BongLab,bonglab,fumetas,fumetas,/productos/bonglab/fumetas,1,1,Fumetas,16990,16990,0,Fumetas,Fumetas,true,true,2026-05-18T06:49:26.526Z,BongLab Bong KM3 Clear 12cm
5806,Mr Pipe Cleaner 1 Litro,Limpieza,Mr Pipe Cleaner,mr-pipe-cleaner,cleaner-pipe-1l,cleaner-pipe-1l,/productos/mr-pipe-cleaner/cleaner-pipe-1l,1,1,Fumetas,16990,16990,0,Fumetas,Fumetas,true,true,2026-05-08T22:07:19.915Z,Mr Pipe Cleaner 1 Litro
6671,Cabo Pipa Filter Hitter 8cm,Pipas,Cabo,cabo,filter-hitter,hitter,/productos/cabo/hitter,1,1,Fumetas,17091,17091,0,Fumetas,Fumetas,true,true,2026-05-18T14:18:09.942Z,Cabo Pipa Filter Hitter 8cm
6597,Moledor Diamond 4 partes┃Varios colores en Growbarato✅,Moledores,,gb-the-green-brand,diamond-varios,diamond-varios,/productos/gb-the-green-brand/diamond-varios,1,1,GrowBarato Chile,17100,17100,0,GrowBarato Chile,GrowBarato Chile,true,true,2026-05-22T05:56:49.900Z,Moledor Diamond 4 partes┃Varios colores en Growbarato✅
6421,Bong R2 Bonglab 17cm - Una experiencia de fumado excepcional,Bongs,BONGLAB,bonglab,r2-una-experiencia,r2-una-experiencia,/productos/bonglab/r2-una-experiencia,1,1,GrowBarato Chile,17600,17600,0,GrowBarato Chile,GrowBarato Chile,true,true,2026-05-22T05:53:12.885Z,Bong R2 Bonglab 17cm - Una experiencia de fumado excepcional
6514,Frasco para Curado AKU Miron Glass Container 250cc,Contenedores y estuches,,aku,jar-miron-250ml,jar-miron-250ml,/productos/aku/jar-miron-250ml,1,1,Piranha,17991,17991,0,Piranha,Piranha,true,true,2026-05-18T15:36:21.186Z,Frasco para Curado AKU Miron Glass Container 250cc
6689,Pipa Kuban PieceMaker 11cm (Color a elección) | PIRANHA,Pipas,PIECEMAKER,piecemaker,kuban-a,kuban-a,/productos/piecemaker/kuban-a,1,1,Piranha,18743,18743,0,Piranha,Piranha,true,true,2026-05-08T21:54:26.379Z,Pipa Kuban PieceMaker 11cm (Color a elección) | PIRANHA
6353,Banger Regular Full Weld 14 mm Calvo Glass,Accesorios de extraccion,CALVO,calvo,banger-simple-14mm,banger-simple-14mm,/productos/calvo/banger-simple-14mm,1,1,GrowBarato Chile,18900,18900,0,GrowBarato Chile,GrowBarato Chile,true,true,2026-05-22T05:53:49.886Z,Banger Regular Full Weld 14 mm Calvo Glass
6454,Bong Cápsula Espacial Fluorescente de Silicona - GB The Green Brand,Bongs,,gb-the-green-brand,capsula-espacial,capsula-espacial,/productos/gb-the-green-brand/capsula-espacial,1,1,GrowBarato Chile,19400,19400,0,GrowBarato Chile,GrowBarato Chile,true,true,2026-05-22T05:56:50.747Z,Bong Cápsula Espacial Fluorescente de Silicona - GB The Green Brand
6683,"Pipa Grav Bubble Trap 4""",Pipas,GRAV,grav,bubble-trap,bubble-trap,/productos/grav/bubble-trap,1,1,Piranha,19494,19494,0,Piranha,Piranha,true,true,2026-05-08T21:53:58.785Z,"Pipa Grav Bubble Trap 4"""
6516,Frasco para Curado AKU Miron Glass Container 250cc + Integraboost 55%,Contenedores y estuches,,aku,jar-miron-integraboost-250ml,jar-miron-integraboost-250ml,/productos/aku/jar-miron-integraboost-250ml,1,1,Piranha,19941,19941,0,Piranha,Piranha,true,true,2026-05-18T15:36:21.340Z,Frasco para Curado AKU Miron Glass Container 250cc + Integraboost 55%
6360,Pulsar Nectar Quartz &amp; Rosewood Dab Straw 15 cm,Accesorios de extraccion,Pulsar,pulsar,nectar-collector-rosewood-15cm,nectar-collector-rosewood-15cm,/productos/pulsar/nectar-collector-rosewood-15cm,1,1,Fumetas,19990,19990,0,Fumetas,Fumetas,true,true,2026-05-13T20:26:26.473Z,Pulsar Nectar Quartz &amp; Rosewood Dab Straw 15 cm
6359,Pulsar Nectar Deco Dab Straw,Accesorios de extraccion,Pulsar,pulsar,nectar-collector-deco,nectar-collector-deco,/productos/pulsar/nectar-collector-deco,1,1,Fumetas,19990,19990,0,Fumetas,Fumetas,true,true,2026-05-13T20:26:26.331Z,Pulsar Nectar Deco Dab Straw
6358,Calvo Glass Banger Full Weld Thin Slurper - Macho 14mm,Accesorios de extraccion,Calvo Glass,calvo,banger-thin-slurper-macho-14mm,banger-thin-slurper-macho-14mm,/productos/calvo/banger-thin-slurper-macho-14mm,1,1,Fumetas,19990,19990,0,Fumetas,Fumetas,true,true,2026-05-09T05:58:13.022Z,Calvo Glass Banger Full Weld Thin Slurper - Macho 14mm
6343,Calvo Glass Banger Full Weld Big Slurper - Macho 14mm,Accesorios de extraccion,Calvo Glass,calvo,banger-big-slurper-macho-14mm,banger-big-slurper-macho-14mm,/productos/calvo/banger-big-slurper-macho-14mm,1,1,Fumetas,19990,19990,0,Fumetas,Fumetas,true,true,2026-05-09T05:58:12.015Z,Calvo Glass Banger Full Weld Big Slurper - Macho 14mm
6785,MJ Arsenal Quemador Heart Flower Macho 14mm,Repuestos para bongs y vaporizadores,MJ Arsenal,mj-arsenal,bowl-14mm,bowl-14mm,/productos/mj-arsenal/bowl-14mm,1,1,Fumetas,19990,19990,0,Fumetas,Fumetas,true,true,2026-05-08T22:04:49.259Z,MJ Arsenal Quemador Heart Flower Macho 14mm
6588,Moledor Aluminio G-Rollz 4 Partes 5cm | PIRANHA,Moledores,G-ROLLZ,g-rollz,metal-4-partes-50mm,metal-4-partes-50mm,/productos/g-rollz/metal-4-partes-50mm,1,1,Piranha,19992,19992,0,Piranha,Piranha,true,true,2026-05-18T14:25:49.946Z,Moledor Aluminio G-Rollz 4 Partes 5cm | PIRANHA
6526,Estuche Ywiwis Gollo - OZeta | PIRANHA,Contenedores y estuches,OZETA,ozeta,case-ywiwis,case-ywiwis,/productos/ozeta/case-ywiwis,1,1,Piranha,19992,19992,0,Piranha,Piranha,true,true,2026-05-08T22:07:52.316Z,Estuche Ywiwis Gollo - OZeta | PIRANHA
6465,PMG Bong Kali Go 23cm,Bongs,Piece Maker Gear,piecemaker,maker-gear-kali,maker-gear-kali,/productos/piecemaker/maker-gear-kali,1,1,Fumetas,20153,20153,0,Fumetas,Fumetas,true,true,2026-05-08T06:14:16.166Z,PMG Bong Kali Go 23cm
6457,Bong Portátil de Silicona GB para Cannabis - GB The Green Brand,Bongs,,gb-the-green-brand,portatil-pipas,portatil-pipas,/productos/gb-the-green-brand/portatil-pipas,1,1,GrowBarato Chile,20600,20600,0,GrowBarato Chile,GrowBarato Chile,true,true,2026-05-22T05:56:50.446Z,Bong Portátil de Silicona GB para Cannabis - GB The Green Brand
6498,2 Conos de Oro Preenrolados Shine 24K 1 1/4,Conos y blunts,Shine,shine,gold-cone-1-1-4-2u,gold-cone-1-1-4-2u,/productos/shine/gold-cone-1-1-4-2u,1,1,Fumetas,20990,20990,0,Fumetas,Fumetas,true,true,2026-05-09T05:58:42.785Z,2 Conos de Oro Preenrolados Shine 24K 1 1/4
6357,Calvo Glass Banger Thin Slurper Full Weld Macho 10mm,Accesorios de extraccion,Calvo Glass,calvo,banger-thin-slurper-macho-10mm,banger-thin-slurper-macho-10mm,/productos/calvo/banger-thin-slurper-macho-10mm,1,1,Fumetas,20990,20990,0,Fumetas,Fumetas,true,true,2026-05-09T05:58:08.289Z,Calvo Glass Banger Thin Slurper Full Weld Macho 10mm
6354,Calvo Glass Banger Full Weld Regular Macho 10mm,Accesorios de extraccion,Calvo,calvo,banger-simple-macho-10mm,banger-simple-macho-10mm,/productos/calvo/banger-simple-macho-10mm,1,1,Fumetas,20990,20990,0,Fumetas,Fumetas,true,true,2026-05-09T05:58:07.331Z,Calvo Glass Banger Full Weld Regular Macho 10mm
6540,Soplete Compact Ignite - GB The Green Brand,Encendedores y sopletes,IGNITE,ignite,torch-lighter-compact,torch-lighter-compact,/productos/ignite/torch-lighter-compact,1,1,GrowBarato Chile,21600,21600,0,GrowBarato Chile,GrowBarato Chile,true,true,2026-05-22T05:55:41.371Z,Soplete Compact Ignite - GB The Green Brand
6520,Mason Re: Stash Jar de Bonglab de vidrio,Contenedores y estuches,BONGLAB,bonglab,jar-restash-glass,jar-restash-glass,/productos/bonglab/jar-restash-glass,1,1,GrowBarato Chile,21600,21600,0,GrowBarato Chile,GrowBarato Chile,true,true,2026-05-22T05:55:03.166Z,Mason Re: Stash Jar de Bonglab de vidrio
6690,PieceMaker Pipa Kuban 11 cm,Pipas,PieceMaker,piecemaker,kuban,kuban,/productos/piecemaker/kuban,1,1,Fumetas,21990,21990,0,Fumetas,Fumetas,true,true,2026-05-18T14:22:16.645Z,PieceMaker Pipa Kuban 11 cm
6509,Jar Rosado 4Oz-Bonglab Re: Stash,Contenedores y estuches,RE: STASH,bonglab,jar-restash-4oz,jar-restash-4oz,/productos/bonglab/jar-restash-4oz,4,1,Astro Growshop,21990,21990,0,Astro Growshop,Astro Growshop,true,true,2026-05-09T05:52:30.337Z,Jar Rosado 4Oz-Bonglab Re: Stash | Jar Electric Green 4Oz-Re: Stash | Jar Blanco Gold Ink 4Oz-Bonglab Re: Stash | Jar Ocean Tie Dye 4Oz-Bonglab Re: Stash
6397,Bonglab bong clásico 25 cm de calidad,Bongs,BONGLAB,bonglab,clasico,clasico,/productos/bonglab/clasico,1,1,GrowBarato Chile,22400,22400,0,GrowBarato Chile,GrowBarato Chile,true,true,2026-05-22T05:54:33.395Z,Bonglab bong clásico 25 cm de calidad
6464,Bong de silicona Klutch de Piece Maker,Bongs,,piecemaker,klutch-maker,klutch-maker,/productos/piecemaker/klutch-maker,1,1,GrowBarato Chile,22900,22900,0,GrowBarato Chile,GrowBarato Chile,true,true,2026-05-22T05:56:50.616Z,Bong de silicona Klutch de Piece Maker
6406,Bonglab Handy Rig 14 cm – Rig Compacto Borosilicato para Extracciones | GrowBaratoChile,Bongs,BONGLAB,bonglab,handy-extracciones,handy-extracciones,/productos/bonglab/handy-extracciones,1,1,GrowBarato Chile,22900,22900,0,GrowBarato Chile,GrowBarato Chile,true,true,2026-05-22T05:53:32.496Z,Bonglab Handy Rig 14 cm – Rig Compacto Borosilicato para Extracciones | GrowBaratoChile
6607,Moledor OCB Aluminio 50mm,Moledores,OCB,ocb,metal-50mm,metal-50mm,/productos/ocb/metal-50mm,1,1,Fumetas,22990,22990,0,Fumetas,Fumetas,true,true,2026-05-18T14:22:24.477Z,Moledor OCB Aluminio 50mm
6772,BongLab AtrapaCenizas Triple HoneyComb - Macho 18mm,Repuestos para bongs y vaporizadores,BongLab,bonglab,honeycomb-18mm,honeycomb-18mm,/productos/bonglab/honeycomb-18mm,1,1,Fumetas,22990,22990,0,Fumetas,Fumetas,true,true,2026-05-08T06:13:41.634Z,BongLab AtrapaCenizas Triple HoneyComb - Macho 18mm
6577,G-Rollz Moledor Banksy Panda 53mm,Moledores,G-Rollz,g-rollz,banksy-53mm,banksy-53mm,/productos/g-rollz/banksy-53mm,4,1,Fumetas,23990,23990,0,Fumetas,Fumetas,true,true,2026-05-18T14:22:34.467Z,G-Rollz Moledor Banksy Thug For Life 53mm | G-Rollz Moledor Banksy Torch Boy 53mm | G-Rollz Moledor Pets Rock Rap 53mm | G-Rollz Moledor Banksy Panda 53mm
6590,Moledor Galaxy Lightning Aluminio 63mm,Moledores,Galaxy,galaxy,lightning-metal,lightning-metal,/productos/galaxy/lightning-metal,1,1,Fumetas,23990,23990,0,Fumetas,Fumetas,true,true,2026-05-18T14:22:22.890Z,Moledor Galaxy Lightning Aluminio 63mm
6582,Moledor Blazy Susan Aluminio Grado Aeronáutico | PIRANHA,Moledores,BLAZY SUSAN,blazy-susan,metal-60mm,metal-60mm,/productos/blazy-susan/metal-60mm,1,1,Piranha,24493,24493,0,Piranha,Piranha,true,true,2026-05-18T14:25:49.146Z,Moledor Blazy Susan Aluminio Grado Aeronáutico | PIRANHA
6591,Mars Grinder Aluminio 55mm,Moledores,GALAXY,galaxy,mars-metal,mars-metal,/productos/galaxy/mars-metal,1,1,Piranha,24831,24831,0,Piranha,Piranha,true,true,2026-05-09T07:00:32.801Z,Mars Grinder Aluminio 55mm
6593,Moledor Galaxy Aluminio 7cm 4 Partes | PIRANHA,Moledores,GALAXY,galaxy,metal-70mm,metal-70mm,/productos/galaxy/metal-70mm,1,1,Piranha,24892,24892,0,Piranha,Piranha,true,true,2026-05-18T15:36:18.737Z,Moledor Galaxy Aluminio 7cm 4 Partes | PIRANHA
6613,Moledor RAW Silver 56mm,Moledores,RAW,raw,50mm,50mm,/productos/raw/50mm,1,1,Fumetas,24990,24990,0,Fumetas,Fumetas,true,true,2026-05-18T14:22:28.833Z,Moledor RAW Silver 56mm
6580,Moledor Elements Blue 60mm,Moledores,Elements,elements,60mm,60mm,/productos/elements/60mm,2,1,Fumetas,24990,24990,0,Fumetas,Fumetas,true,true,2026-05-18T14:22:28.504Z,Moledor Elements Blue 60mm | Moledor Elements Pink 60mm
6352,BANGER REGULAR FULL WELD 10MM- Calvo glass,Accesorios de extraccion,CALVO,calvo,banger-simple-10mm,banger-simple-10mm,/productos/calvo/banger-simple-10mm,1,1,Astro Growshop,24990,24990,0,Astro Growshop,Astro Growshop,true,true,2026-05-08T21:48:02.982Z,BANGER REGULAR FULL WELD 10MM- Calvo glass
6524,Bolso Ywiwis Antiolor-Ozeta,Contenedores y estuches,OZETA,ozeta,bag-ywiwis,bag-ywiwis,/productos/ozeta/bag-ywiwis,1,1,Astro Growshop,24990,24990,0,Astro Growshop,Astro Growshop,true,true,2026-05-08T06:21:31.115Z,Bolso Ywiwis Antiolor-Ozeta
6595,Moledor Galaxy de 4 partes y con tamizador,Moledores,GALAXY,galaxy,tamizador,tamizador,/productos/galaxy/tamizador,1,1,GrowBarato Chile,25200,25200,0,GrowBarato Chile,GrowBarato Chile,true,true,2026-05-22T05:51:57.251Z,Moledor Galaxy de 4 partes y con tamizador
6525,Estuche Anti-Olor perfecto para el día a día,Contenedores y estuches,OZETA,ozeta,case-antiolor,case-antiolor,/productos/ozeta/case-antiolor,1,1,GrowBarato Chile,26000,26000,0,GrowBarato Chile,GrowBarato Chile,true,true,2026-05-22T05:52:46.957Z,Estuche Anti-Olor perfecto para el día a día
6362,Futurola x Mike Tyson Bandeja Metálica Grande,Bandejas y ceniceros,Futurola,futurola,tray-mike-tyson-metal-large,mike-tyson-metal-large,/productos/futurola/mike-tyson-metal-large,1,1,Fumetas,26290,26290,0,Fumetas,Fumetas,true,true,2026-05-08T22:05:16.451Z,Futurola x Mike Tyson Bandeja Metálica Grande
6448,Calvo Glass Bong Straight Tube Lite 26cm,Bongs,Calvo Glass,calvo,straight-tube-lite,straight-tube-lite,/productos/calvo/straight-tube-lite,1,1,Fumetas,26990,26990,0,Fumetas,Fumetas,true,true,2026-05-09T05:59:21.441Z,Calvo Glass Bong Straight Tube Lite 26cm
6472,Blazy Susan Conos Pre-enrolados Purple 1 1/4 50 uds.,Conos y blunts,Blazy Susan,blazy-susan,pre-roll-purple-1-1-4-50u,pre-roll-purple-1-1-4-50u,/productos/blazy-susan/pre-roll-purple-1-1-4-50u,1,1,Fumetas,26991,26991,0,Fumetas,Fumetas,true,true,2026-05-18T06:49:21.387Z,Blazy Susan Conos Pre-enrolados Purple 1 1/4 50 uds.
6584,Moledor Cerámico Calvo Glass 63mm【con cierre de neodimio】,Moledores,CALVO,calvo,glass-ceramic,glass-ceramic,/productos/calvo/glass-ceramic,1,1,GrowBarato Chile,27000,27000,0,GrowBarato Chile,GrowBarato Chile,true,true,2026-05-22T05:51:46.818Z,Moledor Cerámico Calvo Glass 63mm【con cierre de neodimio】
6596,Moledor Galaxy Ceramics 60mm - GB The Green Brand,Moledores,GALAXY,gb-the-green-brand,ceramics,ceramics,/productos/gb-the-green-brand/ceramics,1,1,GrowBarato Chile,27500,27500,0,GrowBarato Chile,GrowBarato Chile,true,true,2026-05-22T05:51:49.923Z,Moledor Galaxy Ceramics 60mm - GB The Green Brand
6592,Mars Grinder 55Mm -Galaxy,Moledores,GALAXY,galaxy,mars,mars,/productos/galaxy/mars,1,1,Astro Growshop,27990,27990,0,Astro Growshop,Astro Growshop,true,true,2026-05-18T14:21:17.618Z,Mars Grinder 55Mm -Galaxy
6436,Bong Mushroom 19cm de Calvo Glass,Bongs,CALVO,calvo,mushroom-poison,mushroom-poison,/productos/calvo/mushroom-poison,1,1,GrowBarato Chile,28800,28800,0,GrowBarato Chile,GrowBarato Chile,true,true,2026-05-22T05:53:30.464Z,Bong Mushroom 19cm de Calvo Glass
6774,Atrapa Ceniza Tree 14/18 Mm Clear 45º Bonglab,Repuestos para bongs y vaporizadores,BONGLAB,bonglab,tree-18mm-45,tree-18mm-45,/productos/bonglab/tree-18mm-45,1,1,GrowBarato Chile,28800,28800,0,GrowBarato Chile,GrowBarato Chile,true,true,2026-05-22T05:53:19.208Z,Atrapa Ceniza Tree 14/18 Mm Clear 45º Bonglab
6463,Bong Kirby,Bongs,PIECEMAKER,piecemaker,kirby,kirby,/productos/piecemaker/kirby,1,1,Piranha,29663,29663,0,Piranha,Piranha,true,true,2026-05-08T22:07:54.027Z,Bong Kirby
6594,Galaxy Moledor New Pro Model 63mm | Moledor Metálico Premium en Chile,Moledores,GALAXY,galaxy,new-pro-model-metal,new-pro-model-metal,/productos/galaxy/new-pro-model-metal,1,1,GrowBarato Chile,29700,29700,0,GrowBarato Chile,GrowBarato Chile,true,true,2026-05-22T05:51:42.704Z,Galaxy Moledor New Pro Model 63mm | Moledor Metálico Premium en Chile
6515,Frasco para Curado AKU Miron Glass Container 500cc,Contenedores y estuches,,aku,jar-miron-500ml,jar-miron-500ml,/productos/aku/jar-miron-500ml,1,1,Piranha,29742,29742,0,Piranha,Piranha,true,true,2026-05-18T15:36:21.254Z,Frasco para Curado AKU Miron Glass Container 500cc
6376,Cenicero RAW Vidrio (Dark Side/Rainbow) | PIRANHA,Bandejas y ceniceros,RAW,raw,ashtray-glass,ashtray-glass,/productos/raw/ashtray-glass,1,1,Piranha,29742,29742,0,Piranha,Piranha,true,true,2026-05-08T21:54:26.882Z,Cenicero RAW Vidrio (Dark Side/Rainbow) | PIRANHA
6583,Moledor Calvo Cerámico 60mm,Moledores,Calvo Glass,calvo,ceramic-60mm,ceramic-60mm,/productos/calvo/ceramic-60mm,1,1,Fumetas,29990,29990,0,Fumetas,Fumetas,true,true,2026-05-18T14:22:23.552Z,Moledor Calvo Cerámico 60mm
6460,MJ Arsenal Pipa The Dubbler - 2 Blunt Bubbler,Bongs,MJ Arsenal,mj-arsenal,pipa-dubbler-blunt,pipa-dubbler-blunt,/productos/mj-arsenal/pipa-dubbler-blunt,1,1,Fumetas,29990,29990,0,Fumetas,Fumetas,true,true,2026-05-09T05:58:31.635Z,MJ Arsenal Pipa The Dubbler - 2 Blunt Bubbler
6468,CONOS PRE ROLL KING SIZE JAR 50U-BLAZY SUSAN,Conos y blunts,Blazy Susan,blazy-susan,pre-roll-king-size-50u,pre-roll-king-size-50u,/productos/blazy-susan/pre-roll-king-size-50u,1,1,Astro Growshop,29990,29990,0,Astro Growshop,Astro Growshop,true,true,2026-05-08T06:21:38.230Z,CONOS PRE ROLL KING SIZE JAR 50U-BLAZY SUSAN
6773,Bonglab Atrapa cenizas Slits macho 14mm 90°,Repuestos para bongs y vaporizadores,Bonglab,bonglab,slits-14mm-90,slits-14mm-90,/productos/bonglab/slits-14mm-90,1,1,Fumetas,29990,29990,0,Fumetas,Fumetas,true,true,2026-05-08T06:14:17.162Z,Bonglab Atrapa cenizas Slits macho 14mm 90°
6531,Smokus Focus Contenedor Luz + Lupa Jetpack Blanco,Contenedores y estuches,Smokus Focus,smokus-focus,extract-container-jetpack,extract-container-jetpack,/productos/smokus-focus/extract-container-jetpack,1,1,Fumetas,29990,29990,0,Fumetas,Fumetas,true,true,2026-05-08T06:14:11.265Z,Smokus Focus Contenedor Luz + Lupa Jetpack Blanco
6466,Bong Unikorn Unity de Silicona de PieceMaker Orgullo Gay - Growbarato,Bongs,PIECEMAKER,piecemaker,unikorn-unity,unikorn-unity,/productos/piecemaker/unikorn-unity,1,1,GrowBarato Chile,30000,30000,0,GrowBarato Chile,GrowBarato Chile,true,true,2026-05-22T05:53:59.614Z,Bong Unikorn Unity de Silicona de PieceMaker Orgullo Gay - Growbarato
6398,Bong Pyrex Classic resistente y de calidad,Bongs,BONGLAB,bonglab,classic,classic,/productos/bonglab/classic,1,1,GrowBarato Chile,30000,30000,0,GrowBarato Chile,GrowBarato Chile,true,true,2026-05-22T05:53:50.980Z,Bong Pyrex Classic resistente y de calidad
6614,Raw Moledor Hammer Craft 63mm,Moledores,Raw,raw,hammer-craft,hammer-craft,/productos/raw/hammer-craft,1,1,Fumetas,30990,30990,0,Fumetas,Fumetas,true,true,2026-05-18T14:22:27.862Z,Raw Moledor Hammer Craft 63mm
6687,MJ Arsenal Pipa Tetra 12 cm,Pipas,MJ Arsenal,mj-arsenal,tetra,tetra,/productos/mj-arsenal/tetra,1,1,Fumetas,31491,31491,0,Fumetas,Fumetas,true,true,2026-05-18T14:18:11.243Z,MJ Arsenal Pipa Tetra 12 cm
6589,Moledor Galaxy Cerámico 60mm,Moledores,Galaxy,galaxy,ceramic-60mm,ceramic-60mm,/productos/galaxy/ceramic-60mm,1,1,Fumetas,31990,31990,0,Fumetas,Fumetas,true,true,2026-05-18T14:22:15.418Z,Moledor Galaxy Cerámico 60mm
6521,Dime Bags Maletín Goodfella Con Clave Anti Olor 17cm,Contenedores y estuches,Dime Bags,dime-bags,bag-goodfella-17cm,bag-goodfella-17cm,/productos/dime-bags/bag-goodfella-17cm,1,1,Fumetas,31990,31990,0,Fumetas,Fumetas,true,true,2026-05-08T23:14:28.311Z,Dime Bags Maletín Goodfella Con Clave Anti Olor 17cm
6668,Pipa Uno Og Standard Azul-American Helix,Pipas,AMERICAN HELIX,american-helix,uno,uno,/productos/american-helix/uno,4,1,Astro Growshop,32990,43990,33,Astro Growshop,Astro Growshop,true,true,2026-05-18T14:07:06.051Z,Pipa Uno Og Standard Azul-American Helix | Pipa Uno Og Standard Rojo-American Helix | Pipa Uno Og Standard Verde-American Helix | Pipa Uno Og Standard Negro-American Helix
6455,Bong Diamond De Silicona Gb The Green Brand resistente,Bongs,,gb-the-green-brand,diamond-pipas,diamond-pipas,/productos/gb-the-green-brand/diamond-pipas,1,1,GrowBarato Chile,33900,33900,0,GrowBarato Chile,GrowBarato Chile,true,true,2026-05-22T05:56:50.419Z,Bong Diamond De Silicona Gb The Green Brand resistente
6612,Moledor Pulsar Contenedor Wax/Hierba 61mm,Moledores,Pulsar,pulsar,wax-hierba,wax-hierba,/productos/pulsar/wax-hierba,1,1,Fumetas,33990,33990,0,Fumetas,Fumetas,true,true,2026-05-18T14:22:27.536Z,Moledor Pulsar Contenedor Wax/Hierba 61mm
6579,Dream High Moledor Cerámico 63mm,Moledores,Dream High,dream-high,ceramic-63mm,ceramic-63mm,/productos/dream-high/ceramic-63mm,2,1,Fumetas,33990,59990,76,Fumetas,Fumetas,true,true,2026-05-18T14:22:19.230Z,Dream High Moledor Cerámico 63mm | Dream High Moledor Ceramico 3.0 63mm
6611,Pulsar Moledor Contenedor de Aluminio 50 mm,Moledores,Pulsar,pulsar,metal-50mm,metal-50mm,/productos/pulsar/metal-50mm,1,1,Fumetas,33990,33990,0,Fumetas,Fumetas,true,true,2026-05-18T14:22:17.950Z,Pulsar Moledor Contenedor de Aluminio 50 mm
6453,Eyce Mini Beaker Bong (Color a elección),Bongs,EYCE,eyce,beaker-a,beaker-a,/productos/eyce/beaker-a,1,1,Piranha,34392,34392,0,Piranha,Piranha,true,true,2026-05-08T22:07:52.989Z,Eyce Mini Beaker Bong (Color a elección)
6447,Calvo Glass Bong Straight Tube American 26cm,Bongs,Calvo Glass,calvo,straight-tube-american,straight-tube-american,/productos/calvo/straight-tube-american,1,1,Fumetas,34990,34990,0,Fumetas,Fumetas,true,true,2026-05-09T05:59:19.654Z,Calvo Glass Bong Straight Tube American 26cm
6610,Pulsar King Kut Moledor Eléctrico 40mm,Moledores,Pulsar,pulsar,king-kut,king-kut,/productos/pulsar/king-kut,1,1,Fumetas,35990,35990,0,Fumetas,Fumetas,true,true,2026-05-18T14:18:04.367Z,Pulsar King Kut Moledor Eléctrico 40mm
6416,Bong Mercurial Smokey 26cm Bonglab,Bongs,BONGLAB,bonglab,mercurial-smokey,mercurial-smokey,/productos/bonglab/mercurial-smokey,1,1,GrowBarato Chile,36700,36700,0,GrowBarato Chile,GrowBarato Chile,true,true,2026-05-22T05:53:05.430Z,Bong Mercurial Smokey 26cm Bonglab
6618,Moledor Aluminio Mediano-Santa Cruz,Moledores,SANTA CRUZ,santa-cruz,mediano-metal,mediano-metal,/productos/santa-cruz/mediano-metal,1,1,Astro Growshop,37990,37990,0,Astro Growshop,Astro Growshop,true,true,2026-05-18T14:21:27.185Z,Moledor Aluminio Mediano-Santa Cruz
6522,Bolso 4X4 Con Clave -Ozeta,Contenedores y estuches,OZETA,ozeta,bag-bag-4x4,bag-bag-4x4,/productos/ozeta/bag-bag-4x4,1,1,Astro Growshop,37990,37990,0,Astro Growshop,Astro Growshop,true,true,2026-05-18T06:45:31.966Z,Bolso 4X4 Con Clave -Ozeta
6523,Ozeta Bandolera Circular - Anti Olor,Contenedores y estuches,Ozeta,ozeta,bag-bandolera-circular,bag-bandolera-circular,/productos/ozeta/bag-bandolera-circular,1,1,Fumetas,38990,38990,0,Fumetas,Fumetas,true,true,2026-05-08T06:14:18.534Z,Ozeta Bandolera Circular - Anti Olor
6532,Contenedor Con Tapa Diseños Mix Display 9 Und-Soulblime,Contenedores y estuches,SOULBLIME,soulblime,container-9u,9u,/productos/soulblime/9u,1,1,Astro Growshop,39990,39990,0,Astro Growshop,Astro Growshop,true,true,2026-05-18T06:45:47.962Z,Contenedor Con Tapa Diseños Mix Display 9 Und-Soulblime
6621,Moledor Cerámico v 2.5 5cm SLX | PIRANHA,Moledores,SLX,slx,v-ceramic,v-ceramic,/productos/slx/v-ceramic,1,1,Piranha,39992,39992,0,Piranha,Piranha,true,true,2026-05-18T14:25:46.975Z,Moledor Cerámico v 2.5 5cm SLX | PIRANHA
6549,Encendedor Zippo High Polish Green Chameleon,Encendedores y sopletes,ZIPPO,zippo,lighter-high-polish-green-chameleon,lighter-high-polish-green-chameleon,/productos/zippo/lighter-high-polish-green-chameleon,1,1,Piranha,41990,41990,0,Piranha,Piranha,true,true,2026-05-08T22:07:52.384Z,Encendedor Zippo High Polish Green Chameleon
6439,Bong Rick & Morty 22 cm CalvoGlass | Bong de Vidrio Pyrex – GrowBarato Chile,Bongs,CALVO,calvo,rick-morty,rick-morty,/productos/calvo/rick-morty,1,1,GrowBarato Chile,42300,42300,0,GrowBarato Chile,GrowBarato Chile,true,true,2026-05-22T05:53:07.571Z,Bong Rick & Morty 22 cm CalvoGlass | Bong de Vidrio Pyrex – GrowBarato Chile
6796,Volcano Hybrid Set Tubos 3x1m c/u | PIRANHA,Repuestos para bongs y vaporizadores,,storz-bickel,volcano-part-volcano-hybrid-tubes-1m-3u,volcano-part-volcano-hybrid-tubes-1m-3u,/productos/storz-bickel/volcano-part-volcano-hybrid-tubes-1m-3u,1,1,Piranha,42741,42741,0,Piranha,Piranha,true,true,2026-05-18T15:36:21.404Z,Volcano Hybrid Set Tubos 3x1m c/u | PIRANHA
6443,Bong Space Opera Rig Ambar 22cm,Bongs,CALVO,calvo,space-opera-22cm,space-opera-22cm,/productos/calvo/space-opera-22cm,1,1,Piranha,43992,43992,0,Piranha,Piranha,true,true,2026-05-09T06:31:41.210Z,Bong Space Opera Rig Ambar 22cm
6424,Bong Shiva Blue Bonglab 25cm con Percolador | Vidrio Borosilicato,Bongs,BONGLAB,bonglab,shiva-html,shiva-html,/productos/bonglab/shiva-html,1,1,GrowBarato Chile,44900,44900,0,GrowBarato Chile,GrowBarato Chile,true,true,2026-05-22T05:54:36.771Z,Bong Shiva Blue Bonglab 25cm con Percolador | Vidrio Borosilicato
6458,MJ Arsenal Baby Cake Bubbler 8 cm,Bongs,MJ Arsenal,mj-arsenal,baby-cake-bubbler,baby-cake-bubbler,/productos/mj-arsenal/baby-cake-bubbler,1,1,Fumetas,44990,44990,0,Fumetas,Fumetas,true,true,2026-05-08T05:56:49.939Z,MJ Arsenal Baby Cake Bubbler 8 cm
6604,Moledor Grinder Grav 3 Partes,Moledores,GRAV,grav,metal-60mm,metal-60mm,/productos/grav/metal-60mm,1,1,Piranha,44991,44991,0,Piranha,Piranha,true,true,2026-05-18T15:36:21.096Z,Moledor Grinder Grav 3 Partes
6415,Mercurial KH1-Bonglab,Bongs,BONGLAB,bonglab,mercurial-bongs,mercurial-bongs,/productos/bonglab/mercurial-bongs,1,1,Astro Growshop,45990,45990,0,Astro Growshop,Astro Growshop,true,true,2026-05-14T13:54:01.146Z,Mercurial KH1-Bonglab
6616,Moledor Aluminio Grande -Santa Cruz,Moledores,SANTA CRUZ,santa-cruz,grande-metal,grande-metal,/productos/santa-cruz/grande-metal,1,1,Astro Growshop,46990,46990,0,Astro Growshop,Astro Growshop,true,true,2026-05-18T14:21:25.700Z,Moledor Aluminio Grande -Santa Cruz
6440,Bong Pyrex Rick &amp; Morty Rig Rick Sanchez Perc 24cm- Calvo Glass,Bongs,CALVO GLASS,calvo,rick-sanchez-24cm,rick-sanchez-24cm,/productos/calvo/rick-sanchez-24cm,1,1,Astro Growshop,46990,46990,0,Astro Growshop,Astro Growshop,true,true,2026-05-09T05:51:43.792Z,Bong Pyrex Rick &amp; Morty Rig Rick Sanchez Perc 24cm- Calvo Glass
6407,Headshot Black-Bonglab,Bongs,BONGLAB,bonglab,headshot-bongs,headshot-bongs,/productos/bonglab/headshot-bongs,1,1,Astro Growshop,47992,47992,0,Astro Growshop,Astro Growshop,true,true,2026-05-14T13:46:39.572Z,Headshot Black-Bonglab
6430,Bong Calvo Big Eye Recycler 26cm,Bongs,CALVO,calvo,big-eye-26cm,big-eye-26cm,/productos/calvo/big-eye-26cm,1,1,Piranha,49392,49392,0,Piranha,Piranha,true,true,2026-05-09T06:31:40.725Z,Bong Calvo Big Eye Recycler 26cm
6418,Bong Bonglab Octopus Black 30 cm K99 | 8 Percoladores Alta Filtración,Bongs,BONGLAB,bonglab,octopus-k99,octopus-k99,/productos/bonglab/octopus-k99,1,1,GrowBarato Chile,49500,49500,0,GrowBarato Chile,GrowBarato Chile,true,true,2026-05-22T05:53:16.594Z,Bong Bonglab Octopus Black 30 cm K99 | 8 Percoladores Alta Filtración
6412,Bong Bonglab K47 Medusa 30 cm | 7 Percoladores Alta Filtración,Bongs,BONGLAB,bonglab,k47-medusa,k47-medusa,/productos/bonglab/k47-medusa,1,1,GrowBarato Chile,49500,49500,0,GrowBarato Chile,GrowBarato Chile,true,true,2026-05-22T05:53:13.938Z,Bong Bonglab K47 Medusa 30 cm | 7 Percoladores Alta Filtración
6513,Frasco para Curado AKU Miron Glass Container 1000cc,Contenedores y estuches,,aku,jar-miron-1000ml,jar-miron-1000ml,/productos/aku/jar-miron-1000ml,1,1,Piranha,49792,49792,0,Piranha,Piranha,true,true,2026-05-18T15:36:21.279Z,Frasco para Curado AKU Miron Glass Container 1000cc
6445,Space Opera Rig Ambar-Calvo Glass,Bongs,CALVO GLASS,calvo,space-opera,space-opera,/productos/calvo/space-opera,1,1,Astro Growshop,49990,49990,0,Astro Growshop,Astro Growshop,true,true,2026-05-09T06:22:50.406Z,Space Opera Rig Ambar-Calvo Glass
6410,Bong Cristal Bonglab 46 cm para fumar hierba,Bongs,BONGLAB,bonglab,jamaica-html,jamaica-html,/productos/bonglab/jamaica-html,1,1,GrowBarato Chile,50400,50400,0,GrowBarato Chile,GrowBarato Chile,true,true,2026-05-22T05:54:34.689Z,Bong Cristal Bonglab 46 cm para fumar hierba
6425,Bong Calvo Abeja Color Blue Shower Perc 35cm,Bongs,CALVO,calvo,abeja-shower-perc,abeja-shower-perc,/productos/calvo/abeja-shower-perc,1,1,Piranha,52191,52191,0,Piranha,Piranha,true,true,2026-05-08T21:54:23.968Z,Bong Calvo Abeja Color Blue Shower Perc 35cm
6428,Bong Calvo Big Bee´s Recycler 26cm,Bongs,CALVO,calvo,big-bee-s,big-bee-s,/productos/calvo/big-bee-s,1,1,Piranha,53292,53292,0,Piranha,Piranha,true,true,2026-05-08T21:54:10.541Z,Bong Calvo Big Bee´s Recycler 26cm
6768,Heavy Bowl -Bonglab,Repuestos para bongs y vaporizadores,BONGLAB,bonglab,bowl-bowl,bowl-bowl,/productos/bonglab/bowl-bowl,1,1,Astro Growshop,53990,53990,0,Astro Growshop,Astro Growshop,true,true,2026-05-08T06:12:17.017Z,Heavy Bowl -Bonglab
6434,Bong Honey Drips Doble Percolador 35cm Calvo Glass,Bongs,CALVO,calvo,honey-drips,honey-drips,/productos/calvo/honey-drips,1,1,GrowBarato Chile,54000,54000,0,GrowBarato Chile,GrowBarato Chile,true,true,2026-05-22T05:55:02.119Z,Bong Honey Drips Doble Percolador 35cm Calvo Glass
6408,Bong HeadShot transparente de Bonglab - GB The Green Brand,Bongs,BONGLAB,bonglab,headshot-brand,headshot-brand,/productos/bonglab/headshot-brand,1,1,GrowBarato Chile,54000,54000,0,GrowBarato Chile,GrowBarato Chile,true,true,2026-05-22T05:52:51.539Z,Bong HeadShot transparente de Bonglab - GB The Green Brand
6619,Moledor SLX 60mm┃Moledor de cerámica antiadherente,Moledores,SLX,slx,ceramic-60mm,ceramic-60mm,/productos/slx/ceramic-60mm,1,1,GrowBarato Chile,54000,54000,0,GrowBarato Chile,GrowBarato Chile,true,true,2026-05-22T05:52:03.487Z,Moledor SLX 60mm┃Moledor de cerámica antiadherente
6393,Calvo Glass Bong Beaker Plus 40cm,Bongs,Calvo Glass,calvo,beaker-plus,beaker-plus,/productos/calvo/beaker-plus,2,1,Fumetas,54990,59990,9,Fumetas,Fumetas,true,true,2026-05-09T05:59:09.583Z,Calvo Glass Bong Beaker Plus 40cm | Calvo Glass Bong Beaker Plus 45cm
6427,Bong Bee Recycler 25cm Calvo – Rig Vidrio Bong Abeja | Grow Barato Chile,Bongs,CALVO,calvo,bee-recycler-abeja,bee-recycler-abeja,/productos/calvo/bee-recycler-abeja,1,1,GrowBarato Chile,58500,58500,0,GrowBarato Chile,GrowBarato Chile,true,true,2026-05-22T05:53:33.509Z,Bong Bee Recycler 25cm Calvo – Rig Vidrio Bong Abeja | Grow Barato Chile
6429,Calvo Glass Bong Big Eye Recycler Rig 24 cm | Bong Recycler Vidrio – GrowBarato Chile,Bongs,CALVO,calvo,big-eye-24cm,big-eye-24cm,/productos/calvo/big-eye-24cm,1,1,GrowBarato Chile,58500,58500,0,GrowBarato Chile,GrowBarato Chile,true,true,2026-05-22T05:52:05.561Z,Calvo Glass Bong Big Eye Recycler Rig 24 cm | Bong Recycler Vidrio – GrowBarato Chile
6399,Double Shot -Bonglab,Bongs,BONGLAB,bonglab,double-shot-bongs,double-shot-bongs,/productos/bonglab/double-shot-bongs,1,1,Astro Growshop,58990,58990,0,Astro Growshop,Astro Growshop,true,true,2026-05-14T13:46:39.703Z,Double Shot -Bonglab
6444,Bong Space Opera Waterpipe 30cm,Bongs,CALVO,calvo,space-opera-30cm,space-opera-30cm,/productos/calvo/space-opera-30cm,1,1,Piranha,59992,59992,0,Piranha,Piranha,true,true,2026-05-09T06:09:40.225Z,Bong Space Opera Waterpipe 30cm
6449,Bong Calvo Straight Tube Perc 42cm,Bongs,CALVO,calvo,straight-tube-perc,straight-tube-perc,/productos/calvo/straight-tube-perc,1,1,Piranha,60891,60891,0,Piranha,Piranha,true,true,2026-05-08T22:07:54.091Z,Bong Calvo Straight Tube Perc 42cm
6411,Bong k30 42 cm Bonglab,Bongs,BONGLAB,bonglab,k30,k30,/productos/bonglab/k30,1,1,GrowBarato Chile,61700,61700,0,GrowBarato Chile,GrowBarato Chile,true,true,2026-05-22T05:53:24.346Z,Bong k30 42 cm Bonglab
6438,Bong Recto Percolador Árbol 42cm de Calvo Glass,Bongs,CALVO,calvo,recto-arbol,recto-arbol,/productos/calvo/recto-arbol,1,1,GrowBarato Chile,63000,63000,0,GrowBarato Chile,GrowBarato Chile,true,true,2026-05-22T05:53:31.489Z,Bong Recto Percolador Árbol 42cm de Calvo Glass
6461,MJ Arsenal Bong Sonnet 17 cm,Bongs,MJ Arsenal,mj-arsenal,sonnet-fumetas,sonnet-fumetas,/productos/mj-arsenal/sonnet-fumetas,1,1,Fumetas,64990,64990,0,Fumetas,Fumetas,true,true,2026-05-08T06:13:56.661Z,MJ Arsenal Bong Sonnet 17 cm
6798,Nokiva Vaporizer Airistech en GB The Green Brand,Vaporizadores herbales,,airistech,nokiva,nokiva,/productos/airistech/nokiva,1,1,GrowBarato Chile,66000,66000,0,GrowBarato Chile,GrowBarato Chile,true,true,2026-05-22T05:56:49.979Z,Nokiva Vaporizer Airistech en GB The Green Brand
6452,Calvo Glass Bong Tree Perc Dragon Ball 43cm,Bongs,Calvo Glass,calvo,tree-perc-dragon,tree-perc-dragon,/productos/calvo/tree-perc-dragon,1,1,Fumetas,69591,69591,0,Fumetas,Fumetas,true,true,2026-05-09T05:58:16.688Z,Calvo Glass Bong Tree Perc Dragon Ball 43cm
6450,Bong Calvo Straight Tube Tree Perc Dragon Ball 42cm,Bongs,CALVO,calvo,straight-tube-tree,straight-tube-tree,/productos/calvo/straight-tube-tree,1,1,Piranha,69591,69591,0,Piranha,Piranha,true,true,2026-05-08T21:53:56.267Z,Bong Calvo Straight Tube Tree Perc Dragon Ball 42cm
6414,Medusa Black-Bonglab,Bongs,BONGLAB,bonglab,medusa-bongs,medusa-bongs,/productos/bonglab/medusa-bongs,1,1,Astro Growshop,71990,71990,0,Astro Growshop,Astro Growshop,true,true,2026-05-14T13:54:01.070Z,Medusa Black-Bonglab
6413,BongLab Bong Kraken KC47 37cm,Bongs,BongLab,bonglab,kraken-fumetas,kraken-fumetas,/productos/bonglab/kraken-fumetas,1,1,Fumetas,74990,74990,0,Fumetas,Fumetas,true,true,2026-05-09T05:58:51.856Z,BongLab Bong Kraken KC47 37cm
6802,Vaporizador Series S1 Omura,Vaporizadores herbales,Omura,omura,series-s1,series-s1,/productos/omura/series-s1,1,1,Fumetas,75990,75990,0,Fumetas,Fumetas,true,true,2026-05-08T06:14:11.694Z,Vaporizador Series S1 Omura
6617,Moledor Aluminio Mediano 4P-Santa Cruz,Moledores,SANTA CRUZ,santa-cruz,mediano-4p-metal,mediano-4p-metal,/productos/santa-cruz/mediano-4p-metal,1,1,Astro Growshop,84990,84990,0,Astro Growshop,Astro Growshop,true,true,2026-05-18T14:21:09.941Z,Moledor Aluminio Mediano 4P-Santa Cruz
6787,Unidad De Enfriamiento Crafty Pack 3Uds-Storz &amp; Bickel,Repuestos para bongs y vaporizadores,STORZ & BICKEL,storz-bickel,cooling-unit-crafty-3u,cooling-unit-crafty-3u,/productos/storz-bickel/cooling-unit-crafty-3u,1,1,Astro Growshop,84990,84990,0,Astro Growshop,Astro Growshop,true,true,2026-05-18T06:45:30.939Z,Unidad De Enfriamiento Crafty Pack 3Uds-Storz &amp; Bickel
6456,Octave HAMR Cold Start Rig - GB The Green Brand,Bongs,,gb-the-green-brand,octave-hamr-cold,octave-hamr-cold,/productos/gb-the-green-brand/octave-hamr-cold,1,1,GrowBarato Chile,92000,92000,0,GrowBarato Chile,GrowBarato Chile,true,true,2026-05-22T05:56:50.755Z,Octave HAMR Cold Start Rig - GB The Green Brand
6615,Moledor Aluminio Grande 4P-Santa Cruz,Moledores,SANTA CRUZ,santa-cruz,grande-4p-metal,grande-4p-metal,/productos/santa-cruz/grande-4p-metal,1,1,Astro Growshop,92990,92990,0,Astro Growshop,Astro Growshop,true,true,2026-05-18T14:21:08.880Z,Moledor Aluminio Grande 4P-Santa Cruz
6794,Válvula Easy Valve Starter Set,Repuestos para bongs y vaporizadores,,storz-bickel,volcano-part-easy-valve,volcano-part-easy-valve,/productos/storz-bickel/volcano-part-easy-valve,1,1,Piranha,98272,98272,0,Piranha,Piranha,true,true,2026-05-18T15:36:21.233Z,Válvula Easy Valve Starter Set
6807,Weecke Vaporizador Fenix Pro 7th Gen,Vaporizadores herbales,Weecke,weecke,fenix-pro,fenix-pro,/productos/weecke/fenix-pro,1,1,Fumetas,98991,98991,0,Fumetas,Fumetas,true,true,2026-05-08T06:14:12.138Z,Weecke Vaporizador Fenix Pro 7th Gen
6405,Glycerin Black Ice Bonglab - Bong con Glicerina en GB The Green Brand,Bongs,BONGLAB,bonglab,glycerin-ice-glicerina,glycerin-ice-glicerina,/productos/bonglab/glycerin-ice-glicerina,1,1,GrowBarato Chile,99000,99000,0,GrowBarato Chile,GrowBarato Chile,true,true,2026-05-22T05:54:09.803Z,Glycerin Black Ice Bonglab - Bong con Glicerina en GB The Green Brand
6462,MJ Arsenal Bong Spire 28 cm,Bongs,MJ Arsenal,mj-arsenal,spire-fumetas,spire-fumetas,/productos/mj-arsenal/spire-fumetas,1,1,Fumetas,99990,99990,0,Fumetas,Fumetas,true,true,2026-05-07T22:32:28.760Z,MJ Arsenal Bong Spire 28 cm
6795,Válvula Solid Valve Set,Repuestos para bongs y vaporizadores,,storz-bickel,volcano-part-solid-valve,volcano-part-solid-valve,/productos/storz-bickel/volcano-part-solid-valve,1,1,Piranha,110492,110492,0,Piranha,Piranha,true,true,2026-05-18T15:36:21.267Z,Válvula Solid Valve Set
6403,Glycerin Green Avalanche Bonglab al Mejor Precio - GB The Green Brand,Bongs,BONGLAB,bonglab,glycerin-avalanche-al,glycerin-avalanche-al,/productos/bonglab/glycerin-avalanche-al,1,1,GrowBarato Chile,113400,113400,0,GrowBarato Chile,GrowBarato Chile,true,true,2026-05-22T05:52:35.715Z,Glycerin Green Avalanche Bonglab al Mejor Precio - GB The Green Brand
6459,MJ Arsenal Bong Evermore 28 cm,Bongs,MJ Arsenal,mj-arsenal,evermore-fumetas,evermore-fumetas,/productos/mj-arsenal/evermore-fumetas,1,1,Fumetas,119990,119990,0,Fumetas,Fumetas,true,true,2026-05-08T06:13:32.907Z,MJ Arsenal Bong Evermore 28 cm
6620,Moledor SLX 90 mm cerámico antiadherente | Grinder SLX grande,Moledores,SLX,slx,grande-ceramic,grande-ceramic,/productos/slx/grande-ceramic,1,1,GrowBarato Chile,124200,124200,0,GrowBarato Chile,GrowBarato Chile,true,true,2026-05-22T05:51:54.148Z,Moledor SLX 90 mm cerámico antiadherente | Grinder SLX grande
6404,Bonglab Bong Glycerin Green Avalanche 50cm,Bongs,BONGLAB,bonglab,glycerin-avalanche,glycerin-avalanche,/productos/bonglab/glycerin-avalanche,1,1,Fumetas,129990,129990,0,Fumetas,Fumetas,true,true,2026-05-18T06:49:13.317Z,Bonglab Bong Glycerin Green Avalanche 50cm
6801,Vaporizador DynaVap WoodWynd | PIRANHA,Vaporizadores herbales,DYNAVAP,dynavap,woodwynd,woodwynd,/productos/dynavap/woodwynd,1,1,Piranha,180491,180491,0,Piranha,Piranha,true,true,2026-05-08T22:07:51.800Z,Vaporizador DynaVap WoodWynd | PIRANHA
6804,Veazy Storz & Bickel | PIRANHA,Vaporizadores herbales,STORZ BICKEL,storz-bickel,veazy,veazy,/productos/storz-bickel/veazy,1,1,Piranha,265991,265991,0,Piranha,Piranha,true,true,2026-05-08T22:07:52.155Z,Veazy Storz & Bickel | PIRANHA
6806,Vaporizador Volcano Classic Onyx de Storz y Bickel,Vaporizadores herbales,STORZ BICKEL,storz-bickel,volcano-classic-onyx,volcano-classic-onyx,/productos/storz-bickel/volcano-classic-onyx,1,1,GrowBarato Chile,396000,396000,0,GrowBarato Chile,GrowBarato Chile,true,true,2026-05-22T05:52:56.025Z,Vaporizador Volcano Classic Onyx de Storz y Bickel
6646,Papelillos Gizeh Pure Cañamo Orgánico 1 1/4,Papelillos,Gizeh,gizeh,paper-1-1-4-1-1-4,organic,/productos/gizeh/organic,1,1,Fumetas,590,590,0,Fumetas,Fumetas,false,true,2026-05-09T05:57:49.324Z,Papelillos Gizeh Pure Cañamo Orgánico 1 1/4
6664,Ronson Papelillos Rainbow 1 1/4,Papelillos,Ronson,ronson,paper-1-1-4-1-1-4,rainbow,/productos/ronson/rainbow,1,1,Fumetas,650,650,0,Fumetas,Fumetas,false,true,2026-05-08T04:58:40.205Z,Ronson Papelillos Rainbow 1 1/4
6662,Papelillos Black King Size Slim-Raw,Papelillos,RAW,raw,paper-king-size-king-size-slim,black-king-size-slim,/productos/raw/black-king-size-slim,1,1,Astro Growshop,1290,1290,0,Astro Growshop,Astro Growshop,false,true,2026-05-18T06:46:01.127Z,Papelillos Black King Size Slim-Raw
6659,Papelillos Raw Black Connoisseur 1 1/4 + Tips,Papelillos,RAW,raw,paper-1-1-4-1-1-4,black-con-tips,/productos/raw/black-con-tips,1,1,Fumetas,1350,1350,0,Fumetas,Fumetas,false,true,2026-05-18T06:55:39.573Z,Papelillos Raw Black Connoisseur 1 1/4 + Tips
6506,Bulldog 3 Conos Pre-enrolados King Size,Conos y blunts,The Bulldog Amsterdam,the-bulldog,pre-roll-king-size-3u,pre-roll-king-size-3u,/productos/the-bulldog/pre-roll-king-size-3u,1,1,Fumetas,1490,1490,0,Fumetas,Fumetas,false,true,2026-05-09T05:57:45.578Z,Bulldog 3 Conos Pre-enrolados King Size
6493,OCB 3 Conos Pre-enrolados King Size Premium Slim,Conos y blunts,OCB,ocb,pre-roll-premium-king-size-slim-3u,pre-roll-premium-king-size-slim-3u,/productos/ocb/pre-roll-premium-king-size-slim-3u,1,1,Fumetas,1590,1590,0,Fumetas,Fumetas,false,true,2026-05-09T05:57:36.338Z,OCB 3 Conos Pre-enrolados King Size Premium Slim
6496,Conos RAW Pre-enrolados King Size,Conos y blunts,RAW,raw,pre-roll-king-size,pre-roll-king-size,/productos/raw/pre-roll-king-size,1,1,Fumetas,1990,1990,0,Fumetas,Fumetas,false,true,2026-05-08T04:58:41.365Z,Conos RAW Pre-enrolados King Size
6685,Grav Pipa Glass Taster Hitter con Tapa 12mm,Pipas,Grav,grav,taster-hitter-tapa,taster-hitter-tapa,/productos/grav/taster-hitter-tapa,1,1,Fumetas,2990,2990,0,Fumetas,Fumetas,false,true,2026-05-18T14:18:10.923Z,Grav Pipa Glass Taster Hitter con Tapa 12mm
6483,G-Rollz 6 Conos Pre Enrolados Bio Organic Hemp King Size,Conos y blunts,G-Rollz,g-rollz,pre-roll-organic-king-size-6u,pre-roll-organic-king-size-6u,/productos/g-rollz/pre-roll-organic-king-size-6u,1,1,Fumetas,3590,3590,0,Fumetas,Fumetas,false,true,2026-05-18T06:49:41.739Z,G-Rollz 6 Conos Pre Enrolados Bio Organic Hemp King Size
6469,Conos Pre Roll Pink 1 1/4 Box 1Und- Blazy Susan,Conos y blunts,BLAZY SUSAN,blazy-susan,pre-roll-pink-1-1-4-1u,pre-roll-pink-1-1-4-1u,/productos/blazy-susan/pre-roll-pink-1-1-4-1u,1,1,Astro Growshop,3990,3990,0,Astro Growshop,Astro Growshop,false,true,2026-05-09T05:52:19.014Z,Conos Pre Roll Pink 1 1/4 Box 1Und- Blazy Susan
6511,Contenedor Silicona Extractos Mix 45Mm 1U- Blazy Susan,Contenedores y estuches,BLAZY SUSAN,blazy-susan,extract-container-extracts-silicone-45mm,extract-container-extracts-silicone-45mm,/productos/blazy-susan/extract-container-extracts-silicone-45mm,2,1,Astro Growshop,3990,4990,25,Astro Growshop,Astro Growshop,false,true,2026-05-09T05:51:34.359Z,Contenedor Silicona Extractos Mix 45Mm 1U- Blazy Susan | Contenedor Silicona Extractos 45Mm 1U-Blazy Susan
6512,Airtight Contenedor Full Solid 120ml,Contenedores y estuches,AirTight,airtight,container-full-solid-120ml,full-solid-120ml,/productos/airtight/full-solid-120ml,1,1,Fumetas,3990,3990,0,Fumetas,Fumetas,false,true,2026-05-08T22:04:55.119Z,Airtight Contenedor Full Solid 120ml
6539,Gas Butano 300 Ml-Clipper,Encendedores y sopletes,CLIPPER,clipper,gas-classic-300ml,gas-classic-300ml,/productos/clipper/gas-classic-300ml,1,1,Astro Growshop,4290,4290,0,Astro Growshop,Astro Growshop,false,true,2026-05-18T06:45:35.686Z,Gas Butano 300 Ml-Clipper
6536,Zengaz Encendedor Soplete ZL-19 Abstract Art,Encendedores y sopletes,Zengaz,zengaz,torch-lighter-zl-19,torch-lighter-zl-19,/productos/zengaz/torch-lighter-zl-19,5,1,Fumetas,4341,4341,0,Fumetas,Fumetas,false,true,2026-05-08T23:15:34.813Z,Zengaz Encendedor Soplete ZL-19 Abstract Art | Zengaz Encendedor Soplete ZL-19 Abducted Dinosaur | Zengaz Encendedor Soplete ZL-19 Pizza Planet | Zengaz Encendedor Soplete ZL-19 Psycodelic Eye | Zengaz Encendedor Soplete ZL-19 Rainbow Line
6477,Futurola x Mike Tyson Blunt Wrap Terpene,Conos y blunts,Futurola,blunt-wrap,wrap-mike-tyson,wrap-mike-tyson,/productos/blunt-wrap/wrap-mike-tyson,1,1,Fumetas,4790,4790,0,Fumetas,Fumetas,false,true,2026-05-09T06:26:28.385Z,Futurola x Mike Tyson Blunt Wrap Terpene
6587,Grinder Cleaner 250Ml Pec,Moledores,FORMULA 420,formula-secreta,cleaner-250ml,cleaner-250ml,/productos/formula-secreta/cleaner-250ml,1,1,Astro Growshop,4990,4990,0,Astro Growshop,Astro Growshop,false,true,2026-05-18T14:21:24.819Z,Grinder Cleaner 250Ml Pec
6783,Quemador Bowl Macho 14mm,Repuestos para bongs y vaporizadores,Genérico,generico,bowl-bowl-14mm,bowl-bowl-14mm,/productos/generico/bowl-bowl-14mm,1,1,Fumetas,4990,4990,0,Fumetas,Fumetas,false,true,2026-05-09T06:26:18.541Z,Quemador Bowl Macho 14mm
6529,"Contenedor 6,6 Oz Tapa Roja Base Transparente-Secret Stash",Contenedores y estuches,SECRET STASH,secret-stash,container-6.6oz,6-6oz,/productos/secret-stash/6-6oz,1,1,Astro Growshop,4990,4990,0,Astro Growshop,Astro Growshop,false,true,2026-05-08T06:11:58.488Z,"Contenedor 6,6 Oz Tapa Roja Base Transparente-Secret Stash"
6627,Bulldog Moledor Llavero Metálico 30mm,Moledores,The Bulldog Amsterdam,the-bulldog,metal-llavero-30mm,metal-llavero-30mm,/productos/the-bulldog/metal-llavero-30mm,1,1,Fumetas,5211,5211,0,Fumetas,Fumetas,false,true,2026-05-18T14:22:34.909Z,Bulldog Moledor Llavero Metálico 30mm
6586,Squadafum Moledor Pot Grinder 50mm,Moledores,Squadafum,clipper,squadafum-pot,squadafum-pot,/productos/clipper/squadafum-pot,1,1,Fumetas,5490,5490,0,Fumetas,Fumetas,false,true,2026-05-18T14:18:05.689Z,Squadafum Moledor Pot Grinder 50mm
6684,Grav Hitter Labs Whismical Taster 16mm,Pipas,Grav,grav,hitter-labs-whismical,hitter-labs-whismical,/productos/grav/hitter-labs-whismical,1,1,Fumetas,5590,5590,0,Fumetas,Fumetas,false,true,2026-05-18T14:18:13.893Z,Grav Hitter Labs Whismical Taster 16mm
6672,Cabo Heavy Hitter 12mm,Pipas,Cabo,cabo,heavy-hitter-12mm,heavy-hitter-12mm,/productos/cabo/heavy-hitter-12mm,1,1,Fumetas,5990,5990,0,Fumetas,Fumetas,false,true,2026-05-18T14:18:08.944Z,Cabo Heavy Hitter 12mm
6479,Futurola x Mike Tyson Blunt Cono Terpeno,Conos y blunts,Futurola,futurola,wrap-mike-tyson,wrap-mike-tyson,/productos/futurola/wrap-mike-tyson,1,1,Fumetas,5990,5990,0,Fumetas,Fumetas,false,true,2026-05-09T06:26:27.535Z,Futurola x Mike Tyson Blunt Cono Terpeno
6535,Tightvac Minivac Contenedor Al Vacío 120ml Blue,Contenedores y estuches,Tightvac,tightvac,container-minivac-120ml,minivac-120ml,/productos/tightvac/minivac-120ml,1,1,Fumetas,5990,5990,0,Fumetas,Fumetas,false,true,2026-05-08T22:05:17.445Z,Tightvac Minivac Contenedor Al Vacío 120ml Blue
6623,Moledor -Storz &amp; Bickel,Moledores,STORZ & BICKEL,storz-bickel,amp,amp,/productos/storz-bickel/amp,1,1,Astro Growshop,6900,6900,0,Astro Growshop,Astro Growshop,false,true,2026-05-18T14:21:33.895Z,Moledor -Storz &amp; Bickel
6339,BongLab Banger Cuarzo 90° - Macho 14mm,Accesorios de extraccion,Bonglab,bonglab,banger-simple-macho-90-14mm,banger-simple-macho-90-14mm,/productos/bonglab/banger-simple-macho-90-14mm,1,1,Fumetas,7490,7490,0,Fumetas,Fumetas,false,true,2026-05-18T06:49:12.239Z,BongLab Banger Cuarzo 90° - Macho 14mm
6365,G-Rollz Bandeja Pequeña Pets Rap 2,Bandejas y ceniceros,G-Rollz,g-rollz,tray-pets-rap-small,pets-rap-small,/productos/g-rollz/pets-rap-small,1,1,Fumetas,7590,7590,0,Fumetas,Fumetas,false,true,2026-05-08T23:15:32.690Z,G-Rollz Bandeja Pequeña Pets Rap 2
6384,Bandeja Raw Verde Emerald 20 Aniversario - Mediana,Bandejas y ceniceros,RAW,raw,tray-medium,medium,/productos/raw/medium,1,1,Fumetas,7690,7690,0,Fumetas,Fumetas,false,true,2026-05-09T05:58:43.628Z,Bandeja Raw Verde Emerald 20 Aniversario - Mediana
6704,Pipa Pyrex Cyclotron 118- Top Smoke,Pipas,TOP SMOKE,top-smoke,cyclotron,cyclotron,/productos/top-smoke/cyclotron,1,1,Astro Growshop,7990,7990,0,Astro Growshop,Astro Growshop,false,true,2026-05-18T14:07:30.591Z,Pipa Pyrex Cyclotron 118- Top Smoke
6336,BongLab Banger Cuarzo Macho 14mm,Accesorios de extraccion,BongLab,bonglab,banger-simple-macho-14mm,banger-simple-macho-14mm,/productos/bonglab/banger-simple-macho-14mm,1,1,Fumetas,7990,7990,0,Fumetas,Fumetas,false,true,2026-05-18T06:49:25.461Z,BongLab Banger Cuarzo Macho 14mm
6356,Calvo Glass Banger Quarzo 45° Macho 14mm,Accesorios de extraccion,Calvo Glass,calvo,banger-simple-macho-45-14mm,banger-simple-macho-45-14mm,/productos/calvo/banger-simple-macho-45-14mm,1,1,Fumetas,7990,7990,0,Fumetas,Fumetas,false,true,2026-05-09T05:59:07.724Z,Calvo Glass Banger Quarzo 45° Macho 14mm
6388,Cenicero Bulldog de Vidrio - Color V1,Bandejas y ceniceros,The Bulldog Amsterdam,the-bulldog,ashtray-amsterdam-glass,ashtray-amsterdam-glass,/productos/the-bulldog/ashtray-amsterdam-glass,1,1,Fumetas,7990,7990,0,Fumetas,Fumetas,false,true,2026-05-09T05:58:23.234Z,Cenicero Bulldog de Vidrio - Color V1
6600,Moledor Gizeh metálico Edición 100 años 50mm,Moledores,Gizeh,gizeh,edicion-anos-metal,edicion-anos-metal,/productos/gizeh/edicion-anos-metal,1,1,Fumetas,8990,8990,0,Fumetas,Fumetas,false,true,2026-05-18T14:22:18.882Z,Moledor Gizeh metálico Edición 100 años 50mm
6348,Banger Calvo Flat Bucket 90° - Macho 14mm,Accesorios de extraccion,Calvo,calvo,banger-flat-bucket-macho-90-14mm,banger-flat-bucket-macho-90-14mm,/productos/calvo/banger-flat-bucket-macho-90-14mm,1,1,Fumetas,8990,8990,0,Fumetas,Fumetas,false,true,2026-05-09T05:58:47.306Z,Banger Calvo Flat Bucket 90° - Macho 14mm
6346,Banger Calvo Flat Bucket 45° - Macho 14mm,Accesorios de extraccion,Calvo,calvo,banger-flat-bucket-macho-45-14mm,banger-flat-bucket-macho-45-14mm,/productos/calvo/banger-flat-bucket-macho-45-14mm,1,1,Fumetas,8990,8990,0,Fumetas,Fumetas,false,true,2026-05-09T05:58:45.499Z,Banger Calvo Flat Bucket 45° - Macho 14mm
6735,Pipa Pyrex Lunaris 124- Top Smoke,Pipas,TOP SMOKE,top-smoke,lunaris,lunaris,/productos/top-smoke/lunaris,1,1,Astro Growshop,9990,9990,0,Astro Growshop,Astro Growshop,false,true,2026-05-18T14:07:59.319Z,Pipa Pyrex Lunaris 124- Top Smoke
6713,Pipa Pyrex Exodus 125- Top Smoke,Pipas,TOP SMOKE,top-smoke,exodus,exodus,/productos/top-smoke/exodus,1,1,Astro Growshop,9990,9990,0,Astro Growshop,Astro Growshop,false,true,2026-05-18T14:07:39.046Z,Pipa Pyrex Exodus 125- Top Smoke
6392,Vibes Bandeja 3S A Crowd- Mediana,Bandejas y ceniceros,Vibes,vibes,tray-medium,medium,/productos/vibes/medium,1,1,Fumetas,9990,9990,0,Fumetas,Fumetas,false,true,2026-05-08T23:15:22.043Z,Vibes Bandeja 3S A Crowd- Mediana
6710,Pipa Pyrex Drakon 58- Top Smoke,Pipas,TOP SMOKE,top-smoke,drakon,drakon,/productos/top-smoke/drakon,1,1,Astro Growshop,10990,10990,0,Astro Growshop,Astro Growshop,false,true,2026-05-18T14:07:36.382Z,Pipa Pyrex Drakon 58- Top Smoke
6377,Bandeja RAW metálica Classic - Grande,Bandejas y ceniceros,RAW,raw,tray-classic-metal-large,classic-metal-large,/productos/raw/classic-metal-large,1,1,Fumetas,10990,10990,0,Fumetas,Fumetas,false,true,2026-05-09T06:26:41.370Z,Bandeja RAW metálica Classic - Grande
6386,Bandeja RAW metálica Prepare for Flight - Grande,Bandejas y ceniceros,RAW,raw,tray-metal-metal-large,metal-metal-large,/productos/raw/metal-metal-large,1,1,Fumetas,10990,10990,0,Fumetas,Fumetas,false,true,2026-05-08T22:04:53.989Z,Bandeja RAW metálica Prepare for Flight - Grande
6350,Calvo Glass Banger Pro Base Plana - Macho 14mm,Accesorios de extraccion,Calvo Glass,calvo,banger-pro-base-plana-macho-14mm,banger-pro-base-plana-macho-14mm,/productos/calvo/banger-pro-base-plana-macho-14mm,1,1,Fumetas,12990,12990,0,Fumetas,Fumetas,false,true,2026-05-09T05:58:11.071Z,Calvo Glass Banger Pro Base Plana - Macho 14mm
6351,Calvo Glass Banger Pro redondo - Macho 14mm,Accesorios de extraccion,Calvo Glass,calvo,banger-pro-redondo-macho-14mm,banger-pro-redondo-macho-14mm,/productos/calvo/banger-pro-redondo-macho-14mm,1,1,Fumetas,12990,12990,0,Fumetas,Fumetas,false,true,2026-05-09T05:58:09.189Z,Calvo Glass Banger Pro redondo - Macho 14mm
6678,Calvo Glass Pipa Wig Wag 12cm,Pipas,Calvo Glass,calvo,wig-wag,wig-wag,/productos/calvo/wig-wag,1,1,Fumetas,14990,14990,0,Fumetas,Fumetas,false,true,2026-05-18T14:18:12.890Z,Calvo Glass Pipa Wig Wag 12cm
6605,Hemper Keeper Moledor Y Contenedor,Moledores,Hemper,hemper,keeper,keeper,/productos/hemper/keeper,1,1,Fumetas,14990,14990,0,Fumetas,Fumetas,false,true,2026-05-18T14:18:04.027Z,Hemper Keeper Moledor Y Contenedor
6585,Moledor Lite 63Mm- Calvo Glass,Moledores,CALVO GLASS,calvo,lite-63mm,lite-63mm,/productos/calvo/lite-63mm,1,1,Astro Growshop,15790,15790,0,Astro Growshop,Astro Growshop,false,true,2026-05-18T14:21:12.754Z,Moledor Lite 63Mm- Calvo Glass
5811,Vaporizador Airis Neo P8000 Black Ice 5%-Airistech,Vaporizadores electronicos,AIRISTECH,airis,disposable-neo-p8000-black-ice,disposable-neo-p8000-black-ice,/productos/airis/disposable-neo-p8000-black-ice,1,1,Astro Growshop,16190,16190,0,Astro Growshop,Astro Growshop,false,true,2026-05-14T13:54:01.366Z,Vaporizador Airis Neo P8000 Black Ice 5%-Airistech
6363,Futurola x Mike Tyson Bandeja Metálica Mediana,Bandejas y ceniceros,Futurola,futurola,tray-mike-tyson-metal-medium,mike-tyson-metal-medium,/productos/futurola/mike-tyson-metal-medium,1,1,Fumetas,18590,18590,0,Fumetas,Fumetas,false,true,2026-05-08T22:05:04.693Z,Futurola x Mike Tyson Bandeja Metálica Mediana
6355,Calvo Glass Banger Full Weld Regular Macho 14mm,Accesorios de extraccion,Calvo Glass,calvo,banger-simple-macho-14mm,banger-simple-macho-14mm,/productos/calvo/banger-simple-macho-14mm,1,1,Fumetas,19990,19990,0,Fumetas,Fumetas,false,true,2026-05-09T05:59:06.254Z,Calvo Glass Banger Full Weld Regular Macho 14mm
6331,Calvo Glass Banger Full Weld Big Slurper - Macho 10mm,Accesorios de extraccion,Bonglab,bonglab,banger-big-slurper-macho-10mm,banger-big-slurper-macho-10mm,/productos/bonglab/banger-big-slurper-macho-10mm,1,1,Fumetas,20990,20990,0,Fumetas,Fumetas,false,true,2026-05-09T05:58:06.454Z,Calvo Glass Banger Full Weld Big Slurper - Macho 10mm
6780,REPUESTO SABER TIP 3U-FOCUS V,Repuestos para bongs y vaporizadores,FOCUS V,focus-v,tip-saber-tip-3u,tip-saber-tip-3u,/productos/focus-v/tip-saber-tip-3u,1,1,Astro Growshop,24990,24990,0,Astro Growshop,Astro Growshop,false,true,2026-05-18T06:45:54.250Z,REPUESTO SABER TIP 3U-FOCUS V
6775,Calvo Glass Atrapa cenizas Abejas - Macho 14 mm,Repuestos para bongs y vaporizadores,Calvo Glass,calvo,abeja-14mm,abeja-14mm,/productos/calvo/abeja-14mm,1,1,Fumetas,24990,24990,0,Fumetas,Fumetas,false,true,2026-05-09T05:59:05.247Z,Calvo Glass Atrapa cenizas Abejas - Macho 14 mm
6786,Storz &amp; Bickel Cargador para auto 12V Mighty,Repuestos para bongs y vaporizadores,Storz & Bickel,storz-bickel,charger-mighty-car-charger,charger-mighty-car-charger,/productos/storz-bickel/charger-mighty-car-charger,1,1,Fumetas,24990,24990,0,Fumetas,Fumetas,false,true,2026-05-08T23:14:47.054Z,Storz &amp; Bickel Cargador para auto 12V Mighty
6626,Moledor metálico Swing Bulldog 60mm,Moledores,The Bulldog Amsterdam,the-bulldog,metal-60mm,metal-60mm,/productos/the-bulldog/metal-60mm,1,1,Fumetas,25990,25990,0,Fumetas,Fumetas,false,true,2026-05-18T14:22:35.564Z,Moledor metálico Swing Bulldog 60mm
6519,Jar Blanco Gold Ink 8Oz-Bonglab Re: Stash,Contenedores y estuches,RE: STASH,bonglab,jar-restash-8oz,jar-restash-8oz,/productos/bonglab/jar-restash-8oz,1,1,Astro Growshop,25990,25990,0,Astro Growshop,Astro Growshop,false,true,2026-05-09T05:52:27.633Z,Jar Blanco Gold Ink 8Oz-Bonglab Re: Stash
6470,Blazy Susan Conos Pre-enrolados Pink 98mm 50 uds.,Conos y blunts,Blazy Susan,blazy-susan,pre-roll-pink-98mm-50u,pre-roll-pink-98mm-50u,/productos/blazy-susan/pre-roll-pink-98mm-50u,1,1,Fumetas,26991,26991,0,Fumetas,Fumetas,false,true,2026-05-18T06:49:56.598Z,Blazy Susan Conos Pre-enrolados Pink 98mm 50 uds.
6471,Blazy Susan Conos Pre-enrolados King Size 50 uds.,Conos y blunts,Blazy Susan,blazy-susan,pre-roll-pink-king-size-50u,pre-roll-pink-king-size-50u,/productos/blazy-susan/pre-roll-pink-king-size-50u,1,1,Fumetas,26991,26991,0,Fumetas,Fumetas,false,true,2026-05-18T06:49:20.391Z,Blazy Susan Conos Pre-enrolados King Size 50 uds.
6400,Dream Rig X4 -Bonglab,Bongs,BONGLAB,bonglab,dream-rig-x4,dream-rig-x4,/productos/bonglab/dream-rig-x4,1,1,Astro Growshop,29990,29990,0,Astro Growshop,Astro Growshop,false,true,2026-05-18T06:45:42.714Z,Dream Rig X4 -Bonglab
6517,Jar Rasta Tie Dye 12Oz-Bonglab Re: Stash,Contenedores y estuches,RE: STASH,bonglab,jar-restash-12oz,jar-restash-12oz,/productos/bonglab/jar-restash-12oz,1,1,Astro Growshop,29990,29990,0,Astro Growshop,Astro Growshop,false,true,2026-05-09T05:52:31.978Z,Jar Rasta Tie Dye 12Oz-Bonglab Re: Stash
6552,Encendedor Zippo High Polish Sterling Silver,Encendedores y sopletes,ZIPPO,zippo,lighter-high-polish-silver,lighter-high-polish-silver,/productos/zippo/lighter-high-polish-silver,1,1,Fumetas,31990,31990,0,Fumetas,Fumetas,false,true,2026-05-09T05:56:45.614Z,Encendedor Zippo High Polish Sterling Silver
6402,Calvo Glass Doble Fungus Rig 28 cm,Bongs,Bonglab,bonglab,fungus-fumetas,fungus-fumetas,/productos/bonglab/fungus-fumetas,1,1,Fumetas,32181,32181,0,Fumetas,Fumetas,false,true,2026-05-09T05:58:17.590Z,Calvo Glass Doble Fungus Rig 28 cm
6548,Encendedor Zippo High Polish Chrome Vintage,Encendedores y sopletes,Zippo,zippo,lighter-high-polish-chrome,lighter-high-polish-chrome,/productos/zippo/lighter-high-polish-chrome,1,1,Fumetas,32990,32990,0,Fumetas,Fumetas,false,true,2026-05-09T06:26:22.399Z,Encendedor Zippo High Polish Chrome Vintage
6432,Calvo Glass Bong Double Eye Rig 20cm,Bongs,Calvo Glass,calvo,double-eye,double-eye,/productos/calvo/double-eye,1,1,Fumetas,34990,34990,0,Fumetas,Fumetas,false,true,2026-05-09T05:59:12.372Z,Calvo Glass Bong Double Eye Rig 20cm
6669,Pipa Solo Chillium Negro-American Helix,Pipas,AMERICAN HELIX,american-helix,chillium,chillium,/productos/american-helix/chillium,1,1,Astro Growshop,34990,34990,0,Astro Growshop,Astro Growshop,false,true,2026-05-08T06:12:52.927Z,Pipa Solo Chillium Negro-American Helix
6537,Encendedor Jet Flame Jet Cozy Skull 24U- Clipper,Encendedores y sopletes,CLIPPER,clipper,torch-lighter-jet-flame-24u,torch-lighter-jet-flame-24u,/productos/clipper/torch-lighter-jet-flame-24u,2,1,Astro Growshop,36990,36990,0,Astro Growshop,Astro Growshop,false,true,2026-05-18T06:45:15.025Z,Encendedor Jet Flame Jet Cozy Skull 24U- Clipper | Encendedor Jet Flame Jet Horror Zoo 24U- Clipper
6518,Jar Ocean Tie Dye 16Oz-Bonglab Re: Stash,Contenedores y estuches,RE: STASH,bonglab,jar-restash-473ml,jar-restash-473ml,/productos/bonglab/jar-restash-473ml,1,1,Astro Growshop,36990,36990,0,Astro Growshop,Astro Growshop,false,true,2026-05-09T05:52:28.561Z,Jar Ocean Tie Dye 16Oz-Bonglab Re: Stash
6551,Encendedor High Polish Rose-Zippo,Encendedores y sopletes,ZIPPO,zippo,lighter-high-polish-rose,lighter-high-polish-rose,/productos/zippo/lighter-high-polish-rose,1,1,Astro Growshop,37990,37990,0,Astro Growshop,Astro Growshop,false,true,2026-05-09T06:22:53.721Z,Encendedor High Polish Rose-Zippo
6550,Encendedor High Polish Green Logo - Zippo,Encendedores y sopletes,ZIPPO,zippo,lighter-high-polish-green-logo,lighter-high-polish-green-logo,/productos/zippo/lighter-high-polish-green-logo,1,1,Astro Growshop,37990,37990,0,Astro Growshop,Astro Growshop,false,true,2026-05-09T06:22:44.663Z,Encendedor High Polish Green Logo - Zippo
6423,Bonglab Bong Roller Coaster 17cm,Bongs,BONGLAB,bonglab,roller-coaster,roller-coaster,/productos/bonglab/roller-coaster,1,1,Fumetas,39990,39990,0,Fumetas,Fumetas,false,true,2026-05-18T06:49:28.694Z,Bonglab Bong Roller Coaster 17cm
6422,Roller Coaster-Bonglab,Bongs,BONGLAB,bonglab,roller-coaster-bongs,roller-coaster-bongs,/productos/bonglab/roller-coaster-bongs,1,1,Astro Growshop,39990,39990,0,Astro Growshop,Astro Growshop,false,true,2026-05-14T13:54:01.198Z,Roller Coaster-Bonglab
6433,Calvo Glass Bong Eye Sun Rig 25cm,Bongs,Calvo Glass,calvo,eye-sun,eye-sun,/productos/calvo/eye-sun,1,1,Fumetas,44990,44990,0,Fumetas,Fumetas,false,true,2026-05-09T05:59:14.155Z,Calvo Glass Bong Eye Sun Rig 25cm
6394,Calvo Bong Four Horn Rig Azul 22cm,Bongs,Calvo,calvo,four-horn,four-horn,/productos/calvo/four-horn,2,1,Fumetas,44990,44990,0,Fumetas,Fumetas,false,true,2026-05-09T05:59:04.224Z,Calvo Bong Four Horn Rig Azul 22cm | Calvo Bong Four Horn Rig Morado 20cm
6446,Calvo Glass Rig Splash Guard 21cm,Bongs,CALVO GLASS,calvo,splash-guard,splash-guard,/productos/calvo/splash-guard,1,1,Fumetas,44990,44990,0,Fumetas,Fumetas,false,true,2026-05-09T05:58:22.328Z,Calvo Glass Rig Splash Guard 21cm
6451,Calvo Glass Bong Straight Tube Grande 43cm,Bongs,CALVO GLASS,calvo,straight-tube,straight-tube,/productos/calvo/straight-tube,1,1,Fumetas,51990,51990,0,Fumetas,Fumetas,false,true,2026-05-09T05:59:20.464Z,Calvo Glass Bong Straight Tube Grande 43cm
6417,BongLab Bong K104 Moon 27cm,Bongs,BongLab,bonglab,moon-fumetas,moon-fumetas,/productos/bonglab/moon-fumetas,1,1,Fumetas,52990,52990,0,Fumetas,Fumetas,false,true,2026-05-09T05:58:49.852Z,BongLab Bong K104 Moon 27cm
6431,Calvo Glass Bong Doble Cuerno 28cm,Bongs,CALVO GLASS,calvo,cuerno-fumetas,cuerno-fumetas,/productos/calvo/cuerno-fumetas,1,1,Fumetas,56990,56990,0,Fumetas,Fumetas,false,true,2026-05-09T05:58:14.802Z,Calvo Glass Bong Doble Cuerno 28cm
6435,Calvo Glass Bong Hongo Shower Head 28cm,Bongs,Calvo Glass,calvo,hongo-shower-head,hongo-shower-head,/productos/calvo/hongo-shower-head,1,1,Fumetas,60891,60891,0,Fumetas,Fumetas,false,true,2026-05-09T05:59:15.667Z,Calvo Glass Bong Hongo Shower Head 28cm
6437,Calvo Glass Bong Pulpo 27cm,Bongs,Calvo Glass,calvo,pulpo-fumetas,pulpo-fumetas,/productos/calvo/pulpo-fumetas,1,1,Fumetas,64990,64990,0,Fumetas,Fumetas,false,true,2026-05-09T05:59:16.820Z,Calvo Glass Bong Pulpo 27cm
6395,Calvo Glass Bong Doble Inline 2.0 45cm,Bongs,Calvo Glass,calvo,inline-fumetas,inline-fumetas,/productos/calvo/inline-fumetas,2,1,Fumetas,64990,69591,7,Fumetas,Fumetas,false,true,2026-05-09T05:59:10.557Z,Calvo Glass Bong Doble Inline 2.0 45cm | Calvo Glass Bong Doble Inline 40cm
6442,Calvo Glass Bong Sandblasted Straight Tube 40cm,Bongs,Calvo Glass,calvo,sandblasted-straight-tube,sandblasted-straight-tube,/productos/calvo/sandblasted-straight-tube,1,1,Fumetas,69990,69990,0,Fumetas,Fumetas,false,true,2026-05-09T05:59:18.719Z,Calvo Glass Bong Sandblasted Straight Tube 40cm
6426,Calvo Glass Bong Beaker Dragon Ball Z 40cm,Bongs,Calvo Glass,calvo,beaker-dragon-ball,beaker-dragon-ball,/productos/calvo/beaker-dragon-ball,1,1,Fumetas,69990,69990,0,Fumetas,Fumetas,false,true,2026-05-09T05:59:13.122Z,Calvo Glass Bong Beaker Dragon Ball Z 40cm
6441,Calvo Glass Bong Rick Sanchez - Purple 26cm,Bongs,Calvo Glass,calvo,rick-sanchez-26cm,rick-sanchez-26cm,/productos/calvo/rick-sanchez-26cm,1,1,Fumetas,74990,74990,0,Fumetas,Fumetas,false,true,2026-05-09T05:59:17.622Z,Calvo Glass Bong Rick Sanchez - Purple 26cm
6800,Dynavap Vaporizador Mecánico M7 XL,Vaporizadores herbales,Dynavap,dynavap,m7-xl,m7-xl,/productos/dynavap/m7-xl,1,1,Fumetas,127990,127990,0,Fumetas,Fumetas,false,true,2026-05-08T22:04:38.391Z,Dynavap Vaporizador Mecánico M7 XL
6799,Arizer Argo Black,Vaporizadores herbales,Arizer,arizer,argo,argo,/productos/arizer/argo,1,1,Fumetas,199990,199990,0,Fumetas,Fumetas,false,true,2026-05-08T22:05:23.756Z,Arizer Argo Black
6803,Vaporizador Mighty V2 Storz &amp; Bickel,Vaporizadores herbales,Storz & Bickel,storz-bickel,mighty,mighty,/productos/storz-bickel/mighty,1,1,Fumetas,339990,339990,0,Fumetas,Fumetas,false,true,2026-05-08T23:15:18.773Z,Vaporizador Mighty V2 Storz &amp; Bickel
6805,Vaporizador Volcano Classic Gold 24K,Vaporizadores herbales,Storz & Bickel,storz-bickel,volcano-classic-gold,volcano-classic-gold,/productos/storz-bickel/volcano-classic-gold,1,1,Fumetas,499990,499990,0,Fumetas,Fumetas,false,true,2026-05-08T23:14:58.212Z,Vaporizador Volcano Classic Gold 24K
