
===== Accesorios de extraccion: 686 ofertas con imagen =====
oferta 96: hash fallido (Error: Input buffer contains unsupported image format)
hashes ok: 685 | errores: 1
1412 pares candidatos (distancia Hamming <= 140/512)
*d=  0 | 15715 t3 prod 10214 $66491 | Vaporizador de Hierbas Secas Yocan Hit 2 | PIRANHA
       | 31428 t1 huerfana $65990 | VAPORIZADOR YOCAN HIT 2 - Rosa
*d=  0 | 15904 t3 prod 10493 $29392 | Yocan Dirk Hot Knife | PIRANHA
       | 33069 t1 huerfana $32990 | HOT KNIFE EXTRACTOS DIRK YOCAN - Naranjo
*d=  4 | 3366 t3 prod 5768 $8990 | Banger Cuarzo Bonglab Simple 45° (14mm/10mm) | PIRANHA
       | 31275 t1 huerfana $8990 | Banger Cuarzo Simple 45 Grados -Bonglab - 14MM
*d= 10 | 2003 t2 prod 5768 $8990 | BongLab Banger Cuarzo 45° - Macho 14mm
       | 31275 t1 huerfana $8990 | Banger Cuarzo Simple 45 Grados -Bonglab - 14MM
*d= 10 | 3366 t3 prod 5768 $8990 | Banger Cuarzo Bonglab Simple 45° (14mm/10mm) | PIRANHA
       | 31274 t1 huerfana $7990 | Banger Cuarzo Simple 45 Grados -Bonglab - 10MM
*d= 11 | 15904 t3 prod 10493 $29392 | Yocan Dirk Hot Knife | PIRANHA
       | 33066 t1 huerfana $32990 | HOT KNIFE EXTRACTOS DIRK YOCAN - verde
*d= 11 | 15904 t3 prod 10493 $29392 | Yocan Dirk Hot Knife | PIRANHA
       | 33071 t1 huerfana $32990 | HOT KNIFE EXTRACTOS DIRK YOCAN - LEMON
*d= 14 | 2003 t2 prod 5768 $8990 | BongLab Banger Cuarzo 45° - Macho 14mm
       | 31274 t1 huerfana $7990 | Banger Cuarzo Simple 45 Grados -Bonglab - 10MM
*d= 17 | 1161 t1 prod 10106 $24990 | BANGER REGULAR FULL WELD 10MM- Calvo glass
       | 19980 t2 huerfana $7990 | Calvo Glass Banger Regular 14mm
*d= 18 | 15904 t3 prod 10493 $29392 | Yocan Dirk Hot Knife | PIRANHA
       | 33072 t1 huerfana $32990 | HOT KNIFE EXTRACTOS DIRK YOCAN - TURQOISE
*d= 23 | 2001 t2 prod 5768 $8990 | Bonglab Banger Cuarzo 45° - Macho 10mm
       | 31275 t1 huerfana $8990 | Banger Cuarzo Simple 45 Grados -Bonglab - 14MM
*d= 23 | 15904 t3 prod 10493 $29392 | Yocan Dirk Hot Knife | PIRANHA
       | 33067 t1 huerfana $32990 | HOT KNIFE EXTRACTOS DIRK YOCAN - IVORY
*d= 27 | 2001 t2 prod 5768 $8990 | Bonglab Banger Cuarzo 45° - Macho 10mm
       | 31274 t1 huerfana $7990 | Banger Cuarzo Simple 45 Grados -Bonglab - 10MM
*d= 32 | 15904 t3 prod 10493 $29392 | Yocan Dirk Hot Knife | PIRANHA
       | 33068 t1 huerfana $32990 | HOT KNIFE EXTRACTOS DIRK YOCAN - CARMINE
*d= 33 | 15904 t3 prod 10493 $29392 | Yocan Dirk Hot Knife | PIRANHA
       | 33065 t1 huerfana $32990 | HOT KNIFE EXTRACTOS DIRK YOCAN - azul
*d= 33 | 34372 t2 huerfana $79990 | Puffco Hot Knife - Dabber eléctronico - Pearl
       | 39077 t3 huerfana $9592 | Batería Vaporizador Cartridge Airis V2.0 - Airistech | 
*d= 34 | 15904 t3 prod 10493 $29392 | Yocan Dirk Hot Knife | PIRANHA
       | 33070 t1 huerfana $34990 | HOT KNIFE EXTRACTOS DIRK YOCAN - Negro
*d= 35 | 15715 t3 prod 10214 $66491 | Vaporizador de Hierbas Secas Yocan Hit 2 | PIRANHA
       | 31426 t1 huerfana $65990 | VAPORIZADOR YOCAN HIT 2 - verde
*d= 36 | 33068 t1 huerfana $32990 | HOT KNIFE EXTRACTOS DIRK YOCAN - CARMINE
       | 39077 t3 huerfana $9592 | Batería Vaporizador Cartridge Airis V2.0 - Airistech | 
*d= 37 | 33070 t1 huerfana $34990 | HOT KNIFE EXTRACTOS DIRK YOCAN - Negro
       | 34372 t2 huerfana $79990 | Puffco Hot Knife - Dabber eléctronico - Pearl
*d= 38 | 2150 t2 huerfana $8990 | Banger Calvo Flat Bucket 90° - Macho 10mm
       | 32873 t1 prod 10404 $7990 | Flat Bucket Banger -Calvo (45° 10Mm/45° 14Mm/90° 10Mm/9
*d= 38 | 2150 t2 huerfana $8990 | Banger Calvo Flat Bucket 90° - Macho 10mm
       | 32874 t1 prod 10105 $7990 | Flat Bucket Banger -Calvo (45° 10Mm/45° 14Mm/90° 10Mm/9
*d= 39 | 33073 t1 huerfana $32990 | HOT KNIFE EXTRACTOS DIRK YOCAN - LILAC
       | 39077 t3 huerfana $9592 | Batería Vaporizador Cartridge Airis V2.0 - Airistech | 
*d= 40 | 33070 t1 huerfana $34990 | HOT KNIFE EXTRACTOS DIRK YOCAN - Negro
       | 39077 t3 huerfana $9592 | Batería Vaporizador Cartridge Airis V2.0 - Airistech | 
*d= 42 | 33073 t1 huerfana $32990 | HOT KNIFE EXTRACTOS DIRK YOCAN - LILAC
       | 34372 t2 huerfana $79990 | Puffco Hot Knife - Dabber eléctronico - Pearl
*d= 43 | 33068 t1 huerfana $32990 | HOT KNIFE EXTRACTOS DIRK YOCAN - CARMINE
       | 34372 t2 huerfana $79990 | Puffco Hot Knife - Dabber eléctronico - Pearl
*d= 45 | 16077 t3 prod 10548 $9891 | Vaporizador para Cartridge Yocan Flat | PIRANHA
       | 33065 t1 huerfana $32990 | HOT KNIFE EXTRACTOS DIRK YOCAN - azul
*d= 45 | 33070 t1 huerfana $34990 | HOT KNIFE EXTRACTOS DIRK YOCAN - Negro
       | 34373 t2 huerfana $79990 | Puffco Hot Knife - Dabber eléctronico - Dessert
*d= 45 | 34373 t2 huerfana $79990 | Puffco Hot Knife - Dabber eléctronico - Dessert
       | 39077 t3 huerfana $9592 | Batería Vaporizador Cartridge Airis V2.0 - Airistech | 
*d= 47 | 15904 t3 prod 10493 $29392 | Yocan Dirk Hot Knife | PIRANHA
       | 33073 t1 huerfana $32990 | HOT KNIFE EXTRACTOS DIRK YOCAN - LILAC
*d= 47 | 33065 t1 huerfana $32990 | HOT KNIFE EXTRACTOS DIRK YOCAN - azul
       | 39077 t3 huerfana $9592 | Batería Vaporizador Cartridge Airis V2.0 - Airistech | 
*d= 47 | 33070 t1 huerfana $34990 | HOT KNIFE EXTRACTOS DIRK YOCAN - Negro
       | 34374 t2 huerfana $79990 | Puffco Hot Knife - Dabber eléctronico - Onyx
*d= 48 | 33066 t1 huerfana $32990 | HOT KNIFE EXTRACTOS DIRK YOCAN - verde
       | 34372 t2 huerfana $79990 | Puffco Hot Knife - Dabber eléctronico - Pearl
*d= 48 | 33073 t1 huerfana $32990 | HOT KNIFE EXTRACTOS DIRK YOCAN - LILAC
       | 34373 t2 huerfana $79990 | Puffco Hot Knife - Dabber eléctronico - Dessert
*d= 49 | 15715 t3 prod 10214 $66491 | Vaporizador de Hierbas Secas Yocan Hit 2 | PIRANHA
       | 31427 t1 huerfana $65990 | VAPORIZADOR YOCAN HIT 2 - Blanco
*d= 49 | 33066 t1 huerfana $32990 | HOT KNIFE EXTRACTOS DIRK YOCAN - verde
       | 39077 t3 huerfana $9592 | Batería Vaporizador Cartridge Airis V2.0 - Airistech | 
*d= 49 | 34371 t2 huerfana $79990 | Puffco Hot Knife - Dabber eléctronico - Verde
       | 39077 t3 huerfana $9592 | Batería Vaporizador Cartridge Airis V2.0 - Airistech | 
*d= 50 | 13000 t2 prod 10312 $79990 | Puffco Hot Knife - Dabber eléctronico
       | 33070 t1 huerfana $34990 | HOT KNIFE EXTRACTOS DIRK YOCAN - Negro
*d= 50 | 13000 t2 prod 10312 $79990 | Puffco Hot Knife - Dabber eléctronico
       | 39077 t3 huerfana $9592 | Batería Vaporizador Cartridge Airis V2.0 - Airistech | 
*d= 50 | 33065 t1 huerfana $32990 | HOT KNIFE EXTRACTOS DIRK YOCAN - azul
       | 34374 t2 huerfana $79990 | Puffco Hot Knife - Dabber eléctronico - Onyx
*d= 50 | 33070 t1 huerfana $34990 | HOT KNIFE EXTRACTOS DIRK YOCAN - Negro
       | 34370 t2 huerfana $79990 | Puffco Hot Knife - Dabber eléctronico - Negro
*d= 50 | 33073 t1 huerfana $32990 | HOT KNIFE EXTRACTOS DIRK YOCAN - LILAC
       | 34374 t2 huerfana $79990 | Puffco Hot Knife - Dabber eléctronico - Onyx
*d= 50 | 34370 t2 huerfana $79990 | Puffco Hot Knife - Dabber eléctronico - Negro
       | 39077 t3 huerfana $9592 | Batería Vaporizador Cartridge Airis V2.0 - Airistech | 
*d= 51 | 15904 t3 prod 10493 $29392 | Yocan Dirk Hot Knife | PIRANHA
       | 34372 t2 huerfana $79990 | Puffco Hot Knife - Dabber eléctronico - Pearl
*d= 51 | 18202 t1 huerfana $89990 | NEW HOT KNIFE-PUFFCO
       | 34373 t2 huerfana $79990 | Puffco Hot Knife - Dabber eléctronico - Dessert
*d= 51 | 33068 t1 huerfana $32990 | HOT KNIFE EXTRACTOS DIRK YOCAN - CARMINE
       | 34373 t2 huerfana $79990 | Puffco Hot Knife - Dabber eléctronico - Dessert
*d= 51 | 33069 t1 huerfana $32990 | HOT KNIFE EXTRACTOS DIRK YOCAN - Naranjo
       | 34372 t2 huerfana $79990 | Puffco Hot Knife - Dabber eléctronico - Pearl
*d= 52 | 13000 t2 prod 10312 $79990 | Puffco Hot Knife - Dabber eléctronico
       | 33068 t1 huerfana $32990 | HOT KNIFE EXTRACTOS DIRK YOCAN - CARMINE
*d= 52 | 18008 t1 prod 10493 $34990 | HOT KNIFE EXTRACTOS DIRK YOCAN
       | 34372 t2 huerfana $79990 | Puffco Hot Knife - Dabber eléctronico - Pearl
*d= 52 | 33065 t1 huerfana $32990 | HOT KNIFE EXTRACTOS DIRK YOCAN - azul
       | 34372 t2 huerfana $79990 | Puffco Hot Knife - Dabber eléctronico - Pearl
*d= 52 | 33067 t1 huerfana $32990 | HOT KNIFE EXTRACTOS DIRK YOCAN - IVORY
       | 34372 t2 huerfana $79990 | Puffco Hot Knife - Dabber eléctronico - Pearl
*d= 52 | 33068 t1 huerfana $32990 | HOT KNIFE EXTRACTOS DIRK YOCAN - CARMINE
       | 34370 t2 huerfana $79990 | Puffco Hot Knife - Dabber eléctronico - Negro
*d= 52 | 33069 t1 huerfana $32990 | HOT KNIFE EXTRACTOS DIRK YOCAN - Naranjo
       | 39077 t3 huerfana $9592 | Batería Vaporizador Cartridge Airis V2.0 - Airistech | 
*d= 52 | 33072 t1 huerfana $32990 | HOT KNIFE EXTRACTOS DIRK YOCAN - TURQOISE
       | 39077 t3 huerfana $9592 | Batería Vaporizador Cartridge Airis V2.0 - Airistech | 
*d= 53 | 13000 t2 prod 10312 $79990 | Puffco Hot Knife - Dabber eléctronico
       | 33073 t1 huerfana $32990 | HOT KNIFE EXTRACTOS DIRK YOCAN - LILAC
*d= 53 | 18008 t1 prod 10493 $34990 | HOT KNIFE EXTRACTOS DIRK YOCAN
       | 39077 t3 huerfana $9592 | Batería Vaporizador Cartridge Airis V2.0 - Airistech | 
*d= 53 | 33067 t1 huerfana $32990 | HOT KNIFE EXTRACTOS DIRK YOCAN - IVORY
       | 39077 t3 huerfana $9592 | Batería Vaporizador Cartridge Airis V2.0 - Airistech | 
*d= 53 | 33072 t1 huerfana $32990 | HOT KNIFE EXTRACTOS DIRK YOCAN - TURQOISE
       | 34372 t2 huerfana $79990 | Puffco Hot Knife - Dabber eléctronico - Pearl
*d= 53 | 33073 t1 huerfana $32990 | HOT KNIFE EXTRACTOS DIRK YOCAN - LILAC
       | 34370 t2 huerfana $79990 | Puffco Hot Knife - Dabber eléctronico - Negro
*d= 53 | 34374 t2 huerfana $79990 | Puffco Hot Knife - Dabber eléctronico - Onyx
       | 39077 t3 huerfana $9592 | Batería Vaporizador Cartridge Airis V2.0 - Airistech | 
*d= 54 | 18008 t1 prod 10493 $34990 | HOT KNIFE EXTRACTOS DIRK YOCAN
       | 34373 t2 huerfana $79990 | Puffco Hot Knife - Dabber eléctronico - Dessert
*d= 54 | 33067 t1 huerfana $32990 | HOT KNIFE EXTRACTOS DIRK YOCAN - IVORY
       | 34373 t2 huerfana $79990 | Puffco Hot Knife - Dabber eléctronico - Dessert
*d= 54 | 33071 t1 huerfana $32990 | HOT KNIFE EXTRACTOS DIRK YOCAN - LEMON
       | 34372 t2 huerfana $79990 | Puffco Hot Knife - Dabber eléctronico - Pearl
*d= 55 | 13000 t2 prod 10312 $79990 | Puffco Hot Knife - Dabber eléctronico
       | 33067 t1 huerfana $32990 | HOT KNIFE EXTRACTOS DIRK YOCAN - IVORY
*d= 55 | 16077 t3 prod 10548 $9891 | Vaporizador para Cartridge Yocan Flat | PIRANHA
       | 34374 t2 huerfana $79990 | Puffco Hot Knife - Dabber eléctronico - Onyx
*d= 55 | 18008 t1 prod 10493 $34990 | HOT KNIFE EXTRACTOS DIRK YOCAN
       | 34370 t2 huerfana $79990 | Puffco Hot Knife - Dabber eléctronico - Negro
*d= 55 | 18011 t1 prod 10548 $10990 | VAPORIZADOR YOCAN FLAT
       | 34374 t2 huerfana $79990 | Puffco Hot Knife - Dabber eléctronico - Onyx
*d= 55 | 33067 t1 huerfana $32990 | HOT KNIFE EXTRACTOS DIRK YOCAN - IVORY
       | 34370 t2 huerfana $79990 | Puffco Hot Knife - Dabber eléctronico - Negro
*d= 55 | 33068 t1 huerfana $32990 | HOT KNIFE EXTRACTOS DIRK YOCAN - CARMINE
       | 34374 t2 huerfana $79990 | Puffco Hot Knife - Dabber eléctronico - Onyx
*d= 55 | 33071 t1 huerfana $32990 | HOT KNIFE EXTRACTOS DIRK YOCAN - LEMON
       | 39077 t3 huerfana $9592 | Batería Vaporizador Cartridge Airis V2.0 - Airistech | 
*d= 55 | 33092 t1 prod 10548 $9990 | VAPORIZADOR YOCAN FLAT - Plata
       | 34374 t2 huerfana $79990 | Puffco Hot Knife - Dabber eléctronico - Onyx
*d= 56 | 14387 t3 prod 10312 $76491 | The Hot Knife - Puffco
       | 31847 t1 huerfana $71990 | The Hot Knife -Puffco - DAYBREAK LIMITED
*d= 56 | 15904 t3 prod 10493 $29392 | Yocan Dirk Hot Knife | PIRANHA
       | 18202 t1 huerfana $89990 | NEW HOT KNIFE-PUFFCO
*d= 56 | 16077 t3 prod 10548 $9891 | Vaporizador para Cartridge Yocan Flat | PIRANHA
       | 18202 t1 huerfana $89990 | NEW HOT KNIFE-PUFFCO
*d= 56 | 16077 t3 prod 10548 $9891 | Vaporizador para Cartridge Yocan Flat | PIRANHA
       | 33068 t1 huerfana $32990 | HOT KNIFE EXTRACTOS DIRK YOCAN - CARMINE
*d= 56 | 18008 t1 prod 10493 $34990 | HOT KNIFE EXTRACTOS DIRK YOCAN
       | 34374 t2 huerfana $79990 | Puffco Hot Knife - Dabber eléctronico - Onyx
*d= 56 | 33067 t1 huerfana $32990 | HOT KNIFE EXTRACTOS DIRK YOCAN - IVORY
       | 34374 t2 huerfana $79990 | Puffco Hot Knife - Dabber eléctronico - Onyx
*d= 56 | 33073 t1 huerfana $32990 | HOT KNIFE EXTRACTOS DIRK YOCAN - LILAC
       | 34371 t2 huerfana $79990 | Puffco Hot Knife - Dabber eléctronico - Verde
*d= 57 | 13000 t2 prod 10312 $79990 | Puffco Hot Knife - Dabber eléctronico
       | 33065 t1 huerfana $32990 | HOT KNIFE EXTRACTOS DIRK YOCAN - azul
*d= 57 | 33065 t1 huerfana $32990 | HOT KNIFE EXTRACTOS DIRK YOCAN - azul
       | 34370 t2 huerfana $79990 | Puffco Hot Knife - Dabber eléctronico - Negro
*d= 57 | 33072 t1 huerfana $32990 | HOT KNIFE EXTRACTOS DIRK YOCAN - TURQOISE
       | 34374 t2 huerfana $79990 | Puffco Hot Knife - Dabber eléctronico - Onyx
*d= 57 | 33091 t1 prod 10548 $9990 | VAPORIZADOR YOCAN FLAT - Negro
       | 39077 t3 huerfana $9592 | Batería Vaporizador Cartridge Airis V2.0 - Airistech | 
*d= 58 | 16077 t3 prod 10548 $9891 | Vaporizador para Cartridge Yocan Flat | PIRANHA
       | 33070 t1 huerfana $34990 | HOT KNIFE EXTRACTOS DIRK YOCAN - Negro
*d= 58 | 16077 t3 prod 10548 $9891 | Vaporizador para Cartridge Yocan Flat | PIRANHA
       | 33072 t1 huerfana $32990 | HOT KNIFE EXTRACTOS DIRK YOCAN - TURQOISE
*d= 58 | 33066 t1 huerfana $32990 | HOT KNIFE EXTRACTOS DIRK YOCAN - verde
       | 34373 t2 huerfana $79990 | Puffco Hot Knife - Dabber eléctronico - Dessert
*d= 58 | 33091 t1 prod 10548 $9990 | VAPORIZADOR YOCAN FLAT - Negro
       | 34374 t2 huerfana $79990 | Puffco Hot Knife - Dabber eléctronico - Onyx
*d= 59 | 15904 t3 prod 10493 $29392 | Yocan Dirk Hot Knife | PIRANHA
       | 34373 t2 huerfana $79990 | Puffco Hot Knife - Dabber eléctronico - Dessert
*d= 59 | 15904 t3 prod 10493 $29392 | Yocan Dirk Hot Knife | PIRANHA
       | 34374 t2 huerfana $79990 | Puffco Hot Knife - Dabber eléctronico - Onyx
*d= 59 | 16077 t3 prod 10548 $9891 | Vaporizador para Cartridge Yocan Flat | PIRANHA
       | 33071 t1 huerfana $32990 | HOT KNIFE EXTRACTOS DIRK YOCAN - LEMON
*d= 59 | 33068 t1 huerfana $32990 | HOT KNIFE EXTRACTOS DIRK YOCAN - CARMINE
       | 34371 t2 huerfana $79990 | Puffco Hot Knife - Dabber eléctronico - Verde
*d= 59 | 33069 t1 huerfana $32990 | HOT KNIFE EXTRACTOS DIRK YOCAN - Naranjo
       | 34373 t2 huerfana $79990 | Puffco Hot Knife - Dabber eléctronico - Dessert
*d= 59 | 33069 t1 huerfana $32990 | HOT KNIFE EXTRACTOS DIRK YOCAN - Naranjo
       | 34374 t2 huerfana $79990 | Puffco Hot Knife - Dabber eléctronico - Onyx
*d= 59 | 33072 t1 huerfana $32990 | HOT KNIFE EXTRACTOS DIRK YOCAN - TURQOISE
       | 34373 t2 huerfana $79990 | Puffco Hot Knife - Dabber eléctronico - Dessert
*d= 60 | 12999 t2 prod 10207 $99990 | Puffco Vaporizador Plus
       | 33070 t1 huerfana $34990 | HOT KNIFE EXTRACTOS DIRK YOCAN - Negro
*d= 60 | 15715 t3 prod 10214 $66491 | Vaporizador de Hierbas Secas Yocan Hit 2 | PIRANHA
       | 31430 t1 huerfana $65990 | VAPORIZADOR YOCAN HIT 2 - Morado
*d= 60 | 16077 t3 prod 10548 $9891 | Vaporizador para Cartridge Yocan Flat | PIRANHA
       | 33069 t1 huerfana $32990 | HOT KNIFE EXTRACTOS DIRK YOCAN - Naranjo
*d= 60 | 18202 t1 huerfana $89990 | NEW HOT KNIFE-PUFFCO
       | 39077 t3 huerfana $9592 | Batería Vaporizador Cartridge Airis V2.0 - Airistech | 
*d= 60 | 33070 t1 huerfana $34990 | HOT KNIFE EXTRACTOS DIRK YOCAN - Negro
       | 34360 t2 huerfana $104990 | Puffco Vaporizador Plus - Tornasol
*d= 60 | 33071 t1 huerfana $32990 | HOT KNIFE EXTRACTOS DIRK YOCAN - LEMON
       | 34374 t2 huerfana $79990 | Puffco Hot Knife - Dabber eléctronico - Onyx
*d= 60 | 33091 t1 prod 10548 $9990 | VAPORIZADOR YOCAN FLAT - Negro
       | 34372 t2 huerfana $79990 | Puffco Hot Knife - Dabber eléctronico - Pearl
 d= 61 | 13000 t2 prod 10312 $79990 | Puffco Hot Knife - Dabber eléctronico
       | 33066 t1 huerfana $32990 | HOT KNIFE EXTRACTOS DIRK YOCAN - verde
 d= 61 | 13000 t2 prod 10312 $79990 | Puffco Hot Knife - Dabber eléctronico
       | 33071 t1 huerfana $32990 | HOT KNIFE EXTRACTOS DIRK YOCAN - LEMON
 d= 61 | 16077 t3 prod 10548 $9891 | Vaporizador para Cartridge Yocan Flat | PIRANHA
       | 33066 t1 huerfana $32990 | HOT KNIFE EXTRACTOS DIRK YOCAN - verde
 d= 61 | 16077 t3 prod 10548 $9891 | Vaporizador para Cartridge Yocan Flat | PIRANHA
       | 33067 t1 huerfana $32990 | HOT KNIFE EXTRACTOS DIRK YOCAN - IVORY
 d= 61 | 16077 t3 prod 10548 $9891 | Vaporizador para Cartridge Yocan Flat | PIRANHA
       | 33073 t1 huerfana $32990 | HOT KNIFE EXTRACTOS DIRK YOCAN - LILAC
 d= 61 | 16077 t3 prod 10548 $9891 | Vaporizador para Cartridge Yocan Flat | PIRANHA
       | 34372 t2 huerfana $79990 | Puffco Hot Knife - Dabber eléctronico - Pearl
 d= 61 | 18011 t1 prod 10548 $10990 | VAPORIZADOR YOCAN FLAT
       | 34372 t2 huerfana $79990 | Puffco Hot Knife - Dabber eléctronico - Pearl
 d= 61 | 18202 t1 huerfana $89990 | NEW HOT KNIFE-PUFFCO
       | 34372 t2 huerfana $79990 | Puffco Hot Knife - Dabber eléctronico - Pearl
 d= 61 | 33066 t1 huerfana $32990 | HOT KNIFE EXTRACTOS DIRK YOCAN - verde
       | 34370 t2 huerfana $79990 | Puffco Hot Knife - Dabber eléctronico - Negro
 d= 61 | 33071 t1 huerfana $32990 | HOT KNIFE EXTRACTOS DIRK YOCAN - LEMON
       | 34370 t2 huerfana $79990 | Puffco Hot Knife - Dabber eléctronico - Negro
 d= 61 | 33092 t1 prod 10548 $9990 | VAPORIZADOR YOCAN FLAT - Plata
       | 34372 t2 huerfana $79990 | Puffco Hot Knife - Dabber eléctronico - Pearl
 d= 62 | 13000 t2 prod 10312 $79990 | Puffco Hot Knife - Dabber eléctronico
       | 33069 t1 huerfana $32990 | HOT KNIFE EXTRACTOS DIRK YOCAN - Naranjo
 d= 62 | 15904 t3 prod 10493 $29392 | Yocan Dirk Hot Knife | PIRANHA
       | 34370 t2 huerfana $79990 | Puffco Hot Knife - Dabber eléctronico - Negro
 d= 62 | 18011 t1 prod 10548 $10990 | VAPORIZADOR YOCAN FLAT
       | 39077 t3 huerfana $9592 | Batería Vaporizador Cartridge Airis V2.0 - Airistech | 
 d= 62 | 33065 t1 huerfana $32990 | HOT KNIFE EXTRACTOS DIRK YOCAN - azul
       | 34373 t2 huerfana $79990 | Puffco Hot Knife - Dabber eléctronico - Dessert
 d= 62 | 33066 t1 huerfana $32990 | HOT KNIFE EXTRACTOS DIRK YOCAN - verde
       | 34374 t2 huerfana $79990 | Puffco Hot Knife - Dabber eléctronico - Onyx
 d= 62 | 33069 t1 huerfana $32990 | HOT KNIFE EXTRACTOS DIRK YOCAN - Naranjo
       | 34370 t2 huerfana $79990 | Puffco Hot Knife - Dabber eléctronico - Negro
 d= 62 | 33071 t1 huerfana $32990 | HOT KNIFE EXTRACTOS DIRK YOCAN - LEMON
       | 34373 t2 huerfana $79990 | Puffco Hot Knife - Dabber eléctronico - Dessert
 d= 62 | 33092 t1 prod 10548 $9990 | VAPORIZADOR YOCAN FLAT - Plata
       | 39077 t3 huerfana $9592 | Batería Vaporizador Cartridge Airis V2.0 - Airistech | 
 d= 63 | 1307 t3 prod 5771 $29742 | Hemper Isoplex Estación de Dab y Limpieza | PIRANHA
       | 35614 t2 huerfana $39990 | Hemper Iso-Plex Estacion de Limpieza y Dabs - Negro
 d= 63 | 12999 t2 prod 10207 $99990 | Puffco Vaporizador Plus
       | 33065 t1 huerfana $32990 | HOT KNIFE EXTRACTOS DIRK YOCAN - azul
 d= 63 | 33065 t1 huerfana $32990 | HOT KNIFE EXTRACTOS DIRK YOCAN - azul
       | 34360 t2 huerfana $104990 | Puffco Vaporizador Plus - Tornasol
 d= 63 | 33070 t1 huerfana $34990 | HOT KNIFE EXTRACTOS DIRK YOCAN - Negro
       | 34371 t2 huerfana $79990 | Puffco Hot Knife - Dabber eléctronico - Verde
 d= 63 | 33091 t1 prod 10548 $9990 | VAPORIZADOR YOCAN FLAT - Negro
       | 34370 t2 huerfana $79990 | Puffco Hot Knife - Dabber eléctronico - Negro
 d= 64 | 13000 t2 prod 10312 $79990 | Puffco Hot Knife - Dabber eléctronico
       | 33072 t1 huerfana $32990 | HOT KNIFE EXTRACTOS DIRK YOCAN - TURQOISE
 d= 64 | 15715 t3 prod 10214 $66491 | Vaporizador de Hierbas Secas Yocan Hit 2 | PIRANHA
       | 32811 t1 huerfana $65990 | VAPORIZADOR HIERBA SECA VANE- YOCAN - Amarillo
 d= 64 | 16123 t3 prod 10456 $107991 | Puffco Peak Pro 3D Chamber | PIRANHA
       | 20269 t2 huerfana $19990 | Puffco Peak 3 Bowl Pack
 d= 64 | 33072 t1 huerfana $32990 | HOT KNIFE EXTRACTOS DIRK YOCAN - TURQOISE
       | 34370 t2 huerfana $79990 | Puffco Hot Knife - Dabber eléctronico - Negro
 d= 66 | 16068 t3 prod 10521 $14391 | Vaporizador para Cartridge Yocan Kodo Pro | PIRANHA
       | 32914 t1 huerfana $14990 | VAPORIZADOR YOCAN KODO PRO - verde
 d= 67 | 16068 t3 prod 10521 $14391 | Vaporizador para Cartridge Yocan Kodo Pro | PIRANHA
       | 32918 t1 huerfana $14990 | VAPORIZADOR YOCAN KODO PRO - Rosa
 d= 67 | 18202 t1 huerfana $89990 | NEW HOT KNIFE-PUFFCO
       | 34371 t2 huerfana $79990 | Puffco Hot Knife - Dabber eléctronico - Verde
 d= 67 | 18202 t1 huerfana $89990 | NEW HOT KNIFE-PUFFCO
       | 34374 t2 huerfana $79990 | Puffco Hot Knife - Dabber eléctronico - Onyx
 d= 68 | 16077 t3 prod 10548 $9891 | Vaporizador para Cartridge Yocan Flat | PIRANHA
       | 34370 t2 huerfana $79990 | Puffco Hot Knife - Dabber eléctronico - Negro
 d= 68 | 18008 t1 prod 10493 $34990 | HOT KNIFE EXTRACTOS DIRK YOCAN
       | 34371 t2 huerfana $79990 | Puffco Hot Knife - Dabber eléctronico - Verde
 d= 68 | 18011 t1 prod 10548 $10990 | VAPORIZADOR YOCAN FLAT
       | 34370 t2 huerfana $79990 | Puffco Hot Knife - Dabber eléctronico - Negro
 d= 68 | 33067 t1 huerfana $32990 | HOT KNIFE EXTRACTOS DIRK YOCAN - IVORY
       | 34371 t2 huerfana $79990 | Puffco Hot Knife - Dabber eléctronico - Verde
 d= 68 | 33092 t1 prod 10548 $9990 | VAPORIZADOR YOCAN FLAT - Plata
       | 34370 t2 huerfana $79990 | Puffco Hot Knife - Dabber eléctronico - Negro
 d= 69 | 16077 t3 prod 10548 $9891 | Vaporizador para Cartridge Yocan Flat | PIRANHA
       | 34373 t2 huerfana $79990 | Puffco Hot Knife - Dabber eléctronico - Dessert
 d= 69 | 18011 t1 prod 10548 $10990 | VAPORIZADOR YOCAN FLAT
       | 34373 t2 huerfana $79990 | Puffco Hot Knife - Dabber eléctronico - Dessert
 d= 69 | 33092 t1 prod 10548 $9990 | VAPORIZADOR YOCAN FLAT - Plata
       | 34373 t2 huerfana $79990 | Puffco Hot Knife - Dabber eléctronico - Dessert
 d= 70 | 12999 t2 prod 10207 $99990 | Puffco Vaporizador Plus
       | 33068 t1 huerfana $32990 | HOT KNIFE EXTRACTOS DIRK YOCAN - CARMINE
 d= 70 | 16068 t3 prod 10521 $14391 | Vaporizador para Cartridge Yocan Kodo Pro | PIRANHA
       | 33096 t1 huerfana $94990 | VAPORIZADOR YOCAN POCKET - Rosa
 d= 70 | 33065 t1 huerfana $32990 | HOT KNIFE EXTRACTOS DIRK YOCAN - azul
       | 34371 t2 huerfana $79990 | Puffco Hot Knife - Dabber eléctronico - Verde
 d= 70 | 33068 t1 huerfana $32990 | HOT KNIFE EXTRACTOS DIRK YOCAN - CARMINE
       | 34360 t2 huerfana $104990 | Puffco Vaporizador Plus - Tornasol
 d= 71 | 33227 t1 huerfana $31990 | Rolling Tray Acero Inoxidable -Blazy Susan - RAINBOW
       | 37314 t2 prod 10445 $31990 | Blazy Susan Bandeja Rolling Tray Acero Inoxidable - Oro
 d= 72 | 33066 t1 huerfana $32990 | HOT KNIFE EXTRACTOS DIRK YOCAN - verde
       | 34371 t2 huerfana $79990 | Puffco Hot Knife - Dabber eléctronico - Verde
 d= 73 | 12999 t2 prod 10207 $99990 | Puffco Vaporizador Plus
       | 33067 t1 huerfana $32990 | HOT KNIFE EXTRACTOS DIRK YOCAN - IVORY
 d= 73 | 16077 t3 prod 10548 $9891 | Vaporizador para Cartridge Yocan Flat | PIRANHA
       | 34371 t2 huerfana $79990 | Puffco Hot Knife - Dabber eléctronico - Verde
 d= 73 | 18008 t1 prod 10493 $34990 | HOT KNIFE EXTRACTOS DIRK YOCAN
       | 34360 t2 huerfana $104990 | Puffco Vaporizador Plus - Tornasol
 d= 73 | 18011 t1 prod 10548 $10990 | VAPORIZADOR YOCAN FLAT
       | 34371 t2 huerfana $79990 | Puffco Hot Knife - Dabber eléctronico - Verde
 d= 73 | 33067 t1 huerfana $32990 | HOT KNIFE EXTRACTOS DIRK YOCAN - IVORY
       | 34360 t2 huerfana $104990 | Puffco Vaporizador Plus - Tornasol
 d= 73 | 33092 t1 prod 10548 $9990 | VAPORIZADOR YOCAN FLAT - Plata
       | 34371 t2 huerfana $79990 | Puffco Hot Knife - Dabber eléctronico - Verde
 d= 74 | 12999 t2 prod 10207 $99990 | Puffco Vaporizador Plus
       | 33072 t1 huerfana $32990 | HOT KNIFE EXTRACTOS DIRK YOCAN - TURQOISE
 d= 74 | 12999 t2 prod 10207 $99990 | Puffco Vaporizador Plus
       | 39077 t3 huerfana $9592 | Batería Vaporizador Cartridge Airis V2.0 - Airistech | 
 d= 74 | 15715 t3 prod 10214 $66491 | Vaporizador de Hierbas Secas Yocan Hit 2 | PIRANHA
       | 32806 t1 huerfana $69990 | VAPORIZADOR HIERBA SECA VANE- YOCAN - azul
 d= 74 | 15715 t3 prod 10214 $66491 | Vaporizador de Hierbas Secas Yocan Hit 2 | PIRANHA
       | 33096 t1 huerfana $94990 | VAPORIZADOR YOCAN POCKET - Rosa
 d= 74 | 16077 t3 prod 10548 $9891 | Vaporizador para Cartridge Yocan Flat | PIRANHA
       | 32915 t1 huerfana $14990 | VAPORIZADOR YOCAN KODO PRO - Rojo
 d= 74 | 33071 t1 huerfana $32990 | HOT KNIFE EXTRACTOS DIRK YOCAN - LEMON
       | 34371 t2 huerfana $79990 | Puffco Hot Knife - Dabber eléctronico - Verde
 d= 74 | 33072 t1 huerfana $32990 | HOT KNIFE EXTRACTOS DIRK YOCAN - TURQOISE
       | 34360 t2 huerfana $104990 | Puffco Vaporizador Plus - Tornasol
 d= 74 | 33091 t1 prod 10548 $9990 | VAPORIZADOR YOCAN FLAT - Negro
       | 34371 t2 huerfana $79990 | Puffco Hot Knife - Dabber eléctronico - Verde
 d= 74 | 33091 t1 prod 10548 $9990 | VAPORIZADOR YOCAN FLAT - Negro
       | 34373 t2 huerfana $79990 | Puffco Hot Knife - Dabber eléctronico - Dessert
 d= 74 | 34360 t2 huerfana $104990 | Puffco Vaporizador Plus - Tornasol
       | 39077 t3 huerfana $9592 | Batería Vaporizador Cartridge Airis V2.0 - Airistech | 
 d= 75 | 15715 t3 prod 10214 $66491 | Vaporizador de Hierbas Secas Yocan Hit 2 | PIRANHA
       | 31852 t1 huerfana $71990 | The Hot Knife -Puffco - ONYX
 d= 75 | 16077 t3 prod 10548 $9891 | Vaporizador para Cartridge Yocan Flat | PIRANHA
       | 32918 t1 huerfana $14990 | VAPORIZADOR YOCAN KODO PRO - Rosa
 d= 75 | 31267 t1 huerfana $19990 | Nectar Collector Mini 17Cm -Bonglab - PSYCO
       | 34250 t2 prod 10212 $25990 | BongLab Nectar Collector Tank 14cm - Retro Vibes
 d= 75 | 33072 t1 huerfana $32990 | HOT KNIFE EXTRACTOS DIRK YOCAN - TURQOISE
       | 34371 t2 huerfana $79990 | Puffco Hot Knife - Dabber eléctronico - Verde
 d= 76 | 13000 t2 prod 10312 $79990 | Puffco Hot Knife - Dabber eléctronico
       | 18202 t1 huerfana $89990 | NEW HOT KNIFE-PUFFCO
 d= 76 | 18202 t1 huerfana $89990 | NEW HOT KNIFE-PUFFCO
       | 34370 t2 huerfana $79990 | Puffco Hot Knife - Dabber eléctronico - Negro
 d= 77 | 12999 t2 prod 10207 $99990 | Puffco Vaporizador Plus
       | 33071 t1 huerfana $32990 | HOT KNIFE EXTRACTOS DIRK YOCAN - LEMON
 d= 77 | 12999 t2 prod 10207 $99990 | Puffco Vaporizador Plus
       | 33073 t1 huerfana $32990 | HOT KNIFE EXTRACTOS DIRK YOCAN - LILAC
 d= 77 | 15715 t3 prod 10214 $66491 | Vaporizador de Hierbas Secas Yocan Hit 2 | PIRANHA
       | 31425 t1 huerfana $65990 | VAPORIZADOR YOCAN HIT 2 - azul
 d= 77 | 15904 t3 prod 10493 $29392 | Yocan Dirk Hot Knife | PIRANHA
       | 34371 t2 huerfana $79990 | Puffco Hot Knife - Dabber eléctronico - Verde
 d= 77 | 33069 t1 huerfana $32990 | HOT KNIFE EXTRACTOS DIRK YOCAN - Naranjo
       | 34371 t2 huerfana $79990 | Puffco Hot Knife - Dabber eléctronico - Verde
 d= 77 | 33071 t1 huerfana $32990 | HOT KNIFE EXTRACTOS DIRK YOCAN - LEMON
       | 34360 t2 huerfana $104990 | Puffco Vaporizador Plus - Tornasol
 d= 77 | 33073 t1 huerfana $32990 | HOT KNIFE EXTRACTOS DIRK YOCAN - LILAC
       | 34360 t2 huerfana $104990 | Puffco Vaporizador Plus - Tornasol
 d= 77 | 33091 t1 prod 10548 $9990 | VAPORIZADOR YOCAN FLAT - Negro
       | 34360 t2 huerfana $104990 | Puffco Vaporizador Plus - Tornasol
 d= 78 | 657 t2 prod 10648 $269990 | Vaporizador Puffco Peak 2024
       | 18157 t1 huerfana $350990 | Vaporizador Puffco Peak Canyon
 d= 78 | 657 t2 prod 10648 $269990 | Vaporizador Puffco Peak 2024
       | 31840 t1 huerfana $349990 | New Peak (Color a elección) -Puffco - Canyon
 d= 78 | 12999 t2 prod 10207 $99990 | Puffco Vaporizador Plus
       | 33069 t1 huerfana $32990 | HOT KNIFE EXTRACTOS DIRK YOCAN - Naranjo
 d= 78 | 15715 t3 prod 10214 $66491 | Vaporizador de Hierbas Secas Yocan Hit 2 | PIRANHA
       | 33089 t1 huerfana $9990 | VAPORIZADOR YOCAN FLAT - Rojo
 d= 78 | 15904 t3 prod 10493 $29392 | Yocan Dirk Hot Knife | PIRANHA
       | 34360 t2 huerfana $104990 | Puffco Vaporizador Plus - Tornasol
 d= 78 | 16077 t3 prod 10548 $9891 | Vaporizador para Cartridge Yocan Flat | PIRANHA
       | 34360 t2 huerfana $104990 | Puffco Vaporizador Plus - Tornasol
 d= 78 | 18011 t1 prod 10548 $10990 | VAPORIZADOR YOCAN FLAT
       | 34360 t2 huerfana $104990 | Puffco Vaporizador Plus - Tornasol
 d= 78 | 33069 t1 huerfana $32990 | HOT KNIFE EXTRACTOS DIRK YOCAN - Naranjo
       | 34360 t2 huerfana $104990 | Puffco Vaporizador Plus - Tornasol
 d= 78 | 33088 t1 prod 10548 $9990 | VAPORIZADOR YOCAN FLAT - verde
       | 34372 t2 huerfana $79990 | Puffco Hot Knife - Dabber eléctronico - Pearl
 d= 78 | 33092 t1 prod 10548 $9990 | VAPORIZADOR YOCAN FLAT - Plata
       | 34360 t2 huerfana $104990 | Puffco Vaporizador Plus - Tornasol
 d= 79 | 12999 t2 prod 10207 $99990 | Puffco Vaporizador Plus
       | 33066 t1 huerfana $32990 | HOT KNIFE EXTRACTOS DIRK YOCAN - verde
 d= 79 | 31852 t1 huerfana $71990 | The Hot Knife -Puffco - ONYX
       | 37541 t2 huerfana $5990 | Dabber Calavera - Dorado
 d= 79 | 32810 t1 prod 10679 $65990 | VAPORIZADOR HIERBA SECA VANE- YOCAN - Negro
       | 34372 t2 huerfana $79990 | Puffco Hot Knife - Dabber eléctronico - Pearl
 d= 79 | 33066 t1 huerfana $32990 | HOT KNIFE EXTRACTOS DIRK YOCAN - verde
       | 34360 t2 huerfana $104990 | Puffco Vaporizador Plus - Tornasol
 d= 80 | 31429 t1 prod 10214 $65990 | VAPORIZADOR YOCAN HIT 2 - Negro
       | 34371 t2 huerfana $79990 | Puffco Hot Knife - Dabber eléctronico - Verde
 d= 80 | 33088 t1 prod 10548 $9990 | VAPORIZADOR YOCAN FLAT - verde
       | 34374 t2 huerfana $79990 | Puffco Hot Knife - Dabber eléctronico - Onyx
 d= 81 | 18581 t2 prod 10443 $349990 | Puffco Vaporizador Proxy
       | 31770 t1 huerfana $293990 | Vaporizador Proxy -Puffco - FLOURINSH
 d= 81 | 18585 t2 prod 10433 $104990 | Puffco Peak Pro Glass
       | 31430 t1 huerfana $65990 | VAPORIZADOR YOCAN HIT 2 - Morado
 d= 81 | 31770 t1 huerfana $293990 | Vaporizador Proxy -Puffco - FLOURINSH
       | 34361 t2 prod 10443 $349990 | Puffco Vaporizador Proxy - Negro
 d= 81 | 32916 t1 huerfana $14990 | VAPORIZADOR YOCAN KODO PRO - Naranjo
       | 37826 t2 huerfana $69990 | Vaporizador DaVinci Artiq Cartridge - Grey
 d= 82 | 16068 t3 prod 10521 $14391 | Vaporizador para Cartridge Yocan Kodo Pro | PIRANHA
       | 32811 t1 huerfana $65990 | VAPORIZADOR HIERBA SECA VANE- YOCAN - Amarillo
 d= 83 | 683 t3 prod 10503 $79992 | Vaporizador de Extractos Yocan Pocket | PIRANHA
       | 32809 t1 huerfana $69990 | VAPORIZADOR HIERBA SECA VANE- YOCAN - Blanco
 d= 83 | 683 t3 prod 10503 $79992 | Vaporizador de Extractos Yocan Pocket | PIRANHA
       | 33096 t1 huerfana $94990 | VAPORIZADOR YOCAN POCKET - Rosa
 d= 83 | 16068 t3 prod 10521 $14391 | Vaporizador para Cartridge Yocan Kodo Pro | PIRANHA
       | 31426 t1 huerfana $65990 | VAPORIZADOR YOCAN HIT 2 - verde
 d= 83 | 16077 t3 prod 10548 $9891 | Vaporizador para Cartridge Yocan Flat | PIRANHA
       | 33087 t1 huerfana $9990 | VAPORIZADOR YOCAN FLAT - azul
 d= 83 | 32915 t1 huerfana $14990 | VAPORIZADOR YOCAN KODO PRO - Rojo
       | 34372 t2 huerfana $79990 | Puffco Hot Knife - Dabber eléctronico - Pearl
 d= 83 | 33088 t1 prod 10548 $9990 | VAPORIZADOR YOCAN FLAT - verde
       | 39077 t3 huerfana $9592 | Batería Vaporizador Cartridge Airis V2.0 - Airistech | 
 d= 84 | 16068 t3 prod 10521 $14391 | Vaporizador para Cartridge Yocan Kodo Pro | PIRANHA
       | 32806 t1 huerfana $69990 | VAPORIZADOR HIERBA SECA VANE- YOCAN - azul
 d= 84 | 32915 t1 huerfana $14990 | VAPORIZADOR YOCAN KODO PRO - Rojo
       | 39077 t3 huerfana $9592 | Batería Vaporizador Cartridge Airis V2.0 - Airistech | 
 d= 84 | 32918 t1 huerfana $14990 | VAPORIZADOR YOCAN KODO PRO - Rosa
       | 34374 t2 huerfana $79990 | Puffco Hot Knife - Dabber eléctronico - Onyx
 d= 85 | 683 t3 prod 10503 $79992 | Vaporizador de Extractos Yocan Pocket | PIRANHA
       | 33094 t1 huerfana $94990 | VAPORIZADOR YOCAN POCKET - verde
 d= 85 | 12979 t2 prod 10213 $19990 | BongLab Nectar Collector Torp 18cm
       | 31267 t1 huerfana $19990 | Nectar Collector Mini 17Cm -Bonglab - PSYCO
 d= 85 | 16068 t3 prod 10521 $14391 | Vaporizador para Cartridge Yocan Kodo Pro | PIRANHA
       | 31852 t1 huerfana $71990 | The Hot Knife -Puffco - ONYX
 d= 85 | 16123 t3 prod 10456 $107991 | Puffco Peak Pro 3D Chamber | PIRANHA
       | 34371 t2 huerfana $79990 | Puffco Hot Knife - Dabber eléctronico - Verde
 d= 85 | 31267 t1 huerfana $19990 | Nectar Collector Mini 17Cm -Bonglab - PSYCO
       | 34251 t2 prod 10213 $19990 | BongLab Nectar Collector Torp 18cm - Verde
 d= 85 | 32915 t1 huerfana $14990 | VAPORIZADOR YOCAN KODO PRO - Rojo
       | 34374 t2 huerfana $79990 | Puffco Hot Knife - Dabber eléctronico - Onyx
 d= 87 | 15715 t3 prod 10214 $66491 | Vaporizador de Hierbas Secas Yocan Hit 2 | PIRANHA
       | 32807 t1 huerfana $65990 | VAPORIZADOR HIERBA SECA VANE- YOCAN - verde
 d= 87 | 16068 t3 prod 10521 $14391 | Vaporizador para Cartridge Yocan Kodo Pro | PIRANHA
       | 31427 t1 huerfana $65990 | VAPORIZADOR YOCAN HIT 2 - Blanco
 d= 87 | 18196 t1 huerfana $219990 | Peak Travel Glass Ultraviolet Purple-Puffco
       | 18585 t2 prod 10433 $104990 | Puffco Peak Pro Glass
 d= 87 | 32810 t1 prod 10679 $65990 | VAPORIZADOR HIERBA SECA VANE- YOCAN - Negro
       | 34373 t2 huerfana $79990 | Puffco Hot Knife - Dabber eléctronico - Dessert
 d= 88 | 15715 t3 prod 10214 $66491 | Vaporizador de Hierbas Secas Yocan Hit 2 | PIRANHA
       | 33094 t1 huerfana $94990 | VAPORIZADOR YOCAN POCKET - verde
 d= 88 | 16068 t3 prod 10521 $14391 | Vaporizador para Cartridge Yocan Kodo Pro | PIRANHA
       | 33094 t1 huerfana $94990 | VAPORIZADOR YOCAN POCKET - verde
 d= 88 | 16077 t3 prod 10548 $9891 | Vaporizador para Cartridge Yocan Flat | PIRANHA
       | 32916 t1 huerfana $14990 | VAPORIZADOR YOCAN KODO PRO - Naranjo
 d= 88 | 16123 t3 prod 10456 $107991 | Puffco Peak Pro 3D Chamber | PIRANHA
       | 31430 t1 huerfana $65990 | VAPORIZADOR YOCAN HIT 2 - Morado
 d= 88 | 16160 t3 prod 10652 $34791 | Puffco Peak Pro Joystick Cap | PIRANHA
       | 18202 t1 huerfana $89990 | NEW HOT KNIFE-PUFFCO
 d= 88 | 16160 t3 prod 10652 $34791 | Puffco Peak Pro Joystick Cap | PIRANHA
       | 20269 t2 huerfana $19990 | Puffco Peak 3 Bowl Pack
 d= 88 | 18585 t2 prod 10433 $104990 | Puffco Peak Pro Glass
       | 31427 t1 huerfana $65990 | VAPORIZADOR YOCAN HIT 2 - Blanco
 d= 88 | 20138 t2 prod 10445 $31990 | Blazy Susan Bandeja Rolling Tray Acero Inoxidable
       | 33227 t1 huerfana $31990 | Rolling Tray Acero Inoxidable -Blazy Susan - RAINBOW
 d= 88 | 32918 t1 huerfana $14990 | VAPORIZADOR YOCAN KODO PRO - Rosa
       | 34372 t2 huerfana $79990 | Puffco Hot Knife - Dabber eléctronico - Pearl
 d= 88 | 33227 t1 huerfana $31990 | Rolling Tray Acero Inoxidable -Blazy Susan - RAINBOW
       | 37313 t2 prod 10445 $31990 | Blazy Susan Bandeja Rolling Tray Acero Inoxidable - Mor
 d= 89 | 13000 t2 prod 10312 $79990 | Puffco Hot Knife - Dabber eléctronico
       | 32918 t1 huerfana $14990 | VAPORIZADOR YOCAN KODO PRO - Rosa
 d= 89 | 13000 t2 prod 10312 $79990 | Puffco Hot Knife - Dabber eléctronico
       | 32921 t1 huerfana $14990 | VAPORIZADOR YOCAN KODO PRO - Negro
 d= 89 | 16068 t3 prod 10521 $14391 | Vaporizador para Cartridge Yocan Kodo Pro | PIRANHA
       | 32921 t1 huerfana $14990 | VAPORIZADOR YOCAN KODO PRO - Negro
 d= 89 | 16123 t3 prod 10456 $107991 | Puffco Peak Pro 3D Chamber | PIRANHA
       | 33073 t1 huerfana $32990 | HOT KNIFE EXTRACTOS DIRK YOCAN - LILAC
 d= 89 | 18008 t1 prod 10493 $34990 | HOT KNIFE EXTRACTOS DIRK YOCAN
       | 34359 t2 huerfana $99990 | Puffco Vaporizador Plus - Negro
 d= 89 | 32915 t1 huerfana $14990 | VAPORIZADOR YOCAN KODO PRO - Rojo
       | 34373 t2 huerfana $79990 | Puffco Hot Knife - Dabber eléctronico - Dessert
 d= 89 | 32918 t1 huerfana $14990 | VAPORIZADOR YOCAN KODO PRO - Rosa
       | 34370 t2 huerfana $79990 | Puffco Hot Knife - Dabber eléctronico - Negro
 d= 89 | 32921 t1 huerfana $14990 | VAPORIZADOR YOCAN KODO PRO - Negro
       | 34370 t2 huerfana $79990 | Puffco Hot Knife - Dabber eléctronico - Negro
 d= 89 | 33067 t1 huerfana $32990 | HOT KNIFE EXTRACTOS DIRK YOCAN - IVORY
       | 34359 t2 huerfana $99990 | Puffco Vaporizador Plus - Negro
 d= 90 | 12999 t2 prod 10207 $99990 | Puffco Vaporizador Plus
       | 18202 t1 huerfana $89990 | NEW HOT KNIFE-PUFFCO
 d= 90 | 15904 t3 prod 10493 $29392 | Yocan Dirk Hot Knife | PIRANHA
       | 32915 t1 huerfana $14990 | VAPORIZADOR YOCAN KODO PRO - Rojo
 d= 90 | 18184 t1 prod 10494 $201990 | Vaporizador Pivot Onyx-Puffco
       | 34365 t2 huerfana $174990 | Vaporizador Puffco Pivot - Slate
 d= 90 | 18202 t1 huerfana $89990 | NEW HOT KNIFE-PUFFCO
       | 34360 t2 huerfana $104990 | Puffco Vaporizador Plus - Tornasol
 d= 90 | 33088 t1 prod 10548 $9990 | VAPORIZADOR YOCAN FLAT - verde
       | 34371 t2 huerfana $79990 | Puffco Hot Knife - Dabber eléctronico - Verde
 d= 90 | 33088 t1 prod 10548 $9990 | VAPORIZADOR YOCAN FLAT - verde
       | 34373 t2 huerfana $79990 | Puffco Hot Knife - Dabber eléctronico - Dessert
 d= 91 | 31430 t1 huerfana $65990 | VAPORIZADOR YOCAN HIT 2 - Morado
       | 34371 t2 huerfana $79990 | Puffco Hot Knife - Dabber eléctronico - Verde
 d= 91 | 31430 t1 huerfana $65990 | VAPORIZADOR YOCAN HIT 2 - Morado
       | 34373 t2 huerfana $79990 | Puffco Hot Knife - Dabber eléctronico - Dessert
 d= 91 | 33088 t1 prod 10548 $9990 | VAPORIZADOR YOCAN FLAT - verde
       | 34370 t2 huerfana $79990 | Puffco Hot Knife - Dabber eléctronico - Negro
 d= 92 | 16068 t3 prod 10521 $14391 | Vaporizador para Cartridge Yocan Kodo Pro | PIRANHA
       | 31428 t1 huerfana $65990 | VAPORIZADOR YOCAN HIT 2 - Rosa
 d= 92 | 16068 t3 prod 10521 $14391 | Vaporizador para Cartridge Yocan Kodo Pro | PIRANHA
       | 31430 t1 huerfana $65990 | VAPORIZADOR YOCAN HIT 2 - Morado
 d= 92 | 20301 t2 huerfana $69990 | Vaporizador DaVinci Artiq Cartridge
       | 32810 t1 prod 10679 $65990 | VAPORIZADOR HIERBA SECA VANE- YOCAN - Negro
 d= 92 | 32810 t1 prod 10679 $65990 | VAPORIZADOR HIERBA SECA VANE- YOCAN - Negro
       | 37825 t2 huerfana $69990 | Vaporizador DaVinci Artiq Cartridge - Negro
 d= 93 | 16077 t3 prod 10548 $9891 | Vaporizador para Cartridge Yocan Flat | PIRANHA
       | 32921 t1 huerfana $14990 | VAPORIZADOR YOCAN KODO PRO - Negro
 d= 93 | 16123 t3 prod 10456 $107991 | Puffco Peak Pro 3D Chamber | PIRANHA
       | 31427 t1 huerfana $65990 | VAPORIZADOR YOCAN HIT 2 - Blanco
 d= 93 | 16123 t3 prod 10456 $107991 | Puffco Peak Pro 3D Chamber | PIRANHA
       | 34373 t2 huerfana $79990 | Puffco Hot Knife - Dabber eléctronico - Dessert
 d= 93 | 16160 t3 prod 10652 $34791 | Puffco Peak Pro Joystick Cap | PIRANHA
       | 33073 t1 huerfana $32990 | HOT KNIFE EXTRACTOS DIRK YOCAN - LILAC
 d= 93 | 31429 t1 prod 10214 $65990 | VAPORIZADOR YOCAN HIT 2 - Negro
       | 34370 t2 huerfana $79990 | Puffco Hot Knife - Dabber eléctronico - Negro
 d= 93 | 32810 t1 prod 10679 $65990 | VAPORIZADOR HIERBA SECA VANE- YOCAN - Negro
       | 34374 t2 huerfana $79990 | Puffco Hot Knife - Dabber eléctronico - Onyx
 d= 93 | 32920 t1 huerfana $14990 | VAPORIZADOR YOCAN KODO PRO - Morado
       | 37826 t2 huerfana $69990 | Vaporizador DaVinci Artiq Cartridge - Grey
 d= 94 | 13000 t2 prod 10312 $79990 | Puffco Hot Knife - Dabber eléctronico
       | 32915 t1 huerfana $14990 | VAPORIZADOR YOCAN KODO PRO - Rojo
 d= 94 | 31429 t1 prod 10214 $65990 | VAPORIZADOR YOCAN HIT 2 - Negro
       | 34374 t2 huerfana $79990 | Puffco Hot Knife - Dabber eléctronico - Onyx
 d= 94 | 32810 t1 prod 10679 $65990 | VAPORIZADOR HIERBA SECA VANE- YOCAN - Negro
       | 34370 t2 huerfana $79990 | Puffco Hot Knife - Dabber eléctronico - Negro
 d= 94 | 32915 t1 huerfana $14990 | VAPORIZADOR YOCAN KODO PRO - Rojo
       | 34370 t2 huerfana $79990 | Puffco Hot Knife - Dabber eléctronico - Negro
 d= 94 | 32921 t1 huerfana $14990 | VAPORIZADOR YOCAN KODO PRO - Negro
       | 34374 t2 huerfana $79990 | Puffco Hot Knife - Dabber eléctronico - Onyx
 d= 95 | 11610 t4 prod 10207 $108000 | Puffco Plus | Vaporizador portátil ➤ Growbarato Chile
       | 18175 t1 huerfana $109990 | Vaporizador New Plus White-Puffco
 d= 95 | 15715 t3 prod 10214 $66491 | Vaporizador de Hierbas Secas Yocan Hit 2 | PIRANHA
       | 33087 t1 huerfana $9990 | VAPORIZADOR YOCAN FLAT - azul
 d= 95 | 16068 t3 prod 10521 $14391 | Vaporizador para Cartridge Yocan Kodo Pro | PIRANHA
       | 32807 t1 huerfana $65990 | VAPORIZADOR HIERBA SECA VANE- YOCAN - verde
 d= 95 | 31267 t1 huerfana $19990 | Nectar Collector Mini 17Cm -Bonglab - PSYCO
       | 34252 t2 prod 10213 $19990 | BongLab Nectar Collector Torp 18cm - Azul
 d= 95 | 32810 t1 prod 10679 $65990 | VAPORIZADOR HIERBA SECA VANE- YOCAN - Negro
       | 34371 t2 huerfana $79990 | Puffco Hot Knife - Dabber eléctronico - Verde
 d= 95 | 32915 t1 huerfana $14990 | VAPORIZADOR YOCAN KODO PRO - Rojo
       | 34371 t2 huerfana $79990 | Puffco Hot Knife - Dabber eléctronico - Verde
 d= 95 | 32921 t1 huerfana $14990 | VAPORIZADOR YOCAN KODO PRO - Negro
       | 37541 t2 huerfana $5990 | Dabber Calavera - Dorado
 d= 96 | 12335 t1 prod 10214 $69990 | VAPORIZADOR YOCAN HIT 2
       | 34373 t2 huerfana $79990 | Puffco Hot Knife - Dabber eléctronico - Dessert
 d= 96 | 15715 t3 prod 10214 $66491 | Vaporizador de Hierbas Secas Yocan Hit 2 | PIRANHA
       | 32914 t1 huerfana $14990 | VAPORIZADOR YOCAN KODO PRO - verde
 d= 96 | 16068 t3 prod 10521 $14391 | Vaporizador para Cartridge Yocan Kodo Pro | PIRANHA
       | 33089 t1 huerfana $9990 | VAPORIZADOR YOCAN FLAT - Rojo
 d= 96 | 16123 t3 prod 10456 $107991 | Puffco Peak Pro 3D Chamber | PIRANHA
       | 18202 t1 huerfana $89990 | NEW HOT KNIFE-PUFFCO
 d= 96 | 16162 t3 prod 10443 $34791 | Puffco Proxy Joystick Cap | PIRANHA
       | 34366 t2 huerfana $39990 | Peak Pro Joystick Cap Puffco - Onyx
 d= 96 | 31427 t1 huerfana $65990 | VAPORIZADOR YOCAN HIT 2 - Blanco
       | 34373 t2 huerfana $79990 | Puffco Hot Knife - Dabber eléctronico - Dessert
 d= 96 | 32918 t1 huerfana $14990 | VAPORIZADOR YOCAN KODO PRO - Rosa
       | 34371 t2 huerfana $79990 | Puffco Hot Knife - Dabber eléctronico - Verde
 d= 97 | 16077 t3 prod 10548 $9891 | Vaporizador para Cartridge Yocan Flat | PIRANHA
       | 37826 t2 huerfana $69990 | Vaporizador DaVinci Artiq Cartridge - Grey
 d= 97 | 16123 t3 prod 10456 $107991 | Puffco Peak Pro 3D Chamber | PIRANHA
       | 31852 t1 huerfana $71990 | The Hot Knife -Puffco - ONYX
 d= 97 | 18011 t1 prod 10548 $10990 | VAPORIZADOR YOCAN FLAT
       | 37826 t2 huerfana $69990 | Vaporizador DaVinci Artiq Cartridge - Grey
 d= 97 | 32920 t1 huerfana $14990 | VAPORIZADOR YOCAN KODO PRO - Morado
       | 37527 t2 huerfana $24990 | Calvo Batería Hide Cartridge 510 - Rosado
 d= 97 | 33092 t1 prod 10548 $9990 | VAPORIZADOR YOCAN FLAT - Plata
       | 37826 t2 huerfana $69990 | Vaporizador DaVinci Artiq Cartridge - Grey
 d= 98 | 15715 t3 prod 10214 $66491 | Vaporizador de Hierbas Secas Yocan Hit 2 | PIRANHA
       | 33090 t1 huerfana $9990 | VAPORIZADOR YOCAN FLAT - Morado
 d= 98 | 16123 t3 prod 10456 $107991 | Puffco Peak Pro 3D Chamber | PIRANHA
       | 34370 t2 huerfana $79990 | Puffco Hot Knife - Dabber eléctronico - Negro
 d= 98 | 31429 t1 prod 10214 $65990 | VAPORIZADOR YOCAN HIT 2 - Negro
       | 34373 t2 huerfana $79990 | Puffco Hot Knife - Dabber eléctronico - Dessert
 d= 98 | 32918 t1 huerfana $14990 | VAPORIZADOR YOCAN KODO PRO - Rosa
       | 34355 t2 prod 10653 $539990 | Puffco Vaporizador New Peak Pro + Chamber 3D XL - Onyx
 d= 98 | 32918 t1 huerfana $14990 | VAPORIZADOR YOCAN KODO PRO - Rosa
       | 34373 t2 huerfana $79990 | Puffco Hot Knife - Dabber eléctronico - Dessert
 d= 98 | 32921 t1 huerfana $14990 | VAPORIZADOR YOCAN KODO PRO - Negro
       | 34372 t2 huerfana $79990 | Puffco Hot Knife - Dabber eléctronico - Pearl
 d= 98 | 32921 t1 huerfana $14990 | VAPORIZADOR YOCAN KODO PRO - Negro
       | 34373 t2 huerfana $79990 | Puffco Hot Knife - Dabber eléctronico - Dessert
 d= 98 | 34359 t2 huerfana $99990 | Puffco Vaporizador Plus - Negro
       | 39077 t3 huerfana $9592 | Batería Vaporizador Cartridge Airis V2.0 - Airistech | 
 d= 99 | 16123 t3 prod 10456 $107991 | Puffco Peak Pro 3D Chamber | PIRANHA
       | 32918 t1 huerfana $14990 | VAPORIZADOR YOCAN KODO PRO - Rosa
 d= 99 | 16123 t3 prod 10456 $107991 | Puffco Peak Pro 3D Chamber | PIRANHA
       | 34372 t2 huerfana $79990 | Puffco Hot Knife - Dabber eléctronico - Pearl
 d= 99 | 16160 t3 prod 10652 $34791 | Puffco Peak Pro Joystick Cap | PIRANHA
       | 34371 t2 huerfana $79990 | Puffco Hot Knife - Dabber eléctronico - Verde
 d= 99 | 17931 t1 prod 10521 $15990 | VAPORIZADOR YOCAN KODO PRO
       | 37826 t2 huerfana $69990 | Vaporizador DaVinci Artiq Cartridge - Grey
 d= 99 | 20269 t2 huerfana $19990 | Puffco Peak 3 Bowl Pack
       | 33073 t1 huerfana $32990 | HOT KNIFE EXTRACTOS DIRK YOCAN - LILAC
 d= 99 | 32915 t1 huerfana $14990 | VAPORIZADOR YOCAN KODO PRO - Rojo
       | 37826 t2 huerfana $69990 | Vaporizador DaVinci Artiq Cartridge - Grey
 d= 99 | 32917 t1 huerfana $14990 | VAPORIZADOR YOCAN KODO PRO - Blanco
       | 37826 t2 huerfana $69990 | Vaporizador DaVinci Artiq Cartridge - Grey
 d= 99 | 32918 t1 huerfana $14990 | VAPORIZADOR YOCAN KODO PRO - Rosa
       | 39077 t3 huerfana $9592 | Batería Vaporizador Cartridge Airis V2.0 - Airistech | 
 d= 99 | 33066 t1 huerfana $32990 | HOT KNIFE EXTRACTOS DIRK YOCAN - verde
       | 34359 t2 huerfana $99990 | Puffco Vaporizador Plus - Negro
 d= 99 | 37826 t2 huerfana $69990 | Vaporizador DaVinci Artiq Cartridge - Grey
       | 39077 t3 huerfana $9592 | Batería Vaporizador Cartridge Airis V2.0 - Airistech | 
 d=100 | 12335 t1 prod 10214 $69990 | VAPORIZADOR YOCAN HIT 2
       | 34371 t2 huerfana $79990 | Puffco Hot Knife - Dabber eléctronico - Verde
 d=100 | 16077 t3 prod 10548 $9891 | Vaporizador para Cartridge Yocan Flat | PIRANHA
       | 31430 t1 huerfana $65990 | VAPORIZADOR YOCAN HIT 2 - Morado
 d=100 | 16077 t3 prod 10548 $9891 | Vaporizador para Cartridge Yocan Flat | PIRANHA
       | 33090 t1 huerfana $9990 | VAPORIZADOR YOCAN FLAT - Morado
 d=100 | 16160 t3 prod 10652 $34791 | Puffco Peak Pro Joystick Cap | PIRANHA
       | 31430 t1 huerfana $65990 | VAPORIZADOR YOCAN HIT 2 - Morado
 d=100 | 16162 t3 prod 10443 $34791 | Puffco Proxy Joystick Cap | PIRANHA
       | 20269 t2 huerfana $19990 | Puffco Peak 3 Bowl Pack
 d=100 | 20269 t2 huerfana $19990 | Puffco Peak 3 Bowl Pack
       | 39077 t3 huerfana $9592 | Batería Vaporizador Cartridge Airis V2.0 - Airistech | 
 d=100 | 31427 t1 huerfana $65990 | VAPORIZADOR YOCAN HIT 2 - Blanco
       | 34371 t2 huerfana $79990 | Puffco Hot Knife - Dabber eléctronico - Verde
 d=100 | 31430 t1 huerfana $65990 | VAPORIZADOR YOCAN HIT 2 - Morado
       | 39077 t3 huerfana $9592 | Batería Vaporizador Cartridge Airis V2.0 - Airistech | 
 d=100 | 32810 t1 prod 10679 $65990 | VAPORIZADOR HIERBA SECA VANE- YOCAN - Negro
       | 39077 t3 huerfana $9592 | Batería Vaporizador Cartridge Airis V2.0 - Airistech | 
 d=100 | 32921 t1 huerfana $14990 | VAPORIZADOR YOCAN KODO PRO - Negro
       | 34371 t2 huerfana $79990 | Puffco Hot Knife - Dabber eléctronico - Verde
 d=100 | 33087 t1 huerfana $9990 | VAPORIZADOR YOCAN FLAT - azul
       | 34372 t2 huerfana $79990 | Puffco Hot Knife - Dabber eléctronico - Pearl
 d=100 | 33087 t1 huerfana $9990 | VAPORIZADOR YOCAN FLAT - azul
       | 34374 t2 huerfana $79990 | Puffco Hot Knife - Dabber eléctronico - Onyx
 d=101 | 657 t2 prod 10648 $269990 | Vaporizador Puffco Peak 2024
       | 31841 t1 huerfana $314990 | New Peak (Color a elección) -Puffco - Sky
 d=101 | 16068 t3 prod 10521 $14391 | Vaporizador para Cartridge Yocan Kodo Pro | PIRANHA
       | 33087 t1 huerfana $9990 | VAPORIZADOR YOCAN FLAT - azul
 d=101 | 16123 t3 prod 10456 $107991 | Puffco Peak Pro 3D Chamber | PIRANHA
       | 34374 t2 huerfana $79990 | Puffco Hot Knife - Dabber eléctronico - Onyx
 d=101 | 16160 t3 prod 10652 $34791 | Puffco Peak Pro Joystick Cap | PIRANHA
       | 34373 t2 huerfana $79990 | Puffco Hot Knife - Dabber eléctronico - Dessert
 d=101 | 16160 t3 prod 10652 $34791 | Puffco Peak Pro Joystick Cap | PIRANHA
       | 34374 t2 huerfana $79990 | Puffco Hot Knife - Dabber eléctronico - Onyx
 d=101 | 31430 t1 huerfana $65990 | VAPORIZADOR YOCAN HIT 2 - Morado
       | 34372 t2 huerfana $79990 | Puffco Hot Knife - Dabber eléctronico - Pearl
 d=101 | 32916 t1 huerfana $14990 | VAPORIZADOR YOCAN KODO PRO - Naranjo
       | 34374 t2 huerfana $79990 | Puffco Hot Knife - Dabber eléctronico - Onyx
 d=101 | 32916 t1 huerfana $14990 | VAPORIZADOR YOCAN KODO PRO - Naranjo
       | 37527 t2 huerfana $24990 | Calvo Batería Hide Cartridge 510 - Rosado
 d=101 | 32919 t1 huerfana $14990 | VAPORIZADOR YOCAN KODO PRO - Verde azulado
       | 37826 t2 huerfana $69990 | Vaporizador DaVinci Artiq Cartridge - Grey
 d=101 | 33088 t1 prod 10548 $9990 | VAPORIZADOR YOCAN FLAT - verde
       | 34360 t2 huerfana $104990 | Puffco Vaporizador Plus - Tornasol
 d=101 | 33090 t1 huerfana $9990 | VAPORIZADOR YOCAN FLAT - Morado
       | 34372 t2 huerfana $79990 | Puffco Hot Knife - Dabber eléctronico - Pearl
 d=102 | 11554 t4 huerfana $3300 | Dabber Espátula Lecron Acero Inoxidable | Herramienta p
       | 16160 t3 prod 10652 $34791 | Puffco Peak Pro Joystick Cap | PIRANHA
 d=102 | 15904 t3 prod 10493 $29392 | Yocan Dirk Hot Knife | PIRANHA
       | 34359 t2 huerfana $99990 | Puffco Vaporizador Plus - Negro
 d=102 | 16123 t3 prod 10456 $107991 | Puffco Peak Pro 3D Chamber | PIRANHA
       | 31428 t1 huerfana $65990 | VAPORIZADOR YOCAN HIT 2 - Rosa
 d=102 | 16160 t3 prod 10652 $34791 | Puffco Peak Pro Joystick Cap | PIRANHA
       | 37541 t2 huerfana $5990 | Dabber Calavera - Dorado
 d=102 | 18581 t2 prod 10443 $349990 | Puffco Vaporizador Proxy
       | 31769 t1 huerfana $293990 | Vaporizador Proxy -Puffco - DESSERT
 d=102 | 18585 t2 prod 10433 $104990 | Puffco Peak Pro Glass
       | 31426 t1 huerfana $65990 | VAPORIZADOR YOCAN HIT 2 - verde
 d=102 | 18585 t2 prod 10433 $104990 | Puffco Peak Pro Glass
       | 32918 t1 huerfana $14990 | VAPORIZADOR YOCAN KODO PRO - Rosa
 d=102 | 31769 t1 huerfana $293990 | Vaporizador Proxy -Puffco - DESSERT
       | 34361 t2 prod 10443 $349990 | Puffco Vaporizador Proxy - Negro
 d=102 | 31769 t1 huerfana $293990 | Vaporizador Proxy -Puffco - DESSERT
       | 34362 t2 prod 10662 $349990 | Puffco Vaporizador Proxy - Storm
 d=102 | 32914 t1 huerfana $14990 | VAPORIZADOR YOCAN KODO PRO - verde
       | 37541 t2 huerfana $5990 | Dabber Calavera - Dorado
 d=102 | 33068 t1 huerfana $32990 | HOT KNIFE EXTRACTOS DIRK YOCAN - CARMINE
       | 34359 t2 huerfana $99990 | Puffco Vaporizador Plus - Negro
 d=102 | 33069 t1 huerfana $32990 | HOT KNIFE EXTRACTOS DIRK YOCAN - Naranjo
       | 34359 t2 huerfana $99990 | Puffco Vaporizador Plus - Negro
 d=102 | 33070 t1 huerfana $34990 | HOT KNIFE EXTRACTOS DIRK YOCAN - Negro
       | 34359 t2 huerfana $99990 | Puffco Vaporizador Plus - Negro
 d=102 | 33072 t1 huerfana $32990 | HOT KNIFE EXTRACTOS DIRK YOCAN - TURQOISE
       | 34359 t2 huerfana $99990 | Puffco Vaporizador Plus - Negro
 d=103 | 2481 t2 prod 10649 $459990 | Puffco Vaporizador Peak Pro
       | 31852 t1 huerfana $71990 | The Hot Knife -Puffco - ONYX
 d=103 | 12335 t1 prod 10214 $69990 | VAPORIZADOR YOCAN HIT 2
       | 39077 t3 huerfana $9592 | Batería Vaporizador Cartridge Airis V2.0 - Airistech | 
 d=103 | 15904 t3 prod 10493 $29392 | Yocan Dirk Hot Knife | PIRANHA
       | 32918 t1 huerfana $14990 | VAPORIZADOR YOCAN KODO PRO - Rosa
 d=103 | 16077 t3 prod 10548 $9891 | Vaporizador para Cartridge Yocan Flat | PIRANHA
       | 31425 t1 huerfana $65990 | VAPORIZADOR YOCAN HIT 2 - azul
 d=103 | 16123 t3 prod 10456 $107991 | Puffco Peak Pro 3D Chamber | PIRANHA
       | 31426 t1 huerfana $65990 | VAPORIZADOR YOCAN HIT 2 - verde
 d=103 | 16160 t3 prod 10652 $34791 | Puffco Peak Pro Joystick Cap | PIRANHA
       | 31427 t1 huerfana $65990 | VAPORIZADOR YOCAN HIT 2 - Blanco
 d=103 | 16160 t3 prod 10652 $34791 | Puffco Peak Pro Joystick Cap | PIRANHA
       | 32918 t1 huerfana $14990 | VAPORIZADOR YOCAN KODO PRO - Rosa
 d=103 | 16160 t3 prod 10652 $34791 | Puffco Peak Pro Joystick Cap | PIRANHA
       | 34372 t2 huerfana $79990 | Puffco Hot Knife - Dabber eléctronico - Pearl
 d=103 | 18585 t2 prod 10433 $104990 | Puffco Peak Pro Glass
       | 33070 t1 huerfana $34990 | HOT KNIFE EXTRACTOS DIRK YOCAN - Negro
 d=103 | 20269 t2 huerfana $19990 | Puffco Peak 3 Bowl Pack
       | 32918 t1 huerfana $14990 | VAPORIZADOR YOCAN KODO PRO - Rosa
 d=103 | 20269 t2 huerfana $19990 | Puffco Peak 3 Bowl Pack
       | 33091 t1 prod 10548 $9990 | VAPORIZADOR YOCAN FLAT - Negro
 d=103 | 31427 t1 huerfana $65990 | VAPORIZADOR YOCAN HIT 2 - Blanco
       | 39077 t3 huerfana $9592 | Batería Vaporizador Cartridge Airis V2.0 - Airistech | 
 d=103 | 31429 t1 prod 10214 $65990 | VAPORIZADOR YOCAN HIT 2 - Negro
       | 39077 t3 huerfana $9592 | Batería Vaporizador Cartridge Airis V2.0 - Airistech | 
 d=103 | 31430 t1 huerfana $65990 | VAPORIZADOR YOCAN HIT 2 - Morado
       | 34374 t2 huerfana $79990 | Puffco Hot Knife - Dabber eléctronico - Onyx
 d=103 | 33065 t1 huerfana $32990 | HOT KNIFE EXTRACTOS DIRK YOCAN - azul
       | 34359 t2 huerfana $99990 | Puffco Vaporizador Plus - Negro
 d=103 | 33071 t1 huerfana $32990 | HOT KNIFE EXTRACTOS DIRK YOCAN - LEMON
       | 34359 t2 huerfana $99990 | Puffco Vaporizador Plus - Negro
 d=104 | 13000 t2 prod 10312 $79990 | Puffco Hot Knife - Dabber eléctronico
       | 31430 t1 huerfana $65990 | VAPORIZADOR YOCAN HIT 2 - Morado
 d=104 | 16068 t3 prod 10521 $14391 | Vaporizador para Cartridge Yocan Kodo Pro | PIRANHA
       | 32809 t1 huerfana $69990 | VAPORIZADOR HIERBA SECA VANE- YOCAN - Blanco
 d=104 | 16162 t3 prod 10443 $34791 | Puffco Proxy Joystick Cap | PIRANHA
       | 18202 t1 huerfana $89990 | NEW HOT KNIFE-PUFFCO
 d=104 | 18202 t1 huerfana $89990 | NEW HOT KNIFE-PUFFCO
       | 20269 t2 huerfana $19990 | Puffco Peak 3 Bowl Pack
 d=104 | 20301 t2 huerfana $69990 | Vaporizador DaVinci Artiq Cartridge
       | 32916 t1 huerfana $14990 | VAPORIZADOR YOCAN KODO PRO - Naranjo
 d=104 | 31430 t1 huerfana $65990 | VAPORIZADOR YOCAN HIT 2 - Morado
       | 34370 t2 huerfana $79990 | Puffco Hot Knife - Dabber eléctronico - Negro
 d=104 | 31852 t1 huerfana $71990 | The Hot Knife -Puffco - ONYX
       | 34371 t2 huerfana $79990 | Puffco Hot Knife - Dabber eléctronico - Verde
 d=104 | 32916 t1 huerfana $14990 | VAPORIZADOR YOCAN KODO PRO - Naranjo
       | 37825 t2 huerfana $69990 | Vaporizador DaVinci Artiq Cartridge - Negro
 d=104 | 32916 t1 huerfana $14990 | VAPORIZADOR YOCAN KODO PRO - Naranjo
       | 39077 t3 huerfana $9592 | Batería Vaporizador Cartridge Airis V2.0 - Airistech | 
 d=104 | 33073 t1 huerfana $32990 | HOT KNIFE EXTRACTOS DIRK YOCAN - LILAC
       | 37826 t2 huerfana $69990 | Vaporizador DaVinci Artiq Cartridge - Grey
 d=104 | 33091 t1 prod 10548 $9990 | VAPORIZADOR YOCAN FLAT - Negro
       | 37826 t2 huerfana $69990 | Vaporizador DaVinci Artiq Cartridge - Grey
 d=104 | 33093 t1 prod 10503 $94990 | VAPORIZADOR YOCAN POCKET - azul
       | 34371 t2 huerfana $79990 | Puffco Hot Knife - Dabber eléctronico - Verde
 d=104 | 33097 t1 prod 10503 $94990 | VAPORIZADOR YOCAN POCKET - Negro
       | 34371 t2 huerfana $79990 | Puffco Hot Knife - Dabber eléctronico - Verde
 d=105 | 16077 t3 prod 10548 $9891 | Vaporizador para Cartridge Yocan Flat | PIRANHA
       | 31426 t1 huerfana $65990 | VAPORIZADOR YOCAN HIT 2 - verde
 d=105 | 16077 t3 prod 10548 $9891 | Vaporizador para Cartridge Yocan Flat | PIRANHA
       | 31427 t1 huerfana $65990 | VAPORIZADOR YOCAN HIT 2 - Blanco
 d=105 | 16160 t3 prod 10652 $34791 | Puffco Peak Pro Joystick Cap | PIRANHA
       | 31426 t1 huerfana $65990 | VAPORIZADOR YOCAN HIT 2 - verde
 d=105 | 16160 t3 prod 10652 $34791 | Puffco Peak Pro Joystick Cap | PIRANHA
       | 31852 t1 huerfana $71990 | The Hot Knife -Puffco - ONYX
 d=105 | 16160 t3 prod 10652 $34791 | Puffco Peak Pro Joystick Cap | PIRANHA
       | 32921 t1 huerfana $14990 | VAPORIZADOR YOCAN KODO PRO - Negro
 d=105 | 18183 t1 prod 10494 $201990 | Vaporizador Pivot Mocha-Puffco
       | 34365 t2 huerfana $174990 | Vaporizador Puffco Pivot - Slate
 d=105 | 32915 t1 huerfana $14990 | VAPORIZADOR YOCAN KODO PRO - Rojo
       | 37527 t2 huerfana $24990 | Calvo Batería Hide Cartridge 510 - Rosado
 d=105 | 32916 t1 huerfana $14990 | VAPORIZADOR YOCAN KODO PRO - Naranjo
       | 34355 t2 prod 10653 $539990 | Puffco Vaporizador New Peak Pro + Chamber 3D XL - Onyx
 d=105 | 32916 t1 huerfana $14990 | VAPORIZADOR YOCAN KODO PRO - Naranjo
       | 34372 t2 huerfana $79990 | Puffco Hot Knife - Dabber eléctronico - Pearl
 d=105 | 32916 t1 huerfana $14990 | VAPORIZADOR YOCAN KODO PRO - Naranjo
       | 34373 t2 huerfana $79990 | Puffco Hot Knife - Dabber eléctronico - Dessert
 d=106 | 683 t3 prod 10503 $79992 | Vaporizador de Extractos Yocan Pocket | PIRANHA
       | 31425 t1 huerfana $65990 | VAPORIZADOR YOCAN HIT 2 - azul
 d=106 | 12335 t1 prod 10214 $69990 | VAPORIZADOR YOCAN HIT 2
       | 34372 t2 huerfana $79990 | Puffco Hot Knife - Dabber eléctronico - Pearl
 d=106 | 16077 t3 prod 10548 $9891 | Vaporizador para Cartridge Yocan Flat | PIRANHA
       | 20269 t2 huerfana $19990 | Puffco Peak 3 Bowl Pack
 d=106 | 16160 t3 prod 10652 $34791 | Puffco Peak Pro Joystick Cap | PIRANHA
       | 33068 t1 huerfana $32990 | HOT KNIFE EXTRACTOS DIRK YOCAN - CARMINE
 d=106 | 17931 t1 prod 10521 $15990 | VAPORIZADOR YOCAN KODO PRO
       | 20301 t2 huerfana $69990 | Vaporizador DaVinci Artiq Cartridge
 d=106 | 17931 t1 prod 10521 $15990 | VAPORIZADOR YOCAN KODO PRO
       | 37825 t2 huerfana $69990 | Vaporizador DaVinci Artiq Cartridge - Negro
 d=106 | 18011 t1 prod 10548 $10990 | VAPORIZADOR YOCAN FLAT
       | 20269 t2 huerfana $19990 | Puffco Peak 3 Bowl Pack
 d=106 | 18202 t1 huerfana $89990 | NEW HOT KNIFE-PUFFCO
       | 34359 t2 huerfana $99990 | Puffco Vaporizador Plus - Negro
 d=106 | 18584 t2 prod 10449 $29990 | Puffco Peak Pro Ball Cap
       | 33073 t1 huerfana $32990 | HOT KNIFE EXTRACTOS DIRK YOCAN - LILAC
 d=106 | 18585 t2 prod 10433 $104990 | Puffco Peak Pro Glass
       | 33067 t1 huerfana $32990 | HOT KNIFE EXTRACTOS DIRK YOCAN - IVORY
 d=106 | 18585 t2 prod 10433 $104990 | Puffco Peak Pro Glass
       | 33073 t1 huerfana $32990 | HOT KNIFE EXTRACTOS DIRK YOCAN - LILAC
 d=106 | 20269 t2 huerfana $19990 | Puffco Peak 3 Bowl Pack
       | 33092 t1 prod 10548 $9990 | VAPORIZADOR YOCAN FLAT - Plata
 d=106 | 20301 t2 huerfana $69990 | Vaporizador DaVinci Artiq Cartridge
       | 32917 t1 huerfana $14990 | VAPORIZADOR YOCAN KODO PRO - Blanco
 d=106 | 20301 t2 huerfana $69990 | Vaporizador DaVinci Artiq Cartridge
       | 32920 t1 huerfana $14990 | VAPORIZADOR YOCAN KODO PRO - Morado
 d=106 | 31427 t1 huerfana $65990 | VAPORIZADOR YOCAN HIT 2 - Blanco
       | 34372 t2 huerfana $79990 | Puffco Hot Knife - Dabber eléctronico - Pearl
 d=106 | 32917 t1 huerfana $14990 | VAPORIZADOR YOCAN KODO PRO - Blanco
       | 37825 t2 huerfana $69990 | Vaporizador DaVinci Artiq Cartridge - Negro
 d=106 | 32918 t1 huerfana $14990 | VAPORIZADOR YOCAN KODO PRO - Rosa
       | 37826 t2 huerfana $69990 | Vaporizador DaVinci Artiq Cartridge - Grey
 d=106 | 32920 t1 huerfana $14990 | VAPORIZADOR YOCAN KODO PRO - Morado
       | 37825 t2 huerfana $69990 | Vaporizador DaVinci Artiq Cartridge - Negro
 d=106 | 33090 t1 huerfana $9990 | VAPORIZADOR YOCAN FLAT - Morado
       | 39077 t3 huerfana $9592 | Batería Vaporizador Cartridge Airis V2.0 - Airistech | 
 d=107 | 3203 t4 prod 10614 $4500 | Dual Dabbers Classic Bongalab - GB The Green Brand
       | 19943 t2 huerfana $5990 | Pulsar Dabber Doble
 d=107 | 11554 t4 huerfana $3300 | Dabber Espátula Lecron Acero Inoxidable | Herramienta p
       | 18153 t1 huerfana $159990 | Accesorio Extractos New Proxy Wizard Haze-Puffco
 d=107 | 15904 t3 prod 10493 $29392 | Yocan Dirk Hot Knife | PIRANHA
       | 33087 t1 huerfana $9990 | VAPORIZADOR YOCAN FLAT - azul
 d=107 | 16123 t3 prod 10456 $107991 | Puffco Peak Pro 3D Chamber | PIRANHA
       | 32921 t1 huerfana $14990 | VAPORIZADOR YOCAN KODO PRO - Negro
 d=107 | 18202 t1 huerfana $89990 | NEW HOT KNIFE-PUFFCO
       | 18584 t2 prod 10449 $29990 | Puffco Peak Pro Ball Cap
 d=107 | 18585 t2 prod 10433 $104990 | Puffco Peak Pro Glass
       | 31428 t1 huerfana $65990 | VAPORIZADOR YOCAN HIT 2 - Rosa
 d=107 | 32915 t1 huerfana $14990 | VAPORIZADOR YOCAN KODO PRO - Rojo
       | 34355 t2 prod 10653 $539990 | Puffco Vaporizador New Peak Pro + Chamber 3D XL - Onyx
 d=107 | 32916 t1 huerfana $14990 | VAPORIZADOR YOCAN KODO PRO - Naranjo
       | 34371 t2 huerfana $79990 | Puffco Hot Knife - Dabber eléctronico - Verde
 d=107 | 33068 t1 huerfana $32990 | HOT KNIFE EXTRACTOS DIRK YOCAN - CARMINE
       | 37826 t2 huerfana $69990 | Vaporizador DaVinci Artiq Cartridge - Grey
 d=107 | 33070 t1 huerfana $34990 | HOT KNIFE EXTRACTOS DIRK YOCAN - Negro
       | 37826 t2 huerfana $69990 | Vaporizador DaVinci Artiq Cartridge - Grey
 d=107 | 33087 t1 huerfana $9990 | VAPORIZADOR YOCAN FLAT - azul
       | 39077 t3 huerfana $9592 | Batería Vaporizador Cartridge Airis V2.0 - Airistech | 
 d=107 | 33090 t1 huerfana $9990 | VAPORIZADOR YOCAN FLAT - Morado
       | 34374 t2 huerfana $79990 | Puffco Hot Knife - Dabber eléctronico - Onyx
 d=108 | 12999 t2 prod 10207 $99990 | Puffco Vaporizador Plus
       | 32915 t1 huerfana $14990 | VAPORIZADOR YOCAN KODO PRO - Rojo
 d=108 | 15904 t3 prod 10493 $29392 | Yocan Dirk Hot Knife | PIRANHA
       | 33090 t1 huerfana $9990 | VAPORIZADOR YOCAN FLAT - Morado
 d=108 | 16068 t3 prod 10521 $14391 | Vaporizador para Cartridge Yocan Kodo Pro | PIRANHA
       | 32915 t1 huerfana $14990 | VAPORIZADOR YOCAN KODO PRO - Rojo
 d=108 | 16068 t3 prod 10521 $14391 | Vaporizador para Cartridge Yocan Kodo Pro | PIRANHA
       | 32916 t1 huerfana $14990 | VAPORIZADOR YOCAN KODO PRO - Naranjo
 d=108 | 16077 t3 prod 10548 $9891 | Vaporizador para Cartridge Yocan Flat | PIRANHA
       | 31428 t1 huerfana $65990 | VAPORIZADOR YOCAN HIT 2 - Rosa
 d=108 | 16077 t3 prod 10548 $9891 | Vaporizador para Cartridge Yocan Flat | PIRANHA
       | 34359 t2 huerfana $99990 | Puffco Vaporizador Plus - Negro
 d=108 | 16123 t3 prod 10456 $107991 | Puffco Peak Pro 3D Chamber | PIRANHA
       | 18196 t1 huerfana $219990 | Peak Travel Glass Ultraviolet Purple-Puffco
 d=108 | 16123 t3 prod 10456 $107991 | Puffco Peak Pro 3D Chamber | PIRANHA
       | 33096 t1 huerfana $94990 | VAPORIZADOR YOCAN POCKET - Rosa
 d=108 | 16160 t3 prod 10652 $34791 | Puffco Peak Pro Joystick Cap | PIRANHA
       | 32914 t1 huerfana $14990 | VAPORIZADOR YOCAN KODO PRO - verde
 d=108 | 16160 t3 prod 10652 $34791 | Puffco Peak Pro Joystick Cap | PIRANHA
       | 34366 t2 huerfana $39990 | Peak Pro Joystick Cap Puffco - Onyx
 d=108 | 16160 t3 prod 10652 $34791 | Puffco Peak Pro Joystick Cap | PIRANHA
       | 34370 t2 huerfana $79990 | Puffco Hot Knife - Dabber eléctronico - Negro
 d=108 | 18011 t1 prod 10548 $10990 | VAPORIZADOR YOCAN FLAT
       | 34359 t2 huerfana $99990 | Puffco Vaporizador Plus - Negro
 d=108 | 18585 t2 prod 10433 $104990 | Puffco Peak Pro Glass
       | 31852 t1 huerfana $71990 | The Hot Knife -Puffco - ONYX
 d=108 | 18585 t2 prod 10433 $104990 | Puffco Peak Pro Glass
       | 32921 t1 huerfana $14990 | VAPORIZADOR YOCAN KODO PRO - Negro
 d=108 | 20269 t2 huerfana $19990 | Puffco Peak 3 Bowl Pack
       | 31430 t1 huerfana $65990 | VAPORIZADOR YOCAN HIT 2 - Morado
 d=108 | 31429 t1 prod 10214 $65990 | VAPORIZADOR YOCAN HIT 2 - Negro
       | 34372 t2 huerfana $79990 | Puffco Hot Knife - Dabber eléctronico - Pearl
 d=108 | 32914 t1 huerfana $14990 | VAPORIZADOR YOCAN KODO PRO - verde
       | 34367 t2 prod 10652 $39990 | Peak Pro Joystick Cap Puffco - Pearl
 d=108 | 32915 t1 huerfana $14990 | VAPORIZADOR YOCAN KODO PRO - Rojo
       | 34360 t2 huerfana $104990 | Puffco Vaporizador Plus - Tornasol
 d=108 | 33092 t1 prod 10548 $9990 | VAPORIZADOR YOCAN FLAT - Plata
       | 34359 t2 huerfana $99990 | Puffco Vaporizador Plus - Negro
 d=109 | 12999 t2 prod 10207 $99990 | Puffco Vaporizador Plus
       | 33087 t1 huerfana $9990 | VAPORIZADOR YOCAN FLAT - azul
 d=109 | 13000 t2 prod 10312 $79990 | Puffco Hot Knife - Dabber eléctronico
       | 33087 t1 huerfana $9990 | VAPORIZADOR YOCAN FLAT - azul
 d=109 | 16123 t3 prod 10456 $107991 | Puffco Peak Pro 3D Chamber | PIRANHA
       | 33087 t1 huerfana $9990 | VAPORIZADOR YOCAN FLAT - azul
 d=109 | 16160 t3 prod 10652 $34791 | Puffco Peak Pro Joystick Cap | PIRANHA
       | 33065 t1 huerfana $32990 | HOT KNIFE EXTRACTOS DIRK YOCAN - azul
 d=109 | 18202 t1 huerfana $89990 | NEW HOT KNIFE-PUFFCO
       | 18585 t2 prod 10433 $104990 | Puffco Peak Pro Glass
 d=109 | 33087 t1 huerfana $9990 | VAPORIZADOR YOCAN FLAT - azul
       | 34360 t2 huerfana $104990 | Puffco Vaporizador Plus - Tornasol
 d=109 | 33087 t1 huerfana $9990 | VAPORIZADOR YOCAN FLAT - azul
       | 34370 t2 huerfana $79990 | Puffco Hot Knife - Dabber eléctronico - Negro
 d=109 | 33091 t1 prod 10548 $9990 | VAPORIZADOR YOCAN FLAT - Negro
       | 37541 t2 huerfana $5990 | Dabber Calavera - Dorado
 d=110 | 683 t3 prod 10503 $79992 | Vaporizador de Extractos Yocan Pocket | PIRANHA
       | 34373 t2 huerfana $79990 | Puffco Hot Knife - Dabber eléctronico - Dessert
 d=110 | 2481 t2 prod 10649 $459990 | Puffco Vaporizador Peak Pro
       | 31428 t1 huerfana $65990 | VAPORIZADOR YOCAN HIT 2 - Rosa
 d=110 | 12999 t2 prod 10207 $99990 | Puffco Vaporizador Plus
       | 33090 t1 huerfana $9990 | VAPORIZADOR YOCAN FLAT - Morado
 d=110 | 16123 t3 prod 10456 $107991 | Puffco Peak Pro 3D Chamber | PIRANHA
       | 33068 t1 huerfana $32990 | HOT KNIFE EXTRACTOS DIRK YOCAN - CARMINE
 d=110 | 16160 t3 prod 10652 $34791 | Puffco Peak Pro Joystick Cap | PIRANHA
       | 33070 t1 huerfana $34990 | HOT KNIFE EXTRACTOS DIRK YOCAN - Negro
 d=110 | 16160 t3 prod 10652 $34791 | Puffco Peak Pro Joystick Cap | PIRANHA
       | 33072 t1 huerfana $32990 | HOT KNIFE EXTRACTOS DIRK YOCAN - TURQOISE
 d=110 | 18012 t1 prod 10503 $99990 | VAPORIZADOR YOCAN POCKET
       | 34373 t2 huerfana $79990 | Puffco Hot Knife - Dabber eléctronico - Dessert
 d=110 | 20269 t2 huerfana $19990 | Puffco Peak 3 Bowl Pack
       | 33070 t1 huerfana $34990 | HOT KNIFE EXTRACTOS DIRK YOCAN - Negro
 d=110 | 20301 t2 huerfana $69990 | Vaporizador DaVinci Artiq Cartridge
       | 39077 t3 huerfana $9592 | Batería Vaporizador Cartridge Airis V2.0 - Airistech | 
 d=110 | 31426 t1 huerfana $65990 | VAPORIZADOR YOCAN HIT 2 - verde
       | 34371 t2 huerfana $79990 | Puffco Hot Knife - Dabber eléctronico - Verde
 d=110 | 31430 t1 huerfana $65990 | VAPORIZADOR YOCAN HIT 2 - Morado
       | 37541 t2 huerfana $5990 | Dabber Calavera - Dorado
 d=110 | 33065 t1 huerfana $32990 | HOT KNIFE EXTRACTOS DIRK YOCAN - azul
       | 37826 t2 huerfana $69990 | Vaporizador DaVinci Artiq Cartridge - Grey
 d=110 | 33087 t1 huerfana $9990 | VAPORIZADOR YOCAN FLAT - azul
       | 34373 t2 huerfana $79990 | Puffco Hot Knife - Dabber eléctronico - Dessert
 d=110 | 33090 t1 huerfana $9990 | VAPORIZADOR YOCAN FLAT - Morado
       | 34360 t2 huerfana $104990 | Puffco Vaporizador Plus - Tornasol
 d=110 | 33095 t1 prod 10503 $94990 | VAPORIZADOR YOCAN POCKET - Plata
       | 34373 t2 huerfana $79990 | Puffco Hot Knife - Dabber eléctronico - Dessert
 d=110 | 37825 t2 huerfana $69990 | Vaporizador DaVinci Artiq Cartridge - Negro
       | 39077 t3 huerfana $9592 | Batería Vaporizador Cartridge Airis V2.0 - Airistech | 
 d=111 | 683 t3 prod 10503 $79992 | Vaporizador de Extractos Yocan Pocket | PIRANHA
       | 18202 t1 huerfana $89990 | NEW HOT KNIFE-PUFFCO
 d=111 | 12335 t1 prod 10214 $69990 | VAPORIZADOR YOCAN HIT 2
       | 37541 t2 huerfana $5990 | Dabber Calavera - Dorado
 d=111 | 15904 t3 prod 10493 $29392 | Yocan Dirk Hot Knife | PIRANHA
       | 32921 t1 huerfana $14990 | VAPORIZADOR YOCAN KODO PRO - Negro
 d=111 | 16123 t3 prod 10456 $107991 | Puffco Peak Pro 3D Chamber | PIRANHA
       | 33065 t1 huerfana $32990 | HOT KNIFE EXTRACTOS DIRK YOCAN - azul
 d=111 | 16160 t3 prod 10652 $34791 | Puffco Peak Pro Joystick Cap | PIRANHA
       | 33067 t1 huerfana $32990 | HOT KNIFE EXTRACTOS DIRK YOCAN - IVORY
 d=111 | 18585 t2 prod 10433 $104990 | Puffco Peak Pro Glass
       | 32811 t1 huerfana $65990 | VAPORIZADOR HIERBA SECA VANE- YOCAN - Amarillo
 d=111 | 20269 t2 huerfana $19990 | Puffco Peak 3 Bowl Pack
       | 32921 t1 huerfana $14990 | VAPORIZADOR YOCAN KODO PRO - Negro
 d=111 | 20269 t2 huerfana $19990 | Puffco Peak 3 Bowl Pack
       | 33088 t1 prod 10548 $9990 | VAPORIZADOR YOCAN FLAT - verde
 d=111 | 31427 t1 huerfana $65990 | VAPORIZADOR YOCAN HIT 2 - Blanco
       | 37541 t2 huerfana $5990 | Dabber Calavera - Dorado
 d=111 | 33073 t1 huerfana $32990 | HOT KNIFE EXTRACTOS DIRK YOCAN - LILAC
       | 34359 t2 huerfana $99990 | Puffco Vaporizador Plus - Negro
 d=111 | 33088 t1 prod 10548 $9990 | VAPORIZADOR YOCAN FLAT - verde
       | 37541 t2 huerfana $5990 | Dabber Calavera - Dorado
 d=112 | 683 t3 prod 10503 $79992 | Vaporizador de Extractos Yocan Pocket | PIRANHA
       | 37826 t2 huerfana $69990 | Vaporizador DaVinci Artiq Cartridge - Grey
 d=112 | 13000 t2 prod 10312 $79990 | Puffco Hot Knife - Dabber eléctronico
       | 32916 t1 huerfana $14990 | VAPORIZADOR YOCAN KODO PRO - Naranjo
 d=112 | 18012 t1 prod 10503 $99990 | VAPORIZADOR YOCAN POCKET
       | 37826 t2 huerfana $69990 | Vaporizador DaVinci Artiq Cartridge - Grey
 d=112 | 18158 t1 huerfana $350990 | Vaporizador Puffco Peak Pine Smart E-Rig
       | 37862 t2 prod 10450 $31990 | Puffco Travel Pack Peak Pro - Verde
 d=112 | 18585 t2 prod 10433 $104990 | Puffco Peak Pro Glass
       | 33065 t1 huerfana $32990 | HOT KNIFE EXTRACTOS DIRK YOCAN - azul
 d=112 | 31425 t1 huerfana $65990 | VAPORIZADOR YOCAN HIT 2 - azul
       | 34371 t2 huerfana $79990 | Puffco Hot Knife - Dabber eléctronico - Verde
 d=112 | 31426 t1 huerfana $65990 | VAPORIZADOR YOCAN HIT 2 - verde
       | 34373 t2 huerfana $79990 | Puffco Hot Knife - Dabber eléctronico - Dessert
 d=112 | 31844 t1 huerfana $350990 | New Peak (Color a elección) -Puffco - Pine
       | 37862 t2 prod 10450 $31990 | Puffco Travel Pack Peak Pro - Verde
 d=112 | 31852 t1 huerfana $71990 | The Hot Knife -Puffco - ONYX
       | 34373 t2 huerfana $79990 | Puffco Hot Knife - Dabber eléctronico - Dessert
 d=112 | 32806 t1 huerfana $69990 | VAPORIZADOR HIERBA SECA VANE- YOCAN - azul
       | 37541 t2 huerfana $5990 | Dabber Calavera - Dorado
 d=112 | 32916 t1 huerfana $14990 | VAPORIZADOR YOCAN KODO PRO - Naranjo
       | 34370 t2 huerfana $79990 | Puffco Hot Knife - Dabber eléctronico - Negro
 d=112 | 33095 t1 prod 10503 $94990 | VAPORIZADOR YOCAN POCKET - Plata
       | 37826 t2 huerfana $69990 | Vaporizador DaVinci Artiq Cartridge - Grey
 d=113 | 12335 t1 prod 10214 $69990 | VAPORIZADOR YOCAN HIT 2
       | 20269 t2 huerfana $19990 | Puffco Peak 3 Bowl Pack
 d=113 | 12335 t1 prod 10214 $69990 | VAPORIZADOR YOCAN HIT 2
       | 34370 t2 huerfana $79990 | Puffco Hot Knife - Dabber eléctronico - Negro
 d=113 | 13000 t2 prod 10312 $79990 | Puffco Hot Knife - Dabber eléctronico
       | 31427 t1 huerfana $65990 | VAPORIZADOR YOCAN HIT 2 - Blanco
 d=113 | 15715 t3 prod 10214 $66491 | Vaporizador de Hierbas Secas Yocan Hit 2 | PIRANHA
       | 34371 t2 huerfana $79990 | Puffco Hot Knife - Dabber eléctronico - Verde
 d=113 | 16068 t3 prod 10521 $14391 | Vaporizador para Cartridge Yocan Kodo Pro | PIRANHA
       | 34374 t2 huerfana $79990 | Puffco Hot Knife - Dabber eléctronico - Onyx
 d=113 | 16160 t3 prod 10652 $34791 | Puffco Peak Pro Joystick Cap | PIRANHA
       | 33066 t1 huerfana $32990 | HOT KNIFE EXTRACTOS DIRK YOCAN - verde
 d=113 | 16162 t3 prod 10443 $34791 | Puffco Proxy Joystick Cap | PIRANHA
       | 33073 t1 huerfana $32990 | HOT KNIFE EXTRACTOS DIRK YOCAN - LILAC
 d=113 | 18196 t1 huerfana $219990 | Peak Travel Glass Ultraviolet Purple-Puffco
       | 34371 t2 huerfana $79990 | Puffco Hot Knife - Dabber eléctronico - Verde
 d=113 | 18584 t2 prod 10449 $29990 | Puffco Peak Pro Ball Cap
       | 39077 t3 huerfana $9592 | Batería Vaporizador Cartridge Airis V2.0 - Airistech | 
 d=113 | 18585 t2 prod 10433 $104990 | Puffco Peak Pro Glass
       | 33068 t1 huerfana $32990 | HOT KNIFE EXTRACTOS DIRK YOCAN - CARMINE
 d=113 | 18585 t2 prod 10433 $104990 | Puffco Peak Pro Glass
       | 33072 t1 huerfana $32990 | HOT KNIFE EXTRACTOS DIRK YOCAN - TURQOISE
 d=113 | 20269 t2 huerfana $19990 | Puffco Peak 3 Bowl Pack
       | 31427 t1 huerfana $65990 | VAPORIZADOR YOCAN HIT 2 - Blanco
 d=113 | 31427 t1 huerfana $65990 | VAPORIZADOR YOCAN HIT 2 - Blanco
       | 34370 t2 huerfana $79990 | Puffco Hot Knife - Dabber eléctronico - Negro
 d=113 | 31428 t1 huerfana $65990 | VAPORIZADOR YOCAN HIT 2 - Rosa
       | 34371 t2 huerfana $79990 | Puffco Hot Knife - Dabber eléctronico - Verde
 d=113 | 32913 t1 prod 10521 $14990 | VAPORIZADOR YOCAN KODO PRO - Amarillo
       | 34374 t2 huerfana $79990 | Puffco Hot Knife - Dabber eléctronico - Onyx
 d=113 | 32921 t1 huerfana $14990 | VAPORIZADOR YOCAN KODO PRO - Negro
       | 34367 t2 prod 10652 $39990 | Peak Pro Joystick Cap Puffco - Pearl
 d=113 | 32921 t1 huerfana $14990 | VAPORIZADOR YOCAN KODO PRO - Negro
       | 37863 t2 huerfana $31990 | Puffco Travel Pack Peak Pro - Naranjo
 d=113 | 32921 t1 huerfana $14990 | VAPORIZADOR YOCAN KODO PRO - Negro
       | 39077 t3 huerfana $9592 | Batería Vaporizador Cartridge Airis V2.0 - Airistech | 
 d=113 | 33093 t1 prod 10503 $94990 | VAPORIZADOR YOCAN POCKET - azul
       | 37541 t2 huerfana $5990 | Dabber Calavera - Dorado
 d=113 | 33097 t1 prod 10503 $94990 | VAPORIZADOR YOCAN POCKET - Negro
       | 37541 t2 huerfana $5990 | Dabber Calavera - Dorado
 d=114 | 683 t3 prod 10503 $79992 | Vaporizador de Extractos Yocan Pocket | PIRANHA
       | 34371 t2 huerfana $79990 | Puffco Hot Knife - Dabber eléctronico - Verde
 d=114 | 2481 t2 prod 10649 $459990 | Puffco Vaporizador Peak Pro
       | 39077 t3 huerfana $9592 | Batería Vaporizador Cartridge Airis V2.0 - Airistech | 
 d=114 | 12335 t1 prod 10214 $69990 | VAPORIZADOR YOCAN HIT 2
       | 34374 t2 huerfana $79990 | Puffco Hot Knife - Dabber eléctronico - Onyx
 d=114 | 15715 t3 prod 10214 $66491 | Vaporizador de Hierbas Secas Yocan Hit 2 | PIRANHA
       | 32809 t1 huerfana $69990 | VAPORIZADOR HIERBA SECA VANE- YOCAN - Blanco
 d=114 | 16077 t3 prod 10548 $9891 | Vaporizador para Cartridge Yocan Flat | PIRANHA
       | 32919 t1 huerfana $14990 | VAPORIZADOR YOCAN KODO PRO - Verde azulado
 d=114 | 16077 t3 prod 10548 $9891 | Vaporizador para Cartridge Yocan Flat | PIRANHA
       | 32920 t1 huerfana $14990 | VAPORIZADOR YOCAN KODO PRO - Morado
 d=114 | 16123 t3 prod 10456 $107991 | Puffco Peak Pro 3D Chamber | PIRANHA
       | 20301 t2 huerfana $69990 | Vaporizador DaVinci Artiq Cartridge
 d=114 | 16123 t3 prod 10456 $107991 | Puffco Peak Pro 3D Chamber | PIRANHA
       | 33070 t1 huerfana $34990 | HOT KNIFE EXTRACTOS DIRK YOCAN - Negro
 d=114 | 16123 t3 prod 10456 $107991 | Puffco Peak Pro 3D Chamber | PIRANHA
       | 37825 t2 huerfana $69990 | Vaporizador DaVinci Artiq Cartridge - Negro
 d=114 | 16123 t3 prod 10456 $107991 | Puffco Peak Pro 3D Chamber | PIRANHA
       | 37863 t2 huerfana $31990 | Puffco Travel Pack Peak Pro - Naranjo
 d=114 | 18008 t1 prod 10493 $34990 | HOT KNIFE EXTRACTOS DIRK YOCAN
       | 37527 t2 huerfana $24990 | Calvo Batería Hide Cartridge 510 - Rosado
 d=114 | 18012 t1 prod 10503 $99990 | VAPORIZADOR YOCAN POCKET
       | 34371 t2 huerfana $79990 | Puffco Hot Knife - Dabber eléctronico - Verde
 d=114 | 18202 t1 huerfana $89990 | NEW HOT KNIFE-PUFFCO
       | 18583 t2 prod 10652 $39990 | Peak Pro Joystick Cap Puffco
 d=114 | 18202 t1 huerfana $89990 | NEW HOT KNIFE-PUFFCO
       | 34366 t2 huerfana $39990 | Peak Pro Joystick Cap Puffco - Onyx
 d=114 | 18202 t1 huerfana $89990 | NEW HOT KNIFE-PUFFCO
       | 37541 t2 huerfana $5990 | Dabber Calavera - Dorado
 d=114 | 20269 t2 huerfana $19990 | Puffco Peak 3 Bowl Pack
       | 33068 t1 huerfana $32990 | HOT KNIFE EXTRACTOS DIRK YOCAN - CARMINE
 d=114 | 31425 t1 huerfana $65990 | VAPORIZADOR YOCAN HIT 2 - azul
       | 34373 t2 huerfana $79990 | Puffco Hot Knife - Dabber eléctronico - Dessert
 d=114 | 31427 t1 huerfana $65990 | VAPORIZADOR YOCAN HIT 2 - Blanco
       | 34374 t2 huerfana $79990 | Puffco Hot Knife - Dabber eléctronico - Onyx
 d=114 | 33067 t1 huerfana $32990 | HOT KNIFE EXTRACTOS DIRK YOCAN - IVORY
       | 37527 t2 huerfana $24990 | Calvo Batería Hide Cartridge 510 - Rosado
 d=114 | 33093 t1 prod 10503 $94990 | VAPORIZADOR YOCAN POCKET - azul
       | 34373 t2 huerfana $79990 | Puffco Hot Knife - Dabber eléctronico - Dessert
 d=114 | 33093 t1 prod 10503 $94990 | VAPORIZADOR YOCAN POCKET - azul
       | 34374 t2 huerfana $79990 | Puffco Hot Knife - Dabber eléctronico - Onyx
 d=114 | 33095 t1 prod 10503 $94990 | VAPORIZADOR YOCAN POCKET - Plata
       | 34371 t2 huerfana $79990 | Puffco Hot Knife - Dabber eléctronico - Verde
 d=115 | 683 t3 prod 10503 $79992 | Vaporizador de Extractos Yocan Pocket | PIRANHA
       | 20301 t2 huerfana $69990 | Vaporizador DaVinci Artiq Cartridge
 d=115 | 683 t3 prod 10503 $79992 | Vaporizador de Extractos Yocan Pocket | PIRANHA
       | 32920 t1 huerfana $14990 | VAPORIZADOR YOCAN KODO PRO - Morado
 d=115 | 683 t3 prod 10503 $79992 | Vaporizador de Extractos Yocan Pocket | PIRANHA
       | 37825 t2 huerfana $69990 | Vaporizador DaVinci Artiq Cartridge - Negro
 d=115 | 2481 t2 prod 10649 $459990 | Puffco Vaporizador Peak Pro
       | 31427 t1 huerfana $65990 | VAPORIZADOR YOCAN HIT 2 - Blanco
 d=115 | 2481 t2 prod 10649 $459990 | Puffco Vaporizador Peak Pro
       | 33073 t1 huerfana $32990 | HOT KNIFE EXTRACTOS DIRK YOCAN - LILAC
 d=115 | 11054 t3 prod 10560 $579591 | Vaporizador Puffco New Peak Pro Onyx 3DXL Limited | PIR
       | 17191 t1 huerfana $597990 | New Peak Pro Storm + 3Dxl-Puffco
 d=115 | 11054 t3 prod 10560 $579591 | Vaporizador Puffco New Peak Pro Onyx 3DXL Limited | PIR
       | 31795 t1 huerfana $597990 | New Peak Pro Pearl + 3Dxl-Puffco - Storm
 d=115 | 13000 t2 prod 10312 $79990 | Puffco Hot Knife - Dabber eléctronico
       | 31852 t1 huerfana $71990 | The Hot Knife -Puffco - ONYX
 d=115 | 15715 t3 prod 10214 $66491 | Vaporizador de Hierbas Secas Yocan Hit 2 | PIRANHA
       | 33073 t1 huerfana $32990 | HOT KNIFE EXTRACTOS DIRK YOCAN - LILAC
 d=115 | 16068 t3 prod 10521 $14391 | Vaporizador para Cartridge Yocan Kodo Pro | PIRANHA
       | 33073 t1 huerfana $32990 | HOT KNIFE EXTRACTOS DIRK YOCAN - LILAC
 d=115 | 16068 t3 prod 10521 $14391 | Vaporizador para Cartridge Yocan Kodo Pro | PIRANHA
       | 34371 t2 huerfana $79990 | Puffco Hot Knife - Dabber eléctronico - Verde
 d=115 | 16123 t3 prod 10456 $107991 | Puffco Peak Pro 3D Chamber | PIRANHA
       | 33067 t1 huerfana $32990 | HOT KNIFE EXTRACTOS DIRK YOCAN - IVORY
 d=115 | 16160 t3 prod 10652 $34791 | Puffco Peak Pro Joystick Cap | PIRANHA
       | 33071 t1 huerfana $32990 | HOT KNIFE EXTRACTOS DIRK YOCAN - LEMON
 d=115 | 16162 t3 prod 10443 $34791 | Puffco Proxy Joystick Cap | PIRANHA
       | 31426 t1 huerfana $65990 | VAPORIZADOR YOCAN HIT 2 - verde
 d=115 | 16162 t3 prod 10443 $34791 | Puffco Proxy Joystick Cap | PIRANHA
       | 34371 t2 huerfana $79990 | Puffco Hot Knife - Dabber eléctronico - Verde
 d=115 | 18012 t1 prod 10503 $99990 | VAPORIZADOR YOCAN POCKET
       | 20301 t2 huerfana $69990 | Vaporizador DaVinci Artiq Cartridge
 d=115 | 18012 t1 prod 10503 $99990 | VAPORIZADOR YOCAN POCKET
       | 37825 t2 huerfana $69990 | Vaporizador DaVinci Artiq Cartridge - Negro
 d=115 | 18202 t1 huerfana $89990 | NEW HOT KNIFE-PUFFCO
       | 37527 t2 huerfana $24990 | Calvo Batería Hide Cartridge 510 - Rosado
 d=115 | 20269 t2 huerfana $19990 | Puffco Peak 3 Bowl Pack
       | 31429 t1 prod 10214 $65990 | VAPORIZADOR YOCAN HIT 2 - Negro
 d=115 | 20269 t2 huerfana $19990 | Puffco Peak 3 Bowl Pack
       | 33065 t1 huerfana $32990 | HOT KNIFE EXTRACTOS DIRK YOCAN - azul
 d=115 | 20301 t2 huerfana $69990 | Vaporizador DaVinci Artiq Cartridge
       | 33073 t1 huerfana $32990 | HOT KNIFE EXTRACTOS DIRK YOCAN - LILAC
 d=115 | 20301 t2 huerfana $69990 | Vaporizador DaVinci Artiq Cartridge
       | 33091 t1 prod 10548 $9990 | VAPORIZADOR YOCAN FLAT - Negro
 d=115 | 20301 t2 huerfana $69990 | Vaporizador DaVinci Artiq Cartridge
       | 33095 t1 prod 10503 $94990 | VAPORIZADOR YOCAN POCKET - Plata
 d=115 | 31429 t1 prod 10214 $65990 | VAPORIZADOR YOCAN HIT 2 - Negro
       | 34359 t2 huerfana $99990 | Puffco Vaporizador Plus - Negro
 d=115 | 31429 t1 prod 10214 $65990 | VAPORIZADOR YOCAN HIT 2 - Negro
       | 37541 t2 huerfana $5990 | Dabber Calavera - Dorado
 d=115 | 31852 t1 huerfana $71990 | The Hot Knife -Puffco - ONYX
       | 34370 t2 huerfana $79990 | Puffco Hot Knife - Dabber eléctronico - Negro
 d=115 | 32913 t1 prod 10521 $14990 | VAPORIZADOR YOCAN KODO PRO - Amarillo
       | 34371 t2 huerfana $79990 | Puffco Hot Knife - Dabber eléctronico - Verde
 d=115 | 32921 t1 huerfana $14990 | VAPORIZADOR YOCAN KODO PRO - Negro
       | 37862 t2 prod 10450 $31990 | Puffco Travel Pack Peak Pro - Verde
 d=115 | 33070 t1 huerfana $34990 | HOT KNIFE EXTRACTOS DIRK YOCAN - Negro
       | 37527 t2 huerfana $24990 | Calvo Batería Hide Cartridge 510 - Rosado
 d=115 | 33072 t1 huerfana $32990 | HOT KNIFE EXTRACTOS DIRK YOCAN - TURQOISE
       | 37826 t2 huerfana $69990 | Vaporizador DaVinci Artiq Cartridge - Grey
 d=115 | 33073 t1 huerfana $32990 | HOT KNIFE EXTRACTOS DIRK YOCAN - LILAC
       | 37825 t2 huerfana $69990 | Vaporizador DaVinci Artiq Cartridge - Negro
 d=115 | 33091 t1 prod 10548 $9990 | VAPORIZADOR YOCAN FLAT - Negro
       | 37825 t2 huerfana $69990 | Vaporizador DaVinci Artiq Cartridge - Negro
 d=115 | 33095 t1 prod 10503 $94990 | VAPORIZADOR YOCAN POCKET - Plata
       | 37825 t2 huerfana $69990 | Vaporizador DaVinci Artiq Cartridge - Negro
 d=115 | 33096 t1 huerfana $94990 | VAPORIZADOR YOCAN POCKET - Rosa
       | 34371 t2 huerfana $79990 | Puffco Hot Knife - Dabber eléctronico - Verde
 d=115 | 33097 t1 prod 10503 $94990 | VAPORIZADOR YOCAN POCKET - Negro
       | 34359 t2 huerfana $99990 | Puffco Vaporizador Plus - Negro
 d=115 | 37527 t2 huerfana $24990 | Calvo Batería Hide Cartridge 510 - Rosado
       | 39077 t3 huerfana $9592 | Batería Vaporizador Cartridge Airis V2.0 - Airistech | 
 d=116 | 11554 t4 huerfana $3300 | Dabber Espátula Lecron Acero Inoxidable | Herramienta p
       | 16162 t3 prod 10443 $34791 | Puffco Proxy Joystick Cap | PIRANHA
 d=116 | 13000 t2 prod 10312 $79990 | Puffco Hot Knife - Dabber eléctronico
       | 18196 t1 huerfana $219990 | Peak Travel Glass Ultraviolet Purple-Puffco
 d=116 | 13000 t2 prod 10312 $79990 | Puffco Hot Knife - Dabber eléctronico
       | 33090 t1 huerfana $9990 | VAPORIZADOR YOCAN FLAT - Morado
 d=116 | 15715 t3 prod 10214 $66491 | Vaporizador de Hierbas Secas Yocan Hit 2 | PIRANHA
       | 32915 t1 huerfana $14990 | VAPORIZADOR YOCAN KODO PRO - Rojo
 d=116 | 15904 t3 prod 10493 $29392 | Yocan Dirk Hot Knife | PIRANHA
       | 32916 t1 huerfana $14990 | VAPORIZADOR YOCAN KODO PRO - Naranjo
 d=116 | 16068 t3 prod 10521 $14391 | Vaporizador para Cartridge Yocan Kodo Pro | PIRANHA
       | 33090 t1 huerfana $9990 | VAPORIZADOR YOCAN FLAT - Morado
 d=116 | 16077 t3 prod 10548 $9891 | Vaporizador para Cartridge Yocan Flat | PIRANHA
       | 20301 t2 huerfana $69990 | Vaporizador DaVinci Artiq Cartridge
 d=116 | 16077 t3 prod 10548 $9891 | Vaporizador para Cartridge Yocan Flat | PIRANHA
       | 32811 t1 huerfana $65990 | VAPORIZADOR HIERBA SECA VANE- YOCAN - Amarillo
 d=116 | 16077 t3 prod 10548 $9891 | Vaporizador para Cartridge Yocan Flat | PIRANHA
       | 33096 t1 huerfana $94990 | VAPORIZADOR YOCAN POCKET - Rosa
 d=116 | 16077 t3 prod 10548 $9891 | Vaporizador para Cartridge Yocan Flat | PIRANHA
       | 37825 t2 huerfana $69990 | Vaporizador DaVinci Artiq Cartridge - Negro
 d=116 | 16123 t3 prod 10456 $107991 | Puffco Peak Pro 3D Chamber | PIRANHA
       | 32915 t1 huerfana $14990 | VAPORIZADOR YOCAN KODO PRO - Rojo
 d=116 | 16123 t3 prod 10456 $107991 | Puffco Peak Pro 3D Chamber | PIRANHA
       | 37541 t2 huerfana $5990 | Dabber Calavera - Dorado
 d=116 | 16160 t3 prod 10652 $34791 | Puffco Peak Pro Joystick Cap | PIRANHA
       | 31428 t1 huerfana $65990 | VAPORIZADOR YOCAN HIT 2 - Rosa
 d=116 | 16162 t3 prod 10443 $34791 | Puffco Proxy Joystick Cap | PIRANHA
       | 33070 t1 huerfana $34990 | HOT KNIFE EXTRACTOS DIRK YOCAN - Negro
 d=116 | 16162 t3 prod 10443 $34791 | Puffco Proxy Joystick Cap | PIRANHA
       | 37541 t2 huerfana $5990 | Dabber Calavera - Dorado
 d=116 | 18011 t1 prod 10548 $10990 | VAPORIZADOR YOCAN FLAT
       | 20301 t2 huerfana $69990 | Vaporizador DaVinci Artiq Cartridge
 d=116 | 18011 t1 prod 10548 $10990 | VAPORIZADOR YOCAN FLAT
       | 37825 t2 huerfana $69990 | Vaporizador DaVinci Artiq Cartridge - Negro
 d=116 | 18158 t1 huerfana $350990 | Vaporizador Puffco Peak Pine Smart E-Rig
       | 37863 t2 huerfana $31990 | Puffco Travel Pack Peak Pro - Naranjo
 d=116 | 18196 t1 huerfana $219990 | Peak Travel Glass Ultraviolet Purple-Puffco
       | 34370 t2 huerfana $79990 | Puffco Hot Knife - Dabber eléctronico - Negro
 d=116 | 18583 t2 prod 10652 $39990 | Peak Pro Joystick Cap Puffco
       | 33070 t1 huerfana $34990 | HOT KNIFE EXTRACTOS DIRK YOCAN - Negro
 d=116 | 18584 t2 prod 10449 $29990 | Puffco Peak Pro Ball Cap
       | 33067 t1 huerfana $32990 | HOT KNIFE EXTRACTOS DIRK YOCAN - IVORY
 d=116 | 18585 t2 prod 10433 $104990 | Puffco Peak Pro Glass
       | 33087 t1 huerfana $9990 | VAPORIZADOR YOCAN FLAT - azul
 d=116 | 20269 t2 huerfana $19990 | Puffco Peak 3 Bowl Pack
       | 33072 t1 huerfana $32990 | HOT KNIFE EXTRACTOS DIRK YOCAN - TURQOISE
 d=116 | 20301 t2 huerfana $69990 | Vaporizador DaVinci Artiq Cartridge
       | 32915 t1 huerfana $14990 | VAPORIZADOR YOCAN KODO PRO - Rojo
 d=116 | 20301 t2 huerfana $69990 | Vaporizador DaVinci Artiq Cartridge
       | 32919 t1 huerfana $14990 | VAPORIZADOR YOCAN KODO PRO - Verde azulado
 d=116 | 20301 t2 huerfana $69990 | Vaporizador DaVinci Artiq Cartridge
       | 33092 t1 prod 10548 $9990 | VAPORIZADOR YOCAN FLAT - Plata
 d=116 | 31428 t1 huerfana $65990 | VAPORIZADOR YOCAN HIT 2 - Rosa
       | 39077 t3 huerfana $9592 | Batería Vaporizador Cartridge Airis V2.0 - Airistech | 
 d=116 | 31844 t1 huerfana $350990 | New Peak (Color a elección) -Puffco - Pine
       | 37863 t2 huerfana $31990 | Puffco Travel Pack Peak Pro - Naranjo
 d=116 | 32915 t1 huerfana $14990 | VAPORIZADOR YOCAN KODO PRO - Rojo
       | 37825 t2 huerfana $69990 | Vaporizador DaVinci Artiq Cartridge - Negro
 d=116 | 32919 t1 huerfana $14990 | VAPORIZADOR YOCAN KODO PRO - Verde azulado
       | 37825 t2 huerfana $69990 | Vaporizador DaVinci Artiq Cartridge - Negro
 d=116 | 33070 t1 huerfana $34990 | HOT KNIFE EXTRACTOS DIRK YOCAN - Negro
       | 34366 t2 huerfana $39990 | Peak Pro Joystick Cap Puffco - Onyx
 d=116 | 33087 t1 huerfana $9990 | VAPORIZADOR YOCAN FLAT - azul
       | 34371 t2 huerfana $79990 | Puffco Hot Knife - Dabber eléctronico - Verde
 d=116 | 33090 t1 huerfana $9990 | VAPORIZADOR YOCAN FLAT - Morado
       | 34370 t2 huerfana $79990 | Puffco Hot Knife - Dabber eléctronico - Negro
 d=116 | 33092 t1 prod 10548 $9990 | VAPORIZADOR YOCAN FLAT - Plata
       | 37825 t2 huerfana $69990 | Vaporizador DaVinci Artiq Cartridge - Negro
 d=116 | 33097 t1 prod 10503 $94990 | VAPORIZADOR YOCAN POCKET - Negro
       | 34374 t2 huerfana $79990 | Puffco Hot Knife - Dabber eléctronico - Onyx
 d=117 | 683 t3 prod 10503 $79992 | Vaporizador de Extractos Yocan Pocket | PIRANHA
       | 31428 t1 huerfana $65990 | VAPORIZADOR YOCAN HIT 2 - Rosa
 d=117 | 683 t3 prod 10503 $79992 | Vaporizador de Extractos Yocan Pocket | PIRANHA
       | 32915 t1 huerfana $14990 | VAPORIZADOR YOCAN KODO PRO - Rojo
 d=117 | 683 t3 prod 10503 $79992 | Vaporizador de Extractos Yocan Pocket | PIRANHA
       | 32919 t1 huerfana $14990 | VAPORIZADOR YOCAN KODO PRO - Verde azulado
 d=117 | 2481 t2 prod 10649 $459990 | Puffco Vaporizador Peak Pro
       | 33066 t1 huerfana $32990 | HOT KNIFE EXTRACTOS DIRK YOCAN - verde
 d=117 | 16068 t3 prod 10521 $14391 | Vaporizador para Cartridge Yocan Kodo Pro | PIRANHA
       | 31425 t1 huerfana $65990 | VAPORIZADOR YOCAN HIT 2 - azul
 d=117 | 16160 t3 prod 10652 $34791 | Puffco Peak Pro Joystick Cap | PIRANHA
       | 33087 t1 huerfana $9990 | VAPORIZADOR YOCAN FLAT - azul
 d=117 | 16162 t3 prod 10443 $34791 | Puffco Proxy Joystick Cap | PIRANHA
       | 32921 t1 huerfana $14990 | VAPORIZADOR YOCAN KODO PRO - Negro
 d=117 | 16162 t3 prod 10443 $34791 | Puffco Proxy Joystick Cap | PIRANHA
       | 33065 t1 huerfana $32990 | HOT KNIFE EXTRACTOS DIRK YOCAN - azul
 d=117 | 18008 t1 prod 10493 $34990 | HOT KNIFE EXTRACTOS DIRK YOCAN
       | 20269 t2 huerfana $19990 | Puffco Peak 3 Bowl Pack
 d=117 | 18012 t1 prod 10503 $99990 | VAPORIZADOR YOCAN POCKET
       | 39077 t3 huerfana $9592 | Batería Vaporizador Cartridge Airis V2.0 - Airistech | 
 d=117 | 18584 t2 prod 10449 $29990 | Puffco Peak Pro Ball Cap
       | 33068 t1 huerfana $32990 | HOT KNIFE EXTRACTOS DIRK YOCAN - CARMINE
 d=117 | 18585 t2 prod 10433 $104990 | Puffco Peak Pro Glass
       | 39077 t3 huerfana $9592 | Batería Vaporizador Cartridge Airis V2.0 - Airistech | 
 d=117 | 20269 t2 huerfana $19990 | Puffco Peak 3 Bowl Pack
       | 31852 t1 huerfana $71990 | The Hot Knife -Puffco - ONYX
 d=117 | 20269 t2 huerfana $19990 | Puffco Peak 3 Bowl Pack
       | 33067 t1 huerfana $32990 | HOT KNIFE EXTRACTOS DIRK YOCAN - IVORY
 d=117 | 32807 t1 huerfana $65990 | VAPORIZADOR HIERBA SECA VANE- YOCAN - verde
       | 37541 t2 huerfana $5990 | Dabber Calavera - Dorado
 d=117 | 32810 t1 prod 10679 $65990 | VAPORIZADOR HIERBA SECA VANE- YOCAN - Negro
       | 37826 t2 huerfana $69990 | Vaporizador DaVinci Artiq Cartridge - Grey
 d=117 | 32919 t1 huerfana $14990 | VAPORIZADOR YOCAN KODO PRO - Verde azulado
       | 37527 t2 huerfana $24990 | Calvo Batería Hide Cartridge 510 - Rosado
 d=117 | 33093 t1 prod 10503 $94990 | VAPORIZADOR YOCAN POCKET - azul
       | 34370 t2 huerfana $79990 | Puffco Hot Knife - Dabber eléctronico - Negro
 d=117 | 33095 t1 prod 10503 $94990 | VAPORIZADOR YOCAN POCKET - Plata
       | 39077 t3 huerfana $9592 | Batería Vaporizador Cartridge Airis V2.0 - Airistech | 
 d=117 | 33097 t1 prod 10503 $94990 | VAPORIZADOR YOCAN POCKET - Negro
       | 34370 t2 huerfana $79990 | Puffco Hot Knife - Dabber eléctronico - Negro
 d=118 | 683 t3 prod 10503 $79992 | Vaporizador de Extractos Yocan Pocket | PIRANHA
       | 31852 t1 huerfana $71990 | The Hot Knife -Puffco - ONYX
 d=118 | 2481 t2 prod 10649 $459990 | Puffco Vaporizador Peak Pro
       | 18196 t1 huerfana $219990 | Peak Travel Glass Ultraviolet Purple-Puffco
 d=118 | 2481 t2 prod 10649 $459990 | Puffco Vaporizador Peak Pro
       | 31430 t1 huerfana $65990 | VAPORIZADOR YOCAN HIT 2 - Morado
 d=118 | 2481 t2 prod 10649 $459990 | Puffco Vaporizador Peak Pro
       | 33068 t1 huerfana $32990 | HOT KNIFE EXTRACTOS DIRK YOCAN - CARMINE
 d=118 | 2481 t2 prod 10649 $459990 | Puffco Vaporizador Peak Pro
       | 33072 t1 huerfana $32990 | HOT KNIFE EXTRACTOS DIRK YOCAN - TURQOISE
 d=118 | 12999 t2 prod 10207 $99990 | Puffco Vaporizador Plus
       | 32916 t1 huerfana $14990 | VAPORIZADOR YOCAN KODO PRO - Naranjo
 d=118 | 16068 t3 prod 10521 $14391 | Vaporizador para Cartridge Yocan Kodo Pro | PIRANHA
       | 20269 t2 huerfana $19990 | Puffco Peak 3 Bowl Pack
 d=118 | 16068 t3 prod 10521 $14391 | Vaporizador para Cartridge Yocan Kodo Pro | PIRANHA
       | 37541 t2 huerfana $5990 | Dabber Calavera - Dorado
 d=118 | 16077 t3 prod 10548 $9891 | Vaporizador para Cartridge Yocan Flat | PIRANHA
       | 33094 t1 huerfana $94990 | VAPORIZADOR YOCAN POCKET - verde
 d=118 | 16123 t3 prod 10456 $107991 | Puffco Peak Pro 3D Chamber | PIRANHA
       | 32914 t1 huerfana $14990 | VAPORIZADOR YOCAN KODO PRO - verde
 d=118 | 16123 t3 prod 10456 $107991 | Puffco Peak Pro 3D Chamber | PIRANHA
       | 32916 t1 huerfana $14990 | VAPORIZADOR YOCAN KODO PRO - Naranjo
 d=118 | 16123 t3 prod 10456 $107991 | Puffco Peak Pro 3D Chamber | PIRANHA
       | 33072 t1 huerfana $32990 | HOT KNIFE EXTRACTOS DIRK YOCAN - TURQOISE
 d=118 | 16160 t3 prod 10652 $34791 | Puffco Peak Pro Joystick Cap | PIRANHA
       | 32916 t1 huerfana $14990 | VAPORIZADOR YOCAN KODO PRO - Naranjo
 d=118 | 16160 t3 prod 10652 $34791 | Puffco Peak Pro Joystick Cap | PIRANHA
       | 33090 t1 huerfana $9990 | VAPORIZADOR YOCAN FLAT - Morado
 d=118 | 16160 t3 prod 10652 $34791 | Puffco Peak Pro Joystick Cap | PIRANHA
       | 33096 t1 huerfana $94990 | VAPORIZADOR YOCAN POCKET - Rosa
 d=118 | 16162 t3 prod 10443 $34791 | Puffco Proxy Joystick Cap | PIRANHA
       | 33089 t1 huerfana $9990 | VAPORIZADOR YOCAN FLAT - Rojo
 d=118 | 18196 t1 huerfana $219990 | Peak Travel Glass Ultraviolet Purple-Puffco
       | 20269 t2 huerfana $19990 | Puffco Peak 3 Bowl Pack
 d=118 | 18585 t2 prod 10433 $104990 | Puffco Peak Pro Glass
       | 33071 t1 huerfana $32990 | HOT KNIFE EXTRACTOS DIRK YOCAN - LEMON
 d=118 | 20269 t2 huerfana $19990 | Puffco Peak 3 Bowl Pack
       | 32913 t1 prod 10521 $14990 | VAPORIZADOR YOCAN KODO PRO - Amarillo
 d=118 | 31429 t1 prod 10214 $65990 | VAPORIZADOR YOCAN HIT 2 - Negro
       | 37527 t2 huerfana $24990 | Calvo Batería Hide Cartridge 510 - Rosado
 d=118 | 31852 t1 huerfana $71990 | The Hot Knife -Puffco - ONYX
       | 34374 t2 huerfana $79990 | Puffco Hot Knife - Dabber eléctronico - Onyx
 d=118 | 32810 t1 prod 10679 $65990 | VAPORIZADOR HIERBA SECA VANE- YOCAN - Negro
       | 34360 t2 huerfana $104990 | Puffco Vaporizador Plus - Tornasol
 d=118 | 32913 t1 prod 10521 $14990 | VAPORIZADOR YOCAN KODO PRO - Amarillo
       | 37541 t2 huerfana $5990 | Dabber Calavera - Dorado
 d=118 | 32915 t1 huerfana $14990 | VAPORIZADOR YOCAN KODO PRO - Rojo
       | 37862 t2 prod 10450 $31990 | Puffco Travel Pack Peak Pro - Verde
 d=118 | 32915 t1 huerfana $14990 | VAPORIZADOR YOCAN KODO PRO - Rojo
       | 37863 t2 huerfana $31990 | Puffco Travel Pack Peak Pro - Naranjo
 d=118 | 32916 t1 huerfana $14990 | VAPORIZADOR YOCAN KODO PRO - Naranjo
       | 34360 t2 huerfana $104990 | Puffco Vaporizador Plus - Tornasol
 d=118 | 33066 t1 huerfana $32990 | HOT KNIFE EXTRACTOS DIRK YOCAN - verde
       | 37826 t2 huerfana $69990 | Vaporizador DaVinci Artiq Cartridge - Grey
 d=118 | 33073 t1 huerfana $32990 | HOT KNIFE EXTRACTOS DIRK YOCAN - LILAC
       | 37527 t2 huerfana $24990 | Calvo Batería Hide Cartridge 510 - Rosado
 d=119 | 683 t3 prod 10503 $79992 | Vaporizador de Extractos Yocan Pocket | PIRANHA
       | 18196 t1 huerfana $219990 | Peak Travel Glass Ultraviolet Purple-Puffco
 d=119 | 683 t3 prod 10503 $79992 | Vaporizador de Extractos Yocan Pocket | PIRANHA
       | 33070 t1 huerfana $34990 | HOT KNIFE EXTRACTOS DIRK YOCAN - Negro
 d=119 | 2481 t2 prod 10649 $459990 | Puffco Vaporizador Peak Pro
       | 31425 t1 huerfana $65990 | VAPORIZADOR YOCAN HIT 2 - azul
 d=119 | 2481 t2 prod 10649 $459990 | Puffco Vaporizador Peak Pro
       | 33067 t1 huerfana $32990 | HOT KNIFE EXTRACTOS DIRK YOCAN - IVORY
 d=119 | 2481 t2 prod 10649 $459990 | Puffco Vaporizador Peak Pro
       | 33071 t1 huerfana $32990 | HOT KNIFE EXTRACTOS DIRK YOCAN - LEMON
 d=119 | 11554 t4 huerfana $3300 | Dabber Espátula Lecron Acero Inoxidable | Herramienta p
       | 33091 t1 prod 10548 $9990 | VAPORIZADOR YOCAN FLAT - Negro
 d=119 | 12999 t2 prod 10207 $99990 | Puffco Vaporizador Plus
       | 32918 t1 huerfana $14990 | VAPORIZADOR YOCAN KODO PRO - Rosa
 d=119 | 15715 t3 prod 10214 $66491 | Vaporizador de Hierbas Secas Yocan Hit 2 | PIRANHA
       | 32918 t1 huerfana $14990 | VAPORIZADOR YOCAN KODO PRO - Rosa
 d=119 | 15715 t3 prod 10214 $66491 | Vaporizador de Hierbas Secas Yocan Hit 2 | PIRANHA
       | 34373 t2 huerfana $79990 | Puffco Hot Knife - Dabber eléctronico - Dessert
 d=119 | 16123 t3 prod 10456 $107991 | Puffco Peak Pro 3D Chamber | PIRANHA
       | 31425 t1 huerfana $65990 | VAPORIZADOR YOCAN HIT 2 - azul
 d=119 | 16123 t3 prod 10456 $107991 | Puffco Peak Pro 3D Chamber | PIRANHA
       | 33066 t1 huerfana $32990 | HOT KNIFE EXTRACTOS DIRK YOCAN - verde
 d=119 | 16123 t3 prod 10456 $107991 | Puffco Peak Pro 3D Chamber | PIRANHA
       | 33071 t1 huerfana $32990 | HOT KNIFE EXTRACTOS DIRK YOCAN - LEMON
 d=119 | 16162 t3 prod 10443 $34791 | Puffco Proxy Joystick Cap | PIRANHA
       | 31427 t1 huerfana $65990 | VAPORIZADOR YOCAN HIT 2 - Blanco
 d=119 | 18196 t1 huerfana $219990 | Peak Travel Glass Ultraviolet Purple-Puffco
       | 34374 t2 huerfana $79990 | Puffco Hot Knife - Dabber eléctronico - Onyx
 d=119 | 18584 t2 prod 10449 $29990 | Puffco Peak Pro Ball Cap
       | 33070 t1 huerfana $34990 | HOT KNIFE EXTRACTOS DIRK YOCAN - Negro
 d=119 | 18584 t2 prod 10449 $29990 | Puffco Peak Pro Ball Cap
       | 33072 t1 huerfana $32990 | HOT KNIFE EXTRACTOS DIRK YOCAN - TURQOISE
 d=119 | 18585 t2 prod 10433 $104990 | Puffco Peak Pro Glass
       | 33069 t1 huerfana $32990 | HOT KNIFE EXTRACTOS DIRK YOCAN - Naranjo
 d=119 | 20301 t2 huerfana $69990 | Vaporizador DaVinci Artiq Cartridge
       | 33065 t1 huerfana $32990 | HOT KNIFE EXTRACTOS DIRK YOCAN - azul
 d=119 | 31426 t1 huerfana $65990 | VAPORIZADOR YOCAN HIT 2 - verde
       | 39077 t3 huerfana $9592 | Batería Vaporizador Cartridge Airis V2.0 - Airistech | 
 d=119 | 31427 t1 huerfana $65990 | VAPORIZADOR YOCAN HIT 2 - Blanco
       | 34367 t2 prod 10652 $39990 | Peak Pro Joystick Cap Puffco - Pearl
 d=119 | 31428 t1 huerfana $65990 | VAPORIZADOR YOCAN HIT 2 - Rosa
       | 34373 t2 huerfana $79990 | Puffco Hot Knife - Dabber eléctronico - Dessert
 d=119 | 31852 t1 huerfana $71990 | The Hot Knife -Puffco - ONYX
       | 34367 t2 prod 10652 $39990 | Peak Pro Joystick Cap Puffco - Pearl
 d=119 | 32918 t1 huerfana $14990 | VAPORIZADOR YOCAN KODO PRO - Rosa
       | 34360 t2 huerfana $104990 | Puffco Vaporizador Plus - Tornasol
 d=119 | 32920 t1 huerfana $14990 | VAPORIZADOR YOCAN KODO PRO - Morado
       | 34374 t2 huerfana $79990 | Puffco Hot Knife - Dabber eléctronico - Onyx
 d=119 | 33065 t1 huerfana $32990 | HOT KNIFE EXTRACTOS DIRK YOCAN - azul
       | 37825 t2 huerfana $69990 | Vaporizador DaVinci Artiq Cartridge - Negro
 d=119 | 33068 t1 huerfana $32990 | HOT KNIFE EXTRACTOS DIRK YOCAN - CARMINE
       | 37527 t2 huerfana $24990 | Calvo Batería Hide Cartridge 510 - Rosado
 d=119 | 33090 t1 huerfana $9990 | VAPORIZADOR YOCAN FLAT - Morado
       | 34373 t2 huerfana $79990 | Puffco Hot Knife - Dabber eléctronico - Dessert
 d=119 | 33091 t1 prod 10548 $9990 | VAPORIZADOR YOCAN FLAT - Negro
       | 37863 t2 huerfana $31990 | Puffco Travel Pack Peak Pro - Naranjo
 d=119 | 33093 t1 prod 10503 $94990 | VAPORIZADOR YOCAN POCKET - azul
       | 34359 t2 huerfana $99990 | Puffco Vaporizador Plus - Negro
 d=120 | 683 t3 prod 10503 $79992 | Vaporizador de Extractos Yocan Pocket | PIRANHA
       | 33087 t1 huerfana $9990 | VAPORIZADOR YOCAN FLAT - azul
 d=120 | 683 t3 prod 10503 $79992 | Vaporizador de Extractos Yocan Pocket | PIRANHA
       | 37527 t2 huerfana $24990 | Calvo Batería Hide Cartridge 510 - Rosado
 d=120 | 2086 t2 prod 10560 $539990 | Puffco Vaporizador New Peak Pro + Chamber 3D XL
       | 31830 t1 huerfana $549990 | New Peak Pro (Color a elección)-Puffco - Flourish
 d=120 | 2481 t2 prod 10649 $459990 | Puffco Vaporizador Peak Pro
       | 32811 t1 huerfana $65990 | VAPORIZADOR HIERBA SECA VANE- YOCAN - Amarillo
 d=120 | 2481 t2 prod 10649 $459990 | Puffco Vaporizador Peak Pro
       | 33069 t1 huerfana $32990 | HOT KNIFE EXTRACTOS DIRK YOCAN - Naranjo
 d=120 | 11554 t4 huerfana $3300 | Dabber Espátula Lecron Acero Inoxidable | Herramienta p
       | 16123 t3 prod 10456 $107991 | Puffco Peak Pro 3D Chamber | PIRANHA
 d=120 | 11554 t4 huerfana $3300 | Dabber Espátula Lecron Acero Inoxidable | Herramienta p
       | 18202 t1 huerfana $89990 | NEW HOT KNIFE-PUFFCO
 d=120 | 13536 t2 huerfana $69990 | Vaporizador Yocan Vane 2
       | 32808 t1 prod 10679 $65990 | VAPORIZADOR HIERBA SECA VANE- YOCAN - Morado
 d=120 | 15715 t3 prod 10214 $66491 | Vaporizador de Hierbas Secas Yocan Hit 2 | PIRANHA
       | 18196 t1 huerfana $219990 | Peak Travel Glass Ultraviolet Purple-Puffco
 d=120 | 15715 t3 prod 10214 $66491 | Vaporizador de Hierbas Secas Yocan Hit 2 | PIRANHA
       | 18202 t1 huerfana $89990 | NEW HOT KNIFE-PUFFCO
 d=120 | 15715 t3 prod 10214 $66491 | Vaporizador de Hierbas Secas Yocan Hit 2 | PIRANHA
       | 33068 t1 huerfana $32990 | HOT KNIFE EXTRACTOS DIRK YOCAN - CARMINE
 d=120 | 15904 t3 prod 10493 $29392 | Yocan Dirk Hot Knife | PIRANHA
       | 31430 t1 huerfana $65990 | VAPORIZADOR YOCAN HIT 2 - Morado
 d=120 | 16077 t3 prod 10548 $9891 | Vaporizador para Cartridge Yocan Flat | PIRANHA
       | 32917 t1 huerfana $14990 | VAPORIZADOR YOCAN KODO PRO - Blanco
 d=120 | 16077 t3 prod 10548 $9891 | Vaporizador para Cartridge Yocan Flat | PIRANHA
       | 37541 t2 huerfana $5990 | Dabber Calavera - Dorado
 d=120 | 16160 t3 prod 10652 $34791 | Puffco Peak Pro Joystick Cap | PIRANHA
       | 32806 t1 huerfana $69990 | VAPORIZADOR HIERBA SECA VANE- YOCAN - azul
 d=120 | 16160 t3 prod 10652 $34791 | Puffco Peak Pro Joystick Cap | PIRANHA
       | 32915 t1 huerfana $14990 | VAPORIZADOR YOCAN KODO PRO - Rojo
 d=120 | 16160 t3 prod 10652 $34791 | Puffco Peak Pro Joystick Cap | PIRANHA
       | 33069 t1 huerfana $32990 | HOT KNIFE EXTRACTOS DIRK YOCAN - Naranjo
 d=120 | 16160 t3 prod 10652 $34791 | Puffco Peak Pro Joystick Cap | PIRANHA
       | 33089 t1 huerfana $9990 | VAPORIZADOR YOCAN FLAT - Rojo
 d=120 | 16162 t3 prod 10443 $34791 | Puffco Proxy Joystick Cap | PIRANHA
       | 18158 t1 huerfana $350990 | Vaporizador Puffco Peak Pine Smart E-Rig
 d=120 | 16162 t3 prod 10443 $34791 | Puffco Proxy Joystick Cap | PIRANHA
       | 31844 t1 huerfana $350990 | New Peak (Color a elección) -Puffco - Pine
 d=120 | 16162 t3 prod 10443 $34791 | Puffco Proxy Joystick Cap | PIRANHA
       | 33072 t1 huerfana $32990 | HOT KNIFE EXTRACTOS DIRK YOCAN - TURQOISE
 d=120 | 18008 t1 prod 10493 $34990 | HOT KNIFE EXTRACTOS DIRK YOCAN
       | 37826 t2 huerfana $69990 | Vaporizador DaVinci Artiq Cartridge - Grey
 d=120 | 18011 t1 prod 10548 $10990 | VAPORIZADOR YOCAN FLAT
       | 37541 t2 huerfana $5990 | Dabber Calavera - Dorado
 d=120 | 18012 t1 prod 10503 $99990 | VAPORIZADOR YOCAN POCKET
       | 37527 t2 huerfana $24990 | Calvo Batería Hide Cartridge 510 - Rosado
 d=120 | 18175 t1 huerfana $109990 | Vaporizador New Plus White-Puffco
       | 34371 t2 huerfana $79990 | Puffco Hot Knife - Dabber eléctronico - Verde
 d=120 | 18584 t2 prod 10449 $29990 | Puffco Peak Pro Ball Cap
       | 32921 t1 huerfana $14990 | VAPORIZADOR YOCAN KODO PRO - Negro
 d=120 | 18584 t2 prod 10449 $29990 | Puffco Peak Pro Ball Cap
       | 33065 t1 huerfana $32990 | HOT KNIFE EXTRACTOS DIRK YOCAN - azul
 d=120 | 18584 t2 prod 10449 $29990 | Puffco Peak Pro Ball Cap
       | 33066 t1 huerfana $32990 | HOT KNIFE EXTRACTOS DIRK YOCAN - verde
 d=120 | 18585 t2 prod 10433 $104990 | Puffco Peak Pro Glass
       | 33066 t1 huerfana $32990 | HOT KNIFE EXTRACTOS DIRK YOCAN - verde
 d=120 | 20269 t2 huerfana $19990 | Puffco Peak 3 Bowl Pack
       | 32916 t1 huerfana $14990 | VAPORIZADOR YOCAN KODO PRO - Naranjo
 d=120 | 20301 t2 huerfana $69990 | Vaporizador DaVinci Artiq Cartridge
       | 33068 t1 huerfana $32990 | HOT KNIFE EXTRACTOS DIRK YOCAN - CARMINE
 d=120 | 20301 t2 huerfana $69990 | Vaporizador DaVinci Artiq Cartridge
       | 33070 t1 huerfana $34990 | HOT KNIFE EXTRACTOS DIRK YOCAN - Negro
 d=120 | 32921 t1 huerfana $14990 | VAPORIZADOR YOCAN KODO PRO - Negro
       | 37826 t2 huerfana $69990 | Vaporizador DaVinci Artiq Cartridge - Grey
 d=120 | 33067 t1 huerfana $32990 | HOT KNIFE EXTRACTOS DIRK YOCAN - IVORY
       | 37826 t2 huerfana $69990 | Vaporizador DaVinci Artiq Cartridge - Grey
 d=120 | 33068 t1 huerfana $32990 | HOT KNIFE EXTRACTOS DIRK YOCAN - CARMINE
       | 37825 t2 huerfana $69990 | Vaporizador DaVinci Artiq Cartridge - Negro
 d=120 | 33070 t1 huerfana $34990 | HOT KNIFE EXTRACTOS DIRK YOCAN - Negro
       | 37825 t2 huerfana $69990 | Vaporizador DaVinci Artiq Cartridge - Negro
 d=120 | 33089 t1 huerfana $9990 | VAPORIZADOR YOCAN FLAT - Rojo
       | 37541 t2 huerfana $5990 | Dabber Calavera - Dorado
 d=120 | 33092 t1 prod 10548 $9990 | VAPORIZADOR YOCAN FLAT - Plata
       | 37541 t2 huerfana $5990 | Dabber Calavera - Dorado
 d=120 | 33095 t1 prod 10503 $94990 | VAPORIZADOR YOCAN POCKET - Plata
       | 37527 t2 huerfana $24990 | Calvo Batería Hide Cartridge 510 - Rosado
 d=120 | 33097 t1 prod 10503 $94990 | VAPORIZADOR YOCAN POCKET - Negro
       | 34373 t2 huerfana $79990 | Puffco Hot Knife - Dabber eléctronico - Dessert
 d=121 | 1161 t1 prod 10106 $24990 | BANGER REGULAR FULL WELD 10MM- Calvo glass
       | 13190 t2 huerfana $8990 | Calvo Glass Banger Evan Shore 14mm
 d=121 | 2481 t2 prod 10649 $459990 | Puffco Vaporizador Peak Pro
       | 31426 t1 huerfana $65990 | VAPORIZADOR YOCAN HIT 2 - verde
 d=121 | 2481 t2 prod 10649 $459990 | Puffco Vaporizador Peak Pro
       | 33065 t1 huerfana $32990 | HOT KNIFE EXTRACTOS DIRK YOCAN - azul
 d=121 | 15904 t3 prod 10493 $29392 | Yocan Dirk Hot Knife | PIRANHA
       | 31425 t1 huerfana $65990 | VAPORIZADOR YOCAN HIT 2 - azul
 d=121 | 15904 t3 prod 10493 $29392 | Yocan Dirk Hot Knife | PIRANHA
       | 31427 t1 huerfana $65990 | VAPORIZADOR YOCAN HIT 2 - Blanco
 d=121 | 15904 t3 prod 10493 $29392 | Yocan Dirk Hot Knife | PIRANHA
       | 37826 t2 huerfana $69990 | Vaporizador DaVinci Artiq Cartridge - Grey
 d=121 | 16077 t3 prod 10548 $9891 | Vaporizador para Cartridge Yocan Flat | PIRANHA
       | 31852 t1 huerfana $71990 | The Hot Knife -Puffco - ONYX
 d=121 | 16162 t3 prod 10443 $34791 | Puffco Proxy Joystick Cap | PIRANHA
       | 31852 t1 huerfana $71990 | The Hot Knife -Puffco - ONYX
 d=121 | 16162 t3 prod 10443 $34791 | Puffco Proxy Joystick Cap | PIRANHA
       | 33067 t1 huerfana $32990 | HOT KNIFE EXTRACTOS DIRK YOCAN - IVORY
 d=121 | 16162 t3 prod 10443 $34791 | Puffco Proxy Joystick Cap | PIRANHA
       | 34373 t2 huerfana $79990 | Puffco Hot Knife - Dabber eléctronico - Dessert
 d=121 | 17931 t1 prod 10521 $15990 | VAPORIZADOR YOCAN KODO PRO
       | 37527 t2 huerfana $24990 | Calvo Batería Hide Cartridge 510 - Rosado
 d=121 | 18153 t1 huerfana $159990 | Accesorio Extractos New Proxy Wizard Haze-Puffco
       | 19794 t2 huerfana $44990 | Pulsar Pipa Batería Cartridge 510 DL
 d=121 | 18175 t1 huerfana $109990 | Vaporizador New Plus White-Puffco
       | 37541 t2 huerfana $5990 | Dabber Calavera - Dorado
 d=121 | 18196 t1 huerfana $219990 | Peak Travel Glass Ultraviolet Purple-Puffco
       | 34373 t2 huerfana $79990 | Puffco Hot Knife - Dabber eléctronico - Dessert
 d=121 | 18196 t1 huerfana $219990 | Peak Travel Glass Ultraviolet Purple-Puffco
       | 37527 t2 huerfana $24990 | Calvo Batería Hide Cartridge 510 - Rosado
 d=121 | 18584 t2 prod 10449 $29990 | Puffco Peak Pro Ball Cap
       | 33069 t1 huerfana $32990 | HOT KNIFE EXTRACTOS DIRK YOCAN - Naranjo
 d=121 | 18585 t2 prod 10433 $104990 | Puffco Peak Pro Glass
       | 32914 t1 huerfana $14990 | VAPORIZADOR YOCAN KODO PRO - verde
 d=121 | 18585 t2 prod 10433 $104990 | Puffco Peak Pro Glass
       | 32915 t1 huerfana $14990 | VAPORIZADOR YOCAN KODO PRO - Rojo
 d=121 | 18585 t2 prod 10433 $104990 | Puffco Peak Pro Glass
       | 32916 t1 huerfana $14990 | VAPORIZADOR YOCAN KODO PRO - Naranjo
 d=121 | 18585 t2 prod 10433 $104990 | Puffco Peak Pro Glass
       | 33096 t1 huerfana $94990 | VAPORIZADOR YOCAN POCKET - Rosa
 d=121 | 20269 t2 huerfana $19990 | Puffco Peak 3 Bowl Pack
       | 33066 t1 huerfana $32990 | HOT KNIFE EXTRACTOS DIRK YOCAN - verde
 d=121 | 20269 t2 huerfana $19990 | Puffco Peak 3 Bowl Pack
       | 33071 t1 huerfana $32990 | HOT KNIFE EXTRACTOS DIRK YOCAN - LEMON
 d=121 | 20269 t2 huerfana $19990 | Puffco Peak 3 Bowl Pack
       | 33097 t1 prod 10503 $94990 | VAPORIZADOR YOCAN POCKET - Negro
 d=121 | 31426 t1 huerfana $65990 | VAPORIZADOR YOCAN HIT 2 - verde
       | 37541 t2 huerfana $5990 | Dabber Calavera - Dorado
 d=121 | 32917 t1 huerfana $14990 | VAPORIZADOR YOCAN KODO PRO - Blanco
       | 37527 t2 huerfana $24990 | Calvo Batería Hide Cartridge 510 - Rosado
 d=121 | 33069 t1 huerfana $32990 | HOT KNIFE EXTRACTOS DIRK YOCAN - Naranjo
       | 37826 t2 huerfana $69990 | Vaporizador DaVinci Artiq Cartridge - Grey
 d=121 | 33088 t1 prod 10548 $9990 | VAPORIZADOR YOCAN FLAT - verde
       | 37863 t2 huerfana $31990 | Puffco Travel Pack Peak Pro - Naranjo
 d=121 | 33096 t1 huerfana $94990 | VAPORIZADOR YOCAN POCKET - Rosa
       | 34373 t2 huerfana $79990 | Puffco Hot Knife - Dabber eléctronico - Dessert
 d=121 | 33097 t1 prod 10503 $94990 | VAPORIZADOR YOCAN POCKET - Negro
       | 37863 t2 huerfana $31990 | Puffco Travel Pack Peak Pro - Naranjo
 d=122 | 683 t3 prod 10503 $79992 | Vaporizador de Extractos Yocan Pocket | PIRANHA
       | 32918 t1 huerfana $14990 | VAPORIZADOR YOCAN KODO PRO - Rosa
 d=122 | 683 t3 prod 10503 $79992 | Vaporizador de Extractos Yocan Pocket | PIRANHA
       | 33065 t1 huerfana $32990 | HOT KNIFE EXTRACTOS DIRK YOCAN - azul
 d=122 | 683 t3 prod 10503 $79992 | Vaporizador de Extractos Yocan Pocket | PIRANHA
       | 33073 t1 huerfana $32990 | HOT KNIFE EXTRACTOS DIRK YOCAN - LILAC
 d=122 | 683 t3 prod 10503 $79992 | Vaporizador de Extractos Yocan Pocket | PIRANHA
       | 34372 t2 huerfana $79990 | Puffco Hot Knife - Dabber eléctronico - Pearl
 d=122 | 683 t3 prod 10503 $79992 | Vaporizador de Extractos Yocan Pocket | PIRANHA
       | 34374 t2 huerfana $79990 | Puffco Hot Knife - Dabber eléctronico - Onyx
 d=122 | 2481 t2 prod 10649 $459990 | Puffco Vaporizador Peak Pro
       | 33089 t1 huerfana $9990 | VAPORIZADOR YOCAN FLAT - Rojo
 d=122 | 11554 t4 huerfana $3300 | Dabber Espátula Lecron Acero Inoxidable | Herramienta p
       | 19794 t2 huerfana $44990 | Pulsar Pipa Batería Cartridge 510 DL
 d=122 | 12999 t2 prod 10207 $99990 | Puffco Vaporizador Plus
       | 32920 t1 huerfana $14990 | VAPORIZADOR YOCAN KODO PRO - Morado
 d=122 | 16068 t3 prod 10521 $14391 | Vaporizador para Cartridge Yocan Kodo Pro | PIRANHA
       | 18202 t1 huerfana $89990 | NEW HOT KNIFE-PUFFCO
 d=122 | 16068 t3 prod 10521 $14391 | Vaporizador para Cartridge Yocan Kodo Pro | PIRANHA
       | 34370 t2 huerfana $79990 | Puffco Hot Knife - Dabber eléctronico - Negro
 d=122 | 16123 t3 prod 10456 $107991 | Puffco Peak Pro 3D Chamber | PIRANHA
       | 33069 t1 huerfana $32990 | HOT KNIFE EXTRACTOS DIRK YOCAN - Naranjo
 d=122 | 16123 t3 prod 10456 $107991 | Puffco Peak Pro 3D Chamber | PIRANHA
       | 33094 t1 huerfana $94990 | VAPORIZADOR YOCAN POCKET - verde
 d=122 | 16160 t3 prod 10652 $34791 | Puffco Peak Pro Joystick Cap | PIRANHA
       | 32811 t1 huerfana $65990 | VAPORIZADOR HIERBA SECA VANE- YOCAN - Amarillo
 d=122 | 16162 t3 prod 10443 $34791 | Puffco Proxy Joystick Cap | PIRANHA
       | 31430 t1 huerfana $65990 | VAPORIZADOR YOCAN HIT 2 - Morado
 d=122 | 16162 t3 prod 10443 $34791 | Puffco Proxy Joystick Cap | PIRANHA
       | 32811 t1 huerfana $65990 | VAPORIZADOR HIERBA SECA VANE- YOCAN - Amarillo
 d=122 | 16162 t3 prod 10443 $34791 | Puffco Proxy Joystick Cap | PIRANHA
       | 32914 t1 huerfana $14990 | VAPORIZADOR YOCAN KODO PRO - verde
 d=122 | 16162 t3 prod 10443 $34791 | Puffco Proxy Joystick Cap | PIRANHA
       | 33068 t1 huerfana $32990 | HOT KNIFE EXTRACTOS DIRK YOCAN - CARMINE
 d=122 | 18012 t1 prod 10503 $99990 | VAPORIZADOR YOCAN POCKET
       | 34372 t2 huerfana $79990 | Puffco Hot Knife - Dabber eléctronico - Pearl
 d=122 | 18012 t1 prod 10503 $99990 | VAPORIZADOR YOCAN POCKET
       | 34374 t2 huerfana $79990 | Puffco Hot Knife - Dabber eléctronico - Onyx
 d=122 | 18196 t1 huerfana $219990 | Peak Travel Glass Ultraviolet Purple-Puffco
       | 39077 t3 huerfana $9592 | Batería Vaporizador Cartridge Airis V2.0 - Airistech | 
 d=122 | 18584 t2 prod 10449 $29990 | Puffco Peak Pro Ball Cap
       | 33071 t1 huerfana $32990 | HOT KNIFE EXTRACTOS DIRK YOCAN - LEMON
 d=122 | 20302 t2 huerfana $2990 | Dabber
       | 33091 t1 prod 10548 $9990 | VAPORIZADOR YOCAN FLAT - Negro
 d=122 | 31425 t1 huerfana $65990 | VAPORIZADOR YOCAN HIT 2 - azul
       | 34374 t2 huerfana $79990 | Puffco Hot Knife - Dabber eléctronico - Onyx
 d=122 | 31426 t1 huerfana $65990 | VAPORIZADOR YOCAN HIT 2 - verde
       | 34372 t2 huerfana $79990 | Puffco Hot Knife - Dabber eléctronico - Pearl
 d=122 | 31426 t1 huerfana $65990 | VAPORIZADOR YOCAN HIT 2 - verde
       | 34374 t2 huerfana $79990 | Puffco Hot Knife - Dabber eléctronico - Onyx
 d=122 | 32913 t1 prod 10521 $14990 | VAPORIZADOR YOCAN KODO PRO - Amarillo
       | 34370 t2 huerfana $79990 | Puffco Hot Knife - Dabber eléctronico - Negro
 d=122 | 32918 t1 huerfana $14990 | VAPORIZADOR YOCAN KODO PRO - Rosa
       | 37527 t2 huerfana $24990 | Calvo Batería Hide Cartridge 510 - Rosado
 d=122 | 32920 t1 huerfana $14990 | VAPORIZADOR YOCAN KODO PRO - Morado
       | 34360 t2 huerfana $104990 | Puffco Vaporizador Plus - Tornasol
 d=122 | 32921 t1 huerfana $14990 | VAPORIZADOR YOCAN KODO PRO - Negro
       | 34355 t2 prod 10653 $539990 | Puffco Vaporizador New Peak Pro + Chamber 3D XL - Onyx
 d=122 | 33071 t1 huerfana $32990 | HOT KNIFE EXTRACTOS DIRK YOCAN - LEMON
       | 37826 t2 huerfana $69990 | Vaporizador DaVinci Artiq Cartridge - Grey
 d=122 | 33073 t1 huerfana $32990 | HOT KNIFE EXTRACTOS DIRK YOCAN - LILAC
       | 34355 t2 prod 10653 $539990 | Puffco Vaporizador New Peak Pro + Chamber 3D XL - Onyx
 d=122 | 33095 t1 prod 10503 $94990 | VAPORIZADOR YOCAN POCKET - Plata
       | 34372 t2 huerfana $79990 | Puffco Hot Knife - Dabber eléctronico - Pearl
 d=122 | 33095 t1 prod 10503 $94990 | VAPORIZADOR YOCAN POCKET - Plata
       | 34374 t2 huerfana $79990 | Puffco Hot Knife - Dabber eléctronico - Onyx
 d=122 | 37541 t2 huerfana $5990 | Dabber Calavera - Dorado
       | 39077 t3 huerfana $9592 | Batería Vaporizador Cartridge Airis V2.0 - Airistech | 
 d=123 | 421 t1 prod 10207 $129990 | Vaporizador Plus Silver-Puffco
       | 37541 t2 huerfana $5990 | Dabber Calavera - Dorado
 d=123 | 683 t3 prod 10503 $79992 | Vaporizador de Extractos Yocan Pocket | PIRANHA
       | 31430 t1 huerfana $65990 | VAPORIZADOR YOCAN HIT 2 - Morado
 d=123 | 683 t3 prod 10503 $79992 | Vaporizador de Extractos Yocan Pocket | PIRANHA
       | 32917 t1 huerfana $14990 | VAPORIZADOR YOCAN KODO PRO - Blanco
 d=123 | 2481 t2 prod 10649 $459990 | Puffco Vaporizador Peak Pro
       | 32807 t1 huerfana $65990 | VAPORIZADOR HIERBA SECA VANE- YOCAN - verde
 d=123 | 3203 t4 prod 10614 $4500 | Dual Dabbers Classic Bongalab - GB The Green Brand
       | 20269 t2 huerfana $19990 | Puffco Peak 3 Bowl Pack
 d=123 | 11554 t4 huerfana $3300 | Dabber Espátula Lecron Acero Inoxidable | Herramienta p
       | 31852 t1 huerfana $71990 | The Hot Knife -Puffco - ONYX
 d=123 | 16068 t3 prod 10521 $14391 | Vaporizador para Cartridge Yocan Kodo Pro | PIRANHA
       | 34372 t2 huerfana $79990 | Puffco Hot Knife - Dabber eléctronico - Pearl
 d=123 | 16068 t3 prod 10521 $14391 | Vaporizador para Cartridge Yocan Kodo Pro | PIRANHA
       | 34373 t2 huerfana $79990 | Puffco Hot Knife - Dabber eléctronico - Dessert
 d=123 | 16077 t3 prod 10548 $9891 | Vaporizador para Cartridge Yocan Flat | PIRANHA
       | 20302 t2 huerfana $2990 | Dabber
 d=123 | 16123 t3 prod 10456 $107991 | Puffco Peak Pro 3D Chamber | PIRANHA
       | 37527 t2 huerfana $24990 | Calvo Batería Hide Cartridge 510 - Rosado
 d=123 | 18011 t1 prod 10548 $10990 | VAPORIZADOR YOCAN FLAT
       | 20302 t2 huerfana $2990 | Dabber
 d=123 | 18202 t1 huerfana $89990 | NEW HOT KNIFE-PUFFCO
       | 34355 t2 prod 10653 $539990 | Puffco Vaporizador New Peak Pro + Chamber 3D XL - Onyx
 d=123 | 18585 t2 prod 10433 $104990 | Puffco Peak Pro Glass
       | 33094 t1 huerfana $94990 | VAPORIZADOR YOCAN POCKET - verde
 d=123 | 20302 t2 huerfana $2990 | Dabber
       | 33092 t1 prod 10548 $9990 | VAPORIZADOR YOCAN FLAT - Plata
 d=123 | 31425 t1 huerfana $65990 | VAPORIZADOR YOCAN HIT 2 - azul
       | 39077 t3 huerfana $9592 | Batería Vaporizador Cartridge Airis V2.0 - Airistech | 
 d=123 | 31429 t1 prod 10214 $65990 | VAPORIZADOR YOCAN HIT 2 - Negro
       | 37863 t2 huerfana $31990 | Puffco Travel Pack Peak Pro - Naranjo
 d=123 | 31430 t1 huerfana $65990 | VAPORIZADOR YOCAN HIT 2 - Morado
       | 34355 t2 prod 10653 $539990 | Puffco Vaporizador New Peak Pro + Chamber 3D XL - Onyx
 d=123 | 32811 t1 huerfana $65990 | VAPORIZADOR HIERBA SECA VANE- YOCAN - Amarillo
       | 34373 t2 huerfana $79990 | Puffco Hot Knife - Dabber eléctronico - Dessert
 d=123 | 32913 t1 prod 10521 $14990 | VAPORIZADOR YOCAN KODO PRO - Amarillo
       | 34372 t2 huerfana $79990 | Puffco Hot Knife - Dabber eléctronico - Pearl
 d=123 | 32913 t1 prod 10521 $14990 | VAPORIZADOR YOCAN KODO PRO - Amarillo
       | 34373 t2 huerfana $79990 | Puffco Hot Knife - Dabber eléctronico - Dessert
 d=123 | 32917 t1 huerfana $14990 | VAPORIZADOR YOCAN KODO PRO - Blanco
       | 34355 t2 prod 10653 $539990 | Puffco Vaporizador New Peak Pro + Chamber 3D XL - Onyx
 d=123 | 33090 t1 huerfana $9990 | VAPORIZADOR YOCAN FLAT - Morado
       | 34371 t2 huerfana $79990 | Puffco Hot Knife - Dabber eléctronico - Verde
 d=123 | 33091 t1 prod 10548 $9990 | VAPORIZADOR YOCAN FLAT - Negro
       | 34359 t2 huerfana $99990 | Puffco Vaporizador Plus - Negro
 d=123 | 33093 t1 prod 10503 $94990 | VAPORIZADOR YOCAN POCKET - azul
       | 37863 t2 huerfana $31990 | Puffco Travel Pack Peak Pro - Naranjo
 d=124 | 683 t3 prod 10503 $79992 | Vaporizador de Extractos Yocan Pocket | PIRANHA
       | 31427 t1 huerfana $65990 | VAPORIZADOR YOCAN HIT 2 - Blanco
 d=124 | 683 t3 prod 10503 $79992 | Vaporizador de Extractos Yocan Pocket | PIRANHA
       | 33067 t1 huerfana $32990 | HOT KNIFE EXTRACTOS DIRK YOCAN - IVORY
 d=124 | 2481 t2 prod 10649 $459990 | Puffco Vaporizador Peak Pro
       | 32806 t1 huerfana $69990 | VAPORIZADOR HIERBA SECA VANE- YOCAN - azul
 d=124 | 2481 t2 prod 10649 $459990 | Puffco Vaporizador Peak Pro
       | 33070 t1 huerfana $34990 | HOT KNIFE EXTRACTOS DIRK YOCAN - Negro
 d=124 | 11554 t4 huerfana $3300 | Dabber Espátula Lecron Acero Inoxidable | Herramienta p
       | 20269 t2 huerfana $19990 | Puffco Peak 3 Bowl Pack
 d=124 | 15904 t3 prod 10493 $29392 | Yocan Dirk Hot Knife | PIRANHA
       | 20269 t2 huerfana $19990 | Puffco Peak 3 Bowl Pack
 d=124 | 15904 t3 prod 10493 $29392 | Yocan Dirk Hot Knife | PIRANHA
       | 32920 t1 huerfana $14990 | VAPORIZADOR YOCAN KODO PRO - Morado
 d=124 | 16077 t3 prod 10548 $9891 | Vaporizador para Cartridge Yocan Flat | PIRANHA
       | 18158 t1 huerfana $350990 | Vaporizador Puffco Peak Pine Smart E-Rig
 d=124 | 16077 t3 prod 10548 $9891 | Vaporizador para Cartridge Yocan Flat | PIRANHA
       | 31844 t1 huerfana $350990 | New Peak (Color a elección) -Puffco - Pine
 d=124 | 16077 t3 prod 10548 $9891 | Vaporizador para Cartridge Yocan Flat | PIRANHA
       | 34366 t2 huerfana $39990 | Peak Pro Joystick Cap Puffco - Onyx
 d=124 | 16077 t3 prod 10548 $9891 | Vaporizador para Cartridge Yocan Flat | PIRANHA
       | 37863 t2 huerfana $31990 | Puffco Travel Pack Peak Pro - Naranjo
 d=124 | 16123 t3 prod 10456 $107991 | Puffco Peak Pro 3D Chamber | PIRANHA
       | 32809 t1 huerfana $69990 | VAPORIZADOR HIERBA SECA VANE- YOCAN - Blanco
 d=124 | 16123 t3 prod 10456 $107991 | Puffco Peak Pro 3D Chamber | PIRANHA
       | 32811 t1 huerfana $65990 | VAPORIZADOR HIERBA SECA VANE- YOCAN - Amarillo
 d=124 | 16162 t3 prod 10443 $34791 | Puffco Proxy Joystick Cap | PIRANHA
       | 32806 t1 huerfana $69990 | VAPORIZADOR HIERBA SECA VANE- YOCAN - azul
 d=124 | 16162 t3 prod 10443 $34791 | Puffco Proxy Joystick Cap | PIRANHA
       | 33069 t1 huerfana $32990 | HOT KNIFE EXTRACTOS DIRK YOCAN - Naranjo
 d=124 | 16162 t3 prod 10443 $34791 | Puffco Proxy Joystick Cap | PIRANHA
       | 34370 t2 huerfana $79990 | Puffco Hot Knife - Dabber eléctronico - Negro
 d=124 | 16162 t3 prod 10443 $34791 | Puffco Proxy Joystick Cap | PIRANHA
       | 37863 t2 huerfana $31990 | Puffco Travel Pack Peak Pro - Naranjo
 d=124 | 18011 t1 prod 10548 $10990 | VAPORIZADOR YOCAN FLAT
       | 34366 t2 huerfana $39990 | Peak Pro Joystick Cap Puffco - Onyx
 d=124 | 18011 t1 prod 10548 $10990 | VAPORIZADOR YOCAN FLAT
       | 37863 t2 huerfana $31990 | Puffco Travel Pack Peak Pro - Naranjo
 d=124 | 18202 t1 huerfana $89990 | NEW HOT KNIFE-PUFFCO
       | 34367 t2 prod 10652 $39990 | Peak Pro Joystick Cap Puffco - Pearl
 d=124 | 18583 t2 prod 10652 $39990 | Peak Pro Joystick Cap Puffco
       | 33068 t1 huerfana $32990 | HOT KNIFE EXTRACTOS DIRK YOCAN - CARMINE
 d=124 | 20269 t2 huerfana $19990 | Puffco Peak 3 Bowl Pack
       | 32810 t1 prod 10679 $65990 | VAPORIZADOR HIERBA SECA VANE- YOCAN - Negro
 d=124 | 20269 t2 huerfana $19990 | Puffco Peak 3 Bowl Pack
       | 32914 t1 huerfana $14990 | VAPORIZADOR YOCAN KODO PRO - verde
 d=124 | 20269 t2 huerfana $19990 | Puffco Peak 3 Bowl Pack
       | 32915 t1 huerfana $14990 | VAPORIZADOR YOCAN KODO PRO - Rojo
 d=124 | 20269 t2 huerfana $19990 | Puffco Peak 3 Bowl Pack
       | 33069 t1 huerfana $32990 | HOT KNIFE EXTRACTOS DIRK YOCAN - Naranjo
 d=124 | 31425 t1 huerfana $65990 | VAPORIZADOR YOCAN HIT 2 - azul
       | 34355 t2 prod 10653 $539990 | Puffco Vaporizador New Peak Pro + Chamber 3D XL - Onyx
 d=124 | 31427 t1 huerfana $65990 | VAPORIZADOR YOCAN HIT 2 - Blanco
       | 34355 t2 prod 10653 $539990 | Puffco Vaporizador New Peak Pro + Chamber 3D XL - Onyx
 d=124 | 31430 t1 huerfana $65990 | VAPORIZADOR YOCAN HIT 2 - Morado
       | 34367 t2 prod 10652 $39990 | Peak Pro Joystick Cap Puffco - Pearl
 d=124 | 31852 t1 huerfana $71990 | The Hot Knife -Puffco - ONYX
       | 34372 t2 huerfana $79990 | Puffco Hot Knife - Dabber eléctronico - Pearl
 d=124 | 32915 t1 huerfana $14990 | VAPORIZADOR YOCAN KODO PRO - Rojo
       | 34359 t2 huerfana $99990 | Puffco Vaporizador Plus - Negro
 d=124 | 33068 t1 huerfana $32990 | HOT KNIFE EXTRACTOS DIRK YOCAN - CARMINE
       | 34366 t2 huerfana $39990 | Peak Pro Joystick Cap Puffco - Onyx
 d=124 | 33071 t1 huerfana $32990 | HOT KNIFE EXTRACTOS DIRK YOCAN - LEMON
       | 37527 t2 huerfana $24990 | Calvo Batería Hide Cartridge 510 - Rosado
 d=124 | 33092 t1 prod 10548 $9990 | VAPORIZADOR YOCAN FLAT - Plata
       | 34366 t2 huerfana $39990 | Peak Pro Joystick Cap Puffco - Onyx
 d=124 | 33092 t1 prod 10548 $9990 | VAPORIZADOR YOCAN FLAT - Plata
       | 37863 t2 huerfana $31990 | Puffco Travel Pack Peak Pro - Naranjo
 d=125 | 683 t3 prod 10503 $79992 | Vaporizador de Extractos Yocan Pocket | PIRANHA
       | 32916 t1 huerfana $14990 | VAPORIZADOR YOCAN KODO PRO - Naranjo
 d=125 | 683 t3 prod 10503 $79992 | Vaporizador de Extractos Yocan Pocket | PIRANHA
       | 33069 t1 huerfana $32990 | HOT KNIFE EXTRACTOS DIRK YOCAN - Naranjo
 d=125 | 683 t3 prod 10503 $79992 | Vaporizador de Extractos Yocan Pocket | PIRANHA
       | 33072 t1 huerfana $32990 | HOT KNIFE EXTRACTOS DIRK YOCAN - TURQOISE
 d=125 | 683 t3 prod 10503 $79992 | Vaporizador de Extractos Yocan Pocket | PIRANHA
       | 34370 t2 huerfana $79990 | Puffco Hot Knife - Dabber eléctronico - Negro
 d=125 | 3203 t4 prod 10614 $4500 | Dual Dabbers Classic Bongalab - GB The Green Brand
       | 18202 t1 huerfana $89990 | NEW HOT KNIFE-PUFFCO
 d=125 | 11554 t4 huerfana $3300 | Dabber Espátula Lecron Acero Inoxidable | Herramienta p
       | 33073 t1 huerfana $32990 | HOT KNIFE EXTRACTOS DIRK YOCAN - LILAC
 d=125 | 12399 t1 prod 10611 $46990 | YOCAN BLACK DEEPER CHAMBER 10MM CLOUD 3.1
       | 20269 t2 huerfana $19990 | Puffco Peak 3 Bowl Pack
 d=125 | 12999 t2 prod 10207 $99990 | Puffco Vaporizador Plus
       | 32921 t1 huerfana $14990 | VAPORIZADOR YOCAN KODO PRO - Negro
 d=125 | 13000 t2 prod 10312 $79990 | Puffco Hot Knife - Dabber eléctronico
       | 31426 t1 huerfana $65990 | VAPORIZADOR YOCAN HIT 2 - verde
 d=125 | 15715 t3 prod 10214 $66491 | Vaporizador de Hierbas Secas Yocan Hit 2 | PIRANHA
       | 32921 t1 huerfana $14990 | VAPORIZADOR YOCAN KODO PRO - Negro
 d=125 | 15715 t3 prod 10214 $66491 | Vaporizador de Hierbas Secas Yocan Hit 2 | PIRANHA
       | 34372 t2 huerfana $79990 | Puffco Hot Knife - Dabber eléctronico - Pearl
 d=125 | 16123 t3 prod 10456 $107991 | Puffco Peak Pro 3D Chamber | PIRANHA
       | 20302 t2 huerfana $2990 | Dabber
 d=125 | 16160 t3 prod 10652 $34791 | Puffco Peak Pro Joystick Cap | PIRANHA
       | 18205 t1 huerfana $179990 | Proxy Wizard Dessert-Puffco
 d=125 | 16162 t3 prod 10443 $34791 | Puffco Proxy Joystick Cap | PIRANHA
       | 18153 t1 huerfana $159990 | Accesorio Extractos New Proxy Wizard Haze-Puffco
 d=125 | 16162 t3 prod 10443 $34791 | Puffco Proxy Joystick Cap | PIRANHA
       | 20302 t2 huerfana $2990 | Dabber
 d=125 | 16162 t3 prod 10443 $34791 | Puffco Proxy Joystick Cap | PIRANHA
       | 33066 t1 huerfana $32990 | HOT KNIFE EXTRACTOS DIRK YOCAN - verde
 d=125 | 16162 t3 prod 10443 $34791 | Puffco Proxy Joystick Cap | PIRANHA
       | 33071 t1 huerfana $32990 | HOT KNIFE EXTRACTOS DIRK YOCAN - LEMON
 d=125 | 16162 t3 prod 10443 $34791 | Puffco Proxy Joystick Cap | PIRANHA
       | 34372 t2 huerfana $79990 | Puffco Hot Knife - Dabber eléctronico - Pearl
 d=125 | 16162 t3 prod 10443 $34791 | Puffco Proxy Joystick Cap | PIRANHA
       | 34374 t2 huerfana $79990 | Puffco Hot Knife - Dabber eléctronico - Onyx
 d=125 | 18012 t1 prod 10503 $99990 | VAPORIZADOR YOCAN POCKET
       | 34370 t2 huerfana $79990 | Puffco Hot Knife - Dabber eléctronico - Negro
 d=125 | 18196 t1 huerfana $219990 | Peak Travel Glass Ultraviolet Purple-Puffco
       | 34372 t2 huerfana $79990 | Puffco Hot Knife - Dabber eléctronico - Pearl
 d=125 | 18202 t1 huerfana $89990 | NEW HOT KNIFE-PUFFCO
       | 37826 t2 huerfana $69990 | Vaporizador DaVinci Artiq Cartridge - Grey
 d=125 | 20269 t2 huerfana $19990 | Puffco Peak 3 Bowl Pack
       | 31426 t1 huerfana $65990 | VAPORIZADOR YOCAN HIT 2 - verde
 d=125 | 20301 t2 huerfana $69990 | Vaporizador DaVinci Artiq Cartridge
       | 32921 t1 huerfana $14990 | VAPORIZADOR YOCAN KODO PRO - Negro
 d=125 | 31426 t1 huerfana $65990 | VAPORIZADOR YOCAN HIT 2 - verde
       | 34367 t2 prod 10652 $39990 | Peak Pro Joystick Cap Puffco - Pearl
 d=125 | 31426 t1 huerfana $65990 | VAPORIZADOR YOCAN HIT 2 - verde
       | 34370 t2 huerfana $79990 | Puffco Hot Knife - Dabber eléctronico - Negro
 d=125 | 31428 t1 huerfana $65990 | VAPORIZADOR YOCAN HIT 2 - Rosa
       | 34372 t2 huerfana $79990 | Puffco Hot Knife - Dabber eléctronico - Pearl
 d=125 | 31429 t1 prod 10214 $65990 | VAPORIZADOR YOCAN HIT 2 - Negro
       | 34360 t2 huerfana $104990 | Puffco Vaporizador Plus - Tornasol
 d=125 | 31770 t1 huerfana $293990 | Vaporizador Proxy -Puffco - FLOURINSH
       | 34362 t2 prod 10662 $349990 | Puffco Vaporizador Proxy - Storm
 d=125 | 32919 t1 huerfana $14990 | VAPORIZADOR YOCAN KODO PRO - Verde azulado
       | 34372 t2 huerfana $79990 | Puffco Hot Knife - Dabber eléctronico - Pearl
 d=125 | 32921 t1 huerfana $14990 | VAPORIZADOR YOCAN KODO PRO - Negro
       | 34360 t2 huerfana $104990 | Puffco Vaporizador Plus - Tornasol
 d=125 | 32921 t1 huerfana $14990 | VAPORIZADOR YOCAN KODO PRO - Negro
       | 37825 t2 huerfana $69990 | Vaporizador DaVinci Artiq Cartridge - Negro
 d=125 | 33073 t1 huerfana $32990 | HOT KNIFE EXTRACTOS DIRK YOCAN - LILAC
       | 37541 t2 huerfana $5990 | Dabber Calavera - Dorado
 d=125 | 33091 t1 prod 10548 $9990 | VAPORIZADOR YOCAN FLAT - Negro
       | 34366 t2 huerfana $39990 | Peak Pro Joystick Cap Puffco - Onyx
 d=125 | 33093 t1 prod 10503 $94990 | VAPORIZADOR YOCAN POCKET - azul
       | 39077 t3 huerfana $9592 | Batería Vaporizador Cartridge Airis V2.0 - Airistech | 
 d=125 | 33095 t1 prod 10503 $94990 | VAPORIZADOR YOCAN POCKET - Plata
       | 34370 t2 huerfana $79990 | Puffco Hot Knife - Dabber eléctronico - Negro
 d=126 | 2481 t2 prod 10649 $459990 | Puffco Vaporizador Peak Pro
       | 18202 t1 huerfana $89990 | NEW HOT KNIFE-PUFFCO
 d=126 | 11554 t4 huerfana $3300 | Dabber Espátula Lecron Acero Inoxidable | Herramienta p
       | 18154 t1 prod 10615 $159990 | Vaporizador Extractos New Proxy Wizard Onyx-Puffco
 d=126 | 12399 t1 prod 10611 $46990 | YOCAN BLACK DEEPER CHAMBER 10MM CLOUD 3.1
       | 34371 t2 huerfana $79990 | Puffco Hot Knife - Dabber eléctronico - Verde
 d=126 | 12999 t2 prod 10207 $99990 | Puffco Vaporizador Plus
       | 31430 t1 huerfana $65990 | VAPORIZADOR YOCAN HIT 2 - Morado
 d=126 | 15715 t3 prod 10214 $66491 | Vaporizador de Hierbas Secas Yocan Hit 2 | PIRANHA
       | 32916 t1 huerfana $14990 | VAPORIZADOR YOCAN KODO PRO - Naranjo
 d=126 | 15715 t3 prod 10214 $66491 | Vaporizador de Hierbas Secas Yocan Hit 2 | PIRANHA
       | 33070 t1 huerfana $34990 | HOT KNIFE EXTRACTOS DIRK YOCAN - Negro
 d=126 | 15904 t3 prod 10493 $29392 | Yocan Dirk Hot Knife | PIRANHA
       | 18158 t1 huerfana $350990 | Vaporizador Puffco Peak Pine Smart E-Rig
 d=126 | 15904 t3 prod 10493 $29392 | Yocan Dirk Hot Knife | PIRANHA
       | 31844 t1 huerfana $350990 | New Peak (Color a elección) -Puffco - Pine
 d=126 | 16077 t3 prod 10548 $9891 | Vaporizador para Cartridge Yocan Flat | PIRANHA
       | 18196 t1 huerfana $219990 | Peak Travel Glass Ultraviolet Purple-Puffco
 d=126 | 16123 t3 prod 10456 $107991 | Puffco Peak Pro 3D Chamber | PIRANHA
       | 33090 t1 huerfana $9990 | VAPORIZADOR YOCAN FLAT - Morado
 d=126 | 16160 t3 prod 10652 $34791 | Puffco Peak Pro Joystick Cap | PIRANHA
       | 37863 t2 huerfana $31990 | Puffco Travel Pack Peak Pro - Naranjo
 d=126 | 18583 t2 prod 10652 $39990 | Peak Pro Joystick Cap Puffco
       | 31430 t1 huerfana $65990 | VAPORIZADOR YOCAN HIT 2 - Morado
 d=126 | 18584 t2 prod 10449 $29990 | Puffco Peak Pro Ball Cap
       | 31427 t1 huerfana $65990 | VAPORIZADOR YOCAN HIT 2 - Blanco
 d=126 | 20301 t2 huerfana $69990 | Vaporizador DaVinci Artiq Cartridge
       | 33072 t1 huerfana $32990 | HOT KNIFE EXTRACTOS DIRK YOCAN - TURQOISE
 d=126 | 31430 t1 huerfana $65990 | VAPORIZADOR YOCAN HIT 2 - Morado
       | 34360 t2 huerfana $104990 | Puffco Vaporizador Plus - Tornasol
 d=126 | 31430 t1 huerfana $65990 | VAPORIZADOR YOCAN HIT 2 - Morado
       | 34366 t2 huerfana $39990 | Peak Pro Joystick Cap Puffco - Onyx
 d=126 | 32916 t1 huerfana $14990 | VAPORIZADOR YOCAN KODO PRO - Naranjo
       | 37862 t2 prod 10450 $31990 | Puffco Travel Pack Peak Pro - Verde
 d=126 | 33066 t1 huerfana $32990 | HOT KNIFE EXTRACTOS DIRK YOCAN - verde
       | 37527 t2 huerfana $24990 | Calvo Batería Hide Cartridge 510 - Rosado
 d=126 | 33072 t1 huerfana $32990 | HOT KNIFE EXTRACTOS DIRK YOCAN - TURQOISE
       | 37825 t2 huerfana $69990 | Vaporizador DaVinci Artiq Cartridge - Negro
 d=126 | 33088 t1 prod 10548 $9990 | VAPORIZADOR YOCAN FLAT - verde
       | 37826 t2 huerfana $69990 | Vaporizador DaVinci Artiq Cartridge - Grey
 d=127 | 683 t3 prod 10503 $79992 | Vaporizador de Extractos Yocan Pocket | PIRANHA
       | 33068 t1 huerfana $32990 | HOT KNIFE EXTRACTOS DIRK YOCAN - CARMINE
 d=127 | 11554 t4 huerfana $3300 | Dabber Espátula Lecron Acero Inoxidable | Herramienta p
       | 33088 t1 prod 10548 $9990 | VAPORIZADOR YOCAN FLAT - verde
 d=127 | 11554 t4 huerfana $3300 | Dabber Espátula Lecron Acero Inoxidable | Herramienta p
       | 34373 t2 huerfana $79990 | Puffco Hot Knife - Dabber eléctronico - Dessert
 d=127 | 11610 t4 prod 10207 $108000 | Puffco Plus | Vaporizador portátil ➤ Growbarato Chile
       | 34374 t2 huerfana $79990 | Puffco Hot Knife - Dabber eléctronico - Onyx
 d=127 | 15715 t3 prod 10214 $66491 | Vaporizador de Hierbas Secas Yocan Hit 2 | PIRANHA
       | 33065 t1 huerfana $32990 | HOT KNIFE EXTRACTOS DIRK YOCAN - azul
 d=127 | 15904 t3 prod 10493 $29392 | Yocan Dirk Hot Knife | PIRANHA
       | 37527 t2 huerfana $24990 | Calvo Batería Hide Cartridge 510 - Rosado
 d=127 | 16123 t3 prod 10456 $107991 | Puffco Peak Pro 3D Chamber | PIRANHA
       | 37826 t2 huerfana $69990 | Vaporizador DaVinci Artiq Cartridge - Grey
 d=127 | 16160 t3 prod 10652 $34791 | Puffco Peak Pro Joystick Cap | PIRANHA
       | 32807 t1 huerfana $65990 | VAPORIZADOR HIERBA SECA VANE- YOCAN - verde
 d=127 | 16198 t3 prod 10458 $94991 | Puffco Pivot 3D Chamber (2-Pack) | PIRANHA
       | 34366 t2 huerfana $39990 | Peak Pro Joystick Cap Puffco - Onyx
 d=127 | 18008 t1 prod 10493 $34990 | HOT KNIFE EXTRACTOS DIRK YOCAN
       | 34366 t2 huerfana $39990 | Peak Pro Joystick Cap Puffco - Onyx
 d=127 | 18583 t2 prod 10652 $39990 | Peak Pro Joystick Cap Puffco
       | 33065 t1 huerfana $32990 | HOT KNIFE EXTRACTOS DIRK YOCAN - azul
 d=127 | 18583 t2 prod 10652 $39990 | Peak Pro Joystick Cap Puffco
       | 33067 t1 huerfana $32990 | HOT KNIFE EXTRACTOS DIRK YOCAN - IVORY
 d=127 | 18584 t2 prod 10449 $29990 | Puffco Peak Pro Ball Cap
       | 31430 t1 huerfana $65990 | VAPORIZADOR YOCAN HIT 2 - Morado
 d=127 | 20269 t2 huerfana $19990 | Puffco Peak 3 Bowl Pack
       | 33087 t1 huerfana $9990 | VAPORIZADOR YOCAN FLAT - azul
 d=127 | 20301 t2 huerfana $69990 | Vaporizador DaVinci Artiq Cartridge
       | 32918 t1 huerfana $14990 | VAPORIZADOR YOCAN KODO PRO - Rosa
 d=127 | 32811 t1 huerfana $65990 | VAPORIZADOR HIERBA SECA VANE- YOCAN - Amarillo
       | 34371 t2 huerfana $79990 | Puffco Hot Knife - Dabber eléctronico - Verde
 d=127 | 32811 t1 huerfana $65990 | VAPORIZADOR HIERBA SECA VANE- YOCAN - Amarillo
       | 34374 t2 huerfana $79990 | Puffco Hot Knife - Dabber eléctronico - Onyx
 d=127 | 32918 t1 huerfana $14990 | VAPORIZADOR YOCAN KODO PRO - Rosa
       | 37825 t2 huerfana $69990 | Vaporizador DaVinci Artiq Cartridge - Negro
 d=127 | 32920 t1 huerfana $14990 | VAPORIZADOR YOCAN KODO PRO - Morado
       | 34372 t2 huerfana $79990 | Puffco Hot Knife - Dabber eléctronico - Pearl
 d=127 | 32920 t1 huerfana $14990 | VAPORIZADOR YOCAN KODO PRO - Morado
       | 34373 t2 huerfana $79990 | Puffco Hot Knife - Dabber eléctronico - Dessert
 d=127 | 33065 t1 huerfana $32990 | HOT KNIFE EXTRACTOS DIRK YOCAN - azul
       | 34366 t2 huerfana $39990 | Peak Pro Joystick Cap Puffco - Onyx
 d=127 | 33067 t1 huerfana $32990 | HOT KNIFE EXTRACTOS DIRK YOCAN - IVORY
       | 34366 t2 huerfana $39990 | Peak Pro Joystick Cap Puffco - Onyx
 d=127 | 33069 t1 huerfana $32990 | HOT KNIFE EXTRACTOS DIRK YOCAN - Naranjo
       | 37527 t2 huerfana $24990 | Calvo Batería Hide Cartridge 510 - Rosado
 d=127 | 33094 t1 huerfana $94990 | VAPORIZADOR YOCAN POCKET - verde
       | 34371 t2 huerfana $79990 | Puffco Hot Knife - Dabber eléctronico - Verde
 d=128 | 683 t3 prod 10503 $79992 | Vaporizador de Extractos Yocan Pocket | PIRANHA
       | 33066 t1 huerfana $32990 | HOT KNIFE EXTRACTOS DIRK YOCAN - verde
 d=128 | 2481 t2 prod 10649 $459990 | Puffco Vaporizador Peak Pro
       | 32809 t1 huerfana $69990 | VAPORIZADOR HIERBA SECA VANE- YOCAN - Blanco
 d=128 | 3203 t4 prod 10614 $4500 | Dual Dabbers Classic Bongalab - GB The Green Brand
       | 18205 t1 huerfana $179990 | Proxy Wizard Dessert-Puffco
 d=128 | 3203 t4 prod 10614 $4500 | Dual Dabbers Classic Bongalab - GB The Green Brand
       | 31427 t1 huerfana $65990 | VAPORIZADOR YOCAN HIT 2 - Blanco
 d=128 | 11554 t4 huerfana $3300 | Dabber Espátula Lecron Acero Inoxidable | Herramienta p
       | 16077 t3 prod 10548 $9891 | Vaporizador para Cartridge Yocan Flat | PIRANHA
 d=128 | 11554 t4 huerfana $3300 | Dabber Espátula Lecron Acero Inoxidable | Herramienta p
       | 18011 t1 prod 10548 $10990 | VAPORIZADOR YOCAN FLAT
 d=128 | 11554 t4 huerfana $3300 | Dabber Espátula Lecron Acero Inoxidable | Herramienta p
       | 33092 t1 prod 10548 $9990 | VAPORIZADOR YOCAN FLAT - Plata
 d=128 | 15715 t3 prod 10214 $66491 | Vaporizador de Hierbas Secas Yocan Hit 2 | PIRANHA
       | 20269 t2 huerfana $19990 | Puffco Peak 3 Bowl Pack
 d=128 | 15715 t3 prod 10214 $66491 | Vaporizador de Hierbas Secas Yocan Hit 2 | PIRANHA
       | 37541 t2 huerfana $5990 | Dabber Calavera - Dorado
 d=128 | 15904 t3 prod 10493 $29392 | Yocan Dirk Hot Knife | PIRANHA
       | 32919 t1 huerfana $14990 | VAPORIZADOR YOCAN KODO PRO - Verde azulado
 d=128 | 16160 t3 prod 10652 $34791 | Puffco Peak Pro Joystick Cap | PIRANHA
       | 33094 t1 huerfana $94990 | VAPORIZADOR YOCAN POCKET - verde
 d=128 | 18153 t1 huerfana $159990 | Accesorio Extractos New Proxy Wizard Haze-Puffco
       | 34374 t2 huerfana $79990 | Puffco Hot Knife - Dabber eléctronico - Onyx
 d=128 | 18583 t2 prod 10652 $39990 | Peak Pro Joystick Cap Puffco
       | 32914 t1 huerfana $14990 | VAPORIZADOR YOCAN KODO PRO - verde
 d=128 | 18584 t2 prod 10449 $29990 | Puffco Peak Pro Ball Cap
       | 32918 t1 huerfana $14990 | VAPORIZADOR YOCAN KODO PRO - Rosa
 d=128 | 20269 t2 huerfana $19990 | Puffco Peak 3 Bowl Pack
       | 31428 t1 huerfana $65990 | VAPORIZADOR YOCAN HIT 2 - Rosa
 d=128 | 31428 t1 huerfana $65990 | VAPORIZADOR YOCAN HIT 2 - Rosa
       | 37541 t2 huerfana $5990 | Dabber Calavera - Dorado
 d=128 | 31852 t1 huerfana $71990 | The Hot Knife -Puffco - ONYX
       | 34355 t2 prod 10653 $539990 | Puffco Vaporizador New Peak Pro + Chamber 3D XL - Onyx
 d=128 | 32810 t1 prod 10679 $65990 | VAPORIZADOR HIERBA SECA VANE- YOCAN - Negro
       | 37541 t2 huerfana $5990 | Dabber Calavera - Dorado
 d=128 | 32914 t1 huerfana $14990 | VAPORIZADOR YOCAN KODO PRO - verde
       | 34366 t2 huerfana $39990 | Peak Pro Joystick Cap Puffco - Onyx
 d=128 | 32916 t1 huerfana $14990 | VAPORIZADOR YOCAN KODO PRO - Naranjo
       | 34359 t2 huerfana $99990 | Puffco Vaporizador Plus - Negro
 d=128 | 32916 t1 huerfana $14990 | VAPORIZADOR YOCAN KODO PRO - Naranjo
       | 37863 t2 huerfana $31990 | Puffco Travel Pack Peak Pro - Naranjo
 d=128 | 33070 t1 huerfana $34990 | HOT KNIFE EXTRACTOS DIRK YOCAN - Negro
       | 37541 t2 huerfana $5990 | Dabber Calavera - Dorado
 d=128 | 33093 t1 prod 10503 $94990 | VAPORIZADOR YOCAN POCKET - azul
       | 34372 t2 huerfana $79990 | Puffco Hot Knife - Dabber eléctronico - Pearl
 d=128 | 33093 t1 prod 10503 $94990 | VAPORIZADOR YOCAN POCKET - azul
       | 37527 t2 huerfana $24990 | Calvo Batería Hide Cartridge 510 - Rosado
 d=128 | 33096 t1 huerfana $94990 | VAPORIZADOR YOCAN POCKET - Rosa
       | 37541 t2 huerfana $5990 | Dabber Calavera - Dorado
 d=129 | 683 t3 prod 10503 $79992 | Vaporizador de Extractos Yocan Pocket | PIRANHA
       | 20269 t2 huerfana $19990 | Puffco Peak 3 Bowl Pack
 d=129 | 683 t3 prod 10503 $79992 | Vaporizador de Extractos Yocan Pocket | PIRANHA
       | 32811 t1 huerfana $65990 | VAPORIZADOR HIERBA SECA VANE- YOCAN - Amarillo
 d=129 | 683 t3 prod 10503 $79992 | Vaporizador de Extractos Yocan Pocket | PIRANHA
       | 34359 t2 huerfana $99990 | Puffco Vaporizador Plus - Negro
 d=129 | 11610 t4 prod 10207 $108000 | Puffco Plus | Vaporizador portátil ➤ Growbarato Chile
       | 31852 t1 huerfana $71990 | The Hot Knife -Puffco - ONYX
 d=129 | 12399 t1 prod 10611 $46990 | YOCAN BLACK DEEPER CHAMBER 10MM CLOUD 3.1
       | 20301 t2 huerfana $69990 | Vaporizador DaVinci Artiq Cartridge
 d=129 | 12399 t1 prod 10611 $46990 | YOCAN BLACK DEEPER CHAMBER 10MM CLOUD 3.1
       | 37825 t2 huerfana $69990 | Vaporizador DaVinci Artiq Cartridge - Negro
 d=129 | 13000 t2 prod 10312 $79990 | Puffco Hot Knife - Dabber eléctronico
       | 31425 t1 huerfana $65990 | VAPORIZADOR YOCAN HIT 2 - azul
 d=129 | 15715 t3 prod 10214 $66491 | Vaporizador de Hierbas Secas Yocan Hit 2 | PIRANHA
       | 34374 t2 huerfana $79990 | Puffco Hot Knife - Dabber eléctronico - Onyx
 d=129 | 16077 t3 prod 10548 $9891 | Vaporizador para Cartridge Yocan Flat | PIRANHA
       | 18153 t1 huerfana $159990 | Accesorio Extractos New Proxy Wizard Haze-Puffco
 d=129 | 16123 t3 prod 10456 $107991 | Puffco Peak Pro 3D Chamber | PIRANHA
       | 18153 t1 huerfana $159990 | Accesorio Extractos New Proxy Wizard Haze-Puffco
 d=129 | 17931 t1 prod 10521 $15990 | VAPORIZADOR YOCAN KODO PRO
       | 34372 t2 huerfana $79990 | Puffco Hot Knife - Dabber eléctronico - Pearl
 d=129 | 18008 t1 prod 10493 $34990 | HOT KNIFE EXTRACTOS DIRK YOCAN
       | 20301 t2 huerfana $69990 | Vaporizador DaVinci Artiq Cartridge
 d=129 | 18008 t1 prod 10493 $34990 | HOT KNIFE EXTRACTOS DIRK YOCAN
       | 37825 t2 huerfana $69990 | Vaporizador DaVinci Artiq Cartridge - Negro
 d=129 | 18012 t1 prod 10503 $99990 | VAPORIZADOR YOCAN POCKET
       | 20269 t2 huerfana $19990 | Puffco Peak 3 Bowl Pack
 d=129 | 18012 t1 prod 10503 $99990 | VAPORIZADOR YOCAN POCKET
       | 34359 t2 huerfana $99990 | Puffco Vaporizador Plus - Negro
 d=129 | 18175 t1 huerfana $109990 | Vaporizador New Plus White-Puffco
       | 34359 t2 huerfana $99990 | Puffco Vaporizador Plus - Negro
 d=129 | 18202 t1 huerfana $89990 | NEW HOT KNIFE-PUFFCO
       | 20302 t2 huerfana $2990 | Dabber
 d=129 | 18583 t2 prod 10652 $39990 | Peak Pro Joystick Cap Puffco
       | 31426 t1 huerfana $65990 | VAPORIZADOR YOCAN HIT 2 - verde
 d=129 | 18583 t2 prod 10652 $39990 | Peak Pro Joystick Cap Puffco
       | 33073 t1 huerfana $32990 | HOT KNIFE EXTRACTOS DIRK YOCAN - LILAC
 d=129 | 18585 t2 prod 10433 $104990 | Puffco Peak Pro Glass
       | 33090 t1 huerfana $9990 | VAPORIZADOR YOCAN FLAT - Morado
 d=129 | 20269 t2 huerfana $19990 | Puffco Peak 3 Bowl Pack
       | 33093 t1 prod 10503 $94990 | VAPORIZADOR YOCAN POCKET - azul
 d=129 | 20269 t2 huerfana $19990 | Puffco Peak 3 Bowl Pack
       | 33095 t1 prod 10503 $94990 | VAPORIZADOR YOCAN POCKET - Plata
 d=129 | 20301 t2 huerfana $69990 | Vaporizador DaVinci Artiq Cartridge
       | 33066 t1 huerfana $32990 | HOT KNIFE EXTRACTOS DIRK YOCAN - verde
 d=129 | 20301 t2 huerfana $69990 | Vaporizador DaVinci Artiq Cartridge
       | 33067 t1 huerfana $32990 | HOT KNIFE EXTRACTOS DIRK YOCAN - IVORY
 d=129 | 20301 t2 huerfana $69990 | Vaporizador DaVinci Artiq Cartridge
       | 33071 t1 huerfana $32990 | HOT KNIFE EXTRACTOS DIRK YOCAN - LEMON
 d=129 | 31425 t1 huerfana $65990 | VAPORIZADOR YOCAN HIT 2 - azul
       | 34359 t2 huerfana $99990 | Puffco Vaporizador Plus - Negro
 d=129 | 31425 t1 huerfana $65990 | VAPORIZADOR YOCAN HIT 2 - azul
       | 34370 t2 huerfana $79990 | Puffco Hot Knife - Dabber eléctronico - Negro
 d=129 | 31426 t1 huerfana $65990 | VAPORIZADOR YOCAN HIT 2 - verde
       | 34366 t2 huerfana $39990 | Peak Pro Joystick Cap Puffco - Onyx
 d=129 | 31428 t1 huerfana $65990 | VAPORIZADOR YOCAN HIT 2 - Rosa
       | 34374 t2 huerfana $79990 | Puffco Hot Knife - Dabber eléctronico - Onyx
 d=129 | 31852 t1 huerfana $71990 | The Hot Knife -Puffco - ONYX
       | 37862 t2 prod 10450 $31990 | Puffco Travel Pack Peak Pro - Verde
 d=129 | 32917 t1 huerfana $14990 | VAPORIZADOR YOCAN KODO PRO - Blanco
       | 34372 t2 huerfana $79990 | Puffco Hot Knife - Dabber eléctronico - Pearl
 d=129 | 32919 t1 huerfana $14990 | VAPORIZADOR YOCAN KODO PRO - Verde azulado
       | 34355 t2 prod 10653 $539990 | Puffco Vaporizador New Peak Pro + Chamber 3D XL - Onyx
 d=129 | 32919 t1 huerfana $14990 | VAPORIZADOR YOCAN KODO PRO - Verde azulado
       | 34374 t2 huerfana $79990 | Puffco Hot Knife - Dabber eléctronico - Onyx
 d=129 | 33066 t1 huerfana $32990 | HOT KNIFE EXTRACTOS DIRK YOCAN - verde
       | 37825 t2 huerfana $69990 | Vaporizador DaVinci Artiq Cartridge - Negro
 d=129 | 33067 t1 huerfana $32990 | HOT KNIFE EXTRACTOS DIRK YOCAN - IVORY
       | 37825 t2 huerfana $69990 | Vaporizador DaVinci Artiq Cartridge - Negro
 d=129 | 33071 t1 huerfana $32990 | HOT KNIFE EXTRACTOS DIRK YOCAN - LEMON
       | 37825 t2 huerfana $69990 | Vaporizador DaVinci Artiq Cartridge - Negro
 d=129 | 33072 t1 huerfana $32990 | HOT KNIFE EXTRACTOS DIRK YOCAN - TURQOISE
       | 37527 t2 huerfana $24990 | Calvo Batería Hide Cartridge 510 - Rosado
 d=129 | 33073 t1 huerfana $32990 | HOT KNIFE EXTRACTOS DIRK YOCAN - LILAC
       | 34366 t2 huerfana $39990 | Peak Pro Joystick Cap Puffco - Onyx
 d=129 | 33073 t1 huerfana $32990 | HOT KNIFE EXTRACTOS DIRK YOCAN - LILAC
       | 34367 t2 prod 10652 $39990 | Peak Pro Joystick Cap Puffco - Pearl
 d=129 | 33088 t1 prod 10548 $9990 | VAPORIZADOR YOCAN FLAT - verde
       | 34366 t2 huerfana $39990 | Peak Pro Joystick Cap Puffco - Onyx
 d=129 | 33095 t1 prod 10503 $94990 | VAPORIZADOR YOCAN POCKET - Plata
       | 34359 t2 huerfana $99990 | Puffco Vaporizador Plus - Negro
 d=129 | 33096 t1 huerfana $94990 | VAPORIZADOR YOCAN POCKET - Rosa
       | 34374 t2 huerfana $79990 | Puffco Hot Knife - Dabber eléctronico - Onyx
 d=129 | 33097 t1 prod 10503 $94990 | VAPORIZADOR YOCAN POCKET - Negro
       | 39077 t3 huerfana $9592 | Batería Vaporizador Cartridge Airis V2.0 - Airistech | 
 d=129 | 34355 t2 prod 10653 $539990 | Puffco Vaporizador New Peak Pro + Chamber 3D XL - Onyx
       | 39077 t3 huerfana $9592 | Batería Vaporizador Cartridge Airis V2.0 - Airistech | 
 d=130 | 657 t2 prod 10648 $269990 | Vaporizador Puffco Peak 2024
       | 31843 t1 huerfana $314990 | New Peak (Color a elección) -Puffco - Cloud
 d=130 | 683 t3 prod 10503 $79992 | Vaporizador de Extractos Yocan Pocket | PIRANHA
       | 31426 t1 huerfana $65990 | VAPORIZADOR YOCAN HIT 2 - verde
 d=130 | 683 t3 prod 10503 $79992 | Vaporizador de Extractos Yocan Pocket | PIRANHA
       | 33071 t1 huerfana $32990 | HOT KNIFE EXTRACTOS DIRK YOCAN - LEMON
 d=130 | 3203 t4 prod 10614 $4500 | Dual Dabbers Classic Bongalab - GB The Green Brand
       | 31852 t1 huerfana $71990 | The Hot Knife -Puffco - ONYX
 d=130 | 11554 t4 huerfana $3300 | Dabber Espátula Lecron Acero Inoxidable | Herramienta p
       | 18583 t2 prod 10652 $39990 | Peak Pro Joystick Cap Puffco
 d=130 | 11554 t4 huerfana $3300 | Dabber Espátula Lecron Acero Inoxidable | Herramienta p
       | 31430 t1 huerfana $65990 | VAPORIZADOR YOCAN HIT 2 - Morado
 d=130 | 11554 t4 huerfana $3300 | Dabber Espátula Lecron Acero Inoxidable | Herramienta p
       | 34366 t2 huerfana $39990 | Peak Pro Joystick Cap Puffco - Onyx
 d=130 | 11554 t4 huerfana $3300 | Dabber Espátula Lecron Acero Inoxidable | Herramienta p
       | 37541 t2 huerfana $5990 | Dabber Calavera - Dorado
 d=130 | 11554 t4 huerfana $3300 | Dabber Espátula Lecron Acero Inoxidable | Herramienta p
       | 39077 t3 huerfana $9592 | Batería Vaporizador Cartridge Airis V2.0 - Airistech | 
 d=130 | 12638 t1 prod 10642 $69990 | VAPORIZADOR HIERBA SECA VANE- YOCAN
       | 20301 t2 huerfana $69990 | Vaporizador DaVinci Artiq Cartridge
 d=130 | 12638 t1 prod 10642 $69990 | VAPORIZADOR HIERBA SECA VANE- YOCAN
       | 37825 t2 huerfana $69990 | Vaporizador DaVinci Artiq Cartridge - Negro
 d=130 | 13000 t2 prod 10312 $79990 | Puffco Hot Knife - Dabber eléctronico
       | 31428 t1 huerfana $65990 | VAPORIZADOR YOCAN HIT 2 - Rosa
 d=130 | 13000 t2 prod 10312 $79990 | Puffco Hot Knife - Dabber eléctronico
       | 33096 t1 huerfana $94990 | VAPORIZADOR YOCAN POCKET - Rosa
 d=130 | 15715 t3 prod 10214 $66491 | Vaporizador de Hierbas Secas Yocan Hit 2 | PIRANHA
       | 33072 t1 huerfana $32990 | HOT KNIFE EXTRACTOS DIRK YOCAN - TURQOISE
 d=130 | 15715 t3 prod 10214 $66491 | Vaporizador de Hierbas Secas Yocan Hit 2 | PIRANHA
       | 34370 t2 huerfana $79990 | Puffco Hot Knife - Dabber eléctronico - Negro
 d=130 | 15904 t3 prod 10493 $29392 | Yocan Dirk Hot Knife | PIRANHA
       | 20301 t2 huerfana $69990 | Vaporizador DaVinci Artiq Cartridge
 d=130 | 15904 t3 prod 10493 $29392 | Yocan Dirk Hot Knife | PIRANHA
       | 37825 t2 huerfana $69990 | Vaporizador DaVinci Artiq Cartridge - Negro
 d=130 | 16068 t3 prod 10521 $14391 | Vaporizador para Cartridge Yocan Kodo Pro | PIRANHA
       | 18196 t1 huerfana $219990 | Peak Travel Glass Ultraviolet Purple-Puffco
 d=130 | 16123 t3 prod 10456 $107991 | Puffco Peak Pro 3D Chamber | PIRANHA
       | 34366 t2 huerfana $39990 | Peak Pro Joystick Cap Puffco - Onyx
 d=130 | 16162 t3 prod 10443 $34791 | Puffco Proxy Joystick Cap | PIRANHA
       | 33094 t1 huerfana $94990 | VAPORIZADOR YOCAN POCKET - verde
 d=130 | 18175 t1 huerfana $109990 | Vaporizador New Plus White-Puffco
       | 34373 t2 huerfana $79990 | Puffco Hot Knife - Dabber eléctronico - Dessert
 d=130 | 18196 t1 huerfana $219990 | Peak Travel Glass Ultraviolet Purple-Puffco
       | 37541 t2 huerfana $5990 | Dabber Calavera - Dorado
 d=130 | 20269 t2 huerfana $19990 | Puffco Peak 3 Bowl Pack
       | 33089 t1 huerfana $9990 | VAPORIZADOR YOCAN FLAT - Rojo
 d=130 | 20269 t2 huerfana $19990 | Puffco Peak 3 Bowl Pack
       | 33090 t1 huerfana $9990 | VAPORIZADOR YOCAN FLAT - Morado
 d=130 | 20301 t2 huerfana $69990 | Vaporizador DaVinci Artiq Cartridge
       | 32809 t1 huerfana $69990 | VAPORIZADOR HIERBA SECA VANE- YOCAN - Blanco
 d=130 | 20301 t2 huerfana $69990 | Vaporizador DaVinci Artiq Cartridge
       | 33069 t1 huerfana $32990 | HOT KNIFE EXTRACTOS DIRK YOCAN - Naranjo
 d=130 | 31428 t1 huerfana $65990 | VAPORIZADOR YOCAN HIT 2 - Rosa
       | 34367 t2 prod 10652 $39990 | Peak Pro Joystick Cap Puffco - Pearl
 d=130 | 31428 t1 huerfana $65990 | VAPORIZADOR YOCAN HIT 2 - Rosa
       | 34370 t2 huerfana $79990 | Puffco Hot Knife - Dabber eléctronico - Negro
 d=130 | 31429 t1 prod 10214 $65990 | VAPORIZADOR YOCAN HIT 2 - Negro
       | 37826 t2 huerfana $69990 | Vaporizador DaVinci Artiq Cartridge - Grey
 d=130 | 32809 t1 huerfana $69990 | VAPORIZADOR HIERBA SECA VANE- YOCAN - Blanco
       | 37825 t2 huerfana $69990 | Vaporizador DaVinci Artiq Cartridge - Negro
 d=130 | 32811 t1 huerfana $65990 | VAPORIZADOR HIERBA SECA VANE- YOCAN - Amarillo
       | 39077 t3 huerfana $9592 | Batería Vaporizador Cartridge Airis V2.0 - Airistech | 
 d=130 | 33069 t1 huerfana $32990 | HOT KNIFE EXTRACTOS DIRK YOCAN - Naranjo
       | 37825 t2 huerfana $69990 | Vaporizador DaVinci Artiq Cartridge - Negro
 d=130 | 33070 t1 huerfana $34990 | HOT KNIFE EXTRACTOS DIRK YOCAN - Negro
       | 37863 t2 huerfana $31990 | Puffco Travel Pack Peak Pro - Naranjo
 d=130 | 33096 t1 huerfana $94990 | VAPORIZADOR YOCAN POCKET - Rosa
       | 34370 t2 huerfana $79990 | Puffco Hot Knife - Dabber eléctronico - Negro
 d=130 | 33096 t1 huerfana $94990 | VAPORIZADOR YOCAN POCKET - Rosa
       | 39077 t3 huerfana $9592 | Batería Vaporizador Cartridge Airis V2.0 - Airistech | 
 d=130 | 34367 t2 prod 10652 $39990 | Peak Pro Joystick Cap Puffco - Pearl
       | 39077 t3 huerfana $9592 | Batería Vaporizador Cartridge Airis V2.0 - Airistech | 
 d=131 | 683 t3 prod 10503 $79992 | Vaporizador de Extractos Yocan Pocket | PIRANHA
       | 32806 t1 huerfana $69990 | VAPORIZADOR HIERBA SECA VANE- YOCAN - azul
 d=131 | 3203 t4 prod 10614 $4500 | Dual Dabbers Classic Bongalab - GB The Green Brand
       | 31430 t1 huerfana $65990 | VAPORIZADOR YOCAN HIT 2 - Morado
 d=131 | 11554 t4 huerfana $3300 | Dabber Espátula Lecron Acero Inoxidable | Herramienta p
       | 12335 t1 prod 10214 $69990 | VAPORIZADOR YOCAN HIT 2
 d=131 | 11554 t4 huerfana $3300 | Dabber Espátula Lecron Acero Inoxidable | Herramienta p
       | 31427 t1 huerfana $65990 | VAPORIZADOR YOCAN HIT 2 - Blanco
 d=131 | 11554 t4 huerfana $3300 | Dabber Espátula Lecron Acero Inoxidable | Herramienta p
       | 34372 t2 huerfana $79990 | Puffco Hot Knife - Dabber eléctronico - Pearl
 d=131 | 11554 t4 huerfana $3300 | Dabber Espátula Lecron Acero Inoxidable | Herramienta p
       | 34374 t2 huerfana $79990 | Puffco Hot Knife - Dabber eléctronico - Onyx
 d=131 | 12335 t1 prod 10214 $69990 | VAPORIZADOR YOCAN HIT 2
       | 34360 t2 huerfana $104990 | Puffco Vaporizador Plus - Tornasol
 d=131 | 12335 t1 prod 10214 $69990 | VAPORIZADOR YOCAN HIT 2
       | 34366 t2 huerfana $39990 | Peak Pro Joystick Cap Puffco - Onyx
 d=131 | 12999 t2 prod 10207 $99990 | Puffco Vaporizador Plus
       | 31427 t1 huerfana $65990 | VAPORIZADOR YOCAN HIT 2 - Blanco
 d=131 | 15715 t3 prod 10214 $66491 | Vaporizador de Hierbas Secas Yocan Hit 2 | PIRANHA
       | 33066 t1 huerfana $32990 | HOT KNIFE EXTRACTOS DIRK YOCAN - verde
 d=131 | 16160 t3 prod 10652 $34791 | Puffco Peak Pro Joystick Cap | PIRANHA
       | 18153 t1 huerfana $159990 | Accesorio Extractos New Proxy Wizard Haze-Puffco
 d=131 | 16160 t3 prod 10652 $34791 | Puffco Peak Pro Joystick Cap | PIRANHA
       | 20302 t2 huerfana $2990 | Dabber
 d=131 | 18583 t2 prod 10652 $39990 | Peak Pro Joystick Cap Puffco
       | 31427 t1 huerfana $65990 | VAPORIZADOR YOCAN HIT 2 - Blanco
 d=131 | 20269 t2 huerfana $19990 | Puffco Peak 3 Bowl Pack
       | 31425 t1 huerfana $65990 | VAPORIZADOR YOCAN HIT 2 - azul
 d=131 | 31427 t1 huerfana $65990 | VAPORIZADOR YOCAN HIT 2 - Blanco
       | 34360 t2 huerfana $104990 | Puffco Vaporizador Plus - Tornasol
 d=131 | 31427 t1 huerfana $65990 | VAPORIZADOR YOCAN HIT 2 - Blanco
       | 34366 t2 huerfana $39990 | Peak Pro Joystick Cap Puffco - Onyx
 d=131 | 31430 t1 huerfana $65990 | VAPORIZADOR YOCAN HIT 2 - Morado
       | 37527 t2 huerfana $24990 | Calvo Batería Hide Cartridge 510 - Rosado
 d=131 | 31852 t1 huerfana $71990 | The Hot Knife -Puffco - ONYX
       | 37863 t2 huerfana $31990 | Puffco Travel Pack Peak Pro - Naranjo
 d=131 | 31852 t1 huerfana $71990 | The Hot Knife -Puffco - ONYX
       | 39077 t3 huerfana $9592 | Batería Vaporizador Cartridge Airis V2.0 - Airistech | 
 d=131 | 32809 t1 huerfana $69990 | VAPORIZADOR HIERBA SECA VANE- YOCAN - Blanco
       | 34355 t2 prod 10653 $539990 | Puffco Vaporizador New Peak Pro + Chamber 3D XL - Onyx
 d=131 | 32811 t1 huerfana $65990 | VAPORIZADOR HIERBA SECA VANE- YOCAN - Amarillo
       | 34355 t2 prod 10653 $539990 | Puffco Vaporizador New Peak Pro + Chamber 3D XL - Onyx
 d=131 | 32811 t1 huerfana $65990 | VAPORIZADOR HIERBA SECA VANE- YOCAN - Amarillo
       | 34372 t2 huerfana $79990 | Puffco Hot Knife - Dabber eléctronico - Pearl
 d=131 | 32919 t1 huerfana $14990 | VAPORIZADOR YOCAN KODO PRO - Verde azulado
       | 34371 t2 huerfana $79990 | Puffco Hot Knife - Dabber eléctronico - Verde
 d=131 | 32919 t1 huerfana $14990 | VAPORIZADOR YOCAN KODO PRO - Verde azulado
       | 34373 t2 huerfana $79990 | Puffco Hot Knife - Dabber eléctronico - Dessert
 d=131 | 33065 t1 huerfana $32990 | HOT KNIFE EXTRACTOS DIRK YOCAN - azul
       | 37862 t2 prod 10450 $31990 | Puffco Travel Pack Peak Pro - Verde
 d=131 | 33065 t1 huerfana $32990 | HOT KNIFE EXTRACTOS DIRK YOCAN - azul
       | 37863 t2 huerfana $31990 | Puffco Travel Pack Peak Pro - Naranjo
 d=131 | 33068 t1 huerfana $32990 | HOT KNIFE EXTRACTOS DIRK YOCAN - CARMINE
       | 34355 t2 prod 10653 $539990 | Puffco Vaporizador New Peak Pro + Chamber 3D XL - Onyx
 d=131 | 33073 t1 huerfana $32990 | HOT KNIFE EXTRACTOS DIRK YOCAN - LILAC
       | 37863 t2 huerfana $31990 | Puffco Travel Pack Peak Pro - Naranjo
 d=131 | 33088 t1 prod 10548 $9990 | VAPORIZADOR YOCAN FLAT - verde
       | 34359 t2 huerfana $99990 | Puffco Vaporizador Plus - Negro
 d=131 | 33089 t1 huerfana $9990 | VAPORIZADOR YOCAN FLAT - Rojo
       | 34355 t2 prod 10653 $539990 | Puffco Vaporizador New Peak Pro + Chamber 3D XL - Onyx
 d=131 | 33094 t1 huerfana $94990 | VAPORIZADOR YOCAN POCKET - verde
       | 34373 t2 huerfana $79990 | Puffco Hot Knife - Dabber eléctronico - Dessert
 d=132 | 11554 t4 huerfana $3300 | Dabber Espátula Lecron Acero Inoxidable | Herramienta p
       | 33070 t1 huerfana $34990 | HOT KNIFE EXTRACTOS DIRK YOCAN - Negro
 d=132 | 12399 t1 prod 10611 $46990 | YOCAN BLACK DEEPER CHAMBER 10MM CLOUD 3.1
       | 34373 t2 huerfana $79990 | Puffco Hot Knife - Dabber eléctronico - Dessert
 d=132 | 12399 t1 prod 10611 $46990 | YOCAN BLACK DEEPER CHAMBER 10MM CLOUD 3.1
       | 37826 t2 huerfana $69990 | Vaporizador DaVinci Artiq Cartridge - Grey
 d=132 | 12999 t2 prod 10207 $99990 | Puffco Vaporizador Plus
       | 31428 t1 huerfana $65990 | VAPORIZADOR YOCAN HIT 2 - Rosa
 d=132 | 15715 t3 prod 10214 $66491 | Vaporizador de Hierbas Secas Yocan Hit 2 | PIRANHA
       | 34360 t2 huerfana $104990 | Puffco Vaporizador Plus - Tornasol
 d=132 | 15904 t3 prod 10493 $29392 | Yocan Dirk Hot Knife | PIRANHA
       | 18196 t1 huerfana $219990 | Peak Travel Glass Ultraviolet Purple-Puffco
 d=132 | 16123 t3 prod 10456 $107991 | Puffco Peak Pro 3D Chamber | PIRANHA
       | 18158 t1 huerfana $350990 | Vaporizador Puffco Peak Pine Smart E-Rig
 d=132 | 16123 t3 prod 10456 $107991 | Puffco Peak Pro 3D Chamber | PIRANHA
       | 31844 t1 huerfana $350990 | New Peak (Color a elección) -Puffco - Pine
 d=132 | 16123 t3 prod 10456 $107991 | Puffco Peak Pro 3D Chamber | PIRANHA
       | 32806 t1 huerfana $69990 | VAPORIZADOR HIERBA SECA VANE- YOCAN - azul
 d=132 | 16123 t3 prod 10456 $107991 | Puffco Peak Pro 3D Chamber | PIRANHA
       | 33089 t1 huerfana $9990 | VAPORIZADOR YOCAN FLAT - Rojo
 d=132 | 16123 t3 prod 10456 $107991 | Puffco Peak Pro 3D Chamber | PIRANHA
       | 34359 t2 huerfana $99990 | Puffco Vaporizador Plus - Negro
 d=132 | 16160 t3 prod 10652 $34791 | Puffco Peak Pro Joystick Cap | PIRANHA
       | 32917 t1 huerfana $14990 | VAPORIZADOR YOCAN KODO PRO - Blanco
 d=132 | 16160 t3 prod 10652 $34791 | Puffco Peak Pro Joystick Cap | PIRANHA
       | 34359 t2 huerfana $99990 | Puffco Vaporizador Plus - Negro
 d=132 | 16162 t3 prod 10443 $34791 | Puffco Proxy Joystick Cap | PIRANHA
       | 18196 t1 huerfana $219990 | Peak Travel Glass Ultraviolet Purple-Puffco
 d=132 | 16162 t3 prod 10443 $34791 | Puffco Proxy Joystick Cap | PIRANHA
       | 33096 t1 huerfana $94990 | VAPORIZADOR YOCAN POCKET - Rosa
 d=132 | 17931 t1 prod 10521 $15990 | VAPORIZADOR YOCAN KODO PRO
       | 39077 t3 huerfana $9592 | Batería Vaporizador Cartridge Airis V2.0 - Airistech | 
 d=132 | 18158 t1 huerfana $350990 | Vaporizador Puffco Peak Pine Smart E-Rig
       | 18583 t2 prod 10652 $39990 | Peak Pro Joystick Cap Puffco
 d=132 | 18158 t1 huerfana $350990 | Vaporizador Puffco Peak Pine Smart E-Rig
       | 34366 t2 huerfana $39990 | Peak Pro Joystick Cap Puffco - Onyx
 d=132 | 18196 t1 huerfana $219990 | Peak Travel Glass Ultraviolet Purple-Puffco
       | 34367 t2 prod 10652 $39990 | Peak Pro Joystick Cap Puffco - Pearl
 d=132 | 18583 t2 prod 10652 $39990 | Peak Pro Joystick Cap Puffco
       | 31844 t1 huerfana $350990 | New Peak (Color a elección) -Puffco - Pine
 d=132 | 18583 t2 prod 10652 $39990 | Peak Pro Joystick Cap Puffco
       | 32916 t1 huerfana $14990 | VAPORIZADOR YOCAN KODO PRO - Naranjo
 d=132 | 18583 t2 prod 10652 $39990 | Peak Pro Joystick Cap Puffco
       | 39077 t3 huerfana $9592 | Batería Vaporizador Cartridge Airis V2.0 - Airistech | 
 d=132 | 18584 t2 prod 10449 $29990 | Puffco Peak Pro Ball Cap
       | 31426 t1 huerfana $65990 | VAPORIZADOR YOCAN HIT 2 - verde
 d=132 | 31426 t1 huerfana $65990 | VAPORIZADOR YOCAN HIT 2 - verde
       | 34355 t2 prod 10653 $539990 | Puffco Vaporizador New Peak Pro + Chamber 3D XL - Onyx
 d=132 | 31428 t1 huerfana $65990 | VAPORIZADOR YOCAN HIT 2 - Rosa
       | 34360 t2 huerfana $104990 | Puffco Vaporizador Plus - Tornasol
 d=132 | 31844 t1 huerfana $350990 | New Peak (Color a elección) -Puffco - Pine
       | 34366 t2 huerfana $39990 | Peak Pro Joystick Cap Puffco - Onyx
 d=132 | 32806 t1 huerfana $69990 | VAPORIZADOR HIERBA SECA VANE- YOCAN - azul
       | 37862 t2 prod 10450 $31990 | Puffco Travel Pack Peak Pro - Verde
 d=132 | 32913 t1 prod 10521 $14990 | VAPORIZADOR YOCAN KODO PRO - Amarillo
       | 39077 t3 huerfana $9592 | Batería Vaporizador Cartridge Airis V2.0 - Airistech | 
 d=132 | 32916 t1 huerfana $14990 | VAPORIZADOR YOCAN KODO PRO - Naranjo
       | 34366 t2 huerfana $39990 | Peak Pro Joystick Cap Puffco - Onyx
 d=132 | 32917 t1 huerfana $14990 | VAPORIZADOR YOCAN KODO PRO - Blanco
       | 39077 t3 huerfana $9592 | Batería Vaporizador Cartridge Airis V2.0 - Airistech | 
 d=132 | 32919 t1 huerfana $14990 | VAPORIZADOR YOCAN KODO PRO - Verde azulado
       | 39077 t3 huerfana $9592 | Batería Vaporizador Cartridge Airis V2.0 - Airistech | 
 d=132 | 32920 t1 huerfana $14990 | VAPORIZADOR YOCAN KODO PRO - Morado
       | 39077 t3 huerfana $9592 | Batería Vaporizador Cartridge Airis V2.0 - Airistech | 
 d=132 | 33067 t1 huerfana $32990 | HOT KNIFE EXTRACTOS DIRK YOCAN - IVORY
       | 34355 t2 prod 10653 $539990 | Puffco Vaporizador New Peak Pro + Chamber 3D XL - Onyx
 d=132 | 33070 t1 huerfana $34990 | HOT KNIFE EXTRACTOS DIRK YOCAN - Negro
       | 37862 t2 prod 10450 $31990 | Puffco Travel Pack Peak Pro - Verde
 d=132 | 33089 t1 huerfana $9990 | VAPORIZADOR YOCAN FLAT - Rojo
       | 37862 t2 prod 10450 $31990 | Puffco Travel Pack Peak Pro - Verde
 d=132 | 33089 t1 huerfana $9990 | VAPORIZADOR YOCAN FLAT - Rojo
       | 37863 t2 huerfana $31990 | Puffco Travel Pack Peak Pro - Naranjo
 d=132 | 33094 t1 huerfana $94990 | VAPORIZADOR YOCAN POCKET - verde
       | 34359 t2 huerfana $99990 | Puffco Vaporizador Plus - Negro
 d=132 | 34366 t2 huerfana $39990 | Peak Pro Joystick Cap Puffco - Onyx
       | 39077 t3 huerfana $9592 | Batería Vaporizador Cartridge Airis V2.0 - Airistech | 
 d=133 | 2481 t2 prod 10649 $459990 | Puffco Vaporizador Peak Pro
       | 32918 t1 huerfana $14990 | VAPORIZADOR YOCAN KODO PRO - Rosa
 d=133 | 11554 t4 huerfana $3300 | Dabber Espátula Lecron Acero Inoxidable | Herramienta p
       | 18584 t2 prod 10449 $29990 | Puffco Peak Pro Ball Cap
 d=133 | 11554 t4 huerfana $3300 | Dabber Espátula Lecron Acero Inoxidable | Herramienta p
       | 34371 t2 huerfana $79990 | Puffco Hot Knife - Dabber eléctronico - Verde
 d=133 | 12399 t1 prod 10611 $46990 | YOCAN BLACK DEEPER CHAMBER 10MM CLOUD 3.1
       | 39077 t3 huerfana $9592 | Batería Vaporizador Cartridge Airis V2.0 - Airistech | 
 d=133 | 12999 t2 prod 10207 $99990 | Puffco Vaporizador Plus
       | 31426 t1 huerfana $65990 | VAPORIZADOR YOCAN HIT 2 - verde
 d=133 | 13000 t2 prod 10312 $79990 | Puffco Hot Knife - Dabber eléctronico
       | 18153 t1 huerfana $159990 | Accesorio Extractos New Proxy Wizard Haze-Puffco
 d=133 | 13000 t2 prod 10312 $79990 | Puffco Hot Knife - Dabber eléctronico
       | 18175 t1 huerfana $109990 | Vaporizador New Plus White-Puffco
 d=133 | 15715 t3 prod 10214 $66491 | Vaporizador de Hierbas Secas Yocan Hit 2 | PIRANHA
       | 33067 t1 huerfana $32990 | HOT KNIFE EXTRACTOS DIRK YOCAN - IVORY
 d=133 | 16077 t3 prod 10548 $9891 | Vaporizador para Cartridge Yocan Flat | PIRANHA
       | 37527 t2 huerfana $24990 | Calvo Batería Hide Cartridge 510 - Rosado
 d=133 | 16160 t3 prod 10652 $34791 | Puffco Peak Pro Joystick Cap | PIRANHA
       | 18175 t1 huerfana $109990 | Vaporizador New Plus White-Puffco
 d=133 | 16162 t3 prod 10443 $34791 | Puffco Proxy Joystick Cap | PIRANHA
       | 32807 t1 huerfana $65990 | VAPORIZADOR HIERBA SECA VANE- YOCAN - verde
 d=133 | 16162 t3 prod 10443 $34791 | Puffco Proxy Joystick Cap | PIRANHA
       | 32918 t1 huerfana $14990 | VAPORIZADOR YOCAN KODO PRO - Rosa
 d=133 | 17931 t1 prod 10521 $15990 | VAPORIZADOR YOCAN KODO PRO
       | 34374 t2 huerfana $79990 | Puffco Hot Knife - Dabber eléctronico - Onyx
 d=133 | 18008 t1 prod 10493 $34990 | HOT KNIFE EXTRACTOS DIRK YOCAN
       | 37863 t2 huerfana $31990 | Puffco Travel Pack Peak Pro - Naranjo
 d=133 | 18011 t1 prod 10548 $10990 | VAPORIZADOR YOCAN FLAT
       | 37527 t2 huerfana $24990 | Calvo Batería Hide Cartridge 510 - Rosado
 d=133 | 18153 t1 huerfana $159990 | Accesorio Extractos New Proxy Wizard Haze-Puffco
       | 34370 t2 huerfana $79990 | Puffco Hot Knife - Dabber eléctronico - Negro
 d=133 | 18175 t1 huerfana $109990 | Vaporizador New Plus White-Puffco
       | 34370 t2 huerfana $79990 | Puffco Hot Knife - Dabber eléctronico - Negro
 d=133 | 18581 t2 prod 10443 $349990 | Puffco Vaporizador Proxy
       | 31768 t1 huerfana $349990 | Vaporizador Proxy -Puffco - BLOOM
 d=133 | 18583 t2 prod 10652 $39990 | Peak Pro Joystick Cap Puffco
       | 31852 t1 huerfana $71990 | The Hot Knife -Puffco - ONYX
 d=133 | 18584 t2 prod 10449 $29990 | Puffco Peak Pro Ball Cap
       | 32915 t1 huerfana $14990 | VAPORIZADOR YOCAN KODO PRO - Rojo
 d=133 | 18585 t2 prod 10433 $104990 | Puffco Peak Pro Glass
       | 32920 t1 huerfana $14990 | VAPORIZADOR YOCAN KODO PRO - Morado
 d=133 | 31426 t1 huerfana $65990 | VAPORIZADOR YOCAN HIT 2 - verde
       | 34360 t2 huerfana $104990 | Puffco Vaporizador Plus - Tornasol
 d=133 | 31768 t1 huerfana $349990 | Vaporizador Proxy -Puffco - BLOOM
       | 34361 t2 prod 10443 $349990 | Puffco Vaporizador Proxy - Negro
 d=133 | 31852 t1 huerfana $71990 | The Hot Knife -Puffco - ONYX
       | 34366 t2 huerfana $39990 | Peak Pro Joystick Cap Puffco - Onyx
 d=133 | 32914 t1 huerfana $14990 | VAPORIZADOR YOCAN KODO PRO - verde
       | 34355 t2 prod 10653 $539990 | Puffco Vaporizador New Peak Pro + Chamber 3D XL - Onyx
 d=133 | 32917 t1 huerfana $14990 | VAPORIZADOR YOCAN KODO PRO - Blanco
       | 34374 t2 huerfana $79990 | Puffco Hot Knife - Dabber eléctronico - Onyx
 d=133 | 32918 t1 huerfana $14990 | VAPORIZADOR YOCAN KODO PRO - Rosa
       | 34359 t2 huerfana $99990 | Puffco Vaporizador Plus - Negro
 d=133 | 32918 t1 huerfana $14990 | VAPORIZADOR YOCAN KODO PRO - Rosa
       | 37862 t2 prod 10450 $31990 | Puffco Travel Pack Peak Pro - Verde
 d=133 | 32918 t1 huerfana $14990 | VAPORIZADOR YOCAN KODO PRO - Rosa
       | 37863 t2 huerfana $31990 | Puffco Travel Pack Peak Pro - Naranjo
 d=133 | 32920 t1 huerfana $14990 | VAPORIZADOR YOCAN KODO PRO - Morado
       | 34371 t2 huerfana $79990 | Puffco Hot Knife - Dabber eléctronico - Verde
 d=133 | 33067 t1 huerfana $32990 | HOT KNIFE EXTRACTOS DIRK YOCAN - IVORY
       | 37862 t2 prod 10450 $31990 | Puffco Travel Pack Peak Pro - Verde
 d=133 | 33067 t1 huerfana $32990 | HOT KNIFE EXTRACTOS DIRK YOCAN - IVORY
       | 37863 t2 huerfana $31990 | Puffco Travel Pack Peak Pro - Naranjo
 d=133 | 33070 t1 huerfana $34990 | HOT KNIFE EXTRACTOS DIRK YOCAN - Negro
       | 34355 t2 prod 10653 $539990 | Puffco Vaporizador New Peak Pro + Chamber 3D XL - Onyx
 d=133 | 33072 t1 huerfana $32990 | HOT KNIFE EXTRACTOS DIRK YOCAN - TURQOISE
       | 34355 t2 prod 10653 $539990 | Puffco Vaporizador New Peak Pro + Chamber 3D XL - Onyx
 d=133 | 33073 t1 huerfana $32990 | HOT KNIFE EXTRACTOS DIRK YOCAN - LILAC
       | 37862 t2 prod 10450 $31990 | Puffco Travel Pack Peak Pro - Verde
 d=133 | 33092 t1 prod 10548 $9990 | VAPORIZADOR YOCAN FLAT - Plata
       | 37527 t2 huerfana $24990 | Calvo Batería Hide Cartridge 510 - Rosado
 d=133 | 33096 t1 huerfana $94990 | VAPORIZADOR YOCAN POCKET - Rosa
       | 34372 t2 huerfana $79990 | Puffco Hot Knife - Dabber eléctronico - Pearl
 d=134 | 2481 t2 prod 10649 $459990 | Puffco Vaporizador Peak Pro
       | 32914 t1 huerfana $14990 | VAPORIZADOR YOCAN KODO PRO - verde
 d=134 | 2481 t2 prod 10649 $459990 | Puffco Vaporizador Peak Pro
       | 32917 t1 huerfana $14990 | VAPORIZADOR YOCAN KODO PRO - Blanco
 d=134 | 11554 t4 huerfana $3300 | Dabber Espátula Lecron Acero Inoxidable | Herramienta p
       | 13000 t2 prod 10312 $79990 | Puffco Hot Knife - Dabber eléctronico
 d=134 | 11554 t4 huerfana $3300 | Dabber Espátula Lecron Acero Inoxidable | Herramienta p
       | 34370 t2 huerfana $79990 | Puffco Hot Knife - Dabber eléctronico - Negro
 d=134 | 11610 t4 prod 10207 $108000 | Puffco Plus | Vaporizador portátil ➤ Growbarato Chile
       | 37541 t2 huerfana $5990 | Dabber Calavera - Dorado
 d=134 | 12399 t1 prod 10611 $46990 | YOCAN BLACK DEEPER CHAMBER 10MM CLOUD 3.1
       | 37527 t2 huerfana $24990 | Calvo Batería Hide Cartridge 510 - Rosado
 d=134 | 12638 t1 prod 10642 $69990 | VAPORIZADOR HIERBA SECA VANE- YOCAN
       | 37541 t2 huerfana $5990 | Dabber Calavera - Dorado
 d=134 | 13000 t2 prod 10312 $79990 | Puffco Hot Knife - Dabber eléctronico
       | 32920 t1 huerfana $14990 | VAPORIZADOR YOCAN KODO PRO - Morado
 d=134 | 16068 t3 prod 10521 $14391 | Vaporizador para Cartridge Yocan Kodo Pro | PIRANHA
       | 32919 t1 huerfana $14990 | VAPORIZADOR YOCAN KODO PRO - Verde azulado
 d=134 | 16123 t3 prod 10456 $107991 | Puffco Peak Pro 3D Chamber | PIRANHA
       | 32917 t1 huerfana $14990 | VAPORIZADOR YOCAN KODO PRO - Blanco
 d=134 | 16162 t3 prod 10443 $34791 | Puffco Proxy Joystick Cap | PIRANHA
       | 31428 t1 huerfana $65990 | VAPORIZADOR YOCAN HIT 2 - Rosa
 d=134 | 16162 t3 prod 10443 $34791 | Puffco Proxy Joystick Cap | PIRANHA
       | 33090 t1 huerfana $9990 | VAPORIZADOR YOCAN FLAT - Morado
 d=134 | 18008 t1 prod 10493 $34990 | HOT KNIFE EXTRACTOS DIRK YOCAN
       | 20302 t2 huerfana $2990 | Dabber
 d=134 | 18153 t1 huerfana $159990 | Accesorio Extractos New Proxy Wizard Haze-Puffco
       | 34371 t2 huerfana $79990 | Puffco Hot Knife - Dabber eléctronico - Verde
 d=134 | 18153 t1 huerfana $159990 | Accesorio Extractos New Proxy Wizard Haze-Puffco
       | 34372 t2 huerfana $79990 | Puffco Hot Knife - Dabber eléctronico - Pearl
 d=134 | 18175 t1 huerfana $109990 | Vaporizador New Plus White-Puffco
       | 34372 t2 huerfana $79990 | Puffco Hot Knife - Dabber eléctronico - Pearl
 d=134 | 18202 t1 huerfana $89990 | NEW HOT KNIFE-PUFFCO
       | 37863 t2 huerfana $31990 | Puffco Travel Pack Peak Pro - Naranjo
 d=134 | 18583 t2 prod 10652 $39990 | Peak Pro Joystick Cap Puffco
       | 33072 t1 huerfana $32990 | HOT KNIFE EXTRACTOS DIRK YOCAN - TURQOISE
 d=134 | 18584 t2 prod 10449 $29990 | Puffco Peak Pro Ball Cap
       | 31852 t1 huerfana $71990 | The Hot Knife -Puffco - ONYX
 d=134 | 18584 t2 prod 10449 $29990 | Puffco Peak Pro Ball Cap
       | 33087 t1 huerfana $9990 | VAPORIZADOR YOCAN FLAT - azul
 d=134 | 18585 t2 prod 10433 $104990 | Puffco Peak Pro Glass
       | 31425 t1 huerfana $65990 | VAPORIZADOR YOCAN HIT 2 - azul
 d=134 | 20302 t2 huerfana $2990 | Dabber
       | 33067 t1 huerfana $32990 | HOT KNIFE EXTRACTOS DIRK YOCAN - IVORY
 d=134 | 20302 t2 huerfana $2990 | Dabber
       | 33073 t1 huerfana $32990 | HOT KNIFE EXTRACTOS DIRK YOCAN - LILAC
 d=134 | 31425 t1 huerfana $65990 | VAPORIZADOR YOCAN HIT 2 - azul
       | 34372 t2 huerfana $79990 | Puffco Hot Knife - Dabber eléctronico - Pearl
 d=134 | 32806 t1 huerfana $69990 | VAPORIZADOR HIERBA SECA VANE- YOCAN - azul
       | 37863 t2 huerfana $31990 | Puffco Travel Pack Peak Pro - Naranjo
 d=134 | 32809 t1 huerfana $69990 | VAPORIZADOR HIERBA SECA VANE- YOCAN - Blanco
       | 37541 t2 huerfana $5990 | Dabber Calavera - Dorado
 d=134 | 32810 t1 prod 10679 $65990 | VAPORIZADOR HIERBA SECA VANE- YOCAN - Negro
       | 34366 t2 huerfana $39990 | Peak Pro Joystick Cap Puffco - Onyx
 d=134 | 32810 t1 prod 10679 $65990 | VAPORIZADOR HIERBA SECA VANE- YOCAN - Negro
       | 37863 t2 huerfana $31990 | Puffco Travel Pack Peak Pro - Naranjo
 d=134 | 32917 t1 huerfana $14990 | VAPORIZADOR YOCAN KODO PRO - Blanco
       | 34367 t2 prod 10652 $39990 | Peak Pro Joystick Cap Puffco - Pearl
 d=134 | 32920 t1 huerfana $14990 | VAPORIZADOR YOCAN KODO PRO - Morado
       | 34370 t2 huerfana $79990 | Puffco Hot Knife - Dabber eléctronico - Negro
 d=134 | 33065 t1 huerfana $32990 | HOT KNIFE EXTRACTOS DIRK YOCAN - azul
       | 37527 t2 huerfana $24990 | Calvo Batería Hide Cartridge 510 - Rosado
 d=134 | 33070 t1 huerfana $34990 | HOT KNIFE EXTRACTOS DIRK YOCAN - Negro
       | 34367 t2 prod 10652 $39990 | Peak Pro Joystick Cap Puffco - Pearl
 d=134 | 33071 t1 huerfana $32990 | HOT KNIFE EXTRACTOS DIRK YOCAN - LEMON
       | 34355 t2 prod 10653 $539990 | Puffco Vaporizador New Peak Pro + Chamber 3D XL - Onyx
 d=134 | 33072 t1 huerfana $32990 | HOT KNIFE EXTRACTOS DIRK YOCAN - TURQOISE
       | 34366 t2 huerfana $39990 | Peak Pro Joystick Cap Puffco - Onyx
 d=134 | 33090 t1 huerfana $9990 | VAPORIZADOR YOCAN FLAT - Morado
       | 37863 t2 huerfana $31990 | Puffco Travel Pack Peak Pro - Naranjo
 d=134 | 33093 t1 prod 10503 $94990 | VAPORIZADOR YOCAN POCKET - azul
       | 37826 t2 huerfana $69990 | Vaporizador DaVinci Artiq Cartridge - Grey
 d=134 | 33094 t1 huerfana $94990 | VAPORIZADOR YOCAN POCKET - verde
       | 37541 t2 huerfana $5990 | Dabber Calavera - Dorado
 d=134 | 33096 t1 huerfana $94990 | VAPORIZADOR YOCAN POCKET - Rosa
       | 34359 t2 huerfana $99990 | Puffco Vaporizador Plus - Negro
 d=134 | 33097 t1 prod 10503 $94990 | VAPORIZADOR YOCAN POCKET - Negro
       | 34372 t2 huerfana $79990 | Puffco Hot Knife - Dabber eléctronico - Pearl
 d=134 | 33097 t1 prod 10503 $94990 | VAPORIZADOR YOCAN POCKET - Negro
       | 37826 t2 huerfana $69990 | Vaporizador DaVinci Artiq Cartridge - Grey
 d=134 | 33468 t1 huerfana $84990 | NEW HOT KNIFE-PUFFCO - HAZE
       | 34371 t2 huerfana $79990 | Puffco Hot Knife - Dabber eléctronico - Verde
 d=135 | 678 t3 huerfana $258993 | Vaporizador Puffco New Peak | PIRANHA
       | 18202 t1 huerfana $89990 | NEW HOT KNIFE-PUFFCO
 d=135 | 683 t3 prod 10503 $79992 | Vaporizador de Extractos Yocan Pocket | PIRANHA
       | 33089 t1 huerfana $9990 | VAPORIZADOR YOCAN FLAT - Rojo
 d=135 | 2481 t2 prod 10649 $459990 | Puffco Vaporizador Peak Pro
       | 32921 t1 huerfana $14990 | VAPORIZADOR YOCAN KODO PRO - Negro
 d=135 | 11554 t4 huerfana $3300 | Dabber Espátula Lecron Acero Inoxidable | Herramienta p
       | 33065 t1 huerfana $32990 | HOT KNIFE EXTRACTOS DIRK YOCAN - azul
 d=135 | 12399 t1 prod 10611 $46990 | YOCAN BLACK DEEPER CHAMBER 10MM CLOUD 3.1
       | 37541 t2 huerfana $5990 | Dabber Calavera - Dorado
 d=135 | 12399 t1 prod 10611 $46990 | YOCAN BLACK DEEPER CHAMBER 10MM CLOUD 3.1
       | 37863 t2 huerfana $31990 | Puffco Travel Pack Peak Pro - Naranjo
 d=135 | 12638 t1 prod 10642 $69990 | VAPORIZADOR HIERBA SECA VANE- YOCAN
       | 34371 t2 huerfana $79990 | Puffco Hot Knife - Dabber eléctronico - Verde
 d=135 | 15715 t3 prod 10214 $66491 | Vaporizador de Hierbas Secas Yocan Hit 2 | PIRANHA
       | 33071 t1 huerfana $32990 | HOT KNIFE EXTRACTOS DIRK YOCAN - LEMON
 d=135 | 15904 t3 prod 10493 $29392 | Yocan Dirk Hot Knife | PIRANHA
       | 31426 t1 huerfana $65990 | VAPORIZADOR YOCAN HIT 2 - verde
 d=135 | 16077 t3 prod 10548 $9891 | Vaporizador para Cartridge Yocan Flat | PIRANHA
       | 18175 t1 huerfana $109990 | Vaporizador New Plus White-Puffco
 d=135 | 16123 t3 prod 10456 $107991 | Puffco Peak Pro 3D Chamber | PIRANHA
       | 32807 t1 huerfana $65990 | VAPORIZADOR HIERBA SECA VANE- YOCAN - verde
 d=135 | 16160 t3 prod 10652 $34791 | Puffco Peak Pro Joystick Cap | PIRANHA
       | 31425 t1 huerfana $65990 | VAPORIZADOR YOCAN HIT 2 - azul
 d=135 | 16162 t3 prod 10443 $34791 | Puffco Proxy Joystick Cap | PIRANHA
       | 33087 t1 huerfana $9990 | VAPORIZADOR YOCAN FLAT - azul
 d=135 | 18008 t1 prod 10493 $34990 | HOT KNIFE EXTRACTOS DIRK YOCAN
       | 37541 t2 huerfana $5990 | Dabber Calavera - Dorado
 d=135 | 18153 t1 huerfana $159990 | Accesorio Extractos New Proxy Wizard Haze-Puffco
       | 20269 t2 huerfana $19990 | Puffco Peak 3 Bowl Pack
 d=135 | 18158 t1 huerfana $350990 | Vaporizador Puffco Peak Pine Smart E-Rig
       | 18584 t2 prod 10449 $29990 | Puffco Peak Pro Ball Cap
 d=135 | 18158 t1 huerfana $350990 | Vaporizador Puffco Peak Pine Smart E-Rig
       | 18585 t2 prod 10433 $104990 | Puffco Peak Pro Glass
 d=135 | 18158 t1 huerfana $350990 | Vaporizador Puffco Peak Pine Smart E-Rig
       | 34372 t2 huerfana $79990 | Puffco Hot Knife - Dabber eléctronico - Pearl
 d=135 | 18158 t1 huerfana $350990 | Vaporizador Puffco Peak Pine Smart E-Rig
       | 34374 t2 huerfana $79990 | Puffco Hot Knife - Dabber eléctronico - Onyx
 d=135 | 18158 t1 huerfana $350990 | Vaporizador Puffco Peak Pine Smart E-Rig
       | 37527 t2 huerfana $24990 | Calvo Batería Hide Cartridge 510 - Rosado
 d=135 | 18196 t1 huerfana $219990 | Peak Travel Glass Ultraviolet Purple-Puffco
       | 18584 t2 prod 10449 $29990 | Puffco Peak Pro Ball Cap
 d=135 | 18196 t1 huerfana $219990 | Peak Travel Glass Ultraviolet Purple-Puffco
       | 37826 t2 huerfana $69990 | Vaporizador DaVinci Artiq Cartridge - Grey
 d=135 | 18583 t2 prod 10652 $39990 | Peak Pro Joystick Cap Puffco
       | 32921 t1 huerfana $14990 | VAPORIZADOR YOCAN KODO PRO - Negro
 d=135 | 18584 t2 prod 10449 $29990 | Puffco Peak Pro Ball Cap
       | 31844 t1 huerfana $350990 | New Peak (Color a elección) -Puffco - Pine
 d=135 | 18584 t2 prod 10449 $29990 | Puffco Peak Pro Ball Cap
       | 33090 t1 huerfana $9990 | VAPORIZADOR YOCAN FLAT - Morado
 d=135 | 18585 t2 prod 10433 $104990 | Puffco Peak Pro Glass
       | 31844 t1 huerfana $350990 | New Peak (Color a elección) -Puffco - Pine
 d=135 | 18585 t2 prod 10433 $104990 | Puffco Peak Pro Glass
       | 32806 t1 huerfana $69990 | VAPORIZADOR HIERBA SECA VANE- YOCAN - azul
 d=135 | 18585 t2 prod 10433 $104990 | Puffco Peak Pro Glass
       | 32919 t1 huerfana $14990 | VAPORIZADOR YOCAN KODO PRO - Verde azulado
 d=135 | 31844 t1 huerfana $350990 | New Peak (Color a elección) -Puffco - Pine
       | 34372 t2 huerfana $79990 | Puffco Hot Knife - Dabber eléctronico - Pearl
 d=135 | 31844 t1 huerfana $350990 | New Peak (Color a elección) -Puffco - Pine
       | 34374 t2 huerfana $79990 | Puffco Hot Knife - Dabber eléctronico - Onyx
 d=135 | 31844 t1 huerfana $350990 | New Peak (Color a elección) -Puffco - Pine
       | 37527 t2 huerfana $24990 | Calvo Batería Hide Cartridge 510 - Rosado
 d=135 | 32806 t1 huerfana $69990 | VAPORIZADOR HIERBA SECA VANE- YOCAN - azul
       | 34355 t2 prod 10653 $539990 | Puffco Vaporizador New Peak Pro + Chamber 3D XL - Onyx
 d=135 | 32809 t1 huerfana $69990 | VAPORIZADOR HIERBA SECA VANE- YOCAN - Blanco
       | 34371 t2 huerfana $79990 | Puffco Hot Knife - Dabber eléctronico - Verde
 d=135 | 32914 t1 huerfana $14990 | VAPORIZADOR YOCAN KODO PRO - verde
       | 34371 t2 huerfana $79990 | Puffco Hot Knife - Dabber eléctronico - Verde
 d=135 | 32918 t1 huerfana $14990 | VAPORIZADOR YOCAN KODO PRO - Rosa
       | 34367 t2 prod 10652 $39990 | Peak Pro Joystick Cap Puffco - Pearl
 d=135 | 32921 t1 huerfana $14990 | VAPORIZADOR YOCAN KODO PRO - Negro
       | 34366 t2 huerfana $39990 | Peak Pro Joystick Cap Puffco - Onyx
 d=135 | 33067 t1 huerfana $32990 | HOT KNIFE EXTRACTOS DIRK YOCAN - IVORY
       | 37541 t2 huerfana $5990 | Dabber Calavera - Dorado
 d=135 | 33071 t1 huerfana $32990 | HOT KNIFE EXTRACTOS DIRK YOCAN - LEMON
       | 37863 t2 huerfana $31990 | Puffco Travel Pack Peak Pro - Naranjo
 d=135 | 33087 t1 huerfana $9990 | VAPORIZADOR YOCAN FLAT - azul
       | 37862 t2 prod 10450 $31990 | Puffco Travel Pack Peak Pro - Verde
 d=135 | 33087 t1 huerfana $9990 | VAPORIZADOR YOCAN FLAT - azul
       | 37863 t2 huerfana $31990 | Puffco Travel Pack Peak Pro - Naranjo
 d=135 | 33097 t1 prod 10503 $94990 | VAPORIZADOR YOCAN POCKET - Negro
       | 34360 t2 huerfana $104990 | Puffco Vaporizador Plus - Tornasol
 d=136 | 421 t1 prod 10207 $129990 | Vaporizador Plus Silver-Puffco
       | 34371 t2 huerfana $79990 | Puffco Hot Knife - Dabber eléctronico - Verde
 d=136 | 678 t3 huerfana $258993 | Vaporizador Puffco New Peak | PIRANHA
       | 33073 t1 huerfana $32990 | HOT KNIFE EXTRACTOS DIRK YOCAN - LILAC
 d=136 | 683 t3 prod 10503 $79992 | Vaporizador de Extractos Yocan Pocket | PIRANHA
       | 32921 t1 huerfana $14990 | VAPORIZADOR YOCAN KODO PRO - Negro
 d=136 | 11554 t4 huerfana $3300 | Dabber Espátula Lecron Acero Inoxidable | Herramienta p
       | 15904 t3 prod 10493 $29392 | Yocan Dirk Hot Knife | PIRANHA
 d=136 | 11554 t4 huerfana $3300 | Dabber Espátula Lecron Acero Inoxidable | Herramienta p
       | 16068 t3 prod 10521 $14391 | Vaporizador para Cartridge Yocan Kodo Pro | PIRANHA
 d=136 | 11554 t4 huerfana $3300 | Dabber Espátula Lecron Acero Inoxidable | Herramienta p
       | 32913 t1 prod 10521 $14990 | VAPORIZADOR YOCAN KODO PRO - Amarillo
 d=136 | 11554 t4 huerfana $3300 | Dabber Espátula Lecron Acero Inoxidable | Herramienta p
       | 33069 t1 huerfana $32990 | HOT KNIFE EXTRACTOS DIRK YOCAN - Naranjo
 d=136 | 11554 t4 huerfana $3300 | Dabber Espátula Lecron Acero Inoxidable | Herramienta p
       | 34367 t2 prod 10652 $39990 | Peak Pro Joystick Cap Puffco - Pearl
 d=136 | 12399 t1 prod 10611 $46990 | YOCAN BLACK DEEPER CHAMBER 10MM CLOUD 3.1
       | 34374 t2 huerfana $79990 | Puffco Hot Knife - Dabber eléctronico - Onyx
 d=136 | 12999 t2 prod 10207 $99990 | Puffco Vaporizador Plus
       | 32919 t1 huerfana $14990 | VAPORIZADOR YOCAN KODO PRO - Verde azulado
 d=136 | 13000 t2 prod 10312 $79990 | Puffco Hot Knife - Dabber eléctronico
       | 33094 t1 huerfana $94990 | VAPORIZADOR YOCAN POCKET - verde
 d=136 | 15715 t3 prod 10214 $66491 | Vaporizador de Hierbas Secas Yocan Hit 2 | PIRANHA
       | 18158 t1 huerfana $350990 | Vaporizador Puffco Peak Pine Smart E-Rig
 d=136 | 15715 t3 prod 10214 $66491 | Vaporizador de Hierbas Secas Yocan Hit 2 | PIRANHA
       | 31844 t1 huerfana $350990 | New Peak (Color a elección) -Puffco - Pine
 d=136 | 15715 t3 prod 10214 $66491 | Vaporizador de Hierbas Secas Yocan Hit 2 | PIRANHA
       | 33069 t1 huerfana $32990 | HOT KNIFE EXTRACTOS DIRK YOCAN - Naranjo
 d=136 | 15904 t3 prod 10493 $29392 | Yocan Dirk Hot Knife | PIRANHA
       | 31428 t1 huerfana $65990 | VAPORIZADOR YOCAN HIT 2 - Rosa
 d=136 | 15904 t3 prod 10493 $29392 | Yocan Dirk Hot Knife | PIRANHA
       | 32811 t1 huerfana $65990 | VAPORIZADOR HIERBA SECA VANE- YOCAN - Amarillo
 d=136 | 15904 t3 prod 10493 $29392 | Yocan Dirk Hot Knife | PIRANHA
       | 32917 t1 huerfana $14990 | VAPORIZADOR YOCAN KODO PRO - Blanco
 d=136 | 15904 t3 prod 10493 $29392 | Yocan Dirk Hot Knife | PIRANHA
       | 34366 t2 huerfana $39990 | Peak Pro Joystick Cap Puffco - Onyx
 d=136 | 15904 t3 prod 10493 $29392 | Yocan Dirk Hot Knife | PIRANHA
       | 37863 t2 huerfana $31990 | Puffco Travel Pack Peak Pro - Naranjo
 d=136 | 16160 t3 prod 10652 $34791 | Puffco Peak Pro Joystick Cap | PIRANHA
       | 18158 t1 huerfana $350990 | Vaporizador Puffco Peak Pine Smart E-Rig
 d=136 | 16160 t3 prod 10652 $34791 | Puffco Peak Pro Joystick Cap | PIRANHA
       | 18196 t1 huerfana $219990 | Peak Travel Glass Ultraviolet Purple-Puffco
 d=136 | 16160 t3 prod 10652 $34791 | Puffco Peak Pro Joystick Cap | PIRANHA
       | 31844 t1 huerfana $350990 | New Peak (Color a elección) -Puffco - Pine
 d=136 | 16160 t3 prod 10652 $34791 | Puffco Peak Pro Joystick Cap | PIRANHA
       | 34360 t2 huerfana $104990 | Puffco Vaporizador Plus - Tornasol
 d=136 | 17204 t1 huerfana $467490 | New Peak Pro Dessert-Puffco
       | 34356 t2 prod 10561 $539990 | Puffco Vaporizador New Peak Pro + Chamber 3D XL - Pearl
 d=136 | 17931 t1 prod 10521 $15990 | VAPORIZADOR YOCAN KODO PRO
       | 20269 t2 huerfana $19990 | Puffco Peak 3 Bowl Pack
 d=136 | 17931 t1 prod 10521 $15990 | VAPORIZADOR YOCAN KODO PRO
       | 37863 t2 huerfana $31990 | Puffco Travel Pack Peak Pro - Naranjo
 d=136 | 18175 t1 huerfana $109990 | Vaporizador New Plus White-Puffco
       | 34374 t2 huerfana $79990 | Puffco Hot Knife - Dabber eléctronico - Onyx
 d=136 | 18202 t1 huerfana $89990 | NEW HOT KNIFE-PUFFCO
       | 20301 t2 huerfana $69990 | Vaporizador DaVinci Artiq Cartridge
 d=136 | 18202 t1 huerfana $89990 | NEW HOT KNIFE-PUFFCO
       | 37825 t2 huerfana $69990 | Vaporizador DaVinci Artiq Cartridge - Negro
 d=136 | 18202 t1 huerfana $89990 | NEW HOT KNIFE-PUFFCO
       | 37862 t2 prod 10450 $31990 | Puffco Travel Pack Peak Pro - Verde
 d=136 | 18583 t2 prod 10652 $39990 | Peak Pro Joystick Cap Puffco
       | 33069 t1 huerfana $32990 | HOT KNIFE EXTRACTOS DIRK YOCAN - Naranjo
 d=136 | 20269 t2 huerfana $19990 | Puffco Peak 3 Bowl Pack
       | 32917 t1 huerfana $14990 | VAPORIZADOR YOCAN KODO PRO - Blanco
 d=136 | 20269 t2 huerfana $19990 | Puffco Peak 3 Bowl Pack
       | 32919 t1 huerfana $14990 | VAPORIZADOR YOCAN KODO PRO - Verde azulado
 d=136 | 20302 t2 huerfana $2990 | Dabber
       | 33088 t1 prod 10548 $9990 | VAPORIZADOR YOCAN FLAT - verde
 d=136 | 31830 t1 huerfana $549990 | New Peak Pro (Color a elección)-Puffco - Flourish
       | 37815 t2 huerfana $269990 | Vaporizador Puffco Peak 2024 - Negro
 d=136 | 31831 t1 huerfana $549990 | New Peak Pro (Color a elección)-Puffco - Dessert
       | 34356 t2 prod 10561 $539990 | Puffco Vaporizador New Peak Pro + Chamber 3D XL - Pearl
 d=136 | 32811 t1 huerfana $65990 | VAPORIZADOR HIERBA SECA VANE- YOCAN - Amarillo
       | 34367 t2 prod 10652 $39990 | Peak Pro Joystick Cap Puffco - Pearl
 d=136 | 32917 t1 huerfana $14990 | VAPORIZADOR YOCAN KODO PRO - Blanco
       | 37862 t2 prod 10450 $31990 | Puffco Travel Pack Peak Pro - Verde
 d=136 | 32917 t1 huerfana $14990 | VAPORIZADOR YOCAN KODO PRO - Blanco
       | 37863 t2 huerfana $31990 | Puffco Travel Pack Peak Pro - Naranjo
 d=136 | 32919 t1 huerfana $14990 | VAPORIZADOR YOCAN KODO PRO - Verde azulado
       | 34360 t2 huerfana $104990 | Puffco Vaporizador Plus - Tornasol
 d=136 | 33065 t1 huerfana $32990 | HOT KNIFE EXTRACTOS DIRK YOCAN - azul
       | 34355 t2 prod 10653 $539990 | Puffco Vaporizador New Peak Pro + Chamber 3D XL - Onyx
 d=136 | 33066 t1 huerfana $32990 | HOT KNIFE EXTRACTOS DIRK YOCAN - verde
       | 34355 t2 prod 10653 $539990 | Puffco Vaporizador New Peak Pro + Chamber 3D XL - Onyx
 d=136 | 33068 t1 huerfana $32990 | HOT KNIFE EXTRACTOS DIRK YOCAN - CARMINE
       | 34367 t2 prod 10652 $39990 | Peak Pro Joystick Cap Puffco - Pearl
 d=136 | 33069 t1 huerfana $32990 | HOT KNIFE EXTRACTOS DIRK YOCAN - Naranjo
       | 34366 t2 huerfana $39990 | Peak Pro Joystick Cap Puffco - Onyx
 d=136 | 33069 t1 huerfana $32990 | HOT KNIFE EXTRACTOS DIRK YOCAN - Naranjo
       | 37863 t2 huerfana $31990 | Puffco Travel Pack Peak Pro - Naranjo
 d=136 | 33087 t1 huerfana $9990 | VAPORIZADOR YOCAN FLAT - azul
       | 37826 t2 huerfana $69990 | Vaporizador DaVinci Artiq Cartridge - Grey
 d=136 | 33089 t1 huerfana $9990 | VAPORIZADOR YOCAN FLAT - Rojo
       | 34367 t2 prod 10652 $39990 | Peak Pro Joystick Cap Puffco - Pearl
 d=136 | 33090 t1 huerfana $9990 | VAPORIZADOR YOCAN FLAT - Morado
       | 37862 t2 prod 10450 $31990 | Puffco Travel Pack Peak Pro - Verde
 d=136 | 33091 t1 prod 10548 $9990 | VAPORIZADOR YOCAN FLAT - Negro
       | 37527 t2 huerfana $24990 | Calvo Batería Hide Cartridge 510 - Rosado
 d=136 | 33094 t1 huerfana $94990 | VAPORIZADOR YOCAN POCKET - verde
       | 34370 t2 huerfana $79990 | Puffco Hot Knife - Dabber eléctronico - Negro
 d=136 | 33096 t1 huerfana $94990 | VAPORIZADOR YOCAN POCKET - Rosa
       | 34367 t2 prod 10652 $39990 | Peak Pro Joystick Cap Puffco - Pearl
 d=136 | 33097 t1 prod 10503 $94990 | VAPORIZADOR YOCAN POCKET - Negro
       | 37527 t2 huerfana $24990 | Calvo Batería Hide Cartridge 510 - Rosado
 d=136 | 37862 t2 prod 10450 $31990 | Puffco Travel Pack Peak Pro - Verde
       | 39077 t3 huerfana $9592 | Batería Vaporizador Cartridge Airis V2.0 - Airistech | 
 d=136 | 37863 t2 huerfana $31990 | Puffco Travel Pack Peak Pro - Naranjo
       | 39077 t3 huerfana $9592 | Batería Vaporizador Cartridge Airis V2.0 - Airistech | 
 d=137 | 12638 t1 prod 10642 $69990 | VAPORIZADOR HIERBA SECA VANE- YOCAN
       | 37826 t2 huerfana $69990 | Vaporizador DaVinci Artiq Cartridge - Grey
 d=137 | 15886 t3 prod 10726 $66491 | Saber Electronic Dab Tool Focus V | PIRANHA
       | 36083 t2 huerfana $49990 | Focus V Saber - Dabber Eléctronico - Morado
 d=137 | 16068 t3 prod 10521 $14391 | Vaporizador para Cartridge Yocan Kodo Pro | PIRANHA
       | 18153 t1 huerfana $159990 | Accesorio Extractos New Proxy Wizard Haze-Puffco
 d=137 | 16068 t3 prod 10521 $14391 | Vaporizador para Cartridge Yocan Kodo Pro | PIRANHA
       | 37826 t2 huerfana $69990 | Vaporizador DaVinci Artiq Cartridge - Grey
 d=137 | 16077 t3 prod 10548 $9891 | Vaporizador para Cartridge Yocan Flat | PIRANHA
       | 18205 t1 huerfana $179990 | Proxy Wizard Dessert-Puffco
 d=137 | 16157 t3 prod 10559 $125993 | Accesorio Proxy Wizard - Puffco
       | 18202 t1 huerfana $89990 | NEW HOT KNIFE-PUFFCO
 d=137 | 16157 t3 prod 10559 $125993 | Accesorio Proxy Wizard - Puffco
       | 20269 t2 huerfana $19990 | Puffco Peak 3 Bowl Pack
 d=137 | 16201 t3 huerfana $89271 | Hemper Puffco Chinese Takeout Peak Top | PIRANHA
       | 20303 t2 prod 10504 $95990 | Hemper Trippy Shroom Puffco Peak Glass
 d=137 | 17931 t1 prod 10521 $15990 | VAPORIZADOR YOCAN KODO PRO
       | 34371 t2 huerfana $79990 | Puffco Hot Knife - Dabber eléctronico - Verde
 d=137 | 17931 t1 prod 10521 $15990 | VAPORIZADOR YOCAN KODO PRO
       | 34373 t2 huerfana $79990 | Puffco Hot Knife - Dabber eléctronico - Dessert
 d=137 | 18153 t1 huerfana $159990 | Accesorio Extractos New Proxy Wizard Haze-Puffco
       | 37541 t2 huerfana $5990 | Dabber Calavera - Dorado
 d=137 | 18153 t1 huerfana $159990 | Accesorio Extractos New Proxy Wizard Haze-Puffco
       | 39077 t3 huerfana $9592 | Batería Vaporizador Cartridge Airis V2.0 - Airistech | 
 d=137 | 18204 t1 prod 10559 $156990 | Proxy Wizard Black-Puffco
       | 34374 t2 huerfana $79990 | Puffco Hot Knife - Dabber eléctronico - Onyx
 d=137 | 18583 t2 prod 10652 $39990 | Peak Pro Joystick Cap Puffco
       | 32918 t1 huerfana $14990 | VAPORIZADOR YOCAN KODO PRO - Rosa
 d=137 | 18583 t2 prod 10652 $39990 | Peak Pro Joystick Cap Puffco
       | 33071 t1 huerfana $32990 | HOT KNIFE EXTRACTOS DIRK YOCAN - LEMON
 d=137 | 18584 t2 prod 10449 $29990 | Puffco Peak Pro Ball Cap
       | 32811 t1 huerfana $65990 | VAPORIZADOR HIERBA SECA VANE- YOCAN - Amarillo
 d=137 | 18585 t2 prod 10433 $104990 | Puffco Peak Pro Glass
       | 33089 t1 huerfana $9990 | VAPORIZADOR YOCAN FLAT - Rojo
 d=137 | 20301 t2 huerfana $69990 | Vaporizador DaVinci Artiq Cartridge
       | 33088 t1 prod 10548 $9990 | VAPORIZADOR YOCAN FLAT - verde
 d=137 | 20307 t2 huerfana $44990 | Puffco Peak Atomizador
       | 33467 t1 huerfana $84990 | NEW HOT KNIFE-PUFFCO - ONYX
 d=137 | 31425 t1 huerfana $65990 | VAPORIZADOR YOCAN HIT 2 - azul
       | 34367 t2 prod 10652 $39990 | Peak Pro Joystick Cap Puffco - Pearl
 d=137 | 31425 t1 huerfana $65990 | VAPORIZADOR YOCAN HIT 2 - azul
       | 37541 t2 huerfana $5990 | Dabber Calavera - Dorado
 d=137 | 31425 t1 huerfana $65990 | VAPORIZADOR YOCAN HIT 2 - azul
       | 37862 t2 prod 10450 $31990 | Puffco Travel Pack Peak Pro - Verde
 d=137 | 31425 t1 huerfana $65990 | VAPORIZADOR YOCAN HIT 2 - azul
       | 37863 t2 huerfana $31990 | Puffco Travel Pack Peak Pro - Naranjo
 d=137 | 31430 t1 huerfana $65990 | VAPORIZADOR YOCAN HIT 2 - Morado
       | 37826 t2 huerfana $69990 | Vaporizador DaVinci Artiq Cartridge - Grey
 d=137 | 32809 t1 huerfana $69990 | VAPORIZADOR HIERBA SECA VANE- YOCAN - Blanco
       | 37826 t2 huerfana $69990 | Vaporizador DaVinci Artiq Cartridge - Grey
 d=137 | 32913 t1 prod 10521 $14990 | VAPORIZADOR YOCAN KODO PRO - Amarillo
       | 37826 t2 huerfana $69990 | Vaporizador DaVinci Artiq Cartridge - Grey
 d=137 | 32917 t1 huerfana $14990 | VAPORIZADOR YOCAN KODO PRO - Blanco
       | 34371 t2 huerfana $79990 | Puffco Hot Knife - Dabber eléctronico - Verde
 d=137 | 32917 t1 huerfana $14990 | VAPORIZADOR YOCAN KODO PRO - Blanco
       | 34373 t2 huerfana $79990 | Puffco Hot Knife - Dabber eléctronico - Dessert
 d=137 | 32918 t1 huerfana $14990 | VAPORIZADOR YOCAN KODO PRO - Rosa
       | 34366 t2 huerfana $39990 | Peak Pro Joystick Cap Puffco - Onyx
 d=137 | 33071 t1 huerfana $32990 | HOT KNIFE EXTRACTOS DIRK YOCAN - LEMON
       | 34366 t2 huerfana $39990 | Peak Pro Joystick Cap Puffco - Onyx
 d=137 | 33071 t1 huerfana $32990 | HOT KNIFE EXTRACTOS DIRK YOCAN - LEMON
       | 37862 t2 prod 10450 $31990 | Puffco Travel Pack Peak Pro - Verde
 d=137 | 33087 t1 huerfana $9990 | VAPORIZADOR YOCAN FLAT - azul
       | 34367 t2 prod 10652 $39990 | Peak Pro Joystick Cap Puffco - Pearl
 d=137 | 33088 t1 prod 10548 $9990 | VAPORIZADOR YOCAN FLAT - verde
       | 37825 t2 huerfana $69990 | Vaporizador DaVinci Artiq Cartridge - Negro
 d=137 | 33090 t1 huerfana $9990 | VAPORIZADOR YOCAN FLAT - Morado
       | 37527 t2 huerfana $24990 | Calvo Batería Hide Cartridge 510 - Rosado
 d=137 | 33468 t1 huerfana $84990 | NEW HOT KNIFE-PUFFCO - HAZE
       | 37541 t2 huerfana $5990 | Dabber Calavera - Dorado
 d=138 | 11610 t4 prod 10207 $108000 | Puffco Plus | Vaporizador portátil ➤ Growbarato Chile
       | 20301 t2 huerfana $69990 | Vaporizador DaVinci Artiq Cartridge
 d=138 | 11610 t4 prod 10207 $108000 | Puffco Plus | Vaporizador portátil ➤ Growbarato Chile
       | 34370 t2 huerfana $79990 | Puffco Hot Knife - Dabber eléctronico - Negro
 d=138 | 11610 t4 prod 10207 $108000 | Puffco Plus | Vaporizador portátil ➤ Growbarato Chile
       | 37825 t2 huerfana $69990 | Vaporizador DaVinci Artiq Cartridge - Negro
 d=138 | 12999 t2 prod 10207 $99990 | Puffco Vaporizador Plus
       | 32917 t1 huerfana $14990 | VAPORIZADOR YOCAN KODO PRO - Blanco
 d=138 | 13000 t2 prod 10312 $79990 | Puffco Hot Knife - Dabber eléctronico
       | 18158 t1 huerfana $350990 | Vaporizador Puffco Peak Pine Smart E-Rig
 d=138 | 13000 t2 prod 10312 $79990 | Puffco Hot Knife - Dabber eléctronico
       | 31844 t1 huerfana $350990 | New Peak (Color a elección) -Puffco - Pine
 d=138 | 13000 t2 prod 10312 $79990 | Puffco Hot Knife - Dabber eléctronico
       | 32919 t1 huerfana $14990 | VAPORIZADOR YOCAN KODO PRO - Verde azulado
 d=138 | 15715 t3 prod 10214 $66491 | Vaporizador de Hierbas Secas Yocan Hit 2 | PIRANHA
       | 34359 t2 huerfana $99990 | Puffco Vaporizador Plus - Negro
 d=138 | 16123 t3 prod 10456 $107991 | Puffco Peak Pro 3D Chamber | PIRANHA
       | 32919 t1 huerfana $14990 | VAPORIZADOR YOCAN KODO PRO - Verde azulado
 d=138 | 16140 t3 prod 10658 $55993 | Proxy Travel Pack Puffco | PIRANHA
       | 20269 t2 huerfana $19990 | Puffco Peak 3 Bowl Pack
 d=138 | 16157 t3 prod 10559 $125993 | Accesorio Proxy Wizard - Puffco
       | 31852 t1 huerfana $71990 | The Hot Knife -Puffco - ONYX
 d=138 | 16157 t3 prod 10559 $125993 | Accesorio Proxy Wizard - Puffco
       | 34374 t2 huerfana $79990 | Puffco Hot Knife - Dabber eléctronico - Onyx
 d=138 | 16160 t3 prod 10652 $34791 | Puffco Peak Pro Joystick Cap | PIRANHA
       | 19943 t2 huerfana $5990 | Pulsar Dabber Doble
 d=138 | 16160 t3 prod 10652 $34791 | Puffco Peak Pro Joystick Cap | PIRANHA
       | 20301 t2 huerfana $69990 | Vaporizador DaVinci Artiq Cartridge
 d=138 | 16160 t3 prod 10652 $34791 | Puffco Peak Pro Joystick Cap | PIRANHA
       | 32809 t1 huerfana $69990 | VAPORIZADOR HIERBA SECA VANE- YOCAN - Blanco
 d=138 | 16160 t3 prod 10652 $34791 | Puffco Peak Pro Joystick Cap | PIRANHA
       | 37825 t2 huerfana $69990 | Vaporizador DaVinci Artiq Cartridge - Negro
 d=138 | 16162 t3 prod 10443 $34791 | Puffco Proxy Joystick Cap | PIRANHA
       | 32915 t1 huerfana $14990 | VAPORIZADOR YOCAN KODO PRO - Rojo
 d=138 | 16162 t3 prod 10443 $34791 | Puffco Proxy Joystick Cap | PIRANHA
       | 32916 t1 huerfana $14990 | VAPORIZADOR YOCAN KODO PRO - Naranjo
 d=138 | 17931 t1 prod 10521 $15990 | VAPORIZADOR YOCAN KODO PRO
       | 34360 t2 huerfana $104990 | Puffco Vaporizador Plus - Tornasol
 d=138 | 17931 t1 prod 10521 $15990 | VAPORIZADOR YOCAN KODO PRO
       | 34366 t2 huerfana $39990 | Peak Pro Joystick Cap Puffco - Onyx
 d=138 | 18153 t1 huerfana $159990 | Accesorio Extractos New Proxy Wizard Haze-Puffco
       | 18585 t2 prod 10433 $104990 | Puffco Peak Pro Glass
 d=138 | 18158 t1 huerfana $350990 | Vaporizador Puffco Peak Pine Smart E-Rig
       | 34370 t2 huerfana $79990 | Puffco Hot Knife - Dabber eléctronico - Negro
 d=138 | 18158 t1 huerfana $350990 | Vaporizador Puffco Peak Pine Smart E-Rig
       | 37541 t2 huerfana $5990 | Dabber Calavera - Dorado
 d=138 | 18183 t1 prod 10494 $201990 | Vaporizador Pivot Mocha-Puffco
       | 35782 t2 huerfana $12990 | Pulsar Bateria 510 Voltaje Variable - Azul Ombre
 d=138 | 18193 t1 huerfana $349990 | Vaporizador Peak-Puffco
       | 37817 t2 prod 10678 $269990 | Vaporizador Puffco Peak 2024 - Sky
 d=138 | 18196 t1 huerfana $219990 | Peak Travel Glass Ultraviolet Purple-Puffco
       | 34359 t2 huerfana $99990 | Puffco Vaporizador Plus - Negro
 d=138 | 18204 t1 prod 10559 $156990 | Proxy Wizard Black-Puffco
       | 20269 t2 huerfana $19990 | Puffco Peak 3 Bowl Pack
 d=138 | 18583 t2 prod 10652 $39990 | Peak Pro Joystick Cap Puffco
       | 32917 t1 huerfana $14990 | VAPORIZADOR YOCAN KODO PRO - Blanco
 d=138 | 18584 t2 prod 10449 $29990 | Puffco Peak Pro Ball Cap
       | 31425 t1 huerfana $65990 | VAPORIZADOR YOCAN HIT 2 - azul
 d=138 | 18585 t2 prod 10433 $104990 | Puffco Peak Pro Glass
       | 32807 t1 huerfana $65990 | VAPORIZADOR HIERBA SECA VANE- YOCAN - verde
 d=138 | 20302 t2 huerfana $2990 | Dabber
       | 31429 t1 prod 10214 $65990 | VAPORIZADOR YOCAN HIT 2 - Negro
 d=138 | 20302 t2 huerfana $2990 | Dabber
       | 31852 t1 huerfana $71990 | The Hot Knife -Puffco - ONYX
 d=138 | 20302 t2 huerfana $2990 | Dabber
       | 32921 t1 huerfana $14990 | VAPORIZADOR YOCAN KODO PRO - Negro
 d=138 | 31428 t1 huerfana $65990 | VAPORIZADOR YOCAN HIT 2 - Rosa
       | 34359 t2 huerfana $99990 | Puffco Vaporizador Plus - Negro
 d=138 | 31844 t1 huerfana $350990 | New Peak (Color a elección) -Puffco - Pine
       | 34370 t2 huerfana $79990 | Puffco Hot Knife - Dabber eléctronico - Negro
 d=138 | 31844 t1 huerfana $350990 | New Peak (Color a elección) -Puffco - Pine
       | 37541 t2 huerfana $5990 | Dabber Calavera - Dorado
 d=138 | 31852 t1 huerfana $71990 | The Hot Knife -Puffco - ONYX
       | 37527 t2 huerfana $24990 | Calvo Batería Hide Cartridge 510 - Rosado
 d=138 | 32806 t1 huerfana $69990 | VAPORIZADOR HIERBA SECA VANE- YOCAN - azul
       | 34367 t2 prod 10652 $39990 | Peak Pro Joystick Cap Puffco - Pearl
 d=138 | 32811 t1 huerfana $65990 | VAPORIZADOR HIERBA SECA VANE- YOCAN - Amarillo
       | 37541 t2 huerfana $5990 | Dabber Calavera - Dorado
 d=138 | 32917 t1 huerfana $14990 | VAPORIZADOR YOCAN KODO PRO - Blanco
       | 34360 t2 huerfana $104990 | Puffco Vaporizador Plus - Tornasol
 d=138 | 32917 t1 huerfana $14990 | VAPORIZADOR YOCAN KODO PRO - Blanco
       | 34366 t2 huerfana $39990 | Peak Pro Joystick Cap Puffco - Onyx
 d=138 | 32919 t1 huerfana $14990 | VAPORIZADOR YOCAN KODO PRO - Verde azulado
       | 34367 t2 prod 10652 $39990 | Peak Pro Joystick Cap Puffco - Pearl
 d=138 | 32919 t1 huerfana $14990 | VAPORIZADOR YOCAN KODO PRO - Verde azulado
       | 34370 t2 huerfana $79990 | Puffco Hot Knife - Dabber eléctronico - Negro
 d=138 | 32921 t1 huerfana $14990 | VAPORIZADOR YOCAN KODO PRO - Negro
       | 37527 t2 huerfana $24990 | Calvo Batería Hide Cartridge 510 - Rosado
 d=138 | 33068 t1 huerfana $32990 | HOT KNIFE EXTRACTOS DIRK YOCAN - CARMINE
       | 37541 t2 huerfana $5990 | Dabber Calavera - Dorado
 d=138 | 33068 t1 huerfana $32990 | HOT KNIFE EXTRACTOS DIRK YOCAN - CARMINE
       | 37863 t2 huerfana $31990 | Puffco Travel Pack Peak Pro - Naranjo
 d=138 | 33069 t1 huerfana $32990 | HOT KNIFE EXTRACTOS DIRK YOCAN - Naranjo
       | 37862 t2 prod 10450 $31990 | Puffco Travel Pack Peak Pro - Verde
 d=138 | 33072 t1 huerfana $32990 | HOT KNIFE EXTRACTOS DIRK YOCAN - TURQOISE
       | 37862 t2 prod 10450 $31990 | Puffco Travel Pack Peak Pro - Verde
 d=138 | 33072 t1 huerfana $32990 | HOT KNIFE EXTRACTOS DIRK YOCAN - TURQOISE
       | 37863 t2 huerfana $31990 | Puffco Travel Pack Peak Pro - Naranjo
 d=138 | 33087 t1 huerfana $9990 | VAPORIZADOR YOCAN FLAT - azul
       | 37527 t2 huerfana $24990 | Calvo Batería Hide Cartridge 510 - Rosado
 d=138 | 33094 t1 huerfana $94990 | VAPORIZADOR YOCAN POCKET - verde
       | 37862 t2 prod 10450 $31990 | Puffco Travel Pack Peak Pro - Verde
 d=138 | 33096 t1 huerfana $94990 | VAPORIZADOR YOCAN POCKET - Rosa
       | 37862 t2 prod 10450 $31990 | Puffco Travel Pack Peak Pro - Verde
 d=139 | 11554 t4 huerfana $3300 | Dabber Espátula Lecron Acero Inoxidable | Herramienta p
       | 18008 t1 prod 10493 $34990 | HOT KNIFE EXTRACTOS DIRK YOCAN
 d=139 | 11554 t4 huerfana $3300 | Dabber Espátula Lecron Acero Inoxidable | Herramienta p
       | 31426 t1 huerfana $65990 | VAPORIZADOR YOCAN HIT 2 - verde
 d=139 | 11554 t4 huerfana $3300 | Dabber Espátula Lecron Acero Inoxidable | Herramienta p
       | 31429 t1 prod 10214 $65990 | VAPORIZADOR YOCAN HIT 2 - Negro
 d=139 | 11554 t4 huerfana $3300 | Dabber Espátula Lecron Acero Inoxidable | Herramienta p
       | 33066 t1 huerfana $32990 | HOT KNIFE EXTRACTOS DIRK YOCAN - verde
 d=139 | 11554 t4 huerfana $3300 | Dabber Espátula Lecron Acero Inoxidable | Herramienta p
       | 33067 t1 huerfana $32990 | HOT KNIFE EXTRACTOS DIRK YOCAN - IVORY
 d=139 | 11554 t4 huerfana $3300 | Dabber Espátula Lecron Acero Inoxidable | Herramienta p
       | 33087 t1 huerfana $9990 | VAPORIZADOR YOCAN FLAT - azul
 d=139 | 11554 t4 huerfana $3300 | Dabber Espátula Lecron Acero Inoxidable | Herramienta p
       | 33097 t1 prod 10503 $94990 | VAPORIZADOR YOCAN POCKET - Negro
 d=139 | 11610 t4 prod 10207 $108000 | Puffco Plus | Vaporizador portátil ➤ Growbarato Chile
       | 32921 t1 huerfana $14990 | VAPORIZADOR YOCAN KODO PRO - Negro
 d=139 | 12335 t1 prod 10214 $69990 | VAPORIZADOR YOCAN HIT 2
       | 34359 t2 huerfana $99990 | Puffco Vaporizador Plus - Negro
 d=139 | 12999 t2 prod 10207 $99990 | Puffco Vaporizador Plus
       | 18175 t1 huerfana $109990 | Vaporizador New Plus White-Puffco
 d=139 | 16123 t3 prod 10456 $107991 | Puffco Peak Pro 3D Chamber | PIRANHA
       | 18175 t1 huerfana $109990 | Vaporizador New Plus White-Puffco
 d=139 | 18158 t1 huerfana $350990 | Vaporizador Puffco Peak Pine Smart E-Rig
       | 34371 t2 huerfana $79990 | Puffco Hot Knife - Dabber eléctronico - Verde
 d=139 | 18175 t1 huerfana $109990 | Vaporizador New Plus White-Puffco
       | 34360 t2 huerfana $104990 | Puffco Vaporizador Plus - Tornasol
 d=139 | 18175 t1 huerfana $109990 | Vaporizador New Plus White-Puffco
       | 39077 t3 huerfana $9592 | Batería Vaporizador Cartridge Airis V2.0 - Airistech | 
 d=139 | 18204 t1 prod 10559 $156990 | Proxy Wizard Black-Puffco
       | 34373 t2 huerfana $79990 | Puffco Hot Knife - Dabber eléctronico - Dessert
 d=139 | 18583 t2 prod 10652 $39990 | Peak Pro Joystick Cap Puffco
       | 33066 t1 huerfana $32990 | HOT KNIFE EXTRACTOS DIRK YOCAN - verde
 d=139 | 18584 t2 prod 10449 $29990 | Puffco Peak Pro Ball Cap
       | 31428 t1 huerfana $65990 | VAPORIZADOR YOCAN HIT 2 - Rosa
 d=139 | 18585 t2 prod 10433 $104990 | Puffco Peak Pro Glass
       | 32917 t1 huerfana $14990 | VAPORIZADOR YOCAN KODO PRO - Blanco
 d=139 | 20301 t2 huerfana $69990 | Vaporizador DaVinci Artiq Cartridge
       | 31429 t1 prod 10214 $65990 | VAPORIZADOR YOCAN HIT 2 - Negro
 d=139 | 20302 t2 huerfana $2990 | Dabber
       | 33070 t1 huerfana $34990 | HOT KNIFE EXTRACTOS DIRK YOCAN - Negro
 d=139 | 31427 t1 huerfana $65990 | VAPORIZADOR YOCAN HIT 2 - Blanco
       | 34359 t2 huerfana $99990 | Puffco Vaporizador Plus - Negro
 d=139 | 31428 t1 huerfana $65990 | VAPORIZADOR YOCAN HIT 2 - Rosa
       | 34355 t2 prod 10653 $539990 | Puffco Vaporizador New Peak Pro + Chamber 3D XL - Onyx
 d=139 | 31429 t1 prod 10214 $65990 | VAPORIZADOR YOCAN HIT 2 - Negro
       | 37825 t2 huerfana $69990 | Vaporizador DaVinci Artiq Cartridge - Negro
 d=139 | 31844 t1 huerfana $350990 | New Peak (Color a elección) -Puffco - Pine
       | 34371 t2 huerfana $79990 | Puffco Hot Knife - Dabber eléctronico - Verde
 d=139 | 31852 t1 huerfana $71990 | The Hot Knife -Puffco - ONYX
       | 34359 t2 huerfana $99990 | Puffco Vaporizador Plus - Negro
 d=139 | 32807 t1 huerfana $65990 | VAPORIZADOR HIERBA SECA VANE- YOCAN - verde
       | 37862 t2 prod 10450 $31990 | Puffco Travel Pack Peak Pro - Verde
 d=139 | 32918 t1 huerfana $14990 | VAPORIZADOR YOCAN KODO PRO - Rosa
       | 37541 t2 huerfana $5990 | Dabber Calavera - Dorado
 d=139 | 32920 t1 huerfana $14990 | VAPORIZADOR YOCAN KODO PRO - Morado
       | 34355 t2 prod 10653 $539990 | Puffco Vaporizador New Peak Pro + Chamber 3D XL - Onyx
 d=139 | 33066 t1 huerfana $32990 | HOT KNIFE EXTRACTOS DIRK YOCAN - verde
       | 34366 t2 huerfana $39990 | Peak Pro Joystick Cap Puffco - Onyx
 d=139 | 33069 t1 huerfana $32990 | HOT KNIFE EXTRACTOS DIRK YOCAN - Naranjo
       | 34355 t2 prod 10653 $539990 | Puffco Vaporizador New Peak Pro + Chamber 3D XL - Onyx
 d=139 | 33087 t1 huerfana $9990 | VAPORIZADOR YOCAN FLAT - azul
       | 37541 t2 huerfana $5990 | Dabber Calavera - Dorado
 d=139 | 33094 t1 huerfana $94990 | VAPORIZADOR YOCAN POCKET - verde
       | 34374 t2 huerfana $79990 | Puffco Hot Knife - Dabber eléctronico - Onyx
 d=140 | 683 t3 prod 10503 $79992 | Vaporizador de Extractos Yocan Pocket | PIRANHA
       | 32807 t1 huerfana $65990 | VAPORIZADOR HIERBA SECA VANE- YOCAN - verde
 d=140 | 1219 t2 prod 10314 $20990 | Calvo Glass Banger Full Weld Big Slurper - Macho 10mm
       | 11433 t4 huerfana $18900 | Insert Banger Fondo Opaco Calvo Glass
 d=140 | 2481 t2 prod 10649 $459990 | Puffco Vaporizador Peak Pro
       | 32916 t1 huerfana $14990 | VAPORIZADOR YOCAN KODO PRO - Naranjo
 d=140 | 3203 t4 prod 10614 $4500 | Dual Dabbers Classic Bongalab - GB The Green Brand
       | 31426 t1 huerfana $65990 | VAPORIZADOR YOCAN HIT 2 - verde
 d=140 | 3203 t4 prod 10614 $4500 | Dual Dabbers Classic Bongalab - GB The Green Brand
       | 33073 t1 huerfana $32990 | HOT KNIFE EXTRACTOS DIRK YOCAN - LILAC
 d=140 | 3203 t4 prod 10614 $4500 | Dual Dabbers Classic Bongalab - GB The Green Brand
       | 34374 t2 huerfana $79990 | Puffco Hot Knife - Dabber eléctronico - Onyx
 d=140 | 11554 t4 huerfana $3300 | Dabber Espátula Lecron Acero Inoxidable | Herramienta p
       | 33068 t1 huerfana $32990 | HOT KNIFE EXTRACTOS DIRK YOCAN - CARMINE
 d=140 | 11610 t4 prod 10207 $108000 | Puffco Plus | Vaporizador portátil ➤ Growbarato Chile
       | 34360 t2 huerfana $104990 | Puffco Vaporizador Plus - Tornasol
 d=140 | 12335 t1 prod 10214 $69990 | VAPORIZADOR YOCAN HIT 2
       | 20302 t2 huerfana $2990 | Dabber
 d=140 | 12335 t1 prod 10214 $69990 | VAPORIZADOR YOCAN HIT 2
       | 37527 t2 huerfana $24990 | Calvo Batería Hide Cartridge 510 - Rosado
 d=140 | 13000 t2 prod 10312 $79990 | Puffco Hot Knife - Dabber eléctronico
       | 32811 t1 huerfana $65990 | VAPORIZADOR HIERBA SECA VANE- YOCAN - Amarillo
 d=140 | 13000 t2 prod 10312 $79990 | Puffco Hot Knife - Dabber eléctronico
       | 32917 t1 huerfana $14990 | VAPORIZADOR YOCAN KODO PRO - Blanco
 d=140 | 16068 t3 prod 10521 $14391 | Vaporizador para Cartridge Yocan Kodo Pro | PIRANHA
       | 32917 t1 huerfana $14990 | VAPORIZADOR YOCAN KODO PRO - Blanco
 d=140 | 16068 t3 prod 10521 $14391 | Vaporizador para Cartridge Yocan Kodo Pro | PIRANHA
       | 33068 t1 huerfana $32990 | HOT KNIFE EXTRACTOS DIRK YOCAN - CARMINE
 d=140 | 16068 t3 prod 10521 $14391 | Vaporizador para Cartridge Yocan Kodo Pro | PIRANHA
       | 33070 t1 huerfana $34990 | HOT KNIFE EXTRACTOS DIRK YOCAN - Negro
 d=140 | 16068 t3 prod 10521 $14391 | Vaporizador para Cartridge Yocan Kodo Pro | PIRANHA
       | 33072 t1 huerfana $32990 | HOT KNIFE EXTRACTOS DIRK YOCAN - TURQOISE
 d=140 | 16077 t3 prod 10548 $9891 | Vaporizador para Cartridge Yocan Flat | PIRANHA
       | 33089 t1 huerfana $9990 | VAPORIZADOR YOCAN FLAT - Rojo
 d=140 | 16123 t3 prod 10456 $107991 | Puffco Peak Pro 3D Chamber | PIRANHA
       | 34360 t2 huerfana $104990 | Puffco Vaporizador Plus - Tornasol
 d=140 | 16160 t3 prod 10652 $34791 | Puffco Peak Pro Joystick Cap | PIRANHA
       | 32919 t1 huerfana $14990 | VAPORIZADOR YOCAN KODO PRO - Verde azulado
 d=140 | 17931 t1 prod 10521 $15990 | VAPORIZADOR YOCAN KODO PRO
       | 34370 t2 huerfana $79990 | Puffco Hot Knife - Dabber eléctronico - Negro
 d=140 | 18153 t1 huerfana $159990 | Accesorio Extractos New Proxy Wizard Haze-Puffco
       | 34373 t2 huerfana $79990 | Puffco Hot Knife - Dabber eléctronico - Dessert
 d=140 | 18196 t1 huerfana $219990 | Peak Travel Glass Ultraviolet Purple-Puffco
       | 20301 t2 huerfana $69990 | Vaporizador DaVinci Artiq Cartridge
 d=140 | 18196 t1 huerfana $219990 | Peak Travel Glass Ultraviolet Purple-Puffco
       | 37825 t2 huerfana $69990 | Vaporizador DaVinci Artiq Cartridge - Negro
 d=140 | 18583 t2 prod 10652 $39990 | Peak Pro Joystick Cap Puffco
       | 32915 t1 huerfana $14990 | VAPORIZADOR YOCAN KODO PRO - Rojo
 d=140 | 20269 t2 huerfana $19990 | Puffco Peak 3 Bowl Pack
       | 32811 t1 huerfana $65990 | VAPORIZADOR HIERBA SECA VANE- YOCAN - Amarillo
 d=140 | 20269 t2 huerfana $19990 | Puffco Peak 3 Bowl Pack
       | 33096 t1 huerfana $94990 | VAPORIZADOR YOCAN POCKET - Rosa
 d=140 | 20302 t2 huerfana $2990 | Dabber
       | 31427 t1 huerfana $65990 | VAPORIZADOR YOCAN HIT 2 - Blanco
 d=140 | 20302 t2 huerfana $2990 | Dabber
       | 33065 t1 huerfana $32990 | HOT KNIFE EXTRACTOS DIRK YOCAN - azul
 d=140 | 20302 t2 huerfana $2990 | Dabber
       | 33071 t1 huerfana $32990 | HOT KNIFE EXTRACTOS DIRK YOCAN - LEMON
 d=140 | 31425 t1 huerfana $65990 | VAPORIZADOR YOCAN HIT 2 - azul
       | 37527 t2 huerfana $24990 | Calvo Batería Hide Cartridge 510 - Rosado
 d=140 | 31427 t1 huerfana $65990 | VAPORIZADOR YOCAN HIT 2 - Blanco
       | 37527 t2 huerfana $24990 | Calvo Batería Hide Cartridge 510 - Rosado
 d=140 | 31430 t1 huerfana $65990 | VAPORIZADOR YOCAN HIT 2 - Morado
       | 34359 t2 huerfana $99990 | Puffco Vaporizador Plus - Negro
 d=140 | 32809 t1 huerfana $69990 | VAPORIZADOR HIERBA SECA VANE- YOCAN - Blanco
       | 37862 t2 prod 10450 $31990 | Puffco Travel Pack Peak Pro - Verde
 d=140 | 32811 t1 huerfana $65990 | VAPORIZADOR HIERBA SECA VANE- YOCAN - Amarillo
       | 34370 t2 huerfana $79990 | Puffco Hot Knife - Dabber eléctronico - Negro
 d=140 | 32811 t1 huerfana $65990 | VAPORIZADOR HIERBA SECA VANE- YOCAN - Amarillo
       | 37862 t2 prod 10450 $31990 | Puffco Travel Pack Peak Pro - Verde
 d=140 | 32915 t1 huerfana $14990 | VAPORIZADOR YOCAN KODO PRO - Rojo
       | 34366 t2 huerfana $39990 | Peak Pro Joystick Cap Puffco - Onyx
 d=140 | 32916 t1 huerfana $14990 | VAPORIZADOR YOCAN KODO PRO - Naranjo
       | 34367 t2 prod 10652 $39990 | Peak Pro Joystick Cap Puffco - Pearl
 d=140 | 32917 t1 huerfana $14990 | VAPORIZADOR YOCAN KODO PRO - Blanco
       | 34370 t2 huerfana $79990 | Puffco Hot Knife - Dabber eléctronico - Negro
 d=140 | 32919 t1 huerfana $14990 | VAPORIZADOR YOCAN KODO PRO - Verde azulado
       | 37862 t2 prod 10450 $31990 | Puffco Travel Pack Peak Pro - Verde
 d=140 | 32920 t1 huerfana $14990 | VAPORIZADOR YOCAN KODO PRO - Morado
       | 37862 t2 prod 10450 $31990 | Puffco Travel Pack Peak Pro - Verde
 d=140 | 32920 t1 huerfana $14990 | VAPORIZADOR YOCAN KODO PRO - Morado
       | 37863 t2 huerfana $31990 | Puffco Travel Pack Peak Pro - Naranjo
 d=140 | 33068 t1 huerfana $32990 | HOT KNIFE EXTRACTOS DIRK YOCAN - CARMINE
       | 37862 t2 prod 10450 $31990 | Puffco Travel Pack Peak Pro - Verde
 d=140 | 33094 t1 huerfana $94990 | VAPORIZADOR YOCAN POCKET - verde
       | 37863 t2 huerfana $31990 | Puffco Travel Pack Peak Pro - Naranjo
 d=140 | 33094 t1 huerfana $94990 | VAPORIZADOR YOCAN POCKET - verde
       | 39077 t3 huerfana $9592 | Batería Vaporizador Cartridge Airis V2.0 - Airistech | 
 d=140 | 33096 t1 huerfana $94990 | VAPORIZADOR YOCAN POCKET - Rosa
       | 37863 t2 huerfana $31990 | Puffco Travel Pack Peak Pro - Naranjo

===== Bandejas y ceniceros: 349 ofertas con imagen =====
hashes ok: 349 | errores: 0
42 pares candidatos (distancia Hamming <= 140/512)
*d= 12 | 15786 t3 prod 10371 $14241 | Cenicero de Silicona Blazy Susan Pink | PIRANHA
       | 32488 t1 huerfana $12990 | Cenicero De Silicona -Blazy Susan - Rosa
*d= 17 | 12539 t1 prod 10285 $8990 | Bandeja Metálica Fly High Grande-Raw
       | 13693 t2 huerfana $7690 | Bandeja RAW metálica Prepare for Flight - Mediana
*d= 18 | 15979 t3 prod 10546 $4990 | Contenedor con Tapa Bandeja de Enrolado Soulblime | PIR
       | 36151 t2 huerfana $3190 | Soulblime Contenedor con Tapa-Bandeja - Monstruos
*d= 21 | 32697 t1 huerfana $23990 | Neon Tray Bandeja Enrolado Led -Bonglab - Rosa
       | 36021 t2 huerfana $29990 | BongLab Bandeja Neon Tray - Iluminadas - Rosado
*d= 28 | 1564 t2 huerfana $26290 | Futurola x Mike Tyson Bandeja Metálica Grande
       | 15960 t3 huerfana $14951 | Bandeja Tyson x Futurola Metal Rolling Tray Medium | PI
*d= 55 | 16090 t3 huerfana $3990 | Bandeja Soulblime
       | 36539 t2 huerfana $3590 | Soulblime bandejas pequeñas - Photography - Dientes
*d= 58 | 32490 t1 huerfana $13990 | Cenicero Deluxe Silicona -Blazy Susan - Azul
       | 34231 t2 huerfana $14990 | Blazy Susan Cenicero Deluxe - Lila
 d= 79 | 2076 t2 prod 5731 $14990 | Blazy Susan Cenicero Deluxe
       | 32490 t1 huerfana $13990 | Cenicero Deluxe Silicona -Blazy Susan - Azul
 d= 79 | 32490 t1 huerfana $13990 | Cenicero Deluxe Silicona -Blazy Susan - Azul
       | 34230 t2 huerfana $14990 | Blazy Susan Cenicero Deluxe - Rosado
 d= 83 | 1294 t3 prod 5731 $13941 | Cenicero Blazy Susan Deluxe (Color a elección) | PIRANH
       | 32493 t1 huerfana $14990 | Cenicero Deluxe Silicona -Blazy Susan - Rojo
 d= 83 | 1542 t2 prod 10285 $10990 | Bandeja RAW metálica Prepare for Flight - Grande
       | 14337 t3 huerfana $5990 | Bandeja Metálica RAW Fly High | PIRANHA
 d= 91 | 1294 t3 prod 5731 $13941 | Cenicero Blazy Susan Deluxe (Color a elección) | PIRANH
       | 34231 t2 huerfana $14990 | Blazy Susan Cenicero Deluxe - Lila
 d= 91 | 32492 t1 huerfana $14990 | Cenicero Deluxe Silicona -Blazy Susan - ORANGE
       | 34231 t2 huerfana $14990 | Blazy Susan Cenicero Deluxe - Lila
 d= 92 | 32493 t1 huerfana $14990 | Cenicero Deluxe Silicona -Blazy Susan - Rojo
       | 34231 t2 huerfana $14990 | Blazy Susan Cenicero Deluxe - Lila
 d= 92 | 32696 t1 prod 5732 $29990 | Neon Tray Bandeja Enrolado Led -Bonglab - Verde
       | 36021 t2 huerfana $29990 | BongLab Bandeja Neon Tray - Iluminadas - Rosado
 d= 95 | 1294 t3 prod 5731 $13941 | Cenicero Blazy Susan Deluxe (Color a elección) | PIRANH
       | 32490 t1 huerfana $13990 | Cenicero Deluxe Silicona -Blazy Susan - Azul
 d= 97 | 12481 t1 prod 5731 $14990 | Cenicero Deluxe Silicona -Blazy Susan
       | 34231 t2 huerfana $14990 | Blazy Susan Cenicero Deluxe - Lila
 d= 97 | 32489 t1 prod 5731 $13990 | Cenicero Deluxe Silicona -Blazy Susan - Amarillo
       | 34231 t2 huerfana $14990 | Blazy Susan Cenicero Deluxe - Lila
 d= 98 | 1294 t3 prod 5731 $13941 | Cenicero Blazy Susan Deluxe (Color a elección) | PIRANH
       | 32492 t1 huerfana $14990 | Cenicero Deluxe Silicona -Blazy Susan - ORANGE
 d=101 | 2076 t2 prod 5731 $14990 | Blazy Susan Cenicero Deluxe
       | 32491 t1 huerfana $13990 | Cenicero Deluxe Silicona -Blazy Susan - Verde
 d=101 | 32491 t1 huerfana $13990 | Cenicero Deluxe Silicona -Blazy Susan - Verde
       | 34230 t2 huerfana $14990 | Blazy Susan Cenicero Deluxe - Rosado
 d=101 | 32697 t1 huerfana $23990 | Neon Tray Bandeja Enrolado Led -Bonglab - Rosa
       | 36022 t2 prod 5732 $29990 | BongLab Bandeja Neon Tray - Iluminadas - Verde
 d=104 | 1294 t3 prod 5731 $13941 | Cenicero Blazy Susan Deluxe (Color a elección) | PIRANH
       | 34230 t2 huerfana $14990 | Blazy Susan Cenicero Deluxe - Rosado
 d=105 | 1143 t1 huerfana $1490 | Bandeja Rolado Metalica 18X12Cm Raw 2
       | 2062 t2 prod 10190 $7690 | Bandeja RAW metálica Classic - Mediana
 d=106 | 12481 t1 prod 5731 $14990 | Cenicero Deluxe Silicona -Blazy Susan
       | 34230 t2 huerfana $14990 | Blazy Susan Cenicero Deluxe - Rosado
 d=106 | 32489 t1 prod 5731 $13990 | Cenicero Deluxe Silicona -Blazy Susan - Amarillo
       | 34230 t2 huerfana $14990 | Blazy Susan Cenicero Deluxe - Rosado
 d=108 | 2076 t2 prod 5731 $14990 | Blazy Susan Cenicero Deluxe
       | 32492 t1 huerfana $14990 | Cenicero Deluxe Silicona -Blazy Susan - ORANGE
 d=108 | 32492 t1 huerfana $14990 | Cenicero Deluxe Silicona -Blazy Susan - ORANGE
       | 34230 t2 huerfana $14990 | Blazy Susan Cenicero Deluxe - Rosado
 d=119 | 2076 t2 prod 5731 $14990 | Blazy Susan Cenicero Deluxe
       | 32493 t1 huerfana $14990 | Cenicero Deluxe Silicona -Blazy Susan - Rojo
 d=119 | 32493 t1 huerfana $14990 | Cenicero Deluxe Silicona -Blazy Susan - Rojo
       | 34230 t2 huerfana $14990 | Blazy Susan Cenicero Deluxe - Rosado
 d=122 | 542 t4 huerfana $11700 | Galaxy Stardust cenicero de metal
       | 36983 t2 huerfana $11301 | Cenicero Fumetas Aluminio - Azul
 d=122 | 542 t4 huerfana $11700 | Galaxy Stardust cenicero de metal
       | 36985 t2 huerfana $11301 | Cenicero Fumetas Aluminio - Rojo
 d=122 | 542 t4 huerfana $11700 | Galaxy Stardust cenicero de metal
       | 36987 t2 huerfana $11301 | Cenicero Fumetas Aluminio - Verde Medianoche
 d=126 | 32491 t1 huerfana $13990 | Cenicero Deluxe Silicona -Blazy Susan - Verde
       | 34231 t2 huerfana $14990 | Blazy Susan Cenicero Deluxe - Lila
 d=127 | 542 t4 huerfana $11700 | Galaxy Stardust cenicero de metal
       | 36984 t2 huerfana $11301 | Cenicero Fumetas Aluminio - Gris
 d=128 | 12671 t1 prod 10533 $1990 | Cenicero Diseños Surtido-Soulblime
       | 36147 t2 huerfana $2190 | Soulblime Cenicero Metálico - Diseños - Ojo
 d=129 | 32693 t1 prod 5732 $23990 | Neon Tray Bandeja Enrolado Led -Bonglab - Azul
       | 36021 t2 huerfana $29990 | BongLab Bandeja Neon Tray - Iluminadas - Rosado
 d=130 | 542 t4 huerfana $11700 | Galaxy Stardust cenicero de metal
       | 19992 t2 huerfana $11301 | Cenicero Fumetas Aluminio
 d=130 | 542 t4 huerfana $11700 | Galaxy Stardust cenicero de metal
       | 36988 t2 huerfana $11301 | Cenicero Fumetas Aluminio - Morado
 d=131 | 542 t4 huerfana $11700 | Galaxy Stardust cenicero de metal
       | 36982 t2 huerfana $11301 | Cenicero Fumetas Aluminio - Oro rosa
 d=133 | 1294 t3 prod 5731 $13941 | Cenicero Blazy Susan Deluxe (Color a elección) | PIRANH
       | 32491 t1 huerfana $13990 | Cenicero Deluxe Silicona -Blazy Susan - Verde
 d=134 | 2064 t2 huerfana $10990 | Bandeja RAW metálica Girl - Grande
       | 12221 t1 huerfana $2990 | Bandeja Rolado Metalica 28X18Cm Raw

===== Bongs: 1073 ofertas con imagen =====
oferta 3191: descarga fallida (Error: HTTP 404)
hashes ok: 1072 | errores: 1
484 pares candidatos (distancia Hamming <= 140/512)
*d=  1 | 31359 t1 huerfana $66990 | Big Blow-Bonglab - Verde azulado
       | 34378 t2 huerfana $66990 | Bonglab Bong Pyrex K41 Big Blow 46cm - Turquesa
*d=  1 | 31360 t1 huerfana $66990 | Big Blow-Bonglab - Negro
       | 34379 t2 huerfana $66990 | Bonglab Bong Pyrex K41 Big Blow 46cm - Negro
*d=  1 | 31386 t1 huerfana $28990 | Fat Candy -Bonglab - azul
       | 34504 t2 huerfana $30990 | BongLab Bong W06 Fat Candy 25cm - Azul
*d=  1 | 31670 t1 huerfana $20990 | Little Buchner-Bonglab - azul
       | 37484 t2 huerfana $22990 | Bonglab Bong KS10 Little Buchner 25cm - Azul
*d=  1 | 31701 t1 huerfana $23990 | Pocket Bell -Bonglab - AMBAR
       | 34421 t2 huerfana $25990 | BongLab Bong X5 Pocket Bell 17cm - Ámbar
*d=  2 | 31358 t1 huerfana $66990 | Big Blow-Bonglab - azul
       | 34377 t2 huerfana $66990 | Bonglab Bong Pyrex K41 Big Blow 46cm - Azul
*d=  3 | 31671 t1 huerfana $20990 | Little Buchner-Bonglab - verde
       | 37485 t2 huerfana $22990 | Bonglab Bong KS10 Little Buchner 25cm - Verde
*d=  3 | 31672 t1 huerfana $20990 | Little Buchner-Bonglab - Rosa
       | 37482 t2 huerfana $22990 | Bonglab Bong KS10 Little Buchner 25cm - Rosado
*d=  4 | 31673 t1 huerfana $20990 | Little Buchner-Bonglab - Ámbar
       | 37486 t2 huerfana $22990 | Bonglab Bong KS10 Little Buchner 25cm - Ámbar
*d=  7 | 1583 t2 prod 5341 $29990 | Bonglab Bong Jelly Drop 20cm
       | 31664 t1 huerfana $27990 | Jelly Drop-Bonglab - Ámbar
*d=  7 | 31664 t1 huerfana $27990 | Jelly Drop-Bonglab - Ámbar
       | 33845 t2 huerfana $29990 | Bonglab Bong Jelly Drop 20cm - Ámbar
*d= 10 | 31452 t1 huerfana $27990 | R3 Mini-Bonglab - Rosa
       | 33944 t2 huerfana $21241 | BongLab Bong R3 Mini 10.5cm - Rosado
*d= 13 | 2262 t4 prod 5519 $59800 | Bong de vidrio Big Blow de Bonglab- GB The Green Brand
       | 31360 t1 huerfana $66990 | Big Blow-Bonglab - Negro
*d= 14 | 2262 t4 prod 5519 $59800 | Bong de vidrio Big Blow de Bonglab- GB The Green Brand
       | 34379 t2 huerfana $66990 | Bonglab Bong Pyrex K41 Big Blow 46cm - Negro
*d= 14 | 31390 t1 huerfana $25990 | Fat Candy -Bonglab - Celeste Transparente
       | 34504 t2 huerfana $30990 | BongLab Bong W06 Fat Candy 25cm - Azul
*d= 14 | 31628 t1 huerfana $22990 | Color Cube-Bonglab - verde
       | 34677 t2 huerfana $25990 | Bonglab Bong X2 Color Cube 23cm - Verde
*d= 14 | 31714 t1 huerfana $34990 | Prisma Plus -Bonglab - Rosa
       | 33940 t2 prod 10465 $30990 | Bonglab Bong Prisma Plus 9cm - Rosado
*d= 15 | 842 t3 prod 5525 $24831 | Bong Dream Rig
       | 31383 t1 huerfana $29990 | Dream Rig X4 -Bonglab - Verde azulado
*d= 15 | 31720 t1 prod 10487 $29990 | Saucer Rig-Bonglab - Verde azulado
       | 33956 t2 huerfana $27990 | Bonglab Bong Saucer Rig 13cm - Turquesa
*d= 16 | 13170 t2 prod 5535 $25990 | Bonglab Bong X2 Color Cube 23cm
       | 31627 t1 huerfana $22990 | Color Cube-Bonglab - azul
*d= 16 | 31627 t1 huerfana $22990 | Color Cube-Bonglab - azul
       | 34680 t2 huerfana $25990 | Bonglab Bong X2 Color Cube 23cm - Azul
*d= 16 | 31660 t1 huerfana $29990 | Jelly Drop-Bonglab - Esmeralda
       | 33843 t2 huerfana $29990 | Bonglab Bong Jelly Drop 20cm - Turquesa
*d= 17 | 916 t3 prod 10289 $60891 | Bong Calvo Straight Tube Perc 42cm
       | 34997 t2 huerfana $60891 | Calvo Glass Bong Monster 42cm - Negro
*d= 17 | 31742 t1 prod 10466 $29990 | Tough Beaker -Bonglab - Verde azulado
       | 33960 t2 huerfana $27990 | Bonglab Bong Tough Beaker 23cm - Turquesa
*d= 19 | 31625 t1 huerfana $20990 | Classic Ice 26Cm-Bonglab - Rosa
       | 34672 t2 huerfana $22990 | Bonglab Bong KS11 Classic Ice 26cm - Rosado
*d= 21 | 842 t3 prod 5525 $24831 | Bong Dream Rig
       | 31382 t1 huerfana $29990 | Dream Rig X4 -Bonglab - verde
*d= 22 | 31623 t1 huerfana $20990 | Classic Ice 26Cm-Bonglab - verde
       | 34673 t2 huerfana $22990 | Bonglab Bong KS11 Classic Ice 26cm - Verde
*d= 23 | 2605 t1 prod 5535 $23990 | Color Cube-Bonglab
       | 34679 t2 huerfana $25990 | Bonglab Bong X2 Color Cube 23cm - Ámbar
*d= 23 | 31626 t1 huerfana $22990 | Color Cube-Bonglab - AMBAR
       | 34679 t2 huerfana $25990 | Bonglab Bong X2 Color Cube 23cm - Ámbar
*d= 25 | 31306 t1 huerfana $37990 | Classic Ice Pro-Bonglab - Rosa
       | 34687 t2 huerfana $39990 | Bonglab K288 Classic Ice Pro 35cm - Rosado
*d= 26 | 80 t1 prod 5773 $22990 | Classic Ice 26Cm-Bonglab
       | 34675 t2 huerfana $22990 | Bonglab Bong KS11 Classic Ice 26cm - Ámbar
*d= 26 | 31621 t1 huerfana $20990 | Classic Ice 26Cm-Bonglab - AMBAR
       | 34675 t2 huerfana $22990 | Bonglab Bong KS11 Classic Ice 26cm - Ámbar
*d= 28 | 74 t1 prod 5777 $22990 | Little Buchner-Bonglab
       | 37483 t2 huerfana $22990 | Bonglab Bong KS10 Little Buchner 25cm - Negro
*d= 28 | 20189 t2 prod 5777 $22990 | Bonglab Bong KS10 Little Buchner 25cm
       | 31669 t1 huerfana $20990 | Little Buchner-Bonglab - Negro
*d= 28 | 31669 t1 huerfana $20990 | Little Buchner-Bonglab - Negro
       | 37483 t2 huerfana $22990 | Bonglab Bong KS10 Little Buchner 25cm - Negro
*d= 29 | 856 t3 prod 5339 $60291 | Bong Bubbler Kush
       | 31362 t1 huerfana $79990 | Bubbler Kush-Bonglab - verde
*d= 29 | 31736 t1 huerfana $15990 | Tiny Bell -Bonglab - Rosa
       | 34670 t2 huerfana $16990 | BongLab Bong KM4 Tiny Bell 10cm - Rosado
*d= 29 | 31737 t1 prod 5778 $15990 | Tiny Bell -Bonglab - Morado
       | 34670 t2 huerfana $16990 | BongLab Bong KM4 Tiny Bell 10cm - Rosado
*d= 34 | 845 t3 prod 5340 $22493 | Bong Fat Candy
       | 34506 t2 huerfana $30990 | BongLab Bong W06 Fat Candy 25cm - Ámbar
*d= 34 | 1233 t2 prod 5519 $66990 | Bonglab Bong Pyrex K41 Big Blow 46cm
       | 31357 t1 huerfana $66990 | Big Blow-Bonglab - Morado
*d= 34 | 2549 t1 prod 5519 $66990 | Big Blow-Bonglab
       | 34380 t2 huerfana $66990 | Bonglab Bong Pyrex K41 Big Blow 46cm - Morado
*d= 34 | 31357 t1 huerfana $66990 | Big Blow-Bonglab - Morado
       | 34380 t2 huerfana $66990 | Bonglab Bong Pyrex K41 Big Blow 46cm - Morado
*d= 35 | 31764 t1 huerfana $50990 | Mercurial KH1-Bonglab - KH1
       | 34954 t2 huerfana $47990 | BongLab Bong KH1 Mercurial 24cm - Azul
*d= 36 | 14201 t3 prod 10218 $29441 | Bong Handy Rig | PIRANHA
       | 33928 t2 huerfana $30990 | Bonglab Bong Handy Rig 14cm - Rosado
*d= 36 | 15752 t3 huerfana $38242 | Bong Classy Bonglab | PIRANHA
       | 35484 t2 huerfana $55990 | Bonglab Bong KD1 Classy 29cm - Verde
*d= 37 | 184 t1 prod 5341 $29990 | Jelly Drop-Bonglab
       | 33841 t2 huerfana $29990 | Bonglab Bong Jelly Drop 20cm - Morado
*d= 37 | 31662 t1 huerfana $27990 | Jelly Drop-Bonglab - Morado
       | 33841 t2 huerfana $29990 | Bonglab Bong Jelly Drop 20cm - Morado
*d= 39 | 31661 t1 huerfana $27990 | Jelly Drop-Bonglab - azul
       | 33842 t2 huerfana $29990 | Bonglab Bong Jelly Drop 20cm - Azul
*d= 39 | 31764 t1 huerfana $50990 | Mercurial KH1-Bonglab - KH1
       | 34953 t2 huerfana $47990 | BongLab Bong KH1 Mercurial 24cm - Gris
*d= 43 | 13168 t2 prod 5773 $22990 | Bonglab Bong KS11 Classic Ice 26cm
       | 31622 t1 huerfana $20990 | Classic Ice 26Cm-Bonglab - azul
*d= 43 | 31622 t1 huerfana $20990 | Classic Ice 26Cm-Bonglab - azul
       | 34674 t2 huerfana $22990 | Bonglab Bong KS11 Classic Ice 26cm - Azul
*d= 44 | 20189 t2 prod 5777 $22990 | Bonglab Bong KS10 Little Buchner 25cm
       | 31673 t1 huerfana $20990 | Little Buchner-Bonglab - Ámbar
*d= 44 | 31673 t1 huerfana $20990 | Little Buchner-Bonglab - Ámbar
       | 37483 t2 huerfana $22990 | Bonglab Bong KS10 Little Buchner 25cm - Negro
*d= 45 | 31627 t1 huerfana $22990 | Color Cube-Bonglab - azul
       | 34679 t2 huerfana $25990 | Bonglab Bong X2 Color Cube 23cm - Ámbar
*d= 46 | 31435 t1 huerfana $51990 | Bongbastic -Bonglab - Negro
       | 34069 t2 huerfana $67990 | Bonglab Bong K276 Bongbastic 45cm - Negro
*d= 46 | 31671 t1 huerfana $20990 | Little Buchner-Bonglab - verde
       | 37484 t2 huerfana $22990 | Bonglab Bong KS10 Little Buchner 25cm - Azul
*d= 47 | 13168 t2 prod 5773 $22990 | Bonglab Bong KS11 Classic Ice 26cm
       | 31623 t1 huerfana $20990 | Classic Ice 26Cm-Bonglab - verde
*d= 47 | 31623 t1 huerfana $20990 | Classic Ice 26Cm-Bonglab - verde
       | 34674 t2 huerfana $22990 | Bonglab Bong KS11 Classic Ice 26cm - Azul
*d= 49 | 31683 t1 huerfana $51990 | Mad Professor - Bonglab - Rosa
       | 33846 t2 huerfana $64990 | Bonglab Bong Mad Professor 42cm - Rosado
*d= 50 | 31670 t1 huerfana $20990 | Little Buchner-Bonglab - azul
       | 37485 t2 huerfana $22990 | Bonglab Bong KS10 Little Buchner 25cm - Verde
*d= 51 | 31359 t1 huerfana $66990 | Big Blow-Bonglab - Verde azulado
       | 34379 t2 huerfana $66990 | Bonglab Bong Pyrex K41 Big Blow 46cm - Negro
*d= 51 | 31360 t1 huerfana $66990 | Big Blow-Bonglab - Negro
       | 34378 t2 huerfana $66990 | Bonglab Bong Pyrex K41 Big Blow 46cm - Turquesa
*d= 53 | 31624 t1 huerfana $20990 | Classic Ice 26Cm-Bonglab - Negro
       | 34671 t2 huerfana $22990 | Bonglab Bong KS11 Classic Ice 26cm - Negro
*d= 54 | 74 t1 prod 5777 $22990 | Little Buchner-Bonglab
       | 37486 t2 huerfana $22990 | Bonglab Bong KS10 Little Buchner 25cm - Ámbar
*d= 54 | 31669 t1 huerfana $20990 | Little Buchner-Bonglab - Negro
       | 37486 t2 huerfana $22990 | Bonglab Bong KS10 Little Buchner 25cm - Ámbar
*d= 55 | 31629 t1 huerfana $22990 | Color Cube-Bonglab - Rosa
       | 34678 t2 huerfana $25990 | Bonglab Bong X2 Color Cube 23cm - Rosado
*d= 58 | 2262 t4 prod 5519 $59800 | Bong de vidrio Big Blow de Bonglab- GB The Green Brand
       | 34378 t2 huerfana $66990 | Bonglab Bong Pyrex K41 Big Blow 46cm - Turquesa
*d= 59 | 2262 t4 prod 5519 $59800 | Bong de vidrio Big Blow de Bonglab- GB The Green Brand
       | 31359 t1 huerfana $66990 | Big Blow-Bonglab - Verde azulado
*d= 59 | 31741 t1 prod 10466 $29990 | Tough Beaker -Bonglab - Negro
       | 33960 t2 huerfana $27990 | Bonglab Bong Tough Beaker 23cm - Turquesa
*d= 60 | 31672 t1 huerfana $20990 | Little Buchner-Bonglab - Rosa
       | 37485 t2 huerfana $22990 | Bonglab Bong KS10 Little Buchner 25cm - Verde
 d= 62 | 74 t1 prod 5777 $22990 | Little Buchner-Bonglab
       | 37482 t2 huerfana $22990 | Bonglab Bong KS10 Little Buchner 25cm - Rosado
 d= 62 | 2296 t4 prod 10289 $70000 | Bong Recto Percolador Árbol 42cm de Calvo Glass
       | 34997 t2 huerfana $60891 | Calvo Glass Bong Monster 42cm - Negro
 d= 62 | 13282 t2 prod 10465 $30990 | Bonglab Bong Prisma Plus 9cm
       | 31714 t1 huerfana $34990 | Prisma Plus -Bonglab - Rosa
 d= 62 | 31622 t1 huerfana $20990 | Classic Ice 26Cm-Bonglab - azul
       | 34673 t2 huerfana $22990 | Bonglab Bong KS11 Classic Ice 26cm - Verde
 d= 62 | 31669 t1 huerfana $20990 | Little Buchner-Bonglab - Negro
       | 37482 t2 huerfana $22990 | Bonglab Bong KS10 Little Buchner 25cm - Rosado
 d= 62 | 31671 t1 huerfana $20990 | Little Buchner-Bonglab - verde
       | 37482 t2 huerfana $22990 | Bonglab Bong KS10 Little Buchner 25cm - Rosado
 d= 62 | 31714 t1 huerfana $34990 | Prisma Plus -Bonglab - Rosa
       | 33939 t2 prod 10465 $30990 | Bonglab Bong Prisma Plus 9cm - Morado
 d= 63 | 859 t3 prod 5519 $56942 | Bong Big Blow
       | 31358 t1 huerfana $66990 | Big Blow-Bonglab - azul
 d= 63 | 31673 t1 huerfana $20990 | Little Buchner-Bonglab - Ámbar
       | 37485 t2 huerfana $22990 | Bonglab Bong KS10 Little Buchner 25cm - Verde
 d= 63 | 31742 t1 prod 10466 $29990 | Tough Beaker -Bonglab - Verde azulado
       | 33963 t2 huerfana $27990 | Bonglab Bong Tough Beaker 23cm - Rosado
 d= 64 | 2605 t1 prod 5535 $23990 | Color Cube-Bonglab
       | 34680 t2 huerfana $25990 | Bonglab Bong X2 Color Cube 23cm - Azul
 d= 64 | 13170 t2 prod 5535 $25990 | Bonglab Bong X2 Color Cube 23cm
       | 31626 t1 huerfana $22990 | Color Cube-Bonglab - AMBAR
 d= 64 | 31626 t1 huerfana $22990 | Color Cube-Bonglab - AMBAR
       | 34680 t2 huerfana $25990 | Bonglab Bong X2 Color Cube 23cm - Azul
 d= 64 | 31671 t1 huerfana $20990 | Little Buchner-Bonglab - verde
       | 37486 t2 huerfana $22990 | Bonglab Bong KS10 Little Buchner 25cm - Ámbar
 d= 65 | 859 t3 prod 5519 $56942 | Bong Big Blow
       | 34377 t2 huerfana $66990 | Bonglab Bong Pyrex K41 Big Blow 46cm - Azul
 d= 65 | 20189 t2 prod 5777 $22990 | Bonglab Bong KS10 Little Buchner 25cm
       | 31672 t1 huerfana $20990 | Little Buchner-Bonglab - Rosa
 d= 65 | 31672 t1 huerfana $20990 | Little Buchner-Bonglab - Rosa
       | 37483 t2 huerfana $22990 | Bonglab Bong KS10 Little Buchner 25cm - Negro
 d= 67 | 68 t1 prod 5522 $64990 | Mad Professor - Bonglab
       | 33848 t2 huerfana $64990 | Bonglab Bong Mad Professor 42cm - Jade Green
 d= 67 | 31679 t1 huerfana $51990 | Mad Professor - Bonglab - Blanco
       | 33848 t2 huerfana $64990 | Bonglab Bong Mad Professor 42cm - Jade Green
 d= 67 | 31741 t1 prod 10466 $29990 | Tough Beaker -Bonglab - Negro
       | 33963 t2 huerfana $27990 | Bonglab Bong Tough Beaker 23cm - Rosado
 d= 68 | 74 t1 prod 5777 $22990 | Little Buchner-Bonglab
       | 37484 t2 huerfana $22990 | Bonglab Bong KS10 Little Buchner 25cm - Azul
 d= 68 | 31669 t1 huerfana $20990 | Little Buchner-Bonglab - Negro
       | 37484 t2 huerfana $22990 | Bonglab Bong KS10 Little Buchner 25cm - Azul
 d= 69 | 68 t1 prod 5522 $64990 | Mad Professor - Bonglab
       | 33849 t2 huerfana $64990 | Bonglab Bong Mad Professor 42cm - Blanco
 d= 69 | 74 t1 prod 5777 $22990 | Little Buchner-Bonglab
       | 37485 t2 huerfana $22990 | Bonglab Bong KS10 Little Buchner 25cm - Verde
 d= 69 | 855 t3 prod 5518 $65691 | Bong The Trash
       | 33854 t2 huerfana $59990 | Bonglab Bong The Trash Big Logo 45cm - Negro
 d= 69 | 31669 t1 huerfana $20990 | Little Buchner-Bonglab - Negro
       | 37485 t2 huerfana $22990 | Bonglab Bong KS10 Little Buchner 25cm - Verde
 d= 69 | 31679 t1 huerfana $51990 | Mad Professor - Bonglab - Blanco
       | 33849 t2 huerfana $64990 | Bonglab Bong Mad Professor 42cm - Blanco
 d= 70 | 2605 t1 prod 5535 $23990 | Color Cube-Bonglab
       | 34677 t2 huerfana $25990 | Bonglab Bong X2 Color Cube 23cm - Verde
 d= 70 | 20189 t2 prod 5777 $22990 | Bonglab Bong KS10 Little Buchner 25cm
       | 31671 t1 huerfana $20990 | Little Buchner-Bonglab - verde
 d= 70 | 31626 t1 huerfana $22990 | Color Cube-Bonglab - AMBAR
       | 34677 t2 huerfana $25990 | Bonglab Bong X2 Color Cube 23cm - Verde
 d= 70 | 31671 t1 huerfana $20990 | Little Buchner-Bonglab - verde
       | 37483 t2 huerfana $22990 | Bonglab Bong KS10 Little Buchner 25cm - Negro
 d= 70 | 31673 t1 huerfana $20990 | Little Buchner-Bonglab - Ámbar
       | 37484 t2 huerfana $22990 | Bonglab Bong KS10 Little Buchner 25cm - Azul
 d= 70 | 31682 t1 huerfana $51990 | Mad Professor - Bonglab - JADE GREEN
       | 33849 t2 huerfana $64990 | Bonglab Bong Mad Professor 42cm - Blanco
 d= 70 | 31739 t1 prod 10466 $24990 | Tough Beaker -Bonglab - azul
       | 33960 t2 huerfana $27990 | Bonglab Bong Tough Beaker 23cm - Turquesa
 d= 71 | 31670 t1 huerfana $20990 | Little Buchner-Bonglab - azul
       | 37482 t2 huerfana $22990 | Bonglab Bong KS10 Little Buchner 25cm - Rosado
 d= 72 | 31686 t1 huerfana $51990 | Mad Professor - Bonglab - Verde azulado
       | 33852 t2 huerfana $64990 | Bonglab Bong Mad Professor 42cm - Negro
 d= 72 | 32254 t1 prod 10421 $40990 | Bong Kube 9Cm -Pmg - Negro
       | 37720 t2 huerfana $57990 | PMG Bong Kube 9cm - Kwest Swirl
 d= 73 | 20189 t2 prod 5777 $22990 | Bonglab Bong KS10 Little Buchner 25cm
       | 31670 t1 huerfana $20990 | Little Buchner-Bonglab - azul
 d= 73 | 31670 t1 huerfana $20990 | Little Buchner-Bonglab - azul
       | 37483 t2 huerfana $22990 | Bonglab Bong KS10 Little Buchner 25cm - Negro
 d= 73 | 31670 t1 huerfana $20990 | Little Buchner-Bonglab - azul
       | 37486 t2 huerfana $22990 | Bonglab Bong KS10 Little Buchner 25cm - Ámbar
 d= 73 | 31672 t1 huerfana $20990 | Little Buchner-Bonglab - Rosa
       | 37484 t2 huerfana $22990 | Bonglab Bong KS10 Little Buchner 25cm - Azul
 d= 73 | 31714 t1 huerfana $34990 | Prisma Plus -Bonglab - Rosa
       | 33943 t2 prod 10465 $30990 | Bonglab Bong Prisma Plus 9cm - Amarillo
 d= 74 | 489 t3 prod 5773 $17243 | Bong Classic Ice
       | 31623 t1 huerfana $20990 | Classic Ice 26Cm-Bonglab - verde
 d= 74 | 31358 t1 huerfana $66990 | Big Blow-Bonglab - azul
       | 34378 t2 huerfana $66990 | Bonglab Bong Pyrex K41 Big Blow 46cm - Turquesa
 d= 74 | 31622 t1 huerfana $20990 | Classic Ice 26Cm-Bonglab - azul
       | 34675 t2 huerfana $22990 | Bonglab Bong KS11 Classic Ice 26cm - Ámbar
 d= 75 | 31359 t1 huerfana $66990 | Big Blow-Bonglab - Verde azulado
       | 34377 t2 huerfana $66990 | Bonglab Bong Pyrex K41 Big Blow 46cm - Azul
 d= 75 | 31628 t1 huerfana $22990 | Color Cube-Bonglab - verde
       | 34679 t2 huerfana $25990 | Bonglab Bong X2 Color Cube 23cm - Ámbar
 d= 76 | 489 t3 prod 5773 $17243 | Bong Classic Ice
       | 34673 t2 huerfana $22990 | Bonglab Bong KS11 Classic Ice 26cm - Verde
 d= 76 | 2262 t4 prod 5519 $59800 | Bong de vidrio Big Blow de Bonglab- GB The Green Brand
       | 31358 t1 huerfana $66990 | Big Blow-Bonglab - azul
 d= 76 | 2262 t4 prod 5519 $59800 | Bong de vidrio Big Blow de Bonglab- GB The Green Brand
       | 34377 t2 huerfana $66990 | Bonglab Bong Pyrex K41 Big Blow 46cm - Azul
 d= 76 | 31682 t1 huerfana $51990 | Mad Professor - Bonglab - JADE GREEN
       | 33848 t2 huerfana $64990 | Bonglab Bong Mad Professor 42cm - Jade Green
 d= 77 | 31672 t1 huerfana $20990 | Little Buchner-Bonglab - Rosa
       | 37486 t2 huerfana $22990 | Bonglab Bong KS10 Little Buchner 25cm - Ámbar
 d= 77 | 31685 t1 huerfana $51990 | Mad Professor - Bonglab - AMBAR
       | 33852 t2 huerfana $64990 | Bonglab Bong Mad Professor 42cm - Negro
 d= 78 | 31673 t1 huerfana $20990 | Little Buchner-Bonglab - Ámbar
       | 37482 t2 huerfana $22990 | Bonglab Bong KS10 Little Buchner 25cm - Rosado
 d= 79 | 31624 t1 huerfana $20990 | Classic Ice 26Cm-Bonglab - Negro
       | 34675 t2 huerfana $22990 | Bonglab Bong KS11 Classic Ice 26cm - Ámbar
 d= 81 | 856 t3 prod 5339 $60291 | Bong Bubbler Kush
       | 31361 t1 huerfana $79990 | Bubbler Kush-Bonglab - Negro
 d= 81 | 31360 t1 huerfana $66990 | Big Blow-Bonglab - Negro
       | 34377 t2 huerfana $66990 | Bonglab Bong Pyrex K41 Big Blow 46cm - Azul
 d= 81 | 31719 t1 huerfana $24990 | Saucer Rig-Bonglab - Rosa
       | 33957 t2 prod 10487 $27990 | Bonglab Bong Saucer Rig 13cm - Morado
 d= 82 | 14201 t3 prod 10218 $29441 | Bong Handy Rig | PIRANHA
       | 33927 t2 huerfana $30990 | Bonglab Bong Handy Rig 14cm - Negro
 d= 82 | 31358 t1 huerfana $66990 | Big Blow-Bonglab - azul
       | 34379 t2 huerfana $66990 | Bonglab Bong Pyrex K41 Big Blow 46cm - Negro
 d= 82 | 31687 t1 huerfana $51990 | Mad Professor - Bonglab - Negro
       | 33849 t2 huerfana $64990 | Bonglab Bong Mad Professor 42cm - Blanco
 d= 83 | 859 t3 prod 5519 $56942 | Bong Big Blow
       | 34379 t2 huerfana $66990 | Bonglab Bong Pyrex K41 Big Blow 46cm - Negro
 d= 83 | 31624 t1 huerfana $20990 | Classic Ice 26Cm-Bonglab - Negro
       | 34673 t2 huerfana $22990 | Bonglab Bong KS11 Classic Ice 26cm - Verde
 d= 84 | 859 t3 prod 5519 $56942 | Bong Big Blow
       | 31360 t1 huerfana $66990 | Big Blow-Bonglab - Negro
 d= 84 | 13168 t2 prod 5773 $22990 | Bonglab Bong KS11 Classic Ice 26cm
       | 31624 t1 huerfana $20990 | Classic Ice 26Cm-Bonglab - Negro
 d= 84 | 31624 t1 huerfana $20990 | Classic Ice 26Cm-Bonglab - Negro
       | 34674 t2 huerfana $22990 | Bonglab Bong KS11 Classic Ice 26cm - Azul
 d= 84 | 31739 t1 prod 10466 $24990 | Tough Beaker -Bonglab - azul
       | 33963 t2 huerfana $27990 | Bonglab Bong Tough Beaker 23cm - Rosado
 d= 85 | 23 t4 prod 5340 $25200 | Fat Candy Bong de Bonglab
       | 31390 t1 huerfana $25990 | Fat Candy -Bonglab - Celeste Transparente
 d= 85 | 23 t4 prod 5340 $25200 | Fat Candy Bong de Bonglab
       | 34504 t2 huerfana $30990 | BongLab Bong W06 Fat Candy 25cm - Azul
 d= 85 | 31625 t1 huerfana $20990 | Classic Ice 26Cm-Bonglab - Rosa
       | 34673 t2 huerfana $22990 | Bonglab Bong KS11 Classic Ice 26cm - Verde
 d= 85 | 31681 t1 huerfana $51990 | Mad Professor - Bonglab - verde
       | 33848 t2 huerfana $64990 | Bonglab Bong Mad Professor 42cm - Jade Green
 d= 86 | 23 t4 prod 5340 $25200 | Fat Candy Bong de Bonglab
       | 31386 t1 huerfana $28990 | Fat Candy -Bonglab - azul
 d= 86 | 31687 t1 huerfana $51990 | Mad Professor - Bonglab - Negro
       | 33848 t2 huerfana $64990 | Bonglab Bong Mad Professor 42cm - Jade Green
 d= 86 | 31727 t1 huerfana $55990 | The Sheikh 42Cm -Bonglab - verde
       | 34960 t2 huerfana $75990 | Bonglab Bong The Sheikh 42cm - Verde
 d= 87 | 489 t3 prod 5773 $17243 | Bong Classic Ice
       | 34674 t2 huerfana $22990 | Bonglab Bong KS11 Classic Ice 26cm - Azul
 d= 87 | 824 t3 prod 5520 $69990 | Bong Bongbastic
       | 18132 t1 huerfana $51990 | BONGBASTIC GREEN - CAJA ROTA
 d= 87 | 859 t3 prod 5519 $56942 | Bong Big Blow
       | 34378 t2 huerfana $66990 | Bonglab Bong Pyrex K41 Big Blow 46cm - Turquesa
 d= 87 | 1967 t2 prod 5522 $64990 | Bonglab Bong Mad Professor 42cm
       | 31687 t1 huerfana $51990 | Mad Professor - Bonglab - Negro
 d= 87 | 31681 t1 huerfana $51990 | Mad Professor - Bonglab - verde
       | 33849 t2 huerfana $64990 | Bonglab Bong Mad Professor 42cm - Blanco
 d= 87 | 31687 t1 huerfana $51990 | Mad Professor - Bonglab - Negro
       | 33851 t2 huerfana $64990 | Bonglab Bong Mad Professor 42cm - Turquesa
 d= 88 | 859 t3 prod 5519 $56942 | Bong Big Blow
       | 31359 t1 huerfana $66990 | Big Blow-Bonglab - Verde azulado
 d= 88 | 31623 t1 huerfana $20990 | Classic Ice 26Cm-Bonglab - verde
       | 34672 t2 huerfana $22990 | Bonglab Bong KS11 Classic Ice 26cm - Rosado
 d= 89 | 1967 t2 prod 5522 $64990 | Bonglab Bong Mad Professor 42cm
       | 31682 t1 huerfana $51990 | Mad Professor - Bonglab - JADE GREEN
 d= 89 | 31627 t1 huerfana $22990 | Color Cube-Bonglab - azul
       | 34678 t2 huerfana $25990 | Bonglab Bong X2 Color Cube 23cm - Rosado
 d= 89 | 31682 t1 huerfana $51990 | Mad Professor - Bonglab - JADE GREEN
       | 33851 t2 huerfana $64990 | Bonglab Bong Mad Professor 42cm - Turquesa
 d= 90 | 2317 t4 prod 5773 $30000 | Bong Pyrex Classic resistente y de calidad
       | 31623 t1 huerfana $20990 | Classic Ice 26Cm-Bonglab - verde
 d= 90 | 31623 t1 huerfana $20990 | Classic Ice 26Cm-Bonglab - verde
       | 34671 t2 huerfana $22990 | Bonglab Bong KS11 Classic Ice 26cm - Negro
 d= 90 | 31680 t1 huerfana $51990 | Mad Professor - Bonglab - azul
       | 33849 t2 huerfana $64990 | Bonglab Bong Mad Professor 42cm - Blanco
 d= 90 | 31682 t1 huerfana $51990 | Mad Professor - Bonglab - JADE GREEN
       | 33847 t2 huerfana $64990 | Bonglab Bong Mad Professor 42cm - Verde
 d= 90 | 31717 t1 prod 10487 $29990 | Saucer Rig-Bonglab - Negro
       | 33956 t2 huerfana $27990 | Bonglab Bong Saucer Rig 13cm - Turquesa
 d= 91 | 31625 t1 huerfana $20990 | Classic Ice 26Cm-Bonglab - Rosa
       | 34671 t2 huerfana $22990 | Bonglab Bong KS11 Classic Ice 26cm - Negro
 d= 93 | 68 t1 prod 5522 $64990 | Mad Professor - Bonglab
       | 33847 t2 huerfana $64990 | Bonglab Bong Mad Professor 42cm - Verde
 d= 93 | 31679 t1 huerfana $51990 | Mad Professor - Bonglab - Blanco
       | 33847 t2 huerfana $64990 | Bonglab Bong Mad Professor 42cm - Verde
 d= 93 | 31726 t1 huerfana $55990 | The Sheikh 42Cm -Bonglab - Morado
       | 34961 t2 huerfana $75990 | Bonglab Bong The Sheikh 42cm - Celeste
 d= 93 | 31727 t1 huerfana $55990 | The Sheikh 42Cm -Bonglab - verde
       | 34963 t2 huerfana $75990 | Bonglab Bong The Sheikh 42cm - Rosado
 d= 93 | 31731 t1 huerfana $55990 | The Sheikh 42Cm -Bonglab - Verde azulado
       | 34958 t2 huerfana $75990 | Bonglab Bong The Sheikh 42cm - Negro
 d= 94 | 2317 t4 prod 5773 $30000 | Bong Pyrex Classic resistente y de calidad
       | 34673 t2 huerfana $22990 | Bonglab Bong KS11 Classic Ice 26cm - Verde
 d= 94 | 31623 t1 huerfana $20990 | Classic Ice 26Cm-Bonglab - verde
       | 34675 t2 huerfana $22990 | Bonglab Bong KS11 Classic Ice 26cm - Ámbar
 d= 94 | 31627 t1 huerfana $22990 | Color Cube-Bonglab - azul
       | 34677 t2 huerfana $25990 | Bonglab Bong X2 Color Cube 23cm - Verde
 d= 94 | 31680 t1 huerfana $51990 | Mad Professor - Bonglab - azul
       | 33848 t2 huerfana $64990 | Bonglab Bong Mad Professor 42cm - Jade Green
 d= 96 | 80 t1 prod 5773 $22990 | Classic Ice 26Cm-Bonglab
       | 34673 t2 huerfana $22990 | Bonglab Bong KS11 Classic Ice 26cm - Verde
 d= 96 | 1967 t2 prod 5522 $64990 | Bonglab Bong Mad Professor 42cm
       | 31681 t1 huerfana $51990 | Mad Professor - Bonglab - verde
 d= 96 | 13168 t2 prod 5773 $22990 | Bonglab Bong KS11 Classic Ice 26cm
       | 31625 t1 huerfana $20990 | Classic Ice 26Cm-Bonglab - Rosa
 d= 96 | 31385 t1 huerfana $25990 | Fat Candy -Bonglab - Negro Humo
       | 34504 t2 huerfana $30990 | BongLab Bong W06 Fat Candy 25cm - Azul
 d= 96 | 31387 t1 huerfana $25990 | Fat Candy -Bonglab - verde
       | 34504 t2 huerfana $30990 | BongLab Bong W06 Fat Candy 25cm - Azul
 d= 96 | 31621 t1 huerfana $20990 | Classic Ice 26Cm-Bonglab - AMBAR
       | 34673 t2 huerfana $22990 | Bonglab Bong KS11 Classic Ice 26cm - Verde
 d= 96 | 31625 t1 huerfana $20990 | Classic Ice 26Cm-Bonglab - Rosa
       | 34674 t2 huerfana $22990 | Bonglab Bong KS11 Classic Ice 26cm - Azul
 d= 96 | 31681 t1 huerfana $51990 | Mad Professor - Bonglab - verde
       | 33851 t2 huerfana $64990 | Bonglab Bong Mad Professor 42cm - Turquesa
 d= 96 | 31714 t1 huerfana $34990 | Prisma Plus -Bonglab - Rosa
       | 33941 t2 prod 10465 $30990 | Bonglab Bong Prisma Plus 9cm - Negro
 d= 97 | 31437 t1 huerfana $51990 | Bongbastic -Bonglab - Verde azulado
       | 34951 t2 huerfana $64990 | Bonglab Bong Fresh K30 42cm - Morado
 d= 97 | 31687 t1 huerfana $51990 | Mad Professor - Bonglab - Negro
       | 33852 t2 huerfana $64990 | Bonglab Bong Mad Professor 42cm - Negro
 d= 97 | 31727 t1 huerfana $55990 | The Sheikh 42Cm -Bonglab - verde
       | 34961 t2 huerfana $75990 | Bonglab Bong The Sheikh 42cm - Celeste
 d= 98 | 68 t1 prod 5522 $64990 | Mad Professor - Bonglab
       | 33852 t2 huerfana $64990 | Bonglab Bong Mad Professor 42cm - Negro
 d= 98 | 13284 t2 prod 10487 $27990 | Bonglab Bong Saucer Rig 13cm
       | 31719 t1 huerfana $24990 | Saucer Rig-Bonglab - Rosa
 d= 98 | 31679 t1 huerfana $51990 | Mad Professor - Bonglab - Blanco
       | 33852 t2 huerfana $64990 | Bonglab Bong Mad Professor 42cm - Negro
 d= 98 | 31719 t1 huerfana $24990 | Saucer Rig-Bonglab - Rosa
       | 33956 t2 huerfana $27990 | Bonglab Bong Saucer Rig 13cm - Turquesa
 d= 99 | 23 t4 prod 5340 $25200 | Fat Candy Bong de Bonglab
       | 31385 t1 huerfana $25990 | Fat Candy -Bonglab - Negro Humo
 d= 99 | 25 t1 prod 5772 $39990 | Classic Ice Pro-Bonglab
       | 34687 t2 huerfana $39990 | Bonglab K288 Classic Ice Pro 35cm - Rosado
 d= 99 | 2605 t1 prod 5535 $23990 | Color Cube-Bonglab
       | 34678 t2 huerfana $25990 | Bonglab Bong X2 Color Cube 23cm - Rosado
 d= 99 | 31304 t1 huerfana $37990 | Classic Ice Pro-Bonglab - Negro
       | 34687 t2 huerfana $39990 | Bonglab K288 Classic Ice Pro 35cm - Rosado
 d= 99 | 31626 t1 huerfana $22990 | Color Cube-Bonglab - AMBAR
       | 34678 t2 huerfana $25990 | Bonglab Bong X2 Color Cube 23cm - Rosado
 d=100 | 68 t1 prod 5522 $64990 | Mad Professor - Bonglab
       | 33851 t2 huerfana $64990 | Bonglab Bong Mad Professor 42cm - Turquesa
 d=100 | 1967 t2 prod 5522 $64990 | Bonglab Bong Mad Professor 42cm
       | 31679 t1 huerfana $51990 | Mad Professor - Bonglab - Blanco
 d=100 | 31622 t1 huerfana $20990 | Classic Ice 26Cm-Bonglab - azul
       | 34671 t2 huerfana $22990 | Bonglab Bong KS11 Classic Ice 26cm - Negro
 d=100 | 31679 t1 huerfana $51990 | Mad Professor - Bonglab - Blanco
       | 33851 t2 huerfana $64990 | Bonglab Bong Mad Professor 42cm - Turquesa
 d=100 | 31681 t1 huerfana $51990 | Mad Professor - Bonglab - verde
       | 33852 t2 huerfana $64990 | Bonglab Bong Mad Professor 42cm - Negro
 d=100 | 31728 t1 huerfana $55990 | The Sheikh 42Cm -Bonglab - azul
       | 34958 t2 huerfana $75990 | Bonglab Bong The Sheikh 42cm - Negro
 d=101 | 2317 t4 prod 5773 $30000 | Bong Pyrex Classic resistente y de calidad
       | 34674 t2 huerfana $22990 | Bonglab Bong KS11 Classic Ice 26cm - Azul
 d=101 | 31681 t1 huerfana $51990 | Mad Professor - Bonglab - verde
       | 33847 t2 huerfana $64990 | Bonglab Bong Mad Professor 42cm - Verde
 d=102 | 13170 t2 prod 5535 $25990 | Bonglab Bong X2 Color Cube 23cm
       | 31628 t1 huerfana $22990 | Color Cube-Bonglab - verde
 d=102 | 31306 t1 huerfana $37990 | Classic Ice Pro-Bonglab - Rosa
       | 34692 t2 prod 5772 $39990 | Bonglab K288 Classic Ice Pro 35cm - Morado
 d=102 | 31628 t1 huerfana $22990 | Color Cube-Bonglab - verde
       | 34680 t2 huerfana $25990 | Bonglab Bong X2 Color Cube 23cm - Azul
 d=103 | 80 t1 prod 5773 $22990 | Classic Ice 26Cm-Bonglab
       | 34674 t2 huerfana $22990 | Bonglab Bong KS11 Classic Ice 26cm - Azul
 d=103 | 13168 t2 prod 5773 $22990 | Bonglab Bong KS11 Classic Ice 26cm
       | 31621 t1 huerfana $20990 | Classic Ice 26Cm-Bonglab - AMBAR
 d=103 | 31621 t1 huerfana $20990 | Classic Ice 26Cm-Bonglab - AMBAR
       | 34674 t2 huerfana $22990 | Bonglab Bong KS11 Classic Ice 26cm - Azul
 d=103 | 31682 t1 huerfana $51990 | Mad Professor - Bonglab - JADE GREEN
       | 33852 t2 huerfana $64990 | Bonglab Bong Mad Professor 42cm - Negro
 d=103 | 31714 t1 huerfana $34990 | Prisma Plus -Bonglab - Rosa
       | 33942 t2 prod 10465 $30990 | Bonglab Bong Prisma Plus 9cm - Azul
 d=103 | 31727 t1 huerfana $55990 | The Sheikh 42Cm -Bonglab - verde
       | 34964 t2 huerfana $75990 | Bonglab Bong The Sheikh 42cm - Turquesa
 d=103 | 31731 t1 huerfana $55990 | The Sheikh 42Cm -Bonglab - Verde azulado
       | 34963 t2 huerfana $75990 | Bonglab Bong The Sheikh 42cm - Rosado
 d=104 | 31705 t1 huerfana $22990 | Pocket Bell -Bonglab - Rosa
       | 34421 t2 huerfana $25990 | BongLab Bong X5 Pocket Bell 17cm - Ámbar
 d=104 | 31732 t1 huerfana $55990 | The Sheikh 42Cm -Bonglab - Negro
       | 34958 t2 huerfana $75990 | Bonglab Bong The Sheikh 42cm - Negro
 d=105 | 23 t4 prod 5340 $25200 | Fat Candy Bong de Bonglab
       | 31387 t1 huerfana $25990 | Fat Candy -Bonglab - verde
 d=105 | 1967 t2 prod 5522 $64990 | Bonglab Bong Mad Professor 42cm
       | 31680 t1 huerfana $51990 | Mad Professor - Bonglab - azul
 d=105 | 2318 t4 prod 5522 $54000 | Bong Mad Professor de Bonglab - GB The Green Brand
       | 31679 t1 huerfana $51990 | Mad Professor - Bonglab - Blanco
 d=105 | 31680 t1 huerfana $51990 | Mad Professor - Bonglab - azul
       | 33851 t2 huerfana $64990 | Bonglab Bong Mad Professor 42cm - Turquesa
 d=105 | 31680 t1 huerfana $51990 | Mad Professor - Bonglab - azul
       | 33852 t2 huerfana $64990 | Bonglab Bong Mad Professor 42cm - Negro
 d=106 | 2318 t4 prod 5522 $54000 | Bong Mad Professor de Bonglab - GB The Green Brand
       | 31685 t1 huerfana $51990 | Mad Professor - Bonglab - AMBAR
 d=107 | 2318 t4 prod 5522 $54000 | Bong Mad Professor de Bonglab - GB The Green Brand
       | 33852 t2 huerfana $64990 | Bonglab Bong Mad Professor 42cm - Negro
 d=107 | 31624 t1 huerfana $20990 | Classic Ice 26Cm-Bonglab - Negro
       | 34672 t2 huerfana $22990 | Bonglab Bong KS11 Classic Ice 26cm - Rosado
 d=107 | 31680 t1 huerfana $51990 | Mad Professor - Bonglab - azul
       | 33850 t2 huerfana $64990 | Bonglab Bong Mad Professor 42cm - Azul
 d=108 | 68 t1 prod 5522 $64990 | Mad Professor - Bonglab
       | 33850 t2 huerfana $64990 | Bonglab Bong Mad Professor 42cm - Azul
 d=108 | 489 t3 prod 5773 $17243 | Bong Classic Ice
       | 31622 t1 huerfana $20990 | Classic Ice 26Cm-Bonglab - azul
 d=108 | 31679 t1 huerfana $51990 | Mad Professor - Bonglab - Blanco
       | 33850 t2 huerfana $64990 | Bonglab Bong Mad Professor 42cm - Azul
 d=108 | 31721 t1 prod 10487 $29990 | Saucer Rig-Bonglab - Morado
       | 33956 t2 huerfana $27990 | Bonglab Bong Saucer Rig 13cm - Turquesa
 d=109 | 31628 t1 huerfana $22990 | Color Cube-Bonglab - verde
       | 34678 t2 huerfana $25990 | Bonglab Bong X2 Color Cube 23cm - Rosado
 d=110 | 11562 t4 prod 10659 $646800 | Compra tu Gravity Bong Stundenglass【hookah】más barata✅
       | 18031 t1 huerfana $399990 | Gravity Hookah Cookies-Studenglass Caja Rota
 d=110 | 11562 t4 prod 10659 $646800 | Compra tu Gravity Bong Stundenglass【hookah】más barata✅
       | 23150 t1 huerfana $499990 | Gravity Hookah -Stundenglass
 d=110 | 11562 t4 prod 10659 $646800 | Compra tu Gravity Bong Stundenglass【hookah】más barata✅
       | 31801 t1 huerfana $499990 | Gravity Hookah -Stundenglass - COOKIES
 d=110 | 31622 t1 huerfana $20990 | Classic Ice 26Cm-Bonglab - azul
       | 34672 t2 huerfana $22990 | Bonglab Bong KS11 Classic Ice 26cm - Rosado
 d=110 | 31661 t1 huerfana $27990 | Jelly Drop-Bonglab - azul
       | 33840 t2 huerfana $29990 | Bonglab Bong Jelly Drop 20cm - Negro
 d=110 | 31687 t1 huerfana $51990 | Mad Professor - Bonglab - Negro
       | 33847 t2 huerfana $64990 | Bonglab Bong Mad Professor 42cm - Verde
 d=111 | 11028 t3 prod 10167 $39551 | Bong Mercurial
       | 31763 t1 huerfana $47990 | Mercurial KH1-Bonglab - azul
 d=111 | 31686 t1 huerfana $51990 | Mad Professor - Bonglab - Verde azulado
       | 33848 t2 huerfana $64990 | Bonglab Bong Mad Professor 42cm - Jade Green
 d=111 | 31687 t1 huerfana $51990 | Mad Professor - Bonglab - Negro
       | 33850 t2 huerfana $64990 | Bonglab Bong Mad Professor 42cm - Azul
 d=111 | 31726 t1 huerfana $55990 | The Sheikh 42Cm -Bonglab - Morado
       | 34964 t2 huerfana $75990 | Bonglab Bong The Sheikh 42cm - Turquesa
 d=112 | 489 t3 prod 5773 $17243 | Bong Classic Ice
       | 34671 t2 huerfana $22990 | Bonglab Bong KS11 Classic Ice 26cm - Negro
 d=112 | 2318 t4 prod 5522 $54000 | Bong Mad Professor de Bonglab - GB The Green Brand
       | 31680 t1 huerfana $51990 | Mad Professor - Bonglab - azul
 d=112 | 13170 t2 prod 5535 $25990 | Bonglab Bong X2 Color Cube 23cm
       | 31629 t1 huerfana $22990 | Color Cube-Bonglab - Rosa
 d=112 | 17171 t1 prod 10487 $29990 | Saucer Rig-Bonglab
       | 33955 t2 huerfana $27990 | Bonglab Bong Saucer Rig 13cm - Rosado
 d=112 | 18031 t1 huerfana $399990 | Gravity Hookah Cookies-Studenglass Caja Rota
       | 37005 t2 prod 10723 $479990 | Dr. Greenthumb&#39;s X Stündenglass Gravity Hookah
 d=112 | 23150 t1 huerfana $499990 | Gravity Hookah -Stundenglass
       | 37005 t2 prod 10723 $479990 | Dr. Greenthumb&#39;s X Stündenglass Gravity Hookah
 d=112 | 31629 t1 huerfana $22990 | Color Cube-Bonglab - Rosa
       | 34680 t2 huerfana $25990 | Bonglab Bong X2 Color Cube 23cm - Azul
 d=112 | 31654 t1 prod 5774 $74990 | Heavy Trash -Bonglab - verde
       | 35511 t2 huerfana $54990 | Eyce Bong Beaker 31cm - Black
 d=112 | 31680 t1 huerfana $51990 | Mad Professor - Bonglab - azul
       | 33847 t2 huerfana $64990 | Bonglab Bong Mad Professor 42cm - Verde
 d=112 | 31731 t1 huerfana $55990 | The Sheikh 42Cm -Bonglab - Verde azulado
       | 34960 t2 huerfana $75990 | Bonglab Bong The Sheikh 42cm - Verde
 d=112 | 31801 t1 huerfana $499990 | Gravity Hookah -Stundenglass - COOKIES
       | 37005 t2 prod 10723 $479990 | Dr. Greenthumb&#39;s X Stündenglass Gravity Hookah
 d=113 | 837 t3 prod 5530 $44394 | Bong The Sheikh
       | 34958 t2 huerfana $75990 | Bonglab Bong The Sheikh 42cm - Negro
 d=114 | 80 t1 prod 5773 $22990 | Classic Ice 26Cm-Bonglab
       | 34671 t2 huerfana $22990 | Bonglab Bong KS11 Classic Ice 26cm - Negro
 d=114 | 489 t3 prod 5773 $17243 | Bong Classic Ice
       | 34672 t2 huerfana $22990 | Bonglab Bong KS11 Classic Ice 26cm - Rosado
 d=114 | 2307 t4 prod 6560 $30000 | Bong Unikorn de silicona de PieceMaker - GB The Green B
       | 35395 t2 huerfana $40990 | PMG Bong Unikorn 14cm - Blanco
 d=114 | 12878 t2 prod 10222 $37990 | Cabo Heavy Beaker 28cm
       | 18017 t1 huerfana $59990 | Beaker Arenado Y Tornasol Rosado
 d=114 | 14201 t3 prod 10218 $29441 | Bong Handy Rig | PIRANHA
       | 33930 t2 huerfana $30990 | Bonglab Bong Handy Rig 14cm - Azul
 d=114 | 31621 t1 huerfana $20990 | Classic Ice 26Cm-Bonglab - AMBAR
       | 34671 t2 huerfana $22990 | Bonglab Bong KS11 Classic Ice 26cm - Negro
 d=114 | 31658 t1 huerfana $74990 | Heavy Trash -Bonglab - Negro Humo
       | 35511 t2 huerfana $54990 | Eyce Bong Beaker 31cm - Black
 d=115 | 843 t3 prod 5341 $26991 | Bong Jelly Drop | PIRANHA
       | 31663 t1 huerfana $27990 | Jelly Drop-Bonglab - Negro
 d=115 | 14196 t3 prod 10487 $26591 | Bong Saucer Rig | PIRANHA
       | 33955 t2 huerfana $27990 | Bonglab Bong Saucer Rig 13cm - Rosado
 d=115 | 31703 t1 huerfana $22990 | Pocket Bell -Bonglab - verde
       | 34421 t2 huerfana $25990 | BongLab Bong X5 Pocket Bell 17cm - Ámbar
 d=115 | 31726 t1 huerfana $55990 | The Sheikh 42Cm -Bonglab - Morado
       | 34959 t2 huerfana $75990 | Bonglab Bong The Sheikh 42cm - Azul
 d=115 | 31727 t1 huerfana $55990 | The Sheikh 42Cm -Bonglab - verde
       | 34958 t2 huerfana $75990 | Bonglab Bong The Sheikh 42cm - Negro
 d=116 | 1967 t2 prod 5522 $64990 | Bonglab Bong Mad Professor 42cm
       | 31686 t1 huerfana $51990 | Mad Professor - Bonglab - Verde azulado
 d=116 | 31656 t1 huerfana $74990 | Heavy Trash -Bonglab - Verde azulado
       | 35511 t2 huerfana $54990 | Eyce Bong Beaker 31cm - Black
 d=116 | 31681 t1 huerfana $51990 | Mad Professor - Bonglab - verde
       | 33850 t2 huerfana $64990 | Bonglab Bong Mad Professor 42cm - Azul
 d=116 | 31686 t1 huerfana $51990 | Mad Professor - Bonglab - Verde azulado
       | 33851 t2 huerfana $64990 | Bonglab Bong Mad Professor 42cm - Turquesa
 d=116 | 31730 t1 huerfana $55990 | The Sheikh 42Cm -Bonglab - SKY BLUE
       | 35511 t2 huerfana $54990 | Eyce Bong Beaker 31cm - Black
 d=117 | 489 t3 prod 5773 $17243 | Bong Classic Ice
       | 31625 t1 huerfana $20990 | Classic Ice 26Cm-Bonglab - Rosa
 d=117 | 837 t3 prod 5530 $44394 | Bong The Sheikh
       | 34963 t2 huerfana $75990 | Bonglab Bong The Sheikh 42cm - Rosado
 d=117 | 843 t3 prod 5341 $26991 | Bong Jelly Drop | PIRANHA
       | 31664 t1 huerfana $27990 | Jelly Drop-Bonglab - Ámbar
 d=117 | 858 t3 prod 5776 $61191 | Bong Jelly Fish
       | 31666 t1 huerfana $67990 | Jelly Fish-Bonglab - Negro
 d=117 | 915 t3 prod 5536 $52191 | Bong Beaker Tree Perc 35cm
       | 34432 t2 huerfana $52191 | Calvo Glass Bong Beaker Tree Perc M 35cm - Verde
 d=117 | 31302 t1 prod 5772 $39990 | Classic Ice Pro-Bonglab - verde
       | 34687 t2 huerfana $39990 | Bonglab K288 Classic Ice Pro 35cm - Rosado
 d=117 | 31654 t1 prod 5774 $74990 | Heavy Trash -Bonglab - verde
       | 34336 t2 huerfana $20993 | PMG Bong Kali Go 23cm - WildWood
 d=117 | 31686 t1 huerfana $51990 | Mad Professor - Bonglab - Verde azulado
       | 33849 t2 huerfana $64990 | Bonglab Bong Mad Professor 42cm - Blanco
 d=117 | 31727 t1 huerfana $55990 | The Sheikh 42Cm -Bonglab - verde
       | 34959 t2 huerfana $75990 | Bonglab Bong The Sheikh 42cm - Azul
 d=117 | 31729 t1 huerfana $55990 | The Sheikh 42Cm -Bonglab - Rosa
       | 34336 t2 huerfana $20993 | PMG Bong Kali Go 23cm - WildWood
 d=118 | 551 t4 prod 5777 $22400 | Bonglab bong clásico 25 cm de calidad
       | 37486 t2 huerfana $22990 | Bonglab Bong KS10 Little Buchner 25cm - Ámbar
 d=118 | 843 t3 prod 5341 $26991 | Bong Jelly Drop | PIRANHA
       | 33845 t2 huerfana $29990 | Bonglab Bong Jelly Drop 20cm - Ámbar
 d=118 | 15752 t3 huerfana $38242 | Bong Classy Bonglab | PIRANHA
       | 35486 t2 huerfana $55990 | Bonglab Bong KD1 Classy 29cm - Azul
 d=118 | 31437 t1 huerfana $51990 | Bongbastic -Bonglab - Verde azulado
       | 34950 t2 huerfana $64990 | Bonglab Bong Fresh K30 42cm - Turquesa
 d=118 | 31726 t1 huerfana $55990 | The Sheikh 42Cm -Bonglab - Morado
       | 34960 t2 huerfana $75990 | Bonglab Bong The Sheikh 42cm - Verde
 d=118 | 31728 t1 huerfana $55990 | The Sheikh 42Cm -Bonglab - azul
       | 34963 t2 huerfana $75990 | Bonglab Bong The Sheikh 42cm - Rosado
 d=119 | 185 t1 prod 5340 $28990 | Fat Candy -Bonglab
       | 34504 t2 huerfana $30990 | BongLab Bong W06 Fat Candy 25cm - Azul
 d=119 | 489 t3 prod 5773 $17243 | Bong Classic Ice
       | 31624 t1 huerfana $20990 | Classic Ice 26Cm-Bonglab - Negro
 d=119 | 1583 t2 prod 5341 $29990 | Bonglab Bong Jelly Drop 20cm
       | 31663 t1 huerfana $27990 | Jelly Drop-Bonglab - Negro
 d=119 | 31388 t1 huerfana $25990 | Fat Candy -Bonglab - Ámbar
       | 34504 t2 huerfana $30990 | BongLab Bong W06 Fat Candy 25cm - Azul
 d=119 | 31663 t1 huerfana $27990 | Jelly Drop-Bonglab - Negro
       | 33845 t2 huerfana $29990 | Bonglab Bong Jelly Drop 20cm - Ámbar
 d=120 | 489 t3 prod 5773 $17243 | Bong Classic Ice
       | 34675 t2 huerfana $22990 | Bonglab Bong KS11 Classic Ice 26cm - Ámbar
 d=120 | 551 t4 prod 5777 $22400 | Bonglab bong clásico 25 cm de calidad
       | 31673 t1 huerfana $20990 | Little Buchner-Bonglab - Ámbar
 d=120 | 744 t1 prod 5533 $79990 | Bong Water Splash Green 50Cm Bonglab
       | 34662 t2 huerfana $69990 | BongLab Bong K598 Splash Water 50cm - Turquesa
 d=120 | 801 t1 prod 10227 $56990 | Bong Pyrex Rick &amp; Morty Rig Rick Sanchez Perc 24cm-
       | 13650 t2 huerfana $156990 | Marley Natural Bong Smoked Glass Gold Stripe Decal
 d=120 | 837 t3 prod 5530 $44394 | Bong The Sheikh
       | 34960 t2 huerfana $75990 | Bonglab Bong The Sheikh 42cm - Verde
 d=120 | 2318 t4 prod 5522 $54000 | Bong Mad Professor de Bonglab - GB The Green Brand
       | 33848 t2 huerfana $64990 | Bonglab Bong Mad Professor 42cm - Jade Green
 d=120 | 20189 t2 prod 5777 $22990 | Bonglab Bong KS10 Little Buchner 25cm
       | 31625 t1 huerfana $20990 | Classic Ice 26Cm-Bonglab - Rosa
 d=120 | 31625 t1 huerfana $20990 | Classic Ice 26Cm-Bonglab - Rosa
       | 37483 t2 huerfana $22990 | Bonglab Bong KS10 Little Buchner 25cm - Negro
 d=120 | 31683 t1 huerfana $51990 | Mad Professor - Bonglab - Rosa
       | 33847 t2 huerfana $64990 | Bonglab Bong Mad Professor 42cm - Verde
 d=120 | 31729 t1 huerfana $55990 | The Sheikh 42Cm -Bonglab - Rosa
       | 35513 t2 huerfana $54990 | Eyce Bong Beaker 31cm - Winter
 d=120 | 31732 t1 huerfana $55990 | The Sheikh 42Cm -Bonglab - Negro
       | 34963 t2 huerfana $75990 | Bonglab Bong The Sheikh 42cm - Rosado
 d=121 | 2317 t4 prod 5773 $30000 | Bong Pyrex Classic resistente y de calidad
       | 31625 t1 huerfana $20990 | Classic Ice 26Cm-Bonglab - Rosa
 d=121 | 31305 t1 prod 5772 $39990 | Classic Ice Pro-Bonglab - JADE BLUE
       | 34687 t2 huerfana $39990 | Bonglab K288 Classic Ice Pro 35cm - Rosado
 d=121 | 31437 t1 huerfana $51990 | Bongbastic -Bonglab - Verde azulado
       | 34549 t2 huerfana $29741 | Calvo Glass Bong Straight Tube American 26cm - Amarillo
 d=121 | 31451 t1 huerfana $27990 | R3 Mini-Bonglab - CLEAR
       | 33944 t2 huerfana $21241 | BongLab Bong R3 Mini 10.5cm - Rosado
 d=121 | 31629 t1 huerfana $22990 | Color Cube-Bonglab - Rosa
       | 34679 t2 huerfana $25990 | Bonglab Bong X2 Color Cube 23cm - Ámbar
 d=122 | 551 t4 prod 5777 $22400 | Bonglab bong clásico 25 cm de calidad
       | 37483 t2 huerfana $22990 | Bonglab Bong KS10 Little Buchner 25cm - Negro
 d=122 | 2317 t4 prod 5773 $30000 | Bong Pyrex Classic resistente y de calidad
       | 34672 t2 huerfana $22990 | Bonglab Bong KS11 Classic Ice 26cm - Rosado
 d=122 | 31730 t1 huerfana $55990 | The Sheikh 42Cm -Bonglab - SKY BLUE
       | 35513 t2 huerfana $54990 | Eyce Bong Beaker 31cm - Winter
 d=123 | 837 t3 prod 5530 $44394 | Bong The Sheikh
       | 31728 t1 huerfana $55990 | The Sheikh 42Cm -Bonglab - azul
 d=123 | 31658 t1 huerfana $74990 | Heavy Trash -Bonglab - Negro Humo
       | 34336 t2 huerfana $20993 | PMG Bong Kali Go 23cm - WildWood
 d=123 | 31673 t1 huerfana $20990 | Little Buchner-Bonglab - Ámbar
       | 34672 t2 huerfana $22990 | Bonglab Bong KS11 Classic Ice 26cm - Rosado
 d=123 | 31682 t1 huerfana $51990 | Mad Professor - Bonglab - JADE GREEN
       | 33850 t2 huerfana $64990 | Bonglab Bong Mad Professor 42cm - Azul
 d=123 | 31731 t1 huerfana $55990 | The Sheikh 42Cm -Bonglab - Verde azulado
       | 34961 t2 huerfana $75990 | Bonglab Bong The Sheikh 42cm - Celeste
 d=124 | 2317 t4 prod 5773 $30000 | Bong Pyrex Classic resistente y de calidad
       | 31622 t1 huerfana $20990 | Classic Ice 26Cm-Bonglab - azul
 d=124 | 2318 t4 prod 5522 $54000 | Bong Mad Professor de Bonglab - GB The Green Brand
       | 33849 t2 huerfana $64990 | Bonglab Bong Mad Professor 42cm - Blanco
 d=124 | 31654 t1 prod 5774 $74990 | Heavy Trash -Bonglab - verde
       | 35514 t2 huerfana $54990 | Eyce Bong Beaker 31cm - Jungle
 d=125 | 74 t1 prod 5777 $22990 | Little Buchner-Bonglab
       | 34672 t2 huerfana $22990 | Bonglab Bong KS11 Classic Ice 26cm - Rosado
 d=125 | 837 t3 prod 5530 $44394 | Bong The Sheikh
       | 31732 t1 huerfana $55990 | The Sheikh 42Cm -Bonglab - Negro
 d=125 | 31669 t1 huerfana $20990 | Little Buchner-Bonglab - Negro
       | 34672 t2 huerfana $22990 | Bonglab Bong KS11 Classic Ice 26cm - Rosado
 d=125 | 31728 t1 huerfana $55990 | The Sheikh 42Cm -Bonglab - azul
       | 34960 t2 huerfana $75990 | Bonglab Bong The Sheikh 42cm - Verde
 d=126 | 489 t3 prod 5773 $17243 | Bong Classic Ice
       | 31621 t1 huerfana $20990 | Classic Ice 26Cm-Bonglab - AMBAR
 d=126 | 13164 t2 prod 5774 $72990 | BongLab Bong K42 Heavy Trash 53cm
       | 31571 t1 huerfana $59990 | The Trash Big Logo-Bonglab - Verde azulado
 d=126 | 17178 t1 prod 10466 $29990 | Tough Beaker -Bonglab
       | 37483 t2 huerfana $22990 | Bonglab Bong KS10 Little Buchner 25cm - Negro
 d=126 | 31571 t1 huerfana $59990 | The Trash Big Logo-Bonglab - Verde azulado
       | 34657 t2 prod 5774 $72990 | BongLab Bong K42 Heavy Trash 53cm - Negro
 d=126 | 31625 t1 huerfana $20990 | Classic Ice 26Cm-Bonglab - Rosa
       | 37486 t2 huerfana $22990 | Bonglab Bong KS10 Little Buchner 25cm - Ámbar
 d=126 | 31658 t1 huerfana $74990 | Heavy Trash -Bonglab - Negro Humo
       | 35515 t2 huerfana $54990 | Eyce Bong Beaker 31cm - Bangin
 d=126 | 31685 t1 huerfana $51990 | Mad Professor - Bonglab - AMBAR
       | 33848 t2 huerfana $64990 | Bonglab Bong Mad Professor 42cm - Jade Green
 d=126 | 31686 t1 huerfana $51990 | Mad Professor - Bonglab - Verde azulado
       | 33850 t2 huerfana $64990 | Bonglab Bong Mad Professor 42cm - Azul
 d=127 | 13173 t2 prod 5772 $39990 | Bonglab K288 Classic Ice Pro 35cm
       | 31304 t1 huerfana $37990 | Classic Ice Pro-Bonglab - Negro
 d=127 | 13650 t2 huerfana $156990 | Marley Natural Bong Smoked Glass Gold Stripe Decal
       | 32958 t1 prod 10217 $65990 | Double Shot -Bonglab - Negro
 d=127 | 18115 t1 prod 5525 $25990 | DREAM RIG GREEN - CAJA ROTA
       | 34679 t2 huerfana $25990 | Bonglab Bong X2 Color Cube 23cm - Ámbar
 d=127 | 31304 t1 huerfana $37990 | Classic Ice Pro-Bonglab - Negro
       | 34688 t2 prod 5772 $39990 | Bonglab K288 Classic Ice Pro 35cm - Azul
 d=127 | 31656 t1 huerfana $74990 | Heavy Trash -Bonglab - Verde azulado
       | 34336 t2 huerfana $20993 | PMG Bong Kali Go 23cm - WildWood
 d=127 | 31730 t1 huerfana $55990 | The Sheikh 42Cm -Bonglab - SKY BLUE
       | 34336 t2 huerfana $20993 | PMG Bong Kali Go 23cm - WildWood
 d=127 | 31732 t1 huerfana $55990 | The Sheikh 42Cm -Bonglab - Negro
       | 34960 t2 huerfana $75990 | Bonglab Bong The Sheikh 42cm - Verde
 d=128 | 837 t3 prod 5530 $44394 | Bong The Sheikh
       | 31731 t1 huerfana $55990 | The Sheikh 42Cm -Bonglab - Verde azulado
 d=128 | 838 t3 prod 5772 $29993 | Bong Classic Ice Pro
       | 31304 t1 huerfana $37990 | Classic Ice Pro-Bonglab - Negro
 d=128 | 2254 t4 prod 10164 $47200 | Bong HeadShot Bonglab 40cm Pyrex Negro Azul Morado | Gr
       | 32959 t1 huerfana $65990 | Double Shot -Bonglab - ESMERALD
 d=128 | 2317 t4 prod 5773 $30000 | Bong Pyrex Classic resistente y de calidad
       | 34671 t2 huerfana $22990 | Bonglab Bong KS11 Classic Ice 26cm - Negro
 d=128 | 31304 t1 huerfana $37990 | Classic Ice Pro-Bonglab - Negro
       | 34690 t2 prod 5772 $39990 | Bonglab K288 Classic Ice Pro 35cm - Verde
 d=128 | 31654 t1 prod 5774 $74990 | Heavy Trash -Bonglab - verde
       | 35513 t2 huerfana $54990 | Eyce Bong Beaker 31cm - Winter
 d=128 | 31658 t1 huerfana $74990 | Heavy Trash -Bonglab - Negro Humo
       | 35514 t2 huerfana $54990 | Eyce Bong Beaker 31cm - Jungle
 d=128 | 31702 t1 huerfana $22990 | Pocket Bell -Bonglab - azul
       | 34421 t2 huerfana $25990 | BongLab Bong X5 Pocket Bell 17cm - Ámbar
 d=128 | 31738 t1 prod 10466 $29990 | Tough Beaker -Bonglab - Morado
       | 34726 t2 huerfana $40491 | Calvo Glass Bong Beaker Premium 35cm - Verde
 d=128 | 32958 t1 prod 10217 $65990 | Double Shot -Bonglab - Negro
       | 34336 t2 huerfana $20993 | PMG Bong Kali Go 23cm - WildWood
 d=129 | 2317 t4 prod 5773 $30000 | Bong Pyrex Classic resistente y de calidad
       | 37486 t2 huerfana $22990 | Bonglab Bong KS10 Little Buchner 25cm - Ámbar
 d=129 | 2332 t4 prod 5518 $66600 | Bong Trash Clear Black de Bonglab - GB The Green Brand
       | 31571 t1 huerfana $59990 | The Trash Big Logo-Bonglab - Verde azulado
 d=129 | 2999 t2 huerfana $69990 | Calvo Glass Bong Beaker Dragon Ball Z 40cm
       | 17903 t1 prod 10345 $51990 | Golden Beaker Black-Bonglab
 d=129 | 14201 t3 prod 10218 $29441 | Bong Handy Rig | PIRANHA
       | 33929 t2 huerfana $30990 | Bonglab Bong Handy Rig 14cm - Turquesa
 d=129 | 31718 t1 prod 10487 $29990 | Saucer Rig-Bonglab - azul
       | 33956 t2 huerfana $27990 | Bonglab Bong Saucer Rig 13cm - Turquesa
 d=129 | 31736 t1 huerfana $15990 | Tiny Bell -Bonglab - Rosa
       | 34669 t2 prod 5778 $16990 | BongLab Bong KM4 Tiny Bell 10cm - Morado
 d=129 | 32958 t1 prod 10217 $65990 | Double Shot -Bonglab - Negro
       | 35511 t2 huerfana $54990 | Eyce Bong Beaker 31cm - Black
 d=129 | 32958 t1 prod 10217 $65990 | Double Shot -Bonglab - Negro
       | 35516 t2 huerfana $54990 | Eyce Bong Beaker 31cm - Creature Green
 d=130 | 801 t1 prod 10227 $56990 | Bong Pyrex Rick &amp; Morty Rig Rick Sanchez Perc 24cm-
       | 35511 t2 huerfana $54990 | Eyce Bong Beaker 31cm - Black
 d=130 | 2255 t4 prod 5339 $66000 | Bong de vidrio Bubbler Kush de Bonglab- GB The Green Br
       | 3007 t2 huerfana $26990 | Calvo Glass Bong Straight Tube Lite 26cm
 d=130 | 2255 t4 prod 5339 $66000 | Bong de vidrio Bubbler Kush de Bonglab- GB The Green Br
       | 34551 t2 huerfana $24291 | Calvo Glass Bong Straight Tube Lite 26cm - Negro
 d=130 | 31654 t1 prod 5774 $74990 | Heavy Trash -Bonglab - verde
       | 35512 t2 huerfana $54990 | Eyce Bong Beaker 31cm - Smoke Black
 d=130 | 31656 t1 huerfana $74990 | Heavy Trash -Bonglab - Verde azulado
       | 35514 t2 huerfana $54990 | Eyce Bong Beaker 31cm - Jungle
 d=130 | 31729 t1 huerfana $55990 | The Sheikh 42Cm -Bonglab - Rosa
       | 35511 t2 huerfana $54990 | Eyce Bong Beaker 31cm - Black
 d=131 | 405 t1 prod 5775 $39990 | Honey Waffle -Bonglab
       | 33838 t2 huerfana $39990 | Bonglab Bong Honey Waffle 23cm - Emerald
 d=131 | 2317 t4 prod 5773 $30000 | Bong Pyrex Classic resistente y de calidad
       | 31673 t1 huerfana $20990 | Little Buchner-Bonglab - Ámbar
 d=131 | 2319 t4 prod 5520 $54000 | Bongbastic K276 Bonglab Doble Percolador | Bong Grande 
       | 31363 t1 huerfana $81990 | Bubbler Kush-Bonglab - azul
 d=131 | 11383 t4 prod 5528 $21000 | Mini Bong Pyrex Pocket Bell Bonglab | Bong Pequeño Chil
       | 14263 t3 huerfana $21111 | Bong R2
 d=131 | 12563 t1 huerfana $19990 | MINI BEAKER SIMPLE YELLOW- Calvo glass
       | 34991 t2 huerfana $49990 | Calvo Glass Bong Beaker Plus 35cm - Verde Oliva
 d=131 | 14263 t3 huerfana $21111 | Bong R2
       | 31704 t1 huerfana $22990 | Pocket Bell -Bonglab - Negro
 d=131 | 31598 t1 prod 5775 $39990 | Honey Waffle -Bonglab - Negro
       | 33838 t2 huerfana $39990 | Bonglab Bong Honey Waffle 23cm - Emerald
 d=131 | 31655 t1 prod 5774 $66990 | Heavy Trash -Bonglab - azul
       | 34658 t2 huerfana $72990 | BongLab Bong K42 Heavy Trash 53cm - Turquesa
 d=131 | 31686 t1 huerfana $51990 | Mad Professor - Bonglab - Verde azulado
       | 33847 t2 huerfana $64990 | Bonglab Bong Mad Professor 42cm - Verde
 d=131 | 31726 t1 huerfana $55990 | The Sheikh 42Cm -Bonglab - Morado
       | 34963 t2 huerfana $75990 | Bonglab Bong The Sheikh 42cm - Rosado
 d=132 | 837 t3 prod 5530 $44394 | Bong The Sheikh
       | 31727 t1 huerfana $55990 | The Sheikh 42Cm -Bonglab - verde
 d=132 | 2317 t4 prod 5773 $30000 | Bong Pyrex Classic resistente y de calidad
       | 37485 t2 huerfana $22990 | Bonglab Bong KS10 Little Buchner 25cm - Verde
 d=132 | 12563 t1 huerfana $19990 | MINI BEAKER SIMPLE YELLOW- Calvo glass
       | 34990 t2 huerfana $49990 | Calvo Glass Bong Beaker Plus 35cm - Verde
 d=132 | 13285 t2 prod 5530 $75990 | Bonglab Bong The Sheikh 42cm
       | 31728 t1 huerfana $55990 | The Sheikh 42Cm -Bonglab - azul
 d=132 | 14201 t3 prod 10218 $29441 | Bong Handy Rig | PIRANHA
       | 33931 t2 huerfana $30990 | Bonglab Bong Handy Rig 14cm - Morado
 d=132 | 31385 t1 huerfana $25990 | Fat Candy -Bonglab - Negro Humo
       | 34673 t2 huerfana $22990 | Bonglab Bong KS11 Classic Ice 26cm - Verde
 d=132 | 31629 t1 huerfana $22990 | Color Cube-Bonglab - Rosa
       | 34677 t2 huerfana $25990 | Bonglab Bong X2 Color Cube 23cm - Verde
 d=132 | 31663 t1 huerfana $27990 | Jelly Drop-Bonglab - Negro
       | 33844 t2 huerfana $29990 | Bonglab Bong Jelly Drop 20cm - Rosado
 d=132 | 31728 t1 huerfana $55990 | The Sheikh 42Cm -Bonglab - azul
       | 34962 t2 huerfana $75990 | Bonglab Bong The Sheikh 42cm - Morado
 d=132 | 31736 t1 huerfana $15990 | Tiny Bell -Bonglab - Rosa
       | 34668 t2 prod 5778 $16990 | BongLab Bong KM4 Tiny Bell 10cm - Transparente
 d=133 | 2317 t4 prod 5773 $30000 | Bong Pyrex Classic resistente y de calidad
       | 31671 t1 huerfana $20990 | Little Buchner-Bonglab - verde
 d=133 | 31625 t1 huerfana $20990 | Classic Ice 26Cm-Bonglab - Rosa
       | 34675 t2 huerfana $22990 | Bonglab Bong KS11 Classic Ice 26cm - Ámbar
 d=133 | 31673 t1 huerfana $20990 | Little Buchner-Bonglab - Ámbar
       | 34489 t2 huerfana $36390 | SYFY Bong Straight Tube Double Tree Perc 38cm - Morado
 d=133 | 31682 t1 huerfana $51990 | Mad Professor - Bonglab - JADE GREEN
       | 33846 t2 huerfana $64990 | Bonglab Bong Mad Professor 42cm - Rosado
 d=134 | 26 t1 prod 5778 $16990 | Tiny Bell -Bonglab
       | 34670 t2 huerfana $16990 | BongLab Bong KM4 Tiny Bell 10cm - Rosado
 d=134 | 80 t1 prod 5773 $22990 | Classic Ice 26Cm-Bonglab
       | 34672 t2 huerfana $22990 | Bonglab Bong KS11 Classic Ice 26cm - Rosado
 d=134 | 844 t3 prod 5777 $17243 | Bong Little Buchner
       | 37486 t2 huerfana $22990 | Bonglab Bong KS10 Little Buchner 25cm - Ámbar
 d=134 | 13579 t2 huerfana $54990 | Eyce Bong Beaker 31cm
       | 31654 t1 prod 5774 $74990 | Heavy Trash -Bonglab - verde
 d=134 | 13579 t2 huerfana $54990 | Eyce Bong Beaker 31cm
       | 31658 t1 huerfana $74990 | Heavy Trash -Bonglab - Negro Humo
 d=134 | 13650 t2 huerfana $156990 | Marley Natural Bong Smoked Glass Gold Stripe Decal
       | 31658 t1 huerfana $74990 | Heavy Trash -Bonglab - Negro Humo
 d=134 | 17178 t1 prod 10466 $29990 | Tough Beaker -Bonglab
       | 37486 t2 huerfana $22990 | Bonglab Bong KS10 Little Buchner 25cm - Ámbar
 d=134 | 31621 t1 huerfana $20990 | Classic Ice 26Cm-Bonglab - AMBAR
       | 34672 t2 huerfana $22990 | Bonglab Bong KS11 Classic Ice 26cm - Rosado
 d=134 | 31622 t1 huerfana $20990 | Classic Ice 26Cm-Bonglab - azul
       | 34504 t2 huerfana $30990 | BongLab Bong W06 Fat Candy 25cm - Azul
 d=134 | 31654 t1 prod 5774 $74990 | Heavy Trash -Bonglab - verde
       | 35515 t2 huerfana $54990 | Eyce Bong Beaker 31cm - Bangin
 d=134 | 31730 t1 huerfana $55990 | The Sheikh 42Cm -Bonglab - SKY BLUE
       | 35512 t2 huerfana $54990 | Eyce Bong Beaker 31cm - Smoke Black
 d=134 | 31730 t1 huerfana $55990 | The Sheikh 42Cm -Bonglab - SKY BLUE
       | 35514 t2 huerfana $54990 | Eyce Bong Beaker 31cm - Jungle
 d=134 | 31733 t1 prod 5778 $15990 | Tiny Bell -Bonglab - CLEAR
       | 34670 t2 huerfana $16990 | BongLab Bong KM4 Tiny Bell 10cm - Rosado
 d=135 | 23 t4 prod 5340 $25200 | Fat Candy Bong de Bonglab
       | 31623 t1 huerfana $20990 | Classic Ice 26Cm-Bonglab - verde
 d=135 | 844 t3 prod 5777 $17243 | Bong Little Buchner
       | 34603 t2 huerfana $36390 | SYFY Bong Beaker Doble Tree Perc 38cm - Azul
 d=135 | 2317 t4 prod 5773 $30000 | Bong Pyrex Classic resistente y de calidad
       | 31624 t1 huerfana $20990 | Classic Ice 26Cm-Bonglab - Negro
 d=135 | 13285 t2 prod 5530 $75990 | Bonglab Bong The Sheikh 42cm
       | 31727 t1 huerfana $55990 | The Sheikh 42Cm -Bonglab - verde
 d=135 | 20189 t2 prod 5777 $22990 | Bonglab Bong KS10 Little Buchner 25cm
       | 31623 t1 huerfana $20990 | Classic Ice 26Cm-Bonglab - verde
 d=135 | 31623 t1 huerfana $20990 | Classic Ice 26Cm-Bonglab - verde
       | 37483 t2 huerfana $22990 | Bonglab Bong KS10 Little Buchner 25cm - Negro
 d=135 | 31727 t1 huerfana $55990 | The Sheikh 42Cm -Bonglab - verde
       | 34962 t2 huerfana $75990 | Bonglab Bong The Sheikh 42cm - Morado
 d=135 | 31731 t1 huerfana $55990 | The Sheikh 42Cm -Bonglab - Verde azulado
       | 34964 t2 huerfana $75990 | Bonglab Bong The Sheikh 42cm - Turquesa
 d=135 | 32958 t1 prod 10217 $65990 | Double Shot -Bonglab - Negro
       | 35514 t2 huerfana $54990 | Eyce Bong Beaker 31cm - Jungle
 d=136 | 184 t1 prod 5341 $29990 | Jelly Drop-Bonglab
       | 33840 t2 huerfana $29990 | Bonglab Bong Jelly Drop 20cm - Negro
 d=136 | 840 t3 prod 5529 $19593 | Bong R3 Mini
       | 31448 t1 huerfana $27990 | R3 Mini-Bonglab - Verde azulado
 d=136 | 845 t3 prod 5340 $22493 | Bong Fat Candy
       | 31622 t1 huerfana $20990 | Classic Ice 26Cm-Bonglab - azul
 d=136 | 2318 t4 prod 5522 $54000 | Bong Mad Professor de Bonglab - GB The Green Brand
       | 31682 t1 huerfana $51990 | Mad Professor - Bonglab - JADE GREEN
 d=136 | 12563 t1 huerfana $19990 | MINI BEAKER SIMPLE YELLOW- Calvo glass
       | 20034 t2 huerfana $29990 | Phoenix Star Bong Classic Beaker 26cm
 d=136 | 12563 t1 huerfana $19990 | MINI BEAKER SIMPLE YELLOW- Calvo glass
       | 34733 t2 huerfana $44991 | Calvo Glass Bong Beaker Premium 40cm - Turquesa
 d=136 | 13285 t2 prod 5530 $75990 | Bonglab Bong The Sheikh 42cm
       | 31732 t1 huerfana $55990 | The Sheikh 42Cm -Bonglab - Negro
 d=136 | 31450 t1 huerfana $23990 | R3 Mini-Bonglab - Negro
       | 33944 t2 huerfana $21241 | BongLab Bong R3 Mini 10.5cm - Rosado
 d=136 | 31623 t1 huerfana $20990 | Classic Ice 26Cm-Bonglab - verde
       | 37485 t2 huerfana $22990 | Bonglab Bong KS10 Little Buchner 25cm - Verde
 d=136 | 31633 t1 huerfana $24990 | Dream Rig-Bonglab - Rosa
       | 34679 t2 huerfana $25990 | Bonglab Bong X2 Color Cube 23cm - Ámbar
 d=136 | 31656 t1 huerfana $74990 | Heavy Trash -Bonglab - Verde azulado
       | 35516 t2 huerfana $54990 | Eyce Bong Beaker 31cm - Creature Green
 d=136 | 31658 t1 huerfana $74990 | Heavy Trash -Bonglab - Negro Humo
       | 35513 t2 huerfana $54990 | Eyce Bong Beaker 31cm - Winter
 d=136 | 31662 t1 huerfana $27990 | Jelly Drop-Bonglab - Morado
       | 33840 t2 huerfana $29990 | Bonglab Bong Jelly Drop 20cm - Negro
 d=136 | 31685 t1 huerfana $51990 | Mad Professor - Bonglab - AMBAR
       | 33849 t2 huerfana $64990 | Bonglab Bong Mad Professor 42cm - Blanco
 d=136 | 31729 t1 huerfana $55990 | The Sheikh 42Cm -Bonglab - Rosa
       | 35514 t2 huerfana $54990 | Eyce Bong Beaker 31cm - Jungle
 d=136 | 31732 t1 huerfana $55990 | The Sheikh 42Cm -Bonglab - Negro
       | 34962 t2 huerfana $75990 | Bonglab Bong The Sheikh 42cm - Morado
 d=137 | 23 t4 prod 5340 $25200 | Fat Candy Bong de Bonglab
       | 34673 t2 huerfana $22990 | Bonglab Bong KS11 Classic Ice 26cm - Verde
 d=137 | 801 t1 prod 10227 $56990 | Bong Pyrex Rick &amp; Morty Rig Rick Sanchez Perc 24cm-
       | 34336 t2 huerfana $20993 | PMG Bong Kali Go 23cm - WildWood
 d=137 | 2255 t4 prod 5339 $66000 | Bong de vidrio Bubbler Kush de Bonglab- GB The Green Br
       | 31761 t1 huerfana $59990 | Headshot Black-Bonglab - SPINNER GREEN
 d=137 | 2318 t4 prod 5522 $54000 | Bong Mad Professor de Bonglab - GB The Green Brand
       | 31681 t1 huerfana $51990 | Mad Professor - Bonglab - verde
 d=137 | 3005 t2 huerfana $27992 | Calvo Glass Bong Straight Tube American 26cm
       | 31437 t1 huerfana $51990 | Bongbastic -Bonglab - Verde azulado
 d=137 | 12563 t1 huerfana $19990 | MINI BEAKER SIMPLE YELLOW- Calvo glass
       | 34730 t2 huerfana $40491 | Calvo Glass Bong Beaker Premium 35cm - Verde Oliva
 d=137 | 12563 t1 huerfana $19990 | MINI BEAKER SIMPLE YELLOW- Calvo glass
       | 34742 t2 huerfana $46741 | Calvo Glass Bong Beaker Premium 45cm - Amarillo
 d=137 | 31437 t1 huerfana $51990 | Bongbastic -Bonglab - Verde azulado
       | 34546 t2 huerfana $29741 | Calvo Glass Bong Straight Tube American 26cm - Verde
 d=137 | 31632 t1 huerfana $24990 | Dream Rig-Bonglab - verde
       | 34679 t2 huerfana $25990 | Bonglab Bong X2 Color Cube 23cm - Ámbar
 d=137 | 31661 t1 huerfana $27990 | Jelly Drop-Bonglab - azul
       | 33841 t2 huerfana $29990 | Bonglab Bong Jelly Drop 20cm - Morado
 d=137 | 31673 t1 huerfana $20990 | Little Buchner-Bonglab - Ámbar
       | 34673 t2 huerfana $22990 | Bonglab Bong KS11 Classic Ice 26cm - Verde
 d=137 | 31685 t1 huerfana $51990 | Mad Professor - Bonglab - AMBAR
       | 33850 t2 huerfana $64990 | Bonglab Bong Mad Professor 42cm - Azul
 d=137 | 31761 t1 huerfana $59990 | Headshot Black-Bonglab - SPINNER GREEN
       | 35515 t2 huerfana $54990 | Eyce Bong Beaker 31cm - Bangin
 d=138 | 551 t4 prod 5777 $22400 | Bonglab bong clásico 25 cm de calidad
       | 31669 t1 huerfana $20990 | Little Buchner-Bonglab - Negro
 d=138 | 801 t1 prod 10227 $56990 | Bong Pyrex Rick &amp; Morty Rig Rick Sanchez Perc 24cm-
       | 35514 t2 huerfana $54990 | Eyce Bong Beaker 31cm - Jungle
 d=138 | 838 t3 prod 5772 $29993 | Bong Classic Ice Pro
       | 31306 t1 huerfana $37990 | Classic Ice Pro-Bonglab - Rosa
 d=138 | 844 t3 prod 5777 $17243 | Bong Little Buchner
       | 31673 t1 huerfana $20990 | Little Buchner-Bonglab - Ámbar
 d=138 | 845 t3 prod 5340 $22493 | Bong Fat Candy
       | 31387 t1 huerfana $25990 | Fat Candy -Bonglab - verde
 d=138 | 2318 t4 prod 5522 $54000 | Bong Mad Professor de Bonglab - GB The Green Brand
       | 31687 t1 huerfana $51990 | Mad Professor - Bonglab - Negro
 d=138 | 13167 t2 prod 5778 $16990 | BongLab Bong KM4 Tiny Bell 10cm
       | 31736 t1 huerfana $15990 | Tiny Bell -Bonglab - Rosa
 d=138 | 13650 t2 huerfana $156990 | Marley Natural Bong Smoked Glass Gold Stripe Decal
       | 31656 t1 huerfana $74990 | Heavy Trash -Bonglab - Verde azulado
 d=138 | 18115 t1 prod 5525 $25990 | DREAM RIG GREEN - CAJA ROTA
       | 34680 t2 huerfana $25990 | Bonglab Bong X2 Color Cube 23cm - Azul
 d=138 | 31306 t1 huerfana $37990 | Classic Ice Pro-Bonglab - Rosa
       | 34690 t2 prod 5772 $39990 | Bonglab K288 Classic Ice Pro 35cm - Verde
 d=138 | 31385 t1 huerfana $25990 | Fat Candy -Bonglab - Negro Humo
       | 34672 t2 huerfana $22990 | Bonglab Bong KS11 Classic Ice 26cm - Rosado
 d=138 | 31437 t1 huerfana $51990 | Bongbastic -Bonglab - Verde azulado
       | 34354 t2 huerfana $44990 | PMG Bong Kirby 37cm - Lollipop Swirl
 d=138 | 31437 t1 huerfana $51990 | Bongbastic -Bonglab - Verde azulado
       | 34916 t2 huerfana $36390 | SYFY Bong Doble Tree Perc 40cm - Verde
 d=138 | 31656 t1 huerfana $74990 | Heavy Trash -Bonglab - Verde azulado
       | 35512 t2 huerfana $54990 | Eyce Bong Beaker 31cm - Smoke Black
 d=138 | 31656 t1 huerfana $74990 | Heavy Trash -Bonglab - Verde azulado
       | 35515 t2 huerfana $54990 | Eyce Bong Beaker 31cm - Bangin
 d=138 | 31658 t1 huerfana $74990 | Heavy Trash -Bonglab - Negro Humo
       | 35512 t2 huerfana $54990 | Eyce Bong Beaker 31cm - Smoke Black
 d=138 | 31736 t1 huerfana $15990 | Tiny Bell -Bonglab - Rosa
       | 34666 t2 prod 5778 $16990 | BongLab Bong KM4 Tiny Bell 10cm - Verde
 d=138 | 31740 t1 huerfana $29990 | Tough Beaker -Bonglab - Rosa
       | 37485 t2 huerfana $22990 | Bonglab Bong KS10 Little Buchner 25cm - Verde
 d=138 | 31761 t1 huerfana $59990 | Headshot Black-Bonglab - SPINNER GREEN
       | 34336 t2 huerfana $20993 | PMG Bong Kali Go 23cm - WildWood
 d=139 | 74 t1 prod 5777 $22990 | Little Buchner-Bonglab
       | 34489 t2 huerfana $36390 | SYFY Bong Straight Tube Double Tree Perc 38cm - Morado
 d=139 | 184 t1 prod 5341 $29990 | Jelly Drop-Bonglab
       | 33842 t2 huerfana $29990 | Bonglab Bong Jelly Drop 20cm - Azul
 d=139 | 650 t2 huerfana $20153 | PMG Bong Kali Go 23cm
       | 31437 t1 huerfana $51990 | Bongbastic -Bonglab - Verde azulado
 d=139 | 845 t3 prod 5340 $22493 | Bong Fat Candy
       | 31388 t1 huerfana $25990 | Fat Candy -Bonglab - Ámbar
 d=139 | 2255 t4 prod 5339 $66000 | Bong de vidrio Bubbler Kush de Bonglab- GB The Green Br
       | 31363 t1 huerfana $81990 | Bubbler Kush-Bonglab - azul
 d=139 | 2317 t4 prod 5773 $30000 | Bong Pyrex Classic resistente y de calidad
       | 37483 t2 huerfana $22990 | Bonglab Bong KS10 Little Buchner 25cm - Negro
 d=139 | 2325 t4 prod 6560 $30000 | Bong Unikorn Unity de Silicona de PieceMaker Orgullo Ga
       | 35395 t2 huerfana $40990 | PMG Bong Unikorn 14cm - Blanco
 d=139 | 31386 t1 huerfana $28990 | Fat Candy -Bonglab - azul
       | 34673 t2 huerfana $22990 | Bonglab Bong KS11 Classic Ice 26cm - Verde
 d=139 | 31437 t1 huerfana $51990 | Bongbastic -Bonglab - Verde azulado
       | 34334 t2 huerfana $20993 | PMG Bong Kali Go 23cm - Marineros
 d=139 | 31437 t1 huerfana $51990 | Bongbastic -Bonglab - Verde azulado
       | 34548 t2 huerfana $29741 | Calvo Glass Bong Straight Tube American 26cm - Rojo
 d=139 | 31570 t1 huerfana $53990 | The Trash Big Logo-Bonglab - Negro Humo
       | 34660 t2 prod 5774 $72990 | BongLab Bong K42 Heavy Trash 53cm - Azul
 d=139 | 31623 t1 huerfana $20990 | Classic Ice 26Cm-Bonglab - verde
       | 37486 t2 huerfana $22990 | Bonglab Bong KS10 Little Buchner 25cm - Ámbar
 d=139 | 31662 t1 huerfana $27990 | Jelly Drop-Bonglab - Morado
       | 33842 t2 huerfana $29990 | Bonglab Bong Jelly Drop 20cm - Azul
 d=139 | 31669 t1 huerfana $20990 | Little Buchner-Bonglab - Negro
       | 34489 t2 huerfana $36390 | SYFY Bong Straight Tube Double Tree Perc 38cm - Morado
 d=139 | 31673 t1 huerfana $20990 | Little Buchner-Bonglab - Ámbar
       | 34488 t2 huerfana $36390 | SYFY Bong Straight Tube Double Tree Perc 38cm - Verde
 d=139 | 31740 t1 huerfana $29990 | Tough Beaker -Bonglab - Rosa
       | 37484 t2 huerfana $22990 | Bonglab Bong KS10 Little Buchner 25cm - Azul
 d=139 | 31761 t1 huerfana $59990 | Headshot Black-Bonglab - SPINNER GREEN
       | 35512 t2 huerfana $54990 | Eyce Bong Beaker 31cm - Smoke Black
 d=140 | 23 t4 prod 5340 $25200 | Fat Candy Bong de Bonglab
       | 31388 t1 huerfana $25990 | Fat Candy -Bonglab - Ámbar
 d=140 | 68 t1 prod 5522 $64990 | Mad Professor - Bonglab
       | 33846 t2 huerfana $64990 | Bonglab Bong Mad Professor 42cm - Rosado
 d=140 | 80 t1 prod 5773 $22990 | Classic Ice 26Cm-Bonglab
       | 34504 t2 huerfana $30990 | BongLab Bong W06 Fat Candy 25cm - Azul
 d=140 | 844 t3 prod 5777 $17243 | Bong Little Buchner
       | 37483 t2 huerfana $22990 | Bonglab Bong KS10 Little Buchner 25cm - Negro
 d=140 | 2318 t4 prod 5522 $54000 | Bong Mad Professor de Bonglab - GB The Green Brand
       | 33847 t2 huerfana $64990 | Bonglab Bong Mad Professor 42cm - Verde
 d=140 | 2615 t1 prod 5530 $74990 | The Sheikh 42Cm -Bonglab
       | 34959 t2 huerfana $75990 | Bonglab Bong The Sheikh 42cm - Azul
 d=140 | 11383 t4 prod 5528 $21000 | Mini Bong Pyrex Pocket Bell Bonglab | Bong Pequeño Chil
       | 31705 t1 huerfana $22990 | Pocket Bell -Bonglab - Rosa
 d=140 | 12563 t1 huerfana $19990 | MINI BEAKER SIMPLE YELLOW- Calvo glass
       | 34731 t2 huerfana $40491 | Calvo Glass Bong Beaker Premium 35cm - Amarillo
 d=140 | 13280 t2 prod 10167 $47990 | BongLab Bong KH1 Mercurial 24cm
       | 31764 t1 huerfana $50990 | Mercurial KH1-Bonglab - KH1
 d=140 | 13611 t2 huerfana $36390 | SYFY Bong Doble Tree Perc 40cm
       | 31437 t1 huerfana $51990 | Bongbastic -Bonglab - Verde azulado
 d=140 | 31304 t1 huerfana $37990 | Classic Ice Pro-Bonglab - Negro
       | 34692 t2 prod 5772 $39990 | Bonglab K288 Classic Ice Pro 35cm - Morado
 d=140 | 31437 t1 huerfana $51990 | Bongbastic -Bonglab - Verde azulado
       | 34915 t2 huerfana $36390 | SYFY Bong Doble Tree Perc 40cm - Azul
 d=140 | 31437 t1 huerfana $51990 | Bongbastic -Bonglab - Verde azulado
       | 34917 t2 huerfana $36390 | SYFY Bong Doble Tree Perc 40cm - Morado
 d=140 | 31621 t1 huerfana $20990 | Classic Ice 26Cm-Bonglab - AMBAR
       | 34504 t2 huerfana $30990 | BongLab Bong W06 Fat Candy 25cm - Azul
 d=140 | 31654 t1 prod 5774 $74990 | Heavy Trash -Bonglab - verde
       | 35516 t2 huerfana $54990 | Eyce Bong Beaker 31cm - Creature Green
 d=140 | 31656 t1 huerfana $74990 | Heavy Trash -Bonglab - Verde azulado
       | 35513 t2 huerfana $54990 | Eyce Bong Beaker 31cm - Winter
 d=140 | 31679 t1 huerfana $51990 | Mad Professor - Bonglab - Blanco
       | 33846 t2 huerfana $64990 | Bonglab Bong Mad Professor 42cm - Rosado
 d=140 | 31764 t1 huerfana $50990 | Mercurial KH1-Bonglab - KH1
       | 34952 t2 huerfana $47990 | BongLab Bong KH1 Mercurial 24cm - Tornasol

===== Conos y blunts: 359 ofertas con imagen =====
hashes ok: 359 | errores: 0
115 pares candidatos (distancia Hamming <= 140/512)
*d= 18 | 18084 t1 huerfana $1490 | Kush Hemps Wraps Zero
       | 34238 t2 huerfana $990 | Blunt Kush Hemp Wrap x2 - Zero
*d= 28 | 32389 t1 huerfana $1490 | Blunt Sabores 1U- Soulblime - EXTRA DULCES MIEL
       | 36234 t2 huerfana $1000 | Blunt Soulblime Hemp Wrap x2 - Miel
*d= 31 | 32395 t1 huerfana $1490 | Blunt Sabores 1U- Soulblime - FRUTALES FRUTILLA
       | 36225 t2 huerfana $1000 | Blunt Soulblime Hemp Wrap x2 - Frutilla
*d= 41 | 18034 t1 huerfana $1490 | Kush Hemps Wraps Kiwi Strawberry
       | 34236 t2 huerfana $990 | Blunt Kush Hemp Wrap x2 - Kiwi Strawberry
*d= 41 | 19562 t2 prod 10623 $1000 | Blunt Soulblime Hemp Wrap x2
       | 32387 t1 huerfana $1490 | Blunt Sabores 1U- Soulblime - EXTRA DULCES ALGODON DE A
*d= 41 | 32387 t1 huerfana $1490 | Blunt Sabores 1U- Soulblime - EXTRA DULCES ALGODON DE A
       | 36217 t2 huerfana $1000 | Blunt Soulblime Hemp Wrap x2 - Algodón de Azúcar
*d= 41 | 32387 t1 huerfana $1490 | Blunt Sabores 1U- Soulblime - EXTRA DULCES ALGODON DE A
       | 36230 t2 huerfana $1000 | Blunt Soulblime Hemp Wrap x2 - Vainilla
*d= 53 | 15985 t3 prod 10733 $1386 | Blunt Wrap - Lion Rolling Circus Terpenes - Gelato
       | 20229 t2 huerfana $1490 | LRC Blunt Hemp Wraps Terpenes x2 - Sabores
*d= 56 | 18083 t1 huerfana $1490 | Kush Hemps Wraps Sweet
       | 34234 t2 huerfana $990 | Blunt Kush Hemp Wrap x2 - Sweet
*d= 57 | 11215 t3 prod 10623 $1000 | Hemp Wraps Blunt Soulblime | PIRANHA
       | 32380 t1 huerfana $1490 | Blunt Sabores 1U- Soulblime - CLASICO CITRICO
*d= 57 | 11215 t3 prod 10623 $1000 | Hemp Wraps Blunt Soulblime | PIRANHA
       | 32381 t1 huerfana $1490 | Blunt Sabores 1U- Soulblime - CLASICOS MENTA
 d= 62 | 11215 t3 prod 10623 $1000 | Hemp Wraps Blunt Soulblime | PIRANHA
       | 36232 t2 huerfana $1000 | Blunt Soulblime Hemp Wrap x2 - Menta
 d= 70 | 11213 t3 prod 10623 $1000 | Hemp Wraps Blunt Soulblime | PIRANHA
       | 36220 t2 huerfana $1000 | Blunt Soulblime Hemp Wrap x2 - Cherry
 d= 75 | 18083 t1 huerfana $1490 | Kush Hemps Wraps Sweet
       | 34237 t2 huerfana $990 | Blunt Kush Hemp Wrap x2 - Mixed Grape
 d= 79 | 18084 t1 huerfana $1490 | Kush Hemps Wraps Zero
       | 34233 t2 huerfana $990 | Blunt Kush Hemp Wrap x2 - Berries
 d= 80 | 18083 t1 huerfana $1490 | Kush Hemps Wraps Sweet
       | 37537 t2 huerfana $1490 | Conos Blunt Kush Hemp x2 - Sabores - Grape
 d= 81 | 18083 t1 huerfana $1490 | Kush Hemps Wraps Sweet
       | 34232 t2 huerfana $990 | Blunt Kush Hemp Wrap x2 - Original
 d= 82 | 18083 t1 huerfana $1490 | Kush Hemps Wraps Sweet
       | 34233 t2 huerfana $990 | Blunt Kush Hemp Wrap x2 - Berries
 d= 85 | 3330 t3 prod 5706 $2990 | Conos Pre-Enrolados Blazy Susan King Size 3u Unbleached
       | 32187 t1 huerfana $3990 | Conos Pre Roll King Size Pack 3U-Blazy Susan - UNBLEACH
 d= 87 | 18084 t1 huerfana $1490 | Kush Hemps Wraps Zero
       | 34234 t2 huerfana $990 | Blunt Kush Hemp Wrap x2 - Sweet
 d= 88 | 18084 t1 huerfana $1490 | Kush Hemps Wraps Zero
       | 34232 t2 huerfana $990 | Blunt Kush Hemp Wrap x2 - Original
 d= 88 | 18177 t1 huerfana $1490 | Blunt Sabores Clasicos Citrico
       | 36223 t2 huerfana $1000 | Blunt Soulblime Hemp Wrap x2 - Cítrico
 d= 92 | 11213 t3 prod 10623 $1000 | Hemp Wraps Blunt Soulblime | PIRANHA
       | 32388 t1 huerfana $1490 | Blunt Sabores 1U- Soulblime - EXTRA DULCES CHERRY
 d= 93 | 549 t4 huerfana $1000 | Cyclone Clear Cones | Conos de Celulosa Transparentes c
       | 16093 t3 prod 10416 $6792 | Cono Inflable RAW
 d= 93 | 18084 t1 huerfana $1490 | Kush Hemps Wraps Zero
       | 34235 t2 huerfana $990 | Blunt Kush Hemp Wrap x2 - Lemonade
 d= 97 | 12414 t1 prod 10388 $1490 | Blunt Sabores 1U- Soulblime
       | 36232 t2 huerfana $1000 | Blunt Soulblime Hemp Wrap x2 - Menta
 d= 97 | 32380 t1 huerfana $1490 | Blunt Sabores 1U- Soulblime - CLASICO CITRICO
       | 36232 t2 huerfana $1000 | Blunt Soulblime Hemp Wrap x2 - Menta
 d= 97 | 32381 t1 huerfana $1490 | Blunt Sabores 1U- Soulblime - CLASICOS MENTA
       | 36232 t2 huerfana $1000 | Blunt Soulblime Hemp Wrap x2 - Menta
 d= 99 | 32393 t1 huerfana $1490 | Blunt Sabores 1U- Soulblime - FRUTALES UVA
       | 36229 t2 huerfana $1000 | Blunt Soulblime Hemp Wrap x2 - Uva
 d=100 | 11214 t3 prod 10623 $1000 | Hemp Wraps Blunt Soulblime | PIRANHA
       | 32382 t1 huerfana $1490 | Blunt Sabores 1U- Soulblime - CLASICOS ORIGINAL
 d=100 | 32391 t1 huerfana $1490 | Blunt Sabores 1U- Soulblime - TROPICAL MANGO
       | 36226 t2 huerfana $1000 | Blunt Soulblime Hemp Wrap x2 - Mango
 d=103 | 32385 t1 huerfana $1490 | Blunt Sabores 1U- Soulblime - DULCE MIX CHOCOLATE
       | 36222 t2 huerfana $1000 | Blunt Soulblime Hemp Wrap x2 - Chocolate
 d=104 | 16013 t3 prod 10568 $1304 | Blunt Hemp Wrap Rolling Stones Berry Gelato | PIRANHA
       | 17946 t1 huerfana $1390 | Blunt Hemp Wrap Terpenes Rolling Stones Lemon Haze- Lio
 d=104 | 18084 t1 huerfana $1490 | Kush Hemps Wraps Zero
       | 34237 t2 huerfana $990 | Blunt Kush Hemp Wrap x2 - Mixed Grape
 d=106 | 11609 t4 huerfana $1000 | Conos HoneyPuff - GB The Green Brand
       | 16093 t3 prod 10416 $6792 | Cono Inflable RAW
 d=109 | 18083 t1 huerfana $1490 | Kush Hemps Wraps Sweet
       | 34238 t2 huerfana $990 | Blunt Kush Hemp Wrap x2 - Zero
 d=110 | 18083 t1 huerfana $1490 | Kush Hemps Wraps Sweet
       | 34235 t2 huerfana $990 | Blunt Kush Hemp Wrap x2 - Lemonade
 d=112 | 3189 t4 prod 10185 $1900 | Raw Cones de RAW para rellenarlo y darle uso.
       | 13263 t2 huerfana $14990 | Shine®​ 24K Cono de Oro King Size + 2 Conos Blaze hemp
 d=113 | 32394 t1 huerfana $1490 | Blunt Sabores 1U- Soulblime - FRUTALES ARANDANO
       | 36218 t2 huerfana $1000 | Blunt Soulblime Hemp Wrap x2 - Arándano
 d=114 | 32384 t1 huerfana $1490 | Blunt Sabores 1U- Soulblime - DULCE MIX CHICLE
       | 36221 t2 huerfana $1000 | Blunt Soulblime Hemp Wrap x2 - Chicle
 d=116 | 795 t1 prod 5709 $1890 | Blazy Susan 2X Tea Wraps Unidad
       | 1204 t2 huerfana $3490 | Blazy Susan Blunt King Size Cono Natural Wraps x2 - Tea
 d=116 | 1204 t2 huerfana $3490 | Blazy Susan Blunt King Size Cono Natural Wraps x2 - Tea
       | 1357 t3 prod 5709 $1495 | Tea Leaf Wraps Blazy Susan | PIRANHA
 d=116 | 31786 t1 huerfana $2990 | BLUNT HEMP WRAPS SABORES - SOULBLIME - FAVORITES
       | 37538 t2 huerfana $1490 | Conos Blunt Kush Hemp x2 - Sabores - Berries
 d=117 | 2085 t2 huerfana $1490 | Conos Blunt Kush Hemp x2 - Sabores
       | 31784 t1 huerfana $2990 | BLUNT HEMP WRAPS SABORES - SOULBLIME - BERRY CRUSH
 d=117 | 31784 t1 huerfana $2990 | BLUNT HEMP WRAPS SABORES - SOULBLIME - BERRY CRUSH
       | 37534 t2 huerfana $1490 | Conos Blunt Kush Hemp x2 - Sabores - Original
 d=117 | 31784 t1 huerfana $2990 | BLUNT HEMP WRAPS SABORES - SOULBLIME - BERRY CRUSH
       | 37536 t2 huerfana $1490 | Conos Blunt Kush Hemp x2 - Sabores - Lemonade
 d=117 | 31786 t1 huerfana $2990 | BLUNT HEMP WRAPS SABORES - SOULBLIME - FAVORITES
       | 37536 t2 huerfana $1490 | Conos Blunt Kush Hemp x2 - Sabores - Lemonade
 d=118 | 12378 t1 huerfana $21990 | PLATINIUM X 2 SABOR COOKIES AND CREAM 25U-BLUNT WRAP
       | 15931 t3 prod 10402 $890 | Blunt Wrap Double!! Platinum (2u) | PIRANHA
 d=118 | 31784 t1 huerfana $2990 | BLUNT HEMP WRAPS SABORES - SOULBLIME - BERRY CRUSH
       | 37538 t2 huerfana $1490 | Conos Blunt Kush Hemp x2 - Sabores - Berries
 d=119 | 2085 t2 huerfana $1490 | Conos Blunt Kush Hemp x2 - Sabores
       | 31786 t1 huerfana $2990 | BLUNT HEMP WRAPS SABORES - SOULBLIME - FAVORITES
 d=119 | 18084 t1 huerfana $1490 | Kush Hemps Wraps Zero
       | 37537 t2 huerfana $1490 | Conos Blunt Kush Hemp x2 - Sabores - Grape
 d=119 | 31786 t1 huerfana $2990 | BLUNT HEMP WRAPS SABORES - SOULBLIME - FAVORITES
       | 37534 t2 huerfana $1490 | Conos Blunt Kush Hemp x2 - Sabores - Original
 d=120 | 31786 t1 huerfana $2990 | BLUNT HEMP WRAPS SABORES - SOULBLIME - FAVORITES
       | 37535 t2 huerfana $1490 | Conos Blunt Kush Hemp x2 - Sabores - Sweet
 d=121 | 2085 t2 huerfana $1490 | Conos Blunt Kush Hemp x2 - Sabores
       | 31787 t1 huerfana $2990 | BLUNT HEMP WRAPS SABORES - SOULBLIME - SWEET VIBES
 d=121 | 16014 t3 prod 10567 $1304 | Blunt Hemp Wrap Rolling Stones Electric Grape | PIRANHA
       | 17946 t1 huerfana $1390 | Blunt Hemp Wrap Terpenes Rolling Stones Lemon Haze- Lio
 d=121 | 31787 t1 huerfana $2990 | BLUNT HEMP WRAPS SABORES - SOULBLIME - SWEET VIBES
       | 37534 t2 huerfana $1490 | Conos Blunt Kush Hemp x2 - Sabores - Original
 d=121 | 32390 t1 huerfana $1490 | Blunt Sabores 1U- Soulblime - TROPICAL PIÑA
       | 36227 t2 huerfana $1000 | Blunt Soulblime Hemp Wrap x2 - Piña
 d=122 | 11216 t3 prod 10623 $1000 | Hemp Wraps Blunt Soulblime | PIRANHA
       | 32380 t1 huerfana $1490 | Blunt Sabores 1U- Soulblime - CLASICO CITRICO
 d=122 | 11216 t3 prod 10623 $1000 | Hemp Wraps Blunt Soulblime | PIRANHA
       | 32381 t1 huerfana $1490 | Blunt Sabores 1U- Soulblime - CLASICOS MENTA
 d=122 | 31784 t1 huerfana $2990 | BLUNT HEMP WRAPS SABORES - SOULBLIME - BERRY CRUSH
       | 37535 t2 huerfana $1490 | Conos Blunt Kush Hemp x2 - Sabores - Sweet
 d=122 | 31787 t1 huerfana $2990 | BLUNT HEMP WRAPS SABORES - SOULBLIME - SWEET VIBES
       | 37538 t2 huerfana $1490 | Conos Blunt Kush Hemp x2 - Sabores - Berries
 d=125 | 15684 t3 huerfana $1304 | Blunt Wrap Grape Lion Rolling Circus | PIRANHA
       | 17941 t1 prod 10542 $1490 | Blunt Hemp Wrap Gorilla Gl Terpens- Lion Rolling Circus
 d=125 | 32380 t1 huerfana $1490 | Blunt Sabores 1U- Soulblime - CLASICO CITRICO
       | 36231 t2 prod 10623 $1000 | Blunt Soulblime Hemp Wrap x2 - Melón
 d=125 | 32381 t1 huerfana $1490 | Blunt Sabores 1U- Soulblime - CLASICOS MENTA
       | 36231 t2 prod 10623 $1000 | Blunt Soulblime Hemp Wrap x2 - Melón
 d=126 | 11216 t3 prod 10623 $1000 | Hemp Wraps Blunt Soulblime | PIRANHA
       | 32391 t1 huerfana $1490 | Blunt Sabores 1U- Soulblime - TROPICAL MANGO
 d=126 | 31787 t1 huerfana $2990 | BLUNT HEMP WRAPS SABORES - SOULBLIME - SWEET VIBES
       | 37535 t2 huerfana $1490 | Conos Blunt Kush Hemp x2 - Sabores - Sweet
 d=126 | 31788 t1 huerfana $2990 | BLUNT HEMP WRAPS SABORES - SOULBLIME - TROPICAL SUMMER
       | 37538 t2 huerfana $1490 | Conos Blunt Kush Hemp x2 - Sabores - Berries
 d=127 | 32392 t1 huerfana $1490 | Blunt Sabores 1U- Soulblime - TROPICAL SANDIA
       | 36228 t2 huerfana $1000 | Blunt Soulblime Hemp Wrap x2 - Sandia
 d=127 | 32393 t1 huerfana $1490 | Blunt Sabores 1U- Soulblime - FRUTALES UVA
       | 36219 t2 prod 10623 $1000 | Blunt Soulblime Hemp Wrap x2 - Banana
 d=129 | 2085 t2 huerfana $1490 | Conos Blunt Kush Hemp x2 - Sabores
       | 31788 t1 huerfana $2990 | BLUNT HEMP WRAPS SABORES - SOULBLIME - TROPICAL SUMMER
 d=129 | 11217 t3 prod 10623 $1000 | Hemp Wraps Blunt Soulblime | PIRANHA
       | 32393 t1 huerfana $1490 | Blunt Sabores 1U- Soulblime - FRUTALES UVA
 d=129 | 11217 t3 prod 10623 $1000 | Hemp Wraps Blunt Soulblime | PIRANHA
       | 36234 t2 huerfana $1000 | Blunt Soulblime Hemp Wrap x2 - Miel
 d=129 | 19562 t2 prod 10623 $1000 | Blunt Soulblime Hemp Wrap x2
       | 32392 t1 huerfana $1490 | Blunt Sabores 1U- Soulblime - TROPICAL SANDIA
 d=129 | 31785 t1 huerfana $2990 | BLUNT HEMP WRAPS SABORES - SOULBLIME - CHOCOMINT
       | 37538 t2 huerfana $1490 | Conos Blunt Kush Hemp x2 - Sabores - Berries
 d=129 | 31787 t1 huerfana $2990 | BLUNT HEMP WRAPS SABORES - SOULBLIME - SWEET VIBES
       | 37536 t2 huerfana $1490 | Conos Blunt Kush Hemp x2 - Sabores - Lemonade
 d=129 | 31788 t1 huerfana $2990 | BLUNT HEMP WRAPS SABORES - SOULBLIME - TROPICAL SUMMER
       | 37534 t2 huerfana $1490 | Conos Blunt Kush Hemp x2 - Sabores - Original
 d=129 | 31788 t1 huerfana $2990 | BLUNT HEMP WRAPS SABORES - SOULBLIME - TROPICAL SUMMER
       | 37536 t2 huerfana $1490 | Conos Blunt Kush Hemp x2 - Sabores - Lemonade
 d=129 | 32382 t1 huerfana $1490 | Blunt Sabores 1U- Soulblime - CLASICOS ORIGINAL
       | 36234 t2 huerfana $1000 | Blunt Soulblime Hemp Wrap x2 - Miel
 d=129 | 32391 t1 huerfana $1490 | Blunt Sabores 1U- Soulblime - TROPICAL MANGO
       | 36231 t2 prod 10623 $1000 | Blunt Soulblime Hemp Wrap x2 - Melón
 d=129 | 32392 t1 huerfana $1490 | Blunt Sabores 1U- Soulblime - TROPICAL SANDIA
       | 36217 t2 huerfana $1000 | Blunt Soulblime Hemp Wrap x2 - Algodón de Azúcar
 d=129 | 32392 t1 huerfana $1490 | Blunt Sabores 1U- Soulblime - TROPICAL SANDIA
       | 36230 t2 huerfana $1000 | Blunt Soulblime Hemp Wrap x2 - Vainilla
 d=130 | 2085 t2 huerfana $1490 | Conos Blunt Kush Hemp x2 - Sabores
       | 31785 t1 huerfana $2990 | BLUNT HEMP WRAPS SABORES - SOULBLIME - CHOCOMINT
 d=130 | 15684 t3 huerfana $1304 | Blunt Wrap Grape Lion Rolling Circus | PIRANHA
       | 18033 t1 prod 10544 $1490 | Hemp Wrap Terpenes Tangie - Lion Rolling Circus
 d=130 | 31785 t1 huerfana $2990 | BLUNT HEMP WRAPS SABORES - SOULBLIME - CHOCOMINT
       | 37534 t2 huerfana $1490 | Conos Blunt Kush Hemp x2 - Sabores - Original
 d=130 | 31785 t1 huerfana $2990 | BLUNT HEMP WRAPS SABORES - SOULBLIME - CHOCOMINT
       | 37536 t2 huerfana $1490 | Conos Blunt Kush Hemp x2 - Sabores - Lemonade
 d=130 | 32382 t1 huerfana $1490 | Blunt Sabores 1U- Soulblime - CLASICOS ORIGINAL
       | 36233 t2 prod 10623 $1000 | Blunt Soulblime Hemp Wrap x2 - Original
 d=130 | 32388 t1 huerfana $1490 | Blunt Sabores 1U- Soulblime - EXTRA DULCES CHERRY
       | 36220 t2 huerfana $1000 | Blunt Soulblime Hemp Wrap x2 - Cherry
 d=131 | 12414 t1 prod 10388 $1490 | Blunt Sabores 1U- Soulblime
       | 36224 t2 huerfana $1000 | Blunt Soulblime Hemp Wrap x2 - Durazno
 d=131 | 31785 t1 huerfana $2990 | BLUNT HEMP WRAPS SABORES - SOULBLIME - CHOCOMINT
       | 37535 t2 huerfana $1490 | Conos Blunt Kush Hemp x2 - Sabores - Sweet
 d=131 | 32380 t1 huerfana $1490 | Blunt Sabores 1U- Soulblime - CLASICO CITRICO
       | 36224 t2 huerfana $1000 | Blunt Soulblime Hemp Wrap x2 - Durazno
 d=131 | 32381 t1 huerfana $1490 | Blunt Sabores 1U- Soulblime - CLASICOS MENTA
       | 36224 t2 huerfana $1000 | Blunt Soulblime Hemp Wrap x2 - Durazno
 d=132 | 15929 t3 huerfana $1304 | Blunt Wrap Bubble Gum Lion Rolling Circus | PIRANHA
       | 17943 t1 prod 10654 $1490 | Blunt Hemp Wrap Strawberry Terpenes- Lion Rolling Circu
 d=132 | 31788 t1 huerfana $2990 | BLUNT HEMP WRAPS SABORES - SOULBLIME - TROPICAL SUMMER
       | 37535 t2 huerfana $1490 | Conos Blunt Kush Hemp x2 - Sabores - Sweet
 d=133 | 11216 t3 prod 10623 $1000 | Hemp Wraps Blunt Soulblime | PIRANHA
       | 32387 t1 huerfana $1490 | Blunt Sabores 1U- Soulblime - EXTRA DULCES ALGODON DE A
 d=133 | 15958 t3 huerfana $1304 | Blunt Wrap Tequila Lion Rolling Circus | PIRANHA
       | 17943 t1 prod 10654 $1490 | Blunt Hemp Wrap Strawberry Terpenes- Lion Rolling Circu
 d=133 | 32384 t1 huerfana $1490 | Blunt Sabores 1U- Soulblime - DULCE MIX CHICLE
       | 36225 t2 huerfana $1000 | Blunt Soulblime Hemp Wrap x2 - Frutilla
 d=134 | 11216 t3 prod 10623 $1000 | Hemp Wraps Blunt Soulblime | PIRANHA
       | 32382 t1 huerfana $1490 | Blunt Sabores 1U- Soulblime - CLASICOS ORIGINAL
 d=134 | 32395 t1 huerfana $1490 | Blunt Sabores 1U- Soulblime - FRUTALES FRUTILLA
       | 36224 t2 huerfana $1000 | Blunt Soulblime Hemp Wrap x2 - Durazno
 d=135 | 11217 t3 prod 10623 $1000 | Hemp Wraps Blunt Soulblime | PIRANHA
       | 32389 t1 huerfana $1490 | Blunt Sabores 1U- Soulblime - EXTRA DULCES MIEL
 d=135 | 32382 t1 huerfana $1490 | Blunt Sabores 1U- Soulblime - CLASICOS ORIGINAL
       | 36231 t2 prod 10623 $1000 | Blunt Soulblime Hemp Wrap x2 - Melón
 d=135 | 32387 t1 huerfana $1490 | Blunt Sabores 1U- Soulblime - EXTRA DULCES ALGODON DE A
       | 36219 t2 prod 10623 $1000 | Blunt Soulblime Hemp Wrap x2 - Banana
 d=135 | 32389 t1 huerfana $1490 | Blunt Sabores 1U- Soulblime - EXTRA DULCES MIEL
       | 36219 t2 prod 10623 $1000 | Blunt Soulblime Hemp Wrap x2 - Banana
 d=135 | 32395 t1 huerfana $1490 | Blunt Sabores 1U- Soulblime - FRUTALES FRUTILLA
       | 36229 t2 huerfana $1000 | Blunt Soulblime Hemp Wrap x2 - Uva
 d=136 | 11217 t3 prod 10623 $1000 | Hemp Wraps Blunt Soulblime | PIRANHA
       | 36217 t2 huerfana $1000 | Blunt Soulblime Hemp Wrap x2 - Algodón de Azúcar
 d=136 | 11217 t3 prod 10623 $1000 | Hemp Wraps Blunt Soulblime | PIRANHA
       | 36230 t2 huerfana $1000 | Blunt Soulblime Hemp Wrap x2 - Vainilla
 d=136 | 19562 t2 prod 10623 $1000 | Blunt Soulblime Hemp Wrap x2
       | 32386 t1 huerfana $1490 | Blunt Sabores 1U- Soulblime - DULCE MIX VAINILLA
 d=136 | 32386 t1 huerfana $1490 | Blunt Sabores 1U- Soulblime - DULCE MIX VAINILLA
       | 36217 t2 huerfana $1000 | Blunt Soulblime Hemp Wrap x2 - Algodón de Azúcar
 d=136 | 32386 t1 huerfana $1490 | Blunt Sabores 1U- Soulblime - DULCE MIX VAINILLA
       | 36230 t2 huerfana $1000 | Blunt Soulblime Hemp Wrap x2 - Vainilla
 d=136 | 32387 t1 huerfana $1490 | Blunt Sabores 1U- Soulblime - EXTRA DULCES ALGODON DE A
       | 36231 t2 prod 10623 $1000 | Blunt Soulblime Hemp Wrap x2 - Melón
 d=137 | 11217 t3 prod 10623 $1000 | Hemp Wraps Blunt Soulblime | PIRANHA
       | 32387 t1 huerfana $1490 | Blunt Sabores 1U- Soulblime - EXTRA DULCES ALGODON DE A
 d=137 | 32391 t1 huerfana $1490 | Blunt Sabores 1U- Soulblime - TROPICAL MANGO
       | 36224 t2 huerfana $1000 | Blunt Soulblime Hemp Wrap x2 - Durazno
 d=138 | 3327 t3 prod 5707 $2990 | Conos Pre-Enrolados Blazy Susan 1 1/4 6u Purple | PIRAN
       | 13263 t2 huerfana $14990 | Shine®​ 24K Cono de Oro King Size + 2 Conos Blaze hemp
 d=138 | 32391 t1 huerfana $1490 | Blunt Sabores 1U- Soulblime - TROPICAL MANGO
       | 36219 t2 prod 10623 $1000 | Blunt Soulblime Hemp Wrap x2 - Banana
 d=139 | 11216 t3 prod 10623 $1000 | Hemp Wraps Blunt Soulblime | PIRANHA
       | 36224 t2 huerfana $1000 | Blunt Soulblime Hemp Wrap x2 - Durazno
 d=140 | 11217 t3 prod 10623 $1000 | Hemp Wraps Blunt Soulblime | PIRANHA
       | 32391 t1 huerfana $1490 | Blunt Sabores 1U- Soulblime - TROPICAL MANGO

===== Contenedores y estuches: 671 ofertas con imagen =====
hashes ok: 671 | errores: 0
59 pares candidatos (distancia Hamming <= 140/512)
*d=  0 | 3739 t2 prod 5965 $1590 | Porta Papelillo RAW 1 1/4
       | 31911 t1 huerfana $1490 | PORTA PAPELILLOS METALICOS 1 1/4- RAW - NATURAL
*d= 11 | 816 t1 huerfana $21990 | Jar Blanco Gold Ink 4Oz-Bonglab Re: Stash
       | 35302 t2 huerfana $23990 | BongLab Contenedor Re:Stash 4oz - Dorado
*d= 13 | 11261 t3 prod 10490 $24833 | Bolso Anti Olor Dime Bags The Boss con Candado 25cm | P
       | 34460 t2 huerfana $35990 | Dime Bags Estuche The Boss Con Clave Anti-Olor 25cm - C
*d= 15 | 32125 t1 huerfana $3490 | Contenedor Extractos Clear Tapa Blanca 4Ml-Bonglab - TA
       | 34972 t2 huerfana $2990 | Bonglab Contenedor De Extractos 4ml - Negro
*d= 16 | 12541 t1 prod 5782 $41990 | Bolso Muslera Con Clave Sand-Ozeta
       | 37073 t2 huerfana $48990 | Ozeta Muslera Con Clave - Anti Olor - Sand
*d= 16 | 15944 t3 prod 10488 $19752 | Estuche Anti Olor Dime Bags The Collector con Candado 2
       | 34576 t2 huerfana $29990 | Dime Bags Estuche Collector Con Clave Anti-Olor 30cm - 
*d= 20 | 15846 t3 prod 10489 $24592 | Estuche Anti Olor Dime Bags The Collector con Candado 3
       | 34570 t2 huerfana $25990 | Dime Bags Estuche Collector Con Clave Anti-Olor 22cm - 
*d= 21 | 860 t3 prod 5782 $48990 | Muslera c/clave
       | 37073 t2 huerfana $48990 | Ozeta Muslera Con Clave - Anti Olor - Sand
*d= 21 | 3224 t4 huerfana $6300 | Lata de Ocultación【contenedor】discreta - Varios diseños
       | 37040 t2 huerfana $6990 | Latas de Ocultación - Distintas comidas - Mushroom Soup
*d= 26 | 31296 t1 huerfana $44990 | Bolso 4X4 Con Clave -Ozeta - Rosa
       | 33914 t2 huerfana $42990 | Ozeta Chestbag 4x4 con clave - Anti-olor - Rosado
*d= 31 | 687 t3 prod 7885 $19593 | Estuche Ywiwis Gollo - OZeta | PIRANHA
       | 32848 t1 huerfana $27990 | Bolso Ywiwis Antiolor-Ozeta - GOLLO
*d= 36 | 11052 t3 prod 10697 $19593 | Estuche Ywiwis Lola - OZeta | PIRANHA
       | 36123 t2 huerfana $27990 | Ozeta Estuches Ywiwis Anti - Olor - Lola
*d= 39 | 12181 t1 prod 5760 $3990 | Contenedor Extractos Clear Tapa Blanca 4Ml-Bonglab
       | 34971 t2 huerfana $2990 | Bonglab Contenedor De Extractos 4ml - Blanco
*d= 39 | 32124 t1 huerfana $3490 | Contenedor Extractos Clear Tapa Blanca 4Ml-Bonglab - TA
       | 34971 t2 huerfana $2990 | Bonglab Contenedor De Extractos 4ml - Blanco
*d= 41 | 2141 t2 prod 5965 $1990 | Porta Papelillo RAW Black 1 1/4
       | 31910 t1 huerfana $1990 | PORTA PAPELILLOS METALICOS 1 1/4- RAW - Negro
*d= 41 | 15850 t3 prod 10491 $22393 | Bolso Anti Olor Dime Bags The Boss con Candado 20cm | P
       | 34454 t2 huerfana $31990 | Dime Bags Estuche The Boss Con Clave Anti-Olor 20cm - V
 d= 87 | 11168 t3 prod 5760 $2990 | Contenedor Extracciones Al Vacío Redondo Bonglab Negro 
       | 32122 t1 huerfana $2990 | Contenedor de Pyrex para Extractos 3 cm - Transparente
 d= 93 | 742 t1 huerfana $2990 | Contenedor de Pyrex para Extractos 3 cm
       | 11168 t3 prod 5760 $2990 | Contenedor Extracciones Al Vacío Redondo Bonglab Negro 
 d= 93 | 11168 t3 prod 5760 $2990 | Contenedor Extracciones Al Vacío Redondo Bonglab Negro 
       | 32123 t1 huerfana $3990 | Contenedor de Pyrex para Extractos 3 cm - Negro
 d=102 | 12233 t1 huerfana $9990 | Contenedor 11,6 Oz Tapa Negra Base Negra-Secret Stash
       | 37155 t2 huerfana $17143 | Contenedor Fumetas Stash Premium 9oz - Rosado
 d=106 | 12233 t1 huerfana $9990 | Contenedor 11,6 Oz Tapa Negra Base Negra-Secret Stash
       | 35223 t2 huerfana $3990 | Airtight Contenedor Full Solid 120ml - Negro
 d=106 | 12233 t1 huerfana $9990 | Contenedor 11,6 Oz Tapa Negra Base Negra-Secret Stash
       | 35229 t2 huerfana $4990 | Airtight Contenedor Full Solid 300ml - Negro
 d=107 | 12233 t1 huerfana $9990 | Contenedor 11,6 Oz Tapa Negra Base Negra-Secret Stash
       | 13445 t2 huerfana $3590 | Airtight Contenedor al vacío 60ml
 d=107 | 12233 t1 huerfana $9990 | Contenedor 11,6 Oz Tapa Negra Base Negra-Secret Stash
       | 13446 t2 huerfana $6290 | Airtight Contenedor Full Solid 650ml
 d=107 | 12233 t1 huerfana $9990 | Contenedor 11,6 Oz Tapa Negra Base Negra-Secret Stash
       | 35233 t2 huerfana $3590 | Airtight Contenedor al vacío 60ml - Negro
 d=107 | 12233 t1 huerfana $9990 | Contenedor 11,6 Oz Tapa Negra Base Negra-Secret Stash
       | 35236 t2 huerfana $6290 | Airtight Contenedor Full Solid 650ml - Negro
 d=114 | 12233 t1 huerfana $9990 | Contenedor 11,6 Oz Tapa Negra Base Negra-Secret Stash
       | 35224 t2 huerfana $3990 | Airtight Contenedor Full Solid 120ml - Morado
 d=114 | 12233 t1 huerfana $9990 | Contenedor 11,6 Oz Tapa Negra Base Negra-Secret Stash
       | 35232 t2 huerfana $4990 | Airtight Contenedor Full Solid 300ml - Morado
 d=114 | 32125 t1 huerfana $3490 | Contenedor Extractos Clear Tapa Blanca 4Ml-Bonglab - TA
       | 34971 t2 huerfana $2990 | Bonglab Contenedor De Extractos 4ml - Blanco
 d=116 | 1356 t3 huerfana $11990 | Tubo Case Galaxy Porta Joint
       | 37349 t2 huerfana $11990 | Case Galaxy Contenedor Pre-roll - Plateado
 d=116 | 12233 t1 huerfana $9990 | Contenedor 11,6 Oz Tapa Negra Base Negra-Secret Stash
       | 37158 t2 huerfana $17143 | Contenedor Fumetas Stash Premium 9oz - Morado
 d=117 | 816 t1 huerfana $21990 | Jar Blanco Gold Ink 4Oz-Bonglab Re: Stash
       | 13462 t2 prod 10293 $25990 | BongLab Contenedor Re:Stash 8oz
 d=117 | 816 t1 huerfana $21990 | Jar Blanco Gold Ink 4Oz-Bonglab Re: Stash
       | 35303 t2 huerfana $25990 | BongLab Contenedor Re:Stash 8oz - Verde
 d=120 | 12233 t1 huerfana $9990 | Contenedor 11,6 Oz Tapa Negra Base Negra-Secret Stash
       | 37161 t2 huerfana $17143 | Contenedor Fumetas Stash Premium 9oz - Dorado
 d=121 | 12233 t1 huerfana $9990 | Contenedor 11,6 Oz Tapa Negra Base Negra-Secret Stash
       | 37156 t2 huerfana $17143 | Contenedor Fumetas Stash Premium 9oz - Blanco
 d=123 | 12193 t1 prod 10292 $21990 | Jar Verde 4Oz-Bonglab Re: Stash
       | 35303 t2 huerfana $25990 | BongLab Contenedor Re:Stash 8oz - Verde
 d=126 | 12181 t1 prod 5760 $3990 | Contenedor Extractos Clear Tapa Blanca 4Ml-Bonglab
       | 34972 t2 huerfana $2990 | Bonglab Contenedor De Extractos 4ml - Negro
 d=126 | 12187 t1 prod 10294 $29990 | Jar Negro 12Oz-Bonglab Re: Stash
       | 35287 t2 huerfana $29990 | BongLab Contenedor Re:Stash 12oz - Celeste
 d=126 | 32124 t1 huerfana $3490 | Contenedor Extractos Clear Tapa Blanca 4Ml-Bonglab - TA
       | 34972 t2 huerfana $2990 | Bonglab Contenedor De Extractos 4ml - Negro
 d=127 | 12233 t1 huerfana $9990 | Contenedor 11,6 Oz Tapa Negra Base Negra-Secret Stash
       | 37159 t2 huerfana $17143 | Contenedor Fumetas Stash Premium 9oz - Azul
 d=128 | 417 t1 prod 10522 $21990 | Jar Rosado 4Oz-Bonglab Re: Stash
       | 35301 t2 huerfana $23990 | BongLab Contenedor Re:Stash 4oz - Verde Cedro
 d=129 | 12189 t1 prod 10293 $25990 | Jar Negro 8Oz-Bonglab Re: Stash
       | 35303 t2 huerfana $25990 | BongLab Contenedor Re:Stash 8oz - Verde
 d=130 | 13241 t2 huerfana $42990 | Ozeta 4×4 Chestbag con clave XL - Anti-olor
       | 31298 t1 huerfana $37990 | Bolso 4X4 Con Clave -Ozeta - Negro
 d=131 | 3224 t4 huerfana $6300 | Lata de Ocultación【contenedor】discreta - Varios diseños
       | 20009 t2 huerfana $6990 | Latas de Ocultación - Distintas comidas
 d=131 | 3224 t4 huerfana $6300 | Lata de Ocultación【contenedor】discreta - Varios diseños
       | 37041 t2 huerfana $6990 | Latas de Ocultación - Distintas comidas - Ravioli
 d=132 | 12192 t1 prod 10295 $35990 | Jar Verde 16Oz-Bonglab Re: Stash
       | 35287 t2 huerfana $29990 | BongLab Contenedor Re:Stash 12oz - Celeste
 d=133 | 797 t1 prod 5965 $2990 | CAJITA METALICA PARA PREENROLADOS 1 1/4-RAW
       | 2028 t2 huerfana $3890 | Raw Cajita Metálica para Pre-Enrolados King Size
 d=133 | 12233 t1 huerfana $9990 | Contenedor 11,6 Oz Tapa Negra Base Negra-Secret Stash
       | 37160 t2 huerfana $17143 | Contenedor Fumetas Stash Premium 9oz - Gris
 d=136 | 2678 t1 prod 10292 $21990 | Jar Ocean Tie Dye 4Oz-Bonglab Re: Stash
       | 13469 t2 huerfana $27990 | Cookies Contenedor Re:Stash 4oz
 d=136 | 12233 t1 huerfana $9990 | Contenedor 11,6 Oz Tapa Negra Base Negra-Secret Stash
       | 35230 t2 huerfana $4990 | Airtight Contenedor Full Solid 300ml - Verde Agua
 d=137 | 742 t1 huerfana $2990 | Contenedor de Pyrex para Extractos 3 cm
       | 11051 t3 prod 10696 $19593 | Estuche Ywiwis Ina - OZeta | PIRANHA
 d=137 | 11051 t3 prod 10696 $19593 | Estuche Ywiwis Ina - OZeta | PIRANHA
       | 32123 t1 huerfana $3990 | Contenedor de Pyrex para Extractos 3 cm - Negro
 d=138 | 3224 t4 huerfana $6300 | Lata de Ocultación【contenedor】discreta - Varios diseños
       | 37039 t2 huerfana $6990 | Latas de Ocultación - Distintas comidas - Vegetable Sou
 d=138 | 12233 t1 huerfana $9990 | Contenedor 11,6 Oz Tapa Negra Base Negra-Secret Stash
       | 37157 t2 huerfana $17143 | Contenedor Fumetas Stash Premium 9oz - Negro
 d=138 | 22143 t4 huerfana $1000 | Tubos Guarda Pitos SoulBlime
       | 37663 t2 huerfana $20990 | Pulsar Kit Nectar Contenedor - Tie Dye
 d=139 | 12233 t1 huerfana $9990 | Contenedor 11,6 Oz Tapa Negra Base Negra-Secret Stash
       | 35231 t2 huerfana $4990 | Airtight Contenedor Full Solid 300ml - Rosado
 d=139 | 15944 t3 prod 10488 $19752 | Estuche Anti Olor Dime Bags The Collector con Candado 2
       | 34574 t2 huerfana $29990 | Dime Bags Estuche Collector Con Clave Anti-Olor 30cm - 
 d=140 | 12189 t1 prod 10293 $25990 | Jar Negro 8Oz-Bonglab Re: Stash
       | 35287 t2 huerfana $29990 | BongLab Contenedor Re:Stash 12oz - Celeste
 d=140 | 15944 t3 prod 10488 $19752 | Estuche Anti Olor Dime Bags The Collector con Candado 2
       | 34571 t2 huerfana $25990 | Dime Bags Estuche Collector Con Clave Anti-Olor 22cm - 

===== Encendedores y sopletes: 1042 ofertas con imagen =====
oferta 2: hash fallido (Error: Input buffer contains unsupported image format)
oferta 5: hash fallido (Error: Input buffer contains unsupported image format)
oferta 7: hash fallido (Error: Input buffer contains unsupported image format)
oferta 91: hash fallido (Error: Input buffer contains unsupported image format)
hashes ok: 1038 | errores: 4
1786 pares candidatos (distancia Hamming <= 140/512)
*d=  1 | 33044 t1 prod 10667 $19990 | Soplete Phantom -Ignite - Negro
       | 38364 t3 huerfana $14243 | Encendedor Soplete Ignite Phantom | PIRANHA
*d=  2 | 33038 t1 huerfana $21990 | Soplete Compact -Ignite - Rosa
       | 34313 t2 huerfana $23990 | Soplete Compact Ignite - Rosado
*d=  2 | 34288 t2 prod 10667 $20990 | Ignite Soplete Phantom - Negro
       | 38364 t3 huerfana $14243 | Encendedor Soplete Ignite Phantom | PIRANHA
*d=  3 | 33039 t1 prod 10665 $21990 | Soplete Compact -Ignite - Blanco
       | 38358 t3 huerfana $14993 | Encendedor Soplete Ignite Compact | PIRANHA
*d=  3 | 34311 t2 prod 10665 $23990 | Soplete Compact Ignite - Blanco
       | 38358 t3 huerfana $14993 | Encendedor Soplete Ignite Compact | PIRANHA
*d=  9 | 13679 t2 huerfana $34990 | Special Blue Soplete Monster Pro Doble Llama - Toolbox
       | 32568 t1 huerfana $32990 | Soplete Monster Pro Doble Llama -Calvo Glass - Morado
*d=  9 | 32568 t1 huerfana $32990 | Soplete Monster Pro Doble Llama -Calvo Glass - Morado
       | 35650 t2 huerfana $34990 | Special Blue Soplete Monster Pro Doble Llama - Toolbox 
*d= 13 | 32567 t1 huerfana $32990 | Soplete Monster Pro Doble Llama -Calvo Glass - azul
       | 35652 t2 huerfana $34990 | Special Blue Soplete Monster Pro Doble Llama - Toolbox 
*d= 15 | 13679 t2 huerfana $34990 | Special Blue Soplete Monster Pro Doble Llama - Toolbox
       | 32567 t1 huerfana $32990 | Soplete Monster Pro Doble Llama -Calvo Glass - azul
*d= 15 | 32567 t1 huerfana $32990 | Soplete Monster Pro Doble Llama -Calvo Glass - azul
       | 35650 t2 huerfana $34990 | Special Blue Soplete Monster Pro Doble Llama - Toolbox 
*d= 17 | 2049 t2 prod 5724 $1592 | Encendedor Clipper Jet Flame Horror Zoo
       | 2523 t1 huerfana $36990 | Encendedor Jet Flame Jet Horror Zoo 24U- Clipper
*d= 17 | 32568 t1 huerfana $32990 | Soplete Monster Pro Doble Llama -Calvo Glass - Morado
       | 35652 t2 huerfana $34990 | Special Blue Soplete Monster Pro Doble Llama - Toolbox 
*d= 19 | 812 t1 huerfana $36990 | Encendedor Jet Flame Jet Cozy Skull 24U- Clipper
       | 2067 t2 prod 5724 $1590 | Encendedor Clipper Jet Flame CozySkulls
*d= 24 | 872 t3 prod 5727 $4990 | Encendedor Zengaz Jet Flame ZL-12
       | 35455 t2 huerfana $4490 | Zengaz Encendedor Soplete Space 2 - 1
*d= 24 | 872 t3 prod 5727 $4990 | Encendedor Zengaz Jet Flame ZL-12
       | 35456 t2 huerfana $4490 | Zengaz Encendedor Soplete Space 2 - 2
*d= 24 | 872 t3 prod 5727 $4990 | Encendedor Zengaz Jet Flame ZL-12
       | 35457 t2 huerfana $4490 | Zengaz Encendedor Soplete Space 2 - 3
*d= 24 | 872 t3 prod 5727 $4990 | Encendedor Zengaz Jet Flame ZL-12
       | 35458 t2 huerfana $4490 | Zengaz Encendedor Soplete Space 2 - 4
*d= 24 | 32569 t1 huerfana $32990 | Soplete Monster Pro Doble Llama -Calvo Glass - Rojo
       | 35651 t2 huerfana $34990 | Special Blue Soplete Monster Pro Doble Llama - Toolbox 
*d= 26 | 33038 t1 huerfana $21990 | Soplete Compact -Ignite - Rosa
       | 34314 t2 prod 10665 $23990 | Soplete Compact Ignite - Verde
*d= 29 | 13137 t2 prod 10310 $2990 | Special Blue Encendedor Soplete Mini Rubber 2.0
       | 32148 t1 huerfana $2990 | Soplete Mini Rubber 2.0 -Calvo Glass - Verde
*d= 29 | 32148 t1 huerfana $2990 | Soplete Mini Rubber 2.0 -Calvo Glass - Verde
       | 33875 t2 huerfana $2990 | Special Blue Encendedor Soplete Mini Rubber 2.0 - Verde
*d= 29 | 32149 t1 huerfana $2990 | Soplete Mini Rubber 2.0 -Calvo Glass - ORANGE
       | 33876 t2 huerfana $2990 | Special Blue Encendedor Soplete Mini Rubber 2.0 - Naran
*d= 29 | 33033 t1 huerfana $21990 | Soplete Compact -Ignite - Amarillo
       | 34313 t2 huerfana $23990 | Soplete Compact Ignite - Rosado
*d= 29 | 33035 t1 prod 10665 $21990 | Soplete Compact -Ignite - Azul
       | 38358 t3 huerfana $14993 | Encendedor Soplete Ignite Compact | PIRANHA
*d= 29 | 34312 t2 prod 10665 $23990 | Soplete Compact Ignite - Azul
       | 38358 t3 huerfana $14993 | Encendedor Soplete Ignite Compact | PIRANHA
*d= 30 | 765 t1 prod 10310 $2990 | Soplete Mini Rubber 2.0 -Calvo Glass
       | 33876 t2 huerfana $2990 | Special Blue Encendedor Soplete Mini Rubber 2.0 - Naran
*d= 30 | 32147 t1 huerfana $2990 | Soplete Mini Rubber 2.0 -Calvo Glass - Azul
       | 33876 t2 huerfana $2990 | Special Blue Encendedor Soplete Mini Rubber 2.0 - Naran
*d= 31 | 33033 t1 huerfana $21990 | Soplete Compact -Ignite - Amarillo
       | 34314 t2 prod 10665 $23990 | Soplete Compact Ignite - Verde
*d= 33 | 765 t1 prod 10310 $2990 | Soplete Mini Rubber 2.0 -Calvo Glass
       | 33874 t2 huerfana $2990 | Special Blue Encendedor Soplete Mini Rubber 2.0 - Celes
*d= 33 | 32147 t1 huerfana $2990 | Soplete Mini Rubber 2.0 -Calvo Glass - Azul
       | 33874 t2 huerfana $2990 | Special Blue Encendedor Soplete Mini Rubber 2.0 - Celes
*d= 34 | 32149 t1 huerfana $2990 | Soplete Mini Rubber 2.0 -Calvo Glass - ORANGE
       | 33874 t2 huerfana $2990 | Special Blue Encendedor Soplete Mini Rubber 2.0 - Celes
*d= 35 | 32150 t1 huerfana $2990 | Soplete Mini Rubber 2.0 -Calvo Glass - Rojo
       | 33873 t2 huerfana $2990 | Special Blue Encendedor Soplete Mini Rubber 2.0 - Rojo
*d= 37 | 32568 t1 huerfana $32990 | Soplete Monster Pro Doble Llama -Calvo Glass - Morado
       | 35651 t2 huerfana $34990 | Special Blue Soplete Monster Pro Doble Llama - Toolbox 
*d= 39 | 32567 t1 huerfana $32990 | Soplete Monster Pro Doble Llama -Calvo Glass - azul
       | 35651 t2 huerfana $34990 | Special Blue Soplete Monster Pro Doble Llama - Toolbox 
*d= 40 | 32569 t1 huerfana $32990 | Soplete Monster Pro Doble Llama -Calvo Glass - Rojo
       | 35652 t2 huerfana $34990 | Special Blue Soplete Monster Pro Doble Llama - Toolbox 
*d= 40 | 33036 t1 prod 10665 $21990 | Soplete Compact -Ignite - Verde
       | 34313 t2 huerfana $23990 | Soplete Compact Ignite - Rosado
*d= 41 | 33045 t1 prod 10667 $19990 | Soplete Phantom -Ignite - Rojo
       | 38364 t3 huerfana $14243 | Encendedor Soplete Ignite Phantom | PIRANHA
*d= 43 | 32900 t1 huerfana $16990 | Soplete X-Mini -Ignite - Rosa
       | 34268 t2 huerfana $17990 | Ignite Soplete X-Mini - Rosado
*d= 43 | 34289 t2 prod 10667 $20990 | Ignite Soplete Phantom - Rojo
       | 38364 t3 huerfana $14243 | Encendedor Soplete Ignite Phantom | PIRANHA
*d= 44 | 13679 t2 huerfana $34990 | Special Blue Soplete Monster Pro Doble Llama - Toolbox
       | 32569 t1 huerfana $32990 | Soplete Monster Pro Doble Llama -Calvo Glass - Rojo
*d= 44 | 32569 t1 huerfana $32990 | Soplete Monster Pro Doble Llama -Calvo Glass - Rojo
       | 35650 t2 huerfana $34990 | Special Blue Soplete Monster Pro Doble Llama - Toolbox 
*d= 44 | 33037 t1 huerfana $21990 | Soplete Compact -Ignite - ORANGE
       | 34312 t2 prod 10665 $23990 | Soplete Compact Ignite - Azul
*d= 46 | 765 t1 prod 10310 $2990 | Soplete Mini Rubber 2.0 -Calvo Glass
       | 33873 t2 huerfana $2990 | Special Blue Encendedor Soplete Mini Rubber 2.0 - Rojo
*d= 46 | 32147 t1 huerfana $2990 | Soplete Mini Rubber 2.0 -Calvo Glass - Azul
       | 33873 t2 huerfana $2990 | Special Blue Encendedor Soplete Mini Rubber 2.0 - Rojo
*d= 46 | 33035 t1 prod 10665 $21990 | Soplete Compact -Ignite - Azul
       | 34313 t2 huerfana $23990 | Soplete Compact Ignite - Rosado
*d= 46 | 33037 t1 huerfana $21990 | Soplete Compact -Ignite - ORANGE
       | 34313 t2 huerfana $23990 | Soplete Compact Ignite - Rosado
*d= 46 | 33038 t1 huerfana $21990 | Soplete Compact -Ignite - Rosa
       | 34312 t2 prod 10665 $23990 | Soplete Compact Ignite - Azul
*d= 48 | 32148 t1 huerfana $2990 | Soplete Mini Rubber 2.0 -Calvo Glass - Verde
       | 33874 t2 huerfana $2990 | Special Blue Encendedor Soplete Mini Rubber 2.0 - Celes
*d= 50 | 33037 t1 huerfana $21990 | Soplete Compact -Ignite - ORANGE
       | 34314 t2 prod 10665 $23990 | Soplete Compact Ignite - Verde
*d= 52 | 33037 t1 huerfana $21990 | Soplete Compact -Ignite - ORANGE
       | 34311 t2 prod 10665 $23990 | Soplete Compact Ignite - Blanco
*d= 52 | 33039 t1 prod 10665 $21990 | Soplete Compact -Ignite - Blanco
       | 34313 t2 huerfana $23990 | Soplete Compact Ignite - Rosado
*d= 53 | 32148 t1 huerfana $2990 | Soplete Mini Rubber 2.0 -Calvo Glass - Verde
       | 33873 t2 huerfana $2990 | Special Blue Encendedor Soplete Mini Rubber 2.0 - Rojo
*d= 53 | 32150 t1 huerfana $2990 | Soplete Mini Rubber 2.0 -Calvo Glass - Rojo
       | 33876 t2 huerfana $2990 | Special Blue Encendedor Soplete Mini Rubber 2.0 - Naran
*d= 53 | 33037 t1 huerfana $21990 | Soplete Compact -Ignite - ORANGE
       | 38358 t3 huerfana $14993 | Encendedor Soplete Ignite Compact | PIRANHA
*d= 53 | 34314 t2 prod 10665 $23990 | Soplete Compact Ignite - Verde
       | 38358 t3 huerfana $14993 | Encendedor Soplete Ignite Compact | PIRANHA
*d= 54 | 33038 t1 huerfana $21990 | Soplete Compact -Ignite - Rosa
       | 34311 t2 prod 10665 $23990 | Soplete Compact Ignite - Blanco
*d= 55 | 815 t1 huerfana $3490 | Gas Butano Ultra Refinado X5 Premium-Calvo Glass
       | 13057 t2 prod 10311 $3990 | Gas Butano Special Blue Ultra Refinado 9X 300ml
*d= 55 | 32895 t1 huerfana $14990 | Soplete Phantom Mini-Ignite - Rojo
       | 34265 t2 prod 10663 $15990 | Ignite Soplete Phantom Mini - Negro
*d= 55 | 33038 t1 huerfana $21990 | Soplete Compact -Ignite - Rosa
       | 38358 t3 huerfana $14993 | Encendedor Soplete Ignite Compact | PIRANHA
*d= 55 | 34313 t2 huerfana $23990 | Soplete Compact Ignite - Rosado
       | 38358 t3 huerfana $14993 | Encendedor Soplete Ignite Compact | PIRANHA
*d= 56 | 765 t1 prod 10310 $2990 | Soplete Mini Rubber 2.0 -Calvo Glass
       | 33875 t2 huerfana $2990 | Special Blue Encendedor Soplete Mini Rubber 2.0 - Verde
*d= 56 | 13137 t2 prod 10310 $2990 | Special Blue Encendedor Soplete Mini Rubber 2.0
       | 32147 t1 huerfana $2990 | Soplete Mini Rubber 2.0 -Calvo Glass - Azul
*d= 56 | 32147 t1 huerfana $2990 | Soplete Mini Rubber 2.0 -Calvo Glass - Azul
       | 33875 t2 huerfana $2990 | Special Blue Encendedor Soplete Mini Rubber 2.0 - Verde
*d= 57 | 32149 t1 huerfana $2990 | Soplete Mini Rubber 2.0 -Calvo Glass - ORANGE
       | 33873 t2 huerfana $2990 | Special Blue Encendedor Soplete Mini Rubber 2.0 - Rojo
*d= 58 | 32150 t1 huerfana $2990 | Soplete Mini Rubber 2.0 -Calvo Glass - Rojo
       | 33874 t2 huerfana $2990 | Special Blue Encendedor Soplete Mini Rubber 2.0 - Celes
*d= 59 | 13137 t2 prod 10310 $2990 | Special Blue Encendedor Soplete Mini Rubber 2.0
       | 32149 t1 huerfana $2990 | Soplete Mini Rubber 2.0 -Calvo Glass - ORANGE
*d= 59 | 13137 t2 prod 10310 $2990 | Special Blue Encendedor Soplete Mini Rubber 2.0
       | 32150 t1 huerfana $2990 | Soplete Mini Rubber 2.0 -Calvo Glass - Rojo
*d= 59 | 32148 t1 huerfana $2990 | Soplete Mini Rubber 2.0 -Calvo Glass - Verde
       | 33876 t2 huerfana $2990 | Special Blue Encendedor Soplete Mini Rubber 2.0 - Naran
*d= 59 | 32149 t1 huerfana $2990 | Soplete Mini Rubber 2.0 -Calvo Glass - ORANGE
       | 33875 t2 huerfana $2990 | Special Blue Encendedor Soplete Mini Rubber 2.0 - Verde
*d= 59 | 32150 t1 huerfana $2990 | Soplete Mini Rubber 2.0 -Calvo Glass - Rojo
       | 33875 t2 huerfana $2990 | Special Blue Encendedor Soplete Mini Rubber 2.0 - Verde
 d= 61 | 33035 t1 prod 10665 $21990 | Soplete Compact -Ignite - Azul
       | 39745 t4 huerfana $21600 | Soplete Compact Ignite - GB The Green Brand
 d= 61 | 34312 t2 prod 10665 $23990 | Soplete Compact Ignite - Azul
       | 39745 t4 huerfana $21600 | Soplete Compact Ignite - GB The Green Brand
 d= 62 | 32896 t1 huerfana $16990 | Soplete X-Mini -Ignite - Blanco
       | 34268 t2 huerfana $17990 | Ignite Soplete X-Mini - Rosado
 d= 63 | 33036 t1 prod 10665 $21990 | Soplete Compact -Ignite - Verde
       | 38358 t3 huerfana $14993 | Encendedor Soplete Ignite Compact | PIRANHA
 d= 65 | 12554 t1 prod 10582 $43990 | Encendedor Hig Polish Blue Logo - Zippo
       | 19387 t2 huerfana $44990 | Encendedor Zippo Classic High Polish Purple
 d= 67 | 32902 t1 huerfana $16990 | Soplete X-Mini -Ignite - SKY BLUE
       | 38408 t3 prod 10664 $14392 | Soplete Ignite X-Mini | PIRANHA
 d= 68 | 12583 t1 prod 10661 $14990 | Soplete Rubber Mod Orange-Calvo Glass
       | 35963 t2 huerfana $14990 | Special Blue Soplete Portatil Mod Rubber - Verde
 d= 69 | 19532 t2 huerfana $2990 | Special Blue Encendedor Soplete Mini Clear
       | 32149 t1 huerfana $2990 | Soplete Mini Rubber 2.0 -Calvo Glass - ORANGE
 d= 69 | 32149 t1 huerfana $2990 | Soplete Mini Rubber 2.0 -Calvo Glass - ORANGE
       | 36154 t2 huerfana $2990 | Special Blue Encendedor Soplete Mini Clear - Morado
 d= 69 | 33033 t1 huerfana $21990 | Soplete Compact -Ignite - Amarillo
       | 34312 t2 prod 10665 $23990 | Soplete Compact Ignite - Azul
 d= 70 | 765 t1 prod 10310 $2990 | Soplete Mini Rubber 2.0 -Calvo Glass
       | 19532 t2 huerfana $2990 | Special Blue Encendedor Soplete Mini Clear
 d= 70 | 765 t1 prod 10310 $2990 | Soplete Mini Rubber 2.0 -Calvo Glass
       | 36154 t2 huerfana $2990 | Special Blue Encendedor Soplete Mini Clear - Morado
 d= 70 | 19532 t2 huerfana $2990 | Special Blue Encendedor Soplete Mini Clear
       | 32147 t1 huerfana $2990 | Soplete Mini Rubber 2.0 -Calvo Glass - Azul
 d= 70 | 32147 t1 huerfana $2990 | Soplete Mini Rubber 2.0 -Calvo Glass - Azul
       | 36154 t2 huerfana $2990 | Special Blue Encendedor Soplete Mini Clear - Morado
 d= 71 | 19532 t2 huerfana $2990 | Special Blue Encendedor Soplete Mini Clear
       | 32148 t1 huerfana $2990 | Soplete Mini Rubber 2.0 -Calvo Glass - Verde
 d= 71 | 32148 t1 huerfana $2990 | Soplete Mini Rubber 2.0 -Calvo Glass - Verde
       | 36154 t2 huerfana $2990 | Special Blue Encendedor Soplete Mini Clear - Morado
 d= 72 | 38358 t3 huerfana $14993 | Encendedor Soplete Ignite Compact | PIRANHA
       | 39745 t4 huerfana $21600 | Soplete Compact Ignite - GB The Green Brand
 d= 73 | 33039 t1 prod 10665 $21990 | Soplete Compact -Ignite - Blanco
       | 39745 t4 huerfana $21600 | Soplete Compact Ignite - GB The Green Brand
 d= 73 | 34311 t2 prod 10665 $23990 | Soplete Compact Ignite - Blanco
       | 39745 t4 huerfana $21600 | Soplete Compact Ignite - GB The Green Brand
 d= 75 | 12583 t1 prod 10661 $14990 | Soplete Rubber Mod Orange-Calvo Glass
       | 35962 t2 huerfana $14990 | Special Blue Soplete Portatil Mod Rubber - Rojo
 d= 75 | 33033 t1 huerfana $21990 | Soplete Compact -Ignite - Amarillo
       | 34311 t2 prod 10665 $23990 | Soplete Compact Ignite - Blanco
 d= 75 | 33034 t1 prod 10665 $21990 | Soplete Compact -Ignite - Negro
       | 38358 t3 huerfana $14993 | Encendedor Soplete Ignite Compact | PIRANHA
 d= 75 | 33036 t1 prod 10665 $21990 | Soplete Compact -Ignite - Verde
       | 39745 t4 huerfana $21600 | Soplete Compact Ignite - GB The Green Brand
 d= 76 | 11971 t1 prod 10304 $1000 | Encendedor Clipper Recargable Super Pockets 1 – Diseño 
       | 19623 t2 huerfana $990 | Encendedor Clipper Fruit Strains
 d= 76 | 12243 t1 prod 10705 $1000 | Encendedor Clipper Recargable Kings of Valhala – Diseño
       | 19586 t2 huerfana $990 | Encendedor Clipper Ancient Skulls
 d= 76 | 32902 t1 huerfana $16990 | Soplete X-Mini -Ignite - SKY BLUE
       | 34268 t2 huerfana $17990 | Ignite Soplete X-Mini - Rosado
 d= 76 | 33033 t1 huerfana $21990 | Soplete Compact -Ignite - Amarillo
       | 38358 t3 huerfana $14993 | Encendedor Soplete Ignite Compact | PIRANHA
 d= 77 | 12249 t1 prod 10581 $1000 | Encendedor Clipper Recargable Z-Bunnys – Diseño Surtido
       | 13340 t2 huerfana $990 | Encendedor Clipper Cowboy Life 3
 d= 77 | 18127 t1 prod 10483 $3990 | Soplete Bernie Variedades
       | 35953 t2 huerfana $3990 | Special Blue Encendedor Soplete Bernie Psychedelic - Tr
 d= 77 | 34314 t2 prod 10665 $23990 | Soplete Compact Ignite - Verde
       | 39745 t4 huerfana $21600 | Soplete Compact Ignite - GB The Green Brand
 d= 78 | 1348 t3 prod 5726 $5452 | Encendedor Clipper Metálico | PIRANHA
       | 25366 t2 huerfana $6990 | Encendedor Clipper Metálico Turquoise
 d= 78 | 12248 t1 huerfana $1000 | Encendedor Clipper Recargable Weed Rhyme – Diseño Surti
       | 19890 t2 huerfana $990 | Encendedor Clipper Elephants
 d= 79 | 33037 t1 huerfana $21990 | Soplete Compact -Ignite - ORANGE
       | 34315 t2 prod 10665 $23990 | Soplete Compact Ignite - Negro
 d= 80 | 11968 t1 prod 5725 $1000 | Encendedor Clipper Recargable Horror Days 1 – Diseño Su
       | 13341 t2 huerfana $990 | Encendedor Clipper Cowboy Life 4
 d= 80 | 32148 t1 huerfana $2990 | Soplete Mini Rubber 2.0 -Calvo Glass - Verde
       | 36155 t2 huerfana $2990 | Special Blue Encendedor Soplete Mini Clear - Rosado
 d= 80 | 32149 t1 huerfana $2990 | Soplete Mini Rubber 2.0 -Calvo Glass - ORANGE
       | 36155 t2 huerfana $2990 | Special Blue Encendedor Soplete Mini Clear - Rosado
 d= 80 | 32900 t1 huerfana $16990 | Soplete X-Mini -Ignite - Rosa
       | 38408 t3 prod 10664 $14392 | Soplete Ignite X-Mini | PIRANHA
 d= 81 | 11968 t1 prod 5725 $1000 | Encendedor Clipper Recargable Horror Days 1 – Diseño Su
       | 19626 t2 huerfana $990 | Encendedor Clipper Zombie Gangsters
 d= 81 | 11973 t1 prod 10306 $1000 | Encendedor Clipper Recargable Super Pockets 4 – Diseño 
       | 19623 t2 huerfana $990 | Encendedor Clipper Fruit Strains
 d= 81 | 32899 t1 prod 10664 $18990 | Soplete X-Mini -Ignite - ORANGE
       | 34268 t2 huerfana $17990 | Ignite Soplete X-Mini - Rosado
 d= 83 | 12242 t1 huerfana $1000 | Encendedor Clipper Recargable Green Bait – Diseño Surti
       | 19905 t2 huerfana $990 | Encendedor Clipper Trampolining
 d= 84 | 12243 t1 prod 10705 $1000 | Encendedor Clipper Recargable Kings of Valhala – Diseño
       | 19890 t2 huerfana $990 | Encendedor Clipper Elephants
 d= 84 | 15926 t3 prod 10429 $33990 | Encendedor Zippo Orange Matte
       | 19465 t2 huerfana $32990 | Encendedor Classic Pink Matte Zippo
 d= 85 | 765 t1 prod 10310 $2990 | Soplete Mini Rubber 2.0 -Calvo Glass
       | 36155 t2 huerfana $2990 | Special Blue Encendedor Soplete Mini Clear - Rosado
 d= 85 | 765 t1 prod 10310 $2990 | Soplete Mini Rubber 2.0 -Calvo Glass
       | 36156 t2 huerfana $2990 | Special Blue Encendedor Soplete Mini Clear - Celeste
 d= 85 | 12243 t1 prod 10705 $1000 | Encendedor Clipper Recargable Kings of Valhala – Diseño
       | 19713 t2 huerfana $990 | Encendedor Clipper Tie Die
 d= 85 | 12632 t1 huerfana $44990 | Sunset Black Light Design-Zippo
       | 12959 t2 prod 10427 $33990 | Encendedor Zippo Sugar Skull Design
 d= 85 | 32147 t1 huerfana $2990 | Soplete Mini Rubber 2.0 -Calvo Glass - Azul
       | 36155 t2 huerfana $2990 | Special Blue Encendedor Soplete Mini Clear - Rosado
 d= 85 | 32147 t1 huerfana $2990 | Soplete Mini Rubber 2.0 -Calvo Glass - Azul
       | 36156 t2 huerfana $2990 | Special Blue Encendedor Soplete Mini Clear - Celeste
 d= 86 | 18127 t1 prod 10483 $3990 | Soplete Bernie Variedades
       | 35807 t2 huerfana $3990 | Special Blue Encendedor Soplete Bernie Skull &amp; Rose
 d= 87 | 11968 t1 prod 5725 $1000 | Encendedor Clipper Recargable Horror Days 1 – Diseño Su
       | 19711 t2 huerfana $990 | Encendedor Clipper Terror Pixel
 d= 87 | 11972 t1 prod 10305 $1000 | Encendedor Clipper Recargable Super Pockets 2 – Diseño 
       | 19905 t2 huerfana $990 | Encendedor Clipper Trampolining
 d= 87 | 34313 t2 huerfana $23990 | Soplete Compact Ignite - Rosado
       | 39745 t4 huerfana $21600 | Soplete Compact Ignite - GB The Green Brand
 d= 88 | 11968 t1 prod 5725 $1000 | Encendedor Clipper Recargable Horror Days 1 – Diseño Su
       | 19590 t2 huerfana $990 | Encendedor Clipper Animals Zombies
 d= 88 | 11968 t1 prod 5725 $1000 | Encendedor Clipper Recargable Horror Days 1 – Diseño Su
       | 19722 t2 huerfana $990 | Encendedor Clipper Vintage Cars
 d= 88 | 32494 t1 prod 10673 $6990 | Clipper Encendedor Metálico Metal Peacock
       | 35863 t2 huerfana $6990 | Encendedor Clipper Metálico Peacock - Opaco
 d= 89 | 11971 t1 prod 10304 $1000 | Encendedor Clipper Recargable Super Pockets 1 – Diseño 
       | 19621 t2 huerfana $990 | Encendedor Clipper Forbidden Symbols
 d= 89 | 11972 t1 prod 10305 $1000 | Encendedor Clipper Recargable Super Pockets 2 – Diseño 
       | 13338 t2 huerfana $990 | Encendedor Clipper Cowboy Life 1
 d= 89 | 12240 t1 huerfana $1000 | Encendedor Clipper Recargable Bear Skulls – Diseño Surt
       | 13375 t2 prod 10304 $990 | Encendedor Clipper Super Pocket 1
 d= 89 | 12240 t1 huerfana $1000 | Encendedor Clipper Recargable Bear Skulls – Diseño Surt
       | 13376 t2 prod 10305 $990 | Encendedor Clipper Super Pocket 2
 d= 89 | 18127 t1 prod 10483 $3990 | Soplete Bernie Variedades
       | 35811 t2 huerfana $3990 | Special Blue Encendedor Soplete Bernie Wild &amp; Free 
 d= 89 | 19532 t2 huerfana $2990 | Special Blue Encendedor Soplete Mini Clear
       | 32150 t1 huerfana $2990 | Soplete Mini Rubber 2.0 -Calvo Glass - Rojo
 d= 89 | 32150 t1 huerfana $2990 | Soplete Mini Rubber 2.0 -Calvo Glass - Rojo
       | 36154 t2 huerfana $2990 | Special Blue Encendedor Soplete Mini Clear - Morado
 d= 89 | 33037 t1 huerfana $21990 | Soplete Compact -Ignite - ORANGE
       | 39745 t4 huerfana $21600 | Soplete Compact Ignite - GB The Green Brand
 d= 89 | 33038 t1 huerfana $21990 | Soplete Compact -Ignite - Rosa
       | 39745 t4 huerfana $21600 | Soplete Compact Ignite - GB The Green Brand
 d= 90 | 11973 t1 prod 10306 $1000 | Encendedor Clipper Recargable Super Pockets 4 – Diseño 
       | 19683 t2 huerfana $990 | Encendedor Clipper Psycho Weed
 d= 90 | 11973 t1 prod 10306 $1000 | Encendedor Clipper Recargable Super Pockets 4 – Diseño 
       | 19890 t2 huerfana $990 | Encendedor Clipper Elephants
 d= 90 | 12241 t1 prod 10577 $1000 | Encendedor Clipper Recargable Funny Cupid – Diseño Surt
       | 19621 t2 huerfana $990 | Encendedor Clipper Forbidden Symbols
 d= 90 | 12241 t1 prod 10577 $1000 | Encendedor Clipper Recargable Funny Cupid – Diseño Surt
       | 19731 t2 huerfana $990 | Encendedor Clipper Women’s Day
 d= 90 | 12248 t1 huerfana $1000 | Encendedor Clipper Recargable Weed Rhyme – Diseño Surti
       | 19586 t2 huerfana $990 | Encendedor Clipper Ancient Skulls
 d= 90 | 18127 t1 prod 10483 $3990 | Soplete Bernie Variedades
       | 35809 t2 huerfana $3990 | Special Blue Encendedor Soplete Bernie Wild &amp; Free 
 d= 90 | 33034 t1 prod 10665 $21990 | Soplete Compact -Ignite - Negro
       | 34313 t2 huerfana $23990 | Soplete Compact Ignite - Rosado
 d= 91 | 11972 t1 prod 10305 $1000 | Encendedor Clipper Recargable Super Pockets 2 – Diseño 
       | 19621 t2 huerfana $990 | Encendedor Clipper Forbidden Symbols
 d= 91 | 12240 t1 huerfana $1000 | Encendedor Clipper Recargable Bear Skulls – Diseño Surt
       | 13377 t2 prod 10306 $990 | Encendedor Clipper Super Pocket 4
 d= 91 | 12248 t1 huerfana $1000 | Encendedor Clipper Recargable Weed Rhyme – Diseño Surti
       | 13377 t2 prod 10306 $990 | Encendedor Clipper Super Pocket 4
 d= 91 | 12248 t1 huerfana $1000 | Encendedor Clipper Recargable Weed Rhyme – Diseño Surti
       | 19713 t2 huerfana $990 | Encendedor Clipper Tie Die
 d= 91 | 12249 t1 prod 10581 $1000 | Encendedor Clipper Recargable Z-Bunnys – Diseño Surtido
       | 19590 t2 huerfana $990 | Encendedor Clipper Animals Zombies
 d= 91 | 12304 t1 prod 10576 $1000 | Encendedor Clipper Recargable Shinobis – Diseño Surtido
       | 19722 t2 huerfana $990 | Encendedor Clipper Vintage Cars
 d= 91 | 18127 t1 prod 10483 $3990 | Soplete Bernie Variedades
       | 35806 t2 huerfana $3990 | Special Blue Encendedor Soplete Bernie Skull &amp; Rose
 d= 91 | 18127 t1 prod 10483 $3990 | Soplete Bernie Variedades
       | 35952 t2 huerfana $3990 | Special Blue Encendedor Soplete Bernie Psychedelic - Sm
 d= 92 | 11967 t1 prod 5725 $1000 | Encendedor Clipper Recargable Crystal 12 – Diseño Surti
       | 19642 t2 huerfana $990 | Encendedor Clipper Hot Sentences
 d= 92 | 11968 t1 prod 5725 $1000 | Encendedor Clipper Recargable Horror Days 1 – Diseño Su
       | 19625 t2 huerfana $990 | Encendedor Clipper Game Lover
 d= 92 | 11968 t1 prod 5725 $1000 | Encendedor Clipper Recargable Horror Days 1 – Diseño Su
       | 19642 t2 huerfana $990 | Encendedor Clipper Hot Sentences
 d= 92 | 11971 t1 prod 10304 $1000 | Encendedor Clipper Recargable Super Pockets 1 – Diseño 
       | 19716 t2 huerfana $990 | Encendedor Clipper Triple Skull
 d= 92 | 11972 t1 prod 10305 $1000 | Encendedor Clipper Recargable Super Pockets 2 – Diseño 
       | 19623 t2 huerfana $990 | Encendedor Clipper Fruit Strains
 d= 92 | 12243 t1 prod 10705 $1000 | Encendedor Clipper Recargable Kings of Valhala – Diseño
       | 19683 t2 huerfana $990 | Encendedor Clipper Psycho Weed
 d= 92 | 12248 t1 huerfana $1000 | Encendedor Clipper Recargable Weed Rhyme – Diseño Surti
       | 36060 t2 prod 10705 $990 | Encendedor Clipper Kings of Valhala
 d= 92 | 18127 t1 prod 10483 $3990 | Soplete Bernie Variedades
       | 35948 t2 huerfana $3990 | Special Blue Encendedor Soplete Bernie Anime - Akatsuki
 d= 93 | 11971 t1 prod 10304 $1000 | Encendedor Clipper Recargable Super Pockets 1 – Diseño 
       | 19586 t2 huerfana $990 | Encendedor Clipper Ancient Skulls
 d= 93 | 11972 t1 prod 10305 $1000 | Encendedor Clipper Recargable Super Pockets 2 – Diseño 
       | 19890 t2 huerfana $990 | Encendedor Clipper Elephants
 d= 93 | 12242 t1 huerfana $1000 | Encendedor Clipper Recargable Green Bait – Diseño Surti
       | 19599 t2 huerfana $990 | Encendedor Clipper Birthday Leopard
 d= 93 | 12243 t1 prod 10705 $1000 | Encendedor Clipper Recargable Kings of Valhala – Diseño
       | 19716 t2 huerfana $990 | Encendedor Clipper Triple Skull
 d= 93 | 12244 t1 prod 10580 $1000 | Encendedor Clipper Recargable Lol Food – Diseño Surtido
       | 19626 t2 huerfana $990 | Encendedor Clipper Zombie Gangsters
 d= 93 | 12248 t1 huerfana $1000 | Encendedor Clipper Recargable Weed Rhyme – Diseño Surti
       | 19716 t2 huerfana $990 | Encendedor Clipper Triple Skull
 d= 93 | 32149 t1 huerfana $2990 | Soplete Mini Rubber 2.0 -Calvo Glass - ORANGE
       | 36157 t2 huerfana $2990 | Special Blue Encendedor Soplete Mini Clear - Naranjo
 d= 93 | 32569 t1 huerfana $32990 | Soplete Monster Pro Doble Llama -Calvo Glass - Rojo
       | 39745 t4 huerfana $21600 | Soplete Compact Ignite - GB The Green Brand
 d= 93 | 35651 t2 huerfana $34990 | Special Blue Soplete Monster Pro Doble Llama - Toolbox 
       | 39745 t4 huerfana $21600 | Soplete Compact Ignite - GB The Green Brand
 d= 94 | 12243 t1 prod 10705 $1000 | Encendedor Clipper Recargable Kings of Valhala – Diseño
       | 19731 t2 huerfana $990 | Encendedor Clipper Women’s Day
 d= 94 | 12249 t1 prod 10581 $1000 | Encendedor Clipper Recargable Z-Bunnys – Diseño Surtido
       | 19900 t2 huerfana $990 | Encendedor Clipper Roses
 d= 94 | 12304 t1 prod 10576 $1000 | Encendedor Clipper Recargable Shinobis – Diseño Surtido
       | 13490 t2 huerfana $990 | Encendedor Clipper Skull 8
 d= 94 | 18127 t1 prod 10483 $3990 | Soplete Bernie Variedades
       | 35951 t2 huerfana $3990 | Special Blue Encendedor Soplete Bernie Anime - Fire
 d= 94 | 32148 t1 huerfana $2990 | Soplete Mini Rubber 2.0 -Calvo Glass - Verde
       | 36156 t2 huerfana $2990 | Special Blue Encendedor Soplete Mini Clear - Celeste
 d= 94 | 32149 t1 huerfana $2990 | Soplete Mini Rubber 2.0 -Calvo Glass - ORANGE
       | 36156 t2 huerfana $2990 | Special Blue Encendedor Soplete Mini Clear - Celeste
 d= 95 | 4 t2 prod 5725 $990 | Encendedor Clipper Winter Plans 2
       | 12242 t1 huerfana $1000 | Encendedor Clipper Recargable Green Bait – Diseño Surti
 d= 95 | 2571 t1 prod 5724 $1590 | Encendedor Jet Flame Jet Galactic Weed Clipper
       | 19586 t2 huerfana $990 | Encendedor Clipper Ancient Skulls
 d= 95 | 11968 t1 prod 5725 $1000 | Encendedor Clipper Recargable Horror Days 1 – Diseño Su
       | 19900 t2 huerfana $990 | Encendedor Clipper Roses
 d= 95 | 11970 t1 prod 10307 $1000 | Encendedor Clipper Recargable Onis 1 – Diseño Surtido (
       | 19722 t2 huerfana $990 | Encendedor Clipper Vintage Cars
 d= 95 | 11973 t1 prod 10306 $1000 | Encendedor Clipper Recargable Super Pockets 4 – Diseño 
       | 19668 t2 huerfana $990 | Encendedor Clipper Nerd Sentences
 d= 95 | 12242 t1 huerfana $1000 | Encendedor Clipper Recargable Green Bait – Diseño Surti
       | 19590 t2 huerfana $990 | Encendedor Clipper Animals Zombies
 d= 95 | 12244 t1 prod 10580 $1000 | Encendedor Clipper Recargable Lol Food – Diseño Surtido
       | 13490 t2 huerfana $990 | Encendedor Clipper Skull 8
 d= 95 | 12248 t1 huerfana $1000 | Encendedor Clipper Recargable Weed Rhyme – Diseño Surti
       | 13376 t2 prod 10305 $990 | Encendedor Clipper Super Pocket 2
 d= 95 | 12248 t1 huerfana $1000 | Encendedor Clipper Recargable Weed Rhyme – Diseño Surti
       | 19623 t2 huerfana $990 | Encendedor Clipper Fruit Strains
 d= 95 | 18127 t1 prod 10483 $3990 | Soplete Bernie Variedades
       | 35949 t2 huerfana $3990 | Special Blue Encendedor Soplete Bernie Anime - Reality
 d= 96 | 765 t1 prod 10310 $2990 | Soplete Mini Rubber 2.0 -Calvo Glass
       | 36157 t2 huerfana $2990 | Special Blue Encendedor Soplete Mini Clear - Naranjo
 d= 96 | 2050 t2 prod 5724 $1590 | Encendedor Clipper Jet Flame Print Weed
       | 12248 t1 huerfana $1000 | Encendedor Clipper Recargable Weed Rhyme – Diseño Surti
 d= 96 | 2584 t1 huerfana $37990 | Encendedor High Polish Green Logo - Zippo
       | 19916 t2 prod 10582 $45990 | Encendedor Zippo Classic High Polish Blue
 d= 96 | 11968 t1 prod 5725 $1000 | Encendedor Clipper Recargable Horror Days 1 – Diseño Su
       | 13382 t2 huerfana $990 | Encendedor Clipper Weed Skulls 1
 d= 96 | 11968 t1 prod 5725 $1000 | Encendedor Clipper Recargable Horror Days 1 – Diseño Su
       | 19896 t2 huerfana $990 | Encendedor Clipper Halloween
 d= 96 | 11971 t1 prod 10304 $1000 | Encendedor Clipper Recargable Super Pockets 1 – Diseño 
       | 19713 t2 huerfana $990 | Encendedor Clipper Tie Die
 d= 96 | 11972 t1 prod 10305 $1000 | Encendedor Clipper Recargable Super Pockets 2 – Diseño 
       | 19713 t2 huerfana $990 | Encendedor Clipper Tie Die
 d= 96 | 11972 t1 prod 10305 $1000 | Encendedor Clipper Recargable Super Pockets 2 – Diseño 
       | 19716 t2 huerfana $990 | Encendedor Clipper Triple Skull
 d= 96 | 11973 t1 prod 10306 $1000 | Encendedor Clipper Recargable Super Pockets 4 – Diseño 
       | 13338 t2 huerfana $990 | Encendedor Clipper Cowboy Life 1
 d= 96 | 12241 t1 prod 10577 $1000 | Encendedor Clipper Recargable Funny Cupid – Diseño Surt
       | 19672 t2 huerfana $990 | Encendedor Clipper Ninja Cats
 d= 96 | 12244 t1 prod 10580 $1000 | Encendedor Clipper Recargable Lol Food – Diseño Surtido
       | 19905 t2 huerfana $990 | Encendedor Clipper Trampolining
 d= 96 | 12558 t1 prod 10276 $34990 | Encendedor Royal Blue Matte Logo - Zippo
       | 19465 t2 huerfana $32990 | Encendedor Classic Pink Matte Zippo
 d= 96 | 32147 t1 huerfana $2990 | Soplete Mini Rubber 2.0 -Calvo Glass - Azul
       | 36157 t2 huerfana $2990 | Special Blue Encendedor Soplete Mini Clear - Naranjo
 d= 96 | 34315 t2 prod 10665 $23990 | Soplete Compact Ignite - Negro
       | 38358 t3 huerfana $14993 | Encendedor Soplete Ignite Compact | PIRANHA
 d= 97 | 2068 t2 prod 5724 $1590 | Encendedor Clipper Jet Flame HippieWorld
       | 2523 t1 huerfana $36990 | Encendedor Jet Flame Jet Horror Zoo 24U- Clipper
 d= 97 | 11967 t1 prod 5725 $1000 | Encendedor Clipper Recargable Crystal 12 – Diseño Surti
       | 19626 t2 huerfana $990 | Encendedor Clipper Zombie Gangsters
 d= 97 | 11968 t1 prod 5725 $1000 | Encendedor Clipper Recargable Horror Days 1 – Diseño Su
       | 19653 t2 huerfana $990 | Encendedor Clipper Lovely Clowns
 d= 97 | 11971 t1 prod 10304 $1000 | Encendedor Clipper Recargable Super Pockets 1 – Diseño 
       | 19890 t2 huerfana $990 | Encendedor Clipper Elephants
 d= 97 | 11972 t1 prod 10305 $1000 | Encendedor Clipper Recargable Super Pockets 2 – Diseño 
       | 19586 t2 huerfana $990 | Encendedor Clipper Ancient Skulls
 d= 97 | 11973 t1 prod 10306 $1000 | Encendedor Clipper Recargable Super Pockets 4 – Diseño 
       | 19713 t2 huerfana $990 | Encendedor Clipper Tie Die
 d= 97 | 12241 t1 prod 10577 $1000 | Encendedor Clipper Recargable Funny Cupid – Diseño Surt
       | 19623 t2 huerfana $990 | Encendedor Clipper Fruit Strains
 d= 97 | 12248 t1 huerfana $1000 | Encendedor Clipper Recargable Weed Rhyme – Diseño Surti
       | 19668 t2 huerfana $990 | Encendedor Clipper Nerd Sentences
 d= 97 | 12249 t1 prod 10581 $1000 | Encendedor Clipper Recargable Z-Bunnys – Diseño Surtido
       | 19586 t2 huerfana $990 | Encendedor Clipper Ancient Skulls
 d= 97 | 12249 t1 prod 10581 $1000 | Encendedor Clipper Recargable Z-Bunnys – Diseño Surtido
       | 19890 t2 huerfana $990 | Encendedor Clipper Elephants
 d= 97 | 12304 t1 prod 10576 $1000 | Encendedor Clipper Recargable Shinobis – Diseño Surtido
       | 13339 t2 huerfana $990 | Encendedor Clipper Cowboy Life 2
 d= 97 | 12304 t1 prod 10576 $1000 | Encendedor Clipper Recargable Shinobis – Diseño Surtido
       | 13351 t2 huerfana $990 | Encendedor Clipper Marked Skulls 1
 d= 97 | 12304 t1 prod 10576 $1000 | Encendedor Clipper Recargable Shinobis – Diseño Surtido
       | 13364 t2 huerfana $990 | Encendedor Clipper Random Criatures 2
 d= 97 | 12304 t1 prod 10576 $1000 | Encendedor Clipper Recargable Shinobis – Diseño Surtido
       | 13382 t2 huerfana $990 | Encendedor Clipper Weed Skulls 1
 d= 97 | 17958 t1 prod 10575 $1000 | Encendedor Clipper Recargable Paranormal Puffs – Diseño
       | 19897 t2 huerfana $990 | Encendedor Clipper Kamasutra 3
 d= 97 | 18127 t1 prod 10483 $3990 | Soplete Bernie Variedades
       | 35954 t2 huerfana $3990 | Special Blue Encendedor Soplete Bernie Psychedelic - Ac
 d= 97 | 31478 t1 prod 10721 $6990 | Clipper Encendedor Metálico Demon Gradient
       | 35718 t2 huerfana $6990 | Encendedor Clipper Metálico Rose Gold - Brillante
 d= 97 | 32896 t1 huerfana $16990 | Soplete X-Mini -Ignite - Blanco
       | 38408 t3 prod 10664 $14392 | Soplete Ignite X-Mini | PIRANHA
 d= 98 | 2052 t2 prod 5724 $1590 | Encendedor Clipper Jet Flame Rotten Burgers
       | 12240 t1 huerfana $1000 | Encendedor Clipper Recargable Bear Skulls – Diseño Surt
 d= 98 | 11968 t1 prod 5725 $1000 | Encendedor Clipper Recargable Horror Days 1 – Diseño Su
       | 13364 t2 huerfana $990 | Encendedor Clipper Random Criatures 2
 d= 98 | 11970 t1 prod 10307 $1000 | Encendedor Clipper Recargable Onis 1 – Diseño Surtido (
       | 19623 t2 huerfana $990 | Encendedor Clipper Fruit Strains
 d= 98 | 11973 t1 prod 10306 $1000 | Encendedor Clipper Recargable Super Pockets 4 – Diseño 
       | 19621 t2 huerfana $990 | Encendedor Clipper Forbidden Symbols
 d= 98 | 11973 t1 prod 10306 $1000 | Encendedor Clipper Recargable Super Pockets 4 – Diseño 
       | 19698 t2 huerfana $990 | Encendedor Clipper Space Helmets
 d= 98 | 12241 t1 prod 10577 $1000 | Encendedor Clipper Recargable Funny Cupid – Diseño Surt
       | 19718 t2 huerfana $990 | Encendedor Clipper Unicorn Sings
 d= 98 | 12242 t1 huerfana $1000 | Encendedor Clipper Recargable Green Bait – Diseño Surti
       | 19596 t2 huerfana $990 | Encendedor Clipper Be Hippie
 d= 98 | 12244 t1 prod 10580 $1000 | Encendedor Clipper Recargable Lol Food – Diseño Surtido
       | 13339 t2 huerfana $990 | Encendedor Clipper Cowboy Life 2
 d= 98 | 12244 t1 prod 10580 $1000 | Encendedor Clipper Recargable Lol Food – Diseño Surtido
       | 19590 t2 huerfana $990 | Encendedor Clipper Animals Zombies
 d= 98 | 12248 t1 huerfana $1000 | Encendedor Clipper Recargable Weed Rhyme – Diseño Surti
       | 19698 t2 huerfana $990 | Encendedor Clipper Space Helmets
 d= 98 | 12248 t1 huerfana $1000 | Encendedor Clipper Recargable Weed Rhyme – Diseño Surti
       | 19731 t2 huerfana $990 | Encendedor Clipper Women’s Day
 d= 98 | 12304 t1 prod 10576 $1000 | Encendedor Clipper Recargable Shinobis – Diseño Surtido
       | 19693 t2 huerfana $990 | Encendedor Clipper Simple Tattos
 d= 98 | 12304 t1 prod 10576 $1000 | Encendedor Clipper Recargable Shinobis – Diseño Surtido
       | 19900 t2 huerfana $990 | Encendedor Clipper Roses
 d= 98 | 17961 t1 prod 10482 $6490 | Encendedor Metalico Rose Gold
       | 34143 t2 huerfana $6990 | Encendedor Clipper Metálico Gold - Opaco
 d= 98 | 18127 t1 prod 10483 $3990 | Soplete Bernie Variedades
       | 35805 t2 huerfana $3990 | Special Blue Encendedor Soplete Bernie Skull &amp; Rose
 d= 98 | 31478 t1 prod 10721 $6990 | Clipper Encendedor Metálico Demon Gradient
       | 34112 t2 huerfana $6990 | Encendedor Clipper Metálico Demon Gradient - Opaco
 d= 98 | 32150 t1 huerfana $2990 | Soplete Mini Rubber 2.0 -Calvo Glass - Rojo
       | 36155 t2 huerfana $2990 | Special Blue Encendedor Soplete Mini Clear - Rosado
 d= 98 | 32150 t1 huerfana $2990 | Soplete Mini Rubber 2.0 -Calvo Glass - Rojo
       | 36156 t2 huerfana $2990 | Special Blue Encendedor Soplete Mini Clear - Celeste
 d= 98 | 32567 t1 huerfana $32990 | Soplete Monster Pro Doble Llama -Calvo Glass - azul
       | 39745 t4 huerfana $21600 | Soplete Compact Ignite - GB The Green Brand
 d= 98 | 33033 t1 huerfana $21990 | Soplete Compact -Ignite - Amarillo
       | 39745 t4 huerfana $21600 | Soplete Compact Ignite - GB The Green Brand
 d= 99 | 103 t2 prod 5725 $990 | Encendedor Clipper Monsters 1
       | 12242 t1 huerfana $1000 | Encendedor Clipper Recargable Green Bait – Diseño Surti
 d= 99 | 11971 t1 prod 10304 $1000 | Encendedor Clipper Recargable Super Pockets 1 – Diseño 
       | 13338 t2 huerfana $990 | Encendedor Clipper Cowboy Life 1
 d= 99 | 11971 t1 prod 10304 $1000 | Encendedor Clipper Recargable Super Pockets 1 – Diseño 
       | 19731 t2 huerfana $990 | Encendedor Clipper Women’s Day
 d= 99 | 12242 t1 huerfana $1000 | Encendedor Clipper Recargable Green Bait – Diseño Surti
       | 13343 t2 huerfana $990 | Encendedor Clipper Death Animals 3
 d= 99 | 12243 t1 prod 10705 $1000 | Encendedor Clipper Recargable Kings of Valhala – Diseño
       | 19623 t2 huerfana $990 | Encendedor Clipper Fruit Strains
 d= 99 | 12243 t1 prod 10705 $1000 | Encendedor Clipper Recargable Kings of Valhala – Diseño
       | 19665 t2 huerfana $990 | Encendedor Clipper Mushrooms Skulls
 d= 99 | 12245 t1 prod 10579 $1000 | Encendedor Clipper Recargable Sea Monsters – Diseño Sur
       | 19623 t2 huerfana $990 | Encendedor Clipper Fruit Strains
 d= 99 | 12553 t1 prod 10512 $34990 | Encendedor Classic Red Matte Logo - Zippo
       | 19483 t2 huerfana $36990 | Encendedor Zippo Classic Purple Matte
 d=100 | 1226 t2 prod 5724 $1590 | Encendedor Clipper Jet Flame Ink 4 Life
       | 2523 t1 huerfana $36990 | Encendedor Jet Flame Jet Horror Zoo 24U- Clipper
 d=100 | 2052 t2 prod 5724 $1590 | Encendedor Clipper Jet Flame Rotten Burgers
       | 12248 t1 huerfana $1000 | Encendedor Clipper Recargable Weed Rhyme – Diseño Surti
 d=100 | 2571 t1 prod 5724 $1590 | Encendedor Jet Flame Jet Galactic Weed Clipper
       | 19716 t2 huerfana $990 | Encendedor Clipper Triple Skull
 d=100 | 2584 t1 huerfana $37990 | Encendedor High Polish Green Logo - Zippo
       | 19387 t2 huerfana $44990 | Encendedor Zippo Classic High Polish Purple
 d=100 | 11968 t1 prod 5725 $1000 | Encendedor Clipper Recargable Horror Days 1 – Diseño Su
       | 13351 t2 huerfana $990 | Encendedor Clipper Marked Skulls 1
 d=100 | 11968 t1 prod 5725 $1000 | Encendedor Clipper Recargable Horror Days 1 – Diseño Su
       | 19599 t2 huerfana $990 | Encendedor Clipper Birthday Leopard
 d=100 | 11973 t1 prod 10306 $1000 | Encendedor Clipper Recargable Super Pockets 4 – Diseño 
       | 19468 t2 huerfana $990 | Encendedor Clipper Cops And Robbers
 d=100 | 11973 t1 prod 10306 $1000 | Encendedor Clipper Recargable Super Pockets 4 – Diseño 
       | 19586 t2 huerfana $990 | Encendedor Clipper Ancient Skulls
 d=100 | 11973 t1 prod 10306 $1000 | Encendedor Clipper Recargable Super Pockets 4 – Diseño 
       | 19905 t2 huerfana $990 | Encendedor Clipper Trampolining
 d=100 | 12240 t1 huerfana $1000 | Encendedor Clipper Recargable Bear Skulls – Diseño Surt
       | 19731 t2 huerfana $990 | Encendedor Clipper Women’s Day
 d=100 | 12242 t1 huerfana $1000 | Encendedor Clipper Recargable Green Bait – Diseño Surti
       | 19626 t2 huerfana $990 | Encendedor Clipper Zombie Gangsters
 d=100 | 12242 t1 huerfana $1000 | Encendedor Clipper Recargable Green Bait – Diseño Surti
       | 19711 t2 huerfana $990 | Encendedor Clipper Terror Pixel
 d=100 | 12244 t1 prod 10580 $1000 | Encendedor Clipper Recargable Lol Food – Diseño Surtido
       | 19599 t2 huerfana $990 | Encendedor Clipper Birthday Leopard
 d=100 | 12245 t1 prod 10579 $1000 | Encendedor Clipper Recargable Sea Monsters – Diseño Sur
       | 19731 t2 huerfana $990 | Encendedor Clipper Women’s Day
 d=100 | 17958 t1 prod 10575 $1000 | Encendedor Clipper Recargable Paranormal Puffs – Diseño
       | 19683 t2 huerfana $990 | Encendedor Clipper Psycho Weed
 d=100 | 18127 t1 prod 10483 $3990 | Soplete Bernie Variedades
       | 35950 t2 huerfana $3990 | Special Blue Encendedor Soplete Bernie Anime - Origami 
 d=101 | 1324 t3 prod 5726 $5452 | Encendedor Clipper Metálico | PIRANHA
       | 25366 t2 huerfana $6990 | Encendedor Clipper Metálico Turquoise
 d=101 | 11967 t1 prod 5725 $1000 | Encendedor Clipper Recargable Crystal 12 – Diseño Surti
       | 19900 t2 huerfana $990 | Encendedor Clipper Roses
 d=101 | 11968 t1 prod 5725 $1000 | Encendedor Clipper Recargable Horror Days 1 – Diseño Su
       | 19674 t2 huerfana $990 | Encendedor Clipper Panda Warriors
 d=101 | 11969 t1 huerfana $1000 | Encendedor Clipper Recargable Horror Days 2 – Diseño Su
       | 19703 t2 huerfana $990 | Encendedor Clipper Super Unicorns
 d=101 | 11970 t1 prod 10307 $1000 | Encendedor Clipper Recargable Onis 1 – Diseño Surtido (
       | 19625 t2 huerfana $990 | Encendedor Clipper Game Lover
 d=101 | 11972 t1 prod 10305 $1000 | Encendedor Clipper Recargable Super Pockets 2 – Diseño 
       | 19664 t2 huerfana $990 | Encendedor Clipper Mushrooms Colors
 d=101 | 11972 t1 prod 10305 $1000 | Encendedor Clipper Recargable Super Pockets 2 – Diseño 
       | 19683 t2 huerfana $990 | Encendedor Clipper Psycho Weed
 d=101 | 11972 t1 prod 10305 $1000 | Encendedor Clipper Recargable Super Pockets 2 – Diseño 
       | 19731 t2 huerfana $990 | Encendedor Clipper Women’s Day
 d=101 | 12240 t1 huerfana $1000 | Encendedor Clipper Recargable Bear Skulls – Diseño Surt
       | 19623 t2 huerfana $990 | Encendedor Clipper Fruit Strains
 d=101 | 12241 t1 prod 10577 $1000 | Encendedor Clipper Recargable Funny Cupid – Diseño Surt
       | 13362 t2 huerfana $990 | Encendedor Clipper Weed Skulls
 d=101 | 12242 t1 huerfana $1000 | Encendedor Clipper Recargable Green Bait – Diseño Surti
       | 19895 t2 huerfana $990 | Encendedor Clipper Goddesses
 d=101 | 12243 t1 prod 10705 $1000 | Encendedor Clipper Recargable Kings of Valhala – Diseño
       | 19668 t2 huerfana $990 | Encendedor Clipper Nerd Sentences
 d=101 | 12244 t1 prod 10580 $1000 | Encendedor Clipper Recargable Lol Food – Diseño Surtido
       | 19711 t2 huerfana $990 | Encendedor Clipper Terror Pixel
 d=101 | 12245 t1 prod 10579 $1000 | Encendedor Clipper Recargable Sea Monsters – Diseño Sur
       | 19665 t2 huerfana $990 | Encendedor Clipper Mushrooms Skulls
 d=101 | 12249 t1 prod 10581 $1000 | Encendedor Clipper Recargable Z-Bunnys – Diseño Surtido
       | 13341 t2 huerfana $990 | Encendedor Clipper Cowboy Life 4
 d=101 | 12249 t1 prod 10581 $1000 | Encendedor Clipper Recargable Z-Bunnys – Diseño Surtido
       | 13364 t2 huerfana $990 | Encendedor Clipper Random Criatures 2
 d=101 | 12249 t1 prod 10581 $1000 | Encendedor Clipper Recargable Z-Bunnys – Diseño Surtido
       | 19698 t2 huerfana $990 | Encendedor Clipper Space Helmets
 d=101 | 12304 t1 prod 10576 $1000 | Encendedor Clipper Recargable Shinobis – Diseño Surtido
       | 19642 t2 huerfana $990 | Encendedor Clipper Hot Sentences
 d=101 | 13679 t2 huerfana $34990 | Special Blue Soplete Monster Pro Doble Llama - Toolbox
       | 39745 t4 huerfana $21600 | Soplete Compact Ignite - GB The Green Brand
 d=101 | 18127 t1 prod 10483 $3990 | Soplete Bernie Variedades
       | 35804 t2 huerfana $3990 | Special Blue Encendedor Soplete Bernie Skull &amp; Rose
 d=101 | 35650 t2 huerfana $34990 | Special Blue Soplete Monster Pro Doble Llama - Toolbox 
       | 39745 t4 huerfana $21600 | Soplete Compact Ignite - GB The Green Brand
 d=101 | 35652 t2 huerfana $34990 | Special Blue Soplete Monster Pro Doble Llama - Toolbox 
       | 39745 t4 huerfana $21600 | Soplete Compact Ignite - GB The Green Brand
 d=102 | 11967 t1 prod 5725 $1000 | Encendedor Clipper Recargable Crystal 12 – Diseño Surti
       | 13341 t2 huerfana $990 | Encendedor Clipper Cowboy Life 4
 d=102 | 11967 t1 prod 5725 $1000 | Encendedor Clipper Recargable Crystal 12 – Diseño Surti
       | 19472 t2 huerfana $1590 | Encendedor Clipper Jet Crystal Fluo
 d=102 | 11968 t1 prod 5725 $1000 | Encendedor Clipper Recargable Horror Days 1 – Diseño Su
       | 13340 t2 huerfana $990 | Encendedor Clipper Cowboy Life 3
 d=102 | 11968 t1 prod 5725 $1000 | Encendedor Clipper Recargable Horror Days 1 – Diseño Su
       | 19611 t2 huerfana $990 | Encendedor Clipper CyberPunk Animals
 d=102 | 11970 t1 prod 10307 $1000 | Encendedor Clipper Recargable Onis 1 – Diseño Surtido (
       | 19626 t2 huerfana $990 | Encendedor Clipper Zombie Gangsters
 d=102 | 11972 t1 prod 10305 $1000 | Encendedor Clipper Recargable Super Pockets 2 – Diseño 
       | 13362 t2 huerfana $990 | Encendedor Clipper Weed Skulls
 d=102 | 11973 t1 prod 10306 $1000 | Encendedor Clipper Recargable Super Pockets 4 – Diseño 
       | 13363 t2 huerfana $990 | Encendedor Clipper Random Creatures 3
 d=102 | 12240 t1 huerfana $1000 | Encendedor Clipper Recargable Bear Skulls – Diseño Surt
       | 19624 t2 prod 10577 $990 | Encendedor Clipper Funny Cupid
 d=102 | 12243 t1 prod 10705 $1000 | Encendedor Clipper Recargable Kings of Valhala – Diseño
       | 19472 t2 huerfana $1590 | Encendedor Clipper Jet Crystal Fluo
 d=102 | 12243 t1 prod 10705 $1000 | Encendedor Clipper Recargable Kings of Valhala – Diseño
       | 19672 t2 huerfana $990 | Encendedor Clipper Ninja Cats
 d=102 | 12245 t1 prod 10579 $1000 | Encendedor Clipper Recargable Sea Monsters – Diseño Sur
       | 19672 t2 huerfana $990 | Encendedor Clipper Ninja Cats
 d=102 | 12245 t1 prod 10579 $1000 | Encendedor Clipper Recargable Sea Monsters – Diseño Sur
       | 19677 t2 huerfana $990 | Encendedor Clipper Pilot Animals
 d=102 | 12248 t1 huerfana $1000 | Encendedor Clipper Recargable Weed Rhyme – Diseño Surti
       | 19672 t2 huerfana $990 | Encendedor Clipper Ninja Cats
 d=102 | 12303 t1 prod 10578 $1000 | Encendedor Clipper Recargable Burningman – Diseño Surti
       | 19599 t2 huerfana $990 | Encendedor Clipper Birthday Leopard
 d=102 | 32568 t1 huerfana $32990 | Soplete Monster Pro Doble Llama -Calvo Glass - Morado
       | 39745 t4 huerfana $21600 | Soplete Compact Ignite - GB The Green Brand
 d=102 | 33045 t1 prod 10667 $19990 | Soplete Phantom -Ignite - Rojo
       | 35651 t2 huerfana $34990 | Special Blue Soplete Monster Pro Doble Llama - Toolbox 
 d=103 | 11968 t1 prod 5725 $1000 | Encendedor Clipper Recargable Horror Days 1 – Diseño Su
       | 19596 t2 huerfana $990 | Encendedor Clipper Be Hippie
 d=103 | 11969 t1 huerfana $1000 | Encendedor Clipper Recargable Horror Days 2 – Diseño Su
       | 19590 t2 huerfana $990 | Encendedor Clipper Animals Zombies
 d=103 | 11971 t1 prod 10304 $1000 | Encendedor Clipper Recargable Super Pockets 1 – Diseño 
       | 19468 t2 huerfana $990 | Encendedor Clipper Cops And Robbers
 d=103 | 11972 t1 prod 10305 $1000 | Encendedor Clipper Recargable Super Pockets 2 – Diseño 
       | 19468 t2 huerfana $990 | Encendedor Clipper Cops And Robbers
 d=103 | 11973 t1 prod 10306 $1000 | Encendedor Clipper Recargable Super Pockets 4 – Diseño 
       | 19716 t2 huerfana $990 | Encendedor Clipper Triple Skull
 d=103 | 12241 t1 prod 10577 $1000 | Encendedor Clipper Recargable Funny Cupid – Diseño Surt
       | 19713 t2 huerfana $990 | Encendedor Clipper Tie Die
 d=103 | 12242 t1 huerfana $1000 | Encendedor Clipper Recargable Green Bait – Diseño Surti
       | 19718 t2 huerfana $990 | Encendedor Clipper Unicorn Sings
 d=103 | 12242 t1 huerfana $1000 | Encendedor Clipper Recargable Green Bait – Diseño Surti
       | 19722 t2 huerfana $990 | Encendedor Clipper Vintage Cars
 d=103 | 12244 t1 prod 10580 $1000 | Encendedor Clipper Recargable Lol Food – Diseño Surtido
       | 19650 t2 huerfana $990 | Encendedor Clipper Llama Work
 d=103 | 12244 t1 prod 10580 $1000 | Encendedor Clipper Recargable Lol Food – Diseño Surtido
       | 19693 t2 huerfana $990 | Encendedor Clipper Simple Tattos
 d=103 | 12248 t1 huerfana $1000 | Encendedor Clipper Recargable Weed Rhyme – Diseño Surti
       | 19674 t2 huerfana $990 | Encendedor Clipper Panda Warriors
 d=103 | 12249 t1 prod 10581 $1000 | Encendedor Clipper Recargable Z-Bunnys – Diseño Surtido
       | 19703 t2 huerfana $990 | Encendedor Clipper Super Unicorns
 d=103 | 12303 t1 prod 10578 $1000 | Encendedor Clipper Recargable Burningman – Diseño Surti
       | 19627 t2 huerfana $990 | Encendedor Clipper Geometric Leaves
 d=103 | 12304 t1 prod 10576 $1000 | Encendedor Clipper Recargable Shinobis – Diseño Surtido
       | 13341 t2 huerfana $990 | Encendedor Clipper Cowboy Life 4
 d=103 | 12304 t1 prod 10576 $1000 | Encendedor Clipper Recargable Shinobis – Diseño Surtido
       | 19905 t2 huerfana $990 | Encendedor Clipper Trampolining
 d=103 | 32148 t1 huerfana $2990 | Soplete Mini Rubber 2.0 -Calvo Glass - Verde
       | 36157 t2 huerfana $2990 | Special Blue Encendedor Soplete Mini Clear - Naranjo
 d=103 | 32150 t1 huerfana $2990 | Soplete Mini Rubber 2.0 -Calvo Glass - Rojo
       | 36157 t2 huerfana $2990 | Special Blue Encendedor Soplete Mini Clear - Naranjo
 d=103 | 32568 t1 huerfana $32990 | Soplete Monster Pro Doble Llama -Calvo Glass - Morado
       | 34289 t2 prod 10667 $20990 | Ignite Soplete Phantom - Rojo
 d=104 | 2050 t2 prod 5724 $1590 | Encendedor Clipper Jet Flame Print Weed
       | 2523 t1 huerfana $36990 | Encendedor Jet Flame Jet Horror Zoo 24U- Clipper
 d=104 | 2050 t2 prod 5724 $1590 | Encendedor Clipper Jet Flame Print Weed
       | 12240 t1 huerfana $1000 | Encendedor Clipper Recargable Bear Skulls – Diseño Surt
 d=104 | 2572 t1 prod 5724 $1490 | Encendedor Jet Flame Jet Hippie World Clipper
       | 19472 t2 huerfana $1590 | Encendedor Clipper Jet Crystal Fluo
 d=104 | 11968 t1 prod 5725 $1000 | Encendedor Clipper Recargable Horror Days 1 – Diseño Su
       | 19890 t2 huerfana $990 | Encendedor Clipper Elephants
 d=104 | 11968 t1 prod 5725 $1000 | Encendedor Clipper Recargable Horror Days 1 – Diseño Su
       | 19905 t2 huerfana $990 | Encendedor Clipper Trampolining
 d=104 | 11969 t1 huerfana $1000 | Encendedor Clipper Recargable Horror Days 2 – Diseño Su
       | 19626 t2 huerfana $990 | Encendedor Clipper Zombie Gangsters
 d=104 | 11969 t1 huerfana $1000 | Encendedor Clipper Recargable Horror Days 2 – Diseño Su
       | 19885 t2 prod 10578 $990 | Encendedor Clipper Burningman
 d=104 | 11971 t1 prod 10304 $1000 | Encendedor Clipper Recargable Super Pockets 1 – Diseño 
       | 13362 t2 huerfana $990 | Encendedor Clipper Weed Skulls
 d=104 | 11973 t1 prod 10306 $1000 | Encendedor Clipper Recargable Super Pockets 4 – Diseño 
       | 19664 t2 huerfana $990 | Encendedor Clipper Mushrooms Colors
 d=104 | 11973 t1 prod 10306 $1000 | Encendedor Clipper Recargable Super Pockets 4 – Diseño 
       | 19731 t2 huerfana $990 | Encendedor Clipper Women’s Day
 d=104 | 12240 t1 huerfana $1000 | Encendedor Clipper Recargable Bear Skulls – Diseño Surt
       | 19683 t2 huerfana $990 | Encendedor Clipper Psycho Weed
 d=104 | 12243 t1 prod 10705 $1000 | Encendedor Clipper Recargable Kings of Valhala – Diseño
       | 19698 t2 huerfana $990 | Encendedor Clipper Space Helmets
 d=104 | 12245 t1 prod 10579 $1000 | Encendedor Clipper Recargable Sea Monsters – Diseño Sur
       | 13363 t2 huerfana $990 | Encendedor Clipper Random Creatures 3
 d=104 | 12249 t1 prod 10581 $1000 | Encendedor Clipper Recargable Z-Bunnys – Diseño Surtido
       | 19705 t2 huerfana $990 | Encendedor Clipper Tarot Cards
 d=104 | 12304 t1 prod 10576 $1000 | Encendedor Clipper Recargable Shinobis – Diseño Surtido
       | 19626 t2 huerfana $990 | Encendedor Clipper Zombie Gangsters
 d=104 | 12304 t1 prod 10576 $1000 | Encendedor Clipper Recargable Shinobis – Diseño Surtido
       | 19704 t2 huerfana $990 | Encendedor Clipper Sushi Sentences
 d=105 | 2571 t1 prod 5724 $1590 | Encendedor Jet Flame Jet Galactic Weed Clipper
       | 19890 t2 huerfana $990 | Encendedor Clipper Elephants
 d=105 | 11971 t1 prod 10304 $1000 | Encendedor Clipper Recargable Super Pockets 1 – Diseño 
       | 19905 t2 huerfana $990 | Encendedor Clipper Trampolining
 d=105 | 11972 t1 prod 10305 $1000 | Encendedor Clipper Recargable Super Pockets 2 – Diseño 
       | 19698 t2 huerfana $990 | Encendedor Clipper Space Helmets
 d=105 | 12240 t1 huerfana $1000 | Encendedor Clipper Recargable Bear Skulls – Diseño Surt
       | 19713 t2 huerfana $990 | Encendedor Clipper Tie Die
 d=105 | 12243 t1 prod 10705 $1000 | Encendedor Clipper Recargable Kings of Valhala – Diseño
       | 19897 t2 huerfana $990 | Encendedor Clipper Kamasutra 3
 d=105 | 12244 t1 prod 10580 $1000 | Encendedor Clipper Recargable Lol Food – Diseño Surtido
       | 19585 t2 huerfana $990 | Encendedor Clipper Amazing Landscapes
 d=105 | 12248 t1 huerfana $1000 | Encendedor Clipper Recargable Weed Rhyme – Diseño Surti
       | 19665 t2 huerfana $990 | Encendedor Clipper Mushrooms Skulls
 d=105 | 12249 t1 prod 10581 $1000 | Encendedor Clipper Recargable Z-Bunnys – Diseño Surtido
       | 19642 t2 huerfana $990 | Encendedor Clipper Hot Sentences
 d=105 | 12304 t1 prod 10576 $1000 | Encendedor Clipper Recargable Shinobis – Diseño Surtido
       | 19590 t2 huerfana $990 | Encendedor Clipper Animals Zombies
 d=105 | 33038 t1 huerfana $21990 | Soplete Compact -Ignite - Rosa
       | 34315 t2 prod 10665 $23990 | Soplete Compact Ignite - Negro
 d=105 | 34268 t2 huerfana $17990 | Ignite Soplete X-Mini - Rosado
       | 38408 t3 prod 10664 $14392 | Soplete Ignite X-Mini | PIRANHA
 d=106 | 2572 t1 prod 5724 $1490 | Encendedor Jet Flame Jet Hippie World Clipper
       | 19611 t2 huerfana $990 | Encendedor Clipper CyberPunk Animals
 d=106 | 11967 t1 prod 5725 $1000 | Encendedor Clipper Recargable Crystal 12 – Diseño Surti
       | 13351 t2 huerfana $990 | Encendedor Clipper Marked Skulls 1
 d=106 | 11967 t1 prod 5725 $1000 | Encendedor Clipper Recargable Crystal 12 – Diseño Surti
       | 19611 t2 huerfana $990 | Encendedor Clipper CyberPunk Animals
 d=106 | 11968 t1 prod 5725 $1000 | Encendedor Clipper Recargable Horror Days 1 – Diseño Su
       | 13339 t2 huerfana $990 | Encendedor Clipper Cowboy Life 2
 d=106 | 11968 t1 prod 5725 $1000 | Encendedor Clipper Recargable Horror Days 1 – Diseño Su
       | 19895 t2 huerfana $990 | Encendedor Clipper Goddesses
 d=106 | 11970 t1 prod 10307 $1000 | Encendedor Clipper Recargable Onis 1 – Diseño Surtido (
       | 13490 t2 huerfana $990 | Encendedor Clipper Skull 8
 d=106 | 12241 t1 prod 10577 $1000 | Encendedor Clipper Recargable Funny Cupid – Diseño Surt
       | 19664 t2 huerfana $990 | Encendedor Clipper Mushrooms Colors
 d=106 | 12241 t1 prod 10577 $1000 | Encendedor Clipper Recargable Funny Cupid – Diseño Surt
       | 19890 t2 huerfana $990 | Encendedor Clipper Elephants
 d=106 | 12244 t1 prod 10580 $1000 | Encendedor Clipper Recargable Lol Food – Diseño Surtido
       | 13364 t2 huerfana $990 | Encendedor Clipper Random Criatures 2
 d=106 | 12245 t1 prod 10579 $1000 | Encendedor Clipper Recargable Sea Monsters – Diseño Sur
       | 19890 t2 huerfana $990 | Encendedor Clipper Elephants
 d=106 | 12247 t1 huerfana $1000 | Encendedor Clipper Recargable Spring Print – Diseño Sur
       | 19623 t2 huerfana $990 | Encendedor Clipper Fruit Strains
 d=106 | 12248 t1 huerfana $1000 | Encendedor Clipper Recargable Weed Rhyme – Diseño Surti
       | 13338 t2 huerfana $990 | Encendedor Clipper Cowboy Life 1
 d=106 | 12248 t1 huerfana $1000 | Encendedor Clipper Recargable Weed Rhyme – Diseño Surti
       | 19664 t2 huerfana $990 | Encendedor Clipper Mushrooms Colors
 d=106 | 12248 t1 huerfana $1000 | Encendedor Clipper Recargable Weed Rhyme – Diseño Surti
       | 19683 t2 huerfana $990 | Encendedor Clipper Psycho Weed
 d=106 | 12248 t1 huerfana $1000 | Encendedor Clipper Recargable Weed Rhyme – Diseño Surti
       | 19733 t2 prod 10581 $990 | Encendedor Clipper Z-Bunnys
 d=106 | 12249 t1 prod 10581 $1000 | Encendedor Clipper Recargable Z-Bunnys – Diseño Surtido
       | 19623 t2 huerfana $990 | Encendedor Clipper Fruit Strains
 d=106 | 12249 t1 prod 10581 $1000 | Encendedor Clipper Recargable Z-Bunnys – Diseño Surtido
       | 19668 t2 huerfana $990 | Encendedor Clipper Nerd Sentences
 d=106 | 12304 t1 prod 10576 $1000 | Encendedor Clipper Recargable Shinobis – Diseño Surtido
       | 19711 t2 huerfana $990 | Encendedor Clipper Terror Pixel
 d=106 | 17958 t1 prod 10575 $1000 | Encendedor Clipper Recargable Paranormal Puffs – Diseño
       | 19586 t2 huerfana $990 | Encendedor Clipper Ancient Skulls
 d=107 | 2051 t2 prod 5724 $1590 | Encendedor Clipper Jet Flame Rainbow Mush
       | 2523 t1 huerfana $36990 | Encendedor Jet Flame Jet Horror Zoo 24U- Clipper
 d=107 | 11967 t1 prod 5725 $1000 | Encendedor Clipper Recargable Crystal 12 – Diseño Surti
       | 19585 t2 huerfana $990 | Encendedor Clipper Amazing Landscapes
 d=107 | 11967 t1 prod 5725 $1000 | Encendedor Clipper Recargable Crystal 12 – Diseño Surti
       | 19711 t2 huerfana $990 | Encendedor Clipper Terror Pixel
 d=107 | 11968 t1 prod 5725 $1000 | Encendedor Clipper Recargable Horror Days 1 – Diseño Su
       | 13355 t2 huerfana $990 | Encendedor Clipper Motor Sport 1
 d=107 | 11968 t1 prod 5725 $1000 | Encendedor Clipper Recargable Horror Days 1 – Diseño Su
       | 19627 t2 huerfana $990 | Encendedor Clipper Geometric Leaves
 d=107 | 11968 t1 prod 5725 $1000 | Encendedor Clipper Recargable Horror Days 1 – Diseño Su
       | 19650 t2 huerfana $990 | Encendedor Clipper Llama Work
 d=107 | 11968 t1 prod 5725 $1000 | Encendedor Clipper Recargable Horror Days 1 – Diseño Su
       | 19704 t2 huerfana $990 | Encendedor Clipper Sushi Sentences
 d=107 | 11969 t1 huerfana $1000 | Encendedor Clipper Recargable Horror Days 2 – Diseño Su
       | 13364 t2 huerfana $990 | Encendedor Clipper Random Criatures 2
 d=107 | 11969 t1 huerfana $1000 | Encendedor Clipper Recargable Horror Days 2 – Diseño Su
       | 19905 t2 huerfana $990 | Encendedor Clipper Trampolining
 d=107 | 11970 t1 prod 10307 $1000 | Encendedor Clipper Recargable Onis 1 – Diseño Surtido (
       | 13339 t2 huerfana $990 | Encendedor Clipper Cowboy Life 2
 d=107 | 11970 t1 prod 10307 $1000 | Encendedor Clipper Recargable Onis 1 – Diseño Surtido (
       | 13341 t2 huerfana $990 | Encendedor Clipper Cowboy Life 4
 d=107 | 11971 t1 prod 10304 $1000 | Encendedor Clipper Recargable Super Pockets 1 – Diseño 
       | 19698 t2 huerfana $990 | Encendedor Clipper Space Helmets
 d=107 | 11972 t1 prod 10305 $1000 | Encendedor Clipper Recargable Super Pockets 2 – Diseño 
       | 19672 t2 huerfana $990 | Encendedor Clipper Ninja Cats
 d=107 | 11972 t1 prod 10305 $1000 | Encendedor Clipper Recargable Super Pockets 2 – Diseño 
       | 19677 t2 huerfana $990 | Encendedor Clipper Pilot Animals
 d=107 | 11973 t1 prod 10306 $1000 | Encendedor Clipper Recargable Super Pockets 4 – Diseño 
       | 13362 t2 huerfana $990 | Encendedor Clipper Weed Skulls
 d=107 | 12240 t1 huerfana $1000 | Encendedor Clipper Recargable Bear Skulls – Diseño Surt
       | 13362 t2 huerfana $990 | Encendedor Clipper Weed Skulls
 d=107 | 12241 t1 prod 10577 $1000 | Encendedor Clipper Recargable Funny Cupid – Diseño Surt
       | 19716 t2 huerfana $990 | Encendedor Clipper Triple Skull
 d=107 | 12242 t1 huerfana $1000 | Encendedor Clipper Recargable Green Bait – Diseño Surti
       | 13339 t2 huerfana $990 | Encendedor Clipper Cowboy Life 2
 d=107 | 12242 t1 huerfana $1000 | Encendedor Clipper Recargable Green Bait – Diseño Surti
       | 13341 t2 huerfana $990 | Encendedor Clipper Cowboy Life 4
 d=107 | 12243 t1 prod 10705 $1000 | Encendedor Clipper Recargable Kings of Valhala – Diseño
       | 13362 t2 huerfana $990 | Encendedor Clipper Weed Skulls
 d=107 | 12243 t1 prod 10705 $1000 | Encendedor Clipper Recargable Kings of Valhala – Diseño
       | 19705 t2 huerfana $990 | Encendedor Clipper Tarot Cards
 d=107 | 12245 t1 prod 10579 $1000 | Encendedor Clipper Recargable Sea Monsters – Diseño Sur
       | 19674 t2 huerfana $990 | Encendedor Clipper Panda Warriors
 d=107 | 12245 t1 prod 10579 $1000 | Encendedor Clipper Recargable Sea Monsters – Diseño Sur
       | 19705 t2 huerfana $990 | Encendedor Clipper Tarot Cards
 d=107 | 12247 t1 huerfana $1000 | Encendedor Clipper Recargable Spring Print – Diseño Sur
       | 19621 t2 huerfana $990 | Encendedor Clipper Forbidden Symbols
 d=107 | 12247 t1 huerfana $1000 | Encendedor Clipper Recargable Spring Print – Diseño Sur
       | 19718 t2 huerfana $990 | Encendedor Clipper Unicorn Sings
 d=107 | 12249 t1 prod 10581 $1000 | Encendedor Clipper Recargable Z-Bunnys – Diseño Surtido
       | 13339 t2 huerfana $990 | Encendedor Clipper Cowboy Life 2
 d=107 | 12249 t1 prod 10581 $1000 | Encendedor Clipper Recargable Z-Bunnys – Diseño Surtido
       | 19598 t2 huerfana $990 | Encendedor Clipper Big Head
 d=107 | 12249 t1 prod 10581 $1000 | Encendedor Clipper Recargable Z-Bunnys – Diseño Surtido
       | 19683 t2 huerfana $990 | Encendedor Clipper Psycho Weed
 d=107 | 12304 t1 prod 10576 $1000 | Encendedor Clipper Recargable Shinobis – Diseño Surtido
       | 13343 t2 huerfana $990 | Encendedor Clipper Death Animals 3
 d=107 | 12304 t1 prod 10576 $1000 | Encendedor Clipper Recargable Shinobis – Diseño Surtido
       | 19599 t2 huerfana $990 | Encendedor Clipper Birthday Leopard
 d=107 | 32567 t1 huerfana $32990 | Soplete Monster Pro Doble Llama -Calvo Glass - azul
       | 34289 t2 prod 10667 $20990 | Ignite Soplete Phantom - Rojo
 d=108 | 93 t2 prod 5725 $990 | Encendedor Clipper Horror Days 1
       | 11969 t1 huerfana $1000 | Encendedor Clipper Recargable Horror Days 2 – Diseño Su
 d=108 | 2523 t1 huerfana $36990 | Encendedor Jet Flame Jet Horror Zoo 24U- Clipper
       | 19890 t2 huerfana $990 | Encendedor Clipper Elephants
 d=108 | 2562 t1 prod 5724 $1490 | Encendedor Jet Flame Jet Good Vibes Only Clipper
       | 19718 t2 huerfana $990 | Encendedor Clipper Unicorn Sings
 d=108 | 2562 t1 prod 5724 $1490 | Encendedor Jet Flame Jet Good Vibes Only Clipper
       | 19731 t2 huerfana $990 | Encendedor Clipper Women’s Day
 d=108 | 2562 t1 prod 5724 $1490 | Encendedor Jet Flame Jet Good Vibes Only Clipper
       | 19890 t2 huerfana $990 | Encendedor Clipper Elephants
 d=108 | 2572 t1 prod 5724 $1490 | Encendedor Jet Flame Jet Hippie World Clipper
       | 13338 t2 huerfana $990 | Encendedor Clipper Cowboy Life 1
 d=108 | 2573 t1 prod 5724 $1590 | Encendedor Jet Flame Jet Horror Zoo Clipper
       | 19890 t2 huerfana $990 | Encendedor Clipper Elephants
 d=108 | 11969 t1 huerfana $1000 | Encendedor Clipper Recargable Horror Days 2 – Diseño Su
       | 13377 t2 prod 10306 $990 | Encendedor Clipper Super Pocket 4
 d=108 | 11973 t1 prod 10306 $1000 | Encendedor Clipper Recargable Super Pockets 4 – Diseño 
       | 19472 t2 huerfana $1590 | Encendedor Clipper Jet Crystal Fluo
 d=108 | 12240 t1 huerfana $1000 | Encendedor Clipper Recargable Bear Skulls – Diseño Surt
       | 13338 t2 huerfana $990 | Encendedor Clipper Cowboy Life 1
 d=108 | 12240 t1 huerfana $1000 | Encendedor Clipper Recargable Bear Skulls – Diseño Surt
       | 19468 t2 huerfana $990 | Encendedor Clipper Cops And Robbers
 d=108 | 12241 t1 prod 10577 $1000 | Encendedor Clipper Recargable Funny Cupid – Diseño Surt
       | 19468 t2 huerfana $990 | Encendedor Clipper Cops And Robbers
 d=108 | 12242 t1 huerfana $1000 | Encendedor Clipper Recargable Green Bait – Diseño Surti
       | 19653 t2 huerfana $990 | Encendedor Clipper Lovely Clowns
 d=108 | 12242 t1 huerfana $1000 | Encendedor Clipper Recargable Green Bait – Diseño Surti
       | 19693 t2 huerfana $990 | Encendedor Clipper Simple Tattos
 d=108 | 12303 t1 prod 10578 $1000 | Encendedor Clipper Recargable Burningman – Diseño Surti
       | 13340 t2 huerfana $990 | Encendedor Clipper Cowboy Life 3
 d=108 | 12303 t1 prod 10578 $1000 | Encendedor Clipper Recargable Burningman – Diseño Surti
       | 13341 t2 huerfana $990 | Encendedor Clipper Cowboy Life 4
 d=108 | 12303 t1 prod 10578 $1000 | Encendedor Clipper Recargable Burningman – Diseño Surti
       | 19722 t2 huerfana $990 | Encendedor Clipper Vintage Cars
 d=108 | 13679 t2 huerfana $34990 | Special Blue Soplete Monster Pro Doble Llama - Toolbox
       | 33045 t1 prod 10667 $19990 | Soplete Phantom -Ignite - Rojo
 d=108 | 33045 t1 prod 10667 $19990 | Soplete Phantom -Ignite - Rojo
       | 35650 t2 huerfana $34990 | Special Blue Soplete Monster Pro Doble Llama - Toolbox 
 d=108 | 33045 t1 prod 10667 $19990 | Soplete Phantom -Ignite - Rojo
       | 35652 t2 huerfana $34990 | Special Blue Soplete Monster Pro Doble Llama - Toolbox 
 d=109 | 2050 t2 prod 5724 $1590 | Encendedor Clipper Jet Flame Print Weed
       | 11969 t1 huerfana $1000 | Encendedor Clipper Recargable Horror Days 2 – Diseño Su
 d=109 | 2523 t1 huerfana $36990 | Encendedor Jet Flame Jet Horror Zoo 24U- Clipper
       | 13375 t2 prod 10304 $990 | Encendedor Clipper Super Pocket 1
 d=109 | 2562 t1 prod 5724 $1490 | Encendedor Jet Flame Jet Good Vibes Only Clipper
       | 13362 t2 huerfana $990 | Encendedor Clipper Weed Skulls
 d=109 | 11967 t1 prod 5725 $1000 | Encendedor Clipper Recargable Crystal 12 – Diseño Surti
       | 13490 t2 huerfana $990 | Encendedor Clipper Skull 8
 d=109 | 11967 t1 prod 5725 $1000 | Encendedor Clipper Recargable Crystal 12 – Diseño Surti
       | 19693 t2 huerfana $990 | Encendedor Clipper Simple Tattos
 d=109 | 11970 t1 prod 10307 $1000 | Encendedor Clipper Recargable Onis 1 – Diseño Surtido (
       | 19642 t2 huerfana $990 | Encendedor Clipper Hot Sentences
 d=109 | 11970 t1 prod 10307 $1000 | Encendedor Clipper Recargable Onis 1 – Diseño Surtido (
       | 19677 t2 huerfana $990 | Encendedor Clipper Pilot Animals
 d=109 | 11971 t1 prod 10304 $1000 | Encendedor Clipper Recargable Super Pockets 1 – Diseño 
       | 19664 t2 huerfana $990 | Encendedor Clipper Mushrooms Colors
 d=109 | 11971 t1 prod 10304 $1000 | Encendedor Clipper Recargable Super Pockets 1 – Diseño 
       | 19683 t2 huerfana $990 | Encendedor Clipper Psycho Weed
 d=109 | 11972 t1 prod 10305 $1000 | Encendedor Clipper Recargable Super Pockets 2 – Diseño 
       | 13363 t2 huerfana $990 | Encendedor Clipper Random Creatures 3
 d=109 | 11973 t1 prod 10306 $1000 | Encendedor Clipper Recargable Super Pockets 4 – Diseño 
       | 19626 t2 huerfana $990 | Encendedor Clipper Zombie Gangsters
 d=109 | 12240 t1 huerfana $1000 | Encendedor Clipper Recargable Bear Skulls – Diseño Surt
       | 19897 t2 huerfana $990 | Encendedor Clipper Kamasutra 3
 d=109 | 12242 t1 huerfana $1000 | Encendedor Clipper Recargable Green Bait – Diseño Surti
       | 13364 t2 huerfana $990 | Encendedor Clipper Random Criatures 2
 d=109 | 12242 t1 huerfana $1000 | Encendedor Clipper Recargable Green Bait – Diseño Surti
       | 19902 t2 prod 10576 $990 | Encendedor Clipper Shinobis
 d=109 | 12248 t1 huerfana $1000 | Encendedor Clipper Recargable Weed Rhyme – Diseño Surti
       | 13375 t2 prod 10304 $990 | Encendedor Clipper Super Pocket 1
 d=109 | 12304 t1 prod 10576 $1000 | Encendedor Clipper Recargable Shinobis – Diseño Surtido
       | 19625 t2 huerfana $990 | Encendedor Clipper Game Lover
 d=109 | 17959 t1 prod 10480 $6490 | Encendedor Metálico Deep Blue
       | 35870 t2 huerfana $6990 | Encendedor Clipper Metálico Turquoise - Opaco
 d=109 | 18127 t1 prod 10483 $3990 | Soplete Bernie Variedades
       | 35810 t2 huerfana $3990 | Special Blue Encendedor Soplete Bernie Wild &amp; Free 
 d=109 | 18127 t1 prod 10483 $3990 | Soplete Bernie Variedades
       | 35955 t2 huerfana $3990 | Special Blue Encendedor Soplete Bernie Psychedelic - Ra
 d=109 | 33034 t1 prod 10665 $21990 | Soplete Compact -Ignite - Negro
       | 39745 t4 huerfana $21600 | Soplete Compact Ignite - GB The Green Brand
 d=110 | 2523 t1 huerfana $36990 | Encendedor Jet Flame Jet Horror Zoo 24U- Clipper
       | 19472 t2 huerfana $1590 | Encendedor Clipper Jet Crystal Fluo
 d=110 | 2562 t1 prod 5724 $1490 | Encendedor Jet Flame Jet Good Vibes Only Clipper
       | 19672 t2 huerfana $990 | Encendedor Clipper Ninja Cats
 d=110 | 2573 t1 prod 5724 $1590 | Encendedor Jet Flame Jet Horror Zoo Clipper
       | 19472 t2 huerfana $1590 | Encendedor Clipper Jet Crystal Fluo
 d=110 | 11968 t1 prod 5725 $1000 | Encendedor Clipper Recargable Horror Days 1 – Diseño Su
       | 19663 t2 huerfana $990 | Encendedor Clipper Monumental Bones
 d=110 | 11968 t1 prod 5725 $1000 | Encendedor Clipper Recargable Horror Days 1 – Diseño Su
       | 19669 t2 huerfana $990 | Encendedor Clipper New Graff
 d=110 | 11969 t1 huerfana $1000 | Encendedor Clipper Recargable Horror Days 2 – Diseño Su
       | 19651 t2 prod 10580 $990 | Encendedor Clipper Lol Food
 d=110 | 11969 t1 huerfana $1000 | Encendedor Clipper Recargable Horror Days 2 – Diseño Su
       | 19674 t2 huerfana $990 | Encendedor Clipper Panda Warriors
 d=110 | 11970 t1 prod 10307 $1000 | Encendedor Clipper Recargable Onis 1 – Diseño Surtido (
       | 19900 t2 huerfana $990 | Encendedor Clipper Roses
 d=110 | 11972 t1 prod 10305 $1000 | Encendedor Clipper Recargable Super Pockets 2 – Diseño 
       | 19674 t2 huerfana $990 | Encendedor Clipper Panda Warriors
 d=110 | 11973 t1 prod 10306 $1000 | Encendedor Clipper Recargable Super Pockets 4 – Diseño 
       | 19590 t2 huerfana $990 | Encendedor Clipper Animals Zombies
 d=110 | 12240 t1 huerfana $1000 | Encendedor Clipper Recargable Bear Skulls – Diseño Surt
       | 19472 t2 huerfana $1590 | Encendedor Clipper Jet Crystal Fluo
 d=110 | 12240 t1 huerfana $1000 | Encendedor Clipper Recargable Bear Skulls – Diseño Surt
       | 19905 t2 huerfana $990 | Encendedor Clipper Trampolining
 d=110 | 12240 t1 huerfana $1000 | Encendedor Clipper Recargable Bear Skulls – Diseño Surt
       | 36060 t2 prod 10705 $990 | Encendedor Clipper Kings of Valhala
 d=110 | 12241 t1 prod 10577 $1000 | Encendedor Clipper Recargable Funny Cupid – Diseño Surt
       | 13338 t2 huerfana $990 | Encendedor Clipper Cowboy Life 1
 d=110 | 12241 t1 prod 10577 $1000 | Encendedor Clipper Recargable Funny Cupid – Diseño Surt
       | 19905 t2 huerfana $990 | Encendedor Clipper Trampolining
 d=110 | 12242 t1 huerfana $1000 | Encendedor Clipper Recargable Green Bait – Diseño Surti
       | 19651 t2 prod 10580 $990 | Encendedor Clipper Lol Food
 d=110 | 12242 t1 huerfana $1000 | Encendedor Clipper Recargable Green Bait – Diseño Surti
       | 19689 t2 prod 10579 $990 | Encendedor Clipper Sea Monster
 d=110 | 12242 t1 huerfana $1000 | Encendedor Clipper Recargable Green Bait – Diseño Surti
       | 19885 t2 prod 10578 $990 | Encendedor Clipper Burningman
 d=110 | 12242 t1 huerfana $1000 | Encendedor Clipper Recargable Green Bait – Diseño Surti
       | 19900 t2 huerfana $990 | Encendedor Clipper Roses
 d=110 | 12243 t1 prod 10705 $1000 | Encendedor Clipper Recargable Kings of Valhala – Diseño
       | 19664 t2 huerfana $990 | Encendedor Clipper Mushrooms Colors
 d=110 | 12244 t1 prod 10580 $1000 | Encendedor Clipper Recargable Lol Food – Diseño Surtido
       | 13341 t2 huerfana $990 | Encendedor Clipper Cowboy Life 4
 d=110 | 12244 t1 prod 10580 $1000 | Encendedor Clipper Recargable Lol Food – Diseño Surtido
       | 13382 t2 huerfana $990 | Encendedor Clipper Weed Skulls 1
 d=110 | 12245 t1 prod 10579 $1000 | Encendedor Clipper Recargable Sea Monsters – Diseño Sur
       | 19648 t2 huerfana $990 | Encendedor Clipper Leaves World
 d=110 | 12248 t1 huerfana $1000 | Encendedor Clipper Recargable Weed Rhyme – Diseño Surti
       | 19621 t2 huerfana $990 | Encendedor Clipper Forbidden Symbols
 d=110 | 12248 t1 huerfana $1000 | Encendedor Clipper Recargable Weed Rhyme – Diseño Surti
       | 19624 t2 prod 10577 $990 | Encendedor Clipper Funny Cupid
 d=110 | 12249 t1 prod 10581 $1000 | Encendedor Clipper Recargable Z-Bunnys – Diseño Surtido
       | 19661 t2 huerfana $990 | Encendedor Clipper Molten Skulls
 d=110 | 12303 t1 prod 10578 $1000 | Encendedor Clipper Recargable Burningman – Diseño Surti
       | 19701 t2 huerfana $990 | Encendedor Clipper Spring Graffiti
 d=110 | 12686 t1 prod 10277 $44990 | Fire Heart Design-Zippo
       | 19483 t2 huerfana $36990 | Encendedor Zippo Classic Purple Matte
 d=110 | 17958 t1 prod 10575 $1000 | Encendedor Clipper Recargable Paranormal Puffs – Diseño
       | 19664 t2 huerfana $990 | Encendedor Clipper Mushrooms Colors
 d=111 | 89 t2 prod 5725 $990 | Encendedor Clipper Space Area 1
       | 12242 t1 huerfana $1000 | Encendedor Clipper Recargable Green Bait – Diseño Surti
 d=111 | 103 t2 prod 5725 $990 | Encendedor Clipper Monsters 1
       | 11969 t1 huerfana $1000 | Encendedor Clipper Recargable Horror Days 2 – Diseño Su
 d=111 | 1226 t2 prod 5724 $1590 | Encendedor Clipper Jet Flame Ink 4 Life
       | 11969 t1 huerfana $1000 | Encendedor Clipper Recargable Horror Days 2 – Diseño Su
 d=111 | 2571 t1 prod 5724 $1590 | Encendedor Jet Flame Jet Galactic Weed Clipper
       | 19683 t2 huerfana $990 | Encendedor Clipper Psycho Weed
 d=111 | 2571 t1 prod 5724 $1590 | Encendedor Jet Flame Jet Galactic Weed Clipper
       | 19698 t2 huerfana $990 | Encendedor Clipper Space Helmets
 d=111 | 11967 t1 prod 5725 $1000 | Encendedor Clipper Recargable Crystal 12 – Diseño Surti
       | 19467 t2 huerfana $990 | Encendedor Clipper Angels vs Demons
 d=111 | 11967 t1 prod 5725 $1000 | Encendedor Clipper Recargable Crystal 12 – Diseño Surti
       | 19704 t2 huerfana $990 | Encendedor Clipper Sushi Sentences
 d=111 | 11969 t1 huerfana $1000 | Encendedor Clipper Recargable Horror Days 2 – Diseño Su
       | 13351 t2 huerfana $990 | Encendedor Clipper Marked Skulls 1
 d=111 | 11969 t1 huerfana $1000 | Encendedor Clipper Recargable Horror Days 2 – Diseño Su
       | 19890 t2 huerfana $990 | Encendedor Clipper Elephants
 d=111 | 11973 t1 prod 10306 $1000 | Encendedor Clipper Recargable Super Pockets 4 – Diseño 
       | 19674 t2 huerfana $990 | Encendedor Clipper Panda Warriors
 d=111 | 12241 t1 prod 10577 $1000 | Encendedor Clipper Recargable Funny Cupid – Diseño Surt
       | 19674 t2 huerfana $990 | Encendedor Clipper Panda Warriors
 d=111 | 12242 t1 huerfana $1000 | Encendedor Clipper Recargable Green Bait – Diseño Surti
       | 13351 t2 huerfana $990 | Encendedor Clipper Marked Skulls 1
 d=111 | 12242 t1 huerfana $1000 | Encendedor Clipper Recargable Green Bait – Diseño Surti
       | 19625 t2 huerfana $990 | Encendedor Clipper Game Lover
 d=111 | 12243 t1 prod 10705 $1000 | Encendedor Clipper Recargable Kings of Valhala – Diseño
       | 19690 t2 huerfana $990 | Encendedor Clipper See You
 d=111 | 12248 t1 huerfana $1000 | Encendedor Clipper Recargable Weed Rhyme – Diseño Surti
       | 19897 t2 huerfana $990 | Encendedor Clipper Kamasutra 3
 d=111 | 12249 t1 prod 10581 $1000 | Encendedor Clipper Recargable Z-Bunnys – Diseño Surtido
       | 19599 t2 huerfana $990 | Encendedor Clipper Birthday Leopard
 d=111 | 12280 t1 prod 10318 $990 | Repuesto Pedernal Encendedor X3-Clipper
       | 19458 t2 huerfana $1490 | Clipper Repuestos Rueda y Piedra
 d=111 | 12304 t1 prod 10576 $1000 | Encendedor Clipper Recargable Shinobis – Diseño Surtido
       | 19896 t2 huerfana $990 | Encendedor Clipper Halloween
 d=112 | 93 t2 prod 5725 $990 | Encendedor Clipper Horror Days 1
       | 12242 t1 huerfana $1000 | Encendedor Clipper Recargable Green Bait – Diseño Surti
 d=112 | 812 t1 huerfana $36990 | Encendedor Jet Flame Jet Cozy Skull 24U- Clipper
       | 20295 t2 prod 10575 $990 | Encendedor Clipper Paranormal Puff
 d=112 | 2049 t2 prod 5724 $1592 | Encendedor Clipper Jet Flame Horror Zoo
       | 12247 t1 huerfana $1000 | Encendedor Clipper Recargable Spring Print – Diseño Sur
 d=112 | 2052 t2 prod 5724 $1590 | Encendedor Clipper Jet Flame Rotten Burgers
       | 2523 t1 huerfana $36990 | Encendedor Jet Flame Jet Horror Zoo 24U- Clipper
 d=112 | 2070 t2 prod 5724 $1590 | Encendedor Clipper Jet Flame Ravetrip
       | 12240 t1 huerfana $1000 | Encendedor Clipper Recargable Bear Skulls – Diseño Surt
 d=112 | 2571 t1 prod 5724 $1590 | Encendedor Jet Flame Jet Galactic Weed Clipper
       | 19623 t2 huerfana $990 | Encendedor Clipper Fruit Strains
 d=112 | 2571 t1 prod 5724 $1590 | Encendedor Jet Flame Jet Galactic Weed Clipper
       | 19665 t2 huerfana $990 | Encendedor Clipper Mushrooms Skulls
 d=112 | 2571 t1 prod 5724 $1590 | Encendedor Jet Flame Jet Galactic Weed Clipper
       | 19897 t2 huerfana $990 | Encendedor Clipper Kamasutra 3
 d=112 | 2572 t1 prod 5724 $1490 | Encendedor Jet Flame Jet Hippie World Clipper
       | 19625 t2 huerfana $990 | Encendedor Clipper Game Lover
 d=112 | 11967 t1 prod 5725 $1000 | Encendedor Clipper Recargable Crystal 12 – Diseño Surti
       | 13343 t2 huerfana $990 | Encendedor Clipper Death Animals 3
 d=112 | 11967 t1 prod 5725 $1000 | Encendedor Clipper Recargable Crystal 12 – Diseño Surti
       | 13382 t2 huerfana $990 | Encendedor Clipper Weed Skulls 1
 d=112 | 11967 t1 prod 5725 $1000 | Encendedor Clipper Recargable Crystal 12 – Diseño Surti
       | 19625 t2 huerfana $990 | Encendedor Clipper Game Lover
 d=112 | 11967 t1 prod 5725 $1000 | Encendedor Clipper Recargable Crystal 12 – Diseño Surti
       | 19722 t2 huerfana $990 | Encendedor Clipper Vintage Cars
 d=112 | 11968 t1 prod 5725 $1000 | Encendedor Clipper Recargable Horror Days 1 – Diseño Su
       | 19718 t2 huerfana $990 | Encendedor Clipper Unicorn Sings
 d=112 | 11969 t1 huerfana $1000 | Encendedor Clipper Recargable Horror Days 2 – Diseño Su
       | 19650 t2 huerfana $990 | Encendedor Clipper Llama Work
 d=112 | 11970 t1 prod 10307 $1000 | Encendedor Clipper Recargable Onis 1 – Diseño Surtido (
       | 19627 t2 huerfana $990 | Encendedor Clipper Geometric Leaves
 d=112 | 11970 t1 prod 10307 $1000 | Encendedor Clipper Recargable Onis 1 – Diseño Surtido (
       | 19711 t2 huerfana $990 | Encendedor Clipper Terror Pixel
 d=112 | 11971 t1 prod 10304 $1000 | Encendedor Clipper Recargable Super Pockets 1 – Diseño 
       | 19674 t2 huerfana $990 | Encendedor Clipper Panda Warriors
 d=112 | 11972 t1 prod 10305 $1000 | Encendedor Clipper Recargable Super Pockets 2 – Diseño 
       | 13355 t2 huerfana $990 | Encendedor Clipper Motor Sport 1
 d=112 | 11973 t1 prod 10306 $1000 | Encendedor Clipper Recargable Super Pockets 4 – Diseño 
       | 13364 t2 huerfana $990 | Encendedor Clipper Random Criatures 2
 d=112 | 11973 t1 prod 10306 $1000 | Encendedor Clipper Recargable Super Pockets 4 – Diseño 
       | 19672 t2 huerfana $990 | Encendedor Clipper Ninja Cats
 d=112 | 11973 t1 prod 10306 $1000 | Encendedor Clipper Recargable Super Pockets 4 – Diseño 
       | 19895 t2 huerfana $990 | Encendedor Clipper Goddesses
 d=112 | 12240 t1 huerfana $1000 | Encendedor Clipper Recargable Bear Skulls – Diseño Surt
       | 20295 t2 prod 10575 $990 | Encendedor Clipper Paranormal Puff
 d=112 | 12244 t1 prod 10580 $1000 | Encendedor Clipper Recargable Lol Food – Diseño Surtido
       | 19625 t2 huerfana $990 | Encendedor Clipper Game Lover
 d=112 | 12244 t1 prod 10580 $1000 | Encendedor Clipper Recargable Lol Food – Diseño Surtido
       | 19669 t2 huerfana $990 | Encendedor Clipper New Graff
 d=112 | 12244 t1 prod 10580 $1000 | Encendedor Clipper Recargable Lol Food – Diseño Surtido
       | 19895 t2 huerfana $990 | Encendedor Clipper Goddesses
 d=112 | 12245 t1 prod 10579 $1000 | Encendedor Clipper Recargable Sea Monsters – Diseño Sur
       | 19586 t2 huerfana $990 | Encendedor Clipper Ancient Skulls
 d=112 | 12245 t1 prod 10579 $1000 | Encendedor Clipper Recargable Sea Monsters – Diseño Sur
       | 19625 t2 huerfana $990 | Encendedor Clipper Game Lover
 d=112 | 12247 t1 huerfana $1000 | Encendedor Clipper Recargable Spring Print – Diseño Sur
       | 19467 t2 huerfana $990 | Encendedor Clipper Angels vs Demons
 d=112 | 12248 t1 huerfana $1000 | Encendedor Clipper Recargable Weed Rhyme – Diseño Surti
       | 19677 t2 huerfana $990 | Encendedor Clipper Pilot Animals
 d=112 | 12303 t1 prod 10578 $1000 | Encendedor Clipper Recargable Burningman – Diseño Surti
       | 13339 t2 huerfana $990 | Encendedor Clipper Cowboy Life 2
 d=112 | 12304 t1 prod 10576 $1000 | Encendedor Clipper Recargable Shinobis – Diseño Surtido
       | 13362 t2 huerfana $990 | Encendedor Clipper Weed Skulls
 d=112 | 12304 t1 prod 10576 $1000 | Encendedor Clipper Recargable Shinobis – Diseño Surtido
       | 19650 t2 huerfana $990 | Encendedor Clipper Llama Work
 d=112 | 12632 t1 huerfana $44990 | Sunset Black Light Design-Zippo
       | 18505 t2 prod 10425 $37990 | Encendedor Zippo Jack Daniel&#39;s Label
 d=113 | 2044 t2 prod 5724 $1590 | Encendedor Clipper Jet Flame Good Vibes Only
       | 2523 t1 huerfana $36990 | Encendedor Jet Flame Jet Horror Zoo 24U- Clipper
 d=113 | 2571 t1 prod 5724 $1590 | Encendedor Jet Flame Jet Galactic Weed Clipper
       | 19663 t2 huerfana $990 | Encendedor Clipper Monumental Bones
 d=113 | 2571 t1 prod 5724 $1590 | Encendedor Jet Flame Jet Galactic Weed Clipper
       | 19731 t2 huerfana $990 | Encendedor Clipper Women’s Day
 d=113 | 2572 t1 prod 5724 $1490 | Encendedor Jet Flame Jet Hippie World Clipper
       | 19627 t2 huerfana $990 | Encendedor Clipper Geometric Leaves
 d=113 | 11969 t1 huerfana $1000 | Encendedor Clipper Recargable Horror Days 2 – Diseño Su
       | 13339 t2 huerfana $990 | Encendedor Clipper Cowboy Life 2
 d=113 | 11969 t1 huerfana $1000 | Encendedor Clipper Recargable Horror Days 2 – Diseño Su
       | 13363 t2 huerfana $990 | Encendedor Clipper Random Creatures 3
 d=113 | 11969 t1 huerfana $1000 | Encendedor Clipper Recargable Horror Days 2 – Diseño Su
       | 19642 t2 huerfana $990 | Encendedor Clipper Hot Sentences
 d=113 | 11969 t1 huerfana $1000 | Encendedor Clipper Recargable Horror Days 2 – Diseño Su
       | 19672 t2 huerfana $990 | Encendedor Clipper Ninja Cats
 d=113 | 11969 t1 huerfana $1000 | Encendedor Clipper Recargable Horror Days 2 – Diseño Su
       | 19701 t2 huerfana $990 | Encendedor Clipper Spring Graffiti
 d=113 | 11970 t1 prod 10307 $1000 | Encendedor Clipper Recargable Onis 1 – Diseño Surtido (
       | 13363 t2 huerfana $990 | Encendedor Clipper Random Creatures 3
 d=113 | 11970 t1 prod 10307 $1000 | Encendedor Clipper Recargable Onis 1 – Diseño Surtido (
       | 19611 t2 huerfana $990 | Encendedor Clipper CyberPunk Animals
 d=113 | 11970 t1 prod 10307 $1000 | Encendedor Clipper Recargable Onis 1 – Diseño Surtido (
       | 19905 t2 huerfana $990 | Encendedor Clipper Trampolining
 d=113 | 11971 t1 prod 10304 $1000 | Encendedor Clipper Recargable Super Pockets 1 – Diseño 
       | 19672 t2 huerfana $990 | Encendedor Clipper Ninja Cats
 d=113 | 12241 t1 prod 10577 $1000 | Encendedor Clipper Recargable Funny Cupid – Diseño Surt
       | 19711 t2 huerfana $990 | Encendedor Clipper Terror Pixel
 d=113 | 12242 t1 huerfana $1000 | Encendedor Clipper Recargable Green Bait – Diseño Surti
       | 19643 t2 huerfana $990 | Encendedor Clipper Hungry UFO
 d=113 | 12243 t1 prod 10705 $1000 | Encendedor Clipper Recargable Kings of Valhala – Diseño
       | 19674 t2 huerfana $990 | Encendedor Clipper Panda Warriors
 d=113 | 12244 t1 prod 10580 $1000 | Encendedor Clipper Recargable Lol Food – Diseño Surtido
       | 19653 t2 huerfana $990 | Encendedor Clipper Lovely Clowns
 d=113 | 12245 t1 prod 10579 $1000 | Encendedor Clipper Recargable Sea Monsters – Diseño Sur
       | 19713 t2 huerfana $990 | Encendedor Clipper Tie Die
 d=113 | 12248 t1 huerfana $1000 | Encendedor Clipper Recargable Weed Rhyme – Diseño Surti
       | 13362 t2 huerfana $990 | Encendedor Clipper Weed Skulls
 d=113 | 12248 t1 huerfana $1000 | Encendedor Clipper Recargable Weed Rhyme – Diseño Surti
       | 19690 t2 huerfana $990 | Encendedor Clipper See You
 d=113 | 12249 t1 prod 10581 $1000 | Encendedor Clipper Recargable Z-Bunnys – Diseño Surtido
       | 13338 t2 huerfana $990 | Encendedor Clipper Cowboy Life 1
 d=113 | 12249 t1 prod 10581 $1000 | Encendedor Clipper Recargable Z-Bunnys – Diseño Surtido
       | 13351 t2 huerfana $990 | Encendedor Clipper Marked Skulls 1
 d=113 | 12249 t1 prod 10581 $1000 | Encendedor Clipper Recargable Z-Bunnys – Diseño Surtido
       | 19672 t2 huerfana $990 | Encendedor Clipper Ninja Cats
 d=113 | 12249 t1 prod 10581 $1000 | Encendedor Clipper Recargable Z-Bunnys – Diseño Surtido
       | 19722 t2 huerfana $990 | Encendedor Clipper Vintage Cars
 d=113 | 12303 t1 prod 10578 $1000 | Encendedor Clipper Recargable Burningman – Diseño Surti
       | 19693 t2 huerfana $990 | Encendedor Clipper Simple Tattos
 d=113 | 12304 t1 prod 10576 $1000 | Encendedor Clipper Recargable Shinobis – Diseño Surtido
       | 19663 t2 huerfana $990 | Encendedor Clipper Monumental Bones
 d=113 | 32895 t1 huerfana $14990 | Soplete Phantom Mini-Ignite - Rojo
       | 34266 t2 prod 10663 $15990 | Ignite Soplete Phantom Mini - Blanco
 d=114 | 812 t1 huerfana $36990 | Encendedor Jet Flame Jet Cozy Skull 24U- Clipper
       | 2050 t2 prod 5724 $1590 | Encendedor Clipper Jet Flame Print Weed
 d=114 | 2572 t1 prod 5724 $1490 | Encendedor Jet Flame Jet Hippie World Clipper
       | 19895 t2 huerfana $990 | Encendedor Clipper Goddesses
 d=114 | 11968 t1 prod 5725 $1000 | Encendedor Clipper Recargable Horror Days 1 – Diseño Su
       | 19701 t2 huerfana $990 | Encendedor Clipper Spring Graffiti
 d=114 | 11969 t1 huerfana $1000 | Encendedor Clipper Recargable Horror Days 2 – Diseño Su
       | 19623 t2 huerfana $990 | Encendedor Clipper Fruit Strains
 d=114 | 11969 t1 huerfana $1000 | Encendedor Clipper Recargable Horror Days 2 – Diseño Su
       | 19711 t2 huerfana $990 | Encendedor Clipper Terror Pixel
 d=114 | 11969 t1 huerfana $1000 | Encendedor Clipper Recargable Horror Days 2 – Diseño Su
       | 19900 t2 huerfana $990 | Encendedor Clipper Roses
 d=114 | 11970 t1 prod 10307 $1000 | Encendedor Clipper Recargable Onis 1 – Diseño Surtido (
       | 19674 t2 huerfana $990 | Encendedor Clipper Panda Warriors
 d=114 | 12240 t1 huerfana $1000 | Encendedor Clipper Recargable Bear Skulls – Diseño Surt
       | 19586 t2 huerfana $990 | Encendedor Clipper Ancient Skulls
 d=114 | 12240 t1 huerfana $1000 | Encendedor Clipper Recargable Bear Skulls – Diseño Surt
       | 19621 t2 huerfana $990 | Encendedor Clipper Forbidden Symbols
 d=114 | 12240 t1 huerfana $1000 | Encendedor Clipper Recargable Bear Skulls – Diseño Surt
       | 19672 t2 huerfana $990 | Encendedor Clipper Ninja Cats
 d=114 | 12241 t1 prod 10577 $1000 | Encendedor Clipper Recargable Funny Cupid – Diseño Surt
       | 13363 t2 huerfana $990 | Encendedor Clipper Random Creatures 3
 d=114 | 12241 t1 prod 10577 $1000 | Encendedor Clipper Recargable Funny Cupid – Diseño Surt
       | 19586 t2 huerfana $990 | Encendedor Clipper Ancient Skulls
 d=114 | 12242 t1 huerfana $1000 | Encendedor Clipper Recargable Green Bait – Diseño Surti
       | 13376 t2 prod 10305 $990 | Encendedor Clipper Super Pocket 2
 d=114 | 12242 t1 huerfana $1000 | Encendedor Clipper Recargable Green Bait – Diseño Surti
       | 19627 t2 huerfana $990 | Encendedor Clipper Geometric Leaves
 d=114 | 12242 t1 huerfana $1000 | Encendedor Clipper Recargable Green Bait – Diseño Surti
       | 19704 t2 huerfana $990 | Encendedor Clipper Sushi Sentences
 d=114 | 12243 t1 prod 10705 $1000 | Encendedor Clipper Recargable Kings of Valhala – Diseño
       | 19621 t2 huerfana $990 | Encendedor Clipper Forbidden Symbols
 d=114 | 12243 t1 prod 10705 $1000 | Encendedor Clipper Recargable Kings of Valhala – Diseño
       | 19703 t2 huerfana $990 | Encendedor Clipper Super Unicorns
 d=114 | 12244 t1 prod 10580 $1000 | Encendedor Clipper Recargable Lol Food – Diseño Surtido
       | 19472 t2 huerfana $1590 | Encendedor Clipper Jet Crystal Fluo
 d=114 | 12244 t1 prod 10580 $1000 | Encendedor Clipper Recargable Lol Food – Diseño Surtido
       | 19621 t2 huerfana $990 | Encendedor Clipper Forbidden Symbols
 d=114 | 12244 t1 prod 10580 $1000 | Encendedor Clipper Recargable Lol Food – Diseño Surtido
       | 19722 t2 huerfana $990 | Encendedor Clipper Vintage Cars
 d=114 | 12245 t1 prod 10579 $1000 | Encendedor Clipper Recargable Sea Monsters – Diseño Sur
       | 19703 t2 huerfana $990 | Encendedor Clipper Super Unicorns
 d=114 | 12248 t1 huerfana $1000 | Encendedor Clipper Recargable Weed Rhyme – Diseño Surti
       | 13363 t2 huerfana $990 | Encendedor Clipper Random Creatures 3
 d=114 | 12249 t1 prod 10581 $1000 | Encendedor Clipper Recargable Z-Bunnys – Diseño Surtido
       | 13355 t2 huerfana $990 | Encendedor Clipper Motor Sport 1
 d=114 | 12249 t1 prod 10581 $1000 | Encendedor Clipper Recargable Z-Bunnys – Diseño Surtido
       | 19693 t2 huerfana $990 | Encendedor Clipper Simple Tattos
 d=114 | 12303 t1 prod 10578 $1000 | Encendedor Clipper Recargable Burningman – Diseño Surti
       | 19642 t2 huerfana $990 | Encendedor Clipper Hot Sentences
 d=114 | 12303 t1 prod 10578 $1000 | Encendedor Clipper Recargable Burningman – Diseño Surti
       | 19895 t2 huerfana $990 | Encendedor Clipper Goddesses
 d=114 | 32569 t1 huerfana $32990 | Soplete Monster Pro Doble Llama -Calvo Glass - Rojo
       | 34289 t2 prod 10667 $20990 | Ignite Soplete Phantom - Rojo
 d=114 | 33033 t1 huerfana $21990 | Soplete Compact -Ignite - Amarillo
       | 34315 t2 prod 10665 $23990 | Soplete Compact Ignite - Negro
 d=114 | 33044 t1 prod 10667 $19990 | Soplete Phantom -Ignite - Negro
       | 35651 t2 huerfana $34990 | Special Blue Soplete Monster Pro Doble Llama - Toolbox 
 d=115 | 6 t2 prod 5725 $990 | Encendedor Clipper Space Area 4
       | 11969 t1 huerfana $1000 | Encendedor Clipper Recargable Horror Days 2 – Diseño Su
 d=115 | 102 t2 prod 5725 $990 | Encendedor Clipper Taroting 2
       | 2523 t1 huerfana $36990 | Encendedor Jet Flame Jet Horror Zoo 24U- Clipper
 d=115 | 102 t2 prod 5725 $990 | Encendedor Clipper Taroting 2
       | 12240 t1 huerfana $1000 | Encendedor Clipper Recargable Bear Skulls – Diseño Surt
 d=115 | 812 t1 huerfana $36990 | Encendedor Jet Flame Jet Cozy Skull 24U- Clipper
       | 19665 t2 huerfana $990 | Encendedor Clipper Mushrooms Skulls
 d=115 | 2052 t2 prod 5724 $1590 | Encendedor Clipper Jet Flame Rotten Burgers
       | 12242 t1 huerfana $1000 | Encendedor Clipper Recargable Green Bait – Diseño Surti
 d=115 | 2067 t2 prod 5724 $1590 | Encendedor Clipper Jet Flame CozySkulls
       | 12248 t1 huerfana $1000 | Encendedor Clipper Recargable Weed Rhyme – Diseño Surti
 d=115 | 2523 t1 huerfana $36990 | Encendedor Jet Flame Jet Horror Zoo 24U- Clipper
       | 19716 t2 huerfana $990 | Encendedor Clipper Triple Skull
 d=115 | 2562 t1 prod 5724 $1490 | Encendedor Jet Flame Jet Good Vibes Only Clipper
       | 19623 t2 huerfana $990 | Encendedor Clipper Fruit Strains
 d=115 | 2573 t1 prod 5724 $1590 | Encendedor Jet Flame Jet Horror Zoo Clipper
       | 19716 t2 huerfana $990 | Encendedor Clipper Triple Skull
 d=115 | 11967 t1 prod 5725 $1000 | Encendedor Clipper Recargable Crystal 12 – Diseño Surti
       | 19650 t2 huerfana $990 | Encendedor Clipper Llama Work
 d=115 | 11969 t1 huerfana $1000 | Encendedor Clipper Recargable Horror Days 2 – Diseño Su
       | 19621 t2 huerfana $990 | Encendedor Clipper Forbidden Symbols
 d=115 | 11970 t1 prod 10307 $1000 | Encendedor Clipper Recargable Onis 1 – Diseño Surtido (
       | 13343 t2 huerfana $990 | Encendedor Clipper Death Animals 3
 d=115 | 11970 t1 prod 10307 $1000 | Encendedor Clipper Recargable Onis 1 – Diseño Surtido (
       | 19599 t2 huerfana $990 | Encendedor Clipper Birthday Leopard
 d=115 | 11971 t1 prod 10304 $1000 | Encendedor Clipper Recargable Super Pockets 1 – Diseño 
       | 13364 t2 huerfana $990 | Encendedor Clipper Random Criatures 2
 d=115 | 11971 t1 prod 10304 $1000 | Encendedor Clipper Recargable Super Pockets 1 – Diseño 
       | 19590 t2 huerfana $990 | Encendedor Clipper Animals Zombies
 d=115 | 11972 t1 prod 10305 $1000 | Encendedor Clipper Recargable Super Pockets 2 – Diseño 
       | 13339 t2 huerfana $990 | Encendedor Clipper Cowboy Life 2
 d=115 | 11972 t1 prod 10305 $1000 | Encendedor Clipper Recargable Super Pockets 2 – Diseño 
       | 13341 t2 huerfana $990 | Encendedor Clipper Cowboy Life 4
 d=115 | 11972 t1 prod 10305 $1000 | Encendedor Clipper Recargable Super Pockets 2 – Diseño 
       | 13364 t2 huerfana $990 | Encendedor Clipper Random Criatures 2
 d=115 | 11972 t1 prod 10305 $1000 | Encendedor Clipper Recargable Super Pockets 2 – Diseño 
       | 19590 t2 huerfana $990 | Encendedor Clipper Animals Zombies
 d=115 | 11973 t1 prod 10306 $1000 | Encendedor Clipper Recargable Super Pockets 4 – Diseño 
       | 19711 t2 huerfana $990 | Encendedor Clipper Terror Pixel
 d=115 | 12241 t1 prod 10577 $1000 | Encendedor Clipper Recargable Funny Cupid – Diseño Surt
       | 19596 t2 huerfana $990 | Encendedor Clipper Be Hippie
 d=115 | 12242 t1 huerfana $1000 | Encendedor Clipper Recargable Green Bait – Diseño Surti
       | 19611 t2 huerfana $990 | Encendedor Clipper CyberPunk Animals
 d=115 | 12244 t1 prod 10580 $1000 | Encendedor Clipper Recargable Lol Food – Diseño Surtido
       | 19661 t2 huerfana $990 | Encendedor Clipper Molten Skulls
 d=115 | 12247 t1 huerfana $1000 | Encendedor Clipper Recargable Spring Print – Diseño Sur
       | 19624 t2 prod 10577 $990 | Encendedor Clipper Funny Cupid
 d=115 | 12249 t1 prod 10581 $1000 | Encendedor Clipper Recargable Z-Bunnys – Diseño Surtido
       | 19895 t2 huerfana $990 | Encendedor Clipper Goddesses
 d=115 | 12303 t1 prod 10578 $1000 | Encendedor Clipper Recargable Burningman – Diseño Surti
       | 19650 t2 huerfana $990 | Encendedor Clipper Llama Work
 d=115 | 17958 t1 prod 10575 $1000 | Encendedor Clipper Recargable Paranormal Puffs – Diseño
       | 19665 t2 huerfana $990 | Encendedor Clipper Mushrooms Skulls
 d=115 | 35651 t2 huerfana $34990 | Special Blue Soplete Monster Pro Doble Llama - Toolbox 
       | 38364 t3 huerfana $14243 | Encendedor Soplete Ignite Phantom | PIRANHA
 d=116 | 812 t1 huerfana $36990 | Encendedor Jet Flame Jet Cozy Skull 24U- Clipper
       | 2070 t2 prod 5724 $1590 | Encendedor Clipper Jet Flame Ravetrip
 d=116 | 1226 t2 prod 5724 $1590 | Encendedor Clipper Jet Flame Ink 4 Life
       | 12248 t1 huerfana $1000 | Encendedor Clipper Recargable Weed Rhyme – Diseño Surti
 d=116 | 2047 t2 prod 5724 $1590 | Encendedor Clipper Jet Flame Galactic Weed
       | 12248 t1 huerfana $1000 | Encendedor Clipper Recargable Weed Rhyme – Diseño Surti
 d=116 | 2070 t2 prod 5724 $1590 | Encendedor Clipper Jet Flame Ravetrip
       | 12248 t1 huerfana $1000 | Encendedor Clipper Recargable Weed Rhyme – Diseño Surti
 d=116 | 2523 t1 huerfana $36990 | Encendedor Jet Flame Jet Horror Zoo 24U- Clipper
       | 13351 t2 huerfana $990 | Encendedor Clipper Marked Skulls 1
 d=116 | 2572 t1 prod 5724 $1490 | Encendedor Jet Flame Jet Hippie World Clipper
       | 13341 t2 huerfana $990 | Encendedor Clipper Cowboy Life 4
 d=116 | 2573 t1 prod 5724 $1590 | Encendedor Jet Flame Jet Horror Zoo Clipper
       | 13351 t2 huerfana $990 | Encendedor Clipper Marked Skulls 1
 d=116 | 11967 t1 prod 5725 $1000 | Encendedor Clipper Recargable Crystal 12 – Diseño Surti
       | 13339 t2 huerfana $990 | Encendedor Clipper Cowboy Life 2
 d=116 | 11967 t1 prod 5725 $1000 | Encendedor Clipper Recargable Crystal 12 – Diseño Surti
       | 19663 t2 huerfana $990 | Encendedor Clipper Monumental Bones
 d=116 | 11967 t1 prod 5725 $1000 | Encendedor Clipper Recargable Crystal 12 – Diseño Surti
       | 19703 t2 huerfana $990 | Encendedor Clipper Super Unicorns
 d=116 | 11968 t1 prod 5725 $1000 | Encendedor Clipper Recargable Horror Days 1 – Diseño Su
       | 13338 t2 huerfana $990 | Encendedor Clipper Cowboy Life 1
 d=116 | 11968 t1 prod 5725 $1000 | Encendedor Clipper Recargable Horror Days 1 – Diseño Su
       | 19672 t2 huerfana $990 | Encendedor Clipper Ninja Cats
 d=116 | 11969 t1 huerfana $1000 | Encendedor Clipper Recargable Horror Days 2 – Diseño Su
       | 13376 t2 prod 10305 $990 | Encendedor Clipper Super Pocket 2
 d=116 | 11969 t1 huerfana $1000 | Encendedor Clipper Recargable Horror Days 2 – Diseño Su
       | 13487 t2 prod 10307 $990 | Encendedor Clipper Onis 1
 d=116 | 11969 t1 huerfana $1000 | Encendedor Clipper Recargable Horror Days 2 – Diseño Su
       | 19689 t2 prod 10579 $990 | Encendedor Clipper Sea Monster
 d=116 | 11969 t1 huerfana $1000 | Encendedor Clipper Recargable Horror Days 2 – Diseño Su
       | 19693 t2 huerfana $990 | Encendedor Clipper Simple Tattos
 d=116 | 11970 t1 prod 10307 $1000 | Encendedor Clipper Recargable Onis 1 – Diseño Surtido (
       | 19693 t2 huerfana $990 | Encendedor Clipper Simple Tattos
 d=116 | 11971 t1 prod 10304 $1000 | Encendedor Clipper Recargable Super Pockets 1 – Diseño 
       | 19668 t2 huerfana $990 | Encendedor Clipper Nerd Sentences
 d=116 | 11972 t1 prod 10305 $1000 | Encendedor Clipper Recargable Super Pockets 2 – Diseño 
       | 19596 t2 huerfana $990 | Encendedor Clipper Be Hippie
 d=116 | 11972 t1 prod 10305 $1000 | Encendedor Clipper Recargable Super Pockets 2 – Diseño 
       | 19626 t2 huerfana $990 | Encendedor Clipper Zombie Gangsters
 d=116 | 11973 t1 prod 10306 $1000 | Encendedor Clipper Recargable Super Pockets 4 – Diseño 
       | 13339 t2 huerfana $990 | Encendedor Clipper Cowboy Life 2
 d=116 | 12242 t1 huerfana $1000 | Encendedor Clipper Recargable Green Bait – Diseño Surti
       | 13377 t2 prod 10306 $990 | Encendedor Clipper Super Pocket 4
 d=116 | 12244 t1 prod 10580 $1000 | Encendedor Clipper Recargable Lol Food – Diseño Surtido
       | 13338 t2 huerfana $990 | Encendedor Clipper Cowboy Life 1
 d=116 | 12244 t1 prod 10580 $1000 | Encendedor Clipper Recargable Lol Food – Diseño Surtido
       | 19673 t2 huerfana $990 | Encendedor Clipper Old Games
 d=116 | 12244 t1 prod 10580 $1000 | Encendedor Clipper Recargable Lol Food – Diseño Surtido
       | 19896 t2 huerfana $990 | Encendedor Clipper Halloween
 d=116 | 12245 t1 prod 10579 $1000 | Encendedor Clipper Recargable Sea Monsters – Diseño Sur
       | 13338 t2 huerfana $990 | Encendedor Clipper Cowboy Life 1
 d=116 | 12245 t1 prod 10579 $1000 | Encendedor Clipper Recargable Sea Monsters – Diseño Sur
       | 13341 t2 huerfana $990 | Encendedor Clipper Cowboy Life 4
 d=116 | 12245 t1 prod 10579 $1000 | Encendedor Clipper Recargable Sea Monsters – Diseño Sur
       | 19698 t2 huerfana $990 | Encendedor Clipper Space Helmets
 d=116 | 12247 t1 huerfana $1000 | Encendedor Clipper Recargable Spring Print – Diseño Sur
       | 19705 t2 huerfana $990 | Encendedor Clipper Tarot Cards
 d=116 | 12249 t1 prod 10581 $1000 | Encendedor Clipper Recargable Z-Bunnys – Diseño Surtido
       | 19704 t2 huerfana $990 | Encendedor Clipper Sushi Sentences
 d=116 | 12303 t1 prod 10578 $1000 | Encendedor Clipper Recargable Burningman – Diseño Surti
       | 13343 t2 huerfana $990 | Encendedor Clipper Death Animals 3
 d=116 | 12303 t1 prod 10578 $1000 | Encendedor Clipper Recargable Burningman – Diseño Surti
       | 13351 t2 huerfana $990 | Encendedor Clipper Marked Skulls 1
 d=116 | 12303 t1 prod 10578 $1000 | Encendedor Clipper Recargable Burningman – Diseño Surti
       | 19590 t2 huerfana $990 | Encendedor Clipper Animals Zombies
 d=116 | 12303 t1 prod 10578 $1000 | Encendedor Clipper Recargable Burningman – Diseño Surti
       | 19625 t2 huerfana $990 | Encendedor Clipper Game Lover
 d=116 | 12304 t1 prod 10576 $1000 | Encendedor Clipper Recargable Shinobis – Diseño Surtido
       | 19585 t2 huerfana $990 | Encendedor Clipper Amazing Landscapes
 d=116 | 12304 t1 prod 10576 $1000 | Encendedor Clipper Recargable Shinobis – Diseño Surtido
       | 19623 t2 huerfana $990 | Encendedor Clipper Fruit Strains
 d=116 | 12304 t1 prod 10576 $1000 | Encendedor Clipper Recargable Shinobis – Diseño Surtido
       | 19627 t2 huerfana $990 | Encendedor Clipper Geometric Leaves
 d=116 | 12304 t1 prod 10576 $1000 | Encendedor Clipper Recargable Shinobis – Diseño Surtido
       | 19653 t2 huerfana $990 | Encendedor Clipper Lovely Clowns
 d=116 | 32568 t1 huerfana $32990 | Soplete Monster Pro Doble Llama -Calvo Glass - Morado
       | 34288 t2 prod 10667 $20990 | Ignite Soplete Phantom - Negro
 d=116 | 32568 t1 huerfana $32990 | Soplete Monster Pro Doble Llama -Calvo Glass - Morado
       | 38364 t3 huerfana $14243 | Encendedor Soplete Ignite Phantom | PIRANHA
 d=116 | 33034 t1 prod 10665 $21990 | Soplete Compact -Ignite - Negro
       | 35651 t2 huerfana $34990 | Special Blue Soplete Monster Pro Doble Llama - Toolbox 
 d=117 | 1300 t3 prod 5726 $5452 | Encendedor Clipper Metálico | PIRANHA
       | 25366 t2 huerfana $6990 | Encendedor Clipper Metálico Turquoise
 d=117 | 2051 t2 prod 5724 $1590 | Encendedor Clipper Jet Flame Rainbow Mush
       | 12248 t1 huerfana $1000 | Encendedor Clipper Recargable Weed Rhyme – Diseño Surti
 d=117 | 2052 t2 prod 5724 $1590 | Encendedor Clipper Jet Flame Rotten Burgers
       | 11969 t1 huerfana $1000 | Encendedor Clipper Recargable Horror Days 2 – Diseño Su
 d=117 | 2523 t1 huerfana $36990 | Encendedor Jet Flame Jet Horror Zoo 24U- Clipper
       | 13376 t2 prod 10305 $990 | Encendedor Clipper Super Pocket 2
 d=117 | 2523 t1 huerfana $36990 | Encendedor Jet Flame Jet Horror Zoo 24U- Clipper
       | 19713 t2 huerfana $990 | Encendedor Clipper Tie Die
 d=117 | 2572 t1 prod 5724 $1490 | Encendedor Jet Flame Jet Hippie World Clipper
       | 13355 t2 huerfana $990 | Encendedor Clipper Motor Sport 1
 d=117 | 2572 t1 prod 5724 $1490 | Encendedor Jet Flame Jet Hippie World Clipper
       | 19705 t2 huerfana $990 | Encendedor Clipper Tarot Cards
 d=117 | 2573 t1 prod 5724 $1590 | Encendedor Jet Flame Jet Horror Zoo Clipper
       | 19713 t2 huerfana $990 | Encendedor Clipper Tie Die
 d=117 | 11967 t1 prod 5725 $1000 | Encendedor Clipper Recargable Crystal 12 – Diseño Surti
       | 19596 t2 huerfana $990 | Encendedor Clipper Be Hippie
 d=117 | 11968 t1 prod 5725 $1000 | Encendedor Clipper Recargable Horror Days 1 – Diseño Su
       | 19623 t2 huerfana $990 | Encendedor Clipper Fruit Strains
 d=117 | 11969 t1 huerfana $1000 | Encendedor Clipper Recargable Horror Days 2 – Diseño Su
       | 13341 t2 huerfana $990 | Encendedor Clipper Cowboy Life 4
 d=117 | 11969 t1 huerfana $1000 | Encendedor Clipper Recargable Horror Days 2 – Diseño Su
       | 19472 t2 huerfana $1590 | Encendedor Clipper Jet Crystal Fluo
 d=117 | 11969 t1 huerfana $1000 | Encendedor Clipper Recargable Horror Days 2 – Diseño Su
       | 19733 t2 prod 10581 $990 | Encendedor Clipper Z-Bunnys
 d=117 | 11970 t1 prod 10307 $1000 | Encendedor Clipper Recargable Onis 1 – Diseño Surtido (
       | 13364 t2 huerfana $990 | Encendedor Clipper Random Criatures 2
 d=117 | 11970 t1 prod 10307 $1000 | Encendedor Clipper Recargable Onis 1 – Diseño Surtido (
       | 19590 t2 huerfana $990 | Encendedor Clipper Animals Zombies
 d=117 | 11970 t1 prod 10307 $1000 | Encendedor Clipper Recargable Onis 1 – Diseño Surtido (
       | 19663 t2 huerfana $990 | Encendedor Clipper Monumental Bones
 d=117 | 11971 t1 prod 10304 $1000 | Encendedor Clipper Recargable Super Pockets 1 – Diseño 
       | 13363 t2 huerfana $990 | Encendedor Clipper Random Creatures 3
 d=117 | 11973 t1 prod 10306 $1000 | Encendedor Clipper Recargable Super Pockets 4 – Diseño 
       | 19693 t2 huerfana $990 | Encendedor Clipper Simple Tattos
 d=117 | 12240 t1 huerfana $1000 | Encendedor Clipper Recargable Bear Skulls – Diseño Surt
       | 19596 t2 huerfana $990 | Encendedor Clipper Be Hippie
 d=117 | 12241 t1 prod 10577 $1000 | Encendedor Clipper Recargable Funny Cupid – Diseño Surt
       | 19585 t2 huerfana $990 | Encendedor Clipper Amazing Landscapes
 d=117 | 12241 t1 prod 10577 $1000 | Encendedor Clipper Recargable Funny Cupid – Diseño Surt
       | 19665 t2 huerfana $990 | Encendedor Clipper Mushrooms Skulls
 d=117 | 12241 t1 prod 10577 $1000 | Encendedor Clipper Recargable Funny Cupid – Diseño Surt
       | 19693 t2 huerfana $990 | Encendedor Clipper Simple Tattos
 d=117 | 12242 t1 huerfana $1000 | Encendedor Clipper Recargable Green Bait – Diseño Surti
       | 19624 t2 prod 10577 $990 | Encendedor Clipper Funny Cupid
 d=117 | 12242 t1 huerfana $1000 | Encendedor Clipper Recargable Green Bait – Diseño Surti
       | 19733 t2 prod 10581 $990 | Encendedor Clipper Z-Bunnys
 d=117 | 12244 t1 prod 10580 $1000 | Encendedor Clipper Recargable Lol Food – Diseño Surtido
       | 19704 t2 huerfana $990 | Encendedor Clipper Sushi Sentences
 d=117 | 12244 t1 prod 10580 $1000 | Encendedor Clipper Recargable Lol Food – Diseño Surtido
       | 19900 t2 huerfana $990 | Encendedor Clipper Roses
 d=117 | 12245 t1 prod 10579 $1000 | Encendedor Clipper Recargable Sea Monsters – Diseño Sur
       | 19690 t2 huerfana $990 | Encendedor Clipper See You
 d=117 | 12245 t1 prod 10579 $1000 | Encendedor Clipper Recargable Sea Monsters – Diseño Sur
       | 19716 t2 huerfana $990 | Encendedor Clipper Triple Skull
 d=117 | 12248 t1 huerfana $1000 | Encendedor Clipper Recargable Weed Rhyme – Diseño Surti
       | 19689 t2 prod 10579 $990 | Encendedor Clipper Sea Monster
 d=117 | 12248 t1 huerfana $1000 | Encendedor Clipper Recargable Weed Rhyme – Diseño Surti
       | 19705 t2 huerfana $990 | Encendedor Clipper Tarot Cards
 d=117 | 12249 t1 prod 10581 $1000 | Encendedor Clipper Recargable Z-Bunnys – Diseño Surtido
       | 13382 t2 huerfana $990 | Encendedor Clipper Weed Skulls 1
 d=117 | 12303 t1 prod 10578 $1000 | Encendedor Clipper Recargable Burningman – Diseño Surti
       | 19705 t2 huerfana $990 | Encendedor Clipper Tarot Cards
 d=117 | 12303 t1 prod 10578 $1000 | Encendedor Clipper Recargable Burningman – Diseño Surti
       | 19711 t2 huerfana $990 | Encendedor Clipper Terror Pixel
 d=117 | 12304 t1 prod 10576 $1000 | Encendedor Clipper Recargable Shinobis – Diseño Surtido
       | 19895 t2 huerfana $990 | Encendedor Clipper Goddesses
 d=117 | 12558 t1 prod 10276 $34990 | Encendedor Royal Blue Matte Logo - Zippo
       | 19480 t2 huerfana $33990 | Encendedor Pipa Black Matte Zippo
 d=117 | 13362 t2 huerfana $990 | Encendedor Clipper Weed Skulls
       | 17958 t1 prod 10575 $1000 | Encendedor Clipper Recargable Paranormal Puffs – Diseño
 d=117 | 35651 t2 huerfana $34990 | Special Blue Soplete Monster Pro Doble Llama - Toolbox 
       | 38358 t3 huerfana $14993 | Encendedor Soplete Ignite Compact | PIRANHA
 d=118 | 4 t2 prod 5725 $990 | Encendedor Clipper Winter Plans 2
       | 12240 t1 huerfana $1000 | Encendedor Clipper Recargable Bear Skulls – Diseño Surt
 d=118 | 689 t3 huerfana $41990 | Encendedor Zippo High Polish Green Chameleon
       | 2584 t1 huerfana $37990 | Encendedor High Polish Green Logo - Zippo
 d=118 | 2047 t2 prod 5724 $1590 | Encendedor Clipper Jet Flame Galactic Weed
       | 12240 t1 huerfana $1000 | Encendedor Clipper Recargable Bear Skulls – Diseño Surt
 d=118 | 2049 t2 prod 5724 $1592 | Encendedor Clipper Jet Flame Horror Zoo
       | 11969 t1 huerfana $1000 | Encendedor Clipper Recargable Horror Days 2 – Diseño Su
 d=118 | 2523 t1 huerfana $36990 | Encendedor Jet Flame Jet Horror Zoo 24U- Clipper
       | 36060 t2 prod 10705 $990 | Encendedor Clipper Kings of Valhala
 d=118 | 2562 t1 prod 5724 $1490 | Encendedor Jet Flame Jet Good Vibes Only Clipper
       | 19701 t2 huerfana $990 | Encendedor Clipper Spring Graffiti
 d=118 | 2572 t1 prod 5724 $1490 | Encendedor Jet Flame Jet Hippie World Clipper
       | 13364 t2 huerfana $990 | Encendedor Clipper Random Criatures 2
 d=118 | 2572 t1 prod 5724 $1490 | Encendedor Jet Flame Jet Hippie World Clipper
       | 19663 t2 huerfana $990 | Encendedor Clipper Monumental Bones
 d=118 | 2572 t1 prod 5724 $1490 | Encendedor Jet Flame Jet Hippie World Clipper
       | 19731 t2 huerfana $990 | Encendedor Clipper Women’s Day
 d=118 | 11968 t1 prod 5725 $1000 | Encendedor Clipper Recargable Horror Days 1 – Diseño Su
       | 19703 t2 huerfana $990 | Encendedor Clipper Super Unicorns
 d=118 | 11969 t1 huerfana $1000 | Encendedor Clipper Recargable Horror Days 2 – Diseño Su
       | 19704 t2 huerfana $990 | Encendedor Clipper Sushi Sentences
 d=118 | 11971 t1 prod 10304 $1000 | Encendedor Clipper Recargable Super Pockets 1 – Diseño 
       | 19596 t2 huerfana $990 | Encendedor Clipper Be Hippie
 d=118 | 11971 t1 prod 10304 $1000 | Encendedor Clipper Recargable Super Pockets 1 – Diseño 
       | 19626 t2 huerfana $990 | Encendedor Clipper Zombie Gangsters
 d=118 | 11971 t1 prod 10304 $1000 | Encendedor Clipper Recargable Super Pockets 1 – Diseño 
       | 19900 t2 huerfana $990 | Encendedor Clipper Roses
 d=118 | 11972 t1 prod 10305 $1000 | Encendedor Clipper Recargable Super Pockets 2 – Diseño 
       | 19668 t2 huerfana $990 | Encendedor Clipper Nerd Sentences
 d=118 | 11973 t1 prod 10306 $1000 | Encendedor Clipper Recargable Super Pockets 4 – Diseño 
       | 19599 t2 huerfana $990 | Encendedor Clipper Birthday Leopard
 d=118 | 12240 t1 huerfana $1000 | Encendedor Clipper Recargable Bear Skulls – Diseño Surt
       | 19664 t2 huerfana $990 | Encendedor Clipper Mushrooms Colors
 d=118 | 12241 t1 prod 10577 $1000 | Encendedor Clipper Recargable Funny Cupid – Diseño Surt
       | 13341 t2 huerfana $990 | Encendedor Clipper Cowboy Life 4
 d=118 | 12242 t1 huerfana $1000 | Encendedor Clipper Recargable Green Bait – Diseño Surti
       | 13375 t2 prod 10304 $990 | Encendedor Clipper Super Pocket 1
 d=118 | 12242 t1 huerfana $1000 | Encendedor Clipper Recargable Green Bait – Diseño Surti
       | 13490 t2 huerfana $990 | Encendedor Clipper Skull 8
 d=118 | 12243 t1 prod 10705 $1000 | Encendedor Clipper Recargable Kings of Valhala – Diseño
       | 13338 t2 huerfana $990 | Encendedor Clipper Cowboy Life 1
 d=118 | 12244 t1 prod 10580 $1000 | Encendedor Clipper Recargable Lol Food – Diseño Surtido
       | 13351 t2 huerfana $990 | Encendedor Clipper Marked Skulls 1
 d=118 | 12244 t1 prod 10580 $1000 | Encendedor Clipper Recargable Lol Food – Diseño Surtido
       | 19672 t2 huerfana $990 | Encendedor Clipper Ninja Cats
 d=118 | 12244 t1 prod 10580 $1000 | Encendedor Clipper Recargable Lol Food – Diseño Surtido
       | 19698 t2 huerfana $990 | Encendedor Clipper Space Helmets
 d=118 | 12244 t1 prod 10580 $1000 | Encendedor Clipper Recargable Lol Food – Diseño Surtido
       | 19701 t2 huerfana $990 | Encendedor Clipper Spring Graffiti
 d=118 | 12245 t1 prod 10579 $1000 | Encendedor Clipper Recargable Sea Monsters – Diseño Sur
       | 13351 t2 huerfana $990 | Encendedor Clipper Marked Skulls 1
 d=118 | 12247 t1 huerfana $1000 | Encendedor Clipper Recargable Spring Print – Diseño Sur
       | 13375 t2 prod 10304 $990 | Encendedor Clipper Super Pocket 1
 d=118 | 12247 t1 huerfana $1000 | Encendedor Clipper Recargable Spring Print – Diseño Sur
       | 19585 t2 huerfana $990 | Encendedor Clipper Amazing Landscapes
 d=118 | 12247 t1 huerfana $1000 | Encendedor Clipper Recargable Spring Print – Diseño Sur
       | 19689 t2 prod 10579 $990 | Encendedor Clipper Sea Monster
 d=118 | 12248 t1 huerfana $1000 | Encendedor Clipper Recargable Weed Rhyme – Diseño Surti
       | 19468 t2 huerfana $990 | Encendedor Clipper Cops And Robbers
 d=118 | 12248 t1 huerfana $1000 | Encendedor Clipper Recargable Weed Rhyme – Diseño Surti
       | 19703 t2 huerfana $990 | Encendedor Clipper Super Unicorns
 d=118 | 12249 t1 prod 10581 $1000 | Encendedor Clipper Recargable Z-Bunnys – Diseño Surtido
       | 13490 t2 huerfana $990 | Encendedor Clipper Skull 8
 d=118 | 12249 t1 prod 10581 $1000 | Encendedor Clipper Recargable Z-Bunnys – Diseño Surtido
       | 19585 t2 huerfana $990 | Encendedor Clipper Amazing Landscapes
 d=118 | 12249 t1 prod 10581 $1000 | Encendedor Clipper Recargable Z-Bunnys – Diseño Surtido
       | 19626 t2 huerfana $990 | Encendedor Clipper Zombie Gangsters
 d=118 | 12249 t1 prod 10581 $1000 | Encendedor Clipper Recargable Z-Bunnys – Diseño Surtido
       | 19638 t2 huerfana $990 | Encendedor Clipper Hippie Man
 d=118 | 12249 t1 prod 10581 $1000 | Encendedor Clipper Recargable Z-Bunnys – Diseño Surtido
       | 19690 t2 huerfana $990 | Encendedor Clipper See You
 d=118 | 12249 t1 prod 10581 $1000 | Encendedor Clipper Recargable Z-Bunnys – Diseño Surtido
       | 19711 t2 huerfana $990 | Encendedor Clipper Terror Pixel
 d=118 | 12249 t1 prod 10581 $1000 | Encendedor Clipper Recargable Z-Bunnys – Diseño Surtido
       | 19716 t2 huerfana $990 | Encendedor Clipper Triple Skull
 d=118 | 12304 t1 prod 10576 $1000 | Encendedor Clipper Recargable Shinobis – Diseño Surtido
       | 19638 t2 huerfana $990 | Encendedor Clipper Hippie Man
 d=118 | 13679 t2 huerfana $34990 | Special Blue Soplete Monster Pro Doble Llama - Toolbox
       | 33044 t1 prod 10667 $19990 | Soplete Phantom -Ignite - Negro
 d=118 | 33035 t1 prod 10665 $21990 | Soplete Compact -Ignite - Azul
       | 35651 t2 huerfana $34990 | Special Blue Soplete Monster Pro Doble Llama - Toolbox 
 d=118 | 33039 t1 prod 10665 $21990 | Soplete Compact -Ignite - Blanco
       | 35651 t2 huerfana $34990 | Special Blue Soplete Monster Pro Doble Llama - Toolbox 
 d=118 | 33044 t1 prod 10667 $19990 | Soplete Phantom -Ignite - Negro
       | 35650 t2 huerfana $34990 | Special Blue Soplete Monster Pro Doble Llama - Toolbox 
 d=119 | 93 t2 prod 5725 $990 | Encendedor Clipper Horror Days 1
       | 12248 t1 huerfana $1000 | Encendedor Clipper Recargable Weed Rhyme – Diseño Surti
 d=119 | 812 t1 huerfana $36990 | Encendedor Jet Flame Jet Cozy Skull 24U- Clipper
       | 19668 t2 huerfana $990 | Encendedor Clipper Nerd Sentences
 d=119 | 1336 t3 prod 5726 $5452 | Encendedor Clipper Metálico | PIRANHA
       | 19292 t2 huerfana $6990 | Encendedor Clipper Metálico Classic Cars
 d=119 | 1348 t3 prod 5726 $5452 | Encendedor Clipper Metálico | PIRANHA
       | 19384 t2 huerfana $6990 | Encendedor Clipper Metálico Silver
 d=119 | 1348 t3 prod 5726 $5452 | Encendedor Clipper Metálico | PIRANHA
       | 34147 t2 huerfana $6990 | Encendedor Clipper Metálico Silver - Brillante
 d=119 | 1348 t3 prod 5726 $5452 | Encendedor Clipper Metálico | PIRANHA
       | 34148 t2 huerfana $6990 | Encendedor Clipper Metálico Silver - Opaco
 d=119 | 2044 t2 prod 5724 $1590 | Encendedor Clipper Jet Flame Good Vibes Only
       | 12240 t1 huerfana $1000 | Encendedor Clipper Recargable Bear Skulls – Diseño Surt
 d=119 | 2067 t2 prod 5724 $1590 | Encendedor Clipper Jet Flame CozySkulls
       | 12240 t1 huerfana $1000 | Encendedor Clipper Recargable Bear Skulls – Diseño Surt
 d=119 | 2068 t2 prod 5724 $1590 | Encendedor Clipper Jet Flame HippieWorld
       | 12240 t1 huerfana $1000 | Encendedor Clipper Recargable Bear Skulls – Diseño Surt
 d=119 | 2523 t1 huerfana $36990 | Encendedor Jet Flame Jet Horror Zoo 24U- Clipper
       | 19623 t2 huerfana $990 | Encendedor Clipper Fruit Strains
 d=119 | 2562 t1 prod 5724 $1490 | Encendedor Jet Flame Jet Good Vibes Only Clipper
       | 19668 t2 huerfana $990 | Encendedor Clipper Nerd Sentences
 d=119 | 2562 t1 prod 5724 $1490 | Encendedor Jet Flame Jet Good Vibes Only Clipper
       | 19716 t2 huerfana $990 | Encendedor Clipper Triple Skull
 d=119 | 2571 t1 prod 5724 $1590 | Encendedor Jet Flame Jet Galactic Weed Clipper
       | 19472 t2 huerfana $1590 | Encendedor Clipper Jet Crystal Fluo
 d=119 | 2573 t1 prod 5724 $1590 | Encendedor Jet Flame Jet Horror Zoo Clipper
       | 19623 t2 huerfana $990 | Encendedor Clipper Fruit Strains
 d=119 | 11967 t1 prod 5725 $1000 | Encendedor Clipper Recargable Crystal 12 – Diseño Surti
       | 19665 t2 huerfana $990 | Encendedor Clipper Mushrooms Skulls
 d=119 | 11968 t1 prod 5725 $1000 | Encendedor Clipper Recargable Horror Days 1 – Diseño Su
       | 13490 t2 huerfana $990 | Encendedor Clipper Skull 8
 d=119 | 11969 t1 huerfana $1000 | Encendedor Clipper Recargable Horror Days 2 – Diseño Su
       | 13340 t2 huerfana $990 | Encendedor Clipper Cowboy Life 3
 d=119 | 11969 t1 huerfana $1000 | Encendedor Clipper Recargable Horror Days 2 – Diseño Su
       | 13382 t2 huerfana $990 | Encendedor Clipper Weed Skulls 1
 d=119 | 11969 t1 huerfana $1000 | Encendedor Clipper Recargable Horror Days 2 – Diseño Su
       | 19663 t2 huerfana $990 | Encendedor Clipper Monumental Bones
 d=119 | 11969 t1 huerfana $1000 | Encendedor Clipper Recargable Horror Days 2 – Diseño Su
       | 19677 t2 huerfana $990 | Encendedor Clipper Pilot Animals
 d=119 | 11970 t1 prod 10307 $1000 | Encendedor Clipper Recargable Onis 1 – Diseño Surtido (
       | 13338 t2 huerfana $990 | Encendedor Clipper Cowboy Life 1
 d=119 | 11970 t1 prod 10307 $1000 | Encendedor Clipper Recargable Onis 1 – Diseño Surtido (
       | 19672 t2 huerfana $990 | Encendedor Clipper Ninja Cats
 d=119 | 11970 t1 prod 10307 $1000 | Encendedor Clipper Recargable Onis 1 – Diseño Surtido (
       | 19895 t2 huerfana $990 | Encendedor Clipper Goddesses
 d=119 | 11971 t1 prod 10304 $1000 | Encendedor Clipper Recargable Super Pockets 1 – Diseño 
       | 19472 t2 huerfana $1590 | Encendedor Clipper Jet Crystal Fluo
 d=119 | 11972 t1 prod 10305 $1000 | Encendedor Clipper Recargable Super Pockets 2 – Diseño 
       | 19472 t2 huerfana $1590 | Encendedor Clipper Jet Crystal Fluo
 d=119 | 11973 t1 prod 10306 $1000 | Encendedor Clipper Recargable Super Pockets 4 – Diseño 
       | 19900 t2 huerfana $990 | Encendedor Clipper Roses
 d=119 | 12240 t1 huerfana $1000 | Encendedor Clipper Recargable Bear Skulls – Diseño Surt
       | 19650 t2 huerfana $990 | Encendedor Clipper Llama Work
 d=119 | 12241 t1 prod 10577 $1000 | Encendedor Clipper Recargable Funny Cupid – Diseño Surt
       | 19704 t2 huerfana $990 | Encendedor Clipper Sushi Sentences
 d=119 | 12242 t1 huerfana $1000 | Encendedor Clipper Recargable Green Bait – Diseño Surti
       | 13338 t2 huerfana $990 | Encendedor Clipper Cowboy Life 1
 d=119 | 12242 t1 huerfana $1000 | Encendedor Clipper Recargable Green Bait – Diseño Surti
       | 13340 t2 huerfana $990 | Encendedor Clipper Cowboy Life 3
 d=119 | 12242 t1 huerfana $1000 | Encendedor Clipper Recargable Green Bait – Diseño Surti
       | 19669 t2 huerfana $990 | Encendedor Clipper New Graff
 d=119 | 12242 t1 huerfana $1000 | Encendedor Clipper Recargable Green Bait – Diseño Surti
       | 19701 t2 huerfana $990 | Encendedor Clipper Spring Graffiti
 d=119 | 12244 t1 prod 10580 $1000 | Encendedor Clipper Recargable Lol Food – Diseño Surtido
       | 19623 t2 huerfana $990 | Encendedor Clipper Fruit Strains
 d=119 | 12245 t1 prod 10579 $1000 | Encendedor Clipper Recargable Sea Monsters – Diseño Sur
       | 19668 t2 huerfana $990 | Encendedor Clipper Nerd Sentences
 d=119 | 12249 t1 prod 10581 $1000 | Encendedor Clipper Recargable Z-Bunnys – Diseño Surtido
       | 19663 t2 huerfana $990 | Encendedor Clipper Monumental Bones
 d=119 | 12249 t1 prod 10581 $1000 | Encendedor Clipper Recargable Z-Bunnys – Diseño Surtido
       | 19664 t2 huerfana $990 | Encendedor Clipper Mushrooms Colors
 d=119 | 12249 t1 prod 10581 $1000 | Encendedor Clipper Recargable Z-Bunnys – Diseño Surtido
       | 19677 t2 huerfana $990 | Encendedor Clipper Pilot Animals
 d=119 | 12249 t1 prod 10581 $1000 | Encendedor Clipper Recargable Z-Bunnys – Diseño Surtido
       | 19718 t2 huerfana $990 | Encendedor Clipper Unicorn Sings
 d=119 | 12249 t1 prod 10581 $1000 | Encendedor Clipper Recargable Z-Bunnys – Diseño Surtido
       | 19731 t2 huerfana $990 | Encendedor Clipper Women’s Day
 d=119 | 12303 t1 prod 10578 $1000 | Encendedor Clipper Recargable Burningman – Diseño Surti
       | 19690 t2 huerfana $990 | Encendedor Clipper See You
 d=119 | 12303 t1 prod 10578 $1000 | Encendedor Clipper Recargable Burningman – Diseño Surti
       | 19900 t2 huerfana $990 | Encendedor Clipper Roses
 d=119 | 12304 t1 prod 10576 $1000 | Encendedor Clipper Recargable Shinobis – Diseño Surtido
       | 19701 t2 huerfana $990 | Encendedor Clipper Spring Graffiti
 d=119 | 13679 t2 huerfana $34990 | Special Blue Soplete Monster Pro Doble Llama - Toolbox
       | 38364 t3 huerfana $14243 | Encendedor Soplete Ignite Phantom | PIRANHA
 d=119 | 17958 t1 prod 10575 $1000 | Encendedor Clipper Recargable Paranormal Puffs – Diseño
       | 19713 t2 huerfana $990 | Encendedor Clipper Tie Die
 d=119 | 32567 t1 huerfana $32990 | Soplete Monster Pro Doble Llama -Calvo Glass - azul
       | 34311 t2 prod 10665 $23990 | Soplete Compact Ignite - Blanco
 d=119 | 35650 t2 huerfana $34990 | Special Blue Soplete Monster Pro Doble Llama - Toolbox 
       | 38364 t3 huerfana $14243 | Encendedor Soplete Ignite Phantom | PIRANHA
 d=120 | 6 t2 prod 5725 $990 | Encendedor Clipper Space Area 4
       | 12248 t1 huerfana $1000 | Encendedor Clipper Recargable Weed Rhyme – Diseño Surti
 d=120 | 8 t2 prod 5725 $990 | Encendedor Clipper Space Area 3
       | 11969 t1 huerfana $1000 | Encendedor Clipper Recargable Horror Days 2 – Diseño Su
 d=120 | 812 t1 huerfana $36990 | Encendedor Jet Flame Jet Cozy Skull 24U- Clipper
       | 19683 t2 huerfana $990 | Encendedor Clipper Psycho Weed
 d=120 | 1324 t3 prod 5726 $5452 | Encendedor Clipper Metálico | PIRANHA
       | 19384 t2 huerfana $6990 | Encendedor Clipper Metálico Silver
 d=120 | 1324 t3 prod 5726 $5452 | Encendedor Clipper Metálico | PIRANHA
       | 34147 t2 huerfana $6990 | Encendedor Clipper Metálico Silver - Brillante
 d=120 | 1324 t3 prod 5726 $5452 | Encendedor Clipper Metálico | PIRANHA
       | 34148 t2 huerfana $6990 | Encendedor Clipper Metálico Silver - Opaco
 d=120 | 2260 t4 prod 5724 $1300 | Encendedor Clipper Jet Flame Crystal Fluo – Unidad | Ll
       | 13365 t2 huerfana $990 | Encendedor Clipper Solid Fluor
 d=120 | 2523 t1 huerfana $36990 | Encendedor Jet Flame Jet Horror Zoo 24U- Clipper
       | 19624 t2 prod 10577 $990 | Encendedor Clipper Funny Cupid
 d=120 | 2523 t1 huerfana $36990 | Encendedor Jet Flame Jet Horror Zoo 24U- Clipper
       | 19683 t2 huerfana $990 | Encendedor Clipper Psycho Weed
 d=120 | 2562 t1 prod 5724 $1490 | Encendedor Jet Flame Jet Good Vibes Only Clipper
       | 13338 t2 huerfana $990 | Encendedor Clipper Cowboy Life 1
 d=120 | 2571 t1 prod 5724 $1590 | Encendedor Jet Flame Jet Galactic Weed Clipper
       | 13362 t2 huerfana $990 | Encendedor Clipper Weed Skulls
 d=120 | 2572 t1 prod 5724 $1490 | Encendedor Jet Flame Jet Hippie World Clipper
       | 13351 t2 huerfana $990 | Encendedor Clipper Marked Skulls 1
 d=120 | 2572 t1 prod 5724 $1490 | Encendedor Jet Flame Jet Hippie World Clipper
       | 19599 t2 huerfana $990 | Encendedor Clipper Birthday Leopard
 d=120 | 2573 t1 prod 5724 $1590 | Encendedor Jet Flame Jet Horror Zoo Clipper
       | 19683 t2 huerfana $990 | Encendedor Clipper Psycho Weed
 d=120 | 11967 t1 prod 5725 $1000 | Encendedor Clipper Recargable Crystal 12 – Diseño Surti
       | 19643 t2 huerfana $990 | Encendedor Clipper Hungry UFO
 d=120 | 11968 t1 prod 5725 $1000 | Encendedor Clipper Recargable Horror Days 1 – Diseño Su
       | 19673 t2 huerfana $990 | Encendedor Clipper Old Games
 d=120 | 11968 t1 prod 5725 $1000 | Encendedor Clipper Recargable Horror Days 1 – Diseño Su
       | 19698 t2 huerfana $990 | Encendedor Clipper Space Helmets
 d=120 | 11968 t1 prod 5725 $1000 | Encendedor Clipper Recargable Horror Days 1 – Diseño Su
       | 19731 t2 huerfana $990 | Encendedor Clipper Women’s Day
 d=120 | 11969 t1 huerfana $1000 | Encendedor Clipper Recargable Horror Days 2 – Diseño Su
       | 19467 t2 huerfana $990 | Encendedor Clipper Angels vs Demons
 d=120 | 11969 t1 huerfana $1000 | Encendedor Clipper Recargable Horror Days 2 – Diseño Su
       | 19690 t2 huerfana $990 | Encendedor Clipper See You
 d=120 | 11971 t1 prod 10304 $1000 | Encendedor Clipper Recargable Super Pockets 1 – Diseño 
       | 13355 t2 huerfana $990 | Encendedor Clipper Motor Sport 1
 d=120 | 11972 t1 prod 10305 $1000 | Encendedor Clipper Recargable Super Pockets 2 – Diseño 
       | 13490 t2 huerfana $990 | Encendedor Clipper Skull 8
 d=120 | 11972 t1 prod 10305 $1000 | Encendedor Clipper Recargable Super Pockets 2 – Diseño 
       | 19665 t2 huerfana $990 | Encendedor Clipper Mushrooms Skulls
 d=120 | 11972 t1 prod 10305 $1000 | Encendedor Clipper Recargable Super Pockets 2 – Diseño 
       | 19693 t2 huerfana $990 | Encendedor Clipper Simple Tattos
 d=120 | 11973 t1 prod 10306 $1000 | Encendedor Clipper Recargable Super Pockets 4 – Diseño 
       | 13341 t2 huerfana $990 | Encendedor Clipper Cowboy Life 4
 d=120 | 11973 t1 prod 10306 $1000 | Encendedor Clipper Recargable Super Pockets 4 – Diseño 
       | 19703 t2 huerfana $990 | Encendedor Clipper Super Unicorns
 d=120 | 12240 t1 huerfana $1000 | Encendedor Clipper Recargable Bear Skulls – Diseño Surt
       | 19890 t2 huerfana $990 | Encendedor Clipper Elephants
 d=120 | 12241 t1 prod 10577 $1000 | Encendedor Clipper Recargable Funny Cupid – Diseño Surt
       | 19677 t2 huerfana $990 | Encendedor Clipper Pilot Animals
 d=120 | 12242 t1 huerfana $1000 | Encendedor Clipper Recargable Green Bait – Diseño Surti
       | 19585 t2 huerfana $990 | Encendedor Clipper Amazing Landscapes
 d=120 | 12244 t1 prod 10580 $1000 | Encendedor Clipper Recargable Lol Food – Diseño Surtido
       | 13340 t2 huerfana $990 | Encendedor Clipper Cowboy Life 3
 d=120 | 12244 t1 prod 10580 $1000 | Encendedor Clipper Recargable Lol Food – Diseño Surtido
       | 19611 t2 huerfana $990 | Encendedor Clipper CyberPunk Animals
 d=120 | 12244 t1 prod 10580 $1000 | Encendedor Clipper Recargable Lol Food – Diseño Surtido
       | 19642 t2 huerfana $990 | Encendedor Clipper Hot Sentences
 d=120 | 12244 t1 prod 10580 $1000 | Encendedor Clipper Recargable Lol Food – Diseño Surtido
       | 19663 t2 huerfana $990 | Encendedor Clipper Monumental Bones
 d=120 | 12245 t1 prod 10579 $1000 | Encendedor Clipper Recargable Sea Monsters – Diseño Sur
       | 13340 t2 huerfana $990 | Encendedor Clipper Cowboy Life 3
 d=120 | 12245 t1 prod 10579 $1000 | Encendedor Clipper Recargable Sea Monsters – Diseño Sur
       | 19472 t2 huerfana $1590 | Encendedor Clipper Jet Crystal Fluo
 d=120 | 12245 t1 prod 10579 $1000 | Encendedor Clipper Recargable Sea Monsters – Diseño Sur
       | 19621 t2 huerfana $990 | Encendedor Clipper Forbidden Symbols
 d=120 | 12245 t1 prod 10579 $1000 | Encendedor Clipper Recargable Sea Monsters – Diseño Sur
       | 19905 t2 huerfana $990 | Encendedor Clipper Trampolining
 d=120 | 12247 t1 huerfana $1000 | Encendedor Clipper Recargable Spring Print – Diseño Sur
       | 19716 t2 huerfana $990 | Encendedor Clipper Triple Skull
 d=120 | 12303 t1 prod 10578 $1000 | Encendedor Clipper Recargable Burningman – Diseño Surti
       | 13364 t2 huerfana $990 | Encendedor Clipper Random Criatures 2
 d=120 | 12523 t1 huerfana $34990 | Soplete Monster Pro Doble Llama -Calvo Glass
       | 35651 t2 huerfana $34990 | Special Blue Soplete Monster Pro Doble Llama - Toolbox 
 d=120 | 17958 t1 prod 10575 $1000 | Encendedor Clipper Recargable Paranormal Puffs – Diseño
       | 19731 t2 huerfana $990 | Encendedor Clipper Women’s Day
 d=120 | 32566 t1 huerfana $34990 | Soplete Monster Pro Doble Llama -Calvo Glass - Artst Se
       | 35651 t2 huerfana $34990 | Special Blue Soplete Monster Pro Doble Llama - Toolbox 
 d=120 | 32567 t1 huerfana $32990 | Soplete Monster Pro Doble Llama -Calvo Glass - azul
       | 34288 t2 prod 10667 $20990 | Ignite Soplete Phantom - Negro
 d=120 | 32567 t1 huerfana $32990 | Soplete Monster Pro Doble Llama -Calvo Glass - azul
       | 38358 t3 huerfana $14993 | Encendedor Soplete Ignite Compact | PIRANHA
 d=120 | 32567 t1 huerfana $32990 | Soplete Monster Pro Doble Llama -Calvo Glass - azul
       | 38364 t3 huerfana $14243 | Encendedor Soplete Ignite Phantom | PIRANHA
 d=120 | 33038 t1 huerfana $21990 | Soplete Compact -Ignite - Rosa
       | 35651 t2 huerfana $34990 | Special Blue Soplete Monster Pro Doble Llama - Toolbox 
 d=120 | 33044 t1 prod 10667 $19990 | Soplete Phantom -Ignite - Negro
       | 35652 t2 huerfana $34990 | Special Blue Soplete Monster Pro Doble Llama - Toolbox 
 d=121 | 4 t2 prod 5725 $990 | Encendedor Clipper Winter Plans 2
       | 11969 t1 huerfana $1000 | Encendedor Clipper Recargable Horror Days 2 – Diseño Su
 d=121 | 2050 t2 prod 5724 $1590 | Encendedor Clipper Jet Flame Print Weed
       | 12242 t1 huerfana $1000 | Encendedor Clipper Recargable Green Bait – Diseño Surti
 d=121 | 2051 t2 prod 5724 $1590 | Encendedor Clipper Jet Flame Rainbow Mush
       | 12240 t1 huerfana $1000 | Encendedor Clipper Recargable Bear Skulls – Diseño Surt
 d=121 | 2070 t2 prod 5724 $1590 | Encendedor Clipper Jet Flame Ravetrip
       | 12247 t1 huerfana $1000 | Encendedor Clipper Recargable Spring Print – Diseño Sur
 d=121 | 2523 t1 huerfana $36990 | Encendedor Jet Flame Jet Horror Zoo 24U- Clipper
       | 13362 t2 huerfana $990 | Encendedor Clipper Weed Skulls
 d=121 | 2562 t1 prod 5724 $1490 | Encendedor Jet Flame Jet Good Vibes Only Clipper
       | 19665 t2 huerfana $990 | Encendedor Clipper Mushrooms Skulls
 d=121 | 2562 t1 prod 5724 $1490 | Encendedor Jet Flame Jet Good Vibes Only Clipper
       | 19713 t2 huerfana $990 | Encendedor Clipper Tie Die
 d=121 | 2572 t1 prod 5724 $1490 | Encendedor Jet Flame Jet Hippie World Clipper
       | 19623 t2 huerfana $990 | Encendedor Clipper Fruit Strains
 d=121 | 2573 t1 prod 5724 $1590 | Encendedor Jet Flame Jet Horror Zoo Clipper
       | 13362 t2 huerfana $990 | Encendedor Clipper Weed Skulls
 d=121 | 11967 t1 prod 5725 $1000 | Encendedor Clipper Recargable Crystal 12 – Diseño Surti
       | 13362 t2 huerfana $990 | Encendedor Clipper Weed Skulls
 d=121 | 11967 t1 prod 5725 $1000 | Encendedor Clipper Recargable Crystal 12 – Diseño Surti
       | 19623 t2 huerfana $990 | Encendedor Clipper Fruit Strains
 d=121 | 11967 t1 prod 5725 $1000 | Encendedor Clipper Recargable Crystal 12 – Diseño Surti
       | 19627 t2 huerfana $990 | Encendedor Clipper Geometric Leaves
 d=121 | 11968 t1 prod 5725 $1000 | Encendedor Clipper Recargable Horror Days 1 – Diseño Su
       | 19661 t2 huerfana $990 | Encendedor Clipper Molten Skulls
 d=121 | 11969 t1 huerfana $1000 | Encendedor Clipper Recargable Horror Days 2 – Diseño Su
       | 13338 t2 huerfana $990 | Encendedor Clipper Cowboy Life 1
 d=121 | 11969 t1 huerfana $1000 | Encendedor Clipper Recargable Horror Days 2 – Diseño Su
       | 19599 t2 huerfana $990 | Encendedor Clipper Birthday Leopard
 d=121 | 11969 t1 huerfana $1000 | Encendedor Clipper Recargable Horror Days 2 – Diseño Su
       | 19664 t2 huerfana $990 | Encendedor Clipper Mushrooms Colors
 d=121 | 11969 t1 huerfana $1000 | Encendedor Clipper Recargable Horror Days 2 – Diseño Su
       | 19683 t2 huerfana $990 | Encendedor Clipper Psycho Weed
 d=121 | 11969 t1 huerfana $1000 | Encendedor Clipper Recargable Horror Days 2 – Diseño Su
       | 19718 t2 huerfana $990 | Encendedor Clipper Unicorn Sings
 d=121 | 11970 t1 prod 10307 $1000 | Encendedor Clipper Recargable Onis 1 – Diseño Surtido (
       | 19621 t2 huerfana $990 | Encendedor Clipper Forbidden Symbols
 d=121 | 11970 t1 prod 10307 $1000 | Encendedor Clipper Recargable Onis 1 – Diseño Surtido (
       | 19701 t2 huerfana $990 | Encendedor Clipper Spring Graffiti
 d=121 | 11971 t1 prod 10304 $1000 | Encendedor Clipper Recargable Super Pockets 1 – Diseño 
       | 13341 t2 huerfana $990 | Encendedor Clipper Cowboy Life 4
 d=121 | 11971 t1 prod 10304 $1000 | Encendedor Clipper Recargable Super Pockets 1 – Diseño 
       | 19722 t2 huerfana $990 | Encendedor Clipper Vintage Cars
 d=121 | 11973 t1 prod 10306 $1000 | Encendedor Clipper Recargable Super Pockets 4 – Diseño 
       | 19596 t2 huerfana $990 | Encendedor Clipper Be Hippie
 d=121 | 11973 t1 prod 10306 $1000 | Encendedor Clipper Recargable Super Pockets 4 – Diseño 
       | 19690 t2 huerfana $990 | Encendedor Clipper See You
 d=121 | 12241 t1 prod 10577 $1000 | Encendedor Clipper Recargable Funny Cupid – Diseño Surt
       | 19900 t2 huerfana $990 | Encendedor Clipper Roses
 d=121 | 12242 t1 huerfana $1000 | Encendedor Clipper Recargable Green Bait – Diseño Surti
       | 19642 t2 huerfana $990 | Encendedor Clipper Hot Sentences
 d=121 | 12242 t1 huerfana $1000 | Encendedor Clipper Recargable Green Bait – Diseño Surti
       | 19672 t2 huerfana $990 | Encendedor Clipper Ninja Cats
 d=121 | 12242 t1 huerfana $1000 | Encendedor Clipper Recargable Green Bait – Diseño Surti
       | 19677 t2 huerfana $990 | Encendedor Clipper Pilot Animals
 d=121 | 12244 t1 prod 10580 $1000 | Encendedor Clipper Recargable Lol Food – Diseño Surtido
       | 19596 t2 huerfana $990 | Encendedor Clipper Be Hippie
 d=121 | 12245 t1 prod 10579 $1000 | Encendedor Clipper Recargable Sea Monsters – Diseño Sur
       | 13362 t2 huerfana $990 | Encendedor Clipper Weed Skulls
 d=121 | 12245 t1 prod 10579 $1000 | Encendedor Clipper Recargable Sea Monsters – Diseño Sur
       | 19585 t2 huerfana $990 | Encendedor Clipper Amazing Landscapes
 d=121 | 12247 t1 huerfana $1000 | Encendedor Clipper Recargable Spring Print – Diseño Sur
       | 13363 t2 huerfana $990 | Encendedor Clipper Random Creatures 3
 d=121 | 12247 t1 huerfana $1000 | Encendedor Clipper Recargable Spring Print – Diseño Sur
       | 19642 t2 huerfana $990 | Encendedor Clipper Hot Sentences
 d=121 | 12249 t1 prod 10581 $1000 | Encendedor Clipper Recargable Z-Bunnys – Diseño Surtido
       | 19625 t2 huerfana $990 | Encendedor Clipper Game Lover
 d=121 | 12249 t1 prod 10581 $1000 | Encendedor Clipper Recargable Z-Bunnys – Diseño Surtido
       | 19905 t2 huerfana $990 | Encendedor Clipper Trampolining
 d=121 | 12303 t1 prod 10578 $1000 | Encendedor Clipper Recargable Burningman – Diseño Surti
       | 19596 t2 huerfana $990 | Encendedor Clipper Be Hippie
 d=121 | 12610 t1 huerfana $33990 | Encendedor Classic Brick Logo - Zippo
       | 19914 t2 huerfana $35990 | Encendedor Zippo Merlot
 d=121 | 12957 t2 prod 10277 $39990 | Encendedor Zippo Fire Heart Design
       | 17975 t1 huerfana $44990 | Kiss Design-Zippo
 d=121 | 13679 t2 huerfana $34990 | Special Blue Soplete Monster Pro Doble Llama - Toolbox
       | 38358 t3 huerfana $14993 | Encendedor Soplete Ignite Compact | PIRANHA
 d=121 | 15926 t3 prod 10429 $33990 | Encendedor Zippo Orange Matte
       | 19480 t2 huerfana $33990 | Encendedor Pipa Black Matte Zippo
 d=121 | 17958 t1 prod 10575 $1000 | Encendedor Clipper Recargable Paranormal Puffs – Diseño
       | 19638 t2 huerfana $990 | Encendedor Clipper Hippie Man
 d=121 | 17958 t1 prod 10575 $1000 | Encendedor Clipper Recargable Paranormal Puffs – Diseño
       | 19716 t2 huerfana $990 | Encendedor Clipper Triple Skull
 d=121 | 32567 t1 huerfana $32990 | Soplete Monster Pro Doble Llama -Calvo Glass - azul
       | 34312 t2 prod 10665 $23990 | Soplete Compact Ignite - Azul
 d=121 | 32568 t1 huerfana $32990 | Soplete Monster Pro Doble Llama -Calvo Glass - Morado
       | 34311 t2 prod 10665 $23990 | Soplete Compact Ignite - Blanco
 d=121 | 32568 t1 huerfana $32990 | Soplete Monster Pro Doble Llama -Calvo Glass - Morado
       | 34312 t2 prod 10665 $23990 | Soplete Compact Ignite - Azul
 d=121 | 32569 t1 huerfana $32990 | Soplete Monster Pro Doble Llama -Calvo Glass - Rojo
       | 38358 t3 huerfana $14993 | Encendedor Soplete Ignite Compact | PIRANHA
 d=121 | 32897 t1 prod 10664 $16990 | Soplete X-Mini -Ignite - Negro
       | 34268 t2 huerfana $17990 | Ignite Soplete X-Mini - Rosado
 d=121 | 35650 t2 huerfana $34990 | Special Blue Soplete Monster Pro Doble Llama - Toolbox 
       | 38358 t3 huerfana $14993 | Encendedor Soplete Ignite Compact | PIRANHA
 d=121 | 35652 t2 huerfana $34990 | Special Blue Soplete Monster Pro Doble Llama - Toolbox 
       | 38358 t3 huerfana $14993 | Encendedor Soplete Ignite Compact | PIRANHA
 d=121 | 35652 t2 huerfana $34990 | Special Blue Soplete Monster Pro Doble Llama - Toolbox 
       | 38364 t3 huerfana $14243 | Encendedor Soplete Ignite Phantom | PIRANHA
 d=122 | 812 t1 huerfana $36990 | Encendedor Jet Flame Jet Cozy Skull 24U- Clipper
       | 1226 t2 prod 5724 $1590 | Encendedor Clipper Jet Flame Ink 4 Life
 d=122 | 812 t1 huerfana $36990 | Encendedor Jet Flame Jet Cozy Skull 24U- Clipper
       | 19664 t2 huerfana $990 | Encendedor Clipper Mushrooms Colors
 d=122 | 812 t1 huerfana $36990 | Encendedor Jet Flame Jet Cozy Skull 24U- Clipper
       | 19701 t2 huerfana $990 | Encendedor Clipper Spring Graffiti
 d=122 | 812 t1 huerfana $36990 | Encendedor Jet Flame Jet Cozy Skull 24U- Clipper
       | 19731 t2 huerfana $990 | Encendedor Clipper Women’s Day
 d=122 | 812 t1 huerfana $36990 | Encendedor Jet Flame Jet Cozy Skull 24U- Clipper
       | 36060 t2 prod 10705 $990 | Encendedor Clipper Kings of Valhala
 d=122 | 2523 t1 huerfana $36990 | Encendedor Jet Flame Jet Horror Zoo 24U- Clipper
       | 19895 t2 huerfana $990 | Encendedor Clipper Goddesses
 d=122 | 2562 t1 prod 5724 $1490 | Encendedor Jet Flame Jet Good Vibes Only Clipper
       | 13363 t2 huerfana $990 | Encendedor Clipper Random Creatures 3
 d=122 | 2562 t1 prod 5724 $1490 | Encendedor Jet Flame Jet Good Vibes Only Clipper
       | 19611 t2 huerfana $990 | Encendedor Clipper CyberPunk Animals
 d=122 | 2571 t1 prod 5724 $1590 | Encendedor Jet Flame Jet Galactic Weed Clipper
       | 19713 t2 huerfana $990 | Encendedor Clipper Tie Die
 d=122 | 2572 t1 prod 5724 $1490 | Encendedor Jet Flame Jet Hippie World Clipper
       | 13340 t2 huerfana $990 | Encendedor Clipper Cowboy Life 3
 d=122 | 2572 t1 prod 5724 $1490 | Encendedor Jet Flame Jet Hippie World Clipper
       | 19586 t2 huerfana $990 | Encendedor Clipper Ancient Skulls
 d=122 | 2572 t1 prod 5724 $1490 | Encendedor Jet Flame Jet Hippie World Clipper
       | 19590 t2 huerfana $990 | Encendedor Clipper Animals Zombies
 d=122 | 2572 t1 prod 5724 $1490 | Encendedor Jet Flame Jet Hippie World Clipper
       | 19890 t2 huerfana $990 | Encendedor Clipper Elephants
 d=122 | 2572 t1 prod 5724 $1490 | Encendedor Jet Flame Jet Hippie World Clipper
       | 19905 t2 huerfana $990 | Encendedor Clipper Trampolining
 d=122 | 2573 t1 prod 5724 $1590 | Encendedor Jet Flame Jet Horror Zoo Clipper
       | 19895 t2 huerfana $990 | Encendedor Clipper Goddesses
 d=122 | 11967 t1 prod 5725 $1000 | Encendedor Clipper Recargable Crystal 12 – Diseño Surti
       | 13340 t2 huerfana $990 | Encendedor Clipper Cowboy Life 3
 d=122 | 11967 t1 prod 5725 $1000 | Encendedor Clipper Recargable Crystal 12 – Diseño Surti
       | 19669 t2 huerfana $990 | Encendedor Clipper New Graff
 d=122 | 11967 t1 prod 5725 $1000 | Encendedor Clipper Recargable Crystal 12 – Diseño Surti
       | 19731 t2 huerfana $990 | Encendedor Clipper Women’s Day
 d=122 | 11969 t1 huerfana $1000 | Encendedor Clipper Recargable Horror Days 2 – Diseño Su
       | 19627 t2 huerfana $990 | Encendedor Clipper Geometric Leaves
 d=122 | 11970 t1 prod 10307 $1000 | Encendedor Clipper Recargable Onis 1 – Diseño Surtido (
       | 13362 t2 huerfana $990 | Encendedor Clipper Weed Skulls
 d=122 | 11970 t1 prod 10307 $1000 | Encendedor Clipper Recargable Onis 1 – Diseño Surtido (
       | 19596 t2 huerfana $990 | Encendedor Clipper Be Hippie
 d=122 | 11971 t1 prod 10304 $1000 | Encendedor Clipper Recargable Super Pockets 1 – Diseño 
       | 19665 t2 huerfana $990 | Encendedor Clipper Mushrooms Skulls
 d=122 | 11971 t1 prod 10304 $1000 | Encendedor Clipper Recargable Super Pockets 1 – Diseño 
       | 19704 t2 huerfana $990 | Encendedor Clipper Sushi Sentences
 d=122 | 11971 t1 prod 10304 $1000 | Encendedor Clipper Recargable Super Pockets 1 – Diseño 
       | 19705 t2 huerfana $990 | Encendedor Clipper Tarot Cards
 d=122 | 11972 t1 prod 10305 $1000 | Encendedor Clipper Recargable Super Pockets 2 – Diseño 
       | 19704 t2 huerfana $990 | Encendedor Clipper Sushi Sentences
 d=122 | 11972 t1 prod 10305 $1000 | Encendedor Clipper Recargable Super Pockets 2 – Diseño 
       | 19900 t2 huerfana $990 | Encendedor Clipper Roses
 d=122 | 11973 t1 prod 10306 $1000 | Encendedor Clipper Recargable Super Pockets 4 – Diseño 
       | 19648 t2 huerfana $990 | Encendedor Clipper Leaves World
 d=122 | 12240 t1 huerfana $1000 | Encendedor Clipper Recargable Bear Skulls – Diseño Surt
       | 19698 t2 huerfana $990 | Encendedor Clipper Space Helmets
 d=122 | 12242 t1 huerfana $1000 | Encendedor Clipper Recargable Green Bait – Diseño Surti
       | 19623 t2 huerfana $990 | Encendedor Clipper Fruit Strains
 d=122 | 12242 t1 huerfana $1000 | Encendedor Clipper Recargable Green Bait – Diseño Surti
       | 19638 t2 huerfana $990 | Encendedor Clipper Hippie Man
 d=122 | 12242 t1 huerfana $1000 | Encendedor Clipper Recargable Green Bait – Diseño Surti
       | 19650 t2 huerfana $990 | Encendedor Clipper Llama Work
 d=122 | 12243 t1 prod 10705 $1000 | Encendedor Clipper Recargable Kings of Valhala – Diseño
       | 19642 t2 huerfana $990 | Encendedor Clipper Hot Sentences
 d=122 | 12244 t1 prod 10580 $1000 | Encendedor Clipper Recargable Lol Food – Diseño Surtido
       | 13343 t2 huerfana $990 | Encendedor Clipper Death Animals 3
 d=122 | 12245 t1 prod 10579 $1000 | Encendedor Clipper Recargable Sea Monsters – Diseño Sur
       | 19590 t2 huerfana $990 | Encendedor Clipper Animals Zombies
 d=122 | 12245 t1 prod 10579 $1000 | Encendedor Clipper Recargable Sea Monsters – Diseño Sur
       | 19663 t2 huerfana $990 | Encendedor Clipper Monumental Bones
 d=122 | 12245 t1 prod 10579 $1000 | Encendedor Clipper Recargable Sea Monsters – Diseño Sur
       | 19664 t2 huerfana $990 | Encendedor Clipper Mushrooms Colors
 d=122 | 12247 t1 huerfana $1000 | Encendedor Clipper Recargable Spring Print – Diseño Sur
       | 13376 t2 prod 10305 $990 | Encendedor Clipper Super Pocket 2
 d=122 | 12248 t1 huerfana $1000 | Encendedor Clipper Recargable Weed Rhyme – Diseño Surti
       | 19590 t2 huerfana $990 | Encendedor Clipper Animals Zombies
 d=122 | 12249 t1 prod 10581 $1000 | Encendedor Clipper Recargable Z-Bunnys – Diseño Surtido
       | 19467 t2 huerfana $990 | Encendedor Clipper Angels vs Demons
 d=122 | 12249 t1 prod 10581 $1000 | Encendedor Clipper Recargable Z-Bunnys – Diseño Surtido
       | 19674 t2 huerfana $990 | Encendedor Clipper Panda Warriors
 d=122 | 12303 t1 prod 10578 $1000 | Encendedor Clipper Recargable Burningman – Diseño Surti
       | 13363 t2 huerfana $990 | Encendedor Clipper Random Creatures 3
 d=122 | 12303 t1 prod 10578 $1000 | Encendedor Clipper Recargable Burningman – Diseño Surti
       | 19648 t2 huerfana $990 | Encendedor Clipper Leaves World
 d=122 | 12303 t1 prod 10578 $1000 | Encendedor Clipper Recargable Burningman – Diseño Surti
       | 19673 t2 huerfana $990 | Encendedor Clipper Old Games
 d=122 | 12303 t1 prod 10578 $1000 | Encendedor Clipper Recargable Burningman – Diseño Surti
       | 19890 t2 huerfana $990 | Encendedor Clipper Elephants
 d=122 | 13679 t2 huerfana $34990 | Special Blue Soplete Monster Pro Doble Llama - Toolbox
       | 33035 t1 prod 10665 $21990 | Soplete Compact -Ignite - Azul
 d=122 | 13679 t2 huerfana $34990 | Special Blue Soplete Monster Pro Doble Llama - Toolbox
       | 33036 t1 prod 10665 $21990 | Soplete Compact -Ignite - Verde
 d=122 | 13679 t2 huerfana $34990 | Special Blue Soplete Monster Pro Doble Llama - Toolbox
       | 33039 t1 prod 10665 $21990 | Soplete Compact -Ignite - Blanco
 d=122 | 14329 t3 prod 10318 $990 | Repuesto Clipper Pedernal Encendedor (3u) | PIRANHA
       | 19458 t2 huerfana $1490 | Clipper Repuestos Rueda y Piedra
 d=122 | 32568 t1 huerfana $32990 | Soplete Monster Pro Doble Llama -Calvo Glass - Morado
       | 38358 t3 huerfana $14993 | Encendedor Soplete Ignite Compact | PIRANHA
 d=122 | 32569 t1 huerfana $32990 | Soplete Monster Pro Doble Llama -Calvo Glass - Rojo
       | 34311 t2 prod 10665 $23990 | Soplete Compact Ignite - Blanco
 d=122 | 32569 t1 huerfana $32990 | Soplete Monster Pro Doble Llama -Calvo Glass - Rojo
       | 34312 t2 prod 10665 $23990 | Soplete Compact Ignite - Azul
 d=122 | 33035 t1 prod 10665 $21990 | Soplete Compact -Ignite - Azul
       | 35650 t2 huerfana $34990 | Special Blue Soplete Monster Pro Doble Llama - Toolbox 
 d=122 | 33035 t1 prod 10665 $21990 | Soplete Compact -Ignite - Azul
       | 35652 t2 huerfana $34990 | Special Blue Soplete Monster Pro Doble Llama - Toolbox 
 d=122 | 33036 t1 prod 10665 $21990 | Soplete Compact -Ignite - Verde
       | 35650 t2 huerfana $34990 | Special Blue Soplete Monster Pro Doble Llama - Toolbox 
 d=122 | 33036 t1 prod 10665 $21990 | Soplete Compact -Ignite - Verde
       | 35651 t2 huerfana $34990 | Special Blue Soplete Monster Pro Doble Llama - Toolbox 
 d=122 | 33037 t1 huerfana $21990 | Soplete Compact -Ignite - ORANGE
       | 35651 t2 huerfana $34990 | Special Blue Soplete Monster Pro Doble Llama - Toolbox 
 d=122 | 33037 t1 huerfana $21990 | Soplete Compact -Ignite - ORANGE
       | 35652 t2 huerfana $34990 | Special Blue Soplete Monster Pro Doble Llama - Toolbox 
 d=122 | 33039 t1 prod 10665 $21990 | Soplete Compact -Ignite - Blanco
       | 35650 t2 huerfana $34990 | Special Blue Soplete Monster Pro Doble Llama - Toolbox 
 d=122 | 33039 t1 prod 10665 $21990 | Soplete Compact -Ignite - Blanco
       | 35652 t2 huerfana $34990 | Special Blue Soplete Monster Pro Doble Llama - Toolbox 
 d=123 | 812 t1 huerfana $36990 | Encendedor Jet Flame Jet Cozy Skull 24U- Clipper
       | 19897 t2 huerfana $990 | Encendedor Clipper Kamasutra 3
 d=123 | 2047 t2 prod 5724 $1590 | Encendedor Clipper Jet Flame Galactic Weed
       | 12247 t1 huerfana $1000 | Encendedor Clipper Recargable Spring Print – Diseño Sur
 d=123 | 2523 t1 huerfana $36990 | Encendedor Jet Flame Jet Horror Zoo 24U- Clipper
       | 19467 t2 huerfana $990 | Encendedor Clipper Angels vs Demons
 d=123 | 2562 t1 prod 5724 $1490 | Encendedor Jet Flame Jet Good Vibes Only Clipper
       | 19897 t2 huerfana $990 | Encendedor Clipper Kamasutra 3
 d=123 | 2571 t1 prod 5724 $1590 | Encendedor Jet Flame Jet Galactic Weed Clipper
       | 13341 t2 huerfana $990 | Encendedor Clipper Cowboy Life 4
 d=123 | 2571 t1 prod 5724 $1590 | Encendedor Jet Flame Jet Galactic Weed Clipper
       | 13363 t2 huerfana $990 | Encendedor Clipper Random Creatures 3
 d=123 | 2571 t1 prod 5724 $1590 | Encendedor Jet Flame Jet Galactic Weed Clipper
       | 19621 t2 huerfana $990 | Encendedor Clipper Forbidden Symbols
 d=123 | 2571 t1 prod 5724 $1590 | Encendedor Jet Flame Jet Galactic Weed Clipper
       | 19672 t2 huerfana $990 | Encendedor Clipper Ninja Cats
 d=123 | 2572 t1 prod 5724 $1490 | Encendedor Jet Flame Jet Hippie World Clipper
       | 19596 t2 huerfana $990 | Encendedor Clipper Be Hippie
 d=123 | 2572 t1 prod 5724 $1490 | Encendedor Jet Flame Jet Hippie World Clipper
       | 19900 t2 huerfana $990 | Encendedor Clipper Roses
 d=123 | 2573 t1 prod 5724 $1590 | Encendedor Jet Flame Jet Horror Zoo Clipper
       | 19467 t2 huerfana $990 | Encendedor Clipper Angels vs Demons
 d=123 | 11967 t1 prod 5725 $1000 | Encendedor Clipper Recargable Crystal 12 – Diseño Surti
       | 19653 t2 huerfana $990 | Encendedor Clipper Lovely Clowns
 d=123 | 11968 t1 prod 5725 $1000 | Encendedor Clipper Recargable Horror Days 1 – Diseño Su
       | 19693 t2 huerfana $990 | Encendedor Clipper Simple Tattos
 d=123 | 11969 t1 huerfana $1000 | Encendedor Clipper Recargable Horror Days 2 – Diseño Su
       | 19625 t2 huerfana $990 | Encendedor Clipper Game Lover
 d=123 | 11969 t1 huerfana $1000 | Encendedor Clipper Recargable Horror Days 2 – Diseño Su
       | 19698 t2 huerfana $990 | Encendedor Clipper Space Helmets
 d=123 | 11969 t1 huerfana $1000 | Encendedor Clipper Recargable Horror Days 2 – Diseño Su
       | 19895 t2 huerfana $990 | Encendedor Clipper Goddesses
 d=123 | 11969 t1 huerfana $1000 | Encendedor Clipper Recargable Horror Days 2 – Diseño Su
       | 19902 t2 prod 10576 $990 | Encendedor Clipper Shinobis
 d=123 | 11970 t1 prod 10307 $1000 | Encendedor Clipper Recargable Onis 1 – Diseño Surtido (
       | 13351 t2 huerfana $990 | Encendedor Clipper Marked Skulls 1
 d=123 | 11970 t1 prod 10307 $1000 | Encendedor Clipper Recargable Onis 1 – Diseño Surtido (
       | 19698 t2 huerfana $990 | Encendedor Clipper Space Helmets
 d=123 | 11971 t1 prod 10304 $1000 | Encendedor Clipper Recargable Super Pockets 1 – Diseño 
       | 19598 t2 huerfana $990 | Encendedor Clipper Big Head
 d=123 | 11972 t1 prod 10305 $1000 | Encendedor Clipper Recargable Super Pockets 2 – Diseño 
       | 13343 t2 huerfana $990 | Encendedor Clipper Death Animals 3
 d=123 | 11972 t1 prod 10305 $1000 | Encendedor Clipper Recargable Super Pockets 2 – Diseño 
       | 13382 t2 huerfana $990 | Encendedor Clipper Weed Skulls 1
 d=123 | 11973 t1 prod 10306 $1000 | Encendedor Clipper Recargable Super Pockets 4 – Diseño 
       | 19665 t2 huerfana $990 | Encendedor Clipper Mushrooms Skulls
 d=123 | 12240 t1 huerfana $1000 | Encendedor Clipper Recargable Bear Skulls – Diseño Surt
       | 19665 t2 huerfana $990 | Encendedor Clipper Mushrooms Skulls
 d=123 | 12240 t1 huerfana $1000 | Encendedor Clipper Recargable Bear Skulls – Diseño Surt
       | 19689 t2 prod 10579 $990 | Encendedor Clipper Sea Monster
 d=123 | 12240 t1 huerfana $1000 | Encendedor Clipper Recargable Bear Skulls – Diseño Surt
       | 19704 t2 huerfana $990 | Encendedor Clipper Sushi Sentences
 d=123 | 12241 t1 prod 10577 $1000 | Encendedor Clipper Recargable Funny Cupid – Diseño Surt
       | 19467 t2 huerfana $990 | Encendedor Clipper Angels vs Demons
 d=123 | 12241 t1 prod 10577 $1000 | Encendedor Clipper Recargable Funny Cupid – Diseño Surt
       | 19668 t2 huerfana $990 | Encendedor Clipper Nerd Sentences
 d=123 | 12241 t1 prod 10577 $1000 | Encendedor Clipper Recargable Funny Cupid – Diseño Surt
       | 19705 t2 huerfana $990 | Encendedor Clipper Tarot Cards
 d=123 | 12242 t1 huerfana $1000 | Encendedor Clipper Recargable Green Bait – Diseño Surti
       | 13382 t2 huerfana $990 | Encendedor Clipper Weed Skulls 1
 d=123 | 12242 t1 huerfana $1000 | Encendedor Clipper Recargable Green Bait – Diseño Surti
       | 19621 t2 huerfana $990 | Encendedor Clipper Forbidden Symbols
 d=123 | 12244 t1 prod 10580 $1000 | Encendedor Clipper Recargable Lol Food – Diseño Surtido
       | 19467 t2 huerfana $990 | Encendedor Clipper Angels vs Demons
 d=123 | 12245 t1 prod 10579 $1000 | Encendedor Clipper Recargable Sea Monsters – Diseño Sur
       | 19596 t2 huerfana $990 | Encendedor Clipper Be Hippie
 d=123 | 12247 t1 huerfana $1000 | Encendedor Clipper Recargable Spring Print – Diseño Sur
       | 19698 t2 huerfana $990 | Encendedor Clipper Space Helmets
 d=123 | 12248 t1 huerfana $1000 | Encendedor Clipper Recargable Weed Rhyme – Diseño Surti
       | 19885 t2 prod 10578 $990 | Encendedor Clipper Burningman
 d=123 | 12249 t1 prod 10581 $1000 | Encendedor Clipper Recargable Z-Bunnys – Diseño Surtido
       | 19648 t2 huerfana $990 | Encendedor Clipper Leaves World
 d=123 | 12303 t1 prod 10578 $1000 | Encendedor Clipper Recargable Burningman – Diseño Surti
       | 19704 t2 huerfana $990 | Encendedor Clipper Sushi Sentences
 d=123 | 12304 t1 prod 10576 $1000 | Encendedor Clipper Recargable Shinobis – Diseño Surtido
       | 13340 t2 huerfana $990 | Encendedor Clipper Cowboy Life 3
 d=123 | 12304 t1 prod 10576 $1000 | Encendedor Clipper Recargable Shinobis – Diseño Surtido
       | 19598 t2 huerfana $990 | Encendedor Clipper Big Head
 d=123 | 17958 t1 prod 10575 $1000 | Encendedor Clipper Recargable Paranormal Puffs – Diseño
       | 19705 t2 huerfana $990 | Encendedor Clipper Tarot Cards
 d=124 | 812 t1 huerfana $36990 | Encendedor Jet Flame Jet Cozy Skull 24U- Clipper
       | 19586 t2 huerfana $990 | Encendedor Clipper Ancient Skulls
 d=124 | 2068 t2 prod 5724 $1590 | Encendedor Clipper Jet Flame HippieWorld
       | 12242 t1 huerfana $1000 | Encendedor Clipper Recargable Green Bait – Diseño Surti
 d=124 | 2068 t2 prod 5724 $1590 | Encendedor Clipper Jet Flame HippieWorld
       | 12247 t1 huerfana $1000 | Encendedor Clipper Recargable Spring Print – Diseño Sur
 d=124 | 2523 t1 huerfana $36990 | Encendedor Jet Flame Jet Horror Zoo 24U- Clipper
       | 13338 t2 huerfana $990 | Encendedor Clipper Cowboy Life 1
 d=124 | 2523 t1 huerfana $36990 | Encendedor Jet Flame Jet Horror Zoo 24U- Clipper
       | 19468 t2 huerfana $990 | Encendedor Clipper Cops And Robbers
 d=124 | 2523 t1 huerfana $36990 | Encendedor Jet Flame Jet Horror Zoo 24U- Clipper
       | 19586 t2 huerfana $990 | Encendedor Clipper Ancient Skulls
 d=124 | 2523 t1 huerfana $36990 | Encendedor Jet Flame Jet Horror Zoo 24U- Clipper
       | 19621 t2 huerfana $990 | Encendedor Clipper Forbidden Symbols
 d=124 | 2562 t1 prod 5724 $1490 | Encendedor Jet Flame Jet Good Vibes Only Clipper
       | 13382 t2 huerfana $990 | Encendedor Clipper Weed Skulls 1
 d=124 | 2562 t1 prod 5724 $1490 | Encendedor Jet Flame Jet Good Vibes Only Clipper
       | 19586 t2 huerfana $990 | Encendedor Clipper Ancient Skulls
 d=124 | 2562 t1 prod 5724 $1490 | Encendedor Jet Flame Jet Good Vibes Only Clipper
       | 19590 t2 huerfana $990 | Encendedor Clipper Animals Zombies
 d=124 | 2562 t1 prod 5724 $1490 | Encendedor Jet Flame Jet Good Vibes Only Clipper
       | 19625 t2 huerfana $990 | Encendedor Clipper Game Lover
 d=124 | 2562 t1 prod 5724 $1490 | Encendedor Jet Flame Jet Good Vibes Only Clipper
       | 19683 t2 huerfana $990 | Encendedor Clipper Psycho Weed
 d=124 | 2571 t1 prod 5724 $1590 | Encendedor Jet Flame Jet Galactic Weed Clipper
       | 19668 t2 huerfana $990 | Encendedor Clipper Nerd Sentences
 d=124 | 2571 t1 prod 5724 $1590 | Encendedor Jet Flame Jet Galactic Weed Clipper
       | 19705 t2 huerfana $990 | Encendedor Clipper Tarot Cards
 d=124 | 2572 t1 prod 5724 $1490 | Encendedor Jet Flame Jet Hippie World Clipper
       | 19698 t2 huerfana $990 | Encendedor Clipper Space Helmets
 d=124 | 2573 t1 prod 5724 $1590 | Encendedor Jet Flame Jet Horror Zoo Clipper
       | 13338 t2 huerfana $990 | Encendedor Clipper Cowboy Life 1
 d=124 | 2573 t1 prod 5724 $1590 | Encendedor Jet Flame Jet Horror Zoo Clipper
       | 19468 t2 huerfana $990 | Encendedor Clipper Cops And Robbers
 d=124 | 2573 t1 prod 5724 $1590 | Encendedor Jet Flame Jet Horror Zoo Clipper
       | 19586 t2 huerfana $990 | Encendedor Clipper Ancient Skulls
 d=124 | 2573 t1 prod 5724 $1590 | Encendedor Jet Flame Jet Horror Zoo Clipper
       | 19621 t2 huerfana $990 | Encendedor Clipper Forbidden Symbols
 d=124 | 11967 t1 prod 5725 $1000 | Encendedor Clipper Recargable Crystal 12 – Diseño Surti
       | 13364 t2 huerfana $990 | Encendedor Clipper Random Criatures 2
 d=124 | 11967 t1 prod 5725 $1000 | Encendedor Clipper Recargable Crystal 12 – Diseño Surti
       | 19599 t2 huerfana $990 | Encendedor Clipper Birthday Leopard
 d=124 | 11967 t1 prod 5725 $1000 | Encendedor Clipper Recargable Crystal 12 – Diseño Surti
       | 19701 t2 huerfana $990 | Encendedor Clipper Spring Graffiti
 d=124 | 11968 t1 prod 5725 $1000 | Encendedor Clipper Recargable Horror Days 1 – Diseño Su
       | 19677 t2 huerfana $990 | Encendedor Clipper Pilot Animals
 d=124 | 11968 t1 prod 5725 $1000 | Encendedor Clipper Recargable Horror Days 1 – Diseño Su
       | 19683 t2 huerfana $990 | Encendedor Clipper Psycho Weed
 d=124 | 11970 t1 prod 10307 $1000 | Encendedor Clipper Recargable Onis 1 – Diseño Surtido (
       | 19650 t2 huerfana $990 | Encendedor Clipper Llama Work
 d=124 | 11973 t1 prod 10306 $1000 | Encendedor Clipper Recargable Super Pockets 4 – Diseño 
       | 19677 t2 huerfana $990 | Encendedor Clipper Pilot Animals
 d=124 | 11973 t1 prod 10306 $1000 | Encendedor Clipper Recargable Super Pockets 4 – Diseño 
       | 19718 t2 huerfana $990 | Encendedor Clipper Unicorn Sings
 d=124 | 12240 t1 huerfana $1000 | Encendedor Clipper Recargable Bear Skulls – Diseño Surt
       | 19599 t2 huerfana $990 | Encendedor Clipper Birthday Leopard
 d=124 | 12240 t1 huerfana $1000 | Encendedor Clipper Recargable Bear Skulls – Diseño Surt
       | 19703 t2 huerfana $990 | Encendedor Clipper Super Unicorns
 d=124 | 12241 t1 prod 10577 $1000 | Encendedor Clipper Recargable Funny Cupid – Diseño Surt
       | 13364 t2 huerfana $990 | Encendedor Clipper Random Criatures 2
 d=124 | 12241 t1 prod 10577 $1000 | Encendedor Clipper Recargable Funny Cupid – Diseño Surt
       | 19472 t2 huerfana $1590 | Encendedor Clipper Jet Crystal Fluo
 d=124 | 12241 t1 prod 10577 $1000 | Encendedor Clipper Recargable Funny Cupid – Diseño Surt
       | 19683 t2 huerfana $990 | Encendedor Clipper Psycho Weed
 d=124 | 12242 t1 huerfana $1000 | Encendedor Clipper Recargable Green Bait – Diseño Surti
       | 13355 t2 huerfana $990 | Encendedor Clipper Motor Sport 1
 d=124 | 12242 t1 huerfana $1000 | Encendedor Clipper Recargable Green Bait – Diseño Surti
       | 13487 t2 prod 10307 $990 | Encendedor Clipper Onis 1
 d=124 | 12242 t1 huerfana $1000 | Encendedor Clipper Recargable Green Bait – Diseño Surti
       | 19705 t2 huerfana $990 | Encendedor Clipper Tarot Cards
 d=124 | 12243 t1 prod 10705 $1000 | Encendedor Clipper Recargable Kings of Valhala – Diseño
       | 19598 t2 huerfana $990 | Encendedor Clipper Big Head
 d=124 | 12243 t1 prod 10705 $1000 | Encendedor Clipper Recargable Kings of Valhala – Diseño
       | 19648 t2 huerfana $990 | Encendedor Clipper Leaves World
 d=124 | 12243 t1 prod 10705 $1000 | Encendedor Clipper Recargable Kings of Valhala – Diseño
       | 19663 t2 huerfana $990 | Encendedor Clipper Monumental Bones
 d=124 | 12243 t1 prod 10705 $1000 | Encendedor Clipper Recargable Kings of Valhala – Diseño
       | 19677 t2 huerfana $990 | Encendedor Clipper Pilot Animals
 d=124 | 12244 t1 prod 10580 $1000 | Encendedor Clipper Recargable Lol Food – Diseño Surtido
       | 13363 t2 huerfana $990 | Encendedor Clipper Random Creatures 3
 d=124 | 12244 t1 prod 10580 $1000 | Encendedor Clipper Recargable Lol Food – Diseño Surtido
       | 19677 t2 huerfana $990 | Encendedor Clipper Pilot Animals
 d=124 | 12247 t1 huerfana $1000 | Encendedor Clipper Recargable Spring Print – Diseño Sur
       | 13355 t2 huerfana $990 | Encendedor Clipper Motor Sport 1
 d=124 | 12247 t1 huerfana $1000 | Encendedor Clipper Recargable Spring Print – Diseño Sur
       | 13362 t2 huerfana $990 | Encendedor Clipper Weed Skulls
 d=124 | 12248 t1 huerfana $1000 | Encendedor Clipper Recargable Weed Rhyme – Diseño Surti
       | 19472 t2 huerfana $1590 | Encendedor Clipper Jet Crystal Fluo
 d=124 | 12248 t1 huerfana $1000 | Encendedor Clipper Recargable Weed Rhyme – Diseño Surti
       | 19663 t2 huerfana $990 | Encendedor Clipper Monumental Bones
 d=124 | 12248 t1 huerfana $1000 | Encendedor Clipper Recargable Weed Rhyme – Diseño Surti
       | 19701 t2 huerfana $990 | Encendedor Clipper Spring Graffiti
 d=124 | 12248 t1 huerfana $1000 | Encendedor Clipper Recargable Weed Rhyme – Diseño Surti
       | 20295 t2 prod 10575 $990 | Encendedor Clipper Paranormal Puff
 d=124 | 12249 t1 prod 10581 $1000 | Encendedor Clipper Recargable Z-Bunnys – Diseño Surtido
       | 19653 t2 huerfana $990 | Encendedor Clipper Lovely Clowns
 d=124 | 12249 t1 prod 10581 $1000 | Encendedor Clipper Recargable Z-Bunnys – Diseño Surtido
       | 19665 t2 huerfana $990 | Encendedor Clipper Mushrooms Skulls
 d=124 | 12303 t1 prod 10578 $1000 | Encendedor Clipper Recargable Burningman – Diseño Surti
       | 19672 t2 huerfana $990 | Encendedor Clipper Ninja Cats
 d=124 | 12303 t1 prod 10578 $1000 | Encendedor Clipper Recargable Burningman – Diseño Surti
       | 19703 t2 huerfana $990 | Encendedor Clipper Super Unicorns
 d=124 | 12523 t1 huerfana $34990 | Soplete Monster Pro Doble Llama -Calvo Glass
       | 34314 t2 prod 10665 $23990 | Soplete Compact Ignite - Verde
 d=124 | 17961 t1 prod 10482 $6490 | Encendedor Metalico Rose Gold
       | 35870 t2 huerfana $6990 | Encendedor Clipper Metálico Turquoise - Opaco
 d=124 | 32566 t1 huerfana $34990 | Soplete Monster Pro Doble Llama -Calvo Glass - Artst Se
       | 34314 t2 prod 10665 $23990 | Soplete Compact Ignite - Verde
 d=124 | 34315 t2 prod 10665 $23990 | Soplete Compact Ignite - Negro
       | 39745 t4 huerfana $21600 | Soplete Compact Ignite - GB The Green Brand
 d=125 | 3 t2 prod 5725 $990 | Encendedor Clipper Crystal 12
       | 11969 t1 huerfana $1000 | Encendedor Clipper Recargable Horror Days 2 – Diseño Su
 d=125 | 3 t2 prod 5725 $990 | Encendedor Clipper Crystal 12
       | 12242 t1 huerfana $1000 | Encendedor Clipper Recargable Green Bait – Diseño Surti
 d=125 | 6 t2 prod 5725 $990 | Encendedor Clipper Space Area 4
       | 12242 t1 huerfana $1000 | Encendedor Clipper Recargable Green Bait – Diseño Surti
 d=125 | 89 t2 prod 5725 $990 | Encendedor Clipper Space Area 1
       | 11969 t1 huerfana $1000 | Encendedor Clipper Recargable Horror Days 2 – Diseño Su
 d=125 | 90 t2 prod 5725 $990 | Encendedor Clipper Space Area 2
       | 11969 t1 huerfana $1000 | Encendedor Clipper Recargable Horror Days 2 – Diseño Su
 d=125 | 2044 t2 prod 5724 $1590 | Encendedor Clipper Jet Flame Good Vibes Only
       | 12248 t1 huerfana $1000 | Encendedor Clipper Recargable Weed Rhyme – Diseño Surti
 d=125 | 2523 t1 huerfana $36990 | Encendedor Jet Flame Jet Horror Zoo 24U- Clipper
       | 19689 t2 prod 10579 $990 | Encendedor Clipper Sea Monster
 d=125 | 2571 t1 prod 5724 $1590 | Encendedor Jet Flame Jet Galactic Weed Clipper
       | 13338 t2 huerfana $990 | Encendedor Clipper Cowboy Life 1
 d=125 | 2571 t1 prod 5724 $1590 | Encendedor Jet Flame Jet Galactic Weed Clipper
       | 19468 t2 huerfana $990 | Encendedor Clipper Cops And Robbers
 d=125 | 2571 t1 prod 5724 $1590 | Encendedor Jet Flame Jet Galactic Weed Clipper
       | 19642 t2 huerfana $990 | Encendedor Clipper Hot Sentences
 d=125 | 2571 t1 prod 5724 $1590 | Encendedor Jet Flame Jet Galactic Weed Clipper
       | 19664 t2 huerfana $990 | Encendedor Clipper Mushrooms Colors
 d=125 | 2571 t1 prod 5724 $1590 | Encendedor Jet Flame Jet Galactic Weed Clipper
       | 19677 t2 huerfana $990 | Encendedor Clipper Pilot Animals
 d=125 | 11967 t1 prod 5725 $1000 | Encendedor Clipper Recargable Crystal 12 – Diseño Surti
       | 19661 t2 huerfana $990 | Encendedor Clipper Molten Skulls
 d=125 | 11967 t1 prod 5725 $1000 | Encendedor Clipper Recargable Crystal 12 – Diseño Surti
       | 19716 t2 huerfana $990 | Encendedor Clipper Triple Skull
 d=125 | 11969 t1 huerfana $1000 | Encendedor Clipper Recargable Horror Days 2 – Diseño Su
       | 19611 t2 huerfana $990 | Encendedor Clipper CyberPunk Animals
 d=125 | 11969 t1 huerfana $1000 | Encendedor Clipper Recargable Horror Days 2 – Diseño Su
       | 19624 t2 prod 10577 $990 | Encendedor Clipper Funny Cupid
 d=125 | 11970 t1 prod 10307 $1000 | Encendedor Clipper Recargable Onis 1 – Diseño Surtido (
       | 13340 t2 huerfana $990 | Encendedor Clipper Cowboy Life 3
 d=125 | 11970 t1 prod 10307 $1000 | Encendedor Clipper Recargable Onis 1 – Diseño Surtido (
       | 19472 t2 huerfana $1590 | Encendedor Clipper Jet Crystal Fluo
 d=125 | 11970 t1 prod 10307 $1000 | Encendedor Clipper Recargable Onis 1 – Diseño Surtido (
       | 19648 t2 huerfana $990 | Encendedor Clipper Leaves World
 d=125 | 11971 t1 prod 10304 $1000 | Encendedor Clipper Recargable Super Pockets 1 – Diseño 
       | 13343 t2 huerfana $990 | Encendedor Clipper Death Animals 3
 d=125 | 11971 t1 prod 10304 $1000 | Encendedor Clipper Recargable Super Pockets 1 – Diseño 
       | 19648 t2 huerfana $990 | Encendedor Clipper Leaves World
 d=125 | 11971 t1 prod 10304 $1000 | Encendedor Clipper Recargable Super Pockets 1 – Diseño 
       | 19703 t2 huerfana $990 | Encendedor Clipper Super Unicorns
 d=125 | 11972 t1 prod 10305 $1000 | Encendedor Clipper Recargable Super Pockets 2 – Diseño 
       | 19599 t2 huerfana $990 | Encendedor Clipper Birthday Leopard
 d=125 | 11972 t1 prod 10305 $1000 | Encendedor Clipper Recargable Super Pockets 2 – Diseño 
       | 19625 t2 huerfana $990 | Encendedor Clipper Game Lover
 d=125 | 11973 t1 prod 10306 $1000 | Encendedor Clipper Recargable Super Pockets 4 – Diseño 
       | 13355 t2 huerfana $990 | Encendedor Clipper Motor Sport 1
 d=125 | 12240 t1 huerfana $1000 | Encendedor Clipper Recargable Bear Skulls – Diseño Surt
       | 13355 t2 huerfana $990 | Encendedor Clipper Motor Sport 1
 d=125 | 12240 t1 huerfana $1000 | Encendedor Clipper Recargable Bear Skulls – Diseño Surt
       | 19716 t2 huerfana $990 | Encendedor Clipper Triple Skull
 d=125 | 12241 t1 prod 10577 $1000 | Encendedor Clipper Recargable Funny Cupid – Diseño Surt
       | 13355 t2 huerfana $990 | Encendedor Clipper Motor Sport 1
 d=125 | 12242 t1 huerfana $1000 | Encendedor Clipper Recargable Green Bait – Diseño Surti
       | 19648 t2 huerfana $990 | Encendedor Clipper Leaves World
 d=125 | 12242 t1 huerfana $1000 | Encendedor Clipper Recargable Green Bait – Diseño Surti
       | 19698 t2 huerfana $990 | Encendedor Clipper Space Helmets
 d=125 | 12243 t1 prod 10705 $1000 | Encendedor Clipper Recargable Kings of Valhala – Diseño
       | 19626 t2 huerfana $990 | Encendedor Clipper Zombie Gangsters
 d=125 | 12244 t1 prod 10580 $1000 | Encendedor Clipper Recargable Lol Food – Diseño Surtido
       | 13362 t2 huerfana $990 | Encendedor Clipper Weed Skulls
 d=125 | 12244 t1 prod 10580 $1000 | Encendedor Clipper Recargable Lol Food – Diseño Surtido
       | 19627 t2 huerfana $990 | Encendedor Clipper Geometric Leaves
 d=125 | 12244 t1 prod 10580 $1000 | Encendedor Clipper Recargable Lol Food – Diseño Surtido
       | 19674 t2 huerfana $990 | Encendedor Clipper Panda Warriors
 d=125 | 12245 t1 prod 10579 $1000 | Encendedor Clipper Recargable Sea Monsters – Diseño Sur
       | 13355 t2 huerfana $990 | Encendedor Clipper Motor Sport 1
 d=125 | 12245 t1 prod 10579 $1000 | Encendedor Clipper Recargable Sea Monsters – Diseño Sur
       | 19693 t2 huerfana $990 | Encendedor Clipper Simple Tattos
 d=125 | 12245 t1 prod 10579 $1000 | Encendedor Clipper Recargable Sea Monsters – Diseño Sur
       | 19900 t2 huerfana $990 | Encendedor Clipper Roses
 d=125 | 12247 t1 huerfana $1000 | Encendedor Clipper Recargable Spring Print – Diseño Sur
       | 19733 t2 prod 10581 $990 | Encendedor Clipper Z-Bunnys
 d=125 | 12247 t1 huerfana $1000 | Encendedor Clipper Recargable Spring Print – Diseño Sur
       | 19902 t2 prod 10576 $990 | Encendedor Clipper Shinobis
 d=125 | 12247 t1 huerfana $1000 | Encendedor Clipper Recargable Spring Print – Diseño Sur
       | 19905 t2 huerfana $990 | Encendedor Clipper Trampolining
 d=125 | 12248 t1 huerfana $1000 | Encendedor Clipper Recargable Weed Rhyme – Diseño Surti
       | 13355 t2 huerfana $990 | Encendedor Clipper Motor Sport 1
 d=125 | 12248 t1 huerfana $1000 | Encendedor Clipper Recargable Weed Rhyme – Diseño Surti
       | 19704 t2 huerfana $990 | Encendedor Clipper Sushi Sentences
 d=125 | 12249 t1 prod 10581 $1000 | Encendedor Clipper Recargable Z-Bunnys – Diseño Surtido
       | 19701 t2 huerfana $990 | Encendedor Clipper Spring Graffiti
 d=125 | 12249 t1 prod 10581 $1000 | Encendedor Clipper Recargable Z-Bunnys – Diseño Surtido
       | 19896 t2 huerfana $990 | Encendedor Clipper Halloween
 d=125 | 12303 t1 prod 10578 $1000 | Encendedor Clipper Recargable Burningman – Diseño Surti
       | 19653 t2 huerfana $990 | Encendedor Clipper Lovely Clowns
 d=125 | 12303 t1 prod 10578 $1000 | Encendedor Clipper Recargable Burningman – Diseño Surti
       | 19661 t2 huerfana $990 | Encendedor Clipper Molten Skulls
 d=125 | 12304 t1 prod 10576 $1000 | Encendedor Clipper Recargable Shinobis – Diseño Surtido
       | 19621 t2 huerfana $990 | Encendedor Clipper Forbidden Symbols
 d=125 | 12304 t1 prod 10576 $1000 | Encendedor Clipper Recargable Shinobis – Diseño Surtido
       | 19643 t2 huerfana $990 | Encendedor Clipper Hungry UFO
 d=125 | 12304 t1 prod 10576 $1000 | Encendedor Clipper Recargable Shinobis – Diseño Surtido
       | 19669 t2 huerfana $990 | Encendedor Clipper New Graff
 d=125 | 12304 t1 prod 10576 $1000 | Encendedor Clipper Recargable Shinobis – Diseño Surtido
       | 19673 t2 huerfana $990 | Encendedor Clipper Old Games
 d=125 | 12304 t1 prod 10576 $1000 | Encendedor Clipper Recargable Shinobis – Diseño Surtido
       | 19718 t2 huerfana $990 | Encendedor Clipper Unicorn Sings
 d=125 | 32891 t1 huerfana $21990 | Soplete Broiler Torch -Calvo - Skullyz
       | 35806 t2 huerfana $3990 | Special Blue Encendedor Soplete Bernie Skull &amp; Rose
 d=125 | 32891 t1 huerfana $21990 | Soplete Broiler Torch -Calvo - Skullyz
       | 35811 t2 huerfana $3990 | Special Blue Encendedor Soplete Bernie Wild &amp; Free 
 d=126 | 8 t2 prod 5725 $990 | Encendedor Clipper Space Area 3
       | 12242 t1 huerfana $1000 | Encendedor Clipper Recargable Green Bait – Diseño Surti
 d=126 | 2047 t2 prod 5724 $1590 | Encendedor Clipper Jet Flame Galactic Weed
       | 2523 t1 huerfana $36990 | Encendedor Jet Flame Jet Horror Zoo 24U- Clipper
 d=126 | 2562 t1 prod 5724 $1490 | Encendedor Jet Flame Jet Good Vibes Only Clipper
       | 19648 t2 huerfana $990 | Encendedor Clipper Leaves World
 d=126 | 2571 t1 prod 5724 $1590 | Encendedor Jet Flame Jet Galactic Weed Clipper
       | 13355 t2 huerfana $990 | Encendedor Clipper Motor Sport 1
 d=126 | 2571 t1 prod 5724 $1590 | Encendedor Jet Flame Jet Galactic Weed Clipper
       | 19674 t2 huerfana $990 | Encendedor Clipper Panda Warriors
 d=126 | 2572 t1 prod 5724 $1490 | Encendedor Jet Flame Jet Hippie World Clipper
       | 13363 t2 huerfana $990 | Encendedor Clipper Random Creatures 3
 d=126 | 2572 t1 prod 5724 $1490 | Encendedor Jet Flame Jet Hippie World Clipper
       | 19664 t2 huerfana $990 | Encendedor Clipper Mushrooms Colors
 d=126 | 2572 t1 prod 5724 $1490 | Encendedor Jet Flame Jet Hippie World Clipper
       | 19703 t2 huerfana $990 | Encendedor Clipper Super Unicorns
 d=126 | 2572 t1 prod 5724 $1490 | Encendedor Jet Flame Jet Hippie World Clipper
       | 19722 t2 huerfana $990 | Encendedor Clipper Vintage Cars
 d=126 | 2572 t1 prod 5724 $1490 | Encendedor Jet Flame Jet Hippie World Clipper
       | 19896 t2 huerfana $990 | Encendedor Clipper Halloween
 d=126 | 3529 t3 prod 10237 $4990 | Encendedor Zengaz Jet Flame ZL-3
       | 13437 t2 huerfana $4490 | Zengaz Encendedor Soplete Leaves 2
 d=126 | 11968 t1 prod 5725 $1000 | Encendedor Clipper Recargable Horror Days 1 – Diseño Su
       | 19598 t2 huerfana $990 | Encendedor Clipper Big Head
 d=126 | 11969 t1 huerfana $1000 | Encendedor Clipper Recargable Horror Days 2 – Diseño Su
       | 13355 t2 huerfana $990 | Encendedor Clipper Motor Sport 1
 d=126 | 11969 t1 huerfana $1000 | Encendedor Clipper Recargable Horror Days 2 – Diseño Su
       | 13375 t2 prod 10304 $990 | Encendedor Clipper Super Pocket 1
 d=126 | 11969 t1 huerfana $1000 | Encendedor Clipper Recargable Horror Days 2 – Diseño Su
       | 19596 t2 huerfana $990 | Encendedor Clipper Be Hippie
 d=126 | 11969 t1 huerfana $1000 | Encendedor Clipper Recargable Horror Days 2 – Diseño Su
       | 19668 t2 huerfana $990 | Encendedor Clipper Nerd Sentences
 d=126 | 11970 t1 prod 10307 $1000 | Encendedor Clipper Recargable Onis 1 – Diseño Surtido (
       | 19467 t2 huerfana $990 | Encendedor Clipper Angels vs Demons
 d=126 | 11970 t1 prod 10307 $1000 | Encendedor Clipper Recargable Onis 1 – Diseño Surtido (
       | 19653 t2 huerfana $990 | Encendedor Clipper Lovely Clowns
 d=126 | 11970 t1 prod 10307 $1000 | Encendedor Clipper Recargable Onis 1 – Diseño Surtido (
       | 19704 t2 huerfana $990 | Encendedor Clipper Sushi Sentences
 d=126 | 11971 t1 prod 10304 $1000 | Encendedor Clipper Recargable Super Pockets 1 – Diseño 
       | 19693 t2 huerfana $990 | Encendedor Clipper Simple Tattos
 d=126 | 11971 t1 prod 10304 $1000 | Encendedor Clipper Recargable Super Pockets 1 – Diseño 
       | 19897 t2 huerfana $990 | Encendedor Clipper Kamasutra 3
 d=126 | 11972 t1 prod 10305 $1000 | Encendedor Clipper Recargable Super Pockets 2 – Diseño 
       | 19897 t2 huerfana $990 | Encendedor Clipper Kamasutra 3
 d=126 | 11973 t1 prod 10306 $1000 | Encendedor Clipper Recargable Super Pockets 4 – Diseño 
       | 19642 t2 huerfana $990 | Encendedor Clipper Hot Sentences
 d=126 | 12240 t1 huerfana $1000 | Encendedor Clipper Recargable Bear Skulls – Diseño Surt
       | 13363 t2 huerfana $990 | Encendedor Clipper Random Creatures 3
 d=126 | 12240 t1 huerfana $1000 | Encendedor Clipper Recargable Bear Skulls – Diseño Surt
       | 19648 t2 huerfana $990 | Encendedor Clipper Leaves World
 d=126 | 12240 t1 huerfana $1000 | Encendedor Clipper Recargable Bear Skulls – Diseño Surt
       | 19673 t2 huerfana $990 | Encendedor Clipper Old Games
 d=126 | 12240 t1 huerfana $1000 | Encendedor Clipper Recargable Bear Skulls – Diseño Surt
       | 19895 t2 huerfana $990 | Encendedor Clipper Goddesses
 d=126 | 12241 t1 prod 10577 $1000 | Encendedor Clipper Recargable Funny Cupid – Diseño Surt
       | 19703 t2 huerfana $990 | Encendedor Clipper Super Unicorns
 d=126 | 12242 t1 huerfana $1000 | Encendedor Clipper Recargable Green Bait – Diseño Surti
       | 19674 t2 huerfana $990 | Encendedor Clipper Panda Warriors
 d=126 | 12243 t1 prod 10705 $1000 | Encendedor Clipper Recargable Kings of Valhala – Diseño
       | 13363 t2 huerfana $990 | Encendedor Clipper Random Creatures 3
 d=126 | 12244 t1 prod 10580 $1000 | Encendedor Clipper Recargable Lol Food – Diseño Surtido
       | 19643 t2 huerfana $990 | Encendedor Clipper Hungry UFO
 d=126 | 12244 t1 prod 10580 $1000 | Encendedor Clipper Recargable Lol Food – Diseño Surtido
       | 19683 t2 huerfana $990 | Encendedor Clipper Psycho Weed
 d=126 | 12244 t1 prod 10580 $1000 | Encendedor Clipper Recargable Lol Food – Diseño Surtido
       | 19703 t2 huerfana $990 | Encendedor Clipper Super Unicorns
 d=126 | 12245 t1 prod 10579 $1000 | Encendedor Clipper Recargable Sea Monsters – Diseño Sur
       | 19683 t2 huerfana $990 | Encendedor Clipper Psycho Weed
 d=126 | 12245 t1 prod 10579 $1000 | Encendedor Clipper Recargable Sea Monsters – Diseño Sur
       | 19896 t2 huerfana $990 | Encendedor Clipper Halloween
 d=126 | 12247 t1 huerfana $1000 | Encendedor Clipper Recargable Spring Print – Diseño Sur
       | 19596 t2 huerfana $990 | Encendedor Clipper Be Hippie
 d=126 | 12249 t1 prod 10581 $1000 | Encendedor Clipper Recargable Z-Bunnys – Diseño Surtido
       | 19627 t2 huerfana $990 | Encendedor Clipper Geometric Leaves
 d=126 | 12303 t1 prod 10578 $1000 | Encendedor Clipper Recargable Burningman – Diseño Surti
       | 13382 t2 huerfana $990 | Encendedor Clipper Weed Skulls 1
 d=126 | 12303 t1 prod 10578 $1000 | Encendedor Clipper Recargable Burningman – Diseño Surti
       | 19663 t2 huerfana $990 | Encendedor Clipper Monumental Bones
 d=126 | 12303 t1 prod 10578 $1000 | Encendedor Clipper Recargable Burningman – Diseño Surti
       | 19718 t2 huerfana $990 | Encendedor Clipper Unicorn Sings
 d=126 | 12303 t1 prod 10578 $1000 | Encendedor Clipper Recargable Burningman – Diseño Surti
       | 19905 t2 huerfana $990 | Encendedor Clipper Trampolining
 d=126 | 12304 t1 prod 10576 $1000 | Encendedor Clipper Recargable Shinobis – Diseño Surtido
       | 13355 t2 huerfana $990 | Encendedor Clipper Motor Sport 1
 d=126 | 12523 t1 huerfana $34990 | Soplete Monster Pro Doble Llama -Calvo Glass
       | 34313 t2 huerfana $23990 | Soplete Compact Ignite - Rosado
 d=126 | 13338 t2 huerfana $990 | Encendedor Clipper Cowboy Life 1
       | 17958 t1 prod 10575 $1000 | Encendedor Clipper Recargable Paranormal Puffs – Diseño
 d=126 | 13679 t2 huerfana $34990 | Special Blue Soplete Monster Pro Doble Llama - Toolbox
       | 33034 t1 prod 10665 $21990 | Soplete Compact -Ignite - Negro
 d=126 | 13679 t2 huerfana $34990 | Special Blue Soplete Monster Pro Doble Llama - Toolbox
       | 33037 t1 huerfana $21990 | Soplete Compact -Ignite - ORANGE
 d=126 | 19347 t2 prod 10483 $3990 | Special Blue Encendedor Soplete Bernie Wild &amp; Free
       | 32890 t1 huerfana $21990 | Soplete Broiler Torch -Calvo - Skull High/
 d=126 | 32566 t1 huerfana $34990 | Soplete Monster Pro Doble Llama -Calvo Glass - Artst Se
       | 34313 t2 huerfana $23990 | Soplete Compact Ignite - Rosado
 d=126 | 32569 t1 huerfana $32990 | Soplete Monster Pro Doble Llama -Calvo Glass - Rojo
       | 34313 t2 huerfana $23990 | Soplete Compact Ignite - Rosado
 d=126 | 32890 t1 huerfana $21990 | Soplete Broiler Torch -Calvo - Skull High/
       | 35808 t2 prod 10483 $3990 | Special Blue Encendedor Soplete Bernie Wild &amp; Free 
 d=126 | 32891 t1 huerfana $21990 | Soplete Broiler Torch -Calvo - Skullyz
       | 35809 t2 huerfana $3990 | Special Blue Encendedor Soplete Bernie Wild &amp; Free 
 d=126 | 33034 t1 prod 10665 $21990 | Soplete Compact -Ignite - Negro
       | 35650 t2 huerfana $34990 | Special Blue Soplete Monster Pro Doble Llama - Toolbox 
 d=126 | 33034 t1 prod 10665 $21990 | Soplete Compact -Ignite - Negro
       | 35652 t2 huerfana $34990 | Special Blue Soplete Monster Pro Doble Llama - Toolbox 
 d=126 | 33037 t1 huerfana $21990 | Soplete Compact -Ignite - ORANGE
       | 35650 t2 huerfana $34990 | Special Blue Soplete Monster Pro Doble Llama - Toolbox 
 d=127 | 102 t2 prod 5725 $990 | Encendedor Clipper Taroting 2
       | 812 t1 huerfana $36990 | Encendedor Jet Flame Jet Cozy Skull 24U- Clipper
 d=127 | 812 t1 huerfana $36990 | Encendedor Jet Flame Jet Cozy Skull 24U- Clipper
       | 19689 t2 prod 10579 $990 | Encendedor Clipper Sea Monster
 d=127 | 2049 t2 prod 5724 $1592 | Encendedor Clipper Jet Flame Horror Zoo
       | 12248 t1 huerfana $1000 | Encendedor Clipper Recargable Weed Rhyme – Diseño Surti
 d=127 | 2523 t1 huerfana $36990 | Encendedor Jet Flame Jet Horror Zoo 24U- Clipper
       | 19665 t2 huerfana $990 | Encendedor Clipper Mushrooms Skulls
 d=127 | 2571 t1 prod 5724 $1590 | Encendedor Jet Flame Jet Galactic Weed Clipper
       | 13364 t2 huerfana $990 | Encendedor Clipper Random Criatures 2
 d=127 | 2571 t1 prod 5724 $1590 | Encendedor Jet Flame Jet Galactic Weed Clipper
       | 19703 t2 huerfana $990 | Encendedor Clipper Super Unicorns
 d=127 | 2572 t1 prod 5724 $1490 | Encendedor Jet Flame Jet Hippie World Clipper
       | 13490 t2 huerfana $990 | Encendedor Clipper Skull 8
 d=127 | 2572 t1 prod 5724 $1490 | Encendedor Jet Flame Jet Hippie World Clipper
       | 19653 t2 huerfana $990 | Encendedor Clipper Lovely Clowns
 d=127 | 2572 t1 prod 5724 $1490 | Encendedor Jet Flame Jet Hippie World Clipper
       | 19674 t2 huerfana $990 | Encendedor Clipper Panda Warriors
 d=127 | 2573 t1 prod 5724 $1590 | Encendedor Jet Flame Jet Horror Zoo Clipper
       | 19665 t2 huerfana $990 | Encendedor Clipper Mushrooms Skulls
 d=127 | 11967 t1 prod 5725 $1000 | Encendedor Clipper Recargable Crystal 12 – Diseño Surti
       | 19638 t2 huerfana $990 | Encendedor Clipper Hippie Man
 d=127 | 11967 t1 prod 5725 $1000 | Encendedor Clipper Recargable Crystal 12 – Diseño Surti
       | 19674 t2 huerfana $990 | Encendedor Clipper Panda Warriors
 d=127 | 11968 t1 prod 5725 $1000 | Encendedor Clipper Recargable Horror Days 1 – Diseño Su
       | 19467 t2 huerfana $990 | Encendedor Clipper Angels vs Demons
 d=127 | 11968 t1 prod 5725 $1000 | Encendedor Clipper Recargable Horror Days 1 – Diseño Su
       | 19585 t2 huerfana $990 | Encendedor Clipper Amazing Landscapes
 d=127 | 11969 t1 huerfana $1000 | Encendedor Clipper Recargable Horror Days 2 – Diseño Su
       | 19648 t2 huerfana $990 | Encendedor Clipper Leaves World
 d=127 | 11969 t1 huerfana $1000 | Encendedor Clipper Recargable Horror Days 2 – Diseño Su
       | 19669 t2 huerfana $990 | Encendedor Clipper New Graff
 d=127 | 11969 t1 huerfana $1000 | Encendedor Clipper Recargable Horror Days 2 – Diseño Su
       | 19722 t2 huerfana $990 | Encendedor Clipper Vintage Cars
 d=127 | 11970 t1 prod 10307 $1000 | Encendedor Clipper Recargable Onis 1 – Diseño Surtido (
       | 13382 t2 huerfana $990 | Encendedor Clipper Weed Skulls 1
 d=127 | 11970 t1 prod 10307 $1000 | Encendedor Clipper Recargable Onis 1 – Diseño Surtido (
       | 19598 t2 huerfana $990 | Encendedor Clipper Big Head
 d=127 | 11970 t1 prod 10307 $1000 | Encendedor Clipper Recargable Onis 1 – Diseño Surtido (
       | 19718 t2 huerfana $990 | Encendedor Clipper Unicorn Sings
 d=127 | 11971 t1 prod 10304 $1000 | Encendedor Clipper Recargable Super Pockets 1 – Diseño 
       | 13339 t2 huerfana $990 | Encendedor Clipper Cowboy Life 2
 d=127 | 11972 t1 prod 10305 $1000 | Encendedor Clipper Recargable Super Pockets 2 – Diseño 
       | 19663 t2 huerfana $990 | Encendedor Clipper Monumental Bones
 d=127 | 11972 t1 prod 10305 $1000 | Encendedor Clipper Recargable Super Pockets 2 – Diseño 
       | 19895 t2 huerfana $990 | Encendedor Clipper Goddesses
 d=127 | 11973 t1 prod 10306 $1000 | Encendedor Clipper Recargable Super Pockets 4 – Diseño 
       | 19467 t2 huerfana $990 | Encendedor Clipper Angels vs Demons
 d=127 | 12240 t1 huerfana $1000 | Encendedor Clipper Recargable Bear Skulls – Diseño Surt
       | 19690 t2 huerfana $990 | Encendedor Clipper See You
 d=127 | 12242 t1 huerfana $1000 | Encendedor Clipper Recargable Green Bait – Diseño Surti
       | 13363 t2 huerfana $990 | Encendedor Clipper Random Creatures 3
 d=127 | 12243 t1 prod 10705 $1000 | Encendedor Clipper Recargable Kings of Valhala – Diseño
       | 19661 t2 huerfana $990 | Encendedor Clipper Molten Skulls
 d=127 | 12244 t1 prod 10580 $1000 | Encendedor Clipper Recargable Lol Food – Diseño Surtido
       | 13355 t2 huerfana $990 | Encendedor Clipper Motor Sport 1
 d=127 | 12247 t1 huerfana $1000 | Encendedor Clipper Recargable Spring Print – Diseño Sur
       | 36060 t2 prod 10705 $990 | Encendedor Clipper Kings of Valhala
 d=127 | 12249 t1 prod 10581 $1000 | Encendedor Clipper Recargable Z-Bunnys – Diseño Surtido
       | 13343 t2 huerfana $990 | Encendedor Clipper Death Animals 3
 d=127 | 12249 t1 prod 10581 $1000 | Encendedor Clipper Recargable Z-Bunnys – Diseño Surtido
       | 13363 t2 huerfana $990 | Encendedor Clipper Random Creatures 3
 d=127 | 12249 t1 prod 10581 $1000 | Encendedor Clipper Recargable Z-Bunnys – Diseño Surtido
       | 19621 t2 huerfana $990 | Encendedor Clipper Forbidden Symbols
 d=127 | 12249 t1 prod 10581 $1000 | Encendedor Clipper Recargable Z-Bunnys – Diseño Surtido
       | 19643 t2 huerfana $990 | Encendedor Clipper Hungry UFO
 d=127 | 12303 t1 prod 10578 $1000 | Encendedor Clipper Recargable Burningman – Diseño Surti
       | 19467 t2 huerfana $990 | Encendedor Clipper Angels vs Demons
 d=127 | 12303 t1 prod 10578 $1000 | Encendedor Clipper Recargable Burningman – Diseño Surti
       | 19668 t2 huerfana $990 | Encendedor Clipper Nerd Sentences
 d=127 | 12304 t1 prod 10576 $1000 | Encendedor Clipper Recargable Shinobis – Diseño Surtido
       | 19698 t2 huerfana $990 | Encendedor Clipper Space Helmets
 d=127 | 12609 t1 prod 10241 $34990 | Encendedor Classic Black &amp; Red-Zippo
       | 19483 t2 huerfana $36990 | Encendedor Zippo Classic Purple Matte
 d=127 | 32567 t1 huerfana $32990 | Soplete Monster Pro Doble Llama -Calvo Glass - azul
       | 34313 t2 huerfana $23990 | Soplete Compact Ignite - Rosado
 d=127 | 32568 t1 huerfana $32990 | Soplete Monster Pro Doble Llama -Calvo Glass - Morado
       | 34313 t2 huerfana $23990 | Soplete Compact Ignite - Rosado
 d=127 | 32569 t1 huerfana $32990 | Soplete Monster Pro Doble Llama -Calvo Glass - Rojo
       | 34288 t2 prod 10667 $20990 | Ignite Soplete Phantom - Negro
 d=127 | 32569 t1 huerfana $32990 | Soplete Monster Pro Doble Llama -Calvo Glass - Rojo
       | 38364 t3 huerfana $14243 | Encendedor Soplete Ignite Phantom | PIRANHA
 d=128 | 102 t2 prod 5725 $990 | Encendedor Clipper Taroting 2
       | 11969 t1 huerfana $1000 | Encendedor Clipper Recargable Horror Days 2 – Diseño Su
 d=128 | 103 t2 prod 5725 $990 | Encendedor Clipper Monsters 1
       | 12240 t1 huerfana $1000 | Encendedor Clipper Recargable Bear Skulls – Diseño Surt
 d=128 | 812 t1 huerfana $36990 | Encendedor Jet Flame Jet Cozy Skull 24U- Clipper
       | 19648 t2 huerfana $990 | Encendedor Clipper Leaves World
 d=128 | 812 t1 huerfana $36990 | Encendedor Jet Flame Jet Cozy Skull 24U- Clipper
       | 19673 t2 huerfana $990 | Encendedor Clipper Old Games
 d=128 | 1226 t2 prod 5724 $1590 | Encendedor Clipper Jet Flame Ink 4 Life
       | 12240 t1 huerfana $1000 | Encendedor Clipper Recargable Bear Skulls – Diseño Surt
 d=128 | 2044 t2 prod 5724 $1590 | Encendedor Clipper Jet Flame Good Vibes Only
       | 12247 t1 huerfana $1000 | Encendedor Clipper Recargable Spring Print – Diseño Sur
 d=128 | 2049 t2 prod 5724 $1592 | Encendedor Clipper Jet Flame Horror Zoo
       | 12242 t1 huerfana $1000 | Encendedor Clipper Recargable Green Bait – Diseño Surti
 d=128 | 2523 t1 huerfana $36990 | Encendedor Jet Flame Jet Horror Zoo 24U- Clipper
       | 13343 t2 huerfana $990 | Encendedor Clipper Death Animals 3
 d=128 | 2562 t1 prod 5724 $1490 | Encendedor Jet Flame Jet Good Vibes Only Clipper
       | 19472 t2 huerfana $1590 | Encendedor Clipper Jet Crystal Fluo
 d=128 | 2562 t1 prod 5724 $1490 | Encendedor Jet Flame Jet Good Vibes Only Clipper
       | 19663 t2 huerfana $990 | Encendedor Clipper Monumental Bones
 d=128 | 2572 t1 prod 5724 $1490 | Encendedor Jet Flame Jet Hippie World Clipper
       | 19672 t2 huerfana $990 | Encendedor Clipper Ninja Cats
 d=128 | 2573 t1 prod 5724 $1590 | Encendedor Jet Flame Jet Horror Zoo Clipper
       | 13343 t2 huerfana $990 | Encendedor Clipper Death Animals 3
 d=128 | 11967 t1 prod 5725 $1000 | Encendedor Clipper Recargable Crystal 12 – Diseño Surti
       | 19621 t2 huerfana $990 | Encendedor Clipper Forbidden Symbols
 d=128 | 11967 t1 prod 5725 $1000 | Encendedor Clipper Recargable Crystal 12 – Diseño Surti
       | 19896 t2 huerfana $990 | Encendedor Clipper Halloween
 d=128 | 11968 t1 prod 5725 $1000 | Encendedor Clipper Recargable Horror Days 1 – Diseño Su
       | 13343 t2 huerfana $990 | Encendedor Clipper Death Animals 3
 d=128 | 11968 t1 prod 5725 $1000 | Encendedor Clipper Recargable Horror Days 1 – Diseño Su
       | 13363 t2 huerfana $990 | Encendedor Clipper Random Creatures 3
 d=128 | 11968 t1 prod 5725 $1000 | Encendedor Clipper Recargable Horror Days 1 – Diseño Su
       | 19472 t2 huerfana $1590 | Encendedor Clipper Jet Crystal Fluo
 d=128 | 11968 t1 prod 5725 $1000 | Encendedor Clipper Recargable Horror Days 1 – Diseño Su
       | 19648 t2 huerfana $990 | Encendedor Clipper Leaves World
 d=128 | 11969 t1 huerfana $1000 | Encendedor Clipper Recargable Horror Days 2 – Diseño Su
       | 19661 t2 huerfana $990 | Encendedor Clipper Molten Skulls
 d=128 | 11970 t1 prod 10307 $1000 | Encendedor Clipper Recargable Onis 1 – Diseño Surtido (
       | 19585 t2 huerfana $990 | Encendedor Clipper Amazing Landscapes
 d=128 | 11970 t1 prod 10307 $1000 | Encendedor Clipper Recargable Onis 1 – Diseño Surtido (
       | 19661 t2 huerfana $990 | Encendedor Clipper Molten Skulls
 d=128 | 11971 t1 prod 10304 $1000 | Encendedor Clipper Recargable Super Pockets 1 – Diseño 
       | 13490 t2 huerfana $990 | Encendedor Clipper Skull 8
 d=128 | 11971 t1 prod 10304 $1000 | Encendedor Clipper Recargable Super Pockets 1 – Diseño 
       | 19711 t2 huerfana $990 | Encendedor Clipper Terror Pixel
 d=128 | 11972 t1 prod 10305 $1000 | Encendedor Clipper Recargable Super Pockets 2 – Diseño 
       | 19690 t2 huerfana $990 | Encendedor Clipper See You
 d=128 | 11972 t1 prod 10305 $1000 | Encendedor Clipper Recargable Super Pockets 2 – Diseño 
       | 19705 t2 huerfana $990 | Encendedor Clipper Tarot Cards
 d=128 | 11973 t1 prod 10306 $1000 | Encendedor Clipper Recargable Super Pockets 4 – Diseño 
       | 19673 t2 huerfana $990 | Encendedor Clipper Old Games
 d=128 | 12240 t1 huerfana $1000 | Encendedor Clipper Recargable Bear Skulls – Diseño Surt
       | 13364 t2 huerfana $990 | Encendedor Clipper Random Criatures 2
 d=128 | 12240 t1 huerfana $1000 | Encendedor Clipper Recargable Bear Skulls – Diseño Surt
       | 19642 t2 huerfana $990 | Encendedor Clipper Hot Sentences
 d=128 | 12241 t1 prod 10577 $1000 | Encendedor Clipper Recargable Funny Cupid – Diseño Surt
       | 13339 t2 huerfana $990 | Encendedor Clipper Cowboy Life 2
 d=128 | 12241 t1 prod 10577 $1000 | Encendedor Clipper Recargable Funny Cupid – Diseño Surt
       | 19599 t2 huerfana $990 | Encendedor Clipper Birthday Leopard
 d=128 | 12241 t1 prod 10577 $1000 | Encendedor Clipper Recargable Funny Cupid – Diseño Surt
       | 19648 t2 huerfana $990 | Encendedor Clipper Leaves World
 d=128 | 12243 t1 prod 10705 $1000 | Encendedor Clipper Recargable Kings of Valhala – Diseño
       | 13343 t2 huerfana $990 | Encendedor Clipper Death Animals 3
 d=128 | 12243 t1 prod 10705 $1000 | Encendedor Clipper Recargable Kings of Valhala – Diseño
       | 19468 t2 huerfana $990 | Encendedor Clipper Cops And Robbers
 d=128 | 12243 t1 prod 10705 $1000 | Encendedor Clipper Recargable Kings of Valhala – Diseño
       | 19673 t2 huerfana $990 | Encendedor Clipper Old Games
 d=128 | 12245 t1 prod 10579 $1000 | Encendedor Clipper Recargable Sea Monsters – Diseño Sur
       | 19598 t2 huerfana $990 | Encendedor Clipper Big Head
 d=128 | 12245 t1 prod 10579 $1000 | Encendedor Clipper Recargable Sea Monsters – Diseño Sur
       | 19642 t2 huerfana $990 | Encendedor Clipper Hot Sentences
 d=128 | 12245 t1 prod 10579 $1000 | Encendedor Clipper Recargable Sea Monsters – Diseño Sur
       | 19673 t2 huerfana $990 | Encendedor Clipper Old Games
 d=128 | 12245 t1 prod 10579 $1000 | Encendedor Clipper Recargable Sea Monsters – Diseño Sur
       | 19895 t2 huerfana $990 | Encendedor Clipper Goddesses
 d=128 | 12247 t1 huerfana $1000 | Encendedor Clipper Recargable Spring Print – Diseño Sur
       | 13377 t2 prod 10306 $990 | Encendedor Clipper Super Pocket 4
 d=128 | 12247 t1 huerfana $1000 | Encendedor Clipper Recargable Spring Print – Diseño Sur
       | 19704 t2 huerfana $990 | Encendedor Clipper Sushi Sentences
 d=128 | 12248 t1 huerfana $1000 | Encendedor Clipper Recargable Weed Rhyme – Diseño Surti
       | 19642 t2 huerfana $990 | Encendedor Clipper Hot Sentences
 d=128 | 12248 t1 huerfana $1000 | Encendedor Clipper Recargable Weed Rhyme – Diseño Surti
       | 19648 t2 huerfana $990 | Encendedor Clipper Leaves World
 d=128 | 12249 t1 prod 10581 $1000 | Encendedor Clipper Recargable Z-Bunnys – Diseño Surtido
       | 13362 t2 huerfana $990 | Encendedor Clipper Weed Skulls
 d=128 | 12303 t1 prod 10578 $1000 | Encendedor Clipper Recargable Burningman – Diseño Surti
       | 19472 t2 huerfana $1590 | Encendedor Clipper Jet Crystal Fluo
 d=128 | 12303 t1 prod 10578 $1000 | Encendedor Clipper Recargable Burningman – Diseño Surti
       | 19611 t2 huerfana $990 | Encendedor Clipper CyberPunk Animals
 d=128 | 12303 t1 prod 10578 $1000 | Encendedor Clipper Recargable Burningman – Diseño Surti
       | 19677 t2 huerfana $990 | Encendedor Clipper Pilot Animals
 d=128 | 12304 t1 prod 10576 $1000 | Encendedor Clipper Recargable Shinobis – Diseño Surtido
       | 19596 t2 huerfana $990 | Encendedor Clipper Be Hippie
 d=128 | 12304 t1 prod 10576 $1000 | Encendedor Clipper Recargable Shinobis – Diseño Surtido
       | 19661 t2 huerfana $990 | Encendedor Clipper Molten Skulls
 d=128 | 12523 t1 huerfana $34990 | Soplete Monster Pro Doble Llama -Calvo Glass
       | 35652 t2 huerfana $34990 | Special Blue Soplete Monster Pro Doble Llama - Toolbox 
 d=128 | 13679 t2 huerfana $34990 | Special Blue Soplete Monster Pro Doble Llama - Toolbox
       | 33038 t1 huerfana $21990 | Soplete Compact -Ignite - Rosa
 d=128 | 17958 t1 prod 10575 $1000 | Encendedor Clipper Recargable Paranormal Puffs – Diseño
       | 19598 t2 huerfana $990 | Encendedor Clipper Big Head
 d=128 | 17958 t1 prod 10575 $1000 | Encendedor Clipper Recargable Paranormal Puffs – Diseño
       | 19673 t2 huerfana $990 | Encendedor Clipper Old Games
 d=128 | 32566 t1 huerfana $34990 | Soplete Monster Pro Doble Llama -Calvo Glass - Artst Se
       | 35652 t2 huerfana $34990 | Special Blue Soplete Monster Pro Doble Llama - Toolbox 
 d=128 | 32569 t1 huerfana $32990 | Soplete Monster Pro Doble Llama -Calvo Glass - Rojo
       | 34314 t2 prod 10665 $23990 | Soplete Compact Ignite - Verde
 d=128 | 33036 t1 prod 10665 $21990 | Soplete Compact -Ignite - Verde
       | 35652 t2 huerfana $34990 | Special Blue Soplete Monster Pro Doble Llama - Toolbox 
 d=128 | 33036 t1 prod 10665 $21990 | Soplete Compact -Ignite - Verde
       | 35952 t2 huerfana $3990 | Special Blue Encendedor Soplete Bernie Psychedelic - Sm
 d=128 | 33038 t1 huerfana $21990 | Soplete Compact -Ignite - Rosa
       | 35650 t2 huerfana $34990 | Special Blue Soplete Monster Pro Doble Llama - Toolbox 
 d=128 | 33038 t1 huerfana $21990 | Soplete Compact -Ignite - Rosa
       | 35652 t2 huerfana $34990 | Special Blue Soplete Monster Pro Doble Llama - Toolbox 
 d=129 | 102 t2 prod 5725 $990 | Encendedor Clipper Taroting 2
       | 12248 t1 huerfana $1000 | Encendedor Clipper Recargable Weed Rhyme – Diseño Surti
 d=129 | 753 t1 huerfana $8490 | Pack Colección 4+Butano -Clipper
       | 20050 t2 huerfana $9990 | Torch Kooziee - Protector De Soplete
 d=129 | 753 t1 huerfana $8490 | Pack Colección 4+Butano -Clipper
       | 37107 t2 huerfana $9990 | Torch Kooziee - Protector De Soplete - Negro
 d=129 | 812 t1 huerfana $36990 | Encendedor Jet Flame Jet Cozy Skull 24U- Clipper
       | 19713 t2 huerfana $990 | Encendedor Clipper Tie Die
 d=129 | 2049 t2 prod 5724 $1592 | Encendedor Clipper Jet Flame Horror Zoo
       | 12240 t1 huerfana $1000 | Encendedor Clipper Recargable Bear Skulls – Diseño Surt
 d=129 | 2523 t1 huerfana $36990 | Encendedor Jet Flame Jet Horror Zoo 24U- Clipper
       | 13377 t2 prod 10306 $990 | Encendedor Clipper Super Pocket 4
 d=129 | 2523 t1 huerfana $36990 | Encendedor Jet Flame Jet Horror Zoo 24U- Clipper
       | 19585 t2 huerfana $990 | Encendedor Clipper Amazing Landscapes
 d=129 | 2523 t1 huerfana $36990 | Encendedor Jet Flame Jet Horror Zoo 24U- Clipper
       | 19653 t2 huerfana $990 | Encendedor Clipper Lovely Clowns
 d=129 | 2523 t1 huerfana $36990 | Encendedor Jet Flame Jet Horror Zoo 24U- Clipper
       | 19705 t2 huerfana $990 | Encendedor Clipper Tarot Cards
 d=129 | 2562 t1 prod 5724 $1490 | Encendedor Jet Flame Jet Good Vibes Only Clipper
       | 13355 t2 huerfana $990 | Encendedor Clipper Motor Sport 1
 d=129 | 2562 t1 prod 5724 $1490 | Encendedor Jet Flame Jet Good Vibes Only Clipper
       | 19596 t2 huerfana $990 | Encendedor Clipper Be Hippie
 d=129 | 2562 t1 prod 5724 $1490 | Encendedor Jet Flame Jet Good Vibes Only Clipper
       | 19711 t2 huerfana $990 | Encendedor Clipper Terror Pixel
 d=129 | 2562 t1 prod 5724 $1490 | Encendedor Jet Flame Jet Good Vibes Only Clipper
       | 19900 t2 huerfana $990 | Encendedor Clipper Roses
 d=129 | 2571 t1 prod 5724 $1590 | Encendedor Jet Flame Jet Galactic Weed Clipper
       | 13343 t2 huerfana $990 | Encendedor Clipper Death Animals 3
 d=129 | 2572 t1 prod 5724 $1490 | Encendedor Jet Flame Jet Hippie World Clipper
       | 13362 t2 huerfana $990 | Encendedor Clipper Weed Skulls
 d=129 | 2573 t1 prod 5724 $1590 | Encendedor Jet Flame Jet Horror Zoo Clipper
       | 19585 t2 huerfana $990 | Encendedor Clipper Amazing Landscapes
 d=129 | 2573 t1 prod 5724 $1590 | Encendedor Jet Flame Jet Horror Zoo Clipper
       | 19653 t2 huerfana $990 | Encendedor Clipper Lovely Clowns
 d=129 | 2573 t1 prod 5724 $1590 | Encendedor Jet Flame Jet Horror Zoo Clipper
       | 19705 t2 huerfana $990 | Encendedor Clipper Tarot Cards
 d=129 | 11968 t1 prod 5725 $1000 | Encendedor Clipper Recargable Horror Days 1 – Diseño Su
       | 13362 t2 huerfana $990 | Encendedor Clipper Weed Skulls
 d=129 | 11970 t1 prod 10307 $1000 | Encendedor Clipper Recargable Onis 1 – Diseño Surtido (
       | 19890 t2 huerfana $990 | Encendedor Clipper Elephants
 d=129 | 11971 t1 prod 10304 $1000 | Encendedor Clipper Recargable Super Pockets 1 – Diseño 
       | 19895 t2 huerfana $990 | Encendedor Clipper Goddesses
 d=129 | 11972 t1 prod 10305 $1000 | Encendedor Clipper Recargable Super Pockets 2 – Diseño 
       | 19598 t2 huerfana $990 | Encendedor Clipper Big Head
 d=129 | 11972 t1 prod 10305 $1000 | Encendedor Clipper Recargable Super Pockets 2 – Diseño 
       | 19611 t2 huerfana $990 | Encendedor Clipper CyberPunk Animals
 d=129 | 11972 t1 prod 10305 $1000 | Encendedor Clipper Recargable Super Pockets 2 – Diseño 
       | 19722 t2 huerfana $990 | Encendedor Clipper Vintage Cars
 d=129 | 11973 t1 prod 10306 $1000 | Encendedor Clipper Recargable Super Pockets 4 – Diseño 
       | 19705 t2 huerfana $990 | Encendedor Clipper Tarot Cards
 d=129 | 12240 t1 huerfana $1000 | Encendedor Clipper Recargable Bear Skulls – Diseño Surt
       | 19585 t2 huerfana $990 | Encendedor Clipper Amazing Landscapes
 d=129 | 12240 t1 huerfana $1000 | Encendedor Clipper Recargable Bear Skulls – Diseño Surt
       | 19651 t2 prod 10580 $990 | Encendedor Clipper Lol Food
 d=129 | 12242 t1 huerfana $1000 | Encendedor Clipper Recargable Green Bait – Diseño Surti
       | 19731 t2 huerfana $990 | Encendedor Clipper Women’s Day
 d=129 | 12243 t1 prod 10705 $1000 | Encendedor Clipper Recargable Kings of Valhala – Diseño
       | 19900 t2 huerfana $990 | Encendedor Clipper Roses
 d=129 | 12244 t1 prod 10580 $1000 | Encendedor Clipper Recargable Lol Food – Diseño Surtido
       | 19638 t2 huerfana $990 | Encendedor Clipper Hippie Man
 d=129 | 12244 t1 prod 10580 $1000 | Encendedor Clipper Recargable Lol Food – Diseño Surtido
       | 19713 t2 huerfana $990 | Encendedor Clipper Tie Die
 d=129 | 12247 t1 huerfana $1000 | Encendedor Clipper Recargable Spring Print – Diseño Sur
       | 13339 t2 huerfana $990 | Encendedor Clipper Cowboy Life 2
 d=129 | 12247 t1 huerfana $1000 | Encendedor Clipper Recargable Spring Print – Diseño Sur
       | 13341 t2 huerfana $990 | Encendedor Clipper Cowboy Life 4
 d=129 | 12247 t1 huerfana $1000 | Encendedor Clipper Recargable Spring Print – Diseño Sur
       | 19672 t2 huerfana $990 | Encendedor Clipper Ninja Cats
 d=129 | 12247 t1 huerfana $1000 | Encendedor Clipper Recargable Spring Print – Diseño Sur
       | 19895 t2 huerfana $990 | Encendedor Clipper Goddesses
 d=129 | 12249 t1 prod 10581 $1000 | Encendedor Clipper Recargable Z-Bunnys – Diseño Surtido
       | 19669 t2 huerfana $990 | Encendedor Clipper New Graff
 d=129 | 12304 t1 prod 10576 $1000 | Encendedor Clipper Recargable Shinobis – Diseño Surtido
       | 13338 t2 huerfana $990 | Encendedor Clipper Cowboy Life 1
 d=129 | 12304 t1 prod 10576 $1000 | Encendedor Clipper Recargable Shinobis – Diseño Surtido
       | 13363 t2 huerfana $990 | Encendedor Clipper Random Creatures 3
 d=130 | 812 t1 huerfana $36990 | Encendedor Jet Flame Jet Cozy Skull 24U- Clipper
       | 19472 t2 huerfana $1590 | Encendedor Clipper Jet Crystal Fluo
 d=130 | 2051 t2 prod 5724 $1590 | Encendedor Clipper Jet Flame Rainbow Mush
       | 11969 t1 huerfana $1000 | Encendedor Clipper Recargable Horror Days 2 – Diseño Su
 d=130 | 2051 t2 prod 5724 $1590 | Encendedor Clipper Jet Flame Rainbow Mush
       | 12247 t1 huerfana $1000 | Encendedor Clipper Recargable Spring Print – Diseño Sur
 d=130 | 2260 t4 prod 5724 $1300 | Encendedor Clipper Jet Flame Crystal Fluo – Unidad | Ll
       | 19623 t2 huerfana $990 | Encendedor Clipper Fruit Strains
 d=130 | 2523 t1 huerfana $36990 | Encendedor Jet Flame Jet Horror Zoo 24U- Clipper
       | 19664 t2 huerfana $990 | Encendedor Clipper Mushrooms Colors
 d=130 | 2523 t1 huerfana $36990 | Encendedor Jet Flame Jet Horror Zoo 24U- Clipper
       | 19677 t2 huerfana $990 | Encendedor Clipper Pilot Animals
 d=130 | 2523 t1 huerfana $36990 | Encendedor Jet Flame Jet Horror Zoo 24U- Clipper
       | 19731 t2 huerfana $990 | Encendedor Clipper Women’s Day
 d=130 | 2562 t1 prod 5724 $1490 | Encendedor Jet Flame Jet Good Vibes Only Clipper
       | 13341 t2 huerfana $990 | Encendedor Clipper Cowboy Life 4
 d=130 | 2562 t1 prod 5724 $1490 | Encendedor Jet Flame Jet Good Vibes Only Clipper
       | 19664 t2 huerfana $990 | Encendedor Clipper Mushrooms Colors
 d=130 | 2562 t1 prod 5724 $1490 | Encendedor Jet Flame Jet Good Vibes Only Clipper
       | 19673 t2 huerfana $990 | Encendedor Clipper Old Games
 d=130 | 2562 t1 prod 5724 $1490 | Encendedor Jet Flame Jet Good Vibes Only Clipper
       | 19895 t2 huerfana $990 | Encendedor Clipper Goddesses
 d=130 | 2571 t1 prod 5724 $1590 | Encendedor Jet Flame Jet Galactic Weed Clipper
       | 19650 t2 huerfana $990 | Encendedor Clipper Llama Work
 d=130 | 2571 t1 prod 5724 $1590 | Encendedor Jet Flame Jet Galactic Weed Clipper
       | 19704 t2 huerfana $990 | Encendedor Clipper Sushi Sentences
 d=130 | 2572 t1 prod 5724 $1490 | Encendedor Jet Flame Jet Hippie World Clipper
       | 19642 t2 huerfana $990 | Encendedor Clipper Hot Sentences
 d=130 | 2572 t1 prod 5724 $1490 | Encendedor Jet Flame Jet Hippie World Clipper
       | 19701 t2 huerfana $990 | Encendedor Clipper Spring Graffiti
 d=130 | 2573 t1 prod 5724 $1590 | Encendedor Jet Flame Jet Horror Zoo Clipper
       | 19664 t2 huerfana $990 | Encendedor Clipper Mushrooms Colors
 d=130 | 2573 t1 prod 5724 $1590 | Encendedor Jet Flame Jet Horror Zoo Clipper
       | 19677 t2 huerfana $990 | Encendedor Clipper Pilot Animals
 d=130 | 2573 t1 prod 5724 $1590 | Encendedor Jet Flame Jet Horror Zoo Clipper
       | 19731 t2 huerfana $990 | Encendedor Clipper Women’s Day
 d=130 | 11967 t1 prod 5725 $1000 | Encendedor Clipper Recargable Crystal 12 – Diseño Surti
       | 19677 t2 huerfana $990 | Encendedor Clipper Pilot Animals
 d=130 | 11967 t1 prod 5725 $1000 | Encendedor Clipper Recargable Crystal 12 – Diseño Surti
       | 19905 t2 huerfana $990 | Encendedor Clipper Trampolining
 d=130 | 11968 t1 prod 5725 $1000 | Encendedor Clipper Recargable Horror Days 1 – Diseño Su
       | 19586 t2 huerfana $990 | Encendedor Clipper Ancient Skulls
 d=130 | 11968 t1 prod 5725 $1000 | Encendedor Clipper Recargable Horror Days 1 – Diseño Su
       | 19621 t2 huerfana $990 | Encendedor Clipper Forbidden Symbols
 d=130 | 11969 t1 huerfana $1000 | Encendedor Clipper Recargable Horror Days 2 – Diseño Su
       | 19705 t2 huerfana $990 | Encendedor Clipper Tarot Cards
 d=130 | 11970 t1 prod 10307 $1000 | Encendedor Clipper Recargable Onis 1 – Diseño Surtido (
       | 13355 t2 huerfana $990 | Encendedor Clipper Motor Sport 1
 d=130 | 11970 t1 prod 10307 $1000 | Encendedor Clipper Recargable Onis 1 – Diseño Surtido (
       | 19668 t2 huerfana $990 | Encendedor Clipper Nerd Sentences
 d=130 | 11970 t1 prod 10307 $1000 | Encendedor Clipper Recargable Onis 1 – Diseño Surtido (
       | 19716 t2 huerfana $990 | Encendedor Clipper Triple Skull
 d=130 | 11972 t1 prod 10305 $1000 | Encendedor Clipper Recargable Super Pockets 2 – Diseño 
       | 19711 t2 huerfana $990 | Encendedor Clipper Terror Pixel
 d=130 | 11973 t1 prod 10306 $1000 | Encendedor Clipper Recargable Super Pockets 4 – Diseño 
       | 13343 t2 huerfana $990 | Encendedor Clipper Death Animals 3
 d=130 | 11973 t1 prod 10306 $1000 | Encendedor Clipper Recargable Super Pockets 4 – Diseño 
       | 13382 t2 huerfana $990 | Encendedor Clipper Weed Skulls 1
 d=130 | 11973 t1 prod 10306 $1000 | Encendedor Clipper Recargable Super Pockets 4 – Diseño 
       | 19701 t2 huerfana $990 | Encendedor Clipper Spring Graffiti
 d=130 | 12240 t1 huerfana $1000 | Encendedor Clipper Recargable Bear Skulls – Diseño Surt
       | 13339 t2 huerfana $990 | Encendedor Clipper Cowboy Life 2
 d=130 | 12240 t1 huerfana $1000 | Encendedor Clipper Recargable Bear Skulls – Diseño Surt
       | 13343 t2 huerfana $990 | Encendedor Clipper Death Animals 3
 d=130 | 12240 t1 huerfana $1000 | Encendedor Clipper Recargable Bear Skulls – Diseño Surt
       | 19722 t2 huerfana $990 | Encendedor Clipper Vintage Cars
 d=130 | 12241 t1 prod 10577 $1000 | Encendedor Clipper Recargable Funny Cupid – Diseño Surt
       | 13343 t2 huerfana $990 | Encendedor Clipper Death Animals 3
 d=130 | 12241 t1 prod 10577 $1000 | Encendedor Clipper Recargable Funny Cupid – Diseño Surt
       | 13382 t2 huerfana $990 | Encendedor Clipper Weed Skulls 1
 d=130 | 12241 t1 prod 10577 $1000 | Encendedor Clipper Recargable Funny Cupid – Diseño Surt
       | 19698 t2 huerfana $990 | Encendedor Clipper Space Helmets
 d=130 | 12241 t1 prod 10577 $1000 | Encendedor Clipper Recargable Funny Cupid – Diseño Surt
       | 19895 t2 huerfana $990 | Encendedor Clipper Goddesses
 d=130 | 12242 t1 huerfana $1000 | Encendedor Clipper Recargable Green Bait – Diseño Surti
       | 19467 t2 huerfana $990 | Encendedor Clipper Angels vs Demons
 d=130 | 12243 t1 prod 10705 $1000 | Encendedor Clipper Recargable Kings of Valhala – Diseño
       | 19701 t2 huerfana $990 | Encendedor Clipper Spring Graffiti
 d=130 | 12244 t1 prod 10580 $1000 | Encendedor Clipper Recargable Lol Food – Diseño Surtido
       | 19664 t2 huerfana $990 | Encendedor Clipper Mushrooms Colors
 d=130 | 12244 t1 prod 10580 $1000 | Encendedor Clipper Recargable Lol Food – Diseño Surtido
       | 19718 t2 huerfana $990 | Encendedor Clipper Unicorn Sings
 d=130 | 12245 t1 prod 10579 $1000 | Encendedor Clipper Recargable Sea Monsters – Diseño Sur
       | 13339 t2 huerfana $990 | Encendedor Clipper Cowboy Life 2
 d=130 | 12247 t1 huerfana $1000 | Encendedor Clipper Recargable Spring Print – Diseño Sur
       | 19713 t2 huerfana $990 | Encendedor Clipper Tie Die
 d=130 | 12248 t1 huerfana $1000 | Encendedor Clipper Recargable Weed Rhyme – Diseño Surti
       | 13340 t2 huerfana $990 | Encendedor Clipper Cowboy Life 3
 d=130 | 12248 t1 huerfana $1000 | Encendedor Clipper Recargable Weed Rhyme – Diseño Surti
       | 19905 t2 huerfana $990 | Encendedor Clipper Trampolining
 d=130 | 12249 t1 prod 10581 $1000 | Encendedor Clipper Recargable Z-Bunnys – Diseño Surtido
       | 19897 t2 huerfana $990 | Encendedor Clipper Kamasutra 3
 d=130 | 17958 t1 prod 10575 $1000 | Encendedor Clipper Recargable Paranormal Puffs – Diseño
       | 19698 t2 huerfana $990 | Encendedor Clipper Space Helmets
 d=130 | 19381 t2 huerfana $6990 | Encendedor Clipper Metálico Pansy
       | 31478 t1 prod 10721 $6990 | Clipper Encendedor Metálico Demon Gradient
 d=130 | 31478 t1 prod 10721 $6990 | Clipper Encendedor Metálico Demon Gradient
       | 35860 t2 huerfana $6990 | Encendedor Clipper Metálico Pansy - Brillante
 d=130 | 34286 t2 prod 10666 $23990 | Ignite Soplete Flex - Negro
       | 38364 t3 huerfana $14243 | Encendedor Soplete Ignite Phantom | PIRANHA
 d=131 | 3 t2 prod 5725 $990 | Encendedor Clipper Crystal 12
       | 12247 t1 huerfana $1000 | Encendedor Clipper Recargable Spring Print – Diseño Sur
 d=131 | 92 t2 prod 5725 $990 | Encendedor Clipper Winter Plans 1
       | 12242 t1 huerfana $1000 | Encendedor Clipper Recargable Green Bait – Diseño Surti
 d=131 | 812 t1 huerfana $36990 | Encendedor Jet Flame Jet Cozy Skull 24U- Clipper
       | 19585 t2 huerfana $990 | Encendedor Clipper Amazing Landscapes
 d=131 | 812 t1 huerfana $36990 | Encendedor Jet Flame Jet Cozy Skull 24U- Clipper
       | 19690 t2 huerfana $990 | Encendedor Clipper See You
 d=131 | 862 t3 prod 10711 $89990 | Encendedor HS x Blazer Big Shot Torch V3
       | 33038 t1 huerfana $21990 | Soplete Compact -Ignite - Rosa
 d=131 | 1226 t2 prod 5724 $1590 | Encendedor Clipper Jet Flame Ink 4 Life
       | 12247 t1 huerfana $1000 | Encendedor Clipper Recargable Spring Print – Diseño Sur
 d=131 | 2070 t2 prod 5724 $1590 | Encendedor Clipper Jet Flame Ravetrip
       | 11969 t1 huerfana $1000 | Encendedor Clipper Recargable Horror Days 2 – Diseño Su
 d=131 | 2562 t1 prod 5724 $1490 | Encendedor Jet Flame Jet Good Vibes Only Clipper
       | 19674 t2 huerfana $990 | Encendedor Clipper Panda Warriors
 d=131 | 2562 t1 prod 5724 $1490 | Encendedor Jet Flame Jet Good Vibes Only Clipper
       | 19705 t2 huerfana $990 | Encendedor Clipper Tarot Cards
 d=131 | 2571 t1 prod 5724 $1590 | Encendedor Jet Flame Jet Galactic Weed Clipper
       | 19598 t2 huerfana $990 | Encendedor Clipper Big Head
 d=131 | 2572 t1 prod 5724 $1490 | Encendedor Jet Flame Jet Hippie World Clipper
       | 19650 t2 huerfana $990 | Encendedor Clipper Llama Work
 d=131 | 2572 t1 prod 5724 $1490 | Encendedor Jet Flame Jet Hippie World Clipper
       | 19661 t2 huerfana $990 | Encendedor Clipper Molten Skulls
 d=131 | 2572 t1 prod 5724 $1490 | Encendedor Jet Flame Jet Hippie World Clipper
       | 19665 t2 huerfana $990 | Encendedor Clipper Mushrooms Skulls
 d=131 | 2572 t1 prod 5724 $1490 | Encendedor Jet Flame Jet Hippie World Clipper
       | 19704 t2 huerfana $990 | Encendedor Clipper Sushi Sentences
 d=131 | 2572 t1 prod 5724 $1490 | Encendedor Jet Flame Jet Hippie World Clipper
       | 19716 t2 huerfana $990 | Encendedor Clipper Triple Skull
 d=131 | 11969 t1 huerfana $1000 | Encendedor Clipper Recargable Horror Days 2 – Diseño Su
       | 13343 t2 huerfana $990 | Encendedor Clipper Death Animals 3
 d=131 | 11969 t1 huerfana $1000 | Encendedor Clipper Recargable Horror Days 2 – Diseño Su
       | 19731 t2 huerfana $990 | Encendedor Clipper Women’s Day
 d=131 | 11970 t1 prod 10307 $1000 | Encendedor Clipper Recargable Onis 1 – Diseño Surtido (
       | 19664 t2 huerfana $990 | Encendedor Clipper Mushrooms Colors
 d=131 | 11970 t1 prod 10307 $1000 | Encendedor Clipper Recargable Onis 1 – Diseño Surtido (
       | 19673 t2 huerfana $990 | Encendedor Clipper Old Games
 d=131 | 11970 t1 prod 10307 $1000 | Encendedor Clipper Recargable Onis 1 – Diseño Surtido (
       | 19683 t2 huerfana $990 | Encendedor Clipper Psycho Weed
 d=131 | 11970 t1 prod 10307 $1000 | Encendedor Clipper Recargable Onis 1 – Diseño Surtido (
       | 19896 t2 huerfana $990 | Encendedor Clipper Halloween
 d=131 | 11971 t1 prod 10304 $1000 | Encendedor Clipper Recargable Super Pockets 1 – Diseño 
       | 19599 t2 huerfana $990 | Encendedor Clipper Birthday Leopard
 d=131 | 11971 t1 prod 10304 $1000 | Encendedor Clipper Recargable Super Pockets 1 – Diseño 
       | 19642 t2 huerfana $990 | Encendedor Clipper Hot Sentences
 d=131 | 11971 t1 prod 10304 $1000 | Encendedor Clipper Recargable Super Pockets 1 – Diseño 
       | 19896 t2 huerfana $990 | Encendedor Clipper Halloween
 d=131 | 11972 t1 prod 10305 $1000 | Encendedor Clipper Recargable Super Pockets 2 – Diseño 
       | 19703 t2 huerfana $990 | Encendedor Clipper Super Unicorns
 d=131 | 11973 t1 prod 10306 $1000 | Encendedor Clipper Recargable Super Pockets 4 – Diseño 
       | 19897 t2 huerfana $990 | Encendedor Clipper Kamasutra 3
 d=131 | 12240 t1 huerfana $1000 | Encendedor Clipper Recargable Bear Skulls – Diseño Surt
       | 19668 t2 huerfana $990 | Encendedor Clipper Nerd Sentences
 d=131 | 12240 t1 huerfana $1000 | Encendedor Clipper Recargable Bear Skulls – Diseño Surt
       | 19674 t2 huerfana $990 | Encendedor Clipper Panda Warriors
 d=131 | 12240 t1 huerfana $1000 | Encendedor Clipper Recargable Bear Skulls – Diseño Surt
       | 19705 t2 huerfana $990 | Encendedor Clipper Tarot Cards
 d=131 | 12240 t1 huerfana $1000 | Encendedor Clipper Recargable Bear Skulls – Diseño Surt
       | 19900 t2 huerfana $990 | Encendedor Clipper Roses
 d=131 | 12243 t1 prod 10705 $1000 | Encendedor Clipper Recargable Kings of Valhala – Diseño
       | 19467 t2 huerfana $990 | Encendedor Clipper Angels vs Demons
 d=131 | 12244 t1 prod 10580 $1000 | Encendedor Clipper Recargable Lol Food – Diseño Surtido
       | 19668 t2 huerfana $990 | Encendedor Clipper Nerd Sentences
 d=131 | 12245 t1 prod 10579 $1000 | Encendedor Clipper Recargable Sea Monsters – Diseño Sur
       | 19467 t2 huerfana $990 | Encendedor Clipper Angels vs Demons
 d=131 | 12247 t1 huerfana $1000 | Encendedor Clipper Recargable Spring Print – Diseño Sur
       | 13338 t2 huerfana $990 | Encendedor Clipper Cowboy Life 1
 d=131 | 12247 t1 huerfana $1000 | Encendedor Clipper Recargable Spring Print – Diseño Sur
       | 13343 t2 huerfana $990 | Encendedor Clipper Death Animals 3
 d=131 | 12248 t1 huerfana $1000 | Encendedor Clipper Recargable Weed Rhyme – Diseño Surti
       | 19626 t2 huerfana $990 | Encendedor Clipper Zombie Gangsters
 d=131 | 12249 t1 prod 10581 $1000 | Encendedor Clipper Recargable Z-Bunnys – Diseño Surtido
       | 19472 t2 huerfana $1590 | Encendedor Clipper Jet Crystal Fluo
 d=131 | 12249 t1 prod 10581 $1000 | Encendedor Clipper Recargable Z-Bunnys – Diseño Surtido
       | 19611 t2 huerfana $990 | Encendedor Clipper CyberPunk Animals
 d=131 | 12303 t1 prod 10578 $1000 | Encendedor Clipper Recargable Burningman – Diseño Surti
       | 19623 t2 huerfana $990 | Encendedor Clipper Fruit Strains
 d=131 | 12303 t1 prod 10578 $1000 | Encendedor Clipper Recargable Burningman – Diseño Surti
       | 19626 t2 huerfana $990 | Encendedor Clipper Zombie Gangsters
 d=131 | 12304 t1 prod 10576 $1000 | Encendedor Clipper Recargable Shinobis – Diseño Surtido
       | 19611 t2 huerfana $990 | Encendedor Clipper CyberPunk Animals
 d=131 | 12304 t1 prod 10576 $1000 | Encendedor Clipper Recargable Shinobis – Diseño Surtido
       | 19890 t2 huerfana $990 | Encendedor Clipper Elephants
 d=131 | 12611 t1 huerfana $37990 | Encendedor Rosado Logo Rojo-Zippo
       | 19465 t2 huerfana $32990 | Encendedor Classic Pink Matte Zippo
 d=131 | 17958 t1 prod 10575 $1000 | Encendedor Clipper Recargable Paranormal Puffs – Diseño
       | 19668 t2 huerfana $990 | Encendedor Clipper Nerd Sentences
 d=131 | 32567 t1 huerfana $32990 | Soplete Monster Pro Doble Llama -Calvo Glass - azul
       | 34314 t2 prod 10665 $23990 | Soplete Compact Ignite - Verde
 d=131 | 32568 t1 huerfana $32990 | Soplete Monster Pro Doble Llama -Calvo Glass - Morado
       | 34314 t2 prod 10665 $23990 | Soplete Compact Ignite - Verde
 d=131 | 33033 t1 huerfana $21990 | Soplete Compact -Ignite - Amarillo
       | 35651 t2 huerfana $34990 | Special Blue Soplete Monster Pro Doble Llama - Toolbox 
 d=132 | 3 t2 prod 5725 $990 | Encendedor Clipper Crystal 12
       | 12240 t1 huerfana $1000 | Encendedor Clipper Recargable Bear Skulls – Diseño Surt
 d=132 | 90 t2 prod 5725 $990 | Encendedor Clipper Space Area 2
       | 12248 t1 huerfana $1000 | Encendedor Clipper Recargable Weed Rhyme – Diseño Surti
 d=132 | 92 t2 prod 5725 $990 | Encendedor Clipper Winter Plans 1
       | 812 t1 huerfana $36990 | Encendedor Jet Flame Jet Cozy Skull 24U- Clipper
 d=132 | 92 t2 prod 5725 $990 | Encendedor Clipper Winter Plans 1
       | 12248 t1 huerfana $1000 | Encendedor Clipper Recargable Weed Rhyme – Diseño Surti
 d=132 | 812 t1 huerfana $36990 | Encendedor Jet Flame Jet Cozy Skull 24U- Clipper
       | 13363 t2 huerfana $990 | Encendedor Clipper Random Creatures 3
 d=132 | 812 t1 huerfana $36990 | Encendedor Jet Flame Jet Cozy Skull 24U- Clipper
       | 19698 t2 huerfana $990 | Encendedor Clipper Space Helmets
 d=132 | 1360 t3 prod 5726 $5452 | Encendedor Clipper Metálico | PIRANHA
       | 19292 t2 huerfana $6990 | Encendedor Clipper Metálico Classic Cars
 d=132 | 2044 t2 prod 5724 $1590 | Encendedor Clipper Jet Flame Good Vibes Only
       | 11969 t1 huerfana $1000 | Encendedor Clipper Recargable Horror Days 2 – Diseño Su
 d=132 | 2068 t2 prod 5724 $1590 | Encendedor Clipper Jet Flame HippieWorld
       | 11969 t1 huerfana $1000 | Encendedor Clipper Recargable Horror Days 2 – Diseño Su
 d=132 | 2523 t1 huerfana $36990 | Encendedor Jet Flame Jet Horror Zoo 24U- Clipper
       | 19648 t2 huerfana $990 | Encendedor Clipper Leaves World
 d=132 | 2523 t1 huerfana $36990 | Encendedor Jet Flame Jet Horror Zoo 24U- Clipper
       | 19698 t2 huerfana $990 | Encendedor Clipper Space Helmets
 d=132 | 2523 t1 huerfana $36990 | Encendedor Jet Flame Jet Horror Zoo 24U- Clipper
       | 19733 t2 prod 10581 $990 | Encendedor Clipper Z-Bunnys
 d=132 | 2523 t1 huerfana $36990 | Encendedor Jet Flame Jet Horror Zoo 24U- Clipper
       | 20295 t2 prod 10575 $990 | Encendedor Clipper Paranormal Puff
 d=132 | 2562 t1 prod 5724 $1490 | Encendedor Jet Flame Jet Good Vibes Only Clipper
       | 13351 t2 huerfana $990 | Encendedor Clipper Marked Skulls 1
 d=132 | 2562 t1 prod 5724 $1490 | Encendedor Jet Flame Jet Good Vibes Only Clipper
       | 19468 t2 huerfana $990 | Encendedor Clipper Cops And Robbers
 d=132 | 2562 t1 prod 5724 $1490 | Encendedor Jet Flame Jet Good Vibes Only Clipper
       | 19599 t2 huerfana $990 | Encendedor Clipper Birthday Leopard
 d=132 | 2562 t1 prod 5724 $1490 | Encendedor Jet Flame Jet Good Vibes Only Clipper
       | 19698 t2 huerfana $990 | Encendedor Clipper Space Helmets
 d=132 | 2571 t1 prod 5724 $1590 | Encendedor Jet Flame Jet Galactic Weed Clipper
       | 19690 t2 huerfana $990 | Encendedor Clipper See You
 d=132 | 2572 t1 prod 5724 $1490 | Encendedor Jet Flame Jet Hippie World Clipper
       | 13343 t2 huerfana $990 | Encendedor Clipper Death Animals 3
 d=132 | 2572 t1 prod 5724 $1490 | Encendedor Jet Flame Jet Hippie World Clipper
       | 19718 t2 huerfana $990 | Encendedor Clipper Unicorn Sings
 d=132 | 2573 t1 prod 5724 $1590 | Encendedor Jet Flame Jet Horror Zoo Clipper
       | 19648 t2 huerfana $990 | Encendedor Clipper Leaves World
 d=132 | 2573 t1 prod 5724 $1590 | Encendedor Jet Flame Jet Horror Zoo Clipper
       | 19698 t2 huerfana $990 | Encendedor Clipper Space Helmets
 d=132 | 11967 t1 prod 5725 $1000 | Encendedor Clipper Recargable Crystal 12 – Diseño Surti
       | 19590 t2 huerfana $990 | Encendedor Clipper Animals Zombies
 d=132 | 11967 t1 prod 5725 $1000 | Encendedor Clipper Recargable Crystal 12 – Diseño Surti
       | 19648 t2 huerfana $990 | Encendedor Clipper Leaves World
 d=132 | 11967 t1 prod 5725 $1000 | Encendedor Clipper Recargable Crystal 12 – Diseño Surti
       | 19672 t2 huerfana $990 | Encendedor Clipper Ninja Cats
 d=132 | 11967 t1 prod 5725 $1000 | Encendedor Clipper Recargable Crystal 12 – Diseño Surti
       | 19673 t2 huerfana $990 | Encendedor Clipper Old Games
 d=132 | 11967 t1 prod 5725 $1000 | Encendedor Clipper Recargable Crystal 12 – Diseño Surti
       | 19895 t2 huerfana $990 | Encendedor Clipper Goddesses
 d=132 | 11969 t1 huerfana $1000 | Encendedor Clipper Recargable Horror Days 2 – Diseño Su
       | 13362 t2 huerfana $990 | Encendedor Clipper Weed Skulls
 d=132 | 11969 t1 huerfana $1000 | Encendedor Clipper Recargable Horror Days 2 – Diseño Su
       | 19713 t2 huerfana $990 | Encendedor Clipper Tie Die
 d=132 | 11971 t1 prod 10304 $1000 | Encendedor Clipper Recargable Super Pockets 1 – Diseño 
       | 19585 t2 huerfana $990 | Encendedor Clipper Amazing Landscapes
 d=132 | 11971 t1 prod 10304 $1000 | Encendedor Clipper Recargable Super Pockets 1 – Diseño 
       | 19627 t2 huerfana $990 | Encendedor Clipper Geometric Leaves
 d=132 | 11971 t1 prod 10304 $1000 | Encendedor Clipper Recargable Super Pockets 1 – Diseño 
       | 19650 t2 huerfana $990 | Encendedor Clipper Llama Work
 d=132 | 11973 t1 prod 10306 $1000 | Encendedor Clipper Recargable Super Pockets 4 – Diseño 
       | 19625 t2 huerfana $990 | Encendedor Clipper Game Lover
 d=132 | 11973 t1 prod 10306 $1000 | Encendedor Clipper Recargable Super Pockets 4 – Diseño 
       | 19722 t2 huerfana $990 | Encendedor Clipper Vintage Cars
 d=132 | 12240 t1 huerfana $1000 | Encendedor Clipper Recargable Bear Skulls – Diseño Surt
       | 19590 t2 huerfana $990 | Encendedor Clipper Animals Zombies
 d=132 | 12241 t1 prod 10577 $1000 | Encendedor Clipper Recargable Funny Cupid – Diseño Surt
       | 19598 t2 huerfana $990 | Encendedor Clipper Big Head
 d=132 | 12241 t1 prod 10577 $1000 | Encendedor Clipper Recargable Funny Cupid – Diseño Surt
       | 19663 t2 huerfana $990 | Encendedor Clipper Monumental Bones
 d=132 | 12243 t1 prod 10705 $1000 | Encendedor Clipper Recargable Kings of Valhala – Diseño
       | 13341 t2 huerfana $990 | Encendedor Clipper Cowboy Life 4
 d=132 | 12243 t1 prod 10705 $1000 | Encendedor Clipper Recargable Kings of Valhala – Diseño
       | 13351 t2 huerfana $990 | Encendedor Clipper Marked Skulls 1
 d=132 | 12244 t1 prod 10580 $1000 | Encendedor Clipper Recargable Lol Food – Diseño Surtido
       | 19731 t2 huerfana $990 | Encendedor Clipper Women’s Day
 d=132 | 12245 t1 prod 10579 $1000 | Encendedor Clipper Recargable Sea Monsters – Diseño Sur
       | 19718 t2 huerfana $990 | Encendedor Clipper Unicorn Sings
 d=132 | 12247 t1 huerfana $1000 | Encendedor Clipper Recargable Spring Print – Diseño Sur
       | 19665 t2 huerfana $990 | Encendedor Clipper Mushrooms Skulls
 d=132 | 12247 t1 huerfana $1000 | Encendedor Clipper Recargable Spring Print – Diseño Sur
       | 19668 t2 huerfana $990 | Encendedor Clipper Nerd Sentences
 d=132 | 12247 t1 huerfana $1000 | Encendedor Clipper Recargable Spring Print – Diseño Sur
       | 19693 t2 huerfana $990 | Encendedor Clipper Simple Tattos
 d=132 | 12248 t1 huerfana $1000 | Encendedor Clipper Recargable Weed Rhyme – Diseño Surti
       | 13364 t2 huerfana $990 | Encendedor Clipper Random Criatures 2
 d=132 | 12248 t1 huerfana $1000 | Encendedor Clipper Recargable Weed Rhyme – Diseño Surti
       | 19598 t2 huerfana $990 | Encendedor Clipper Big Head
 d=132 | 12249 t1 prod 10581 $1000 | Encendedor Clipper Recargable Z-Bunnys – Diseño Surtido
       | 19650 t2 huerfana $990 | Encendedor Clipper Llama Work
 d=132 | 12303 t1 prod 10578 $1000 | Encendedor Clipper Recargable Burningman – Diseño Surti
       | 19643 t2 huerfana $990 | Encendedor Clipper Hungry UFO
 d=132 | 12303 t1 prod 10578 $1000 | Encendedor Clipper Recargable Burningman – Diseño Surti
       | 19683 t2 huerfana $990 | Encendedor Clipper Psycho Weed
 d=132 | 12304 t1 prod 10576 $1000 | Encendedor Clipper Recargable Shinobis – Diseño Surtido
       | 19674 t2 huerfana $990 | Encendedor Clipper Panda Warriors
 d=132 | 12523 t1 huerfana $34990 | Soplete Monster Pro Doble Llama -Calvo Glass
       | 13679 t2 huerfana $34990 | Special Blue Soplete Monster Pro Doble Llama - Toolbox
 d=132 | 12523 t1 huerfana $34990 | Soplete Monster Pro Doble Llama -Calvo Glass
       | 35650 t2 huerfana $34990 | Special Blue Soplete Monster Pro Doble Llama - Toolbox 
 d=132 | 13679 t2 huerfana $34990 | Special Blue Soplete Monster Pro Doble Llama - Toolbox
       | 32566 t1 huerfana $34990 | Soplete Monster Pro Doble Llama -Calvo Glass - Artst Se
 d=132 | 17958 t1 prod 10575 $1000 | Encendedor Clipper Recargable Paranormal Puffs – Diseño
       | 19468 t2 huerfana $990 | Encendedor Clipper Cops And Robbers
 d=132 | 17958 t1 prod 10575 $1000 | Encendedor Clipper Recargable Paranormal Puffs – Diseño
       | 19472 t2 huerfana $1590 | Encendedor Clipper Jet Crystal Fluo
 d=132 | 32566 t1 huerfana $34990 | Soplete Monster Pro Doble Llama -Calvo Glass - Artst Se
       | 35650 t2 huerfana $34990 | Special Blue Soplete Monster Pro Doble Llama - Toolbox 
 d=132 | 32891 t1 huerfana $21990 | Soplete Broiler Torch -Calvo - Skullyz
       | 35951 t2 huerfana $3990 | Special Blue Encendedor Soplete Bernie Anime - Fire
 d=132 | 33036 t1 prod 10665 $21990 | Soplete Compact -Ignite - Verde
       | 35955 t2 huerfana $3990 | Special Blue Encendedor Soplete Bernie Psychedelic - Ra
 d=133 | 90 t2 prod 5725 $990 | Encendedor Clipper Space Area 2
       | 12242 t1 huerfana $1000 | Encendedor Clipper Recargable Green Bait – Diseño Surti
 d=133 | 93 t2 prod 5725 $990 | Encendedor Clipper Horror Days 1
       | 2523 t1 huerfana $36990 | Encendedor Jet Flame Jet Horror Zoo 24U- Clipper
 d=133 | 812 t1 huerfana $36990 | Encendedor Jet Flame Jet Cozy Skull 24U- Clipper
       | 13362 t2 huerfana $990 | Encendedor Clipper Weed Skulls
 d=133 | 862 t3 prod 10711 $89990 | Encendedor HS x Blazer Big Shot Torch V3
       | 34313 t2 huerfana $23990 | Soplete Compact Ignite - Rosado
 d=133 | 2050 t2 prod 5724 $1590 | Encendedor Clipper Jet Flame Print Weed
       | 12247 t1 huerfana $1000 | Encendedor Clipper Recargable Spring Print – Diseño Sur
 d=133 | 2562 t1 prod 5724 $1490 | Encendedor Jet Flame Jet Good Vibes Only Clipper
       | 19467 t2 huerfana $990 | Encendedor Clipper Angels vs Demons
 d=133 | 2562 t1 prod 5724 $1490 | Encendedor Jet Flame Jet Good Vibes Only Clipper
       | 19704 t2 huerfana $990 | Encendedor Clipper Sushi Sentences
 d=133 | 2571 t1 prod 5724 $1590 | Encendedor Jet Flame Jet Galactic Weed Clipper
       | 13351 t2 huerfana $990 | Encendedor Clipper Marked Skulls 1
 d=133 | 2571 t1 prod 5724 $1590 | Encendedor Jet Flame Jet Galactic Weed Clipper
       | 19673 t2 huerfana $990 | Encendedor Clipper Old Games
 d=133 | 11968 t1 prod 5725 $1000 | Encendedor Clipper Recargable Horror Days 1 – Diseño Su
       | 19705 t2 huerfana $990 | Encendedor Clipper Tarot Cards
 d=133 | 11969 t1 huerfana $1000 | Encendedor Clipper Recargable Horror Days 2 – Diseño Su
       | 19468 t2 huerfana $990 | Encendedor Clipper Cops And Robbers
 d=133 | 11969 t1 huerfana $1000 | Encendedor Clipper Recargable Horror Days 2 – Diseño Su
       | 19586 t2 huerfana $990 | Encendedor Clipper Ancient Skulls
 d=133 | 11969 t1 huerfana $1000 | Encendedor Clipper Recargable Horror Days 2 – Diseño Su
       | 19896 t2 huerfana $990 | Encendedor Clipper Halloween
 d=133 | 11970 t1 prod 10307 $1000 | Encendedor Clipper Recargable Onis 1 – Diseño Surtido (
       | 19643 t2 huerfana $990 | Encendedor Clipper Hungry UFO
 d=133 | 11971 t1 prod 10304 $1000 | Encendedor Clipper Recargable Super Pockets 1 – Diseño 
       | 19611 t2 huerfana $990 | Encendedor Clipper CyberPunk Animals
 d=133 | 11971 t1 prod 10304 $1000 | Encendedor Clipper Recargable Super Pockets 1 – Diseño 
       | 19663 t2 huerfana $990 | Encendedor Clipper Monumental Bones
 d=133 | 11971 t1 prod 10304 $1000 | Encendedor Clipper Recargable Super Pockets 1 – Diseño 
       | 19718 t2 huerfana $990 | Encendedor Clipper Unicorn Sings
 d=133 | 11972 t1 prod 10305 $1000 | Encendedor Clipper Recargable Super Pockets 2 – Diseño 
       | 13351 t2 huerfana $990 | Encendedor Clipper Marked Skulls 1
 d=133 | 11972 t1 prod 10305 $1000 | Encendedor Clipper Recargable Super Pockets 2 – Diseño 
       | 19673 t2 huerfana $990 | Encendedor Clipper Old Games
 d=133 | 11972 t1 prod 10305 $1000 | Encendedor Clipper Recargable Super Pockets 2 – Diseño 
       | 19718 t2 huerfana $990 | Encendedor Clipper Unicorn Sings
 d=133 | 11973 t1 prod 10306 $1000 | Encendedor Clipper Recargable Super Pockets 4 – Diseño 
       | 19650 t2 huerfana $990 | Encendedor Clipper Llama Work
 d=133 | 11973 t1 prod 10306 $1000 | Encendedor Clipper Recargable Super Pockets 4 – Diseño 
       | 19704 t2 huerfana $990 | Encendedor Clipper Sushi Sentences
 d=133 | 12240 t1 huerfana $1000 | Encendedor Clipper Recargable Bear Skulls – Diseño Surt
       | 19627 t2 huerfana $990 | Encendedor Clipper Geometric Leaves
 d=133 | 12240 t1 huerfana $1000 | Encendedor Clipper Recargable Bear Skulls – Diseño Surt
       | 19711 t2 huerfana $990 | Encendedor Clipper Terror Pixel
 d=133 | 12240 t1 huerfana $1000 | Encendedor Clipper Recargable Bear Skulls – Diseño Surt
       | 19885 t2 prod 10578 $990 | Encendedor Clipper Burningman
 d=133 | 12242 t1 huerfana $1000 | Encendedor Clipper Recargable Green Bait – Diseño Surti
       | 19472 t2 huerfana $1590 | Encendedor Clipper Jet Crystal Fluo
 d=133 | 12242 t1 huerfana $1000 | Encendedor Clipper Recargable Green Bait – Diseño Surti
       | 19663 t2 huerfana $990 | Encendedor Clipper Monumental Bones
 d=133 | 12242 t1 huerfana $1000 | Encendedor Clipper Recargable Green Bait – Diseño Surti
       | 19703 t2 huerfana $990 | Encendedor Clipper Super Unicorns
 d=133 | 12242 t1 huerfana $1000 | Encendedor Clipper Recargable Green Bait – Diseño Surti
       | 19896 t2 huerfana $990 | Encendedor Clipper Halloween
 d=133 | 12243 t1 prod 10705 $1000 | Encendedor Clipper Recargable Kings of Valhala – Diseño
       | 19638 t2 huerfana $990 | Encendedor Clipper Hippie Man
 d=133 | 12244 t1 prod 10580 $1000 | Encendedor Clipper Recargable Lol Food – Diseño Surtido
       | 19716 t2 huerfana $990 | Encendedor Clipper Triple Skull
 d=133 | 12245 t1 prod 10579 $1000 | Encendedor Clipper Recargable Sea Monsters – Diseño Sur
       | 13490 t2 huerfana $990 | Encendedor Clipper Skull 8
 d=133 | 12245 t1 prod 10579 $1000 | Encendedor Clipper Recargable Sea Monsters – Diseño Sur
       | 19653 t2 huerfana $990 | Encendedor Clipper Lovely Clowns
 d=133 | 12247 t1 huerfana $1000 | Encendedor Clipper Recargable Spring Print – Diseño Sur
       | 19590 t2 huerfana $990 | Encendedor Clipper Animals Zombies
 d=133 | 12249 t1 prod 10581 $1000 | Encendedor Clipper Recargable Z-Bunnys – Diseño Surtido
       | 19673 t2 huerfana $990 | Encendedor Clipper Old Games
 d=133 | 12303 t1 prod 10578 $1000 | Encendedor Clipper Recargable Burningman – Diseño Surti
       | 13355 t2 huerfana $990 | Encendedor Clipper Motor Sport 1
 d=133 | 12303 t1 prod 10578 $1000 | Encendedor Clipper Recargable Burningman – Diseño Surti
       | 13362 t2 huerfana $990 | Encendedor Clipper Weed Skulls
 d=133 | 12304 t1 prod 10576 $1000 | Encendedor Clipper Recargable Shinobis – Diseño Surtido
       | 19472 t2 huerfana $1590 | Encendedor Clipper Jet Crystal Fluo
 d=133 | 12304 t1 prod 10576 $1000 | Encendedor Clipper Recargable Shinobis – Diseño Surtido
       | 19703 t2 huerfana $990 | Encendedor Clipper Super Unicorns
 d=133 | 12553 t1 prod 10512 $34990 | Encendedor Classic Red Matte Logo - Zippo
       | 12956 t2 huerfana $39990 | Encendedor Zippo Classic Black Crackle
 d=134 | 150 t4 huerfana $3600 | Soplete Ronson┃Encendido fácil y recargable✅
       | 19346 t2 prod 10483 $3990 | Special Blue Encendedor Soplete Bernie Skull &amp; Rose
 d=134 | 150 t4 huerfana $3600 | Soplete Ronson┃Encendido fácil y recargable✅
       | 35804 t2 huerfana $3990 | Special Blue Encendedor Soplete Bernie Skull &amp; Rose
 d=134 | 812 t1 huerfana $36990 | Encendedor Jet Flame Jet Cozy Skull 24U- Clipper
       | 19733 t2 prod 10581 $990 | Encendedor Clipper Z-Bunnys
 d=134 | 1348 t3 prod 5726 $5452 | Encendedor Clipper Metálico | PIRANHA
       | 19292 t2 huerfana $6990 | Encendedor Clipper Metálico Classic Cars
 d=134 | 2044 t2 prod 5724 $1590 | Encendedor Clipper Jet Flame Good Vibes Only
       | 12242 t1 huerfana $1000 | Encendedor Clipper Recargable Green Bait – Diseño Surti
 d=134 | 2070 t2 prod 5724 $1590 | Encendedor Clipper Jet Flame Ravetrip
       | 2523 t1 huerfana $36990 | Encendedor Jet Flame Jet Horror Zoo 24U- Clipper
 d=134 | 2523 t1 huerfana $36990 | Encendedor Jet Flame Jet Horror Zoo 24U- Clipper
       | 13341 t2 huerfana $990 | Encendedor Clipper Cowboy Life 4
 d=134 | 2523 t1 huerfana $36990 | Encendedor Jet Flame Jet Horror Zoo 24U- Clipper
       | 19590 t2 huerfana $990 | Encendedor Clipper Animals Zombies
 d=134 | 2523 t1 huerfana $36990 | Encendedor Jet Flame Jet Horror Zoo 24U- Clipper
       | 19905 t2 huerfana $990 | Encendedor Clipper Trampolining
 d=134 | 2562 t1 prod 5724 $1490 | Encendedor Jet Flame Jet Good Vibes Only Clipper
       | 13340 t2 huerfana $990 | Encendedor Clipper Cowboy Life 3
 d=134 | 2562 t1 prod 5724 $1490 | Encendedor Jet Flame Jet Good Vibes Only Clipper
       | 13364 t2 huerfana $990 | Encendedor Clipper Random Criatures 2
 d=134 | 2562 t1 prod 5724 $1490 | Encendedor Jet Flame Jet Good Vibes Only Clipper
       | 19598 t2 huerfana $990 | Encendedor Clipper Big Head
 d=134 | 2562 t1 prod 5724 $1490 | Encendedor Jet Flame Jet Good Vibes Only Clipper
       | 19621 t2 huerfana $990 | Encendedor Clipper Forbidden Symbols
 d=134 | 2562 t1 prod 5724 $1490 | Encendedor Jet Flame Jet Good Vibes Only Clipper
       | 19905 t2 huerfana $990 | Encendedor Clipper Trampolining
 d=134 | 2571 t1 prod 5724 $1590 | Encendedor Jet Flame Jet Galactic Weed Clipper
       | 19585 t2 huerfana $990 | Encendedor Clipper Amazing Landscapes
 d=134 | 2572 t1 prod 5724 $1490 | Encendedor Jet Flame Jet Hippie World Clipper
       | 19643 t2 huerfana $990 | Encendedor Clipper Hungry UFO
 d=134 | 2572 t1 prod 5724 $1490 | Encendedor Jet Flame Jet Hippie World Clipper
       | 19648 t2 huerfana $990 | Encendedor Clipper Leaves World
 d=134 | 2572 t1 prod 5724 $1490 | Encendedor Jet Flame Jet Hippie World Clipper
       | 19669 t2 huerfana $990 | Encendedor Clipper New Graff
 d=134 | 2573 t1 prod 5724 $1590 | Encendedor Jet Flame Jet Horror Zoo Clipper
       | 13341 t2 huerfana $990 | Encendedor Clipper Cowboy Life 4
 d=134 | 2573 t1 prod 5724 $1590 | Encendedor Jet Flame Jet Horror Zoo Clipper
       | 19590 t2 huerfana $990 | Encendedor Clipper Animals Zombies
 d=134 | 2573 t1 prod 5724 $1590 | Encendedor Jet Flame Jet Horror Zoo Clipper
       | 19905 t2 huerfana $990 | Encendedor Clipper Trampolining
 d=134 | 11561 t4 huerfana $900 | Repuesto Pedernal Clipper | Consíguelo en GB The GreenB
       | 19458 t2 huerfana $1490 | Clipper Repuestos Rueda y Piedra
 d=134 | 11967 t1 prod 5725 $1000 | Encendedor Clipper Recargable Crystal 12 – Diseño Surti
       | 13338 t2 huerfana $990 | Encendedor Clipper Cowboy Life 1
 d=134 | 11969 t1 huerfana $1000 | Encendedor Clipper Recargable Horror Days 2 – Diseño Su
       | 13490 t2 huerfana $990 | Encendedor Clipper Skull 8
 d=134 | 11969 t1 huerfana $1000 | Encendedor Clipper Recargable Horror Days 2 – Diseño Su
       | 19716 t2 huerfana $990 | Encendedor Clipper Triple Skull
 d=134 | 11970 t1 prod 10307 $1000 | Encendedor Clipper Recargable Onis 1 – Diseño Surtido (
       | 19713 t2 huerfana $990 | Encendedor Clipper Tie Die
 d=134 | 11972 t1 prod 10305 $1000 | Encendedor Clipper Recargable Super Pockets 2 – Diseño 
       | 19653 t2 huerfana $990 | Encendedor Clipper Lovely Clowns
 d=134 | 11973 t1 prod 10306 $1000 | Encendedor Clipper Recargable Super Pockets 4 – Diseño 
       | 19663 t2 huerfana $990 | Encendedor Clipper Monumental Bones
 d=134 | 11973 t1 prod 10306 $1000 | Encendedor Clipper Recargable Super Pockets 4 – Diseño 
       | 19896 t2 huerfana $990 | Encendedor Clipper Halloween
 d=134 | 12240 t1 huerfana $1000 | Encendedor Clipper Recargable Bear Skulls – Diseño Surt
       | 13351 t2 huerfana $990 | Encendedor Clipper Marked Skulls 1
 d=134 | 12241 t1 prod 10577 $1000 | Encendedor Clipper Recargable Funny Cupid – Diseño Surt
       | 19590 t2 huerfana $990 | Encendedor Clipper Animals Zombies
 d=134 | 12241 t1 prod 10577 $1000 | Encendedor Clipper Recargable Funny Cupid – Diseño Surt
       | 19611 t2 huerfana $990 | Encendedor Clipper CyberPunk Animals
 d=134 | 12241 t1 prod 10577 $1000 | Encendedor Clipper Recargable Funny Cupid – Diseño Surt
       | 19625 t2 huerfana $990 | Encendedor Clipper Game Lover
 d=134 | 12243 t1 prod 10705 $1000 | Encendedor Clipper Recargable Kings of Valhala – Diseño
       | 19611 t2 huerfana $990 | Encendedor Clipper CyberPunk Animals
 d=134 | 12244 t1 prod 10580 $1000 | Encendedor Clipper Recargable Lol Food – Diseño Surtido
       | 19598 t2 huerfana $990 | Encendedor Clipper Big Head
 d=134 | 12247 t1 huerfana $1000 | Encendedor Clipper Recargable Spring Print – Diseño Sur
       | 19674 t2 huerfana $990 | Encendedor Clipper Panda Warriors
 d=134 | 12248 t1 huerfana $1000 | Encendedor Clipper Recargable Weed Rhyme – Diseño Surti
       | 13341 t2 huerfana $990 | Encendedor Clipper Cowboy Life 4
 d=134 | 12248 t1 huerfana $1000 | Encendedor Clipper Recargable Weed Rhyme – Diseño Surti
       | 19673 t2 huerfana $990 | Encendedor Clipper Old Games
 d=134 | 12249 t1 prod 10581 $1000 | Encendedor Clipper Recargable Z-Bunnys – Diseño Surtido
       | 19713 t2 huerfana $990 | Encendedor Clipper Tie Die
 d=134 | 12303 t1 prod 10578 $1000 | Encendedor Clipper Recargable Burningman – Diseño Surti
       | 19586 t2 huerfana $990 | Encendedor Clipper Ancient Skulls
 d=134 | 12303 t1 prod 10578 $1000 | Encendedor Clipper Recargable Burningman – Diseño Surti
       | 19669 t2 huerfana $990 | Encendedor Clipper New Graff
 d=134 | 12303 t1 prod 10578 $1000 | Encendedor Clipper Recargable Burningman – Diseño Surti
       | 19698 t2 huerfana $990 | Encendedor Clipper Space Helmets
 d=134 | 12304 t1 prod 10576 $1000 | Encendedor Clipper Recargable Shinobis – Diseño Surtido
       | 19467 t2 huerfana $990 | Encendedor Clipper Angels vs Demons
 d=134 | 12304 t1 prod 10576 $1000 | Encendedor Clipper Recargable Shinobis – Diseño Surtido
       | 19716 t2 huerfana $990 | Encendedor Clipper Triple Skull
 d=134 | 17958 t1 prod 10575 $1000 | Encendedor Clipper Recargable Paranormal Puffs – Diseño
       | 19663 t2 huerfana $990 | Encendedor Clipper Monumental Bones
 d=134 | 19423 t2 prod 10483 $3990 | Special Blue Encendedor Soplete Bernie Anime
       | 32891 t1 huerfana $21990 | Soplete Broiler Torch -Calvo - Skullyz
 d=134 | 32891 t1 huerfana $21990 | Soplete Broiler Torch -Calvo - Skullyz
       | 35948 t2 huerfana $3990 | Special Blue Encendedor Soplete Bernie Anime - Akatsuki
 d=134 | 32902 t1 huerfana $16990 | Soplete X-Mini -Ignite - SKY BLUE
       | 34267 t2 prod 10664 $17990 | Ignite Soplete X-Mini - Negro
 d=134 | 34287 t2 prod 10666 $23990 | Ignite Soplete Flex - Azul
       | 38364 t3 huerfana $14243 | Encendedor Soplete Ignite Phantom | PIRANHA
 d=135 | 4 t2 prod 5725 $990 | Encendedor Clipper Winter Plans 2
       | 12247 t1 huerfana $1000 | Encendedor Clipper Recargable Spring Print – Diseño Sur
 d=135 | 92 t2 prod 5725 $990 | Encendedor Clipper Winter Plans 1
       | 11969 t1 huerfana $1000 | Encendedor Clipper Recargable Horror Days 2 – Diseño Su
 d=135 | 93 t2 prod 5725 $990 | Encendedor Clipper Horror Days 1
       | 12240 t1 huerfana $1000 | Encendedor Clipper Recargable Bear Skulls – Diseño Surt
 d=135 | 150 t4 huerfana $3600 | Soplete Ronson┃Encendido fácil y recargable✅
       | 35951 t2 huerfana $3990 | Special Blue Encendedor Soplete Bernie Anime - Fire
 d=135 | 812 t1 huerfana $36990 | Encendedor Jet Flame Jet Cozy Skull 24U- Clipper
       | 19705 t2 huerfana $990 | Encendedor Clipper Tarot Cards
 d=135 | 862 t3 prod 10711 $89990 | Encendedor HS x Blazer Big Shot Torch V3
       | 33037 t1 huerfana $21990 | Soplete Compact -Ignite - ORANGE
 d=135 | 1360 t3 prod 5726 $5452 | Encendedor Clipper Metálico | PIRANHA
       | 19384 t2 huerfana $6990 | Encendedor Clipper Metálico Silver
 d=135 | 1360 t3 prod 5726 $5452 | Encendedor Clipper Metálico | PIRANHA
       | 34147 t2 huerfana $6990 | Encendedor Clipper Metálico Silver - Brillante
 d=135 | 1360 t3 prod 5726 $5452 | Encendedor Clipper Metálico | PIRANHA
       | 34148 t2 huerfana $6990 | Encendedor Clipper Metálico Silver - Opaco
 d=135 | 2067 t2 prod 5724 $1590 | Encendedor Clipper Jet Flame CozySkulls
       | 2523 t1 huerfana $36990 | Encendedor Jet Flame Jet Horror Zoo 24U- Clipper
 d=135 | 2572 t1 prod 5724 $1490 | Encendedor Jet Flame Jet Hippie World Clipper
       | 19467 t2 huerfana $990 | Encendedor Clipper Angels vs Demons
 d=135 | 2572 t1 prod 5724 $1490 | Encendedor Jet Flame Jet Hippie World Clipper
       | 19585 t2 huerfana $990 | Encendedor Clipper Amazing Landscapes
 d=135 | 2572 t1 prod 5724 $1490 | Encendedor Jet Flame Jet Hippie World Clipper
       | 19638 t2 huerfana $990 | Encendedor Clipper Hippie Man
 d=135 | 11968 t1 prod 5725 $1000 | Encendedor Clipper Recargable Horror Days 1 – Diseño Su
       | 19668 t2 huerfana $990 | Encendedor Clipper Nerd Sentences
 d=135 | 11968 t1 prod 5725 $1000 | Encendedor Clipper Recargable Horror Days 1 – Diseño Su
       | 19713 t2 huerfana $990 | Encendedor Clipper Tie Die
 d=135 | 11969 t1 huerfana $1000 | Encendedor Clipper Recargable Horror Days 2 – Diseño Su
       | 19598 t2 huerfana $990 | Encendedor Clipper Big Head
 d=135 | 11969 t1 huerfana $1000 | Encendedor Clipper Recargable Horror Days 2 – Diseño Su
       | 36060 t2 prod 10705 $990 | Encendedor Clipper Kings of Valhala
 d=135 | 11970 t1 prod 10307 $1000 | Encendedor Clipper Recargable Onis 1 – Diseño Surtido (
       | 19703 t2 huerfana $990 | Encendedor Clipper Super Unicorns
 d=135 | 11971 t1 prod 10304 $1000 | Encendedor Clipper Recargable Super Pockets 1 – Diseño 
       | 19625 t2 huerfana $990 | Encendedor Clipper Game Lover
 d=135 | 11971 t1 prod 10304 $1000 | Encendedor Clipper Recargable Super Pockets 1 – Diseño 
       | 19677 t2 huerfana $990 | Encendedor Clipper Pilot Animals
 d=135 | 11972 t1 prod 10305 $1000 | Encendedor Clipper Recargable Super Pockets 2 – Diseño 
       | 19642 t2 huerfana $990 | Encendedor Clipper Hot Sentences
 d=135 | 11972 t1 prod 10305 $1000 | Encendedor Clipper Recargable Super Pockets 2 – Diseño 
       | 19896 t2 huerfana $990 | Encendedor Clipper Halloween
 d=135 | 12240 t1 huerfana $1000 | Encendedor Clipper Recargable Bear Skulls – Diseño Surt
       | 19653 t2 huerfana $990 | Encendedor Clipper Lovely Clowns
 d=135 | 12240 t1 huerfana $1000 | Encendedor Clipper Recargable Bear Skulls – Diseño Surt
       | 19693 t2 huerfana $990 | Encendedor Clipper Simple Tattos
 d=135 | 12241 t1 prod 10577 $1000 | Encendedor Clipper Recargable Funny Cupid – Diseño Surt
       | 19690 t2 huerfana $990 | Encendedor Clipper See You
 d=135 | 12241 t1 prod 10577 $1000 | Encendedor Clipper Recargable Funny Cupid – Diseño Surt
       | 19899 t2 huerfana $990 | Encendedor Clipper Raw
 d=135 | 12245 t1 prod 10579 $1000 | Encendedor Clipper Recargable Sea Monsters – Diseño Sur
       | 19626 t2 huerfana $990 | Encendedor Clipper Zombie Gangsters
 d=135 | 12245 t1 prod 10579 $1000 | Encendedor Clipper Recargable Sea Monsters – Diseño Sur
       | 19627 t2 huerfana $990 | Encendedor Clipper Geometric Leaves
 d=135 | 12245 t1 prod 10579 $1000 | Encendedor Clipper Recargable Sea Monsters – Diseño Sur
       | 19711 t2 huerfana $990 | Encendedor Clipper Terror Pixel
 d=135 | 12245 t1 prod 10579 $1000 | Encendedor Clipper Recargable Sea Monsters – Diseño Sur
       | 19897 t2 huerfana $990 | Encendedor Clipper Kamasutra 3
 d=135 | 12247 t1 huerfana $1000 | Encendedor Clipper Recargable Spring Print – Diseño Sur
       | 19586 t2 huerfana $990 | Encendedor Clipper Ancient Skulls
 d=135 | 12247 t1 huerfana $1000 | Encendedor Clipper Recargable Spring Print – Diseño Sur
       | 19643 t2 huerfana $990 | Encendedor Clipper Hungry UFO
 d=135 | 12247 t1 huerfana $1000 | Encendedor Clipper Recargable Spring Print – Diseño Sur
       | 19648 t2 huerfana $990 | Encendedor Clipper Leaves World
 d=135 | 12247 t1 huerfana $1000 | Encendedor Clipper Recargable Spring Print – Diseño Sur
       | 19677 t2 huerfana $990 | Encendedor Clipper Pilot Animals
 d=135 | 12247 t1 huerfana $1000 | Encendedor Clipper Recargable Spring Print – Diseño Sur
       | 19722 t2 huerfana $990 | Encendedor Clipper Vintage Cars
 d=135 | 12247 t1 huerfana $1000 | Encendedor Clipper Recargable Spring Print – Diseño Sur
       | 19890 t2 huerfana $990 | Encendedor Clipper Elephants
 d=135 | 12304 t1 prod 10576 $1000 | Encendedor Clipper Recargable Shinobis – Diseño Surtido
       | 19664 t2 huerfana $990 | Encendedor Clipper Mushrooms Colors
 d=135 | 12304 t1 prod 10576 $1000 | Encendedor Clipper Recargable Shinobis – Diseño Surtido
       | 19683 t2 huerfana $990 | Encendedor Clipper Psycho Weed
 d=135 | 17959 t1 prod 10480 $6490 | Encendedor Metálico Deep Blue
       | 35718 t2 huerfana $6990 | Encendedor Clipper Metálico Rose Gold - Brillante
 d=135 | 19346 t2 prod 10483 $3990 | Special Blue Encendedor Soplete Bernie Skull &amp; Rose
       | 32891 t1 huerfana $21990 | Soplete Broiler Torch -Calvo - Skullyz
 d=135 | 32891 t1 huerfana $21990 | Soplete Broiler Torch -Calvo - Skullyz
       | 35804 t2 huerfana $3990 | Special Blue Encendedor Soplete Bernie Skull &amp; Rose
 d=135 | 33033 t1 huerfana $21990 | Soplete Compact -Ignite - Amarillo
       | 35652 t2 huerfana $34990 | Special Blue Soplete Monster Pro Doble Llama - Toolbox 
 d=135 | 33040 t1 prod 10666 $21990 | Soplete Flex -Ignite - Azul
       | 38364 t3 huerfana $14243 | Encendedor Soplete Ignite Phantom | PIRANHA
 d=135 | 33041 t1 prod 10666 $20990 | Soplete Flex -Ignite - Negro
       | 38364 t3 huerfana $14243 | Encendedor Soplete Ignite Phantom | PIRANHA
 d=136 | 92 t2 prod 5725 $990 | Encendedor Clipper Winter Plans 1
       | 2523 t1 huerfana $36990 | Encendedor Jet Flame Jet Horror Zoo 24U- Clipper
 d=136 | 102 t2 prod 5725 $990 | Encendedor Clipper Taroting 2
       | 12247 t1 huerfana $1000 | Encendedor Clipper Recargable Spring Print – Diseño Sur
 d=136 | 103 t2 prod 5725 $990 | Encendedor Clipper Monsters 1
       | 12248 t1 huerfana $1000 | Encendedor Clipper Recargable Weed Rhyme – Diseño Surti
 d=136 | 150 t4 huerfana $3600 | Soplete Ronson┃Encendido fácil y recargable✅
       | 35954 t2 huerfana $3990 | Special Blue Encendedor Soplete Bernie Psychedelic - Ac
 d=136 | 812 t1 huerfana $36990 | Encendedor Jet Flame Jet Cozy Skull 24U- Clipper
       | 2047 t2 prod 5724 $1590 | Encendedor Clipper Jet Flame Galactic Weed
 d=136 | 812 t1 huerfana $36990 | Encendedor Jet Flame Jet Cozy Skull 24U- Clipper
       | 13338 t2 huerfana $990 | Encendedor Clipper Cowboy Life 1
 d=136 | 1191 t1 prod 10239 $4490 | GAS BUTANO/PROPANO ALTA PUREZA 400ML - RONSON
       | 35734 t2 huerfana $29490 | Groove Soplete Spark V2 - Azul
 d=136 | 1300 t3 prod 5726 $5452 | Encendedor Clipper Metálico | PIRANHA
       | 19384 t2 huerfana $6990 | Encendedor Clipper Metálico Silver
 d=136 | 1300 t3 prod 5726 $5452 | Encendedor Clipper Metálico | PIRANHA
       | 34147 t2 huerfana $6990 | Encendedor Clipper Metálico Silver - Brillante
 d=136 | 1300 t3 prod 5726 $5452 | Encendedor Clipper Metálico | PIRANHA
       | 34148 t2 huerfana $6990 | Encendedor Clipper Metálico Silver - Opaco
 d=136 | 2260 t4 prod 5724 $1300 | Encendedor Clipper Jet Flame Crystal Fluo – Unidad | Ll
       | 13362 t2 huerfana $990 | Encendedor Clipper Weed Skulls
 d=136 | 2523 t1 huerfana $36990 | Encendedor Jet Flame Jet Horror Zoo 24U- Clipper
       | 13364 t2 huerfana $990 | Encendedor Clipper Random Criatures 2
 d=136 | 2523 t1 huerfana $36990 | Encendedor Jet Flame Jet Horror Zoo 24U- Clipper
       | 19598 t2 huerfana $990 | Encendedor Clipper Big Head
 d=136 | 2523 t1 huerfana $36990 | Encendedor Jet Flame Jet Horror Zoo 24U- Clipper
       | 19642 t2 huerfana $990 | Encendedor Clipper Hot Sentences
 d=136 | 2523 t1 huerfana $36990 | Encendedor Jet Flame Jet Horror Zoo 24U- Clipper
       | 19902 t2 prod 10576 $990 | Encendedor Clipper Shinobis
 d=136 | 2562 t1 prod 5724 $1490 | Encendedor Jet Flame Jet Good Vibes Only Clipper
       | 13343 t2 huerfana $990 | Encendedor Clipper Death Animals 3
 d=136 | 2562 t1 prod 5724 $1490 | Encendedor Jet Flame Jet Good Vibes Only Clipper
       | 19896 t2 huerfana $990 | Encendedor Clipper Halloween
 d=136 | 2571 t1 prod 5724 $1590 | Encendedor Jet Flame Jet Galactic Weed Clipper
       | 13490 t2 huerfana $990 | Encendedor Clipper Skull 8
 d=136 | 2571 t1 prod 5724 $1590 | Encendedor Jet Flame Jet Galactic Weed Clipper
       | 19626 t2 huerfana $990 | Encendedor Clipper Zombie Gangsters
 d=136 | 2572 t1 prod 5724 $1490 | Encendedor Jet Flame Jet Hippie World Clipper
       | 13339 t2 huerfana $990 | Encendedor Clipper Cowboy Life 2
 d=136 | 2572 t1 prod 5724 $1490 | Encendedor Jet Flame Jet Hippie World Clipper
       | 19683 t2 huerfana $990 | Encendedor Clipper Psycho Weed
 d=136 | 2573 t1 prod 5724 $1590 | Encendedor Jet Flame Jet Horror Zoo Clipper
       | 13364 t2 huerfana $990 | Encendedor Clipper Random Criatures 2
 d=136 | 2573 t1 prod 5724 $1590 | Encendedor Jet Flame Jet Horror Zoo Clipper
       | 19598 t2 huerfana $990 | Encendedor Clipper Big Head
 d=136 | 2573 t1 prod 5724 $1590 | Encendedor Jet Flame Jet Horror Zoo Clipper
       | 19642 t2 huerfana $990 | Encendedor Clipper Hot Sentences
 d=136 | 11967 t1 prod 5725 $1000 | Encendedor Clipper Recargable Crystal 12 – Diseño Surti
       | 19718 t2 huerfana $990 | Encendedor Clipper Unicorn Sings
 d=136 | 11968 t1 prod 5725 $1000 | Encendedor Clipper Recargable Horror Days 1 – Diseño Su
       | 19664 t2 huerfana $990 | Encendedor Clipper Mushrooms Colors
 d=136 | 11969 t1 huerfana $1000 | Encendedor Clipper Recargable Horror Days 2 – Diseño Su
       | 19585 t2 huerfana $990 | Encendedor Clipper Amazing Landscapes
 d=136 | 11969 t1 huerfana $1000 | Encendedor Clipper Recargable Horror Days 2 – Diseño Su
       | 19653 t2 huerfana $990 | Encendedor Clipper Lovely Clowns
 d=136 | 11969 t1 huerfana $1000 | Encendedor Clipper Recargable Horror Days 2 – Diseño Su
       | 19897 t2 huerfana $990 | Encendedor Clipper Kamasutra 3
 d=136 | 11971 t1 prod 10304 $1000 | Encendedor Clipper Recargable Super Pockets 1 – Diseño 
       | 19690 t2 huerfana $990 | Encendedor Clipper See You
 d=136 | 11972 t1 prod 10305 $1000 | Encendedor Clipper Recargable Super Pockets 2 – Diseño 
       | 19650 t2 huerfana $990 | Encendedor Clipper Llama Work
 d=136 | 11973 t1 prod 10306 $1000 | Encendedor Clipper Recargable Super Pockets 4 – Diseño 
       | 19598 t2 huerfana $990 | Encendedor Clipper Big Head
 d=136 | 12240 t1 huerfana $1000 | Encendedor Clipper Recargable Bear Skulls – Diseño Surt
       | 13341 t2 huerfana $990 | Encendedor Clipper Cowboy Life 4
 d=136 | 12240 t1 huerfana $1000 | Encendedor Clipper Recargable Bear Skulls – Diseño Surt
       | 19598 t2 huerfana $990 | Encendedor Clipper Big Head
 d=136 | 12240 t1 huerfana $1000 | Encendedor Clipper Recargable Bear Skulls – Diseño Surt
       | 19663 t2 huerfana $990 | Encendedor Clipper Monumental Bones
 d=136 | 12240 t1 huerfana $1000 | Encendedor Clipper Recargable Bear Skulls – Diseño Surt
       | 19701 t2 huerfana $990 | Encendedor Clipper Spring Graffiti
 d=136 | 12241 t1 prod 10577 $1000 | Encendedor Clipper Recargable Funny Cupid – Diseño Surt
       | 19673 t2 huerfana $990 | Encendedor Clipper Old Games
 d=136 | 12241 t1 prod 10577 $1000 | Encendedor Clipper Recargable Funny Cupid – Diseño Surt
       | 19722 t2 huerfana $990 | Encendedor Clipper Vintage Cars
 d=136 | 12242 t1 huerfana $1000 | Encendedor Clipper Recargable Green Bait – Diseño Surti
       | 13362 t2 huerfana $990 | Encendedor Clipper Weed Skulls
 d=136 | 12243 t1 prod 10705 $1000 | Encendedor Clipper Recargable Kings of Valhala – Diseño
       | 13339 t2 huerfana $990 | Encendedor Clipper Cowboy Life 2
 d=136 | 12243 t1 prod 10705 $1000 | Encendedor Clipper Recargable Kings of Valhala – Diseño
       | 13364 t2 huerfana $990 | Encendedor Clipper Random Criatures 2
 d=136 | 12244 t1 prod 10580 $1000 | Encendedor Clipper Recargable Lol Food – Diseño Surtido
       | 19586 t2 huerfana $990 | Encendedor Clipper Ancient Skulls
 d=136 | 12244 t1 prod 10580 $1000 | Encendedor Clipper Recargable Lol Food – Diseño Surtido
       | 19648 t2 huerfana $990 | Encendedor Clipper Leaves World
 d=136 | 12245 t1 prod 10579 $1000 | Encendedor Clipper Recargable Sea Monsters – Diseño Sur
       | 13343 t2 huerfana $990 | Encendedor Clipper Death Animals 3
 d=136 | 12245 t1 prod 10579 $1000 | Encendedor Clipper Recargable Sea Monsters – Diseño Sur
       | 13364 t2 huerfana $990 | Encendedor Clipper Random Criatures 2
 d=136 | 12247 t1 huerfana $1000 | Encendedor Clipper Recargable Spring Print – Diseño Sur
       | 19638 t2 huerfana $990 | Encendedor Clipper Hippie Man
 d=136 | 12247 t1 huerfana $1000 | Encendedor Clipper Recargable Spring Print – Diseño Sur
       | 19650 t2 huerfana $990 | Encendedor Clipper Llama Work
 d=136 | 12248 t1 huerfana $1000 | Encendedor Clipper Recargable Weed Rhyme – Diseño Surti
       | 13339 t2 huerfana $990 | Encendedor Clipper Cowboy Life 2
 d=136 | 12248 t1 huerfana $1000 | Encendedor Clipper Recargable Weed Rhyme – Diseño Surti
       | 19611 t2 huerfana $990 | Encendedor Clipper CyberPunk Animals
 d=136 | 12248 t1 huerfana $1000 | Encendedor Clipper Recargable Weed Rhyme – Diseño Surti
       | 19625 t2 huerfana $990 | Encendedor Clipper Game Lover
 d=136 | 12248 t1 huerfana $1000 | Encendedor Clipper Recargable Weed Rhyme – Diseño Surti
       | 19718 t2 huerfana $990 | Encendedor Clipper Unicorn Sings
 d=136 | 12248 t1 huerfana $1000 | Encendedor Clipper Recargable Weed Rhyme – Diseño Surti
       | 19895 t2 huerfana $990 | Encendedor Clipper Goddesses
 d=136 | 12249 t1 prod 10581 $1000 | Encendedor Clipper Recargable Z-Bunnys – Diseño Surtido
       | 19596 t2 huerfana $990 | Encendedor Clipper Be Hippie
 d=136 | 12303 t1 prod 10578 $1000 | Encendedor Clipper Recargable Burningman – Diseño Surti
       | 19896 t2 huerfana $990 | Encendedor Clipper Halloween
 d=136 | 17958 t1 prod 10575 $1000 | Encendedor Clipper Recargable Paranormal Puffs – Diseño
       | 19890 t2 huerfana $990 | Encendedor Clipper Elephants
 d=136 | 33036 t1 prod 10665 $21990 | Soplete Compact -Ignite - Verde
       | 35804 t2 huerfana $3990 | Special Blue Encendedor Soplete Bernie Skull &amp; Rose
 d=137 | 8 t2 prod 5725 $990 | Encendedor Clipper Space Area 3
       | 2523 t1 huerfana $36990 | Encendedor Jet Flame Jet Horror Zoo 24U- Clipper
 d=137 | 8 t2 prod 5725 $990 | Encendedor Clipper Space Area 3
       | 12248 t1 huerfana $1000 | Encendedor Clipper Recargable Weed Rhyme – Diseño Surti
 d=137 | 732 t1 prod 5728 $1590 | Gas Butano De Bolsillo 16Ml-Clipper
       | 13467 t2 huerfana $4590 | Clipper Gas Butano 7x Premium 300ml
 d=137 | 812 t1 huerfana $36990 | Encendedor Jet Flame Jet Cozy Skull 24U- Clipper
       | 2049 t2 prod 5724 $1592 | Encendedor Clipper Jet Flame Horror Zoo
 d=137 | 812 t1 huerfana $36990 | Encendedor Jet Flame Jet Cozy Skull 24U- Clipper
       | 19467 t2 huerfana $990 | Encendedor Clipper Angels vs Demons
 d=137 | 812 t1 huerfana $36990 | Encendedor Jet Flame Jet Cozy Skull 24U- Clipper
       | 19623 t2 huerfana $990 | Encendedor Clipper Fruit Strains
 d=137 | 812 t1 huerfana $36990 | Encendedor Jet Flame Jet Cozy Skull 24U- Clipper
       | 19716 t2 huerfana $990 | Encendedor Clipper Triple Skull
 d=137 | 1226 t2 prod 5724 $1590 | Encendedor Clipper Jet Flame Ink 4 Life
       | 12242 t1 huerfana $1000 | Encendedor Clipper Recargable Green Bait – Diseño Surti
 d=137 | 1312 t3 prod 10239 $4490 | Gas Butano/Propano Alta Pureza Ronson 300mL | PIRANHA
       | 35734 t2 huerfana $29490 | Groove Soplete Spark V2 - Azul
 d=137 | 2052 t2 prod 5724 $1590 | Encendedor Clipper Jet Flame Rotten Burgers
       | 12247 t1 huerfana $1000 | Encendedor Clipper Recargable Spring Print – Diseño Sur
 d=137 | 2068 t2 prod 5724 $1590 | Encendedor Clipper Jet Flame HippieWorld
       | 12248 t1 huerfana $1000 | Encendedor Clipper Recargable Weed Rhyme – Diseño Surti
 d=137 | 2260 t4 prod 5724 $1300 | Encendedor Clipper Jet Flame Crystal Fluo – Unidad | Ll
       | 19472 t2 huerfana $1590 | Encendedor Clipper Jet Crystal Fluo
 d=137 | 2523 t1 huerfana $36990 | Encendedor Jet Flame Jet Horror Zoo 24U- Clipper
       | 19626 t2 huerfana $990 | Encendedor Clipper Zombie Gangsters
 d=137 | 2523 t1 huerfana $36990 | Encendedor Jet Flame Jet Horror Zoo 24U- Clipper
       | 19651 t2 prod 10580 $990 | Encendedor Clipper Lol Food
 d=137 | 2523 t1 huerfana $36990 | Encendedor Jet Flame Jet Horror Zoo 24U- Clipper
       | 19674 t2 huerfana $990 | Encendedor Clipper Panda Warriors
 d=137 | 2523 t1 huerfana $36990 | Encendedor Jet Flame Jet Horror Zoo 24U- Clipper
       | 19711 t2 huerfana $990 | Encendedor Clipper Terror Pixel
 d=137 | 2523 t1 huerfana $36990 | Encendedor Jet Flame Jet Horror Zoo 24U- Clipper
       | 19900 t2 huerfana $990 | Encendedor Clipper Roses
 d=137 | 2571 t1 prod 5724 $1590 | Encendedor Jet Flame Jet Galactic Weed Clipper
       | 13339 t2 huerfana $990 | Encendedor Clipper Cowboy Life 2
 d=137 | 2571 t1 prod 5724 $1590 | Encendedor Jet Flame Jet Galactic Weed Clipper
       | 13382 t2 huerfana $990 | Encendedor Clipper Weed Skulls 1
 d=137 | 2572 t1 prod 5724 $1490 | Encendedor Jet Flame Jet Hippie World Clipper
       | 19626 t2 huerfana $990 | Encendedor Clipper Zombie Gangsters
 d=137 | 2572 t1 prod 5724 $1490 | Encendedor Jet Flame Jet Hippie World Clipper
       | 19711 t2 huerfana $990 | Encendedor Clipper Terror Pixel
 d=137 | 2572 t1 prod 5724 $1490 | Encendedor Jet Flame Jet Hippie World Clipper
       | 19713 t2 huerfana $990 | Encendedor Clipper Tie Die
 d=137 | 2573 t1 prod 5724 $1590 | Encendedor Jet Flame Jet Horror Zoo Clipper
       | 19626 t2 huerfana $990 | Encendedor Clipper Zombie Gangsters
 d=137 | 2573 t1 prod 5724 $1590 | Encendedor Jet Flame Jet Horror Zoo Clipper
       | 19674 t2 huerfana $990 | Encendedor Clipper Panda Warriors
 d=137 | 2573 t1 prod 5724 $1590 | Encendedor Jet Flame Jet Horror Zoo Clipper
       | 19711 t2 huerfana $990 | Encendedor Clipper Terror Pixel
 d=137 | 2573 t1 prod 5724 $1590 | Encendedor Jet Flame Jet Horror Zoo Clipper
       | 19900 t2 huerfana $990 | Encendedor Clipper Roses
 d=137 | 11967 t1 prod 5725 $1000 | Encendedor Clipper Recargable Crystal 12 – Diseño Surti
       | 19668 t2 huerfana $990 | Encendedor Clipper Nerd Sentences
 d=137 | 11967 t1 prod 5725 $1000 | Encendedor Clipper Recargable Crystal 12 – Diseño Surti
       | 19713 t2 huerfana $990 | Encendedor Clipper Tie Die
 d=137 | 11968 t1 prod 5725 $1000 | Encendedor Clipper Recargable Horror Days 1 – Diseño Su
       | 19638 t2 huerfana $990 | Encendedor Clipper Hippie Man
 d=137 | 11968 t1 prod 5725 $1000 | Encendedor Clipper Recargable Horror Days 1 – Diseño Su
       | 19690 t2 huerfana $990 | Encendedor Clipper See You
 d=137 | 11970 t1 prod 10307 $1000 | Encendedor Clipper Recargable Onis 1 – Diseño Surtido (
       | 19468 t2 huerfana $990 | Encendedor Clipper Cops And Robbers
 d=137 | 11971 t1 prod 10304 $1000 | Encendedor Clipper Recargable Super Pockets 1 – Diseño 
       | 19673 t2 huerfana $990 | Encendedor Clipper Old Games
 d=137 | 11973 t1 prod 10306 $1000 | Encendedor Clipper Recargable Super Pockets 4 – Diseño 
       | 19627 t2 huerfana $990 | Encendedor Clipper Geometric Leaves
 d=137 | 12240 t1 huerfana $1000 | Encendedor Clipper Recargable Bear Skulls – Diseño Surt
       | 13487 t2 prod 10307 $990 | Encendedor Clipper Onis 1
 d=137 | 12241 t1 prod 10577 $1000 | Encendedor Clipper Recargable Funny Cupid – Diseño Surt
       | 19897 t2 huerfana $990 | Encendedor Clipper Kamasutra 3
 d=137 | 12243 t1 prod 10705 $1000 | Encendedor Clipper Recargable Kings of Valhala – Diseño
       | 13355 t2 huerfana $990 | Encendedor Clipper Motor Sport 1
 d=137 | 12243 t1 prod 10705 $1000 | Encendedor Clipper Recargable Kings of Valhala – Diseño
       | 19704 t2 huerfana $990 | Encendedor Clipper Sushi Sentences
 d=137 | 12245 t1 prod 10579 $1000 | Encendedor Clipper Recargable Sea Monsters – Diseño Sur
       | 19638 t2 huerfana $990 | Encendedor Clipper Hippie Man
 d=137 | 12245 t1 prod 10579 $1000 | Encendedor Clipper Recargable Sea Monsters – Diseño Sur
       | 19661 t2 huerfana $990 | Encendedor Clipper Molten Skulls
 d=137 | 12247 t1 huerfana $1000 | Encendedor Clipper Recargable Spring Print – Diseño Sur
       | 13364 t2 huerfana $990 | Encendedor Clipper Random Criatures 2
 d=137 | 12247 t1 huerfana $1000 | Encendedor Clipper Recargable Spring Print – Diseño Sur
       | 19625 t2 huerfana $990 | Encendedor Clipper Game Lover
 d=137 | 12247 t1 huerfana $1000 | Encendedor Clipper Recargable Spring Print – Diseño Sur
       | 19663 t2 huerfana $990 | Encendedor Clipper Monumental Bones
 d=137 | 12247 t1 huerfana $1000 | Encendedor Clipper Recargable Spring Print – Diseño Sur
       | 19683 t2 huerfana $990 | Encendedor Clipper Psycho Weed
 d=137 | 12247 t1 huerfana $1000 | Encendedor Clipper Recargable Spring Print – Diseño Sur
       | 20295 t2 prod 10575 $990 | Encendedor Clipper Paranormal Puff
 d=137 | 12248 t1 huerfana $1000 | Encendedor Clipper Recargable Weed Rhyme – Diseño Surti
       | 19467 t2 huerfana $990 | Encendedor Clipper Angels vs Demons
 d=137 | 12248 t1 huerfana $1000 | Encendedor Clipper Recargable Weed Rhyme – Diseño Surti
       | 19596 t2 huerfana $990 | Encendedor Clipper Be Hippie
 d=137 | 12248 t1 huerfana $1000 | Encendedor Clipper Recargable Weed Rhyme – Diseño Surti
       | 19638 t2 huerfana $990 | Encendedor Clipper Hippie Man
 d=137 | 12248 t1 huerfana $1000 | Encendedor Clipper Recargable Weed Rhyme – Diseño Surti
       | 19651 t2 prod 10580 $990 | Encendedor Clipper Lol Food
 d=137 | 12303 t1 prod 10578 $1000 | Encendedor Clipper Recargable Burningman – Diseño Surti
       | 19674 t2 huerfana $990 | Encendedor Clipper Panda Warriors
 d=137 | 12304 t1 prod 10576 $1000 | Encendedor Clipper Recargable Shinobis – Diseño Surtido
       | 19672 t2 huerfana $990 | Encendedor Clipper Ninja Cats
 d=137 | 12523 t1 huerfana $34990 | Soplete Monster Pro Doble Llama -Calvo Glass
       | 39745 t4 huerfana $21600 | Soplete Compact Ignite - GB The Green Brand
 d=137 | 13679 t2 huerfana $34990 | Special Blue Soplete Monster Pro Doble Llama - Toolbox
       | 33033 t1 huerfana $21990 | Soplete Compact -Ignite - Amarillo
 d=137 | 32566 t1 huerfana $34990 | Soplete Monster Pro Doble Llama -Calvo Glass - Artst Se
       | 39745 t4 huerfana $21600 | Soplete Compact Ignite - GB The Green Brand
 d=137 | 33033 t1 huerfana $21990 | Soplete Compact -Ignite - Amarillo
       | 35650 t2 huerfana $34990 | Special Blue Soplete Monster Pro Doble Llama - Toolbox 
 d=137 | 34289 t2 prod 10667 $20990 | Ignite Soplete Phantom - Rojo
       | 39745 t4 huerfana $21600 | Soplete Compact Ignite - GB The Green Brand
 d=138 | 6 t2 prod 5725 $990 | Encendedor Clipper Space Area 4
       | 2523 t1 huerfana $36990 | Encendedor Jet Flame Jet Horror Zoo 24U- Clipper
 d=138 | 150 t4 huerfana $3600 | Soplete Ronson┃Encendido fácil y recargable✅
       | 35806 t2 huerfana $3990 | Special Blue Encendedor Soplete Bernie Skull &amp; Rose
 d=138 | 812 t1 huerfana $36990 | Encendedor Jet Flame Jet Cozy Skull 24U- Clipper
       | 19672 t2 huerfana $990 | Encendedor Clipper Ninja Cats
 d=138 | 862 t3 prod 10711 $89990 | Encendedor HS x Blazer Big Shot Torch V3
       | 33033 t1 huerfana $21990 | Soplete Compact -Ignite - Amarillo
 d=138 | 2523 t1 huerfana $36990 | Encendedor Jet Flame Jet Horror Zoo 24U- Clipper
       | 13340 t2 huerfana $990 | Encendedor Clipper Cowboy Life 3
 d=138 | 2523 t1 huerfana $36990 | Encendedor Jet Flame Jet Horror Zoo 24U- Clipper
       | 19672 t2 huerfana $990 | Encendedor Clipper Ninja Cats
 d=138 | 2543 t1 prod 5726 $4290 | Gas Butano 300 Ml-Clipper
       | 13467 t2 huerfana $4590 | Clipper Gas Butano 7x Premium 300ml
 d=138 | 2562 t1 prod 5724 $1490 | Encendedor Jet Flame Jet Good Vibes Only Clipper
       | 19677 t2 huerfana $990 | Encendedor Clipper Pilot Animals
 d=138 | 2571 t1 prod 5724 $1590 | Encendedor Jet Flame Jet Galactic Weed Clipper
       | 19596 t2 huerfana $990 | Encendedor Clipper Be Hippie
 d=138 | 2572 t1 prod 5724 $1490 | Encendedor Jet Flame Jet Hippie World Clipper
       | 19621 t2 huerfana $990 | Encendedor Clipper Forbidden Symbols
 d=138 | 2572 t1 prod 5724 $1490 | Encendedor Jet Flame Jet Hippie World Clipper
       | 19677 t2 huerfana $990 | Encendedor Clipper Pilot Animals
 d=138 | 2573 t1 prod 5724 $1590 | Encendedor Jet Flame Jet Horror Zoo Clipper
       | 13340 t2 huerfana $990 | Encendedor Clipper Cowboy Life 3
 d=138 | 2573 t1 prod 5724 $1590 | Encendedor Jet Flame Jet Horror Zoo Clipper
       | 19672 t2 huerfana $990 | Encendedor Clipper Ninja Cats
 d=138 | 11968 t1 prod 5725 $1000 | Encendedor Clipper Recargable Horror Days 1 – Diseño Su
       | 19468 t2 huerfana $990 | Encendedor Clipper Cops And Robbers
 d=138 | 11968 t1 prod 5725 $1000 | Encendedor Clipper Recargable Horror Days 1 – Diseño Su
       | 19643 t2 huerfana $990 | Encendedor Clipper Hungry UFO
 d=138 | 11973 t1 prod 10306 $1000 | Encendedor Clipper Recargable Super Pockets 4 – Diseño 
       | 13351 t2 huerfana $990 | Encendedor Clipper Marked Skulls 1
 d=138 | 11973 t1 prod 10306 $1000 | Encendedor Clipper Recargable Super Pockets 4 – Diseño 
       | 19611 t2 huerfana $990 | Encendedor Clipper CyberPunk Animals
 d=138 | 12240 t1 huerfana $1000 | Encendedor Clipper Recargable Bear Skulls – Diseño Surt
       | 19625 t2 huerfana $990 | Encendedor Clipper Game Lover
 d=138 | 12240 t1 huerfana $1000 | Encendedor Clipper Recargable Bear Skulls – Diseño Surt
       | 19669 t2 huerfana $990 | Encendedor Clipper New Graff
 d=138 | 12240 t1 huerfana $1000 | Encendedor Clipper Recargable Bear Skulls – Diseño Surt
       | 19902 t2 prod 10576 $990 | Encendedor Clipper Shinobis
 d=138 | 12241 t1 prod 10577 $1000 | Encendedor Clipper Recargable Funny Cupid – Diseño Surt
       | 19669 t2 huerfana $990 | Encendedor Clipper New Graff
 d=138 | 12242 t1 huerfana $1000 | Encendedor Clipper Recargable Green Bait – Diseño Surti
       | 19661 t2 huerfana $990 | Encendedor Clipper Molten Skulls
 d=138 | 12242 t1 huerfana $1000 | Encendedor Clipper Recargable Green Bait – Diseño Surti
       | 19716 t2 huerfana $990 | Encendedor Clipper Triple Skull
 d=138 | 12243 t1 prod 10705 $1000 | Encendedor Clipper Recargable Kings of Valhala – Diseño
       | 13340 t2 huerfana $990 | Encendedor Clipper Cowboy Life 3
 d=138 | 12243 t1 prod 10705 $1000 | Encendedor Clipper Recargable Kings of Valhala – Diseño
       | 19590 t2 huerfana $990 | Encendedor Clipper Animals Zombies
 d=138 | 12243 t1 prod 10705 $1000 | Encendedor Clipper Recargable Kings of Valhala – Diseño
       | 19669 t2 huerfana $990 | Encendedor Clipper New Graff
 d=138 | 12243 t1 prod 10705 $1000 | Encendedor Clipper Recargable Kings of Valhala – Diseño
       | 19905 t2 huerfana $990 | Encendedor Clipper Trampolining
 d=138 | 12245 t1 prod 10579 $1000 | Encendedor Clipper Recargable Sea Monsters – Diseño Sur
       | 19468 t2 huerfana $990 | Encendedor Clipper Cops And Robbers
 d=138 | 12245 t1 prod 10579 $1000 | Encendedor Clipper Recargable Sea Monsters – Diseño Sur
       | 19611 t2 huerfana $990 | Encendedor Clipper CyberPunk Animals
 d=138 | 12245 t1 prod 10579 $1000 | Encendedor Clipper Recargable Sea Monsters – Diseño Sur
       | 19701 t2 huerfana $990 | Encendedor Clipper Spring Graffiti
 d=138 | 12247 t1 huerfana $1000 | Encendedor Clipper Recargable Spring Print – Diseño Sur
       | 19900 t2 huerfana $990 | Encendedor Clipper Roses
 d=138 | 12248 t1 huerfana $1000 | Encendedor Clipper Recargable Weed Rhyme – Diseño Surti
       | 13382 t2 huerfana $990 | Encendedor Clipper Weed Skulls 1
 d=138 | 12248 t1 huerfana $1000 | Encendedor Clipper Recargable Weed Rhyme – Diseño Surti
       | 19722 t2 huerfana $990 | Encendedor Clipper Vintage Cars
 d=138 | 12303 t1 prod 10578 $1000 | Encendedor Clipper Recargable Burningman – Diseño Surti
       | 13338 t2 huerfana $990 | Encendedor Clipper Cowboy Life 1
 d=138 | 12303 t1 prod 10578 $1000 | Encendedor Clipper Recargable Burningman – Diseño Surti
       | 19621 t2 huerfana $990 | Encendedor Clipper Forbidden Symbols
 d=138 | 12523 t1 huerfana $34990 | Soplete Monster Pro Doble Llama -Calvo Glass
       | 35954 t2 huerfana $3990 | Special Blue Encendedor Soplete Bernie Psychedelic - Ac
 d=138 | 17919 t1 huerfana $21990 | Soplete Broiler Torch -Calvo
       | 19424 t2 prod 10483 $3990 | Special Blue Encendedor Soplete Bernie Psychedelic
 d=138 | 17919 t1 huerfana $21990 | Soplete Broiler Torch -Calvo
       | 35952 t2 huerfana $3990 | Special Blue Encendedor Soplete Bernie Psychedelic - Sm
 d=138 | 19424 t2 prod 10483 $3990 | Special Blue Encendedor Soplete Bernie Psychedelic
       | 32889 t1 huerfana $21990 | Soplete Broiler Torch -Calvo - Sd Art. Series
 d=138 | 32566 t1 huerfana $34990 | Soplete Monster Pro Doble Llama -Calvo Glass - Artst Se
       | 35954 t2 huerfana $3990 | Special Blue Encendedor Soplete Bernie Psychedelic - Ac
 d=138 | 32889 t1 huerfana $21990 | Soplete Broiler Torch -Calvo - Sd Art. Series
       | 35952 t2 huerfana $3990 | Special Blue Encendedor Soplete Bernie Psychedelic - Sm
 d=138 | 32891 t1 huerfana $21990 | Soplete Broiler Torch -Calvo - Skullyz
       | 35950 t2 huerfana $3990 | Special Blue Encendedor Soplete Bernie Anime - Origami 
 d=138 | 32896 t1 huerfana $16990 | Soplete X-Mini -Ignite - Blanco
       | 34266 t2 prod 10663 $15990 | Ignite Soplete Phantom Mini - Blanco
 d=138 | 33036 t1 prod 10665 $21990 | Soplete Compact -Ignite - Verde
       | 35953 t2 huerfana $3990 | Special Blue Encendedor Soplete Bernie Psychedelic - Tr
 d=138 | 33037 t1 huerfana $21990 | Soplete Compact -Ignite - ORANGE
       | 34289 t2 prod 10667 $20990 | Ignite Soplete Phantom - Rojo
 d=139 | 154 t4 huerfana $2300 | Soplete Pequeño | Encendedor de gas recargable portátil
       | 36157 t2 huerfana $2990 | Special Blue Encendedor Soplete Mini Clear - Naranjo
 d=139 | 812 t1 huerfana $36990 | Encendedor Jet Flame Jet Cozy Skull 24U- Clipper
       | 2044 t2 prod 5724 $1590 | Encendedor Clipper Jet Flame Good Vibes Only
 d=139 | 812 t1 huerfana $36990 | Encendedor Jet Flame Jet Cozy Skull 24U- Clipper
       | 19674 t2 huerfana $990 | Encendedor Clipper Panda Warriors
 d=139 | 812 t1 huerfana $36990 | Encendedor Jet Flame Jet Cozy Skull 24U- Clipper
       | 19885 t2 prod 10578 $990 | Encendedor Clipper Burningman
 d=139 | 2260 t4 prod 5724 $1300 | Encendedor Clipper Jet Flame Crystal Fluo – Unidad | Ll
       | 19698 t2 huerfana $990 | Encendedor Clipper Space Helmets
 d=139 | 2523 t1 huerfana $36990 | Encendedor Jet Flame Jet Horror Zoo 24U- Clipper
       | 13355 t2 huerfana $990 | Encendedor Clipper Motor Sport 1
 d=139 | 2523 t1 huerfana $36990 | Encendedor Jet Flame Jet Horror Zoo 24U- Clipper
       | 19638 t2 huerfana $990 | Encendedor Clipper Hippie Man
 d=139 | 2562 t1 prod 5724 $1490 | Encendedor Jet Flame Jet Good Vibes Only Clipper
       | 19626 t2 huerfana $990 | Encendedor Clipper Zombie Gangsters
 d=139 | 2562 t1 prod 5724 $1490 | Encendedor Jet Flame Jet Good Vibes Only Clipper
       | 19650 t2 huerfana $990 | Encendedor Clipper Llama Work
 d=139 | 2562 t1 prod 5724 $1490 | Encendedor Jet Flame Jet Good Vibes Only Clipper
       | 19653 t2 huerfana $990 | Encendedor Clipper Lovely Clowns
 d=139 | 2571 t1 prod 5724 $1590 | Encendedor Jet Flame Jet Galactic Weed Clipper
       | 13340 t2 huerfana $990 | Encendedor Clipper Cowboy Life 3
 d=139 | 2571 t1 prod 5724 $1590 | Encendedor Jet Flame Jet Galactic Weed Clipper
       | 19590 t2 huerfana $990 | Encendedor Clipper Animals Zombies
 d=139 | 2571 t1 prod 5724 $1590 | Encendedor Jet Flame Jet Galactic Weed Clipper
       | 19722 t2 huerfana $990 | Encendedor Clipper Vintage Cars
 d=139 | 2571 t1 prod 5724 $1590 | Encendedor Jet Flame Jet Galactic Weed Clipper
       | 19905 t2 huerfana $990 | Encendedor Clipper Trampolining
 d=139 | 2572 t1 prod 5724 $1490 | Encendedor Jet Flame Jet Hippie World Clipper
       | 19668 t2 huerfana $990 | Encendedor Clipper Nerd Sentences
 d=139 | 2572 t1 prod 5724 $1490 | Encendedor Jet Flame Jet Hippie World Clipper
       | 19690 t2 huerfana $990 | Encendedor Clipper See You
 d=139 | 2573 t1 prod 5724 $1590 | Encendedor Jet Flame Jet Horror Zoo Clipper
       | 13355 t2 huerfana $990 | Encendedor Clipper Motor Sport 1
 d=139 | 2573 t1 prod 5724 $1590 | Encendedor Jet Flame Jet Horror Zoo Clipper
       | 19638 t2 huerfana $990 | Encendedor Clipper Hippie Man
 d=139 | 11967 t1 prod 5725 $1000 | Encendedor Clipper Recargable Crystal 12 – Diseño Surti
       | 13355 t2 huerfana $990 | Encendedor Clipper Motor Sport 1
 d=139 | 11967 t1 prod 5725 $1000 | Encendedor Clipper Recargable Crystal 12 – Diseño Surti
       | 19897 t2 huerfana $990 | Encendedor Clipper Kamasutra 3
 d=139 | 11968 t1 prod 5725 $1000 | Encendedor Clipper Recargable Horror Days 1 – Diseño Su
       | 19665 t2 huerfana $990 | Encendedor Clipper Mushrooms Skulls
 d=139 | 11970 t1 prod 10307 $1000 | Encendedor Clipper Recargable Onis 1 – Diseño Surtido (
       | 19669 t2 huerfana $990 | Encendedor Clipper New Graff
 d=139 | 11973 t1 prod 10306 $1000 | Encendedor Clipper Recargable Super Pockets 4 – Diseño 
       | 19585 t2 huerfana $990 | Encendedor Clipper Amazing Landscapes
 d=139 | 12240 t1 huerfana $1000 | Encendedor Clipper Recargable Bear Skulls – Diseño Surt
       | 13490 t2 huerfana $990 | Encendedor Clipper Skull 8
 d=139 | 12240 t1 huerfana $1000 | Encendedor Clipper Recargable Bear Skulls – Diseño Surt
       | 19626 t2 huerfana $990 | Encendedor Clipper Zombie Gangsters
 d=139 | 12242 t1 huerfana $1000 | Encendedor Clipper Recargable Green Bait – Diseño Surti
       | 19468 t2 huerfana $990 | Encendedor Clipper Cops And Robbers
 d=139 | 12242 t1 huerfana $1000 | Encendedor Clipper Recargable Green Bait – Diseño Surti
       | 19890 t2 huerfana $990 | Encendedor Clipper Elephants
 d=139 | 12243 t1 prod 10705 $1000 | Encendedor Clipper Recargable Kings of Valhala – Diseño
       | 19653 t2 huerfana $990 | Encendedor Clipper Lovely Clowns
 d=139 | 12245 t1 prod 10579 $1000 | Encendedor Clipper Recargable Sea Monsters – Diseño Sur
       | 19650 t2 huerfana $990 | Encendedor Clipper Llama Work
 d=139 | 12247 t1 huerfana $1000 | Encendedor Clipper Recargable Spring Print – Diseño Sur
       | 19673 t2 huerfana $990 | Encendedor Clipper Old Games
 d=139 | 12248 t1 huerfana $1000 | Encendedor Clipper Recargable Weed Rhyme – Diseño Surti
       | 19693 t2 huerfana $990 | Encendedor Clipper Simple Tattos
 d=139 | 12303 t1 prod 10578 $1000 | Encendedor Clipper Recargable Burningman – Diseño Surti
       | 19638 t2 huerfana $990 | Encendedor Clipper Hippie Man
 d=139 | 12304 t1 prod 10576 $1000 | Encendedor Clipper Recargable Shinobis – Diseño Surtido
       | 19586 t2 huerfana $990 | Encendedor Clipper Ancient Skulls
 d=139 | 12523 t1 huerfana $34990 | Soplete Monster Pro Doble Llama -Calvo Glass
       | 35950 t2 huerfana $3990 | Special Blue Encendedor Soplete Bernie Anime - Origami 
 d=139 | 12554 t1 prod 10582 $43990 | Encendedor Hig Polish Blue Logo - Zippo
       | 19914 t2 huerfana $35990 | Encendedor Zippo Merlot
 d=139 | 17958 t1 prod 10575 $1000 | Encendedor Clipper Recargable Paranormal Puffs – Diseño
       | 19661 t2 huerfana $990 | Encendedor Clipper Molten Skulls
 d=139 | 17958 t1 prod 10575 $1000 | Encendedor Clipper Recargable Paranormal Puffs – Diseño
       | 19690 t2 huerfana $990 | Encendedor Clipper See You
 d=139 | 18014 t1 huerfana $990 | Variedades Encendedores-Clipper
       | 19675 t2 huerfana $990 | Encendedor Clipper Party Skulls
 d=139 | 19424 t2 prod 10483 $3990 | Special Blue Encendedor Soplete Bernie Psychedelic
       | 39745 t4 huerfana $21600 | Soplete Compact Ignite - GB The Green Brand
 d=139 | 32566 t1 huerfana $34990 | Soplete Monster Pro Doble Llama -Calvo Glass - Artst Se
       | 35950 t2 huerfana $3990 | Special Blue Encendedor Soplete Bernie Anime - Origami 
 d=139 | 32891 t1 huerfana $21990 | Soplete Broiler Torch -Calvo - Skullyz
       | 35810 t2 huerfana $3990 | Special Blue Encendedor Soplete Bernie Wild &amp; Free 
 d=139 | 32895 t1 huerfana $14990 | Soplete Phantom Mini-Ignite - Rojo
       | 34267 t2 prod 10664 $17990 | Ignite Soplete X-Mini - Negro
 d=139 | 33045 t1 prod 10667 $19990 | Soplete Phantom -Ignite - Rojo
       | 39745 t4 huerfana $21600 | Soplete Compact Ignite - GB The Green Brand
 d=139 | 35952 t2 huerfana $3990 | Special Blue Encendedor Soplete Bernie Psychedelic - Sm
       | 39745 t4 huerfana $21600 | Soplete Compact Ignite - GB The Green Brand
 d=139 | 35953 t2 huerfana $3990 | Special Blue Encendedor Soplete Bernie Psychedelic - Tr
       | 39745 t4 huerfana $21600 | Soplete Compact Ignite - GB The Green Brand
 d=140 | 89 t2 prod 5725 $990 | Encendedor Clipper Space Area 1
       | 12248 t1 huerfana $1000 | Encendedor Clipper Recargable Weed Rhyme – Diseño Surti
 d=140 | 102 t2 prod 5725 $990 | Encendedor Clipper Taroting 2
       | 12242 t1 huerfana $1000 | Encendedor Clipper Recargable Green Bait – Diseño Surti
 d=140 | 103 t2 prod 5725 $990 | Encendedor Clipper Monsters 1
       | 2523 t1 huerfana $36990 | Encendedor Jet Flame Jet Horror Zoo 24U- Clipper
 d=140 | 812 t1 huerfana $36990 | Encendedor Jet Flame Jet Cozy Skull 24U- Clipper
       | 2052 t2 prod 5724 $1590 | Encendedor Clipper Jet Flame Rotten Burgers
 d=140 | 812 t1 huerfana $36990 | Encendedor Jet Flame Jet Cozy Skull 24U- Clipper
       | 19643 t2 huerfana $990 | Encendedor Clipper Hungry UFO
 d=140 | 812 t1 huerfana $36990 | Encendedor Jet Flame Jet Cozy Skull 24U- Clipper
       | 19677 t2 huerfana $990 | Encendedor Clipper Pilot Animals
 d=140 | 812 t1 huerfana $36990 | Encendedor Jet Flame Jet Cozy Skull 24U- Clipper
       | 19703 t2 huerfana $990 | Encendedor Clipper Super Unicorns
 d=140 | 812 t1 huerfana $36990 | Encendedor Jet Flame Jet Cozy Skull 24U- Clipper
       | 19890 t2 huerfana $990 | Encendedor Clipper Elephants
 d=140 | 862 t3 prod 10711 $89990 | Encendedor HS x Blazer Big Shot Torch V3
       | 39745 t4 huerfana $21600 | Soplete Compact Ignite - GB The Green Brand
 d=140 | 2067 t2 prod 5724 $1590 | Encendedor Clipper Jet Flame CozySkulls
       | 12247 t1 huerfana $1000 | Encendedor Clipper Recargable Spring Print – Diseño Sur
 d=140 | 2523 t1 huerfana $36990 | Encendedor Jet Flame Jet Horror Zoo 24U- Clipper
       | 13363 t2 huerfana $990 | Encendedor Clipper Random Creatures 3
 d=140 | 2523 t1 huerfana $36990 | Encendedor Jet Flame Jet Horror Zoo 24U- Clipper
       | 19611 t2 huerfana $990 | Encendedor Clipper CyberPunk Animals
 d=140 | 2523 t1 huerfana $36990 | Encendedor Jet Flame Jet Horror Zoo 24U- Clipper
       | 19625 t2 huerfana $990 | Encendedor Clipper Game Lover
 d=140 | 2562 t1 prod 5724 $1490 | Encendedor Jet Flame Jet Good Vibes Only Clipper
       | 19642 t2 huerfana $990 | Encendedor Clipper Hot Sentences
 d=140 | 2562 t1 prod 5724 $1490 | Encendedor Jet Flame Jet Good Vibes Only Clipper
       | 19722 t2 huerfana $990 | Encendedor Clipper Vintage Cars
 d=140 | 2571 t1 prod 5724 $1590 | Encendedor Jet Flame Jet Galactic Weed Clipper
       | 19693 t2 huerfana $990 | Encendedor Clipper Simple Tattos
 d=140 | 2572 t1 prod 5724 $1490 | Encendedor Jet Flame Jet Hippie World Clipper
       | 19598 t2 huerfana $990 | Encendedor Clipper Big Head
 d=140 | 2573 t1 prod 5724 $1590 | Encendedor Jet Flame Jet Horror Zoo Clipper
       | 13363 t2 huerfana $990 | Encendedor Clipper Random Creatures 3
 d=140 | 2573 t1 prod 5724 $1590 | Encendedor Jet Flame Jet Horror Zoo Clipper
       | 19611 t2 huerfana $990 | Encendedor Clipper CyberPunk Animals
 d=140 | 2573 t1 prod 5724 $1590 | Encendedor Jet Flame Jet Horror Zoo Clipper
       | 19625 t2 huerfana $990 | Encendedor Clipper Game Lover
 d=140 | 11970 t1 prod 10307 $1000 | Encendedor Clipper Recargable Onis 1 – Diseño Surtido (
       | 19665 t2 huerfana $990 | Encendedor Clipper Mushrooms Skulls
 d=140 | 11971 t1 prod 10304 $1000 | Encendedor Clipper Recargable Super Pockets 1 – Diseño 
       | 19467 t2 huerfana $990 | Encendedor Clipper Angels vs Demons
 d=140 | 11971 t1 prod 10304 $1000 | Encendedor Clipper Recargable Super Pockets 1 – Diseño 
       | 19653 t2 huerfana $990 | Encendedor Clipper Lovely Clowns
 d=140 | 11972 t1 prod 10305 $1000 | Encendedor Clipper Recargable Super Pockets 2 – Diseño 
       | 19585 t2 huerfana $990 | Encendedor Clipper Amazing Landscapes
 d=140 | 11973 t1 prod 10306 $1000 | Encendedor Clipper Recargable Super Pockets 4 – Diseño 
       | 13340 t2 huerfana $990 | Encendedor Clipper Cowboy Life 3
 d=140 | 12242 t1 huerfana $1000 | Encendedor Clipper Recargable Green Bait – Diseño Surti
       | 13336 t2 huerfana $990 | Encendedor Clipper Chinese Horoscope 4
 d=140 | 12242 t1 huerfana $1000 | Encendedor Clipper Recargable Green Bait – Diseño Surti
       | 19690 t2 huerfana $990 | Encendedor Clipper See You
 d=140 | 12244 t1 prod 10580 $1000 | Encendedor Clipper Recargable Lol Food – Diseño Surtido
       | 19890 t2 huerfana $990 | Encendedor Clipper Elephants
 d=140 | 12245 t1 prod 10579 $1000 | Encendedor Clipper Recargable Sea Monsters – Diseño Sur
       | 13382 t2 huerfana $990 | Encendedor Clipper Weed Skulls 1
 d=140 | 12247 t1 huerfana $1000 | Encendedor Clipper Recargable Spring Print – Diseño Sur
       | 13490 t2 huerfana $990 | Encendedor Clipper Skull 8
 d=140 | 12247 t1 huerfana $1000 | Encendedor Clipper Recargable Spring Print – Diseño Sur
       | 19626 t2 huerfana $990 | Encendedor Clipper Zombie Gangsters
 d=140 | 12303 t1 prod 10578 $1000 | Encendedor Clipper Recargable Burningman – Diseño Surti
       | 19731 t2 huerfana $990 | Encendedor Clipper Women’s Day
 d=140 | 17959 t1 prod 10480 $6490 | Encendedor Metálico Deep Blue
       | 34112 t2 huerfana $6990 | Encendedor Clipper Metálico Demon Gradient - Opaco
 d=140 | 17961 t1 prod 10482 $6490 | Encendedor Metalico Rose Gold
       | 35718 t2 huerfana $6990 | Encendedor Clipper Metálico Rose Gold - Brillante
 d=140 | 19347 t2 prod 10483 $3990 | Special Blue Encendedor Soplete Bernie Wild &amp; Free
       | 32891 t1 huerfana $21990 | Soplete Broiler Torch -Calvo - Skullyz
 d=140 | 32891 t1 huerfana $21990 | Soplete Broiler Torch -Calvo - Skullyz
       | 35808 t2 prod 10483 $3990 | Special Blue Encendedor Soplete Bernie Wild &amp; Free 
 d=140 | 33036 t1 prod 10665 $21990 | Soplete Compact -Ignite - Verde
       | 35949 t2 huerfana $3990 | Special Blue Encendedor Soplete Bernie Anime - Reality
 d=140 | 33038 t1 huerfana $21990 | Soplete Compact -Ignite - Rosa
       | 35953 t2 huerfana $3990 | Special Blue Encendedor Soplete Bernie Psychedelic - Tr

===== Filtros y boquillas: 341 ofertas con imagen =====
hashes ok: 341 | errores: 0
24 pares candidatos (distancia Hamming <= 140/512)
*d= 15 | 32772 t1 huerfana $34990 | Filtro Personal Pro II -Sploofy - Rojo
       | 36571 t2 huerfana $29990 | Sploofy Pro Filtro Personal - Rojo
*d= 25 | 27094 t3 prod 10528 $24493 | Filtro de Humo Personal Sploofy Pro II | PIRANHA
       | 32771 t1 huerfana $34990 | Filtro Personal Pro II -Sploofy - AQUA
*d= 27 | 17912 t1 prod 10528 $29990 | Pro Filtro De Humo Personal Aqua -Sploofy
       | 36570 t2 huerfana $29990 | Sploofy Pro Filtro Personal - Aqua
*d= 32 | 13412 t2 prod 10725 $75990 | Kasvi Filtro de Carbon Activo 125 x 400
       | 31752 t1 huerfana $217990 | Filtro De Carbón Activado-Kasvi - 250X600 MM
*d= 37 | 1050 t3 prod 10346 $4671 | Filtro de Vidrio Hemper Glass Tips 7mm | PIRANHA
       | 13121 t2 huerfana $5990 | Hemper Boquillas de Vidrio 6mm
 d= 70 | 17913 t1 prod 10528 $29990 | Pro Filtro De Humo Personal Red Sploofy
       | 36571 t2 huerfana $29990 | Sploofy Pro Filtro Personal - Rojo
 d= 76 | 868 t3 prod 10286 $1590 | Filtro Gizeh XXL Slim con Pegamento 6x23mm (100u)
       | 1569 t2 huerfana $1090 | Filtros Extra Long Gizeh XL Slim 6mm
 d= 82 | 32771 t1 huerfana $34990 | Filtro Personal Pro II -Sploofy - AQUA
       | 36571 t2 huerfana $29990 | Sploofy Pro Filtro Personal - Rojo
 d= 84 | 27094 t3 prod 10528 $24493 | Filtro de Humo Personal Sploofy Pro II | PIRANHA
       | 32772 t1 huerfana $34990 | Filtro Personal Pro II -Sploofy - Rojo
 d= 87 | 27094 t3 prod 10528 $24493 | Filtro de Humo Personal Sploofy Pro II | PIRANHA
       | 36571 t2 huerfana $29990 | Sploofy Pro Filtro Personal - Rojo
 d=104 | 12332 t1 huerfana $490 | Tips Filtro De Carton Amarillo Unidad-Soulblime
       | 19452 t2 huerfana $390 | Boquillas Pre-picadas Soulblime 50 uds.
 d=107 | 13413 t2 huerfana $91990 | Kasvi Filtro de Carbon Activo 150 x 400
       | 31750 t1 huerfana $94990 | Filtro De Carbón Activado-Kasvi - 150X400 MM
 d=107 | 13413 t2 huerfana $91990 | Kasvi Filtro de Carbon Activo 150 x 400
       | 31751 t1 huerfana $165990 | Filtro De Carbón Activado-Kasvi - 200X600 MM
 d=112 | 12333 t1 huerfana $490 | Tips Filtro De Carton Celeste Unidad-Soulblime
       | 19452 t2 huerfana $390 | Boquillas Pre-picadas Soulblime 50 uds.
 d=123 | 17912 t1 prod 10528 $29990 | Pro Filtro De Humo Personal Aqua -Sploofy
       | 19348 t2 huerfana $23990 | Sploofy V3 Filtro personal
 d=123 | 17912 t1 prod 10528 $29990 | Pro Filtro De Humo Personal Aqua -Sploofy
       | 35413 t2 huerfana $23990 | Sploofy V3 Filtro personal - Aqua
 d=125 | 308 t4 huerfana $300 | OCB Filtro de Carbón Activo - GB The Green Brand
       | 35611 t2 huerfana $13990 | Fumetas x Madtips Boquilla 7mm - Ámbar Flat
 d=125 | 2642 t1 huerfana $2490 | Boquilla De Vidrio Simple 5Cm 1Un-Strabe Glass
       | 35611 t2 huerfana $13990 | Fumetas x Madtips Boquilla 7mm - Ámbar Flat
 d=128 | 17912 t1 prod 10528 $29990 | Pro Filtro De Humo Personal Aqua -Sploofy
       | 35412 t2 huerfana $23990 | Sploofy V3 Filtro personal - Rojo
 d=134 | 308 t4 huerfana $300 | OCB Filtro de Carbón Activo - GB The Green Brand
       | 2642 t1 huerfana $2490 | Boquilla De Vidrio Simple 5Cm 1Un-Strabe Glass
 d=136 | 398 t4 prod 10243 $1300 | OCB Slim Filtros Mentolados - GB The Green Brand
       | 15839 t3 huerfana $1990 | Filtros OCB Mentolado 6mm (150u)
 d=138 | 397 t4 prod 5722 $1300 | Filtros OCB Premium Regular | Filtros anchos de 7.5 mm
       | 12252 t1 huerfana $1990 | Filtro Long Regular Easy Green 100-Smoking
 d=139 | 398 t4 prod 10243 $1300 | OCB Slim Filtros Mentolados - GB The Green Brand
       | 11245 t3 huerfana $1790 | Filtros OCB Regular 7.5mm (100u)
 d=139 | 17912 t1 prod 10528 $29990 | Pro Filtro De Humo Personal Aqua -Sploofy
       | 37478 t2 huerfana $17990 | Pulsar Vanish Mini – Filtro de Aire Personal Desechable

===== Limpieza: 68 ofertas con imagen =====
hashes ok: 68 | errores: 0
11 pares candidatos (distancia Hamming <= 140/512)
 d=123 | 17951 t1 huerfana $990 | CEPILLO LIMPIA PIPA VARILLA METALICA L
       | 19301 t2 huerfana $1840 | Escobilla para Bong 30cm
 d=123 | 18070 t1 huerfana $890 | CEPILLO LIMPIA PIPA S
       | 19301 t2 huerfana $1840 | Escobilla para Bong 30cm
 d=130 | 17951 t1 huerfana $990 | CEPILLO LIMPIA PIPA VARILLA METALICA L
       | 20164 t2 huerfana $2990 | Escobilla para bong - Diferentes Tamaños
 d=130 | 17951 t1 huerfana $990 | CEPILLO LIMPIA PIPA VARILLA METALICA L
       | 37387 t2 huerfana $2990 | Escobilla para bong - Diferentes Tamaños - 38cm
 d=130 | 18070 t1 huerfana $890 | CEPILLO LIMPIA PIPA S
       | 20164 t2 huerfana $2990 | Escobilla para bong - Diferentes Tamaños
 d=130 | 18070 t1 huerfana $890 | CEPILLO LIMPIA PIPA S
       | 37387 t2 huerfana $2990 | Escobilla para bong - Diferentes Tamaños - 38cm
 d=134 | 11249 t3 prod 10252 $5691 | Limpiador de Pipas y Bongs Thievery Super DabCleaner (2
       | 20164 t2 huerfana $2990 | Escobilla para bong - Diferentes Tamaños
 d=134 | 11249 t3 prod 10252 $5691 | Limpiador de Pipas y Bongs Thievery Super DabCleaner (2
       | 37387 t2 huerfana $2990 | Escobilla para bong - Diferentes Tamaños - 38cm
 d=137 | 11249 t3 prod 10252 $5691 | Limpiador de Pipas y Bongs Thievery Super DabCleaner (2
       | 19301 t2 huerfana $1840 | Escobilla para Bong 30cm
 d=138 | 17951 t1 huerfana $990 | CEPILLO LIMPIA PIPA VARILLA METALICA L
       | 37388 t2 huerfana $3490 | Escobilla para bong - Diferentes Tamaños - 46cm
 d=138 | 18070 t1 huerfana $890 | CEPILLO LIMPIA PIPA S
       | 37388 t2 huerfana $3490 | Escobilla para bong - Diferentes Tamaños - 46cm

===== Moledores: 665 ofertas con imagen =====
hashes ok: 665 | errores: 0
293 pares candidatos (distancia Hamming <= 140/512)
*d=  5 | 2563 t1 prod 5510 $8490 | HERB SAVER GRINDERS MINI MIX UND-BLAZY SUSAN
       | 33623 t2 huerfana $13390 | Blazy Susan Moledor Contenedor Mini Herb Saver Lila - C
*d=  6 | 685 t3 prod 5502 $34990 | Moledor Galaxy New Pro Model 6cm 4 Partes | PIRANHA
       | 33699 t2 huerfana $34990 | Moledor Galaxy Pro Model 63mm - Plateado
*d= 14 | 829 t3 prod 5356 $24892 | Moledor Galaxy Aluminio 7cm 4 Partes | PIRANHA
       | 31204 t1 huerfana $21990 | Moledor 63MM -Galaxy - Plata
*d= 14 | 829 t3 prod 5356 $24892 | Moledor Galaxy Aluminio 7cm 4 Partes | PIRANHA
       | 31212 t1 huerfana $28990 | Moledor 73MM -Galaxy - Plata
*d= 15 | 29040 t1 huerfana $2490 | Moledor Plastico 3 Partes - Bulldog - Rosa
       | 33549 t2 prod 10096 $2490 | Moledor plástico Bulldog 3 partes 60mm - Rosado
*d= 16 | 829 t3 prod 5356 $24892 | Moledor Galaxy Aluminio 7cm 4 Partes | PIRANHA
       | 31188 t1 huerfana $18990 | Moledor 55MM-Galaxy - Plata
*d= 18 | 30961 t1 huerfana $32990 | Moledor Quartz Grinder- Galaxy - GOLD ROSE
       | 33615 t2 prod 10694 $47990 | Moledor Galaxy Quartz 63 mm - Negro
*d= 18 | 30962 t1 huerfana $32990 | Moledor Quartz Grinder- Galaxy - Plata
       | 33615 t2 prod 10694 $47990 | Moledor Galaxy Quartz 63 mm - Negro
*d= 18 | 30964 t1 huerfana $32990 | Moledor Quartz Grinder- Galaxy - Rosa
       | 33615 t2 prod 10694 $47990 | Moledor Galaxy Quartz 63 mm - Negro
*d= 24 | 29044 t1 prod 9852 $59990 | Moledor 6CM -Slx - azul
       | 33740 t2 huerfana $43491 | Moledor SLX 50mm - Azul
*d= 24 | 31190 t1 huerfana $49990 | Moledor 5Cm -Slx - azul
       | 33740 t2 huerfana $43491 | Moledor SLX 50mm - Azul
*d= 29 | 474 t2 prod 5356 $31990 | Moledor Galaxy Aluminio 73 mm
       | 31182 t1 huerfana $18990 | Moledor 55MM-Galaxy - verde
*d= 30 | 474 t2 prod 5356 $31990 | Moledor Galaxy Aluminio 73 mm
       | 31200 t1 huerfana $21990 | Moledor 63MM -Galaxy - verde
*d= 30 | 487 t3 prod 5510 $9990 | Contenedor Moledor Herb Saver x Blazy Susan (Color Alea
       | 33626 t2 huerfana $13390 | Blazy Susan Moledor Contenedor Mini Herb Saver Rosado -
*d= 30 | 31068 t1 huerfana $17990 | Moledor Lite 63Mm- Calvo Glass - Rosa
       | 33666 t2 prod 5504 $17990 | Moledor Calvo Lite Aluminio 63mm - Rosado
*d= 59 | 31071 t1 prod 5504 $17990 | Moledor Lite 63Mm- Calvo Glass - Plata
       | 33672 t2 huerfana $17990 | Moledor Calvo Lite Aluminio 63mm - Azul
*d= 60 | 31216 t1 prod 6002 $127990 | Moledor 9CM-Slx - verde
       | 33564 t2 huerfana $52191 | Moledor SLX 60mm - Carbón
*d= 60 | 31216 t1 prod 6002 $127990 | Moledor 9CM-Slx - verde
       | 33739 t2 huerfana $43491 | Moledor SLX 50mm - Carbón
 d= 61 | 31070 t1 prod 5504 $17990 | Moledor Lite 63Mm- Calvo Glass - Rojo
       | 33669 t2 huerfana $17990 | Moledor Calvo Lite Aluminio 63mm - Morado
 d= 61 | 31072 t1 huerfana $17990 | Moledor Lite 63Mm- Calvo Glass - Naranjo
       | 33668 t2 huerfana $17990 | Moledor Calvo Lite Aluminio 63mm - Naranjo
 d= 62 | 31068 t1 huerfana $17990 | Moledor Lite 63Mm- Calvo Glass - Rosa
       | 33667 t2 prod 5504 $17990 | Moledor Calvo Lite Aluminio 63mm - Plateado
 d= 64 | 4425 t1 prod 6002 $119990 | Moledor 9CM-Slx
       | 33564 t2 huerfana $52191 | Moledor SLX 60mm - Carbón
 d= 64 | 4425 t1 prod 6002 $119990 | Moledor 9CM-Slx
       | 33739 t2 huerfana $43491 | Moledor SLX 50mm - Carbón
 d= 64 | 31215 t1 prod 6002 $119990 | Moledor 9CM-Slx - Negro
       | 33564 t2 huerfana $52191 | Moledor SLX 60mm - Carbón
 d= 64 | 31215 t1 prod 6002 $119990 | Moledor 9CM-Slx - Negro
       | 33739 t2 huerfana $43491 | Moledor SLX 50mm - Carbón
 d= 69 | 1185 t1 prod 5504 $17990 | Moledor Lite 63Mm- Calvo Glass
       | 33672 t2 huerfana $17990 | Moledor Calvo Lite Aluminio 63mm - Azul
 d= 69 | 31068 t1 huerfana $17990 | Moledor Lite 63Mm- Calvo Glass - Rosa
       | 33672 t2 huerfana $17990 | Moledor Calvo Lite Aluminio 63mm - Azul
 d= 72 | 4712 t1 prod 10082 $35990 | Ceramics Grinder -Galaxy
       | 33561 t2 huerfana $31990 | Moledor Galaxy Cerámico 60mm - Amarillo
 d= 72 | 30966 t1 huerfana $32990 | Ceramics Grinder -Galaxy - Morado
       | 33561 t2 huerfana $31990 | Moledor Galaxy Cerámico 60mm - Amarillo
 d= 73 | 4626 t2 prod 10082 $31990 | Moledor Galaxy Cerámico 60mm
       | 30968 t1 huerfana $32990 | Ceramics Grinder -Galaxy - Rosa
 d= 73 | 30968 t1 huerfana $32990 | Ceramics Grinder -Galaxy - Rosa
       | 33558 t2 huerfana $31990 | Moledor Galaxy Cerámico 60mm - Rosado
 d= 74 | 4712 t1 prod 10082 $35990 | Ceramics Grinder -Galaxy
       | 33559 t2 huerfana $31990 | Moledor Galaxy Cerámico 60mm - Verde Medianoche
 d= 74 | 30966 t1 huerfana $32990 | Ceramics Grinder -Galaxy - Morado
       | 33559 t2 huerfana $31990 | Moledor Galaxy Cerámico 60mm - Verde Medianoche
 d= 74 | 31218 t1 prod 6002 $119990 | Moledor 9CM-Slx - Morado
       | 33564 t2 huerfana $52191 | Moledor SLX 60mm - Carbón
 d= 74 | 31218 t1 prod 6002 $119990 | Moledor 9CM-Slx - Morado
       | 33739 t2 huerfana $43491 | Moledor SLX 50mm - Carbón
 d= 76 | 29051 t1 prod 9852 $55990 | Moledor 6CM -Slx - CHAMPAGNE
       | 33564 t2 huerfana $52191 | Moledor SLX 60mm - Carbón
 d= 76 | 29051 t1 prod 9852 $55990 | Moledor 6CM -Slx - CHAMPAGNE
       | 33739 t2 huerfana $43491 | Moledor SLX 50mm - Carbón
 d= 79 | 30968 t1 huerfana $32990 | Ceramics Grinder -Galaxy - Rosa
       | 33559 t2 huerfana $31990 | Moledor Galaxy Cerámico 60mm - Verde Medianoche
 d= 79 | 31217 t1 prod 6002 $127990 | Moledor 9CM-Slx - azul
       | 33740 t2 huerfana $43491 | Moledor SLX 50mm - Azul
 d= 80 | 30967 t1 huerfana $32990 | Ceramics Grinder -Galaxy - verde
       | 33559 t2 huerfana $31990 | Moledor Galaxy Cerámico 60mm - Verde Medianoche
 d= 81 | 4712 t1 prod 10082 $35990 | Ceramics Grinder -Galaxy
       | 33563 t2 huerfana $31990 | Moledor Galaxy Cerámico 60mm - Gris
 d= 81 | 30966 t1 huerfana $32990 | Ceramics Grinder -Galaxy - Morado
       | 33563 t2 huerfana $31990 | Moledor Galaxy Cerámico 60mm - Gris
 d= 81 | 30968 t1 huerfana $32990 | Ceramics Grinder -Galaxy - Rosa
       | 33561 t2 huerfana $31990 | Moledor Galaxy Cerámico 60mm - Amarillo
 d= 81 | 31070 t1 prod 5504 $17990 | Moledor Lite 63Mm- Calvo Glass - Rojo
       | 33672 t2 huerfana $17990 | Moledor Calvo Lite Aluminio 63mm - Azul
 d= 81 | 31190 t1 huerfana $49990 | Moledor 5Cm -Slx - azul
       | 33567 t2 prod 9852 $52191 | Moledor SLX 60mm - Azul
 d= 82 | 31068 t1 huerfana $17990 | Moledor Lite 63Mm- Calvo Glass - Rosa
       | 33671 t2 prod 5504 $17990 | Moledor Calvo Lite Aluminio 63mm - Oro rosa
 d= 83 | 30971 t1 huerfana $32990 | Ceramics Grinder -Galaxy - Dorado
       | 33561 t2 huerfana $31990 | Moledor Galaxy Cerámico 60mm - Amarillo
 d= 85 | 30971 t1 huerfana $32990 | Ceramics Grinder -Galaxy - Dorado
       | 33559 t2 huerfana $31990 | Moledor Galaxy Cerámico 60mm - Verde Medianoche
 d= 86 | 30961 t1 huerfana $32990 | Moledor Quartz Grinder- Galaxy - GOLD ROSE
       | 33620 t2 prod 10694 $47990 | Moledor Galaxy Quartz 63 mm - Morado
 d= 86 | 30962 t1 huerfana $32990 | Moledor Quartz Grinder- Galaxy - Plata
       | 33620 t2 prod 10694 $47990 | Moledor Galaxy Quartz 63 mm - Morado
 d= 86 | 30964 t1 huerfana $32990 | Moledor Quartz Grinder- Galaxy - Rosa
       | 33620 t2 prod 10694 $47990 | Moledor Galaxy Quartz 63 mm - Morado
 d= 86 | 30967 t1 huerfana $32990 | Ceramics Grinder -Galaxy - verde
       | 33560 t2 huerfana $31990 | Moledor Galaxy Cerámico 60mm - Menta
 d= 86 | 30971 t1 huerfana $32990 | Ceramics Grinder -Galaxy - Dorado
       | 33563 t2 huerfana $31990 | Moledor Galaxy Cerámico 60mm - Gris
 d= 87 | 30957 t1 prod 10694 $35990 | Moledor Quartz Grinder- Galaxy - Negro
       | 33612 t2 huerfana $47990 | Moledor Galaxy Quartz 63 mm - Plateado
 d= 87 | 30958 t1 prod 10694 $35990 | Moledor Quartz Grinder- Galaxy - azul
       | 33612 t2 huerfana $47990 | Moledor Galaxy Quartz 63 mm - Plateado
 d= 87 | 30959 t1 prod 10694 $35990 | Moledor Quartz Grinder- Galaxy - verde
       | 33612 t2 huerfana $47990 | Moledor Galaxy Quartz 63 mm - Plateado
 d= 87 | 30960 t1 prod 10694 $35990 | Moledor Quartz Grinder- Galaxy - Dorado
       | 33612 t2 huerfana $47990 | Moledor Galaxy Quartz 63 mm - Plateado
 d= 87 | 30961 t1 huerfana $32990 | Moledor Quartz Grinder- Galaxy - GOLD ROSE
       | 33612 t2 huerfana $47990 | Moledor Galaxy Quartz 63 mm - Plateado
 d= 87 | 30962 t1 huerfana $32990 | Moledor Quartz Grinder- Galaxy - Plata
       | 33612 t2 huerfana $47990 | Moledor Galaxy Quartz 63 mm - Plateado
 d= 87 | 30963 t1 prod 10694 $35990 | Moledor Quartz Grinder- Galaxy - Rojo
       | 33612 t2 huerfana $47990 | Moledor Galaxy Quartz 63 mm - Plateado
 d= 87 | 30964 t1 huerfana $32990 | Moledor Quartz Grinder- Galaxy - Rosa
       | 33612 t2 huerfana $47990 | Moledor Galaxy Quartz 63 mm - Plateado
 d= 87 | 30965 t1 prod 10694 $35990 | Moledor Quartz Grinder- Galaxy - Morado
       | 33612 t2 huerfana $47990 | Moledor Galaxy Quartz 63 mm - Plateado
 d= 88 | 4626 t2 prod 10082 $31990 | Moledor Galaxy Cerámico 60mm
       | 30966 t1 huerfana $32990 | Ceramics Grinder -Galaxy - Morado
 d= 88 | 4712 t1 prod 10082 $35990 | Ceramics Grinder -Galaxy
       | 33558 t2 huerfana $31990 | Moledor Galaxy Cerámico 60mm - Rosado
 d= 88 | 30966 t1 huerfana $32990 | Ceramics Grinder -Galaxy - Morado
       | 33558 t2 huerfana $31990 | Moledor Galaxy Cerámico 60mm - Rosado
 d= 89 | 4712 t1 prod 10082 $35990 | Ceramics Grinder -Galaxy
       | 33562 t2 huerfana $31990 | Moledor Galaxy Cerámico 60mm - Lila
 d= 89 | 30966 t1 huerfana $32990 | Ceramics Grinder -Galaxy - Morado
       | 33562 t2 huerfana $31990 | Moledor Galaxy Cerámico 60mm - Lila
 d= 89 | 30972 t1 huerfana $32990 | Ceramics Grinder -Galaxy - Negro
       | 33559 t2 huerfana $31990 | Moledor Galaxy Cerámico 60mm - Verde Medianoche
 d= 90 | 474 t2 prod 5356 $31990 | Moledor Galaxy Aluminio 73 mm
       | 31172 t1 huerfana $15990 | Moledor 38MM-Galaxy - azul
 d= 90 | 474 t2 prod 5356 $31990 | Moledor Galaxy Aluminio 73 mm
       | 31176 t1 huerfana $15990 | Moledor 38MM-Galaxy - Morado
 d= 90 | 30968 t1 huerfana $32990 | Ceramics Grinder -Galaxy - Rosa
       | 33562 t2 huerfana $31990 | Moledor Galaxy Cerámico 60mm - Lila
 d= 92 | 474 t2 prod 5356 $31990 | Moledor Galaxy Aluminio 73 mm
       | 31179 t1 huerfana $15990 | Moledor 38MM-Galaxy - Plata
 d= 92 | 503 t3 prod 10349 $19992 | Moledor Aluminio G-Rollz 4 Partes 5cm | PIRANHA
       | 4640 t2 huerfana $23990 | G-Rollz Moledor Banksy Thug For Life 53mm
 d= 92 | 30967 t1 huerfana $32990 | Ceramics Grinder -Galaxy - verde
       | 33557 t2 huerfana $31990 | Moledor Galaxy Cerámico 60mm - Negro
 d= 92 | 31069 t1 prod 5504 $17990 | Moledor Lite 63Mm- Calvo Glass - Oro rosa
       | 33672 t2 huerfana $17990 | Moledor Calvo Lite Aluminio 63mm - Azul
 d= 93 | 474 t2 prod 5356 $31990 | Moledor Galaxy Aluminio 73 mm
       | 31174 t1 huerfana $15990 | Moledor 38MM-Galaxy - Dorado
 d= 93 | 4626 t2 prod 10082 $31990 | Moledor Galaxy Cerámico 60mm
       | 30972 t1 huerfana $32990 | Ceramics Grinder -Galaxy - Negro
 d= 93 | 30961 t1 huerfana $32990 | Moledor Quartz Grinder- Galaxy - GOLD ROSE
       | 33616 t2 prod 10694 $47990 | Moledor Galaxy Quartz 63 mm - Verde
 d= 93 | 30962 t1 huerfana $32990 | Moledor Quartz Grinder- Galaxy - Plata
       | 33616 t2 prod 10694 $47990 | Moledor Galaxy Quartz 63 mm - Verde
 d= 93 | 30964 t1 huerfana $32990 | Moledor Quartz Grinder- Galaxy - Rosa
       | 33616 t2 prod 10694 $47990 | Moledor Galaxy Quartz 63 mm - Verde
 d= 93 | 30972 t1 huerfana $32990 | Ceramics Grinder -Galaxy - Negro
       | 33557 t2 huerfana $31990 | Moledor Galaxy Cerámico 60mm - Negro
 d= 93 | 30972 t1 huerfana $32990 | Ceramics Grinder -Galaxy - Negro
       | 33558 t2 huerfana $31990 | Moledor Galaxy Cerámico 60mm - Rosado
 d= 93 | 31071 t1 prod 5504 $17990 | Moledor Lite 63Mm- Calvo Glass - Plata
       | 33669 t2 huerfana $17990 | Moledor Calvo Lite Aluminio 63mm - Morado
 d= 94 | 4626 t2 prod 10082 $31990 | Moledor Galaxy Cerámico 60mm
       | 30967 t1 huerfana $32990 | Ceramics Grinder -Galaxy - verde
 d= 94 | 30967 t1 huerfana $32990 | Ceramics Grinder -Galaxy - verde
       | 33558 t2 huerfana $31990 | Moledor Galaxy Cerámico 60mm - Rosado
 d= 94 | 30972 t1 huerfana $32990 | Ceramics Grinder -Galaxy - Negro
       | 33562 t2 huerfana $31990 | Moledor Galaxy Cerámico 60mm - Lila
 d= 95 | 4626 t2 prod 10082 $31990 | Moledor Galaxy Cerámico 60mm
       | 30971 t1 huerfana $32990 | Ceramics Grinder -Galaxy - Dorado
 d= 95 | 30971 t1 huerfana $32990 | Ceramics Grinder -Galaxy - Dorado
       | 33558 t2 huerfana $31990 | Moledor Galaxy Cerámico 60mm - Rosado
 d= 98 | 829 t3 prod 5356 $24892 | Moledor Galaxy Aluminio 7cm 4 Partes | PIRANHA
       | 31183 t1 huerfana $18990 | Moledor 55MM-Galaxy - Dorado
 d= 98 | 829 t3 prod 5356 $24892 | Moledor Galaxy Aluminio 7cm 4 Partes | PIRANHA
       | 31206 t1 huerfana $21990 | Moledor 63MM -Galaxy - Dorado
 d= 98 | 30967 t1 huerfana $32990 | Ceramics Grinder -Galaxy - verde
       | 33561 t2 huerfana $31990 | Moledor Galaxy Cerámico 60mm - Amarillo
 d= 99 | 30972 t1 huerfana $32990 | Ceramics Grinder -Galaxy - Negro
       | 33561 t2 huerfana $31990 | Moledor Galaxy Cerámico 60mm - Amarillo
 d=100 | 30961 t1 huerfana $32990 | Moledor Quartz Grinder- Galaxy - GOLD ROSE
       | 33618 t2 prod 10694 $47990 | Moledor Galaxy Quartz 63 mm - Rojo
 d=100 | 30962 t1 huerfana $32990 | Moledor Quartz Grinder- Galaxy - Plata
       | 33618 t2 prod 10694 $47990 | Moledor Galaxy Quartz 63 mm - Rojo
 d=100 | 30964 t1 huerfana $32990 | Moledor Quartz Grinder- Galaxy - Rosa
       | 33618 t2 prod 10694 $47990 | Moledor Galaxy Quartz 63 mm - Rojo
 d=102 | 4712 t1 prod 10082 $35990 | Ceramics Grinder -Galaxy
       | 33560 t2 huerfana $31990 | Moledor Galaxy Cerámico 60mm - Menta
 d=102 | 30966 t1 huerfana $32990 | Ceramics Grinder -Galaxy - Morado
       | 33560 t2 huerfana $31990 | Moledor Galaxy Cerámico 60mm - Menta
 d=102 | 30971 t1 huerfana $32990 | Ceramics Grinder -Galaxy - Dorado
       | 33562 t2 huerfana $31990 | Moledor Galaxy Cerámico 60mm - Lila
 d=103 | 474 t2 prod 5356 $31990 | Moledor Galaxy Aluminio 73 mm
       | 31177 t1 huerfana $15990 | Moledor 38MM-Galaxy - Rojo
 d=103 | 30967 t1 huerfana $32990 | Ceramics Grinder -Galaxy - verde
       | 33562 t2 huerfana $31990 | Moledor Galaxy Cerámico 60mm - Lila
 d=104 | 2563 t1 prod 5510 $8490 | HERB SAVER GRINDERS MINI MIX UND-BLAZY SUSAN
       | 33624 t2 huerfana $13390 | Blazy Susan Moledor Contenedor Mini Herb Saver Rosado -
 d=104 | 30968 t1 huerfana $32990 | Ceramics Grinder -Galaxy - Rosa
       | 33563 t2 huerfana $31990 | Moledor Galaxy Cerámico 60mm - Gris
 d=105 | 30961 t1 huerfana $32990 | Moledor Quartz Grinder- Galaxy - GOLD ROSE
       | 33617 t2 prod 10694 $47990 | Moledor Galaxy Quartz 63 mm - Azul
 d=105 | 30962 t1 huerfana $32990 | Moledor Quartz Grinder- Galaxy - Plata
       | 33617 t2 prod 10694 $47990 | Moledor Galaxy Quartz 63 mm - Azul
 d=105 | 30964 t1 huerfana $32990 | Moledor Quartz Grinder- Galaxy - Rosa
       | 33617 t2 prod 10694 $47990 | Moledor Galaxy Quartz 63 mm - Azul
 d=105 | 30968 t1 huerfana $32990 | Ceramics Grinder -Galaxy - Rosa
       | 33560 t2 huerfana $31990 | Moledor Galaxy Cerámico 60mm - Menta
 d=107 | 474 t2 prod 5356 $31990 | Moledor Galaxy Aluminio 73 mm
       | 31198 t1 huerfana $21990 | Moledor 63MM -Galaxy - Rosa
 d=107 | 727 t1 prod 5510 $13990 | Herb Saver Grinder Pink Large 1Un -Blazy Susan
       | 33624 t2 huerfana $13390 | Blazy Susan Moledor Contenedor Mini Herb Saver Rosado -
 d=107 | 29044 t1 prod 9852 $59990 | Moledor 6CM -Slx - azul
       | 33569 t2 huerfana $52191 | Moledor SLX 60mm - Plateado
 d=107 | 29044 t1 prod 9852 $59990 | Moledor 6CM -Slx - azul
       | 33743 t2 huerfana $43491 | Moledor SLX 50mm - Plateado
 d=107 | 30970 t1 huerfana $32990 | Ceramics Grinder -Galaxy - LIGHT GREEN
       | 33560 t2 huerfana $31990 | Moledor Galaxy Cerámico 60mm - Menta
 d=107 | 31190 t1 huerfana $49990 | Moledor 5Cm -Slx - azul
       | 33569 t2 huerfana $52191 | Moledor SLX 60mm - Plateado
 d=107 | 31190 t1 huerfana $49990 | Moledor 5Cm -Slx - azul
       | 33743 t2 huerfana $43491 | Moledor SLX 50mm - Plateado
 d=108 | 474 t2 prod 5356 $31990 | Moledor Galaxy Aluminio 73 mm
       | 31183 t1 huerfana $18990 | Moledor 55MM-Galaxy - Dorado
 d=108 | 474 t2 prod 5356 $31990 | Moledor Galaxy Aluminio 73 mm
       | 31206 t1 huerfana $21990 | Moledor 63MM -Galaxy - Dorado
 d=108 | 31217 t1 prod 6002 $127990 | Moledor 9CM-Slx - azul
       | 33743 t2 huerfana $43491 | Moledor SLX 50mm - Plateado
 d=109 | 1185 t1 prod 5504 $17990 | Moledor Lite 63Mm- Calvo Glass
       | 33664 t2 huerfana $17990 | Moledor Calvo Lite Aluminio 63mm - Turquesa
 d=109 | 1530 t2 prod 5504 $17990 | Moledor Calvo Lite Aluminio 63mm
       | 31068 t1 huerfana $17990 | Moledor Lite 63Mm- Calvo Glass - Rosa
 d=109 | 30972 t1 huerfana $32990 | Ceramics Grinder -Galaxy - Negro
       | 33560 t2 huerfana $31990 | Moledor Galaxy Cerámico 60mm - Menta
 d=109 | 31068 t1 huerfana $17990 | Moledor Lite 63Mm- Calvo Glass - Rosa
       | 33664 t2 huerfana $17990 | Moledor Calvo Lite Aluminio 63mm - Turquesa
 d=111 | 474 t2 prod 5356 $31990 | Moledor Galaxy Aluminio 73 mm
       | 31184 t1 huerfana $18990 | Moledor 55MM-Galaxy - Rosa
 d=111 | 685 t3 prod 5502 $34990 | Moledor Galaxy New Pro Model 6cm 4 Partes | PIRANHA
       | 33702 t2 huerfana $34990 | Moledor Galaxy Pro Model 63mm - Rosado
 d=111 | 829 t3 prod 5356 $24892 | Moledor Galaxy Aluminio 7cm 4 Partes | PIRANHA
       | 31174 t1 huerfana $15990 | Moledor 38MM-Galaxy - Dorado
 d=111 | 2947 t2 huerfana $9990 | Calvo Glass Moledor Metálico 50 mm
       | 31070 t1 prod 5504 $17990 | Moledor Lite 63Mm- Calvo Glass - Rojo
 d=111 | 30968 t1 huerfana $32990 | Ceramics Grinder -Galaxy - Rosa
       | 33557 t2 huerfana $31990 | Moledor Galaxy Cerámico 60mm - Negro
 d=111 | 30971 t1 huerfana $32990 | Ceramics Grinder -Galaxy - Dorado
       | 33560 t2 huerfana $31990 | Moledor Galaxy Cerámico 60mm - Menta
 d=112 | 474 t2 prod 5356 $31990 | Moledor Galaxy Aluminio 73 mm
       | 31173 t1 huerfana $15990 | Moledor 38MM-Galaxy - verde
 d=112 | 829 t3 prod 5356 $24892 | Moledor Galaxy Aluminio 7cm 4 Partes | PIRANHA
       | 31214 t1 huerfana $31990 | Moledor 73MM -Galaxy - Morado
 d=112 | 1054 t3 prod 10110 $19992 | Moledor Cerámico Galaxy Square 5cm 2 Partes | PIRANHA
       | 33768 t2 huerfana $25790 | Moledor Galaxy Square Cerámico - Plateado
 d=112 | 31217 t1 prod 6002 $127990 | Moledor 9CM-Slx - azul
       | 33569 t2 huerfana $52191 | Moledor SLX 60mm - Plateado
 d=113 | 474 t2 prod 5356 $31990 | Moledor Galaxy Aluminio 73 mm
       | 31175 t1 huerfana $15990 | Moledor 38MM-Galaxy - Rosa
 d=113 | 1439 t4 huerfana $6000 | Moledor Metálico 40 mm 4 Piezas Liso – Grinder de Alumi
       | 3839 t2 huerfana $29990 | Moledor Calvo Cerámico 60mm
 d=113 | 1439 t4 huerfana $6000 | Moledor Metálico 40 mm 4 Piezas Liso – Grinder de Alumi
       | 33687 t2 huerfana $29990 | Moledor Calvo Cerámico 60mm - Morado
 d=114 | 31068 t1 huerfana $17990 | Moledor Lite 63Mm- Calvo Glass - Rosa
       | 33670 t2 prod 5504 $17990 | Moledor Calvo Lite Aluminio 63mm - Rojo
 d=116 | 829 t3 prod 5356 $24892 | Moledor Galaxy Aluminio 7cm 4 Partes | PIRANHA
       | 31173 t1 huerfana $15990 | Moledor 38MM-Galaxy - verde
 d=116 | 829 t3 prod 5356 $24892 | Moledor Galaxy Aluminio 7cm 4 Partes | PIRANHA
       | 31176 t1 huerfana $15990 | Moledor 38MM-Galaxy - Morado
 d=116 | 29039 t1 prod 10096 $2490 | Moledor Plastico 3 Partes - Bulldog - azul
       | 33547 t2 huerfana $2490 | Moledor plástico Bulldog 3 partes 60mm - Verde
 d=117 | 829 t3 prod 5356 $24892 | Moledor Galaxy Aluminio 7cm 4 Partes | PIRANHA
       | 31177 t1 huerfana $15990 | Moledor 38MM-Galaxy - Rojo
 d=117 | 4097 t4 prod 5498 $3400 | Galaxy Moledor Biodegradable | Grinder ecológico resist
       | 30972 t1 huerfana $32990 | Ceramics Grinder -Galaxy - Negro
 d=118 | 1439 t4 huerfana $6000 | Moledor Metálico 40 mm 4 Piezas Liso – Grinder de Alumi
       | 33688 t2 huerfana $29990 | Moledor Calvo Cerámico 60mm - Rosado
 d=118 | 29048 t1 huerfana $59990 | Moledor 6CM -Slx - Plata
       | 33569 t2 huerfana $52191 | Moledor SLX 60mm - Plateado
 d=118 | 31217 t1 prod 6002 $127990 | Moledor 9CM-Slx - azul
       | 33746 t2 huerfana $43491 | Moledor SLX 50mm - Negro
 d=120 | 4712 t1 prod 10082 $35990 | Ceramics Grinder -Galaxy
       | 33557 t2 huerfana $31990 | Moledor Galaxy Cerámico 60mm - Negro
 d=120 | 30966 t1 huerfana $32990 | Ceramics Grinder -Galaxy - Morado
       | 33557 t2 huerfana $31990 | Moledor Galaxy Cerámico 60mm - Negro
 d=120 | 30972 t1 huerfana $32990 | Ceramics Grinder -Galaxy - Negro
       | 33563 t2 huerfana $31990 | Moledor Galaxy Cerámico 60mm - Gris
 d=120 | 31226 t1 huerfana $51990 | Moledor Aluminio Grande -Santa Cruz - Morado
       | 33734 t2 huerfana $36990 | Moledor Fumetas Cerámico 63mm - Lila
 d=122 | 30957 t1 prod 10694 $35990 | Moledor Quartz Grinder- Galaxy - Negro
       | 33619 t2 huerfana $47990 | Moledor Galaxy Quartz 63 mm - Rosado
 d=122 | 30958 t1 prod 10694 $35990 | Moledor Quartz Grinder- Galaxy - azul
       | 33619 t2 huerfana $47990 | Moledor Galaxy Quartz 63 mm - Rosado
 d=122 | 30959 t1 prod 10694 $35990 | Moledor Quartz Grinder- Galaxy - verde
       | 33619 t2 huerfana $47990 | Moledor Galaxy Quartz 63 mm - Rosado
 d=122 | 30960 t1 prod 10694 $35990 | Moledor Quartz Grinder- Galaxy - Dorado
       | 33619 t2 huerfana $47990 | Moledor Galaxy Quartz 63 mm - Rosado
 d=122 | 30961 t1 huerfana $32990 | Moledor Quartz Grinder- Galaxy - GOLD ROSE
       | 33619 t2 huerfana $47990 | Moledor Galaxy Quartz 63 mm - Rosado
 d=122 | 30962 t1 huerfana $32990 | Moledor Quartz Grinder- Galaxy - Plata
       | 33619 t2 huerfana $47990 | Moledor Galaxy Quartz 63 mm - Rosado
 d=122 | 30963 t1 prod 10694 $35990 | Moledor Quartz Grinder- Galaxy - Rojo
       | 33619 t2 huerfana $47990 | Moledor Galaxy Quartz 63 mm - Rosado
 d=122 | 30964 t1 huerfana $32990 | Moledor Quartz Grinder- Galaxy - Rosa
       | 33619 t2 huerfana $47990 | Moledor Galaxy Quartz 63 mm - Rosado
 d=122 | 30965 t1 prod 10694 $35990 | Moledor Quartz Grinder- Galaxy - Morado
       | 33619 t2 huerfana $47990 | Moledor Galaxy Quartz 63 mm - Rosado
 d=122 | 31196 t1 huerfana $49990 | Moledor 5Cm -Slx - Plata
       | 33569 t2 huerfana $52191 | Moledor SLX 60mm - Plateado
 d=123 | 1185 t1 prod 5504 $17990 | Moledor Lite 63Mm- Calvo Glass
       | 33669 t2 huerfana $17990 | Moledor Calvo Lite Aluminio 63mm - Morado
 d=123 | 4428 t1 huerfana $54990 | Moledor Aluminio Grande -Santa Cruz
       | 33731 t2 huerfana $36990 | Moledor Fumetas Cerámico 63mm - Amarillo
 d=123 | 29044 t1 prod 9852 $59990 | Moledor 6CM -Slx - azul
       | 33746 t2 huerfana $43491 | Moledor SLX 50mm - Negro
 d=123 | 31068 t1 huerfana $17990 | Moledor Lite 63Mm- Calvo Glass - Rosa
       | 33669 t2 huerfana $17990 | Moledor Calvo Lite Aluminio 63mm - Morado
 d=123 | 31190 t1 huerfana $49990 | Moledor 5Cm -Slx - azul
       | 33746 t2 huerfana $43491 | Moledor SLX 50mm - Negro
 d=123 | 31222 t1 huerfana $51990 | Moledor Aluminio Grande -Santa Cruz - Negro
       | 33731 t2 huerfana $36990 | Moledor Fumetas Cerámico 63mm - Amarillo
 d=124 | 4643 t2 huerfana $36990 | Moledor Fumetas Cerámico 63mm
       | 31226 t1 huerfana $51990 | Moledor Aluminio Grande -Santa Cruz - Morado
 d=124 | 4643 t2 huerfana $36990 | Moledor Fumetas Cerámico 63mm
       | 31231 t1 huerfana $42990 | Moledor Aluminio Mediano-Santa Cruz - Morado
 d=124 | 31069 t1 prod 5504 $17990 | Moledor Lite 63Mm- Calvo Glass - Oro rosa
       | 33664 t2 huerfana $17990 | Moledor Calvo Lite Aluminio 63mm - Turquesa
 d=124 | 31226 t1 huerfana $51990 | Moledor Aluminio Grande -Santa Cruz - Morado
       | 33735 t2 huerfana $36990 | Moledor Fumetas Cerámico 63mm - Rosado
 d=124 | 31231 t1 huerfana $42990 | Moledor Aluminio Mediano-Santa Cruz - Morado
       | 33735 t2 huerfana $36990 | Moledor Fumetas Cerámico 63mm - Rosado
 d=125 | 474 t2 prod 5356 $31990 | Moledor Galaxy Aluminio 73 mm
       | 31180 t1 huerfana $18990 | Moledor 55MM-Galaxy - Negro
 d=125 | 1439 t4 huerfana $6000 | Moledor Metálico 40 mm 4 Piezas Liso – Grinder de Alumi
       | 33691 t2 huerfana $29990 | Moledor Calvo Cerámico 60mm - Turquesa
 d=125 | 31190 t1 huerfana $49990 | Moledor 5Cm -Slx - azul
       | 33572 t2 prod 9852 $52191 | Moledor SLX 60mm - Negro
 d=126 | 503 t3 prod 10349 $19992 | Moledor Aluminio G-Rollz 4 Partes 5cm | PIRANHA
       | 4648 t2 huerfana $23990 | G-Rollz Moledor Banksy Torch Boy 53mm
 d=126 | 29048 t1 huerfana $59990 | Moledor 6CM -Slx - Plata
       | 33743 t2 huerfana $43491 | Moledor SLX 50mm - Plateado
 d=126 | 31196 t1 huerfana $49990 | Moledor 5Cm -Slx - Plata
       | 33743 t2 huerfana $43491 | Moledor SLX 50mm - Plateado
 d=126 | 31196 t1 huerfana $49990 | Moledor 5Cm -Slx - Plata
       | 33747 t2 huerfana $43491 | Moledor SLX 50mm - Champagne
 d=127 | 474 t2 prod 5356 $31990 | Moledor Galaxy Aluminio 73 mm
       | 31205 t1 huerfana $21990 | Moledor 63MM -Galaxy - Negro
 d=127 | 1439 t4 huerfana $6000 | Moledor Metálico 40 mm 4 Piezas Liso – Grinder de Alumi
       | 33692 t2 huerfana $29990 | Moledor Calvo Cerámico 60mm - Verde
 d=127 | 30971 t1 huerfana $32990 | Ceramics Grinder -Galaxy - Dorado
       | 33557 t2 huerfana $31990 | Moledor Galaxy Cerámico 60mm - Negro
 d=127 | 31226 t1 huerfana $51990 | Moledor Aluminio Grande -Santa Cruz - Morado
       | 33731 t2 huerfana $36990 | Moledor Fumetas Cerámico 63mm - Amarillo
 d=127 | 31226 t1 huerfana $51990 | Moledor Aluminio Grande -Santa Cruz - Morado
       | 33736 t2 huerfana $36990 | Moledor Fumetas Cerámico 63mm - Menta
 d=127 | 31231 t1 huerfana $42990 | Moledor Aluminio Mediano-Santa Cruz - Morado
       | 33731 t2 huerfana $36990 | Moledor Fumetas Cerámico 63mm - Amarillo
 d=128 | 1054 t3 prod 10110 $19992 | Moledor Cerámico Galaxy Square 5cm 2 Partes | PIRANHA
       | 33767 t2 huerfana $25790 | Moledor Galaxy Square Cerámico - Menta
 d=128 | 1235 t2 prod 5503 $47990 | Moledor Galaxy Quartz 63 mm
       | 31002 t1 huerfana $34990 | Moledor New Pro Model Grinder V2.0-Galaxy - LAVANDER
 d=128 | 4429 t1 huerfana $44990 | Moledor Aluminio Mediano-Santa Cruz
       | 33731 t2 huerfana $36990 | Moledor Fumetas Cerámico 63mm - Amarillo
 d=128 | 4429 t1 huerfana $44990 | Moledor Aluminio Mediano-Santa Cruz
       | 33736 t2 huerfana $36990 | Moledor Fumetas Cerámico 63mm - Menta
 d=128 | 31190 t1 huerfana $49990 | Moledor 5Cm -Slx - azul
       | 33570 t2 prod 9852 $52191 | Moledor SLX 60mm - Amarillo
 d=128 | 31227 t1 huerfana $42990 | Moledor Aluminio Mediano-Santa Cruz - Negro
       | 33731 t2 huerfana $36990 | Moledor Fumetas Cerámico 63mm - Amarillo
 d=128 | 31227 t1 huerfana $42990 | Moledor Aluminio Mediano-Santa Cruz - Negro
       | 33736 t2 huerfana $36990 | Moledor Fumetas Cerámico 63mm - Menta
 d=129 | 474 t2 prod 5356 $31990 | Moledor Galaxy Aluminio 73 mm
       | 31171 t1 huerfana $15990 | Moledor 38MM-Galaxy - Negro
 d=129 | 31071 t1 prod 5504 $17990 | Moledor Lite 63Mm- Calvo Glass - Plata
       | 33664 t2 huerfana $17990 | Moledor Calvo Lite Aluminio 63mm - Turquesa
 d=129 | 31196 t1 huerfana $49990 | Moledor 5Cm -Slx - Plata
       | 33570 t2 prod 9852 $52191 | Moledor SLX 60mm - Amarillo
 d=129 | 31231 t1 huerfana $42990 | Moledor Aluminio Mediano-Santa Cruz - Morado
       | 33736 t2 huerfana $36990 | Moledor Fumetas Cerámico 63mm - Menta
 d=130 | 829 t3 prod 5356 $24892 | Moledor Galaxy Aluminio 7cm 4 Partes | PIRANHA
       | 31172 t1 huerfana $15990 | Moledor 38MM-Galaxy - azul
 d=130 | 829 t3 prod 5356 $24892 | Moledor Galaxy Aluminio 7cm 4 Partes | PIRANHA
       | 31185 t1 huerfana $18990 | Moledor 55MM-Galaxy - Morado
 d=130 | 829 t3 prod 5356 $24892 | Moledor Galaxy Aluminio 7cm 4 Partes | PIRANHA
       | 31202 t1 huerfana $21990 | Moledor 63MM -Galaxy - Morado
 d=130 | 1439 t4 huerfana $6000 | Moledor Metálico 40 mm 4 Piezas Liso – Grinder de Alumi
       | 33736 t2 huerfana $36990 | Moledor Fumetas Cerámico 63mm - Menta
 d=130 | 2563 t1 prod 5510 $8490 | HERB SAVER GRINDERS MINI MIX UND-BLAZY SUSAN
       | 33622 t2 huerfana $13390 | Blazy Susan Moledor Contenedor Mini Herb Saver Lila - N
 d=130 | 4097 t4 prod 5498 $3400 | Galaxy Moledor Biodegradable | Grinder ecológico resist
       | 33557 t2 huerfana $31990 | Moledor Galaxy Cerámico 60mm - Negro
 d=130 | 4425 t1 prod 6002 $119990 | Moledor 9CM-Slx
       | 33746 t2 huerfana $43491 | Moledor SLX 50mm - Negro
 d=130 | 4428 t1 huerfana $54990 | Moledor Aluminio Grande -Santa Cruz
       | 33734 t2 huerfana $36990 | Moledor Fumetas Cerámico 63mm - Lila
 d=130 | 29048 t1 huerfana $59990 | Moledor 6CM -Slx - Plata
       | 33746 t2 huerfana $43491 | Moledor SLX 50mm - Negro
 d=130 | 29048 t1 huerfana $59990 | Moledor 6CM -Slx - Plata
       | 33747 t2 huerfana $43491 | Moledor SLX 50mm - Champagne
 d=130 | 30957 t1 prod 10694 $35990 | Moledor Quartz Grinder- Galaxy - Negro
       | 33613 t2 huerfana $47990 | Moledor Galaxy Quartz 63 mm - Oro rosa
 d=130 | 30958 t1 prod 10694 $35990 | Moledor Quartz Grinder- Galaxy - azul
       | 33613 t2 huerfana $47990 | Moledor Galaxy Quartz 63 mm - Oro rosa
 d=130 | 30959 t1 prod 10694 $35990 | Moledor Quartz Grinder- Galaxy - verde
       | 33613 t2 huerfana $47990 | Moledor Galaxy Quartz 63 mm - Oro rosa
 d=130 | 30960 t1 prod 10694 $35990 | Moledor Quartz Grinder- Galaxy - Dorado
       | 33613 t2 huerfana $47990 | Moledor Galaxy Quartz 63 mm - Oro rosa
 d=130 | 30961 t1 huerfana $32990 | Moledor Quartz Grinder- Galaxy - GOLD ROSE
       | 33613 t2 huerfana $47990 | Moledor Galaxy Quartz 63 mm - Oro rosa
 d=130 | 30962 t1 huerfana $32990 | Moledor Quartz Grinder- Galaxy - Plata
       | 33613 t2 huerfana $47990 | Moledor Galaxy Quartz 63 mm - Oro rosa
 d=130 | 30963 t1 prod 10694 $35990 | Moledor Quartz Grinder- Galaxy - Rojo
       | 33613 t2 huerfana $47990 | Moledor Galaxy Quartz 63 mm - Oro rosa
 d=130 | 30964 t1 huerfana $32990 | Moledor Quartz Grinder- Galaxy - Rosa
       | 33613 t2 huerfana $47990 | Moledor Galaxy Quartz 63 mm - Oro rosa
 d=130 | 30965 t1 prod 10694 $35990 | Moledor Quartz Grinder- Galaxy - Morado
       | 33613 t2 huerfana $47990 | Moledor Galaxy Quartz 63 mm - Oro rosa
 d=130 | 30970 t1 huerfana $32990 | Ceramics Grinder -Galaxy - LIGHT GREEN
       | 33562 t2 huerfana $31990 | Moledor Galaxy Cerámico 60mm - Lila
 d=130 | 31072 t1 huerfana $17990 | Moledor Lite 63Mm- Calvo Glass - Naranjo
       | 33692 t2 huerfana $29990 | Moledor Calvo Cerámico 60mm - Verde
 d=130 | 31215 t1 prod 6002 $119990 | Moledor 9CM-Slx - Negro
       | 33746 t2 huerfana $43491 | Moledor SLX 50mm - Negro
 d=130 | 31222 t1 huerfana $51990 | Moledor Aluminio Grande -Santa Cruz - Negro
       | 33734 t2 huerfana $36990 | Moledor Fumetas Cerámico 63mm - Lila
 d=131 | 1439 t4 huerfana $6000 | Moledor Metálico 40 mm 4 Piezas Liso – Grinder de Alumi
       | 4643 t2 huerfana $36990 | Moledor Fumetas Cerámico 63mm
 d=131 | 1439 t4 huerfana $6000 | Moledor Metálico 40 mm 4 Piezas Liso – Grinder de Alumi
       | 33735 t2 huerfana $36990 | Moledor Fumetas Cerámico 63mm - Rosado
 d=131 | 29044 t1 prod 9852 $59990 | Moledor 6CM -Slx - azul
       | 33744 t2 huerfana $43491 | Moledor SLX 50mm - Amarillo
 d=131 | 29048 t1 huerfana $59990 | Moledor 6CM -Slx - Plata
       | 33570 t2 prod 9852 $52191 | Moledor SLX 60mm - Amarillo
 d=131 | 30970 t1 huerfana $32990 | Ceramics Grinder -Galaxy - LIGHT GREEN
       | 33561 t2 huerfana $31990 | Moledor Galaxy Cerámico 60mm - Amarillo
 d=131 | 31190 t1 huerfana $49990 | Moledor 5Cm -Slx - azul
       | 33744 t2 huerfana $43491 | Moledor SLX 50mm - Amarillo
 d=132 | 829 t3 prod 5356 $24892 | Moledor Galaxy Aluminio 7cm 4 Partes | PIRANHA
       | 31179 t1 huerfana $15990 | Moledor 38MM-Galaxy - Plata
 d=132 | 1439 t4 huerfana $6000 | Moledor Metálico 40 mm 4 Piezas Liso – Grinder de Alumi
       | 33731 t2 huerfana $36990 | Moledor Fumetas Cerámico 63mm - Amarillo
 d=132 | 4097 t4 prod 5498 $3400 | Galaxy Moledor Biodegradable | Grinder ecológico resist
       | 33561 t2 huerfana $31990 | Moledor Galaxy Cerámico 60mm - Amarillo
 d=132 | 29048 t1 huerfana $59990 | Moledor 6CM -Slx - Plata
       | 33572 t2 prod 9852 $52191 | Moledor SLX 60mm - Negro
 d=132 | 31072 t1 huerfana $17990 | Moledor Lite 63Mm- Calvo Glass - Naranjo
       | 33665 t2 huerfana $17990 | Moledor Calvo Lite Aluminio 63mm - Negro
 d=132 | 31196 t1 huerfana $49990 | Moledor 5Cm -Slx - Plata
       | 33744 t2 huerfana $43491 | Moledor SLX 50mm - Amarillo
 d=132 | 31231 t1 huerfana $42990 | Moledor Aluminio Mediano-Santa Cruz - Morado
       | 33734 t2 huerfana $36990 | Moledor Fumetas Cerámico 63mm - Lila
 d=133 | 829 t3 prod 5356 $24892 | Moledor Galaxy Aluminio 7cm 4 Partes | PIRANHA
       | 31184 t1 huerfana $18990 | Moledor 55MM-Galaxy - Rosa
 d=133 | 829 t3 prod 5356 $24892 | Moledor Galaxy Aluminio 7cm 4 Partes | PIRANHA
       | 31198 t1 huerfana $21990 | Moledor 63MM -Galaxy - Rosa
 d=133 | 4097 t4 prod 5498 $3400 | Galaxy Moledor Biodegradable | Grinder ecológico resist
       | 33562 t2 huerfana $31990 | Moledor Galaxy Cerámico 60mm - Lila
 d=133 | 4428 t1 huerfana $54990 | Moledor Aluminio Grande -Santa Cruz
       | 33736 t2 huerfana $36990 | Moledor Fumetas Cerámico 63mm - Menta
 d=133 | 4429 t1 huerfana $44990 | Moledor Aluminio Mediano-Santa Cruz
       | 33732 t2 huerfana $36990 | Moledor Fumetas Cerámico 63mm - Celeste
 d=133 | 31222 t1 huerfana $51990 | Moledor Aluminio Grande -Santa Cruz - Negro
       | 33736 t2 huerfana $36990 | Moledor Fumetas Cerámico 63mm - Menta
 d=133 | 31227 t1 huerfana $42990 | Moledor Aluminio Mediano-Santa Cruz - Negro
       | 33732 t2 huerfana $36990 | Moledor Fumetas Cerámico 63mm - Celeste
 d=134 | 4097 t4 prod 5498 $3400 | Galaxy Moledor Biodegradable | Grinder ecológico resist
       | 30966 t1 huerfana $32990 | Ceramics Grinder -Galaxy - Morado
 d=134 | 4097 t4 prod 5498 $3400 | Galaxy Moledor Biodegradable | Grinder ecológico resist
       | 33558 t2 huerfana $31990 | Moledor Galaxy Cerámico 60mm - Rosado
 d=134 | 4431 t1 prod 5792 $29990 | Ceramics Pocket Grinder -Galaxy
       | 33736 t2 huerfana $36990 | Moledor Fumetas Cerámico 63mm - Menta
 d=134 | 29048 t1 huerfana $59990 | Moledor 6CM -Slx - Plata
       | 33744 t2 huerfana $43491 | Moledor SLX 50mm - Amarillo
 d=134 | 31042 t1 huerfana $9990 | Moledor Aluminio 4 Partes 50MM Bt - Plata
       | 33727 t2 huerfana $18990 | Moledor Fumetas Aluminio 63mm - Rosado
 d=134 | 31050 t1 huerfana $12990 | Moledor Aluminio 4 Partes 63Mm Bt - Plata
       | 33727 t2 huerfana $18990 | Moledor Fumetas Aluminio 63mm - Rosado
 d=134 | 31070 t1 prod 5504 $17990 | Moledor Lite 63Mm- Calvo Glass - Rojo
       | 33692 t2 huerfana $29990 | Moledor Calvo Cerámico 60mm - Verde
 d=134 | 31196 t1 huerfana $49990 | Moledor 5Cm -Slx - Plata
       | 33746 t2 huerfana $43491 | Moledor SLX 50mm - Negro
 d=135 | 4429 t1 huerfana $44990 | Moledor Aluminio Mediano-Santa Cruz
       | 4643 t2 huerfana $36990 | Moledor Fumetas Cerámico 63mm
 d=135 | 4429 t1 huerfana $44990 | Moledor Aluminio Mediano-Santa Cruz
       | 33735 t2 huerfana $36990 | Moledor Fumetas Cerámico 63mm - Rosado
 d=135 | 4431 t1 prod 5792 $29990 | Ceramics Pocket Grinder -Galaxy
       | 33734 t2 huerfana $36990 | Moledor Fumetas Cerámico 63mm - Lila
 d=135 | 4643 t2 huerfana $36990 | Moledor Fumetas Cerámico 63mm
       | 31227 t1 huerfana $42990 | Moledor Aluminio Mediano-Santa Cruz - Negro
 d=135 | 4643 t2 huerfana $36990 | Moledor Fumetas Cerámico 63mm
       | 31229 t1 huerfana $42990 | Moledor Aluminio Mediano-Santa Cruz - verde
 d=135 | 31227 t1 huerfana $42990 | Moledor Aluminio Mediano-Santa Cruz - Negro
       | 33735 t2 huerfana $36990 | Moledor Fumetas Cerámico 63mm - Rosado
 d=135 | 31229 t1 huerfana $42990 | Moledor Aluminio Mediano-Santa Cruz - verde
       | 33735 t2 huerfana $36990 | Moledor Fumetas Cerámico 63mm - Rosado
 d=136 | 474 t2 prod 5356 $31990 | Moledor Galaxy Aluminio 73 mm
       | 31188 t1 huerfana $18990 | Moledor 55MM-Galaxy - Plata
 d=136 | 487 t3 prod 5510 $9990 | Contenedor Moledor Herb Saver x Blazy Susan (Color Alea
       | 33621 t2 huerfana $13390 | Blazy Susan Moledor Contenedor Mini Herb Saver Lila - S
 d=136 | 4097 t4 prod 5498 $3400 | Galaxy Moledor Biodegradable | Grinder ecológico resist
       | 33560 t2 huerfana $31990 | Moledor Galaxy Cerámico 60mm - Menta
 d=136 | 30972 t1 huerfana $32990 | Ceramics Grinder -Galaxy - Negro
       | 33681 t2 prod 10671 $23990 | Moledor Galaxy Lightning Aluminio 63mm - Rojo
 d=136 | 31196 t1 huerfana $49990 | Moledor 5Cm -Slx - Plata
       | 33572 t2 prod 9852 $52191 | Moledor SLX 60mm - Negro
 d=137 | 1439 t4 huerfana $6000 | Moledor Metálico 40 mm 4 Piezas Liso – Grinder de Alumi
       | 33734 t2 huerfana $36990 | Moledor Fumetas Cerámico 63mm - Lila
 d=137 | 2947 t2 huerfana $9990 | Calvo Glass Moledor Metálico 50 mm
       | 31071 t1 prod 5504 $17990 | Moledor Lite 63Mm- Calvo Glass - Plata
 d=137 | 4097 t4 prod 5498 $3400 | Galaxy Moledor Biodegradable | Grinder ecológico resist
       | 30971 t1 huerfana $32990 | Ceramics Grinder -Galaxy - Dorado
 d=137 | 4429 t1 huerfana $44990 | Moledor Aluminio Mediano-Santa Cruz
       | 33734 t2 huerfana $36990 | Moledor Fumetas Cerámico 63mm - Lila
 d=137 | 4431 t1 prod 5792 $29990 | Ceramics Pocket Grinder -Galaxy
       | 33730 t2 huerfana $36990 | Moledor Fumetas Cerámico 63mm - Blanco
 d=137 | 31227 t1 huerfana $42990 | Moledor Aluminio Mediano-Santa Cruz - Negro
       | 33734 t2 huerfana $36990 | Moledor Fumetas Cerámico 63mm - Lila
 d=138 | 727 t1 prod 5510 $13990 | Herb Saver Grinder Pink Large 1Un -Blazy Susan
       | 33623 t2 huerfana $13390 | Blazy Susan Moledor Contenedor Mini Herb Saver Lila - C
 d=138 | 1439 t4 huerfana $6000 | Moledor Metálico 40 mm 4 Piezas Liso – Grinder de Alumi
       | 33668 t2 huerfana $17990 | Moledor Calvo Lite Aluminio 63mm - Naranjo
 d=138 | 4097 t4 prod 5498 $3400 | Galaxy Moledor Biodegradable | Grinder ecológico resist
       | 30967 t1 huerfana $32990 | Ceramics Grinder -Galaxy - verde
 d=138 | 4097 t4 prod 5498 $3400 | Galaxy Moledor Biodegradable | Grinder ecológico resist
       | 33559 t2 huerfana $31990 | Moledor Galaxy Cerámico 60mm - Verde Medianoche
 d=138 | 4428 t1 huerfana $54990 | Moledor Aluminio Grande -Santa Cruz
       | 4643 t2 huerfana $36990 | Moledor Fumetas Cerámico 63mm
 d=138 | 4428 t1 huerfana $54990 | Moledor Aluminio Grande -Santa Cruz
       | 33735 t2 huerfana $36990 | Moledor Fumetas Cerámico 63mm - Rosado
 d=138 | 4643 t2 huerfana $36990 | Moledor Fumetas Cerámico 63mm
       | 31222 t1 huerfana $51990 | Moledor Aluminio Grande -Santa Cruz - Negro
 d=138 | 31036 t1 huerfana $11990 | Moledor Aluminio 4 Partes 40Mm Bt - Plata
       | 33636 t2 huerfana $33990 | Pulsar Moledor Contenedor de Aluminio 50 mm - Negro
 d=138 | 31191 t1 huerfana $49990 | Moledor 5Cm -Slx - Negro
       | 33746 t2 huerfana $43491 | Moledor SLX 50mm - Negro
 d=138 | 31217 t1 prod 6002 $127990 | Moledor 9CM-Slx - azul
       | 33744 t2 huerfana $43491 | Moledor SLX 50mm - Amarillo
 d=138 | 31222 t1 huerfana $51990 | Moledor Aluminio Grande -Santa Cruz - Negro
       | 33735 t2 huerfana $36990 | Moledor Fumetas Cerámico 63mm - Rosado
 d=139 | 474 t2 prod 5356 $31990 | Moledor Galaxy Aluminio 73 mm
       | 31181 t1 huerfana $18990 | Moledor 55MM-Galaxy - azul
 d=139 | 829 t3 prod 5356 $24892 | Moledor Galaxy Aluminio 7cm 4 Partes | PIRANHA
       | 31175 t1 huerfana $15990 | Moledor 38MM-Galaxy - Rosa
 d=139 | 1211 t2 huerfana $33990 | Pulsar Moledor Contenedor de Aluminio 50 mm
       | 31036 t1 huerfana $11990 | Moledor Aluminio 4 Partes 40Mm Bt - Plata
 d=139 | 1439 t4 huerfana $6000 | Moledor Metálico 40 mm 4 Piezas Liso – Grinder de Alumi
       | 31072 t1 huerfana $17990 | Moledor Lite 63Mm- Calvo Glass - Naranjo
 d=139 | 4097 t4 prod 5498 $3400 | Galaxy Moledor Biodegradable | Grinder ecológico resist
       | 33563 t2 huerfana $31990 | Moledor Galaxy Cerámico 60mm - Gris
 d=139 | 4429 t1 huerfana $44990 | Moledor Aluminio Mediano-Santa Cruz
       | 33733 t2 huerfana $36990 | Moledor Fumetas Cerámico 63mm - Plateado
 d=139 | 4431 t1 prod 5792 $29990 | Ceramics Pocket Grinder -Galaxy
       | 33732 t2 huerfana $36990 | Moledor Fumetas Cerámico 63mm - Celeste
 d=139 | 4662 t2 huerfana $13911 | Moledor En Volá x MMJGRIND 75mm
       | 31217 t1 prod 6002 $127990 | Moledor 9CM-Slx - azul
 d=139 | 30970 t1 huerfana $32990 | Ceramics Grinder -Galaxy - LIGHT GREEN
       | 33559 t2 huerfana $31990 | Moledor Galaxy Cerámico 60mm - Verde Medianoche
 d=139 | 31036 t1 huerfana $11990 | Moledor Aluminio 4 Partes 40Mm Bt - Plata
       | 33632 t2 huerfana $33990 | Pulsar Moledor Contenedor de Aluminio 50 mm - Gris
 d=139 | 31227 t1 huerfana $42990 | Moledor Aluminio Mediano-Santa Cruz - Negro
       | 33733 t2 huerfana $36990 | Moledor Fumetas Cerámico 63mm - Plateado
 d=140 | 474 t2 prod 5356 $31990 | Moledor Galaxy Aluminio 73 mm
       | 31204 t1 huerfana $21990 | Moledor 63MM -Galaxy - Plata
 d=140 | 474 t2 prod 5356 $31990 | Moledor Galaxy Aluminio 73 mm
       | 31214 t1 huerfana $31990 | Moledor 73MM -Galaxy - Morado
 d=140 | 1439 t4 huerfana $6000 | Moledor Metálico 40 mm 4 Piezas Liso – Grinder de Alumi
       | 33689 t2 huerfana $29990 | Moledor Calvo Cerámico 60mm - Negro
 d=140 | 4425 t1 prod 6002 $119990 | Moledor 9CM-Slx
       | 33741 t2 huerfana $43491 | Moledor SLX 50mm - Morado
 d=140 | 4662 t2 huerfana $13911 | Moledor En Volá x MMJGRIND 75mm
       | 29044 t1 prod 9852 $59990 | Moledor 6CM -Slx - azul
 d=140 | 4662 t2 huerfana $13911 | Moledor En Volá x MMJGRIND 75mm
       | 31190 t1 huerfana $49990 | Moledor 5Cm -Slx - azul
 d=140 | 30970 t1 huerfana $32990 | Ceramics Grinder -Galaxy - LIGHT GREEN
       | 33563 t2 huerfana $31990 | Moledor Galaxy Cerámico 60mm - Gris
 d=140 | 31215 t1 prod 6002 $119990 | Moledor 9CM-Slx - Negro
       | 33741 t2 huerfana $43491 | Moledor SLX 50mm - Morado
 d=140 | 31217 t1 prod 6002 $127990 | Moledor 9CM-Slx - azul
       | 33741 t2 huerfana $43491 | Moledor SLX 50mm - Morado
 d=140 | 31225 t1 huerfana $51990 | Moledor Aluminio Grande -Santa Cruz - Gris
       | 33725 t2 huerfana $18990 | Moledor Fumetas Aluminio 63mm - Oro rosa
 d=140 | 31229 t1 huerfana $42990 | Moledor Aluminio Mediano-Santa Cruz - verde
       | 33736 t2 huerfana $36990 | Moledor Fumetas Cerámico 63mm - Menta

===== Otros parafernalia: 1102 ofertas con imagen =====
hashes ok: 1102 | errores: 0
53 pares candidatos (distancia Hamming <= 140/512)
*d=  0 | 710 t3 prod 10587 $149591 | Traje RAW Spacesuit Black (L/XL) | PIRANHA
       | 37100 t2 huerfana $197990 | Raw Traje Spacesuite - L
*d=  0 | 710 t3 prod 10587 $149591 | Traje RAW Spacesuit Black (L/XL) | PIRANHA
       | 37101 t2 huerfana $197990 | Raw Traje Spacesuite - XL
*d=  5 | 16176 t3 prod 10592 $8091 | HighTrip - Cannabis Libre
       | 33418 t1 huerfana $7990 | Pin-Hightrip - CANNABIS LIBRE
*d=  6 | 16115 t3 prod 10496 $8091 | HighTrip - Pipazo
       | 33426 t1 huerfana $7990 | Pin-Hightrip - PIPAZO
*d=  8 | 19940 t2 prod 10496 $8091 | Hightrip Pin Pipazo
       | 33426 t1 huerfana $7990 | Pin-Hightrip - PIPAZO
*d=  8 | 20258 t2 huerfana $8990 | Hightrip Tattoo&#39;s
       | 33423 t1 huerfana $7990 | Pin-Hightrip - HIGHTRIP TATTOS
*d=  9 | 15879 t3 prod 10594 $89991 | Polerón RAW Hoodie Escondites Secretos (L/XL/XXL) | PIR
       | 36867 t2 huerfana $117990 | Polerón Hoodie Canguro Raw Rawlers - Bolsillos Secretos
*d=  9 | 15879 t3 prod 10594 $89991 | Polerón RAW Hoodie Escondites Secretos (L/XL/XXL) | PIR
       | 36868 t2 huerfana $117990 | Polerón Hoodie Canguro Raw Rawlers - Bolsillos Secretos
*d=  9 | 15879 t3 prod 10594 $89991 | Polerón RAW Hoodie Escondites Secretos (L/XL/XXL) | PIR
       | 36869 t2 huerfana $117990 | Polerón Hoodie Canguro Raw Rawlers - Bolsillos Secretos
*d=  9 | 15989 t3 huerfana $8091 | HighTrip - HighSkulls 2
       | 33422 t1 huerfana $7990 | Pin-Hightrip - HIGH SKULLS 2
*d= 13 | 18028 t1 huerfana $34990 | Gorro Pescador Textura Black-Blazy Susan
       | 34323 t2 huerfana $24792 | Blazy Susan Gorro Bucket Fuzzy - Negro
*d= 16 | 16196 t3 prod 10497 $8091 | HighTrip - Pizzannabica
       | 33427 t1 huerfana $7990 | Pin-Hightrip - PIZZANNABICA
*d= 20 | 12588 t1 prod 10695 $26990 | White Shirt Smoker Life Xl-Bonglab
       | 36508 t2 huerfana $21990 | Polera Bonglab Smoker Life - L
*d= 20 | 12588 t1 prod 10695 $26990 | White Shirt Smoker Life Xl-Bonglab
       | 36510 t2 huerfana $21990 | Polera Bonglab Smoker Life - XXL
*d= 20 | 12588 t1 prod 10695 $26990 | White Shirt Smoker Life Xl-Bonglab
       | 36511 t2 huerfana $21990 | Polera Bonglab Smoker Life - M
*d= 23 | 16134 t3 prod 10498 $29993 | Polerón Pink Hoodie Blazy Susan | PIRANHA
       | 33327 t1 huerfana $44990 | Poleron Pink-Blazy Susan - SMALL
*d= 23 | 16134 t3 prod 10498 $29993 | Polerón Pink Hoodie Blazy Susan | PIRANHA
       | 33328 t1 huerfana $44990 | Poleron Pink-Blazy Susan - MEDIUM
*d= 23 | 16134 t3 prod 10498 $29993 | Polerón Pink Hoodie Blazy Susan | PIRANHA
       | 33329 t1 huerfana $44990 | Poleron Pink-Blazy Susan - XL
*d= 23 | 24127 t1 huerfana $59990 | Wall Mount -Stundenglass
       | 26061 t2 prod 10670 $73980 | Cookies X Stündenglass - Wall Mount
*d= 33 | 13622 t2 prod 10351 $3990 | Blazy Susan Cotonitos Pink 100 Unidades
       | 31790 t1 huerfana $3990 | Cotonitos Pink -Blazy Susan - 100 UND
*d= 33 | 13622 t2 prod 10351 $3990 | Blazy Susan Cotonitos Pink 100 Unidades
       | 31791 t1 huerfana $9990 | Cotonitos Pink -Blazy Susan - 300 UND
*d= 38 | 23543 t1 prod 10608 $9990 | Glass Adapter Grenco Connect Black 18Mm-G Pen
       | 36824 t2 huerfana $15790 | G Pen Glass Adapter Connect - 18mm
*d= 38 | 23543 t1 prod 10608 $9990 | Glass Adapter Grenco Connect Black 18Mm-G Pen
       | 36825 t2 huerfana $15790 | G Pen Glass Adapter Connect - 14mm
*d= 38 | 23543 t1 prod 10608 $9990 | Glass Adapter Grenco Connect Black 18Mm-G Pen
       | 36826 t2 huerfana $15790 | G Pen Glass Adapter Connect - 10mm
*d= 43 | 15658 t3 prod 10351 $3990 | Cotonitos Blazy Susan 100u (Pink/White) | PIRANHA
       | 31790 t1 huerfana $3990 | Cotonitos Pink -Blazy Susan - 100 UND
*d= 43 | 15658 t3 prod 10351 $3990 | Cotonitos Blazy Susan 100u (Pink/White) | PIRANHA
       | 31791 t1 huerfana $9990 | Cotonitos Pink -Blazy Susan - 300 UND
 d= 61 | 18128 t1 huerfana $8990 | Tabaqueras De Tela-Soulblime
       | 37291 t2 huerfana $8390 | Tabaquera Soulblime de Tela - Diseños - Negro
 d= 63 | 24127 t1 huerfana $59990 | Wall Mount -Stundenglass
       | 25983 t2 prod 10724 $73980 | Dr. Greenthumb&#39;s X Stündenglass Wall Mount
 d= 95 | 25412 t2 huerfana $64990 | Stündenglass V2 Wall Mount
       | 33407 t1 prod 10724 $71990 | Wall Mount -Stundenglass - SR GREENTHUMBS
 d= 97 | 13623 t2 huerfana $6990 | Blazy Susan Cotonitos Pink 300 Unidades
       | 17188 t1 prod 10351 $3990 | Cotonitos Pink -Blazy Susan
 d= 97 | 13623 t2 huerfana $6990 | Blazy Susan Cotonitos Pink 300 Unidades
       | 31790 t1 huerfana $3990 | Cotonitos Pink -Blazy Susan - 100 UND
 d= 97 | 13623 t2 huerfana $6990 | Blazy Susan Cotonitos Pink 300 Unidades
       | 31791 t1 huerfana $9990 | Cotonitos Pink -Blazy Susan - 300 UND
 d=101 | 22155 t4 prod 10527 $700 | Bolsa Hermética Soulblime | Diseños originales y máxima
       | 37489 t2 huerfana $990 | Soulblime Bolsa Hermética Diseños - Alien
 d=104 | 24127 t1 huerfana $59990 | Wall Mount -Stundenglass
       | 25412 t2 huerfana $64990 | Stündenglass V2 Wall Mount
 d=104 | 25412 t2 huerfana $64990 | Stündenglass V2 Wall Mount
       | 33406 t1 prod 10670 $71990 | Wall Mount -Stundenglass - COOKIES
 d=108 | 13623 t2 huerfana $6990 | Blazy Susan Cotonitos Pink 300 Unidades
       | 15658 t3 prod 10351 $3990 | Cotonitos Blazy Susan 100u (Pink/White) | PIRANHA
 d=119 | 254 t3 huerfana $22491 | Figura Lion Rolling Circus Bobblehead Ruby | PIRANHA
       | 31817 t1 huerfana $39990 | Kirby - Pmg - RASTA
 d=124 | 19378 t2 huerfana $9990 | Cepillo Con Compartimiento Secreto - OZeta Home
       | 31817 t1 huerfana $39990 | Kirby - Pmg - RASTA
 d=128 | 13623 t2 huerfana $6990 | Blazy Susan Cotonitos Pink 300 Unidades
       | 15660 t3 huerfana $8990 | Cotonitos Blazy Susan 300u (Pink/White) | PIRANHA
 d=129 | 11591 t4 prod 10527 $700 | Bolsa Hermética Soulblime | Diseños originales y máxima
       | 37488 t2 huerfana $990 | Soulblime Bolsa Hermética Diseños - Monstruos
 d=131 | 254 t3 huerfana $22491 | Figura Lion Rolling Circus Bobblehead Ruby | PIRANHA
       | 19378 t2 huerfana $9990 | Cepillo Con Compartimiento Secreto - OZeta Home
 d=132 | 20278 t2 huerfana $31990 | Vaporizador Vaporesso XROS Pod Kit - E-Liquids
       | 31817 t1 huerfana $39990 | Kirby - Pmg - RASTA
 d=134 | 1526 t2 prod 5797 $5190 | Enroladora Acrilica OCB 1 1/4
       | 12470 t1 huerfana $5990 | Bamboo Rolling Machine 78Mm-Blazy Susan
 d=135 | 31817 t1 huerfana $39990 | Kirby - Pmg - RASTA
       | 37753 t2 huerfana $31990 | Vaporizador Vaporesso XROS Pod Kit - E-Liquids - Azul
 d=139 | 11033 t3 prod 10145 $3790 | Máquina Enroladora RAW King Size Slim
       | 13588 t2 huerfana $2990 | Máquina Enroladora Bulldog 1 1/4
 d=139 | 15660 t3 huerfana $8990 | Cotonitos Blazy Susan 300u (Pink/White) | PIRANHA
       | 17188 t1 prod 10351 $3990 | Cotonitos Pink -Blazy Susan
 d=139 | 15660 t3 huerfana $8990 | Cotonitos Blazy Susan 300u (Pink/White) | PIRANHA
       | 31790 t1 huerfana $3990 | Cotonitos Pink -Blazy Susan - 100 UND
 d=139 | 15660 t3 huerfana $8990 | Cotonitos Blazy Susan 300u (Pink/White) | PIRANHA
       | 31791 t1 huerfana $9990 | Cotonitos Pink -Blazy Susan - 300 UND
 d=140 | 15965 t3 huerfana $14993 | Polera RAW Beige (S/M/L/XL) | PIRANHA
       | 37085 t2 huerfana $23990 | Polera Raw - Beige M
 d=140 | 15965 t3 huerfana $14993 | Polera RAW Beige (S/M/L/XL) | PIRANHA
       | 37086 t2 huerfana $23990 | Polera Raw - Beige L
 d=140 | 15965 t3 huerfana $14993 | Polera RAW Beige (S/M/L/XL) | PIRANHA
       | 37087 t2 huerfana $23990 | Polera Raw - Beige XL
 d=140 | 15965 t3 huerfana $14993 | Polera RAW Beige (S/M/L/XL) | PIRANHA
       | 37088 t2 huerfana $23990 | Polera Raw - Beige S
 d=140 | 32675 t1 prod 10391 $43990 | CASE XL LOGO GRANDE NEGRO-OZETA
       | 36118 t2 huerfana $43990 | Ozeta Case XL - Anti-olor - Pequeño

===== Papelillos: 341 ofertas con imagen =====
hashes ok: 341 | errores: 0
26 pares candidatos (distancia Hamming <= 140/512)
*d=  2 | 492 t3 prod 10732 $1891 | Papelillo Blueberry Moon King Size Lion Rolling Circus 
       | 20261 t2 huerfana $2390 | LRC Papelillos Flavour Big Smoke - Sabores
*d=  4 | 3533 t3 prod 5421 $990 | Papelillo King Size Slim Blazy Susan Unbleached | PIRAN
       | 12270 t1 huerfana $39990 | Papelillo Unbleached King Size Slim 50U-Blazy Susan
*d=  8 | 2037 t2 prod 10066 $890 | Blazy Susan Papelillos King Size Purple
       | 12268 t1 huerfana $39990 | Papelillo Purple King Size Slim 50U-Blazy Susan
*d= 12 | 695 t3 prod 5467 $790 | Papelillo 1 1/4 Blazy Susan Unbleached | PIRANHA
       | 12321 t1 huerfana $34990 | Papelillo Unbleached 1 1/4 50U-Blazy Susan
*d= 23 | 293 t3 prod 6008 $990 | Papelillo OCB Negro Premium 1 ¼
       | 12444 t1 huerfana $21990 | Papelillo Negro 7Cm 50U-Ocb
*d= 49 | 1046 t3 prod 5460 $790 | Papelillo 1 1/4 Blazy Susan Purple | PIRANHA
       | 12318 t1 huerfana $34990 | Papelillo Purple 1 1/4 50U-Blazy Susan
*d= 58 | 3532 t3 prod 10066 $990 | Papelillo King Size Slim Blazy Susan Purple | PIRANHA
       | 12268 t1 huerfana $39990 | Papelillo Purple King Size Slim 50U-Blazy Susan
 d= 63 | 191 t2 prod 6008 $790 | Papelillos OCB Premium 1 1/4
       | 12199 t1 huerfana $590 | Papelillo Negro 7Cm Ocb
 d= 81 | 12375 t1 prod 10731 $990 | Papelillo Sabor Strawberry 1 1/4 Unidad
       | 37793 t2 huerfana $1190 | Juicy Jays Papelillos de Sabores 1 1/4 - Watermelon
 d= 82 | 16009 t3 prod 10732 $1891 | Papelillo Bloody Strawberry King Size Lion Rolling Circ
       | 20261 t2 huerfana $2390 | LRC Papelillos Flavour Big Smoke - Sabores
 d= 83 | 16009 t3 prod 10732 $1891 | Papelillo Bloody Strawberry King Size Lion Rolling Circ
       | 37696 t2 huerfana $2390 | LRC Papelillos Flavour Big Smoke - Sabores - Chocolate
 d= 89 | 492 t3 prod 10732 $1891 | Papelillo Blueberry Moon King Size Lion Rolling Circus 
       | 37696 t2 huerfana $2390 | LRC Papelillos Flavour Big Smoke - Sabores - Chocolate
 d= 95 | 16011 t3 prod 10732 $1891 | Papelillo Sweetie Watermelon King Size Lion Rolling Cir
       | 37696 t2 huerfana $2390 | LRC Papelillos Flavour Big Smoke - Sabores - Chocolate
 d=104 | 12375 t1 prod 10731 $990 | Papelillo Sabor Strawberry 1 1/4 Unidad
       | 37795 t2 huerfana $1190 | Juicy Jays Papelillos de Sabores 1 1/4 - Very Cherry
 d=108 | 16011 t3 prod 10732 $1891 | Papelillo Sweetie Watermelon King Size Lion Rolling Cir
       | 20261 t2 huerfana $2390 | LRC Papelillos Flavour Big Smoke - Sabores
 d=119 | 15733 t3 prod 10646 $1226 | Papelillo Electric Grape Lion Rolling Circus
       | 35145 t2 huerfana $1390 | LRC Papelillos Flavour 1 1/4 - Sabores - Cherry
 d=125 | 201 t2 prod 5460 $790 | Blazy Susan Papelillos Purple 1 1/4
       | 12318 t1 huerfana $34990 | Papelillo Purple 1 1/4 50U-Blazy Susan
 d=125 | 15766 t3 prod 10272 $1290 | Papelillo RAW Black King Size | PIRANHA
       | 19519 t2 huerfana $1490 | Papelillos Gizeh Queen Size + Tips
 d=129 | 15733 t3 prod 10646 $1226 | Papelillo Electric Grape Lion Rolling Circus
       | 35147 t2 huerfana $1390 | LRC Papelillos Flavour 1 1/4 - Sabores - Chocolate
 d=130 | 212 t2 prod 10369 $3090 | OCB Papelillos Roll Kit Virgin King Size
       | 3227 t4 huerfana $1600 | VIBES CONES CUBANO - Conos pre-enrolados
 d=133 | 12373 t1 prod 10731 $990 | Papelillo Sabor Blueberry 1 1/4 Unidad
       | 37797 t2 huerfana $1190 | Juicy Jays Papelillos de Sabores 1 1/4 - Grape
 d=135 | 12198 t1 huerfana $790 | Papelillo N9 Organic 1 1/4-Smoking
       | 13605 t2 huerfana $1490 | Smoking Papelillos Deluxe 1 1/4 + Tips
 d=136 | 12197 t1 huerfana $790 | Papelillo N9 Master 1 1/4-Smoking
       | 13605 t2 huerfana $1490 | Smoking Papelillos Deluxe 1 1/4 + Tips
 d=137 | 203 t2 huerfana $2490 | Smokers Choice Pack Papelillos King Size + Boquillas
       | 12197 t1 huerfana $790 | Papelillo N9 Master 1 1/4-Smoking
 d=137 | 12264 t1 huerfana $1250 | Papelillo N9 Master 1 1/4-Smoking
       | 13605 t2 huerfana $1490 | Smoking Papelillos Deluxe 1 1/4 + Tips
 d=140 | 203 t2 huerfana $2490 | Smokers Choice Pack Papelillos King Size + Boquillas
       | 2556 t1 prod 10068 $990 | Papelillo Pink King Size Slim- Blazy Susan

===== Pipas: 662 ofertas con imagen =====
hashes ok: 662 | errores: 0
731 pares candidatos (distancia Hamming <= 140/512)
*d= 20 | 9052 t1 prod 6010 $1990 | Hitter Signature- Calvo Glass
       | 35312 t2 huerfana $1990 | Calvo Pipa Hitter 12mm - Negro
*d= 24 | 11078 t3 huerfana $2214 | Hemper Quick Hitter Banana | PIRANHA
       | 34026 t2 huerfana $3951 | Hemper Quick Hitter Multiuso x2 - Banana
*d= 26 | 8122 t2 huerfana $4390 | Hemper Quick Hitter Multiuso x2
       | 11074 t3 prod 10729 $3469 | Hemper Quick Hitter Arándano | PIRANHA
*d= 50 | 8122 t2 huerfana $4390 | Hemper Quick Hitter Multiuso x2
       | 11073 t3 prod 10728 $3469 | Hemper Quick Hitter Uva | PIRANHA
*d= 59 | 8162 t2 huerfana $19990 | Marley Natural Taster Hitter De Madera
       | 30980 t1 prod 5489 $8990 | Pipa Silicona Pocket Travel -Top Smoke - BLUE ICE
 d= 64 | 8162 t2 huerfana $19990 | Marley Natural Taster Hitter De Madera
       | 32545 t1 prod 10202 $8990 | PiPA SILICONA POCKET -TOP SMOKE - RED GARNET
 d= 65 | 8162 t2 huerfana $19990 | Marley Natural Taster Hitter De Madera
       | 30991 t1 prod 5489 $8990 | Pipa Silicona Pocket Travel -Top Smoke - ORANGE SUNRISE
 d= 66 | 8162 t2 huerfana $19990 | Marley Natural Taster Hitter De Madera
       | 30987 t1 prod 5489 $8990 | Pipa Silicona Pocket Travel -Top Smoke - BLUE LAGOON
 d= 66 | 8162 t2 huerfana $19990 | Marley Natural Taster Hitter De Madera
       | 30989 t1 prod 5489 $8990 | Pipa Silicona Pocket Travel -Top Smoke - ORANGE SUNSET
 d= 67 | 11078 t3 huerfana $2214 | Hemper Quick Hitter Banana | PIRANHA
       | 34023 t2 prod 10693 $3951 | Hemper Quick Hitter Multiuso x2 - Mango
 d= 68 | 8162 t2 huerfana $19990 | Marley Natural Taster Hitter De Madera
       | 30988 t1 prod 5489 $8990 | Pipa Silicona Pocket Travel -Top Smoke - BLACK RIVER
 d= 69 | 8162 t2 huerfana $19990 | Marley Natural Taster Hitter De Madera
       | 30992 t1 prod 5489 $8990 | Pipa Silicona Pocket Travel -Top Smoke - YELLOW SUNFLOW
 d= 71 | 8162 t2 huerfana $19990 | Marley Natural Taster Hitter De Madera
       | 30981 t1 prod 5489 $8990 | Pipa Silicona Pocket Travel -Top Smoke - RED MAPLE
 d= 73 | 11077 t3 prod 10693 $3469 | Hemper Quick Hitter Mango | PIRANHA
       | 34026 t2 huerfana $3951 | Hemper Quick Hitter Multiuso x2 - Banana
 d= 74 | 8162 t2 huerfana $19990 | Marley Natural Taster Hitter De Madera
       | 30995 t1 prod 5489 $8990 | Pipa Silicona Pocket Travel -Top Smoke - GREEN FOREST
 d= 74 | 8162 t2 huerfana $19990 | Marley Natural Taster Hitter De Madera
       | 32546 t1 prod 10202 $8990 | PiPA SILICONA POCKET -TOP SMOKE - ORANGE SUNRISE
 d= 75 | 8122 t2 huerfana $4390 | Hemper Quick Hitter Multiuso x2
       | 11075 t3 prod 10730 $3469 | Hemper Quick Hitter Sandía | PIRANHA
 d= 75 | 8162 t2 huerfana $19990 | Marley Natural Taster Hitter De Madera
       | 32538 t1 prod 10202 $8990 | PiPA SILICONA POCKET -TOP SMOKE - BLUE LAGOON
 d= 76 | 8162 t2 huerfana $19990 | Marley Natural Taster Hitter De Madera
       | 30979 t1 prod 5489 $8990 | Pipa Silicona Pocket Travel -Top Smoke - GREEN TUNDRA
 d= 78 | 1072 t3 prod 5491 $9483 | Pipa Karma PieceMaker
       | 33584 t2 huerfana $8990 | PMG Pipa Karma 9 cm - Electric Green
 d= 78 | 1341 t3 prod 6011 $18743 | Pipa Kuban PieceMaker 11cm (Color a elección) | PIRANHA
       | 33598 t2 huerfana $21990 | PieceMaker Pipa Kuban 11 cm - Oscuro
 d= 80 | 1341 t3 prod 6011 $18743 | Pipa Kuban PieceMaker 11cm (Color a elección) | PIRANHA
       | 33599 t2 huerfana $21990 | PieceMaker Pipa Kuban 11 cm - Maduro
 d= 80 | 8162 t2 huerfana $19990 | Marley Natural Taster Hitter De Madera
       | 32543 t1 prod 10202 $8990 | PiPA SILICONA POCKET -TOP SMOKE - ORANGE SUNSET
 d= 81 | 1072 t3 prod 5491 $9483 | Pipa Karma PieceMaker
       | 33582 t2 huerfana $8990 | PMG Pipa Karma 9 cm - Digital Kamo
 d= 81 | 8162 t2 huerfana $19990 | Marley Natural Taster Hitter De Madera
       | 30983 t1 prod 5489 $8990 | Pipa Silicona Pocket Travel -Top Smoke - PINK CORAL
 d= 82 | 8162 t2 huerfana $19990 | Marley Natural Taster Hitter De Madera
       | 30986 t1 prod 5489 $8990 | Pipa Silicona Pocket Travel -Top Smoke - BLACK ONYX
 d= 83 | 8162 t2 huerfana $19990 | Marley Natural Taster Hitter De Madera
       | 32549 t1 prod 10202 $8990 | PiPA SILICONA POCKET -TOP SMOKE - GREEN TUNDRA
 d= 83 | 8176 t2 huerfana $29490 | Marley Natural Pipa Steam Roller
       | 32539 t1 prod 10202 $8990 | PiPA SILICONA POCKET -TOP SMOKE - BLACK SHADOW
 d= 84 | 8162 t2 huerfana $19990 | Marley Natural Taster Hitter De Madera
       | 30990 t1 prod 5489 $8990 | Pipa Silicona Pocket Travel -Top Smoke - PINK LADY
 d= 85 | 8162 t2 huerfana $19990 | Marley Natural Taster Hitter De Madera
       | 30984 t1 prod 5489 $8990 | Pipa Silicona Pocket Travel -Top Smoke - RED GARNET
 d= 85 | 8162 t2 huerfana $19990 | Marley Natural Taster Hitter De Madera
       | 30993 t1 prod 5489 $8990 | Pipa Silicona Pocket Travel -Top Smoke - YELLOW LEMONGR
 d= 87 | 1072 t3 prod 5491 $9483 | Pipa Karma PieceMaker
       | 33574 t2 huerfana $8990 | PMG Pipa Karma 9 cm - Yuca Yellow
 d= 88 | 8162 t2 huerfana $19990 | Marley Natural Taster Hitter De Madera
       | 10989 t3 prod 10202 $4794 | Pipa Top Smoke Pocket | PIRANHA
 d= 88 | 8162 t2 huerfana $19990 | Marley Natural Taster Hitter De Madera
       | 30985 t1 prod 5489 $8990 | Pipa Silicona Pocket Travel -Top Smoke - BLACK RAVEN
 d= 88 | 8162 t2 huerfana $19990 | Marley Natural Taster Hitter De Madera
       | 32542 t1 prod 10202 $8990 | PiPA SILICONA POCKET -TOP SMOKE - GREEN FOREST
 d= 88 | 8162 t2 huerfana $19990 | Marley Natural Taster Hitter De Madera
       | 32550 t1 prod 10202 $8990 | PiPA SILICONA POCKET -TOP SMOKE - BLACK RAVEN
 d= 89 | 8162 t2 huerfana $19990 | Marley Natural Taster Hitter De Madera
       | 32540 t1 prod 10202 $8990 | PiPA SILICONA POCKET -TOP SMOKE - BLACK RIVER
 d= 91 | 32551 t1 prod 10202 $8990 | PiPA SILICONA POCKET -TOP SMOKE - PINK LADY
       | 37679 t2 huerfana $18990 | Eyce Spoon - Pipa silicona Extractos/Herbal - Whiskey
 d= 92 | 8162 t2 huerfana $19990 | Marley Natural Taster Hitter De Madera
       | 32554 t1 prod 10202 $8990 | PiPA SILICONA POCKET -TOP SMOKE - BLUE AQUA
 d= 93 | 8122 t2 huerfana $4390 | Hemper Quick Hitter Multiuso x2
       | 11077 t3 prod 10693 $3469 | Hemper Quick Hitter Mango | PIRANHA
 d= 94 | 8162 t2 huerfana $19990 | Marley Natural Taster Hitter De Madera
       | 30994 t1 prod 5489 $8990 | Pipa Silicona Pocket Travel -Top Smoke - BLUE AQUA
 d= 96 | 8162 t2 huerfana $19990 | Marley Natural Taster Hitter De Madera
       | 12515 t1 prod 10202 $8990 | PiPA SILICONA POCKET -TOP SMOKE
 d= 96 | 8162 t2 huerfana $19990 | Marley Natural Taster Hitter De Madera
       | 32548 t1 prod 10202 $8990 | PiPA SILICONA POCKET -TOP SMOKE - YELLOW SUNFLOWER
 d= 99 | 32540 t1 prod 10202 $8990 | PiPA SILICONA POCKET -TOP SMOKE - BLACK RIVER
       | 37679 t2 huerfana $18990 | Eyce Spoon - Pipa silicona Extractos/Herbal - Whiskey
 d=100 | 32541 t1 prod 10202 $8990 | PiPA SILICONA POCKET -TOP SMOKE - BLACK ONIX
       | 37679 t2 huerfana $18990 | Eyce Spoon - Pipa silicona Extractos/Herbal - Whiskey
 d=101 | 11078 t3 huerfana $2214 | Hemper Quick Hitter Banana | PIRANHA
       | 34025 t2 prod 10730 $3951 | Hemper Quick Hitter Multiuso x2 - Watermelon
 d=102 | 8122 t2 huerfana $4390 | Hemper Quick Hitter Multiuso x2
       | 11078 t3 huerfana $2214 | Hemper Quick Hitter Banana | PIRANHA
 d=102 | 11078 t3 huerfana $2214 | Hemper Quick Hitter Banana | PIRANHA
       | 34022 t2 prod 10729 $3951 | Hemper Quick Hitter Multiuso x2 - Blueberry
 d=104 | 1072 t3 prod 5491 $9483 | Pipa Karma PieceMaker
       | 33586 t2 huerfana $8990 | PMG Pipa Karma 9 cm - Hazard Flag Yellow Fluor
 d=104 | 3211 t4 prod 5494 $9500 | Pipa Piecemaker Kazili de silicona - Growbarato
       | 12138 t1 huerfana $9990 | Pipa Pyrex Voltage 45- Top Smoke
 d=104 | 8162 t2 huerfana $19990 | Marley Natural Taster Hitter De Madera
       | 32547 t1 prod 10202 $8990 | PiPA SILICONA POCKET -TOP SMOKE - YELLOW LEMONGRASS
 d=104 | 12093 t1 huerfana $17990 | Pipa Pyrex Phantomix 94- Top Smoke
       | 15553 t3 huerfana $14990 | Pipa Pyrex Top Smoke | PIRANHA
 d=105 | 2719 t1 huerfana $17990 | Pipa Pyrex Hellstorm 112- Top Smoke
       | 15553 t3 huerfana $14990 | Pipa Pyrex Top Smoke | PIRANHA
 d=105 | 11075 t3 prod 10730 $3469 | Hemper Quick Hitter Sandía | PIRANHA
       | 34026 t2 huerfana $3951 | Hemper Quick Hitter Multiuso x2 - Banana
 d=106 | 8162 t2 huerfana $19990 | Marley Natural Taster Hitter De Madera
       | 32552 t1 prod 10202 $8990 | PiPA SILICONA POCKET -TOP SMOKE - RED MAPLE
 d=106 | 9052 t1 prod 6010 $1990 | Hitter Signature- Calvo Glass
       | 35314 t2 huerfana $1990 | Calvo Pipa Hitter 12mm - Hunter
 d=107 | 32553 t1 prod 10202 $8990 | PiPA SILICONA POCKET -TOP SMOKE - PINK CORAL
       | 35401 t2 huerfana $8990 | PMG Pipa Kiwi 8cm - Negro
 d=108 | 1390 t4 huerfana $2700 | Pipa de Pyrex 6cm - GB The Green Brand
       | 2729 t1 huerfana $9990 | Pipa Pyrex Kraken 34- Top Smoke
 d=108 | 8162 t2 huerfana $19990 | Marley Natural Taster Hitter De Madera
       | 9051 t1 prod 5489 $9990 | Pipa Silicona Pocket Travel -Top Smoke
 d=108 | 8162 t2 huerfana $19990 | Marley Natural Taster Hitter De Madera
       | 30978 t1 prod 5489 $8990 | Pipa Silicona Pocket Travel -Top Smoke - BLUE GLACIER
 d=108 | 8176 t2 huerfana $29490 | Marley Natural Pipa Steam Roller
       | 30990 t1 prod 5489 $8990 | Pipa Silicona Pocket Travel -Top Smoke - PINK LADY
 d=108 | 30990 t1 prod 5489 $8990 | Pipa Silicona Pocket Travel -Top Smoke - PINK LADY
       | 35404 t2 huerfana $8990 | PMG Pipa Kiwi 8cm - Red
 d=108 | 32545 t1 prod 10202 $8990 | PiPA SILICONA POCKET -TOP SMOKE - RED GARNET
       | 37679 t2 huerfana $18990 | Eyce Spoon - Pipa silicona Extractos/Herbal - Whiskey
 d=108 | 32552 t1 prod 10202 $8990 | PiPA SILICONA POCKET -TOP SMOKE - RED MAPLE
       | 37679 t2 huerfana $18990 | Eyce Spoon - Pipa silicona Extractos/Herbal - Whiskey
 d=109 | 2701 t1 huerfana $9990 | Pipa Pyrex Darkwave 27- Top Smoke
       | 3211 t4 prod 5494 $9500 | Pipa Piecemaker Kazili de silicona - Growbarato
 d=109 | 20175 t2 huerfana $49990 | Marley Natural Spoon Pipe
       | 32539 t1 prod 10202 $8990 | PiPA SILICONA POCKET -TOP SMOKE - BLACK SHADOW
 d=110 | 1390 t4 huerfana $2700 | Pipa de Pyrex 6cm - GB The Green Brand
       | 2735 t1 huerfana $9990 | Pipa Pyrex Nexus 26- Top Smoke
 d=110 | 2729 t1 huerfana $9990 | Pipa Pyrex Kraken 34- Top Smoke
       | 35136 t2 huerfana $13990 | Grav Pipa Pinch Spoon 8 cm - Azul
 d=110 | 2750 t1 huerfana $9990 | Pipa Pyrex Overdrive 72- Top Smoke
       | 15552 t3 prod 10357 $12990 | Pipa Pyrex Top Smoke | PIRANHA
 d=110 | 3211 t4 prod 5494 $9500 | Pipa Piecemaker Kazili de silicona - Growbarato
       | 12110 t1 huerfana $9990 | Pipa Pyrex Shadow 52- Top Smoke
 d=110 | 3211 t4 prod 5494 $9500 | Pipa Piecemaker Kazili de silicona - Growbarato
       | 12116 t1 huerfana $14990 | Pipa Pyrex Spectre 66- Top Smoke
 d=110 | 8176 t2 huerfana $29490 | Marley Natural Pipa Steam Roller
       | 32553 t1 prod 10202 $8990 | PiPA SILICONA POCKET -TOP SMOKE - PINK CORAL
 d=110 | 20175 t2 huerfana $49990 | Marley Natural Spoon Pipe
       | 30990 t1 prod 5489 $8990 | Pipa Silicona Pocket Travel -Top Smoke - PINK LADY
 d=110 | 20175 t2 huerfana $49990 | Marley Natural Spoon Pipe
       | 32545 t1 prod 10202 $8990 | PiPA SILICONA POCKET -TOP SMOKE - RED GARNET
 d=110 | 30990 t1 prod 5489 $8990 | Pipa Silicona Pocket Travel -Top Smoke - PINK LADY
       | 35402 t2 huerfana $8990 | PMG Pipa Kiwi 8cm - Azul
 d=112 | 8162 t2 huerfana $19990 | Marley Natural Taster Hitter De Madera
       | 32541 t1 prod 10202 $8990 | PiPA SILICONA POCKET -TOP SMOKE - BLACK ONIX
 d=112 | 8162 t2 huerfana $19990 | Marley Natural Taster Hitter De Madera
       | 32544 t1 prod 10202 $8990 | PiPA SILICONA POCKET -TOP SMOKE - BLUE ICE
 d=112 | 8176 t2 huerfana $29490 | Marley Natural Pipa Steam Roller
       | 32543 t1 prod 10202 $8990 | PiPA SILICONA POCKET -TOP SMOKE - ORANGE SUNSET
 d=112 | 12108 t1 huerfana $14990 | Pipa Pyrex Sabotage 99- Top Smoke
       | 15552 t3 prod 10357 $12990 | Pipa Pyrex Top Smoke | PIRANHA
 d=112 | 20175 t2 huerfana $49990 | Marley Natural Spoon Pipe
       | 30985 t1 prod 5489 $8990 | Pipa Silicona Pocket Travel -Top Smoke - BLACK RAVEN
 d=112 | 30985 t1 prod 5489 $8990 | Pipa Silicona Pocket Travel -Top Smoke - BLACK RAVEN
       | 35402 t2 huerfana $8990 | PMG Pipa Kiwi 8cm - Azul
 d=112 | 32544 t1 prod 10202 $8990 | PiPA SILICONA POCKET -TOP SMOKE - BLUE ICE
       | 37679 t2 huerfana $18990 | Eyce Spoon - Pipa silicona Extractos/Herbal - Whiskey
 d=113 | 32540 t1 prod 10202 $8990 | PiPA SILICONA POCKET -TOP SMOKE - BLACK RIVER
       | 37678 t2 huerfana $18990 | Eyce Spoon - Pipa silicona Extractos/Herbal - Smoke Bla
 d=114 | 1390 t4 huerfana $2700 | Pipa de Pyrex 6cm - GB The Green Brand
       | 2744 t1 huerfana $14990 | Pipa Pyrex Oblivion 41- Top Smoke
 d=114 | 2729 t1 huerfana $9990 | Pipa Pyrex Kraken 34- Top Smoke
       | 3211 t4 prod 5494 $9500 | Pipa Piecemaker Kazili de silicona - Growbarato
 d=114 | 8162 t2 huerfana $19990 | Marley Natural Taster Hitter De Madera
       | 30982 t1 prod 5489 $8990 | Pipa Silicona Pocket Travel -Top Smoke - BLACK SHADOW
 d=114 | 8176 t2 huerfana $29490 | Marley Natural Pipa Steam Roller
       | 32545 t1 prod 10202 $8990 | PiPA SILICONA POCKET -TOP SMOKE - RED GARNET
 d=114 | 11074 t3 prod 10729 $3469 | Hemper Quick Hitter Arándano | PIRANHA
       | 34026 t2 huerfana $3951 | Hemper Quick Hitter Multiuso x2 - Banana
 d=114 | 20175 t2 huerfana $49990 | Marley Natural Spoon Pipe
       | 30987 t1 prod 5489 $8990 | Pipa Silicona Pocket Travel -Top Smoke - BLUE LAGOON
 d=114 | 20175 t2 huerfana $49990 | Marley Natural Spoon Pipe
       | 32543 t1 prod 10202 $8990 | PiPA SILICONA POCKET -TOP SMOKE - ORANGE SUNSET
 d=114 | 20175 t2 huerfana $49990 | Marley Natural Spoon Pipe
       | 32546 t1 prod 10202 $8990 | PiPA SILICONA POCKET -TOP SMOKE - ORANGE SUNRISE
 d=114 | 30990 t1 prod 5489 $8990 | Pipa Silicona Pocket Travel -Top Smoke - PINK LADY
       | 33592 t2 huerfana $10990 | PMG Pipa Kazili 12cm - Hibiscus Red Camo
 d=114 | 30994 t1 prod 5489 $8990 | Pipa Silicona Pocket Travel -Top Smoke - BLUE AQUA
       | 37679 t2 huerfana $18990 | Eyce Spoon - Pipa silicona Extractos/Herbal - Whiskey
 d=114 | 32539 t1 prod 10202 $8990 | PiPA SILICONA POCKET -TOP SMOKE - BLACK SHADOW
       | 35401 t2 huerfana $8990 | PMG Pipa Kiwi 8cm - Negro
 d=114 | 32540 t1 prod 10202 $8990 | PiPA SILICONA POCKET -TOP SMOKE - BLACK RIVER
       | 37677 t2 huerfana $18990 | Eyce Spoon - Pipa silicona Extractos/Herbal - Bangin
 d=114 | 32549 t1 prod 10202 $8990 | PiPA SILICONA POCKET -TOP SMOKE - GREEN TUNDRA
       | 35401 t2 huerfana $8990 | PMG Pipa Kiwi 8cm - Negro
 d=115 | 506 t3 prod 5489 $5844 | Pipa Top Smoke Pocket Travel | PIRANHA
       | 35402 t2 huerfana $8990 | PMG Pipa Kiwi 8cm - Azul
 d=115 | 506 t3 prod 5489 $5844 | Pipa Top Smoke Pocket Travel | PIRANHA
       | 35403 t2 huerfana $8990 | PMG Pipa Kiwi 8cm - Verde
 d=115 | 1072 t3 prod 5491 $9483 | Pipa Karma PieceMaker
       | 33573 t2 huerfana $8990 | PMG Pipa Karma 9 cm - Macaw Red
 d=115 | 1390 t4 huerfana $2700 | Pipa de Pyrex 6cm - GB The Green Brand
       | 2701 t1 huerfana $9990 | Pipa Pyrex Darkwave 27- Top Smoke
 d=115 | 3211 t4 prod 5494 $9500 | Pipa Piecemaker Kazili de silicona - Growbarato
       | 12094 t1 huerfana $9990 | Pipa Pyrex Phoenix 71- Top Smoke
 d=115 | 11078 t3 huerfana $2214 | Hemper Quick Hitter Banana | PIRANHA
       | 34024 t2 prod 10728 $3951 | Hemper Quick Hitter Multiuso x2 - Grape
 d=115 | 30981 t1 prod 5489 $8990 | Pipa Silicona Pocket Travel -Top Smoke - RED MAPLE
       | 37679 t2 huerfana $18990 | Eyce Spoon - Pipa silicona Extractos/Herbal - Whiskey
 d=115 | 30990 t1 prod 5489 $8990 | Pipa Silicona Pocket Travel -Top Smoke - PINK LADY
       | 35401 t2 huerfana $8990 | PMG Pipa Kiwi 8cm - Negro
 d=115 | 30991 t1 prod 5489 $8990 | Pipa Silicona Pocket Travel -Top Smoke - ORANGE SUNRISE
       | 37679 t2 huerfana $18990 | Eyce Spoon - Pipa silicona Extractos/Herbal - Whiskey
 d=115 | 32539 t1 prod 10202 $8990 | PiPA SILICONA POCKET -TOP SMOKE - BLACK SHADOW
       | 33592 t2 huerfana $10990 | PMG Pipa Kazili 12cm - Hibiscus Red Camo
 d=115 | 32543 t1 prod 10202 $8990 | PiPA SILICONA POCKET -TOP SMOKE - ORANGE SUNSET
       | 35401 t2 huerfana $8990 | PMG Pipa Kiwi 8cm - Negro
 d=116 | 506 t3 prod 5489 $5844 | Pipa Top Smoke Pocket Travel | PIRANHA
       | 35401 t2 huerfana $8990 | PMG Pipa Kiwi 8cm - Negro
 d=116 | 1378 t4 huerfana $30600 | Pipa Colector Néctar 23 cm para extracciones - GrowBara
       | 2690 t1 huerfana $9990 | Pipa Pyrex Armageddon 87- Top Smoke
 d=116 | 1390 t4 huerfana $2700 | Pipa de Pyrex 6cm - GB The Green Brand
       | 12136 t1 huerfana $9990 | Pipa Pyrex Void 44- Top Smoke
 d=116 | 2734 t1 huerfana $9990 | Pipa Pyrex Neonix 65- Top Smoke
       | 35136 t2 huerfana $13990 | Grav Pipa Pinch Spoon 8 cm - Azul
 d=116 | 3211 t4 prod 5494 $9500 | Pipa Piecemaker Kazili de silicona - Growbarato
       | 12136 t1 huerfana $9990 | Pipa Pyrex Void 44- Top Smoke
 d=116 | 9052 t1 prod 6010 $1990 | Hitter Signature- Calvo Glass
       | 35313 t2 huerfana $1990 | Calvo Pipa Hitter 12mm - Good Vibes Rosado
 d=116 | 30985 t1 prod 5489 $8990 | Pipa Silicona Pocket Travel -Top Smoke - BLACK RAVEN
       | 37679 t2 huerfana $18990 | Eyce Spoon - Pipa silicona Extractos/Herbal - Whiskey
 d=116 | 30986 t1 prod 5489 $8990 | Pipa Silicona Pocket Travel -Top Smoke - BLACK ONYX
       | 37678 t2 huerfana $18990 | Eyce Spoon - Pipa silicona Extractos/Herbal - Smoke Bla
 d=116 | 30990 t1 prod 5489 $8990 | Pipa Silicona Pocket Travel -Top Smoke - PINK LADY
       | 37724 t2 huerfana $4990 | PMG Pipa Kwiki 5cm - Negra
 d=116 | 32545 t1 prod 10202 $8990 | PiPA SILICONA POCKET -TOP SMOKE - RED GARNET
       | 35402 t2 huerfana $8990 | PMG Pipa Kiwi 8cm - Azul
 d=117 | 1072 t3 prod 5491 $9483 | Pipa Karma PieceMaker
       | 33577 t2 huerfana $8990 | PMG Pipa Karma 9 cm - Abyss Black
 d=117 | 1353 t3 huerfana $6990 | Pipa Pyrex Top Smoke | PIRANHA
       | 12134 t1 huerfana $9990 | Pipa Pyrex Venomix 25- Top Smoke
 d=117 | 1378 t4 huerfana $30600 | Pipa Colector Néctar 23 cm para extracciones - GrowBara
       | 8134 t2 huerfana $43990 | Phoenix Pipa Glycerin - 21cm
 d=117 | 2729 t1 huerfana $9990 | Pipa Pyrex Kraken 34- Top Smoke
       | 35137 t2 huerfana $13990 | Grav Pipa Pinch Spoon 8 cm - Verde
 d=117 | 2735 t1 huerfana $9990 | Pipa Pyrex Nexus 26- Top Smoke
       | 37592 t2 huerfana $9990 | PMG Pipa Karma Go 9cm - Klay Kanyon
 d=117 | 8162 t2 huerfana $19990 | Marley Natural Taster Hitter De Madera
       | 32551 t1 prod 10202 $8990 | PiPA SILICONA POCKET -TOP SMOKE - PINK LADY
 d=117 | 30985 t1 prod 5489 $8990 | Pipa Silicona Pocket Travel -Top Smoke - BLACK RAVEN
       | 35401 t2 huerfana $8990 | PMG Pipa Kiwi 8cm - Negro
 d=117 | 32539 t1 prod 10202 $8990 | PiPA SILICONA POCKET -TOP SMOKE - BLACK SHADOW
       | 35403 t2 huerfana $8990 | PMG Pipa Kiwi 8cm - Verde
 d=117 | 32541 t1 prod 10202 $8990 | PiPA SILICONA POCKET -TOP SMOKE - BLACK ONIX
       | 37682 t2 huerfana $18990 | Eyce Spoon - Pipa silicona Extractos/Herbal - Planet
 d=117 | 32544 t1 prod 10202 $8990 | PiPA SILICONA POCKET -TOP SMOKE - BLUE ICE
       | 37682 t2 huerfana $18990 | Eyce Spoon - Pipa silicona Extractos/Herbal - Planet
 d=117 | 32545 t1 prod 10202 $8990 | PiPA SILICONA POCKET -TOP SMOKE - RED GARNET
       | 35401 t2 huerfana $8990 | PMG Pipa Kiwi 8cm - Negro
 d=118 | 686 t3 prod 6777 $6490 | Hitter American 1.8mm - BongLab | PIRANHA
       | 35401 t2 huerfana $8990 | PMG Pipa Kiwi 8cm - Negro
 d=118 | 1072 t3 prod 5491 $9483 | Pipa Karma PieceMaker
       | 33585 t2 huerfana $8990 | PMG Pipa Karma 9 cm - Ghini Green
 d=118 | 1390 t4 huerfana $2700 | Pipa de Pyrex 6cm - GB The Green Brand
       | 12110 t1 huerfana $9990 | Pipa Pyrex Shadow 52- Top Smoke
 d=118 | 1390 t4 huerfana $2700 | Pipa de Pyrex 6cm - GB The Green Brand
       | 12111 t1 huerfana $17990 | Pipa Pyrex Shadowcore 81- Top Smoke
 d=118 | 8176 t2 huerfana $29490 | Marley Natural Pipa Steam Roller
       | 30985 t1 prod 5489 $8990 | Pipa Silicona Pocket Travel -Top Smoke - BLACK RAVEN
 d=118 | 8176 t2 huerfana $29490 | Marley Natural Pipa Steam Roller
       | 30987 t1 prod 5489 $8990 | Pipa Silicona Pocket Travel -Top Smoke - BLUE LAGOON
 d=118 | 8176 t2 huerfana $29490 | Marley Natural Pipa Steam Roller
       | 32546 t1 prod 10202 $8990 | PiPA SILICONA POCKET -TOP SMOKE - ORANGE SUNRISE
 d=118 | 10989 t3 prod 10202 $4794 | Pipa Top Smoke Pocket | PIRANHA
       | 37679 t2 huerfana $18990 | Eyce Spoon - Pipa silicona Extractos/Herbal - Whiskey
 d=118 | 12107 t1 huerfana $9990 | Pipa Pyrex Riot 17- Top Smoke
       | 37590 t2 huerfana $9990 | PMG Pipa Karma Go 9cm - Cyanara
 d=118 | 20175 t2 huerfana $49990 | Marley Natural Spoon Pipe
       | 32553 t1 prod 10202 $8990 | PiPA SILICONA POCKET -TOP SMOKE - PINK CORAL
 d=118 | 30990 t1 prod 5489 $8990 | Pipa Silicona Pocket Travel -Top Smoke - PINK LADY
       | 35403 t2 huerfana $8990 | PMG Pipa Kiwi 8cm - Verde
 d=118 | 32543 t1 prod 10202 $8990 | PiPA SILICONA POCKET -TOP SMOKE - ORANGE SUNSET
       | 35402 t2 huerfana $8990 | PMG Pipa Kiwi 8cm - Azul
 d=118 | 32550 t1 prod 10202 $8990 | PiPA SILICONA POCKET -TOP SMOKE - BLACK RAVEN
       | 37679 t2 huerfana $18990 | Eyce Spoon - Pipa silicona Extractos/Herbal - Whiskey
 d=119 | 506 t3 prod 5489 $5844 | Pipa Top Smoke Pocket Travel | PIRANHA
       | 35404 t2 huerfana $8990 | PMG Pipa Kiwi 8cm - Red
 d=119 | 686 t3 prod 6777 $6490 | Hitter American 1.8mm - BongLab | PIRANHA
       | 8162 t2 huerfana $19990 | Marley Natural Taster Hitter De Madera
 d=119 | 3211 t4 prod 5494 $9500 | Pipa Piecemaker Kazili de silicona - Growbarato
       | 12118 t1 huerfana $9990 | Pipa Pyrex Tempest 32- Top Smoke
 d=119 | 8176 t2 huerfana $29490 | Marley Natural Pipa Steam Roller
       | 32549 t1 prod 10202 $8990 | PiPA SILICONA POCKET -TOP SMOKE - GREEN TUNDRA
 d=119 | 12515 t1 prod 10202 $8990 | PiPA SILICONA POCKET -TOP SMOKE
       | 35401 t2 huerfana $8990 | PMG Pipa Kiwi 8cm - Negro
 d=119 | 20175 t2 huerfana $49990 | Marley Natural Spoon Pipe
       | 30991 t1 prod 5489 $8990 | Pipa Silicona Pocket Travel -Top Smoke - ORANGE SUNRISE
 d=119 | 30988 t1 prod 5489 $8990 | Pipa Silicona Pocket Travel -Top Smoke - BLACK RIVER
       | 35401 t2 huerfana $8990 | PMG Pipa Kiwi 8cm - Negro
 d=119 | 30990 t1 prod 5489 $8990 | Pipa Silicona Pocket Travel -Top Smoke - PINK LADY
       | 37677 t2 huerfana $18990 | Eyce Spoon - Pipa silicona Extractos/Herbal - Bangin
 d=119 | 30994 t1 prod 5489 $8990 | Pipa Silicona Pocket Travel -Top Smoke - BLUE AQUA
       | 37684 t2 huerfana $18990 | Eyce Spoon - Pipa silicona Extractos/Herbal - Cotton Ca
 d=119 | 32538 t1 prod 10202 $8990 | PiPA SILICONA POCKET -TOP SMOKE - BLUE LAGOON
       | 37679 t2 huerfana $18990 | Eyce Spoon - Pipa silicona Extractos/Herbal - Whiskey
 d=119 | 32539 t1 prod 10202 $8990 | PiPA SILICONA POCKET -TOP SMOKE - BLACK SHADOW
       | 35402 t2 huerfana $8990 | PMG Pipa Kiwi 8cm - Azul
 d=119 | 32539 t1 prod 10202 $8990 | PiPA SILICONA POCKET -TOP SMOKE - BLACK SHADOW
       | 35404 t2 huerfana $8990 | PMG Pipa Kiwi 8cm - Red
 d=119 | 32541 t1 prod 10202 $8990 | PiPA SILICONA POCKET -TOP SMOKE - BLACK ONIX
       | 37677 t2 huerfana $18990 | Eyce Spoon - Pipa silicona Extractos/Herbal - Bangin
 d=119 | 32548 t1 prod 10202 $8990 | PiPA SILICONA POCKET -TOP SMOKE - YELLOW SUNFLOWER
       | 35401 t2 huerfana $8990 | PMG Pipa Kiwi 8cm - Negro
 d=119 | 32552 t1 prod 10202 $8990 | PiPA SILICONA POCKET -TOP SMOKE - RED MAPLE
       | 37682 t2 huerfana $18990 | Eyce Spoon - Pipa silicona Extractos/Herbal - Planet
 d=120 | 1390 t4 huerfana $2700 | Pipa de Pyrex 6cm - GB The Green Brand
       | 12116 t1 huerfana $14990 | Pipa Pyrex Spectre 66- Top Smoke
 d=120 | 10989 t3 prod 10202 $4794 | Pipa Top Smoke Pocket | PIRANHA
       | 37724 t2 huerfana $4990 | PMG Pipa Kwiki 5cm - Negra
 d=120 | 12107 t1 huerfana $9990 | Pipa Pyrex Riot 17- Top Smoke
       | 37592 t2 huerfana $9990 | PMG Pipa Karma Go 9cm - Klay Kanyon
 d=120 | 12125 t1 huerfana $17990 | Pipa Pyrex Toxicum 54- Top Smoke
       | 15552 t3 prod 10357 $12990 | Pipa Pyrex Top Smoke | PIRANHA
 d=120 | 12515 t1 prod 10202 $8990 | PiPA SILICONA POCKET -TOP SMOKE
       | 35402 t2 huerfana $8990 | PMG Pipa Kiwi 8cm - Azul
 d=120 | 30980 t1 prod 5489 $8990 | Pipa Silicona Pocket Travel -Top Smoke - BLUE ICE
       | 37682 t2 huerfana $18990 | Eyce Spoon - Pipa silicona Extractos/Herbal - Planet
 d=120 | 30985 t1 prod 5489 $8990 | Pipa Silicona Pocket Travel -Top Smoke - BLACK RAVEN
       | 35404 t2 huerfana $8990 | PMG Pipa Kiwi 8cm - Red
 d=120 | 32540 t1 prod 10202 $8990 | PiPA SILICONA POCKET -TOP SMOKE - BLACK RIVER
       | 37682 t2 huerfana $18990 | Eyce Spoon - Pipa silicona Extractos/Herbal - Planet
 d=120 | 32543 t1 prod 10202 $8990 | PiPA SILICONA POCKET -TOP SMOKE - ORANGE SUNSET
       | 37724 t2 huerfana $4990 | PMG Pipa Kwiki 5cm - Negra
 d=120 | 32546 t1 prod 10202 $8990 | PiPA SILICONA POCKET -TOP SMOKE - ORANGE SUNRISE
       | 37679 t2 huerfana $18990 | Eyce Spoon - Pipa silicona Extractos/Herbal - Whiskey
 d=120 | 32548 t1 prod 10202 $8990 | PiPA SILICONA POCKET -TOP SMOKE - YELLOW SUNFLOWER
       | 35402 t2 huerfana $8990 | PMG Pipa Kiwi 8cm - Azul
 d=120 | 32550 t1 prod 10202 $8990 | PiPA SILICONA POCKET -TOP SMOKE - BLACK RAVEN
       | 37724 t2 huerfana $4990 | PMG Pipa Kwiki 5cm - Negra
 d=120 | 32551 t1 prod 10202 $8990 | PiPA SILICONA POCKET -TOP SMOKE - PINK LADY
       | 37677 t2 huerfana $18990 | Eyce Spoon - Pipa silicona Extractos/Herbal - Bangin
 d=120 | 32551 t1 prod 10202 $8990 | PiPA SILICONA POCKET -TOP SMOKE - PINK LADY
       | 37682 t2 huerfana $18990 | Eyce Spoon - Pipa silicona Extractos/Herbal - Planet
 d=120 | 32553 t1 prod 10202 $8990 | PiPA SILICONA POCKET -TOP SMOKE - PINK CORAL
       | 33592 t2 huerfana $10990 | PMG Pipa Kazili 12cm - Hibiscus Red Camo
 d=120 | 32553 t1 prod 10202 $8990 | PiPA SILICONA POCKET -TOP SMOKE - PINK CORAL
       | 35403 t2 huerfana $8990 | PMG Pipa Kiwi 8cm - Verde
 d=121 | 506 t3 prod 5489 $5844 | Pipa Top Smoke Pocket Travel | PIRANHA
       | 33592 t2 huerfana $10990 | PMG Pipa Kazili 12cm - Hibiscus Red Camo
 d=121 | 1072 t3 prod 5491 $9483 | Pipa Karma PieceMaker
       | 33581 t2 huerfana $8990 | PMG Pipa Karma 9 cm - Giallo Yellow
 d=121 | 2729 t1 huerfana $9990 | Pipa Pyrex Kraken 34- Top Smoke
       | 8121 t2 huerfana $13990 | Grav Pipa Pinch Spoon 8 cm
 d=121 | 2729 t1 huerfana $9990 | Pipa Pyrex Kraken 34- Top Smoke
       | 35134 t2 huerfana $13990 | Grav Pipa Pinch Spoon 8 cm - Negro
 d=121 | 2729 t1 huerfana $9990 | Pipa Pyrex Kraken 34- Top Smoke
       | 35135 t2 huerfana $13990 | Grav Pipa Pinch Spoon 8 cm - Rosado
 d=121 | 2734 t1 huerfana $9990 | Pipa Pyrex Neonix 65- Top Smoke
       | 35134 t2 huerfana $13990 | Grav Pipa Pinch Spoon 8 cm - Negro
 d=121 | 10989 t3 prod 10202 $4794 | Pipa Top Smoke Pocket | PIRANHA
       | 35401 t2 huerfana $8990 | PMG Pipa Kiwi 8cm - Negro
 d=121 | 12136 t1 huerfana $9990 | Pipa Pyrex Void 44- Top Smoke
       | 37592 t2 huerfana $9990 | PMG Pipa Karma Go 9cm - Klay Kanyon
 d=121 | 20175 t2 huerfana $49990 | Marley Natural Spoon Pipe
       | 30980 t1 prod 5489 $8990 | Pipa Silicona Pocket Travel -Top Smoke - BLUE ICE
 d=121 | 20175 t2 huerfana $49990 | Marley Natural Spoon Pipe
       | 32549 t1 prod 10202 $8990 | PiPA SILICONA POCKET -TOP SMOKE - GREEN TUNDRA
 d=121 | 30988 t1 prod 5489 $8990 | Pipa Silicona Pocket Travel -Top Smoke - BLACK RIVER
       | 37677 t2 huerfana $18990 | Eyce Spoon - Pipa silicona Extractos/Herbal - Bangin
 d=121 | 30995 t1 prod 5489 $8990 | Pipa Silicona Pocket Travel -Top Smoke - GREEN FOREST
       | 37677 t2 huerfana $18990 | Eyce Spoon - Pipa silicona Extractos/Herbal - Bangin
 d=121 | 32543 t1 prod 10202 $8990 | PiPA SILICONA POCKET -TOP SMOKE - ORANGE SUNSET
       | 37682 t2 huerfana $18990 | Eyce Spoon - Pipa silicona Extractos/Herbal - Planet
 d=121 | 32545 t1 prod 10202 $8990 | PiPA SILICONA POCKET -TOP SMOKE - RED GARNET
       | 37682 t2 huerfana $18990 | Eyce Spoon - Pipa silicona Extractos/Herbal - Planet
 d=121 | 32550 t1 prod 10202 $8990 | PiPA SILICONA POCKET -TOP SMOKE - BLACK RAVEN
       | 35401 t2 huerfana $8990 | PMG Pipa Kiwi 8cm - Negro
 d=121 | 32551 t1 prod 10202 $8990 | PiPA SILICONA POCKET -TOP SMOKE - PINK LADY
       | 37678 t2 huerfana $18990 | Eyce Spoon - Pipa silicona Extractos/Herbal - Smoke Bla
 d=122 | 1072 t3 prod 5491 $9483 | Pipa Karma PieceMaker
       | 33583 t2 huerfana $8990 | PMG Pipa Karma 9 cm - Burnout Black
 d=122 | 2690 t1 huerfana $9990 | Pipa Pyrex Armageddon 87- Top Smoke
       | 37592 t2 huerfana $9990 | PMG Pipa Karma Go 9cm - Klay Kanyon
 d=122 | 2729 t1 huerfana $9990 | Pipa Pyrex Kraken 34- Top Smoke
       | 35138 t2 huerfana $13990 | Grav Pipa Pinch Spoon 8 cm - Turquesa
 d=122 | 8176 t2 huerfana $29490 | Marley Natural Pipa Steam Roller
       | 30995 t1 prod 5489 $8990 | Pipa Silicona Pocket Travel -Top Smoke - GREEN FOREST
 d=122 | 9051 t1 prod 5489 $9990 | Pipa Silicona Pocket Travel -Top Smoke
       | 37678 t2 huerfana $18990 | Eyce Spoon - Pipa silicona Extractos/Herbal - Smoke Bla
 d=122 | 10989 t3 prod 10202 $4794 | Pipa Top Smoke Pocket | PIRANHA
       | 20175 t2 huerfana $49990 | Marley Natural Spoon Pipe
 d=122 | 12118 t1 huerfana $9990 | Pipa Pyrex Tempest 32- Top Smoke
       | 37592 t2 huerfana $9990 | PMG Pipa Karma Go 9cm - Klay Kanyon
 d=122 | 20175 t2 huerfana $49990 | Marley Natural Spoon Pipe
       | 30995 t1 prod 5489 $8990 | Pipa Silicona Pocket Travel -Top Smoke - GREEN FOREST
 d=122 | 20175 t2 huerfana $49990 | Marley Natural Spoon Pipe
       | 32550 t1 prod 10202 $8990 | PiPA SILICONA POCKET -TOP SMOKE - BLACK RAVEN
 d=122 | 30978 t1 prod 5489 $8990 | Pipa Silicona Pocket Travel -Top Smoke - BLUE GLACIER
       | 37678 t2 huerfana $18990 | Eyce Spoon - Pipa silicona Extractos/Herbal - Smoke Bla
 d=122 | 30985 t1 prod 5489 $8990 | Pipa Silicona Pocket Travel -Top Smoke - BLACK RAVEN
       | 37724 t2 huerfana $4990 | PMG Pipa Kwiki 5cm - Negra
 d=122 | 30995 t1 prod 5489 $8990 | Pipa Silicona Pocket Travel -Top Smoke - GREEN FOREST
       | 33592 t2 huerfana $10990 | PMG Pipa Kazili 12cm - Hibiscus Red Camo
 d=122 | 30995 t1 prod 5489 $8990 | Pipa Silicona Pocket Travel -Top Smoke - GREEN FOREST
       | 35404 t2 huerfana $8990 | PMG Pipa Kiwi 8cm - Red
 d=122 | 32545 t1 prod 10202 $8990 | PiPA SILICONA POCKET -TOP SMOKE - RED GARNET
       | 33592 t2 huerfana $10990 | PMG Pipa Kazili 12cm - Hibiscus Red Camo
 d=122 | 32545 t1 prod 10202 $8990 | PiPA SILICONA POCKET -TOP SMOKE - RED GARNET
       | 35404 t2 huerfana $8990 | PMG Pipa Kiwi 8cm - Red
 d=122 | 32546 t1 prod 10202 $8990 | PiPA SILICONA POCKET -TOP SMOKE - ORANGE SUNRISE
       | 33592 t2 huerfana $10990 | PMG Pipa Kazili 12cm - Hibiscus Red Camo
 d=122 | 32552 t1 prod 10202 $8990 | PiPA SILICONA POCKET -TOP SMOKE - RED MAPLE
       | 37678 t2 huerfana $18990 | Eyce Spoon - Pipa silicona Extractos/Herbal - Smoke Bla
 d=123 | 1071 t3 huerfana $19494 | Pipa Grav Bubble Trap 4"
       | 2707 t1 huerfana $9990 | Pipa Pyrex Eclipse 14- Top Smoke
 d=123 | 1181 t1 huerfana $8990 | Pipa Pyrex Venator Max 73- Top Smoke
       | 1353 t3 huerfana $6990 | Pipa Pyrex Top Smoke | PIRANHA
 d=123 | 3211 t4 prod 5494 $9500 | Pipa Piecemaker Kazili de silicona - Growbarato
       | 12107 t1 huerfana $9990 | Pipa Pyrex Riot 17- Top Smoke
 d=123 | 8176 t2 huerfana $29490 | Marley Natural Pipa Steam Roller
       | 30991 t1 prod 5489 $8990 | Pipa Silicona Pocket Travel -Top Smoke - ORANGE SUNRISE
 d=123 | 10989 t3 prod 10202 $4794 | Pipa Top Smoke Pocket | PIRANHA
       | 37682 t2 huerfana $18990 | Eyce Spoon - Pipa silicona Extractos/Herbal - Planet
 d=123 | 12110 t1 huerfana $9990 | Pipa Pyrex Shadow 52- Top Smoke
       | 35134 t2 huerfana $13990 | Grav Pipa Pinch Spoon 8 cm - Negro
 d=123 | 30980 t1 prod 5489 $8990 | Pipa Silicona Pocket Travel -Top Smoke - BLUE ICE
       | 37678 t2 huerfana $18990 | Eyce Spoon - Pipa silicona Extractos/Herbal - Smoke Bla
 d=123 | 30980 t1 prod 5489 $8990 | Pipa Silicona Pocket Travel -Top Smoke - BLUE ICE
       | 37679 t2 huerfana $18990 | Eyce Spoon - Pipa silicona Extractos/Herbal - Whiskey
 d=123 | 30985 t1 prod 5489 $8990 | Pipa Silicona Pocket Travel -Top Smoke - BLACK RAVEN
       | 37677 t2 huerfana $18990 | Eyce Spoon - Pipa silicona Extractos/Herbal - Bangin
 d=123 | 30986 t1 prod 5489 $8990 | Pipa Silicona Pocket Travel -Top Smoke - BLACK ONYX
       | 37677 t2 huerfana $18990 | Eyce Spoon - Pipa silicona Extractos/Herbal - Bangin
 d=123 | 30987 t1 prod 5489 $8990 | Pipa Silicona Pocket Travel -Top Smoke - BLUE LAGOON
       | 35401 t2 huerfana $8990 | PMG Pipa Kiwi 8cm - Negro
 d=123 | 30987 t1 prod 5489 $8990 | Pipa Silicona Pocket Travel -Top Smoke - BLUE LAGOON
       | 37682 t2 huerfana $18990 | Eyce Spoon - Pipa silicona Extractos/Herbal - Planet
 d=123 | 30991 t1 prod 5489 $8990 | Pipa Silicona Pocket Travel -Top Smoke - ORANGE SUNRISE
       | 37678 t2 huerfana $18990 | Eyce Spoon - Pipa silicona Extractos/Herbal - Smoke Bla
 d=123 | 30992 t1 prod 5489 $8990 | Pipa Silicona Pocket Travel -Top Smoke - YELLOW SUNFLOW
       | 37679 t2 huerfana $18990 | Eyce Spoon - Pipa silicona Extractos/Herbal - Whiskey
 d=123 | 30994 t1 prod 5489 $8990 | Pipa Silicona Pocket Travel -Top Smoke - BLUE AQUA
       | 37682 t2 huerfana $18990 | Eyce Spoon - Pipa silicona Extractos/Herbal - Planet
 d=123 | 30995 t1 prod 5489 $8990 | Pipa Silicona Pocket Travel -Top Smoke - GREEN FOREST
       | 37682 t2 huerfana $18990 | Eyce Spoon - Pipa silicona Extractos/Herbal - Planet
 d=123 | 32541 t1 prod 10202 $8990 | PiPA SILICONA POCKET -TOP SMOKE - BLACK ONIX
       | 37684 t2 huerfana $18990 | Eyce Spoon - Pipa silicona Extractos/Herbal - Cotton Ca
 d=123 | 32549 t1 prod 10202 $8990 | PiPA SILICONA POCKET -TOP SMOKE - GREEN TUNDRA
       | 35402 t2 huerfana $8990 | PMG Pipa Kiwi 8cm - Azul
 d=123 | 32549 t1 prod 10202 $8990 | PiPA SILICONA POCKET -TOP SMOKE - GREEN TUNDRA
       | 37679 t2 huerfana $18990 | Eyce Spoon - Pipa silicona Extractos/Herbal - Whiskey
 d=123 | 32550 t1 prod 10202 $8990 | PiPA SILICONA POCKET -TOP SMOKE - BLACK RAVEN
       | 37682 t2 huerfana $18990 | Eyce Spoon - Pipa silicona Extractos/Herbal - Planet
 d=123 | 32552 t1 prod 10202 $8990 | PiPA SILICONA POCKET -TOP SMOKE - RED MAPLE
       | 37677 t2 huerfana $18990 | Eyce Spoon - Pipa silicona Extractos/Herbal - Bangin
 d=123 | 32552 t1 prod 10202 $8990 | PiPA SILICONA POCKET -TOP SMOKE - RED MAPLE
       | 37680 t2 huerfana $18990 | Eyce Spoon - Pipa silicona Extractos/Herbal - Winter
 d=123 | 32552 t1 prod 10202 $8990 | PiPA SILICONA POCKET -TOP SMOKE - RED MAPLE
       | 37684 t2 huerfana $18990 | Eyce Spoon - Pipa silicona Extractos/Herbal - Cotton Ca
 d=124 | 1072 t3 prod 5491 $9483 | Pipa Karma PieceMaker
       | 33575 t2 huerfana $8990 | PMG Pipa Karma 9 cm - Hibiscus Red Camo
 d=124 | 2734 t1 huerfana $9990 | Pipa Pyrex Neonix 65- Top Smoke
       | 3211 t4 prod 5494 $9500 | Pipa Piecemaker Kazili de silicona - Growbarato
 d=124 | 8176 t2 huerfana $29490 | Marley Natural Pipa Steam Roller
       | 30979 t1 prod 5489 $8990 | Pipa Silicona Pocket Travel -Top Smoke - GREEN TUNDRA
 d=124 | 10989 t3 prod 10202 $4794 | Pipa Top Smoke Pocket | PIRANHA
       | 35402 t2 huerfana $8990 | PMG Pipa Kiwi 8cm - Azul
 d=124 | 11506 t4 huerfana $5500 | Pipa Abeja De Silicona con diseño y tamaño compacto
       | 12110 t1 huerfana $9990 | Pipa Pyrex Shadow 52- Top Smoke
 d=124 | 12515 t1 prod 10202 $8990 | PiPA SILICONA POCKET -TOP SMOKE
       | 20175 t2 huerfana $49990 | Marley Natural Spoon Pipe
 d=124 | 20175 t2 huerfana $49990 | Marley Natural Spoon Pipe
       | 32548 t1 prod 10202 $8990 | PiPA SILICONA POCKET -TOP SMOKE - YELLOW SUNFLOWER
 d=124 | 30986 t1 prod 5489 $8990 | Pipa Silicona Pocket Travel -Top Smoke - BLACK ONYX
       | 37679 t2 huerfana $18990 | Eyce Spoon - Pipa silicona Extractos/Herbal - Whiskey
 d=124 | 30988 t1 prod 5489 $8990 | Pipa Silicona Pocket Travel -Top Smoke - BLACK RIVER
       | 37679 t2 huerfana $18990 | Eyce Spoon - Pipa silicona Extractos/Herbal - Whiskey
 d=124 | 30988 t1 prod 5489 $8990 | Pipa Silicona Pocket Travel -Top Smoke - BLACK RIVER
       | 37724 t2 huerfana $4990 | PMG Pipa Kwiki 5cm - Negra
 d=124 | 30992 t1 prod 5489 $8990 | Pipa Silicona Pocket Travel -Top Smoke - YELLOW SUNFLOW
       | 35401 t2 huerfana $8990 | PMG Pipa Kiwi 8cm - Negro
 d=124 | 30992 t1 prod 5489 $8990 | Pipa Silicona Pocket Travel -Top Smoke - YELLOW SUNFLOW
       | 37682 t2 huerfana $18990 | Eyce Spoon - Pipa silicona Extractos/Herbal - Planet
 d=124 | 30993 t1 prod 5489 $8990 | Pipa Silicona Pocket Travel -Top Smoke - YELLOW LEMONGR
       | 37682 t2 huerfana $18990 | Eyce Spoon - Pipa silicona Extractos/Herbal - Planet
 d=124 | 30994 t1 prod 5489 $8990 | Pipa Silicona Pocket Travel -Top Smoke - BLUE AQUA
       | 37678 t2 huerfana $18990 | Eyce Spoon - Pipa silicona Extractos/Herbal - Smoke Bla
 d=124 | 30995 t1 prod 5489 $8990 | Pipa Silicona Pocket Travel -Top Smoke - GREEN FOREST
       | 35402 t2 huerfana $8990 | PMG Pipa Kiwi 8cm - Azul
 d=124 | 32540 t1 prod 10202 $8990 | PiPA SILICONA POCKET -TOP SMOKE - BLACK RIVER
       | 35401 t2 huerfana $8990 | PMG Pipa Kiwi 8cm - Negro
 d=124 | 32541 t1 prod 10202 $8990 | PiPA SILICONA POCKET -TOP SMOKE - BLACK ONIX
       | 37678 t2 huerfana $18990 | Eyce Spoon - Pipa silicona Extractos/Herbal - Smoke Bla
 d=124 | 32543 t1 prod 10202 $8990 | PiPA SILICONA POCKET -TOP SMOKE - ORANGE SUNSET
       | 35404 t2 huerfana $8990 | PMG Pipa Kiwi 8cm - Red
 d=124 | 32545 t1 prod 10202 $8990 | PiPA SILICONA POCKET -TOP SMOKE - RED GARNET
       | 37678 t2 huerfana $18990 | Eyce Spoon - Pipa silicona Extractos/Herbal - Smoke Bla
 d=124 | 32546 t1 prod 10202 $8990 | PiPA SILICONA POCKET -TOP SMOKE - ORANGE SUNRISE
       | 35402 t2 huerfana $8990 | PMG Pipa Kiwi 8cm - Azul
 d=124 | 32546 t1 prod 10202 $8990 | PiPA SILICONA POCKET -TOP SMOKE - ORANGE SUNRISE
       | 37724 t2 huerfana $4990 | PMG Pipa Kwiki 5cm - Negra
 d=124 | 32550 t1 prod 10202 $8990 | PiPA SILICONA POCKET -TOP SMOKE - BLACK RAVEN
       | 35402 t2 huerfana $8990 | PMG Pipa Kiwi 8cm - Azul
 d=124 | 32551 t1 prod 10202 $8990 | PiPA SILICONA POCKET -TOP SMOKE - PINK LADY
       | 37684 t2 huerfana $18990 | Eyce Spoon - Pipa silicona Extractos/Herbal - Cotton Ca
 d=124 | 32553 t1 prod 10202 $8990 | PiPA SILICONA POCKET -TOP SMOKE - PINK CORAL
       | 35402 t2 huerfana $8990 | PMG Pipa Kiwi 8cm - Azul
 d=124 | 32553 t1 prod 10202 $8990 | PiPA SILICONA POCKET -TOP SMOKE - PINK CORAL
       | 35404 t2 huerfana $8990 | PMG Pipa Kiwi 8cm - Red
 d=125 | 686 t3 prod 6777 $6490 | Hitter American 1.8mm - BongLab | PIRANHA
       | 8176 t2 huerfana $29490 | Marley Natural Pipa Steam Roller
 d=125 | 686 t3 prod 6777 $6490 | Hitter American 1.8mm - BongLab | PIRANHA
       | 33592 t2 huerfana $10990 | PMG Pipa Kazili 12cm - Hibiscus Red Camo
 d=125 | 686 t3 prod 6777 $6490 | Hitter American 1.8mm - BongLab | PIRANHA
       | 35402 t2 huerfana $8990 | PMG Pipa Kiwi 8cm - Azul
 d=125 | 2693 t1 huerfana $9990 | Pipa Pyrex Blast 18- Top Smoke
       | 37592 t2 huerfana $9990 | PMG Pipa Karma Go 9cm - Klay Kanyon
 d=125 | 10989 t3 prod 10202 $4794 | Pipa Top Smoke Pocket | PIRANHA
       | 37677 t2 huerfana $18990 | Eyce Spoon - Pipa silicona Extractos/Herbal - Bangin
 d=125 | 30979 t1 prod 5489 $8990 | Pipa Silicona Pocket Travel -Top Smoke - GREEN TUNDRA
       | 37682 t2 huerfana $18990 | Eyce Spoon - Pipa silicona Extractos/Herbal - Planet
 d=125 | 30982 t1 prod 5489 $8990 | Pipa Silicona Pocket Travel -Top Smoke - BLACK SHADOW
       | 35401 t2 huerfana $8990 | PMG Pipa Kiwi 8cm - Negro
 d=125 | 30984 t1 prod 5489 $8990 | Pipa Silicona Pocket Travel -Top Smoke - RED GARNET
       | 35402 t2 huerfana $8990 | PMG Pipa Kiwi 8cm - Azul
 d=125 | 30986 t1 prod 5489 $8990 | Pipa Silicona Pocket Travel -Top Smoke - BLACK ONYX
       | 37682 t2 huerfana $18990 | Eyce Spoon - Pipa silicona Extractos/Herbal - Planet
 d=125 | 30988 t1 prod 5489 $8990 | Pipa Silicona Pocket Travel -Top Smoke - BLACK RIVER
       | 37682 t2 huerfana $18990 | Eyce Spoon - Pipa silicona Extractos/Herbal - Planet
 d=125 | 30993 t1 prod 5489 $8990 | Pipa Silicona Pocket Travel -Top Smoke - YELLOW LEMONGR
       | 37679 t2 huerfana $18990 | Eyce Spoon - Pipa silicona Extractos/Herbal - Whiskey
 d=125 | 30994 t1 prod 5489 $8990 | Pipa Silicona Pocket Travel -Top Smoke - BLUE AQUA
       | 37677 t2 huerfana $18990 | Eyce Spoon - Pipa silicona Extractos/Herbal - Bangin
 d=125 | 32539 t1 prod 10202 $8990 | PiPA SILICONA POCKET -TOP SMOKE - BLACK SHADOW
       | 37724 t2 huerfana $4990 | PMG Pipa Kwiki 5cm - Negra
 d=125 | 32549 t1 prod 10202 $8990 | PiPA SILICONA POCKET -TOP SMOKE - GREEN TUNDRA
       | 33592 t2 huerfana $10990 | PMG Pipa Kazili 12cm - Hibiscus Red Camo
 d=125 | 32549 t1 prod 10202 $8990 | PiPA SILICONA POCKET -TOP SMOKE - GREEN TUNDRA
       | 35404 t2 huerfana $8990 | PMG Pipa Kiwi 8cm - Red
 d=125 | 32550 t1 prod 10202 $8990 | PiPA SILICONA POCKET -TOP SMOKE - BLACK RAVEN
       | 37677 t2 huerfana $18990 | Eyce Spoon - Pipa silicona Extractos/Herbal - Bangin
 d=125 | 32551 t1 prod 10202 $8990 | PiPA SILICONA POCKET -TOP SMOKE - PINK LADY
       | 37686 t2 huerfana $18990 | Eyce Spoon - Pipa silicona Extractos/Herbal - Desert
 d=126 | 1071 t3 huerfana $19494 | Pipa Grav Bubble Trap 4"
       | 35136 t2 huerfana $13990 | Grav Pipa Pinch Spoon 8 cm - Azul
 d=126 | 2705 t1 huerfana $17990 | Pipa Pyrex Dominionx 96- Top Smoke
       | 15553 t3 huerfana $14990 | Pipa Pyrex Top Smoke | PIRANHA
 d=126 | 5472 t3 prod 5795 $21592 | Pipa Konjurer PieceMaker
       | 36882 t2 huerfana $12990 | Squadafum Pipa metálica Heat Cooler 7cm - Rosado
 d=126 | 11506 t4 huerfana $5500 | Pipa Abeja De Silicona con diseño y tamaño compacto
       | 12138 t1 huerfana $9990 | Pipa Pyrex Voltage 45- Top Smoke
 d=126 | 12116 t1 huerfana $14990 | Pipa Pyrex Spectre 66- Top Smoke
       | 35136 t2 huerfana $13990 | Grav Pipa Pinch Spoon 8 cm - Azul
 d=126 | 12143 t1 huerfana $14990 | Pipa Pyrex Zenithron 123- Top Smoke
       | 37685 t2 huerfana $18990 | Eyce Spoon - Pipa silicona Extractos/Herbal - Grateful 
 d=126 | 12515 t1 prod 10202 $8990 | PiPA SILICONA POCKET -TOP SMOKE
       | 35404 t2 huerfana $8990 | PMG Pipa Kiwi 8cm - Red
 d=126 | 20175 t2 huerfana $49990 | Marley Natural Spoon Pipe
       | 30979 t1 prod 5489 $8990 | Pipa Silicona Pocket Travel -Top Smoke - GREEN TUNDRA
 d=126 | 20175 t2 huerfana $49990 | Marley Natural Spoon Pipe
       | 30986 t1 prod 5489 $8990 | Pipa Silicona Pocket Travel -Top Smoke - BLACK ONYX
 d=126 | 30979 t1 prod 5489 $8990 | Pipa Silicona Pocket Travel -Top Smoke - GREEN TUNDRA
       | 33592 t2 huerfana $10990 | PMG Pipa Kazili 12cm - Hibiscus Red Camo
 d=126 | 30980 t1 prod 5489 $8990 | Pipa Silicona Pocket Travel -Top Smoke - BLUE ICE
       | 37684 t2 huerfana $18990 | Eyce Spoon - Pipa silicona Extractos/Herbal - Cotton Ca
 d=126 | 30985 t1 prod 5489 $8990 | Pipa Silicona Pocket Travel -Top Smoke - BLACK RAVEN
       | 35403 t2 huerfana $8990 | PMG Pipa Kiwi 8cm - Verde
 d=126 | 30991 t1 prod 5489 $8990 | Pipa Silicona Pocket Travel -Top Smoke - ORANGE SUNRISE
       | 37677 t2 huerfana $18990 | Eyce Spoon - Pipa silicona Extractos/Herbal - Bangin
 d=126 | 30995 t1 prod 5489 $8990 | Pipa Silicona Pocket Travel -Top Smoke - GREEN FOREST
       | 37678 t2 huerfana $18990 | Eyce Spoon - Pipa silicona Extractos/Herbal - Smoke Bla
 d=126 | 30995 t1 prod 5489 $8990 | Pipa Silicona Pocket Travel -Top Smoke - GREEN FOREST
       | 37679 t2 huerfana $18990 | Eyce Spoon - Pipa silicona Extractos/Herbal - Whiskey
 d=126 | 32538 t1 prod 10202 $8990 | PiPA SILICONA POCKET -TOP SMOKE - BLUE LAGOON
       | 37682 t2 huerfana $18990 | Eyce Spoon - Pipa silicona Extractos/Herbal - Planet
 d=126 | 32540 t1 prod 10202 $8990 | PiPA SILICONA POCKET -TOP SMOKE - BLACK RIVER
       | 37680 t2 huerfana $18990 | Eyce Spoon - Pipa silicona Extractos/Herbal - Winter
 d=126 | 32540 t1 prod 10202 $8990 | PiPA SILICONA POCKET -TOP SMOKE - BLACK RIVER
       | 37684 t2 huerfana $18990 | Eyce Spoon - Pipa silicona Extractos/Herbal - Cotton Ca
 d=126 | 32541 t1 prod 10202 $8990 | PiPA SILICONA POCKET -TOP SMOKE - BLACK ONIX
       | 37686 t2 huerfana $18990 | Eyce Spoon - Pipa silicona Extractos/Herbal - Desert
 d=126 | 32542 t1 prod 10202 $8990 | PiPA SILICONA POCKET -TOP SMOKE - GREEN FOREST
       | 37679 t2 huerfana $18990 | Eyce Spoon - Pipa silicona Extractos/Herbal - Whiskey
 d=126 | 32543 t1 prod 10202 $8990 | PiPA SILICONA POCKET -TOP SMOKE - ORANGE SUNSET
       | 33592 t2 huerfana $10990 | PMG Pipa Kazili 12cm - Hibiscus Red Camo
 d=126 | 32545 t1 prod 10202 $8990 | PiPA SILICONA POCKET -TOP SMOKE - RED GARNET
       | 35403 t2 huerfana $8990 | PMG Pipa Kiwi 8cm - Verde
 d=126 | 32546 t1 prod 10202 $8990 | PiPA SILICONA POCKET -TOP SMOKE - ORANGE SUNRISE
       | 35404 t2 huerfana $8990 | PMG Pipa Kiwi 8cm - Red
 d=126 | 32547 t1 prod 10202 $8990 | PiPA SILICONA POCKET -TOP SMOKE - YELLOW LEMONGRASS
       | 37678 t2 huerfana $18990 | Eyce Spoon - Pipa silicona Extractos/Herbal - Smoke Bla
 d=126 | 32548 t1 prod 10202 $8990 | PiPA SILICONA POCKET -TOP SMOKE - YELLOW SUNFLOWER
       | 35404 t2 huerfana $8990 | PMG Pipa Kiwi 8cm - Red
 d=126 | 32549 t1 prod 10202 $8990 | PiPA SILICONA POCKET -TOP SMOKE - GREEN TUNDRA
       | 37682 t2 huerfana $18990 | Eyce Spoon - Pipa silicona Extractos/Herbal - Planet
 d=126 | 32552 t1 prod 10202 $8990 | PiPA SILICONA POCKET -TOP SMOKE - RED MAPLE
       | 35402 t2 huerfana $8990 | PMG Pipa Kiwi 8cm - Azul
 d=126 | 32553 t1 prod 10202 $8990 | PiPA SILICONA POCKET -TOP SMOKE - PINK CORAL
       | 37724 t2 huerfana $4990 | PMG Pipa Kwiki 5cm - Negra
 d=127 | 1146 t1 huerfana $14990 | Pipa 4.5&quot; Pyrex Megaton 75- Top Smoke
       | 1390 t4 huerfana $2700 | Pipa de Pyrex 6cm - GB The Green Brand
 d=127 | 2729 t1 huerfana $9990 | Pipa Pyrex Kraken 34- Top Smoke
       | 35139 t2 huerfana $13990 | Grav Pipa Pinch Spoon 8 cm - Lavanda
 d=127 | 2734 t1 huerfana $9990 | Pipa Pyrex Neonix 65- Top Smoke
       | 37592 t2 huerfana $9990 | PMG Pipa Karma Go 9cm - Klay Kanyon
 d=127 | 2740 t1 huerfana $9990 | Pipa Pyrex Nitroshock 79- Top Smoke
       | 3211 t4 prod 5494 $9500 | Pipa Piecemaker Kazili de silicona - Growbarato
 d=127 | 8176 t2 huerfana $29490 | Marley Natural Pipa Steam Roller
       | 30980 t1 prod 5489 $8990 | Pipa Silicona Pocket Travel -Top Smoke - BLUE ICE
 d=127 | 8176 t2 huerfana $29490 | Marley Natural Pipa Steam Roller
       | 30983 t1 prod 5489 $8990 | Pipa Silicona Pocket Travel -Top Smoke - PINK CORAL
 d=127 | 8176 t2 huerfana $29490 | Marley Natural Pipa Steam Roller
       | 30992 t1 prod 5489 $8990 | Pipa Silicona Pocket Travel -Top Smoke - YELLOW SUNFLOW
 d=127 | 9051 t1 prod 5489 $9990 | Pipa Silicona Pocket Travel -Top Smoke
       | 37682 t2 huerfana $18990 | Eyce Spoon - Pipa silicona Extractos/Herbal - Planet
 d=127 | 12094 t1 huerfana $9990 | Pipa Pyrex Phoenix 71- Top Smoke
       | 15552 t3 prod 10357 $12990 | Pipa Pyrex Top Smoke | PIRANHA
 d=127 | 20175 t2 huerfana $49990 | Marley Natural Spoon Pipe
       | 30981 t1 prod 5489 $8990 | Pipa Silicona Pocket Travel -Top Smoke - RED MAPLE
 d=127 | 20175 t2 huerfana $49990 | Marley Natural Spoon Pipe
       | 30983 t1 prod 5489 $8990 | Pipa Silicona Pocket Travel -Top Smoke - PINK CORAL
 d=127 | 20175 t2 huerfana $49990 | Marley Natural Spoon Pipe
       | 30992 t1 prod 5489 $8990 | Pipa Silicona Pocket Travel -Top Smoke - YELLOW SUNFLOW
 d=127 | 30978 t1 prod 5489 $8990 | Pipa Silicona Pocket Travel -Top Smoke - BLUE GLACIER
       | 37682 t2 huerfana $18990 | Eyce Spoon - Pipa silicona Extractos/Herbal - Planet
 d=127 | 30984 t1 prod 5489 $8990 | Pipa Silicona Pocket Travel -Top Smoke - RED GARNET
       | 37679 t2 huerfana $18990 | Eyce Spoon - Pipa silicona Extractos/Herbal - Whiskey
 d=127 | 30995 t1 prod 5489 $8990 | Pipa Silicona Pocket Travel -Top Smoke - GREEN FOREST
       | 35401 t2 huerfana $8990 | PMG Pipa Kiwi 8cm - Negro
 d=127 | 32540 t1 prod 10202 $8990 | PiPA SILICONA POCKET -TOP SMOKE - BLACK RIVER
       | 33592 t2 huerfana $10990 | PMG Pipa Kazili 12cm - Hibiscus Red Camo
 d=127 | 32540 t1 prod 10202 $8990 | PiPA SILICONA POCKET -TOP SMOKE - BLACK RIVER
       | 35402 t2 huerfana $8990 | PMG Pipa Kiwi 8cm - Azul
 d=127 | 32545 t1 prod 10202 $8990 | PiPA SILICONA POCKET -TOP SMOKE - RED GARNET
       | 37677 t2 huerfana $18990 | Eyce Spoon - Pipa silicona Extractos/Herbal - Bangin
 d=127 | 32546 t1 prod 10202 $8990 | PiPA SILICONA POCKET -TOP SMOKE - ORANGE SUNRISE
       | 37682 t2 huerfana $18990 | Eyce Spoon - Pipa silicona Extractos/Herbal - Planet
 d=127 | 32547 t1 prod 10202 $8990 | PiPA SILICONA POCKET -TOP SMOKE - YELLOW LEMONGRASS
       | 37682 t2 huerfana $18990 | Eyce Spoon - Pipa silicona Extractos/Herbal - Planet
 d=127 | 32549 t1 prod 10202 $8990 | PiPA SILICONA POCKET -TOP SMOKE - GREEN TUNDRA
       | 37724 t2 huerfana $4990 | PMG Pipa Kwiki 5cm - Negra
 d=127 | 32552 t1 prod 10202 $8990 | PiPA SILICONA POCKET -TOP SMOKE - RED MAPLE
       | 35401 t2 huerfana $8990 | PMG Pipa Kiwi 8cm - Negro
 d=128 | 1390 t4 huerfana $2700 | Pipa de Pyrex 6cm - GB The Green Brand
       | 12125 t1 huerfana $17990 | Pipa Pyrex Toxicum 54- Top Smoke
 d=128 | 8176 t2 huerfana $29490 | Marley Natural Pipa Steam Roller
       | 12515 t1 prod 10202 $8990 | PiPA SILICONA POCKET -TOP SMOKE
 d=128 | 8176 t2 huerfana $29490 | Marley Natural Pipa Steam Roller
       | 30988 t1 prod 5489 $8990 | Pipa Silicona Pocket Travel -Top Smoke - BLACK RIVER
 d=128 | 8176 t2 huerfana $29490 | Marley Natural Pipa Steam Roller
       | 32548 t1 prod 10202 $8990 | PiPA SILICONA POCKET -TOP SMOKE - YELLOW SUNFLOWER
 d=128 | 10989 t3 prod 10202 $4794 | Pipa Top Smoke Pocket | PIRANHA
       | 35404 t2 huerfana $8990 | PMG Pipa Kiwi 8cm - Red
 d=128 | 10989 t3 prod 10202 $4794 | Pipa Top Smoke Pocket | PIRANHA
       | 37678 t2 huerfana $18990 | Eyce Spoon - Pipa silicona Extractos/Herbal - Smoke Bla
 d=128 | 30980 t1 prod 5489 $8990 | Pipa Silicona Pocket Travel -Top Smoke - BLUE ICE
       | 37680 t2 huerfana $18990 | Eyce Spoon - Pipa silicona Extractos/Herbal - Winter
 d=128 | 30982 t1 prod 5489 $8990 | Pipa Silicona Pocket Travel -Top Smoke - BLACK SHADOW
       | 33592 t2 huerfana $10990 | PMG Pipa Kazili 12cm - Hibiscus Red Camo
 d=128 | 30982 t1 prod 5489 $8990 | Pipa Silicona Pocket Travel -Top Smoke - BLACK SHADOW
       | 35402 t2 huerfana $8990 | PMG Pipa Kiwi 8cm - Azul
 d=128 | 30982 t1 prod 5489 $8990 | Pipa Silicona Pocket Travel -Top Smoke - BLACK SHADOW
       | 35404 t2 huerfana $8990 | PMG Pipa Kiwi 8cm - Red
 d=128 | 30983 t1 prod 5489 $8990 | Pipa Silicona Pocket Travel -Top Smoke - PINK CORAL
       | 37682 t2 huerfana $18990 | Eyce Spoon - Pipa silicona Extractos/Herbal - Planet
 d=128 | 30988 t1 prod 5489 $8990 | Pipa Silicona Pocket Travel -Top Smoke - BLACK RIVER
       | 35402 t2 huerfana $8990 | PMG Pipa Kiwi 8cm - Azul
 d=128 | 30988 t1 prod 5489 $8990 | Pipa Silicona Pocket Travel -Top Smoke - BLACK RIVER
       | 35404 t2 huerfana $8990 | PMG Pipa Kiwi 8cm - Red
 d=128 | 32543 t1 prod 10202 $8990 | PiPA SILICONA POCKET -TOP SMOKE - ORANGE SUNSET
       | 37679 t2 huerfana $18990 | Eyce Spoon - Pipa silicona Extractos/Herbal - Whiskey
 d=128 | 32544 t1 prod 10202 $8990 | PiPA SILICONA POCKET -TOP SMOKE - BLUE ICE
       | 37686 t2 huerfana $18990 | Eyce Spoon - Pipa silicona Extractos/Herbal - Desert
 d=128 | 32545 t1 prod 10202 $8990 | PiPA SILICONA POCKET -TOP SMOKE - RED GARNET
       | 37724 t2 huerfana $4990 | PMG Pipa Kwiki 5cm - Negra
 d=128 | 32550 t1 prod 10202 $8990 | PiPA SILICONA POCKET -TOP SMOKE - BLACK RAVEN
       | 35404 t2 huerfana $8990 | PMG Pipa Kiwi 8cm - Red
 d=128 | 32550 t1 prod 10202 $8990 | PiPA SILICONA POCKET -TOP SMOKE - BLACK RAVEN
       | 37678 t2 huerfana $18990 | Eyce Spoon - Pipa silicona Extractos/Herbal - Smoke Bla
 d=129 | 686 t3 prod 6777 $6490 | Hitter American 1.8mm - BongLab | PIRANHA
       | 35404 t2 huerfana $8990 | PMG Pipa Kiwi 8cm - Red
 d=129 | 1072 t3 prod 5491 $9483 | Pipa Karma PieceMaker
       | 33579 t2 huerfana $8990 | PMG Pipa Karma 9 cm - Pitstop Pink
 d=129 | 1146 t1 huerfana $14990 | Pipa 4.5&quot; Pyrex Megaton 75- Top Smoke
       | 35136 t2 huerfana $13990 | Grav Pipa Pinch Spoon 8 cm - Azul
 d=129 | 2701 t1 huerfana $9990 | Pipa Pyrex Darkwave 27- Top Smoke
       | 11506 t4 huerfana $5500 | Pipa Abeja De Silicona con diseño y tamaño compacto
 d=129 | 8176 t2 huerfana $29490 | Marley Natural Pipa Steam Roller
       | 30981 t1 prod 5489 $8990 | Pipa Silicona Pocket Travel -Top Smoke - RED MAPLE
 d=129 | 8176 t2 huerfana $29490 | Marley Natural Pipa Steam Roller
       | 32540 t1 prod 10202 $8990 | PiPA SILICONA POCKET -TOP SMOKE - BLACK RIVER
 d=129 | 9051 t1 prod 5489 $9990 | Pipa Silicona Pocket Travel -Top Smoke
       | 37677 t2 huerfana $18990 | Eyce Spoon - Pipa silicona Extractos/Herbal - Bangin
 d=129 | 11506 t4 huerfana $5500 | Pipa Abeja De Silicona con diseño y tamaño compacto
       | 37592 t2 huerfana $9990 | PMG Pipa Karma Go 9cm - Klay Kanyon
 d=129 | 12116 t1 huerfana $14990 | Pipa Pyrex Spectre 66- Top Smoke
       | 37592 t2 huerfana $9990 | PMG Pipa Karma Go 9cm - Klay Kanyon
 d=129 | 30978 t1 prod 5489 $8990 | Pipa Silicona Pocket Travel -Top Smoke - BLUE GLACIER
       | 37677 t2 huerfana $18990 | Eyce Spoon - Pipa silicona Extractos/Herbal - Bangin
 d=129 | 30988 t1 prod 5489 $8990 | Pipa Silicona Pocket Travel -Top Smoke - BLACK RIVER
       | 37680 t2 huerfana $18990 | Eyce Spoon - Pipa silicona Extractos/Herbal - Winter
 d=129 | 30989 t1 prod 5489 $8990 | Pipa Silicona Pocket Travel -Top Smoke - ORANGE SUNSET
       | 35401 t2 huerfana $8990 | PMG Pipa Kiwi 8cm - Negro
 d=129 | 30989 t1 prod 5489 $8990 | Pipa Silicona Pocket Travel -Top Smoke - ORANGE SUNSET
       | 37682 t2 huerfana $18990 | Eyce Spoon - Pipa silicona Extractos/Herbal - Planet
 d=129 | 30990 t1 prod 5489 $8990 | Pipa Silicona Pocket Travel -Top Smoke - PINK LADY
       | 37593 t2 huerfana $9990 | PMG Pipa Karma Go 9cm - Koryx
 d=129 | 32538 t1 prod 10202 $8990 | PiPA SILICONA POCKET -TOP SMOKE - BLUE LAGOON
       | 37678 t2 huerfana $18990 | Eyce Spoon - Pipa silicona Extractos/Herbal - Smoke Bla
 d=129 | 32541 t1 prod 10202 $8990 | PiPA SILICONA POCKET -TOP SMOKE - BLACK ONIX
       | 37680 t2 huerfana $18990 | Eyce Spoon - Pipa silicona Extractos/Herbal - Winter
 d=129 | 32542 t1 prod 10202 $8990 | PiPA SILICONA POCKET -TOP SMOKE - GREEN FOREST
       | 37677 t2 huerfana $18990 | Eyce Spoon - Pipa silicona Extractos/Herbal - Bangin
 d=129 | 32543 t1 prod 10202 $8990 | PiPA SILICONA POCKET -TOP SMOKE - ORANGE SUNSET
       | 37677 t2 huerfana $18990 | Eyce Spoon - Pipa silicona Extractos/Herbal - Bangin
 d=129 | 32544 t1 prod 10202 $8990 | PiPA SILICONA POCKET -TOP SMOKE - BLUE ICE
       | 37680 t2 huerfana $18990 | Eyce Spoon - Pipa silicona Extractos/Herbal - Winter
 d=129 | 32545 t1 prod 10202 $8990 | PiPA SILICONA POCKET -TOP SMOKE - RED GARNET
       | 37684 t2 huerfana $18990 | Eyce Spoon - Pipa silicona Extractos/Herbal - Cotton Ca
 d=129 | 32546 t1 prod 10202 $8990 | PiPA SILICONA POCKET -TOP SMOKE - ORANGE SUNRISE
       | 37677 t2 huerfana $18990 | Eyce Spoon - Pipa silicona Extractos/Herbal - Bangin
 d=129 | 32554 t1 prod 10202 $8990 | PiPA SILICONA POCKET -TOP SMOKE - BLUE AQUA
       | 37682 t2 huerfana $18990 | Eyce Spoon - Pipa silicona Extractos/Herbal - Planet
 d=130 | 1146 t1 huerfana $14990 | Pipa 4.5&quot; Pyrex Megaton 75- Top Smoke
       | 35134 t2 huerfana $13990 | Grav Pipa Pinch Spoon 8 cm - Negro
 d=130 | 1390 t4 huerfana $2700 | Pipa de Pyrex 6cm - GB The Green Brand
       | 2734 t1 huerfana $9990 | Pipa Pyrex Neonix 65- Top Smoke
 d=130 | 1390 t4 huerfana $2700 | Pipa de Pyrex 6cm - GB The Green Brand
       | 35136 t2 huerfana $13990 | Grav Pipa Pinch Spoon 8 cm - Azul
 d=130 | 2735 t1 huerfana $9990 | Pipa Pyrex Nexus 26- Top Smoke
       | 3211 t4 prod 5494 $9500 | Pipa Piecemaker Kazili de silicona - Growbarato
 d=130 | 2744 t1 huerfana $14990 | Pipa Pyrex Oblivion 41- Top Smoke
       | 3211 t4 prod 5494 $9500 | Pipa Piecemaker Kazili de silicona - Growbarato
 d=130 | 8162 t2 huerfana $19990 | Marley Natural Taster Hitter De Madera
       | 32553 t1 prod 10202 $8990 | PiPA SILICONA POCKET -TOP SMOKE - PINK CORAL
 d=130 | 9051 t1 prod 5489 $9990 | Pipa Silicona Pocket Travel -Top Smoke
       | 37679 t2 huerfana $18990 | Eyce Spoon - Pipa silicona Extractos/Herbal - Whiskey
 d=130 | 12110 t1 huerfana $9990 | Pipa Pyrex Shadow 52- Top Smoke
       | 35136 t2 huerfana $13990 | Grav Pipa Pinch Spoon 8 cm - Azul
 d=130 | 12515 t1 prod 10202 $8990 | PiPA SILICONA POCKET -TOP SMOKE
       | 37724 t2 huerfana $4990 | PMG Pipa Kwiki 5cm - Negra
 d=130 | 20175 t2 huerfana $49990 | Marley Natural Spoon Pipe
       | 30988 t1 prod 5489 $8990 | Pipa Silicona Pocket Travel -Top Smoke - BLACK RIVER
 d=130 | 30978 t1 prod 5489 $8990 | Pipa Silicona Pocket Travel -Top Smoke - BLUE GLACIER
       | 37679 t2 huerfana $18990 | Eyce Spoon - Pipa silicona Extractos/Herbal - Whiskey
 d=130 | 30979 t1 prod 5489 $8990 | Pipa Silicona Pocket Travel -Top Smoke - GREEN TUNDRA
       | 37678 t2 huerfana $18990 | Eyce Spoon - Pipa silicona Extractos/Herbal - Smoke Bla
 d=130 | 30982 t1 prod 5489 $8990 | Pipa Silicona Pocket Travel -Top Smoke - BLACK SHADOW
       | 35403 t2 huerfana $8990 | PMG Pipa Kiwi 8cm - Verde
 d=130 | 30984 t1 prod 5489 $8990 | Pipa Silicona Pocket Travel -Top Smoke - RED GARNET
       | 35401 t2 huerfana $8990 | PMG Pipa Kiwi 8cm - Negro
 d=130 | 30986 t1 prod 5489 $8990 | Pipa Silicona Pocket Travel -Top Smoke - BLACK ONYX
       | 33592 t2 huerfana $10990 | PMG Pipa Kazili 12cm - Hibiscus Red Camo
 d=130 | 30987 t1 prod 5489 $8990 | Pipa Silicona Pocket Travel -Top Smoke - BLUE LAGOON
       | 37679 t2 huerfana $18990 | Eyce Spoon - Pipa silicona Extractos/Herbal - Whiskey
 d=130 | 30989 t1 prod 5489 $8990 | Pipa Silicona Pocket Travel -Top Smoke - ORANGE SUNSET
       | 37678 t2 huerfana $18990 | Eyce Spoon - Pipa silicona Extractos/Herbal - Smoke Bla
 d=130 | 30989 t1 prod 5489 $8990 | Pipa Silicona Pocket Travel -Top Smoke - ORANGE SUNSET
       | 37724 t2 huerfana $4990 | PMG Pipa Kwiki 5cm - Negra
 d=130 | 30990 t1 prod 5489 $8990 | Pipa Silicona Pocket Travel -Top Smoke - PINK LADY
       | 37679 t2 huerfana $18990 | Eyce Spoon - Pipa silicona Extractos/Herbal - Whiskey
 d=130 | 30991 t1 prod 5489 $8990 | Pipa Silicona Pocket Travel -Top Smoke - ORANGE SUNRISE
       | 37682 t2 huerfana $18990 | Eyce Spoon - Pipa silicona Extractos/Herbal - Planet
 d=130 | 32538 t1 prod 10202 $8990 | PiPA SILICONA POCKET -TOP SMOKE - BLUE LAGOON
       | 37677 t2 huerfana $18990 | Eyce Spoon - Pipa silicona Extractos/Herbal - Bangin
 d=130 | 32543 t1 prod 10202 $8990 | PiPA SILICONA POCKET -TOP SMOKE - ORANGE SUNSET
       | 37678 t2 huerfana $18990 | Eyce Spoon - Pipa silicona Extractos/Herbal - Smoke Bla
 d=130 | 32544 t1 prod 10202 $8990 | PiPA SILICONA POCKET -TOP SMOKE - BLUE ICE
       | 37678 t2 huerfana $18990 | Eyce Spoon - Pipa silicona Extractos/Herbal - Smoke Bla
 d=130 | 32548 t1 prod 10202 $8990 | PiPA SILICONA POCKET -TOP SMOKE - YELLOW SUNFLOWER
       | 37724 t2 huerfana $4990 | PMG Pipa Kwiki 5cm - Negra
 d=130 | 32551 t1 prod 10202 $8990 | PiPA SILICONA POCKET -TOP SMOKE - PINK LADY
       | 37680 t2 huerfana $18990 | Eyce Spoon - Pipa silicona Extractos/Herbal - Winter
 d=130 | 32552 t1 prod 10202 $8990 | PiPA SILICONA POCKET -TOP SMOKE - RED MAPLE
       | 35404 t2 huerfana $8990 | PMG Pipa Kiwi 8cm - Red
 d=130 | 32552 t1 prod 10202 $8990 | PiPA SILICONA POCKET -TOP SMOKE - RED MAPLE
       | 37686 t2 huerfana $18990 | Eyce Spoon - Pipa silicona Extractos/Herbal - Desert
 d=130 | 32554 t1 prod 10202 $8990 | PiPA SILICONA POCKET -TOP SMOKE - BLUE AQUA
       | 37679 t2 huerfana $18990 | Eyce Spoon - Pipa silicona Extractos/Herbal - Whiskey
 d=131 | 506 t3 prod 5489 $5844 | Pipa Top Smoke Pocket Travel | PIRANHA
       | 8162 t2 huerfana $19990 | Marley Natural Taster Hitter De Madera
 d=131 | 506 t3 prod 5489 $5844 | Pipa Top Smoke Pocket Travel | PIRANHA
       | 8176 t2 huerfana $29490 | Marley Natural Pipa Steam Roller
 d=131 | 686 t3 prod 6777 $6490 | Hitter American 1.8mm - BongLab | PIRANHA
       | 20175 t2 huerfana $49990 | Marley Natural Spoon Pipe
 d=131 | 686 t3 prod 6777 $6490 | Hitter American 1.8mm - BongLab | PIRANHA
       | 37679 t2 huerfana $18990 | Eyce Spoon - Pipa silicona Extractos/Herbal - Whiskey
 d=131 | 1146 t1 huerfana $14990 | Pipa 4.5&quot; Pyrex Megaton 75- Top Smoke
       | 3211 t4 prod 5494 $9500 | Pipa Piecemaker Kazili de silicona - Growbarato
 d=131 | 1390 t4 huerfana $2700 | Pipa de Pyrex 6cm - GB The Green Brand
       | 12107 t1 huerfana $9990 | Pipa Pyrex Riot 17- Top Smoke
 d=131 | 12116 t1 huerfana $14990 | Pipa Pyrex Spectre 66- Top Smoke
       | 35134 t2 huerfana $13990 | Grav Pipa Pinch Spoon 8 cm - Negro
 d=131 | 12138 t1 huerfana $9990 | Pipa Pyrex Voltage 45- Top Smoke
       | 35134 t2 huerfana $13990 | Grav Pipa Pinch Spoon 8 cm - Negro
 d=131 | 20175 t2 huerfana $49990 | Marley Natural Spoon Pipe
       | 32540 t1 prod 10202 $8990 | PiPA SILICONA POCKET -TOP SMOKE - BLACK RIVER
 d=131 | 20268 t2 huerfana $4990 | PMG Pipa Kwiki 5cm
       | 30990 t1 prod 5489 $8990 | Pipa Silicona Pocket Travel -Top Smoke - PINK LADY
 d=131 | 20268 t2 huerfana $4990 | PMG Pipa Kwiki 5cm
       | 32543 t1 prod 10202 $8990 | PiPA SILICONA POCKET -TOP SMOKE - ORANGE SUNSET
 d=131 | 30979 t1 prod 5489 $8990 | Pipa Silicona Pocket Travel -Top Smoke - GREEN TUNDRA
       | 37680 t2 huerfana $18990 | Eyce Spoon - Pipa silicona Extractos/Herbal - Winter
 d=131 | 30983 t1 prod 5489 $8990 | Pipa Silicona Pocket Travel -Top Smoke - PINK CORAL
       | 37679 t2 huerfana $18990 | Eyce Spoon - Pipa silicona Extractos/Herbal - Whiskey
 d=131 | 30984 t1 prod 5489 $8990 | Pipa Silicona Pocket Travel -Top Smoke - RED GARNET
       | 35404 t2 huerfana $8990 | PMG Pipa Kiwi 8cm - Red
 d=131 | 30985 t1 prod 5489 $8990 | Pipa Silicona Pocket Travel -Top Smoke - BLACK RAVEN
       | 37680 t2 huerfana $18990 | Eyce Spoon - Pipa silicona Extractos/Herbal - Winter
 d=131 | 30986 t1 prod 5489 $8990 | Pipa Silicona Pocket Travel -Top Smoke - BLACK ONYX
       | 35401 t2 huerfana $8990 | PMG Pipa Kiwi 8cm - Negro
 d=131 | 30990 t1 prod 5489 $8990 | Pipa Silicona Pocket Travel -Top Smoke - PINK LADY
       | 37728 t2 huerfana $4990 | PMG Pipa Kwiki 5cm - Kotton Kandy
 d=131 | 32543 t1 prod 10202 $8990 | PiPA SILICONA POCKET -TOP SMOKE - ORANGE SUNSET
       | 37728 t2 huerfana $4990 | PMG Pipa Kwiki 5cm - Kotton Kandy
 d=131 | 32546 t1 prod 10202 $8990 | PiPA SILICONA POCKET -TOP SMOKE - ORANGE SUNRISE
       | 35401 t2 huerfana $8990 | PMG Pipa Kiwi 8cm - Negro
 d=131 | 32547 t1 prod 10202 $8990 | PiPA SILICONA POCKET -TOP SMOKE - YELLOW LEMONGRASS
       | 37684 t2 huerfana $18990 | Eyce Spoon - Pipa silicona Extractos/Herbal - Cotton Ca
 d=131 | 32554 t1 prod 10202 $8990 | PiPA SILICONA POCKET -TOP SMOKE - BLUE AQUA
       | 35401 t2 huerfana $8990 | PMG Pipa Kiwi 8cm - Negro
 d=132 | 2734 t1 huerfana $9990 | Pipa Pyrex Neonix 65- Top Smoke
       | 11506 t4 huerfana $5500 | Pipa Abeja De Silicona con diseño y tamaño compacto
 d=132 | 2735 t1 huerfana $9990 | Pipa Pyrex Nexus 26- Top Smoke
       | 35136 t2 huerfana $13990 | Grav Pipa Pinch Spoon 8 cm - Azul
 d=132 | 2744 t1 huerfana $14990 | Pipa Pyrex Oblivion 41- Top Smoke
       | 15552 t3 prod 10357 $12990 | Pipa Pyrex Top Smoke | PIRANHA
 d=132 | 8116 t2 prod 6774 $21741 | Calvo Glass Pipa Hammer WigWag 13cm
       | 12110 t1 huerfana $9990 | Pipa Pyrex Shadow 52- Top Smoke
 d=132 | 8176 t2 huerfana $29490 | Marley Natural Pipa Steam Roller
       | 10989 t3 prod 10202 $4794 | Pipa Top Smoke Pocket | PIRANHA
 d=132 | 8176 t2 huerfana $29490 | Marley Natural Pipa Steam Roller
       | 30986 t1 prod 5489 $8990 | Pipa Silicona Pocket Travel -Top Smoke - BLACK ONYX
 d=132 | 8176 t2 huerfana $29490 | Marley Natural Pipa Steam Roller
       | 32550 t1 prod 10202 $8990 | PiPA SILICONA POCKET -TOP SMOKE - BLACK RAVEN
 d=132 | 12099 t1 huerfana $9990 | Pipa Pyrex Pyro 24- Top Smoke
       | 37591 t2 huerfana $9990 | PMG Pipa Karma Go 9cm - Electric Evergreen
 d=132 | 12110 t1 huerfana $9990 | Pipa Pyrex Shadow 52- Top Smoke
       | 35009 t2 prod 6774 $21741 | Calvo Glass Pipa Hammer WigWag 13cm - Negro
 d=132 | 12134 t1 huerfana $9990 | Pipa Pyrex Venomix 25- Top Smoke
       | 34841 t2 huerfana $19990 | MJ Arsenal Pipa Pioneer 9.5cm - Onyx
 d=132 | 12136 t1 huerfana $9990 | Pipa Pyrex Void 44- Top Smoke
       | 15552 t3 prod 10357 $12990 | Pipa Pyrex Top Smoke | PIRANHA
 d=132 | 12136 t1 huerfana $9990 | Pipa Pyrex Void 44- Top Smoke
       | 35136 t2 huerfana $13990 | Grav Pipa Pinch Spoon 8 cm - Azul
 d=132 | 12515 t1 prod 10202 $8990 | PiPA SILICONA POCKET -TOP SMOKE
       | 35403 t2 huerfana $8990 | PMG Pipa Kiwi 8cm - Verde
 d=132 | 12515 t1 prod 10202 $8990 | PiPA SILICONA POCKET -TOP SMOKE
       | 37679 t2 huerfana $18990 | Eyce Spoon - Pipa silicona Extractos/Herbal - Whiskey
 d=132 | 30981 t1 prod 5489 $8990 | Pipa Silicona Pocket Travel -Top Smoke - RED MAPLE
       | 35401 t2 huerfana $8990 | PMG Pipa Kiwi 8cm - Negro
 d=132 | 30986 t1 prod 5489 $8990 | Pipa Silicona Pocket Travel -Top Smoke - BLACK ONYX
       | 37724 t2 huerfana $4990 | PMG Pipa Kwiki 5cm - Negra
 d=132 | 30987 t1 prod 5489 $8990 | Pipa Silicona Pocket Travel -Top Smoke - BLUE LAGOON
       | 35404 t2 huerfana $8990 | PMG Pipa Kiwi 8cm - Red
 d=132 | 30987 t1 prod 5489 $8990 | Pipa Silicona Pocket Travel -Top Smoke - BLUE LAGOON
       | 37678 t2 huerfana $18990 | Eyce Spoon - Pipa silicona Extractos/Herbal - Smoke Bla
 d=132 | 30991 t1 prod 5489 $8990 | Pipa Silicona Pocket Travel -Top Smoke - ORANGE SUNRISE
       | 35401 t2 huerfana $8990 | PMG Pipa Kiwi 8cm - Negro
 d=132 | 30995 t1 prod 5489 $8990 | Pipa Silicona Pocket Travel -Top Smoke - GREEN FOREST
       | 35403 t2 huerfana $8990 | PMG Pipa Kiwi 8cm - Verde
 d=132 | 30995 t1 prod 5489 $8990 | Pipa Silicona Pocket Travel -Top Smoke - GREEN FOREST
       | 37724 t2 huerfana $4990 | PMG Pipa Kwiki 5cm - Negra
 d=132 | 32538 t1 prod 10202 $8990 | PiPA SILICONA POCKET -TOP SMOKE - BLUE LAGOON
       | 37684 t2 huerfana $18990 | Eyce Spoon - Pipa silicona Extractos/Herbal - Cotton Ca
 d=132 | 32543 t1 prod 10202 $8990 | PiPA SILICONA POCKET -TOP SMOKE - ORANGE SUNSET
       | 35403 t2 huerfana $8990 | PMG Pipa Kiwi 8cm - Verde
 d=132 | 32548 t1 prod 10202 $8990 | PiPA SILICONA POCKET -TOP SMOKE - YELLOW SUNFLOWER
       | 35403 t2 huerfana $8990 | PMG Pipa Kiwi 8cm - Verde
 d=132 | 32548 t1 prod 10202 $8990 | PiPA SILICONA POCKET -TOP SMOKE - YELLOW SUNFLOWER
       | 37679 t2 huerfana $18990 | Eyce Spoon - Pipa silicona Extractos/Herbal - Whiskey
 d=132 | 32551 t1 prod 10202 $8990 | PiPA SILICONA POCKET -TOP SMOKE - PINK LADY
       | 35401 t2 huerfana $8990 | PMG Pipa Kiwi 8cm - Negro
 d=133 | 490 t3 huerfana $8990 | Pipa Pyrex Top Smoke | PIRANHA
       | 12141 t1 huerfana $14990 | Pipa Pyrex Xenon 102- Top Smoke
 d=133 | 1072 t3 prod 5491 $9483 | Pipa Karma PieceMaker
       | 33588 t2 huerfana $8990 | PMG Pipa Karma 9 cm - Bama Burgundy
 d=133 | 1390 t4 huerfana $2700 | Pipa de Pyrex 6cm - GB The Green Brand
       | 8121 t2 huerfana $13990 | Grav Pipa Pinch Spoon 8 cm
 d=133 | 1390 t4 huerfana $2700 | Pipa de Pyrex 6cm - GB The Green Brand
       | 35135 t2 huerfana $13990 | Grav Pipa Pinch Spoon 8 cm - Rosado
 d=133 | 1390 t4 huerfana $2700 | Pipa de Pyrex 6cm - GB The Green Brand
       | 35137 t2 huerfana $13990 | Grav Pipa Pinch Spoon 8 cm - Verde
 d=133 | 1390 t4 huerfana $2700 | Pipa de Pyrex 6cm - GB The Green Brand
       | 37592 t2 huerfana $9990 | PMG Pipa Karma Go 9cm - Klay Kanyon
 d=133 | 2703 t1 huerfana $17990 | Pipa Pyrex Delta 22- Top Smoke
       | 15552 t3 prod 10357 $12990 | Pipa Pyrex Top Smoke | PIRANHA
 d=133 | 2707 t1 huerfana $9990 | Pipa Pyrex Eclipse 14- Top Smoke
       | 37685 t2 huerfana $18990 | Eyce Spoon - Pipa silicona Extractos/Herbal - Grateful 
 d=133 | 2734 t1 huerfana $9990 | Pipa Pyrex Neonix 65- Top Smoke
       | 35137 t2 huerfana $13990 | Grav Pipa Pinch Spoon 8 cm - Verde
 d=133 | 3198 t4 huerfana $5100 | Pipa Silicona Venon | Portátil y resistente
       | 12110 t1 huerfana $9990 | Pipa Pyrex Shadow 52- Top Smoke
 d=133 | 8162 t2 huerfana $19990 | Marley Natural Taster Hitter De Madera
       | 32539 t1 prod 10202 $8990 | PiPA SILICONA POCKET -TOP SMOKE - BLACK SHADOW
 d=133 | 8176 t2 huerfana $29490 | Marley Natural Pipa Steam Roller
       | 30984 t1 prod 5489 $8990 | Pipa Silicona Pocket Travel -Top Smoke - RED GARNET
 d=133 | 8176 t2 huerfana $29490 | Marley Natural Pipa Steam Roller
       | 32551 t1 prod 10202 $8990 | PiPA SILICONA POCKET -TOP SMOKE - PINK LADY
 d=133 | 9051 t1 prod 5489 $9990 | Pipa Silicona Pocket Travel -Top Smoke
       | 35401 t2 huerfana $8990 | PMG Pipa Kiwi 8cm - Negro
 d=133 | 9051 t1 prod 5489 $9990 | Pipa Silicona Pocket Travel -Top Smoke
       | 37684 t2 huerfana $18990 | Eyce Spoon - Pipa silicona Extractos/Herbal - Cotton Ca
 d=133 | 10989 t3 prod 10202 $4794 | Pipa Top Smoke Pocket | PIRANHA
       | 37680 t2 huerfana $18990 | Eyce Spoon - Pipa silicona Extractos/Herbal - Winter
 d=133 | 10989 t3 prod 10202 $4794 | Pipa Top Smoke Pocket | PIRANHA
       | 37684 t2 huerfana $18990 | Eyce Spoon - Pipa silicona Extractos/Herbal - Cotton Ca
 d=133 | 12110 t1 huerfana $9990 | Pipa Pyrex Shadow 52- Top Smoke
       | 37590 t2 huerfana $9990 | PMG Pipa Karma Go 9cm - Cyanara
 d=133 | 20175 t2 huerfana $49990 | Marley Natural Spoon Pipe
       | 30984 t1 prod 5489 $8990 | Pipa Silicona Pocket Travel -Top Smoke - RED GARNET
 d=133 | 20175 t2 huerfana $49990 | Marley Natural Spoon Pipe
       | 32551 t1 prod 10202 $8990 | PiPA SILICONA POCKET -TOP SMOKE - PINK LADY
 d=133 | 20253 t2 huerfana $18990 | Eyce Spoon - Pipa silicona Extractos/Herbal
       | 32541 t1 prod 10202 $8990 | PiPA SILICONA POCKET -TOP SMOKE - BLACK ONIX
 d=133 | 20268 t2 huerfana $4990 | PMG Pipa Kwiki 5cm
       | 32546 t1 prod 10202 $8990 | PiPA SILICONA POCKET -TOP SMOKE - ORANGE SUNRISE
 d=133 | 30978 t1 prod 5489 $8990 | Pipa Silicona Pocket Travel -Top Smoke - BLUE GLACIER
       | 35401 t2 huerfana $8990 | PMG Pipa Kiwi 8cm - Negro
 d=133 | 30978 t1 prod 5489 $8990 | Pipa Silicona Pocket Travel -Top Smoke - BLUE GLACIER
       | 37684 t2 huerfana $18990 | Eyce Spoon - Pipa silicona Extractos/Herbal - Cotton Ca
 d=133 | 30983 t1 prod 5489 $8990 | Pipa Silicona Pocket Travel -Top Smoke - PINK CORAL
       | 33592 t2 huerfana $10990 | PMG Pipa Kazili 12cm - Hibiscus Red Camo
 d=133 | 30986 t1 prod 5489 $8990 | Pipa Silicona Pocket Travel -Top Smoke - BLACK ONYX
       | 37684 t2 huerfana $18990 | Eyce Spoon - Pipa silicona Extractos/Herbal - Cotton Ca
 d=133 | 30989 t1 prod 5489 $8990 | Pipa Silicona Pocket Travel -Top Smoke - ORANGE SUNSET
       | 37680 t2 huerfana $18990 | Eyce Spoon - Pipa silicona Extractos/Herbal - Winter
 d=133 | 30991 t1 prod 5489 $8990 | Pipa Silicona Pocket Travel -Top Smoke - ORANGE SUNRISE
       | 37724 t2 huerfana $4990 | PMG Pipa Kwiki 5cm - Negra
 d=133 | 30992 t1 prod 5489 $8990 | Pipa Silicona Pocket Travel -Top Smoke - YELLOW SUNFLOW
       | 35402 t2 huerfana $8990 | PMG Pipa Kiwi 8cm - Azul
 d=133 | 30992 t1 prod 5489 $8990 | Pipa Silicona Pocket Travel -Top Smoke - YELLOW SUNFLOW
       | 35404 t2 huerfana $8990 | PMG Pipa Kiwi 8cm - Red
 d=133 | 30993 t1 prod 5489 $8990 | Pipa Silicona Pocket Travel -Top Smoke - YELLOW LEMONGR
       | 37678 t2 huerfana $18990 | Eyce Spoon - Pipa silicona Extractos/Herbal - Smoke Bla
 d=133 | 30994 t1 prod 5489 $8990 | Pipa Silicona Pocket Travel -Top Smoke - BLUE AQUA
       | 37680 t2 huerfana $18990 | Eyce Spoon - Pipa silicona Extractos/Herbal - Winter
 d=133 | 30995 t1 prod 5489 $8990 | Pipa Silicona Pocket Travel -Top Smoke - GREEN FOREST
       | 37684 t2 huerfana $18990 | Eyce Spoon - Pipa silicona Extractos/Herbal - Cotton Ca
 d=133 | 32540 t1 prod 10202 $8990 | PiPA SILICONA POCKET -TOP SMOKE - BLACK RIVER
       | 35404 t2 huerfana $8990 | PMG Pipa Kiwi 8cm - Red
 d=133 | 32540 t1 prod 10202 $8990 | PiPA SILICONA POCKET -TOP SMOKE - BLACK RIVER
       | 37686 t2 huerfana $18990 | Eyce Spoon - Pipa silicona Extractos/Herbal - Desert
 d=133 | 32540 t1 prod 10202 $8990 | PiPA SILICONA POCKET -TOP SMOKE - BLACK RIVER
       | 37724 t2 huerfana $4990 | PMG Pipa Kwiki 5cm - Negra
 d=133 | 32541 t1 prod 10202 $8990 | PiPA SILICONA POCKET -TOP SMOKE - BLACK ONIX
       | 37683 t2 huerfana $18990 | Eyce Spoon - Pipa silicona Extractos/Herbal - Everglade
 d=133 | 32543 t1 prod 10202 $8990 | PiPA SILICONA POCKET -TOP SMOKE - ORANGE SUNSET
       | 37680 t2 huerfana $18990 | Eyce Spoon - Pipa silicona Extractos/Herbal - Winter
 d=133 | 32543 t1 prod 10202 $8990 | PiPA SILICONA POCKET -TOP SMOKE - ORANGE SUNSET
       | 37684 t2 huerfana $18990 | Eyce Spoon - Pipa silicona Extractos/Herbal - Cotton Ca
 d=133 | 32544 t1 prod 10202 $8990 | PiPA SILICONA POCKET -TOP SMOKE - BLUE ICE
       | 37677 t2 huerfana $18990 | Eyce Spoon - Pipa silicona Extractos/Herbal - Bangin
 d=133 | 32546 t1 prod 10202 $8990 | PiPA SILICONA POCKET -TOP SMOKE - ORANGE SUNRISE
       | 37728 t2 huerfana $4990 | PMG Pipa Kwiki 5cm - Kotton Kandy
 d=133 | 32550 t1 prod 10202 $8990 | PiPA SILICONA POCKET -TOP SMOKE - BLACK RAVEN
       | 37680 t2 huerfana $18990 | Eyce Spoon - Pipa silicona Extractos/Herbal - Winter
 d=133 | 32550 t1 prod 10202 $8990 | PiPA SILICONA POCKET -TOP SMOKE - BLACK RAVEN
       | 37684 t2 huerfana $18990 | Eyce Spoon - Pipa silicona Extractos/Herbal - Cotton Ca
 d=134 | 686 t3 prod 6777 $6490 | Hitter American 1.8mm - BongLab | PIRANHA
       | 37593 t2 huerfana $9990 | PMG Pipa Karma Go 9cm - Koryx
 d=134 | 1353 t3 huerfana $6990 | Pipa Pyrex Top Smoke | PIRANHA
       | 2704 t1 huerfana $9990 | Pipa Pyrex Dominion 40- Top Smoke
 d=134 | 2693 t1 huerfana $9990 | Pipa Pyrex Blast 18- Top Smoke
       | 15552 t3 prod 10357 $12990 | Pipa Pyrex Top Smoke | PIRANHA
 d=134 | 2734 t1 huerfana $9990 | Pipa Pyrex Neonix 65- Top Smoke
       | 8116 t2 prod 6774 $21741 | Calvo Glass Pipa Hammer WigWag 13cm
 d=134 | 2734 t1 huerfana $9990 | Pipa Pyrex Neonix 65- Top Smoke
       | 35009 t2 prod 6774 $21741 | Calvo Glass Pipa Hammer WigWag 13cm - Negro
 d=134 | 2735 t1 huerfana $9990 | Pipa Pyrex Nexus 26- Top Smoke
       | 35010 t2 huerfana $21741 | Calvo Glass Pipa Hammer WigWag 13cm - Verde
 d=134 | 2740 t1 huerfana $9990 | Pipa Pyrex Nitroshock 79- Top Smoke
       | 33603 t2 prod 5795 $17990 | PMG Pipa Konjurer 32cm - Macaw Red
 d=134 | 2750 t1 huerfana $9990 | Pipa Pyrex Overdrive 72- Top Smoke
       | 3211 t4 prod 5494 $9500 | Pipa Piecemaker Kazili de silicona - Growbarato
 d=134 | 2750 t1 huerfana $9990 | Pipa Pyrex Overdrive 72- Top Smoke
       | 35136 t2 huerfana $13990 | Grav Pipa Pinch Spoon 8 cm - Azul
 d=134 | 8176 t2 huerfana $29490 | Marley Natural Pipa Steam Roller
       | 9051 t1 prod 5489 $9990 | Pipa Silicona Pocket Travel -Top Smoke
 d=134 | 8176 t2 huerfana $29490 | Marley Natural Pipa Steam Roller
       | 30978 t1 prod 5489 $8990 | Pipa Silicona Pocket Travel -Top Smoke - BLUE GLACIER
 d=134 | 8176 t2 huerfana $29490 | Marley Natural Pipa Steam Roller
       | 32547 t1 prod 10202 $8990 | PiPA SILICONA POCKET -TOP SMOKE - YELLOW LEMONGRASS
 d=134 | 9051 t1 prod 5489 $9990 | Pipa Silicona Pocket Travel -Top Smoke
       | 33592 t2 huerfana $10990 | PMG Pipa Kazili 12cm - Hibiscus Red Camo
 d=134 | 9051 t1 prod 5489 $9990 | Pipa Silicona Pocket Travel -Top Smoke
       | 37724 t2 huerfana $4990 | PMG Pipa Kwiki 5cm - Negra
 d=134 | 10989 t3 prod 10202 $4794 | Pipa Top Smoke Pocket | PIRANHA
       | 35403 t2 huerfana $8990 | PMG Pipa Kiwi 8cm - Verde
 d=134 | 12515 t1 prod 10202 $8990 | PiPA SILICONA POCKET -TOP SMOKE
       | 33592 t2 huerfana $10990 | PMG Pipa Kazili 12cm - Hibiscus Red Camo
 d=134 | 20175 t2 huerfana $49990 | Marley Natural Spoon Pipe
       | 32541 t1 prod 10202 $8990 | PiPA SILICONA POCKET -TOP SMOKE - BLACK ONIX
 d=134 | 30978 t1 prod 5489 $8990 | Pipa Silicona Pocket Travel -Top Smoke - BLUE GLACIER
       | 33592 t2 huerfana $10990 | PMG Pipa Kazili 12cm - Hibiscus Red Camo
 d=134 | 30978 t1 prod 5489 $8990 | Pipa Silicona Pocket Travel -Top Smoke - BLUE GLACIER
       | 37724 t2 huerfana $4990 | PMG Pipa Kwiki 5cm - Negra
 d=134 | 30979 t1 prod 5489 $8990 | Pipa Silicona Pocket Travel -Top Smoke - GREEN TUNDRA
       | 37679 t2 huerfana $18990 | Eyce Spoon - Pipa silicona Extractos/Herbal - Whiskey
 d=134 | 30981 t1 prod 5489 $8990 | Pipa Silicona Pocket Travel -Top Smoke - RED MAPLE
       | 37684 t2 huerfana $18990 | Eyce Spoon - Pipa silicona Extractos/Herbal - Cotton Ca
 d=134 | 30983 t1 prod 5489 $8990 | Pipa Silicona Pocket Travel -Top Smoke - PINK CORAL
       | 37680 t2 huerfana $18990 | Eyce Spoon - Pipa silicona Extractos/Herbal - Winter
 d=134 | 30984 t1 prod 5489 $8990 | Pipa Silicona Pocket Travel -Top Smoke - RED GARNET
       | 37677 t2 huerfana $18990 | Eyce Spoon - Pipa silicona Extractos/Herbal - Bangin
 d=134 | 30984 t1 prod 5489 $8990 | Pipa Silicona Pocket Travel -Top Smoke - RED GARNET
       | 37682 t2 huerfana $18990 | Eyce Spoon - Pipa silicona Extractos/Herbal - Planet
 d=134 | 30985 t1 prod 5489 $8990 | Pipa Silicona Pocket Travel -Top Smoke - BLACK RAVEN
       | 33592 t2 huerfana $10990 | PMG Pipa Kazili 12cm - Hibiscus Red Camo
 d=134 | 30986 t1 prod 5489 $8990 | Pipa Silicona Pocket Travel -Top Smoke - BLACK ONYX
       | 35402 t2 huerfana $8990 | PMG Pipa Kiwi 8cm - Azul
 d=134 | 30986 t1 prod 5489 $8990 | Pipa Silicona Pocket Travel -Top Smoke - BLACK ONYX
       | 35404 t2 huerfana $8990 | PMG Pipa Kiwi 8cm - Red
 d=134 | 30987 t1 prod 5489 $8990 | Pipa Silicona Pocket Travel -Top Smoke - BLUE LAGOON
       | 35402 t2 huerfana $8990 | PMG Pipa Kiwi 8cm - Azul
 d=134 | 30987 t1 prod 5489 $8990 | Pipa Silicona Pocket Travel -Top Smoke - BLUE LAGOON
       | 37724 t2 huerfana $4990 | PMG Pipa Kwiki 5cm - Negra
 d=134 | 30988 t1 prod 5489 $8990 | Pipa Silicona Pocket Travel -Top Smoke - BLACK RIVER
       | 35403 t2 huerfana $8990 | PMG Pipa Kiwi 8cm - Verde
 d=134 | 30988 t1 prod 5489 $8990 | Pipa Silicona Pocket Travel -Top Smoke - BLACK RIVER
       | 37678 t2 huerfana $18990 | Eyce Spoon - Pipa silicona Extractos/Herbal - Smoke Bla
 d=134 | 30989 t1 prod 5489 $8990 | Pipa Silicona Pocket Travel -Top Smoke - ORANGE SUNSET
       | 35402 t2 huerfana $8990 | PMG Pipa Kiwi 8cm - Azul
 d=134 | 30990 t1 prod 5489 $8990 | Pipa Silicona Pocket Travel -Top Smoke - PINK LADY
       | 37678 t2 huerfana $18990 | Eyce Spoon - Pipa silicona Extractos/Herbal - Smoke Bla
 d=134 | 30991 t1 prod 5489 $8990 | Pipa Silicona Pocket Travel -Top Smoke - ORANGE SUNRISE
       | 37680 t2 huerfana $18990 | Eyce Spoon - Pipa silicona Extractos/Herbal - Winter
 d=134 | 30993 t1 prod 5489 $8990 | Pipa Silicona Pocket Travel -Top Smoke - YELLOW LEMONGR
       | 37684 t2 huerfana $18990 | Eyce Spoon - Pipa silicona Extractos/Herbal - Cotton Ca
 d=134 | 32538 t1 prod 10202 $8990 | PiPA SILICONA POCKET -TOP SMOKE - BLUE LAGOON
       | 35401 t2 huerfana $8990 | PMG Pipa Kiwi 8cm - Negro
 d=134 | 32541 t1 prod 10202 $8990 | PiPA SILICONA POCKET -TOP SMOKE - BLACK ONIX
       | 37724 t2 huerfana $4990 | PMG Pipa Kwiki 5cm - Negra
 d=134 | 32542 t1 prod 10202 $8990 | PiPA SILICONA POCKET -TOP SMOKE - GREEN FOREST
       | 33592 t2 huerfana $10990 | PMG Pipa Kazili 12cm - Hibiscus Red Camo
 d=134 | 32542 t1 prod 10202 $8990 | PiPA SILICONA POCKET -TOP SMOKE - GREEN FOREST
       | 37724 t2 huerfana $4990 | PMG Pipa Kwiki 5cm - Negra
 d=134 | 32546 t1 prod 10202 $8990 | PiPA SILICONA POCKET -TOP SMOKE - ORANGE SUNRISE
       | 35403 t2 huerfana $8990 | PMG Pipa Kiwi 8cm - Verde
 d=134 | 32547 t1 prod 10202 $8990 | PiPA SILICONA POCKET -TOP SMOKE - YELLOW LEMONGRASS
       | 33592 t2 huerfana $10990 | PMG Pipa Kazili 12cm - Hibiscus Red Camo
 d=134 | 32548 t1 prod 10202 $8990 | PiPA SILICONA POCKET -TOP SMOKE - YELLOW SUNFLOWER
       | 33592 t2 huerfana $10990 | PMG Pipa Kazili 12cm - Hibiscus Red Camo
 d=134 | 32549 t1 prod 10202 $8990 | PiPA SILICONA POCKET -TOP SMOKE - GREEN TUNDRA
       | 37677 t2 huerfana $18990 | Eyce Spoon - Pipa silicona Extractos/Herbal - Bangin
 d=134 | 32550 t1 prod 10202 $8990 | PiPA SILICONA POCKET -TOP SMOKE - BLACK RAVEN
       | 35403 t2 huerfana $8990 | PMG Pipa Kiwi 8cm - Verde
 d=134 | 32552 t1 prod 10202 $8990 | PiPA SILICONA POCKET -TOP SMOKE - RED MAPLE
       | 33592 t2 huerfana $10990 | PMG Pipa Kazili 12cm - Hibiscus Red Camo
 d=134 | 32554 t1 prod 10202 $8990 | PiPA SILICONA POCKET -TOP SMOKE - BLUE AQUA
       | 35402 t2 huerfana $8990 | PMG Pipa Kiwi 8cm - Azul
 d=135 | 490 t3 huerfana $8990 | Pipa Pyrex Top Smoke | PIRANHA
       | 2734 t1 huerfana $9990 | Pipa Pyrex Neonix 65- Top Smoke
 d=135 | 506 t3 prod 5489 $5844 | Pipa Top Smoke Pocket Travel | PIRANHA
       | 37724 t2 huerfana $4990 | PMG Pipa Kwiki 5cm - Negra
 d=135 | 1378 t4 huerfana $30600 | Pipa Colector Néctar 23 cm para extracciones - GrowBara
       | 5472 t3 prod 5795 $21592 | Pipa Konjurer PieceMaker
 d=135 | 1378 t4 huerfana $30600 | Pipa Colector Néctar 23 cm para extracciones - GrowBara
       | 12136 t1 huerfana $9990 | Pipa Pyrex Void 44- Top Smoke
 d=135 | 1378 t4 huerfana $30600 | Pipa Colector Néctar 23 cm para extracciones - GrowBara
       | 33607 t2 prod 5795 $17990 | PMG Pipa Konjurer 32cm - Indy Glow
 d=135 | 1390 t4 huerfana $2700 | Pipa de Pyrex 6cm - GB The Green Brand
       | 2699 t1 huerfana $14990 | Pipa Pyrex Cyclonix 78- Top Smoke
 d=135 | 1390 t4 huerfana $2700 | Pipa de Pyrex 6cm - GB The Green Brand
       | 35139 t2 huerfana $13990 | Grav Pipa Pinch Spoon 8 cm - Lavanda
 d=135 | 12110 t1 huerfana $9990 | Pipa Pyrex Shadow 52- Top Smoke
       | 37592 t2 huerfana $9990 | PMG Pipa Karma Go 9cm - Klay Kanyon
 d=135 | 12136 t1 huerfana $9990 | Pipa Pyrex Void 44- Top Smoke
       | 35134 t2 huerfana $13990 | Grav Pipa Pinch Spoon 8 cm - Negro
 d=135 | 12136 t1 huerfana $9990 | Pipa Pyrex Void 44- Top Smoke
       | 37590 t2 huerfana $9990 | PMG Pipa Karma Go 9cm - Cyanara
 d=135 | 12143 t1 huerfana $14990 | Pipa Pyrex Zenithron 123- Top Smoke
       | 37592 t2 huerfana $9990 | PMG Pipa Karma Go 9cm - Klay Kanyon
 d=135 | 30979 t1 prod 5489 $8990 | Pipa Silicona Pocket Travel -Top Smoke - GREEN TUNDRA
       | 37684 t2 huerfana $18990 | Eyce Spoon - Pipa silicona Extractos/Herbal - Cotton Ca
 d=135 | 30980 t1 prod 5489 $8990 | Pipa Silicona Pocket Travel -Top Smoke - BLUE ICE
       | 33592 t2 huerfana $10990 | PMG Pipa Kazili 12cm - Hibiscus Red Camo
 d=135 | 30981 t1 prod 5489 $8990 | Pipa Silicona Pocket Travel -Top Smoke - RED MAPLE
       | 35402 t2 huerfana $8990 | PMG Pipa Kiwi 8cm - Azul
 d=135 | 30983 t1 prod 5489 $8990 | Pipa Silicona Pocket Travel -Top Smoke - PINK CORAL
       | 37678 t2 huerfana $18990 | Eyce Spoon - Pipa silicona Extractos/Herbal - Smoke Bla
 d=135 | 30986 t1 prod 5489 $8990 | Pipa Silicona Pocket Travel -Top Smoke - BLACK ONYX
       | 37680 t2 huerfana $18990 | Eyce Spoon - Pipa silicona Extractos/Herbal - Winter
 d=135 | 30989 t1 prod 5489 $8990 | Pipa Silicona Pocket Travel -Top Smoke - ORANGE SUNSET
       | 37677 t2 huerfana $18990 | Eyce Spoon - Pipa silicona Extractos/Herbal - Bangin
 d=135 | 30992 t1 prod 5489 $8990 | Pipa Silicona Pocket Travel -Top Smoke - YELLOW SUNFLOW
       | 37724 t2 huerfana $4990 | PMG Pipa Kwiki 5cm - Negra
 d=135 | 30995 t1 prod 5489 $8990 | Pipa Silicona Pocket Travel -Top Smoke - GREEN FOREST
       | 37680 t2 huerfana $18990 | Eyce Spoon - Pipa silicona Extractos/Herbal - Winter
 d=135 | 32541 t1 prod 10202 $8990 | PiPA SILICONA POCKET -TOP SMOKE - BLACK ONIX
       | 35401 t2 huerfana $8990 | PMG Pipa Kiwi 8cm - Negro
 d=135 | 32545 t1 prod 10202 $8990 | PiPA SILICONA POCKET -TOP SMOKE - RED GARNET
       | 37680 t2 huerfana $18990 | Eyce Spoon - Pipa silicona Extractos/Herbal - Winter
 d=135 | 32546 t1 prod 10202 $8990 | PiPA SILICONA POCKET -TOP SMOKE - ORANGE SUNRISE
       | 37680 t2 huerfana $18990 | Eyce Spoon - Pipa silicona Extractos/Herbal - Winter
 d=135 | 32547 t1 prod 10202 $8990 | PiPA SILICONA POCKET -TOP SMOKE - YELLOW LEMONGRASS
       | 35401 t2 huerfana $8990 | PMG Pipa Kiwi 8cm - Negro
 d=135 | 32551 t1 prod 10202 $8990 | PiPA SILICONA POCKET -TOP SMOKE - PINK LADY
       | 35402 t2 huerfana $8990 | PMG Pipa Kiwi 8cm - Azul
 d=135 | 32551 t1 prod 10202 $8990 | PiPA SILICONA POCKET -TOP SMOKE - PINK LADY
       | 37724 t2 huerfana $4990 | PMG Pipa Kwiki 5cm - Negra
 d=135 | 32554 t1 prod 10202 $8990 | PiPA SILICONA POCKET -TOP SMOKE - BLUE AQUA
       | 37680 t2 huerfana $18990 | Eyce Spoon - Pipa silicona Extractos/Herbal - Winter
 d=136 | 686 t3 prod 6777 $6490 | Hitter American 1.8mm - BongLab | PIRANHA
       | 37682 t2 huerfana $18990 | Eyce Spoon - Pipa silicona Extractos/Herbal - Planet
 d=136 | 1071 t3 huerfana $19494 | Pipa Grav Bubble Trap 4"
       | 35138 t2 huerfana $13990 | Grav Pipa Pinch Spoon 8 cm - Turquesa
 d=136 | 1390 t4 huerfana $2700 | Pipa de Pyrex 6cm - GB The Green Brand
       | 2750 t1 huerfana $9990 | Pipa Pyrex Overdrive 72- Top Smoke
 d=136 | 1390 t4 huerfana $2700 | Pipa de Pyrex 6cm - GB The Green Brand
       | 12138 t1 huerfana $9990 | Pipa Pyrex Voltage 45- Top Smoke
 d=136 | 2734 t1 huerfana $9990 | Pipa Pyrex Neonix 65- Top Smoke
       | 35037 t2 huerfana $12741 | Calvo Pipa Unique Spoon 11.5cm - Naranjo
 d=136 | 2734 t1 huerfana $9990 | Pipa Pyrex Neonix 65- Top Smoke
       | 35138 t2 huerfana $13990 | Grav Pipa Pinch Spoon 8 cm - Turquesa
 d=136 | 2740 t1 huerfana $9990 | Pipa Pyrex Nitroshock 79- Top Smoke
       | 37592 t2 huerfana $9990 | PMG Pipa Karma Go 9cm - Klay Kanyon
 d=136 | 8122 t2 huerfana $4390 | Hemper Quick Hitter Multiuso x2
       | 11076 t3 prod 10692 $2952 | Hemper Quick Hitter Natural | PIRANHA
 d=136 | 10989 t3 prod 10202 $4794 | Pipa Top Smoke Pocket | PIRANHA
       | 33592 t2 huerfana $10990 | PMG Pipa Kazili 12cm - Hibiscus Red Camo
 d=136 | 12111 t1 huerfana $17990 | Pipa Pyrex Shadowcore 81- Top Smoke
       | 15552 t3 prod 10357 $12990 | Pipa Pyrex Top Smoke | PIRANHA
 d=136 | 12138 t1 huerfana $9990 | Pipa Pyrex Voltage 45- Top Smoke
       | 15552 t3 prod 10357 $12990 | Pipa Pyrex Top Smoke | PIRANHA
 d=136 | 20175 t2 huerfana $49990 | Marley Natural Spoon Pipe
       | 30989 t1 prod 5489 $8990 | Pipa Silicona Pocket Travel -Top Smoke - ORANGE SUNSET
 d=136 | 20175 t2 huerfana $49990 | Marley Natural Spoon Pipe
       | 32542 t1 prod 10202 $8990 | PiPA SILICONA POCKET -TOP SMOKE - GREEN FOREST
 d=136 | 20175 t2 huerfana $49990 | Marley Natural Spoon Pipe
       | 32547 t1 prod 10202 $8990 | PiPA SILICONA POCKET -TOP SMOKE - YELLOW LEMONGRASS
 d=136 | 30979 t1 prod 5489 $8990 | Pipa Silicona Pocket Travel -Top Smoke - GREEN TUNDRA
       | 35402 t2 huerfana $8990 | PMG Pipa Kiwi 8cm - Azul
 d=136 | 30979 t1 prod 5489 $8990 | Pipa Silicona Pocket Travel -Top Smoke - GREEN TUNDRA
       | 35404 t2 huerfana $8990 | PMG Pipa Kiwi 8cm - Red
 d=136 | 30980 t1 prod 5489 $8990 | Pipa Silicona Pocket Travel -Top Smoke - BLUE ICE
       | 35401 t2 huerfana $8990 | PMG Pipa Kiwi 8cm - Negro
 d=136 | 30980 t1 prod 5489 $8990 | Pipa Silicona Pocket Travel -Top Smoke - BLUE ICE
       | 37677 t2 huerfana $18990 | Eyce Spoon - Pipa silicona Extractos/Herbal - Bangin
 d=136 | 30981 t1 prod 5489 $8990 | Pipa Silicona Pocket Travel -Top Smoke - RED MAPLE
       | 37677 t2 huerfana $18990 | Eyce Spoon - Pipa silicona Extractos/Herbal - Bangin
 d=136 | 30981 t1 prod 5489 $8990 | Pipa Silicona Pocket Travel -Top Smoke - RED MAPLE
       | 37682 t2 huerfana $18990 | Eyce Spoon - Pipa silicona Extractos/Herbal - Planet
 d=136 | 30985 t1 prod 5489 $8990 | Pipa Silicona Pocket Travel -Top Smoke - BLACK RAVEN
       | 37678 t2 huerfana $18990 | Eyce Spoon - Pipa silicona Extractos/Herbal - Smoke Bla
 d=136 | 30988 t1 prod 5489 $8990 | Pipa Silicona Pocket Travel -Top Smoke - BLACK RIVER
       | 33592 t2 huerfana $10990 | PMG Pipa Kazili 12cm - Hibiscus Red Camo
 d=136 | 30989 t1 prod 5489 $8990 | Pipa Silicona Pocket Travel -Top Smoke - ORANGE SUNSET
       | 35404 t2 huerfana $8990 | PMG Pipa Kiwi 8cm - Red
 d=136 | 30989 t1 prod 5489 $8990 | Pipa Silicona Pocket Travel -Top Smoke - ORANGE SUNSET
       | 37679 t2 huerfana $18990 | Eyce Spoon - Pipa silicona Extractos/Herbal - Whiskey
 d=136 | 30993 t1 prod 5489 $8990 | Pipa Silicona Pocket Travel -Top Smoke - YELLOW LEMONGR
       | 37677 t2 huerfana $18990 | Eyce Spoon - Pipa silicona Extractos/Herbal - Bangin
 d=136 | 32541 t1 prod 10202 $8990 | PiPA SILICONA POCKET -TOP SMOKE - BLACK ONIX
       | 35402 t2 huerfana $8990 | PMG Pipa Kiwi 8cm - Azul
 d=136 | 32547 t1 prod 10202 $8990 | PiPA SILICONA POCKET -TOP SMOKE - YELLOW LEMONGRASS
       | 35402 t2 huerfana $8990 | PMG Pipa Kiwi 8cm - Azul
 d=136 | 32547 t1 prod 10202 $8990 | PiPA SILICONA POCKET -TOP SMOKE - YELLOW LEMONGRASS
       | 37679 t2 huerfana $18990 | Eyce Spoon - Pipa silicona Extractos/Herbal - Whiskey
 d=136 | 32549 t1 prod 10202 $8990 | PiPA SILICONA POCKET -TOP SMOKE - GREEN TUNDRA
       | 37593 t2 huerfana $9990 | PMG Pipa Karma Go 9cm - Koryx
 d=136 | 32549 t1 prod 10202 $8990 | PiPA SILICONA POCKET -TOP SMOKE - GREEN TUNDRA
       | 37680 t2 huerfana $18990 | Eyce Spoon - Pipa silicona Extractos/Herbal - Winter
 d=136 | 32549 t1 prod 10202 $8990 | PiPA SILICONA POCKET -TOP SMOKE - GREEN TUNDRA
       | 37684 t2 huerfana $18990 | Eyce Spoon - Pipa silicona Extractos/Herbal - Cotton Ca
 d=136 | 32550 t1 prod 10202 $8990 | PiPA SILICONA POCKET -TOP SMOKE - BLACK RAVEN
       | 33592 t2 huerfana $10990 | PMG Pipa Kazili 12cm - Hibiscus Red Camo
 d=136 | 32552 t1 prod 10202 $8990 | PiPA SILICONA POCKET -TOP SMOKE - RED MAPLE
       | 35403 t2 huerfana $8990 | PMG Pipa Kiwi 8cm - Verde
 d=136 | 32554 t1 prod 10202 $8990 | PiPA SILICONA POCKET -TOP SMOKE - BLUE AQUA
       | 37724 t2 huerfana $4990 | PMG Pipa Kwiki 5cm - Negra
 d=137 | 506 t3 prod 5489 $5844 | Pipa Top Smoke Pocket Travel | PIRANHA
       | 20175 t2 huerfana $49990 | Marley Natural Spoon Pipe
 d=137 | 686 t3 prod 6777 $6490 | Hitter American 1.8mm - BongLab | PIRANHA
       | 35403 t2 huerfana $8990 | PMG Pipa Kiwi 8cm - Verde
 d=137 | 1071 t3 huerfana $19494 | Pipa Grav Bubble Trap 4"
       | 35134 t2 huerfana $13990 | Grav Pipa Pinch Spoon 8 cm - Negro
 d=137 | 1071 t3 huerfana $19494 | Pipa Grav Bubble Trap 4"
       | 35137 t2 huerfana $13990 | Grav Pipa Pinch Spoon 8 cm - Verde
 d=137 | 1317 t3 huerfana $19752 | Hitter Oro 22K Manchas
       | 33609 t2 prod 5795 $17990 | PMG Pipa Konjurer 32cm - Kwest Swirl
 d=137 | 1378 t4 huerfana $30600 | Pipa Colector Néctar 23 cm para extracciones - GrowBara
       | 33608 t2 prod 5795 $17990 | PMG Pipa Konjurer 32cm - Kamo
 d=137 | 1390 t4 huerfana $2700 | Pipa de Pyrex 6cm - GB The Green Brand
       | 2716 t1 prod 10357 $14990 | Pipa Pyrex Havocrush 59- Top Smoke
 d=137 | 2690 t1 huerfana $9990 | Pipa Pyrex Armageddon 87- Top Smoke
       | 35010 t2 huerfana $21741 | Calvo Glass Pipa Hammer WigWag 13cm - Verde
 d=137 | 3172 t4 prod 5795 $16500 | Pipa silicona alargada Konjurer Piece Maker
       | 37724 t2 huerfana $4990 | PMG Pipa Kwiki 5cm - Negra
 d=137 | 8121 t2 huerfana $13990 | Grav Pipa Pinch Spoon 8 cm
       | 12116 t1 huerfana $14990 | Pipa Pyrex Spectre 66- Top Smoke
 d=137 | 8176 t2 huerfana $29490 | Marley Natural Pipa Steam Roller
       | 30993 t1 prod 5489 $8990 | Pipa Silicona Pocket Travel -Top Smoke - YELLOW LEMONGR
 d=137 | 8176 t2 huerfana $29490 | Marley Natural Pipa Steam Roller
       | 32537 t1 prod 10202 $8990 | PiPA SILICONA POCKET -TOP SMOKE - BLUE GLACIER
 d=137 | 12110 t1 huerfana $9990 | Pipa Pyrex Shadow 52- Top Smoke
       | 35137 t2 huerfana $13990 | Grav Pipa Pinch Spoon 8 cm - Verde
 d=137 | 12116 t1 huerfana $14990 | Pipa Pyrex Spectre 66- Top Smoke
       | 35135 t2 huerfana $13990 | Grav Pipa Pinch Spoon 8 cm - Rosado
 d=137 | 12116 t1 huerfana $14990 | Pipa Pyrex Spectre 66- Top Smoke
       | 35137 t2 huerfana $13990 | Grav Pipa Pinch Spoon 8 cm - Verde
 d=137 | 12116 t1 huerfana $14990 | Pipa Pyrex Spectre 66- Top Smoke
       | 35139 t2 huerfana $13990 | Grav Pipa Pinch Spoon 8 cm - Lavanda
 d=137 | 12118 t1 huerfana $9990 | Pipa Pyrex Tempest 32- Top Smoke
       | 15552 t3 prod 10357 $12990 | Pipa Pyrex Top Smoke | PIRANHA
 d=137 | 12515 t1 prod 10202 $8990 | PiPA SILICONA POCKET -TOP SMOKE
       | 37677 t2 huerfana $18990 | Eyce Spoon - Pipa silicona Extractos/Herbal - Bangin
 d=137 | 20253 t2 huerfana $18990 | Eyce Spoon - Pipa silicona Extractos/Herbal
       | 32544 t1 prod 10202 $8990 | PiPA SILICONA POCKET -TOP SMOKE - BLUE ICE
 d=137 | 20253 t2 huerfana $18990 | Eyce Spoon - Pipa silicona Extractos/Herbal
       | 32552 t1 prod 10202 $8990 | PiPA SILICONA POCKET -TOP SMOKE - RED MAPLE
 d=137 | 20268 t2 huerfana $4990 | PMG Pipa Kwiki 5cm
       | 30985 t1 prod 5489 $8990 | Pipa Silicona Pocket Travel -Top Smoke - BLACK RAVEN
 d=137 | 30979 t1 prod 5489 $8990 | Pipa Silicona Pocket Travel -Top Smoke - GREEN TUNDRA
       | 35401 t2 huerfana $8990 | PMG Pipa Kiwi 8cm - Negro
 d=137 | 30980 t1 prod 5489 $8990 | Pipa Silicona Pocket Travel -Top Smoke - BLUE ICE
       | 35402 t2 huerfana $8990 | PMG Pipa Kiwi 8cm - Azul
 d=137 | 30980 t1 prod 5489 $8990 | Pipa Silicona Pocket Travel -Top Smoke - BLUE ICE
       | 35404 t2 huerfana $8990 | PMG Pipa Kiwi 8cm - Red
 d=137 | 30981 t1 prod 5489 $8990 | Pipa Silicona Pocket Travel -Top Smoke - RED MAPLE
       | 35404 t2 huerfana $8990 | PMG Pipa Kiwi 8cm - Red
 d=137 | 30984 t1 prod 5489 $8990 | Pipa Silicona Pocket Travel -Top Smoke - RED GARNET
       | 33592 t2 huerfana $10990 | PMG Pipa Kazili 12cm - Hibiscus Red Camo
 d=137 | 30984 t1 prod 5489 $8990 | Pipa Silicona Pocket Travel -Top Smoke - RED GARNET
       | 37724 t2 huerfana $4990 | PMG Pipa Kwiki 5cm - Negra
 d=137 | 30985 t1 prod 5489 $8990 | Pipa Silicona Pocket Travel -Top Smoke - BLACK RAVEN
       | 37728 t2 huerfana $4990 | PMG Pipa Kwiki 5cm - Kotton Kandy
 d=137 | 30987 t1 prod 5489 $8990 | Pipa Silicona Pocket Travel -Top Smoke - BLUE LAGOON
       | 37677 t2 huerfana $18990 | Eyce Spoon - Pipa silicona Extractos/Herbal - Bangin
 d=137 | 30987 t1 prod 5489 $8990 | Pipa Silicona Pocket Travel -Top Smoke - BLUE LAGOON
       | 37680 t2 huerfana $18990 | Eyce Spoon - Pipa silicona Extractos/Herbal - Winter
 d=137 | 30989 t1 prod 5489 $8990 | Pipa Silicona Pocket Travel -Top Smoke - ORANGE SUNSET
       | 37684 t2 huerfana $18990 | Eyce Spoon - Pipa silicona Extractos/Herbal - Cotton Ca
 d=137 | 30992 t1 prod 5489 $8990 | Pipa Silicona Pocket Travel -Top Smoke - YELLOW SUNFLOW
       | 33592 t2 huerfana $10990 | PMG Pipa Kazili 12cm - Hibiscus Red Camo
 d=137 | 30992 t1 prod 5489 $8990 | Pipa Silicona Pocket Travel -Top Smoke - YELLOW SUNFLOW
       | 37678 t2 huerfana $18990 | Eyce Spoon - Pipa silicona Extractos/Herbal - Smoke Bla
 d=137 | 30993 t1 prod 5489 $8990 | Pipa Silicona Pocket Travel -Top Smoke - YELLOW LEMONGR
       | 37724 t2 huerfana $4990 | PMG Pipa Kwiki 5cm - Negra
 d=137 | 32537 t1 prod 10202 $8990 | PiPA SILICONA POCKET -TOP SMOKE - BLUE GLACIER
       | 33592 t2 huerfana $10990 | PMG Pipa Kazili 12cm - Hibiscus Red Camo
 d=137 | 32537 t1 prod 10202 $8990 | PiPA SILICONA POCKET -TOP SMOKE - BLUE GLACIER
       | 35403 t2 huerfana $8990 | PMG Pipa Kiwi 8cm - Verde
 d=137 | 32538 t1 prod 10202 $8990 | PiPA SILICONA POCKET -TOP SMOKE - BLUE LAGOON
       | 35402 t2 huerfana $8990 | PMG Pipa Kiwi 8cm - Azul
 d=137 | 32542 t1 prod 10202 $8990 | PiPA SILICONA POCKET -TOP SMOKE - GREEN FOREST
       | 35401 t2 huerfana $8990 | PMG Pipa Kiwi 8cm - Negro
 d=137 | 32542 t1 prod 10202 $8990 | PiPA SILICONA POCKET -TOP SMOKE - GREEN FOREST
       | 37682 t2 huerfana $18990 | Eyce Spoon - Pipa silicona Extractos/Herbal - Planet
 d=137 | 32544 t1 prod 10202 $8990 | PiPA SILICONA POCKET -TOP SMOKE - BLUE ICE
       | 37683 t2 huerfana $18990 | Eyce Spoon - Pipa silicona Extractos/Herbal - Everglade
 d=137 | 32544 t1 prod 10202 $8990 | PiPA SILICONA POCKET -TOP SMOKE - BLUE ICE
       | 37684 t2 huerfana $18990 | Eyce Spoon - Pipa silicona Extractos/Herbal - Cotton Ca
 d=137 | 32545 t1 prod 10202 $8990 | PiPA SILICONA POCKET -TOP SMOKE - RED GARNET
       | 37593 t2 huerfana $9990 | PMG Pipa Karma Go 9cm - Koryx
 d=137 | 32546 t1 prod 10202 $8990 | PiPA SILICONA POCKET -TOP SMOKE - ORANGE SUNRISE
       | 37593 t2 huerfana $9990 | PMG Pipa Karma Go 9cm - Koryx
 d=137 | 32547 t1 prod 10202 $8990 | PiPA SILICONA POCKET -TOP SMOKE - YELLOW LEMONGRASS
       | 37680 t2 huerfana $18990 | Eyce Spoon - Pipa silicona Extractos/Herbal - Winter
 d=137 | 32548 t1 prod 10202 $8990 | PiPA SILICONA POCKET -TOP SMOKE - YELLOW SUNFLOWER
       | 37677 t2 huerfana $18990 | Eyce Spoon - Pipa silicona Extractos/Herbal - Bangin
 d=137 | 32549 t1 prod 10202 $8990 | PiPA SILICONA POCKET -TOP SMOKE - GREEN TUNDRA
       | 35403 t2 huerfana $8990 | PMG Pipa Kiwi 8cm - Verde
 d=137 | 32551 t1 prod 10202 $8990 | PiPA SILICONA POCKET -TOP SMOKE - PINK LADY
       | 33592 t2 huerfana $10990 | PMG Pipa Kazili 12cm - Hibiscus Red Camo
 d=137 | 32552 t1 prod 10202 $8990 | PiPA SILICONA POCKET -TOP SMOKE - RED MAPLE
       | 37683 t2 huerfana $18990 | Eyce Spoon - Pipa silicona Extractos/Herbal - Everglade
 d=137 | 32554 t1 prod 10202 $8990 | PiPA SILICONA POCKET -TOP SMOKE - BLUE AQUA
       | 37677 t2 huerfana $18990 | Eyce Spoon - Pipa silicona Extractos/Herbal - Bangin
 d=138 | 686 t3 prod 6777 $6490 | Hitter American 1.8mm - BongLab | PIRANHA
       | 37680 t2 huerfana $18990 | Eyce Spoon - Pipa silicona Extractos/Herbal - Winter
 d=138 | 686 t3 prod 6777 $6490 | Hitter American 1.8mm - BongLab | PIRANHA
       | 37684 t2 huerfana $18990 | Eyce Spoon - Pipa silicona Extractos/Herbal - Cotton Ca
 d=138 | 726 t1 huerfana $9990 | Pipa Pyrex Havoc Prime 100- Top Smoke
       | 1353 t3 huerfana $6990 | Pipa Pyrex Top Smoke | PIRANHA
 d=138 | 1378 t4 huerfana $30600 | Pipa Colector Néctar 23 cm para extracciones - GrowBara
       | 33606 t2 prod 5795 $17990 | PMG Pipa Konjurer 32cm - Negro
 d=138 | 1378 t4 huerfana $30600 | Pipa Colector Néctar 23 cm para extracciones - GrowBara
       | 37592 t2 huerfana $9990 | PMG Pipa Karma Go 9cm - Klay Kanyon
 d=138 | 1390 t4 huerfana $2700 | Pipa de Pyrex 6cm - GB The Green Brand
       | 35138 t2 huerfana $13990 | Grav Pipa Pinch Spoon 8 cm - Turquesa
 d=138 | 2701 t1 huerfana $9990 | Pipa Pyrex Darkwave 27- Top Smoke
       | 37592 t2 huerfana $9990 | PMG Pipa Karma Go 9cm - Klay Kanyon
 d=138 | 2729 t1 huerfana $9990 | Pipa Pyrex Kraken 34- Top Smoke
       | 15552 t3 prod 10357 $12990 | Pipa Pyrex Top Smoke | PIRANHA
 d=138 | 2735 t1 huerfana $9990 | Pipa Pyrex Nexus 26- Top Smoke
       | 15552 t3 prod 10357 $12990 | Pipa Pyrex Top Smoke | PIRANHA
 d=138 | 8134 t2 huerfana $43990 | Phoenix Pipa Glycerin - 21cm
       | 12136 t1 huerfana $9990 | Pipa Pyrex Void 44- Top Smoke
 d=138 | 8176 t2 huerfana $29490 | Marley Natural Pipa Steam Roller
       | 30982 t1 prod 5489 $8990 | Pipa Silicona Pocket Travel -Top Smoke - BLACK SHADOW
 d=138 | 9051 t1 prod 5489 $9990 | Pipa Silicona Pocket Travel -Top Smoke
       | 35402 t2 huerfana $8990 | PMG Pipa Kiwi 8cm - Azul
 d=138 | 11073 t3 prod 10728 $3469 | Hemper Quick Hitter Uva | PIRANHA
       | 34026 t2 huerfana $3951 | Hemper Quick Hitter Multiuso x2 - Banana
 d=138 | 12116 t1 huerfana $14990 | Pipa Pyrex Spectre 66- Top Smoke
       | 35138 t2 huerfana $13990 | Grav Pipa Pinch Spoon 8 cm - Turquesa
 d=138 | 12125 t1 huerfana $17990 | Pipa Pyrex Toxicum 54- Top Smoke
       | 37685 t2 huerfana $18990 | Eyce Spoon - Pipa silicona Extractos/Herbal - Grateful 
 d=138 | 12143 t1 huerfana $14990 | Pipa Pyrex Zenithron 123- Top Smoke
       | 15552 t3 prod 10357 $12990 | Pipa Pyrex Top Smoke | PIRANHA
 d=138 | 20175 t2 huerfana $49990 | Marley Natural Spoon Pipe
       | 32552 t1 prod 10202 $8990 | PiPA SILICONA POCKET -TOP SMOKE - RED MAPLE
 d=138 | 20175 t2 huerfana $49990 | Marley Natural Spoon Pipe
       | 32554 t1 prod 10202 $8990 | PiPA SILICONA POCKET -TOP SMOKE - BLUE AQUA
 d=138 | 20253 t2 huerfana $18990 | Eyce Spoon - Pipa silicona Extractos/Herbal
       | 32551 t1 prod 10202 $8990 | PiPA SILICONA POCKET -TOP SMOKE - PINK LADY
 d=138 | 30978 t1 prod 5489 $8990 | Pipa Silicona Pocket Travel -Top Smoke - BLUE GLACIER
       | 35402 t2 huerfana $8990 | PMG Pipa Kiwi 8cm - Azul
 d=138 | 30987 t1 prod 5489 $8990 | Pipa Silicona Pocket Travel -Top Smoke - BLUE LAGOON
       | 33592 t2 huerfana $10990 | PMG Pipa Kazili 12cm - Hibiscus Red Camo
 d=138 | 30987 t1 prod 5489 $8990 | Pipa Silicona Pocket Travel -Top Smoke - BLUE LAGOON
       | 35403 t2 huerfana $8990 | PMG Pipa Kiwi 8cm - Verde
 d=138 | 30991 t1 prod 5489 $8990 | Pipa Silicona Pocket Travel -Top Smoke - ORANGE SUNRISE
       | 37684 t2 huerfana $18990 | Eyce Spoon - Pipa silicona Extractos/Herbal - Cotton Ca
 d=138 | 30992 t1 prod 5489 $8990 | Pipa Silicona Pocket Travel -Top Smoke - YELLOW SUNFLOW
       | 37684 t2 huerfana $18990 | Eyce Spoon - Pipa silicona Extractos/Herbal - Cotton Ca
 d=138 | 30993 t1 prod 5489 $8990 | Pipa Silicona Pocket Travel -Top Smoke - YELLOW LEMONGR
       | 35401 t2 huerfana $8990 | PMG Pipa Kiwi 8cm - Negro
 d=138 | 32538 t1 prod 10202 $8990 | PiPA SILICONA POCKET -TOP SMOKE - BLUE LAGOON
       | 37680 t2 huerfana $18990 | Eyce Spoon - Pipa silicona Extractos/Herbal - Winter
 d=138 | 32541 t1 prod 10202 $8990 | PiPA SILICONA POCKET -TOP SMOKE - BLACK ONIX
       | 33592 t2 huerfana $10990 | PMG Pipa Kazili 12cm - Hibiscus Red Camo
 d=138 | 32541 t1 prod 10202 $8990 | PiPA SILICONA POCKET -TOP SMOKE - BLACK ONIX
       | 35404 t2 huerfana $8990 | PMG Pipa Kiwi 8cm - Red
 d=138 | 32542 t1 prod 10202 $8990 | PiPA SILICONA POCKET -TOP SMOKE - GREEN FOREST
       | 35402 t2 huerfana $8990 | PMG Pipa Kiwi 8cm - Azul
 d=138 | 32542 t1 prod 10202 $8990 | PiPA SILICONA POCKET -TOP SMOKE - GREEN FOREST
       | 37678 t2 huerfana $18990 | Eyce Spoon - Pipa silicona Extractos/Herbal - Smoke Bla
 d=138 | 32551 t1 prod 10202 $8990 | PiPA SILICONA POCKET -TOP SMOKE - PINK LADY
       | 37683 t2 huerfana $18990 | Eyce Spoon - Pipa silicona Extractos/Herbal - Everglade
 d=138 | 32554 t1 prod 10202 $8990 | PiPA SILICONA POCKET -TOP SMOKE - BLUE AQUA
       | 35404 t2 huerfana $8990 | PMG Pipa Kiwi 8cm - Red
 d=138 | 32554 t1 prod 10202 $8990 | PiPA SILICONA POCKET -TOP SMOKE - BLUE AQUA
       | 37678 t2 huerfana $18990 | Eyce Spoon - Pipa silicona Extractos/Herbal - Smoke Bla
 d=139 | 686 t3 prod 6777 $6490 | Hitter American 1.8mm - BongLab | PIRANHA
       | 37678 t2 huerfana $18990 | Eyce Spoon - Pipa silicona Extractos/Herbal - Smoke Bla
 d=139 | 686 t3 prod 6777 $6490 | Hitter American 1.8mm - BongLab | PIRANHA
       | 37724 t2 huerfana $4990 | PMG Pipa Kwiki 5cm - Negra
 d=139 | 1071 t3 huerfana $19494 | Pipa Grav Bubble Trap 4"
       | 8121 t2 huerfana $13990 | Grav Pipa Pinch Spoon 8 cm
 d=139 | 1071 t3 huerfana $19494 | Pipa Grav Bubble Trap 4"
       | 35135 t2 huerfana $13990 | Grav Pipa Pinch Spoon 8 cm - Rosado
 d=139 | 1146 t1 huerfana $14990 | Pipa 4.5&quot; Pyrex Megaton 75- Top Smoke
       | 8134 t2 huerfana $43990 | Phoenix Pipa Glycerin - 21cm
 d=139 | 1317 t3 huerfana $19752 | Hitter Oro 22K Manchas
       | 5582 t2 prod 6011 $21990 | PieceMaker Pipa Kuban 11 cm
 d=139 | 1317 t3 huerfana $19752 | Hitter Oro 22K Manchas
       | 33599 t2 huerfana $21990 | PieceMaker Pipa Kuban 11 cm - Maduro
 d=139 | 1390 t4 huerfana $2700 | Pipa de Pyrex 6cm - GB The Green Brand
       | 2740 t1 huerfana $9990 | Pipa Pyrex Nitroshock 79- Top Smoke
 d=139 | 1390 t4 huerfana $2700 | Pipa de Pyrex 6cm - GB The Green Brand
       | 12118 t1 huerfana $9990 | Pipa Pyrex Tempest 32- Top Smoke
 d=139 | 2690 t1 huerfana $9990 | Pipa Pyrex Armageddon 87- Top Smoke
       | 3211 t4 prod 5494 $9500 | Pipa Piecemaker Kazili de silicona - Growbarato
 d=139 | 2690 t1 huerfana $9990 | Pipa Pyrex Armageddon 87- Top Smoke
       | 11506 t4 huerfana $5500 | Pipa Abeja De Silicona con diseño y tamaño compacto
 d=139 | 2701 t1 huerfana $9990 | Pipa Pyrex Darkwave 27- Top Smoke
       | 15552 t3 prod 10357 $12990 | Pipa Pyrex Top Smoke | PIRANHA
 d=139 | 2729 t1 huerfana $9990 | Pipa Pyrex Kraken 34- Top Smoke
       | 37592 t2 huerfana $9990 | PMG Pipa Karma Go 9cm - Klay Kanyon
 d=139 | 2734 t1 huerfana $9990 | Pipa Pyrex Neonix 65- Top Smoke
       | 8121 t2 huerfana $13990 | Grav Pipa Pinch Spoon 8 cm
 d=139 | 2734 t1 huerfana $9990 | Pipa Pyrex Neonix 65- Top Smoke
       | 35135 t2 huerfana $13990 | Grav Pipa Pinch Spoon 8 cm - Rosado
 d=139 | 2734 t1 huerfana $9990 | Pipa Pyrex Neonix 65- Top Smoke
       | 35139 t2 huerfana $13990 | Grav Pipa Pinch Spoon 8 cm - Lavanda
 d=139 | 2734 t1 huerfana $9990 | Pipa Pyrex Neonix 65- Top Smoke
       | 37590 t2 huerfana $9990 | PMG Pipa Karma Go 9cm - Cyanara
 d=139 | 2750 t1 huerfana $9990 | Pipa Pyrex Overdrive 72- Top Smoke
       | 35134 t2 huerfana $13990 | Grav Pipa Pinch Spoon 8 cm - Negro
 d=139 | 3211 t4 prod 5494 $9500 | Pipa Piecemaker Kazili de silicona - Growbarato
       | 12113 t1 huerfana $9990 | Pipa Pyrex Shogun 39- Top Smoke
 d=139 | 3211 t4 prod 5494 $9500 | Pipa Piecemaker Kazili de silicona - Growbarato
       | 37592 t2 huerfana $9990 | PMG Pipa Karma Go 9cm - Klay Kanyon
 d=139 | 12113 t1 huerfana $9990 | Pipa Pyrex Shogun 39- Top Smoke
       | 15552 t3 prod 10357 $12990 | Pipa Pyrex Top Smoke | PIRANHA
 d=139 | 12143 t1 huerfana $14990 | Pipa Pyrex Zenithron 123- Top Smoke
       | 35134 t2 huerfana $13990 | Grav Pipa Pinch Spoon 8 cm - Negro
 d=139 | 20175 t2 huerfana $49990 | Marley Natural Spoon Pipe
       | 32537 t1 prod 10202 $8990 | PiPA SILICONA POCKET -TOP SMOKE - BLUE GLACIER
 d=139 | 20175 t2 huerfana $49990 | Marley Natural Spoon Pipe
       | 32538 t1 prod 10202 $8990 | PiPA SILICONA POCKET -TOP SMOKE - BLUE LAGOON
 d=139 | 30981 t1 prod 5489 $8990 | Pipa Silicona Pocket Travel -Top Smoke - RED MAPLE
       | 33592 t2 huerfana $10990 | PMG Pipa Kazili 12cm - Hibiscus Red Camo
 d=139 | 30981 t1 prod 5489 $8990 | Pipa Silicona Pocket Travel -Top Smoke - RED MAPLE
       | 37678 t2 huerfana $18990 | Eyce Spoon - Pipa silicona Extractos/Herbal - Smoke Bla
 d=139 | 30982 t1 prod 5489 $8990 | Pipa Silicona Pocket Travel -Top Smoke - BLACK SHADOW
       | 37680 t2 huerfana $18990 | Eyce Spoon - Pipa silicona Extractos/Herbal - Winter
 d=139 | 30984 t1 prod 5489 $8990 | Pipa Silicona Pocket Travel -Top Smoke - RED GARNET
       | 35403 t2 huerfana $8990 | PMG Pipa Kiwi 8cm - Verde
 d=139 | 30984 t1 prod 5489 $8990 | Pipa Silicona Pocket Travel -Top Smoke - RED GARNET
       | 37678 t2 huerfana $18990 | Eyce Spoon - Pipa silicona Extractos/Herbal - Smoke Bla
 d=139 | 30985 t1 prod 5489 $8990 | Pipa Silicona Pocket Travel -Top Smoke - BLACK RAVEN
       | 37593 t2 huerfana $9990 | PMG Pipa Karma Go 9cm - Koryx
 d=139 | 30985 t1 prod 5489 $8990 | Pipa Silicona Pocket Travel -Top Smoke - BLACK RAVEN
       | 37682 t2 huerfana $18990 | Eyce Spoon - Pipa silicona Extractos/Herbal - Planet
 d=139 | 30985 t1 prod 5489 $8990 | Pipa Silicona Pocket Travel -Top Smoke - BLACK RAVEN
       | 37684 t2 huerfana $18990 | Eyce Spoon - Pipa silicona Extractos/Herbal - Cotton Ca
 d=139 | 30986 t1 prod 5489 $8990 | Pipa Silicona Pocket Travel -Top Smoke - BLACK ONYX
       | 37593 t2 huerfana $9990 | PMG Pipa Karma Go 9cm - Koryx
 d=139 | 32546 t1 prod 10202 $8990 | PiPA SILICONA POCKET -TOP SMOKE - ORANGE SUNRISE
       | 37684 t2 huerfana $18990 | Eyce Spoon - Pipa silicona Extractos/Herbal - Cotton Ca
 d=139 | 32547 t1 prod 10202 $8990 | PiPA SILICONA POCKET -TOP SMOKE - YELLOW LEMONGRASS
       | 37677 t2 huerfana $18990 | Eyce Spoon - Pipa silicona Extractos/Herbal - Bangin
 d=139 | 32549 t1 prod 10202 $8990 | PiPA SILICONA POCKET -TOP SMOKE - GREEN TUNDRA
       | 37686 t2 huerfana $18990 | Eyce Spoon - Pipa silicona Extractos/Herbal - Desert
 d=139 | 32551 t1 prod 10202 $8990 | PiPA SILICONA POCKET -TOP SMOKE - PINK LADY
       | 35404 t2 huerfana $8990 | PMG Pipa Kiwi 8cm - Red
 d=140 | 1146 t1 huerfana $14990 | Pipa 4.5&quot; Pyrex Megaton 75- Top Smoke
       | 1378 t4 huerfana $30600 | Pipa Colector Néctar 23 cm para extracciones - GrowBara
 d=140 | 1146 t1 huerfana $14990 | Pipa 4.5&quot; Pyrex Megaton 75- Top Smoke
       | 37592 t2 huerfana $9990 | PMG Pipa Karma Go 9cm - Klay Kanyon
 d=140 | 2734 t1 huerfana $9990 | Pipa Pyrex Neonix 65- Top Smoke
       | 35038 t2 huerfana $12741 | Calvo Pipa Unique Spoon 11.5cm - Rojo
 d=140 | 2740 t1 huerfana $9990 | Pipa Pyrex Nitroshock 79- Top Smoke
       | 9108 t2 prod 5795 $17990 | PMG Pipa Konjurer 32cm
 d=140 | 2740 t1 huerfana $9990 | Pipa Pyrex Nitroshock 79- Top Smoke
       | 33601 t2 prod 5795 $17990 | PMG Pipa Konjurer 32cm - Abyss Black
 d=140 | 2744 t1 huerfana $14990 | Pipa Pyrex Oblivion 41- Top Smoke
       | 35136 t2 huerfana $13990 | Grav Pipa Pinch Spoon 8 cm - Azul
 d=140 | 8176 t2 huerfana $29490 | Marley Natural Pipa Steam Roller
       | 32541 t1 prod 10202 $8990 | PiPA SILICONA POCKET -TOP SMOKE - BLACK ONIX
 d=140 | 9051 t1 prod 5489 $9990 | Pipa Silicona Pocket Travel -Top Smoke
       | 35404 t2 huerfana $8990 | PMG Pipa Kiwi 8cm - Red
 d=140 | 12110 t1 huerfana $9990 | Pipa Pyrex Shadow 52- Top Smoke
       | 35035 t2 huerfana $12741 | Calvo Pipa Unique Spoon 11.5cm - Morado
 d=140 | 12110 t1 huerfana $9990 | Pipa Pyrex Shadow 52- Top Smoke
       | 35038 t2 huerfana $12741 | Calvo Pipa Unique Spoon 11.5cm - Rojo
 d=140 | 12111 t1 huerfana $17990 | Pipa Pyrex Shadowcore 81- Top Smoke
       | 37685 t2 huerfana $18990 | Eyce Spoon - Pipa silicona Extractos/Herbal - Grateful 
 d=140 | 12125 t1 huerfana $17990 | Pipa Pyrex Toxicum 54- Top Smoke
       | 36882 t2 huerfana $12990 | Squadafum Pipa metálica Heat Cooler 7cm - Rosado
 d=140 | 12143 t1 huerfana $14990 | Pipa Pyrex Zenithron 123- Top Smoke
       | 35136 t2 huerfana $13990 | Grav Pipa Pinch Spoon 8 cm - Azul
 d=140 | 20268 t2 huerfana $4990 | PMG Pipa Kwiki 5cm
       | 32549 t1 prod 10202 $8990 | PiPA SILICONA POCKET -TOP SMOKE - GREEN TUNDRA
 d=140 | 30978 t1 prod 5489 $8990 | Pipa Silicona Pocket Travel -Top Smoke - BLUE GLACIER
       | 35404 t2 huerfana $8990 | PMG Pipa Kiwi 8cm - Red
 d=140 | 30979 t1 prod 5489 $8990 | Pipa Silicona Pocket Travel -Top Smoke - GREEN TUNDRA
       | 37724 t2 huerfana $4990 | PMG Pipa Kwiki 5cm - Negra
 d=140 | 30982 t1 prod 5489 $8990 | Pipa Silicona Pocket Travel -Top Smoke - BLACK SHADOW
       | 37678 t2 huerfana $18990 | Eyce Spoon - Pipa silicona Extractos/Herbal - Smoke Bla
 d=140 | 30982 t1 prod 5489 $8990 | Pipa Silicona Pocket Travel -Top Smoke - BLACK SHADOW
       | 37724 t2 huerfana $4990 | PMG Pipa Kwiki 5cm - Negra
 d=140 | 30984 t1 prod 5489 $8990 | Pipa Silicona Pocket Travel -Top Smoke - RED GARNET
       | 37680 t2 huerfana $18990 | Eyce Spoon - Pipa silicona Extractos/Herbal - Winter
 d=140 | 30984 t1 prod 5489 $8990 | Pipa Silicona Pocket Travel -Top Smoke - RED GARNET
       | 37684 t2 huerfana $18990 | Eyce Spoon - Pipa silicona Extractos/Herbal - Cotton Ca
 d=140 | 30986 t1 prod 5489 $8990 | Pipa Silicona Pocket Travel -Top Smoke - BLACK ONYX
       | 35403 t2 huerfana $8990 | PMG Pipa Kiwi 8cm - Verde
 d=140 | 30992 t1 prod 5489 $8990 | Pipa Silicona Pocket Travel -Top Smoke - YELLOW SUNFLOW
       | 37680 t2 huerfana $18990 | Eyce Spoon - Pipa silicona Extractos/Herbal - Winter
 d=140 | 30993 t1 prod 5489 $8990 | Pipa Silicona Pocket Travel -Top Smoke - YELLOW LEMONGR
       | 37680 t2 huerfana $18990 | Eyce Spoon - Pipa silicona Extractos/Herbal - Winter
 d=140 | 30994 t1 prod 5489 $8990 | Pipa Silicona Pocket Travel -Top Smoke - BLUE AQUA
       | 33592 t2 huerfana $10990 | PMG Pipa Kazili 12cm - Hibiscus Red Camo
 d=140 | 32543 t1 prod 10202 $8990 | PiPA SILICONA POCKET -TOP SMOKE - ORANGE SUNSET
       | 37686 t2 huerfana $18990 | Eyce Spoon - Pipa silicona Extractos/Herbal - Desert
 d=140 | 32544 t1 prod 10202 $8990 | PiPA SILICONA POCKET -TOP SMOKE - BLUE ICE
       | 37724 t2 huerfana $4990 | PMG Pipa Kwiki 5cm - Negra
 d=140 | 32549 t1 prod 10202 $8990 | PiPA SILICONA POCKET -TOP SMOKE - GREEN TUNDRA
       | 37728 t2 huerfana $4990 | PMG Pipa Kwiki 5cm - Kotton Kandy
 d=140 | 32552 t1 prod 10202 $8990 | PiPA SILICONA POCKET -TOP SMOKE - RED MAPLE
       | 37724 t2 huerfana $4990 | PMG Pipa Kwiki 5cm - Negra

===== Repuestos para bongs y vaporizadores: 854 ofertas con imagen =====
oferta 739: hash fallido (Error: Input buffer contains unsupported image format)
hashes ok: 853 | errores: 1
303 pares candidatos (distancia Hamming <= 140/512)
*d=  2 | 31291 t1 huerfana $3990 | Quemador Macho Simple 10 Mm - Bonglab - SMOKEY GRAY
       | 34980 t2 huerfana $3990 | Bonglab Quemador Simple Macho 10mm - Negro
*d=  4 | 31406 t1 huerfana $6990 | Quemador Macho 14Mm -Bonglab - Negro
       | 33983 t2 prod 10297 $4990 | Bonglab Quemador Macho 18mm - Negro
*d=  8 | 12237 t1 prod 10401 $3790 | Difusor Logo Negro 14Mm -Bonglab (14Cm/12Cm)
       | 34003 t2 huerfana $3590 | Difusor Bonglab 18mm-14mm - 12cm - Negro
*d=  8 | 12847 t2 prod 10256 $5391 | Bonglab Quemador Perlas - Macho 14mm
       | 31340 t1 huerfana $5990 | Quemador Perlas Macho 18 Mm -Bonglab - GOLDEN
*d=  8 | 12847 t2 prod 10256 $5391 | Bonglab Quemador Perlas - Macho 14mm
       | 31416 t1 huerfana $5990 | Quemador Perlas Macho 14Mm - Bonglab - GOLDEN
*d=  8 | 12853 t2 prod 10401 $3590 | Difusor Bonglab 18mm-14mm - 12cm
       | 32197 t1 huerfana $3790 | Difusor Logo Negro 14Mm -Bonglab (14Cm/12Cm) - 14CM
*d=  8 | 12853 t2 prod 10401 $3590 | Difusor Bonglab 18mm-14mm - 12cm
       | 32198 t1 huerfana $3990 | Difusor Logo Negro 14Mm -Bonglab (14Cm/12Cm) - 12CM
*d=  8 | 31340 t1 huerfana $5990 | Quemador Perlas Macho 18 Mm -Bonglab - GOLDEN
       | 33985 t2 prod 10256 $5391 | Bonglab Quemador Perlas - Macho 14mm - Ambar
*d=  8 | 31416 t1 huerfana $5990 | Quemador Perlas Macho 14Mm - Bonglab - GOLDEN
       | 33985 t2 prod 10256 $5391 | Bonglab Quemador Perlas - Macho 14mm - Ambar
*d=  8 | 32197 t1 huerfana $3790 | Difusor Logo Negro 14Mm -Bonglab (14Cm/12Cm) - 14CM
       | 34003 t2 huerfana $3590 | Difusor Bonglab 18mm-14mm - 12cm - Negro
*d=  8 | 32198 t1 huerfana $3990 | Difusor Logo Negro 14Mm -Bonglab (14Cm/12Cm) - 12CM
       | 34003 t2 huerfana $3590 | Difusor Bonglab 18mm-14mm - 12cm - Negro
*d=  9 | 651 t2 huerfana $29990 | Bonglab Atrapa cenizas Slits macho 14mm 90°
       | 32162 t1 prod 10718 $24990 | Atrapa Ceniza Perc 18Mm -Bonglab - Negro
*d=  9 | 2021 t2 prod 5747 $5990 | BongLab Quemador Honeycomb Macho 18mm
       | 31336 t1 huerfana $6990 | Quemador Honeycomb Macho 18Mm-Bonglab - Morado
*d= 10 | 772 t1 prod 10399 $3990 | Difusor Logo Magenta 14Mm -Bonglab (14Cm/12Cm)
       | 34003 t2 huerfana $3590 | Difusor Bonglab 18mm-14mm - 12cm - Negro
*d= 10 | 12853 t2 prod 10401 $3590 | Difusor Bonglab 18mm-14mm - 12cm
       | 32195 t1 huerfana $6990 | Difusor Logo Magenta 14Mm -Bonglab (14Cm/12Cm) - 14CM
*d= 10 | 12853 t2 prod 10401 $3590 | Difusor Bonglab 18mm-14mm - 12cm
       | 32196 t1 huerfana $3990 | Difusor Logo Magenta 14Mm -Bonglab (14Cm/12Cm) - 12CM
*d= 10 | 32195 t1 huerfana $6990 | Difusor Logo Magenta 14Mm -Bonglab (14Cm/12Cm) - 14CM
       | 34003 t2 huerfana $3590 | Difusor Bonglab 18mm-14mm - 12cm - Negro
*d= 10 | 32196 t1 huerfana $3990 | Difusor Logo Magenta 14Mm -Bonglab (14Cm/12Cm) - 12CM
       | 34003 t2 huerfana $3590 | Difusor Bonglab 18mm-14mm - 12cm - Negro
*d= 13 | 12325 t1 prod 10363 $4990 | Quemador Hembra 14Mm -Bonglab
       | 33966 t2 huerfana $6990 | Bonglab Quemador - Hembra 14mm 2.0 - Negro
*d= 13 | 31399 t1 huerfana $4990 | Quemador Hembra 14Mm -Bonglab - Negro
       | 33966 t2 huerfana $6990 | Bonglab Quemador - Hembra 14mm 2.0 - Negro
*d= 13 | 31402 t1 huerfana $6990 | Quemador Hembra 14Mm -Bonglab - Rosa
       | 33967 t2 huerfana $6990 | Bonglab Quemador - Hembra 14mm 2.0 - Rosado
*d= 14 | 12848 t2 prod 10257 $4401 | Bonglab Quemador Perlas - Macho 18mm
       | 31419 t1 huerfana $5990 | Quemador Perlas Macho 14Mm - Bonglab - Rosa
*d= 14 | 31343 t1 prod 10257 $5990 | Quemador Perlas Macho 18 Mm -Bonglab - Rosa
       | 33992 t2 huerfana $4401 | Bonglab Quemador Perlas - Macho 18mm - Rosado
*d= 14 | 31349 t1 huerfana $6990 | Quemador Perlas Macho 18Mm-Calvo Glass - Verde azulado
       | 34777 t2 huerfana $6890 | Calvo Glass Quemador Perlas - Macho 18mm - Turquesa
*d= 14 | 31419 t1 huerfana $5990 | Quemador Perlas Macho 14Mm - Bonglab - Rosa
       | 33992 t2 huerfana $4401 | Bonglab Quemador Perlas - Macho 18mm - Rosado
*d= 16 | 3522 t3 prod 5748 $6990 | Quemador Perlas Calvo 18mm
       | 34775 t2 huerfana $6890 | Calvo Glass Quemador Perlas - Macho 18mm - Amarillo
*d= 16 | 12842 t2 huerfana $6990 | Bonglab Quemador - Hembra 14mm 2.0
       | 31400 t1 huerfana $4990 | Quemador Hembra 14Mm -Bonglab - MILK GREEN
*d= 16 | 31346 t1 huerfana $5990 | Quemador Perlas Macho 18 Mm -Bonglab - SMOKEY GRAY
       | 33986 t2 huerfana $5391 | Bonglab Quemador Perlas - Macho 14mm - Negro
*d= 16 | 31400 t1 huerfana $4990 | Quemador Hembra 14Mm -Bonglab - MILK GREEN
       | 33969 t2 huerfana $6990 | Bonglab Quemador - Hembra 14mm 2.0 - Verde
*d= 16 | 31405 t1 huerfana $5990 | Quemador Macho 14Mm -Bonglab - Rosa
       | 33982 t2 prod 10297 $4990 | Bonglab Quemador Macho 18mm - Rosado
*d= 16 | 31422 t1 huerfana $5990 | Quemador Perlas Macho 14Mm - Bonglab - SMOKEY GRAY
       | 33986 t2 huerfana $5391 | Bonglab Quemador Perlas - Macho 14mm - Negro
*d= 17 | 31421 t1 huerfana $5990 | Quemador Perlas Macho 14Mm - Bonglab - CLEAR
       | 33996 t2 prod 10257 $4401 | Bonglab Quemador Perlas - Macho 18mm - Transparente
*d= 18 | 12846 t2 prod 10297 $4990 | Bonglab Quemador Macho 18mm
       | 31393 t1 huerfana $4990 | Quemador De 14Mm -Bonglab - Morado
*d= 18 | 31393 t1 huerfana $4990 | Quemador De 14Mm -Bonglab - Morado
       | 33981 t2 prod 10297 $4990 | Bonglab Quemador Macho 18mm - Morado
*d= 19 | 864 t3 prod 10261 $6990 | Quemador Perlas Calvo 14mm
       | 34775 t2 huerfana $6890 | Calvo Glass Quemador Perlas - Macho 18mm - Amarillo
*d= 19 | 12820 t2 prod 10258 $5990 | Bonglab Quemador Pro 14mm- Diferentes Colores
       | 31351 t1 huerfana $3990 | Quemador Pro 14 Mm-Bonglab - verde
*d= 19 | 14175 t3 prod 6020 $6990 | Quemador Macho Bonglab 14mm | PIRANHA
       | 31393 t1 huerfana $4990 | Quemador De 14Mm -Bonglab - Morado
*d= 19 | 31351 t1 huerfana $3990 | Quemador Pro 14 Mm-Bonglab - verde
       | 33896 t2 huerfana $5990 | Bonglab Quemador Pro 14mm- Diferentes Colores - Turques
*d= 19 | 31351 t1 huerfana $3990 | Quemador Pro 14 Mm-Bonglab - verde
       | 33899 t2 huerfana $5990 | Bonglab Quemador Pro 14mm- Diferentes Colores - Verde2
*d= 21 | 15756 t3 prod 10412 $29990 | Atrapaceniza Tree 18mm45º
       | 34946 t2 huerfana $29990 | Bonglab Atrapa cenizas 6 brazos 45° - 14mm
*d= 21 | 31346 t1 huerfana $5990 | Quemador Perlas Macho 18 Mm -Bonglab - SMOKEY GRAY
       | 33998 t2 huerfana $4401 | Bonglab Quemador Perlas - Macho 18mm - Negro
*d= 21 | 31422 t1 huerfana $5990 | Quemador Perlas Macho 14Mm - Bonglab - SMOKEY GRAY
       | 33998 t2 huerfana $4401 | Bonglab Quemador Perlas - Macho 18mm - Negro
*d= 25 | 32164 t1 huerfana $24990 | Atrapa Ceniza Perc 18Mm -Bonglab - Rosa
       | 34635 t2 huerfana $29990 | Bonglab Atrapa cenizas Slits macho 14mm 90° - Rosado
*d= 25 | 32164 t1 huerfana $24990 | Atrapa Ceniza Perc 18Mm -Bonglab - Rosa
       | 34639 t2 huerfana $29990 | Bonglab Atrapa cenizas Slits macho 18mm 90° - Rosado
*d= 26 | 31404 t1 huerfana $6990 | Quemador Macho 14Mm -Bonglab - MILK GREEN
       | 33984 t2 huerfana $4990 | Bonglab Quemador Macho 18mm - Verde
*d= 26 | 31412 t1 huerfana $5990 | Quemador Macho 18Mm -Bonglab - MILK GREEN
       | 33984 t2 huerfana $4990 | Bonglab Quemador Macho 18mm - Verde
*d= 26 | 32160 t1 huerfana $24990 | Atrapa Ceniza Perc 14Mm -Bonglab - Rosa
       | 34635 t2 huerfana $29990 | Bonglab Atrapa cenizas Slits macho 14mm 90° - Rosado
*d= 26 | 32160 t1 huerfana $24990 | Atrapa Ceniza Perc 14Mm -Bonglab - Rosa
       | 34639 t2 huerfana $29990 | Bonglab Atrapa cenizas Slits macho 18mm 90° - Rosado
*d= 26 | 33001 t1 huerfana $59990 | Heavy Bowl -Bonglab - Verde azulado
       | 33893 t2 huerfana $61990 | BongLab Bong K165 Heavy Bowl 50cm - Turquesa
*d= 29 | 15558 t3 prod 10399 $3990 | Difusor Bonglab 14mm/12cm Morado | PIRANHA
       | 32200 t1 huerfana $3990 | Difusor Logo Purple 14Mm-Bonglab (14Cm/12Cm) - 12 CM
*d= 30 | 31401 t1 huerfana $4990 | Quemador Hembra 14Mm -Bonglab - Morado
       | 33968 t2 huerfana $6990 | Bonglab Quemador - Hembra 14mm 2.0 - Morado
*d= 33 | 3150 t4 prod 10309 $21600 | Atrapa Cenizas Con Triple Percolador Bonglab
       | 32104 t1 huerfana $23990 | Atrapa Ceniza Panal Triple 14Mm-Bonglab - Azul
*d= 33 | 13156 t2 prod 10309 $22990 | BongLab AtrapaCenizas Triple HoneyComb - Macho 14mm
       | 32104 t1 huerfana $23990 | Atrapa Ceniza Panal Triple 14Mm-Bonglab - Azul
*d= 33 | 32104 t1 huerfana $23990 | Atrapa Ceniza Panal Triple 14Mm-Bonglab - Azul
       | 34642 t2 huerfana $22990 | BongLab AtrapaCenizas Triple HoneyComb - Macho 14mm - A
*d= 33 | 32107 t1 prod 10316 $22990 | Atrapa Ceniza Panal Triple 18Mm-Bonglab - Azul
       | 34642 t2 huerfana $22990 | BongLab AtrapaCenizas Triple HoneyComb - Macho 14mm - A
*d= 36 | 32106 t1 huerfana $24990 | Atrapa Ceniza Panal Triple 14Mm-Bonglab - Transparente
       | 34643 t2 prod 10316 $22990 | BongLab AtrapaCenizas Triple HoneyComb - Macho 18mm - T
*d= 39 | 772 t1 prod 10399 $3990 | Difusor Logo Magenta 14Mm -Bonglab (14Cm/12Cm)
       | 34005 t2 huerfana $3790 | Difusor Bonglab 18mm-14mm - 14cm - Negro
*d= 39 | 772 t1 prod 10399 $3990 | Difusor Logo Magenta 14Mm -Bonglab (14Cm/12Cm)
       | 34006 t2 huerfana $3790 | Difusor Bonglab 18mm-14mm - 14cm - Magenta
*d= 39 | 12237 t1 prod 10401 $3790 | Difusor Logo Negro 14Mm -Bonglab (14Cm/12Cm)
       | 34005 t2 huerfana $3790 | Difusor Bonglab 18mm-14mm - 14cm - Negro
*d= 39 | 12237 t1 prod 10401 $3790 | Difusor Logo Negro 14Mm -Bonglab (14Cm/12Cm)
       | 34006 t2 huerfana $3790 | Difusor Bonglab 18mm-14mm - 14cm - Magenta
*d= 39 | 12854 t2 prod 10260 $3790 | Difusor Bonglab 18mm-14mm - 14cm
       | 32195 t1 huerfana $6990 | Difusor Logo Magenta 14Mm -Bonglab (14Cm/12Cm) - 14CM
*d= 39 | 12854 t2 prod 10260 $3790 | Difusor Bonglab 18mm-14mm - 14cm
       | 32196 t1 huerfana $3990 | Difusor Logo Magenta 14Mm -Bonglab (14Cm/12Cm) - 12CM
*d= 39 | 12854 t2 prod 10260 $3790 | Difusor Bonglab 18mm-14mm - 14cm
       | 32197 t1 huerfana $3790 | Difusor Logo Negro 14Mm -Bonglab (14Cm/12Cm) - 14CM
*d= 39 | 12854 t2 prod 10260 $3790 | Difusor Bonglab 18mm-14mm - 14cm
       | 32198 t1 huerfana $3990 | Difusor Logo Negro 14Mm -Bonglab (14Cm/12Cm) - 12CM
*d= 39 | 14207 t3 prod 10257 $6990 | Quemador Macho Perlas Bonglab 18mm | PIRANHA
       | 31420 t1 huerfana $5990 | Quemador Perlas Macho 14Mm - Bonglab - Verde azulado
*d= 39 | 31349 t1 huerfana $6990 | Quemador Perlas Macho 18Mm-Calvo Glass - Verde azulado
       | 34773 t2 huerfana $6490 | Calvo Glass Quemador Perlas - Macho 14mm - Turquesa
*d= 39 | 32195 t1 huerfana $6990 | Difusor Logo Magenta 14Mm -Bonglab (14Cm/12Cm) - 14CM
       | 34004 t2 prod 10399 $3590 | Difusor Bonglab 18mm-14mm - 12cm - Magenta
*d= 39 | 32195 t1 huerfana $6990 | Difusor Logo Magenta 14Mm -Bonglab (14Cm/12Cm) - 14CM
       | 34005 t2 huerfana $3790 | Difusor Bonglab 18mm-14mm - 14cm - Negro
*d= 39 | 32195 t1 huerfana $6990 | Difusor Logo Magenta 14Mm -Bonglab (14Cm/12Cm) - 14CM
       | 34006 t2 huerfana $3790 | Difusor Bonglab 18mm-14mm - 14cm - Magenta
*d= 39 | 32196 t1 huerfana $3990 | Difusor Logo Magenta 14Mm -Bonglab (14Cm/12Cm) - 12CM
       | 34004 t2 prod 10399 $3590 | Difusor Bonglab 18mm-14mm - 12cm - Magenta
*d= 39 | 32196 t1 huerfana $3990 | Difusor Logo Magenta 14Mm -Bonglab (14Cm/12Cm) - 12CM
       | 34005 t2 huerfana $3790 | Difusor Bonglab 18mm-14mm - 14cm - Negro
*d= 39 | 32196 t1 huerfana $3990 | Difusor Logo Magenta 14Mm -Bonglab (14Cm/12Cm) - 12CM
       | 34006 t2 huerfana $3790 | Difusor Bonglab 18mm-14mm - 14cm - Magenta
*d= 39 | 32197 t1 huerfana $3790 | Difusor Logo Negro 14Mm -Bonglab (14Cm/12Cm) - 14CM
       | 34004 t2 prod 10399 $3590 | Difusor Bonglab 18mm-14mm - 12cm - Magenta
*d= 39 | 32197 t1 huerfana $3790 | Difusor Logo Negro 14Mm -Bonglab (14Cm/12Cm) - 14CM
       | 34005 t2 huerfana $3790 | Difusor Bonglab 18mm-14mm - 14cm - Negro
*d= 39 | 32197 t1 huerfana $3790 | Difusor Logo Negro 14Mm -Bonglab (14Cm/12Cm) - 14CM
       | 34006 t2 huerfana $3790 | Difusor Bonglab 18mm-14mm - 14cm - Magenta
*d= 39 | 32198 t1 huerfana $3990 | Difusor Logo Negro 14Mm -Bonglab (14Cm/12Cm) - 12CM
       | 34004 t2 prod 10399 $3590 | Difusor Bonglab 18mm-14mm - 12cm - Magenta
*d= 39 | 32198 t1 huerfana $3990 | Difusor Logo Negro 14Mm -Bonglab (14Cm/12Cm) - 12CM
       | 34005 t2 huerfana $3790 | Difusor Bonglab 18mm-14mm - 14cm - Negro
*d= 39 | 32198 t1 huerfana $3990 | Difusor Logo Negro 14Mm -Bonglab (14Cm/12Cm) - 12CM
       | 34006 t2 huerfana $3790 | Difusor Bonglab 18mm-14mm - 14cm - Magenta
*d= 42 | 3150 t4 prod 10309 $21600 | Atrapa Cenizas Con Triple Percolador Bonglab
       | 34642 t2 huerfana $22990 | BongLab AtrapaCenizas Triple HoneyComb - Macho 14mm - A
*d= 47 | 15627 t3 prod 10316 $32990 | Atrapaceniza Panal Triple 18mm90º
       | 32104 t1 huerfana $23990 | Atrapa Ceniza Panal Triple 14Mm-Bonglab - Azul
*d= 51 | 11258 t3 prod 10260 $3791 | Difusor Bonglab 14mm-14cm | PIRANHA
       | 34005 t2 huerfana $3790 | Difusor Bonglab 18mm-14mm - 14cm - Negro
*d= 55 | 11258 t3 prod 10260 $3791 | Difusor Bonglab 14mm-14cm | PIRANHA
       | 34006 t2 huerfana $3790 | Difusor Bonglab 18mm-14mm - 14cm - Magenta
*d= 58 | 15627 t3 prod 10316 $32990 | Atrapaceniza Panal Triple 18mm90º
       | 34642 t2 huerfana $22990 | BongLab AtrapaCenizas Triple HoneyComb - Macho 14mm - A
 d= 64 | 33291 t1 huerfana $18990 | Bateria Mystica Ace -Airistech - Oro rosa
       | 39374 t3 prod 10720 $19992 | Batería Mystica Ace - Airistech | PIRANHA
 d= 65 | 31405 t1 huerfana $5990 | Quemador Macho 14Mm -Bonglab - Rosa
       | 33983 t2 prod 10297 $4990 | Bonglab Quemador Macho 18mm - Negro
 d= 66 | 465 t2 prod 10316 $22990 | BongLab AtrapaCenizas Triple HoneyComb - Macho 18mm
       | 32105 t1 huerfana $22990 | Atrapa Ceniza Panal Triple 14Mm-Bonglab - Verde
 d= 66 | 11258 t3 prod 10260 $3791 | Difusor Bonglab 14mm-14cm | PIRANHA
       | 34003 t2 huerfana $3590 | Difusor Bonglab 18mm-14mm - 12cm - Negro
 d= 66 | 32105 t1 huerfana $22990 | Atrapa Ceniza Panal Triple 14Mm-Bonglab - Verde
       | 34644 t2 prod 10316 $22990 | BongLab AtrapaCenizas Triple HoneyComb - Macho 18mm - V
 d= 67 | 31406 t1 huerfana $6990 | Quemador Macho 14Mm -Bonglab - Negro
       | 33982 t2 prod 10297 $4990 | Bonglab Quemador Macho 18mm - Rosado
 d= 68 | 11258 t3 prod 10260 $3791 | Difusor Bonglab 14mm-14cm | PIRANHA
       | 32195 t1 huerfana $6990 | Difusor Logo Magenta 14Mm -Bonglab (14Cm/12Cm) - 14CM
 d= 68 | 11258 t3 prod 10260 $3791 | Difusor Bonglab 14mm-14cm | PIRANHA
       | 32196 t1 huerfana $3990 | Difusor Logo Magenta 14Mm -Bonglab (14Cm/12Cm) - 12CM
 d= 68 | 11258 t3 prod 10260 $3791 | Difusor Bonglab 14mm-14cm | PIRANHA
       | 32197 t1 huerfana $3790 | Difusor Logo Negro 14Mm -Bonglab (14Cm/12Cm) - 14CM
 d= 68 | 11258 t3 prod 10260 $3791 | Difusor Bonglab 14mm-14cm | PIRANHA
       | 32198 t1 huerfana $3990 | Difusor Logo Negro 14Mm -Bonglab (14Cm/12Cm) - 12CM
 d= 68 | 33296 t1 huerfana $16990 | Bateria Mystica Max -Airistech - MOCHANICAL GRENN
       | 39257 t3 prod 10681 $16641 | Batería Airistech Mystica Max | PIRANHA
 d= 69 | 31339 t1 huerfana $5990 | Quemador Perlas Macho 18 Mm -Bonglab - Azul oscuro
       | 33995 t2 prod 10257 $4401 | Bonglab Quemador Perlas - Macho 18mm - Morado
 d= 69 | 31415 t1 huerfana $5990 | Quemador Perlas Macho 14Mm - Bonglab - Azul oscuro
       | 33995 t2 prod 10257 $4401 | Bonglab Quemador Perlas - Macho 18mm - Morado
 d= 71 | 12846 t2 prod 10297 $4990 | Bonglab Quemador Macho 18mm
       | 31405 t1 huerfana $5990 | Quemador Macho 14Mm -Bonglab - Rosa
 d= 71 | 31405 t1 huerfana $5990 | Quemador Macho 14Mm -Bonglab - Rosa
       | 33981 t2 prod 10297 $4990 | Bonglab Quemador Macho 18mm - Morado
 d= 72 | 14175 t3 prod 6020 $6990 | Quemador Macho Bonglab 14mm | PIRANHA
       | 31405 t1 huerfana $5990 | Quemador Macho 14Mm -Bonglab - Rosa
 d= 72 | 32105 t1 huerfana $22990 | Atrapa Ceniza Panal Triple 14Mm-Bonglab - Verde
       | 34645 t2 prod 10316 $22990 | BongLab AtrapaCenizas Triple HoneyComb - Macho 18mm - A
 d= 75 | 31401 t1 huerfana $4990 | Quemador Hembra 14Mm -Bonglab - Morado
       | 33966 t2 huerfana $6990 | Bonglab Quemador - Hembra 14mm 2.0 - Negro
 d= 76 | 3492 t3 prod 5747 $7490 | Quemador Honeycomb Macho 18mm
       | 31331 t1 huerfana $6990 | Quemador Honeycomb Macho 14Mm -Bonglab - Morado
 d= 76 | 15624 t3 prod 10309 $32990 | Atrapaceniza Panal Triple 14mm90º
       | 32105 t1 huerfana $22990 | Atrapa Ceniza Panal Triple 14Mm-Bonglab - Verde
 d= 76 | 33296 t1 huerfana $16990 | Bateria Mystica Max -Airistech - MOCHANICAL GRENN
       | 38603 t3 prod 10681 $16641 | Batería Airistech Mystica Max | PIRANHA
 d= 79 | 2021 t2 prod 5747 $5990 | BongLab Quemador Honeycomb Macho 18mm
       | 31332 t1 huerfana $6990 | Quemador Honeycomb Macho 18Mm-Bonglab - azul
 d= 79 | 3369 t3 prod 5749 $4990 | Quemador Bowl Chico Hembra Bonglab 14mm | PIRANHA
       | 31284 t1 huerfana $4990 | Quemador Bowl Chico Hembra 14Mm - Bonglab - GOLDEN
 d= 79 | 15788 t3 prod 10260 $4990 | Difusor Bonglab 14mm/14cm | PIRANHA
       | 31381 t1 huerfana $3990 | Difusor 14Mm 14Cm - Bonglab - SMOKEY GRAY
 d= 80 | 12325 t1 prod 10363 $4990 | Quemador Hembra 14Mm -Bonglab
       | 33968 t2 huerfana $6990 | Bonglab Quemador - Hembra 14mm 2.0 - Morado
 d= 80 | 14207 t3 prod 10257 $6990 | Quemador Macho Perlas Bonglab 18mm | PIRANHA
       | 31339 t1 huerfana $5990 | Quemador Perlas Macho 18 Mm -Bonglab - Azul oscuro
 d= 80 | 14207 t3 prod 10257 $6990 | Quemador Macho Perlas Bonglab 18mm | PIRANHA
       | 31415 t1 huerfana $5990 | Quemador Perlas Macho 14Mm - Bonglab - Azul oscuro
 d= 80 | 31399 t1 huerfana $4990 | Quemador Hembra 14Mm -Bonglab - Negro
       | 33968 t2 huerfana $6990 | Bonglab Quemador - Hembra 14mm 2.0 - Morado
 d= 81 | 31290 t1 prod 10259 $3990 | Quemador Macho Simple 10 Mm - Bonglab - CLEAR
       | 34980 t2 huerfana $3990 | Bonglab Quemador Simple Macho 10mm - Negro
 d= 82 | 33288 t1 huerfana $18990 | Bateria Mystica Ace -Airistech - BLUE PURPLE GRADIENT
       | 39374 t3 prod 10720 $19992 | Batería Mystica Ace - Airistech | PIRANHA
 d= 82 | 33296 t1 huerfana $16990 | Bateria Mystica Max -Airistech - MOCHANICAL GRENN
       | 38604 t3 prod 10681 $16641 | Batería Airistech Mystica Max | PIRANHA
 d= 83 | 15788 t3 prod 10260 $4990 | Difusor Bonglab 14mm/14cm | PIRANHA
       | 31372 t1 huerfana $3990 | Difusor 14Mm 14Cm - Bonglab - azul
 d= 83 | 31393 t1 huerfana $4990 | Quemador De 14Mm -Bonglab - Morado
       | 33982 t2 prod 10297 $4990 | Bonglab Quemador Macho 18mm - Rosado
 d= 84 | 12848 t2 prod 10257 $4401 | Bonglab Quemador Perlas - Macho 18mm
       | 31420 t1 huerfana $5990 | Quemador Perlas Macho 14Mm - Bonglab - Verde azulado
 d= 84 | 31344 t1 prod 10257 $5990 | Quemador Perlas Macho 18 Mm -Bonglab - Verde azulado
       | 33992 t2 huerfana $4401 | Bonglab Quemador Perlas - Macho 18mm - Rosado
 d= 84 | 31414 t1 prod 10256 $5990 | Quemador Perlas Macho 14Mm - Bonglab - verde
       | 33992 t2 huerfana $4401 | Bonglab Quemador Perlas - Macho 18mm - Rosado
 d= 84 | 31420 t1 huerfana $5990 | Quemador Perlas Macho 14Mm - Bonglab - Verde azulado
       | 33992 t2 huerfana $4401 | Bonglab Quemador Perlas - Macho 18mm - Rosado
 d= 86 | 12846 t2 prod 10297 $4990 | Bonglab Quemador Macho 18mm
       | 31406 t1 huerfana $6990 | Quemador Macho 14Mm -Bonglab - Negro
 d= 86 | 31406 t1 huerfana $6990 | Quemador Macho 14Mm -Bonglab - Negro
       | 33981 t2 prod 10297 $4990 | Bonglab Quemador Macho 18mm - Morado
 d= 87 | 14175 t3 prod 6020 $6990 | Quemador Macho Bonglab 14mm | PIRANHA
       | 31406 t1 huerfana $6990 | Quemador Macho 14Mm -Bonglab - Negro
 d= 88 | 31291 t1 huerfana $3990 | Quemador Macho Simple 10 Mm - Bonglab - SMOKEY GRAY
       | 34979 t2 prod 10259 $3990 | Bonglab Quemador Simple Macho 10mm - Transparente
 d= 90 | 18045 t1 huerfana $11990 | Silicone Mouthpiece Roam Cookies-G Pen
       | 19991 t2 huerfana $27990 | Cargador Mini Pax 2-3
 d= 91 | 15788 t3 prod 10260 $4990 | Difusor Bonglab 14mm/14cm | PIRANHA
       | 31378 t1 huerfana $3990 | Difusor 14Mm 14Cm - Bonglab - Rosa
 d= 92 | 12178 t1 huerfana $10690 | BOQUILLAS PARA PLENTY 4U-STORZ &amp; BICKEL
       | 15777 t3 prod 10358 $10990 | Volcano Hybrid Set Boquillas (4u)| PIRANHA
 d= 92 | 18117 t1 prod 10629 $59990 | HEAVY BOWL BLACK - CAJA ROTA
       | 33893 t2 huerfana $61990 | BongLab Bong K165 Heavy Bowl 50cm - Turquesa
 d= 93 | 31420 t1 huerfana $5990 | Quemador Perlas Macho 14Mm - Bonglab - Verde azulado
       | 33993 t2 prod 10257 $4401 | Bonglab Quemador Perlas - Macho 18mm - Azul
 d= 94 | 33292 t1 huerfana $18990 | Bateria Mystica Ace -Airistech - SILK WHITE
       | 39374 t3 prod 10720 $19992 | Batería Mystica Ace - Airistech | PIRANHA
 d= 95 | 2021 t2 prod 5747 $5990 | BongLab Quemador Honeycomb Macho 18mm
       | 31333 t1 huerfana $6990 | Quemador Honeycomb Macho 18Mm-Bonglab - verde
 d= 95 | 3369 t3 prod 5749 $4990 | Quemador Bowl Chico Hembra Bonglab 14mm | PIRANHA
       | 31286 t1 huerfana $4990 | Quemador Bowl Chico Hembra 14Mm - Bonglab - Rosa
 d= 95 | 14207 t3 prod 10257 $6990 | Quemador Macho Perlas Bonglab 18mm | PIRANHA
       | 31419 t1 huerfana $5990 | Quemador Perlas Macho 14Mm - Bonglab - Rosa
 d= 96 | 1549 t2 prod 5753 $14990 | Pax Flat Mouthpiece 2 Unidades.
       | 23967 t1 huerfana $11990 | Silicone Mouthpiece Roam Dr. Greenthumbs-G Pen
 d= 96 | 31393 t1 huerfana $4990 | Quemador De 14Mm -Bonglab - Morado
       | 33983 t2 prod 10297 $4990 | Bonglab Quemador Macho 18mm - Negro
 d= 97 | 14207 t3 prod 10257 $6990 | Quemador Macho Perlas Bonglab 18mm | PIRANHA
       | 33992 t2 huerfana $4401 | Bonglab Quemador Perlas - Macho 18mm - Rosado
 d= 97 | 31401 t1 huerfana $4990 | Quemador Hembra 14Mm -Bonglab - Morado
       | 33967 t2 huerfana $6990 | Bonglab Quemador - Hembra 14mm 2.0 - Rosado
 d= 99 | 2021 t2 prod 5747 $5990 | BongLab Quemador Honeycomb Macho 18mm
       | 31328 t1 huerfana $6990 | Quemador Honeycomb Macho 14Mm -Bonglab - SMOKE
 d= 99 | 2021 t2 prod 5747 $5990 | BongLab Quemador Honeycomb Macho 18mm
       | 31334 t1 huerfana $6990 | Quemador Honeycomb Macho 18Mm-Bonglab - SMOKE
 d= 99 | 31338 t1 prod 10257 $5990 | Quemador Perlas Macho 18 Mm -Bonglab - verde
       | 33992 t2 huerfana $4401 | Bonglab Quemador Perlas - Macho 18mm - Rosado
 d=100 | 31420 t1 huerfana $5990 | Quemador Perlas Macho 14Mm - Bonglab - Verde azulado
       | 33995 t2 prod 10257 $4401 | Bonglab Quemador Perlas - Macho 18mm - Morado
 d=101 | 762 t1 prod 8647 $10990 | REPUESTO SABER TIP-FOCUS V
       | 15591 t3 huerfana $47491 | Repuesto Cámara de Cerámica Cloud 3 | PIRANHA
 d=101 | 762 t1 prod 8647 $10990 | REPUESTO SABER TIP-FOCUS V
       | 19991 t2 huerfana $27990 | Cargador Mini Pax 2-3
 d=101 | 1549 t2 prod 5753 $14990 | Pax Flat Mouthpiece 2 Unidades.
       | 3620 t1 huerfana $24990 | REPUESTO SABER TIP 3U-FOCUS V
 d=102 | 3369 t3 prod 5749 $4990 | Quemador Bowl Chico Hembra Bonglab 14mm | PIRANHA
       | 31282 t1 huerfana $4990 | Quemador Bowl Chico Hembra 14Mm - Bonglab - azul
 d=102 | 3369 t3 prod 5749 $4990 | Quemador Bowl Chico Hembra Bonglab 14mm | PIRANHA
       | 31283 t1 huerfana $4990 | Quemador Bowl Chico Hembra 14Mm - Bonglab - Azul oscuro
 d=104 | 12847 t2 prod 10256 $5391 | Bonglab Quemador Perlas - Macho 14mm
       | 31346 t1 huerfana $5990 | Quemador Perlas Macho 18 Mm -Bonglab - SMOKEY GRAY
 d=104 | 12847 t2 prod 10256 $5391 | Bonglab Quemador Perlas - Macho 14mm
       | 31422 t1 huerfana $5990 | Quemador Perlas Macho 14Mm - Bonglab - SMOKEY GRAY
 d=104 | 15591 t3 huerfana $47491 | Repuesto Cámara de Cerámica Cloud 3 | PIRANHA
       | 18045 t1 huerfana $11990 | Silicone Mouthpiece Roam Cookies-G Pen
 d=104 | 31346 t1 huerfana $5990 | Quemador Perlas Macho 18 Mm -Bonglab - SMOKEY GRAY
       | 33985 t2 prod 10256 $5391 | Bonglab Quemador Perlas - Macho 14mm - Ambar
 d=104 | 31400 t1 huerfana $4990 | Quemador Hembra 14Mm -Bonglab - MILK GREEN
       | 33967 t2 huerfana $6990 | Bonglab Quemador - Hembra 14mm 2.0 - Rosado
 d=104 | 31422 t1 huerfana $5990 | Quemador Perlas Macho 14Mm - Bonglab - SMOKEY GRAY
       | 33985 t2 prod 10256 $5391 | Bonglab Quemador Perlas - Macho 14mm - Ambar
 d=105 | 1549 t2 prod 5753 $14990 | Pax Flat Mouthpiece 2 Unidades.
       | 18045 t1 huerfana $11990 | Silicone Mouthpiece Roam Cookies-G Pen
 d=105 | 1549 t2 prod 5753 $14990 | Pax Flat Mouthpiece 2 Unidades.
       | 31776 t1 huerfana $99990 | BATERIA INTERCAMBIABLE AERIS -FOCUS V - Negro
 d=105 | 12325 t1 prod 10363 $4990 | Quemador Hembra 14Mm -Bonglab
       | 33967 t2 huerfana $6990 | Bonglab Quemador - Hembra 14mm 2.0 - Rosado
 d=105 | 12842 t2 huerfana $6990 | Bonglab Quemador - Hembra 14mm 2.0
       | 31402 t1 huerfana $6990 | Quemador Hembra 14Mm -Bonglab - Rosa
 d=105 | 31399 t1 huerfana $4990 | Quemador Hembra 14Mm -Bonglab - Negro
       | 33967 t2 huerfana $6990 | Bonglab Quemador - Hembra 14mm 2.0 - Rosado
 d=105 | 31402 t1 huerfana $6990 | Quemador Hembra 14Mm -Bonglab - Rosa
       | 33969 t2 huerfana $6990 | Bonglab Quemador - Hembra 14mm 2.0 - Verde
 d=106 | 31342 t1 prod 10257 $5990 | Quemador Perlas Macho 18 Mm -Bonglab - Morado
       | 33992 t2 huerfana $4401 | Bonglab Quemador Perlas - Macho 18mm - Rosado
 d=106 | 31418 t1 prod 10256 $5990 | Quemador Perlas Macho 14Mm - Bonglab - Morado
       | 33992 t2 huerfana $4401 | Bonglab Quemador Perlas - Macho 18mm - Rosado
 d=106 | 31419 t1 huerfana $5990 | Quemador Perlas Macho 14Mm - Bonglab - Rosa
       | 33995 t2 prod 10257 $4401 | Bonglab Quemador Perlas - Macho 18mm - Morado
 d=107 | 864 t3 prod 10261 $6990 | Quemador Perlas Calvo 14mm
       | 34779 t2 huerfana $6890 | Calvo Glass Quemador Perlas - Macho 18mm - Azul Oscuro
 d=107 | 19941 t2 huerfana $3490 | PMG - Large Bowl
       | 23967 t1 huerfana $11990 | Silicone Mouthpiece Roam Dr. Greenthumbs-G Pen
 d=107 | 31402 t1 huerfana $6990 | Quemador Hembra 14Mm -Bonglab - Rosa
       | 33966 t2 huerfana $6990 | Bonglab Quemador - Hembra 14mm 2.0 - Negro
 d=108 | 849 t3 prod 5746 $6990 | Quemador Honeycomb Macho 14mm
       | 31331 t1 huerfana $6990 | Quemador Honeycomb Macho 14Mm -Bonglab - Morado
 d=108 | 15591 t3 huerfana $47491 | Repuesto Cámara de Cerámica Cloud 3 | PIRANHA
       | 19991 t2 huerfana $27990 | Cargador Mini Pax 2-3
 d=108 | 19941 t2 huerfana $3490 | PMG - Large Bowl
       | 31776 t1 huerfana $99990 | BATERIA INTERCAMBIABLE AERIS -FOCUS V - Negro
 d=108 | 31340 t1 huerfana $5990 | Quemador Perlas Macho 18 Mm -Bonglab - GOLDEN
       | 33986 t2 huerfana $5391 | Bonglab Quemador Perlas - Macho 14mm - Negro
 d=108 | 31416 t1 huerfana $5990 | Quemador Perlas Macho 14Mm - Bonglab - GOLDEN
       | 33986 t2 huerfana $5391 | Bonglab Quemador Perlas - Macho 14mm - Negro
 d=109 | 1549 t2 prod 5753 $14990 | Pax Flat Mouthpiece 2 Unidades.
       | 15591 t3 huerfana $47491 | Repuesto Cámara de Cerámica Cloud 3 | PIRANHA
 d=109 | 15788 t3 prod 10260 $4990 | Difusor Bonglab 14mm/14cm | PIRANHA
       | 31375 t1 huerfana $3990 | Difusor 14Mm 14Cm - Bonglab - GOLDEN
 d=109 | 15880 t3 prod 10492 $23741 | Adaptador para Extractos/Concentrados DynaVap DynaCoil 
       | 19991 t2 huerfana $27990 | Cargador Mini Pax 2-3
 d=109 | 31340 t1 huerfana $5990 | Quemador Perlas Macho 18 Mm -Bonglab - GOLDEN
       | 33998 t2 huerfana $4401 | Bonglab Quemador Perlas - Macho 18mm - Negro
 d=109 | 31416 t1 huerfana $5990 | Quemador Perlas Macho 14Mm - Bonglab - GOLDEN
       | 33998 t2 huerfana $4401 | Bonglab Quemador Perlas - Macho 18mm - Negro
 d=110 | 651 t2 huerfana $29990 | Bonglab Atrapa cenizas Slits macho 14mm 90°
       | 32164 t1 huerfana $24990 | Atrapa Ceniza Perc 18Mm -Bonglab - Rosa
 d=110 | 13155 t2 prod 10718 $29990 | Bonglab Atrapa cenizas Slits macho 18mm 90°
       | 32164 t1 huerfana $24990 | Atrapa Ceniza Perc 18Mm -Bonglab - Rosa
 d=110 | 31339 t1 huerfana $5990 | Quemador Perlas Macho 18 Mm -Bonglab - Azul oscuro
       | 33993 t2 prod 10257 $4401 | Bonglab Quemador Perlas - Macho 18mm - Azul
 d=110 | 31402 t1 huerfana $6990 | Quemador Hembra 14Mm -Bonglab - Rosa
       | 33968 t2 huerfana $6990 | Bonglab Quemador - Hembra 14mm 2.0 - Morado
 d=110 | 31415 t1 huerfana $5990 | Quemador Perlas Macho 14Mm - Bonglab - Azul oscuro
       | 33993 t2 prod 10257 $4401 | Bonglab Quemador Perlas - Macho 18mm - Azul
 d=110 | 32164 t1 huerfana $24990 | Atrapa Ceniza Perc 18Mm -Bonglab - Rosa
       | 34633 t2 prod 10717 $29990 | Bonglab Atrapa cenizas Slits macho 14mm 90° - Negro
 d=110 | 32164 t1 huerfana $24990 | Atrapa Ceniza Perc 18Mm -Bonglab - Rosa
       | 34637 t2 prod 10718 $29990 | Bonglab Atrapa cenizas Slits macho 18mm 90° - Negro
 d=111 | 651 t2 huerfana $29990 | Bonglab Atrapa cenizas Slits macho 14mm 90°
       | 32160 t1 huerfana $24990 | Atrapa Ceniza Perc 14Mm -Bonglab - Rosa
 d=111 | 13155 t2 prod 10718 $29990 | Bonglab Atrapa cenizas Slits macho 18mm 90°
       | 32160 t1 huerfana $24990 | Atrapa Ceniza Perc 14Mm -Bonglab - Rosa
 d=111 | 19991 t2 huerfana $27990 | Cargador Mini Pax 2-3
       | 23967 t1 huerfana $11990 | Silicone Mouthpiece Roam Dr. Greenthumbs-G Pen
 d=111 | 20046 t2 huerfana $21990 | Sploofy Filtro de repuesto 1ud. - Cartridge replacement
       | 26768 t3 huerfana $21242 | Repuesto Filtro de Humo Personal Sploofy Pro | PIRANHA
 d=111 | 31420 t1 huerfana $5990 | Quemador Perlas Macho 14Mm - Bonglab - Verde azulado
       | 33994 t2 prod 10257 $4401 | Bonglab Quemador Perlas - Macho 18mm - Ámbar
 d=111 | 32160 t1 huerfana $24990 | Atrapa Ceniza Perc 14Mm -Bonglab - Rosa
       | 34633 t2 prod 10717 $29990 | Bonglab Atrapa cenizas Slits macho 14mm 90° - Negro
 d=111 | 32160 t1 huerfana $24990 | Atrapa Ceniza Perc 14Mm -Bonglab - Rosa
       | 34637 t2 prod 10718 $29990 | Bonglab Atrapa cenizas Slits macho 18mm 90° - Negro
 d=112 | 864 t3 prod 10261 $6990 | Quemador Perlas Calvo 14mm
       | 34772 t2 huerfana $6490 | Calvo Glass Quemador Perlas - Macho 14mm - Morado
 d=112 | 1549 t2 prod 5753 $14990 | Pax Flat Mouthpiece 2 Unidades.
       | 12158 t1 huerfana $8990 | MALLAS GRUESAS PARA VENTY/VEAZY/CRAFTY+/MIGHTY+ 6U-STOR
 d=112 | 3522 t3 prod 5748 $6990 | Quemador Perlas Calvo 18mm
       | 34779 t2 huerfana $6890 | Calvo Glass Quemador Perlas - Macho 18mm - Azul Oscuro
 d=113 | 12205 t1 prod 10259 $3990 | Quemador Macho Simple 10 Mm - Bonglab
       | 34980 t2 huerfana $3990 | Bonglab Quemador Simple Macho 10mm - Negro
 d=113 | 13471 t2 huerfana $3990 | Difusor Points 18mm-18mm - 13cm
       | 23967 t1 huerfana $11990 | Silicone Mouthpiece Roam Dr. Greenthumbs-G Pen
 d=113 | 15591 t3 huerfana $47491 | Repuesto Cámara de Cerámica Cloud 3 | PIRANHA
       | 23967 t1 huerfana $11990 | Silicone Mouthpiece Roam Dr. Greenthumbs-G Pen
 d=113 | 31289 t1 prod 10259 $3990 | Quemador Macho Simple 10 Mm - Bonglab - azul
       | 34980 t2 huerfana $3990 | Bonglab Quemador Simple Macho 10mm - Negro
 d=114 | 3620 t1 huerfana $24990 | REPUESTO SABER TIP 3U-FOCUS V
       | 19991 t2 huerfana $27990 | Cargador Mini Pax 2-3
 d=114 | 32162 t1 prod 10718 $24990 | Atrapa Ceniza Perc 18Mm -Bonglab - Negro
       | 34635 t2 huerfana $29990 | Bonglab Atrapa cenizas Slits macho 14mm 90° - Rosado
 d=114 | 32162 t1 prod 10718 $24990 | Atrapa Ceniza Perc 18Mm -Bonglab - Negro
       | 34639 t2 huerfana $29990 | Bonglab Atrapa cenizas Slits macho 18mm 90° - Rosado
 d=115 | 3522 t3 prod 5748 $6990 | Quemador Perlas Calvo 18mm
       | 34772 t2 huerfana $6490 | Calvo Glass Quemador Perlas - Macho 14mm - Morado
 d=116 | 864 t3 prod 10261 $6990 | Quemador Perlas Calvo 14mm
       | 34770 t2 huerfana $6490 | Calvo Glass Quemador Perlas - Macho 14mm - Azul
 d=116 | 3620 t1 huerfana $24990 | REPUESTO SABER TIP 3U-FOCUS V
       | 15591 t3 huerfana $47491 | Repuesto Cámara de Cerámica Cloud 3 | PIRANHA
 d=116 | 3620 t1 huerfana $24990 | REPUESTO SABER TIP 3U-FOCUS V
       | 19941 t2 huerfana $3490 | PMG - Large Bowl
 d=116 | 15788 t3 prod 10260 $4990 | Difusor Bonglab 14mm/14cm | PIRANHA
       | 31380 t1 huerfana $3990 | Difusor 14Mm 14Cm - Bonglab - CLEAR
 d=116 | 31339 t1 huerfana $5990 | Quemador Perlas Macho 18 Mm -Bonglab - Azul oscuro
       | 33994 t2 prod 10257 $4401 | Bonglab Quemador Perlas - Macho 18mm - Ámbar
 d=116 | 31415 t1 huerfana $5990 | Quemador Perlas Macho 14Mm - Bonglab - Azul oscuro
       | 33994 t2 prod 10257 $4401 | Bonglab Quemador Perlas - Macho 18mm - Ámbar
 d=117 | 31340 t1 huerfana $5990 | Quemador Perlas Macho 18 Mm -Bonglab - GOLDEN
       | 33987 t2 prod 10256 $5391 | Bonglab Quemador Perlas - Macho 14mm - Azul
 d=117 | 31416 t1 huerfana $5990 | Quemador Perlas Macho 14Mm - Bonglab - GOLDEN
       | 33987 t2 prod 10256 $5391 | Bonglab Quemador Perlas - Macho 14mm - Azul
 d=119 | 12848 t2 prod 10257 $4401 | Bonglab Quemador Perlas - Macho 18mm
       | 31339 t1 huerfana $5990 | Quemador Perlas Macho 18 Mm -Bonglab - Azul oscuro
 d=119 | 12848 t2 prod 10257 $4401 | Bonglab Quemador Perlas - Macho 18mm
       | 31415 t1 huerfana $5990 | Quemador Perlas Macho 14Mm - Bonglab - Azul oscuro
 d=119 | 15558 t3 prod 10399 $3990 | Difusor Bonglab 14mm/12cm Morado | PIRANHA
       | 31375 t1 huerfana $3990 | Difusor 14Mm 14Cm - Bonglab - GOLDEN
 d=119 | 31339 t1 huerfana $5990 | Quemador Perlas Macho 18 Mm -Bonglab - Azul oscuro
       | 33992 t2 huerfana $4401 | Bonglab Quemador Perlas - Macho 18mm - Rosado
 d=119 | 31340 t1 huerfana $5990 | Quemador Perlas Macho 18 Mm -Bonglab - GOLDEN
       | 33989 t2 prod 10256 $5391 | Bonglab Quemador Perlas - Macho 14mm - Morado
 d=119 | 31415 t1 huerfana $5990 | Quemador Perlas Macho 14Mm - Bonglab - Azul oscuro
       | 33992 t2 huerfana $4401 | Bonglab Quemador Perlas - Macho 18mm - Rosado
 d=119 | 31416 t1 huerfana $5990 | Quemador Perlas Macho 14Mm - Bonglab - GOLDEN
       | 33989 t2 prod 10256 $5391 | Bonglab Quemador Perlas - Macho 14mm - Morado
 d=120 | 478 t2 prod 10259 $3990 | Bonglab Quemador Simple Macho 10mm
       | 31291 t1 huerfana $3990 | Quemador Macho Simple 10 Mm - Bonglab - SMOKEY GRAY
 d=120 | 31291 t1 huerfana $3990 | Quemador Macho Simple 10 Mm - Bonglab - SMOKEY GRAY
       | 34978 t2 prod 10259 $3990 | Bonglab Quemador Simple Macho 10mm - Azul
 d=121 | 3522 t3 prod 5748 $6990 | Quemador Perlas Calvo 18mm
       | 34770 t2 huerfana $6490 | Calvo Glass Quemador Perlas - Macho 14mm - Azul
 d=121 | 15558 t3 prod 10399 $3990 | Difusor Bonglab 14mm/12cm Morado | PIRANHA
       | 31373 t1 huerfana $3990 | Difusor 14Mm 14Cm - Bonglab - verde
 d=122 | 807 t1 prod 5754 $35990 | Cargador Crafty Coches De 12 Voltios-Storz &amp; Bickel
       | 19941 t2 huerfana $3490 | PMG - Large Bowl
 d=122 | 14217 t3 prod 10259 $3990 | Quemador Macho Simple Bonglab 10mm | PIRANHA
       | 31291 t1 huerfana $3990 | Quemador Macho Simple 10 Mm - Bonglab - SMOKEY GRAY
 d=122 | 15591 t3 huerfana $47491 | Repuesto Cámara de Cerámica Cloud 3 | PIRANHA
       | 31776 t1 huerfana $99990 | BATERIA INTERCAMBIABLE AERIS -FOCUS V - Negro
 d=123 | 14283 t3 prod 10375 $6951 | Difusor Premium Calvo 14mm
       | 31583 t1 huerfana $7990 | Difusor Premium -Calvo Glass - TRANSLUCENT BLUE
 d=124 | 14217 t3 prod 10259 $3990 | Quemador Macho Simple Bonglab 10mm | PIRANHA
       | 34980 t2 huerfana $3990 | Bonglab Quemador Simple Macho 10mm - Negro
 d=124 | 15880 t3 prod 10492 $23741 | Adaptador para Extractos/Concentrados DynaVap DynaCoil 
       | 23967 t1 huerfana $11990 | Silicone Mouthpiece Roam Dr. Greenthumbs-G Pen
 d=124 | 31404 t1 huerfana $6990 | Quemador Macho 14Mm -Bonglab - MILK GREEN
       | 33982 t2 prod 10297 $4990 | Bonglab Quemador Macho 18mm - Rosado
 d=124 | 31405 t1 huerfana $5990 | Quemador Macho 14Mm -Bonglab - Rosa
       | 33984 t2 huerfana $4990 | Bonglab Quemador Macho 18mm - Verde
 d=124 | 31410 t1 prod 10297 $5990 | Quemador Macho 18Mm -Bonglab - Rosa
       | 33984 t2 huerfana $4990 | Bonglab Quemador Macho 18mm - Verde
 d=124 | 31412 t1 huerfana $5990 | Quemador Macho 18Mm -Bonglab - MILK GREEN
       | 33982 t2 prod 10297 $4990 | Bonglab Quemador Macho 18mm - Rosado
 d=125 | 773 t1 prod 5749 $6990 | Quemador Bowl Chico Hembra 14 Mm -Bonglab
       | 34052 t2 huerfana $4990 | Bonglab Quemador Hembra 14mm - Ambar
 d=125 | 31270 t1 huerfana $4990 | Quemador Bowl Chico Hembra 14 Mm -Bonglab - CLEAR
       | 34052 t2 huerfana $4990 | Bonglab Quemador Hembra 14mm - Ambar
 d=125 | 31341 t1 prod 10257 $5990 | Quemador Perlas Macho 18 Mm -Bonglab - AMBAR
       | 33992 t2 huerfana $4401 | Bonglab Quemador Perlas - Macho 18mm - Rosado
 d=125 | 31404 t1 huerfana $6990 | Quemador Macho 14Mm -Bonglab - MILK GREEN
       | 33983 t2 prod 10297 $4990 | Bonglab Quemador Macho 18mm - Negro
 d=125 | 31406 t1 huerfana $6990 | Quemador Macho 14Mm -Bonglab - Negro
       | 33984 t2 huerfana $4990 | Bonglab Quemador Macho 18mm - Verde
 d=125 | 31411 t1 prod 10297 $5990 | Quemador Macho 18Mm -Bonglab - Negro
       | 33984 t2 huerfana $4990 | Bonglab Quemador Macho 18mm - Verde
 d=125 | 31412 t1 huerfana $5990 | Quemador Macho 18Mm -Bonglab - MILK GREEN
       | 33983 t2 prod 10297 $4990 | Bonglab Quemador Macho 18mm - Negro
 d=125 | 31417 t1 prod 10256 $5990 | Quemador Perlas Macho 14Mm - Bonglab - AMBAR
       | 33992 t2 huerfana $4401 | Bonglab Quemador Perlas - Macho 18mm - Rosado
 d=125 | 31419 t1 huerfana $5990 | Quemador Perlas Macho 14Mm - Bonglab - Rosa
       | 33994 t2 prod 10257 $4401 | Bonglab Quemador Perlas - Macho 18mm - Ámbar
 d=126 | 2628 t1 huerfana $8990 | Malla Para Extractos Pequeñas 4 Piezas Para Todos Los D
       | 19350 t2 huerfana $8490 | Storz &amp; Bickel Juego De Almohadillas Para Extracció
 d=128 | 1220 t2 prod 5754 $19990 | Storz &amp; Bickel Cargador Crafty para auto 12V
       | 3620 t1 huerfana $24990 | REPUESTO SABER TIP 3U-FOCUS V
 d=128 | 12152 t1 huerfana $4390 | BOQUILLA PARA SOLID VALVE 3U-STORZ &amp; BICKEL
       | 15916 t3 prod 10398 $3990 | Válvula Solid Valve Juego de Pieza Labial
 d=128 | 12277 t1 prod 6020 $2990 | QUEMADOR BONG MACHO 14MM- Bonglab
       | 12916 t2 huerfana $3890 | Quemador Transparente - Macho 14mm/18mm
 d=128 | 12277 t1 prod 6020 $2990 | QUEMADOR BONG MACHO 14MM- Bonglab
       | 34128 t2 huerfana $3890 | Quemador Transparente - Macho 14mm/18mm - Macho 14mm
 d=128 | 12277 t1 prod 6020 $2990 | QUEMADOR BONG MACHO 14MM- Bonglab
       | 34129 t2 huerfana $3890 | Quemador Transparente - Macho 14mm/18mm - Macho 18mm
 d=128 | 12278 t1 prod 10257 $5990 | Quemador Perlas Macho 18 Mm -Bonglab
       | 33992 t2 huerfana $4401 | Bonglab Quemador Perlas - Macho 18mm - Rosado
 d=128 | 12328 t1 prod 10256 $5990 | Quemador Perlas Macho 14Mm - Bonglab
       | 33992 t2 huerfana $4401 | Bonglab Quemador Perlas - Macho 18mm - Rosado
 d=128 | 31337 t1 prod 10257 $5990 | Quemador Perlas Macho 18 Mm -Bonglab - azul
       | 33992 t2 huerfana $4401 | Bonglab Quemador Perlas - Macho 18mm - Rosado
 d=128 | 31340 t1 huerfana $5990 | Quemador Perlas Macho 18 Mm -Bonglab - GOLDEN
       | 33990 t2 huerfana $5391 | Bonglab Quemador Perlas - Macho 14mm - Rosado
 d=128 | 31413 t1 prod 10256 $5990 | Quemador Perlas Macho 14Mm - Bonglab - azul
       | 33992 t2 huerfana $4401 | Bonglab Quemador Perlas - Macho 18mm - Rosado
 d=128 | 31416 t1 huerfana $5990 | Quemador Perlas Macho 14Mm - Bonglab - GOLDEN
       | 33990 t2 huerfana $5391 | Bonglab Quemador Perlas - Macho 14mm - Rosado
 d=129 | 762 t1 prod 8647 $10990 | REPUESTO SABER TIP-FOCUS V
       | 19941 t2 huerfana $3490 | PMG - Large Bowl
 d=129 | 15558 t3 prod 10399 $3990 | Difusor Bonglab 14mm/12cm Morado | PIRANHA
       | 31376 t1 huerfana $3990 | Difusor 14Mm 14Cm - Bonglab - AMBAR
 d=129 | 15560 t3 prod 10325 $79990 | Vidrio de Repuesto Vaporizador Focus V Carta Sport | PI
       | 23967 t1 huerfana $11990 | Silicone Mouthpiece Roam Dr. Greenthumbs-G Pen
 d=129 | 31419 t1 huerfana $5990 | Quemador Perlas Macho 14Mm - Bonglab - Rosa
       | 33993 t2 prod 10257 $4401 | Bonglab Quemador Perlas - Macho 18mm - Azul
 d=130 | 3620 t1 huerfana $24990 | REPUESTO SABER TIP 3U-FOCUS V
       | 13471 t2 huerfana $3990 | Difusor Points 18mm-18mm - 13cm
 d=130 | 12326 t1 prod 6020 $3990 | Quemador Macho 14Mm -Bonglab
       | 33984 t2 huerfana $4990 | Bonglab Quemador Macho 18mm - Verde
 d=130 | 12327 t1 prod 10297 $5990 | Quemador Macho 18Mm -Bonglab
       | 33984 t2 huerfana $4990 | Bonglab Quemador Macho 18mm - Verde
 d=130 | 15591 t3 huerfana $47491 | Repuesto Cámara de Cerámica Cloud 3 | PIRANHA
       | 19941 t2 huerfana $3490 | PMG - Large Bowl
 d=130 | 19991 t2 huerfana $27990 | Cargador Mini Pax 2-3
       | 31776 t1 huerfana $99990 | BATERIA INTERCAMBIABLE AERIS -FOCUS V - Negro
 d=130 | 31403 t1 prod 6020 $6990 | Quemador Macho 14Mm -Bonglab - Morado
       | 33984 t2 huerfana $4990 | Bonglab Quemador Macho 18mm - Verde
 d=130 | 31409 t1 prod 10297 $5990 | Quemador Macho 18Mm -Bonglab - Morado
       | 33984 t2 huerfana $4990 | Bonglab Quemador Macho 18mm - Verde
 d=131 | 12158 t1 huerfana $8990 | MALLAS GRUESAS PARA VENTY/VEAZY/CRAFTY+/MIGHTY+ 6U-STOR
       | 13575 t2 huerfana $4990 | Difusor Bong 18mm-14mm - 13cm
 d=131 | 12846 t2 prod 10297 $4990 | Bonglab Quemador Macho 18mm
       | 31404 t1 huerfana $6990 | Quemador Macho 14Mm -Bonglab - MILK GREEN
 d=131 | 12846 t2 prod 10297 $4990 | Bonglab Quemador Macho 18mm
       | 31412 t1 huerfana $5990 | Quemador Macho 18Mm -Bonglab - MILK GREEN
 d=131 | 13471 t2 huerfana $3990 | Difusor Points 18mm-18mm - 13cm
       | 15880 t3 prod 10492 $23741 | Adaptador para Extractos/Concentrados DynaVap DynaCoil 
 d=131 | 15880 t3 prod 10492 $23741 | Adaptador para Extractos/Concentrados DynaVap DynaCoil 
       | 18045 t1 huerfana $11990 | Silicone Mouthpiece Roam Cookies-G Pen
 d=131 | 31404 t1 huerfana $6990 | Quemador Macho 14Mm -Bonglab - MILK GREEN
       | 33981 t2 prod 10297 $4990 | Bonglab Quemador Macho 18mm - Morado
 d=131 | 31412 t1 huerfana $5990 | Quemador Macho 18Mm -Bonglab - MILK GREEN
       | 33981 t2 prod 10297 $4990 | Bonglab Quemador Macho 18mm - Morado
 d=132 | 807 t1 prod 5754 $35990 | Cargador Crafty Coches De 12 Voltios-Storz &amp; Bickel
       | 13471 t2 huerfana $3990 | Difusor Points 18mm-18mm - 13cm
 d=132 | 3492 t3 prod 5747 $7490 | Quemador Honeycomb Macho 18mm
       | 31330 t1 huerfana $6990 | Quemador Honeycomb Macho 14Mm -Bonglab - Rosa
 d=132 | 13471 t2 huerfana $3990 | Difusor Points 18mm-18mm - 13cm
       | 31776 t1 huerfana $99990 | BATERIA INTERCAMBIABLE AERIS -FOCUS V - Negro
 d=132 | 14175 t3 prod 6020 $6990 | Quemador Macho Bonglab 14mm | PIRANHA
       | 31404 t1 huerfana $6990 | Quemador Macho 14Mm -Bonglab - MILK GREEN
 d=132 | 14175 t3 prod 6020 $6990 | Quemador Macho Bonglab 14mm | PIRANHA
       | 31412 t1 huerfana $5990 | Quemador Macho 18Mm -Bonglab - MILK GREEN
 d=133 | 762 t1 prod 8647 $10990 | REPUESTO SABER TIP-FOCUS V
       | 13471 t2 huerfana $3990 | Difusor Points 18mm-18mm - 13cm
 d=133 | 1220 t2 prod 5754 $19990 | Storz &amp; Bickel Cargador Crafty para auto 12V
       | 23967 t1 huerfana $11990 | Silicone Mouthpiece Roam Dr. Greenthumbs-G Pen
 d=133 | 3620 t1 huerfana $24990 | REPUESTO SABER TIP 3U-FOCUS V
       | 15880 t3 prod 10492 $23741 | Adaptador para Extractos/Concentrados DynaVap DynaCoil 
 d=134 | 807 t1 prod 5754 $35990 | Cargador Crafty Coches De 12 Voltios-Storz &amp; Bickel
       | 19991 t2 huerfana $27990 | Cargador Mini Pax 2-3
 d=134 | 12158 t1 huerfana $8990 | MALLAS GRUESAS PARA VENTY/VEAZY/CRAFTY+/MIGHTY+ 6U-STOR
       | 15880 t3 prod 10492 $23741 | Adaptador para Extractos/Concentrados DynaVap DynaCoil 
 d=134 | 32164 t1 huerfana $24990 | Atrapa Ceniza Perc 18Mm -Bonglab - Rosa
       | 34636 t2 prod 10717 $29990 | Bonglab Atrapa cenizas Slits macho 14mm 90° - Transpare
 d=134 | 32164 t1 huerfana $24990 | Atrapa Ceniza Perc 18Mm -Bonglab - Rosa
       | 34641 t2 prod 10718 $29990 | Bonglab Atrapa cenizas Slits macho 18mm 90° - Transpare
 d=135 | 31346 t1 huerfana $5990 | Quemador Perlas Macho 18 Mm -Bonglab - SMOKEY GRAY
       | 33987 t2 prod 10256 $5391 | Bonglab Quemador Perlas - Macho 14mm - Azul
 d=135 | 31422 t1 huerfana $5990 | Quemador Perlas Macho 14Mm - Bonglab - SMOKEY GRAY
       | 33987 t2 prod 10256 $5391 | Bonglab Quemador Perlas - Macho 14mm - Azul
 d=135 | 32160 t1 huerfana $24990 | Atrapa Ceniza Perc 14Mm -Bonglab - Rosa
       | 34636 t2 prod 10717 $29990 | Bonglab Atrapa cenizas Slits macho 14mm 90° - Transpare
 d=135 | 32160 t1 huerfana $24990 | Atrapa Ceniza Perc 14Mm -Bonglab - Rosa
       | 34641 t2 prod 10718 $29990 | Bonglab Atrapa cenizas Slits macho 18mm 90° - Transpare
 d=136 | 651 t2 huerfana $29990 | Bonglab Atrapa cenizas Slits macho 14mm 90°
       | 12213 t1 prod 10717 $29990 | Atrapa Ceniza Perc 14Mm -Bonglab
 d=136 | 807 t1 prod 5754 $35990 | Cargador Crafty Coches De 12 Voltios-Storz &amp; Bickel
       | 15591 t3 huerfana $47491 | Repuesto Cámara de Cerámica Cloud 3 | PIRANHA
 d=136 | 1220 t2 prod 5754 $19990 | Storz &amp; Bickel Cargador Crafty para auto 12V
       | 18045 t1 huerfana $11990 | Silicone Mouthpiece Roam Cookies-G Pen
 d=136 | 18045 t1 huerfana $11990 | Silicone Mouthpiece Roam Cookies-G Pen
       | 19941 t2 huerfana $3490 | PMG - Large Bowl
 d=136 | 31340 t1 huerfana $5990 | Quemador Perlas Macho 18 Mm -Bonglab - GOLDEN
       | 33988 t2 prod 10256 $5391 | Bonglab Quemador Perlas - Macho 14mm - Verde
 d=136 | 31416 t1 huerfana $5990 | Quemador Perlas Macho 14Mm - Bonglab - GOLDEN
       | 33988 t2 prod 10256 $5391 | Bonglab Quemador Perlas - Macho 14mm - Verde
 d=137 | 15558 t3 prod 10399 $3990 | Difusor Bonglab 14mm/12cm Morado | PIRANHA
       | 31374 t1 huerfana $3990 | Difusor 14Mm 14Cm - Bonglab - Azul oscuro
 d=137 | 15880 t3 prod 10492 $23741 | Adaptador para Extractos/Concentrados DynaVap DynaCoil 
       | 19941 t2 huerfana $3490 | PMG - Large Bowl
 d=138 | 12490 t1 prod 10651 $16690 | GLOBO CON ADAPTADOR PARA VOLCANO-STORZ &amp; BICKEL
       | 13471 t2 huerfana $3990 | Difusor Points 18mm-18mm - 13cm
 d=138 | 14175 t3 prod 6020 $6990 | Quemador Macho Bonglab 14mm | PIRANHA
       | 33984 t2 huerfana $4990 | Bonglab Quemador Macho 18mm - Verde
 d=138 | 17184 t1 prod 10460 $99990 | BATERIA INTERCAMBIABLE AERIS -FOCUS V
       | 19941 t2 huerfana $3490 | PMG - Large Bowl
 d=138 | 19941 t2 huerfana $3490 | PMG - Large Bowl
       | 31777 t1 huerfana $99990 | BATERIA INTERCAMBIABLE AERIS -FOCUS V - JADE
 d=139 | 2021 t2 prod 5747 $5990 | BongLab Quemador Honeycomb Macho 18mm
       | 31405 t1 huerfana $5990 | Quemador Macho 14Mm -Bonglab - Rosa
 d=139 | 2240 t4 prod 5747 $5300 | Quemador Honeycomb 18mm | Bowl bong grande colores
       | 32075 t1 huerfana $4990 | Quemador Rejilla Pyrex 14Mm Cono-Bonglab - verde
 d=139 | 3611 t1 prod 6020 $4990 | Quemador De 14Mm -Bonglab
       | 33984 t2 huerfana $4990 | Bonglab Quemador Macho 18mm - Verde
 d=139 | 15880 t3 prod 10492 $23741 | Adaptador para Extractos/Concentrados DynaVap DynaCoil 
       | 31776 t1 huerfana $99990 | BATERIA INTERCAMBIABLE AERIS -FOCUS V - Negro
 d=139 | 31393 t1 huerfana $4990 | Quemador De 14Mm -Bonglab - Morado
       | 33984 t2 huerfana $4990 | Bonglab Quemador Macho 18mm - Verde
 d=139 | 32076 t1 huerfana $4990 | Quemador Rejilla Pyrex 14Mm Cono-Bonglab - Ámbar
       | 34446 t2 huerfana $3490 | Calvo Glass Quemador Pyrex - Macho 14mm - Verde
 d=140 | 14175 t3 prod 6020 $6990 | Quemador Macho Bonglab 14mm | PIRANHA
       | 31332 t1 huerfana $6990 | Quemador Honeycomb Macho 18Mm-Bonglab - azul
 d=140 | 31336 t1 huerfana $6990 | Quemador Honeycomb Macho 18Mm-Bonglab - Morado
       | 33982 t2 prod 10297 $4990 | Bonglab Quemador Macho 18mm - Rosado

===== Vaporizadores de extractos: 2 ofertas con imagen =====
hashes ok: 2 | errores: 0
0 pares candidatos (distancia Hamming <= 140/512)

===== Vaporizadores electronicos: 92 ofertas con imagen =====
hashes ok: 92 | errores: 0
61 pares candidatos (distancia Hamming <= 140/512)
*d= 30 | 32598 t1 huerfana $11990 | VAPORIZADOR G8000 ZERO -OXBAR - Grape Ice
       | 37425 t2 huerfana $13990 | Oxbar Vaporizador Desechable G8K Puffs - Grape Ice
*d= 35 | 32619 t1 huerfana $24990 | Vaporizador Liso 28000-Oxbar - BLUE RAZZ ICE
       | 38789 t3 huerfana $18973 | Vaporizador Oxbar Liso P28000 Blue Razz Ice 5% | PIRANH
*d= 36 | 32620 t1 huerfana $24990 | Vaporizador Liso 28000-Oxbar - GRAPE BERRIES
       | 38789 t3 huerfana $18973 | Vaporizador Oxbar Liso P28000 Blue Razz Ice 5% | PIRANH
*d= 36 | 32620 t1 huerfana $24990 | Vaporizador Liso 28000-Oxbar - GRAPE BERRIES
       | 39141 t3 huerfana $18973 | Vaporizador Oxbar Liso P28000 Grape Berries 5% | PIRANH
*d= 38 | 32598 t1 huerfana $11990 | VAPORIZADOR G8000 ZERO -OXBAR - Grape Ice
       | 37429 t2 huerfana $13990 | Oxbar Vaporizador Desechable G8K Puffs - Strawberry Wat
*d= 38 | 32601 t1 huerfana $11990 | VAPORIZADOR G8000 ZERO -OXBAR - Clear
       | 37430 t2 huerfana $13990 | Oxbar Vaporizador Desechable G8K Puffs - Clear
*d= 39 | 32619 t1 huerfana $24990 | Vaporizador Liso 28000-Oxbar - BLUE RAZZ ICE
       | 39141 t3 huerfana $18973 | Vaporizador Oxbar Liso P28000 Grape Berries 5% | PIRANH
*d= 40 | 32602 t1 huerfana $11990 | VAPORIZADOR G8000 ZERO -OXBAR - Strawberry Watermelon
       | 37425 t2 huerfana $13990 | Oxbar Vaporizador Desechable G8K Puffs - Grape Ice
*d= 40 | 32602 t1 huerfana $11990 | VAPORIZADOR G8000 ZERO -OXBAR - Strawberry Watermelon
       | 37429 t2 huerfana $13990 | Oxbar Vaporizador Desechable G8K Puffs - Strawberry Wat
*d= 41 | 32598 t1 huerfana $11990 | VAPORIZADOR G8000 ZERO -OXBAR - Grape Ice
       | 37427 t2 huerfana $13990 | Oxbar Vaporizador Desechable G8K Puffs - Cranberry Grap
*d= 41 | 32599 t1 huerfana $11990 | VAPORIZADOR G8000 ZERO -OXBAR - Tutti Fruti
       | 37428 t2 huerfana $13990 | Oxbar Vaporizador Desechable G8K Puffs - Tutti Frutti
*d= 41 | 32603 t1 huerfana $11990 | VAPORIZADOR G8000 ZERO -OXBAR - Cranberry Grape
       | 37427 t2 huerfana $13990 | Oxbar Vaporizador Desechable G8K Puffs - Cranberry Grap
*d= 41 | 32621 t1 huerfana $24990 | Vaporizador Liso 28000-Oxbar - MIXED BERRIES
       | 38789 t3 huerfana $18973 | Vaporizador Oxbar Liso P28000 Blue Razz Ice 5% | PIRANH
*d= 42 | 32599 t1 huerfana $11990 | VAPORIZADOR G8000 ZERO -OXBAR - Tutti Fruti
       | 37426 t2 huerfana $13990 | Oxbar Vaporizador Desechable G8K Puffs - Sunset Waterme
*d= 42 | 32599 t1 huerfana $11990 | VAPORIZADOR G8000 ZERO -OXBAR - Tutti Fruti
       | 37427 t2 huerfana $13990 | Oxbar Vaporizador Desechable G8K Puffs - Cranberry Grap
*d= 42 | 32603 t1 huerfana $11990 | VAPORIZADOR G8000 ZERO -OXBAR - Cranberry Grape
       | 37429 t2 huerfana $13990 | Oxbar Vaporizador Desechable G8K Puffs - Strawberry Wat
*d= 43 | 32598 t1 huerfana $11990 | VAPORIZADOR G8000 ZERO -OXBAR - Grape Ice
       | 37426 t2 huerfana $13990 | Oxbar Vaporizador Desechable G8K Puffs - Sunset Waterme
*d= 43 | 32600 t1 huerfana $11990 | VAPORIZADOR G8000 ZERO -OXBAR - Sunset Watermelon
       | 37427 t2 huerfana $13990 | Oxbar Vaporizador Desechable G8K Puffs - Cranberry Grap
*d= 43 | 32621 t1 huerfana $24990 | Vaporizador Liso 28000-Oxbar - MIXED BERRIES
       | 39141 t3 huerfana $18973 | Vaporizador Oxbar Liso P28000 Grape Berries 5% | PIRANH
*d= 45 | 32600 t1 huerfana $11990 | VAPORIZADOR G8000 ZERO -OXBAR - Sunset Watermelon
       | 37426 t2 huerfana $13990 | Oxbar Vaporizador Desechable G8K Puffs - Sunset Waterme
*d= 46 | 32600 t1 huerfana $11990 | VAPORIZADOR G8000 ZERO -OXBAR - Sunset Watermelon
       | 37425 t2 huerfana $13990 | Oxbar Vaporizador Desechable G8K Puffs - Grape Ice
*d= 46 | 32603 t1 huerfana $11990 | VAPORIZADOR G8000 ZERO -OXBAR - Cranberry Grape
       | 37425 t2 huerfana $13990 | Oxbar Vaporizador Desechable G8K Puffs - Grape Ice
*d= 47 | 32599 t1 huerfana $11990 | VAPORIZADOR G8000 ZERO -OXBAR - Tutti Fruti
       | 37425 t2 huerfana $13990 | Oxbar Vaporizador Desechable G8K Puffs - Grape Ice
*d= 47 | 32599 t1 huerfana $11990 | VAPORIZADOR G8000 ZERO -OXBAR - Tutti Fruti
       | 37429 t2 huerfana $13990 | Oxbar Vaporizador Desechable G8K Puffs - Strawberry Wat
*d= 47 | 32602 t1 huerfana $11990 | VAPORIZADOR G8000 ZERO -OXBAR - Strawberry Watermelon
       | 37426 t2 huerfana $13990 | Oxbar Vaporizador Desechable G8K Puffs - Sunset Waterme
*d= 47 | 32602 t1 huerfana $11990 | VAPORIZADOR G8000 ZERO -OXBAR - Strawberry Watermelon
       | 37427 t2 huerfana $13990 | Oxbar Vaporizador Desechable G8K Puffs - Cranberry Grap
*d= 48 | 32601 t1 huerfana $11990 | VAPORIZADOR G8000 ZERO -OXBAR - Clear
       | 37428 t2 huerfana $13990 | Oxbar Vaporizador Desechable G8K Puffs - Tutti Frutti
*d= 48 | 32624 t1 huerfana $29990 | Vaporizador Liso 28000-Oxbar - WATERMELON ICE
       | 39141 t3 huerfana $18973 | Vaporizador Oxbar Liso P28000 Grape Berries 5% | PIRANH
*d= 49 | 32599 t1 huerfana $11990 | VAPORIZADOR G8000 ZERO -OXBAR - Tutti Fruti
       | 37430 t2 huerfana $13990 | Oxbar Vaporizador Desechable G8K Puffs - Clear
*d= 49 | 32603 t1 huerfana $11990 | VAPORIZADOR G8000 ZERO -OXBAR - Cranberry Grape
       | 37426 t2 huerfana $13990 | Oxbar Vaporizador Desechable G8K Puffs - Sunset Waterme
*d= 50 | 32600 t1 huerfana $11990 | VAPORIZADOR G8000 ZERO -OXBAR - Sunset Watermelon
       | 37429 t2 huerfana $13990 | Oxbar Vaporizador Desechable G8K Puffs - Strawberry Wat
*d= 50 | 32624 t1 huerfana $29990 | Vaporizador Liso 28000-Oxbar - WATERMELON ICE
       | 38789 t3 huerfana $18973 | Vaporizador Oxbar Liso P28000 Blue Razz Ice 5% | PIRANH
*d= 50 | 32625 t1 huerfana $24990 | Vaporizador Liso 28000-Oxbar - WATERMELON STRAWBERRY KI
       | 38789 t3 huerfana $18973 | Vaporizador Oxbar Liso P28000 Blue Razz Ice 5% | PIRANH
*d= 50 | 32625 t1 huerfana $24990 | Vaporizador Liso 28000-Oxbar - WATERMELON STRAWBERRY KI
       | 39141 t3 huerfana $18973 | Vaporizador Oxbar Liso P28000 Grape Berries 5% | PIRANH
*d= 51 | 32617 t1 huerfana $24990 | Vaporizador Liso 28000-Oxbar - GRAPE ICE
       | 38789 t3 huerfana $18973 | Vaporizador Oxbar Liso P28000 Blue Razz Ice 5% | PIRANH
*d= 52 | 32598 t1 huerfana $11990 | VAPORIZADOR G8000 ZERO -OXBAR - Grape Ice
       | 37428 t2 huerfana $13990 | Oxbar Vaporizador Desechable G8K Puffs - Tutti Frutti
*d= 52 | 32629 t1 huerfana $8990 | Vaporizador Mini 2200 -Oxbar - LIMONADA DE ARANDANO
       | 38920 t3 huerfana $7992 | Oxbar Mini 2200 Strawberry Ice Lemon 4,5% | PIRANHA
*d= 53 | 32601 t1 huerfana $11990 | VAPORIZADOR G8000 ZERO -OXBAR - Clear
       | 37426 t2 huerfana $13990 | Oxbar Vaporizador Desechable G8K Puffs - Sunset Waterme
*d= 53 | 32601 t1 huerfana $11990 | VAPORIZADOR G8000 ZERO -OXBAR - Clear
       | 37427 t2 huerfana $13990 | Oxbar Vaporizador Desechable G8K Puffs - Cranberry Grap
*d= 53 | 32617 t1 huerfana $24990 | Vaporizador Liso 28000-Oxbar - GRAPE ICE
       | 39141 t3 huerfana $18973 | Vaporizador Oxbar Liso P28000 Grape Berries 5% | PIRANH
*d= 54 | 32600 t1 huerfana $11990 | VAPORIZADOR G8000 ZERO -OXBAR - Sunset Watermelon
       | 37428 t2 huerfana $13990 | Oxbar Vaporizador Desechable G8K Puffs - Tutti Frutti
*d= 54 | 32602 t1 huerfana $11990 | VAPORIZADOR G8000 ZERO -OXBAR - Strawberry Watermelon
       | 37428 t2 huerfana $13990 | Oxbar Vaporizador Desechable G8K Puffs - Tutti Frutti
*d= 56 | 32603 t1 huerfana $11990 | VAPORIZADOR G8000 ZERO -OXBAR - Cranberry Grape
       | 37428 t2 huerfana $13990 | Oxbar Vaporizador Desechable G8K Puffs - Tutti Frutti
 d= 62 | 32600 t1 huerfana $11990 | VAPORIZADOR G8000 ZERO -OXBAR - Sunset Watermelon
       | 37430 t2 huerfana $13990 | Oxbar Vaporizador Desechable G8K Puffs - Clear
 d= 62 | 32601 t1 huerfana $11990 | VAPORIZADOR G8000 ZERO -OXBAR - Clear
       | 37429 t2 huerfana $13990 | Oxbar Vaporizador Desechable G8K Puffs - Strawberry Wat
 d= 64 | 32598 t1 huerfana $11990 | VAPORIZADOR G8000 ZERO -OXBAR - Grape Ice
       | 37430 t2 huerfana $13990 | Oxbar Vaporizador Desechable G8K Puffs - Clear
 d= 64 | 32601 t1 huerfana $11990 | VAPORIZADOR G8000 ZERO -OXBAR - Clear
       | 37425 t2 huerfana $13990 | Oxbar Vaporizador Desechable G8K Puffs - Grape Ice
 d= 64 | 32602 t1 huerfana $11990 | VAPORIZADOR G8000 ZERO -OXBAR - Strawberry Watermelon
       | 37430 t2 huerfana $13990 | Oxbar Vaporizador Desechable G8K Puffs - Clear
 d= 64 | 32603 t1 huerfana $11990 | VAPORIZADOR G8000 ZERO -OXBAR - Cranberry Grape
       | 37430 t2 huerfana $13990 | Oxbar Vaporizador Desechable G8K Puffs - Clear
 d= 70 | 32634 t1 huerfana $8990 | Vaporizador Mini 2200 -Oxbar - TRIPLE MANGO ICE
       | 38920 t3 huerfana $7992 | Oxbar Mini 2200 Strawberry Ice Lemon 4,5% | PIRANHA
 d= 72 | 32630 t1 huerfana $8990 | Vaporizador Mini 2200 -Oxbar - MANGO PIÑA ICE
       | 38920 t3 huerfana $7992 | Oxbar Mini 2200 Strawberry Ice Lemon 4,5% | PIRANHA
 d= 81 | 32623 t1 huerfana $24990 | Vaporizador Liso 28000-Oxbar - TROPICAL MINT
       | 39141 t3 huerfana $18973 | Vaporizador Oxbar Liso P28000 Grape Berries 5% | PIRANH
 d= 83 | 32618 t1 huerfana $24990 | Vaporizador Liso 28000-Oxbar - GREEN APPLE SOUR
       | 39141 t3 huerfana $18973 | Vaporizador Oxbar Liso P28000 Grape Berries 5% | PIRANH
 d= 83 | 32623 t1 huerfana $24990 | Vaporizador Liso 28000-Oxbar - TROPICAL MINT
       | 38789 t3 huerfana $18973 | Vaporizador Oxbar Liso P28000 Blue Razz Ice 5% | PIRANH
 d= 87 | 32618 t1 huerfana $24990 | Vaporizador Liso 28000-Oxbar - GREEN APPLE SOUR
       | 38789 t3 huerfana $18973 | Vaporizador Oxbar Liso P28000 Blue Razz Ice 5% | PIRANH
 d= 87 | 32622 t1 huerfana $29990 | Vaporizador Liso 28000-Oxbar - TRIPLE MANGO ICE
       | 38789 t3 huerfana $18973 | Vaporizador Oxbar Liso P28000 Blue Razz Ice 5% | PIRANH
 d= 87 | 32622 t1 huerfana $29990 | Vaporizador Liso 28000-Oxbar - TRIPLE MANGO ICE
       | 39141 t3 huerfana $18973 | Vaporizador Oxbar Liso P28000 Grape Berries 5% | PIRANH
 d= 96 | 32632 t1 huerfana $8990 | Vaporizador Mini 2200 -Oxbar - SANDIA DURAZNO
       | 38920 t3 huerfana $7992 | Oxbar Mini 2200 Strawberry Ice Lemon 4,5% | PIRANHA
 d=106 | 32635 t1 huerfana $8990 | Vaporizador Mini 2200 -Oxbar - UVA ICE
       | 38920 t3 huerfana $7992 | Oxbar Mini 2200 Strawberry Ice Lemon 4,5% | PIRANHA
 d=113 | 32626 t1 huerfana $8990 | Vaporizador Mini 2200 -Oxbar - ARANDANO ICE
       | 38920 t3 huerfana $7992 | Oxbar Mini 2200 Strawberry Ice Lemon 4,5% | PIRANHA
 d=113 | 32627 t1 huerfana $9990 | Vaporizador Mini 2200 -Oxbar - HELADO DE MANGO
       | 38920 t3 huerfana $7992 | Oxbar Mini 2200 Strawberry Ice Lemon 4,5% | PIRANHA

===== Vaporizadores herbales: 572 ofertas con imagen =====
hashes ok: 572 | errores: 0
437 pares candidatos (distancia Hamming <= 140/512)
*d= 51 | 2553 t1 prod 5737 $88990 | Vaporizador The New M7-Dynavap
       | 13433 t2 huerfana $129990 | Vaporizador DynaVap M7 XL Starter Kit
*d= 57 | 18091 t1 huerfana $69990 | SABER DAB TOOL-FOCUS V
       | 18547 t2 prod 10406 $159990 | Dynavap Vaporizador Unidyn
*d= 60 | 1304 t3 prod 5737 $89242 | Vaporizador DynaVap New The M 7 | PIRANHA
       | 35045 t2 huerfana $127990 | Dynavap Vaporizador Mecánico M7 XL - Plateado
*d= 60 | 1304 t3 prod 5737 $89242 | Vaporizador DynaVap New The M 7 | PIRANHA
       | 35046 t2 huerfana $144990 | Dynavap Vaporizador Mecánico M7 XL - Tornasol
 d= 61 | 18091 t1 huerfana $69990 | SABER DAB TOOL-FOCUS V
       | 34413 t2 huerfana $25990 | Vaporizador Airis 8 Dip &amp; Dab - Dorado
 d= 62 | 18091 t1 huerfana $69990 | SABER DAB TOOL-FOCUS V
       | 34410 t2 huerfana $25990 | Vaporizador Airis 8 Dip &amp; Dab - Negro
 d= 63 | 1425 t4 prod 5741 $297000 | Crafty Plus Negro Storz & Bikel
       | 16083 t3 huerfana $257591 | Vaporizador Crafty - STORZ & BICKEL
 d= 64 | 18091 t1 huerfana $69990 | SABER DAB TOOL-FOCUS V
       | 34411 t2 huerfana $25990 | Vaporizador Airis 8 Dip &amp; Dab - Plateado
 d= 67 | 18091 t1 huerfana $69990 | SABER DAB TOOL-FOCUS V
       | 34412 t2 huerfana $25990 | Vaporizador Airis 8 Dip &amp; Dab - Azul
 d= 71 | 2060 t2 prod 9244 $299990 | Vaporizador DaVinci IQ3
       | 32234 t1 huerfana $219590 | Vaporizador Da Vinci Iq3 (Onyx/Blue/Purple/Grey) - Mora
 d= 71 | 32234 t1 huerfana $219590 | Vaporizador Da Vinci Iq3 (Onyx/Blue/Purple/Grey) - Mora
       | 34079 t2 prod 9244 $299990 | Vaporizador DaVinci IQ3 - Negro
 d= 75 | 18091 t1 huerfana $69990 | SABER DAB TOOL-FOCUS V
       | 18546 t2 prod 10439 $57990 | DynaVap Vaporizador The B
 d= 78 | 15883 t3 prod 10189 $53191 | Tapa DynaVap The Ballr Cap | PIRANHA
       | 31611 t1 huerfana $239990 | VAPORIZADOR AERIS -FOCUS V - BUBBLEGUM
 d= 79 | 20051 t2 huerfana $87990 | Vaporizador G Pen Dash
       | 31608 t1 huerfana $239990 | VAPORIZADOR AERIS -FOCUS V - JADE
 d= 80 | 20051 t2 huerfana $87990 | Vaporizador G Pen Dash
       | 33234 t1 huerfana $69990 | SABER DAB TOOL-FOCUS V - JADE
 d= 81 | 2060 t2 prod 9244 $299990 | Vaporizador DaVinci IQ3
       | 32235 t1 huerfana $219590 | Vaporizador Da Vinci Iq3 (Onyx/Blue/Purple/Grey) - azul
 d= 81 | 20051 t2 huerfana $87990 | Vaporizador G Pen Dash
       | 31610 t1 huerfana $239990 | VAPORIZADOR AERIS -FOCUS V - GRAPE
 d= 81 | 32235 t1 huerfana $219590 | Vaporizador Da Vinci Iq3 (Onyx/Blue/Purple/Grey) - azul
       | 34079 t2 prod 9244 $299990 | Vaporizador DaVinci IQ3 - Negro
 d= 83 | 20051 t2 huerfana $87990 | Vaporizador G Pen Dash
       | 33230 t1 huerfana $69990 | SABER DAB TOOL-FOCUS V - BURDEO
 d= 84 | 20051 t2 huerfana $87990 | Vaporizador G Pen Dash
       | 31607 t1 huerfana $239990 | VAPORIZADOR AERIS -FOCUS V - CLEAR
 d= 85 | 20051 t2 huerfana $87990 | Vaporizador G Pen Dash
       | 33232 t1 huerfana $69990 | SABER DAB TOOL-FOCUS V - Verde azulado
 d= 85 | 20051 t2 huerfana $87990 | Vaporizador G Pen Dash
       | 33237 t1 huerfana $69990 | SABER DAB TOOL-FOCUS V - BUBBLEGUM
 d= 87 | 2035 t2 prod 5737 $89990 | Vaporizador Mecánico Dynavap M7
       | 33082 t1 huerfana $16990 | Vaporizador Quaser-Airistech - Blanco
 d= 89 | 20051 t2 huerfana $87990 | Vaporizador G Pen Dash
       | 33233 t1 huerfana $69990 | SABER DAB TOOL-FOCUS V - CLEAR
 d= 91 | 10941 t3 prod 8651 $97993 | Vaporizador DaVinci MIQRO-C | PIRANHA
       | 36260 t2 huerfana $129990 | Vaporizador DaVinci Miqro C - Herbal - Verde
 d= 91 | 15883 t3 prod 10189 $53191 | Tapa DynaVap The Ballr Cap | PIRANHA
       | 31607 t1 huerfana $239990 | VAPORIZADOR AERIS -FOCUS V - CLEAR
 d= 91 | 19390 t2 huerfana $239990 | Vaporizador G Pen Roam Cookies
       | 31611 t1 huerfana $239990 | VAPORIZADOR AERIS -FOCUS V - BUBBLEGUM
 d= 92 | 19536 t2 prod 10377 $269990 | Vaporizador Plenty Storz &amp; Bickel
       | 33237 t1 huerfana $69990 | SABER DAB TOOL-FOCUS V - BUBBLEGUM
 d= 93 | 20051 t2 huerfana $87990 | Vaporizador G Pen Dash
       | 33236 t1 huerfana $69990 | SABER DAB TOOL-FOCUS V - GRAPE
 d= 94 | 15883 t3 prod 10189 $53191 | Tapa DynaVap The Ballr Cap | PIRANHA
       | 33233 t1 huerfana $69990 | SABER DAB TOOL-FOCUS V - CLEAR
 d= 94 | 19536 t2 prod 10377 $269990 | Vaporizador Plenty Storz &amp; Bickel
       | 33232 t1 huerfana $69990 | SABER DAB TOOL-FOCUS V - Verde azulado
 d= 94 | 19922 t2 prod 10541 $239990 | Vaporizador G Pen Roam
       | 31608 t1 huerfana $239990 | VAPORIZADOR AERIS -FOCUS V - JADE
 d= 95 | 17148 t1 prod 10435 $239990 | VAPORIZADOR AERIS -FOCUS V
       | 20051 t2 huerfana $87990 | Vaporizador G Pen Dash
 d= 95 | 19390 t2 huerfana $239990 | Vaporizador G Pen Roam Cookies
       | 31610 t1 huerfana $239990 | VAPORIZADOR AERIS -FOCUS V - GRAPE
 d= 95 | 20051 t2 huerfana $87990 | Vaporizador G Pen Dash
       | 31609 t1 huerfana $239990 | VAPORIZADOR AERIS -FOCUS V - MIDNIGHT
 d= 96 | 19922 t2 prod 10541 $239990 | Vaporizador G Pen Roam
       | 31610 t1 huerfana $239990 | VAPORIZADOR AERIS -FOCUS V - GRAPE
 d= 97 | 15883 t3 prod 10189 $53191 | Tapa DynaVap The Ballr Cap | PIRANHA
       | 19390 t2 huerfana $239990 | Vaporizador G Pen Roam Cookies
 d= 97 | 19536 t2 prod 10377 $269990 | Vaporizador Plenty Storz &amp; Bickel
       | 33234 t1 huerfana $69990 | SABER DAB TOOL-FOCUS V - JADE
 d= 97 | 20051 t2 huerfana $87990 | Vaporizador G Pen Dash
       | 31611 t1 huerfana $239990 | VAPORIZADOR AERIS -FOCUS V - BUBBLEGUM
 d= 98 | 15883 t3 prod 10189 $53191 | Tapa DynaVap The Ballr Cap | PIRANHA
       | 31609 t1 huerfana $239990 | VAPORIZADOR AERIS -FOCUS V - MIDNIGHT
 d= 98 | 15883 t3 prod 10189 $53191 | Tapa DynaVap The Ballr Cap | PIRANHA
       | 32462 t1 huerfana $23990 | Vaporizador Xros 5 Mini -Vaporesso - TITANIUM SILVER
 d= 98 | 20051 t2 huerfana $87990 | Vaporizador G Pen Dash
       | 31606 t1 huerfana $239990 | VAPORIZADOR AERIS -FOCUS V - Negro
 d= 99 | 12644 t1 huerfana $129990 | Vaporizador Miqro Purple-Da Vinci
       | 15741 t3 prod 10539 $178192 | Vaporizador DaVinci IQC (Color a elección)
 d= 99 | 15883 t3 prod 10189 $53191 | Tapa DynaVap The Ballr Cap | PIRANHA
       | 32461 t1 huerfana $24990 | Vaporizador Xros 5 Mini -Vaporesso - SKY BLUE
 d= 99 | 15883 t3 prod 10189 $53191 | Tapa DynaVap The Ballr Cap | PIRANHA
       | 34410 t2 huerfana $25990 | Vaporizador Airis 8 Dip &amp; Dab - Negro
 d= 99 | 18091 t1 huerfana $69990 | SABER DAB TOOL-FOCUS V
       | 19536 t2 prod 10377 $269990 | Vaporizador Plenty Storz &amp; Bickel
 d= 99 | 19390 t2 huerfana $239990 | Vaporizador G Pen Roam Cookies
       | 31608 t1 huerfana $239990 | VAPORIZADOR AERIS -FOCUS V - JADE
 d= 99 | 19536 t2 prod 10377 $269990 | Vaporizador Plenty Storz &amp; Bickel
       | 31606 t1 huerfana $239990 | VAPORIZADOR AERIS -FOCUS V - Negro
 d=100 | 12641 t1 huerfana $129990 | Vaporizador Miqro Blue-Da Vinci
       | 15741 t3 prod 10539 $178192 | Vaporizador DaVinci IQC (Color a elección)
 d=100 | 15883 t3 prod 10189 $53191 | Tapa DynaVap The Ballr Cap | PIRANHA
       | 31608 t1 huerfana $239990 | VAPORIZADOR AERIS -FOCUS V - JADE
 d=100 | 15883 t3 prod 10189 $53191 | Tapa DynaVap The Ballr Cap | PIRANHA
       | 32460 t1 huerfana $24990 | Vaporizador Xros 5 Mini -Vaporesso - PASTEL CRYSTAL
 d=100 | 19922 t2 prod 10541 $239990 | Vaporizador G Pen Roam
       | 31611 t1 huerfana $239990 | VAPORIZADOR AERIS -FOCUS V - BUBBLEGUM
 d=101 | 12534 t1 huerfana $35990 | Vaporizador Xros 5 -Vaporesso
       | 19756 t2 prod 10541 $239990 | Vaporizador Roam Dr. Greenthumbs
 d=101 | 15883 t3 prod 10189 $53191 | Tapa DynaVap The Ballr Cap | PIRANHA
       | 32459 t1 huerfana $24990 | Vaporizador Xros 5 Mini -Vaporesso - FLOWING GREEN
 d=101 | 17148 t1 prod 10435 $239990 | VAPORIZADOR AERIS -FOCUS V
       | 19390 t2 huerfana $239990 | Vaporizador G Pen Roam Cookies
 d=101 | 19390 t2 huerfana $239990 | Vaporizador G Pen Roam Cookies
       | 31609 t1 huerfana $239990 | VAPORIZADOR AERIS -FOCUS V - MIDNIGHT
 d=101 | 19756 t2 prod 10541 $239990 | Vaporizador Roam Dr. Greenthumbs
       | 32643 t1 huerfana $33990 | Vaporizador Xros 5 -Vaporesso - BLUE SILK
 d=101 | 19922 t2 prod 10541 $239990 | Vaporizador G Pen Roam
       | 31606 t1 huerfana $239990 | VAPORIZADOR AERIS -FOCUS V - Negro
 d=102 | 2060 t2 prod 9244 $299990 | Vaporizador DaVinci IQ3
       | 32233 t1 huerfana $219590 | Vaporizador Da Vinci Iq3 (Onyx/Blue/Purple/Grey) - Gris
 d=102 | 15883 t3 prod 10189 $53191 | Tapa DynaVap The Ballr Cap | PIRANHA
       | 33230 t1 huerfana $69990 | SABER DAB TOOL-FOCUS V - BURDEO
 d=102 | 19390 t2 huerfana $239990 | Vaporizador G Pen Roam Cookies
       | 31606 t1 huerfana $239990 | VAPORIZADOR AERIS -FOCUS V - Negro
 d=102 | 19536 t2 prod 10377 $269990 | Vaporizador Plenty Storz &amp; Bickel
       | 32462 t1 huerfana $23990 | Vaporizador Xros 5 Mini -Vaporesso - TITANIUM SILVER
 d=102 | 32233 t1 huerfana $219590 | Vaporizador Da Vinci Iq3 (Onyx/Blue/Purple/Grey) - Gris
       | 34079 t2 prod 9244 $299990 | Vaporizador DaVinci IQ3 - Negro
 d=103 | 10941 t3 prod 8651 $97993 | Vaporizador DaVinci MIQRO-C | PIRANHA
       | 36259 t2 huerfana $129990 | Vaporizador DaVinci Miqro C - Herbal - Negro
 d=103 | 19536 t2 prod 10377 $269990 | Vaporizador Plenty Storz &amp; Bickel
       | 32459 t1 huerfana $24990 | Vaporizador Xros 5 Mini -Vaporesso - FLOWING GREEN
 d=104 | 19390 t2 huerfana $239990 | Vaporizador G Pen Roam Cookies
       | 31607 t1 huerfana $239990 | VAPORIZADOR AERIS -FOCUS V - CLEAR
 d=104 | 19536 t2 prod 10377 $269990 | Vaporizador Plenty Storz &amp; Bickel
       | 33230 t1 huerfana $69990 | SABER DAB TOOL-FOCUS V - BURDEO
 d=104 | 32644 t1 huerfana $33990 | Vaporizador Xros 5 -Vaporesso - CARBON STRIPE
       | 34413 t2 huerfana $25990 | Vaporizador Airis 8 Dip &amp; Dab - Dorado
 d=105 | 15883 t3 prod 10189 $53191 | Tapa DynaVap The Ballr Cap | PIRANHA
       | 20051 t2 huerfana $87990 | Vaporizador G Pen Dash
 d=105 | 15883 t3 prod 10189 $53191 | Tapa DynaVap The Ballr Cap | PIRANHA
       | 33234 t1 huerfana $69990 | SABER DAB TOOL-FOCUS V - JADE
 d=105 | 18091 t1 huerfana $69990 | SABER DAB TOOL-FOCUS V
       | 36259 t2 huerfana $129990 | Vaporizador DaVinci Miqro C - Herbal - Negro
 d=105 | 19390 t2 huerfana $239990 | Vaporizador G Pen Roam Cookies
       | 33230 t1 huerfana $69990 | SABER DAB TOOL-FOCUS V - BURDEO
 d=105 | 19922 t2 prod 10541 $239990 | Vaporizador G Pen Roam
       | 32461 t1 huerfana $24990 | Vaporizador Xros 5 Mini -Vaporesso - SKY BLUE
 d=105 | 20051 t2 huerfana $87990 | Vaporizador G Pen Dash
       | 32462 t1 huerfana $23990 | Vaporizador Xros 5 Mini -Vaporesso - TITANIUM SILVER
 d=106 | 15883 t3 prod 10189 $53191 | Tapa DynaVap The Ballr Cap | PIRANHA
       | 31610 t1 huerfana $239990 | VAPORIZADOR AERIS -FOCUS V - GRAPE
 d=106 | 15883 t3 prod 10189 $53191 | Tapa DynaVap The Ballr Cap | PIRANHA
       | 33237 t1 huerfana $69990 | SABER DAB TOOL-FOCUS V - BUBBLEGUM
 d=106 | 19536 t2 prod 10377 $269990 | Vaporizador Plenty Storz &amp; Bickel
       | 31610 t1 huerfana $239990 | VAPORIZADOR AERIS -FOCUS V - GRAPE
 d=106 | 19536 t2 prod 10377 $269990 | Vaporizador Plenty Storz &amp; Bickel
       | 33233 t1 huerfana $69990 | SABER DAB TOOL-FOCUS V - CLEAR
 d=106 | 19536 t2 prod 10377 $269990 | Vaporizador Plenty Storz &amp; Bickel
       | 33236 t1 huerfana $69990 | SABER DAB TOOL-FOCUS V - GRAPE
 d=106 | 19922 t2 prod 10541 $239990 | Vaporizador G Pen Roam
       | 31609 t1 huerfana $239990 | VAPORIZADOR AERIS -FOCUS V - MIDNIGHT
 d=107 | 12643 t1 huerfana $146990 | Vaporizador Miqro Gray-Da Vinci
       | 15741 t3 prod 10539 $178192 | Vaporizador DaVinci IQC (Color a elección)
 d=107 | 13433 t2 huerfana $129990 | Vaporizador DynaVap M7 XL Starter Kit
       | 17998 t1 prod 5740 $84990 | The New B2-Dynavap
 d=107 | 19390 t2 huerfana $239990 | Vaporizador G Pen Roam Cookies
       | 33232 t1 huerfana $69990 | SABER DAB TOOL-FOCUS V - Verde azulado
 d=107 | 19390 t2 huerfana $239990 | Vaporizador G Pen Roam Cookies
       | 33233 t1 huerfana $69990 | SABER DAB TOOL-FOCUS V - CLEAR
 d=107 | 19390 t2 huerfana $239990 | Vaporizador G Pen Roam Cookies
       | 33237 t1 huerfana $69990 | SABER DAB TOOL-FOCUS V - BUBBLEGUM
 d=107 | 19536 t2 prod 10377 $269990 | Vaporizador Plenty Storz &amp; Bickel
       | 32461 t1 huerfana $24990 | Vaporizador Xros 5 Mini -Vaporesso - SKY BLUE
 d=107 | 32644 t1 huerfana $33990 | Vaporizador Xros 5 -Vaporesso - CARBON STRIPE
       | 34410 t2 huerfana $25990 | Vaporizador Airis 8 Dip &amp; Dab - Negro
 d=107 | 32644 t1 huerfana $33990 | Vaporizador Xros 5 -Vaporesso - CARBON STRIPE
       | 34411 t2 huerfana $25990 | Vaporizador Airis 8 Dip &amp; Dab - Plateado
 d=108 | 11087 t3 huerfana $4990 | Volcano Hybrid Air Filter Set
       | 18091 t1 huerfana $69990 | SABER DAB TOOL-FOCUS V
 d=108 | 15883 t3 prod 10189 $53191 | Tapa DynaVap The Ballr Cap | PIRANHA
       | 33232 t1 huerfana $69990 | SABER DAB TOOL-FOCUS V - Verde azulado
 d=108 | 15883 t3 prod 10189 $53191 | Tapa DynaVap The Ballr Cap | PIRANHA
       | 33236 t1 huerfana $69990 | SABER DAB TOOL-FOCUS V - GRAPE
 d=108 | 19536 t2 prod 10377 $269990 | Vaporizador Plenty Storz &amp; Bickel
       | 31608 t1 huerfana $239990 | VAPORIZADOR AERIS -FOCUS V - JADE
 d=108 | 19536 t2 prod 10377 $269990 | Vaporizador Plenty Storz &amp; Bickel
       | 32460 t1 huerfana $24990 | Vaporizador Xros 5 Mini -Vaporesso - PASTEL CRYSTAL
 d=108 | 32644 t1 huerfana $33990 | Vaporizador Xros 5 -Vaporesso - CARBON STRIPE
       | 36000 t2 huerfana $25990 | Vaporizador Airis Mystica III - Negro
 d=108 | 32820 t1 huerfana $129990 | Vaporizador Miqro C -Da Vinci - Rosa
       | 36261 t2 huerfana $129990 | Vaporizador DaVinci Miqro C - Herbal - Rosado
 d=108 | 33232 t1 huerfana $69990 | SABER DAB TOOL-FOCUS V - Verde azulado
       | 36260 t2 huerfana $129990 | Vaporizador DaVinci Miqro C - Herbal - Verde
 d=109 | 19922 t2 prod 10541 $239990 | Vaporizador G Pen Roam
       | 31607 t1 huerfana $239990 | VAPORIZADOR AERIS -FOCUS V - CLEAR
 d=110 | 11087 t3 huerfana $4990 | Volcano Hybrid Air Filter Set
       | 34411 t2 huerfana $25990 | Vaporizador Airis 8 Dip &amp; Dab - Plateado
 d=110 | 12466 t1 huerfana $24990 | Vaporizador Xros 5 Mini -Vaporesso
       | 36000 t2 huerfana $25990 | Vaporizador Airis Mystica III - Negro
 d=110 | 18547 t2 prod 10406 $159990 | Dynavap Vaporizador Unidyn
       | 33235 t1 huerfana $69990 | SABER DAB TOOL-FOCUS V - MIDNIGHT
 d=110 | 19390 t2 huerfana $239990 | Vaporizador G Pen Roam Cookies
       | 32461 t1 huerfana $24990 | Vaporizador Xros 5 Mini -Vaporesso - SKY BLUE
 d=110 | 19390 t2 huerfana $239990 | Vaporizador G Pen Roam Cookies
       | 33234 t1 huerfana $69990 | SABER DAB TOOL-FOCUS V - JADE
 d=110 | 19922 t2 prod 10541 $239990 | Vaporizador G Pen Roam
       | 33230 t1 huerfana $69990 | SABER DAB TOOL-FOCUS V - BURDEO
 d=110 | 31606 t1 huerfana $239990 | VAPORIZADOR AERIS -FOCUS V - Negro
       | 34410 t2 huerfana $25990 | Vaporizador Airis 8 Dip &amp; Dab - Negro
 d=110 | 32458 t1 huerfana $24990 | Vaporizador Xros 5 Mini -Vaporesso - Negro
       | 36000 t2 huerfana $25990 | Vaporizador Airis Mystica III - Negro
 d=111 | 12636 t1 prod 5741 $279990 | Vaporizador Crafty Plus-Storz &amp; Bickel
       | 16083 t3 huerfana $257591 | Vaporizador Crafty - STORZ & BICKEL
 d=111 | 15883 t3 prod 10189 $53191 | Tapa DynaVap The Ballr Cap | PIRANHA
       | 31606 t1 huerfana $239990 | VAPORIZADOR AERIS -FOCUS V - Negro
 d=111 | 15883 t3 prod 10189 $53191 | Tapa DynaVap The Ballr Cap | PIRANHA
       | 34411 t2 huerfana $25990 | Vaporizador Airis 8 Dip &amp; Dab - Plateado
 d=111 | 19390 t2 huerfana $239990 | Vaporizador G Pen Roam Cookies
       | 32462 t1 huerfana $23990 | Vaporizador Xros 5 Mini -Vaporesso - TITANIUM SILVER
 d=111 | 19922 t2 prod 10541 $239990 | Vaporizador G Pen Roam
       | 33234 t1 huerfana $69990 | SABER DAB TOOL-FOCUS V - JADE
 d=112 | 12334 t1 huerfana $49990 | Vaporizador Luxe Xr Max 2 Black -Vaporesso
       | 36259 t2 huerfana $129990 | Vaporizador DaVinci Miqro C - Herbal - Negro
 d=112 | 15883 t3 prod 10189 $53191 | Tapa DynaVap The Ballr Cap | PIRANHA
       | 34413 t2 huerfana $25990 | Vaporizador Airis 8 Dip &amp; Dab - Dorado
 d=112 | 20051 t2 huerfana $87990 | Vaporizador G Pen Dash
       | 32461 t1 huerfana $24990 | Vaporizador Xros 5 Mini -Vaporesso - SKY BLUE
 d=112 | 32644 t1 huerfana $33990 | Vaporizador Xros 5 -Vaporesso - CARBON STRIPE
       | 36259 t2 huerfana $129990 | Vaporizador DaVinci Miqro C - Herbal - Negro
 d=113 | 11087 t3 huerfana $4990 | Volcano Hybrid Air Filter Set
       | 34413 t2 huerfana $25990 | Vaporizador Airis 8 Dip &amp; Dab - Dorado
 d=113 | 18546 t2 prod 10439 $57990 | DynaVap Vaporizador The B
       | 33234 t1 huerfana $69990 | SABER DAB TOOL-FOCUS V - JADE
 d=113 | 19922 t2 prod 10541 $239990 | Vaporizador G Pen Roam
       | 32459 t1 huerfana $24990 | Vaporizador Xros 5 Mini -Vaporesso - FLOWING GREEN
 d=113 | 33232 t1 huerfana $69990 | SABER DAB TOOL-FOCUS V - Verde azulado
       | 34410 t2 huerfana $25990 | Vaporizador Airis 8 Dip &amp; Dab - Negro
 d=114 | 18546 t2 prod 10439 $57990 | DynaVap Vaporizador The B
       | 33233 t1 huerfana $69990 | SABER DAB TOOL-FOCUS V - CLEAR
 d=114 | 19390 t2 huerfana $239990 | Vaporizador G Pen Roam Cookies
       | 32459 t1 huerfana $24990 | Vaporizador Xros 5 Mini -Vaporesso - FLOWING GREEN
 d=114 | 19922 t2 prod 10541 $239990 | Vaporizador G Pen Roam
       | 32460 t1 huerfana $24990 | Vaporizador Xros 5 Mini -Vaporesso - PASTEL CRYSTAL
 d=114 | 19922 t2 prod 10541 $239990 | Vaporizador G Pen Roam
       | 33236 t1 huerfana $69990 | SABER DAB TOOL-FOCUS V - GRAPE
 d=114 | 19922 t2 prod 10541 $239990 | Vaporizador G Pen Roam
       | 33237 t1 huerfana $69990 | SABER DAB TOOL-FOCUS V - BUBBLEGUM
 d=114 | 32645 t1 huerfana $33990 | Vaporizador Xros 5 -Vaporesso - CORAL RED
       | 34413 t2 huerfana $25990 | Vaporizador Airis 8 Dip &amp; Dab - Dorado
 d=115 | 19390 t2 huerfana $239990 | Vaporizador G Pen Roam Cookies
       | 32460 t1 huerfana $24990 | Vaporizador Xros 5 Mini -Vaporesso - PASTEL CRYSTAL
 d=115 | 19390 t2 huerfana $239990 | Vaporizador G Pen Roam Cookies
       | 33236 t1 huerfana $69990 | SABER DAB TOOL-FOCUS V - GRAPE
 d=115 | 32645 t1 huerfana $33990 | Vaporizador Xros 5 -Vaporesso - CORAL RED
       | 34410 t2 huerfana $25990 | Vaporizador Airis 8 Dip &amp; Dab - Negro
 d=116 | 10941 t3 prod 8651 $97993 | Vaporizador DaVinci MIQRO-C | PIRANHA
       | 33285 t1 huerfana $14990 | Vaporizador Vibe Se -Vaporesso - GRAPEFRUIT SODA
 d=116 | 18546 t2 prod 10439 $57990 | DynaVap Vaporizador The B
       | 33236 t1 huerfana $69990 | SABER DAB TOOL-FOCUS V - GRAPE
 d=116 | 18547 t2 prod 10406 $159990 | Dynavap Vaporizador Unidyn
       | 33229 t1 huerfana $69990 | SABER DAB TOOL-FOCUS V - FOREST
 d=116 | 18547 t2 prod 10406 $159990 | Dynavap Vaporizador Unidyn
       | 33231 t1 huerfana $69990 | SABER DAB TOOL-FOCUS V - Negro
 d=116 | 19536 t2 prod 10377 $269990 | Vaporizador Plenty Storz &amp; Bickel
       | 31609 t1 huerfana $239990 | VAPORIZADOR AERIS -FOCUS V - MIDNIGHT
 d=116 | 19922 t2 prod 10541 $239990 | Vaporizador G Pen Roam
       | 32462 t1 huerfana $23990 | Vaporizador Xros 5 Mini -Vaporesso - TITANIUM SILVER
 d=116 | 20051 t2 huerfana $87990 | Vaporizador G Pen Dash
       | 32459 t1 huerfana $24990 | Vaporizador Xros 5 Mini -Vaporesso - FLOWING GREEN
 d=116 | 33082 t1 huerfana $16990 | Vaporizador Quaser-Airistech - Blanco
       | 34410 t2 huerfana $25990 | Vaporizador Airis 8 Dip &amp; Dab - Negro
 d=117 | 18091 t1 huerfana $69990 | SABER DAB TOOL-FOCUS V
       | 36000 t2 huerfana $25990 | Vaporizador Airis Mystica III - Negro
 d=117 | 18546 t2 prod 10439 $57990 | DynaVap Vaporizador The B
       | 32459 t1 huerfana $24990 | Vaporizador Xros 5 Mini -Vaporesso - FLOWING GREEN
 d=117 | 20051 t2 huerfana $87990 | Vaporizador G Pen Dash
       | 32460 t1 huerfana $24990 | Vaporizador Xros 5 Mini -Vaporesso - PASTEL CRYSTAL
 d=117 | 33234 t1 huerfana $69990 | SABER DAB TOOL-FOCUS V - JADE
       | 36260 t2 huerfana $129990 | Vaporizador DaVinci Miqro C - Herbal - Verde
 d=118 | 12334 t1 huerfana $49990 | Vaporizador Luxe Xr Max 2 Black -Vaporesso
       | 34412 t2 huerfana $25990 | Vaporizador Airis 8 Dip &amp; Dab - Azul
 d=118 | 12466 t1 huerfana $24990 | Vaporizador Xros 5 Mini -Vaporesso
       | 18546 t2 prod 10439 $57990 | DynaVap Vaporizador The B
 d=118 | 12654 t1 prod 10414 $39990 | ATOMIZADOR INTELLI-CORE PARA HIERBA SECA-FOCUS V
       | 20051 t2 huerfana $87990 | Vaporizador G Pen Dash
 d=118 | 18546 t2 prod 10439 $57990 | DynaVap Vaporizador The B
       | 31611 t1 huerfana $239990 | VAPORIZADOR AERIS -FOCUS V - BUBBLEGUM
 d=118 | 18546 t2 prod 10439 $57990 | DynaVap Vaporizador The B
       | 32458 t1 huerfana $24990 | Vaporizador Xros 5 Mini -Vaporesso - Negro
 d=118 | 18546 t2 prod 10439 $57990 | DynaVap Vaporizador The B
       | 32460 t1 huerfana $24990 | Vaporizador Xros 5 Mini -Vaporesso - PASTEL CRYSTAL
 d=118 | 18546 t2 prod 10439 $57990 | DynaVap Vaporizador The B
       | 33230 t1 huerfana $69990 | SABER DAB TOOL-FOCUS V - BURDEO
 d=118 | 18546 t2 prod 10439 $57990 | DynaVap Vaporizador The B
       | 33232 t1 huerfana $69990 | SABER DAB TOOL-FOCUS V - Verde azulado
 d=118 | 18546 t2 prod 10439 $57990 | DynaVap Vaporizador The B
       | 33237 t1 huerfana $69990 | SABER DAB TOOL-FOCUS V - BUBBLEGUM
 d=118 | 32459 t1 huerfana $24990 | Vaporizador Xros 5 Mini -Vaporesso - FLOWING GREEN
       | 34410 t2 huerfana $25990 | Vaporizador Airis 8 Dip &amp; Dab - Negro
 d=118 | 32644 t1 huerfana $33990 | Vaporizador Xros 5 -Vaporesso - CARBON STRIPE
       | 34412 t2 huerfana $25990 | Vaporizador Airis 8 Dip &amp; Dab - Azul
 d=118 | 33237 t1 huerfana $69990 | SABER DAB TOOL-FOCUS V - BUBBLEGUM
       | 36260 t2 huerfana $129990 | Vaporizador DaVinci Miqro C - Herbal - Verde
 d=119 | 14221 t3 prod 10321 $269691 | Vaporizador Focus V Carta Sport | PIRANHA
       | 20051 t2 huerfana $87990 | Vaporizador G Pen Dash
 d=119 | 20051 t2 huerfana $87990 | Vaporizador G Pen Dash
       | 31575 t1 prod 10321 $269790 | VAPORIZADOR CARTA SPORT -FOCUS V - Verde azulado
 d=119 | 31610 t1 huerfana $239990 | VAPORIZADOR AERIS -FOCUS V - GRAPE
       | 34410 t2 huerfana $25990 | Vaporizador Airis 8 Dip &amp; Dab - Negro
 d=119 | 32462 t1 huerfana $23990 | Vaporizador Xros 5 Mini -Vaporesso - TITANIUM SILVER
       | 34410 t2 huerfana $25990 | Vaporizador Airis 8 Dip &amp; Dab - Negro
 d=119 | 32645 t1 huerfana $33990 | Vaporizador Xros 5 -Vaporesso - CORAL RED
       | 34411 t2 huerfana $25990 | Vaporizador Airis 8 Dip &amp; Dab - Plateado
 d=119 | 33237 t1 huerfana $69990 | SABER DAB TOOL-FOCUS V - BUBBLEGUM
       | 34410 t2 huerfana $25990 | Vaporizador Airis 8 Dip &amp; Dab - Negro
 d=120 | 12334 t1 huerfana $49990 | Vaporizador Luxe Xr Max 2 Black -Vaporesso
       | 19922 t2 prod 10541 $239990 | Vaporizador G Pen Roam
 d=120 | 12433 t1 huerfana $12990 | Iq 2 Flavor Chamber-Da Vinci
       | 34411 t2 huerfana $25990 | Vaporizador Airis 8 Dip &amp; Dab - Plateado
 d=120 | 12466 t1 huerfana $24990 | Vaporizador Xros 5 Mini -Vaporesso
       | 18547 t2 prod 10406 $159990 | Dynavap Vaporizador Unidyn
 d=120 | 12654 t1 prod 10414 $39990 | ATOMIZADOR INTELLI-CORE PARA HIERBA SECA-FOCUS V
       | 34410 t2 huerfana $25990 | Vaporizador Airis 8 Dip &amp; Dab - Negro
 d=120 | 15883 t3 prod 10189 $53191 | Tapa DynaVap The Ballr Cap | PIRANHA
       | 34412 t2 huerfana $25990 | Vaporizador Airis 8 Dip &amp; Dab - Azul
 d=120 | 18546 t2 prod 10439 $57990 | DynaVap Vaporizador The B
       | 32462 t1 huerfana $23990 | Vaporizador Xros 5 Mini -Vaporesso - TITANIUM SILVER
 d=120 | 18547 t2 prod 10406 $159990 | Dynavap Vaporizador Unidyn
       | 32458 t1 huerfana $24990 | Vaporizador Xros 5 Mini -Vaporesso - Negro
 d=120 | 19536 t2 prod 10377 $269990 | Vaporizador Plenty Storz &amp; Bickel
       | 31611 t1 huerfana $239990 | VAPORIZADOR AERIS -FOCUS V - BUBBLEGUM
 d=120 | 19922 t2 prod 10541 $239990 | Vaporizador G Pen Roam
       | 33232 t1 huerfana $69990 | SABER DAB TOOL-FOCUS V - Verde azulado
 d=120 | 33234 t1 huerfana $69990 | SABER DAB TOOL-FOCUS V - JADE
       | 34410 t2 huerfana $25990 | Vaporizador Airis 8 Dip &amp; Dab - Negro
 d=121 | 12433 t1 huerfana $12990 | Iq 2 Flavor Chamber-Da Vinci
       | 34413 t2 huerfana $25990 | Vaporizador Airis 8 Dip &amp; Dab - Dorado
 d=121 | 12634 t1 prod 10321 $289990 | VAPORIZADOR CARTA SPORT -FOCUS V
       | 20051 t2 huerfana $87990 | Vaporizador G Pen Dash
 d=121 | 12654 t1 prod 10414 $39990 | ATOMIZADOR INTELLI-CORE PARA HIERBA SECA-FOCUS V
       | 34413 t2 huerfana $25990 | Vaporizador Airis 8 Dip &amp; Dab - Dorado
 d=121 | 20051 t2 huerfana $87990 | Vaporizador G Pen Dash
       | 31572 t1 prod 10321 $269790 | VAPORIZADOR CARTA SPORT -FOCUS V - Naranjo
 d=122 | 1442 t4 prod 9246 $396000 | Vaporizador Volcano Classic Onyx de Storz y Bickel
       | 19432 t2 huerfana $399990 | Vaporizador Volcano Classic Onyx
 d=122 | 10941 t3 prod 8651 $97993 | Vaporizador DaVinci MIQRO-C | PIRANHA
       | 12534 t1 huerfana $35990 | Vaporizador Xros 5 -Vaporesso
 d=122 | 10941 t3 prod 8651 $97993 | Vaporizador DaVinci MIQRO-C | PIRANHA
       | 32643 t1 huerfana $33990 | Vaporizador Xros 5 -Vaporesso - BLUE SILK
 d=122 | 11087 t3 huerfana $4990 | Volcano Hybrid Air Filter Set
       | 34410 t2 huerfana $25990 | Vaporizador Airis 8 Dip &amp; Dab - Negro
 d=122 | 12334 t1 huerfana $49990 | Vaporizador Luxe Xr Max 2 Black -Vaporesso
       | 18546 t2 prod 10439 $57990 | DynaVap Vaporizador The B
 d=122 | 12433 t1 huerfana $12990 | Iq 2 Flavor Chamber-Da Vinci
       | 34410 t2 huerfana $25990 | Vaporizador Airis 8 Dip &amp; Dab - Negro
 d=122 | 12466 t1 huerfana $24990 | Vaporizador Xros 5 Mini -Vaporesso
       | 34412 t2 huerfana $25990 | Vaporizador Airis 8 Dip &amp; Dab - Azul
 d=122 | 12466 t1 huerfana $24990 | Vaporizador Xros 5 Mini -Vaporesso
       | 36259 t2 huerfana $129990 | Vaporizador DaVinci Miqro C - Herbal - Negro
 d=122 | 12654 t1 prod 10414 $39990 | ATOMIZADOR INTELLI-CORE PARA HIERBA SECA-FOCUS V
       | 19390 t2 huerfana $239990 | Vaporizador G Pen Roam Cookies
 d=122 | 32458 t1 huerfana $24990 | Vaporizador Xros 5 Mini -Vaporesso - Negro
       | 34412 t2 huerfana $25990 | Vaporizador Airis 8 Dip &amp; Dab - Azul
 d=122 | 32458 t1 huerfana $24990 | Vaporizador Xros 5 Mini -Vaporesso - Negro
       | 36259 t2 huerfana $129990 | Vaporizador DaVinci Miqro C - Herbal - Negro
 d=123 | 11087 t3 huerfana $4990 | Volcano Hybrid Air Filter Set
       | 18547 t2 prod 10406 $159990 | Dynavap Vaporizador Unidyn
 d=123 | 12654 t1 prod 10414 $39990 | ATOMIZADOR INTELLI-CORE PARA HIERBA SECA-FOCUS V
       | 34412 t2 huerfana $25990 | Vaporizador Airis 8 Dip &amp; Dab - Azul
 d=123 | 18546 t2 prod 10439 $57990 | DynaVap Vaporizador The B
       | 32461 t1 huerfana $24990 | Vaporizador Xros 5 Mini -Vaporesso - SKY BLUE
 d=123 | 19536 t2 prod 10377 $269990 | Vaporizador Plenty Storz &amp; Bickel
       | 31607 t1 huerfana $239990 | VAPORIZADOR AERIS -FOCUS V - CLEAR
 d=123 | 20051 t2 huerfana $87990 | Vaporizador G Pen Dash
       | 31574 t1 prod 10321 $269790 | VAPORIZADOR CARTA SPORT -FOCUS V - Morado
 d=123 | 32460 t1 huerfana $24990 | Vaporizador Xros 5 Mini -Vaporesso - PASTEL CRYSTAL
       | 34410 t2 huerfana $25990 | Vaporizador Airis 8 Dip &amp; Dab - Negro
 d=124 | 12587 t1 prod 9246 $359990 | Volcano Clasico Onyx Edition-Storz &amp; Bickel
       | 19432 t2 huerfana $399990 | Vaporizador Volcano Classic Onyx
 d=124 | 18546 t2 prod 10439 $57990 | DynaVap Vaporizador The B
       | 32644 t1 huerfana $33990 | Vaporizador Xros 5 -Vaporesso - CARBON STRIPE
 d=124 | 19536 t2 prod 10377 $269990 | Vaporizador Plenty Storz &amp; Bickel
       | 32645 t1 huerfana $33990 | Vaporizador Xros 5 -Vaporesso - CORAL RED
 d=125 | 2083 t2 prod 8651 $129990 | Vaporizador DaVinci Miqro C - Herbal
       | 33229 t1 huerfana $69990 | SABER DAB TOOL-FOCUS V - FOREST
 d=125 | 2083 t2 prod 8651 $129990 | Vaporizador DaVinci Miqro C - Herbal
       | 33231 t1 huerfana $69990 | SABER DAB TOOL-FOCUS V - Negro
 d=125 | 10941 t3 prod 8651 $97993 | Vaporizador DaVinci MIQRO-C | PIRANHA
       | 12396 t1 huerfana $9990 | Vaporizador Vibe Series Pod 0.8Ohm -Vaporesso
 d=125 | 11087 t3 huerfana $4990 | Volcano Hybrid Air Filter Set
       | 34412 t2 huerfana $25990 | Vaporizador Airis 8 Dip &amp; Dab - Azul
 d=125 | 31608 t1 huerfana $239990 | VAPORIZADOR AERIS -FOCUS V - JADE
       | 34410 t2 huerfana $25990 | Vaporizador Airis 8 Dip &amp; Dab - Negro
 d=125 | 32459 t1 huerfana $24990 | Vaporizador Xros 5 Mini -Vaporesso - FLOWING GREEN
       | 34412 t2 huerfana $25990 | Vaporizador Airis 8 Dip &amp; Dab - Azul
 d=125 | 33234 t1 huerfana $69990 | SABER DAB TOOL-FOCUS V - JADE
       | 34412 t2 huerfana $25990 | Vaporizador Airis 8 Dip &amp; Dab - Azul
 d=126 | 2083 t2 prod 8651 $129990 | Vaporizador DaVinci Miqro C - Herbal
       | 12534 t1 huerfana $35990 | Vaporizador Xros 5 -Vaporesso
 d=126 | 2083 t2 prod 8651 $129990 | Vaporizador DaVinci Miqro C - Herbal
       | 32643 t1 huerfana $33990 | Vaporizador Xros 5 -Vaporesso - BLUE SILK
 d=126 | 3152 t4 huerfana $64800 | Bong Fénix Bonglab Pyrex | Bong de Borosilicato Chile
       | 13292 t2 huerfana $74990 | Bonglab Bong KE9 Water Fenix 46cm
 d=126 | 12334 t1 huerfana $49990 | Vaporizador Luxe Xr Max 2 Black -Vaporesso
       | 19536 t2 prod 10377 $269990 | Vaporizador Plenty Storz &amp; Bickel
 d=126 | 12396 t1 huerfana $9990 | Vaporizador Vibe Series Pod 0.8Ohm -Vaporesso
       | 36260 t2 huerfana $129990 | Vaporizador DaVinci Miqro C - Herbal - Verde
 d=126 | 12397 t1 huerfana $33990 | Vaporizador Xros 5 Opal White -Vaporesso
       | 19756 t2 prod 10541 $239990 | Vaporizador Roam Dr. Greenthumbs
 d=126 | 12606 t1 huerfana $85990 | DEPÓSITO VOLCANO HYBRID-STORZ &amp; BICKEL
       | 18547 t2 prod 10406 $159990 | Dynavap Vaporizador Unidyn
 d=126 | 12654 t1 prod 10414 $39990 | ATOMIZADOR INTELLI-CORE PARA HIERBA SECA-FOCUS V
       | 34411 t2 huerfana $25990 | Vaporizador Airis 8 Dip &amp; Dab - Plateado
 d=126 | 18105 t1 huerfana $14990 | Vaporizador Vibe Se -Vaporesso
       | 19922 t2 prod 10541 $239990 | Vaporizador G Pen Roam
 d=126 | 18546 t2 prod 10439 $57990 | DynaVap Vaporizador The B
       | 31610 t1 huerfana $239990 | VAPORIZADOR AERIS -FOCUS V - GRAPE
 d=126 | 18546 t2 prod 10439 $57990 | DynaVap Vaporizador The B
       | 32645 t1 huerfana $33990 | Vaporizador Xros 5 -Vaporesso - CORAL RED
 d=126 | 19756 t2 prod 10541 $239990 | Vaporizador Roam Dr. Greenthumbs
       | 32645 t1 huerfana $33990 | Vaporizador Xros 5 -Vaporesso - CORAL RED
 d=126 | 19922 t2 prod 10541 $239990 | Vaporizador G Pen Roam
       | 33233 t1 huerfana $69990 | SABER DAB TOOL-FOCUS V - CLEAR
 d=126 | 19922 t2 prod 10541 $239990 | Vaporizador G Pen Roam
       | 33283 t1 huerfana $14990 | Vaporizador Vibe Se -Vaporesso - Blanco
 d=126 | 32462 t1 huerfana $23990 | Vaporizador Xros 5 Mini -Vaporesso - TITANIUM SILVER
       | 34412 t2 huerfana $25990 | Vaporizador Airis 8 Dip &amp; Dab - Azul
 d=126 | 32645 t1 huerfana $33990 | Vaporizador Xros 5 -Vaporesso - CORAL RED
       | 34412 t2 huerfana $25990 | Vaporizador Airis 8 Dip &amp; Dab - Azul
 d=126 | 33229 t1 huerfana $69990 | SABER DAB TOOL-FOCUS V - FOREST
       | 36260 t2 huerfana $129990 | Vaporizador DaVinci Miqro C - Herbal - Verde
 d=126 | 33231 t1 huerfana $69990 | SABER DAB TOOL-FOCUS V - Negro
       | 36260 t2 huerfana $129990 | Vaporizador DaVinci Miqro C - Herbal - Verde
 d=126 | 33236 t1 huerfana $69990 | SABER DAB TOOL-FOCUS V - GRAPE
       | 36260 t2 huerfana $129990 | Vaporizador DaVinci Miqro C - Herbal - Verde
 d=127 | 2083 t2 prod 8651 $129990 | Vaporizador DaVinci Miqro C - Herbal
       | 12397 t1 huerfana $33990 | Vaporizador Xros 5 Opal White -Vaporesso
 d=127 | 2083 t2 prod 8651 $129990 | Vaporizador DaVinci Miqro C - Herbal
       | 33235 t1 huerfana $69990 | SABER DAB TOOL-FOCUS V - MIDNIGHT
 d=127 | 12466 t1 huerfana $24990 | Vaporizador Xros 5 Mini -Vaporesso
       | 34411 t2 huerfana $25990 | Vaporizador Airis 8 Dip &amp; Dab - Plateado
 d=127 | 18105 t1 huerfana $14990 | Vaporizador Vibe Se -Vaporesso
       | 20051 t2 huerfana $87990 | Vaporizador G Pen Dash
 d=127 | 18546 t2 prod 10439 $57990 | DynaVap Vaporizador The B
       | 31606 t1 huerfana $239990 | VAPORIZADOR AERIS -FOCUS V - Negro
 d=127 | 19922 t2 prod 10541 $239990 | Vaporizador G Pen Roam
       | 33286 t1 huerfana $13990 | Vaporizador Vibe Se -Vaporesso - MOCHA COFFE
 d=127 | 20051 t2 huerfana $87990 | Vaporizador G Pen Dash
       | 33283 t1 huerfana $14990 | Vaporizador Vibe Se -Vaporesso - Blanco
 d=127 | 32458 t1 huerfana $24990 | Vaporizador Xros 5 Mini -Vaporesso - Negro
       | 34411 t2 huerfana $25990 | Vaporizador Airis 8 Dip &amp; Dab - Plateado
 d=127 | 33232 t1 huerfana $69990 | SABER DAB TOOL-FOCUS V - Verde azulado
       | 34411 t2 huerfana $25990 | Vaporizador Airis 8 Dip &amp; Dab - Plateado
 d=128 | 12466 t1 huerfana $24990 | Vaporizador Xros 5 Mini -Vaporesso
       | 34413 t2 huerfana $25990 | Vaporizador Airis 8 Dip &amp; Dab - Dorado
 d=128 | 18546 t2 prod 10439 $57990 | DynaVap Vaporizador The B
       | 31608 t1 huerfana $239990 | VAPORIZADOR AERIS -FOCUS V - JADE
 d=128 | 18546 t2 prod 10439 $57990 | DynaVap Vaporizador The B
       | 33284 t1 huerfana $14990 | Vaporizador Vibe Se -Vaporesso - Negro
 d=128 | 19922 t2 prod 10541 $239990 | Vaporizador G Pen Roam
       | 32645 t1 huerfana $33990 | Vaporizador Xros 5 -Vaporesso - CORAL RED
 d=128 | 20051 t2 huerfana $87990 | Vaporizador G Pen Dash
       | 33286 t1 huerfana $13990 | Vaporizador Vibe Se -Vaporesso - MOCHA COFFE
 d=128 | 31573 t1 prod 10321 $269790 | VAPORIZADOR CARTA SPORT -FOCUS V - Negro
       | 34410 t2 huerfana $25990 | Vaporizador Airis 8 Dip &amp; Dab - Negro
 d=128 | 32458 t1 huerfana $24990 | Vaporizador Xros 5 Mini -Vaporesso - Negro
       | 34413 t2 huerfana $25990 | Vaporizador Airis 8 Dip &amp; Dab - Dorado
 d=128 | 33082 t1 huerfana $16990 | Vaporizador Quaser-Airistech - Blanco
       | 34411 t2 huerfana $25990 | Vaporizador Airis 8 Dip &amp; Dab - Plateado
 d=128 | 33235 t1 huerfana $69990 | SABER DAB TOOL-FOCUS V - MIDNIGHT
       | 36260 t2 huerfana $129990 | Vaporizador DaVinci Miqro C - Herbal - Verde
 d=129 | 10941 t3 prod 8651 $97993 | Vaporizador DaVinci MIQRO-C | PIRANHA
       | 33229 t1 huerfana $69990 | SABER DAB TOOL-FOCUS V - FOREST
 d=129 | 10941 t3 prod 8651 $97993 | Vaporizador DaVinci MIQRO-C | PIRANHA
       | 33231 t1 huerfana $69990 | SABER DAB TOOL-FOCUS V - Negro
 d=129 | 12334 t1 huerfana $49990 | Vaporizador Luxe Xr Max 2 Black -Vaporesso
       | 34410 t2 huerfana $25990 | Vaporizador Airis 8 Dip &amp; Dab - Negro
 d=129 | 18091 t1 huerfana $69990 | SABER DAB TOOL-FOCUS V
       | 19756 t2 prod 10541 $239990 | Vaporizador Roam Dr. Greenthumbs
 d=129 | 18547 t2 prod 10406 $159990 | Dynavap Vaporizador Unidyn
       | 33234 t1 huerfana $69990 | SABER DAB TOOL-FOCUS V - JADE
 d=129 | 31606 t1 huerfana $239990 | VAPORIZADOR AERIS -FOCUS V - Negro
       | 34413 t2 huerfana $25990 | Vaporizador Airis 8 Dip &amp; Dab - Dorado
 d=129 | 32461 t1 huerfana $24990 | Vaporizador Xros 5 Mini -Vaporesso - SKY BLUE
       | 34412 t2 huerfana $25990 | Vaporizador Airis 8 Dip &amp; Dab - Azul
 d=129 | 33236 t1 huerfana $69990 | SABER DAB TOOL-FOCUS V - GRAPE
       | 34410 t2 huerfana $25990 | Vaporizador Airis 8 Dip &amp; Dab - Negro
 d=130 | 2083 t2 prod 8651 $129990 | Vaporizador DaVinci Miqro C - Herbal
       | 33234 t1 huerfana $69990 | SABER DAB TOOL-FOCUS V - JADE
 d=130 | 12606 t1 huerfana $85990 | DEPÓSITO VOLCANO HYBRID-STORZ &amp; BICKEL
       | 18546 t2 prod 10439 $57990 | DynaVap Vaporizador The B
 d=130 | 18546 t2 prod 10439 $57990 | DynaVap Vaporizador The B
       | 33235 t1 huerfana $69990 | SABER DAB TOOL-FOCUS V - MIDNIGHT
 d=130 | 18547 t2 prod 10406 $159990 | Dynavap Vaporizador Unidyn
       | 32644 t1 huerfana $33990 | Vaporizador Xros 5 -Vaporesso - CARBON STRIPE
 d=130 | 18547 t2 prod 10406 $159990 | Dynavap Vaporizador Unidyn
       | 33233 t1 huerfana $69990 | SABER DAB TOOL-FOCUS V - CLEAR
 d=130 | 19922 t2 prod 10541 $239990 | Vaporizador G Pen Roam
       | 33284 t1 huerfana $14990 | Vaporizador Vibe Se -Vaporesso - Negro
 d=130 | 32460 t1 huerfana $24990 | Vaporizador Xros 5 Mini -Vaporesso - PASTEL CRYSTAL
       | 34412 t2 huerfana $25990 | Vaporizador Airis 8 Dip &amp; Dab - Azul
 d=130 | 32461 t1 huerfana $24990 | Vaporizador Xros 5 Mini -Vaporesso - SKY BLUE
       | 34410 t2 huerfana $25990 | Vaporizador Airis 8 Dip &amp; Dab - Negro
 d=130 | 33232 t1 huerfana $69990 | SABER DAB TOOL-FOCUS V - Verde azulado
       | 34413 t2 huerfana $25990 | Vaporizador Airis 8 Dip &amp; Dab - Dorado
 d=130 | 33284 t1 huerfana $14990 | Vaporizador Vibe Se -Vaporesso - Negro
       | 36259 t2 huerfana $129990 | Vaporizador DaVinci Miqro C - Herbal - Negro
 d=131 | 682 t3 prod 9244 $219593 | Vaporizador DaVinci IQ3 | PIRANHA
       | 33284 t1 huerfana $14990 | Vaporizador Vibe Se -Vaporesso - Negro
 d=131 | 10941 t3 prod 8651 $97993 | Vaporizador DaVinci MIQRO-C | PIRANHA
       | 12397 t1 huerfana $33990 | Vaporizador Xros 5 Opal White -Vaporesso
 d=131 | 12396 t1 huerfana $9990 | Vaporizador Vibe Series Pod 0.8Ohm -Vaporesso
       | 34410 t2 huerfana $25990 | Vaporizador Airis 8 Dip &amp; Dab - Negro
 d=131 | 12433 t1 huerfana $12990 | Iq 2 Flavor Chamber-Da Vinci
       | 18547 t2 prod 10406 $159990 | Dynavap Vaporizador Unidyn
 d=131 | 12466 t1 huerfana $24990 | Vaporizador Xros 5 Mini -Vaporesso
       | 34410 t2 huerfana $25990 | Vaporizador Airis 8 Dip &amp; Dab - Negro
 d=131 | 15883 t3 prod 10189 $53191 | Tapa DynaVap The Ballr Cap | PIRANHA
       | 18091 t1 huerfana $69990 | SABER DAB TOOL-FOCUS V
 d=131 | 17148 t1 prod 10435 $239990 | VAPORIZADOR AERIS -FOCUS V
       | 34410 t2 huerfana $25990 | Vaporizador Airis 8 Dip &amp; Dab - Negro
 d=131 | 31609 t1 huerfana $239990 | VAPORIZADOR AERIS -FOCUS V - MIDNIGHT
       | 34410 t2 huerfana $25990 | Vaporizador Airis 8 Dip &amp; Dab - Negro
 d=131 | 32458 t1 huerfana $24990 | Vaporizador Xros 5 Mini -Vaporesso - Negro
       | 34410 t2 huerfana $25990 | Vaporizador Airis 8 Dip &amp; Dab - Negro
 d=131 | 33082 t1 huerfana $16990 | Vaporizador Quaser-Airistech - Blanco
       | 34413 t2 huerfana $25990 | Vaporizador Airis 8 Dip &amp; Dab - Dorado
 d=131 | 33230 t1 huerfana $69990 | SABER DAB TOOL-FOCUS V - BURDEO
       | 34410 t2 huerfana $25990 | Vaporizador Airis 8 Dip &amp; Dab - Negro
 d=131 | 33233 t1 huerfana $69990 | SABER DAB TOOL-FOCUS V - CLEAR
       | 34410 t2 huerfana $25990 | Vaporizador Airis 8 Dip &amp; Dab - Negro
 d=131 | 33285 t1 huerfana $14990 | Vaporizador Vibe Se -Vaporesso - GRAPEFRUIT SODA
       | 36259 t2 huerfana $129990 | Vaporizador DaVinci Miqro C - Herbal - Negro
 d=132 | 2083 t2 prod 8651 $129990 | Vaporizador DaVinci Miqro C - Herbal
       | 33285 t1 huerfana $14990 | Vaporizador Vibe Se -Vaporesso - GRAPEFRUIT SODA
 d=132 | 12334 t1 huerfana $49990 | Vaporizador Luxe Xr Max 2 Black -Vaporesso
       | 15883 t3 prod 10189 $53191 | Tapa DynaVap The Ballr Cap | PIRANHA
 d=132 | 12334 t1 huerfana $49990 | Vaporizador Luxe Xr Max 2 Black -Vaporesso
       | 18547 t2 prod 10406 $159990 | Dynavap Vaporizador Unidyn
 d=132 | 12397 t1 huerfana $33990 | Vaporizador Xros 5 Opal White -Vaporesso
       | 19536 t2 prod 10377 $269990 | Vaporizador Plenty Storz &amp; Bickel
 d=132 | 12606 t1 huerfana $85990 | DEPÓSITO VOLCANO HYBRID-STORZ &amp; BICKEL
       | 15883 t3 prod 10189 $53191 | Tapa DynaVap The Ballr Cap | PIRANHA
 d=132 | 15883 t3 prod 10189 $53191 | Tapa DynaVap The Ballr Cap | PIRANHA
       | 32645 t1 huerfana $33990 | Vaporizador Xros 5 -Vaporesso - CORAL RED
 d=132 | 15883 t3 prod 10189 $53191 | Tapa DynaVap The Ballr Cap | PIRANHA
       | 33284 t1 huerfana $14990 | Vaporizador Vibe Se -Vaporesso - Negro
 d=132 | 18547 t2 prod 10406 $159990 | Dynavap Vaporizador Unidyn
       | 33230 t1 huerfana $69990 | SABER DAB TOOL-FOCUS V - BURDEO
 d=132 | 18547 t2 prod 10406 $159990 | Dynavap Vaporizador Unidyn
       | 33284 t1 huerfana $14990 | Vaporizador Vibe Se -Vaporesso - Negro
 d=132 | 20051 t2 huerfana $87990 | Vaporizador G Pen Dash
       | 33285 t1 huerfana $14990 | Vaporizador Vibe Se -Vaporesso - GRAPEFRUIT SODA
 d=132 | 31606 t1 huerfana $239990 | VAPORIZADOR AERIS -FOCUS V - Negro
       | 34411 t2 huerfana $25990 | Vaporizador Airis 8 Dip &amp; Dab - Plateado
 d=132 | 32645 t1 huerfana $33990 | Vaporizador Xros 5 -Vaporesso - CORAL RED
       | 36260 t2 huerfana $129990 | Vaporizador DaVinci Miqro C - Herbal - Verde
 d=132 | 33230 t1 huerfana $69990 | SABER DAB TOOL-FOCUS V - BURDEO
       | 34412 t2 huerfana $25990 | Vaporizador Airis 8 Dip &amp; Dab - Azul
 d=132 | 33230 t1 huerfana $69990 | SABER DAB TOOL-FOCUS V - BURDEO
       | 36260 t2 huerfana $129990 | Vaporizador DaVinci Miqro C - Herbal - Verde
 d=132 | 33233 t1 huerfana $69990 | SABER DAB TOOL-FOCUS V - CLEAR
       | 34412 t2 huerfana $25990 | Vaporizador Airis 8 Dip &amp; Dab - Azul
 d=132 | 33234 t1 huerfana $69990 | SABER DAB TOOL-FOCUS V - JADE
       | 34411 t2 huerfana $25990 | Vaporizador Airis 8 Dip &amp; Dab - Plateado
 d=132 | 33236 t1 huerfana $69990 | SABER DAB TOOL-FOCUS V - GRAPE
       | 34412 t2 huerfana $25990 | Vaporizador Airis 8 Dip &amp; Dab - Azul
 d=132 | 33284 t1 huerfana $14990 | Vaporizador Vibe Se -Vaporesso - Negro
       | 34412 t2 huerfana $25990 | Vaporizador Airis 8 Dip &amp; Dab - Azul
 d=133 | 2035 t2 prod 5737 $89990 | Vaporizador Mecánico Dynavap M7
       | 12433 t1 huerfana $12990 | Iq 2 Flavor Chamber-Da Vinci
 d=133 | 2083 t2 prod 8651 $129990 | Vaporizador DaVinci Miqro C - Herbal
       | 31608 t1 huerfana $239990 | VAPORIZADOR AERIS -FOCUS V - JADE
 d=133 | 2083 t2 prod 8651 $129990 | Vaporizador DaVinci Miqro C - Herbal
       | 33230 t1 huerfana $69990 | SABER DAB TOOL-FOCUS V - BURDEO
 d=133 | 10941 t3 prod 8651 $97993 | Vaporizador DaVinci MIQRO-C | PIRANHA
       | 34412 t2 huerfana $25990 | Vaporizador Airis 8 Dip &amp; Dab - Azul
 d=133 | 12334 t1 huerfana $49990 | Vaporizador Luxe Xr Max 2 Black -Vaporesso
       | 19390 t2 huerfana $239990 | Vaporizador G Pen Roam Cookies
 d=133 | 12397 t1 huerfana $33990 | Vaporizador Xros 5 Opal White -Vaporesso
       | 34410 t2 huerfana $25990 | Vaporizador Airis 8 Dip &amp; Dab - Negro
 d=133 | 12433 t1 huerfana $12990 | Iq 2 Flavor Chamber-Da Vinci
       | 18546 t2 prod 10439 $57990 | DynaVap Vaporizador The B
 d=133 | 12534 t1 huerfana $35990 | Vaporizador Xros 5 -Vaporesso
       | 19922 t2 prod 10541 $239990 | Vaporizador G Pen Roam
 d=133 | 12606 t1 huerfana $85990 | DEPÓSITO VOLCANO HYBRID-STORZ &amp; BICKEL
       | 34411 t2 huerfana $25990 | Vaporizador Airis 8 Dip &amp; Dab - Plateado
 d=133 | 12634 t1 prod 10321 $289990 | VAPORIZADOR CARTA SPORT -FOCUS V
       | 19390 t2 huerfana $239990 | Vaporizador G Pen Roam Cookies
 d=133 | 15883 t3 prod 10189 $53191 | Tapa DynaVap The Ballr Cap | PIRANHA
       | 33281 t1 huerfana $16990 | Vaporizador Vibe Nano -Vaporesso - Negro
 d=133 | 18546 t2 prod 10439 $57990 | DynaVap Vaporizador The B
       | 33082 t1 huerfana $16990 | Vaporizador Quaser-Airistech - Blanco
 d=133 | 19390 t2 huerfana $239990 | Vaporizador G Pen Roam Cookies
       | 31572 t1 prod 10321 $269790 | VAPORIZADOR CARTA SPORT -FOCUS V - Naranjo
 d=133 | 19922 t2 prod 10541 $239990 | Vaporizador G Pen Roam
       | 32643 t1 huerfana $33990 | Vaporizador Xros 5 -Vaporesso - BLUE SILK
 d=133 | 19922 t2 prod 10541 $239990 | Vaporizador G Pen Roam
       | 33285 t1 huerfana $14990 | Vaporizador Vibe Se -Vaporesso - GRAPEFRUIT SODA
 d=133 | 20051 t2 huerfana $87990 | Vaporizador G Pen Dash
       | 33229 t1 huerfana $69990 | SABER DAB TOOL-FOCUS V - FOREST
 d=133 | 20051 t2 huerfana $87990 | Vaporizador G Pen Dash
       | 33231 t1 huerfana $69990 | SABER DAB TOOL-FOCUS V - Negro
 d=133 | 20051 t2 huerfana $87990 | Vaporizador G Pen Dash
       | 33235 t1 huerfana $69990 | SABER DAB TOOL-FOCUS V - MIDNIGHT
 d=133 | 31573 t1 prod 10321 $269790 | VAPORIZADOR CARTA SPORT -FOCUS V - Negro
       | 34412 t2 huerfana $25990 | Vaporizador Airis 8 Dip &amp; Dab - Azul
 d=133 | 31606 t1 huerfana $239990 | VAPORIZADOR AERIS -FOCUS V - Negro
       | 34412 t2 huerfana $25990 | Vaporizador Airis 8 Dip &amp; Dab - Azul
 d=133 | 33234 t1 huerfana $69990 | SABER DAB TOOL-FOCUS V - JADE
       | 34413 t2 huerfana $25990 | Vaporizador Airis 8 Dip &amp; Dab - Dorado
 d=133 | 33237 t1 huerfana $69990 | SABER DAB TOOL-FOCUS V - BUBBLEGUM
       | 34411 t2 huerfana $25990 | Vaporizador Airis 8 Dip &amp; Dab - Plateado
 d=134 | 10941 t3 prod 8651 $97993 | Vaporizador DaVinci MIQRO-C | PIRANHA
       | 20051 t2 huerfana $87990 | Vaporizador G Pen Dash
 d=134 | 10941 t3 prod 8651 $97993 | Vaporizador DaVinci MIQRO-C | PIRANHA
       | 33234 t1 huerfana $69990 | SABER DAB TOOL-FOCUS V - JADE
 d=134 | 10941 t3 prod 8651 $97993 | Vaporizador DaVinci MIQRO-C | PIRANHA
       | 33286 t1 huerfana $13990 | Vaporizador Vibe Se -Vaporesso - MOCHA COFFE
 d=134 | 12334 t1 huerfana $49990 | Vaporizador Luxe Xr Max 2 Black -Vaporesso
       | 34413 t2 huerfana $25990 | Vaporizador Airis 8 Dip &amp; Dab - Dorado
 d=134 | 12396 t1 huerfana $9990 | Vaporizador Vibe Series Pod 0.8Ohm -Vaporesso
       | 19536 t2 prod 10377 $269990 | Vaporizador Plenty Storz &amp; Bickel
 d=134 | 12397 t1 huerfana $33990 | Vaporizador Xros 5 Opal White -Vaporesso
       | 18546 t2 prod 10439 $57990 | DynaVap Vaporizador The B
 d=134 | 12466 t1 huerfana $24990 | Vaporizador Xros 5 Mini -Vaporesso
       | 19536 t2 prod 10377 $269990 | Vaporizador Plenty Storz &amp; Bickel
 d=134 | 14221 t3 prod 10321 $269691 | Vaporizador Focus V Carta Sport | PIRANHA
       | 31610 t1 huerfana $239990 | VAPORIZADOR AERIS -FOCUS V - GRAPE
 d=134 | 14221 t3 prod 10321 $269691 | Vaporizador Focus V Carta Sport | PIRANHA
       | 33232 t1 huerfana $69990 | SABER DAB TOOL-FOCUS V - Verde azulado
 d=134 | 18546 t2 prod 10439 $57990 | DynaVap Vaporizador The B
       | 33229 t1 huerfana $69990 | SABER DAB TOOL-FOCUS V - FOREST
 d=134 | 18546 t2 prod 10439 $57990 | DynaVap Vaporizador The B
       | 33231 t1 huerfana $69990 | SABER DAB TOOL-FOCUS V - Negro
 d=134 | 18547 t2 prod 10406 $159990 | Dynavap Vaporizador Unidyn
       | 31611 t1 huerfana $239990 | VAPORIZADOR AERIS -FOCUS V - BUBBLEGUM
 d=134 | 19536 t2 prod 10377 $269990 | Vaporizador Plenty Storz &amp; Bickel
       | 32458 t1 huerfana $24990 | Vaporizador Xros 5 Mini -Vaporesso - Negro
 d=134 | 19756 t2 prod 10541 $239990 | Vaporizador Roam Dr. Greenthumbs
       | 31610 t1 huerfana $239990 | VAPORIZADOR AERIS -FOCUS V - GRAPE
 d=134 | 33237 t1 huerfana $69990 | SABER DAB TOOL-FOCUS V - BUBBLEGUM
       | 34412 t2 huerfana $25990 | Vaporizador Airis 8 Dip &amp; Dab - Azul
 d=134 | 33237 t1 huerfana $69990 | SABER DAB TOOL-FOCUS V - BUBBLEGUM
       | 34413 t2 huerfana $25990 | Vaporizador Airis 8 Dip &amp; Dab - Dorado
 d=134 | 33396 t1 prod 10680 $69990 | Vaporizador Nokiva Kit-Airistech - Blanco
       | 36004 t2 huerfana $25990 | Vaporizador Airis Mystica III - Tornasol
 d=135 | 2060 t2 prod 9244 $299990 | Vaporizador DaVinci IQ3
       | 18119 t1 huerfana $269990 | Iq Stealth-Da Vinci
 d=135 | 10941 t3 prod 8651 $97993 | Vaporizador DaVinci MIQRO-C | PIRANHA
       | 18105 t1 huerfana $14990 | Vaporizador Vibe Se -Vaporesso
 d=135 | 10941 t3 prod 8651 $97993 | Vaporizador DaVinci MIQRO-C | PIRANHA
       | 33235 t1 huerfana $69990 | SABER DAB TOOL-FOCUS V - MIDNIGHT
 d=135 | 10941 t3 prod 8651 $97993 | Vaporizador DaVinci MIQRO-C | PIRANHA
       | 33283 t1 huerfana $14990 | Vaporizador Vibe Se -Vaporesso - Blanco
 d=135 | 11087 t3 huerfana $4990 | Volcano Hybrid Air Filter Set
       | 18546 t2 prod 10439 $57990 | DynaVap Vaporizador The B
 d=135 | 12334 t1 huerfana $49990 | Vaporizador Luxe Xr Max 2 Black -Vaporesso
       | 34411 t2 huerfana $25990 | Vaporizador Airis 8 Dip &amp; Dab - Plateado
 d=135 | 12396 t1 huerfana $9990 | Vaporizador Vibe Series Pod 0.8Ohm -Vaporesso
       | 20051 t2 huerfana $87990 | Vaporizador G Pen Dash
 d=135 | 12534 t1 huerfana $35990 | Vaporizador Xros 5 -Vaporesso
       | 19536 t2 prod 10377 $269990 | Vaporizador Plenty Storz &amp; Bickel
 d=135 | 14221 t3 prod 10321 $269691 | Vaporizador Focus V Carta Sport | PIRANHA
       | 19390 t2 huerfana $239990 | Vaporizador G Pen Roam Cookies
 d=135 | 14221 t3 prod 10321 $269691 | Vaporizador Focus V Carta Sport | PIRANHA
       | 34410 t2 huerfana $25990 | Vaporizador Airis 8 Dip &amp; Dab - Negro
 d=135 | 14221 t3 prod 10321 $269691 | Vaporizador Focus V Carta Sport | PIRANHA
       | 34411 t2 huerfana $25990 | Vaporizador Airis 8 Dip &amp; Dab - Plateado
 d=135 | 18105 t1 huerfana $14990 | Vaporizador Vibe Se -Vaporesso
       | 19390 t2 huerfana $239990 | Vaporizador G Pen Roam Cookies
 d=135 | 18119 t1 huerfana $269990 | Iq Stealth-Da Vinci
       | 34079 t2 prod 9244 $299990 | Vaporizador DaVinci IQ3 - Negro
 d=135 | 19390 t2 huerfana $239990 | Vaporizador G Pen Roam Cookies
       | 31575 t1 prod 10321 $269790 | VAPORIZADOR CARTA SPORT -FOCUS V - Verde azulado
 d=135 | 19390 t2 huerfana $239990 | Vaporizador G Pen Roam Cookies
       | 33283 t1 huerfana $14990 | Vaporizador Vibe Se -Vaporesso - Blanco
 d=135 | 19390 t2 huerfana $239990 | Vaporizador G Pen Roam Cookies
       | 33284 t1 huerfana $14990 | Vaporizador Vibe Se -Vaporesso - Negro
 d=135 | 19536 t2 prod 10377 $269990 | Vaporizador Plenty Storz &amp; Bickel
       | 32643 t1 huerfana $33990 | Vaporizador Xros 5 -Vaporesso - BLUE SILK
 d=135 | 31575 t1 prod 10321 $269790 | VAPORIZADOR CARTA SPORT -FOCUS V - Verde azulado
       | 34410 t2 huerfana $25990 | Vaporizador Airis 8 Dip &amp; Dab - Negro
 d=135 | 31575 t1 prod 10321 $269790 | VAPORIZADOR CARTA SPORT -FOCUS V - Verde azulado
       | 34411 t2 huerfana $25990 | Vaporizador Airis 8 Dip &amp; Dab - Plateado
 d=135 | 31611 t1 huerfana $239990 | VAPORIZADOR AERIS -FOCUS V - BUBBLEGUM
       | 34410 t2 huerfana $25990 | Vaporizador Airis 8 Dip &amp; Dab - Negro
 d=135 | 33396 t1 prod 10680 $69990 | Vaporizador Nokiva Kit-Airistech - Blanco
       | 36005 t2 huerfana $25990 | Vaporizador Airis Mystica III - Gradient 1
 d=136 | 682 t3 prod 9244 $219593 | Vaporizador DaVinci IQ3 | PIRANHA
       | 18091 t1 huerfana $69990 | SABER DAB TOOL-FOCUS V
 d=136 | 682 t3 prod 9244 $219593 | Vaporizador DaVinci IQ3 | PIRANHA
       | 19390 t2 huerfana $239990 | Vaporizador G Pen Roam Cookies
 d=136 | 12433 t1 huerfana $12990 | Iq 2 Flavor Chamber-Da Vinci
       | 20051 t2 huerfana $87990 | Vaporizador G Pen Dash
 d=136 | 12534 t1 huerfana $35990 | Vaporizador Xros 5 -Vaporesso
       | 34410 t2 huerfana $25990 | Vaporizador Airis 8 Dip &amp; Dab - Negro
 d=136 | 14221 t3 prod 10321 $269691 | Vaporizador Focus V Carta Sport | PIRANHA
       | 34413 t2 huerfana $25990 | Vaporizador Airis 8 Dip &amp; Dab - Dorado
 d=136 | 18105 t1 huerfana $14990 | Vaporizador Vibe Se -Vaporesso
       | 36259 t2 huerfana $129990 | Vaporizador DaVinci Miqro C - Herbal - Negro
 d=136 | 19390 t2 huerfana $239990 | Vaporizador G Pen Roam Cookies
       | 33286 t1 huerfana $13990 | Vaporizador Vibe Se -Vaporesso - MOCHA COFFE
 d=136 | 19756 t2 prod 10541 $239990 | Vaporizador Roam Dr. Greenthumbs
       | 31611 t1 huerfana $239990 | VAPORIZADOR AERIS -FOCUS V - BUBBLEGUM
 d=136 | 31575 t1 prod 10321 $269790 | VAPORIZADOR CARTA SPORT -FOCUS V - Verde azulado
       | 34413 t2 huerfana $25990 | Vaporizador Airis 8 Dip &amp; Dab - Dorado
 d=136 | 31610 t1 huerfana $239990 | VAPORIZADOR AERIS -FOCUS V - GRAPE
       | 34412 t2 huerfana $25990 | Vaporizador Airis 8 Dip &amp; Dab - Azul
 d=136 | 31610 t1 huerfana $239990 | VAPORIZADOR AERIS -FOCUS V - GRAPE
       | 34413 t2 huerfana $25990 | Vaporizador Airis 8 Dip &amp; Dab - Dorado
 d=136 | 31610 t1 huerfana $239990 | VAPORIZADOR AERIS -FOCUS V - GRAPE
       | 36000 t2 huerfana $25990 | Vaporizador Airis Mystica III - Negro
 d=136 | 31610 t1 huerfana $239990 | VAPORIZADOR AERIS -FOCUS V - GRAPE
       | 36260 t2 huerfana $129990 | Vaporizador DaVinci Miqro C - Herbal - Verde
 d=136 | 32462 t1 huerfana $23990 | Vaporizador Xros 5 Mini -Vaporesso - TITANIUM SILVER
       | 34413 t2 huerfana $25990 | Vaporizador Airis 8 Dip &amp; Dab - Dorado
 d=136 | 32643 t1 huerfana $33990 | Vaporizador Xros 5 -Vaporesso - BLUE SILK
       | 34410 t2 huerfana $25990 | Vaporizador Airis 8 Dip &amp; Dab - Negro
 d=136 | 33232 t1 huerfana $69990 | SABER DAB TOOL-FOCUS V - Verde azulado
       | 34412 t2 huerfana $25990 | Vaporizador Airis 8 Dip &amp; Dab - Azul
 d=136 | 33283 t1 huerfana $14990 | Vaporizador Vibe Se -Vaporesso - Blanco
       | 36259 t2 huerfana $129990 | Vaporizador DaVinci Miqro C - Herbal - Negro
 d=137 | 2083 t2 prod 8651 $129990 | Vaporizador DaVinci Miqro C - Herbal
       | 31610 t1 huerfana $239990 | VAPORIZADOR AERIS -FOCUS V - GRAPE
 d=137 | 2083 t2 prod 8651 $129990 | Vaporizador DaVinci Miqro C - Herbal
       | 33236 t1 huerfana $69990 | SABER DAB TOOL-FOCUS V - GRAPE
 d=137 | 10941 t3 prod 8651 $97993 | Vaporizador DaVinci MIQRO-C | PIRANHA
       | 33236 t1 huerfana $69990 | SABER DAB TOOL-FOCUS V - GRAPE
 d=137 | 12334 t1 huerfana $49990 | Vaporizador Luxe Xr Max 2 Black -Vaporesso
       | 19920 t2 huerfana $179990 | Vaporizador G Pen Connect Cookies
 d=137 | 12334 t1 huerfana $49990 | Vaporizador Luxe Xr Max 2 Black -Vaporesso
       | 20051 t2 huerfana $87990 | Vaporizador G Pen Dash
 d=137 | 12433 t1 huerfana $12990 | Iq 2 Flavor Chamber-Da Vinci
       | 34412 t2 huerfana $25990 | Vaporizador Airis 8 Dip &amp; Dab - Azul
 d=137 | 12534 t1 huerfana $35990 | Vaporizador Xros 5 -Vaporesso
       | 36259 t2 huerfana $129990 | Vaporizador DaVinci Miqro C - Herbal - Negro
 d=137 | 12534 t1 huerfana $35990 | Vaporizador Xros 5 -Vaporesso
       | 36260 t2 huerfana $129990 | Vaporizador DaVinci Miqro C - Herbal - Verde
 d=137 | 12634 t1 prod 10321 $289990 | VAPORIZADOR CARTA SPORT -FOCUS V
       | 34410 t2 huerfana $25990 | Vaporizador Airis 8 Dip &amp; Dab - Negro
 d=137 | 12634 t1 prod 10321 $289990 | VAPORIZADOR CARTA SPORT -FOCUS V
       | 34411 t2 huerfana $25990 | Vaporizador Airis 8 Dip &amp; Dab - Plateado
 d=137 | 12969 t2 prod 10321 $289990 | Focus V Vaporizador Carta Sport
       | 18091 t1 huerfana $69990 | SABER DAB TOOL-FOCUS V
 d=137 | 14221 t3 prod 10321 $269691 | Vaporizador Focus V Carta Sport | PIRANHA
       | 31606 t1 huerfana $239990 | VAPORIZADOR AERIS -FOCUS V - Negro
 d=137 | 14221 t3 prod 10321 $269691 | Vaporizador Focus V Carta Sport | PIRANHA
       | 31607 t1 huerfana $239990 | VAPORIZADOR AERIS -FOCUS V - CLEAR
 d=137 | 19756 t2 prod 10541 $239990 | Vaporizador Roam Dr. Greenthumbs
       | 31606 t1 huerfana $239990 | VAPORIZADOR AERIS -FOCUS V - Negro
 d=137 | 20051 t2 huerfana $87990 | Vaporizador G Pen Dash
       | 32645 t1 huerfana $33990 | Vaporizador Xros 5 -Vaporesso - CORAL RED
 d=137 | 31572 t1 prod 10321 $269790 | VAPORIZADOR CARTA SPORT -FOCUS V - Naranjo
       | 34410 t2 huerfana $25990 | Vaporizador Airis 8 Dip &amp; Dab - Negro
 d=137 | 31572 t1 prod 10321 $269790 | VAPORIZADOR CARTA SPORT -FOCUS V - Naranjo
       | 34411 t2 huerfana $25990 | Vaporizador Airis 8 Dip &amp; Dab - Plateado
 d=137 | 31574 t1 prod 10321 $269790 | VAPORIZADOR CARTA SPORT -FOCUS V - Morado
       | 34410 t2 huerfana $25990 | Vaporizador Airis 8 Dip &amp; Dab - Negro
 d=137 | 31574 t1 prod 10321 $269790 | VAPORIZADOR CARTA SPORT -FOCUS V - Morado
       | 34411 t2 huerfana $25990 | Vaporizador Airis 8 Dip &amp; Dab - Plateado
 d=137 | 31610 t1 huerfana $239990 | VAPORIZADOR AERIS -FOCUS V - GRAPE
       | 34411 t2 huerfana $25990 | Vaporizador Airis 8 Dip &amp; Dab - Plateado
 d=137 | 32459 t1 huerfana $24990 | Vaporizador Xros 5 Mini -Vaporesso - FLOWING GREEN
       | 34413 t2 huerfana $25990 | Vaporizador Airis 8 Dip &amp; Dab - Dorado
 d=137 | 32461 t1 huerfana $24990 | Vaporizador Xros 5 Mini -Vaporesso - SKY BLUE
       | 34413 t2 huerfana $25990 | Vaporizador Airis 8 Dip &amp; Dab - Dorado
 d=137 | 32462 t1 huerfana $23990 | Vaporizador Xros 5 Mini -Vaporesso - TITANIUM SILVER
       | 34411 t2 huerfana $25990 | Vaporizador Airis 8 Dip &amp; Dab - Plateado
 d=137 | 32643 t1 huerfana $33990 | Vaporizador Xros 5 -Vaporesso - BLUE SILK
       | 36259 t2 huerfana $129990 | Vaporizador DaVinci Miqro C - Herbal - Negro
 d=137 | 32643 t1 huerfana $33990 | Vaporizador Xros 5 -Vaporesso - BLUE SILK
       | 36260 t2 huerfana $129990 | Vaporizador DaVinci Miqro C - Herbal - Verde
 d=137 | 33082 t1 huerfana $16990 | Vaporizador Quaser-Airistech - Blanco
       | 34412 t2 huerfana $25990 | Vaporizador Airis 8 Dip &amp; Dab - Azul
 d=137 | 33286 t1 huerfana $13990 | Vaporizador Vibe Se -Vaporesso - MOCHA COFFE
       | 36259 t2 huerfana $129990 | Vaporizador DaVinci Miqro C - Herbal - Negro
 d=138 | 2083 t2 prod 8651 $129990 | Vaporizador DaVinci Miqro C - Herbal
       | 31606 t1 huerfana $239990 | VAPORIZADOR AERIS -FOCUS V - Negro
 d=138 | 12397 t1 huerfana $33990 | Vaporizador Xros 5 Opal White -Vaporesso
       | 15883 t3 prod 10189 $53191 | Tapa DynaVap The Ballr Cap | PIRANHA
 d=138 | 12654 t1 prod 10414 $39990 | ATOMIZADOR INTELLI-CORE PARA HIERBA SECA-FOCUS V
       | 19920 t2 huerfana $179990 | Vaporizador G Pen Connect Cookies
 d=138 | 14221 t3 prod 10321 $269691 | Vaporizador Focus V Carta Sport | PIRANHA
       | 34412 t2 huerfana $25990 | Vaporizador Airis 8 Dip &amp; Dab - Azul
 d=138 | 18547 t2 prod 10406 $159990 | Dynavap Vaporizador Unidyn
       | 33232 t1 huerfana $69990 | SABER DAB TOOL-FOCUS V - Verde azulado
 d=138 | 18547 t2 prod 10406 $159990 | Dynavap Vaporizador Unidyn
       | 33236 t1 huerfana $69990 | SABER DAB TOOL-FOCUS V - GRAPE
 d=138 | 19536 t2 prod 10377 $269990 | Vaporizador Plenty Storz &amp; Bickel
       | 32644 t1 huerfana $33990 | Vaporizador Xros 5 -Vaporesso - CARBON STRIPE
 d=138 | 19756 t2 prod 10541 $239990 | Vaporizador Roam Dr. Greenthumbs
       | 33233 t1 huerfana $69990 | SABER DAB TOOL-FOCUS V - CLEAR
 d=138 | 31574 t1 prod 10321 $269790 | VAPORIZADOR CARTA SPORT -FOCUS V - Morado
       | 34413 t2 huerfana $25990 | Vaporizador Airis 8 Dip &amp; Dab - Dorado
 d=138 | 31575 t1 prod 10321 $269790 | VAPORIZADOR CARTA SPORT -FOCUS V - Verde azulado
       | 34412 t2 huerfana $25990 | Vaporizador Airis 8 Dip &amp; Dab - Azul
 d=138 | 31608 t1 huerfana $239990 | VAPORIZADOR AERIS -FOCUS V - JADE
       | 34412 t2 huerfana $25990 | Vaporizador Airis 8 Dip &amp; Dab - Azul
 d=138 | 31608 t1 huerfana $239990 | VAPORIZADOR AERIS -FOCUS V - JADE
       | 34413 t2 huerfana $25990 | Vaporizador Airis 8 Dip &amp; Dab - Dorado
 d=138 | 32461 t1 huerfana $24990 | Vaporizador Xros 5 Mini -Vaporesso - SKY BLUE
       | 34411 t2 huerfana $25990 | Vaporizador Airis 8 Dip &amp; Dab - Plateado
 d=138 | 33236 t1 huerfana $69990 | SABER DAB TOOL-FOCUS V - GRAPE
       | 34413 t2 huerfana $25990 | Vaporizador Airis 8 Dip &amp; Dab - Dorado
 d=139 | 682 t3 prod 9244 $219593 | Vaporizador DaVinci IQ3 | PIRANHA
       | 31609 t1 huerfana $239990 | VAPORIZADOR AERIS -FOCUS V - MIDNIGHT
 d=139 | 2083 t2 prod 8651 $129990 | Vaporizador DaVinci Miqro C - Herbal
       | 31611 t1 huerfana $239990 | VAPORIZADOR AERIS -FOCUS V - BUBBLEGUM
 d=139 | 2083 t2 prod 8651 $129990 | Vaporizador DaVinci Miqro C - Herbal
       | 33237 t1 huerfana $69990 | SABER DAB TOOL-FOCUS V - BUBBLEGUM
 d=139 | 10941 t3 prod 8651 $97993 | Vaporizador DaVinci MIQRO-C | PIRANHA
       | 33230 t1 huerfana $69990 | SABER DAB TOOL-FOCUS V - BURDEO
 d=139 | 10941 t3 prod 8651 $97993 | Vaporizador DaVinci MIQRO-C | PIRANHA
       | 34413 t2 huerfana $25990 | Vaporizador Airis 8 Dip &amp; Dab - Dorado
 d=139 | 12433 t1 huerfana $12990 | Iq 2 Flavor Chamber-Da Vinci
       | 19922 t2 prod 10541 $239990 | Vaporizador G Pen Roam
 d=139 | 12606 t1 huerfana $85990 | DEPÓSITO VOLCANO HYBRID-STORZ &amp; BICKEL
       | 20051 t2 huerfana $87990 | Vaporizador G Pen Dash
 d=139 | 12654 t1 prod 10414 $39990 | ATOMIZADOR INTELLI-CORE PARA HIERBA SECA-FOCUS V
       | 36260 t2 huerfana $129990 | Vaporizador DaVinci Miqro C - Herbal - Verde
 d=139 | 19390 t2 huerfana $239990 | Vaporizador G Pen Roam Cookies
       | 31574 t1 prod 10321 $269790 | VAPORIZADOR CARTA SPORT -FOCUS V - Morado
 d=139 | 31606 t1 huerfana $239990 | VAPORIZADOR AERIS -FOCUS V - Negro
       | 36000 t2 huerfana $25990 | Vaporizador Airis Mystica III - Negro
 d=139 | 31606 t1 huerfana $239990 | VAPORIZADOR AERIS -FOCUS V - Negro
       | 36260 t2 huerfana $129990 | Vaporizador DaVinci Miqro C - Herbal - Verde
 d=139 | 31608 t1 huerfana $239990 | VAPORIZADOR AERIS -FOCUS V - JADE
       | 34411 t2 huerfana $25990 | Vaporizador Airis 8 Dip &amp; Dab - Plateado
 d=139 | 32460 t1 huerfana $24990 | Vaporizador Xros 5 Mini -Vaporesso - PASTEL CRYSTAL
       | 34411 t2 huerfana $25990 | Vaporizador Airis 8 Dip &amp; Dab - Plateado
 d=140 | 2083 t2 prod 8651 $129990 | Vaporizador DaVinci Miqro C - Herbal
       | 31607 t1 huerfana $239990 | VAPORIZADOR AERIS -FOCUS V - CLEAR
 d=140 | 10941 t3 prod 8651 $97993 | Vaporizador DaVinci MIQRO-C | PIRANHA
       | 34411 t2 huerfana $25990 | Vaporizador Airis 8 Dip &amp; Dab - Plateado
 d=140 | 11087 t3 huerfana $4990 | Volcano Hybrid Air Filter Set
       | 33082 t1 huerfana $16990 | Vaporizador Quaser-Airistech - Blanco
 d=140 | 12334 t1 huerfana $49990 | Vaporizador Luxe Xr Max 2 Black -Vaporesso
       | 36000 t2 huerfana $25990 | Vaporizador Airis Mystica III - Negro
 d=140 | 12397 t1 huerfana $33990 | Vaporizador Xros 5 Opal White -Vaporesso
       | 18547 t2 prod 10406 $159990 | Dynavap Vaporizador Unidyn
 d=140 | 12397 t1 huerfana $33990 | Vaporizador Xros 5 Opal White -Vaporesso
       | 36260 t2 huerfana $129990 | Vaporizador DaVinci Miqro C - Herbal - Verde
 d=140 | 12606 t1 huerfana $85990 | DEPÓSITO VOLCANO HYBRID-STORZ &amp; BICKEL
       | 34413 t2 huerfana $25990 | Vaporizador Airis 8 Dip &amp; Dab - Dorado
 d=140 | 12634 t1 prod 10321 $289990 | VAPORIZADOR CARTA SPORT -FOCUS V
       | 34413 t2 huerfana $25990 | Vaporizador Airis 8 Dip &amp; Dab - Dorado
 d=140 | 14221 t3 prod 10321 $269691 | Vaporizador Focus V Carta Sport | PIRANHA
       | 31608 t1 huerfana $239990 | VAPORIZADOR AERIS -FOCUS V - JADE
 d=140 | 14221 t3 prod 10321 $269691 | Vaporizador Focus V Carta Sport | PIRANHA
       | 31609 t1 huerfana $239990 | VAPORIZADOR AERIS -FOCUS V - MIDNIGHT
 d=140 | 14221 t3 prod 10321 $269691 | Vaporizador Focus V Carta Sport | PIRANHA
       | 33237 t1 huerfana $69990 | SABER DAB TOOL-FOCUS V - BUBBLEGUM
 d=140 | 18546 t2 prod 10439 $57990 | DynaVap Vaporizador The B
       | 31609 t1 huerfana $239990 | VAPORIZADOR AERIS -FOCUS V - MIDNIGHT
 d=140 | 18547 t2 prod 10406 $159990 | Dynavap Vaporizador Unidyn
       | 32645 t1 huerfana $33990 | Vaporizador Xros 5 -Vaporesso - CORAL RED
 d=140 | 18547 t2 prod 10406 $159990 | Dynavap Vaporizador Unidyn
       | 33237 t1 huerfana $69990 | SABER DAB TOOL-FOCUS V - BUBBLEGUM
 d=140 | 19756 t2 prod 10541 $239990 | Vaporizador Roam Dr. Greenthumbs
       | 31609 t1 huerfana $239990 | VAPORIZADOR AERIS -FOCUS V - MIDNIGHT
 d=140 | 20051 t2 huerfana $87990 | Vaporizador G Pen Dash
       | 32828 t1 huerfana $24990 | ADAPTADOR INTELLI-CORE MAX PARA AIRIS-FOCUS V
 d=140 | 31572 t1 prod 10321 $269790 | VAPORIZADOR CARTA SPORT -FOCUS V - Naranjo
       | 34413 t2 huerfana $25990 | Vaporizador Airis 8 Dip &amp; Dab - Dorado
 d=140 | 31574 t1 prod 10321 $269790 | VAPORIZADOR CARTA SPORT -FOCUS V - Morado
       | 34412 t2 huerfana $25990 | Vaporizador Airis 8 Dip &amp; Dab - Azul
 d=140 | 31611 t1 huerfana $239990 | VAPORIZADOR AERIS -FOCUS V - BUBBLEGUM
       | 34412 t2 huerfana $25990 | Vaporizador Airis 8 Dip &amp; Dab - Azul
 d=140 | 32460 t1 huerfana $24990 | Vaporizador Xros 5 Mini -Vaporesso - PASTEL CRYSTAL
       | 34413 t2 huerfana $25990 | Vaporizador Airis 8 Dip &amp; Dab - Dorado
 d=140 | 32645 t1 huerfana $33990 | Vaporizador Xros 5 -Vaporesso - CORAL RED
       | 36259 t2 huerfana $129990 | Vaporizador DaVinci Miqro C - Herbal - Negro
 d=140 | 33233 t1 huerfana $69990 | SABER DAB TOOL-FOCUS V - CLEAR
       | 36260 t2 huerfana $129990 | Vaporizador DaVinci Miqro C - Herbal - Verde

* = distancia <= 60 (alta certeza). Revisar siempre titulo/precio/medidas antes de linkear.
