sim,category,brandKeyA,brandKeyB,idA,storeA,priceA,titleA,imgA,idB,storeB,priceB,titleB,imgB,priceRatio
1.00,Bongs,piecemaker,piecemaker,12293,"Astro Growshop",57990,"Bong Kube 9Cm -Pmg","https://cdnx.jumpseller.com/astrogrowshop/image/70243307/imagen_1_3812.webp?1764351489",20266,"Fumetas",57990,"PMG Bong Kube 9cm","https://cdnx.jumpseller.com/fumetas-store/image/58283239/Bong-Kube-Black-Piece-Maker.webp?1734057210",1.00
1.00,Vaporizadores herbales,storz-bickel,storz-bickel,12485,"Astro Growshop",7490,"Dispositivo Insuflación Mighty Y Crafty-Storz &amp; Bickel","https://cdnx.jumpseller.com/astrogrowshop/image/71345934/imagen_1_19278_11zon.webp?1767368567",19882,"Fumetas",8990,"Storz &amp; Bickel Dispositivo de Insuflación Mighty y Crafty","https://cdnx.jumpseller.com/fumetas-store/image/24182317/Dispositivo_insuflaci_n.png?1652718598",1.20
1.00,Repuestos para bongs y vaporizadores,,bonglab,12577,"Astro Growshop",3990,"Quemador Macho 18Mm","https://cdnx.jumpseller.com/astrogrowshop/image/72476806/AMBAR-1.webp?1769703980",12877,"Fumetas",2990,"Quemador macho 18mm","https://cdnx.jumpseller.com/fumetas-store/image/10109423/bonglab-quemado-clear-macho-18-mm__1_.jpg?1603925716",1.33
1.00,Bongs,calvo,calvo,12578,"Astro Growshop",38990,"Rig Dragon Ball Z -Calvo Glass","https://cdnx.jumpseller.com/astrogrowshop/image/70309632/imagen_1_28729.webp?1764619024",19375,"Fumetas",38990,"Calvo Glass Rig Dragon Ball Z","https://cdnx.jumpseller.com/fumetas-store/image/10933297/bong-calvo-rig-dragon-ball-z_2.jpg?1600369677",1.00
1.00,Repuestos para bongs y vaporizadores,storz-bickel,storz-bickel,12669,"Astro Growshop",27990,"Cargador Mighty-Storz &amp; Bickel","https://cdnx.jumpseller.com/astrogrowshop/image/71345854/imagen_1_20631_11zon.webp?1767368315",20077,"Fumetas",28890,"Storz &amp; Bickel Cargador para Vaporizador Mighty","https://cdnx.jumpseller.com/fumetas-store/image/24176057/Cargador_mighty-1.png?1652716027",1.03
1.00,Encendedores y sopletes,zippo,zippo,13388,"Fumetas",35990,"Encendedor Zippo Jack Daniels","https://cdnx.jumpseller.com/fumetas-store/image/47690065/Jack-Daniels-Zippo-Encendedor-29285.jpg?1713224006",17160,"Astro Growshop",36990,"Jack Daniels-Zippo","https://cdnx.jumpseller.com/astrogrowshop/image/70212146/imagen_1_22026.webp?1764264377",1.03
1.00,Encendedores y sopletes,santa-cruz,santa-cruz,15922,"Piranha",46990,"Encendedor Zippo Santa Cruz","https://piranha.cl/14693-thickbox_default/encendedor-zippo-santa-cruz.jpg",17991,"Astro Growshop",44990,"Santa Cruz-Zippo","https://cdnx.jumpseller.com/astrogrowshop/image/70212171/imagen_1_19900.webp?1764264408",1.04
1.00,Encendedores y sopletes,zippo,zippo,15924,"Piranha",34990,"Encendedor Zippo Skull Design","https://piranha.cl/24604-thickbox_default/encendedor-zippo-skull-design.jpg",17172,"Astro Growshop",44990,"Skull Design-Zippo","https://cdnx.jumpseller.com/astrogrowshop/image/73476255/SKULL-DESIGN-ZIPPO.webp?1771444310",1.29
1.00,Encendedores y sopletes,zippo,zippo,15924,"Piranha",34990,"Encendedor Zippo Skull Design","https://piranha.cl/24604-thickbox_default/encendedor-zippo-skull-design.jpg",18535,"Fumetas",37990,"Encendedor Zippo Skull Design","https://cdnx.jumpseller.com/fumetas-store/image/20259874/49602-Skull-Design-1.jpg?1653963815",1.09
1.00,Encendedores y sopletes,zippo,zippo,15925,"Piranha",33990,"Encendedor Zippo Herringbone Sweep","https://piranha.cl/14717-thickbox_default/encendedor-zippo-herringbone-sweep.jpg",18543,"Fumetas",27990,"Encendedor Zippo Herringbone Sweep","https://cdnx.jumpseller.com/fumetas-store/image/36439133/encendedor-zippo-herringbone-sweep.webp?1686781720",1.21
1.00,Otros parafernalia,raw,raw,16048,"Piranha",14812,"Gorro de Lana RAW","https://piranha.cl/15093-thickbox_default/gorro-de-lana-raw.jpg",19803,"Fumetas",17990,"Raw Gorro de Lana","https://cdnx.jumpseller.com/fumetas-store/image/75084485/Raw-Gorro-de-Lana-Negro.jpg?1774371696",1.21
1.00,Accesorios de extraccion,puffco,puffco,16213,"Piranha",52493,"Proxy Flower Bowl - Puffco","https://piranha.cl/14447-thickbox_default/proxy-flower-bowl-puffco.jpg",18181,"Astro Growshop",62990,"Proxy Flower Bowl-Puffco","https://cdnx.jumpseller.com/astrogrowshop/image/71344746/imagen_1_18432.webp?1767366470",1.20
1.00,Accesorios de extraccion,puffco,puffco,16227,"Piranha",124492,"Peak Pro Power Dock - Puffco","https://piranha.cl/14473-thickbox_default/peak-pro-power-dock-puffco.jpg",17209,"Astro Growshop",149990,"Peak Pro Power Dock-Puffco","https://cdnx.jumpseller.com/astrogrowshop/image/71343777/imagen_1_18435.webp?1767364964",1.20
1.00,Accesorios de extraccion,puffco,puffco,16233,"Piranha",99990,"Peak Pro Glass - Puffco","https://piranha.cl/14503-thickbox_default/peak-pro-glass-puffco.jpg",17221,"Astro Growshop",99990,"Peak Pro Glass-Puffco","https://cdnx.jumpseller.com/astrogrowshop/image/71344525/imagen_1_16901.webp?1767366130",1.00
1.00,Accesorios de extraccion,puffco,puffco,16233,"Piranha",99990,"Peak Pro Glass - Puffco","https://piranha.cl/14503-thickbox_default/peak-pro-glass-puffco.jpg",18585,"Fumetas",104990,"Puffco Peak Pro Glass","https://cdnx.jumpseller.com/fumetas-store/image/30106738/Puffco-Peak-Pro-Glass.webp?1670543680",1.05
1.00,Encendedores y sopletes,ignite,ignite,17145,"Astro Growshop",18990,"Soplete X-Mini -Ignite","https://cdnx.jumpseller.com/astrogrowshop/image/70331406/imagen_1_27914.webp?1764697416",18538,"Fumetas",17990,"Ignite Soplete X-Mini","https://cdnx.jumpseller.com/fumetas-store/image/62498271/Soplete-X-Mini-Ignite-Negro-3.jpg?1744670686",1.06
1.00,Vaporizadores herbales,focus-v,focus-v,17148,"Astro Growshop",239990,"VAPORIZADOR AERIS -FOCUS V","https://cdnx.jumpseller.com/astrogrowshop/image/72746559/VPFVAERISMDNT.webp?1770297825",18536,"Fumetas",239990,"Focus V Vaporizador Aeris","https://cdnx.jumpseller.com/fumetas-store/image/61575771/Vaporizador-Aeris-Focus-V-Negro.jpg?1742497115",1.00
1.00,Vaporizadores herbales,dynavap,dynavap,17149,"Astro Growshop",169990,"Vaporizador The Unidyn-Dynavap","https://cdnx.jumpseller.com/astrogrowshop/image/70929421/imagen_1_27951.webp?1773170674",18547,"Fumetas",159990,"Dynavap Vaporizador Unidyn","https://cdnx.jumpseller.com/fumetas-store/image/64998187/Vaporizador-Unidyn-Dynavap-Conveccion.webp?1751086447",1.06
1.00,Encendedores y sopletes,zippo,zippo,17172,"Astro Growshop",44990,"Skull Design-Zippo","https://cdnx.jumpseller.com/astrogrowshop/image/73476255/SKULL-DESIGN-ZIPPO.webp?1771444310",18535,"Fumetas",37990,"Encendedor Zippo Skull Design","https://cdnx.jumpseller.com/fumetas-store/image/20259874/49602-Skull-Design-1.jpg?1653963815",1.18
1.00,Encendedores y sopletes,ignite,ignite,17173,"Astro Growshop",23990,"Soplete Compact -Ignite","https://cdnx.jumpseller.com/astrogrowshop/image/70331480/imagen_1_26355.webp?1778185262",18557,"Fumetas",23990,"Soplete Compact Ignite","https://cdnx.jumpseller.com/fumetas-store/image/47978275/Somplete-Compact-Ignite-Blue.jpg?1765839851",1.00
1.00,Encendedores y sopletes,ignite,ignite,17174,"Astro Growshop",22990,"Soplete Flex -Ignite","https://cdnx.jumpseller.com/astrogrowshop/image/70361663/imagen_1_25558.webp?1778185989",18548,"Fumetas",23990,"Ignite Soplete Flex","https://cdnx.jumpseller.com/fumetas-store/image/14202548/soplete-flex-blue-ignite.jpg?1635267814",1.04
1.00,Encendedores y sopletes,ignite,ignite,17175,"Astro Growshop",21990,"Soplete Phantom -Ignite","https://cdnx.jumpseller.com/astrogrowshop/image/70331449/imagen_1_25561.webp?1764697492",18549,"Fumetas",20990,"Ignite Soplete Phantom","https://cdnx.jumpseller.com/fumetas-store/image/14202634/soplete-phantom-red-ignite.jpg?1645761888",1.05
1.00,Accesorios de extraccion,puffco,puffco,17221,"Astro Growshop",99990,"Peak Pro Glass-Puffco","https://cdnx.jumpseller.com/astrogrowshop/image/71344525/imagen_1_16901.webp?1767366130",18585,"Fumetas",104990,"Puffco Peak Pro Glass","https://cdnx.jumpseller.com/fumetas-store/image/30106738/Puffco-Peak-Pro-Glass.webp?1670543680",1.05
1.00,Encendedores y sopletes,ignite,ignite,17920,"Astro Growshop",16990,"Soplete Phantom Mini-Ignite","https://cdnx.jumpseller.com/astrogrowshop/image/70331424/imagen_1_27899.webp?1764697442",18537,"Fumetas",15990,"Ignite Soplete Phantom Mini","https://cdnx.jumpseller.com/fumetas-store/image/62517473/Soplete-Phantom-Mini-Negro.jpg?1744685264",1.06
1.00,Vaporizadores herbales,dynavap,dynavap,17928,"Astro Growshop",48990,"Vaporizador The B-Dynavap","https://cdnx.jumpseller.com/astrogrowshop/image/70929348/imagen_1_27940.webp?1773168362",18546,"Fumetas",57990,"DynaVap Vaporizador The B","https://cdnx.jumpseller.com/fumetas-store/image/52506514/Dynavap-The-B-Vaporizador-Mecanico.webp?1725390247",1.18
1.00,Vaporizadores herbales,storz-bickel,storz-bickel,17930,"Astro Growshop",279990,"Vaporizador Veazy- Storz &amp; Bickel","https://cdnx.jumpseller.com/astrogrowshop/image/71351162/imagen_1_Vaporizador-Veazy-azul.webp?1778596033",18540,"Fumetas",279990,"Vaporizador Veazy Storz &amp; Bickel","https://cdnx.jumpseller.com/fumetas-store/image/69114560/Vaporizador-Herbal-Veazy-Storz-_26-Bickel-Fumetas-Store.jpg?1761599241",1.00
1.00,Repuestos para bongs y vaporizadores,piecemaker,piecemaker,17983,"Astro Growshop",9990,"Munchie Bowl -Pmg","https://cdnx.jumpseller.com/astrogrowshop/image/70609261/imagen_1_19064.webp?1779901131",18555,"Fumetas",11990,"PMG Munchie Bowl","https://cdnx.jumpseller.com/fumetas-store/image/58283311/Munchie_Bowl_pmg_pink_OFICIAL.jpg?1734057211",1.20
1.00,Encendedores y sopletes,dynavap,dynavap,17995,"Astro Growshop",14990,"Soplete Honest -Dynavap","https://cdnx.jumpseller.com/astrogrowshop/image/70928990/imagen_1_28220.webp?1766502910",18545,"Fumetas",13490,"Dynavap Soplete Honest","https://cdnx.jumpseller.com/fumetas-store/image/63423766/dynavap-honest-torch-tr-fumetas-store.jpg?1747165639",1.11
1.00,Bongs,,,18032,"Astro Growshop",134990,"Hamr Cold Start Rig-Octave","https://cdnx.jumpseller.com/astrogrowshop/image/70241516/imagen_1_19246.webp?1764348087",18560,"Fumetas",149990,"Hamr Cold Start Rig-Octave","https://cdnx.jumpseller.com/fumetas-store/image/58283473/Hamr-Rig-Octave.webp?1734057230",1.11
1.00,Accesorios de extraccion,puffco,puffco,18055,"Astro Growshop",349990,"Vaporizador Proxy -Puffco","https://cdnx.jumpseller.com/astrogrowshop/image/71344696/imagen_3_21966.webp?1767366341",18581,"Fumetas",349990,"Puffco Vaporizador Proxy","https://cdnx.jumpseller.com/fumetas-store/image/30109377/Vaporizador_Proxy-Puffco.webp?1750043870",1.00
1.00,Otros parafernalia,hightrip,hightrip,18089,"Astro Growshop",9990,"Pin Volverá A Correr-Hightrip","https://cdnx.jumpseller.com/astrogrowshop/image/70896280/imagen_1_18974.webp?1766430258",18565,"Fumetas",8990,"Hightrip Pin Volverá a correr","https://cdnx.jumpseller.com/fumetas-store/image/25273526/Volvera-a-correr-Pin-HighTrip.webp?1655441981",1.11
1.00,Accesorios de extraccion,blazy-susan,blazy-susan,18090,"Astro Growshop",31990,"Rolling Tray Acero Inoxidable -Blazy Susan","https://cdnx.jumpseller.com/astrogrowshop/image/70146204/imagen_1_26146.webp?1764100300",20138,"Fumetas",28791,"Blazy Susan Bandeja Rolling Tray Acero Inoxidable","https://cdnx.jumpseller.com/fumetas-store/image/49792079/Bandeja-Enrolado-Acero-Purple-Blazy-Susan.jpg?1718410225",1.11
1.00,Accesorios de extraccion,calvo,calvo,18121,"Astro Growshop",9990,"Marble Set - Calvo Glass","https://cdnx.jumpseller.com/astrogrowshop/image/70330055/imagen_1_24159.webp?1764694426",20148,"Fumetas",9990,"Calvo Glass Marble Set","https://cdnx.jumpseller.com/fumetas-store/image/65278698/Marble-Set-Calvo-Negro-2.jpg?1752200334",1.00
1.00,Contenedores y estuches,ryot,ryot,18134,"Astro Growshop",34990,"Estuche Roller Wallet -Ryot","https://cdnx.jumpseller.com/astrogrowshop/image/70925395/imagen_1_19339.webp?1778872308",18573,"Fumetas",23481,"Ryot Estuche Roller Wallet","https://cdnx.jumpseller.com/fumetas-store/image/40329213/Ryot-Roller-Wallet-Black.jpg?1696026911",1.49
1.00,Otros parafernalia,blazy-susan,blazy-susan,18160,"Astro Growshop",37990,"Banano Smellproof Fanny Pack Pink-Blazy Susan","https://cdnx.jumpseller.com/astrogrowshop/image/70894682/imagen_1_22553.webp?1766427901",18575,"Fumetas",43990,"Blazy Susan Banano Smellproof Fanny Pack Pink","https://cdnx.jumpseller.com/fumetas-store/image/73964828/Banano-Blazy-Susan.jpg?1772220916",1.16
1.00,Accesorios de extraccion,puffco,puffco,18198,"Astro Growshop",39990,"Cap Peak Pro Ball-Puffco","https://cdnx.jumpseller.com/astrogrowshop/image/71344494/imagen_1_18450.webp?1767366089",18584,"Fumetas",29990,"Puffco Peak Pro Ball Cap","https://cdnx.jumpseller.com/fumetas-store/image/30105066/Peak_Pro_Ball_Cap-Puffco.webp?1670535472",1.33
1.00,Accesorios de extraccion,puffco,puffco,18207,"Astro Growshop",24990,"Peak Travel Pack- Puffco","https://cdnx.jumpseller.com/astrogrowshop/image/71343890/imagen_1_28319.webp?1767365061",20312,"Fumetas",22990,"Travel Pack Puffco Peak","https://cdnx.jumpseller.com/fumetas-store/image/26784861/blackgroup_960x960.webp?1662412131",1.09
0.88,Repuestos para bongs y vaporizadores,bonglab,bonglab,2031,"Fumetas",17990,"Bonglab Purify Carbon Filter System Kit 14mm - 18mm","https://cdnx.jumpseller.com/fumetas-store/image/42544043/Purify-Carbon-Filler-Bonglab.webp?1730310228",2568,"Astro Growshop",13990,"Purify Carbon Filter System Kit 14Mm-Bonglab","https://cdnx.jumpseller.com/astrogrowshop/image/70235992/imagen_1_28933.webp?1764338695",1.29
0.88,Repuestos para bongs y vaporizadores,bonglab,bonglab,2031,"Fumetas",17990,"Bonglab Purify Carbon Filter System Kit 14mm - 18mm","https://cdnx.jumpseller.com/fumetas-store/image/42544043/Purify-Carbon-Filler-Bonglab.webp?1730310228",2569,"Astro Growshop",13990,"Purify Carbon Filter System Kit 18Mm-Bonglab","https://cdnx.jumpseller.com/astrogrowshop/image/70217421/imagen_1_28932.webp?1764272828",1.29
0.86,Accesorios de extraccion,hemper,hemper,15687,"Piranha",39591,"Hemper Vapor Station Bubbler + Nectar Collector | PIRANHA","https://piranha.cl/20627-thickbox_default/hemper-vapor-station-bubbler-nectar-collector-color-a-eleccion.jpg",18474,"Fumetas",43990,"Hemper Vapor Station Bubbler + Nectar Collector","https://cdnx.jumpseller.com/fumetas-store/image/58910106/VaporStation-Hemper-Nectar-Collector-_-Bubbler.webp?1736310885",1.11
0.86,Papelillos,lion-rolling-circus,lion-rolling-circus,16051,"Piranha",1390,"Papelillo Alfalfa King Size Lion Rolling Circus | PIRANHA","https://piranha.cl/16118-thickbox_default/papelillo-alfalfa-king-size-lion-rolling-circus.jpg",17908,"Astro Growshop",1390,"Papelillos King Size Alfalfa-Lion Rolling Circus","https://cdnx.jumpseller.com/astrogrowshop/image/70175900/imagen_1_15304.webp?1764183057",1.00
0.83,Accesorios de extraccion,calvo,calvo,153,"GrowBarato Chile",9500,"Batería 510 Calvo Glass - Batería para Cartridge Vape","https://www.growbaratochile.cl/10756-large_default/bateria-511calvo-glass.jpg",19374,"Fumetas",9561,"Calvo Glass Batería Cartridge 510","https://cdnx.jumpseller.com/fumetas-store/image/59811711/Bateria-Cartridge-510-Calvo-Glass-Black.jpg?1738624007",1.01
0.83,Otros parafernalia,galaxy,galaxy,14396,"Piranha",14994,"Batería Galaxy Cartridge Escondida Black | PIRANHA","https://piranha.cl/24136-thickbox_default/bateria-galaxy-cartridge-escondida-black.jpg",18169,"Astro Growshop",23990,"Bateria Escondida Cartridge Black - Galaxy","https://cdnx.jumpseller.com/astrogrowshop/image/72501743/galaxy.webp?1769712495",1.60
0.83,Accesorios de extraccion,puffco,puffco,16096,"Piranha",144492,"Puffco Peak Pro 3DXL Chamber | PIRANHA","https://piranha.cl/17849-thickbox_default/puffco-peak-pro-3d-xl-chamber.jpg",17195,"Astro Growshop",161990,"Peak Pro 3Dxl Chamber-Puffco","https://cdnx.jumpseller.com/astrogrowshop/image/71344458/imagen_1_21963.webp?1767365968",1.12
0.83,Accesorios de extraccion,puffco,puffco,16109,"Piranha",79191,"Repuesto New Proxy 3D Chamber - Puffco","https://piranha.cl/23807-thickbox_default/repuesto-new-puffco-proxy-3d-chamber.jpg",18146,"Astro Growshop",84990,"Puffco New Proxy 3D Chamber","https://cdnx.jumpseller.com/astrogrowshop/image/70946187/imagen_1_3d.webp?1766522371",1.07
0.83,Accesorios de extraccion,puffco,puffco,16123,"Piranha",107991,"Puffco Peak Pro 3D Chamber | PIRANHA","https://piranha.cl/18970-thickbox_default/puffco-peak-pro-3d-chamber.jpg",17194,"Astro Growshop",107990,"Peak Pro 3D Chamber-Puffco","https://cdnx.jumpseller.com/astrogrowshop/image/71344452/imagen_1_18998.webp?1767365946",1.00
0.83,Bongs,bonglab,bonglab,16133,"Piranha",39591,"Bong Kit Extractos Mini Beaker Bonglab | PIRANHA","https://piranha.cl/17038-thickbox_default/bong-kit-extractos-mini-beaker-bonglab.jpg",18122,"Astro Growshop",39990,"Mini Beaker Kit Extractos-Bonglab","https://cdnx.jumpseller.com/astrogrowshop/image/70237455/imagen_1_22120.webp?1764341019",1.01
0.83,Accesorios de extraccion,puffco,puffco,16160,"Piranha",34791,"Puffco Peak Pro Joystick Cap | PIRANHA","https://piranha.cl/17857-thickbox_default/puffco-peak-pro-joystick-cap-color-a-eleccion.jpg",18583,"Fumetas",39990,"Peak Pro Joystick Cap Puffco","https://cdnx.jumpseller.com/fumetas-store/image/44166552/Joystick-Cap-Peak-Pro-Puffco-Onyx.webp?1704726562",1.15
0.83,Accesorios de extraccion,puffco,puffco,16198,"Piranha",94991,"Puffco Pivot 3D Chamber (2-Pack) | PIRANHA","https://piranha.cl/19861-thickbox_default/puffco-pivot-3d-chamber-2-pack.jpg",18579,"Fumetas",99990,"Puffco Pivot 3D Chamber 2-Pack","https://cdnx.jumpseller.com/fumetas-store/image/58880533/3D-Chamber-Puffco-Pivot-2-Pack.jpg?1736273541",1.05
0.83,Accesorios de extraccion,puffco,puffco,16210,"Piranha",296442,"Vaporizador Proxy Kit Black + Joystick Cap - Puffco","https://piranha.cl/23798-thickbox_default/vaporizador-puffco-proxy-kit-black-joystick-cap.jpg",18199,"Astro Growshop",295990,"Proxy Black + Joystick Cap-Puffco","https://cdnx.jumpseller.com/astrogrowshop/image/71344649/imagen_1_28497.webp?1767366261",1.00
0.83,Accesorios de extraccion,puffco,puffco,16215,"Piranha",32191,"The Peak Pro Ball Cap Guardian - Puffco","https://piranha.cl/14519-thickbox_default/the-peak-pro-ball-cap-guardian-puffco.jpg",18198,"Astro Growshop",39990,"Cap Peak Pro Ball-Puffco","https://cdnx.jumpseller.com/astrogrowshop/image/71344494/imagen_1_18450.webp?1767366089",1.24
0.83,Accesorios de extraccion,puffco,puffco,16215,"Piranha",32191,"The Peak Pro Ball Cap Guardian - Puffco","https://piranha.cl/14519-thickbox_default/the-peak-pro-ball-cap-guardian-puffco.jpg",18584,"Fumetas",29990,"Puffco Peak Pro Ball Cap","https://cdnx.jumpseller.com/fumetas-store/image/30105066/Peak_Pro_Ball_Cap-Puffco.webp?1670535472",1.07
0.83,Accesorios de extraccion,puffco,puffco,16216,"Piranha",33992,"Puffco Peak Pro Travel Pack | PIRANHA","https://piranha.cl/17880-thickbox_default/puffco-peak-pro-travel-pack-color-a-eleccion.jpg",20311,"Fumetas",31990,"Puffco Travel Pack Peak Pro","https://cdnx.jumpseller.com/fumetas-store/image/26736981/puffco-peak-pro-travel-pack-black-2.jpg?1662069816",1.06
0.83,Accesorios de extraccion,puffco,puffco,17200,"Astro Growshop",34690,"Peak Pro Joystick Cap Onyx-Puffco","https://cdnx.jumpseller.com/astrogrowshop/image/71344536/imagen_3_21981.webp?1767366164",18583,"Fumetas",39990,"Peak Pro Joystick Cap Puffco","https://cdnx.jumpseller.com/fumetas-store/image/44166552/Joystick-Cap-Peak-Pro-Puffco-Onyx.webp?1704726562",1.15
0.83,Accesorios de extraccion,puffco,puffco,17201,"Astro Growshop",34690,"Peak Pro Joystick Cap Pearl-Puffco","https://cdnx.jumpseller.com/astrogrowshop/image/71344548/imagen_2_21977.webp?1767366188",18583,"Fumetas",39990,"Peak Pro Joystick Cap Puffco","https://cdnx.jumpseller.com/fumetas-store/image/44166552/Joystick-Cap-Peak-Pro-Puffco-Onyx.webp?1704726562",1.15
0.83,Accesorios de extraccion,puffco,puffco,17225,"Astro Growshop",39990,"Peak Pro Travel Pack Black-Puffco","https://cdnx.jumpseller.com/astrogrowshop/image/71344642/imagen_4_18454.webp?1767366237",20311,"Fumetas",31990,"Puffco Travel Pack Peak Pro","https://cdnx.jumpseller.com/fumetas-store/image/26736981/puffco-peak-pro-travel-pack-black-2.jpg?1662069816",1.25
0.83,Accesorios de extraccion,puffco,puffco,17226,"Astro Growshop",37990,"Peak Pro Travel Pack Gray-Puffco","https://cdnx.jumpseller.com/astrogrowshop/image/71343718/imagen_1_18415.webp?1767364827",20311,"Fumetas",31990,"Puffco Travel Pack Peak Pro","https://cdnx.jumpseller.com/fumetas-store/image/26736981/puffco-peak-pro-travel-pack-black-2.jpg?1662069816",1.19
0.83,Accesorios de extraccion,puffco,puffco,17227,"Astro Growshop",39990,"Peak Pro Travel Pack Green-Puffco","https://cdnx.jumpseller.com/astrogrowshop/image/71343711/imagen_1_23293.webp?1767364800",20311,"Fumetas",31990,"Puffco Travel Pack Peak Pro","https://cdnx.jumpseller.com/fumetas-store/image/26736981/puffco-peak-pro-travel-pack-black-2.jpg?1662069816",1.25
0.83,Accesorios de extraccion,puffco,puffco,17228,"Astro Growshop",37990,"Peak Pro Travel Pack Orange-Puffco","https://cdnx.jumpseller.com/astrogrowshop/image/71343724/imagen_1_18419.webp?1767364853",20311,"Fumetas",31990,"Puffco Travel Pack Peak Pro","https://cdnx.jumpseller.com/fumetas-store/image/26736981/puffco-peak-pro-travel-pack-black-2.jpg?1662069816",1.19
0.83,Accesorios de extraccion,puffco,puffco,17229,"Astro Growshop",37990,"Peak Pro Travel Pack Red-Puffco","https://cdnx.jumpseller.com/astrogrowshop/image/71343749/imagen_1_18423.webp?1767364903",20311,"Fumetas",31990,"Puffco Travel Pack Peak Pro","https://cdnx.jumpseller.com/fumetas-store/image/26736981/puffco-peak-pro-travel-pack-black-2.jpg?1662069816",1.19
0.83,Accesorios de extraccion,puffco,puffco,17230,"Astro Growshop",37990,"Peak Pro Travel Pack Yellow-Puffco","https://cdnx.jumpseller.com/astrogrowshop/image/71343762/imagen_1_18425.webp?1767364925",20311,"Fumetas",31990,"Puffco Travel Pack Peak Pro","https://cdnx.jumpseller.com/fumetas-store/image/26736981/puffco-peak-pro-travel-pack-black-2.jpg?1662069816",1.19
0.80,Accesorios de extraccion,puffco,puffco,11109,"Piranha",467492,"New Peak Pro - Puffco","https://piranha.cl/14449-thickbox_default/vaporizador-puffco-new-peak-pro-color-a-eleccion.jpg",17204,"Astro Growshop",467490,"New Peak Pro Dessert-Puffco","https://cdnx.jumpseller.com/astrogrowshop/image/71343579/imagen_2_23302.webp?1767364592",1.00
0.80,Accesorios de extraccion,puffco,puffco,11109,"Piranha",467492,"New Peak Pro - Puffco","https://piranha.cl/14449-thickbox_default/vaporizador-puffco-new-peak-pro-color-a-eleccion.jpg",17205,"Astro Growshop",467990,"New Peak Pro Flourish-Puffco","https://cdnx.jumpseller.com/astrogrowshop/image/71343584/imagen_1_22074.webp?1767364614",1.00
0.80,Accesorios de extraccion,puffco,puffco,11109,"Piranha",467492,"New Peak Pro - Puffco","https://piranha.cl/14449-thickbox_default/vaporizador-puffco-new-peak-pro-color-a-eleccion.jpg",17207,"Astro Growshop",467490,"New Peak Pro Onyx-Puffco","https://cdnx.jumpseller.com/astrogrowshop/image/70946144/imagen_1_19855.webp?1774269899",1.00
0.80,Accesorios de extraccion,puffco,puffco,11109,"Piranha",467492,"New Peak Pro - Puffco","https://piranha.cl/14449-thickbox_default/vaporizador-puffco-new-peak-pro-color-a-eleccion.jpg",17208,"Astro Growshop",467490,"New Peak Pro Pearl-Puffco","https://cdnx.jumpseller.com/astrogrowshop/image/70946171/imagen_4_19851.webp?1766522345",1.00
0.80,Repuestos para bongs y vaporizadores,focus-v,focus-v,15896,"Piranha",94991,"Batería Intercambiable Aeris Focus V | PIRANHA","https://piranha.cl/24334-thickbox_default/bateria-intercambiable-aeris-focus-v-color-a-eleccion.jpg",17184,"Astro Growshop",99990,"BATERIA INTERCAMBIABLE AERIS -FOCUS V","https://cdnx.jumpseller.com/astrogrowshop/image/72746181/VPFVBIAERISJADE.webp?1770296918",1.05
0.80,Bongs,bonglab,bonglab,16132,"Piranha",44991,"Bong Kit Extractos Cobra Rig Bonglab | PIRANHA","https://piranha.cl/17034-thickbox_default/bong-kit-extractos-cobra-rig-bonglab.jpg",18111,"Astro Growshop",41990,"Cobra Rig Kit Extractos-Bonglab","https://cdnx.jumpseller.com/astrogrowshop/image/70180038/imagen_2_22125.webp?1764188266",1.07
0.80,Accesorios de extraccion,puffco,puffco,16140,"Piranha",55993,"Proxy Travel Pack Puffco | PIRANHA","https://piranha.cl/17876-thickbox_default/puffco-proxy-travel-pack-color-a-eleccion.jpg",17232,"Astro Growshop",79990,"Proxy Travel Pack-Puffco","https://cdnx.jumpseller.com/astrogrowshop/image/71344966/imagen_1_18445.webp?1767366781",1.43
0.80,Accesorios de extraccion,puffco,puffco,16226,"Piranha",142994,"Peak Pro Travel Glass - Puffco","https://piranha.cl/14523-thickbox_default/peak-pro-travel-glass-puffco.jpg",17221,"Astro Growshop",99990,"Peak Pro Glass-Puffco","https://cdnx.jumpseller.com/astrogrowshop/image/71344525/imagen_1_16901.webp?1767366130",1.43
0.80,Accesorios de extraccion,puffco,puffco,16226,"Piranha",142994,"Peak Pro Travel Glass - Puffco","https://piranha.cl/14523-thickbox_default/peak-pro-travel-glass-puffco.jpg",18585,"Fumetas",104990,"Puffco Peak Pro Glass","https://cdnx.jumpseller.com/fumetas-store/image/30106738/Puffco-Peak-Pro-Glass.webp?1670543680",1.36
0.80,Accesorios de extraccion,puffco,puffco,18167,"Astro Growshop",66490,"Proxy 3D Chamber-Puffco","https://cdnx.jumpseller.com/astrogrowshop/image/71344677/imagen_1_18409.webp?1767366293",21696,"Piranha",66491,"Repuesto Proxy 3D Chamber - Puffco","https://piranha.cl/14430-thickbox_default/repuesto-proxy-3d-chamber-puffco.jpg",1.00
0.80,Accesorios de extraccion,puffco,puffco,18207,"Astro Growshop",24990,"Peak Travel Pack- Puffco","https://cdnx.jumpseller.com/astrogrowshop/image/71343890/imagen_1_28319.webp?1767365061",20311,"Fumetas",31990,"Puffco Travel Pack Peak Pro","https://cdnx.jumpseller.com/fumetas-store/image/26736981/puffco-peak-pro-travel-pack-black-2.jpg?1662069816",1.28
0.75,Bandejas y ceniceros,lion-rolling-circus,lion-rolling-circus,688,"Piranha",3894,"Bandeja Lion Rolling Circus","https://piranha.cl/19816-thickbox_default/bandeja-lion-rolling-circus-small-18x14cm-diseno-aleatorio.jpg",19865,"Fumetas",2990,"Cenicero Metálico Lion Rolling Circus","https://cdnx.jumpseller.com/fumetas-store/image/73409595/cenicero-lion-negro.jpg?1771276595",1.30
0.75,Otros parafernalia,ocb,ocb,705,"Piranha",6990,"Máquina Enroladora Metálica OCB 1 1/4","https://piranha.cl/15129-thickbox_default/maquina-enroladora-metalica-ocb-1-1-4.jpg",19492,"Fumetas",6990,"Enroladora Metálica OCB 1 1/4","https://cdnx.jumpseller.com/fumetas-store/image/25276530/____metalrollers____.png?1655450485",1.00
0.75,Repuestos para bongs y vaporizadores,,,2034,"Fumetas",4990,"Quemador Bowl Macho 14mm","https://cdnx.jumpseller.com/fumetas-store/image/52507951/Quemador-Macho-14mm-Bong.jpg?1725393322",12519,"Astro Growshop",3990,"Quemador Macho 14Mm","https://cdnx.jumpseller.com/astrogrowshop/image/72476847/AMBAR-1.webp?1774890330",1.25
0.75,Pipas,clipper,clipper,8164,"Fumetas",14391,"Taza Pipa 385ml - Diseños","https://cdnx.jumpseller.com/fumetas-store/image/72685312/Taza-Pipa-Logo-Marihuana-2.jpg?1770128489",18095,"Astro Growshop",13990,"Taza Pipa 385ml- Diseños variados","https://cdnx.jumpseller.com/astrogrowshop/image/75263044/3_20_281_29.webp?1774641200",1.03
0.75,Accesorios de extraccion,puffco,puffco,11054,"Piranha",497692,"Vaporizador Puffco New Peak Pro Onyx 3DXL Limited | PIRANHA","https://piranha.cl/22691-thickbox_default/vaporizador-puffco-new-peak-pro-onyx-limited-3dxl-chamber.jpg",17189,"Astro Growshop",597990,"New Peak Pro Onyx + 3Dxl-Puffco","https://cdnx.jumpseller.com/astrogrowshop/image/71344463/imagen_1_27997.webp?1771871153",1.20
0.75,Accesorios de extraccion,puffco,puffco,11055,"Piranha",497692,"Vaporizador Puffco New Peak Pro Pearl 3DXL Limited | PIRANHA","https://piranha.cl/22699-thickbox_default/vaporizador-puffco-new-peak-pro-pearl-limited-3dxl-chamber.jpg",17190,"Astro Growshop",597990,"New Peak Pro Pearl + 3Dxl-Puffco","https://cdnx.jumpseller.com/astrogrowshop/image/71344473/imagen_2_27999.webp?1771872139",1.20
0.75,Otros parafernalia,ocb,ocb,11244,"Piranha",6490,"Máquina Enroladora Metálica OCB Nº1","https://piranha.cl/15130-thickbox_default/maquina-enroladora-metalica-ocb-n1.jpg",19492,"Fumetas",6990,"Enroladora Metálica OCB 1 1/4","https://cdnx.jumpseller.com/fumetas-store/image/25276530/____metalrollers____.png?1655450485",1.08
0.75,Filtros y boquillas,,bukket,11477,"GrowBarato Chile",27900,"Sploofy Pro Filtro De Aire Personal","https://www.growbaratochile.cl/5983-large_default/sploofy-pro-filtro-de-aire-personal.jpg",12992,"Fumetas",29990,"Sploofy Pro Filtro Personal","https://cdnx.jumpseller.com/fumetas-store/image/39928072/Sploofy-Pro-Black.webp?1695244585",1.07
0.75,Encendedores y sopletes,zippo,zippo,12330,"Astro Growshop",59990,"Sugar Skull 2-Zippo","https://cdnx.jumpseller.com/astrogrowshop/image/70212214/imagen_1_22482.webp?1764264438",12959,"Fumetas",33990,"Encendedor Zippo Sugar Skull Design","https://cdnx.jumpseller.com/fumetas-store/image/47686554/Sugar-Skull-Zippo-Encendedor-48710-4.jpg?1747184242",1.76
0.75,Repuestos para bongs y vaporizadores,,,12519,"Astro Growshop",3990,"Quemador Macho 14Mm","https://cdnx.jumpseller.com/astrogrowshop/image/72476847/AMBAR-1.webp?1774890330",12914,"Fumetas",3990,"Quemador Macho 14mm - Colores","https://cdnx.jumpseller.com/fumetas-store/image/16770770/Quemador_Macho_verde_14mm.jpg?1632505649",1.00
0.75,Repuestos para bongs y vaporizadores,,,12519,"Astro Growshop",3990,"Quemador Macho 14Mm","https://cdnx.jumpseller.com/astrogrowshop/image/72476847/AMBAR-1.webp?1774890330",19339,"Fumetas",2990,"Quemador Verde - Macho 14mm","https://cdnx.jumpseller.com/fumetas-store/image/14770150/Quemador_14mm_verde_cono.jpg?1643318369",1.33
0.75,Repuestos para bongs y vaporizadores,,,12577,"Astro Growshop",3990,"Quemador Macho 18Mm","https://cdnx.jumpseller.com/astrogrowshop/image/72476806/AMBAR-1.webp?1769703980",12915,"Fumetas",3990,"Quemador macho 18mm - Transparente","https://cdnx.jumpseller.com/fumetas-store/image/14496185/Quemador_GSP62_14mm_transparente.jpg?1622323824",1.00
0.75,Repuestos para bongs y vaporizadores,,,12577,"Astro Growshop",3990,"Quemador Macho 18Mm","https://cdnx.jumpseller.com/astrogrowshop/image/72476806/AMBAR-1.webp?1769703980",19338,"Fumetas",3190,"Quemador Spair - Macho 18mm","https://cdnx.jumpseller.com/fumetas-store/image/9374011/GSP91.jpg?1603925711",1.25
0.75,Bandejas y ceniceros,raw,raw,12591,"Astro Growshop",9990,"Bandeja Metálica Zombie Grande-Raw","https://cdnx.jumpseller.com/astrogrowshop/image/70179150/imagen_4_15135.webp?1764187553",19560,"Fumetas",10990,"Bandeja RAW Zombie - Grande","https://cdnx.jumpseller.com/fumetas-store/image/44711254/Bandeja-para-Enrolar-Zombie-Grande-RAW.webp?1705930228",1.10
0.75,Encendedores y sopletes,zippo,zippo,12688,"Astro Growshop",39990,"Flamingo Skull Design-Zippo","https://cdnx.jumpseller.com/astrogrowshop/image/70212049/imagen_1_21532.webp?1764264284",15924,"Piranha",34990,"Encendedor Zippo Skull Design","https://piranha.cl/24604-thickbox_default/encendedor-zippo-skull-design.jpg",1.14
0.75,Encendedores y sopletes,zippo,zippo,12688,"Astro Growshop",39990,"Flamingo Skull Design-Zippo","https://cdnx.jumpseller.com/astrogrowshop/image/70212049/imagen_1_21532.webp?1764264284",18535,"Fumetas",37990,"Encendedor Zippo Skull Design","https://cdnx.jumpseller.com/fumetas-store/image/20259874/49602-Skull-Design-1.jpg?1653963815",1.05
0.75,Encendedores y sopletes,zippo,zippo,12959,"Fumetas",33990,"Encendedor Zippo Sugar Skull Design","https://cdnx.jumpseller.com/fumetas-store/image/47686554/Sugar-Skull-Zippo-Encendedor-48710-4.jpg?1747184242",15924,"Piranha",34990,"Encendedor Zippo Skull Design","https://piranha.cl/24604-thickbox_default/encendedor-zippo-skull-design.jpg",1.03
0.75,Encendedores y sopletes,zippo,zippo,12959,"Fumetas",33990,"Encendedor Zippo Sugar Skull Design","https://cdnx.jumpseller.com/fumetas-store/image/47686554/Sugar-Skull-Zippo-Encendedor-48710-4.jpg?1747184242",17172,"Astro Growshop",44990,"Skull Design-Zippo","https://cdnx.jumpseller.com/astrogrowshop/image/73476255/SKULL-DESIGN-ZIPPO.webp?1771444310",1.32
0.75,Filtros y boquillas,bukket,,12992,"Fumetas",29990,"Sploofy Pro Filtro Personal","https://cdnx.jumpseller.com/fumetas-store/image/39928072/Sploofy-Pro-Black.webp?1695244585",18024,"Astro Growshop",34990,"Filtro Personal Pro II -Sploofy","https://cdnx.jumpseller.com/astrogrowshop/image/70210481/imagen_3_27602.webp?1764262004",1.17
0.75,Bongs,bonglab,bonglab,13282,"Fumetas",30990,"Bonglab Bong Prisma Plus 9cm","https://cdnx.jumpseller.com/fumetas-store/image/63229821/prisma-plus-purple-bonglab-fumetas-3.jpg?1746586762",17170,"Astro Growshop",34990,"Prisma Plus -Bonglab","https://cdnx.jumpseller.com/astrogrowshop/image/70216899/imagen_2_28071.webp?1764272380",1.13
0.75,Bongs,bonglab,bonglab,13287,"Fumetas",27990,"Bonglab Bong Tough Beaker 23cm","https://cdnx.jumpseller.com/fumetas-store/image/63010693/tough-beaker-teal-bonglab-fumetas-store1.jpg?1745945053",17178,"Astro Growshop",29990,"Tough Beaker -Bonglab","https://cdnx.jumpseller.com/astrogrowshop/image/70330627/imagen_3_28199.webp?1764695735",1.07
0.75,Repuestos para bongs y vaporizadores,focus-v,focus-v,13641,"Fumetas",69990,"Focus V Cargador Inalámbrico Carta 2","https://cdnx.jumpseller.com/fumetas-store/image/72394074/Focus-V-Cargador-Inal_C3_A1mbrico-Carta-2.jpg?1769523198",17187,"Astro Growshop",62990,"CARGADOR INALAMBRICO-FOCUS V","https://cdnx.jumpseller.com/astrogrowshop/image/72808546/VPFVCGINB2.webp?1770379319",1.11
0.75,Accesorios de extraccion,yocan,yocan,15677,"Piranha",94991,"Vaporizador Yocan Falcon Kit 6 en 1 | PIRANHA","https://piranha.cl/19220-thickbox_default/vaporizador-para-extracciones-y-hierbas-secas-yocan-falcon-kit-6-en-1-color-a-eleccion.jpg",20198,"Fumetas",99990,"Yocan Vaporizador Falcon Kit","https://cdnx.jumpseller.com/fumetas-store/image/58283457/Falcon-Blue.jpg?1734057233",1.05
0.75,Encendedores y sopletes,zippo,zippo,15924,"Piranha",34990,"Encendedor Zippo Skull Design","https://piranha.cl/24604-thickbox_default/encendedor-zippo-skull-design.jpg",18507,"Fumetas",35190,"Encendedor Zippo Skull King Design","https://cdnx.jumpseller.com/fumetas-store/image/41201874/Zippo-49666-Skull-King-Design.webp?1710171767",1.01
0.75,Encendedores y sopletes,zippo,zippo,15926,"Piranha",33990,"Encendedor Zippo Orange Matte","https://piranha.cl/14716-thickbox_default/encendedor-zippo-orange-matte.jpg",19464,"Fumetas",33990,"Encendedor Classic Orange Matte Zippo","https://cdnx.jumpseller.com/fumetas-store/image/14216368/231ZL.jpg?1651259146",1.00
0.75,Repuestos para bongs y vaporizadores,,,15963,"Piranha",14993,"Stündenglass Glass Bowl | PIRANHA","https://piranha.cl/17361-thickbox_default/gravity-hookah-stundenglass-glass-bowl-quemador.jpg",18116,"Astro Growshop",20990,"Glass Bowl-Stundenglass","https://cdnx.jumpseller.com/astrogrowshop/image/70329965/imagen_2_14925.webp?1764694186",1.40
0.75,Otros parafernalia,raw,raw,15964,"Piranha",14993,"Tridente RAW Madera | PIRANHA","https://piranha.cl/17756-thickbox_default/tridente-raw-madera.jpg",18539,"Fumetas",19990,"Tridente RAW de Madera","https://cdnx.jumpseller.com/fumetas-store/image/8314323/Tridente_RAW.jpg?1658351071",1.33
0.75,Accesorios de extraccion,puffco,puffco,16015,"Piranha",87991,"Accesorio Puffco Pivot Glass Adapter con 3D Chamber - Puffco","https://piranha.cl/23813-thickbox_default/accesorio-puffco-pivot-glass-adapter-con-3d-chamber.jpg",18044,"Astro Growshop",87990,"Pivot Glass Adapter With 3D Chamber Onyx-Puffco","https://cdnx.jumpseller.com/astrogrowshop/image/71344123/imagen_1_28493.webp?1767365562",1.00
0.75,Conos y blunts,lion-rolling-circus,lion-rolling-circus,16021,"Piranha",1304,"Blunt Wrap Strawberry Lion Rolling Circus","https://piranha.cl/8604-thickbox_default/blunt-wrap-strawberry-lion-rolling-circus.jpg",17943,"Astro Growshop",1490,"Blunt Hemp Wrap Strawberry Terpenes- Lion Rolling Circus","https://cdnx.jumpseller.com/astrogrowshop/image/70609200/imagen_1_28876.webp?1765566477",1.14
0.75,Accesorios de extraccion,,calvo,16035,"Piranha",5490,"Clear Insert Banger","https://piranha.cl/13479-thickbox_default/clear-insert-banger-calvo.jpg",17904,"Astro Growshop",4990,"Insert Banger Clear-Calvo","https://cdnx.jumpseller.com/astrogrowshop/image/70243189/imagen_1_24167.webp?1764351222",1.10
0.75,Otros parafernalia,raw,raw,16050,"Piranha",14017,"Caja de Madera RAW","https://piranha.cl/15120-thickbox_default/caja-de-madera-raw.jpg",19575,"Fumetas",14346,"Caja de Madera RAW - RAW BOX","https://cdnx.jumpseller.com/fumetas-store/image/8313953/Caja_de_Madera_RAW.jpg?1658356581",1.02
0.75,Otros parafernalia,hightrip,hightrip,16130,"Piranha",8091,"HighTrip - Siempre 420","https://piranha.cl/13632-thickbox_default/siempre-420.jpg",19406,"Fumetas",8990,"Hightrip Pin Siempre 420","https://cdnx.jumpseller.com/fumetas-store/image/25276204/Pin-HighTrip-Siempre-___.webp?1655441885",1.11
0.75,Accesorios de extraccion,puffco,puffco,16157,"Piranha",125993,"Accesorio Proxy Wizard - Puffco","https://piranha.cl/14555-thickbox_default/accesorio-puffco-proxy-wizard-color-a-eleccion.jpg",18204,"Astro Growshop",156990,"Proxy Wizard Black-Puffco","https://cdnx.jumpseller.com/astrogrowshop/image/71345081/imagen_2_20844.webp?1767366899",1.25
0.75,Accesorios de extraccion,puffco,puffco,16157,"Piranha",125993,"Accesorio Proxy Wizard - Puffco","https://piranha.cl/14555-thickbox_default/accesorio-puffco-proxy-wizard-color-a-eleccion.jpg",18205,"Astro Growshop",179990,"Proxy Wizard Dessert-Puffco","https://cdnx.jumpseller.com/astrogrowshop/image/71345086/imagen_3_19874.webp?1767366921",1.43
0.75,Accesorios de extraccion,,bonglab,16178,"Piranha",22491,"Screw Kit Banger","https://piranha.cl/13943-thickbox_default/screw-kit-banger-bonglab.jpg",18149,"Astro Growshop",23990,"Screw Kit Banger-Bonglab","https://cdnx.jumpseller.com/astrogrowshop/image/70239541/imagen_1_18258.webp?1764344345",1.07
0.75,Accesorios de extraccion,,bonglab,16179,"Piranha",22491,"Spinner Kit Banger","https://piranha.cl/13945-thickbox_default/spinner-kit-banger-bonglab.jpg",18150,"Astro Growshop",23990,"Spinner Kit Banger-Bonglab","https://cdnx.jumpseller.com/astrogrowshop/image/70309353/imagen_1_18259.webp?1764618523",1.07
0.75,Accesorios de extraccion,bonglab,bonglab,16180,"Piranha",19791,"Waist Kit Banger","https://piranha.cl/14390-thickbox_default/waist-kit-banger-bonglab.jpg",18159,"Astro Growshop",19990,"Waist Kit Banger-Bonglab","https://cdnx.jumpseller.com/astrogrowshop/image/70309397/imagen_1_18260.webp?1764618587",1.01
0.75,Otros parafernalia,ozeta,ozeta,16197,"Piranha",27990,"Billetera Black - OZeta | PIRANHA","https://piranha.cl/16313-thickbox_default/billetera-black.jpg",17940,"Astro Growshop",18990,"Billetera Black-Ozeta","https://cdnx.jumpseller.com/astrogrowshop/image/70896455/imagen_1_18955.webp?1766430539",1.47
0.75,Accesorios de extraccion,puffco,puffco,16233,"Piranha",99990,"Peak Pro Glass - Puffco","https://piranha.cl/14503-thickbox_default/peak-pro-glass-puffco.jpg",18206,"Astro Growshop",89990,"Peak Glass-Puffco","https://cdnx.jumpseller.com/astrogrowshop/image/71343705/imagen_1_18997.webp?1767364772",1.11
0.75,Encendedores y sopletes,zippo,zippo,17172,"Astro Growshop",44990,"Skull Design-Zippo","https://cdnx.jumpseller.com/astrogrowshop/image/73476255/SKULL-DESIGN-ZIPPO.webp?1771444310",18507,"Fumetas",35190,"Encendedor Zippo Skull King Design","https://cdnx.jumpseller.com/fumetas-store/image/41201874/Zippo-49666-Skull-King-Design.webp?1710171767",1.28
0.75,Vaporizadores herbales,weecke,weecke,17859,"Astro Growshop",141990,"Vaporizador Hierba Fenix Neo- Weecke","https://cdnx.jumpseller.com/astrogrowshop/image/71351654/imagen_1_24922_11zon.webp?1767379014",20165,"Fumetas",134991,"Weecke Vaporizador Fenix Neo","https://cdnx.jumpseller.com/fumetas-store/image/50258466/Vaporizador-Fenix-Neo-Herbal.webp?1719867551",1.05
0.75,Filtros y boquillas,raw,raw,17925,"Astro Growshop",990,"TIPS RAW PERFECTO CONO","https://cdnx.jumpseller.com/astrogrowshop/image/75878203/15458.webp?1776454976",18530,"Fumetas",690,"Boquillas RAW Cono Perfecto","https://cdnx.jumpseller.com/fumetas-store/image/68979911/Raw-Cono-Perfecto.jpg?1761239354",1.43
0.75,Encendedores y sopletes,clipper,clipper,17959,"Astro Growshop",6490,"Encendedor Metálico Deep Blue","https://cdnx.jumpseller.com/astrogrowshop/image/70168822/imagen_1_28986.webp?1764172845",19293,"Fumetas",6990,"Encendedor Clipper Metálico Deep Blue","https://cdnx.jumpseller.com/fumetas-store/image/63978226/clipper-metalico-blue-deep-fumetas-store.jpg?1748668674",1.08
0.75,Encendedores y sopletes,clipper,clipper,17960,"Astro Growshop",6490,"Encendedor Metalico Green Gradient","https://cdnx.jumpseller.com/astrogrowshop/image/70167663/imagen_1_28988.webp?1764170777",19295,"Fumetas",6990,"Encendedor Clipper Metálico Green Gradient","https://cdnx.jumpseller.com/fumetas-store/image/53862936/Clipper-Metalico-Green-Gradient.jpg?1727370322",1.08
0.75,Encendedores y sopletes,clipper,clipper,17961,"Astro Growshop",6490,"Encendedor Metalico Rose Gold","https://cdnx.jumpseller.com/astrogrowshop/image/70174990/imagen_1_28987.webp?1764181291",19298,"Fumetas",6990,"Encendedor Clipper Metálico Rose Gold","https://cdnx.jumpseller.com/fumetas-store/image/63977687/clipper-metalico-rose-gold-1.jpg?1748666912",1.08
0.75,Accesorios de extraccion,puffco,puffco,18206,"Astro Growshop",89990,"Peak Glass-Puffco","https://cdnx.jumpseller.com/astrogrowshop/image/71343705/imagen_1_18997.webp?1767364772",18585,"Fumetas",104990,"Puffco Peak Pro Glass","https://cdnx.jumpseller.com/fumetas-store/image/30106738/Puffco-Peak-Pro-Glass.webp?1670543680",1.17
0.71,Encendedores y sopletes,special-blue,special-blue,3210,"GrowBarato Chile",3600,"Encendedor Soplete Special Blue Bernie Wild & Free | Growshop Chile","https://www.growbaratochile.cl/10660-large_default/soplete-bernie-wild-free.jpg",19347,"Fumetas",3990,"Special Blue Encendedor Soplete Bernie Wild &amp; Free","https://cdnx.jumpseller.com/fumetas-store/image/55213226/Special-Blue-Encendedor-Soplete-Bernie-Wild-_-Free-Wild-Bear.webp?1729140755",1.11
0.71,Papelillos,lion-rolling-circus,lion-rolling-circus,11587,"GrowBarato Chile",1300,"Lion Silver King Size de Lion Rolling Circus","https://www.growbaratochile.cl/8628-large_default/rolling-circus-silver-big-smoke.jpg",17908,"Astro Growshop",1390,"Papelillos King Size Alfalfa-Lion Rolling Circus","https://cdnx.jumpseller.com/astrogrowshop/image/70175900/imagen_1_15304.webp?1764183057",1.07
0.71,Papelillos,lion-rolling-circus,lion-rolling-circus,11588,"GrowBarato Chile",1300,"Unbleach King Size de Lion Rolling Circus","https://www.growbaratochile.cl/8333-large_default/rolling-circus-unbleach-big-smoke.jpg",17908,"Astro Growshop",1390,"Papelillos King Size Alfalfa-Lion Rolling Circus","https://cdnx.jumpseller.com/astrogrowshop/image/70175900/imagen_1_15304.webp?1764183057",1.07
0.71,Vaporizadores herbales,storz-bickel,storz-bickel,12437,"Astro Growshop",33690,"JUEGO DE PIEZAS DE DESGASTES PARA PLENTY-STORZ &amp; BICKEL","https://cdnx.jumpseller.com/astrogrowshop/image/74659875/VPSZBJGPDPLT_202.webp?1773422056",19929,"Fumetas",46990,"Storz &amp; Bickel Juego de Piezas de Desgastes Mighty","https://cdnx.jumpseller.com/fumetas-store/image/24181573/my__verschlei_teile_set_01_1.png?1652717330",1.39
0.71,Vaporizadores herbales,storz-bickel,storz-bickel,12437,"Astro Growshop",33690,"JUEGO DE PIEZAS DE DESGASTES PARA PLENTY-STORZ &amp; BICKEL","https://cdnx.jumpseller.com/astrogrowshop/image/74659875/VPSZBJGPDPLT_202.webp?1773422056",19930,"Fumetas",75990,"Juego de Piezas de Desgastes Volcano Storz &amp; Bickel","https://cdnx.jumpseller.com/fumetas-store/image/34533459/Juego-de-Piezas-de-Desgastes-Volcano-2.webp?1682535630",2.26
0.71,Vaporizadores herbales,storz-bickel,storz-bickel,12438,"Astro Growshop",49090,"JUEGO DE PIEZAS DE DESGASTES PARA VENTY-STORZ &amp; BICKEL","https://cdnx.jumpseller.com/astrogrowshop/image/74659890/VPSZBJGPDVNT.webp?1773422094",19929,"Fumetas",46990,"Storz &amp; Bickel Juego de Piezas de Desgastes Mighty","https://cdnx.jumpseller.com/fumetas-store/image/24181573/my__verschlei_teile_set_01_1.png?1652717330",1.04
0.71,Vaporizadores herbales,storz-bickel,storz-bickel,12438,"Astro Growshop",49090,"JUEGO DE PIEZAS DE DESGASTES PARA VENTY-STORZ &amp; BICKEL","https://cdnx.jumpseller.com/astrogrowshop/image/74659890/VPSZBJGPDVNT.webp?1773422094",19930,"Fumetas",75990,"Juego de Piezas de Desgastes Volcano Storz &amp; Bickel","https://cdnx.jumpseller.com/fumetas-store/image/34533459/Juego-de-Piezas-de-Desgastes-Volcano-2.webp?1682535630",1.55
0.71,Accesorios de extraccion,puffco,puffco,16160,"Piranha",34791,"Puffco Peak Pro Joystick Cap | PIRANHA","https://piranha.cl/17857-thickbox_default/puffco-peak-pro-joystick-cap-color-a-eleccion.jpg",17200,"Astro Growshop",34690,"Peak Pro Joystick Cap Onyx-Puffco","https://cdnx.jumpseller.com/astrogrowshop/image/71344536/imagen_3_21981.webp?1767366164",1.00
0.71,Accesorios de extraccion,puffco,puffco,16160,"Piranha",34791,"Puffco Peak Pro Joystick Cap | PIRANHA","https://piranha.cl/17857-thickbox_default/puffco-peak-pro-joystick-cap-color-a-eleccion.jpg",17201,"Astro Growshop",34690,"Peak Pro Joystick Cap Pearl-Puffco","https://cdnx.jumpseller.com/astrogrowshop/image/71344548/imagen_2_21977.webp?1767366188",1.00
0.71,Accesorios de extraccion,puffco,puffco,16216,"Piranha",33992,"Puffco Peak Pro Travel Pack | PIRANHA","https://piranha.cl/17880-thickbox_default/puffco-peak-pro-travel-pack-color-a-eleccion.jpg",17225,"Astro Growshop",39990,"Peak Pro Travel Pack Black-Puffco","https://cdnx.jumpseller.com/astrogrowshop/image/71344642/imagen_4_18454.webp?1767366237",1.18
0.71,Accesorios de extraccion,puffco,puffco,16216,"Piranha",33992,"Puffco Peak Pro Travel Pack | PIRANHA","https://piranha.cl/17880-thickbox_default/puffco-peak-pro-travel-pack-color-a-eleccion.jpg",17226,"Astro Growshop",37990,"Peak Pro Travel Pack Gray-Puffco","https://cdnx.jumpseller.com/astrogrowshop/image/71343718/imagen_1_18415.webp?1767364827",1.12
0.71,Accesorios de extraccion,puffco,puffco,16216,"Piranha",33992,"Puffco Peak Pro Travel Pack | PIRANHA","https://piranha.cl/17880-thickbox_default/puffco-peak-pro-travel-pack-color-a-eleccion.jpg",17227,"Astro Growshop",39990,"Peak Pro Travel Pack Green-Puffco","https://cdnx.jumpseller.com/astrogrowshop/image/71343711/imagen_1_23293.webp?1767364800",1.18
0.71,Accesorios de extraccion,puffco,puffco,16216,"Piranha",33992,"Puffco Peak Pro Travel Pack | PIRANHA","https://piranha.cl/17880-thickbox_default/puffco-peak-pro-travel-pack-color-a-eleccion.jpg",17228,"Astro Growshop",37990,"Peak Pro Travel Pack Orange-Puffco","https://cdnx.jumpseller.com/astrogrowshop/image/71343724/imagen_1_18419.webp?1767364853",1.12
0.71,Accesorios de extraccion,puffco,puffco,16216,"Piranha",33992,"Puffco Peak Pro Travel Pack | PIRANHA","https://piranha.cl/17880-thickbox_default/puffco-peak-pro-travel-pack-color-a-eleccion.jpg",17229,"Astro Growshop",37990,"Peak Pro Travel Pack Red-Puffco","https://cdnx.jumpseller.com/astrogrowshop/image/71343749/imagen_1_18423.webp?1767364903",1.12
0.71,Accesorios de extraccion,puffco,puffco,16216,"Piranha",33992,"Puffco Peak Pro Travel Pack | PIRANHA","https://piranha.cl/17880-thickbox_default/puffco-peak-pro-travel-pack-color-a-eleccion.jpg",17230,"Astro Growshop",37990,"Peak Pro Travel Pack Yellow-Puffco","https://cdnx.jumpseller.com/astrogrowshop/image/71343762/imagen_1_18425.webp?1767364925",1.12
0.71,Accesorios de extraccion,puffco,puffco,16226,"Piranha",142994,"Peak Pro Travel Glass - Puffco","https://piranha.cl/14523-thickbox_default/peak-pro-travel-glass-puffco.jpg",17199,"Astro Growshop",161990,"Peak Pro Travel Glass Guardian Edition-Puffco","https://cdnx.jumpseller.com/astrogrowshop/image/70945983/imagen_1_18437.webp?1766522078",1.13
0.71,Accesorios de extraccion,puffco,puffco,17224,"Astro Growshop",36990,"New Peak Pro Travel Pack Pearl-Puffco","https://cdnx.jumpseller.com/astrogrowshop/image/70946161/imagen_1_20778.webp?1766522315",20311,"Fumetas",31990,"Puffco Travel Pack Peak Pro","https://cdnx.jumpseller.com/fumetas-store/image/26736981/puffco-peak-pro-travel-pack-black-2.jpg?1662069816",1.16
0.71,Conos y blunts,soulblime,soulblime,20192,"Fumetas",2490,"Soulblime Kit Rellena Conos Preenrolados","https://cdnx.jumpseller.com/fumetas-store/image/48754338/Kit-Rellena-Conos-Preenrolados-Soulblime-Abierto.jpg?1715621215",21952,"GrowBarato Chile",2000,"Soulblime Kit Rellena Conos | Preenrolados fáciles y rápidos","https://www.growbaratochile.cl/9955-large_default/kit-rellena-conos-soulblime.jpg",1.25
0.70,Conos y blunts,lion-rolling-circus,lion-rolling-circus,15867,"Piranha",1386,"Blunt Wrap Terpenes Strawberry Shortcake - Lion Rolling Circus | PIRANHA","https://piranha.cl/15653-thickbox_default/blunt-wrap-terpenes-strawberry-shortcake.jpg",17943,"Astro Growshop",1490,"Blunt Hemp Wrap Strawberry Terpenes- Lion Rolling Circus","https://cdnx.jumpseller.com/astrogrowshop/image/70609200/imagen_1_28876.webp?1765566477",1.08
0.70,Conos y blunts,lion-rolling-circus,lion-rolling-circus,15985,"Piranha",1386,"Blunt Wrap - Lion Rolling Circus Terpenes - Gelato","https://piranha.cl/11895-thickbox_default/blunt-wrap-lion-rolling-circus-terpenes-gelato.jpg",17944,"Astro Growshop",1390,"Blunt Hemp Wrap Terpenes Rolling Stones Berry Gelato- Lion Rolling Circus","https://cdnx.jumpseller.com/astrogrowshop/image/70609175/imagen_1_28872.webp?1765566374",1.00
0.67,Encendedores y sopletes,zippo,zippo,689,"Piranha",41990,"Encendedor Zippo High Polish Green Chameleon","https://piranha.cl/14675-thickbox_default/encendedor-zippo-high-polish-green-chameleon.jpg",2584,"Astro Growshop",37990,"Encendedor High Polish Green Logo - Zippo","https://cdnx.jumpseller.com/astrogrowshop/image/70179738/imagen_1_polish.webp?1764188018",1.11
0.67,Repuestos para bongs y vaporizadores,storz-bickel,storz-bickel,743,"Astro Growshop",29990,"Crafty Case - Storz &amp; Bickel","https://cdnx.jumpseller.com/astrogrowshop/image/71345908/imagen_5_24509.webp?1767368503",19917,"Fumetas",19990,"Storz &amp; Bickel Estuche Case Crafty (+) - Anti-olor","https://cdnx.jumpseller.com/fumetas-store/image/50259457/Estuche-para-Vaporizador-Crafty_.jpg?1719870985",1.50
0.67,Repuestos para bongs y vaporizadores,storz-bickel,storz-bickel,1232,"Fumetas",24990,"Storz &amp; Bickel Cargador para auto 12V Mighty","https://cdnx.jumpseller.com/fumetas-store/image/50100174/Cargador-para-Auto-12V-Mighty-V2.jpg?1719348460",12669,"Astro Growshop",27990,"Cargador Mighty-Storz &amp; Bickel","https://cdnx.jumpseller.com/astrogrowshop/image/71345854/imagen_1_20631_11zon.webp?1767368315",1.12
0.67,Repuestos para bongs y vaporizadores,bonglab,bonglab,2031,"Fumetas",17990,"Bonglab Purify Carbon Filter System Kit 14mm - 18mm","https://cdnx.jumpseller.com/fumetas-store/image/42544043/Purify-Carbon-Filler-Bonglab.webp?1730310228",2530,"Astro Growshop",17990,"Purify Carbon Filter System Solo 18Mm-Bonglab","https://cdnx.jumpseller.com/astrogrowshop/image/70238697/imagen_1_24144.webp?1764342820",1.00
0.67,Papelillos,vibes,vibes,2303,"GrowBarato Chile",1500,"Papelillos Vibes King Size Slim","https://www.growbaratochile.cl/6549-large_default/papelillos-vibes-king-size-slim.jpg",12203,"Astro Growshop",1290,"Papelillos Hemp King Size Slim Unidad-Vibes","https://cdnx.jumpseller.com/astrogrowshop/image/70177250/imagen_1_28960.webp?1764185317",1.16
0.67,Papelillos,vibes,vibes,2303,"GrowBarato Chile",1500,"Papelillos Vibes King Size Slim","https://www.growbaratochile.cl/6549-large_default/papelillos-vibes-king-size-slim.jpg",12204,"Astro Growshop",1290,"Papelillos Rice King Size Slim Unidad-Vibes","https://cdnx.jumpseller.com/astrogrowshop/image/70178388/imagen_1_28962.webp?1764186724",1.16
0.67,Bongs,calvo,calvo,2999,"Fumetas",69990,"Calvo Glass Bong Beaker Dragon Ball Z 40cm","https://cdnx.jumpseller.com/fumetas-store/image/9383249/Bong_Calvo_Beaker_Dragon_Ball_Z.jpg?1600364766",12578,"Astro Growshop",38990,"Rig Dragon Ball Z -Calvo Glass","https://cdnx.jumpseller.com/astrogrowshop/image/70309632/imagen_1_28729.webp?1764619024",1.80
0.67,Bongs,calvo,calvo,3000,"Fumetas",44990,"Calvo Glass Bong Eye Sun Rig 25cm","https://cdnx.jumpseller.com/fumetas-store/image/60119429/Bong-Eye-Sun-Rig-Calvo-Glass-25cm-2.webp?1739463300",12579,"Astro Growshop",42990,"Rig Eye Sun Orange-Calvo Glass","https://cdnx.jumpseller.com/astrogrowshop/image/70330262/imagen_2_22862.webp?1764694816",1.05
0.67,Accesorios de extraccion,calvo,calvo,3193,"GrowBarato Chile",13000,"Marble Set Calvo Glass | Accesorio de Vidrio Borosilicato","https://www.growbaratochile.cl/11527-large_default/terp-slurper-marble-set-calvo-glass.jpg",18121,"Astro Growshop",9990,"Marble Set - Calvo Glass","https://cdnx.jumpseller.com/astrogrowshop/image/70330055/imagen_1_24159.webp?1764694426",1.30
0.67,Accesorios de extraccion,calvo,calvo,3193,"GrowBarato Chile",13000,"Marble Set Calvo Glass | Accesorio de Vidrio Borosilicato","https://www.growbaratochile.cl/11527-large_default/terp-slurper-marble-set-calvo-glass.jpg",20148,"Fumetas",9990,"Calvo Glass Marble Set","https://cdnx.jumpseller.com/fumetas-store/image/65278698/Marble-Set-Calvo-Negro-2.jpg?1752200334",1.30
0.67,Accesorios de extraccion,puffco,puffco,11054,"Piranha",497692,"Vaporizador Puffco New Peak Pro Onyx 3DXL Limited | PIRANHA","https://piranha.cl/22691-thickbox_default/vaporizador-puffco-new-peak-pro-onyx-limited-3dxl-chamber.jpg",17186,"Astro Growshop",597990,"New Peak Pro Daybreak Limited + 3Dxl-Puffco","https://cdnx.jumpseller.com/astrogrowshop/image/71344488/imagen_1_28905.webp?1771870915",1.20
0.67,Accesorios de extraccion,puffco,puffco,11055,"Piranha",497692,"Vaporizador Puffco New Peak Pro Pearl 3DXL Limited | PIRANHA","https://piranha.cl/22699-thickbox_default/vaporizador-puffco-new-peak-pro-pearl-limited-3dxl-chamber.jpg",17186,"Astro Growshop",597990,"New Peak Pro Daybreak Limited + 3Dxl-Puffco","https://cdnx.jumpseller.com/astrogrowshop/image/71344488/imagen_1_28905.webp?1771870915",1.20
0.67,Accesorios de extraccion,puffco,puffco,11109,"Piranha",467492,"New Peak Pro - Puffco","https://piranha.cl/14449-thickbox_default/vaporizador-puffco-new-peak-pro-color-a-eleccion.jpg",17189,"Astro Growshop",597990,"New Peak Pro Onyx + 3Dxl-Puffco","https://cdnx.jumpseller.com/astrogrowshop/image/71344463/imagen_1_27997.webp?1771871153",1.28
0.67,Accesorios de extraccion,puffco,puffco,11109,"Piranha",467492,"New Peak Pro - Puffco","https://piranha.cl/14449-thickbox_default/vaporizador-puffco-new-peak-pro-color-a-eleccion.jpg",17190,"Astro Growshop",597990,"New Peak Pro Pearl + 3Dxl-Puffco","https://cdnx.jumpseller.com/astrogrowshop/image/71344473/imagen_2_27999.webp?1771872139",1.28
0.67,Accesorios de extraccion,puffco,puffco,11109,"Piranha",467492,"New Peak Pro - Puffco","https://piranha.cl/14449-thickbox_default/vaporizador-puffco-new-peak-pro-color-a-eleccion.jpg",17191,"Astro Growshop",597990,"New Peak Pro Storm + 3Dxl-Puffco","https://cdnx.jumpseller.com/astrogrowshop/image/71343596/imagen_1_24371_11zon.webp?1767364647",1.28
0.67,Accesorios de extraccion,bonglab,bonglab,12257,"Astro Growshop",16990,"Nectar Collector Drop 11Cm-Bonglab","https://cdnx.jumpseller.com/astrogrowshop/image/72502327/18.webp?1769713466",12974,"Fumetas",16990,"BongLab Nectar Collector Drop 15cm","https://cdnx.jumpseller.com/fumetas-store/image/72557985/BongLab-Nectar-Collector-Drop-Naranjo-1.jpg?1769796105",1.00
0.67,Encendedores y sopletes,zippo,zippo,12330,"Astro Growshop",59990,"Sugar Skull 2-Zippo","https://cdnx.jumpseller.com/astrogrowshop/image/70212214/imagen_1_22482.webp?1764264438",19910,"Fumetas",36990,"Encendedor Zippo Skull","https://cdnx.jumpseller.com/fumetas-store/image/34401409/Encendedor-Zippo-Skull.webp?1682296235",1.62
0.67,Contenedores y estuches,ozeta,ozeta,12415,"Astro Growshop",40000,"BOLSO CILINDRO ANTI OLOR XXL CON CLAVE OZETA - CAJA ROTA","https://cdnx.jumpseller.com/astrogrowshop/image/73240752/OULET17_20_281_29.webp?1770929493",19936,"Fumetas",45990,"Ozeta Bolso XXL Con Clave - Anti-olor","https://cdnx.jumpseller.com/fumetas-store/image/17793594/XXL-frontal.jpg?1773163867",1.15
0.67,Repuestos para bongs y vaporizadores,,calvo,12450,"Astro Growshop",3990,"Quemador Bong Cuerno Macho 14Mm","https://cdnx.jumpseller.com/astrogrowshop/image/70132757/imagen_1_28250.webp?1764084659",13310,"Fumetas",8990,"Calvo Glass Quemador cuerno - Macho 14mm","https://cdnx.jumpseller.com/fumetas-store/image/75346018/Quemador-cuerno-calvo-azul.jpg?1774903153",2.25
0.67,Accesorios de extraccion,calvo,calvo,12474,"Astro Growshop",11990,"Bateria 510 350Mah -Calvo Glass","https://cdnx.jumpseller.com/astrogrowshop/image/70927575/imagen_1_28407.webp?1766500905",19374,"Fumetas",9561,"Calvo Glass Batería Cartridge 510","https://cdnx.jumpseller.com/fumetas-store/image/59811711/Bateria-Cartridge-510-Calvo-Glass-Black.jpg?1738624007",1.25
0.67,Vaporizadores herbales,storz-bickel,,12549,"Astro Growshop",84990,"Dosing Capsule Filling Set-Storz &amp; Bickel","https://cdnx.jumpseller.com/astrogrowshop/image/71345995/imagen_1_28301_11zon.webp?1767368597",15992,"Piranha",69292,"Dosing Capsule Filling Set","https://piranha.cl/14284-thickbox_default/mightycrafty-dosing-capsule-filling-set.jpg",1.23
0.67,Encendedores y sopletes,zippo,zippo,12632,"Astro Growshop",44990,"Sunset Black Light Design-Zippo","https://cdnx.jumpseller.com/astrogrowshop/image/70179820/imagen_1_21523.webp?1764188083",19386,"Fumetas",36990,"Encendedor Zippo Black Light Eye Design","https://cdnx.jumpseller.com/fumetas-store/image/34401552/Encendedor-Zippo-Black-Light-Eye-Design.webp?1682296843",1.22
0.67,Bandejas y ceniceros,soulblime,soulblime,12656,"Astro Growshop",3990,"Bandeja Metálica Mix-Soulblime","https://cdnx.jumpseller.com/astrogrowshop/image/70177100/imagen_1_20236.webp?1764185148",21951,"GrowBarato Chile",3200,"Bandeja SoulBlime metálica","https://www.growbaratochile.cl/11561-large_default/bandeja-soulblime.jpg",1.25
0.67,Encendedores y sopletes,zippo,zippo,12675,"Astro Growshop",44990,"Comic Zippo Design-Zippo","https://cdnx.jumpseller.com/astrogrowshop/image/70179605/imagen_4_21929.webp?1764187949",19913,"Fumetas",38990,"Encendedor Zippo Design","https://cdnx.jumpseller.com/fumetas-store/image/34397589/Encendedor-Zippo-Design.webp?1682272958",1.15
0.67,Bongs,bonglab,bonglab,13284,"Fumetas",27990,"Bonglab Bong Saucer Rig 13cm","https://cdnx.jumpseller.com/fumetas-store/image/62817855/saucer-rig-bonglab-teal.jpg?1745438004",17171,"Astro Growshop",29990,"Saucer Rig-Bonglab","https://cdnx.jumpseller.com/astrogrowshop/image/70239416/imagen_1_28087.webp?1764344035",1.07
0.67,Contenedores y estuches,,,13472,"Fumetas",25990,"Dime Bags Estuche Collector Con Clave Anti-Olor 22cm","https://cdnx.jumpseller.com/fumetas-store/image/62015598/Dime-bags-the-collector-22cm-negro.webp?1743594651",15944,"Piranha",19752,"Estuche Anti Olor Dime Bags The Collector con Candado 22cm | PIRANHA","https://piranha.cl/22391-thickbox_default/the-collector-con-candado-22.jpg",1.32
0.67,Contenedores y estuches,,,13473,"Fumetas",29990,"Dime Bags Estuche Collector Con Clave Anti-Olor 30cm","https://cdnx.jumpseller.com/fumetas-store/image/62015984/Dime-bags-the-collector-30cm-verde.webp?1743595754",15846,"Piranha",24592,"Estuche Anti Olor Dime Bags The Collector con Candado 30cm | PIRANHA","https://piranha.cl/22398-thickbox_default/dime-bags-the-collector-con-candado-30.jpg",1.22
0.67,Otros parafernalia,blazy-susan,blazy-susan,13623,"Fumetas",6990,"Blazy Susan Cotonitos Pink 300 Unidades","https://cdnx.jumpseller.com/fumetas-store/image/49849475/Cotonitos-300-Unidades-Blazy-Susan.jpg?1718664772",17188,"Astro Growshop",3990,"Cotonitos Pink -Blazy Susan","https://cdnx.jumpseller.com/astrogrowshop/image/70145753/imagen_1_22586.webp?1764099635",1.75
0.67,Encendedores y sopletes,ignite,ignite,15652,"Piranha",14243,"Encendedor Soplete Ignite Phantom | PIRANHA","https://piranha.cl/17237-thickbox_default/encendedor-soplete-ignite-phantom-color-a-eleccion.jpg",17175,"Astro Growshop",21990,"Soplete Phantom -Ignite","https://cdnx.jumpseller.com/astrogrowshop/image/70331449/imagen_1_25561.webp?1764697492",1.54
0.67,Encendedores y sopletes,ignite,ignite,15652,"Piranha",14243,"Encendedor Soplete Ignite Phantom | PIRANHA","https://piranha.cl/17237-thickbox_default/encendedor-soplete-ignite-phantom-color-a-eleccion.jpg",18549,"Fumetas",20990,"Ignite Soplete Phantom","https://cdnx.jumpseller.com/fumetas-store/image/14202634/soplete-phantom-red-ignite.jpg?1645761888",1.47
0.67,Encendedores y sopletes,ignite,ignite,15654,"Piranha",15992,"Encendedor Soplete Ignite Flex | PIRANHA","https://piranha.cl/17273-thickbox_default/encendedor-soplete-ignite-flex-color-a-eleccion.jpg",17174,"Astro Growshop",22990,"Soplete Flex -Ignite","https://cdnx.jumpseller.com/astrogrowshop/image/70361663/imagen_1_25558.webp?1778185989",1.44
0.67,Encendedores y sopletes,ignite,ignite,15654,"Piranha",15992,"Encendedor Soplete Ignite Flex | PIRANHA","https://piranha.cl/17273-thickbox_default/encendedor-soplete-ignite-flex-color-a-eleccion.jpg",18548,"Fumetas",23990,"Ignite Soplete Flex","https://cdnx.jumpseller.com/fumetas-store/image/14202548/soplete-flex-blue-ignite.jpg?1635267814",1.50
0.67,Encendedores y sopletes,ignite,ignite,15696,"Piranha",14392,"Soplete Ignite X-Mini | PIRANHA","https://piranha.cl/22001-thickbox_default/encendedor-soplete-ignite-x-mini-color-a-eleccion.jpg",17145,"Astro Growshop",18990,"Soplete X-Mini -Ignite","https://cdnx.jumpseller.com/astrogrowshop/image/70331406/imagen_1_27914.webp?1764697416",1.32
0.67,Encendedores y sopletes,ignite,ignite,15696,"Piranha",14392,"Soplete Ignite X-Mini | PIRANHA","https://piranha.cl/22001-thickbox_default/encendedor-soplete-ignite-x-mini-color-a-eleccion.jpg",18538,"Fumetas",17990,"Ignite Soplete X-Mini","https://cdnx.jumpseller.com/fumetas-store/image/62498271/Soplete-X-Mini-Ignite-Negro-3.jpg?1744670686",1.25
0.67,Vaporizadores herbales,focus-v,focus-v,15704,"Piranha",199192,"Vaporizador Aeris Focus V | PIRANHA","https://piranha.cl/24205-thickbox_default/vaporizador-aeris-focus-v-color-a-eleccion.jpg",17148,"Astro Growshop",239990,"VAPORIZADOR AERIS -FOCUS V","https://cdnx.jumpseller.com/astrogrowshop/image/72746559/VPFVAERISMDNT.webp?1770297825",1.20
0.67,Vaporizadores herbales,focus-v,focus-v,15704,"Piranha",199192,"Vaporizador Aeris Focus V | PIRANHA","https://piranha.cl/24205-thickbox_default/vaporizador-aeris-focus-v-color-a-eleccion.jpg",18536,"Fumetas",239990,"Focus V Vaporizador Aeris","https://cdnx.jumpseller.com/fumetas-store/image/61575771/Vaporizador-Aeris-Focus-V-Negro.jpg?1742497115",1.20
0.67,Repuestos para bongs y vaporizadores,dynavap,dynavap,15880,"Piranha",23741,"Adaptador para Extractos/Concentrados DynaVap DynaCoil | PIRANHA","https://piranha.cl/19748-thickbox_default/adaptador-para-extractosconcentrados-dynavap-dynacoil.jpg",19883,"Fumetas",24990,"Dynavap Adaptador Extractos Dynacoil","https://cdnx.jumpseller.com/fumetas-store/image/52507717/Dynacoil-Dynavap-Extractos.jpg?1725392666",1.05
0.67,Accesorios de extraccion,yocan,yocan,15904,"Piranha",29392,"Yocan Dirk Hot Knife | PIRANHA","https://piranha.cl/24528-thickbox_default/yocan-dirk-hot-knife-color-a-eleccion.jpg",18008,"Astro Growshop",34990,"HOT KNIFE EXTRACTOS DIRK YOCAN","https://cdnx.jumpseller.com/astrogrowshop/image/73160974/VAPORIZADOR_YOCAN_DIRK_WHITE_FRONT.webp?1770741220",1.19
0.67,Encendedores y sopletes,zippo,zippo,15924,"Piranha",34990,"Encendedor Zippo Skull Design","https://piranha.cl/24604-thickbox_default/encendedor-zippo-skull-design.jpg",19910,"Fumetas",36990,"Encendedor Zippo Skull","https://cdnx.jumpseller.com/fumetas-store/image/34401409/Encendedor-Zippo-Skull.webp?1682296235",1.06
0.67,Encendedores y sopletes,zippo,zippo,15924,"Piranha",34990,"Encendedor Zippo Skull Design","https://piranha.cl/24604-thickbox_default/encendedor-zippo-skull-design.jpg",19913,"Fumetas",38990,"Encendedor Zippo Design","https://cdnx.jumpseller.com/fumetas-store/image/34397589/Encendedor-Zippo-Design.webp?1682272958",1.11
0.67,Conos y blunts,lion-rolling-circus,lion-rolling-circus,15928,"Piranha",1386,"Blunt Wrap Terpenes Tangie - Lion Rolling Circus | PIRANHA","https://piranha.cl/15652-thickbox_default/blunt-wrap-terpenes-tangie.jpg",18033,"Astro Growshop",1490,"Hemp Wrap Terpenes Tangie - Lion Rolling Circus","https://cdnx.jumpseller.com/astrogrowshop/image/70600679/imagen_1_28860.webp?1765548437",1.08
0.67,Conos y blunts,lion-rolling-circus,lion-rolling-circus,15985,"Piranha",1386,"Blunt Wrap - Lion Rolling Circus Terpenes - Gelato","https://piranha.cl/11895-thickbox_default/blunt-wrap-lion-rolling-circus-terpenes-gelato.jpg",17942,"Astro Growshop",1490,"Blunt Hemp Wrap Kksh Terpenes- Lion Rolling Circus","https://cdnx.jumpseller.com/astrogrowshop/image/70609194/imagen_1_28875.webp?1765566428",1.08
0.67,Conos y blunts,lion-rolling-circus,lion-rolling-circus,15985,"Piranha",1386,"Blunt Wrap - Lion Rolling Circus Terpenes - Gelato","https://piranha.cl/11895-thickbox_default/blunt-wrap-lion-rolling-circus-terpenes-gelato.jpg",17943,"Astro Growshop",1490,"Blunt Hemp Wrap Strawberry Terpenes- Lion Rolling Circus","https://cdnx.jumpseller.com/astrogrowshop/image/70609200/imagen_1_28876.webp?1765566477",1.08
0.67,Accesorios de extraccion,puffco,puffco,16096,"Piranha",144492,"Puffco Peak Pro 3DXL Chamber | PIRANHA","https://piranha.cl/17849-thickbox_default/puffco-peak-pro-3d-xl-chamber.jpg",17220,"Astro Growshop",86990,"Peak Pro Chamber-Puffco","https://cdnx.jumpseller.com/astrogrowshop/image/71344507/imagen_1_18403.webp?1767366111",1.66
0.67,Accesorios de extraccion,puffco,puffco,16097,"Piranha",174292,"Vaporizador Puffco Pivot | PIRANHA","https://piranha.cl/23764-thickbox_default/vaporizador-puffco-pivot-color-a-eleccion.jpg",18582,"Fumetas",174990,"Vaporizador Puffco Pivot","https://cdnx.jumpseller.com/fumetas-store/image/58573009/Puffco-Pivot-Vaporizador-Wax-Puffco.jpg?1742412713",1.00
0.67,Accesorios de extraccion,puffco,puffco,16109,"Piranha",79191,"Repuesto New Proxy 3D Chamber - Puffco","https://piranha.cl/23807-thickbox_default/repuesto-new-puffco-proxy-3d-chamber.jpg",18167,"Astro Growshop",66490,"Proxy 3D Chamber-Puffco","https://cdnx.jumpseller.com/astrogrowshop/image/71344677/imagen_1_18409.webp?1767366293",1.19
0.67,Otros parafernalia,hightrip,hightrip,16114,"Piranha",8091,"HighTrip - Bongazo","https://piranha.cl/13779-thickbox_default/pin-bongazo.jpg",18571,"Fumetas",8990,"Hightrip Pin Bongazo","https://cdnx.jumpseller.com/fumetas-store/image/25276322/Pin-HighTrip-Bongazo-_.webp?1656655055",1.11
0.67,Otros parafernalia,hightrip,hightrip,16115,"Piranha",8091,"HighTrip - Pipazo","https://piranha.cl/13711-thickbox_default/pin-pipazo.jpg",19940,"Fumetas",8990,"Hightrip Pin Pipazo","https://cdnx.jumpseller.com/fumetas-store/image/25276160/Pin-Hightrip-Pipazo.webp?1655441970",1.11
0.67,Accesorios de extraccion,puffco,puffco,16123,"Piranha",107991,"Puffco Peak Pro 3D Chamber | PIRANHA","https://piranha.cl/18970-thickbox_default/puffco-peak-pro-3d-chamber.jpg",17220,"Astro Growshop",86990,"Peak Pro Chamber-Puffco","https://cdnx.jumpseller.com/astrogrowshop/image/71344507/imagen_1_18403.webp?1767366111",1.24
0.67,Otros parafernalia,blazy-susan,blazy-susan,16134,"Piranha",29993,"Polerón Pink Hoodie Blazy Susan | PIRANHA","https://piranha.cl/18434-thickbox_default/poleron-pink-hoodie-blazy-susan.jpg",18124,"Astro Growshop",44990,"Poleron Pink-Blazy Susan","https://cdnx.jumpseller.com/astrogrowshop/image/70894903/imagen_1_19936.webp?1766428297",1.50
0.67,Accesorios de extraccion,puffco,puffco,16140,"Piranha",55993,"Proxy Travel Pack Puffco | PIRANHA","https://piranha.cl/17876-thickbox_default/puffco-proxy-travel-pack-color-a-eleccion.jpg",17231,"Astro Growshop",69990,"Proxy Travel Pack Bloom-Puffco","https://cdnx.jumpseller.com/astrogrowshop/image/71345064/imagen_1_21983.webp?1767366808",1.25
0.67,Accesorios de extraccion,puffco,puffco,16157,"Piranha",125993,"Accesorio Proxy Wizard - Puffco","https://piranha.cl/14555-thickbox_default/accesorio-puffco-proxy-wizard-color-a-eleccion.jpg",18055,"Astro Growshop",349990,"Vaporizador Proxy -Puffco","https://cdnx.jumpseller.com/astrogrowshop/image/71344696/imagen_3_21966.webp?1767366341",2.78
0.67,Accesorios de extraccion,puffco,puffco,16157,"Piranha",125993,"Accesorio Proxy Wizard - Puffco","https://piranha.cl/14555-thickbox_default/accesorio-puffco-proxy-wizard-color-a-eleccion.jpg",18581,"Fumetas",349990,"Puffco Vaporizador Proxy","https://cdnx.jumpseller.com/fumetas-store/image/30109377/Vaporizador_Proxy-Puffco.webp?1750043870",2.78
0.67,Accesorios de extraccion,puffco,puffco,16162,"Piranha",34791,"Puffco Proxy Joystick Cap | PIRANHA","https://piranha.cl/17872-thickbox_default/puffco-proxy-joystick-cap-color-a-eleccion.jpg",17210,"Astro Growshop",35990,"Proxy Joystick Cap Black-Puffco","https://cdnx.jumpseller.com/astrogrowshop/image/71344832/imagen_1_21986.webp?1767366520",1.03
0.67,Accesorios de extraccion,puffco,puffco,16162,"Piranha",34791,"Puffco Proxy Joystick Cap | PIRANHA","https://piranha.cl/17872-thickbox_default/puffco-proxy-joystick-cap-color-a-eleccion.jpg",17211,"Astro Growshop",34690,"Proxy Joystick Cap Bloom-Puffco","https://cdnx.jumpseller.com/astrogrowshop/image/71344841/imagen_1_21970.webp?1767366540",1.00
0.67,Accesorios de extraccion,puffco,puffco,16162,"Piranha",34791,"Puffco Proxy Joystick Cap | PIRANHA","https://piranha.cl/17872-thickbox_default/puffco-proxy-joystick-cap-color-a-eleccion.jpg",17212,"Astro Growshop",41990,"Proxy Joystick Cap Dessert-Puffco","https://cdnx.jumpseller.com/astrogrowshop/image/71344848/imagen_2_28318.webp?1767366567",1.21
0.67,Accesorios de extraccion,puffco,puffco,16168,"Piranha",149993,"Accesorio New Proxy Wizard - Puffco","https://piranha.cl/23151-thickbox_default/accesorio-puffco-new-proxy-wizard-color-a-eleccion.jpg",18153,"Astro Growshop",119990,"Vaporizador Extractos New Proxy Wizard Haze-Puffco","https://cdnx.jumpseller.com/astrogrowshop/image/71343682/imagen_1_24069.webp?1767364702",1.25
0.67,Accesorios de extraccion,puffco,puffco,16168,"Piranha",149993,"Accesorio New Proxy Wizard - Puffco","https://piranha.cl/23151-thickbox_default/accesorio-puffco-new-proxy-wizard-color-a-eleccion.jpg",18154,"Astro Growshop",119990,"Vaporizador Extractos New Proxy Wizard Onyx-Puffco","https://cdnx.jumpseller.com/astrogrowshop/image/71343690/imagen_1_24072.webp?1767364727",1.25
0.67,Otros parafernalia,hightrip,hightrip,16196,"Piranha",8091,"HighTrip - Pizzannabica","https://piranha.cl/13758-thickbox_default/pin-pizzannabica.jpg",20233,"Fumetas",8990,"Hightrip Pin Pizzannabica","https://cdnx.jumpseller.com/fumetas-store/image/25276180/Pin-Hightrip-Pizzannabica-_.webp?1655441976",1.11
0.67,Accesorios de extraccion,puffco,puffco,16208,"Piranha",89271,"Puffco Pivot + Hot Knife Travel Case Daybreak Limited | PIRANHA","https://piranha.cl/22670-thickbox_default/puffco-pivot-travel-case-daybreak-limited.jpg",17203,"Astro Growshop",84990,"Pivot Travel Case Daybreak Limited-Puffco","https://cdnx.jumpseller.com/astrogrowshop/image/69022758/23229.jpg?1761326011",1.05
0.67,Accesorios de extraccion,puffco,puffco,16216,"Piranha",33992,"Puffco Peak Pro Travel Pack | PIRANHA","https://piranha.cl/17880-thickbox_default/puffco-peak-pro-travel-pack-color-a-eleccion.jpg",18207,"Astro Growshop",24990,"Peak Travel Pack- Puffco","https://cdnx.jumpseller.com/astrogrowshop/image/71343890/imagen_1_28319.webp?1767365061",1.36
0.67,Accesorios de extraccion,puffco,puffco,16216,"Piranha",33992,"Puffco Peak Pro Travel Pack | PIRANHA","https://piranha.cl/17880-thickbox_default/puffco-peak-pro-travel-pack-color-a-eleccion.jpg",20312,"Fumetas",22990,"Travel Pack Puffco Peak","https://cdnx.jumpseller.com/fumetas-store/image/26784861/blackgroup_960x960.webp?1662412131",1.48
0.67,Accesorios de extraccion,puffco,puffco,16231,"Piranha",118992,"Accesorio Proxy Droplet - Puffco","https://piranha.cl/14438-thickbox_default/accesorio-proxy-droplet-puffco.jpg",18055,"Astro Growshop",349990,"Vaporizador Proxy -Puffco","https://cdnx.jumpseller.com/astrogrowshop/image/71344696/imagen_3_21966.webp?1767366341",2.94
0.67,Accesorios de extraccion,puffco,puffco,16231,"Piranha",118992,"Accesorio Proxy Droplet - Puffco","https://piranha.cl/14438-thickbox_default/accesorio-proxy-droplet-puffco.jpg",18581,"Fumetas",349990,"Puffco Vaporizador Proxy","https://cdnx.jumpseller.com/fumetas-store/image/30109377/Vaporizador_Proxy-Puffco.webp?1750043870",2.94
0.67,Encendedores y sopletes,ignite,ignite,17145,"Astro Growshop",18990,"Soplete X-Mini -Ignite","https://cdnx.jumpseller.com/astrogrowshop/image/70331406/imagen_1_27914.webp?1764697416",18537,"Fumetas",15990,"Ignite Soplete Phantom Mini","https://cdnx.jumpseller.com/fumetas-store/image/62517473/Soplete-Phantom-Mini-Negro.jpg?1744685264",1.19
0.67,Encendedores y sopletes,zippo,zippo,17157,"Astro Growshop",30990,"Flame Design-Zippo","https://cdnx.jumpseller.com/astrogrowshop/image/70213244/imagen_1_19888.webp?1764265936",19913,"Fumetas",38990,"Encendedor Zippo Design","https://cdnx.jumpseller.com/fumetas-store/image/34397589/Encendedor-Zippo-Design.webp?1682272958",1.26
0.67,Encendedores y sopletes,zippo,zippo,17172,"Astro Growshop",44990,"Skull Design-Zippo","https://cdnx.jumpseller.com/astrogrowshop/image/73476255/SKULL-DESIGN-ZIPPO.webp?1771444310",19910,"Fumetas",36990,"Encendedor Zippo Skull","https://cdnx.jumpseller.com/fumetas-store/image/34401409/Encendedor-Zippo-Skull.webp?1682296235",1.22
0.67,Encendedores y sopletes,zippo,zippo,17172,"Astro Growshop",44990,"Skull Design-Zippo","https://cdnx.jumpseller.com/astrogrowshop/image/73476255/SKULL-DESIGN-ZIPPO.webp?1771444310",19913,"Fumetas",38990,"Encendedor Zippo Design","https://cdnx.jumpseller.com/fumetas-store/image/34397589/Encendedor-Zippo-Design.webp?1682272958",1.15
0.67,Encendedores y sopletes,ignite,ignite,17175,"Astro Growshop",21990,"Soplete Phantom -Ignite","https://cdnx.jumpseller.com/astrogrowshop/image/70331449/imagen_1_25561.webp?1764697492",18537,"Fumetas",15990,"Ignite Soplete Phantom Mini","https://cdnx.jumpseller.com/fumetas-store/image/62517473/Soplete-Phantom-Mini-Negro.jpg?1744685264",1.38
0.67,Accesorios de extraccion,puffco,puffco,17195,"Astro Growshop",161990,"Peak Pro 3Dxl Chamber-Puffco","https://cdnx.jumpseller.com/astrogrowshop/image/71344458/imagen_1_21963.webp?1767365968",20136,"Fumetas",149990,"Puffco Atomizador Peak Pro 3DXL","https://cdnx.jumpseller.com/fumetas-store/image/69452654/Puffco-3dxL-1.jpg?1762523239",1.08
0.67,Accesorios de extraccion,puffco,puffco,17202,"Astro Growshop",101990,"Pivot 3D Chamber 2Pack-Puffco","https://cdnx.jumpseller.com/astrogrowshop/image/71344104/imagen_3_24404.webp?1767365537",18579,"Fumetas",99990,"Puffco Pivot 3D Chamber 2-Pack","https://cdnx.jumpseller.com/fumetas-store/image/58880533/3D-Chamber-Puffco-Pivot-2-Pack.jpg?1736273541",1.02
0.67,Accesorios de extraccion,puffco,puffco,17225,"Astro Growshop",39990,"Peak Pro Travel Pack Black-Puffco","https://cdnx.jumpseller.com/astrogrowshop/image/71344642/imagen_4_18454.webp?1767366237",20312,"Fumetas",22990,"Travel Pack Puffco Peak","https://cdnx.jumpseller.com/fumetas-store/image/26784861/blackgroup_960x960.webp?1662412131",1.74
0.67,Accesorios de extraccion,puffco,puffco,17226,"Astro Growshop",37990,"Peak Pro Travel Pack Gray-Puffco","https://cdnx.jumpseller.com/astrogrowshop/image/71343718/imagen_1_18415.webp?1767364827",20312,"Fumetas",22990,"Travel Pack Puffco Peak","https://cdnx.jumpseller.com/fumetas-store/image/26784861/blackgroup_960x960.webp?1662412131",1.65
0.67,Accesorios de extraccion,puffco,puffco,17227,"Astro Growshop",39990,"Peak Pro Travel Pack Green-Puffco","https://cdnx.jumpseller.com/astrogrowshop/image/71343711/imagen_1_23293.webp?1767364800",20312,"Fumetas",22990,"Travel Pack Puffco Peak","https://cdnx.jumpseller.com/fumetas-store/image/26784861/blackgroup_960x960.webp?1662412131",1.74
0.67,Accesorios de extraccion,puffco,puffco,17228,"Astro Growshop",37990,"Peak Pro Travel Pack Orange-Puffco","https://cdnx.jumpseller.com/astrogrowshop/image/71343724/imagen_1_18419.webp?1767364853",20312,"Fumetas",22990,"Travel Pack Puffco Peak","https://cdnx.jumpseller.com/fumetas-store/image/26784861/blackgroup_960x960.webp?1662412131",1.65
0.67,Accesorios de extraccion,puffco,puffco,17229,"Astro Growshop",37990,"Peak Pro Travel Pack Red-Puffco","https://cdnx.jumpseller.com/astrogrowshop/image/71343749/imagen_1_18423.webp?1767364903",20312,"Fumetas",22990,"Travel Pack Puffco Peak","https://cdnx.jumpseller.com/fumetas-store/image/26784861/blackgroup_960x960.webp?1662412131",1.65
0.67,Accesorios de extraccion,puffco,puffco,17230,"Astro Growshop",37990,"Peak Pro Travel Pack Yellow-Puffco","https://cdnx.jumpseller.com/astrogrowshop/image/71343762/imagen_1_18425.webp?1767364925",20312,"Fumetas",22990,"Travel Pack Puffco Peak","https://cdnx.jumpseller.com/fumetas-store/image/26784861/blackgroup_960x960.webp?1662412131",1.65
0.67,Bongs,bonglab,bonglab,17737,"Astro Growshop",33990,"Pack Bong Bonglab Little Buchner KS10","https://cdnx.jumpseller.com/astrogrowshop/image/77661049/Pack-Little-Buchner-black-Bonglab.webp?1781198112",20189,"Fumetas",19541,"Bonglab Bong KS10 Little Buchner 25cm","https://cdnx.jumpseller.com/fumetas-store/image/37254577/BongLab-KS10-Little-Buchner-Black.jpg?1781034312",1.74
0.67,Encendedores y sopletes,ignite,ignite,17920,"Astro Growshop",16990,"Soplete Phantom Mini-Ignite","https://cdnx.jumpseller.com/astrogrowshop/image/70331424/imagen_1_27899.webp?1764697442",18538,"Fumetas",17990,"Ignite Soplete X-Mini","https://cdnx.jumpseller.com/fumetas-store/image/62498271/Soplete-X-Mini-Ignite-Negro-3.jpg?1744670686",1.06
0.67,Encendedores y sopletes,ignite,ignite,17920,"Astro Growshop",16990,"Soplete Phantom Mini-Ignite","https://cdnx.jumpseller.com/astrogrowshop/image/70331424/imagen_1_27899.webp?1764697442",18549,"Fumetas",20990,"Ignite Soplete Phantom","https://cdnx.jumpseller.com/fumetas-store/image/14202634/soplete-phantom-red-ignite.jpg?1645761888",1.24
0.67,Repuestos para bongs y vaporizadores,storz-bickel,storz-bickel,17932,"Astro Growshop",21990,"Venty Case - Storz &amp; Bickel","https://cdnx.jumpseller.com/astrogrowshop/image/71350986/imagen_2_24519_11zon.webp?1767377775",19534,"Fumetas",24990,"Storz &amp; Bickel Estuche Case Venty Anti Olor","https://cdnx.jumpseller.com/fumetas-store/image/50094378/Estuche-Venty-Frontal.jpg?1719334558",1.14
0.67,Encendedores y sopletes,zippo,zippo,17975,"Astro Growshop",44990,"Kiss Design-Zippo","https://cdnx.jumpseller.com/astrogrowshop/image/70176298/imagen_2_21324.webp?1764183751",19913,"Fumetas",38990,"Encendedor Zippo Design","https://cdnx.jumpseller.com/fumetas-store/image/34397589/Encendedor-Zippo-Design.webp?1682272958",1.15
0.67,Encendedores y sopletes,zippo,zippo,17978,"Astro Growshop",44990,"Ladybug Design-Zippo","https://cdnx.jumpseller.com/astrogrowshop/image/70178448/imagen_1_21917.webp?1764186827",19913,"Fumetas",38990,"Encendedor Zippo Design","https://cdnx.jumpseller.com/fumetas-store/image/34397589/Encendedor-Zippo-Design.webp?1682272958",1.15
0.67,Accesorios de extraccion,yocan,yocan,18012,"Astro Growshop",99990,"VAPORIZADOR YOCAN POCKET","https://cdnx.jumpseller.com/astrogrowshop/image/73160376/VAPORIZADOR_YOCAN_POCKET_WHITE.webp?1770739921",19834,"Fumetas",99990,"Yocan Black Vaporizador Pocket","https://cdnx.jumpseller.com/fumetas-store/image/75284351/Yocan-Vaporizador-Black-Pocket-Negro.jpg?1774729530",1.00
0.67,Otros parafernalia,blazy-susan,blazy-susan,18072,"Astro Growshop",24990,"Dad Hats White-Blazy Susan","https://cdnx.jumpseller.com/astrogrowshop/image/70894704/imagen_1_19967.webp?1766428025",18562,"Fumetas",26991,"Blazy Susan Jockey Dad Hats","https://cdnx.jumpseller.com/fumetas-store/image/49875704/Gorro-Dad-Hat-Blazy-Susan-Pink.jpg?1718751909",1.08
0.67,Accesorios de extraccion,calvo,calvo,18121,"Astro Growshop",9990,"Marble Set - Calvo Glass","https://cdnx.jumpseller.com/astrogrowshop/image/70330055/imagen_1_24159.webp?1764694426",19990,"Fumetas",14990,"Calvo Glass Terp Slurper Marble Set","https://cdnx.jumpseller.com/fumetas-store/image/23115878/IMG-4183.jpg?1687895363",1.50
0.67,Accesorios de extraccion,puffco,puffco,18146,"Astro Growshop",84990,"Puffco New Proxy 3D Chamber","https://cdnx.jumpseller.com/astrogrowshop/image/70946187/imagen_1_3d.webp?1766522371",21696,"Piranha",66491,"Repuesto Proxy 3D Chamber - Puffco","https://piranha.cl/14430-thickbox_default/repuesto-proxy-3d-chamber-puffco.jpg",1.28
0.67,Accesorios de extraccion,bonglab,bonglab,18147,"Astro Growshop",19990,"Round Kit Banger-Bonglab","https://cdnx.jumpseller.com/astrogrowshop/image/70239397/imagen_1_18257.webp?1764344011",20202,"Fumetas",21990,"Bonglab Banger Round Kit - Macho 14mm","https://cdnx.jumpseller.com/fumetas-store/image/30079884/round-kit-banger-bonglab.jpg?1767895331",1.10
0.67,Accesorios de extraccion,bonglab,bonglab,18149,"Astro Growshop",23990,"Screw Kit Banger-Bonglab","https://cdnx.jumpseller.com/astrogrowshop/image/70239541/imagen_1_18258.webp?1764344345",20068,"Fumetas",24990,"Bonglab Banger Screw Kit - Macho 14mm","https://cdnx.jumpseller.com/fumetas-store/image/30078084/screw-kit-banger-bonglab.jpg?1670425421",1.04
0.67,Accesorios de extraccion,bonglab,bonglab,18150,"Astro Growshop",23990,"Spinner Kit Banger-Bonglab","https://cdnx.jumpseller.com/astrogrowshop/image/70309353/imagen_1_18259.webp?1764618523",20069,"Fumetas",24990,"Bonglab Banger Spinner Kit - Macho 14mm","https://cdnx.jumpseller.com/fumetas-store/image/30077680/spinner-kit-banger-bonglab.jpg?1670424588",1.04
0.67,Accesorios de extraccion,bonglab,bonglab,18159,"Astro Growshop",19990,"Waist Kit Banger-Bonglab","https://cdnx.jumpseller.com/astrogrowshop/image/70309397/imagen_1_18260.webp?1764618587",20203,"Fumetas",21990,"Bonglab Banger Waist Kit - Macho 14mm","https://cdnx.jumpseller.com/fumetas-store/image/30081872/waist-kit-banger-bonglab.jpg?1767896426",1.10
0.67,Otros parafernalia,hightrip,hightrip,18166,"Astro Growshop",9990,"Pin-Hightrip","https://cdnx.jumpseller.com/astrogrowshop/image/70896012/imagen_1_12208.webp?1766429867",18571,"Fumetas",8990,"Hightrip Pin Bongazo","https://cdnx.jumpseller.com/fumetas-store/image/25276322/Pin-HighTrip-Bongazo-_.webp?1656655055",1.11
0.67,Otros parafernalia,hightrip,hightrip,18166,"Astro Growshop",9990,"Pin-Hightrip","https://cdnx.jumpseller.com/astrogrowshop/image/70896012/imagen_1_12208.webp?1766429867",19393,"Fumetas",8990,"HighTrip Pin Trascendence","https://cdnx.jumpseller.com/fumetas-store/image/76560200/Transcendete-1.jpg?1778615352",1.11
0.67,Otros parafernalia,hightrip,hightrip,18166,"Astro Growshop",9990,"Pin-Hightrip","https://cdnx.jumpseller.com/astrogrowshop/image/70896012/imagen_1_12208.webp?1766429867",19940,"Fumetas",8990,"Hightrip Pin Pipazo","https://cdnx.jumpseller.com/fumetas-store/image/25276160/Pin-Hightrip-Pipazo.webp?1655441970",1.11
0.67,Otros parafernalia,hightrip,hightrip,18166,"Astro Growshop",9990,"Pin-Hightrip","https://cdnx.jumpseller.com/astrogrowshop/image/70896012/imagen_1_12208.webp?1766429867",20179,"Fumetas",8990,"Hightrip Pin La Germinación","https://cdnx.jumpseller.com/fumetas-store/image/25276152/Pin-Germinacion-Hightrip-_.webp?1655441926",1.11
0.67,Otros parafernalia,hightrip,hightrip,18166,"Astro Growshop",9990,"Pin-Hightrip","https://cdnx.jumpseller.com/astrogrowshop/image/70896012/imagen_1_12208.webp?1766429867",20223,"Fumetas",8990,"HighTrip Pin Highfries","https://cdnx.jumpseller.com/fumetas-store/image/40558140/Pin-Hightrip-HighFries-Fumetas-Store-2.jpeg?1696611025",1.11
0.67,Otros parafernalia,hightrip,hightrip,18166,"Astro Growshop",9990,"Pin-Hightrip","https://cdnx.jumpseller.com/astrogrowshop/image/70896012/imagen_1_12208.webp?1766429867",20233,"Fumetas",8990,"Hightrip Pin Pizzannabica","https://cdnx.jumpseller.com/fumetas-store/image/25276180/Pin-Hightrip-Pizzannabica-_.webp?1655441976",1.11
0.67,Accesorios de extraccion,puffco,puffco,18183,"Astro Growshop",201990,"Vaporizador Pivot Mocha-Puffco","https://cdnx.jumpseller.com/astrogrowshop/image/71344132/imagen_1_28491.webp?1767365583",18582,"Fumetas",174990,"Vaporizador Puffco Pivot","https://cdnx.jumpseller.com/fumetas-store/image/58573009/Puffco-Pivot-Vaporizador-Wax-Puffco.jpg?1742412713",1.15
0.67,Accesorios de extraccion,puffco,puffco,18184,"Astro Growshop",201990,"Vaporizador Pivot Onyx-Puffco","https://cdnx.jumpseller.com/astrogrowshop/image/71344858/imagen_6_24396.webp?1767366603",18582,"Fumetas",174990,"Vaporizador Puffco Pivot","https://cdnx.jumpseller.com/fumetas-store/image/58573009/Puffco-Pivot-Vaporizador-Wax-Puffco.jpg?1742412713",1.15
0.67,Accesorios de extraccion,puffco,puffco,18185,"Astro Growshop",201990,"Vaporizador Pivot Slate-Puffco","https://cdnx.jumpseller.com/astrogrowshop/image/71344896/imagen_1_24398.webp?1767366722",18582,"Fumetas",174990,"Vaporizador Puffco Pivot","https://cdnx.jumpseller.com/fumetas-store/image/58573009/Puffco-Pivot-Vaporizador-Wax-Puffco.jpg?1742412713",1.15
0.67,Accesorios de extraccion,puffco,puffco,18187,"Astro Growshop",201990,"Vaporizador Puffco Pivot Pine - Puffco","https://cdnx.jumpseller.com/astrogrowshop/image/71345133/imagen_2_pine_20pivo_203.webp?1767367034",18582,"Fumetas",174990,"Vaporizador Puffco Pivot","https://cdnx.jumpseller.com/fumetas-store/image/58573009/Puffco-Pivot-Vaporizador-Wax-Puffco.jpg?1742412713",1.15
0.67,Accesorios de extraccion,puffco,puffco,18192,"Astro Growshop",149990,"Proxy Bubbler-Puffco","https://cdnx.jumpseller.com/astrogrowshop/image/71344706/imagen_3_18429.webp?1767366364",18581,"Fumetas",349990,"Puffco Vaporizador Proxy","https://cdnx.jumpseller.com/fumetas-store/image/30109377/Vaporizador_Proxy-Puffco.webp?1750043870",2.33
0.67,Accesorios de extraccion,puffco,puffco,18198,"Astro Growshop",39990,"Cap Peak Pro Ball-Puffco","https://cdnx.jumpseller.com/astrogrowshop/image/71344494/imagen_1_18450.webp?1767366089",18583,"Fumetas",39990,"Peak Pro Joystick Cap Puffco","https://cdnx.jumpseller.com/fumetas-store/image/44166552/Joystick-Cap-Peak-Pro-Puffco-Onyx.webp?1704726562",1.00
0.67,Conos y blunts,soulblime,soulblime,19562,"Fumetas",1190,"Blunt Soulblime Hemp Wrap x2","https://cdnx.jumpseller.com/fumetas-store/image/50491522/Soulblime-Blunt-Clasico-Algodon-de-azucar.png?1778775809",22142,"GrowBarato Chile",1000,"Hemp Blunt Wrap Sabores SoulBlime","https://www.growbaratochile.cl/11551-large_default/hemp-blunt-wrap-sabores-soulblime.jpg",1.19
0.63,Accesorios de extraccion,puffco,puffco,11054,"Piranha",497692,"Vaporizador Puffco New Peak Pro Onyx 3DXL Limited | PIRANHA","https://piranha.cl/22691-thickbox_default/vaporizador-puffco-new-peak-pro-onyx-limited-3dxl-chamber.jpg",17207,"Astro Growshop",467490,"New Peak Pro Onyx-Puffco","https://cdnx.jumpseller.com/astrogrowshop/image/70946144/imagen_1_19855.webp?1774269899",1.06
0.63,Accesorios de extraccion,puffco,puffco,11055,"Piranha",497692,"Vaporizador Puffco New Peak Pro Pearl 3DXL Limited | PIRANHA","https://piranha.cl/22699-thickbox_default/vaporizador-puffco-new-peak-pro-pearl-limited-3dxl-chamber.jpg",17208,"Astro Growshop",467490,"New Peak Pro Pearl-Puffco","https://cdnx.jumpseller.com/astrogrowshop/image/70946171/imagen_4_19851.webp?1766522345",1.06
0.63,Papelillos,lion-rolling-circus,lion-rolling-circus,11587,"GrowBarato Chile",1300,"Lion Silver King Size de Lion Rolling Circus","https://www.growbaratochile.cl/8628-large_default/rolling-circus-silver-big-smoke.jpg",16051,"Piranha",1390,"Papelillo Alfalfa King Size Lion Rolling Circus | PIRANHA","https://piranha.cl/16118-thickbox_default/papelillo-alfalfa-king-size-lion-rolling-circus.jpg",1.07
0.63,Papelillos,lion-rolling-circus,lion-rolling-circus,11588,"GrowBarato Chile",1300,"Unbleach King Size de Lion Rolling Circus","https://www.growbaratochile.cl/8333-large_default/rolling-circus-unbleach-big-smoke.jpg",16051,"Piranha",1390,"Papelillo Alfalfa King Size Lion Rolling Circus | PIRANHA","https://piranha.cl/16118-thickbox_default/papelillo-alfalfa-king-size-lion-rolling-circus.jpg",1.07
0.63,Otros parafernalia,calvo,calvo,13627,"Fumetas",38990,"Calvo Glass Inline Tree Perc 34cm","https://cdnx.jumpseller.com/fumetas-store/image/23135803/ES81494_MT_04.jpg?1721859136",17974,"Astro Growshop",79990,"Inline Tree Perc Ambar Diseño-Calvo Glass","https://cdnx.jumpseller.com/astrogrowshop/image/70326690/imagen_1_27097.webp?1764687433",2.05
0.63,Otros parafernalia,blazy-susan,blazy-susan,15585,"Piranha",24892,"Gorra Dad Hats Blazy Susan (Pink/White) | PIRANHA","https://piranha.cl/18463-thickbox_default/gorra-dad-hats-blazy-susan-pink-white.jpg",18072,"Astro Growshop",24990,"Dad Hats White-Blazy Susan","https://cdnx.jumpseller.com/astrogrowshop/image/70894704/imagen_1_19967.webp?1766428025",1.00
0.63,Otros parafernalia,raw,raw,15814,"Piranha",3490,"Cajita Cigarrera Metálica RAW Tapa Deslizante | PIRANHA","https://piranha.cl/17739-thickbox_default/cajita-metalica-raw-tipo-cigarrera-tapa-deslizante.jpg",19417,"Fumetas",3990,"Raw Cajita Cigarrera Metálica Tapa Deslizable","https://cdnx.jumpseller.com/fumetas-store/image/51872396/Cajetilla-tapa-deslizable-RAW.jpg?1724449366",1.14
0.63,Conos y blunts,lion-rolling-circus,lion-rolling-circus,16137,"Piranha",1304,"Blunt Wrap Lion Rolling Circus","https://piranha.cl/10375-thickbox_default/friendly-url-autogeneration-failed.jpg",17942,"Astro Growshop",1490,"Blunt Hemp Wrap Kksh Terpenes- Lion Rolling Circus","https://cdnx.jumpseller.com/astrogrowshop/image/70609194/imagen_1_28875.webp?1765566428",1.14
0.63,Conos y blunts,lion-rolling-circus,lion-rolling-circus,16137,"Piranha",1304,"Blunt Wrap Lion Rolling Circus","https://piranha.cl/10375-thickbox_default/friendly-url-autogeneration-failed.jpg",17943,"Astro Growshop",1490,"Blunt Hemp Wrap Strawberry Terpenes- Lion Rolling Circus","https://cdnx.jumpseller.com/astrogrowshop/image/70609200/imagen_1_28876.webp?1765566477",1.14
0.63,Accesorios de extraccion,hemper,hemper,16199,"Piranha",89271,"Hemper Puffco Trippy Shroom Peak Top | PIRANHA","https://piranha.cl/22746-thickbox_default/accesorio-hemper-puffco-trippy-shroom-peak-top.jpg",20303,"Fumetas",95990,"Hemper Trippy Shroom Puffco Peak Glass","https://cdnx.jumpseller.com/fumetas-store/image/63493659/_HEMPER_TRIPPY_SHROOM_PEAK_ATTACHMENT-FUMETAS-STORE5.jpg?1747363507",1.08
0.63,Accesorios de extraccion,puffco,puffco,16216,"Piranha",33992,"Puffco Peak Pro Travel Pack | PIRANHA","https://piranha.cl/17880-thickbox_default/puffco-peak-pro-travel-pack-color-a-eleccion.jpg",17224,"Astro Growshop",36990,"New Peak Pro Travel Pack Pearl-Puffco","https://cdnx.jumpseller.com/astrogrowshop/image/70946161/imagen_1_20778.webp?1766522315",1.09
0.63,Accesorios de extraccion,puffco,puffco,17223,"Astro Growshop",36990,"Peak Pro Travel Pack Y Ball Cap Green-Puffco","https://cdnx.jumpseller.com/astrogrowshop/image/71344632/imagen_1_17678.webp?1767366210",18584,"Fumetas",29990,"Puffco Peak Pro Ball Cap","https://cdnx.jumpseller.com/fumetas-store/image/30105066/Peak_Pro_Ball_Cap-Puffco.webp?1670535472",1.23
0.63,Accesorios de extraccion,puffco,puffco,17223,"Astro Growshop",36990,"Peak Pro Travel Pack Y Ball Cap Green-Puffco","https://cdnx.jumpseller.com/astrogrowshop/image/71344632/imagen_1_17678.webp?1767366210",20311,"Fumetas",31990,"Puffco Travel Pack Peak Pro","https://cdnx.jumpseller.com/fumetas-store/image/26736981/puffco-peak-pro-travel-pack-black-2.jpg?1662069816",1.16
0.60,Bandejas y ceniceros,lion-rolling-circus,lion-rolling-circus,28,"Astro Growshop",4990,"Bandeja Smal Tatoo-Lion Rolling Circus","https://cdnx.jumpseller.com/astrogrowshop/image/70177862/imagen_1_26704.webp?1764186160",688,"Piranha",3894,"Bandeja Lion Rolling Circus","https://piranha.cl/19816-thickbox_default/bandeja-lion-rolling-circus-small-18x14cm-diseno-aleatorio.jpg",1.28
0.60,Accesorios de extraccion,bonglab,bonglab,65,"Astro Growshop",7990,"Papel Para Rosin Aluminio- Bonglab","https://cdnx.jumpseller.com/astrogrowshop/image/71492626/imagen_1_27748.webp?1777575733",19369,"Fumetas",8890,"BongLab Rosin Paper aluminio","https://cdnx.jumpseller.com/fumetas-store/image/6821137/BongLab_Rosinpaper_aluminio.jpg?1612201380",1.11
0.60,Pipas,top-smoke,top-smoke,490,"Piranha",8990,"Pipa Pyrex Top Smoke | PIRANHA","https://piranha.cl/23314-thickbox_default/pipa-top-smoke-premium-pyrex-35-9cm-aprox-diseno-aleatorio.jpg",2698,"Astro Growshop",17990,"Pipa Pyrex Cyclone 9- Top Smoke","https://cdnx.jumpseller.com/astrogrowshop/image/70601796/imagen_1_29350.webp?1765550949",2.00
0.60,Pipas,top-smoke,top-smoke,490,"Piranha",8990,"Pipa Pyrex Top Smoke | PIRANHA","https://piranha.cl/23314-thickbox_default/pipa-top-smoke-premium-pyrex-35-9cm-aprox-diseno-aleatorio.jpg",2726,"Astro Growshop",17990,"Pipa Pyrex Inferno 5- Top Smoke","https://cdnx.jumpseller.com/astrogrowshop/image/70607109/imagen_1_29338.webp?1765561508",2.00
0.60,Pipas,top-smoke,top-smoke,490,"Piranha",8990,"Pipa Pyrex Top Smoke | PIRANHA","https://piranha.cl/23314-thickbox_default/pipa-top-smoke-premium-pyrex-35-9cm-aprox-diseno-aleatorio.jpg",2730,"Astro Growshop",14990,"Pipa Pyrex Krypton 6- Top Smoke","https://cdnx.jumpseller.com/astrogrowshop/image/70607187/imagen_2_29342.webp?1765561654",1.67
0.60,Pipas,top-smoke,top-smoke,490,"Piranha",8990,"Pipa Pyrex Top Smoke | PIRANHA","https://piranha.cl/23314-thickbox_default/pipa-top-smoke-premium-pyrex-35-9cm-aprox-diseno-aleatorio.jpg",2737,"Astro Growshop",14990,"Pipa Pyrex Nitro 1- Top Smoke","https://cdnx.jumpseller.com/astrogrowshop/image/70607526/imagen_2_29327.webp?1765562571",1.67
0.60,Pipas,top-smoke,top-smoke,490,"Piranha",8990,"Pipa Pyrex Top Smoke | PIRANHA","https://piranha.cl/23314-thickbox_default/pipa-top-smoke-premium-pyrex-35-9cm-aprox-diseno-aleatorio.jpg",2743,"Astro Growshop",9990,"Pipa Pyrex Nova 7- Top Smoke","https://cdnx.jumpseller.com/astrogrowshop/image/70607601/imagen_3_29346.webp?1765562806",1.11
0.60,Pipas,top-smoke,top-smoke,490,"Piranha",8990,"Pipa Pyrex Top Smoke | PIRANHA","https://piranha.cl/23314-thickbox_default/pipa-top-smoke-premium-pyrex-35-9cm-aprox-diseno-aleatorio.jpg",2755,"Astro Growshop",17990,"Pipa Pyrex Phantom 4- Top Smoke","https://cdnx.jumpseller.com/astrogrowshop/image/70607851/imagen_1_29335.webp?1765563447",2.00
0.60,Pipas,top-smoke,top-smoke,490,"Piranha",8990,"Pipa Pyrex Top Smoke | PIRANHA","https://piranha.cl/23314-thickbox_default/pipa-top-smoke-premium-pyrex-35-9cm-aprox-diseno-aleatorio.jpg",12123,"Astro Growshop",9990,"Pipa Pyrex Toxic 8- Top Smoke","https://cdnx.jumpseller.com/astrogrowshop/image/70608797/imagen_2_29348.webp?1765565577",1.11
0.60,Pipas,top-smoke,top-smoke,490,"Piranha",8990,"Pipa Pyrex Top Smoke | PIRANHA","https://piranha.cl/23314-thickbox_default/pipa-top-smoke-premium-pyrex-35-9cm-aprox-diseno-aleatorio.jpg",12133,"Astro Growshop",8990,"Pipa Pyrex Venom 2- Top Smoke","https://cdnx.jumpseller.com/astrogrowshop/image/70608861/imagen_1_29329.webp?1765565673",1.00
0.60,Pipas,top-smoke,top-smoke,490,"Piranha",8990,"Pipa Pyrex Top Smoke | PIRANHA","https://piranha.cl/23314-thickbox_default/pipa-top-smoke-premium-pyrex-35-9cm-aprox-diseno-aleatorio.jpg",12139,"Astro Growshop",14990,"Pipa Pyrex Vortex 3- Top Smoke","https://cdnx.jumpseller.com/astrogrowshop/image/70608950/imagen_1_29332.webp?1765565889",1.67
0.60,Otros parafernalia,ocb,ocb,705,"Piranha",6990,"Máquina Enroladora Metálica OCB 1 1/4","https://piranha.cl/15129-thickbox_default/maquina-enroladora-metalica-ocb-1-1-4.jpg",19750,"Fumetas",12990,"Enroladora Automática OCB Metálica","https://cdnx.jumpseller.com/fumetas-store/image/63976618/enroladora-OCB-Metalica-automatica-fuemtas-store.jpg?1748660815",1.86
0.60,Repuestos para bongs y vaporizadores,storz-bickel,storz-bickel,743,"Astro Growshop",29990,"Crafty Case - Storz &amp; Bickel","https://cdnx.jumpseller.com/astrogrowshop/image/71345908/imagen_5_24509.webp?1767368503",19535,"Fumetas",25990,"Storz &amp; Bickel Estuche Veazy Case","https://cdnx.jumpseller.com/fumetas-store/image/73400468/Storz-_26-Bickel-Estuche-Veazy-Case.jpg?1771258628",1.15
0.60,Pipas,top-smoke,top-smoke,1353,"Piranha",6990,"Pipa Pyrex Top Smoke | PIRANHA","https://piranha.cl/23298-thickbox_default/pipa-top-smoke-premium-pyrex-3-8cm-aprox-diseno-aleatorio.jpg",2698,"Astro Growshop",17990,"Pipa Pyrex Cyclone 9- Top Smoke","https://cdnx.jumpseller.com/astrogrowshop/image/70601796/imagen_1_29350.webp?1765550949",2.57
0.60,Pipas,top-smoke,top-smoke,1353,"Piranha",6990,"Pipa Pyrex Top Smoke | PIRANHA","https://piranha.cl/23298-thickbox_default/pipa-top-smoke-premium-pyrex-3-8cm-aprox-diseno-aleatorio.jpg",2726,"Astro Growshop",17990,"Pipa Pyrex Inferno 5- Top Smoke","https://cdnx.jumpseller.com/astrogrowshop/image/70607109/imagen_1_29338.webp?1765561508",2.57
0.60,Pipas,top-smoke,top-smoke,1353,"Piranha",6990,"Pipa Pyrex Top Smoke | PIRANHA","https://piranha.cl/23298-thickbox_default/pipa-top-smoke-premium-pyrex-3-8cm-aprox-diseno-aleatorio.jpg",2730,"Astro Growshop",14990,"Pipa Pyrex Krypton 6- Top Smoke","https://cdnx.jumpseller.com/astrogrowshop/image/70607187/imagen_2_29342.webp?1765561654",2.14
0.60,Pipas,top-smoke,top-smoke,1353,"Piranha",6990,"Pipa Pyrex Top Smoke | PIRANHA","https://piranha.cl/23298-thickbox_default/pipa-top-smoke-premium-pyrex-3-8cm-aprox-diseno-aleatorio.jpg",2737,"Astro Growshop",14990,"Pipa Pyrex Nitro 1- Top Smoke","https://cdnx.jumpseller.com/astrogrowshop/image/70607526/imagen_2_29327.webp?1765562571",2.14
0.60,Pipas,top-smoke,top-smoke,1353,"Piranha",6990,"Pipa Pyrex Top Smoke | PIRANHA","https://piranha.cl/23298-thickbox_default/pipa-top-smoke-premium-pyrex-3-8cm-aprox-diseno-aleatorio.jpg",2743,"Astro Growshop",9990,"Pipa Pyrex Nova 7- Top Smoke","https://cdnx.jumpseller.com/astrogrowshop/image/70607601/imagen_3_29346.webp?1765562806",1.43
0.60,Pipas,top-smoke,top-smoke,1353,"Piranha",6990,"Pipa Pyrex Top Smoke | PIRANHA","https://piranha.cl/23298-thickbox_default/pipa-top-smoke-premium-pyrex-3-8cm-aprox-diseno-aleatorio.jpg",2755,"Astro Growshop",17990,"Pipa Pyrex Phantom 4- Top Smoke","https://cdnx.jumpseller.com/astrogrowshop/image/70607851/imagen_1_29335.webp?1765563447",2.57
0.60,Pipas,top-smoke,top-smoke,1353,"Piranha",6990,"Pipa Pyrex Top Smoke | PIRANHA","https://piranha.cl/23298-thickbox_default/pipa-top-smoke-premium-pyrex-3-8cm-aprox-diseno-aleatorio.jpg",12123,"Astro Growshop",9990,"Pipa Pyrex Toxic 8- Top Smoke","https://cdnx.jumpseller.com/astrogrowshop/image/70608797/imagen_2_29348.webp?1765565577",1.43
0.60,Pipas,top-smoke,top-smoke,1353,"Piranha",6990,"Pipa Pyrex Top Smoke | PIRANHA","https://piranha.cl/23298-thickbox_default/pipa-top-smoke-premium-pyrex-3-8cm-aprox-diseno-aleatorio.jpg",12133,"Astro Growshop",8990,"Pipa Pyrex Venom 2- Top Smoke","https://cdnx.jumpseller.com/astrogrowshop/image/70608861/imagen_1_29329.webp?1765565673",1.29
0.60,Pipas,top-smoke,top-smoke,1353,"Piranha",6990,"Pipa Pyrex Top Smoke | PIRANHA","https://piranha.cl/23298-thickbox_default/pipa-top-smoke-premium-pyrex-3-8cm-aprox-diseno-aleatorio.jpg",12139,"Astro Growshop",14990,"Pipa Pyrex Vortex 3- Top Smoke","https://cdnx.jumpseller.com/astrogrowshop/image/70608950/imagen_1_29332.webp?1765565889",2.14
0.60,Repuestos para bongs y vaporizadores,,,2034,"Fumetas",4990,"Quemador Bowl Macho 14mm","https://cdnx.jumpseller.com/fumetas-store/image/52507951/Quemador-Macho-14mm-Bong.jpg?1725393322",12450,"Astro Growshop",3990,"Quemador Bong Cuerno Macho 14Mm","https://cdnx.jumpseller.com/astrogrowshop/image/70132757/imagen_1_28250.webp?1764084659",1.25
0.60,Bandejas y ceniceros,raw,raw,2061,"Fumetas",10990,"Bandeja RAW metálica Classic - Grande","https://cdnx.jumpseller.com/fumetas-store/image/6819497/RAW_Classic_Grande.png?1637806943",12591,"Astro Growshop",9990,"Bandeja Metálica Zombie Grande-Raw","https://cdnx.jumpseller.com/astrogrowshop/image/70179150/imagen_4_15135.webp?1764187553",1.10
0.60,Bandejas y ceniceros,raw,raw,2064,"Fumetas",10990,"Bandeja RAW metálica Girl - Grande","https://cdnx.jumpseller.com/fumetas-store/image/34374748/Bandeja-RAW-Girl-Grande.webp?1682124143",12591,"Astro Growshop",9990,"Bandeja Metálica Zombie Grande-Raw","https://cdnx.jumpseller.com/astrogrowshop/image/70179150/imagen_4_15135.webp?1764187553",1.10
0.60,Pipas,top-smoke,top-smoke,2698,"Astro Growshop",17990,"Pipa Pyrex Cyclone 9- Top Smoke","https://cdnx.jumpseller.com/astrogrowshop/image/70601796/imagen_1_29350.webp?1765550949",15553,"Piranha",14990,"Pipa Pyrex Top Smoke | PIRANHA","https://piranha.cl/23355-thickbox_default/pipa-top-smoke-premium-pyrex-5-12cm-aprox-diseno-aleatorio.jpg",1.20
0.60,Pipas,top-smoke,top-smoke,2726,"Astro Growshop",17990,"Pipa Pyrex Inferno 5- Top Smoke","https://cdnx.jumpseller.com/astrogrowshop/image/70607109/imagen_1_29338.webp?1765561508",15553,"Piranha",14990,"Pipa Pyrex Top Smoke | PIRANHA","https://piranha.cl/23355-thickbox_default/pipa-top-smoke-premium-pyrex-5-12cm-aprox-diseno-aleatorio.jpg",1.20
0.60,Pipas,top-smoke,top-smoke,2730,"Astro Growshop",14990,"Pipa Pyrex Krypton 6- Top Smoke","https://cdnx.jumpseller.com/astrogrowshop/image/70607187/imagen_2_29342.webp?1765561654",15553,"Piranha",14990,"Pipa Pyrex Top Smoke | PIRANHA","https://piranha.cl/23355-thickbox_default/pipa-top-smoke-premium-pyrex-5-12cm-aprox-diseno-aleatorio.jpg",1.00
0.60,Pipas,top-smoke,top-smoke,2737,"Astro Growshop",14990,"Pipa Pyrex Nitro 1- Top Smoke","https://cdnx.jumpseller.com/astrogrowshop/image/70607526/imagen_2_29327.webp?1765562571",15553,"Piranha",14990,"Pipa Pyrex Top Smoke | PIRANHA","https://piranha.cl/23355-thickbox_default/pipa-top-smoke-premium-pyrex-5-12cm-aprox-diseno-aleatorio.jpg",1.00
0.60,Pipas,top-smoke,top-smoke,2743,"Astro Growshop",9990,"Pipa Pyrex Nova 7- Top Smoke","https://cdnx.jumpseller.com/astrogrowshop/image/70607601/imagen_3_29346.webp?1765562806",15553,"Piranha",14990,"Pipa Pyrex Top Smoke | PIRANHA","https://piranha.cl/23355-thickbox_default/pipa-top-smoke-premium-pyrex-5-12cm-aprox-diseno-aleatorio.jpg",1.50
0.60,Pipas,top-smoke,top-smoke,2755,"Astro Growshop",17990,"Pipa Pyrex Phantom 4- Top Smoke","https://cdnx.jumpseller.com/astrogrowshop/image/70607851/imagen_1_29335.webp?1765563447",15553,"Piranha",14990,"Pipa Pyrex Top Smoke | PIRANHA","https://piranha.cl/23355-thickbox_default/pipa-top-smoke-premium-pyrex-5-12cm-aprox-diseno-aleatorio.jpg",1.20
0.60,Otros parafernalia,ozeta,ozeta,11048,"Piranha",22990,"OZeta Clip Pequeño","https://piranha.cl/14599-thickbox_default/estuche-anti-olor-ozeta-clip-pequeno.jpg",19782,"Fumetas",22990,"Ozeta Clip Pequeño - Anti-olor","https://cdnx.jumpseller.com/fumetas-store/image/30378268/Ozeta-Clip-Mini.webp?1774965691",1.00
0.60,Accesorios de extraccion,puffco,puffco,11109,"Piranha",467492,"New Peak Pro - Puffco","https://piranha.cl/14449-thickbox_default/vaporizador-puffco-new-peak-pro-color-a-eleccion.jpg",17216,"Astro Growshop",314990,"New Peak Bliss - Puffco","https://cdnx.jumpseller.com/astrogrowshop/image/70946218/imagen_1_27992.webp?1775593130",1.48
0.60,Accesorios de extraccion,puffco,puffco,11109,"Piranha",467492,"New Peak Pro - Puffco","https://piranha.cl/14449-thickbox_default/vaporizador-puffco-new-peak-pro-color-a-eleccion.jpg",17217,"Astro Growshop",258990,"New Peak Cloud -Puffco","https://cdnx.jumpseller.com/astrogrowshop/image/70946243/imagen_1_23379.webp?1766522480",1.81
0.60,Accesorios de extraccion,puffco,puffco,11109,"Piranha",467492,"New Peak Pro - Puffco","https://piranha.cl/14449-thickbox_default/vaporizador-puffco-new-peak-pro-color-a-eleccion.jpg",17218,"Astro Growshop",258990,"New Peak Onyx -Puffco","https://cdnx.jumpseller.com/astrogrowshop/image/70946258/imagen_1_23374.webp?1766522503",1.81
0.60,Accesorios de extraccion,puffco,puffco,11109,"Piranha",467492,"New Peak Pro - Puffco","https://piranha.cl/14449-thickbox_default/vaporizador-puffco-new-peak-pro-color-a-eleccion.jpg",17219,"Astro Growshop",258990,"New Peak Sky - Puffco","https://cdnx.jumpseller.com/astrogrowshop/image/71343609/imagen_2_23385.webp?1767364675",1.81
0.60,Otros parafernalia,ocb,ocb,11244,"Piranha",6490,"Máquina Enroladora Metálica OCB Nº1","https://piranha.cl/15130-thickbox_default/maquina-enroladora-metalica-ocb-n1.jpg",19750,"Fumetas",12990,"Enroladora Automática OCB Metálica","https://cdnx.jumpseller.com/fumetas-store/image/63976618/enroladora-OCB-Metalica-automatica-fuemtas-store.jpg?1748660815",2.00
0.60,Contenedores y estuches,,,11261,"Piranha",24833,"Bolso Anti Olor Dime Bags The Boss con Candado 25cm | PIRANHA","https://piranha.cl/22431-thickbox_default/bolso-anti-olor-dime-bags-the-boss-con-candado-25cm.jpg",13318,"Fumetas",35990,"Dime Bags Estuche The Boss Con Clave Anti-Olor 25cm","https://cdnx.jumpseller.com/fumetas-store/image/62046918/Dime-bags-the-boss-25cm-fumetas-store-negro.jpg?1778709686",1.45
0.60,Filtros y boquillas,,,11477,"GrowBarato Chile",27900,"Sploofy Pro Filtro De Aire Personal","https://www.growbaratochile.cl/5983-large_default/sploofy-pro-filtro-de-aire-personal.jpg",18024,"Astro Growshop",34990,"Filtro Personal Pro II -Sploofy","https://cdnx.jumpseller.com/astrogrowshop/image/70210481/imagen_3_27602.webp?1764262004",1.25
0.60,Encendedores y sopletes,clipper,clipper,11515,"GrowBarato Chile",550,"Piedra Clipper┃Repuesto para encendedor","https://www.growbaratochile.cl/8658-large_default/piedra-clipper.jpg",19285,"Fumetas",990,"Clipper Repuesto Piedra Pack 9 Unidades","https://cdnx.jumpseller.com/fumetas-store/image/72228860/Repuesto-Piedra-Clipper-1.jpg?1769183172",1.80
0.60,Accesorios de extraccion,bonglab,bonglab,11578,"GrowBarato Chile",18000,"Kit Banger Bonglab ┃Accesorio para dabbear","https://www.growbaratochile.cl/6290-large_default/kit-banger-bonglab.jpg",18147,"Astro Growshop",19990,"Round Kit Banger-Bonglab","https://cdnx.jumpseller.com/astrogrowshop/image/70239397/imagen_1_18257.webp?1764344011",1.11
0.60,Accesorios de extraccion,bonglab,bonglab,11578,"GrowBarato Chile",18000,"Kit Banger Bonglab ┃Accesorio para dabbear","https://www.growbaratochile.cl/6290-large_default/kit-banger-bonglab.jpg",18149,"Astro Growshop",23990,"Screw Kit Banger-Bonglab","https://cdnx.jumpseller.com/astrogrowshop/image/70239541/imagen_1_18258.webp?1764344345",1.33
0.60,Accesorios de extraccion,bonglab,bonglab,11578,"GrowBarato Chile",18000,"Kit Banger Bonglab ┃Accesorio para dabbear","https://www.growbaratochile.cl/6290-large_default/kit-banger-bonglab.jpg",18150,"Astro Growshop",23990,"Spinner Kit Banger-Bonglab","https://cdnx.jumpseller.com/astrogrowshop/image/70309353/imagen_1_18259.webp?1764618523",1.33
0.60,Accesorios de extraccion,bonglab,bonglab,11578,"GrowBarato Chile",18000,"Kit Banger Bonglab ┃Accesorio para dabbear","https://www.growbaratochile.cl/6290-large_default/kit-banger-bonglab.jpg",18159,"Astro Growshop",19990,"Waist Kit Banger-Bonglab","https://cdnx.jumpseller.com/astrogrowshop/image/70309397/imagen_1_18260.webp?1764618587",1.11
0.60,Repuestos para bongs y vaporizadores,bonglab,bonglab,11877,"Astro Growshop",3990,"Difusor 14Mm-Bonglab","https://cdnx.jumpseller.com/astrogrowshop/image/70236119/imagen_1_28322.webp?1764339071",15788,"Piranha",4990,"Difusor Bonglab 14mm/14cm | PIRANHA","https://piranha.cl/24081-thickbox_default/difusor-bonglab-14mm14cm-color-a-eleccion.jpg",1.25
0.60,Pipas,top-smoke,top-smoke,12123,"Astro Growshop",9990,"Pipa Pyrex Toxic 8- Top Smoke","https://cdnx.jumpseller.com/astrogrowshop/image/70608797/imagen_2_29348.webp?1765565577",15553,"Piranha",14990,"Pipa Pyrex Top Smoke | PIRANHA","https://piranha.cl/23355-thickbox_default/pipa-top-smoke-premium-pyrex-5-12cm-aprox-diseno-aleatorio.jpg",1.50
0.60,Pipas,top-smoke,top-smoke,12133,"Astro Growshop",8990,"Pipa Pyrex Venom 2- Top Smoke","https://cdnx.jumpseller.com/astrogrowshop/image/70608861/imagen_1_29329.webp?1765565673",15553,"Piranha",14990,"Pipa Pyrex Top Smoke | PIRANHA","https://piranha.cl/23355-thickbox_default/pipa-top-smoke-premium-pyrex-5-12cm-aprox-diseno-aleatorio.jpg",1.67
0.60,Pipas,top-smoke,top-smoke,12139,"Astro Growshop",14990,"Pipa Pyrex Vortex 3- Top Smoke","https://cdnx.jumpseller.com/astrogrowshop/image/70608950/imagen_1_29332.webp?1765565889",15553,"Piranha",14990,"Pipa Pyrex Top Smoke | PIRANHA","https://piranha.cl/23355-thickbox_default/pipa-top-smoke-premium-pyrex-5-12cm-aprox-diseno-aleatorio.jpg",1.00
0.60,Papelillos,,,12196,"Astro Growshop",990,"Papelillo King Size De Luxe-Smoking","https://cdnx.jumpseller.com/astrogrowshop/image/70179252/imagen_1_29038.webp?1764187675",19791,"Fumetas",690,"Papelillos Smoking Deluxe King Size","https://cdnx.jumpseller.com/fumetas-store/image/17822637/papel-smoking-deluxe-20-king-size.jpg?1635278625",1.43
0.60,Repuestos para bongs y vaporizadores,,,12450,"Astro Growshop",3990,"Quemador Bong Cuerno Macho 14Mm","https://cdnx.jumpseller.com/astrogrowshop/image/70132757/imagen_1_28250.webp?1764084659",12914,"Fumetas",3990,"Quemador Macho 14mm - Colores","https://cdnx.jumpseller.com/fumetas-store/image/16770770/Quemador_Macho_verde_14mm.jpg?1632505649",1.00
0.60,Repuestos para bongs y vaporizadores,,,12450,"Astro Growshop",3990,"Quemador Bong Cuerno Macho 14Mm","https://cdnx.jumpseller.com/astrogrowshop/image/70132757/imagen_1_28250.webp?1764084659",19339,"Fumetas",2990,"Quemador Verde - Macho 14mm","https://cdnx.jumpseller.com/fumetas-store/image/14770150/Quemador_14mm_verde_cono.jpg?1643318369",1.33
0.60,Repuestos para bongs y vaporizadores,,,12519,"Astro Growshop",3990,"Quemador Macho 14Mm","https://cdnx.jumpseller.com/astrogrowshop/image/72476847/AMBAR-1.webp?1774890330",12916,"Fumetas",3890,"Quemador Transparente - Macho 14mm/18mm","https://cdnx.jumpseller.com/fumetas-store/image/15594021/Quemador_Macho_transparente_14mm.jpg?1628442584",1.03
0.60,Repuestos para bongs y vaporizadores,,,12519,"Astro Growshop",3990,"Quemador Macho 14Mm","https://cdnx.jumpseller.com/astrogrowshop/image/72476847/AMBAR-1.webp?1774890330",13673,"Fumetas",9990,"Quemador Zig Zag - Macho 14mm","https://cdnx.jumpseller.com/fumetas-store/image/12369482/Bowlz14-18.jpg?1611336397",2.50
0.60,Repuestos para bongs y vaporizadores,,,12519,"Astro Growshop",3990,"Quemador Macho 14Mm","https://cdnx.jumpseller.com/astrogrowshop/image/72476847/AMBAR-1.webp?1774890330",19337,"Fumetas",5990,"Quemador King Skull - Macho 14mm","https://cdnx.jumpseller.com/fumetas-store/image/37794345/Quemador-King-Skull-Green-Macho-14mm.webp?1689802122",1.50
0.60,Repuestos para bongs y vaporizadores,,,12519,"Astro Growshop",3990,"Quemador Macho 14Mm","https://cdnx.jumpseller.com/astrogrowshop/image/72476847/AMBAR-1.webp?1774890330",20188,"Fumetas",4990,"Quemador Darth Vader Macho 14mm","https://cdnx.jumpseller.com/fumetas-store/image/6097771/WhatsApp_Image_2019-07-17_at_00.10.58__1_.jpeg?1632515249",1.25
0.60,Encendedores y sopletes,zippo,zippo,12552,"Astro Growshop",34990,"Encendedor Classic Flat Sand Logo - Zippo","https://cdnx.jumpseller.com/astrogrowshop/image/70210508/imagen_1_flat.webp?1764262050",19742,"Fumetas",36990,"Encendedor Zippo Flat Sand","https://cdnx.jumpseller.com/fumetas-store/image/69605405/Zippo-49453ZL-Flat-Sand.jpg?1762965210",1.06
0.60,Encendedores y sopletes,zippo,zippo,12553,"Astro Growshop",34990,"Encendedor Classic Red Matte Logo - Zippo","https://cdnx.jumpseller.com/astrogrowshop/image/70177312/imagen_1_redmate.webp?1764185376",19746,"Fumetas",36990,"Encendedor Zippo Red Matte","https://cdnx.jumpseller.com/fumetas-store/image/36431840/Encendedor-Zippo-Red-Matte__1_.webp?1763587211",1.06
0.60,Vaporizadores herbales,dynavap,dynavap,12568,"Astro Growshop",160990,"Pack Starter The M7-Dynavap","https://cdnx.jumpseller.com/astrogrowshop/image/70928856/imagen_3_27970.webp?1766502772",19430,"Fumetas",105990,"Vaporizador DynaVap M7 Starter Kit","https://cdnx.jumpseller.com/fumetas-store/image/68881594/Dynavap-Caja.jpg?1761081788",1.52
0.60,Repuestos para bongs y vaporizadores,,bonglab,12576,"Astro Growshop",3990,"Quemador Hembra 14Mm","https://cdnx.jumpseller.com/astrogrowshop/image/72534302/quemador_hembra_14mm_ambaR.webp?1769787624",12843,"Fumetas",4990,"Bonglab Quemador Hembra 14mm Clear","https://cdnx.jumpseller.com/fumetas-store/image/17581472/bonglab-quemador-clear-hembra-18-mm.jpg?1632505801",1.25
0.60,Repuestos para bongs y vaporizadores,,,12577,"Astro Growshop",3990,"Quemador Macho 18Mm","https://cdnx.jumpseller.com/astrogrowshop/image/72476806/AMBAR-1.webp?1769703980",12902,"Fumetas",4990,"Quemador Macho 18mm - Diferentes Colores","https://cdnx.jumpseller.com/fumetas-store/image/16987651/Quemador_macho_18mm_azul.jpg?1632505678",1.25
0.60,Repuestos para bongs y vaporizadores,,,12577,"Astro Growshop",3990,"Quemador Macho 18Mm","https://cdnx.jumpseller.com/astrogrowshop/image/72476806/AMBAR-1.webp?1769703980",12916,"Fumetas",3890,"Quemador Transparente - Macho 14mm/18mm","https://cdnx.jumpseller.com/fumetas-store/image/15594021/Quemador_Macho_transparente_14mm.jpg?1628442584",1.03
0.60,Repuestos para bongs y vaporizadores,,,12577,"Astro Growshop",3990,"Quemador Macho 18Mm","https://cdnx.jumpseller.com/astrogrowshop/image/72476806/AMBAR-1.webp?1769703980",13672,"Fumetas",3490,"Quemador Glass Cap - Macho 18mm","https://cdnx.jumpseller.com/fumetas-store/image/9374086/GSP69.jpg?1600364681",1.14
0.60,Repuestos para bongs y vaporizadores,,,12577,"Astro Growshop",3990,"Quemador Macho 18Mm","https://cdnx.jumpseller.com/astrogrowshop/image/72476806/AMBAR-1.webp?1769703980",13674,"Fumetas",9990,"Quemador Zig Zag - Macho 18mm","https://cdnx.jumpseller.com/fumetas-store/image/12369491/Bowlz14-18.jpg?1611336401",2.50
0.60,Bandejas y ceniceros,raw,raw,12591,"Astro Growshop",9990,"Bandeja Metálica Zombie Grande-Raw","https://cdnx.jumpseller.com/astrogrowshop/image/70179150/imagen_4_15135.webp?1764187553",14310,"Piranha",6990,"Bandeja Metálica RAW Zombie | PIRANHA","https://piranha.cl/17703-thickbox_default/bandeja-metalica-raw-zombie-grande.jpg",1.43
0.60,Encendedores y sopletes,zippo,zippo,12650,"Astro Growshop",30990,"Wolf Skull Feather Design-Zippo","https://cdnx.jumpseller.com/astrogrowshop/image/70176311/imagen_1_21896.webp?1764183779",15924,"Piranha",34990,"Encendedor Zippo Skull Design","https://piranha.cl/24604-thickbox_default/encendedor-zippo-skull-design.jpg",1.13
0.60,Encendedores y sopletes,zippo,zippo,12650,"Astro Growshop",30990,"Wolf Skull Feather Design-Zippo","https://cdnx.jumpseller.com/astrogrowshop/image/70176311/imagen_1_21896.webp?1764183779",18535,"Fumetas",37990,"Encendedor Zippo Skull Design","https://cdnx.jumpseller.com/fumetas-store/image/20259874/49602-Skull-Design-1.jpg?1653963815",1.23
0.60,Encendedores y sopletes,zippo,zippo,12688,"Astro Growshop",39990,"Flamingo Skull Design-Zippo","https://cdnx.jumpseller.com/astrogrowshop/image/70212049/imagen_1_21532.webp?1764264284",12959,"Fumetas",33990,"Encendedor Zippo Sugar Skull Design","https://cdnx.jumpseller.com/fumetas-store/image/47686554/Sugar-Skull-Zippo-Encendedor-48710-4.jpg?1747184242",1.18
0.60,Encendedores y sopletes,zippo,zippo,12688,"Astro Growshop",39990,"Flamingo Skull Design-Zippo","https://cdnx.jumpseller.com/astrogrowshop/image/70212049/imagen_1_21532.webp?1764264284",18507,"Fumetas",35190,"Encendedor Zippo Skull King Design","https://cdnx.jumpseller.com/fumetas-store/image/41201874/Zippo-49666-Skull-King-Design.webp?1710171767",1.14
0.60,Filtros y boquillas,bukket,,12992,"Fumetas",29990,"Sploofy Pro Filtro Personal","https://cdnx.jumpseller.com/fumetas-store/image/39928072/Sploofy-Pro-Black.webp?1695244585",17912,"Astro Growshop",29990,"Pro Filtro De Humo Personal Aqua -Sploofy","https://cdnx.jumpseller.com/astrogrowshop/image/70889846/imagen_1_27164.webp?1766421919",1.00
0.60,Filtros y boquillas,bukket,,12992,"Fumetas",29990,"Sploofy Pro Filtro Personal","https://cdnx.jumpseller.com/fumetas-store/image/39928072/Sploofy-Pro-Black.webp?1695244585",17913,"Astro Growshop",29990,"Pro Filtro De Humo Personal Red Sploofy","https://cdnx.jumpseller.com/astrogrowshop/image/76395443/sploofy-producto-rojo-fondo-blanco-portada-web.webp?1778189077",1.00
0.60,Contenedores y estuches,calvo,,13317,"Fumetas",31990,"Dime Bags Estuche The Boss Con Clave Anti-Olor 20cm","https://cdnx.jumpseller.com/fumetas-store/image/65526540/promo-dimebags-the-boss-20cm.png?1753069675",15850,"Piranha",22393,"Bolso Anti Olor Dime Bags The Boss con Candado 20cm | PIRANHA","https://piranha.cl/22423-thickbox_default/bolso-anti-olor-dime-bags-the-boss-con-candado-20cm-color-a-eleccion.jpg",1.43
0.60,Repuestos para bongs y vaporizadores,focus-v,focus-v,14380,"Piranha",75991,"Cargador Inalámbrico Focus V Aeris | PIRANHA","https://piranha.cl/24339-thickbox_default/cargador-inalambrico-focus-v-aeris.jpg",17187,"Astro Growshop",62990,"CARGADOR INALAMBRICO-FOCUS V","https://cdnx.jumpseller.com/astrogrowshop/image/72808546/VPFVCGINB2.webp?1770379319",1.21
0.60,Vaporizadores herbales,weecke,weecke,15882,"Piranha",48993,"Vaporizador Weecke C Vapor Mini | PIRANHA","https://piranha.cl/21577-thickbox_default/vaporizador-weecke-c-vapor-mini.jpg",17815,"Astro Growshop",59990,"Vaporizador Hierbas Weecke C Vapor Mini","https://cdnx.jumpseller.com/astrogrowshop/image/70930151/imagen_1_27576_11zon.webp?1766504747",1.22
0.60,Conos y blunts,lion-rolling-circus,lion-rolling-circus,15927,"Piranha",1386,"Blunt Wrap Terpenes KKKSH - Lion Rolling Circus | PIRANHA","https://piranha.cl/15651-thickbox_default/blunt-wrap-terpenes-kkksh.jpg",17942,"Astro Growshop",1490,"Blunt Hemp Wrap Kksh Terpenes- Lion Rolling Circus","https://cdnx.jumpseller.com/astrogrowshop/image/70609194/imagen_1_28875.webp?1765566428",1.08
0.60,Conos y blunts,lion-rolling-circus,lion-rolling-circus,15927,"Piranha",1386,"Blunt Wrap Terpenes KKKSH - Lion Rolling Circus | PIRANHA","https://piranha.cl/15651-thickbox_default/blunt-wrap-terpenes-kkksh.jpg",17943,"Astro Growshop",1490,"Blunt Hemp Wrap Strawberry Terpenes- Lion Rolling Circus","https://cdnx.jumpseller.com/astrogrowshop/image/70609200/imagen_1_28876.webp?1765566477",1.08
0.60,Conos y blunts,lion-rolling-circus,lion-rolling-circus,15928,"Piranha",1386,"Blunt Wrap Terpenes Tangie - Lion Rolling Circus | PIRANHA","https://piranha.cl/15652-thickbox_default/blunt-wrap-terpenes-tangie.jpg",17942,"Astro Growshop",1490,"Blunt Hemp Wrap Kksh Terpenes- Lion Rolling Circus","https://cdnx.jumpseller.com/astrogrowshop/image/70609194/imagen_1_28875.webp?1765566428",1.08
0.60,Conos y blunts,lion-rolling-circus,lion-rolling-circus,15928,"Piranha",1386,"Blunt Wrap Terpenes Tangie - Lion Rolling Circus | PIRANHA","https://piranha.cl/15652-thickbox_default/blunt-wrap-terpenes-tangie.jpg",17943,"Astro Growshop",1490,"Blunt Hemp Wrap Strawberry Terpenes- Lion Rolling Circus","https://cdnx.jumpseller.com/astrogrowshop/image/70609200/imagen_1_28876.webp?1765566477",1.08
0.60,Accesorios de extraccion,puffco,puffco,16040,"Piranha",258993,"Vaporizador Proxy Kit Black - Puffco","https://piranha.cl/22636-thickbox_default/vaporizador-puffco-proxy-kit-color-a-eleccion.jpg",18204,"Astro Growshop",156990,"Proxy Wizard Black-Puffco","https://cdnx.jumpseller.com/astrogrowshop/image/71345081/imagen_2_20844.webp?1767366899",1.65
0.60,Accesorios de extraccion,puffco,puffco,16064,"Piranha",299993,"Vaporizador Puffco New Proxy Kit - Puffco","https://piranha.cl/23132-thickbox_default/vaporizador-puffco-new-proxy-kit-color-a-eleccion.jpg",18172,"Astro Growshop",499990,"Vaporizador Extractos New Proxy -Puffco","https://cdnx.jumpseller.com/astrogrowshop/image/70946225/imagen_2_24061.webp?1766522457",1.67
0.60,Accesorios de extraccion,puffco,puffco,16064,"Piranha",299993,"Vaporizador Puffco New Proxy Kit - Puffco","https://piranha.cl/23132-thickbox_default/vaporizador-puffco-new-proxy-kit-color-a-eleccion.jpg",18203,"Astro Growshop",381990,"NEW PROXY CORE - PUFFCO","https://cdnx.jumpseller.com/astrogrowshop/image/75119809/VPPFNPRXCOR_204.webp?1774468763",1.27
0.60,Accesorios de extraccion,yocan,yocan,16068,"Piranha",14391,"Vaporizador para Cartridge Yocan Kodo Pro | PIRANHA","https://piranha.cl/24489-thickbox_default/vaporizador-para-cartridge-yocan-kodo-pro-color-a-eleccion.jpg",17931,"Astro Growshop",15990,"VAPORIZADOR YOCAN KODO PRO","https://cdnx.jumpseller.com/astrogrowshop/image/73160474/VAPORIZADOR_YOCAN_KODO_PRO_WHITE.webp?1770740630",1.11
0.60,Accesorios de extraccion,puffco,puffco,16168,"Piranha",149993,"Accesorio New Proxy Wizard - Puffco","https://piranha.cl/23151-thickbox_default/accesorio-puffco-new-proxy-wizard-color-a-eleccion.jpg",18194,"Astro Growshop",89990,"ACCESORIO CORE PARA NEW PROXY - PUFFCO","https://cdnx.jumpseller.com/astrogrowshop/image/75119919/VPPFACORNWPRX_205.webp?1774468868",1.67
0.60,Accesorios de extraccion,puffco,puffco,16168,"Piranha",149993,"Accesorio New Proxy Wizard - Puffco","https://piranha.cl/23151-thickbox_default/accesorio-puffco-new-proxy-wizard-color-a-eleccion.jpg",18203,"Astro Growshop",381990,"NEW PROXY CORE - PUFFCO","https://cdnx.jumpseller.com/astrogrowshop/image/75119809/VPPFNPRXCOR_204.webp?1774468763",2.55
0.60,Accesorios de extraccion,puffco,puffco,16168,"Piranha",149993,"Accesorio New Proxy Wizard - Puffco","https://piranha.cl/23151-thickbox_default/accesorio-puffco-new-proxy-wizard-color-a-eleccion.jpg",18204,"Astro Growshop",156990,"Proxy Wizard Black-Puffco","https://cdnx.jumpseller.com/astrogrowshop/image/71345081/imagen_2_20844.webp?1767366899",1.05
0.60,Accesorios de extraccion,puffco,puffco,16168,"Piranha",149993,"Accesorio New Proxy Wizard - Puffco","https://piranha.cl/23151-thickbox_default/accesorio-puffco-new-proxy-wizard-color-a-eleccion.jpg",18205,"Astro Growshop",179990,"Proxy Wizard Dessert-Puffco","https://cdnx.jumpseller.com/astrogrowshop/image/71345086/imagen_3_19874.webp?1767366921",1.20
0.60,Accesorios de extraccion,puffco,puffco,16170,"Piranha",104491,"Accesorio Puffco Proxy Core | PIRANHA","https://piranha.cl/24887-thickbox_default/accesorio-puffco-proxy-core-color-a-eleccion.jpg",18194,"Astro Growshop",89990,"ACCESORIO CORE PARA NEW PROXY - PUFFCO","https://cdnx.jumpseller.com/astrogrowshop/image/75119919/VPPFACORNWPRX_205.webp?1774468868",1.16
0.60,Accesorios de extraccion,puffco,puffco,16226,"Piranha",142994,"Peak Pro Travel Glass - Puffco","https://piranha.cl/14523-thickbox_default/peak-pro-travel-glass-puffco.jpg",18206,"Astro Growshop",89990,"Peak Glass-Puffco","https://cdnx.jumpseller.com/astrogrowshop/image/71343705/imagen_1_18997.webp?1767364772",1.59
0.60,Accesorios de extraccion,puffco,puffco,16233,"Piranha",99990,"Peak Pro Glass - Puffco","https://piranha.cl/14503-thickbox_default/peak-pro-glass-puffco.jpg",17220,"Astro Growshop",86990,"Peak Pro Chamber-Puffco","https://cdnx.jumpseller.com/astrogrowshop/image/71344507/imagen_1_18403.webp?1767366111",1.15
0.60,Accesorios de extraccion,puffco,puffco,17220,"Astro Growshop",86990,"Peak Pro Chamber-Puffco","https://cdnx.jumpseller.com/astrogrowshop/image/71344507/imagen_1_18403.webp?1767366111",18585,"Fumetas",104990,"Puffco Peak Pro Glass","https://cdnx.jumpseller.com/fumetas-store/image/30106738/Puffco-Peak-Pro-Glass.webp?1670543680",1.21
0.60,Repuestos para bongs y vaporizadores,weecke,weecke,17768,"Astro Growshop",10990,"Accesorio Mouthpiece Stem Fenix Neo- Weecke","https://cdnx.jumpseller.com/astrogrowshop/image/71351767/imagen_2_29298_11zon.webp?1767379111",19829,"Fumetas",9891,"Weecke Boquilla Fenix Neo","https://cdnx.jumpseller.com/fumetas-store/image/55871726/Boquilla-Fenix-Neo.webp?1730216739",1.11
0.60,Repuestos para bongs y vaporizadores,weecke,weecke,17769,"Astro Growshop",4490,"Accesorio Mouthpiece Stem Fenix Pro -Weecke","https://cdnx.jumpseller.com/astrogrowshop/image/71351836/imagen_1_29280_11zon.webp?1767379252",19830,"Fumetas",4491,"Weecke Boquilla Fenix Pro","https://cdnx.jumpseller.com/fumetas-store/image/53793310/Boquilla-Fenix-Pro-Weecke.jpg?1727281279",1.00
0.60,Vaporizadores herbales,weecke,weecke,17814,"Astro Growshop",113990,"Vaporizador Hierba Fenix Mini Plus- Weecke","https://cdnx.jumpseller.com/astrogrowshop/image/71351614/imagen_3_24931_11zon.webp?1767378895",18567,"Fumetas",91990,"Vaporizador Fenix Mini Plus +","https://cdnx.jumpseller.com/fumetas-store/image/65414934/Fenix-Mini-Plus-Vaporizador-Weecke-2.webp?1752633403",1.24
0.60,Encendedores y sopletes,zippo,zippo,17922,"Astro Growshop",32990,"Street Art Design-Zippo","https://cdnx.jumpseller.com/astrogrowshop/image/70213362/imagen_1_22512.webp?1764266114",19488,"Fumetas",30990,"Encendedor Zippo Pop Art Design","https://cdnx.jumpseller.com/fumetas-store/image/47688612/Pop-Art-Design-Zippo-Encendedor-48707.jpg?1713224197",1.06
0.60,Repuestos para bongs y vaporizadores,storz-bickel,storz-bickel,17932,"Astro Growshop",21990,"Venty Case - Storz &amp; Bickel","https://cdnx.jumpseller.com/astrogrowshop/image/71350986/imagen_2_24519_11zon.webp?1767377775",19535,"Fumetas",25990,"Storz &amp; Bickel Estuche Veazy Case","https://cdnx.jumpseller.com/fumetas-store/image/73400468/Storz-_26-Bickel-Estuche-Veazy-Case.jpg?1771258628",1.18
0.60,Vaporizadores herbales,storz-bickel,storz-bickel,17934,"Astro Growshop",349990,"Volcano Clasico-Storz &amp; Bickel","https://cdnx.jumpseller.com/astrogrowshop/image/71351012/imagen_1_28300_11zon.webp?1767377848",19431,"Fumetas",399990,"Storz &amp; Bickel Vaporizador Volcano Classic","https://cdnx.jumpseller.com/fumetas-store/image/34530957/Vaporizador-Volcano-Classic.jpg?1682528956",1.14
0.60,Otros parafernalia,ozeta,ozeta,17940,"Astro Growshop",18990,"Billetera Black-Ozeta","https://cdnx.jumpseller.com/astrogrowshop/image/70896455/imagen_1_18955.webp?1766430539",19511,"Fumetas",27990,"Ozeta Billetera Black Anti - Olor","https://cdnx.jumpseller.com/fumetas-store/image/43390023/billetera-ozeta-anti-olor-2.webp?1702328138",1.47
0.60,Accesorios de extraccion,puffco,puffco,18207,"Astro Growshop",24990,"Peak Travel Pack- Puffco","https://cdnx.jumpseller.com/astrogrowshop/image/71343890/imagen_1_28319.webp?1767365061",20269,"Fumetas",19990,"Puffco Peak 3 Bowl Pack","https://cdnx.jumpseller.com/fumetas-store/image/30105960/Puffco-Peak-Bowl-3-Pack.jpg?1670541169",1.25
0.57,Accesorios de extraccion,calvo,calvo,153,"GrowBarato Chile",9500,"Batería 510 Calvo Glass - Batería para Cartridge Vape","https://www.growbaratochile.cl/10756-large_default/bateria-511calvo-glass.jpg",12474,"Astro Growshop",11990,"Bateria 510 350Mah -Calvo Glass","https://cdnx.jumpseller.com/astrogrowshop/image/70927575/imagen_1_28407.webp?1766500905",1.26
0.57,Accesorios de extraccion,calvo,calvo,153,"GrowBarato Chile",9500,"Batería 510 Calvo Glass - Batería para Cartridge Vape","https://www.growbaratochile.cl/10756-large_default/bateria-511calvo-glass.jpg",20214,"Fumetas",24990,"Calvo Batería Hide Cartridge 510","https://cdnx.jumpseller.com/fumetas-store/image/59887945/Bateria-Cartridge-510-Hide-Calvo-Glass-Negro.webp?1748666141",2.63
0.57,Repuestos para bongs y vaporizadores,storz-bickel,storz-bickel,497,"Piranha",98272,"Válvula Easy Valve Starter Set","https://piranha.cl/22380-thickbox_default/volcano-easy-valve-starter-set.jpg",20281,"Fumetas",145990,"Storz &amp; Bickel Easy Valve Starter Set","https://cdnx.jumpseller.com/fumetas-store/image/34389648/Easy_Valve_Starter_set_2.webp?1682233239",1.49
0.57,Bongs,gb-the-green-brand,,3192,"GrowBarato Chile",92000,"Octave HAMR Cold Start Rig - GB The Green Brand","https://www.growbaratochile.cl/9412-large_default/octave-hamr-cold-start-rig.jpg",18032,"Astro Growshop",134990,"Hamr Cold Start Rig-Octave","https://cdnx.jumpseller.com/astrogrowshop/image/70241516/imagen_1_19246.webp?1764348087",1.47
0.57,Bongs,gb-the-green-brand,,3192,"GrowBarato Chile",92000,"Octave HAMR Cold Start Rig - GB The Green Brand","https://www.growbaratochile.cl/9412-large_default/octave-hamr-cold-start-rig.jpg",18560,"Fumetas",149990,"Hamr Cold Start Rig-Octave","https://cdnx.jumpseller.com/fumetas-store/image/58283473/Hamr-Rig-Octave.webp?1734057230",1.63
0.57,Accesorios de extraccion,puffco,puffco,11109,"Piranha",467492,"New Peak Pro - Puffco","https://piranha.cl/14449-thickbox_default/vaporizador-puffco-new-peak-pro-color-a-eleccion.jpg",17186,"Astro Growshop",597990,"New Peak Pro Daybreak Limited + 3Dxl-Puffco","https://cdnx.jumpseller.com/astrogrowshop/image/71344488/imagen_1_28905.webp?1771870915",1.28
0.57,Accesorios de extraccion,calvo,calvo,12411,"Astro Growshop",24990,"BATERIA 510 ESCONDIDA 650MAH - CALVO GLASS","https://cdnx.jumpseller.com/astrogrowshop/image/75876440/23035.webp?1776450588",19374,"Fumetas",9561,"Calvo Glass Batería Cartridge 510","https://cdnx.jumpseller.com/fumetas-store/image/59811711/Bateria-Cartridge-510-Calvo-Glass-Black.jpg?1738624007",2.61
0.57,Accesorios de extraccion,calvo,calvo,12412,"Astro Growshop",15990,"Bateria 510 Led 400Mah -Calvo Glass","https://cdnx.jumpseller.com/astrogrowshop/image/70927525/imagen_1_28412.webp?1766500763",19374,"Fumetas",9561,"Calvo Glass Batería Cartridge 510","https://cdnx.jumpseller.com/fumetas-store/image/59811711/Bateria-Cartridge-510-Calvo-Glass-Black.jpg?1738624007",1.67
0.57,Vaporizadores herbales,storz-bickel,storz-bickel,12485,"Astro Growshop",7490,"Dispositivo Insuflación Mighty Y Crafty-Storz &amp; Bickel","https://cdnx.jumpseller.com/astrogrowshop/image/71345934/imagen_1_19278_11zon.webp?1767368567",16055,"Piranha",6743,"Mighty/Crafty Dispositivo de Insuflación | PIRANHA","https://piranha.cl/20154-thickbox_default/mightycrafty-dispositivo-de-insuflacion.jpg",1.11
0.57,Otros parafernalia,ozeta,ozeta,12506,"Astro Growshop",63990,"Mochila Roll Up Black-Ozeta","https://cdnx.jumpseller.com/astrogrowshop/image/70924748/imagen_3_18939.webp?1766497240",20110,"Fumetas",77990,"Ozeta Mochila Roll Up Anti - Olor","https://cdnx.jumpseller.com/fumetas-store/image/43559500/MochilaRollUp-ozeta-1.webp?1702589359",1.22
0.57,Repuestos para bongs y vaporizadores,storz-bickel,storz-bickel,12616,"Astro Growshop",23470,"Mighty Plus Case-Storz &amp; Bickel","https://cdnx.jumpseller.com/astrogrowshop/image/71346324/imagen_1_20997_11zon.webp?1767369260",19918,"Fumetas",27990,"Storz &amp; Bickel Estuche Case Mighty(+) - Anti-olor","https://cdnx.jumpseller.com/fumetas-store/image/42629933/Estuche_para_Vaporizador-Mighty-y-Mighty-Plus.jpg?1700946900",1.19
0.57,Vaporizadores herbales,weecke,weecke,12652,"Astro Growshop",5490,"Accesorio Oil Cup Fenix Mini Plus-Weecke","https://cdnx.jumpseller.com/astrogrowshop/image/71351622/imagen_1_29290_11zon.webp?1767378917",19995,"Fumetas",3990,"Cup concentrados Fenix Mini Plus +","https://cdnx.jumpseller.com/fumetas-store/image/77109030/Cup-Concentrados-Fenix-Mini-Plus.jpg?1780002461",1.38
0.57,Otros parafernalia,blazy-susan,blazy-susan,15660,"Piranha",8990,"Cotonitos Blazy Susan 300u (Pink/White) | PIRANHA","https://piranha.cl/18168-thickbox_default/cotonitos-extractos-blazy-susan-300u-pinkwhite.jpg",17188,"Astro Growshop",3990,"Cotonitos Pink -Blazy Susan","https://cdnx.jumpseller.com/astrogrowshop/image/70145753/imagen_1_22586.webp?1764099635",2.25
0.57,Otros parafernalia,ozeta,ozeta,15959,"Piranha",49990,"Case Cilíndrico c/clave - OZeta | PIRANHA","https://piranha.cl/16306-thickbox_default/case-cilindrico-cclave-anti-olor-ozeta.jpg",19320,"Fumetas",39990,"Ozeta Case Cilíndrico Con Clave Anti - Olor","https://cdnx.jumpseller.com/fumetas-store/image/43585880/bolso-case-cilindrico-02.webp?1702675231",1.25
0.57,Accesorios de extraccion,puffco,puffco,16015,"Piranha",87991,"Accesorio Puffco Pivot Glass Adapter con 3D Chamber - Puffco","https://piranha.cl/23813-thickbox_default/accesorio-puffco-pivot-glass-adapter-con-3d-chamber.jpg",17202,"Astro Growshop",101990,"Pivot 3D Chamber 2Pack-Puffco","https://cdnx.jumpseller.com/astrogrowshop/image/71344104/imagen_3_24404.webp?1767365537",1.16
0.57,Accesorios de extraccion,puffco,puffco,16015,"Piranha",87991,"Accesorio Puffco Pivot Glass Adapter con 3D Chamber - Puffco","https://piranha.cl/23813-thickbox_default/accesorio-puffco-pivot-glass-adapter-con-3d-chamber.jpg",18579,"Fumetas",99990,"Puffco Pivot 3D Chamber 2-Pack","https://cdnx.jumpseller.com/fumetas-store/image/58880533/3D-Chamber-Puffco-Pivot-2-Pack.jpg?1736273541",1.14
0.57,Vaporizadores herbales,storz-bickel,storz-bickel,16055,"Piranha",6743,"Mighty/Crafty Dispositivo de Insuflación | PIRANHA","https://piranha.cl/20154-thickbox_default/mightycrafty-dispositivo-de-insuflacion.jpg",19882,"Fumetas",8990,"Storz &amp; Bickel Dispositivo de Insuflación Mighty y Crafty","https://cdnx.jumpseller.com/fumetas-store/image/24182317/Dispositivo_insuflaci_n.png?1652718598",1.33
0.57,Accesorios de extraccion,puffco,puffco,16096,"Piranha",144492,"Puffco Peak Pro 3DXL Chamber | PIRANHA","https://piranha.cl/17849-thickbox_default/puffco-peak-pro-3d-xl-chamber.jpg",17194,"Astro Growshop",107990,"Peak Pro 3D Chamber-Puffco","https://cdnx.jumpseller.com/astrogrowshop/image/71344452/imagen_1_18998.webp?1767365946",1.34
0.57,Accesorios de extraccion,puffco,puffco,16096,"Piranha",144492,"Puffco Peak Pro 3DXL Chamber | PIRANHA","https://piranha.cl/17849-thickbox_default/puffco-peak-pro-3d-xl-chamber.jpg",20136,"Fumetas",149990,"Puffco Atomizador Peak Pro 3DXL","https://cdnx.jumpseller.com/fumetas-store/image/69452654/Puffco-3dxL-1.jpg?1762523239",1.04
0.57,Accesorios de extraccion,puffco,puffco,16109,"Piranha",79191,"Repuesto New Proxy 3D Chamber - Puffco","https://piranha.cl/23807-thickbox_default/repuesto-new-puffco-proxy-3d-chamber.jpg",17193,"Astro Growshop",80990,"New Peak 3D Chamber-Puffco","https://cdnx.jumpseller.com/astrogrowshop/image/70946204/imagen_2_23372.webp?1766522399",1.02
0.57,Accesorios de extraccion,puffco,puffco,16123,"Piranha",107991,"Puffco Peak Pro 3D Chamber | PIRANHA","https://piranha.cl/18970-thickbox_default/puffco-peak-pro-3d-chamber.jpg",17193,"Astro Growshop",80990,"New Peak 3D Chamber-Puffco","https://cdnx.jumpseller.com/astrogrowshop/image/70946204/imagen_2_23372.webp?1766522399",1.33
0.57,Accesorios de extraccion,puffco,puffco,16123,"Piranha",107991,"Puffco Peak Pro 3D Chamber | PIRANHA","https://piranha.cl/18970-thickbox_default/puffco-peak-pro-3d-chamber.jpg",17195,"Astro Growshop",161990,"Peak Pro 3Dxl Chamber-Puffco","https://cdnx.jumpseller.com/astrogrowshop/image/71344458/imagen_1_21963.webp?1767365968",1.50
0.57,Accesorios de extraccion,puffco,puffco,16160,"Piranha",34791,"Puffco Peak Pro Joystick Cap | PIRANHA","https://piranha.cl/17857-thickbox_default/puffco-peak-pro-joystick-cap-color-a-eleccion.jpg",18198,"Astro Growshop",39990,"Cap Peak Pro Ball-Puffco","https://cdnx.jumpseller.com/astrogrowshop/image/71344494/imagen_1_18450.webp?1767366089",1.15
0.57,Accesorios de extraccion,puffco,puffco,16160,"Piranha",34791,"Puffco Peak Pro Joystick Cap | PIRANHA","https://piranha.cl/17857-thickbox_default/puffco-peak-pro-joystick-cap-color-a-eleccion.jpg",18584,"Fumetas",29990,"Puffco Peak Pro Ball Cap","https://cdnx.jumpseller.com/fumetas-store/image/30105066/Peak_Pro_Ball_Cap-Puffco.webp?1670535472",1.16
0.57,Accesorios de extraccion,puffco,puffco,16198,"Piranha",94991,"Puffco Pivot 3D Chamber (2-Pack) | PIRANHA","https://piranha.cl/19861-thickbox_default/puffco-pivot-3d-chamber-2-pack.jpg",17202,"Astro Growshop",101990,"Pivot 3D Chamber 2Pack-Puffco","https://cdnx.jumpseller.com/astrogrowshop/image/71344104/imagen_3_24404.webp?1767365537",1.07
0.57,Accesorios de extraccion,puffco,puffco,16212,"Piranha",195492,"Accesorio Puffco Peak Pro Link Onyx | PIRANHA","https://piranha.cl/24894-thickbox_default/accesorio-puffco-peak-pro-link-onyx.jpg",17207,"Astro Growshop",467490,"New Peak Pro Onyx-Puffco","https://cdnx.jumpseller.com/astrogrowshop/image/70946144/imagen_1_19855.webp?1774269899",2.39
0.57,Accesorios de extraccion,puffco,puffco,16215,"Piranha",32191,"The Peak Pro Ball Cap Guardian - Puffco","https://piranha.cl/14519-thickbox_default/the-peak-pro-ball-cap-guardian-puffco.jpg",18583,"Fumetas",39990,"Peak Pro Joystick Cap Puffco","https://cdnx.jumpseller.com/fumetas-store/image/44166552/Joystick-Cap-Peak-Pro-Puffco-Onyx.webp?1704726562",1.24
0.57,Accesorios de extraccion,puffco,puffco,16226,"Piranha",142994,"Peak Pro Travel Glass - Puffco","https://piranha.cl/14523-thickbox_default/peak-pro-travel-glass-puffco.jpg",18195,"Astro Growshop",219990,"Peak Travel Glass Shadow Black-Puffco","https://cdnx.jumpseller.com/astrogrowshop/image/71343874/imagen_2_18388.webp?1767365009",1.54
0.57,Accesorios de extraccion,puffco,puffco,16226,"Piranha",142994,"Peak Pro Travel Glass - Puffco","https://piranha.cl/14523-thickbox_default/peak-pro-travel-glass-puffco.jpg",18196,"Astro Growshop",197990,"Peak Travel Glass Ultraviolet Purple-Puffco","https://cdnx.jumpseller.com/astrogrowshop/image/71343881/imagen_1_9590.webp?1767365038",1.38
0.57,Accesorios de extraccion,puffco,puffco,16233,"Piranha",99990,"Peak Pro Glass - Puffco","https://piranha.cl/14503-thickbox_default/peak-pro-glass-puffco.jpg",17199,"Astro Growshop",161990,"Peak Pro Travel Glass Guardian Edition-Puffco","https://cdnx.jumpseller.com/astrogrowshop/image/70945983/imagen_1_18437.webp?1766522078",1.62
0.57,Accesorios de extraccion,puffco,puffco,17199,"Astro Growshop",161990,"Peak Pro Travel Glass Guardian Edition-Puffco","https://cdnx.jumpseller.com/astrogrowshop/image/70945983/imagen_1_18437.webp?1766522078",18585,"Fumetas",104990,"Puffco Peak Pro Glass","https://cdnx.jumpseller.com/fumetas-store/image/30106738/Puffco-Peak-Pro-Glass.webp?1670543680",1.54
0.57,Accesorios de extraccion,puffco,puffco,17200,"Astro Growshop",34690,"Peak Pro Joystick Cap Onyx-Puffco","https://cdnx.jumpseller.com/astrogrowshop/image/71344536/imagen_3_21981.webp?1767366164",18584,"Fumetas",29990,"Puffco Peak Pro Ball Cap","https://cdnx.jumpseller.com/fumetas-store/image/30105066/Peak_Pro_Ball_Cap-Puffco.webp?1670535472",1.16
0.57,Accesorios de extraccion,puffco,puffco,17201,"Astro Growshop",34690,"Peak Pro Joystick Cap Pearl-Puffco","https://cdnx.jumpseller.com/astrogrowshop/image/71344548/imagen_2_21977.webp?1767366188",18584,"Fumetas",29990,"Puffco Peak Pro Ball Cap","https://cdnx.jumpseller.com/fumetas-store/image/30105066/Peak_Pro_Ball_Cap-Puffco.webp?1670535472",1.16
0.57,Accesorios de extraccion,puffco,puffco,17224,"Astro Growshop",36990,"New Peak Pro Travel Pack Pearl-Puffco","https://cdnx.jumpseller.com/astrogrowshop/image/70946161/imagen_1_20778.webp?1766522315",20312,"Fumetas",22990,"Travel Pack Puffco Peak","https://cdnx.jumpseller.com/fumetas-store/image/26784861/blackgroup_960x960.webp?1662412131",1.61
0.56,Papelillos,lion-rolling-circus,lion-rolling-circus,492,"Piranha",1891,"Papelillo Blueberry Moon King Size Lion Rolling Circus | PIRANHA","https://piranha.cl/20004-thickbox_default/papelillo-blueberry-moon-king-size-lion-rolling-circus.jpg",11587,"GrowBarato Chile",1300,"Lion Silver King Size de Lion Rolling Circus","https://www.growbaratochile.cl/8628-large_default/rolling-circus-silver-big-smoke.jpg",1.45
0.56,Papelillos,lion-rolling-circus,lion-rolling-circus,492,"Piranha",1891,"Papelillo Blueberry Moon King Size Lion Rolling Circus | PIRANHA","https://piranha.cl/20004-thickbox_default/papelillo-blueberry-moon-king-size-lion-rolling-circus.jpg",11588,"GrowBarato Chile",1300,"Unbleach King Size de Lion Rolling Circus","https://www.growbaratochile.cl/8333-large_default/rolling-circus-unbleach-big-smoke.jpg",1.45
0.56,Papelillos,lion-rolling-circus,lion-rolling-circus,492,"Piranha",1891,"Papelillo Blueberry Moon King Size Lion Rolling Circus | PIRANHA","https://piranha.cl/20004-thickbox_default/papelillo-blueberry-moon-king-size-lion-rolling-circus.jpg",17908,"Astro Growshop",1390,"Papelillos King Size Alfalfa-Lion Rolling Circus","https://cdnx.jumpseller.com/astrogrowshop/image/70175900/imagen_1_15304.webp?1764183057",1.36
0.56,Accesorios de extraccion,puffco,puffco,11054,"Piranha",497692,"Vaporizador Puffco New Peak Pro Onyx 3DXL Limited | PIRANHA","https://piranha.cl/22691-thickbox_default/vaporizador-puffco-new-peak-pro-onyx-limited-3dxl-chamber.jpg",17190,"Astro Growshop",597990,"New Peak Pro Pearl + 3Dxl-Puffco","https://cdnx.jumpseller.com/astrogrowshop/image/71344473/imagen_2_27999.webp?1771872139",1.20
0.56,Accesorios de extraccion,puffco,puffco,11054,"Piranha",497692,"Vaporizador Puffco New Peak Pro Onyx 3DXL Limited | PIRANHA","https://piranha.cl/22691-thickbox_default/vaporizador-puffco-new-peak-pro-onyx-limited-3dxl-chamber.jpg",17191,"Astro Growshop",597990,"New Peak Pro Storm + 3Dxl-Puffco","https://cdnx.jumpseller.com/astrogrowshop/image/71343596/imagen_1_24371_11zon.webp?1767364647",1.20
0.56,Accesorios de extraccion,puffco,puffco,11055,"Piranha",497692,"Vaporizador Puffco New Peak Pro Pearl 3DXL Limited | PIRANHA","https://piranha.cl/22699-thickbox_default/vaporizador-puffco-new-peak-pro-pearl-limited-3dxl-chamber.jpg",17189,"Astro Growshop",597990,"New Peak Pro Onyx + 3Dxl-Puffco","https://cdnx.jumpseller.com/astrogrowshop/image/71344463/imagen_1_27997.webp?1771871153",1.20
0.56,Accesorios de extraccion,puffco,puffco,11055,"Piranha",497692,"Vaporizador Puffco New Peak Pro Pearl 3DXL Limited | PIRANHA","https://piranha.cl/22699-thickbox_default/vaporizador-puffco-new-peak-pro-pearl-limited-3dxl-chamber.jpg",17191,"Astro Growshop",597990,"New Peak Pro Storm + 3Dxl-Puffco","https://cdnx.jumpseller.com/astrogrowshop/image/71343596/imagen_1_24371_11zon.webp?1767364647",1.20
0.56,Papelillos,lion-rolling-circus,lion-rolling-circus,11587,"GrowBarato Chile",1300,"Lion Silver King Size de Lion Rolling Circus","https://www.growbaratochile.cl/8628-large_default/rolling-circus-silver-big-smoke.jpg",16009,"Piranha",1891,"Papelillo Bloody Strawberry King Size Lion Rolling Circus | PIRANHA","https://piranha.cl/20002-thickbox_default/papelillo-bloody-strawberry-king-size-lion-rolling-circus.jpg",1.45
0.56,Papelillos,lion-rolling-circus,lion-rolling-circus,11587,"GrowBarato Chile",1300,"Lion Silver King Size de Lion Rolling Circus","https://www.growbaratochile.cl/8628-large_default/rolling-circus-silver-big-smoke.jpg",16011,"Piranha",1891,"Papelillo Sweetie Watermelon King Size Lion Rolling Circus | PIRANHA","https://piranha.cl/20008-thickbox_default/papelillo-sweetie-watermelon-king-size-lion-rolling-circus.jpg",1.45
0.56,Papelillos,lion-rolling-circus,lion-rolling-circus,11588,"GrowBarato Chile",1300,"Unbleach King Size de Lion Rolling Circus","https://www.growbaratochile.cl/8333-large_default/rolling-circus-unbleach-big-smoke.jpg",16009,"Piranha",1891,"Papelillo Bloody Strawberry King Size Lion Rolling Circus | PIRANHA","https://piranha.cl/20002-thickbox_default/papelillo-bloody-strawberry-king-size-lion-rolling-circus.jpg",1.45
0.56,Papelillos,lion-rolling-circus,lion-rolling-circus,11588,"GrowBarato Chile",1300,"Unbleach King Size de Lion Rolling Circus","https://www.growbaratochile.cl/8333-large_default/rolling-circus-unbleach-big-smoke.jpg",16011,"Piranha",1891,"Papelillo Sweetie Watermelon King Size Lion Rolling Circus | PIRANHA","https://piranha.cl/20008-thickbox_default/papelillo-sweetie-watermelon-king-size-lion-rolling-circus.jpg",1.45
0.56,Conos y blunts,g-rollz,g-rollz,12413,"Astro Growshop",2490,"Blunt Hemp Wrap X4 Sabor a Elección- G-Rollz","https://cdnx.jumpseller.com/astrogrowshop/image/74029621/BLUNT-HEMP-WRAP-G-ROLLZ-GRAPE-UVA.webp?1772560669",12889,"Fumetas",1990,"G-Rollz Blunt Hemp Wrap x4 - Slow Burning","https://cdnx.jumpseller.com/fumetas-store/image/44338977/G-Rollz-Blunt-4-Blueberry1.webp?1719869549",1.25
0.56,Conos y blunts,lion-rolling-circus,lion-rolling-circus,15985,"Piranha",1386,"Blunt Wrap - Lion Rolling Circus Terpenes - Gelato","https://piranha.cl/11895-thickbox_default/blunt-wrap-lion-rolling-circus-terpenes-gelato.jpg",18033,"Astro Growshop",1490,"Hemp Wrap Terpenes Tangie - Lion Rolling Circus","https://cdnx.jumpseller.com/astrogrowshop/image/70600679/imagen_1_28860.webp?1765548437",1.08
0.56,Papelillos,lion-rolling-circus,lion-rolling-circus,16009,"Piranha",1891,"Papelillo Bloody Strawberry King Size Lion Rolling Circus | PIRANHA","https://piranha.cl/20002-thickbox_default/papelillo-bloody-strawberry-king-size-lion-rolling-circus.jpg",17908,"Astro Growshop",1390,"Papelillos King Size Alfalfa-Lion Rolling Circus","https://cdnx.jumpseller.com/astrogrowshop/image/70175900/imagen_1_15304.webp?1764183057",1.36
0.56,Papelillos,lion-rolling-circus,lion-rolling-circus,16011,"Piranha",1891,"Papelillo Sweetie Watermelon King Size Lion Rolling Circus | PIRANHA","https://piranha.cl/20008-thickbox_default/papelillo-sweetie-watermelon-king-size-lion-rolling-circus.jpg",17908,"Astro Growshop",1390,"Papelillos King Size Alfalfa-Lion Rolling Circus","https://cdnx.jumpseller.com/astrogrowshop/image/70175900/imagen_1_15304.webp?1764183057",1.36
0.56,Conos y blunts,lion-rolling-circus,lion-rolling-circus,16019,"Piranha",1304,"Blunt Wrap Blueberry Lion Rolling Circus","https://piranha.cl/8600-thickbox_default/blunt-wrap-blueberry-lion-rolling-circus.jpg",17942,"Astro Growshop",1490,"Blunt Hemp Wrap Kksh Terpenes- Lion Rolling Circus","https://cdnx.jumpseller.com/astrogrowshop/image/70609194/imagen_1_28875.webp?1765566428",1.14
0.56,Conos y blunts,lion-rolling-circus,lion-rolling-circus,16019,"Piranha",1304,"Blunt Wrap Blueberry Lion Rolling Circus","https://piranha.cl/8600-thickbox_default/blunt-wrap-blueberry-lion-rolling-circus.jpg",17943,"Astro Growshop",1490,"Blunt Hemp Wrap Strawberry Terpenes- Lion Rolling Circus","https://cdnx.jumpseller.com/astrogrowshop/image/70609200/imagen_1_28876.webp?1765566477",1.14
0.56,Conos y blunts,lion-rolling-circus,lion-rolling-circus,16020,"Piranha",1304,"Blunt Wrap Natural Lion Rolling Circus","https://piranha.cl/8601-thickbox_default/blunt-wrap-natural-lion-rolling-circus.jpg",17942,"Astro Growshop",1490,"Blunt Hemp Wrap Kksh Terpenes- Lion Rolling Circus","https://cdnx.jumpseller.com/astrogrowshop/image/70609194/imagen_1_28875.webp?1765566428",1.14
0.56,Conos y blunts,lion-rolling-circus,lion-rolling-circus,16020,"Piranha",1304,"Blunt Wrap Natural Lion Rolling Circus","https://piranha.cl/8601-thickbox_default/blunt-wrap-natural-lion-rolling-circus.jpg",17943,"Astro Growshop",1490,"Blunt Hemp Wrap Strawberry Terpenes- Lion Rolling Circus","https://cdnx.jumpseller.com/astrogrowshop/image/70609200/imagen_1_28876.webp?1765566477",1.14
0.56,Conos y blunts,lion-rolling-circus,lion-rolling-circus,16021,"Piranha",1304,"Blunt Wrap Strawberry Lion Rolling Circus","https://piranha.cl/8604-thickbox_default/blunt-wrap-strawberry-lion-rolling-circus.jpg",17942,"Astro Growshop",1490,"Blunt Hemp Wrap Kksh Terpenes- Lion Rolling Circus","https://cdnx.jumpseller.com/astrogrowshop/image/70609194/imagen_1_28875.webp?1765566428",1.14
0.56,Conos y blunts,lion-rolling-circus,lion-rolling-circus,16137,"Piranha",1304,"Blunt Wrap Lion Rolling Circus","https://piranha.cl/10375-thickbox_default/friendly-url-autogeneration-failed.jpg",17941,"Astro Growshop",1490,"Blunt Hemp Wrap Gorilla Gl Terpens- Lion Rolling Circus","https://cdnx.jumpseller.com/astrogrowshop/image/70609183/imagen_1_28871.webp?1765566401",1.14
0.56,Accesorios de extraccion,puffco,puffco,16215,"Piranha",32191,"The Peak Pro Ball Cap Guardian - Puffco","https://piranha.cl/14519-thickbox_default/the-peak-pro-ball-cap-guardian-puffco.jpg",17223,"Astro Growshop",36990,"Peak Pro Travel Pack Y Ball Cap Green-Puffco","https://cdnx.jumpseller.com/astrogrowshop/image/71344632/imagen_1_17678.webp?1767366210",1.15
0.56,Accesorios de extraccion,puffco,puffco,16216,"Piranha",33992,"Puffco Peak Pro Travel Pack | PIRANHA","https://piranha.cl/17880-thickbox_default/puffco-peak-pro-travel-pack-color-a-eleccion.jpg",17223,"Astro Growshop",36990,"Peak Pro Travel Pack Y Ball Cap Green-Puffco","https://cdnx.jumpseller.com/astrogrowshop/image/71344632/imagen_1_17678.webp?1767366210",1.09