sim,category,brandKeyA,brandKeyB,idA,storeA,priceA,titleA,imgA,idB,storeB,priceB,titleB,imgB,priceRatio
0.50,Accesorios de extraccion,calvo,calvo,153,"GrowBarato Chile",9500,"Batería 510 Calvo Glass - Batería para Cartridge Vape","https://www.growbaratochile.cl/10756-large_default/bateria-511calvo-glass.jpg",12411,"Astro Growshop",24990,"BATERIA 510 ESCONDIDA 650MAH - CALVO GLASS","https://cdnx.jumpseller.com/astrogrowshop/image/75876440/23035.webp?1776450588",2.63
0.50,Accesorios de extraccion,calvo,calvo,153,"GrowBarato Chile",9500,"Batería 510 Calvo Glass - Batería para Cartridge Vape","https://www.growbaratochile.cl/10756-large_default/bateria-511calvo-glass.jpg",12412,"Astro Growshop",15990,"Bateria 510 Led 400Mah -Calvo Glass","https://cdnx.jumpseller.com/astrogrowshop/image/70927525/imagen_1_28412.webp?1766500763",1.68
0.50,Papelillos,ocb,ocb,300,"Piranha",790,"Papelillo OCB Blanco 1 1/4","https://piranha.cl/8658-thickbox_default/papelillo-ocb-blanco-1-14.jpg",798,"Astro Growshop",990,"Papelillo Blanco Ultrafino N°1 1U-Ocb","https://cdnx.jumpseller.com/astrogrowshop/image/70176014/imagen_1_15394.webp?1764183233",1.25
0.50,Papelillos,lion-rolling-circus,lion-rolling-circus,304,"Piranha",900,"Papelillo Silver Big Smoke Lion Rolling Circus","https://piranha.cl/10095-thickbox_default/papelillo-silver-big-smoke-lion-rolling-circus.jpg",11587,"GrowBarato Chile",1300,"Lion Silver King Size de Lion Rolling Circus","https://www.growbaratochile.cl/8628-large_default/rolling-circus-silver-big-smoke.jpg",1.44
0.50,Contenedores y estuches,bonglab,bonglab,417,"Astro Growshop",17990,"Jar Rosado 4Oz-Bonglab Re: Stash","https://cdnx.jumpseller.com/astrogrowshop/image/70134483/imagen_1_25885.webp?1764087548",533,"GrowBarato Chile",21600,"Mason Re: Stash Jar de Bonglab de vidrio","https://www.growbaratochile.cl/11507-large_default/mason-restash-jar-de-bonglab.jpg",1.20
0.50,Pipas,top-smoke,top-smoke,490,"Piranha",8990,"Pipa Pyrex Top Smoke | PIRANHA","https://piranha.cl/23314-thickbox_default/pipa-top-smoke-premium-pyrex-35-9cm-aprox-diseno-aleatorio.jpg",1134,"Astro Growshop",9990,"Pipa Pyrex Chromatic 114- Top Smoke","https://cdnx.jumpseller.com/astrogrowshop/image/70601860/imagen_1_29694.webp?1765551085",1.11
0.50,Pipas,top-smoke,top-smoke,490,"Piranha",8990,"Pipa Pyrex Top Smoke | PIRANHA","https://piranha.cl/23314-thickbox_default/pipa-top-smoke-premium-pyrex-35-9cm-aprox-diseno-aleatorio.jpg",1169,"Astro Growshop",9990,"Pipa Pyrex Predator X 93- Top Smoke","https://cdnx.jumpseller.com/astrogrowshop/image/70607791/imagen_1_29632.webp?1765563290",1.11
0.50,Pipas,top-smoke,top-smoke,490,"Piranha",8990,"Pipa Pyrex Top Smoke | PIRANHA","https://piranha.cl/23314-thickbox_default/pipa-top-smoke-premium-pyrex-35-9cm-aprox-diseno-aleatorio.jpg",1192,"Astro Growshop",17990,"Pipa Pyrex Voltage X 70- Top Smoke","https://cdnx.jumpseller.com/astrogrowshop/image/70608887/imagen_1_29563.webp?1765565762",2.00
0.50,Pipas,top-smoke,top-smoke,490,"Piranha",8990,"Pipa Pyrex Top Smoke | PIRANHA","https://piranha.cl/23314-thickbox_default/pipa-top-smoke-premium-pyrex-35-9cm-aprox-diseno-aleatorio.jpg",2689,"Astro Growshop",9990,"Pipa Pyrex Apollyon 126- Top Smoke","https://cdnx.jumpseller.com/astrogrowshop/image/70601698/imagen_1_29730.webp?1765550784",1.11
0.50,Pipas,top-smoke,top-smoke,490,"Piranha",8990,"Pipa Pyrex Top Smoke | PIRANHA","https://piranha.cl/23314-thickbox_default/pipa-top-smoke-premium-pyrex-35-9cm-aprox-diseno-aleatorio.jpg",2690,"Astro Growshop",9990,"Pipa Pyrex Armageddon 87- Top Smoke","https://cdnx.jumpseller.com/astrogrowshop/image/70601708/imagen_2_29615.webp?1765550811",1.11
0.50,Pipas,top-smoke,top-smoke,490,"Piranha",8990,"Pipa Pyrex Top Smoke | PIRANHA","https://piranha.cl/23314-thickbox_default/pipa-top-smoke-premium-pyrex-35-9cm-aprox-diseno-aleatorio.jpg",2691,"Astro Growshop",14990,"Pipa Pyrex Berserk 57- Top Smoke","https://cdnx.jumpseller.com/astrogrowshop/image/70601766/imagen_1_29524.webp?1765550921",1.67
0.50,Pipas,top-smoke,top-smoke,490,"Piranha",8990,"Pipa Pyrex Top Smoke | PIRANHA","https://piranha.cl/23314-thickbox_default/pipa-top-smoke-premium-pyrex-35-9cm-aprox-diseno-aleatorio.jpg",2692,"Astro Growshop",9990,"Pipa Pyrex Blackout 107- Top Smoke","https://cdnx.jumpseller.com/astrogrowshop/image/70601721/imagen_2_29675.webp?1765550834",1.11
0.50,Pipas,top-smoke,top-smoke,490,"Piranha",8990,"Pipa Pyrex Top Smoke | PIRANHA","https://piranha.cl/23314-thickbox_default/pipa-top-smoke-premium-pyrex-35-9cm-aprox-diseno-aleatorio.jpg",2693,"Astro Growshop",9990,"Pipa Pyrex Blast 18- Top Smoke","https://cdnx.jumpseller.com/astrogrowshop/image/70601740/imagen_1_29383.webp?1765550865",1.11
0.50,Pipas,top-smoke,top-smoke,490,"Piranha",8990,"Pipa Pyrex Top Smoke | PIRANHA","https://piranha.cl/23314-thickbox_default/pipa-top-smoke-premium-pyrex-35-9cm-aprox-diseno-aleatorio.jpg",2694,"Astro Growshop",9990,"Pipa Pyrex Blitz 60- Top Smoke","https://cdnx.jumpseller.com/astrogrowshop/image/70601757/imagen_1_29533.webp?1765550891",1.11
0.50,Pipas,top-smoke,top-smoke,490,"Piranha",8990,"Pipa Pyrex Top Smoke | PIRANHA","https://piranha.cl/23314-thickbox_default/pipa-top-smoke-premium-pyrex-35-9cm-aprox-diseno-aleatorio.jpg",2695,"Astro Growshop",17990,"Pipa Pyrex Carbonix 67- Top Smoke","https://cdnx.jumpseller.com/astrogrowshop/image/70601870/imagen_3_29556.webp?1765551115",2.00
0.50,Pipas,top-smoke,top-smoke,490,"Piranha",8990,"Pipa Pyrex Top Smoke | PIRANHA","https://piranha.cl/23314-thickbox_default/pipa-top-smoke-premium-pyrex-35-9cm-aprox-diseno-aleatorio.jpg",2696,"Astro Growshop",9990,"Pipa Pyrex Catalyst 86- Top Smoke","https://cdnx.jumpseller.com/astrogrowshop/image/70601874/imagen_1_29611.webp?1765551140",1.11
0.50,Pipas,top-smoke,top-smoke,490,"Piranha",8990,"Pipa Pyrex Top Smoke | PIRANHA","https://piranha.cl/23314-thickbox_default/pipa-top-smoke-premium-pyrex-35-9cm-aprox-diseno-aleatorio.jpg",2697,"Astro Growshop",14990,"Pipa Pyrex Chaos 19- Top Smoke","https://cdnx.jumpseller.com/astrogrowshop/image/70601839/imagen_4_29389.webp?1765551047",1.67
0.50,Pipas,top-smoke,top-smoke,490,"Piranha",8990,"Pipa Pyrex Top Smoke | PIRANHA","https://piranha.cl/23314-thickbox_default/pipa-top-smoke-premium-pyrex-35-9cm-aprox-diseno-aleatorio.jpg",2699,"Astro Growshop",14990,"Pipa Pyrex Cyclonix 78- Top Smoke","https://cdnx.jumpseller.com/astrogrowshop/image/70601809/imagen_3_29589.webp?1765550985",1.67
0.50,Pipas,top-smoke,top-smoke,490,"Piranha",8990,"Pipa Pyrex Top Smoke | PIRANHA","https://piranha.cl/23314-thickbox_default/pipa-top-smoke-premium-pyrex-35-9cm-aprox-diseno-aleatorio.jpg",2700,"Astro Growshop",8990,"Pipa Pyrex Cyclotron 118- Top Smoke","https://cdnx.jumpseller.com/astrogrowshop/image/70601818/imagen_3_29708.webp?1765551009",1.00
0.50,Pipas,top-smoke,top-smoke,490,"Piranha",8990,"Pipa Pyrex Top Smoke | PIRANHA","https://piranha.cl/23314-thickbox_default/pipa-top-smoke-premium-pyrex-35-9cm-aprox-diseno-aleatorio.jpg",2701,"Astro Growshop",9990,"Pipa Pyrex Darkwave 27- Top Smoke","https://cdnx.jumpseller.com/astrogrowshop/image/70602006/imagen_3_29424.webp?1765551418",1.11
0.50,Pipas,top-smoke,top-smoke,490,"Piranha",8990,"Pipa Pyrex Top Smoke | PIRANHA","https://piranha.cl/23314-thickbox_default/pipa-top-smoke-premium-pyrex-35-9cm-aprox-diseno-aleatorio.jpg",2702,"Astro Growshop",9990,"Pipa Pyrex Deathcore 110- Top Smoke","https://cdnx.jumpseller.com/astrogrowshop/image/70606809/imagen_2_29684.webp?1765560928",1.11
0.50,Pipas,top-smoke,top-smoke,490,"Piranha",8990,"Pipa Pyrex Top Smoke | PIRANHA","https://piranha.cl/23314-thickbox_default/pipa-top-smoke-premium-pyrex-35-9cm-aprox-diseno-aleatorio.jpg",2703,"Astro Growshop",17990,"Pipa Pyrex Delta 22- Top Smoke","https://cdnx.jumpseller.com/astrogrowshop/image/70601882/imagen_1_29401.webp?1765551164",2.00
0.50,Pipas,top-smoke,top-smoke,490,"Piranha",8990,"Pipa Pyrex Top Smoke | PIRANHA","https://piranha.cl/23314-thickbox_default/pipa-top-smoke-premium-pyrex-35-9cm-aprox-diseno-aleatorio.jpg",2704,"Astro Growshop",9990,"Pipa Pyrex Dominion 40- Top Smoke","https://cdnx.jumpseller.com/astrogrowshop/image/70601893/imagen_1_29473.webp?1765551192",1.11
0.50,Pipas,top-smoke,top-smoke,490,"Piranha",8990,"Pipa Pyrex Top Smoke | PIRANHA","https://piranha.cl/23314-thickbox_default/pipa-top-smoke-premium-pyrex-35-9cm-aprox-diseno-aleatorio.jpg",2705,"Astro Growshop",17990,"Pipa Pyrex Dominionx 96- Top Smoke","https://cdnx.jumpseller.com/astrogrowshop/image/70601902/imagen_2_29642.webp?1765551216",2.00
0.50,Pipas,top-smoke,top-smoke,490,"Piranha",8990,"Pipa Pyrex Top Smoke | PIRANHA","https://piranha.cl/23314-thickbox_default/pipa-top-smoke-premium-pyrex-35-9cm-aprox-diseno-aleatorio.jpg",2706,"Astro Growshop",10990,"Pipa Pyrex Drakon 58- Top Smoke","https://cdnx.jumpseller.com/astrogrowshop/image/70601972/imagen_1_29527.webp?1765551371",1.22
0.50,Pipas,top-smoke,top-smoke,490,"Piranha",8990,"Pipa Pyrex Top Smoke | PIRANHA","https://piranha.cl/23314-thickbox_default/pipa-top-smoke-premium-pyrex-35-9cm-aprox-diseno-aleatorio.jpg",2707,"Astro Growshop",9990,"Pipa Pyrex Eclipse 14- Top Smoke","https://cdnx.jumpseller.com/astrogrowshop/image/70606829/imagen_1_29365.webp?1765560959",1.11
0.50,Pipas,top-smoke,top-smoke,490,"Piranha",8990,"Pipa Pyrex Top Smoke | PIRANHA","https://piranha.cl/23314-thickbox_default/pipa-top-smoke-premium-pyrex-35-9cm-aprox-diseno-aleatorio.jpg",2708,"Astro Growshop",14990,"Pipa Pyrex Exile 63- Top Smoke","https://cdnx.jumpseller.com/astrogrowshop/image/70606859/imagen_2_29543.webp?1765560985",1.67
0.50,Pipas,top-smoke,top-smoke,490,"Piranha",8990,"Pipa Pyrex Top Smoke | PIRANHA","https://piranha.cl/23314-thickbox_default/pipa-top-smoke-premium-pyrex-35-9cm-aprox-diseno-aleatorio.jpg",2709,"Astro Growshop",9990,"Pipa Pyrex Exodus 125- Top Smoke","https://cdnx.jumpseller.com/astrogrowshop/image/70606882/imagen_1_29727.webp?1765561008",1.11
0.50,Pipas,top-smoke,top-smoke,490,"Piranha",8990,"Pipa Pyrex Top Smoke | PIRANHA","https://piranha.cl/23314-thickbox_default/pipa-top-smoke-premium-pyrex-35-9cm-aprox-diseno-aleatorio.jpg",2710,"Astro Growshop",9990,"Pipa Pyrex Flux 23- Top Smoke","https://cdnx.jumpseller.com/astrogrowshop/image/70606894/imagen_2_29405.webp?1765561033",1.11
0.50,Pipas,top-smoke,top-smoke,490,"Piranha",8990,"Pipa Pyrex Top Smoke | PIRANHA","https://piranha.cl/23314-thickbox_default/pipa-top-smoke-premium-pyrex-35-9cm-aprox-diseno-aleatorio.jpg",2711,"Astro Growshop",9990,"Pipa Pyrex Fluxion 74- Top Smoke","https://cdnx.jumpseller.com/astrogrowshop/image/70606903/imagen_1_29575.webp?1765561058",1.11
0.50,Pipas,top-smoke,top-smoke,490,"Piranha",8990,"Pipa Pyrex Top Smoke | PIRANHA","https://piranha.cl/23314-thickbox_default/pipa-top-smoke-premium-pyrex-35-9cm-aprox-diseno-aleatorio.jpg",2712,"Astro Growshop",17990,"Pipa Pyrex Frostbite 68- Top Smoke","https://cdnx.jumpseller.com/astrogrowshop/image/70606908/imagen_3_29559.webp?1765561084",2.00
0.50,Pipas,top-smoke,top-smoke,490,"Piranha",8990,"Pipa Pyrex Top Smoke | PIRANHA","https://piranha.cl/23314-thickbox_default/pipa-top-smoke-premium-pyrex-35-9cm-aprox-diseno-aleatorio.jpg",2713,"Astro Growshop",9990,"Pipa Pyrex Ghost 76- Top Smoke","https://cdnx.jumpseller.com/astrogrowshop/image/70606931/imagen_1_29581.webp?1765561108",1.11
0.50,Pipas,top-smoke,top-smoke,490,"Piranha",8990,"Pipa Pyrex Top Smoke | PIRANHA","https://piranha.cl/23314-thickbox_default/pipa-top-smoke-premium-pyrex-35-9cm-aprox-diseno-aleatorio.jpg",2714,"Astro Growshop",9990,"Pipa Pyrex Havoc 37- Top Smoke","https://cdnx.jumpseller.com/astrogrowshop/image/70606941/imagen_1_29464.webp?1765561134",1.11
0.50,Pipas,top-smoke,top-smoke,490,"Piranha",8990,"Pipa Pyrex Top Smoke | PIRANHA","https://piranha.cl/23314-thickbox_default/pipa-top-smoke-premium-pyrex-35-9cm-aprox-diseno-aleatorio.jpg",2715,"Astro Growshop",14990,"Pipa Pyrex Havocron 92- Top Smoke","https://cdnx.jumpseller.com/astrogrowshop/image/70607055/imagen_1_29629.webp?1765561384",1.67
0.50,Pipas,top-smoke,top-smoke,490,"Piranha",8990,"Pipa Pyrex Top Smoke | PIRANHA","https://piranha.cl/23314-thickbox_default/pipa-top-smoke-premium-pyrex-35-9cm-aprox-diseno-aleatorio.jpg",2717,"Astro Growshop",14990,"Pipa Pyrex Havokid 119- Top Smoke","https://cdnx.jumpseller.com/astrogrowshop/image/70606958/imagen_2_29710.webp?1765561187",1.67
0.50,Pipas,top-smoke,top-smoke,490,"Piranha",8990,"Pipa Pyrex Top Smoke | PIRANHA","https://piranha.cl/23314-thickbox_default/pipa-top-smoke-premium-pyrex-35-9cm-aprox-diseno-aleatorio.jpg",2718,"Astro Growshop",14990,"Pipa Pyrex Helix 89- Top Smoke","https://cdnx.jumpseller.com/astrogrowshop/image/70607043/imagen_3_29622.webp?1765561334",1.67
0.50,Pipas,top-smoke,top-smoke,490,"Piranha",8990,"Pipa Pyrex Top Smoke | PIRANHA","https://piranha.cl/23314-thickbox_default/pipa-top-smoke-premium-pyrex-35-9cm-aprox-diseno-aleatorio.jpg",2719,"Astro Growshop",17990,"Pipa Pyrex Hellstorm 112- Top Smoke","https://cdnx.jumpseller.com/astrogrowshop/image/70607035/imagen_2_29690.webp?1765561300",2.00
0.50,Pipas,top-smoke,top-smoke,490,"Piranha",8990,"Pipa Pyrex Top Smoke | PIRANHA","https://piranha.cl/23314-thickbox_default/pipa-top-smoke-premium-pyrex-35-9cm-aprox-diseno-aleatorio.jpg",2720,"Astro Growshop",9990,"Pipa Pyrex Hexagon 84- Top Smoke","https://cdnx.jumpseller.com/astrogrowshop/image/70606990/imagen_3_29607.webp?1765561214",1.11
0.50,Pipas,top-smoke,top-smoke,490,"Piranha",8990,"Pipa Pyrex Top Smoke | PIRANHA","https://piranha.cl/23314-thickbox_default/pipa-top-smoke-premium-pyrex-35-9cm-aprox-diseno-aleatorio.jpg",2721,"Astro Growshop",14990,"Pipa Pyrex Hologram 28- Top Smoke","https://cdnx.jumpseller.com/astrogrowshop/image/70607002/imagen_1_29425.webp?1765561246",1.67
0.50,Pipas,top-smoke,top-smoke,490,"Piranha",8990,"Pipa Pyrex Top Smoke | PIRANHA","https://piranha.cl/23314-thickbox_default/pipa-top-smoke-premium-pyrex-35-9cm-aprox-diseno-aleatorio.jpg",2722,"Astro Growshop",17990,"Pipa Pyrex Hyperblast 105- Top Smoke","https://cdnx.jumpseller.com/astrogrowshop/image/70607069/imagen_2_29669.webp?1765561432",2.00
0.50,Pipas,top-smoke,top-smoke,490,"Piranha",8990,"Pipa Pyrex Top Smoke | PIRANHA","https://piranha.cl/23314-thickbox_default/pipa-top-smoke-premium-pyrex-35-9cm-aprox-diseno-aleatorio.jpg",2723,"Astro Growshop",14990,"Pipa Pyrex Hyperion 36- Top Smoke","https://cdnx.jumpseller.com/astrogrowshop/image/70607064/imagen_2_29462.webp?1765561408",1.67
0.50,Pipas,top-smoke,top-smoke,490,"Piranha",8990,"Pipa Pyrex Top Smoke | PIRANHA","https://piranha.cl/23314-thickbox_default/pipa-top-smoke-premium-pyrex-35-9cm-aprox-diseno-aleatorio.jpg",2725,"Astro Growshop",8990,"Pipa Pyrex Incinerate 109- Top Smoke","https://cdnx.jumpseller.com/astrogrowshop/image/70607076/imagen_1_29680.webp?1765561458",1.00
0.50,Pipas,top-smoke,top-smoke,490,"Piranha",8990,"Pipa Pyrex Top Smoke | PIRANHA","https://piranha.cl/23314-thickbox_default/pipa-top-smoke-premium-pyrex-35-9cm-aprox-diseno-aleatorio.jpg",2727,"Astro Growshop",8990,"Pipa Pyrex Ionix 85- Top Smoke","https://cdnx.jumpseller.com/astrogrowshop/image/70607115/imagen_1_29608.webp?1765561535",1.00
0.50,Pipas,top-smoke,top-smoke,490,"Piranha",8990,"Pipa Pyrex Top Smoke | PIRANHA","https://piranha.cl/23314-thickbox_default/pipa-top-smoke-premium-pyrex-35-9cm-aprox-diseno-aleatorio.jpg",2728,"Astro Growshop",17990,"Pipa Pyrex Killshot 103- Top Smoke","https://cdnx.jumpseller.com/astrogrowshop/image/70607127/imagen_1_29662.webp?1765561556",2.00
0.50,Pipas,top-smoke,top-smoke,490,"Piranha",8990,"Pipa Pyrex Top Smoke | PIRANHA","https://piranha.cl/23314-thickbox_default/pipa-top-smoke-premium-pyrex-35-9cm-aprox-diseno-aleatorio.jpg",2729,"Astro Growshop",9990,"Pipa Pyrex Kraken 34- Top Smoke","https://cdnx.jumpseller.com/astrogrowshop/image/70607138/imagen_2_29456.webp?1765561580",1.11
0.50,Pipas,top-smoke,top-smoke,490,"Piranha",8990,"Pipa Pyrex Top Smoke | PIRANHA","https://piranha.cl/23314-thickbox_default/pipa-top-smoke-premium-pyrex-35-9cm-aprox-diseno-aleatorio.jpg",2731,"Astro Growshop",9990,"Pipa Pyrex Lunaris 124- Top Smoke","https://cdnx.jumpseller.com/astrogrowshop/image/70607193/imagen_1_29724.webp?1765561673",1.11
0.50,Pipas,top-smoke,top-smoke,490,"Piranha",8990,"Pipa Pyrex Top Smoke | PIRANHA","https://piranha.cl/23314-thickbox_default/pipa-top-smoke-premium-pyrex-35-9cm-aprox-diseno-aleatorio.jpg",2732,"Astro Growshop",8990,"Pipa Pyrex Mechanoid 48- Top Smoke","https://cdnx.jumpseller.com/astrogrowshop/image/70607458/imagen_1_29497.webp?1765562469",1.00
0.50,Pipas,top-smoke,top-smoke,490,"Piranha",8990,"Pipa Pyrex Top Smoke | PIRANHA","https://piranha.cl/23314-thickbox_default/pipa-top-smoke-premium-pyrex-35-9cm-aprox-diseno-aleatorio.jpg",2733,"Astro Growshop",9990,"Pipa Pyrex Mephisto 111- Top Smoke","https://cdnx.jumpseller.com/astrogrowshop/image/70607484/imagen_2_29687.webp?1765562533",1.11
0.50,Pipas,top-smoke,top-smoke,490,"Piranha",8990,"Pipa Pyrex Top Smoke | PIRANHA","https://piranha.cl/23314-thickbox_default/pipa-top-smoke-premium-pyrex-35-9cm-aprox-diseno-aleatorio.jpg",2734,"Astro Growshop",9990,"Pipa Pyrex Neonix 65- Top Smoke","https://cdnx.jumpseller.com/astrogrowshop/image/70607586/imagen_2_29549.webp?1765562735",1.11
0.50,Pipas,top-smoke,top-smoke,490,"Piranha",8990,"Pipa Pyrex Top Smoke | PIRANHA","https://piranha.cl/23314-thickbox_default/pipa-top-smoke-premium-pyrex-35-9cm-aprox-diseno-aleatorio.jpg",2735,"Astro Growshop",9990,"Pipa Pyrex Nexus 26- Top Smoke","https://cdnx.jumpseller.com/astrogrowshop/image/70607623/imagen_3_29415.webp?1765562862",1.11
0.50,Pipas,top-smoke,top-smoke,490,"Piranha",8990,"Pipa Pyrex Top Smoke | PIRANHA","https://piranha.cl/23314-thickbox_default/pipa-top-smoke-premium-pyrex-35-9cm-aprox-diseno-aleatorio.jpg",2736,"Astro Growshop",14990,"Pipa Pyrex Nightfall 116- Top Smoke","https://cdnx.jumpseller.com/astrogrowshop/image/70607581/imagen_1_29700.webp?1765562700",1.67
0.50,Pipas,top-smoke,top-smoke,490,"Piranha",8990,"Pipa Pyrex Top Smoke | PIRANHA","https://piranha.cl/23314-thickbox_default/pipa-top-smoke-premium-pyrex-35-9cm-aprox-diseno-aleatorio.jpg",2738,"Astro Growshop",9990,"Pipa Pyrex Nitroblade 115- Top Smoke","https://cdnx.jumpseller.com/astrogrowshop/image/70607547/imagen_1_29697.webp?1765562605",1.11
0.50,Pipas,top-smoke,top-smoke,490,"Piranha",8990,"Pipa Pyrex Top Smoke | PIRANHA","https://piranha.cl/23314-thickbox_default/pipa-top-smoke-premium-pyrex-35-9cm-aprox-diseno-aleatorio.jpg",2739,"Astro Growshop",9990,"Pipa Pyrex Nitrocore 30- Top Smoke","https://cdnx.jumpseller.com/astrogrowshop/image/70607572/imagen_2_29436.webp?1765562674",1.11
0.50,Pipas,top-smoke,top-smoke,490,"Piranha",8990,"Pipa Pyrex Top Smoke | PIRANHA","https://piranha.cl/23314-thickbox_default/pipa-top-smoke-premium-pyrex-35-9cm-aprox-diseno-aleatorio.jpg",2740,"Astro Growshop",9990,"Pipa Pyrex Nitroshock 79- Top Smoke","https://cdnx.jumpseller.com/astrogrowshop/image/70607597/imagen_1_29590.webp?1765562780",1.11
0.50,Pipas,top-smoke,top-smoke,490,"Piranha",8990,"Pipa Pyrex Top Smoke | PIRANHA","https://piranha.cl/23314-thickbox_default/pipa-top-smoke-premium-pyrex-35-9cm-aprox-diseno-aleatorio.jpg",2741,"Astro Growshop",14990,"Pipa Pyrex Nitrovolt 90- Top Smoke","https://cdnx.jumpseller.com/astrogrowshop/image/70607614/imagen_3_29625.webp?1765562834",1.67
0.50,Pipas,top-smoke,top-smoke,490,"Piranha",8990,"Pipa Pyrex Top Smoke | PIRANHA","https://piranha.cl/23314-thickbox_default/pipa-top-smoke-premium-pyrex-35-9cm-aprox-diseno-aleatorio.jpg",2742,"Astro Growshop",9990,"Pipa Pyrex Nitrozone 101- Top Smoke","https://cdnx.jumpseller.com/astrogrowshop/image/70607647/imagen_1_29656.webp?1765562887",1.11
0.50,Pipas,top-smoke,top-smoke,490,"Piranha",8990,"Pipa Pyrex Top Smoke | PIRANHA","https://piranha.cl/23314-thickbox_default/pipa-top-smoke-premium-pyrex-35-9cm-aprox-diseno-aleatorio.jpg",2744,"Astro Growshop",14990,"Pipa Pyrex Oblivion 41- Top Smoke","https://cdnx.jumpseller.com/astrogrowshop/image/70607657/imagen_2_29477.webp?1765562912",1.67
0.50,Pipas,top-smoke,top-smoke,490,"Piranha",8990,"Pipa Pyrex Top Smoke | PIRANHA","https://piranha.cl/23314-thickbox_default/pipa-top-smoke-premium-pyrex-35-9cm-aprox-diseno-aleatorio.jpg",2745,"Astro Growshop",14990,"Pipa Pyrex Omega 12- Top Smoke","https://cdnx.jumpseller.com/astrogrowshop/image/70607684/imagen_1_29359.webp?1765563006",1.67
0.50,Pipas,top-smoke,top-smoke,490,"Piranha",8990,"Pipa Pyrex Top Smoke | PIRANHA","https://piranha.cl/23314-thickbox_default/pipa-top-smoke-premium-pyrex-35-9cm-aprox-diseno-aleatorio.jpg",2746,"Astro Growshop",17990,"Pipa Pyrex Outbreak 91- Top Smoke","https://cdnx.jumpseller.com/astrogrowshop/image/70607697/imagen_2_29627.webp?1765563060",2.00
0.50,Pipas,top-smoke,top-smoke,490,"Piranha",8990,"Pipa Pyrex Top Smoke | PIRANHA","https://piranha.cl/23314-thickbox_default/pipa-top-smoke-premium-pyrex-35-9cm-aprox-diseno-aleatorio.jpg",2747,"Astro Growshop",17990,"Pipa Pyrex Outlaw 49- Top Smoke","https://cdnx.jumpseller.com/astrogrowshop/image/70607701/imagen_3_29502.webp?1765563084",2.00
0.50,Pipas,top-smoke,top-smoke,490,"Piranha",8990,"Pipa Pyrex Top Smoke | PIRANHA","https://piranha.cl/23314-thickbox_default/pipa-top-smoke-premium-pyrex-35-9cm-aprox-diseno-aleatorio.jpg",2748,"Astro Growshop",14990,"Pipa Pyrex Outrage 120- Top Smoke","https://cdnx.jumpseller.com/astrogrowshop/image/70607689/imagen_1_29712.webp?1765563032",1.67
0.50,Pipas,top-smoke,top-smoke,490,"Piranha",8990,"Pipa Pyrex Top Smoke | PIRANHA","https://piranha.cl/23314-thickbox_default/pipa-top-smoke-premium-pyrex-35-9cm-aprox-diseno-aleatorio.jpg",2749,"Astro Growshop",9990,"Pipa Pyrex Overcharge 117- Top Smoke","https://cdnx.jumpseller.com/astrogrowshop/image/70607707/imagen_1_29703.webp?1765563138",1.11
0.50,Pipas,top-smoke,top-smoke,490,"Piranha",8990,"Pipa Pyrex Top Smoke | PIRANHA","https://piranha.cl/23314-thickbox_default/pipa-top-smoke-premium-pyrex-35-9cm-aprox-diseno-aleatorio.jpg",2750,"Astro Growshop",9990,"Pipa Pyrex Overdrive 72- Top Smoke","https://cdnx.jumpseller.com/astrogrowshop/image/70607720/imagen_2_29570.webp?1765563164",1.11
0.50,Pipas,top-smoke,top-smoke,490,"Piranha",8990,"Pipa Pyrex Top Smoke | PIRANHA","https://piranha.cl/23314-thickbox_default/pipa-top-smoke-premium-pyrex-35-9cm-aprox-diseno-aleatorio.jpg",2751,"Astro Growshop",8990,"Pipa Pyrex Overflux 97- Top Smoke","https://cdnx.jumpseller.com/astrogrowshop/image/70607729/imagen_1_29644.webp?1765563192",1.00
0.50,Pipas,top-smoke,top-smoke,490,"Piranha",8990,"Pipa Pyrex Top Smoke | PIRANHA","https://piranha.cl/23314-thickbox_default/pipa-top-smoke-premium-pyrex-35-9cm-aprox-diseno-aleatorio.jpg",2752,"Astro Growshop",9990,"Pipa Pyrex Overkill 33- Top Smoke","https://cdnx.jumpseller.com/astrogrowshop/image/70607704/imagen_1_29452.webp?1765563109",1.11
0.50,Pipas,top-smoke,top-smoke,490,"Piranha",8990,"Pipa Pyrex Top Smoke | PIRANHA","https://piranha.cl/23314-thickbox_default/pipa-top-smoke-premium-pyrex-35-9cm-aprox-diseno-aleatorio.jpg",2753,"Astro Growshop",17990,"Pipa Pyrex Overlord 104- Top Smoke","https://cdnx.jumpseller.com/astrogrowshop/image/70607740/imagen_1_29665.webp?1765563215",2.00
0.50,Pipas,top-smoke,top-smoke,490,"Piranha",8990,"Pipa Pyrex Top Smoke | PIRANHA","https://piranha.cl/23314-thickbox_default/pipa-top-smoke-premium-pyrex-35-9cm-aprox-diseno-aleatorio.jpg",2754,"Astro Growshop",9990,"Pipa Pyrex Paradox 61- Top Smoke","https://cdnx.jumpseller.com/astrogrowshop/image/70607834/imagen_3_29538.webp?1765563419",1.11
0.50,Pipas,top-smoke,top-smoke,490,"Piranha",8990,"Pipa Pyrex Top Smoke | PIRANHA","https://piranha.cl/23314-thickbox_default/pipa-top-smoke-premium-pyrex-35-9cm-aprox-diseno-aleatorio.jpg",12093,"Astro Growshop",17990,"Pipa Pyrex Phantomix 94- Top Smoke","https://cdnx.jumpseller.com/astrogrowshop/image/70607868/imagen_2_29636.webp?1765563482",2.00
0.50,Pipas,top-smoke,top-smoke,490,"Piranha",8990,"Pipa Pyrex Top Smoke | PIRANHA","https://piranha.cl/23314-thickbox_default/pipa-top-smoke-premium-pyrex-35-9cm-aprox-diseno-aleatorio.jpg",12094,"Astro Growshop",9990,"Pipa Pyrex Phoenix 71- Top Smoke","https://cdnx.jumpseller.com/astrogrowshop/image/70607794/imagen_2_29567.webp?1765563319",1.11
0.50,Pipas,top-smoke,top-smoke,490,"Piranha",8990,"Pipa Pyrex Top Smoke | PIRANHA","https://piranha.cl/23314-thickbox_default/pipa-top-smoke-premium-pyrex-35-9cm-aprox-diseno-aleatorio.jpg",12095,"Astro Growshop",9990,"Pipa Pyrex Plasma 11- Top Smoke","https://cdnx.jumpseller.com/astrogrowshop/image/70607799/imagen_2_29357.webp?1765563342",1.11
0.50,Pipas,top-smoke,top-smoke,490,"Piranha",8990,"Pipa Pyrex Top Smoke | PIRANHA","https://piranha.cl/23314-thickbox_default/pipa-top-smoke-premium-pyrex-35-9cm-aprox-diseno-aleatorio.jpg",12096,"Astro Growshop",17990,"Pipa Pyrex Plasmatic 95- Top Smoke","https://cdnx.jumpseller.com/astrogrowshop/image/70607822/imagen_1_29638.webp?1765563390",2.00
0.50,Pipas,top-smoke,top-smoke,490,"Piranha",8990,"Pipa Pyrex Top Smoke | PIRANHA","https://piranha.cl/23314-thickbox_default/pipa-top-smoke-premium-pyrex-35-9cm-aprox-diseno-aleatorio.jpg",12097,"Astro Growshop",14990,"Pipa Pyrex Predator 46- Top Smoke","https://cdnx.jumpseller.com/astrogrowshop/image/70607764/imagen_1_29491.webp?1765563237",1.67
0.50,Pipas,top-smoke,top-smoke,490,"Piranha",8990,"Pipa Pyrex Top Smoke | PIRANHA","https://piranha.cl/23314-thickbox_default/pipa-top-smoke-premium-pyrex-35-9cm-aprox-diseno-aleatorio.jpg",12098,"Astro Growshop",14990,"Pipa Pyrex Pulse 38- Top Smoke","https://cdnx.jumpseller.com/astrogrowshop/image/70607810/imagen_1_29467.webp?1765563366",1.67
0.50,Pipas,top-smoke,top-smoke,490,"Piranha",8990,"Pipa Pyrex Top Smoke | PIRANHA","https://piranha.cl/23314-thickbox_default/pipa-top-smoke-premium-pyrex-35-9cm-aprox-diseno-aleatorio.jpg",12099,"Astro Growshop",9990,"Pipa Pyrex Pyro 24- Top Smoke","https://cdnx.jumpseller.com/astrogrowshop/image/70607896/imagen_2_29408.webp?1765563512",1.11
0.50,Pipas,top-smoke,top-smoke,490,"Piranha",8990,"Pipa Pyrex Top Smoke | PIRANHA","https://piranha.cl/23314-thickbox_default/pipa-top-smoke-premium-pyrex-35-9cm-aprox-diseno-aleatorio.jpg",12100,"Astro Growshop",9990,"Pipa Pyrex Quantum 21- Top Smoke","https://cdnx.jumpseller.com/astrogrowshop/image/70607910/imagen_2_29399.webp?1765563544",1.11
0.50,Pipas,top-smoke,top-smoke,490,"Piranha",8990,"Pipa Pyrex Top Smoke | PIRANHA","https://piranha.cl/23314-thickbox_default/pipa-top-smoke-premium-pyrex-35-9cm-aprox-diseno-aleatorio.jpg",12101,"Astro Growshop",14990,"Pipa Pyrex Rampage 50- Top Smoke","https://cdnx.jumpseller.com/astrogrowshop/image/70607915/imagen_1_29503.webp?1765563564",1.67
0.50,Pipas,top-smoke,top-smoke,490,"Piranha",8990,"Pipa Pyrex Top Smoke | PIRANHA","https://piranha.cl/23314-thickbox_default/pipa-top-smoke-premium-pyrex-35-9cm-aprox-diseno-aleatorio.jpg",12102,"Astro Growshop",17990,"Pipa Pyrex Rampart 83- Top Smoke","https://cdnx.jumpseller.com/astrogrowshop/image/70607989/imagen_3_29604.webp?1765563736",2.00
0.50,Pipas,top-smoke,top-smoke,490,"Piranha",8990,"Pipa Pyrex Top Smoke | PIRANHA","https://piranha.cl/23314-thickbox_default/pipa-top-smoke-premium-pyrex-35-9cm-aprox-diseno-aleatorio.jpg",12103,"Astro Growshop",14990,"Pipa Pyrex Reactor 29- Top Smoke","https://cdnx.jumpseller.com/astrogrowshop/image/70607957/imagen_4_29431.webp?1765563647",1.67
0.50,Pipas,top-smoke,top-smoke,490,"Piranha",8990,"Pipa Pyrex Top Smoke | PIRANHA","https://piranha.cl/23314-thickbox_default/pipa-top-smoke-premium-pyrex-35-9cm-aprox-diseno-aleatorio.jpg",12104,"Astro Growshop",14990,"Pipa Pyrex Reaper 51- Top Smoke","https://cdnx.jumpseller.com/astrogrowshop/image/70607976/imagen_1_29506.webp?1765563712",1.67
0.50,Pipas,top-smoke,top-smoke,490,"Piranha",8990,"Pipa Pyrex Top Smoke | PIRANHA","https://piranha.cl/23314-thickbox_default/pipa-top-smoke-premium-pyrex-35-9cm-aprox-diseno-aleatorio.jpg",12105,"Astro Growshop",9990,"Pipa Pyrex Rebel 64- Top Smoke","https://cdnx.jumpseller.com/astrogrowshop/image/70607932/imagen_1_29545.webp?1765563587",1.11
0.50,Pipas,top-smoke,top-smoke,490,"Piranha",8990,"Pipa Pyrex Top Smoke | PIRANHA","https://piranha.cl/23314-thickbox_default/pipa-top-smoke-premium-pyrex-35-9cm-aprox-diseno-aleatorio.jpg",12106,"Astro Growshop",17990,"Pipa Pyrex Redline 98- Top Smoke","https://cdnx.jumpseller.com/astrogrowshop/image/70607973/imagen_2_29648.webp?1765563682",2.00
0.50,Pipas,top-smoke,top-smoke,490,"Piranha",8990,"Pipa Pyrex Top Smoke | PIRANHA","https://piranha.cl/23314-thickbox_default/pipa-top-smoke-premium-pyrex-35-9cm-aprox-diseno-aleatorio.jpg",12107,"Astro Growshop",9990,"Pipa Pyrex Riot 17- Top Smoke","https://cdnx.jumpseller.com/astrogrowshop/image/70607996/imagen_3_29379.webp?1765563765",1.11
0.50,Pipas,top-smoke,top-smoke,490,"Piranha",8990,"Pipa Pyrex Top Smoke | PIRANHA","https://piranha.cl/23314-thickbox_default/pipa-top-smoke-premium-pyrex-35-9cm-aprox-diseno-aleatorio.jpg",12108,"Astro Growshop",14990,"Pipa Pyrex Sabotage 99- Top Smoke","https://cdnx.jumpseller.com/astrogrowshop/image/70608022/imagen_3_29652.webp?1765563823",1.67
0.50,Pipas,top-smoke,top-smoke,490,"Piranha",8990,"Pipa Pyrex Top Smoke | PIRANHA","https://piranha.cl/23314-thickbox_default/pipa-top-smoke-premium-pyrex-35-9cm-aprox-diseno-aleatorio.jpg",12109,"Astro Growshop",9990,"Pipa Pyrex Savage 42- Top Smoke","https://cdnx.jumpseller.com/astrogrowshop/image/70608015/imagen_1_29479.webp?1765563797",1.11
0.50,Pipas,top-smoke,top-smoke,490,"Piranha",8990,"Pipa Pyrex Top Smoke | PIRANHA","https://piranha.cl/23314-thickbox_default/pipa-top-smoke-premium-pyrex-35-9cm-aprox-diseno-aleatorio.jpg",12110,"Astro Growshop",9990,"Pipa Pyrex Shadow 52- Top Smoke","https://cdnx.jumpseller.com/astrogrowshop/image/70608072/imagen_1_29509.webp?1765563941",1.11
0.50,Pipas,top-smoke,top-smoke,490,"Piranha",8990,"Pipa Pyrex Top Smoke | PIRANHA","https://piranha.cl/23314-thickbox_default/pipa-top-smoke-premium-pyrex-35-9cm-aprox-diseno-aleatorio.jpg",12111,"Astro Growshop",17990,"Pipa Pyrex Shadowcore 81- Top Smoke","https://cdnx.jumpseller.com/astrogrowshop/image/70608036/imagen_2_29597.webp?1765563846",2.00
0.50,Pipas,top-smoke,top-smoke,490,"Piranha",8990,"Pipa Pyrex Top Smoke | PIRANHA","https://piranha.cl/23314-thickbox_default/pipa-top-smoke-premium-pyrex-35-9cm-aprox-diseno-aleatorio.jpg",12112,"Astro Growshop",9990,"Pipa Pyrex Shocker 10- Top Smoke","https://cdnx.jumpseller.com/astrogrowshop/image/70608059/imagen_3_29355.webp?1765563897",1.11
0.50,Pipas,top-smoke,top-smoke,490,"Piranha",8990,"Pipa Pyrex Top Smoke | PIRANHA","https://piranha.cl/23314-thickbox_default/pipa-top-smoke-premium-pyrex-35-9cm-aprox-diseno-aleatorio.jpg",12113,"Astro Growshop",9990,"Pipa Pyrex Shogun 39- Top Smoke","https://cdnx.jumpseller.com/astrogrowshop/image/70608065/imagen_3_29472.webp?1765563918",1.11
0.50,Pipas,top-smoke,top-smoke,490,"Piranha",8990,"Pipa Pyrex Top Smoke | PIRANHA","https://piranha.cl/23314-thickbox_default/pipa-top-smoke-premium-pyrex-35-9cm-aprox-diseno-aleatorio.jpg",12114,"Astro Growshop",17990,"Pipa Pyrex Shredder 108- Top Smoke","https://cdnx.jumpseller.com/astrogrowshop/image/70608055/imagen_1_29677.webp?1765563873",2.00
0.50,Pipas,top-smoke,top-smoke,490,"Piranha",8990,"Pipa Pyrex Top Smoke | PIRANHA","https://piranha.cl/23314-thickbox_default/pipa-top-smoke-premium-pyrex-35-9cm-aprox-diseno-aleatorio.jpg",12115,"Astro Growshop",14990,"Pipa Pyrex Slayer 77- Top Smoke","https://cdnx.jumpseller.com/astrogrowshop/image/70608561/imagen_1_29584.webp?1765565023",1.67
0.50,Pipas,top-smoke,top-smoke,490,"Piranha",8990,"Pipa Pyrex Top Smoke | PIRANHA","https://piranha.cl/23314-thickbox_default/pipa-top-smoke-premium-pyrex-35-9cm-aprox-diseno-aleatorio.jpg",12116,"Astro Growshop",14990,"Pipa Pyrex Spectre 66- Top Smoke","https://cdnx.jumpseller.com/astrogrowshop/image/70608572/imagen_2_29552.webp?1765565045",1.67
0.50,Pipas,top-smoke,top-smoke,490,"Piranha",8990,"Pipa Pyrex Top Smoke | PIRANHA","https://piranha.cl/23314-thickbox_default/pipa-top-smoke-premium-pyrex-35-9cm-aprox-diseno-aleatorio.jpg",12117,"Astro Growshop",9990,"Pipa Pyrex Stealth 20- Top Smoke","https://cdnx.jumpseller.com/astrogrowshop/image/70608588/imagen_3_29394.webp?1765565073",1.11
0.50,Pipas,top-smoke,top-smoke,490,"Piranha",8990,"Pipa Pyrex Top Smoke | PIRANHA","https://piranha.cl/23314-thickbox_default/pipa-top-smoke-premium-pyrex-35-9cm-aprox-diseno-aleatorio.jpg",12118,"Astro Growshop",9990,"Pipa Pyrex Tempest 32- Top Smoke","https://cdnx.jumpseller.com/astrogrowshop/image/70608670/imagen_2_29446.webp?1765565260",1.11
0.50,Pipas,top-smoke,top-smoke,490,"Piranha",8990,"Pipa Pyrex Top Smoke | PIRANHA","https://piranha.cl/23314-thickbox_default/pipa-top-smoke-premium-pyrex-35-9cm-aprox-diseno-aleatorio.jpg",12119,"Astro Growshop",14990,"Pipa Pyrex Titan 13- Top Smoke","https://cdnx.jumpseller.com/astrogrowshop/image/70608720/imagen_2_29363.webp?1765565336",1.67
0.50,Pipas,top-smoke,top-smoke,490,"Piranha",8990,"Pipa Pyrex Top Smoke | PIRANHA","https://piranha.cl/23314-thickbox_default/pipa-top-smoke-premium-pyrex-35-9cm-aprox-diseno-aleatorio.jpg",12120,"Astro Growshop",14990,"Pipa Pyrex Titanix 122- Top Smoke","https://cdnx.jumpseller.com/astrogrowshop/image/70608777/imagen_3_29720.webp?1765565548",1.67
0.50,Pipas,top-smoke,top-smoke,490,"Piranha",8990,"Pipa Pyrex Top Smoke | PIRANHA","https://piranha.cl/23314-thickbox_default/pipa-top-smoke-premium-pyrex-35-9cm-aprox-diseno-aleatorio.jpg",12121,"Astro Growshop",17990,"Pipa Pyrex Torment 82- Top Smoke","https://cdnx.jumpseller.com/astrogrowshop/image/70608713/imagen_3_29601.webp?1765565313",2.00
0.50,Pipas,top-smoke,top-smoke,490,"Piranha",8990,"Pipa Pyrex Top Smoke | PIRANHA","https://piranha.cl/23314-thickbox_default/pipa-top-smoke-premium-pyrex-35-9cm-aprox-diseno-aleatorio.jpg",12122,"Astro Growshop",14990,"Pipa Pyrex Torque 88- Top Smoke","https://cdnx.jumpseller.com/astrogrowshop/image/70608680/imagen_2_29618.webp?1765565287",1.67
0.50,Pipas,top-smoke,top-smoke,490,"Piranha",8990,"Pipa Pyrex Top Smoke | PIRANHA","https://piranha.cl/23314-thickbox_default/pipa-top-smoke-premium-pyrex-35-9cm-aprox-diseno-aleatorio.jpg",12124,"Astro Growshop",17990,"Pipa Pyrex Toxicron 106- Top Smoke","https://cdnx.jumpseller.com/astrogrowshop/image/70608848/imagen_1_29671.webp?1765565629",2.00
0.50,Pipas,top-smoke,top-smoke,490,"Piranha",8990,"Pipa Pyrex Top Smoke | PIRANHA","https://piranha.cl/23314-thickbox_default/pipa-top-smoke-premium-pyrex-35-9cm-aprox-diseno-aleatorio.jpg",12125,"Astro Growshop",17990,"Pipa Pyrex Toxicum 54- Top Smoke","https://cdnx.jumpseller.com/astrogrowshop/image/70608816/imagen_3_29517.webp?1765565604",2.00
0.50,Pipas,top-smoke,top-smoke,490,"Piranha",8990,"Pipa Pyrex Top Smoke | PIRANHA","https://piranha.cl/23314-thickbox_default/pipa-top-smoke-premium-pyrex-35-9cm-aprox-diseno-aleatorio.jpg",12126,"Astro Growshop",14990,"Pipa Pyrex Turbo 15- Top Smoke","https://cdnx.jumpseller.com/astrogrowshop/image/70608602/imagen_2_29372.webp?1765565097",1.67
0.50,Pipas,top-smoke,top-smoke,490,"Piranha",8990,"Pipa Pyrex Top Smoke | PIRANHA","https://piranha.cl/23314-thickbox_default/pipa-top-smoke-premium-pyrex-35-9cm-aprox-diseno-aleatorio.jpg",12127,"Astro Growshop",9990,"Pipa Pyrex Turbochrome 62- Top Smoke","https://cdnx.jumpseller.com/astrogrowshop/image/70608659/imagen_1_29539.webp?1765565222",1.11
0.50,Pipas,top-smoke,top-smoke,490,"Piranha",8990,"Pipa Pyrex Top Smoke | PIRANHA","https://piranha.cl/23314-thickbox_default/pipa-top-smoke-premium-pyrex-35-9cm-aprox-diseno-aleatorio.jpg",12128,"Astro Growshop",17990,"Pipa Pyrex Tyrant 69- Top Smoke","https://cdnx.jumpseller.com/astrogrowshop/image/70608855/imagen_1_29560.webp?1765565652",2.00
0.50,Pipas,top-smoke,top-smoke,490,"Piranha",8990,"Pipa Pyrex Top Smoke | PIRANHA","https://piranha.cl/23314-thickbox_default/pipa-top-smoke-premium-pyrex-35-9cm-aprox-diseno-aleatorio.jpg",12129,"Astro Growshop",9990,"Pipa Pyrex Vandal 80- Top Smoke","https://cdnx.jumpseller.com/astrogrowshop/image/70608869/imagen_2_29594.webp?1765565697",1.11
0.50,Pipas,top-smoke,top-smoke,490,"Piranha",8990,"Pipa Pyrex Top Smoke | PIRANHA","https://piranha.cl/23314-thickbox_default/pipa-top-smoke-premium-pyrex-35-9cm-aprox-diseno-aleatorio.jpg",12130,"Astro Growshop",9990,"Pipa Pyrex Venator 16- Top Smoke","https://cdnx.jumpseller.com/astrogrowshop/image/70608977/imagen_1_29374.webp?1765565921",1.11
0.50,Pipas,top-smoke,top-smoke,490,"Piranha",8990,"Pipa Pyrex Top Smoke | PIRANHA","https://piranha.cl/23314-thickbox_default/pipa-top-smoke-premium-pyrex-35-9cm-aprox-diseno-aleatorio.jpg",12131,"Astro Growshop",9990,"Pipa Pyrex Venatorix 31- Top Smoke","https://cdnx.jumpseller.com/astrogrowshop/image/70609004/imagen_2_29443.webp?1765565996",1.11
0.50,Pipas,top-smoke,top-smoke,490,"Piranha",8990,"Pipa Pyrex Top Smoke | PIRANHA","https://piranha.cl/23314-thickbox_default/pipa-top-smoke-premium-pyrex-35-9cm-aprox-diseno-aleatorio.jpg",12132,"Astro Growshop",14990,"Pipa Pyrex Venatrix 47- Top Smoke","https://cdnx.jumpseller.com/astrogrowshop/image/70609012/imagen_2_29495.webp?1765566019",1.67
0.50,Pipas,top-smoke,top-smoke,490,"Piranha",8990,"Pipa Pyrex Top Smoke | PIRANHA","https://piranha.cl/23314-thickbox_default/pipa-top-smoke-premium-pyrex-35-9cm-aprox-diseno-aleatorio.jpg",12134,"Astro Growshop",9990,"Pipa Pyrex Venomix 25- Top Smoke","https://cdnx.jumpseller.com/astrogrowshop/image/70608899/imagen_1_29410.webp?1765565786",1.11
0.50,Pipas,top-smoke,top-smoke,490,"Piranha",8990,"Pipa Pyrex Top Smoke | PIRANHA","https://piranha.cl/23314-thickbox_default/pipa-top-smoke-premium-pyrex-35-9cm-aprox-diseno-aleatorio.jpg",12135,"Astro Growshop",14990,"Pipa Pyrex Venomous 56- Top Smoke","https://cdnx.jumpseller.com/astrogrowshop/image/70609021/imagen_1_29521.webp?1765566043",1.67
0.50,Pipas,top-smoke,top-smoke,490,"Piranha",8990,"Pipa Pyrex Top Smoke | PIRANHA","https://piranha.cl/23314-thickbox_default/pipa-top-smoke-premium-pyrex-35-9cm-aprox-diseno-aleatorio.jpg",12136,"Astro Growshop",9990,"Pipa Pyrex Void 44- Top Smoke","https://cdnx.jumpseller.com/astrogrowshop/image/70608914/imagen_1_29485.webp?1765565812",1.11
0.50,Pipas,top-smoke,top-smoke,490,"Piranha",8990,"Pipa Pyrex Top Smoke | PIRANHA","https://piranha.cl/23314-thickbox_default/pipa-top-smoke-premium-pyrex-35-9cm-aprox-diseno-aleatorio.jpg",12137,"Astro Growshop",14990,"Pipa Pyrex Voidstorm 121- Top Smoke","https://cdnx.jumpseller.com/astrogrowshop/image/70608882/imagen_2_29716.webp?1765565738",1.67
0.50,Pipas,top-smoke,top-smoke,490,"Piranha",8990,"Pipa Pyrex Top Smoke | PIRANHA","https://piranha.cl/23314-thickbox_default/pipa-top-smoke-premium-pyrex-35-9cm-aprox-diseno-aleatorio.jpg",12138,"Astro Growshop",9990,"Pipa Pyrex Voltage 45- Top Smoke","https://cdnx.jumpseller.com/astrogrowshop/image/70608927/imagen_1_29488.webp?1765565835",1.11
0.50,Pipas,top-smoke,top-smoke,490,"Piranha",8990,"Pipa Pyrex Top Smoke | PIRANHA","https://piranha.cl/23314-thickbox_default/pipa-top-smoke-premium-pyrex-35-9cm-aprox-diseno-aleatorio.jpg",12140,"Astro Growshop",14990,"Pipa Pyrex Wraith 55- Top Smoke","https://cdnx.jumpseller.com/astrogrowshop/image/70609032/imagen_1_29518.webp?1765566071",1.67
0.50,Pipas,top-smoke,top-smoke,490,"Piranha",8990,"Pipa Pyrex Top Smoke | PIRANHA","https://piranha.cl/23314-thickbox_default/pipa-top-smoke-premium-pyrex-35-9cm-aprox-diseno-aleatorio.jpg",12141,"Astro Growshop",14990,"Pipa Pyrex Xenon 102- Top Smoke","https://cdnx.jumpseller.com/astrogrowshop/image/70609039/imagen_1_29659.webp?1765566095",1.67
0.50,Pipas,top-smoke,top-smoke,490,"Piranha",8990,"Pipa Pyrex Top Smoke | PIRANHA","https://piranha.cl/23314-thickbox_default/pipa-top-smoke-premium-pyrex-35-9cm-aprox-diseno-aleatorio.jpg",12142,"Astro Growshop",14990,"Pipa Pyrex Zenith 43- Top Smoke","https://cdnx.jumpseller.com/astrogrowshop/image/70609114/imagen_3_29484.webp?1765566227",1.67
0.50,Pipas,top-smoke,top-smoke,490,"Piranha",8990,"Pipa Pyrex Top Smoke | PIRANHA","https://piranha.cl/23314-thickbox_default/pipa-top-smoke-premium-pyrex-35-9cm-aprox-diseno-aleatorio.jpg",12143,"Astro Growshop",14990,"Pipa Pyrex Zenithron 123- Top Smoke","https://cdnx.jumpseller.com/astrogrowshop/image/70609134/imagen_3_29723.webp?1765566259",1.67
0.50,Conos y blunts,g-rollz,g-rollz,518,"Piranha",2461,"Blunt Hemp Wrap G-Rollz (4u) | PIRANHA","https://piranha.cl/19639-thickbox_default/blunt-hemp-wrap-g-rollz-4u-sabor-a-eleccion.jpg",12897,"Fumetas",2490,"G-Rollz Blunt Hemp Wrap X4 - Sabores","https://cdnx.jumpseller.com/fumetas-store/image/34067109/G-Rollz-Hemp-Grap-Blunt-X4-Bubble-Gum.gif?1721880950",1.01
0.50,Contenedores y estuches,bonglab,bonglab,533,"GrowBarato Chile",21600,"Mason Re: Stash Jar de Bonglab de vidrio","https://www.growbaratochile.cl/11507-large_default/mason-restash-jar-de-bonglab.jpg",12184,"Astro Growshop",23990,"Jar Amarillo 12Oz-Bonglab Re: Stash","https://cdnx.jumpseller.com/astrogrowshop/image/70135459/imagen_1_25898.webp?1764089565",1.11
0.50,Contenedores y estuches,bonglab,bonglab,533,"GrowBarato Chile",21600,"Mason Re: Stash Jar de Bonglab de vidrio","https://www.growbaratochile.cl/11507-large_default/mason-restash-jar-de-bonglab.jpg",12185,"Astro Growshop",20990,"Jar Morado 8Oz-Bonglab Re: Stash","https://cdnx.jumpseller.com/astrogrowshop/image/70135545/imagen_1_25890.webp?1764089746",1.03
0.50,Contenedores y estuches,bonglab,bonglab,533,"GrowBarato Chile",21600,"Mason Re: Stash Jar de Bonglab de vidrio","https://www.growbaratochile.cl/11507-large_default/mason-restash-jar-de-bonglab.jpg",12186,"Astro Growshop",28990,"Jar Naranjo 16Oz-Bonglab Re: Stash","https://cdnx.jumpseller.com/astrogrowshop/image/70134472/imagen_1_25914.webp?1764087520",1.34
0.50,Contenedores y estuches,bonglab,bonglab,533,"GrowBarato Chile",21600,"Mason Re: Stash Jar de Bonglab de vidrio","https://www.growbaratochile.cl/11507-large_default/mason-restash-jar-de-bonglab.jpg",12188,"Astro Growshop",28990,"Jar Negro 16Oz-Bonglab Re: Stash","https://cdnx.jumpseller.com/astrogrowshop/image/70137846/imagen_1_25915.webp?1764093480",1.34
0.50,Contenedores y estuches,bonglab,bonglab,533,"GrowBarato Chile",21600,"Mason Re: Stash Jar de Bonglab de vidrio","https://www.growbaratochile.cl/11507-large_default/mason-restash-jar-de-bonglab.jpg",12190,"Astro Growshop",29990,"Jar Rojo 12Oz-Bonglab Re: Stash","https://cdnx.jumpseller.com/astrogrowshop/image/70138366/imagen_1_25903.webp?1764093609",1.39
0.50,Contenedores y estuches,bonglab,bonglab,533,"GrowBarato Chile",21600,"Mason Re: Stash Jar de Bonglab de vidrio","https://www.growbaratochile.cl/11507-large_default/mason-restash-jar-de-bonglab.jpg",12192,"Astro Growshop",28990,"Jar Verde 16Oz-Bonglab Re: Stash","https://cdnx.jumpseller.com/astrogrowshop/image/70134571/imagen_1_25916.webp?1764087781",1.34
0.50,Contenedores y estuches,bonglab,bonglab,533,"GrowBarato Chile",21600,"Mason Re: Stash Jar de Bonglab de vidrio","https://www.growbaratochile.cl/11507-large_default/mason-restash-jar-de-bonglab.jpg",12193,"Astro Growshop",21990,"Jar Verde 4Oz-Bonglab Re: Stash","https://cdnx.jumpseller.com/astrogrowshop/image/70140149/imagen_1_25882.webp?1764094210",1.02
0.50,Pipas,ozeta,ozeta,545,"GrowBarato Chile",4000,"Hitter OZeta de vidrio","https://www.growbaratochile.cl/10367-large_default/hitter-ozeta.jpg",16121,"Piranha",2490,"Hitter OZeta | PIRANHA","https://piranha.cl/16354-thickbox_default/hitter-ozeta.jpg",1.61
0.50,Filtros y boquillas,hemper,hemper,627,"Fumetas",5190,"Hemper Quick Tips - Boquillas Con Sabor","https://cdnx.jumpseller.com/fumetas-store/image/57816254/Hemper-quick-tips-uva1.webp?1732979898",15935,"Piranha",4931,"Hemper Quick Tips Uva | PIRANHA","https://piranha.cl/20359-thickbox_default/hemper-quick-tips-desechable-uva-5u.jpg",1.05
0.50,Filtros y boquillas,hemper,hemper,627,"Fumetas",5190,"Hemper Quick Tips - Boquillas Con Sabor","https://cdnx.jumpseller.com/fumetas-store/image/57816254/Hemper-quick-tips-uva1.webp?1732979898",15936,"Piranha",4931,"Hemper Quick Tips Arándano | PIRANHA","https://piranha.cl/20363-thickbox_default/hemper-quick-tips-desechable-arandano-5u.jpg",1.05
0.50,Filtros y boquillas,hemper,hemper,627,"Fumetas",5190,"Hemper Quick Tips - Boquillas Con Sabor","https://cdnx.jumpseller.com/fumetas-store/image/57816254/Hemper-quick-tips-uva1.webp?1732979898",15937,"Piranha",4931,"Hemper Quick Tips Sandía | PIRANHA","https://piranha.cl/20368-thickbox_default/hemper-quick-tips-desechable-sandia-5u.jpg",1.05
0.50,Filtros y boquillas,hemper,hemper,627,"Fumetas",5190,"Hemper Quick Tips - Boquillas Con Sabor","https://cdnx.jumpseller.com/fumetas-store/image/57816254/Hemper-quick-tips-uva1.webp?1732979898",15938,"Piranha",4931,"Hemper Quick Tips Menta | PIRANHA","https://piranha.cl/20371-thickbox_default/hemper-quick-tips-desechable-menta-5u.jpg",1.05
0.50,Filtros y boquillas,hemper,hemper,627,"Fumetas",5190,"Hemper Quick Tips - Boquillas Con Sabor","https://cdnx.jumpseller.com/fumetas-store/image/57816254/Hemper-quick-tips-uva1.webp?1732979898",15939,"Piranha",4931,"Hemper Quick Tips Mango | PIRANHA","https://piranha.cl/20375-thickbox_default/hemper-quick-tips-desechable-mango-5u.jpg",1.05
0.50,Filtros y boquillas,hemper,hemper,627,"Fumetas",5190,"Hemper Quick Tips - Boquillas Con Sabor","https://cdnx.jumpseller.com/fumetas-store/image/57816254/Hemper-quick-tips-uva1.webp?1732979898",15940,"Piranha",4931,"Hemper Quick Tips Banana | PIRANHA","https://piranha.cl/20379-thickbox_default/hemper-quick-tips-desechable-banana-5u.jpg",1.05
0.50,Encendedores y sopletes,zippo,zippo,689,"Piranha",41990,"Encendedor Zippo High Polish Green Chameleon","https://piranha.cl/14675-thickbox_default/encendedor-zippo-high-polish-green-chameleon.jpg",2594,"Astro Growshop",37990,"Encendedor High Polish Rose-Zippo","https://cdnx.jumpseller.com/astrogrowshop/image/70213270/imagen_1_polish_20rosa.webp?1764265969",1.11
0.50,Repuestos para bongs y vaporizadores,storz-bickel,storz-bickel,759,"Astro Growshop",84990,"Unidad De Enfriamiento Crafty Pack 3Uds-Storz &amp; Bickel","https://cdnx.jumpseller.com/astrogrowshop/image/71350725/imagen_1_26462.webp?1767377624",13609,"Fumetas",28990,"Storz &amp; Bickel Unidad de Enfriamiento Veazy","https://cdnx.jumpseller.com/fumetas-store/image/72782518/Storz_26Bickel-Unidad-de-Enfriamiento-Veazy.jpg?1770308760",2.93
0.50,Repuestos para bongs y vaporizadores,bonglab,bonglab,772,"Astro Growshop",3990,"Difusor Logo Magenta 14Mm -Bonglab (14Cm/12Cm)","https://cdnx.jumpseller.com/astrogrowshop/image/70215944/imagen_1_22272.webp?1764270834",12853,"Fumetas",3590,"Difusor Bonglab 18mm-14mm - 12cm","https://cdnx.jumpseller.com/fumetas-store/image/57989664/Difusor-bong-logo-negro-BongLab-12-cm.jpg?1751308402",1.11
0.50,Repuestos para bongs y vaporizadores,bonglab,bonglab,772,"Astro Growshop",3990,"Difusor Logo Magenta 14Mm -Bonglab (14Cm/12Cm)","https://cdnx.jumpseller.com/astrogrowshop/image/70215944/imagen_1_22272.webp?1764270834",12854,"Fumetas",3790,"Difusor Bonglab 18mm-14mm - 14cm","https://cdnx.jumpseller.com/fumetas-store/image/65050802/Difusor-Logo-Negro-18mm-14mm-14cm.jpg?1751396801",1.05
0.50,Repuestos para bongs y vaporizadores,bonglab,bonglab,772,"Astro Growshop",3990,"Difusor Logo Magenta 14Mm -Bonglab (14Cm/12Cm)","https://cdnx.jumpseller.com/astrogrowshop/image/70215944/imagen_1_22272.webp?1764270834",15788,"Piranha",4990,"Difusor Bonglab 14mm/14cm | PIRANHA","https://piranha.cl/24081-thickbox_default/difusor-bonglab-14mm14cm-color-a-eleccion.jpg",1.25
0.50,Pipas,top-smoke,top-smoke,1134,"Astro Growshop",9990,"Pipa Pyrex Chromatic 114- Top Smoke","https://cdnx.jumpseller.com/astrogrowshop/image/70601860/imagen_1_29694.webp?1765551085",1353,"Piranha",6990,"Pipa Pyrex Top Smoke | PIRANHA","https://piranha.cl/23298-thickbox_default/pipa-top-smoke-premium-pyrex-3-8cm-aprox-diseno-aleatorio.jpg",1.43
0.50,Pipas,top-smoke,top-smoke,1134,"Astro Growshop",9990,"Pipa Pyrex Chromatic 114- Top Smoke","https://cdnx.jumpseller.com/astrogrowshop/image/70601860/imagen_1_29694.webp?1765551085",15553,"Piranha",14990,"Pipa Pyrex Top Smoke | PIRANHA","https://piranha.cl/23355-thickbox_default/pipa-top-smoke-premium-pyrex-5-12cm-aprox-diseno-aleatorio.jpg",1.50
0.50,Pipas,top-smoke,top-smoke,1169,"Astro Growshop",9990,"Pipa Pyrex Predator X 93- Top Smoke","https://cdnx.jumpseller.com/astrogrowshop/image/70607791/imagen_1_29632.webp?1765563290",1353,"Piranha",6990,"Pipa Pyrex Top Smoke | PIRANHA","https://piranha.cl/23298-thickbox_default/pipa-top-smoke-premium-pyrex-3-8cm-aprox-diseno-aleatorio.jpg",1.43
0.50,Pipas,top-smoke,top-smoke,1169,"Astro Growshop",9990,"Pipa Pyrex Predator X 93- Top Smoke","https://cdnx.jumpseller.com/astrogrowshop/image/70607791/imagen_1_29632.webp?1765563290",15553,"Piranha",14990,"Pipa Pyrex Top Smoke | PIRANHA","https://piranha.cl/23355-thickbox_default/pipa-top-smoke-premium-pyrex-5-12cm-aprox-diseno-aleatorio.jpg",1.50
0.50,Pipas,top-smoke,top-smoke,1192,"Astro Growshop",17990,"Pipa Pyrex Voltage X 70- Top Smoke","https://cdnx.jumpseller.com/astrogrowshop/image/70608887/imagen_1_29563.webp?1765565762",1353,"Piranha",6990,"Pipa Pyrex Top Smoke | PIRANHA","https://piranha.cl/23298-thickbox_default/pipa-top-smoke-premium-pyrex-3-8cm-aprox-diseno-aleatorio.jpg",2.57
0.50,Pipas,top-smoke,top-smoke,1192,"Astro Growshop",17990,"Pipa Pyrex Voltage X 70- Top Smoke","https://cdnx.jumpseller.com/astrogrowshop/image/70608887/imagen_1_29563.webp?1765565762",15553,"Piranha",14990,"Pipa Pyrex Top Smoke | PIRANHA","https://piranha.cl/23355-thickbox_default/pipa-top-smoke-premium-pyrex-5-12cm-aprox-diseno-aleatorio.jpg",1.20
0.50,Repuestos para bongs y vaporizadores,storz-bickel,storz-bickel,1237,"Fumetas",12990,"Contenedor 8 Cápsulas Monodosis Storz &amp; Bickel","https://cdnx.jumpseller.com/fumetas-store/image/42629172/Contenedor_8_C_psulas_Monodosis_Storz___Bickel.jpg?1700943004",12547,"Astro Growshop",11990,"Cargador Con Capsulas Dosificadoras-Storz &amp; Bickel","https://cdnx.jumpseller.com/astrogrowshop/image/71345878/imagen_7_21945_11zon.webp?1767368395",1.08
0.50,Moledores,ocb,,1257,"Fumetas",4990,"Moledor Contenedor OCB Plástico 2 en 1","https://cdnx.jumpseller.com/fumetas-store/image/64708705/OCB-Moledor-2-en-1-Medtainer-Rosado.webp?1750385385",3565,"Astro Growshop",2590,"Contenedor + Moledor Plastico","https://cdnx.jumpseller.com/astrogrowshop/image/70174054/imagen_1_26820.webp?1764179305",1.93
0.50,Pipas,top-smoke,top-smoke,1353,"Piranha",6990,"Pipa Pyrex Top Smoke | PIRANHA","https://piranha.cl/23298-thickbox_default/pipa-top-smoke-premium-pyrex-3-8cm-aprox-diseno-aleatorio.jpg",2689,"Astro Growshop",9990,"Pipa Pyrex Apollyon 126- Top Smoke","https://cdnx.jumpseller.com/astrogrowshop/image/70601698/imagen_1_29730.webp?1765550784",1.43
0.50,Pipas,top-smoke,top-smoke,1353,"Piranha",6990,"Pipa Pyrex Top Smoke | PIRANHA","https://piranha.cl/23298-thickbox_default/pipa-top-smoke-premium-pyrex-3-8cm-aprox-diseno-aleatorio.jpg",2690,"Astro Growshop",9990,"Pipa Pyrex Armageddon 87- Top Smoke","https://cdnx.jumpseller.com/astrogrowshop/image/70601708/imagen_2_29615.webp?1765550811",1.43
0.50,Pipas,top-smoke,top-smoke,1353,"Piranha",6990,"Pipa Pyrex Top Smoke | PIRANHA","https://piranha.cl/23298-thickbox_default/pipa-top-smoke-premium-pyrex-3-8cm-aprox-diseno-aleatorio.jpg",2691,"Astro Growshop",14990,"Pipa Pyrex Berserk 57- Top Smoke","https://cdnx.jumpseller.com/astrogrowshop/image/70601766/imagen_1_29524.webp?1765550921",2.14
0.50,Pipas,top-smoke,top-smoke,1353,"Piranha",6990,"Pipa Pyrex Top Smoke | PIRANHA","https://piranha.cl/23298-thickbox_default/pipa-top-smoke-premium-pyrex-3-8cm-aprox-diseno-aleatorio.jpg",2692,"Astro Growshop",9990,"Pipa Pyrex Blackout 107- Top Smoke","https://cdnx.jumpseller.com/astrogrowshop/image/70601721/imagen_2_29675.webp?1765550834",1.43
0.50,Pipas,top-smoke,top-smoke,1353,"Piranha",6990,"Pipa Pyrex Top Smoke | PIRANHA","https://piranha.cl/23298-thickbox_default/pipa-top-smoke-premium-pyrex-3-8cm-aprox-diseno-aleatorio.jpg",2693,"Astro Growshop",9990,"Pipa Pyrex Blast 18- Top Smoke","https://cdnx.jumpseller.com/astrogrowshop/image/70601740/imagen_1_29383.webp?1765550865",1.43
0.50,Pipas,top-smoke,top-smoke,1353,"Piranha",6990,"Pipa Pyrex Top Smoke | PIRANHA","https://piranha.cl/23298-thickbox_default/pipa-top-smoke-premium-pyrex-3-8cm-aprox-diseno-aleatorio.jpg",2694,"Astro Growshop",9990,"Pipa Pyrex Blitz 60- Top Smoke","https://cdnx.jumpseller.com/astrogrowshop/image/70601757/imagen_1_29533.webp?1765550891",1.43
0.50,Pipas,top-smoke,top-smoke,1353,"Piranha",6990,"Pipa Pyrex Top Smoke | PIRANHA","https://piranha.cl/23298-thickbox_default/pipa-top-smoke-premium-pyrex-3-8cm-aprox-diseno-aleatorio.jpg",2695,"Astro Growshop",17990,"Pipa Pyrex Carbonix 67- Top Smoke","https://cdnx.jumpseller.com/astrogrowshop/image/70601870/imagen_3_29556.webp?1765551115",2.57
0.50,Pipas,top-smoke,top-smoke,1353,"Piranha",6990,"Pipa Pyrex Top Smoke | PIRANHA","https://piranha.cl/23298-thickbox_default/pipa-top-smoke-premium-pyrex-3-8cm-aprox-diseno-aleatorio.jpg",2696,"Astro Growshop",9990,"Pipa Pyrex Catalyst 86- Top Smoke","https://cdnx.jumpseller.com/astrogrowshop/image/70601874/imagen_1_29611.webp?1765551140",1.43
0.50,Pipas,top-smoke,top-smoke,1353,"Piranha",6990,"Pipa Pyrex Top Smoke | PIRANHA","https://piranha.cl/23298-thickbox_default/pipa-top-smoke-premium-pyrex-3-8cm-aprox-diseno-aleatorio.jpg",2697,"Astro Growshop",14990,"Pipa Pyrex Chaos 19- Top Smoke","https://cdnx.jumpseller.com/astrogrowshop/image/70601839/imagen_4_29389.webp?1765551047",2.14
0.50,Pipas,top-smoke,top-smoke,1353,"Piranha",6990,"Pipa Pyrex Top Smoke | PIRANHA","https://piranha.cl/23298-thickbox_default/pipa-top-smoke-premium-pyrex-3-8cm-aprox-diseno-aleatorio.jpg",2699,"Astro Growshop",14990,"Pipa Pyrex Cyclonix 78- Top Smoke","https://cdnx.jumpseller.com/astrogrowshop/image/70601809/imagen_3_29589.webp?1765550985",2.14
0.50,Pipas,top-smoke,top-smoke,1353,"Piranha",6990,"Pipa Pyrex Top Smoke | PIRANHA","https://piranha.cl/23298-thickbox_default/pipa-top-smoke-premium-pyrex-3-8cm-aprox-diseno-aleatorio.jpg",2700,"Astro Growshop",8990,"Pipa Pyrex Cyclotron 118- Top Smoke","https://cdnx.jumpseller.com/astrogrowshop/image/70601818/imagen_3_29708.webp?1765551009",1.29
0.50,Pipas,top-smoke,top-smoke,1353,"Piranha",6990,"Pipa Pyrex Top Smoke | PIRANHA","https://piranha.cl/23298-thickbox_default/pipa-top-smoke-premium-pyrex-3-8cm-aprox-diseno-aleatorio.jpg",2701,"Astro Growshop",9990,"Pipa Pyrex Darkwave 27- Top Smoke","https://cdnx.jumpseller.com/astrogrowshop/image/70602006/imagen_3_29424.webp?1765551418",1.43
0.50,Pipas,top-smoke,top-smoke,1353,"Piranha",6990,"Pipa Pyrex Top Smoke | PIRANHA","https://piranha.cl/23298-thickbox_default/pipa-top-smoke-premium-pyrex-3-8cm-aprox-diseno-aleatorio.jpg",2702,"Astro Growshop",9990,"Pipa Pyrex Deathcore 110- Top Smoke","https://cdnx.jumpseller.com/astrogrowshop/image/70606809/imagen_2_29684.webp?1765560928",1.43
0.50,Pipas,top-smoke,top-smoke,1353,"Piranha",6990,"Pipa Pyrex Top Smoke | PIRANHA","https://piranha.cl/23298-thickbox_default/pipa-top-smoke-premium-pyrex-3-8cm-aprox-diseno-aleatorio.jpg",2703,"Astro Growshop",17990,"Pipa Pyrex Delta 22- Top Smoke","https://cdnx.jumpseller.com/astrogrowshop/image/70601882/imagen_1_29401.webp?1765551164",2.57
0.50,Pipas,top-smoke,top-smoke,1353,"Piranha",6990,"Pipa Pyrex Top Smoke | PIRANHA","https://piranha.cl/23298-thickbox_default/pipa-top-smoke-premium-pyrex-3-8cm-aprox-diseno-aleatorio.jpg",2704,"Astro Growshop",9990,"Pipa Pyrex Dominion 40- Top Smoke","https://cdnx.jumpseller.com/astrogrowshop/image/70601893/imagen_1_29473.webp?1765551192",1.43
0.50,Pipas,top-smoke,top-smoke,1353,"Piranha",6990,"Pipa Pyrex Top Smoke | PIRANHA","https://piranha.cl/23298-thickbox_default/pipa-top-smoke-premium-pyrex-3-8cm-aprox-diseno-aleatorio.jpg",2705,"Astro Growshop",17990,"Pipa Pyrex Dominionx 96- Top Smoke","https://cdnx.jumpseller.com/astrogrowshop/image/70601902/imagen_2_29642.webp?1765551216",2.57
0.50,Pipas,top-smoke,top-smoke,1353,"Piranha",6990,"Pipa Pyrex Top Smoke | PIRANHA","https://piranha.cl/23298-thickbox_default/pipa-top-smoke-premium-pyrex-3-8cm-aprox-diseno-aleatorio.jpg",2706,"Astro Growshop",10990,"Pipa Pyrex Drakon 58- Top Smoke","https://cdnx.jumpseller.com/astrogrowshop/image/70601972/imagen_1_29527.webp?1765551371",1.57
0.50,Pipas,top-smoke,top-smoke,1353,"Piranha",6990,"Pipa Pyrex Top Smoke | PIRANHA","https://piranha.cl/23298-thickbox_default/pipa-top-smoke-premium-pyrex-3-8cm-aprox-diseno-aleatorio.jpg",2707,"Astro Growshop",9990,"Pipa Pyrex Eclipse 14- Top Smoke","https://cdnx.jumpseller.com/astrogrowshop/image/70606829/imagen_1_29365.webp?1765560959",1.43
0.50,Pipas,top-smoke,top-smoke,1353,"Piranha",6990,"Pipa Pyrex Top Smoke | PIRANHA","https://piranha.cl/23298-thickbox_default/pipa-top-smoke-premium-pyrex-3-8cm-aprox-diseno-aleatorio.jpg",2708,"Astro Growshop",14990,"Pipa Pyrex Exile 63- Top Smoke","https://cdnx.jumpseller.com/astrogrowshop/image/70606859/imagen_2_29543.webp?1765560985",2.14
0.50,Pipas,top-smoke,top-smoke,1353,"Piranha",6990,"Pipa Pyrex Top Smoke | PIRANHA","https://piranha.cl/23298-thickbox_default/pipa-top-smoke-premium-pyrex-3-8cm-aprox-diseno-aleatorio.jpg",2709,"Astro Growshop",9990,"Pipa Pyrex Exodus 125- Top Smoke","https://cdnx.jumpseller.com/astrogrowshop/image/70606882/imagen_1_29727.webp?1765561008",1.43
0.50,Pipas,top-smoke,top-smoke,1353,"Piranha",6990,"Pipa Pyrex Top Smoke | PIRANHA","https://piranha.cl/23298-thickbox_default/pipa-top-smoke-premium-pyrex-3-8cm-aprox-diseno-aleatorio.jpg",2710,"Astro Growshop",9990,"Pipa Pyrex Flux 23- Top Smoke","https://cdnx.jumpseller.com/astrogrowshop/image/70606894/imagen_2_29405.webp?1765561033",1.43
0.50,Pipas,top-smoke,top-smoke,1353,"Piranha",6990,"Pipa Pyrex Top Smoke | PIRANHA","https://piranha.cl/23298-thickbox_default/pipa-top-smoke-premium-pyrex-3-8cm-aprox-diseno-aleatorio.jpg",2711,"Astro Growshop",9990,"Pipa Pyrex Fluxion 74- Top Smoke","https://cdnx.jumpseller.com/astrogrowshop/image/70606903/imagen_1_29575.webp?1765561058",1.43
0.50,Pipas,top-smoke,top-smoke,1353,"Piranha",6990,"Pipa Pyrex Top Smoke | PIRANHA","https://piranha.cl/23298-thickbox_default/pipa-top-smoke-premium-pyrex-3-8cm-aprox-diseno-aleatorio.jpg",2712,"Astro Growshop",17990,"Pipa Pyrex Frostbite 68- Top Smoke","https://cdnx.jumpseller.com/astrogrowshop/image/70606908/imagen_3_29559.webp?1765561084",2.57
0.50,Pipas,top-smoke,top-smoke,1353,"Piranha",6990,"Pipa Pyrex Top Smoke | PIRANHA","https://piranha.cl/23298-thickbox_default/pipa-top-smoke-premium-pyrex-3-8cm-aprox-diseno-aleatorio.jpg",2713,"Astro Growshop",9990,"Pipa Pyrex Ghost 76- Top Smoke","https://cdnx.jumpseller.com/astrogrowshop/image/70606931/imagen_1_29581.webp?1765561108",1.43
0.50,Pipas,top-smoke,top-smoke,1353,"Piranha",6990,"Pipa Pyrex Top Smoke | PIRANHA","https://piranha.cl/23298-thickbox_default/pipa-top-smoke-premium-pyrex-3-8cm-aprox-diseno-aleatorio.jpg",2714,"Astro Growshop",9990,"Pipa Pyrex Havoc 37- Top Smoke","https://cdnx.jumpseller.com/astrogrowshop/image/70606941/imagen_1_29464.webp?1765561134",1.43
0.50,Pipas,top-smoke,top-smoke,1353,"Piranha",6990,"Pipa Pyrex Top Smoke | PIRANHA","https://piranha.cl/23298-thickbox_default/pipa-top-smoke-premium-pyrex-3-8cm-aprox-diseno-aleatorio.jpg",2715,"Astro Growshop",14990,"Pipa Pyrex Havocron 92- Top Smoke","https://cdnx.jumpseller.com/astrogrowshop/image/70607055/imagen_1_29629.webp?1765561384",2.14
0.50,Pipas,top-smoke,top-smoke,1353,"Piranha",6990,"Pipa Pyrex Top Smoke | PIRANHA","https://piranha.cl/23298-thickbox_default/pipa-top-smoke-premium-pyrex-3-8cm-aprox-diseno-aleatorio.jpg",2717,"Astro Growshop",14990,"Pipa Pyrex Havokid 119- Top Smoke","https://cdnx.jumpseller.com/astrogrowshop/image/70606958/imagen_2_29710.webp?1765561187",2.14
0.50,Pipas,top-smoke,top-smoke,1353,"Piranha",6990,"Pipa Pyrex Top Smoke | PIRANHA","https://piranha.cl/23298-thickbox_default/pipa-top-smoke-premium-pyrex-3-8cm-aprox-diseno-aleatorio.jpg",2718,"Astro Growshop",14990,"Pipa Pyrex Helix 89- Top Smoke","https://cdnx.jumpseller.com/astrogrowshop/image/70607043/imagen_3_29622.webp?1765561334",2.14
0.50,Pipas,top-smoke,top-smoke,1353,"Piranha",6990,"Pipa Pyrex Top Smoke | PIRANHA","https://piranha.cl/23298-thickbox_default/pipa-top-smoke-premium-pyrex-3-8cm-aprox-diseno-aleatorio.jpg",2719,"Astro Growshop",17990,"Pipa Pyrex Hellstorm 112- Top Smoke","https://cdnx.jumpseller.com/astrogrowshop/image/70607035/imagen_2_29690.webp?1765561300",2.57
0.50,Pipas,top-smoke,top-smoke,1353,"Piranha",6990,"Pipa Pyrex Top Smoke | PIRANHA","https://piranha.cl/23298-thickbox_default/pipa-top-smoke-premium-pyrex-3-8cm-aprox-diseno-aleatorio.jpg",2720,"Astro Growshop",9990,"Pipa Pyrex Hexagon 84- Top Smoke","https://cdnx.jumpseller.com/astrogrowshop/image/70606990/imagen_3_29607.webp?1765561214",1.43
0.50,Pipas,top-smoke,top-smoke,1353,"Piranha",6990,"Pipa Pyrex Top Smoke | PIRANHA","https://piranha.cl/23298-thickbox_default/pipa-top-smoke-premium-pyrex-3-8cm-aprox-diseno-aleatorio.jpg",2721,"Astro Growshop",14990,"Pipa Pyrex Hologram 28- Top Smoke","https://cdnx.jumpseller.com/astrogrowshop/image/70607002/imagen_1_29425.webp?1765561246",2.14
0.50,Pipas,top-smoke,top-smoke,1353,"Piranha",6990,"Pipa Pyrex Top Smoke | PIRANHA","https://piranha.cl/23298-thickbox_default/pipa-top-smoke-premium-pyrex-3-8cm-aprox-diseno-aleatorio.jpg",2722,"Astro Growshop",17990,"Pipa Pyrex Hyperblast 105- Top Smoke","https://cdnx.jumpseller.com/astrogrowshop/image/70607069/imagen_2_29669.webp?1765561432",2.57
0.50,Pipas,top-smoke,top-smoke,1353,"Piranha",6990,"Pipa Pyrex Top Smoke | PIRANHA","https://piranha.cl/23298-thickbox_default/pipa-top-smoke-premium-pyrex-3-8cm-aprox-diseno-aleatorio.jpg",2723,"Astro Growshop",14990,"Pipa Pyrex Hyperion 36- Top Smoke","https://cdnx.jumpseller.com/astrogrowshop/image/70607064/imagen_2_29462.webp?1765561408",2.14
0.50,Pipas,top-smoke,top-smoke,1353,"Piranha",6990,"Pipa Pyrex Top Smoke | PIRANHA","https://piranha.cl/23298-thickbox_default/pipa-top-smoke-premium-pyrex-3-8cm-aprox-diseno-aleatorio.jpg",2725,"Astro Growshop",8990,"Pipa Pyrex Incinerate 109- Top Smoke","https://cdnx.jumpseller.com/astrogrowshop/image/70607076/imagen_1_29680.webp?1765561458",1.29
0.50,Pipas,top-smoke,top-smoke,1353,"Piranha",6990,"Pipa Pyrex Top Smoke | PIRANHA","https://piranha.cl/23298-thickbox_default/pipa-top-smoke-premium-pyrex-3-8cm-aprox-diseno-aleatorio.jpg",2727,"Astro Growshop",8990,"Pipa Pyrex Ionix 85- Top Smoke","https://cdnx.jumpseller.com/astrogrowshop/image/70607115/imagen_1_29608.webp?1765561535",1.29
0.50,Pipas,top-smoke,top-smoke,1353,"Piranha",6990,"Pipa Pyrex Top Smoke | PIRANHA","https://piranha.cl/23298-thickbox_default/pipa-top-smoke-premium-pyrex-3-8cm-aprox-diseno-aleatorio.jpg",2728,"Astro Growshop",17990,"Pipa Pyrex Killshot 103- Top Smoke","https://cdnx.jumpseller.com/astrogrowshop/image/70607127/imagen_1_29662.webp?1765561556",2.57
0.50,Pipas,top-smoke,top-smoke,1353,"Piranha",6990,"Pipa Pyrex Top Smoke | PIRANHA","https://piranha.cl/23298-thickbox_default/pipa-top-smoke-premium-pyrex-3-8cm-aprox-diseno-aleatorio.jpg",2729,"Astro Growshop",9990,"Pipa Pyrex Kraken 34- Top Smoke","https://cdnx.jumpseller.com/astrogrowshop/image/70607138/imagen_2_29456.webp?1765561580",1.43
0.50,Pipas,top-smoke,top-smoke,1353,"Piranha",6990,"Pipa Pyrex Top Smoke | PIRANHA","https://piranha.cl/23298-thickbox_default/pipa-top-smoke-premium-pyrex-3-8cm-aprox-diseno-aleatorio.jpg",2731,"Astro Growshop",9990,"Pipa Pyrex Lunaris 124- Top Smoke","https://cdnx.jumpseller.com/astrogrowshop/image/70607193/imagen_1_29724.webp?1765561673",1.43
0.50,Pipas,top-smoke,top-smoke,1353,"Piranha",6990,"Pipa Pyrex Top Smoke | PIRANHA","https://piranha.cl/23298-thickbox_default/pipa-top-smoke-premium-pyrex-3-8cm-aprox-diseno-aleatorio.jpg",2732,"Astro Growshop",8990,"Pipa Pyrex Mechanoid 48- Top Smoke","https://cdnx.jumpseller.com/astrogrowshop/image/70607458/imagen_1_29497.webp?1765562469",1.29
0.50,Pipas,top-smoke,top-smoke,1353,"Piranha",6990,"Pipa Pyrex Top Smoke | PIRANHA","https://piranha.cl/23298-thickbox_default/pipa-top-smoke-premium-pyrex-3-8cm-aprox-diseno-aleatorio.jpg",2733,"Astro Growshop",9990,"Pipa Pyrex Mephisto 111- Top Smoke","https://cdnx.jumpseller.com/astrogrowshop/image/70607484/imagen_2_29687.webp?1765562533",1.43
0.50,Pipas,top-smoke,top-smoke,1353,"Piranha",6990,"Pipa Pyrex Top Smoke | PIRANHA","https://piranha.cl/23298-thickbox_default/pipa-top-smoke-premium-pyrex-3-8cm-aprox-diseno-aleatorio.jpg",2734,"Astro Growshop",9990,"Pipa Pyrex Neonix 65- Top Smoke","https://cdnx.jumpseller.com/astrogrowshop/image/70607586/imagen_2_29549.webp?1765562735",1.43
0.50,Pipas,top-smoke,top-smoke,1353,"Piranha",6990,"Pipa Pyrex Top Smoke | PIRANHA","https://piranha.cl/23298-thickbox_default/pipa-top-smoke-premium-pyrex-3-8cm-aprox-diseno-aleatorio.jpg",2735,"Astro Growshop",9990,"Pipa Pyrex Nexus 26- Top Smoke","https://cdnx.jumpseller.com/astrogrowshop/image/70607623/imagen_3_29415.webp?1765562862",1.43
0.50,Pipas,top-smoke,top-smoke,1353,"Piranha",6990,"Pipa Pyrex Top Smoke | PIRANHA","https://piranha.cl/23298-thickbox_default/pipa-top-smoke-premium-pyrex-3-8cm-aprox-diseno-aleatorio.jpg",2736,"Astro Growshop",14990,"Pipa Pyrex Nightfall 116- Top Smoke","https://cdnx.jumpseller.com/astrogrowshop/image/70607581/imagen_1_29700.webp?1765562700",2.14
0.50,Pipas,top-smoke,top-smoke,1353,"Piranha",6990,"Pipa Pyrex Top Smoke | PIRANHA","https://piranha.cl/23298-thickbox_default/pipa-top-smoke-premium-pyrex-3-8cm-aprox-diseno-aleatorio.jpg",2738,"Astro Growshop",9990,"Pipa Pyrex Nitroblade 115- Top Smoke","https://cdnx.jumpseller.com/astrogrowshop/image/70607547/imagen_1_29697.webp?1765562605",1.43
0.50,Pipas,top-smoke,top-smoke,1353,"Piranha",6990,"Pipa Pyrex Top Smoke | PIRANHA","https://piranha.cl/23298-thickbox_default/pipa-top-smoke-premium-pyrex-3-8cm-aprox-diseno-aleatorio.jpg",2739,"Astro Growshop",9990,"Pipa Pyrex Nitrocore 30- Top Smoke","https://cdnx.jumpseller.com/astrogrowshop/image/70607572/imagen_2_29436.webp?1765562674",1.43
0.50,Pipas,top-smoke,top-smoke,1353,"Piranha",6990,"Pipa Pyrex Top Smoke | PIRANHA","https://piranha.cl/23298-thickbox_default/pipa-top-smoke-premium-pyrex-3-8cm-aprox-diseno-aleatorio.jpg",2740,"Astro Growshop",9990,"Pipa Pyrex Nitroshock 79- Top Smoke","https://cdnx.jumpseller.com/astrogrowshop/image/70607597/imagen_1_29590.webp?1765562780",1.43
0.50,Pipas,top-smoke,top-smoke,1353,"Piranha",6990,"Pipa Pyrex Top Smoke | PIRANHA","https://piranha.cl/23298-thickbox_default/pipa-top-smoke-premium-pyrex-3-8cm-aprox-diseno-aleatorio.jpg",2741,"Astro Growshop",14990,"Pipa Pyrex Nitrovolt 90- Top Smoke","https://cdnx.jumpseller.com/astrogrowshop/image/70607614/imagen_3_29625.webp?1765562834",2.14
0.50,Pipas,top-smoke,top-smoke,1353,"Piranha",6990,"Pipa Pyrex Top Smoke | PIRANHA","https://piranha.cl/23298-thickbox_default/pipa-top-smoke-premium-pyrex-3-8cm-aprox-diseno-aleatorio.jpg",2742,"Astro Growshop",9990,"Pipa Pyrex Nitrozone 101- Top Smoke","https://cdnx.jumpseller.com/astrogrowshop/image/70607647/imagen_1_29656.webp?1765562887",1.43
0.50,Pipas,top-smoke,top-smoke,1353,"Piranha",6990,"Pipa Pyrex Top Smoke | PIRANHA","https://piranha.cl/23298-thickbox_default/pipa-top-smoke-premium-pyrex-3-8cm-aprox-diseno-aleatorio.jpg",2744,"Astro Growshop",14990,"Pipa Pyrex Oblivion 41- Top Smoke","https://cdnx.jumpseller.com/astrogrowshop/image/70607657/imagen_2_29477.webp?1765562912",2.14
0.50,Pipas,top-smoke,top-smoke,1353,"Piranha",6990,"Pipa Pyrex Top Smoke | PIRANHA","https://piranha.cl/23298-thickbox_default/pipa-top-smoke-premium-pyrex-3-8cm-aprox-diseno-aleatorio.jpg",2745,"Astro Growshop",14990,"Pipa Pyrex Omega 12- Top Smoke","https://cdnx.jumpseller.com/astrogrowshop/image/70607684/imagen_1_29359.webp?1765563006",2.14
0.50,Pipas,top-smoke,top-smoke,1353,"Piranha",6990,"Pipa Pyrex Top Smoke | PIRANHA","https://piranha.cl/23298-thickbox_default/pipa-top-smoke-premium-pyrex-3-8cm-aprox-diseno-aleatorio.jpg",2746,"Astro Growshop",17990,"Pipa Pyrex Outbreak 91- Top Smoke","https://cdnx.jumpseller.com/astrogrowshop/image/70607697/imagen_2_29627.webp?1765563060",2.57
0.50,Pipas,top-smoke,top-smoke,1353,"Piranha",6990,"Pipa Pyrex Top Smoke | PIRANHA","https://piranha.cl/23298-thickbox_default/pipa-top-smoke-premium-pyrex-3-8cm-aprox-diseno-aleatorio.jpg",2747,"Astro Growshop",17990,"Pipa Pyrex Outlaw 49- Top Smoke","https://cdnx.jumpseller.com/astrogrowshop/image/70607701/imagen_3_29502.webp?1765563084",2.57
0.50,Pipas,top-smoke,top-smoke,1353,"Piranha",6990,"Pipa Pyrex Top Smoke | PIRANHA","https://piranha.cl/23298-thickbox_default/pipa-top-smoke-premium-pyrex-3-8cm-aprox-diseno-aleatorio.jpg",2748,"Astro Growshop",14990,"Pipa Pyrex Outrage 120- Top Smoke","https://cdnx.jumpseller.com/astrogrowshop/image/70607689/imagen_1_29712.webp?1765563032",2.14
0.50,Pipas,top-smoke,top-smoke,1353,"Piranha",6990,"Pipa Pyrex Top Smoke | PIRANHA","https://piranha.cl/23298-thickbox_default/pipa-top-smoke-premium-pyrex-3-8cm-aprox-diseno-aleatorio.jpg",2749,"Astro Growshop",9990,"Pipa Pyrex Overcharge 117- Top Smoke","https://cdnx.jumpseller.com/astrogrowshop/image/70607707/imagen_1_29703.webp?1765563138",1.43
0.50,Pipas,top-smoke,top-smoke,1353,"Piranha",6990,"Pipa Pyrex Top Smoke | PIRANHA","https://piranha.cl/23298-thickbox_default/pipa-top-smoke-premium-pyrex-3-8cm-aprox-diseno-aleatorio.jpg",2750,"Astro Growshop",9990,"Pipa Pyrex Overdrive 72- Top Smoke","https://cdnx.jumpseller.com/astrogrowshop/image/70607720/imagen_2_29570.webp?1765563164",1.43
0.50,Pipas,top-smoke,top-smoke,1353,"Piranha",6990,"Pipa Pyrex Top Smoke | PIRANHA","https://piranha.cl/23298-thickbox_default/pipa-top-smoke-premium-pyrex-3-8cm-aprox-diseno-aleatorio.jpg",2751,"Astro Growshop",8990,"Pipa Pyrex Overflux 97- Top Smoke","https://cdnx.jumpseller.com/astrogrowshop/image/70607729/imagen_1_29644.webp?1765563192",1.29
0.50,Pipas,top-smoke,top-smoke,1353,"Piranha",6990,"Pipa Pyrex Top Smoke | PIRANHA","https://piranha.cl/23298-thickbox_default/pipa-top-smoke-premium-pyrex-3-8cm-aprox-diseno-aleatorio.jpg",2752,"Astro Growshop",9990,"Pipa Pyrex Overkill 33- Top Smoke","https://cdnx.jumpseller.com/astrogrowshop/image/70607704/imagen_1_29452.webp?1765563109",1.43
0.50,Pipas,top-smoke,top-smoke,1353,"Piranha",6990,"Pipa Pyrex Top Smoke | PIRANHA","https://piranha.cl/23298-thickbox_default/pipa-top-smoke-premium-pyrex-3-8cm-aprox-diseno-aleatorio.jpg",2753,"Astro Growshop",17990,"Pipa Pyrex Overlord 104- Top Smoke","https://cdnx.jumpseller.com/astrogrowshop/image/70607740/imagen_1_29665.webp?1765563215",2.57
0.50,Pipas,top-smoke,top-smoke,1353,"Piranha",6990,"Pipa Pyrex Top Smoke | PIRANHA","https://piranha.cl/23298-thickbox_default/pipa-top-smoke-premium-pyrex-3-8cm-aprox-diseno-aleatorio.jpg",2754,"Astro Growshop",9990,"Pipa Pyrex Paradox 61- Top Smoke","https://cdnx.jumpseller.com/astrogrowshop/image/70607834/imagen_3_29538.webp?1765563419",1.43
0.50,Pipas,top-smoke,top-smoke,1353,"Piranha",6990,"Pipa Pyrex Top Smoke | PIRANHA","https://piranha.cl/23298-thickbox_default/pipa-top-smoke-premium-pyrex-3-8cm-aprox-diseno-aleatorio.jpg",12093,"Astro Growshop",17990,"Pipa Pyrex Phantomix 94- Top Smoke","https://cdnx.jumpseller.com/astrogrowshop/image/70607868/imagen_2_29636.webp?1765563482",2.57
0.50,Pipas,top-smoke,top-smoke,1353,"Piranha",6990,"Pipa Pyrex Top Smoke | PIRANHA","https://piranha.cl/23298-thickbox_default/pipa-top-smoke-premium-pyrex-3-8cm-aprox-diseno-aleatorio.jpg",12094,"Astro Growshop",9990,"Pipa Pyrex Phoenix 71- Top Smoke","https://cdnx.jumpseller.com/astrogrowshop/image/70607794/imagen_2_29567.webp?1765563319",1.43
0.50,Pipas,top-smoke,top-smoke,1353,"Piranha",6990,"Pipa Pyrex Top Smoke | PIRANHA","https://piranha.cl/23298-thickbox_default/pipa-top-smoke-premium-pyrex-3-8cm-aprox-diseno-aleatorio.jpg",12095,"Astro Growshop",9990,"Pipa Pyrex Plasma 11- Top Smoke","https://cdnx.jumpseller.com/astrogrowshop/image/70607799/imagen_2_29357.webp?1765563342",1.43
0.50,Pipas,top-smoke,top-smoke,1353,"Piranha",6990,"Pipa Pyrex Top Smoke | PIRANHA","https://piranha.cl/23298-thickbox_default/pipa-top-smoke-premium-pyrex-3-8cm-aprox-diseno-aleatorio.jpg",12096,"Astro Growshop",17990,"Pipa Pyrex Plasmatic 95- Top Smoke","https://cdnx.jumpseller.com/astrogrowshop/image/70607822/imagen_1_29638.webp?1765563390",2.57
0.50,Pipas,top-smoke,top-smoke,1353,"Piranha",6990,"Pipa Pyrex Top Smoke | PIRANHA","https://piranha.cl/23298-thickbox_default/pipa-top-smoke-premium-pyrex-3-8cm-aprox-diseno-aleatorio.jpg",12097,"Astro Growshop",14990,"Pipa Pyrex Predator 46- Top Smoke","https://cdnx.jumpseller.com/astrogrowshop/image/70607764/imagen_1_29491.webp?1765563237",2.14
0.50,Pipas,top-smoke,top-smoke,1353,"Piranha",6990,"Pipa Pyrex Top Smoke | PIRANHA","https://piranha.cl/23298-thickbox_default/pipa-top-smoke-premium-pyrex-3-8cm-aprox-diseno-aleatorio.jpg",12098,"Astro Growshop",14990,"Pipa Pyrex Pulse 38- Top Smoke","https://cdnx.jumpseller.com/astrogrowshop/image/70607810/imagen_1_29467.webp?1765563366",2.14
0.50,Pipas,top-smoke,top-smoke,1353,"Piranha",6990,"Pipa Pyrex Top Smoke | PIRANHA","https://piranha.cl/23298-thickbox_default/pipa-top-smoke-premium-pyrex-3-8cm-aprox-diseno-aleatorio.jpg",12099,"Astro Growshop",9990,"Pipa Pyrex Pyro 24- Top Smoke","https://cdnx.jumpseller.com/astrogrowshop/image/70607896/imagen_2_29408.webp?1765563512",1.43
0.50,Pipas,top-smoke,top-smoke,1353,"Piranha",6990,"Pipa Pyrex Top Smoke | PIRANHA","https://piranha.cl/23298-thickbox_default/pipa-top-smoke-premium-pyrex-3-8cm-aprox-diseno-aleatorio.jpg",12100,"Astro Growshop",9990,"Pipa Pyrex Quantum 21- Top Smoke","https://cdnx.jumpseller.com/astrogrowshop/image/70607910/imagen_2_29399.webp?1765563544",1.43
0.50,Pipas,top-smoke,top-smoke,1353,"Piranha",6990,"Pipa Pyrex Top Smoke | PIRANHA","https://piranha.cl/23298-thickbox_default/pipa-top-smoke-premium-pyrex-3-8cm-aprox-diseno-aleatorio.jpg",12101,"Astro Growshop",14990,"Pipa Pyrex Rampage 50- Top Smoke","https://cdnx.jumpseller.com/astrogrowshop/image/70607915/imagen_1_29503.webp?1765563564",2.14
0.50,Pipas,top-smoke,top-smoke,1353,"Piranha",6990,"Pipa Pyrex Top Smoke | PIRANHA","https://piranha.cl/23298-thickbox_default/pipa-top-smoke-premium-pyrex-3-8cm-aprox-diseno-aleatorio.jpg",12102,"Astro Growshop",17990,"Pipa Pyrex Rampart 83- Top Smoke","https://cdnx.jumpseller.com/astrogrowshop/image/70607989/imagen_3_29604.webp?1765563736",2.57
0.50,Pipas,top-smoke,top-smoke,1353,"Piranha",6990,"Pipa Pyrex Top Smoke | PIRANHA","https://piranha.cl/23298-thickbox_default/pipa-top-smoke-premium-pyrex-3-8cm-aprox-diseno-aleatorio.jpg",12103,"Astro Growshop",14990,"Pipa Pyrex Reactor 29- Top Smoke","https://cdnx.jumpseller.com/astrogrowshop/image/70607957/imagen_4_29431.webp?1765563647",2.14
0.50,Pipas,top-smoke,top-smoke,1353,"Piranha",6990,"Pipa Pyrex Top Smoke | PIRANHA","https://piranha.cl/23298-thickbox_default/pipa-top-smoke-premium-pyrex-3-8cm-aprox-diseno-aleatorio.jpg",12104,"Astro Growshop",14990,"Pipa Pyrex Reaper 51- Top Smoke","https://cdnx.jumpseller.com/astrogrowshop/image/70607976/imagen_1_29506.webp?1765563712",2.14
0.50,Pipas,top-smoke,top-smoke,1353,"Piranha",6990,"Pipa Pyrex Top Smoke | PIRANHA","https://piranha.cl/23298-thickbox_default/pipa-top-smoke-premium-pyrex-3-8cm-aprox-diseno-aleatorio.jpg",12105,"Astro Growshop",9990,"Pipa Pyrex Rebel 64- Top Smoke","https://cdnx.jumpseller.com/astrogrowshop/image/70607932/imagen_1_29545.webp?1765563587",1.43
0.50,Pipas,top-smoke,top-smoke,1353,"Piranha",6990,"Pipa Pyrex Top Smoke | PIRANHA","https://piranha.cl/23298-thickbox_default/pipa-top-smoke-premium-pyrex-3-8cm-aprox-diseno-aleatorio.jpg",12106,"Astro Growshop",17990,"Pipa Pyrex Redline 98- Top Smoke","https://cdnx.jumpseller.com/astrogrowshop/image/70607973/imagen_2_29648.webp?1765563682",2.57
0.50,Pipas,top-smoke,top-smoke,1353,"Piranha",6990,"Pipa Pyrex Top Smoke | PIRANHA","https://piranha.cl/23298-thickbox_default/pipa-top-smoke-premium-pyrex-3-8cm-aprox-diseno-aleatorio.jpg",12107,"Astro Growshop",9990,"Pipa Pyrex Riot 17- Top Smoke","https://cdnx.jumpseller.com/astrogrowshop/image/70607996/imagen_3_29379.webp?1765563765",1.43
0.50,Pipas,top-smoke,top-smoke,1353,"Piranha",6990,"Pipa Pyrex Top Smoke | PIRANHA","https://piranha.cl/23298-thickbox_default/pipa-top-smoke-premium-pyrex-3-8cm-aprox-diseno-aleatorio.jpg",12108,"Astro Growshop",14990,"Pipa Pyrex Sabotage 99- Top Smoke","https://cdnx.jumpseller.com/astrogrowshop/image/70608022/imagen_3_29652.webp?1765563823",2.14
0.50,Pipas,top-smoke,top-smoke,1353,"Piranha",6990,"Pipa Pyrex Top Smoke | PIRANHA","https://piranha.cl/23298-thickbox_default/pipa-top-smoke-premium-pyrex-3-8cm-aprox-diseno-aleatorio.jpg",12109,"Astro Growshop",9990,"Pipa Pyrex Savage 42- Top Smoke","https://cdnx.jumpseller.com/astrogrowshop/image/70608015/imagen_1_29479.webp?1765563797",1.43
0.50,Pipas,top-smoke,top-smoke,1353,"Piranha",6990,"Pipa Pyrex Top Smoke | PIRANHA","https://piranha.cl/23298-thickbox_default/pipa-top-smoke-premium-pyrex-3-8cm-aprox-diseno-aleatorio.jpg",12110,"Astro Growshop",9990,"Pipa Pyrex Shadow 52- Top Smoke","https://cdnx.jumpseller.com/astrogrowshop/image/70608072/imagen_1_29509.webp?1765563941",1.43
0.50,Pipas,top-smoke,top-smoke,1353,"Piranha",6990,"Pipa Pyrex Top Smoke | PIRANHA","https://piranha.cl/23298-thickbox_default/pipa-top-smoke-premium-pyrex-3-8cm-aprox-diseno-aleatorio.jpg",12111,"Astro Growshop",17990,"Pipa Pyrex Shadowcore 81- Top Smoke","https://cdnx.jumpseller.com/astrogrowshop/image/70608036/imagen_2_29597.webp?1765563846",2.57
0.50,Pipas,top-smoke,top-smoke,1353,"Piranha",6990,"Pipa Pyrex Top Smoke | PIRANHA","https://piranha.cl/23298-thickbox_default/pipa-top-smoke-premium-pyrex-3-8cm-aprox-diseno-aleatorio.jpg",12112,"Astro Growshop",9990,"Pipa Pyrex Shocker 10- Top Smoke","https://cdnx.jumpseller.com/astrogrowshop/image/70608059/imagen_3_29355.webp?1765563897",1.43
0.50,Pipas,top-smoke,top-smoke,1353,"Piranha",6990,"Pipa Pyrex Top Smoke | PIRANHA","https://piranha.cl/23298-thickbox_default/pipa-top-smoke-premium-pyrex-3-8cm-aprox-diseno-aleatorio.jpg",12113,"Astro Growshop",9990,"Pipa Pyrex Shogun 39- Top Smoke","https://cdnx.jumpseller.com/astrogrowshop/image/70608065/imagen_3_29472.webp?1765563918",1.43
0.50,Pipas,top-smoke,top-smoke,1353,"Piranha",6990,"Pipa Pyrex Top Smoke | PIRANHA","https://piranha.cl/23298-thickbox_default/pipa-top-smoke-premium-pyrex-3-8cm-aprox-diseno-aleatorio.jpg",12114,"Astro Growshop",17990,"Pipa Pyrex Shredder 108- Top Smoke","https://cdnx.jumpseller.com/astrogrowshop/image/70608055/imagen_1_29677.webp?1765563873",2.57
0.50,Pipas,top-smoke,top-smoke,1353,"Piranha",6990,"Pipa Pyrex Top Smoke | PIRANHA","https://piranha.cl/23298-thickbox_default/pipa-top-smoke-premium-pyrex-3-8cm-aprox-diseno-aleatorio.jpg",12115,"Astro Growshop",14990,"Pipa Pyrex Slayer 77- Top Smoke","https://cdnx.jumpseller.com/astrogrowshop/image/70608561/imagen_1_29584.webp?1765565023",2.14
0.50,Pipas,top-smoke,top-smoke,1353,"Piranha",6990,"Pipa Pyrex Top Smoke | PIRANHA","https://piranha.cl/23298-thickbox_default/pipa-top-smoke-premium-pyrex-3-8cm-aprox-diseno-aleatorio.jpg",12116,"Astro Growshop",14990,"Pipa Pyrex Spectre 66- Top Smoke","https://cdnx.jumpseller.com/astrogrowshop/image/70608572/imagen_2_29552.webp?1765565045",2.14
0.50,Pipas,top-smoke,top-smoke,1353,"Piranha",6990,"Pipa Pyrex Top Smoke | PIRANHA","https://piranha.cl/23298-thickbox_default/pipa-top-smoke-premium-pyrex-3-8cm-aprox-diseno-aleatorio.jpg",12117,"Astro Growshop",9990,"Pipa Pyrex Stealth 20- Top Smoke","https://cdnx.jumpseller.com/astrogrowshop/image/70608588/imagen_3_29394.webp?1765565073",1.43
0.50,Pipas,top-smoke,top-smoke,1353,"Piranha",6990,"Pipa Pyrex Top Smoke | PIRANHA","https://piranha.cl/23298-thickbox_default/pipa-top-smoke-premium-pyrex-3-8cm-aprox-diseno-aleatorio.jpg",12118,"Astro Growshop",9990,"Pipa Pyrex Tempest 32- Top Smoke","https://cdnx.jumpseller.com/astrogrowshop/image/70608670/imagen_2_29446.webp?1765565260",1.43
0.50,Pipas,top-smoke,top-smoke,1353,"Piranha",6990,"Pipa Pyrex Top Smoke | PIRANHA","https://piranha.cl/23298-thickbox_default/pipa-top-smoke-premium-pyrex-3-8cm-aprox-diseno-aleatorio.jpg",12119,"Astro Growshop",14990,"Pipa Pyrex Titan 13- Top Smoke","https://cdnx.jumpseller.com/astrogrowshop/image/70608720/imagen_2_29363.webp?1765565336",2.14
0.50,Pipas,top-smoke,top-smoke,1353,"Piranha",6990,"Pipa Pyrex Top Smoke | PIRANHA","https://piranha.cl/23298-thickbox_default/pipa-top-smoke-premium-pyrex-3-8cm-aprox-diseno-aleatorio.jpg",12120,"Astro Growshop",14990,"Pipa Pyrex Titanix 122- Top Smoke","https://cdnx.jumpseller.com/astrogrowshop/image/70608777/imagen_3_29720.webp?1765565548",2.14
0.50,Pipas,top-smoke,top-smoke,1353,"Piranha",6990,"Pipa Pyrex Top Smoke | PIRANHA","https://piranha.cl/23298-thickbox_default/pipa-top-smoke-premium-pyrex-3-8cm-aprox-diseno-aleatorio.jpg",12121,"Astro Growshop",17990,"Pipa Pyrex Torment 82- Top Smoke","https://cdnx.jumpseller.com/astrogrowshop/image/70608713/imagen_3_29601.webp?1765565313",2.57
0.50,Pipas,top-smoke,top-smoke,1353,"Piranha",6990,"Pipa Pyrex Top Smoke | PIRANHA","https://piranha.cl/23298-thickbox_default/pipa-top-smoke-premium-pyrex-3-8cm-aprox-diseno-aleatorio.jpg",12122,"Astro Growshop",14990,"Pipa Pyrex Torque 88- Top Smoke","https://cdnx.jumpseller.com/astrogrowshop/image/70608680/imagen_2_29618.webp?1765565287",2.14
0.50,Pipas,top-smoke,top-smoke,1353,"Piranha",6990,"Pipa Pyrex Top Smoke | PIRANHA","https://piranha.cl/23298-thickbox_default/pipa-top-smoke-premium-pyrex-3-8cm-aprox-diseno-aleatorio.jpg",12124,"Astro Growshop",17990,"Pipa Pyrex Toxicron 106- Top Smoke","https://cdnx.jumpseller.com/astrogrowshop/image/70608848/imagen_1_29671.webp?1765565629",2.57
0.50,Pipas,top-smoke,top-smoke,1353,"Piranha",6990,"Pipa Pyrex Top Smoke | PIRANHA","https://piranha.cl/23298-thickbox_default/pipa-top-smoke-premium-pyrex-3-8cm-aprox-diseno-aleatorio.jpg",12125,"Astro Growshop",17990,"Pipa Pyrex Toxicum 54- Top Smoke","https://cdnx.jumpseller.com/astrogrowshop/image/70608816/imagen_3_29517.webp?1765565604",2.57
0.50,Pipas,top-smoke,top-smoke,1353,"Piranha",6990,"Pipa Pyrex Top Smoke | PIRANHA","https://piranha.cl/23298-thickbox_default/pipa-top-smoke-premium-pyrex-3-8cm-aprox-diseno-aleatorio.jpg",12126,"Astro Growshop",14990,"Pipa Pyrex Turbo 15- Top Smoke","https://cdnx.jumpseller.com/astrogrowshop/image/70608602/imagen_2_29372.webp?1765565097",2.14
0.50,Pipas,top-smoke,top-smoke,1353,"Piranha",6990,"Pipa Pyrex Top Smoke | PIRANHA","https://piranha.cl/23298-thickbox_default/pipa-top-smoke-premium-pyrex-3-8cm-aprox-diseno-aleatorio.jpg",12127,"Astro Growshop",9990,"Pipa Pyrex Turbochrome 62- Top Smoke","https://cdnx.jumpseller.com/astrogrowshop/image/70608659/imagen_1_29539.webp?1765565222",1.43
0.50,Pipas,top-smoke,top-smoke,1353,"Piranha",6990,"Pipa Pyrex Top Smoke | PIRANHA","https://piranha.cl/23298-thickbox_default/pipa-top-smoke-premium-pyrex-3-8cm-aprox-diseno-aleatorio.jpg",12128,"Astro Growshop",17990,"Pipa Pyrex Tyrant 69- Top Smoke","https://cdnx.jumpseller.com/astrogrowshop/image/70608855/imagen_1_29560.webp?1765565652",2.57
0.50,Pipas,top-smoke,top-smoke,1353,"Piranha",6990,"Pipa Pyrex Top Smoke | PIRANHA","https://piranha.cl/23298-thickbox_default/pipa-top-smoke-premium-pyrex-3-8cm-aprox-diseno-aleatorio.jpg",12129,"Astro Growshop",9990,"Pipa Pyrex Vandal 80- Top Smoke","https://cdnx.jumpseller.com/astrogrowshop/image/70608869/imagen_2_29594.webp?1765565697",1.43
0.50,Pipas,top-smoke,top-smoke,1353,"Piranha",6990,"Pipa Pyrex Top Smoke | PIRANHA","https://piranha.cl/23298-thickbox_default/pipa-top-smoke-premium-pyrex-3-8cm-aprox-diseno-aleatorio.jpg",12130,"Astro Growshop",9990,"Pipa Pyrex Venator 16- Top Smoke","https://cdnx.jumpseller.com/astrogrowshop/image/70608977/imagen_1_29374.webp?1765565921",1.43
0.50,Pipas,top-smoke,top-smoke,1353,"Piranha",6990,"Pipa Pyrex Top Smoke | PIRANHA","https://piranha.cl/23298-thickbox_default/pipa-top-smoke-premium-pyrex-3-8cm-aprox-diseno-aleatorio.jpg",12131,"Astro Growshop",9990,"Pipa Pyrex Venatorix 31- Top Smoke","https://cdnx.jumpseller.com/astrogrowshop/image/70609004/imagen_2_29443.webp?1765565996",1.43
0.50,Pipas,top-smoke,top-smoke,1353,"Piranha",6990,"Pipa Pyrex Top Smoke | PIRANHA","https://piranha.cl/23298-thickbox_default/pipa-top-smoke-premium-pyrex-3-8cm-aprox-diseno-aleatorio.jpg",12132,"Astro Growshop",14990,"Pipa Pyrex Venatrix 47- Top Smoke","https://cdnx.jumpseller.com/astrogrowshop/image/70609012/imagen_2_29495.webp?1765566019",2.14
0.50,Pipas,top-smoke,top-smoke,1353,"Piranha",6990,"Pipa Pyrex Top Smoke | PIRANHA","https://piranha.cl/23298-thickbox_default/pipa-top-smoke-premium-pyrex-3-8cm-aprox-diseno-aleatorio.jpg",12134,"Astro Growshop",9990,"Pipa Pyrex Venomix 25- Top Smoke","https://cdnx.jumpseller.com/astrogrowshop/image/70608899/imagen_1_29410.webp?1765565786",1.43
0.50,Pipas,top-smoke,top-smoke,1353,"Piranha",6990,"Pipa Pyrex Top Smoke | PIRANHA","https://piranha.cl/23298-thickbox_default/pipa-top-smoke-premium-pyrex-3-8cm-aprox-diseno-aleatorio.jpg",12135,"Astro Growshop",14990,"Pipa Pyrex Venomous 56- Top Smoke","https://cdnx.jumpseller.com/astrogrowshop/image/70609021/imagen_1_29521.webp?1765566043",2.14
0.50,Pipas,top-smoke,top-smoke,1353,"Piranha",6990,"Pipa Pyrex Top Smoke | PIRANHA","https://piranha.cl/23298-thickbox_default/pipa-top-smoke-premium-pyrex-3-8cm-aprox-diseno-aleatorio.jpg",12136,"Astro Growshop",9990,"Pipa Pyrex Void 44- Top Smoke","https://cdnx.jumpseller.com/astrogrowshop/image/70608914/imagen_1_29485.webp?1765565812",1.43
0.50,Pipas,top-smoke,top-smoke,1353,"Piranha",6990,"Pipa Pyrex Top Smoke | PIRANHA","https://piranha.cl/23298-thickbox_default/pipa-top-smoke-premium-pyrex-3-8cm-aprox-diseno-aleatorio.jpg",12137,"Astro Growshop",14990,"Pipa Pyrex Voidstorm 121- Top Smoke","https://cdnx.jumpseller.com/astrogrowshop/image/70608882/imagen_2_29716.webp?1765565738",2.14
0.50,Pipas,top-smoke,top-smoke,1353,"Piranha",6990,"Pipa Pyrex Top Smoke | PIRANHA","https://piranha.cl/23298-thickbox_default/pipa-top-smoke-premium-pyrex-3-8cm-aprox-diseno-aleatorio.jpg",12138,"Astro Growshop",9990,"Pipa Pyrex Voltage 45- Top Smoke","https://cdnx.jumpseller.com/astrogrowshop/image/70608927/imagen_1_29488.webp?1765565835",1.43
0.50,Pipas,top-smoke,top-smoke,1353,"Piranha",6990,"Pipa Pyrex Top Smoke | PIRANHA","https://piranha.cl/23298-thickbox_default/pipa-top-smoke-premium-pyrex-3-8cm-aprox-diseno-aleatorio.jpg",12140,"Astro Growshop",14990,"Pipa Pyrex Wraith 55- Top Smoke","https://cdnx.jumpseller.com/astrogrowshop/image/70609032/imagen_1_29518.webp?1765566071",2.14
0.50,Pipas,top-smoke,top-smoke,1353,"Piranha",6990,"Pipa Pyrex Top Smoke | PIRANHA","https://piranha.cl/23298-thickbox_default/pipa-top-smoke-premium-pyrex-3-8cm-aprox-diseno-aleatorio.jpg",12141,"Astro Growshop",14990,"Pipa Pyrex Xenon 102- Top Smoke","https://cdnx.jumpseller.com/astrogrowshop/image/70609039/imagen_1_29659.webp?1765566095",2.14
0.50,Pipas,top-smoke,top-smoke,1353,"Piranha",6990,"Pipa Pyrex Top Smoke | PIRANHA","https://piranha.cl/23298-thickbox_default/pipa-top-smoke-premium-pyrex-3-8cm-aprox-diseno-aleatorio.jpg",12142,"Astro Growshop",14990,"Pipa Pyrex Zenith 43- Top Smoke","https://cdnx.jumpseller.com/astrogrowshop/image/70609114/imagen_3_29484.webp?1765566227",2.14
0.50,Pipas,top-smoke,top-smoke,1353,"Piranha",6990,"Pipa Pyrex Top Smoke | PIRANHA","https://piranha.cl/23298-thickbox_default/pipa-top-smoke-premium-pyrex-3-8cm-aprox-diseno-aleatorio.jpg",12143,"Astro Growshop",14990,"Pipa Pyrex Zenithron 123- Top Smoke","https://cdnx.jumpseller.com/astrogrowshop/image/70609134/imagen_3_29723.webp?1765566259",2.14
0.50,Conos y blunts,soulblime,soulblime,1395,"GrowBarato Chile",2000,"Soulblime Kit Rellena Conos | Preenrolados fáciles y rápidos","https://www.growbaratochile.cl/9955-large_default/kit-rellena-conos-soulblime.jpg",11128,"Piranha",2490,"Kit Rellena Conos Soulblime | PIRANHA","https://piranha.cl/17519-thickbox_default/kit-rellena-conos-soulblime.jpg",1.25
0.50,Repuestos para bongs y vaporizadores,,,1404,"GrowBarato Chile",3500,"Quemador Bowl Macho 18mm Colores Surtidos | Bowl para Bong Chile","https://www.growbaratochile.cl/11271-large_default/quemador-bowl-macho-18mm-colores.jpg",12902,"Fumetas",4990,"Quemador Macho 18mm - Diferentes Colores","https://cdnx.jumpseller.com/fumetas-store/image/16987651/Quemador_macho_18mm_azul.jpg?1632505678",1.43
0.50,Conos y blunts,raw,raw,1567,"Fumetas",19131,"Cono inflable RAW mediano 1,8 mts - Flotador","https://cdnx.jumpseller.com/fumetas-store/image/20780978/Cono_Inflable_180cm.jpg?1649114670",16093,"Piranha",6792,"Cono Inflable RAW","https://piranha.cl/15104-thickbox_default/cono-inflable-raw.jpg",2.82
0.50,Repuestos para bongs y vaporizadores,,,2034,"Fumetas",4990,"Quemador Bowl Macho 14mm","https://cdnx.jumpseller.com/fumetas-store/image/52507951/Quemador-Macho-14mm-Bong.jpg?1725393322",12380,"Astro Growshop",8490,"Quemador Pyrex Abeja Macho 14Mm","https://cdnx.jumpseller.com/astrogrowshop/image/72491747/WhatsApp_20Image_202026-01-29_20at_2012.29.47_20PM.webp?1769701124",1.70
0.50,Encendedores y sopletes,zippo,zippo,2038,"Fumetas",32990,"Encendedor Zippo High Polish Chrome Vintage","https://cdnx.jumpseller.com/fumetas-store/image/20259682/ZP260-Hi-PolishChrome-Vintage.jpg?1635864706",2594,"Astro Growshop",37990,"Encendedor High Polish Rose-Zippo","https://cdnx.jumpseller.com/astrogrowshop/image/70213270/imagen_1_polish_20rosa.webp?1764265969",1.15
0.50,Encendedores y sopletes,zippo,zippo,2056,"Fumetas",31990,"Encendedor Zippo High Polish Sterling Silver","https://cdnx.jumpseller.com/fumetas-store/image/20343234/ZIPPO-250RHPOLC-1-OFICIAL.gif?1636123188",2594,"Astro Growshop",37990,"Encendedor High Polish Rose-Zippo","https://cdnx.jumpseller.com/astrogrowshop/image/70213270/imagen_1_polish_20rosa.webp?1764265969",1.19
0.50,Bongs,calvo,calvo,2295,"GrowBarato Chile",28800,"Bong Mushroom 19cm de Calvo Glass","https://www.growbaratochile.cl/6714-large_default/bong-poison-rig-lite-19cm.jpg",13205,"Fumetas",28990,"Calvo Glass Poison Rig Lite 19cm","https://cdnx.jumpseller.com/fumetas-store/image/59961849/Bong-Posion-Rig-Lite-Calvo-19cm-Verde_1.webp?1738972883",1.01
0.50,Bongs,calvo,calvo,2295,"GrowBarato Chile",28800,"Bong Mushroom 19cm de Calvo Glass","https://www.growbaratochile.cl/6714-large_default/bong-poison-rig-lite-19cm.jpg",13212,"Fumetas",28990,"Calvo Glass Rig Extractos Simple 19cm","https://cdnx.jumpseller.com/fumetas-store/image/8250826/Calvo_Glass_Rig_Peque_o_Verde.jpg?1600362847",1.01
0.50,Repuestos para bongs y vaporizadores,bonglab,bonglab,2305,"GrowBarato Chile",3200,"Difusor 14mm 12cm Bonglab | Repuesto de vidrio para bongs","https://www.growbaratochile.cl/10079-large_default/difusor-14mm-12cm-bonglab.jpg",11877,"Astro Growshop",3990,"Difusor 14Mm-Bonglab","https://cdnx.jumpseller.com/astrogrowshop/image/70236119/imagen_1_28322.webp?1764339071",1.25
0.50,Repuestos para bongs y vaporizadores,bonglab,bonglab,2305,"GrowBarato Chile",3200,"Difusor 14mm 12cm Bonglab | Repuesto de vidrio para bongs","https://www.growbaratochile.cl/10079-large_default/difusor-14mm-12cm-bonglab.jpg",15558,"Piranha",3990,"Difusor Bonglab 14mm/12cm Morado | PIRANHA","https://piranha.cl/24066-thickbox_default/difusor-bonglab-14mm12cm-logo-morado.jpg",1.25
0.50,Pipas,top-smoke,top-smoke,2689,"Astro Growshop",9990,"Pipa Pyrex Apollyon 126- Top Smoke","https://cdnx.jumpseller.com/astrogrowshop/image/70601698/imagen_1_29730.webp?1765550784",15553,"Piranha",14990,"Pipa Pyrex Top Smoke | PIRANHA","https://piranha.cl/23355-thickbox_default/pipa-top-smoke-premium-pyrex-5-12cm-aprox-diseno-aleatorio.jpg",1.50
0.50,Pipas,top-smoke,top-smoke,2690,"Astro Growshop",9990,"Pipa Pyrex Armageddon 87- Top Smoke","https://cdnx.jumpseller.com/astrogrowshop/image/70601708/imagen_2_29615.webp?1765550811",15553,"Piranha",14990,"Pipa Pyrex Top Smoke | PIRANHA","https://piranha.cl/23355-thickbox_default/pipa-top-smoke-premium-pyrex-5-12cm-aprox-diseno-aleatorio.jpg",1.50
0.50,Pipas,top-smoke,top-smoke,2691,"Astro Growshop",14990,"Pipa Pyrex Berserk 57- Top Smoke","https://cdnx.jumpseller.com/astrogrowshop/image/70601766/imagen_1_29524.webp?1765550921",15553,"Piranha",14990,"Pipa Pyrex Top Smoke | PIRANHA","https://piranha.cl/23355-thickbox_default/pipa-top-smoke-premium-pyrex-5-12cm-aprox-diseno-aleatorio.jpg",1.00
0.50,Pipas,top-smoke,top-smoke,2692,"Astro Growshop",9990,"Pipa Pyrex Blackout 107- Top Smoke","https://cdnx.jumpseller.com/astrogrowshop/image/70601721/imagen_2_29675.webp?1765550834",15553,"Piranha",14990,"Pipa Pyrex Top Smoke | PIRANHA","https://piranha.cl/23355-thickbox_default/pipa-top-smoke-premium-pyrex-5-12cm-aprox-diseno-aleatorio.jpg",1.50
0.50,Pipas,top-smoke,top-smoke,2693,"Astro Growshop",9990,"Pipa Pyrex Blast 18- Top Smoke","https://cdnx.jumpseller.com/astrogrowshop/image/70601740/imagen_1_29383.webp?1765550865",15553,"Piranha",14990,"Pipa Pyrex Top Smoke | PIRANHA","https://piranha.cl/23355-thickbox_default/pipa-top-smoke-premium-pyrex-5-12cm-aprox-diseno-aleatorio.jpg",1.50
0.50,Pipas,top-smoke,top-smoke,2694,"Astro Growshop",9990,"Pipa Pyrex Blitz 60- Top Smoke","https://cdnx.jumpseller.com/astrogrowshop/image/70601757/imagen_1_29533.webp?1765550891",15553,"Piranha",14990,"Pipa Pyrex Top Smoke | PIRANHA","https://piranha.cl/23355-thickbox_default/pipa-top-smoke-premium-pyrex-5-12cm-aprox-diseno-aleatorio.jpg",1.50
0.50,Pipas,top-smoke,top-smoke,2695,"Astro Growshop",17990,"Pipa Pyrex Carbonix 67- Top Smoke","https://cdnx.jumpseller.com/astrogrowshop/image/70601870/imagen_3_29556.webp?1765551115",15553,"Piranha",14990,"Pipa Pyrex Top Smoke | PIRANHA","https://piranha.cl/23355-thickbox_default/pipa-top-smoke-premium-pyrex-5-12cm-aprox-diseno-aleatorio.jpg",1.20
0.50,Pipas,top-smoke,top-smoke,2696,"Astro Growshop",9990,"Pipa Pyrex Catalyst 86- Top Smoke","https://cdnx.jumpseller.com/astrogrowshop/image/70601874/imagen_1_29611.webp?1765551140",15553,"Piranha",14990,"Pipa Pyrex Top Smoke | PIRANHA","https://piranha.cl/23355-thickbox_default/pipa-top-smoke-premium-pyrex-5-12cm-aprox-diseno-aleatorio.jpg",1.50
0.50,Pipas,top-smoke,top-smoke,2697,"Astro Growshop",14990,"Pipa Pyrex Chaos 19- Top Smoke","https://cdnx.jumpseller.com/astrogrowshop/image/70601839/imagen_4_29389.webp?1765551047",15553,"Piranha",14990,"Pipa Pyrex Top Smoke | PIRANHA","https://piranha.cl/23355-thickbox_default/pipa-top-smoke-premium-pyrex-5-12cm-aprox-diseno-aleatorio.jpg",1.00
0.50,Pipas,top-smoke,top-smoke,2699,"Astro Growshop",14990,"Pipa Pyrex Cyclonix 78- Top Smoke","https://cdnx.jumpseller.com/astrogrowshop/image/70601809/imagen_3_29589.webp?1765550985",15553,"Piranha",14990,"Pipa Pyrex Top Smoke | PIRANHA","https://piranha.cl/23355-thickbox_default/pipa-top-smoke-premium-pyrex-5-12cm-aprox-diseno-aleatorio.jpg",1.00
0.50,Pipas,top-smoke,top-smoke,2700,"Astro Growshop",8990,"Pipa Pyrex Cyclotron 118- Top Smoke","https://cdnx.jumpseller.com/astrogrowshop/image/70601818/imagen_3_29708.webp?1765551009",15553,"Piranha",14990,"Pipa Pyrex Top Smoke | PIRANHA","https://piranha.cl/23355-thickbox_default/pipa-top-smoke-premium-pyrex-5-12cm-aprox-diseno-aleatorio.jpg",1.67
0.50,Pipas,top-smoke,top-smoke,2701,"Astro Growshop",9990,"Pipa Pyrex Darkwave 27- Top Smoke","https://cdnx.jumpseller.com/astrogrowshop/image/70602006/imagen_3_29424.webp?1765551418",15553,"Piranha",14990,"Pipa Pyrex Top Smoke | PIRANHA","https://piranha.cl/23355-thickbox_default/pipa-top-smoke-premium-pyrex-5-12cm-aprox-diseno-aleatorio.jpg",1.50
0.50,Pipas,top-smoke,top-smoke,2702,"Astro Growshop",9990,"Pipa Pyrex Deathcore 110- Top Smoke","https://cdnx.jumpseller.com/astrogrowshop/image/70606809/imagen_2_29684.webp?1765560928",15553,"Piranha",14990,"Pipa Pyrex Top Smoke | PIRANHA","https://piranha.cl/23355-thickbox_default/pipa-top-smoke-premium-pyrex-5-12cm-aprox-diseno-aleatorio.jpg",1.50
0.50,Pipas,top-smoke,top-smoke,2703,"Astro Growshop",17990,"Pipa Pyrex Delta 22- Top Smoke","https://cdnx.jumpseller.com/astrogrowshop/image/70601882/imagen_1_29401.webp?1765551164",15553,"Piranha",14990,"Pipa Pyrex Top Smoke | PIRANHA","https://piranha.cl/23355-thickbox_default/pipa-top-smoke-premium-pyrex-5-12cm-aprox-diseno-aleatorio.jpg",1.20
0.50,Pipas,top-smoke,top-smoke,2704,"Astro Growshop",9990,"Pipa Pyrex Dominion 40- Top Smoke","https://cdnx.jumpseller.com/astrogrowshop/image/70601893/imagen_1_29473.webp?1765551192",15553,"Piranha",14990,"Pipa Pyrex Top Smoke | PIRANHA","https://piranha.cl/23355-thickbox_default/pipa-top-smoke-premium-pyrex-5-12cm-aprox-diseno-aleatorio.jpg",1.50
0.50,Pipas,top-smoke,top-smoke,2705,"Astro Growshop",17990,"Pipa Pyrex Dominionx 96- Top Smoke","https://cdnx.jumpseller.com/astrogrowshop/image/70601902/imagen_2_29642.webp?1765551216",15553,"Piranha",14990,"Pipa Pyrex Top Smoke | PIRANHA","https://piranha.cl/23355-thickbox_default/pipa-top-smoke-premium-pyrex-5-12cm-aprox-diseno-aleatorio.jpg",1.20
0.50,Pipas,top-smoke,top-smoke,2706,"Astro Growshop",10990,"Pipa Pyrex Drakon 58- Top Smoke","https://cdnx.jumpseller.com/astrogrowshop/image/70601972/imagen_1_29527.webp?1765551371",15553,"Piranha",14990,"Pipa Pyrex Top Smoke | PIRANHA","https://piranha.cl/23355-thickbox_default/pipa-top-smoke-premium-pyrex-5-12cm-aprox-diseno-aleatorio.jpg",1.36
0.50,Pipas,top-smoke,top-smoke,2707,"Astro Growshop",9990,"Pipa Pyrex Eclipse 14- Top Smoke","https://cdnx.jumpseller.com/astrogrowshop/image/70606829/imagen_1_29365.webp?1765560959",15553,"Piranha",14990,"Pipa Pyrex Top Smoke | PIRANHA","https://piranha.cl/23355-thickbox_default/pipa-top-smoke-premium-pyrex-5-12cm-aprox-diseno-aleatorio.jpg",1.50
0.50,Pipas,top-smoke,top-smoke,2708,"Astro Growshop",14990,"Pipa Pyrex Exile 63- Top Smoke","https://cdnx.jumpseller.com/astrogrowshop/image/70606859/imagen_2_29543.webp?1765560985",15553,"Piranha",14990,"Pipa Pyrex Top Smoke | PIRANHA","https://piranha.cl/23355-thickbox_default/pipa-top-smoke-premium-pyrex-5-12cm-aprox-diseno-aleatorio.jpg",1.00
0.50,Pipas,top-smoke,top-smoke,2709,"Astro Growshop",9990,"Pipa Pyrex Exodus 125- Top Smoke","https://cdnx.jumpseller.com/astrogrowshop/image/70606882/imagen_1_29727.webp?1765561008",15553,"Piranha",14990,"Pipa Pyrex Top Smoke | PIRANHA","https://piranha.cl/23355-thickbox_default/pipa-top-smoke-premium-pyrex-5-12cm-aprox-diseno-aleatorio.jpg",1.50
0.50,Pipas,top-smoke,top-smoke,2710,"Astro Growshop",9990,"Pipa Pyrex Flux 23- Top Smoke","https://cdnx.jumpseller.com/astrogrowshop/image/70606894/imagen_2_29405.webp?1765561033",15553,"Piranha",14990,"Pipa Pyrex Top Smoke | PIRANHA","https://piranha.cl/23355-thickbox_default/pipa-top-smoke-premium-pyrex-5-12cm-aprox-diseno-aleatorio.jpg",1.50
0.50,Pipas,top-smoke,top-smoke,2711,"Astro Growshop",9990,"Pipa Pyrex Fluxion 74- Top Smoke","https://cdnx.jumpseller.com/astrogrowshop/image/70606903/imagen_1_29575.webp?1765561058",15553,"Piranha",14990,"Pipa Pyrex Top Smoke | PIRANHA","https://piranha.cl/23355-thickbox_default/pipa-top-smoke-premium-pyrex-5-12cm-aprox-diseno-aleatorio.jpg",1.50
0.50,Pipas,top-smoke,top-smoke,2712,"Astro Growshop",17990,"Pipa Pyrex Frostbite 68- Top Smoke","https://cdnx.jumpseller.com/astrogrowshop/image/70606908/imagen_3_29559.webp?1765561084",15553,"Piranha",14990,"Pipa Pyrex Top Smoke | PIRANHA","https://piranha.cl/23355-thickbox_default/pipa-top-smoke-premium-pyrex-5-12cm-aprox-diseno-aleatorio.jpg",1.20
0.50,Pipas,top-smoke,top-smoke,2713,"Astro Growshop",9990,"Pipa Pyrex Ghost 76- Top Smoke","https://cdnx.jumpseller.com/astrogrowshop/image/70606931/imagen_1_29581.webp?1765561108",15553,"Piranha",14990,"Pipa Pyrex Top Smoke | PIRANHA","https://piranha.cl/23355-thickbox_default/pipa-top-smoke-premium-pyrex-5-12cm-aprox-diseno-aleatorio.jpg",1.50
0.50,Pipas,top-smoke,top-smoke,2714,"Astro Growshop",9990,"Pipa Pyrex Havoc 37- Top Smoke","https://cdnx.jumpseller.com/astrogrowshop/image/70606941/imagen_1_29464.webp?1765561134",15553,"Piranha",14990,"Pipa Pyrex Top Smoke | PIRANHA","https://piranha.cl/23355-thickbox_default/pipa-top-smoke-premium-pyrex-5-12cm-aprox-diseno-aleatorio.jpg",1.50
0.50,Pipas,top-smoke,top-smoke,2715,"Astro Growshop",14990,"Pipa Pyrex Havocron 92- Top Smoke","https://cdnx.jumpseller.com/astrogrowshop/image/70607055/imagen_1_29629.webp?1765561384",15553,"Piranha",14990,"Pipa Pyrex Top Smoke | PIRANHA","https://piranha.cl/23355-thickbox_default/pipa-top-smoke-premium-pyrex-5-12cm-aprox-diseno-aleatorio.jpg",1.00
0.50,Pipas,top-smoke,top-smoke,2717,"Astro Growshop",14990,"Pipa Pyrex Havokid 119- Top Smoke","https://cdnx.jumpseller.com/astrogrowshop/image/70606958/imagen_2_29710.webp?1765561187",15553,"Piranha",14990,"Pipa Pyrex Top Smoke | PIRANHA","https://piranha.cl/23355-thickbox_default/pipa-top-smoke-premium-pyrex-5-12cm-aprox-diseno-aleatorio.jpg",1.00
0.50,Pipas,top-smoke,top-smoke,2718,"Astro Growshop",14990,"Pipa Pyrex Helix 89- Top Smoke","https://cdnx.jumpseller.com/astrogrowshop/image/70607043/imagen_3_29622.webp?1765561334",15553,"Piranha",14990,"Pipa Pyrex Top Smoke | PIRANHA","https://piranha.cl/23355-thickbox_default/pipa-top-smoke-premium-pyrex-5-12cm-aprox-diseno-aleatorio.jpg",1.00
0.50,Pipas,top-smoke,top-smoke,2719,"Astro Growshop",17990,"Pipa Pyrex Hellstorm 112- Top Smoke","https://cdnx.jumpseller.com/astrogrowshop/image/70607035/imagen_2_29690.webp?1765561300",15553,"Piranha",14990,"Pipa Pyrex Top Smoke | PIRANHA","https://piranha.cl/23355-thickbox_default/pipa-top-smoke-premium-pyrex-5-12cm-aprox-diseno-aleatorio.jpg",1.20
0.50,Pipas,top-smoke,top-smoke,2720,"Astro Growshop",9990,"Pipa Pyrex Hexagon 84- Top Smoke","https://cdnx.jumpseller.com/astrogrowshop/image/70606990/imagen_3_29607.webp?1765561214",15553,"Piranha",14990,"Pipa Pyrex Top Smoke | PIRANHA","https://piranha.cl/23355-thickbox_default/pipa-top-smoke-premium-pyrex-5-12cm-aprox-diseno-aleatorio.jpg",1.50
0.50,Pipas,top-smoke,top-smoke,2721,"Astro Growshop",14990,"Pipa Pyrex Hologram 28- Top Smoke","https://cdnx.jumpseller.com/astrogrowshop/image/70607002/imagen_1_29425.webp?1765561246",15553,"Piranha",14990,"Pipa Pyrex Top Smoke | PIRANHA","https://piranha.cl/23355-thickbox_default/pipa-top-smoke-premium-pyrex-5-12cm-aprox-diseno-aleatorio.jpg",1.00
0.50,Pipas,top-smoke,top-smoke,2722,"Astro Growshop",17990,"Pipa Pyrex Hyperblast 105- Top Smoke","https://cdnx.jumpseller.com/astrogrowshop/image/70607069/imagen_2_29669.webp?1765561432",15553,"Piranha",14990,"Pipa Pyrex Top Smoke | PIRANHA","https://piranha.cl/23355-thickbox_default/pipa-top-smoke-premium-pyrex-5-12cm-aprox-diseno-aleatorio.jpg",1.20
0.50,Pipas,top-smoke,top-smoke,2723,"Astro Growshop",14990,"Pipa Pyrex Hyperion 36- Top Smoke","https://cdnx.jumpseller.com/astrogrowshop/image/70607064/imagen_2_29462.webp?1765561408",15553,"Piranha",14990,"Pipa Pyrex Top Smoke | PIRANHA","https://piranha.cl/23355-thickbox_default/pipa-top-smoke-premium-pyrex-5-12cm-aprox-diseno-aleatorio.jpg",1.00
0.50,Pipas,top-smoke,top-smoke,2725,"Astro Growshop",8990,"Pipa Pyrex Incinerate 109- Top Smoke","https://cdnx.jumpseller.com/astrogrowshop/image/70607076/imagen_1_29680.webp?1765561458",15553,"Piranha",14990,"Pipa Pyrex Top Smoke | PIRANHA","https://piranha.cl/23355-thickbox_default/pipa-top-smoke-premium-pyrex-5-12cm-aprox-diseno-aleatorio.jpg",1.67
0.50,Pipas,top-smoke,top-smoke,2727,"Astro Growshop",8990,"Pipa Pyrex Ionix 85- Top Smoke","https://cdnx.jumpseller.com/astrogrowshop/image/70607115/imagen_1_29608.webp?1765561535",15553,"Piranha",14990,"Pipa Pyrex Top Smoke | PIRANHA","https://piranha.cl/23355-thickbox_default/pipa-top-smoke-premium-pyrex-5-12cm-aprox-diseno-aleatorio.jpg",1.67
0.50,Pipas,top-smoke,top-smoke,2728,"Astro Growshop",17990,"Pipa Pyrex Killshot 103- Top Smoke","https://cdnx.jumpseller.com/astrogrowshop/image/70607127/imagen_1_29662.webp?1765561556",15553,"Piranha",14990,"Pipa Pyrex Top Smoke | PIRANHA","https://piranha.cl/23355-thickbox_default/pipa-top-smoke-premium-pyrex-5-12cm-aprox-diseno-aleatorio.jpg",1.20
0.50,Pipas,top-smoke,top-smoke,2729,"Astro Growshop",9990,"Pipa Pyrex Kraken 34- Top Smoke","https://cdnx.jumpseller.com/astrogrowshop/image/70607138/imagen_2_29456.webp?1765561580",15553,"Piranha",14990,"Pipa Pyrex Top Smoke | PIRANHA","https://piranha.cl/23355-thickbox_default/pipa-top-smoke-premium-pyrex-5-12cm-aprox-diseno-aleatorio.jpg",1.50
0.50,Pipas,top-smoke,top-smoke,2731,"Astro Growshop",9990,"Pipa Pyrex Lunaris 124- Top Smoke","https://cdnx.jumpseller.com/astrogrowshop/image/70607193/imagen_1_29724.webp?1765561673",15553,"Piranha",14990,"Pipa Pyrex Top Smoke | PIRANHA","https://piranha.cl/23355-thickbox_default/pipa-top-smoke-premium-pyrex-5-12cm-aprox-diseno-aleatorio.jpg",1.50
0.50,Pipas,top-smoke,top-smoke,2732,"Astro Growshop",8990,"Pipa Pyrex Mechanoid 48- Top Smoke","https://cdnx.jumpseller.com/astrogrowshop/image/70607458/imagen_1_29497.webp?1765562469",15553,"Piranha",14990,"Pipa Pyrex Top Smoke | PIRANHA","https://piranha.cl/23355-thickbox_default/pipa-top-smoke-premium-pyrex-5-12cm-aprox-diseno-aleatorio.jpg",1.67
0.50,Pipas,top-smoke,top-smoke,2733,"Astro Growshop",9990,"Pipa Pyrex Mephisto 111- Top Smoke","https://cdnx.jumpseller.com/astrogrowshop/image/70607484/imagen_2_29687.webp?1765562533",15553,"Piranha",14990,"Pipa Pyrex Top Smoke | PIRANHA","https://piranha.cl/23355-thickbox_default/pipa-top-smoke-premium-pyrex-5-12cm-aprox-diseno-aleatorio.jpg",1.50
0.50,Pipas,top-smoke,top-smoke,2734,"Astro Growshop",9990,"Pipa Pyrex Neonix 65- Top Smoke","https://cdnx.jumpseller.com/astrogrowshop/image/70607586/imagen_2_29549.webp?1765562735",15553,"Piranha",14990,"Pipa Pyrex Top Smoke | PIRANHA","https://piranha.cl/23355-thickbox_default/pipa-top-smoke-premium-pyrex-5-12cm-aprox-diseno-aleatorio.jpg",1.50
0.50,Pipas,top-smoke,top-smoke,2735,"Astro Growshop",9990,"Pipa Pyrex Nexus 26- Top Smoke","https://cdnx.jumpseller.com/astrogrowshop/image/70607623/imagen_3_29415.webp?1765562862",15553,"Piranha",14990,"Pipa Pyrex Top Smoke | PIRANHA","https://piranha.cl/23355-thickbox_default/pipa-top-smoke-premium-pyrex-5-12cm-aprox-diseno-aleatorio.jpg",1.50
0.50,Pipas,top-smoke,top-smoke,2736,"Astro Growshop",14990,"Pipa Pyrex Nightfall 116- Top Smoke","https://cdnx.jumpseller.com/astrogrowshop/image/70607581/imagen_1_29700.webp?1765562700",15553,"Piranha",14990,"Pipa Pyrex Top Smoke | PIRANHA","https://piranha.cl/23355-thickbox_default/pipa-top-smoke-premium-pyrex-5-12cm-aprox-diseno-aleatorio.jpg",1.00
0.50,Pipas,top-smoke,top-smoke,2738,"Astro Growshop",9990,"Pipa Pyrex Nitroblade 115- Top Smoke","https://cdnx.jumpseller.com/astrogrowshop/image/70607547/imagen_1_29697.webp?1765562605",15553,"Piranha",14990,"Pipa Pyrex Top Smoke | PIRANHA","https://piranha.cl/23355-thickbox_default/pipa-top-smoke-premium-pyrex-5-12cm-aprox-diseno-aleatorio.jpg",1.50
0.50,Pipas,top-smoke,top-smoke,2739,"Astro Growshop",9990,"Pipa Pyrex Nitrocore 30- Top Smoke","https://cdnx.jumpseller.com/astrogrowshop/image/70607572/imagen_2_29436.webp?1765562674",15553,"Piranha",14990,"Pipa Pyrex Top Smoke | PIRANHA","https://piranha.cl/23355-thickbox_default/pipa-top-smoke-premium-pyrex-5-12cm-aprox-diseno-aleatorio.jpg",1.50
0.50,Pipas,top-smoke,top-smoke,2740,"Astro Growshop",9990,"Pipa Pyrex Nitroshock 79- Top Smoke","https://cdnx.jumpseller.com/astrogrowshop/image/70607597/imagen_1_29590.webp?1765562780",15553,"Piranha",14990,"Pipa Pyrex Top Smoke | PIRANHA","https://piranha.cl/23355-thickbox_default/pipa-top-smoke-premium-pyrex-5-12cm-aprox-diseno-aleatorio.jpg",1.50
0.50,Pipas,top-smoke,top-smoke,2741,"Astro Growshop",14990,"Pipa Pyrex Nitrovolt 90- Top Smoke","https://cdnx.jumpseller.com/astrogrowshop/image/70607614/imagen_3_29625.webp?1765562834",15553,"Piranha",14990,"Pipa Pyrex Top Smoke | PIRANHA","https://piranha.cl/23355-thickbox_default/pipa-top-smoke-premium-pyrex-5-12cm-aprox-diseno-aleatorio.jpg",1.00
0.50,Pipas,top-smoke,top-smoke,2742,"Astro Growshop",9990,"Pipa Pyrex Nitrozone 101- Top Smoke","https://cdnx.jumpseller.com/astrogrowshop/image/70607647/imagen_1_29656.webp?1765562887",15553,"Piranha",14990,"Pipa Pyrex Top Smoke | PIRANHA","https://piranha.cl/23355-thickbox_default/pipa-top-smoke-premium-pyrex-5-12cm-aprox-diseno-aleatorio.jpg",1.50
0.50,Pipas,top-smoke,top-smoke,2744,"Astro Growshop",14990,"Pipa Pyrex Oblivion 41- Top Smoke","https://cdnx.jumpseller.com/astrogrowshop/image/70607657/imagen_2_29477.webp?1765562912",15553,"Piranha",14990,"Pipa Pyrex Top Smoke | PIRANHA","https://piranha.cl/23355-thickbox_default/pipa-top-smoke-premium-pyrex-5-12cm-aprox-diseno-aleatorio.jpg",1.00
0.50,Pipas,top-smoke,top-smoke,2745,"Astro Growshop",14990,"Pipa Pyrex Omega 12- Top Smoke","https://cdnx.jumpseller.com/astrogrowshop/image/70607684/imagen_1_29359.webp?1765563006",15553,"Piranha",14990,"Pipa Pyrex Top Smoke | PIRANHA","https://piranha.cl/23355-thickbox_default/pipa-top-smoke-premium-pyrex-5-12cm-aprox-diseno-aleatorio.jpg",1.00
0.50,Pipas,top-smoke,top-smoke,2746,"Astro Growshop",17990,"Pipa Pyrex Outbreak 91- Top Smoke","https://cdnx.jumpseller.com/astrogrowshop/image/70607697/imagen_2_29627.webp?1765563060",15553,"Piranha",14990,"Pipa Pyrex Top Smoke | PIRANHA","https://piranha.cl/23355-thickbox_default/pipa-top-smoke-premium-pyrex-5-12cm-aprox-diseno-aleatorio.jpg",1.20
0.50,Pipas,top-smoke,top-smoke,2747,"Astro Growshop",17990,"Pipa Pyrex Outlaw 49- Top Smoke","https://cdnx.jumpseller.com/astrogrowshop/image/70607701/imagen_3_29502.webp?1765563084",15553,"Piranha",14990,"Pipa Pyrex Top Smoke | PIRANHA","https://piranha.cl/23355-thickbox_default/pipa-top-smoke-premium-pyrex-5-12cm-aprox-diseno-aleatorio.jpg",1.20
0.50,Pipas,top-smoke,top-smoke,2748,"Astro Growshop",14990,"Pipa Pyrex Outrage 120- Top Smoke","https://cdnx.jumpseller.com/astrogrowshop/image/70607689/imagen_1_29712.webp?1765563032",15553,"Piranha",14990,"Pipa Pyrex Top Smoke | PIRANHA","https://piranha.cl/23355-thickbox_default/pipa-top-smoke-premium-pyrex-5-12cm-aprox-diseno-aleatorio.jpg",1.00
0.50,Pipas,top-smoke,top-smoke,2749,"Astro Growshop",9990,"Pipa Pyrex Overcharge 117- Top Smoke","https://cdnx.jumpseller.com/astrogrowshop/image/70607707/imagen_1_29703.webp?1765563138",15553,"Piranha",14990,"Pipa Pyrex Top Smoke | PIRANHA","https://piranha.cl/23355-thickbox_default/pipa-top-smoke-premium-pyrex-5-12cm-aprox-diseno-aleatorio.jpg",1.50
0.50,Pipas,top-smoke,top-smoke,2750,"Astro Growshop",9990,"Pipa Pyrex Overdrive 72- Top Smoke","https://cdnx.jumpseller.com/astrogrowshop/image/70607720/imagen_2_29570.webp?1765563164",15553,"Piranha",14990,"Pipa Pyrex Top Smoke | PIRANHA","https://piranha.cl/23355-thickbox_default/pipa-top-smoke-premium-pyrex-5-12cm-aprox-diseno-aleatorio.jpg",1.50
0.50,Pipas,top-smoke,top-smoke,2751,"Astro Growshop",8990,"Pipa Pyrex Overflux 97- Top Smoke","https://cdnx.jumpseller.com/astrogrowshop/image/70607729/imagen_1_29644.webp?1765563192",15553,"Piranha",14990,"Pipa Pyrex Top Smoke | PIRANHA","https://piranha.cl/23355-thickbox_default/pipa-top-smoke-premium-pyrex-5-12cm-aprox-diseno-aleatorio.jpg",1.67
0.50,Pipas,top-smoke,top-smoke,2752,"Astro Growshop",9990,"Pipa Pyrex Overkill 33- Top Smoke","https://cdnx.jumpseller.com/astrogrowshop/image/70607704/imagen_1_29452.webp?1765563109",15553,"Piranha",14990,"Pipa Pyrex Top Smoke | PIRANHA","https://piranha.cl/23355-thickbox_default/pipa-top-smoke-premium-pyrex-5-12cm-aprox-diseno-aleatorio.jpg",1.50
0.50,Pipas,top-smoke,top-smoke,2753,"Astro Growshop",17990,"Pipa Pyrex Overlord 104- Top Smoke","https://cdnx.jumpseller.com/astrogrowshop/image/70607740/imagen_1_29665.webp?1765563215",15553,"Piranha",14990,"Pipa Pyrex Top Smoke | PIRANHA","https://piranha.cl/23355-thickbox_default/pipa-top-smoke-premium-pyrex-5-12cm-aprox-diseno-aleatorio.jpg",1.20
0.50,Pipas,top-smoke,top-smoke,2754,"Astro Growshop",9990,"Pipa Pyrex Paradox 61- Top Smoke","https://cdnx.jumpseller.com/astrogrowshop/image/70607834/imagen_3_29538.webp?1765563419",15553,"Piranha",14990,"Pipa Pyrex Top Smoke | PIRANHA","https://piranha.cl/23355-thickbox_default/pipa-top-smoke-premium-pyrex-5-12cm-aprox-diseno-aleatorio.jpg",1.50
0.50,Conos y blunts,soulblime,soulblime,2910,"Fumetas",2390,"Soulblime 6 Conos Pre-enrolados Blancos King Size","https://cdnx.jumpseller.com/fumetas-store/image/54393030/6-Conos-Pre-enrolados-King-Size-White-Soulblime.jpg?1728420162",12296,"Astro Growshop",2390,"Conos King Size Unidad-Soulblime","https://cdnx.jumpseller.com/astrogrowshop/image/70215893/imagen_1_24454.webp?1764270726",1.00
0.50,Conos y blunts,soulblime,soulblime,2912,"Fumetas",2390,"Soulblime 6 Conos Pre-enrolados Orgánicos King Size","https://cdnx.jumpseller.com/fumetas-store/image/54392959/6-Conos-Pre-enrolados-King-Size-Organic-Soulblime.jpg?1728420026",12296,"Astro Growshop",2390,"Conos King Size Unidad-Soulblime","https://cdnx.jumpseller.com/astrogrowshop/image/70215893/imagen_1_24454.webp?1764270726",1.00
0.50,Conos y blunts,soulblime,soulblime,2914,"Fumetas",2390,"Soulblime 6 Conos Pre-enrolados Pink King Size","https://cdnx.jumpseller.com/fumetas-store/image/54392939/6-Conos-Pre-enrolados-King-Size-Rosados-Soulblime.jpg?1728419996",12296,"Astro Growshop",2390,"Conos King Size Unidad-Soulblime","https://cdnx.jumpseller.com/astrogrowshop/image/70215893/imagen_1_24454.webp?1764270726",1.00
0.50,Bongs,calvo,calvo,2998,"Fumetas",34990,"Calvo Glass Bong Double Eye Rig 20cm","https://cdnx.jumpseller.com/fumetas-store/image/59960353/Bong-Double-Eye-Rig-Calvo-Glass-Purple-20cm.jpg?1738964809",12608,"Astro Growshop",39990,"Double Fungus Rig-Calvo Glass","https://cdnx.jumpseller.com/astrogrowshop/image/70330308/imagen_1_22713.webp?1764694996",1.14
0.50,Bongs,calvo,calvo,2998,"Fumetas",34990,"Calvo Glass Bong Double Eye Rig 20cm","https://cdnx.jumpseller.com/fumetas-store/image/59960353/Bong-Double-Eye-Rig-Calvo-Glass-Purple-20cm.jpg?1738964809",12627,"Astro Growshop",47990,"Rig Double Implossion-Calvo Glass","https://cdnx.jumpseller.com/astrogrowshop/image/70330273/imagen_1_23139.webp?1764694852",1.37
0.50,Pipas,the-bulldog,the-bulldog,8140,"Fumetas",7990,"Pipa Set Metalica The Bulldog Amsterdam Tornasol","https://cdnx.jumpseller.com/fumetas-store/image/47030175/Pipa-metalica-Bulldog-Tornasol.jpg?1718660991",11450,"GrowBarato Chile",2700,"Pipa Metálica The Bulldog Ámsterdam con Rejillas","https://www.growbaratochile.cl/6726-large_default/pipa-metalica-the-bulldog-amsterdam.jpg",2.96
0.50,Vaporizadores herbales,storz-bickel,storz-bickel,11071,"Piranha",14990,"Volcano Hybrid Juego de Piezas de Desgaste| PIRANHA","https://piranha.cl/20203-thickbox_default/volcano-hybrid-juego-de-piezas-de-desgaste.jpg",12513,"Astro Growshop",14990,"Piezas De Desgaste Volcano Hybrid-Storz &amp; Bickel","https://cdnx.jumpseller.com/astrogrowshop/image/71346339/imagen_1_22994.webp?1767369314",1.00
0.50,Filtros y boquillas,hemper,hemper,11133,"Piranha",4920,"Filtro de Vidrio Hemper Glass Tips 10mm | PIRANHA","https://piranha.cl/20396-thickbox_default/filtro-de-vidrio-hemper-glass-tips-10mm-5u.jpg",13120,"Fumetas",4990,"Hemper Boquillas De Vidrio 10mm","https://cdnx.jumpseller.com/fumetas-store/image/57767904/Hemper-10mm-boquilla1.webp?1732917719",1.01
0.50,Filtros y boquillas,raw,raw,11212,"Piranha",9990,"Bolsa RAW 200 Filtro Tips Pre-Enrolados | PIRANHA","https://piranha.cl/17651-thickbox_default/filtros-raw-pre-enrolados-bolsa-200u.jpg",12176,"Astro Growshop",12990,"BOLSA DE 200 TIPS PREENROLADOS-RAW","https://cdnx.jumpseller.com/astrogrowshop/image/73810242/AYPRAWB200TPRR.webp?1772042577",1.30
0.50,Bongs,calvo,calvo,11417,"GrowBarato Chile",24300,"Bong Double Skull Rig 19cm de Calvo Glass","https://www.growbaratochile.cl/6718-large_default/bong-double-skull-rig-19cm.jpg",12608,"Astro Growshop",39990,"Double Fungus Rig-Calvo Glass","https://cdnx.jumpseller.com/astrogrowshop/image/70330308/imagen_1_22713.webp?1764694996",1.65
0.50,Bongs,calvo,calvo,11417,"GrowBarato Chile",24300,"Bong Double Skull Rig 19cm de Calvo Glass","https://www.growbaratochile.cl/6718-large_default/bong-double-skull-rig-19cm.jpg",12627,"Astro Growshop",47990,"Rig Double Implossion-Calvo Glass","https://cdnx.jumpseller.com/astrogrowshop/image/70330273/imagen_1_23139.webp?1764694852",1.97
0.50,Pipas,the-bulldog,the-bulldog,11450,"GrowBarato Chile",2700,"Pipa Metálica The Bulldog Ámsterdam con Rejillas","https://www.growbaratochile.cl/6726-large_default/pipa-metalica-the-bulldog-amsterdam.jpg",16091,"Piranha",4990,"Pipa Metálica Bulldog","https://piranha.cl/13612-thickbox_default/pipa-metalica-bulldog.jpg",1.85
0.50,Conos y blunts,soulblime,soulblime,11558,"GrowBarato Chile",1000,"Hemp Blunt Wrap Sabores SoulBlime","https://www.growbaratochile.cl/11544-large_default/hemp-blunt-wrap-sabores-soulblime.jpg",12414,"Astro Growshop",1490,"Blunt Sabores 1U- Soulblime","https://cdnx.jumpseller.com/astrogrowshop/image/70179322/imagen_1_27302.webp?1764187743",1.49
0.50,Repuestos para bongs y vaporizadores,bonglab,bonglab,11877,"Astro Growshop",3990,"Difusor 14Mm-Bonglab","https://cdnx.jumpseller.com/astrogrowshop/image/70236119/imagen_1_28322.webp?1764339071",15558,"Piranha",3990,"Difusor Bonglab 14mm/12cm Morado | PIRANHA","https://piranha.cl/24066-thickbox_default/difusor-bonglab-14mm12cm-logo-morado.jpg",1.00
0.50,Pipas,top-smoke,top-smoke,12093,"Astro Growshop",17990,"Pipa Pyrex Phantomix 94- Top Smoke","https://cdnx.jumpseller.com/astrogrowshop/image/70607868/imagen_2_29636.webp?1765563482",15553,"Piranha",14990,"Pipa Pyrex Top Smoke | PIRANHA","https://piranha.cl/23355-thickbox_default/pipa-top-smoke-premium-pyrex-5-12cm-aprox-diseno-aleatorio.jpg",1.20
0.50,Pipas,top-smoke,top-smoke,12094,"Astro Growshop",9990,"Pipa Pyrex Phoenix 71- Top Smoke","https://cdnx.jumpseller.com/astrogrowshop/image/70607794/imagen_2_29567.webp?1765563319",15553,"Piranha",14990,"Pipa Pyrex Top Smoke | PIRANHA","https://piranha.cl/23355-thickbox_default/pipa-top-smoke-premium-pyrex-5-12cm-aprox-diseno-aleatorio.jpg",1.50
0.50,Pipas,top-smoke,top-smoke,12095,"Astro Growshop",9990,"Pipa Pyrex Plasma 11- Top Smoke","https://cdnx.jumpseller.com/astrogrowshop/image/70607799/imagen_2_29357.webp?1765563342",15553,"Piranha",14990,"Pipa Pyrex Top Smoke | PIRANHA","https://piranha.cl/23355-thickbox_default/pipa-top-smoke-premium-pyrex-5-12cm-aprox-diseno-aleatorio.jpg",1.50
0.50,Pipas,top-smoke,top-smoke,12096,"Astro Growshop",17990,"Pipa Pyrex Plasmatic 95- Top Smoke","https://cdnx.jumpseller.com/astrogrowshop/image/70607822/imagen_1_29638.webp?1765563390",15553,"Piranha",14990,"Pipa Pyrex Top Smoke | PIRANHA","https://piranha.cl/23355-thickbox_default/pipa-top-smoke-premium-pyrex-5-12cm-aprox-diseno-aleatorio.jpg",1.20
0.50,Pipas,top-smoke,top-smoke,12097,"Astro Growshop",14990,"Pipa Pyrex Predator 46- Top Smoke","https://cdnx.jumpseller.com/astrogrowshop/image/70607764/imagen_1_29491.webp?1765563237",15553,"Piranha",14990,"Pipa Pyrex Top Smoke | PIRANHA","https://piranha.cl/23355-thickbox_default/pipa-top-smoke-premium-pyrex-5-12cm-aprox-diseno-aleatorio.jpg",1.00
0.50,Pipas,top-smoke,top-smoke,12098,"Astro Growshop",14990,"Pipa Pyrex Pulse 38- Top Smoke","https://cdnx.jumpseller.com/astrogrowshop/image/70607810/imagen_1_29467.webp?1765563366",15553,"Piranha",14990,"Pipa Pyrex Top Smoke | PIRANHA","https://piranha.cl/23355-thickbox_default/pipa-top-smoke-premium-pyrex-5-12cm-aprox-diseno-aleatorio.jpg",1.00
0.50,Pipas,top-smoke,top-smoke,12099,"Astro Growshop",9990,"Pipa Pyrex Pyro 24- Top Smoke","https://cdnx.jumpseller.com/astrogrowshop/image/70607896/imagen_2_29408.webp?1765563512",15553,"Piranha",14990,"Pipa Pyrex Top Smoke | PIRANHA","https://piranha.cl/23355-thickbox_default/pipa-top-smoke-premium-pyrex-5-12cm-aprox-diseno-aleatorio.jpg",1.50
0.50,Pipas,top-smoke,top-smoke,12100,"Astro Growshop",9990,"Pipa Pyrex Quantum 21- Top Smoke","https://cdnx.jumpseller.com/astrogrowshop/image/70607910/imagen_2_29399.webp?1765563544",15553,"Piranha",14990,"Pipa Pyrex Top Smoke | PIRANHA","https://piranha.cl/23355-thickbox_default/pipa-top-smoke-premium-pyrex-5-12cm-aprox-diseno-aleatorio.jpg",1.50
0.50,Pipas,top-smoke,top-smoke,12101,"Astro Growshop",14990,"Pipa Pyrex Rampage 50- Top Smoke","https://cdnx.jumpseller.com/astrogrowshop/image/70607915/imagen_1_29503.webp?1765563564",15553,"Piranha",14990,"Pipa Pyrex Top Smoke | PIRANHA","https://piranha.cl/23355-thickbox_default/pipa-top-smoke-premium-pyrex-5-12cm-aprox-diseno-aleatorio.jpg",1.00
0.50,Pipas,top-smoke,top-smoke,12102,"Astro Growshop",17990,"Pipa Pyrex Rampart 83- Top Smoke","https://cdnx.jumpseller.com/astrogrowshop/image/70607989/imagen_3_29604.webp?1765563736",15553,"Piranha",14990,"Pipa Pyrex Top Smoke | PIRANHA","https://piranha.cl/23355-thickbox_default/pipa-top-smoke-premium-pyrex-5-12cm-aprox-diseno-aleatorio.jpg",1.20
0.50,Pipas,top-smoke,top-smoke,12103,"Astro Growshop",14990,"Pipa Pyrex Reactor 29- Top Smoke","https://cdnx.jumpseller.com/astrogrowshop/image/70607957/imagen_4_29431.webp?1765563647",15553,"Piranha",14990,"Pipa Pyrex Top Smoke | PIRANHA","https://piranha.cl/23355-thickbox_default/pipa-top-smoke-premium-pyrex-5-12cm-aprox-diseno-aleatorio.jpg",1.00
0.50,Pipas,top-smoke,top-smoke,12104,"Astro Growshop",14990,"Pipa Pyrex Reaper 51- Top Smoke","https://cdnx.jumpseller.com/astrogrowshop/image/70607976/imagen_1_29506.webp?1765563712",15553,"Piranha",14990,"Pipa Pyrex Top Smoke | PIRANHA","https://piranha.cl/23355-thickbox_default/pipa-top-smoke-premium-pyrex-5-12cm-aprox-diseno-aleatorio.jpg",1.00
0.50,Pipas,top-smoke,top-smoke,12105,"Astro Growshop",9990,"Pipa Pyrex Rebel 64- Top Smoke","https://cdnx.jumpseller.com/astrogrowshop/image/70607932/imagen_1_29545.webp?1765563587",15553,"Piranha",14990,"Pipa Pyrex Top Smoke | PIRANHA","https://piranha.cl/23355-thickbox_default/pipa-top-smoke-premium-pyrex-5-12cm-aprox-diseno-aleatorio.jpg",1.50
0.50,Pipas,top-smoke,top-smoke,12106,"Astro Growshop",17990,"Pipa Pyrex Redline 98- Top Smoke","https://cdnx.jumpseller.com/astrogrowshop/image/70607973/imagen_2_29648.webp?1765563682",15553,"Piranha",14990,"Pipa Pyrex Top Smoke | PIRANHA","https://piranha.cl/23355-thickbox_default/pipa-top-smoke-premium-pyrex-5-12cm-aprox-diseno-aleatorio.jpg",1.20
0.50,Pipas,top-smoke,top-smoke,12107,"Astro Growshop",9990,"Pipa Pyrex Riot 17- Top Smoke","https://cdnx.jumpseller.com/astrogrowshop/image/70607996/imagen_3_29379.webp?1765563765",15553,"Piranha",14990,"Pipa Pyrex Top Smoke | PIRANHA","https://piranha.cl/23355-thickbox_default/pipa-top-smoke-premium-pyrex-5-12cm-aprox-diseno-aleatorio.jpg",1.50
0.50,Pipas,top-smoke,top-smoke,12108,"Astro Growshop",14990,"Pipa Pyrex Sabotage 99- Top Smoke","https://cdnx.jumpseller.com/astrogrowshop/image/70608022/imagen_3_29652.webp?1765563823",15553,"Piranha",14990,"Pipa Pyrex Top Smoke | PIRANHA","https://piranha.cl/23355-thickbox_default/pipa-top-smoke-premium-pyrex-5-12cm-aprox-diseno-aleatorio.jpg",1.00
0.50,Pipas,top-smoke,top-smoke,12109,"Astro Growshop",9990,"Pipa Pyrex Savage 42- Top Smoke","https://cdnx.jumpseller.com/astrogrowshop/image/70608015/imagen_1_29479.webp?1765563797",15553,"Piranha",14990,"Pipa Pyrex Top Smoke | PIRANHA","https://piranha.cl/23355-thickbox_default/pipa-top-smoke-premium-pyrex-5-12cm-aprox-diseno-aleatorio.jpg",1.50
0.50,Pipas,top-smoke,top-smoke,12110,"Astro Growshop",9990,"Pipa Pyrex Shadow 52- Top Smoke","https://cdnx.jumpseller.com/astrogrowshop/image/70608072/imagen_1_29509.webp?1765563941",15553,"Piranha",14990,"Pipa Pyrex Top Smoke | PIRANHA","https://piranha.cl/23355-thickbox_default/pipa-top-smoke-premium-pyrex-5-12cm-aprox-diseno-aleatorio.jpg",1.50
0.50,Pipas,top-smoke,top-smoke,12111,"Astro Growshop",17990,"Pipa Pyrex Shadowcore 81- Top Smoke","https://cdnx.jumpseller.com/astrogrowshop/image/70608036/imagen_2_29597.webp?1765563846",15553,"Piranha",14990,"Pipa Pyrex Top Smoke | PIRANHA","https://piranha.cl/23355-thickbox_default/pipa-top-smoke-premium-pyrex-5-12cm-aprox-diseno-aleatorio.jpg",1.20
0.50,Pipas,top-smoke,top-smoke,12112,"Astro Growshop",9990,"Pipa Pyrex Shocker 10- Top Smoke","https://cdnx.jumpseller.com/astrogrowshop/image/70608059/imagen_3_29355.webp?1765563897",15553,"Piranha",14990,"Pipa Pyrex Top Smoke | PIRANHA","https://piranha.cl/23355-thickbox_default/pipa-top-smoke-premium-pyrex-5-12cm-aprox-diseno-aleatorio.jpg",1.50
0.50,Pipas,top-smoke,top-smoke,12113,"Astro Growshop",9990,"Pipa Pyrex Shogun 39- Top Smoke","https://cdnx.jumpseller.com/astrogrowshop/image/70608065/imagen_3_29472.webp?1765563918",15553,"Piranha",14990,"Pipa Pyrex Top Smoke | PIRANHA","https://piranha.cl/23355-thickbox_default/pipa-top-smoke-premium-pyrex-5-12cm-aprox-diseno-aleatorio.jpg",1.50
0.50,Pipas,top-smoke,top-smoke,12114,"Astro Growshop",17990,"Pipa Pyrex Shredder 108- Top Smoke","https://cdnx.jumpseller.com/astrogrowshop/image/70608055/imagen_1_29677.webp?1765563873",15553,"Piranha",14990,"Pipa Pyrex Top Smoke | PIRANHA","https://piranha.cl/23355-thickbox_default/pipa-top-smoke-premium-pyrex-5-12cm-aprox-diseno-aleatorio.jpg",1.20
0.50,Pipas,top-smoke,top-smoke,12115,"Astro Growshop",14990,"Pipa Pyrex Slayer 77- Top Smoke","https://cdnx.jumpseller.com/astrogrowshop/image/70608561/imagen_1_29584.webp?1765565023",15553,"Piranha",14990,"Pipa Pyrex Top Smoke | PIRANHA","https://piranha.cl/23355-thickbox_default/pipa-top-smoke-premium-pyrex-5-12cm-aprox-diseno-aleatorio.jpg",1.00
0.50,Pipas,top-smoke,top-smoke,12116,"Astro Growshop",14990,"Pipa Pyrex Spectre 66- Top Smoke","https://cdnx.jumpseller.com/astrogrowshop/image/70608572/imagen_2_29552.webp?1765565045",15553,"Piranha",14990,"Pipa Pyrex Top Smoke | PIRANHA","https://piranha.cl/23355-thickbox_default/pipa-top-smoke-premium-pyrex-5-12cm-aprox-diseno-aleatorio.jpg",1.00
0.50,Pipas,top-smoke,top-smoke,12117,"Astro Growshop",9990,"Pipa Pyrex Stealth 20- Top Smoke","https://cdnx.jumpseller.com/astrogrowshop/image/70608588/imagen_3_29394.webp?1765565073",15553,"Piranha",14990,"Pipa Pyrex Top Smoke | PIRANHA","https://piranha.cl/23355-thickbox_default/pipa-top-smoke-premium-pyrex-5-12cm-aprox-diseno-aleatorio.jpg",1.50
0.50,Pipas,top-smoke,top-smoke,12118,"Astro Growshop",9990,"Pipa Pyrex Tempest 32- Top Smoke","https://cdnx.jumpseller.com/astrogrowshop/image/70608670/imagen_2_29446.webp?1765565260",15553,"Piranha",14990,"Pipa Pyrex Top Smoke | PIRANHA","https://piranha.cl/23355-thickbox_default/pipa-top-smoke-premium-pyrex-5-12cm-aprox-diseno-aleatorio.jpg",1.50
0.50,Pipas,top-smoke,top-smoke,12119,"Astro Growshop",14990,"Pipa Pyrex Titan 13- Top Smoke","https://cdnx.jumpseller.com/astrogrowshop/image/70608720/imagen_2_29363.webp?1765565336",15553,"Piranha",14990,"Pipa Pyrex Top Smoke | PIRANHA","https://piranha.cl/23355-thickbox_default/pipa-top-smoke-premium-pyrex-5-12cm-aprox-diseno-aleatorio.jpg",1.00
0.50,Pipas,top-smoke,top-smoke,12120,"Astro Growshop",14990,"Pipa Pyrex Titanix 122- Top Smoke","https://cdnx.jumpseller.com/astrogrowshop/image/70608777/imagen_3_29720.webp?1765565548",15553,"Piranha",14990,"Pipa Pyrex Top Smoke | PIRANHA","https://piranha.cl/23355-thickbox_default/pipa-top-smoke-premium-pyrex-5-12cm-aprox-diseno-aleatorio.jpg",1.00
0.50,Pipas,top-smoke,top-smoke,12121,"Astro Growshop",17990,"Pipa Pyrex Torment 82- Top Smoke","https://cdnx.jumpseller.com/astrogrowshop/image/70608713/imagen_3_29601.webp?1765565313",15553,"Piranha",14990,"Pipa Pyrex Top Smoke | PIRANHA","https://piranha.cl/23355-thickbox_default/pipa-top-smoke-premium-pyrex-5-12cm-aprox-diseno-aleatorio.jpg",1.20
0.50,Pipas,top-smoke,top-smoke,12122,"Astro Growshop",14990,"Pipa Pyrex Torque 88- Top Smoke","https://cdnx.jumpseller.com/astrogrowshop/image/70608680/imagen_2_29618.webp?1765565287",15553,"Piranha",14990,"Pipa Pyrex Top Smoke | PIRANHA","https://piranha.cl/23355-thickbox_default/pipa-top-smoke-premium-pyrex-5-12cm-aprox-diseno-aleatorio.jpg",1.00
0.50,Pipas,top-smoke,top-smoke,12124,"Astro Growshop",17990,"Pipa Pyrex Toxicron 106- Top Smoke","https://cdnx.jumpseller.com/astrogrowshop/image/70608848/imagen_1_29671.webp?1765565629",15553,"Piranha",14990,"Pipa Pyrex Top Smoke | PIRANHA","https://piranha.cl/23355-thickbox_default/pipa-top-smoke-premium-pyrex-5-12cm-aprox-diseno-aleatorio.jpg",1.20
0.50,Pipas,top-smoke,top-smoke,12125,"Astro Growshop",17990,"Pipa Pyrex Toxicum 54- Top Smoke","https://cdnx.jumpseller.com/astrogrowshop/image/70608816/imagen_3_29517.webp?1765565604",15553,"Piranha",14990,"Pipa Pyrex Top Smoke | PIRANHA","https://piranha.cl/23355-thickbox_default/pipa-top-smoke-premium-pyrex-5-12cm-aprox-diseno-aleatorio.jpg",1.20
0.50,Pipas,top-smoke,top-smoke,12126,"Astro Growshop",14990,"Pipa Pyrex Turbo 15- Top Smoke","https://cdnx.jumpseller.com/astrogrowshop/image/70608602/imagen_2_29372.webp?1765565097",15553,"Piranha",14990,"Pipa Pyrex Top Smoke | PIRANHA","https://piranha.cl/23355-thickbox_default/pipa-top-smoke-premium-pyrex-5-12cm-aprox-diseno-aleatorio.jpg",1.00
0.50,Pipas,top-smoke,top-smoke,12127,"Astro Growshop",9990,"Pipa Pyrex Turbochrome 62- Top Smoke","https://cdnx.jumpseller.com/astrogrowshop/image/70608659/imagen_1_29539.webp?1765565222",15553,"Piranha",14990,"Pipa Pyrex Top Smoke | PIRANHA","https://piranha.cl/23355-thickbox_default/pipa-top-smoke-premium-pyrex-5-12cm-aprox-diseno-aleatorio.jpg",1.50
0.50,Pipas,top-smoke,top-smoke,12128,"Astro Growshop",17990,"Pipa Pyrex Tyrant 69- Top Smoke","https://cdnx.jumpseller.com/astrogrowshop/image/70608855/imagen_1_29560.webp?1765565652",15553,"Piranha",14990,"Pipa Pyrex Top Smoke | PIRANHA","https://piranha.cl/23355-thickbox_default/pipa-top-smoke-premium-pyrex-5-12cm-aprox-diseno-aleatorio.jpg",1.20
0.50,Pipas,top-smoke,top-smoke,12129,"Astro Growshop",9990,"Pipa Pyrex Vandal 80- Top Smoke","https://cdnx.jumpseller.com/astrogrowshop/image/70608869/imagen_2_29594.webp?1765565697",15553,"Piranha",14990,"Pipa Pyrex Top Smoke | PIRANHA","https://piranha.cl/23355-thickbox_default/pipa-top-smoke-premium-pyrex-5-12cm-aprox-diseno-aleatorio.jpg",1.50
0.50,Pipas,top-smoke,top-smoke,12130,"Astro Growshop",9990,"Pipa Pyrex Venator 16- Top Smoke","https://cdnx.jumpseller.com/astrogrowshop/image/70608977/imagen_1_29374.webp?1765565921",15553,"Piranha",14990,"Pipa Pyrex Top Smoke | PIRANHA","https://piranha.cl/23355-thickbox_default/pipa-top-smoke-premium-pyrex-5-12cm-aprox-diseno-aleatorio.jpg",1.50
0.50,Pipas,top-smoke,top-smoke,12131,"Astro Growshop",9990,"Pipa Pyrex Venatorix 31- Top Smoke","https://cdnx.jumpseller.com/astrogrowshop/image/70609004/imagen_2_29443.webp?1765565996",15553,"Piranha",14990,"Pipa Pyrex Top Smoke | PIRANHA","https://piranha.cl/23355-thickbox_default/pipa-top-smoke-premium-pyrex-5-12cm-aprox-diseno-aleatorio.jpg",1.50
0.50,Pipas,top-smoke,top-smoke,12132,"Astro Growshop",14990,"Pipa Pyrex Venatrix 47- Top Smoke","https://cdnx.jumpseller.com/astrogrowshop/image/70609012/imagen_2_29495.webp?1765566019",15553,"Piranha",14990,"Pipa Pyrex Top Smoke | PIRANHA","https://piranha.cl/23355-thickbox_default/pipa-top-smoke-premium-pyrex-5-12cm-aprox-diseno-aleatorio.jpg",1.00
0.50,Pipas,top-smoke,top-smoke,12134,"Astro Growshop",9990,"Pipa Pyrex Venomix 25- Top Smoke","https://cdnx.jumpseller.com/astrogrowshop/image/70608899/imagen_1_29410.webp?1765565786",15553,"Piranha",14990,"Pipa Pyrex Top Smoke | PIRANHA","https://piranha.cl/23355-thickbox_default/pipa-top-smoke-premium-pyrex-5-12cm-aprox-diseno-aleatorio.jpg",1.50
0.50,Pipas,top-smoke,top-smoke,12135,"Astro Growshop",14990,"Pipa Pyrex Venomous 56- Top Smoke","https://cdnx.jumpseller.com/astrogrowshop/image/70609021/imagen_1_29521.webp?1765566043",15553,"Piranha",14990,"Pipa Pyrex Top Smoke | PIRANHA","https://piranha.cl/23355-thickbox_default/pipa-top-smoke-premium-pyrex-5-12cm-aprox-diseno-aleatorio.jpg",1.00
0.50,Pipas,top-smoke,top-smoke,12136,"Astro Growshop",9990,"Pipa Pyrex Void 44- Top Smoke","https://cdnx.jumpseller.com/astrogrowshop/image/70608914/imagen_1_29485.webp?1765565812",15553,"Piranha",14990,"Pipa Pyrex Top Smoke | PIRANHA","https://piranha.cl/23355-thickbox_default/pipa-top-smoke-premium-pyrex-5-12cm-aprox-diseno-aleatorio.jpg",1.50
0.50,Pipas,top-smoke,top-smoke,12137,"Astro Growshop",14990,"Pipa Pyrex Voidstorm 121- Top Smoke","https://cdnx.jumpseller.com/astrogrowshop/image/70608882/imagen_2_29716.webp?1765565738",15553,"Piranha",14990,"Pipa Pyrex Top Smoke | PIRANHA","https://piranha.cl/23355-thickbox_default/pipa-top-smoke-premium-pyrex-5-12cm-aprox-diseno-aleatorio.jpg",1.00
0.50,Pipas,top-smoke,top-smoke,12138,"Astro Growshop",9990,"Pipa Pyrex Voltage 45- Top Smoke","https://cdnx.jumpseller.com/astrogrowshop/image/70608927/imagen_1_29488.webp?1765565835",15553,"Piranha",14990,"Pipa Pyrex Top Smoke | PIRANHA","https://piranha.cl/23355-thickbox_default/pipa-top-smoke-premium-pyrex-5-12cm-aprox-diseno-aleatorio.jpg",1.50
0.50,Pipas,top-smoke,top-smoke,12140,"Astro Growshop",14990,"Pipa Pyrex Wraith 55- Top Smoke","https://cdnx.jumpseller.com/astrogrowshop/image/70609032/imagen_1_29518.webp?1765566071",15553,"Piranha",14990,"Pipa Pyrex Top Smoke | PIRANHA","https://piranha.cl/23355-thickbox_default/pipa-top-smoke-premium-pyrex-5-12cm-aprox-diseno-aleatorio.jpg",1.00
0.50,Pipas,top-smoke,top-smoke,12141,"Astro Growshop",14990,"Pipa Pyrex Xenon 102- Top Smoke","https://cdnx.jumpseller.com/astrogrowshop/image/70609039/imagen_1_29659.webp?1765566095",15553,"Piranha",14990,"Pipa Pyrex Top Smoke | PIRANHA","https://piranha.cl/23355-thickbox_default/pipa-top-smoke-premium-pyrex-5-12cm-aprox-diseno-aleatorio.jpg",1.00
0.50,Pipas,top-smoke,top-smoke,12142,"Astro Growshop",14990,"Pipa Pyrex Zenith 43- Top Smoke","https://cdnx.jumpseller.com/astrogrowshop/image/70609114/imagen_3_29484.webp?1765566227",15553,"Piranha",14990,"Pipa Pyrex Top Smoke | PIRANHA","https://piranha.cl/23355-thickbox_default/pipa-top-smoke-premium-pyrex-5-12cm-aprox-diseno-aleatorio.jpg",1.00
0.50,Pipas,top-smoke,top-smoke,12143,"Astro Growshop",14990,"Pipa Pyrex Zenithron 123- Top Smoke","https://cdnx.jumpseller.com/astrogrowshop/image/70609134/imagen_3_29723.webp?1765566259",15553,"Piranha",14990,"Pipa Pyrex Top Smoke | PIRANHA","https://piranha.cl/23355-thickbox_default/pipa-top-smoke-premium-pyrex-5-12cm-aprox-diseno-aleatorio.jpg",1.00
0.50,Repuestos para bongs y vaporizadores,bonglab,bonglab,12162,"Astro Growshop",6990,"Quemador Cerámica Wax Hembra 14-18Mm-Bonglab","https://cdnx.jumpseller.com/astrogrowshop/image/70218973/imagen_1_833.webp?1764275246",13288,"Fumetas",2990,"BongLab Clear Quemador hembra 18mm","https://cdnx.jumpseller.com/fumetas-store/image/11403736/bonglab-quemador-clear-hembra-18-mm.jpg?1622323862",2.34
0.50,Bandejas y ceniceros,raw,raw,12174,"Astro Growshop",2990,"Bandeja Rolado Metalica 28X18Cm Raw Mix","https://cdnx.jumpseller.com/astrogrowshop/image/70243574/imagen_1_28262.webp?1764351719",16005,"Piranha",4990,"Bandeja Metálica RAW Mix | PIRANHA","https://piranha.cl/17678-thickbox_default/bandeja-metalica-raw-mix-tamano-a-eleccion.jpg",1.67
0.50,Repuestos para bongs y vaporizadores,storz-bickel,storz-bickel,12209,"Astro Growshop",84990,"Unidad De Enfriamiento Mighty Pack 3Uds-Storz &amp; Bickel","https://cdnx.jumpseller.com/astrogrowshop/image/71350942/imagen_1_26463_11zon.webp?1767377670",13609,"Fumetas",28990,"Storz &amp; Bickel Unidad de Enfriamiento Veazy","https://cdnx.jumpseller.com/fumetas-store/image/72782518/Storz_26Bickel-Unidad-de-Enfriamiento-Veazy.jpg?1770308760",2.93
0.50,Repuestos para bongs y vaporizadores,bonglab,bonglab,12237,"Astro Growshop",3790,"Difusor Logo Negro 14Mm -Bonglab (14Cm/12Cm)","https://cdnx.jumpseller.com/astrogrowshop/image/70215961/imagen_1_22273.webp?1764270863",12853,"Fumetas",3590,"Difusor Bonglab 18mm-14mm - 12cm","https://cdnx.jumpseller.com/fumetas-store/image/57989664/Difusor-bong-logo-negro-BongLab-12-cm.jpg?1751308402",1.06
0.50,Repuestos para bongs y vaporizadores,bonglab,bonglab,12237,"Astro Growshop",3790,"Difusor Logo Negro 14Mm -Bonglab (14Cm/12Cm)","https://cdnx.jumpseller.com/astrogrowshop/image/70215961/imagen_1_22273.webp?1764270863",12854,"Fumetas",3790,"Difusor Bonglab 18mm-14mm - 14cm","https://cdnx.jumpseller.com/fumetas-store/image/65050802/Difusor-Logo-Negro-18mm-14mm-14cm.jpg?1751396801",1.00
0.50,Repuestos para bongs y vaporizadores,bonglab,bonglab,12237,"Astro Growshop",3790,"Difusor Logo Negro 14Mm -Bonglab (14Cm/12Cm)","https://cdnx.jumpseller.com/astrogrowshop/image/70215961/imagen_1_22273.webp?1764270863",15788,"Piranha",4990,"Difusor Bonglab 14mm/14cm | PIRANHA","https://piranha.cl/24081-thickbox_default/difusor-bonglab-14mm14cm-color-a-eleccion.jpg",1.32
0.50,Otros parafernalia,galaxy,galaxy,12275,"Astro Growshop",990,"Porta Caños Black - Galaxy","https://cdnx.jumpseller.com/astrogrowshop/image/72502934/18v-battery2.jpg3.webp?1769714666",15946,"Piranha",1190,"Porta Caño Galaxy Black | PIRANHA","https://piranha.cl/24127-thickbox_default/porta-cano-galaxy-black.jpg",1.20
0.50,Encendedores y sopletes,zippo,zippo,12330,"Astro Growshop",59990,"Sugar Skull 2-Zippo","https://cdnx.jumpseller.com/astrogrowshop/image/70212214/imagen_1_22482.webp?1764264438",15924,"Piranha",34990,"Encendedor Zippo Skull Design","https://piranha.cl/24604-thickbox_default/encendedor-zippo-skull-design.jpg",1.71
0.50,Repuestos para bongs y vaporizadores,,,12380,"Astro Growshop",8490,"Quemador Pyrex Abeja Macho 14Mm","https://cdnx.jumpseller.com/astrogrowshop/image/72491747/WhatsApp_20Image_202026-01-29_20at_2012.29.47_20PM.webp?1769701124",12914,"Fumetas",3990,"Quemador Macho 14mm - Colores","https://cdnx.jumpseller.com/fumetas-store/image/16770770/Quemador_Macho_verde_14mm.jpg?1632505649",2.13
0.50,Repuestos para bongs y vaporizadores,,,12450,"Astro Growshop",3990,"Quemador Bong Cuerno Macho 14Mm","https://cdnx.jumpseller.com/astrogrowshop/image/70132757/imagen_1_28250.webp?1764084659",12916,"Fumetas",3890,"Quemador Transparente - Macho 14mm/18mm","https://cdnx.jumpseller.com/fumetas-store/image/15594021/Quemador_Macho_transparente_14mm.jpg?1628442584",1.03
0.50,Repuestos para bongs y vaporizadores,,,12450,"Astro Growshop",3990,"Quemador Bong Cuerno Macho 14Mm","https://cdnx.jumpseller.com/astrogrowshop/image/70132757/imagen_1_28250.webp?1764084659",13673,"Fumetas",9990,"Quemador Zig Zag - Macho 14mm","https://cdnx.jumpseller.com/fumetas-store/image/12369482/Bowlz14-18.jpg?1611336397",2.50
0.50,Vaporizadores herbales,,,12459,"Astro Growshop",41990,"Vaporizador Herbva 5G Black-Airistech","https://cdnx.jumpseller.com/astrogrowshop/image/70927069/imagen_1_26728.webp?1766500076",13619,"Fumetas",39990,"Vaporizador Herbva 5G","https://cdnx.jumpseller.com/fumetas-store/image/20164568/Herbva_5g2.jpg?1657434090",1.05
0.50,Vaporizadores herbales,,,12460,"Astro Growshop",59990,"Vaporizador Herbva 5G Red-Airistech","https://cdnx.jumpseller.com/astrogrowshop/image/70927159/imagen_1_26725.webp?1766500105",13619,"Fumetas",39990,"Vaporizador Herbva 5G","https://cdnx.jumpseller.com/fumetas-store/image/20164568/Herbva_5g2.jpg?1657434090",1.50
0.50,Vaporizadores herbales,,,12461,"Astro Growshop",59990,"Vaporizador Herbva 5G White-Airistech","https://cdnx.jumpseller.com/astrogrowshop/image/70927168/imagen_1_26726.webp?1766500129",13619,"Fumetas",39990,"Vaporizador Herbva 5G","https://cdnx.jumpseller.com/fumetas-store/image/20164568/Herbva_5g2.jpg?1657434090",1.50
0.50,Contenedores y estuches,ozeta,ozeta,12488,"Astro Growshop",24990,"Estuche Clip Mediano Ozeta &amp; Kaya Unite- Ozeta","https://cdnx.jumpseller.com/astrogrowshop/image/71814881/OZCL02-02-600x600.jpg_20_281_29.webp?1768314448",12913,"Fumetas",22990,"Ozeta Clip Mediano por Kaya - Anti Olor","https://cdnx.jumpseller.com/fumetas-store/image/71235691/Ozeta-Clip-Mediano-Por-Kaya.jpg?1767112088",1.09
0.50,Repuestos para bongs y vaporizadores,,bonglab,12519,"Astro Growshop",3990,"Quemador Macho 14Mm","https://cdnx.jumpseller.com/astrogrowshop/image/72476847/AMBAR-1.webp?1774890330",12877,"Fumetas",2990,"Quemador macho 18mm","https://cdnx.jumpseller.com/fumetas-store/image/10109423/bonglab-quemado-clear-macho-18-mm__1_.jpg?1603925716",1.33
0.50,Repuestos para bongs y vaporizadores,,bonglab,12519,"Astro Growshop",3990,"Quemador Macho 14Mm","https://cdnx.jumpseller.com/astrogrowshop/image/72476847/AMBAR-1.webp?1774890330",13176,"Fumetas",5990,"BongLab Quemador Large Bowl - Macho 14mm","https://cdnx.jumpseller.com/fumetas-store/image/30831852/BongLab-Quemador-Large-Bowl-Macho-14mm.jpg?1673550973",1.50
0.50,Repuestos para bongs y vaporizadores,,calvo,12519,"Astro Growshop",3990,"Quemador Macho 14Mm","https://cdnx.jumpseller.com/astrogrowshop/image/72476847/AMBAR-1.webp?1774890330",13207,"Fumetas",6990,"Calvo Glass Quemador Bowl - Macho 14mm","https://cdnx.jumpseller.com/fumetas-store/image/22207825/Quemador_Bowl_14mm_Blue.jpg?1645676017",1.75
0.50,Repuestos para bongs y vaporizadores,,calvo,12519,"Astro Growshop",3990,"Quemador Macho 14Mm","https://cdnx.jumpseller.com/astrogrowshop/image/72476847/AMBAR-1.webp?1774890330",13310,"Fumetas",8990,"Calvo Glass Quemador cuerno - Macho 14mm","https://cdnx.jumpseller.com/fumetas-store/image/75346018/Quemador-cuerno-calvo-azul.jpg?1774903153",2.25
0.50,Repuestos para bongs y vaporizadores,,,12519,"Astro Growshop",3990,"Quemador Macho 14Mm","https://cdnx.jumpseller.com/astrogrowshop/image/72476847/AMBAR-1.webp?1774890330",13554,"Fumetas",4990,"Atrapa Cenizas quemador macho 14mm - 45°","https://cdnx.jumpseller.com/fumetas-store/image/16773238/Atrapa_cenizas_Simple_verde.jpg?1637884419",1.25
0.50,Encendedores y sopletes,zippo,zippo,12553,"Astro Growshop",34990,"Encendedor Classic Red Matte Logo - Zippo","https://cdnx.jumpseller.com/astrogrowshop/image/70177312/imagen_1_redmate.webp?1764185376",12950,"Fumetas",36990,"Encendedor Classic Black Matte Zippo","https://cdnx.jumpseller.com/fumetas-store/image/14223162/218ZL.jpg?1651259178",1.06
0.50,Vaporizadores herbales,dynavap,dynavap,12568,"Astro Growshop",160990,"Pack Starter The M7-Dynavap","https://cdnx.jumpseller.com/astrogrowshop/image/70928856/imagen_3_27970.webp?1766502772",13433,"Fumetas",129990,"Vaporizador DynaVap M7 XL Starter Kit","https://cdnx.jumpseller.com/fumetas-store/image/68878585/Dynavap-m7-XL-Caja.jpg?1760989512",1.24
0.50,Repuestos para bongs y vaporizadores,,bonglab,12577,"Astro Growshop",3990,"Quemador Macho 18Mm","https://cdnx.jumpseller.com/astrogrowshop/image/72476806/AMBAR-1.webp?1769703980",14207,"Piranha",6990,"Quemador Macho Perlas Bonglab 18mm | PIRANHA","https://piranha.cl/24057-thickbox_default/quemador-macho-perlas-bonglab-18mm-color-a-eleccion.jpg",1.75
0.50,Repuestos para bongs y vaporizadores,storz-bickel,storz-bickel,12596,"Astro Growshop",30690,"BOQUILLA SOLID VALVE-STORZ &amp; BICKEL","https://cdnx.jumpseller.com/astrogrowshop/image/74659252/VPSZBBSLVL.webp?1773420758",16025,"Piranha",21592,"Solid Valve Boquilla","https://piranha.cl/7503-thickbox_default/volcano-solid-valve-boquilla.jpg",1.42
0.50,Otros parafernalia,ozeta,ozeta,12598,"Astro Growshop",43990,"Case Xl Pequeño Negro-Ozeta","https://cdnx.jumpseller.com/astrogrowshop/image/70925125/imagen_3_15941.webp?1766497894",16001,"Piranha",43990,"Case XL - OZeta | PIRANHA","https://piranha.cl/16331-thickbox_default/case-xl-anti-olor-ozeta.jpg",1.00
0.50,Bongs,calvo,calvo,12608,"Astro Growshop",39990,"Double Fungus Rig-Calvo Glass","https://cdnx.jumpseller.com/astrogrowshop/image/70330308/imagen_1_22713.webp?1764694996",13201,"Fumetas",30990,"Calvo Glass Fungus Rig Lite 22cm","https://cdnx.jumpseller.com/fumetas-store/image/23997989/CG-5-B-oficial.gif?1653414934",1.29
0.50,Accesorios de extraccion,yocan,yocan,12638,"Astro Growshop",69990,"VAPORIZADOR HIERBA SECA VANE- YOCAN","https://cdnx.jumpseller.com/astrogrowshop/image/73162665/VAPORIZADOR_HIERBA_VANE2_YOCAN_WHITE.webp?1770744654",13536,"Fumetas",69990,"Vaporizador Yocan Vane 2","https://cdnx.jumpseller.com/fumetas-store/image/64148414/yocan-vane2-negro-fumetas-store.jpg?1748987028",1.00
0.50,Encendedores y sopletes,zippo,zippo,12650,"Astro Growshop",30990,"Wolf Skull Feather Design-Zippo","https://cdnx.jumpseller.com/astrogrowshop/image/70176311/imagen_1_21896.webp?1764183779",12959,"Fumetas",33990,"Encendedor Zippo Sugar Skull Design","https://cdnx.jumpseller.com/fumetas-store/image/47686554/Sugar-Skull-Zippo-Encendedor-48710-4.jpg?1747184242",1.10
0.50,Encendedores y sopletes,zippo,zippo,12675,"Astro Growshop",44990,"Comic Zippo Design-Zippo","https://cdnx.jumpseller.com/astrogrowshop/image/70179605/imagen_4_21929.webp?1764187949",15921,"Piranha",44990,"Encendedor Zippo Alien Design","https://piranha.cl/14683-thickbox_default/encendedor-zippo-alien-design.jpg",1.00
0.50,Encendedores y sopletes,zippo,zippo,12675,"Astro Growshop",44990,"Comic Zippo Design-Zippo","https://cdnx.jumpseller.com/astrogrowshop/image/70179605/imagen_4_21929.webp?1764187949",15924,"Piranha",34990,"Encendedor Zippo Skull Design","https://piranha.cl/24604-thickbox_default/encendedor-zippo-skull-design.jpg",1.29
0.50,Bongs,bonglab,,12836,"Fumetas",64990,"BongLab Bong Elty8 Monster 48cm","https://cdnx.jumpseller.com/fumetas-store/image/11816479/elty8-48cm.jpg?1773251947",15801,"Piranha",64990,"Elty8 Monster Bong","https://piranha.cl/13886-thickbox_default/elty8-monster-bong-bonglab.jpg",1.00
0.50,Repuestos para bongs y vaporizadores,bonglab,bonglab,12877,"Fumetas",2990,"Quemador macho 18mm","https://cdnx.jumpseller.com/fumetas-store/image/10109423/bonglab-quemado-clear-macho-18-mm__1_.jpg?1603925716",14207,"Piranha",6990,"Quemador Macho Perlas Bonglab 18mm | PIRANHA","https://piranha.cl/24057-thickbox_default/quemador-macho-perlas-bonglab-18mm-color-a-eleccion.jpg",2.34
0.50,Contenedores y estuches,,,13319,"Fumetas",42990,"Dime Bags Estuche The Soldier con Clave Anti-Olor 15cm","https://cdnx.jumpseller.com/fumetas-store/image/62121849/dime-bags-the-soldier-15cm-fumetas-store.jpg?1743724090",15884,"Piranha",39772,"Estuche Anti Olor Dime Bags The Soldier con Candado 22cm | PIRANHA","https://piranha.cl/22406-thickbox_default/bags-the-soldier-con-candado-22cm.jpg",1.08
0.50,Contenedores y estuches,,,13320,"Fumetas",50990,"Dime Bags Estuche The Soldier con Clave Anti-Olor 25cm","https://cdnx.jumpseller.com/fumetas-store/image/62121224/dime-bags-the-soldier-22cm-fumetas-store.jpg?1743722146",15847,"Piranha",34822,"Estuche Anti Olor Dime Bags The Soldier con Candado 15cm | PIRANHA","https://piranha.cl/22404-thickbox_default/dime-bags-the-soldier-con-candado-15cm.jpg",1.46
0.50,Contenedores y estuches,,,13320,"Fumetas",50990,"Dime Bags Estuche The Soldier con Clave Anti-Olor 25cm","https://cdnx.jumpseller.com/fumetas-store/image/62121224/dime-bags-the-soldier-22cm-fumetas-store.jpg?1743722146",15884,"Piranha",39772,"Estuche Anti Olor Dime Bags The Soldier con Candado 22cm | PIRANHA","https://piranha.cl/22406-thickbox_default/bags-the-soldier-con-candado-22cm.jpg",1.28
0.50,Contenedores y estuches,,,13472,"Fumetas",25990,"Dime Bags Estuche Collector Con Clave Anti-Olor 22cm","https://cdnx.jumpseller.com/fumetas-store/image/62015598/Dime-bags-the-collector-22cm-negro.webp?1743594651",15846,"Piranha",24592,"Estuche Anti Olor Dime Bags The Collector con Candado 30cm | PIRANHA","https://piranha.cl/22398-thickbox_default/dime-bags-the-collector-con-candado-30.jpg",1.06
0.50,Contenedores y estuches,,,13472,"Fumetas",25990,"Dime Bags Estuche Collector Con Clave Anti-Olor 22cm","https://cdnx.jumpseller.com/fumetas-store/image/62015598/Dime-bags-the-collector-22cm-negro.webp?1743594651",15884,"Piranha",39772,"Estuche Anti Olor Dime Bags The Soldier con Candado 22cm | PIRANHA","https://piranha.cl/22406-thickbox_default/bags-the-soldier-con-candado-22cm.jpg",1.53
0.50,Contenedores y estuches,,,13473,"Fumetas",29990,"Dime Bags Estuche Collector Con Clave Anti-Olor 30cm","https://cdnx.jumpseller.com/fumetas-store/image/62015984/Dime-bags-the-collector-30cm-verde.webp?1743595754",15944,"Piranha",19752,"Estuche Anti Olor Dime Bags The Collector con Candado 22cm | PIRANHA","https://piranha.cl/22391-thickbox_default/the-collector-con-candado-22.jpg",1.52
0.50,Repuestos para bongs y vaporizadores,focus-v,focus-v,13641,"Fumetas",69990,"Focus V Cargador Inalámbrico Carta 2","https://cdnx.jumpseller.com/fumetas-store/image/72394074/Focus-V-Cargador-Inal_C3_A1mbrico-Carta-2.jpg?1769523198",14380,"Piranha",75991,"Cargador Inalámbrico Focus V Aeris | PIRANHA","https://piranha.cl/24339-thickbox_default/cargador-inalambrico-focus-v-aeris.jpg",1.09
0.45,Contenedores y estuches,,calvo,11261,"Piranha",24833,"Bolso Anti Olor Dime Bags The Boss con Candado 25cm | PIRANHA","https://piranha.cl/22431-thickbox_default/bolso-anti-olor-dime-bags-the-boss-con-candado-25cm.jpg",13317,"Fumetas",31990,"Dime Bags Estuche The Boss Con Clave Anti-Olor 20cm","https://cdnx.jumpseller.com/fumetas-store/image/65526540/promo-dimebags-the-boss-20cm.png?1753069675",1.29
0.45,Contenedores y estuches,,,11261,"Piranha",24833,"Bolso Anti Olor Dime Bags The Boss con Candado 25cm | PIRANHA","https://piranha.cl/22431-thickbox_default/bolso-anti-olor-dime-bags-the-boss-con-candado-25cm.jpg",13320,"Fumetas",50990,"Dime Bags Estuche The Soldier con Clave Anti-Olor 25cm","https://cdnx.jumpseller.com/fumetas-store/image/62121224/dime-bags-the-soldier-22cm-fumetas-store.jpg?1743722146",2.05
0.45,Papelillos,c-thru,c-thru,11580,"GrowBarato Chile",2700,"Papelillo Lion Rolling Circus Transparent Super Size 13x5 | Celulosa Transparente","https://www.growbaratochile.cl/11523-large_default/transparent-super-size-lion-rolling-circus.jpg",15776,"Piranha",4990,"Papelillo 4:20 Celulosa Transparente 1 1/4 Lion Rolling Circus | PIRANHA","https://piranha.cl/20031-thickbox_default/papelillo-420-celulosa-transparente-1-14-lion-rolling-circus.jpg",1.85
0.45,Contenedores y estuches,,,13318,"Fumetas",35990,"Dime Bags Estuche The Boss Con Clave Anti-Olor 25cm","https://cdnx.jumpseller.com/fumetas-store/image/62046918/Dime-bags-the-boss-25cm-fumetas-store-negro.jpg?1778709686",15850,"Piranha",22393,"Bolso Anti Olor Dime Bags The Boss con Candado 20cm | PIRANHA","https://piranha.cl/22423-thickbox_default/bolso-anti-olor-dime-bags-the-boss-con-candado-20cm-color-a-eleccion.jpg",1.61