sim,category,brandKeyA,brandKeyB,idA,storeA,priceA,titleA,imgA,idB,storeB,priceB,titleB,imgB,priceRatio
0.67,Encendedores y sopletes,zippo,zippo,689,"Piranha",41990,"Encendedor Zippo High Polish Green Chameleon","https://piranha.cl/14675-thickbox_default/encendedor-zippo-high-polish-green-chameleon.jpg",2584,"Astro Growshop",37990,"Encendedor High Polish Green Logo - Zippo","https://cdnx.jumpseller.com/astrogrowshop/image/70179738/imagen_1_polish.webp?1764188018",1.11
0.67,Accesorios de extraccion,calvo,calvo,2150,"Fumetas",8990,"Banger Calvo Flat Bucket 90° - Macho 10mm","https://cdnx.jumpseller.com/fumetas-store/image/65279593/Flat-Bucket-Banger-Calvo-90-Macho-10mm.jpg?1752204894",32871,"Astro Growshop",7990,"Flat Bucket Banger -Calvo (45° 10Mm/45° 14Mm/90° 10Mm/90° 14Mm) - 45° 10MM","https://cdnx.jumpseller.com/astrogrowshop/image/70326123/imagen_1_24154.webp?1764686079",1.13
0.67,Accesorios de extraccion,calvo,calvo,2150,"Fumetas",8990,"Banger Calvo Flat Bucket 90° - Macho 10mm","https://cdnx.jumpseller.com/fumetas-store/image/65279593/Flat-Bucket-Banger-Calvo-90-Macho-10mm.jpg?1752204894",32872,"Astro Growshop",7990,"Flat Bucket Banger -Calvo (45° 10Mm/45° 14Mm/90° 10Mm/90° 14Mm) - 45° 14Mm","https://cdnx.jumpseller.com/astrogrowshop/image/70326123/imagen_1_24154.webp?1764686079",1.13
0.67,Accesorios de extraccion,calvo,calvo,2150,"Fumetas",8990,"Banger Calvo Flat Bucket 90° - Macho 10mm","https://cdnx.jumpseller.com/fumetas-store/image/65279593/Flat-Bucket-Banger-Calvo-90-Macho-10mm.jpg?1752204894",32873,"Astro Growshop",7990,"Flat Bucket Banger -Calvo (45° 10Mm/45° 14Mm/90° 10Mm/90° 14Mm) - 90° 10MM","https://cdnx.jumpseller.com/astrogrowshop/image/74869406/imagen_1_24153.webp?1773937930",1.13
0.67,Accesorios de extraccion,calvo,calvo,2150,"Fumetas",8990,"Banger Calvo Flat Bucket 90° - Macho 10mm","https://cdnx.jumpseller.com/fumetas-store/image/65279593/Flat-Bucket-Banger-Calvo-90-Macho-10mm.jpg?1752204894",32874,"Astro Growshop",7990,"Flat Bucket Banger -Calvo (45° 10Mm/45° 14Mm/90° 10Mm/90° 14Mm) - 90° 14MM","https://cdnx.jumpseller.com/astrogrowshop/image/74869407/imagen_1_24151.webp?1773937930",1.13
0.67,Papelillos,vibes,vibes,2303,"GrowBarato Chile",1500,"Papelillos Vibes King Size Slim","https://www.growbaratochile.cl/6549-large_default/papelillos-vibes-king-size-slim.jpg",12203,"Astro Growshop",1290,"Papelillos Hemp King Size Slim Unidad-Vibes","https://cdnx.jumpseller.com/astrogrowshop/image/70177250/imagen_1_28960.webp?1764185317",1.16
0.67,Papelillos,vibes,vibes,2303,"GrowBarato Chile",1500,"Papelillos Vibes King Size Slim","https://www.growbaratochile.cl/6549-large_default/papelillos-vibes-king-size-slim.jpg",12204,"Astro Growshop",1290,"Papelillos Rice King Size Slim Unidad-Vibes","https://cdnx.jumpseller.com/astrogrowshop/image/70178388/imagen_1_28962.webp?1764186724",1.16
0.67,Encendedores y sopletes,zippo,zippo,12330,"Astro Growshop",59990,"Sugar Skull 2-Zippo","https://cdnx.jumpseller.com/astrogrowshop/image/70212214/imagen_1_22482.webp?1764264438",19910,"Fumetas",36990,"Encendedor Zippo Skull","https://cdnx.jumpseller.com/fumetas-store/image/34401409/Encendedor-Zippo-Skull.webp?1682296235",1.62
0.67,Encendedores y sopletes,zippo,zippo,12632,"Astro Growshop",44990,"Sunset Black Light Design-Zippo","https://cdnx.jumpseller.com/astrogrowshop/image/70179820/imagen_1_21523.webp?1764188083",19386,"Fumetas",36990,"Encendedor Zippo Black Light Eye Design","https://cdnx.jumpseller.com/fumetas-store/image/34401552/Encendedor-Zippo-Black-Light-Eye-Design.webp?1682296843",1.22
0.67,Encendedores y sopletes,zippo,zippo,12675,"Astro Growshop",44990,"Comic Zippo Design-Zippo","https://cdnx.jumpseller.com/astrogrowshop/image/70179605/imagen_4_21929.webp?1764187949",19913,"Fumetas",38990,"Encendedor Zippo Design","https://cdnx.jumpseller.com/fumetas-store/image/34397589/Encendedor-Zippo-Design.webp?1682272958",1.15
0.67,Limpieza,bonglab,bonglab,12824,"Fumetas",17990,"Bonglab Limpiador Glass Cleaner 1000 ml","https://cdnx.jumpseller.com/fumetas-store/image/68981911/Bonglab-Glass-Cleaner-1000.jpg?1761241121",31595,"Astro Growshop",15990,"Glass Cleaner Limpiador-Bonglab - 1 L","https://cdnx.jumpseller.com/astrogrowshop/image/75999712/imagen_1_12453.webp?1776874632",1.13
0.67,Repuestos para bongs y vaporizadores,bonglab,bonglab,12842,"Fumetas",6990,"Bonglab Quemador - Hembra 14mm 2.0","https://cdnx.jumpseller.com/fumetas-store/image/26643497/quemador-hembra-14mm-bonglab.jpg?1661575751",31400,"Astro Growshop",4990,"Quemador Hembra 14Mm -Bonglab - MILK GREEN","https://cdnx.jumpseller.com/astrogrowshop/image/74869487/imagen_1_26374.webp?1773937973",1.40
0.67,Repuestos para bongs y vaporizadores,bonglab,bonglab,12843,"Fumetas",4990,"Bonglab Quemador Hembra 14mm Clear","https://cdnx.jumpseller.com/fumetas-store/image/17581472/bonglab-quemador-clear-hembra-18-mm.jpg?1632505801",31399,"Astro Growshop",4990,"Quemador Hembra 14Mm -Bonglab - Negro","https://cdnx.jumpseller.com/astrogrowshop/image/70329097/imagen_1_26371.webp?1764692049",1.00
0.67,Repuestos para bongs y vaporizadores,bonglab,bonglab,12843,"Fumetas",4990,"Bonglab Quemador Hembra 14mm Clear","https://cdnx.jumpseller.com/fumetas-store/image/17581472/bonglab-quemador-clear-hembra-18-mm.jpg?1632505801",31401,"Astro Growshop",4990,"Quemador Hembra 14Mm -Bonglab - Morado","https://cdnx.jumpseller.com/astrogrowshop/image/74869488/imagen_1_26372.webp?1773937973",1.00
0.67,Repuestos para bongs y vaporizadores,bonglab,bonglab,12843,"Fumetas",4990,"Bonglab Quemador Hembra 14mm Clear","https://cdnx.jumpseller.com/fumetas-store/image/17581472/bonglab-quemador-clear-hembra-18-mm.jpg?1632505801",31402,"Astro Growshop",6990,"Quemador Hembra 14Mm -Bonglab - Rosa","https://cdnx.jumpseller.com/astrogrowshop/image/74869489/imagen_1_26373.webp?1773937973",1.40
0.67,Repuestos para bongs y vaporizadores,bonglab,bonglab,12843,"Fumetas",4990,"Bonglab Quemador Hembra 14mm Clear","https://cdnx.jumpseller.com/fumetas-store/image/17581472/bonglab-quemador-clear-hembra-18-mm.jpg?1632505801",31407,"Astro Growshop",3990,"Quemador Macho 14Mm -Bonglab - CLEAR","https://cdnx.jumpseller.com/astrogrowshop/image/75392320/imagen_1_14600.webp?1774966171",1.25
0.67,Filtros y boquillas,hemper,hemper,15936,"Piranha",4931,"Hemper Quick Tips Arándano | PIRANHA","https://piranha.cl/20363-thickbox_default/hemper-quick-tips-desechable-arandano-5u.jpg",37187,"Fumetas",5190,"Hemper Quick Tips - Boquillas Con Sabor - Arándano","https://cdnx.jumpseller.com/fumetas-store/image/57816258/hemper-quick-tips-arandano1.jpg?1732979898",1.05
0.67,Filtros y boquillas,hemper,hemper,15937,"Piranha",4931,"Hemper Quick Tips Sandía | PIRANHA","https://piranha.cl/20368-thickbox_default/hemper-quick-tips-desechable-sandia-5u.jpg",37186,"Fumetas",5190,"Hemper Quick Tips - Boquillas Con Sabor - Sandia","https://cdnx.jumpseller.com/fumetas-store/image/57816251/hemper-quick-tips-sandia1.webp?1732979898",1.05
0.67,Filtros y boquillas,hemper,hemper,15938,"Piranha",4931,"Hemper Quick Tips Menta | PIRANHA","https://piranha.cl/20371-thickbox_default/hemper-quick-tips-desechable-menta-5u.jpg",37188,"Fumetas",5190,"Hemper Quick Tips - Boquillas Con Sabor - Menta","https://cdnx.jumpseller.com/fumetas-store/image/57816247/hemper-quick-tips-menta1.webp?1732979898",1.05
0.67,Filtros y boquillas,hemper,hemper,15939,"Piranha",4931,"Hemper Quick Tips Mango | PIRANHA","https://piranha.cl/20375-thickbox_default/hemper-quick-tips-desechable-mango-5u.jpg",37185,"Fumetas",5190,"Hemper Quick Tips - Boquillas Con Sabor - Mango","https://cdnx.jumpseller.com/fumetas-store/image/57816244/hemper-quick-tips-mango1.webp?1732979898",1.05
0.67,Filtros y boquillas,hemper,hemper,15940,"Piranha",4671,"Hemper Quick Tips Banana | PIRANHA","https://piranha.cl/20379-thickbox_default/hemper-quick-tips-desechable-banana-5u.jpg",37184,"Fumetas",5190,"Hemper Quick Tips - Boquillas Con Sabor - Banana","https://cdnx.jumpseller.com/fumetas-store/image/57816257/Hemper-quick-tips-banana1.jpg?1732979898",1.11
0.67,Accesorios de extraccion,puffco,puffco,16168,"Piranha",149993,"Accesorio New Proxy Wizard - Puffco","https://piranha.cl/23151-thickbox_default/accesorio-puffco-new-proxy-wizard-color-a-eleccion.jpg",18153,"Astro Growshop",159990,"Accesorio Extractos New Proxy Wizard Haze-Puffco","https://cdnx.jumpseller.com/astrogrowshop/image/71343682/imagen_1_24069.webp?1767364702",1.07
0.67,Otros parafernalia,hightrip,hightrip,16193,"Piranha",8091,"HighTrip - Joint","https://piranha.cl/13716-thickbox_default/pin-joint.jpg",33424,"Astro Growshop",7990,"Pin-Hightrip - JOINT","https://cdnx.jumpseller.com/astrogrowshop/image/75999493/imagen_1_18975.webp?1776874465",1.01
0.67,Otros parafernalia,hightrip,hightrip,16194,"Piranha",8091,"HighTrip - CrossJoint","https://piranha.cl/13734-thickbox_default/pin-crossjoint.jpg",33419,"Astro Growshop",9990,"Pin-Hightrip - CROSSJOINT","https://cdnx.jumpseller.com/astrogrowshop/image/75999481/imagen_1_18983.webp?1776874464",1.23
0.67,Encendedores y sopletes,zippo,zippo,17975,"Astro Growshop",44990,"Kiss Design-Zippo","https://cdnx.jumpseller.com/astrogrowshop/image/70176298/imagen_2_21324.webp?1764183751",19913,"Fumetas",38990,"Encendedor Zippo Design","https://cdnx.jumpseller.com/fumetas-store/image/34397589/Encendedor-Zippo-Design.webp?1682272958",1.15
0.67,Encendedores y sopletes,zippo,zippo,17978,"Astro Growshop",44990,"Ladybug Design-Zippo","https://cdnx.jumpseller.com/astrogrowshop/image/70178448/imagen_1_21917.webp?1764186827",19913,"Fumetas",38990,"Encendedor Zippo Design","https://cdnx.jumpseller.com/fumetas-store/image/34397589/Encendedor-Zippo-Design.webp?1682272958",1.15
0.67,Repuestos para bongs y vaporizadores,,bonglab,19339,"Fumetas",2990,"Quemador Verde - Macho 14mm","https://cdnx.jumpseller.com/fumetas-store/image/14770150/Quemador_14mm_verde_cono.jpg?1643318369",31329,"Astro Growshop",6990,"Quemador Honeycomb Macho 14Mm -Bonglab - verde","https://cdnx.jumpseller.com/astrogrowshop/image/74868915/imagen_2_27158.webp?1773937616",2.34
0.67,Repuestos para bongs y vaporizadores,,,19339,"Fumetas",2990,"Quemador Verde - Macho 14mm","https://cdnx.jumpseller.com/fumetas-store/image/14770150/Quemador_14mm_verde_cono.jpg?1643318369",31503,"Astro Growshop",4990,"Quemador Honeycomb Macho 14Mm - Verde azulado","https://cdnx.jumpseller.com/astrogrowshop/image/72486771/Sin-honey-combn-18-green-logo1.webp?1769697089",1.67
0.67,Encendedores y sopletes,zippo,zippo,19913,"Fumetas",38990,"Encendedor Zippo Design","https://cdnx.jumpseller.com/fumetas-store/image/34397589/Encendedor-Zippo-Design.webp?1682272958",30578,"Astro Growshop",44990,"Leaf Design 3-Zippo","https://cdnx.jumpseller.com/astrogrowshop/image/70179525/imagen_1_16854.webp?1764187897",1.15
0.67,Moledores,,ocb,31022,"Astro Growshop",2590,"Contenedor + Moledor Plastico - azul","https://cdnx.jumpseller.com/astrogrowshop/image/70174055/imagen_2_26821.webp?1764179305",33655,"Fumetas",4990,"Moledor Contenedor OCB Plástico 2 en 1 - Azul","https://cdnx.jumpseller.com/fumetas-store/image/64708704/OCB-Moledor-2-en-1-Medtainer-Azul.webp?1750385385",1.93
0.67,Moledores,calvo,calvo,31070,"Astro Growshop",17990,"Moledor Lite 63Mm- Calvo Glass - Rojo","https://cdnx.jumpseller.com/astrogrowshop/image/74868863/imagen_1_24101.webp?1773937597",33670,"Fumetas",17990,"Moledor Calvo Lite Aluminio 63mm - Rojo","https://cdnx.jumpseller.com/fumetas-store/image/57604549/Moledor-Lite-Calvo-Aluminio-63mm-Rojo.webp?1732588877",1.00
0.67,Moledores,calvo,calvo,31072,"Astro Growshop",17990,"Moledor Lite 63Mm- Calvo Glass - Naranjo","https://cdnx.jumpseller.com/astrogrowshop/image/74868874/imagen_1_24111.webp?1773937599",33668,"Fumetas",17990,"Moledor Calvo Lite Aluminio 63mm - Naranjo","https://cdnx.jumpseller.com/fumetas-store/image/57604540/Moledor-Lite-Calvo-Aluminio-63mm-Naranjo.webp?1732588877",1.00
0.67,Moledores,galaxy,galaxy,31203,"Astro Growshop",21990,"Moledor 63MM -Galaxy - Oro rosa","https://cdnx.jumpseller.com/astrogrowshop/image/74868782/imagen_4_25358.webp?1773937552",33700,"Fumetas",34990,"Moledor Galaxy Pro Model 63mm - Oro rosa","https://cdnx.jumpseller.com/fumetas-store/image/57723099/Moledor-Pro-Model-Galaxy-60mm-Oro-Rosa-4.jpg?1781631880",1.59
0.67,Repuestos para bongs y vaporizadores,calvo,calvo,31349,"Astro Growshop",6990,"Quemador Perlas Macho 18Mm-Calvo Glass - Verde azulado","https://cdnx.jumpseller.com/astrogrowshop/image/74869182/imagen_1_16245.webp?1773937786",34771,"Fumetas",6490,"Calvo Glass Quemador Perlas - Macho 14mm - Verde","https://cdnx.jumpseller.com/fumetas-store/image/31616370/Calvo-Glass-Quemador-Perlas-14mm-Green.jpg?1675724796",1.08
0.67,Repuestos para bongs y vaporizadores,calvo,calvo,31349,"Astro Growshop",6990,"Quemador Perlas Macho 18Mm-Calvo Glass - Verde azulado","https://cdnx.jumpseller.com/astrogrowshop/image/74869182/imagen_1_16245.webp?1773937786",34775,"Fumetas",6890,"Calvo Glass Quemador Perlas - Macho 18mm - Amarillo","https://cdnx.jumpseller.com/fumetas-store/image/33022396/QPCG-Y.jpg?1761926756",1.01
0.67,Repuestos para bongs y vaporizadores,calvo,calvo,31349,"Astro Growshop",6990,"Quemador Perlas Macho 18Mm-Calvo Glass - Verde azulado","https://cdnx.jumpseller.com/astrogrowshop/image/74869182/imagen_1_16245.webp?1773937786",34777,"Fumetas",6890,"Calvo Glass Quemador Perlas - Macho 18mm - Turquesa","https://cdnx.jumpseller.com/fumetas-store/image/33022395/QPCG-T.jpg?1761926756",1.01
0.67,Bongs,bonglab,bonglab,31361,"Astro Growshop",79990,"Bubbler Kush-Bonglab - Negro","https://cdnx.jumpseller.com/astrogrowshop/image/70216294/imagen_1_6854.webp?1764271470",34974,"Fumetas",87990,"Bonglab K275 Bubbler Kush 50cm - Negro","https://cdnx.jumpseller.com/fumetas-store/image/22218323/K275-Black.jpg?1721969693",1.10
0.67,Bongs,bonglab,bonglab,31363,"Astro Growshop",81990,"Bubbler Kush-Bonglab - azul","https://cdnx.jumpseller.com/astrogrowshop/image/74869300/imagen_1_8087.webp?1773937868",34973,"Fumetas",87990,"Bonglab K275 Bubbler Kush 50cm - Azul","https://cdnx.jumpseller.com/fumetas-store/image/22218322/K275-Blue.jpg?1721969693",1.07
0.67,Bongs,bonglab,bonglab,31386,"Astro Growshop",28990,"Fat Candy -Bonglab - azul","https://cdnx.jumpseller.com/astrogrowshop/image/74869226/imagen_1_26224.webp?1773937826",34504,"Fumetas",30990,"BongLab Bong W06 Fat Candy 25cm - Azul","https://cdnx.jumpseller.com/fumetas-store/image/47460873/BongLab_Fat_Candy_W06_Blue.jpeg?1781034101",1.07
0.67,Bongs,bonglab,bonglab,31387,"Astro Growshop",25990,"Fat Candy -Bonglab - verde","https://cdnx.jumpseller.com/astrogrowshop/image/74869227/imagen_1_26223.webp?1773937826",34505,"Fumetas",30990,"BongLab Bong W06 Fat Candy 25cm - Verde","https://cdnx.jumpseller.com/fumetas-store/image/29669658/Bong-Fat-Candy-Green.jpg?1781034101",1.19
0.67,Bongs,bonglab,bonglab,31388,"Astro Growshop",25990,"Fat Candy -Bonglab - Ámbar","https://cdnx.jumpseller.com/astrogrowshop/image/70330599/imagen_1_26226.webp?1764695656",34506,"Fumetas",30990,"BongLab Bong W06 Fat Candy 25cm - Ámbar","https://cdnx.jumpseller.com/fumetas-store/image/33984982/Bong-Fat-Candy-Amber.jpg?1781034101",1.19
0.67,Repuestos para bongs y vaporizadores,bonglab,bonglab,31393,"Astro Growshop",4990,"Quemador De 14Mm -Bonglab - Morado","https://cdnx.jumpseller.com/astrogrowshop/image/70216885/imagen_1_27118.webp?1764272362",33974,"Fumetas",5990,"BongLab Quemador HoneyComb Macho 14mm - Morado","https://cdnx.jumpseller.com/fumetas-store/image/34403132/Quemador-HoneyComb-Macho-14mm-Purple.webp?1682303050",1.20
0.67,Repuestos para bongs y vaporizadores,bonglab,bonglab,31394,"Astro Growshop",4990,"Quemador De 14Mm -Bonglab - azul","https://cdnx.jumpseller.com/astrogrowshop/image/74868921/imagen_1_27114.webp?1773937616",33859,"Fumetas",5990,"Bonglab Quemador con rejilla - Macho 14mm - Azul","https://cdnx.jumpseller.com/fumetas-store/image/21810465/BongLab-CRejilla-Blue.jpg?1715461503",1.20
0.67,Repuestos para bongs y vaporizadores,bonglab,bonglab,31394,"Astro Growshop",4990,"Quemador De 14Mm -Bonglab - azul","https://cdnx.jumpseller.com/astrogrowshop/image/74868921/imagen_1_27114.webp?1773937616",33971,"Fumetas",5990,"BongLab Quemador HoneyComb Macho 14mm - Azul","https://cdnx.jumpseller.com/fumetas-store/image/34403135/Quemador-HoneyComb-Macho-14mm-Blue.webp?1682303050",1.20
0.67,Repuestos para bongs y vaporizadores,bonglab,bonglab,31395,"Astro Growshop",6990,"Quemador De 14Mm -Bonglab - verde","https://cdnx.jumpseller.com/astrogrowshop/image/74868926/imagen_1_20425.webp?1773937616",33856,"Fumetas",5990,"Bonglab Quemador con rejilla - Macho 14mm - Verde","https://cdnx.jumpseller.com/fumetas-store/image/48721786/Quemador-con-rejilla-Green-Macho-14mm.webp?1715461503",1.17
0.67,Repuestos para bongs y vaporizadores,bonglab,bonglab,31395,"Astro Growshop",6990,"Quemador De 14Mm -Bonglab - verde","https://cdnx.jumpseller.com/astrogrowshop/image/74868926/imagen_1_20425.webp?1773937616",33972,"Fumetas",5990,"BongLab Quemador HoneyComb Macho 14mm - Verde","https://cdnx.jumpseller.com/fumetas-store/image/34403134/Quemador-HoneyComb-Macho-14mm-Green.webp?1682303050",1.17
0.67,Repuestos para bongs y vaporizadores,bonglab,bonglab,31396,"Astro Growshop",4990,"Quemador De 14Mm -Bonglab - Ámbar","https://cdnx.jumpseller.com/astrogrowshop/image/74868916/imagen_1_27113.webp?1773937616",33858,"Fumetas",5990,"Bonglab Quemador con rejilla - Macho 14mm - Ámbar","https://cdnx.jumpseller.com/fumetas-store/image/46072584/Quemador-con-rejilla-Amber-Macho-14mm.webp?1715461503",1.20
0.67,Repuestos para bongs y vaporizadores,bonglab,bonglab,31397,"Astro Growshop",4990,"Quemador De 14Mm -Bonglab - Negro","https://cdnx.jumpseller.com/astrogrowshop/image/74868918/imagen_1_27116.webp?1773937616",33860,"Fumetas",5990,"Bonglab Quemador con rejilla - Macho 14mm - Negro","https://cdnx.jumpseller.com/fumetas-store/image/21905839/BongLab-CRejilla-Black.jpg?1715461503",1.20
0.67,Repuestos para bongs y vaporizadores,bonglab,bonglab,31397,"Astro Growshop",4990,"Quemador De 14Mm -Bonglab - Negro","https://cdnx.jumpseller.com/astrogrowshop/image/74868918/imagen_1_27116.webp?1773937616",33975,"Fumetas",5990,"BongLab Quemador HoneyComb Macho 14mm - Negro","https://cdnx.jumpseller.com/fumetas-store/image/34403136/Quemador-HoneyComb-Macho-14mm-Black.webp?1682303050",1.20
0.67,Repuestos para bongs y vaporizadores,bonglab,bonglab,31397,"Astro Growshop",4990,"Quemador De 14Mm -Bonglab - Negro","https://cdnx.jumpseller.com/astrogrowshop/image/74868918/imagen_1_27116.webp?1773937616",33986,"Fumetas",5391,"Bonglab Quemador Perlas - Macho 14mm - Negro","https://cdnx.jumpseller.com/fumetas-store/image/73439742/Bonglab-Quemador-Perlas-Macho-14mm-Negro.jpg?1771351457",1.08
0.67,Repuestos para bongs y vaporizadores,bonglab,bonglab,31399,"Astro Growshop",4990,"Quemador Hembra 14Mm -Bonglab - Negro","https://cdnx.jumpseller.com/astrogrowshop/image/70329097/imagen_1_26371.webp?1764692049",33967,"Fumetas",6990,"Bonglab Quemador - Hembra 14mm 2.0 - Rosado","https://cdnx.jumpseller.com/fumetas-store/image/26643498/quemador-hembra-14mm-bonglab_PINK.jpg?1661575751",1.40
0.67,Repuestos para bongs y vaporizadores,bonglab,bonglab,31399,"Astro Growshop",4990,"Quemador Hembra 14Mm -Bonglab - Negro","https://cdnx.jumpseller.com/astrogrowshop/image/70329097/imagen_1_26371.webp?1764692049",33968,"Fumetas",6990,"Bonglab Quemador - Hembra 14mm 2.0 - Morado","https://cdnx.jumpseller.com/fumetas-store/image/26643499/quemador-hembra-14mm-bonglab_PURPLE.jpg?1661575751",1.40
0.67,Repuestos para bongs y vaporizadores,bonglab,bonglab,31399,"Astro Growshop",4990,"Quemador Hembra 14Mm -Bonglab - Negro","https://cdnx.jumpseller.com/astrogrowshop/image/70329097/imagen_1_26371.webp?1764692049",33969,"Fumetas",6990,"Bonglab Quemador - Hembra 14mm 2.0 - Verde","https://cdnx.jumpseller.com/fumetas-store/image/26643497/quemador-hembra-14mm-bonglab.jpg?1661575751",1.40
0.67,Repuestos para bongs y vaporizadores,bonglab,bonglab,31399,"Astro Growshop",4990,"Quemador Hembra 14Mm -Bonglab - Negro","https://cdnx.jumpseller.com/astrogrowshop/image/70329097/imagen_1_26371.webp?1764692049",34052,"Fumetas",4990,"Bonglab Quemador Hembra 14mm - Ambar","https://cdnx.jumpseller.com/fumetas-store/image/21810208/BongLab-Quemador-Hembra-14mm-Ambar.jpg?1658339453",1.00
0.67,Repuestos para bongs y vaporizadores,bonglab,bonglab,31399,"Astro Growshop",4990,"Quemador Hembra 14Mm -Bonglab - Negro","https://cdnx.jumpseller.com/astrogrowshop/image/70329097/imagen_1_26371.webp?1764692049",34053,"Fumetas",4990,"Bonglab Quemador Hembra 14mm - Verde","https://cdnx.jumpseller.com/fumetas-store/image/21810207/BongLab-Quemador-Hembra-14mm-Green.jpg?1658339453",1.00
0.67,Repuestos para bongs y vaporizadores,bonglab,bonglab,31401,"Astro Growshop",4990,"Quemador Hembra 14Mm -Bonglab - Morado","https://cdnx.jumpseller.com/astrogrowshop/image/74869488/imagen_1_26372.webp?1773937973",33966,"Fumetas",6990,"Bonglab Quemador - Hembra 14mm 2.0 - Negro","https://cdnx.jumpseller.com/fumetas-store/image/26643500/quemador-hembra-14mm-bonglab_NEGRO.jpg?1661575751",1.40
0.67,Repuestos para bongs y vaporizadores,bonglab,bonglab,31401,"Astro Growshop",4990,"Quemador Hembra 14Mm -Bonglab - Morado","https://cdnx.jumpseller.com/astrogrowshop/image/74869488/imagen_1_26372.webp?1773937973",33967,"Fumetas",6990,"Bonglab Quemador - Hembra 14mm 2.0 - Rosado","https://cdnx.jumpseller.com/fumetas-store/image/26643498/quemador-hembra-14mm-bonglab_PINK.jpg?1661575751",1.40
0.67,Repuestos para bongs y vaporizadores,bonglab,bonglab,31401,"Astro Growshop",4990,"Quemador Hembra 14Mm -Bonglab - Morado","https://cdnx.jumpseller.com/astrogrowshop/image/74869488/imagen_1_26372.webp?1773937973",33969,"Fumetas",6990,"Bonglab Quemador - Hembra 14mm 2.0 - Verde","https://cdnx.jumpseller.com/fumetas-store/image/26643497/quemador-hembra-14mm-bonglab.jpg?1661575751",1.40
0.67,Repuestos para bongs y vaporizadores,bonglab,bonglab,31401,"Astro Growshop",4990,"Quemador Hembra 14Mm -Bonglab - Morado","https://cdnx.jumpseller.com/astrogrowshop/image/74869488/imagen_1_26372.webp?1773937973",34052,"Fumetas",4990,"Bonglab Quemador Hembra 14mm - Ambar","https://cdnx.jumpseller.com/fumetas-store/image/21810208/BongLab-Quemador-Hembra-14mm-Ambar.jpg?1658339453",1.00
0.67,Repuestos para bongs y vaporizadores,bonglab,bonglab,31401,"Astro Growshop",4990,"Quemador Hembra 14Mm -Bonglab - Morado","https://cdnx.jumpseller.com/astrogrowshop/image/74869488/imagen_1_26372.webp?1773937973",34053,"Fumetas",4990,"Bonglab Quemador Hembra 14mm - Verde","https://cdnx.jumpseller.com/fumetas-store/image/21810207/BongLab-Quemador-Hembra-14mm-Green.jpg?1658339453",1.00
0.67,Repuestos para bongs y vaporizadores,bonglab,bonglab,31402,"Astro Growshop",6990,"Quemador Hembra 14Mm -Bonglab - Rosa","https://cdnx.jumpseller.com/astrogrowshop/image/74869489/imagen_1_26373.webp?1773937973",33966,"Fumetas",6990,"Bonglab Quemador - Hembra 14mm 2.0 - Negro","https://cdnx.jumpseller.com/fumetas-store/image/26643500/quemador-hembra-14mm-bonglab_NEGRO.jpg?1661575751",1.00
0.67,Repuestos para bongs y vaporizadores,bonglab,bonglab,31402,"Astro Growshop",6990,"Quemador Hembra 14Mm -Bonglab - Rosa","https://cdnx.jumpseller.com/astrogrowshop/image/74869489/imagen_1_26373.webp?1773937973",33967,"Fumetas",6990,"Bonglab Quemador - Hembra 14mm 2.0 - Rosado","https://cdnx.jumpseller.com/fumetas-store/image/26643498/quemador-hembra-14mm-bonglab_PINK.jpg?1661575751",1.00
0.67,Repuestos para bongs y vaporizadores,bonglab,bonglab,31402,"Astro Growshop",6990,"Quemador Hembra 14Mm -Bonglab - Rosa","https://cdnx.jumpseller.com/astrogrowshop/image/74869489/imagen_1_26373.webp?1773937973",33968,"Fumetas",6990,"Bonglab Quemador - Hembra 14mm 2.0 - Morado","https://cdnx.jumpseller.com/fumetas-store/image/26643499/quemador-hembra-14mm-bonglab_PURPLE.jpg?1661575751",1.00
0.67,Repuestos para bongs y vaporizadores,bonglab,bonglab,31402,"Astro Growshop",6990,"Quemador Hembra 14Mm -Bonglab - Rosa","https://cdnx.jumpseller.com/astrogrowshop/image/74869489/imagen_1_26373.webp?1773937973",33969,"Fumetas",6990,"Bonglab Quemador - Hembra 14mm 2.0 - Verde","https://cdnx.jumpseller.com/fumetas-store/image/26643497/quemador-hembra-14mm-bonglab.jpg?1661575751",1.00
0.67,Repuestos para bongs y vaporizadores,bonglab,bonglab,31402,"Astro Growshop",6990,"Quemador Hembra 14Mm -Bonglab - Rosa","https://cdnx.jumpseller.com/astrogrowshop/image/74869489/imagen_1_26373.webp?1773937973",34052,"Fumetas",4990,"Bonglab Quemador Hembra 14mm - Ambar","https://cdnx.jumpseller.com/fumetas-store/image/21810208/BongLab-Quemador-Hembra-14mm-Ambar.jpg?1658339453",1.40
0.67,Repuestos para bongs y vaporizadores,bonglab,bonglab,31402,"Astro Growshop",6990,"Quemador Hembra 14Mm -Bonglab - Rosa","https://cdnx.jumpseller.com/astrogrowshop/image/74869489/imagen_1_26373.webp?1773937973",34053,"Fumetas",4990,"Bonglab Quemador Hembra 14mm - Verde","https://cdnx.jumpseller.com/fumetas-store/image/21810207/BongLab-Quemador-Hembra-14mm-Green.jpg?1658339453",1.40
0.67,Repuestos para bongs y vaporizadores,bonglab,bonglab,31403,"Astro Growshop",6990,"Quemador Macho 14Mm -Bonglab - Morado","https://cdnx.jumpseller.com/astrogrowshop/image/70324886/imagen_1_27099.webp?1774966171",33968,"Fumetas",6990,"Bonglab Quemador - Hembra 14mm 2.0 - Morado","https://cdnx.jumpseller.com/fumetas-store/image/26643499/quemador-hembra-14mm-bonglab_PURPLE.jpg?1661575751",1.00
0.67,Repuestos para bongs y vaporizadores,bonglab,bonglab,31406,"Astro Growshop",6990,"Quemador Macho 14Mm -Bonglab - Negro","https://cdnx.jumpseller.com/astrogrowshop/image/72470752/imagen_1_27101.webp?1774966171",33966,"Fumetas",6990,"Bonglab Quemador - Hembra 14mm 2.0 - Negro","https://cdnx.jumpseller.com/fumetas-store/image/26643500/quemador-hembra-14mm-bonglab_NEGRO.jpg?1661575751",1.00
0.67,Repuestos para bongs y vaporizadores,bonglab,bonglab,31410,"Astro Growshop",5990,"Quemador Macho 18Mm -Bonglab - Rosa","https://cdnx.jumpseller.com/astrogrowshop/image/72468272/imagen_1_27104.webp?1769629317",33982,"Fumetas",4990,"Bonglab Quemador Macho 18mm - Rosado","https://cdnx.jumpseller.com/fumetas-store/image/22220357/quemador-macho-18mm-bonglab__1_.jpg?1645759291",1.20
0.67,Repuestos para bongs y vaporizadores,bonglab,bonglab,31410,"Astro Growshop",5990,"Quemador Macho 18Mm -Bonglab - Rosa","https://cdnx.jumpseller.com/astrogrowshop/image/72468272/imagen_1_27104.webp?1769629317",33984,"Fumetas",4990,"Bonglab Quemador Macho 18mm - Verde","https://cdnx.jumpseller.com/fumetas-store/image/22220358/quemador-macho-18mm-bonglab__4_.jpg?1645759291",1.20
0.67,Bongs,bonglab,bonglab,31446,"Astro Growshop",27990,"R3 Mini-Bonglab - verde","https://cdnx.jumpseller.com/astrogrowshop/image/70236003/imagen_1_26239.webp?1764338745",33946,"Fumetas",21241,"BongLab Bong R3 Mini 10.5cm - Verde","https://cdnx.jumpseller.com/fumetas-store/image/34389628/BongLab-R3-Mini-Green.webp?1781110801",1.32
0.67,Bongs,bonglab,bonglab,31447,"Astro Growshop",27990,"R3 Mini-Bonglab - azul","https://cdnx.jumpseller.com/astrogrowshop/image/74869424/imagen_1_26236.webp?1773937943",33945,"Fumetas",21241,"BongLab Bong R3 Mini 10.5cm - Azul","https://cdnx.jumpseller.com/fumetas-store/image/34389625/BongLab-R3-Mini-Blue.webp?1781110801",1.32
0.67,Bongs,bonglab,bonglab,31450,"Astro Growshop",23990,"R3 Mini-Bonglab - Negro","https://cdnx.jumpseller.com/astrogrowshop/image/74869426/imagen_1_26235.webp?1773937943",33948,"Fumetas",21241,"BongLab Bong R3 Mini 10.5cm - Negro","https://cdnx.jumpseller.com/fumetas-store/image/34389623/BongLab-R3-Mini-Black.webp?1781110801",1.13
0.67,Conos y blunts,g-rollz,g-rollz,31458,"Astro Growshop",2490,"Blunt Hemp Wrap X4 Sabor a Elección- G-Rollz - Grape","https://cdnx.jumpseller.com/astrogrowshop/image/74029621/BLUNT-HEMP-WRAP-G-ROLLZ-GRAPE-UVA.webp?1772560669",34090,"Fumetas",2490,"G-Rollz Blunt Hemp Wrap X4 - Sabores - Grape","https://cdnx.jumpseller.com/fumetas-store/image/34067110/G-Rollz-Blunt-Grape-X4.jpg?1721880950",1.00
0.67,Repuestos para bongs y vaporizadores,,bonglab,31507,"Astro Growshop",4990,"Quemador Honeycomb Macho 18Mm - verde","https://cdnx.jumpseller.com/astrogrowshop/image/72486705/Sin-honey-combn-18-verde-logo1.webp?1769697053",33984,"Fumetas",4990,"Bonglab Quemador Macho 18mm - Verde","https://cdnx.jumpseller.com/fumetas-store/image/22220358/quemador-macho-18mm-bonglab__4_.jpg?1645759291",1.00
0.67,Repuestos para bongs y vaporizadores,,bonglab,31516,"Astro Growshop",3990,"Quemador Macho 14Mm - Negro","https://cdnx.jumpseller.com/astrogrowshop/image/72498559/QUEMADOR_MACHO_UPPER_SOLID_BLACK.webp?1774890330",33860,"Fumetas",5990,"Bonglab Quemador con rejilla - Macho 14mm - Negro","https://cdnx.jumpseller.com/fumetas-store/image/21905839/BongLab-CRejilla-Black.jpg?1715461503",1.50
0.67,Repuestos para bongs y vaporizadores,,bonglab,31516,"Astro Growshop",3990,"Quemador Macho 14Mm - Negro","https://cdnx.jumpseller.com/astrogrowshop/image/72498559/QUEMADOR_MACHO_UPPER_SOLID_BLACK.webp?1774890330",33975,"Fumetas",5990,"BongLab Quemador HoneyComb Macho 14mm - Negro","https://cdnx.jumpseller.com/fumetas-store/image/34403136/Quemador-HoneyComb-Macho-14mm-Black.webp?1682303050",1.50
0.67,Repuestos para bongs y vaporizadores,,bonglab,31516,"Astro Growshop",3990,"Quemador Macho 14Mm - Negro","https://cdnx.jumpseller.com/astrogrowshop/image/72498559/QUEMADOR_MACHO_UPPER_SOLID_BLACK.webp?1774890330",33986,"Fumetas",5391,"Bonglab Quemador Perlas - Macho 14mm - Negro","https://cdnx.jumpseller.com/fumetas-store/image/73439742/Bonglab-Quemador-Perlas-Macho-14mm-Negro.jpg?1771351457",1.35
0.67,Repuestos para bongs y vaporizadores,,,31516,"Astro Growshop",3990,"Quemador Macho 14Mm - Negro","https://cdnx.jumpseller.com/astrogrowshop/image/72498559/QUEMADOR_MACHO_UPPER_SOLID_BLACK.webp?1774890330",34095,"Fumetas",4990,"Quemador Generico Honeycomb Macho 14mm - Negro","https://cdnx.jumpseller.com/fumetas-store/image/72663256/Quemador-Honeycomb-Generico-Negro-2.jpg?1770226037",1.25
0.67,Repuestos para bongs y vaporizadores,,,31516,"Astro Growshop",3990,"Quemador Macho 14Mm - Negro","https://cdnx.jumpseller.com/astrogrowshop/image/72498559/QUEMADOR_MACHO_UPPER_SOLID_BLACK.webp?1774890330",35786,"Fumetas",5990,"Quemador King Skull - Macho 14mm - Negro","https://cdnx.jumpseller.com/fumetas-store/image/37794346/Quemador-King-Skull-Black-Macho-14mm.webp?1689802122",1.50
0.67,Repuestos para bongs y vaporizadores,,,31516,"Astro Growshop",3990,"Quemador Macho 14Mm - Negro","https://cdnx.jumpseller.com/astrogrowshop/image/72498559/QUEMADOR_MACHO_UPPER_SOLID_BLACK.webp?1774890330",37481,"Fumetas",4990,"Quemador Darth Vader Macho 14mm - Negro","https://cdnx.jumpseller.com/fumetas-store/image/13097438/wholesale-glass-bowl-bong-dart-vader-black.jpg?1632515249",1.25
0.67,Repuestos para bongs y vaporizadores,,bonglab,31517,"Astro Growshop",3990,"Quemador Macho 14Mm - azul","https://cdnx.jumpseller.com/astrogrowshop/image/72476853/AZUL-CLARO-3.webp?1774890330",33859,"Fumetas",5990,"Bonglab Quemador con rejilla - Macho 14mm - Azul","https://cdnx.jumpseller.com/fumetas-store/image/21810465/BongLab-CRejilla-Blue.jpg?1715461503",1.50
0.67,Repuestos para bongs y vaporizadores,,bonglab,31517,"Astro Growshop",3990,"Quemador Macho 14Mm - azul","https://cdnx.jumpseller.com/astrogrowshop/image/72476853/AZUL-CLARO-3.webp?1774890330",33971,"Fumetas",5990,"BongLab Quemador HoneyComb Macho 14mm - Azul","https://cdnx.jumpseller.com/fumetas-store/image/34403135/Quemador-HoneyComb-Macho-14mm-Blue.webp?1682303050",1.50
0.67,Repuestos para bongs y vaporizadores,,,31517,"Astro Growshop",3990,"Quemador Macho 14Mm - azul","https://cdnx.jumpseller.com/astrogrowshop/image/72476853/AZUL-CLARO-3.webp?1774890330",34100,"Fumetas",4990,"Quemador Generico Honeycomb Macho 14mm - Azul","https://cdnx.jumpseller.com/fumetas-store/image/72663827/Quemador-Honeycomb-Generico-Azul.jpg?1770226037",1.25
0.67,Repuestos para bongs y vaporizadores,,,31517,"Astro Growshop",3990,"Quemador Macho 14Mm - azul","https://cdnx.jumpseller.com/astrogrowshop/image/72476853/AZUL-CLARO-3.webp?1774890330",35787,"Fumetas",5990,"Quemador King Skull - Macho 14mm - Azul","https://cdnx.jumpseller.com/fumetas-store/image/37794344/Quemador-King-Skull-Blue-Macho-14mm.webp?1689802122",1.50
0.67,Repuestos para bongs y vaporizadores,,,31517,"Astro Growshop",3990,"Quemador Macho 14Mm - azul","https://cdnx.jumpseller.com/astrogrowshop/image/72476853/AZUL-CLARO-3.webp?1774890330",37480,"Fumetas",4990,"Quemador Darth Vader Macho 14mm - Azul","https://cdnx.jumpseller.com/fumetas-store/image/6097771/WhatsApp_Image_2019-07-17_at_00.10.58__1_.jpeg?1632515249",1.25
0.67,Repuestos para bongs y vaporizadores,,bonglab,31518,"Astro Growshop",3990,"Quemador Macho 14Mm - verde","https://cdnx.jumpseller.com/astrogrowshop/image/72476871/VERDE-3.webp?1774890330",33856,"Fumetas",5990,"Bonglab Quemador con rejilla - Macho 14mm - Verde","https://cdnx.jumpseller.com/fumetas-store/image/48721786/Quemador-con-rejilla-Green-Macho-14mm.webp?1715461503",1.50
0.67,Repuestos para bongs y vaporizadores,,bonglab,31518,"Astro Growshop",3990,"Quemador Macho 14Mm - verde","https://cdnx.jumpseller.com/astrogrowshop/image/72476871/VERDE-3.webp?1774890330",33972,"Fumetas",5990,"BongLab Quemador HoneyComb Macho 14mm - Verde","https://cdnx.jumpseller.com/fumetas-store/image/34403134/Quemador-HoneyComb-Macho-14mm-Green.webp?1682303050",1.50
0.67,Repuestos para bongs y vaporizadores,,,31518,"Astro Growshop",3990,"Quemador Macho 14Mm - verde","https://cdnx.jumpseller.com/astrogrowshop/image/72476871/VERDE-3.webp?1774890330",34096,"Fumetas",4990,"Quemador Generico Honeycomb Macho 14mm - Verde","https://cdnx.jumpseller.com/fumetas-store/image/72663259/Quemador-Honeycomb-Generico-Verde.jpg?1770226037",1.25
0.67,Repuestos para bongs y vaporizadores,,,31518,"Astro Growshop",3990,"Quemador Macho 14Mm - verde","https://cdnx.jumpseller.com/astrogrowshop/image/72476871/VERDE-3.webp?1774890330",35785,"Fumetas",5990,"Quemador King Skull - Macho 14mm - Verde","https://cdnx.jumpseller.com/fumetas-store/image/37794345/Quemador-King-Skull-Green-Macho-14mm.webp?1689802122",1.50
0.67,Repuestos para bongs y vaporizadores,,bonglab,31521,"Astro Growshop",3990,"Quemador Macho 14Mm - AMBAR","https://cdnx.jumpseller.com/astrogrowshop/image/72476849/AMBAR-3.webp?1774890330",33858,"Fumetas",5990,"Bonglab Quemador con rejilla - Macho 14mm - Ámbar","https://cdnx.jumpseller.com/fumetas-store/image/46072584/Quemador-con-rejilla-Amber-Macho-14mm.webp?1715461503",1.50
0.67,Repuestos para bongs y vaporizadores,,,31521,"Astro Growshop",3990,"Quemador Macho 14Mm - AMBAR","https://cdnx.jumpseller.com/astrogrowshop/image/72476849/AMBAR-3.webp?1774890330",34094,"Fumetas",4990,"Quemador Generico Honeycomb Macho 14mm - Ámbar","https://cdnx.jumpseller.com/fumetas-store/image/72663253/Honey-Comb-Ambar.jpg?1770226037",1.25
0.67,Repuestos para bongs y vaporizadores,,bonglab,31522,"Astro Growshop",3990,"Quemador Macho 14Mm - Morado","https://cdnx.jumpseller.com/astrogrowshop/image/72476864/PURPLE-3.webp?1774890330",33974,"Fumetas",5990,"BongLab Quemador HoneyComb Macho 14mm - Morado","https://cdnx.jumpseller.com/fumetas-store/image/34403132/Quemador-HoneyComb-Macho-14mm-Purple.webp?1682303050",1.50
0.67,Repuestos para bongs y vaporizadores,,,31522,"Astro Growshop",3990,"Quemador Macho 14Mm - Morado","https://cdnx.jumpseller.com/astrogrowshop/image/72476864/PURPLE-3.webp?1774890330",34098,"Fumetas",4990,"Quemador Generico Honeycomb Macho 14mm - Morado","https://cdnx.jumpseller.com/fumetas-store/image/72663267/Quemador-Honeycomb-Generico-Morado.jpg?1770226037",1.25
0.67,Repuestos para bongs y vaporizadores,,bonglab,31540,"Astro Growshop",3990,"Quemador Macho 18Mm - verde","https://cdnx.jumpseller.com/astrogrowshop/image/72476828/VERDE-3.webp?1769703980",33977,"Fumetas",5990,"BongLab Quemador Honeycomb Macho 18mm - Verde","https://cdnx.jumpseller.com/fumetas-store/image/56174219/Quemador-HoneyComb-Macho-18mm-Verde-2.jpg?1770059032",1.50
0.67,Repuestos para bongs y vaporizadores,,bonglab,31541,"Astro Growshop",3990,"Quemador Macho 18Mm - azul","https://cdnx.jumpseller.com/astrogrowshop/image/72476814/AZUL-CLARO-3.webp?1769703980",33979,"Fumetas",5990,"BongLab Quemador Honeycomb Macho 18mm - Azul","https://cdnx.jumpseller.com/fumetas-store/image/56174225/Quemador-HoneyComb-Macho-18mm-Azul-2.jpg?1770059032",1.50
0.67,Repuestos para bongs y vaporizadores,,bonglab,31541,"Astro Growshop",3990,"Quemador Macho 18Mm - azul","https://cdnx.jumpseller.com/astrogrowshop/image/72476814/AZUL-CLARO-3.webp?1769703980",33993,"Fumetas",4401,"Bonglab Quemador Perlas - Macho 18mm - Azul","https://cdnx.jumpseller.com/fumetas-store/image/76590303/Quemador-18mm-Azul-3.jpg?1778693525",1.10
0.67,Repuestos para bongs y vaporizadores,,bonglab,31543,"Astro Growshop",3990,"Quemador Macho 18Mm - AMBAR","https://cdnx.jumpseller.com/astrogrowshop/image/72476812/AMBAR-3.webp?1769703980",33994,"Fumetas",4401,"Bonglab Quemador Perlas - Macho 18mm - Ámbar","https://cdnx.jumpseller.com/fumetas-store/image/76590306/Quemador-18mm-Ambar.jpg?1778693525",1.10
0.67,Repuestos para bongs y vaporizadores,,bonglab,31545,"Astro Growshop",3990,"Quemador Macho 18Mm - Verde azulado","https://cdnx.jumpseller.com/astrogrowshop/image/72476832/TEAL-3.webp?1769703980",33984,"Fumetas",4990,"Bonglab Quemador Macho 18mm - Verde","https://cdnx.jumpseller.com/fumetas-store/image/22220358/quemador-macho-18mm-bonglab__4_.jpg?1645759291",1.25
0.67,Repuestos para bongs y vaporizadores,,bonglab,31548,"Astro Growshop",3990,"Quemador Macho 18Mm - Morado","https://cdnx.jumpseller.com/astrogrowshop/image/72476824/PURPLE-3.webp?1769703980",33976,"Fumetas",5990,"BongLab Quemador Honeycomb Macho 18mm - Morado","https://cdnx.jumpseller.com/fumetas-store/image/56174220/Quemador-HoneyComb-Macho-18mm-Morado-2.jpg?1770059032",1.50
0.67,Repuestos para bongs y vaporizadores,,bonglab,31548,"Astro Growshop",3990,"Quemador Macho 18Mm - Morado","https://cdnx.jumpseller.com/astrogrowshop/image/72476824/PURPLE-3.webp?1769703980",33995,"Fumetas",4401,"Bonglab Quemador Perlas - Macho 18mm - Morado","https://cdnx.jumpseller.com/fumetas-store/image/76590309/Quemador-18mm-Morado-1.jpg?1778693525",1.10
0.67,Bongs,bonglab,bonglab,31596,"Astro Growshop",39990,"Honey Waffle -Bonglab - Verde azulado","https://cdnx.jumpseller.com/astrogrowshop/image/74868754/imagen_1_26379.webp?1773937551",33839,"Fumetas",39990,"Bonglab Bong Honey Waffle 23cm - Verde","https://cdnx.jumpseller.com/fumetas-store/image/22219845/bong-honey-waffle-bonglab__3_.jpg?1731077737",1.00
0.67,Bongs,bonglab,bonglab,31626,"Astro Growshop",22990,"Color Cube-Bonglab - AMBAR","https://cdnx.jumpseller.com/astrogrowshop/image/70330438/imagen_1_26098.webp?1764695360",34679,"Fumetas",25990,"Bonglab Bong X2 Color Cube 23cm - Ámbar","https://cdnx.jumpseller.com/fumetas-store/image/39079354/BongLab-X2-Amber.jpg?1781034117",1.13
0.67,Bongs,bonglab,bonglab,31627,"Astro Growshop",22990,"Color Cube-Bonglab - azul","https://cdnx.jumpseller.com/astrogrowshop/image/74869159/imagen_1_26097.webp?1773937759",34680,"Fumetas",25990,"Bonglab Bong X2 Color Cube 23cm - Azul","https://cdnx.jumpseller.com/fumetas-store/image/39079355/BongLab-X2-Blue.jpg?1781034117",1.13
0.67,Bongs,bonglab,bonglab,31628,"Astro Growshop",22990,"Color Cube-Bonglab - verde","https://cdnx.jumpseller.com/astrogrowshop/image/74869160/imagen_1_26096.webp?1773937759",34677,"Fumetas",25990,"Bonglab Bong X2 Color Cube 23cm - Verde","https://cdnx.jumpseller.com/fumetas-store/image/39079356/BongLab-X2-Green.jpg?1781034117",1.13
0.67,Bongs,bonglab,bonglab,31654,"Astro Growshop",74990,"Heavy Trash -Bonglab - verde","https://cdnx.jumpseller.com/astrogrowshop/image/78072257/Heavy_20Trash_20Green_20Bonglab_20en_20Santiago_20Chile_20_20AstroGrowshop.png?1782146786",34659,"Fumetas",72990,"BongLab Bong K42 Heavy Trash 53cm - Verde","https://cdnx.jumpseller.com/fumetas-store/image/34399323/BongLab-K42-Heavy-Thrash-Green.webp?1698439583",1.03
0.67,Bongs,bonglab,bonglab,31655,"Astro Growshop",66990,"Heavy Trash -Bonglab - azul","https://cdnx.jumpseller.com/astrogrowshop/image/74869467/imagen_1_26385.webp?1782146785",34660,"Fumetas",72990,"BongLab Bong K42 Heavy Trash 53cm - Azul","https://cdnx.jumpseller.com/fumetas-store/image/34399320/BongLab-K42-Heavy-Thrash-Blue.webp?1698439583",1.09
0.67,Bongs,bonglab,bonglab,31657,"Astro Growshop",72990,"Heavy Trash -Bonglab - Negro","https://cdnx.jumpseller.com/astrogrowshop/image/74869459/imagen_1_5681.webp?1782146785",34657,"Fumetas",72990,"BongLab Bong K42 Heavy Trash 53cm - Negro","https://cdnx.jumpseller.com/fumetas-store/image/41473474/BongLab-Heavy-Thrash-Black-53cm.jpg?1698439583",1.00
0.67,Bongs,bonglab,bonglab,31669,"Astro Growshop",20990,"Little Buchner-Bonglab - Negro","https://cdnx.jumpseller.com/astrogrowshop/image/70216769/imagen_1_26265.webp?1764272189",37483,"Fumetas",22990,"Bonglab Bong KS10 Little Buchner 25cm - Negro","https://cdnx.jumpseller.com/fumetas-store/image/37254577/BongLab-KS10-Little-Buchner-Black.jpg?1781034312",1.10
0.67,Bongs,bonglab,bonglab,31670,"Astro Growshop",20990,"Little Buchner-Bonglab - azul","https://cdnx.jumpseller.com/astrogrowshop/image/74868464/imagen_1_26266.webp?1773937396",37484,"Fumetas",22990,"Bonglab Bong KS10 Little Buchner 25cm - Azul","https://cdnx.jumpseller.com/fumetas-store/image/37254576/BongLab-KS10-Little-Buchner-Blue.jpg?1781034312",1.10
0.67,Bongs,bonglab,bonglab,31671,"Astro Growshop",20990,"Little Buchner-Bonglab - verde","https://cdnx.jumpseller.com/astrogrowshop/image/74868465/imagen_1_26267.webp?1773937396",37485,"Fumetas",22990,"Bonglab Bong KS10 Little Buchner 25cm - Verde","https://cdnx.jumpseller.com/fumetas-store/image/37254575/BongLab-KS10-Little-Buchner-Green.jpg?1781034312",1.10
0.67,Bongs,bonglab,bonglab,31673,"Astro Growshop",20990,"Little Buchner-Bonglab - Ámbar","https://cdnx.jumpseller.com/astrogrowshop/image/74868467/imagen_1_26269.webp?1773937396",37486,"Fumetas",22990,"Bonglab Bong KS10 Little Buchner 25cm - Ámbar","https://cdnx.jumpseller.com/fumetas-store/image/37254572/BongLab-KS10-Little-Buchner-Amber.jpg?1781034312",1.10
0.67,Bongs,bonglab,bonglab,31686,"Astro Growshop",51990,"Mad Professor - Bonglab - Verde azulado","https://cdnx.jumpseller.com/astrogrowshop/image/74869445/imagen_1_26141.webp?1773937944",33847,"Fumetas",64990,"Bonglab Bong Mad Professor 42cm - Verde","https://cdnx.jumpseller.com/fumetas-store/image/58283344/Mad-Professor-Mink-Green.jpg?1734057216",1.25
0.67,Repuestos para bongs y vaporizadores,piecemaker,piecemaker,31700,"Astro Growshop",11990,"Munchie Bowl -Pmg - SKY BLUE","https://cdnx.jumpseller.com/astrogrowshop/image/77059278/imagen_1_3648.webp?1779901132",34309,"Fumetas",11990,"PMG Munchie Bowl - Light Blue","https://cdnx.jumpseller.com/fumetas-store/image/58283317/MunchieBowl-light_blue_OFICIAL.jpg?1734057223",1.00
0.67,Bongs,bonglab,bonglab,31701,"Astro Growshop",23990,"Pocket Bell -Bonglab - AMBAR","https://cdnx.jumpseller.com/astrogrowshop/image/70309447/imagen_1_25226.webp?1764618676",34421,"Fumetas",25990,"BongLab Bong X5 Pocket Bell 17cm - Ámbar","https://cdnx.jumpseller.com/fumetas-store/image/48842219/bonglab-x5-pocket-bell__1_.jpg?1781145032",1.08
0.67,Bongs,bonglab,bonglab,31702,"Astro Growshop",22990,"Pocket Bell -Bonglab - azul","https://cdnx.jumpseller.com/astrogrowshop/image/74869413/imagen_2_25228.webp?1773937942",34419,"Fumetas",25990,"BongLab Bong X5 Pocket Bell 17cm - Azul","https://cdnx.jumpseller.com/fumetas-store/image/34545485/Bong_X5_Pocket_Bell-Blue.webp?1781145032",1.13
0.67,Bongs,bonglab,bonglab,31703,"Astro Growshop",22990,"Pocket Bell -Bonglab - verde","https://cdnx.jumpseller.com/astrogrowshop/image/74869416/imagen_1_25230.webp?1773937942",34420,"Fumetas",25990,"BongLab Bong X5 Pocket Bell 17cm - Verde","https://cdnx.jumpseller.com/fumetas-store/image/34545486/Bong_X5_Pocket_Bell-Green.webp?1781145032",1.13
0.67,Bongs,bonglab,bonglab,31704,"Astro Growshop",22990,"Pocket Bell -Bonglab - Negro","https://cdnx.jumpseller.com/astrogrowshop/image/74869412/imagen_2_25234.webp?1773937942",34418,"Fumetas",25990,"BongLab Bong X5 Pocket Bell 17cm - Negro","https://cdnx.jumpseller.com/fumetas-store/image/34545484/Bong_X5_Pocket_Bell-Black.webp?1781145032",1.13
0.67,Bongs,bonglab,bonglab,31734,"Astro Growshop",15990,"Tiny Bell -Bonglab - verde","https://cdnx.jumpseller.com/astrogrowshop/image/74868748/imagen_1_25385.webp?1773937550",34666,"Fumetas",16990,"BongLab Bong KM4 Tiny Bell 10cm - Verde","https://cdnx.jumpseller.com/fumetas-store/image/47499927/Bong-Tiny-Bell-KM4-Green-BongLab-11cm.jpg?1744667071",1.06
0.67,Bongs,bonglab,bonglab,31735,"Astro Growshop",15990,"Tiny Bell -Bonglab - Ámbar","https://cdnx.jumpseller.com/astrogrowshop/image/74868750/imagen_1_26221.webp?1773937551",34667,"Fumetas",16990,"BongLab Bong KM4 Tiny Bell 10cm - Ámbar","https://cdnx.jumpseller.com/fumetas-store/image/47499925/Bong-Tiny-Bell-KM4-Amber-BongLab-11cm.jpg?1744667071",1.06
0.67,Bongs,bonglab,bonglab,31737,"Astro Growshop",15990,"Tiny Bell -Bonglab - Morado","https://cdnx.jumpseller.com/astrogrowshop/image/74868764/imagen_1_27826.webp?1773937551",34669,"Fumetas",16990,"BongLab Bong KM4 Tiny Bell 10cm - Morado","https://cdnx.jumpseller.com/fumetas-store/image/62488172/Bong-Tiny-Bell-KM4-BongLab-Morado.jpg?1744667072",1.06
0.67,Bongs,bonglab,bonglab,31743,"Astro Growshop",79990,"Water Splash -Bonglab - Negro","https://cdnx.jumpseller.com/astrogrowshop/image/70239077/imagen_1_25984.webp?1764343427",34661,"Fumetas",69990,"BongLab Bong K598 Splash Water 50cm - Negro","https://cdnx.jumpseller.com/fumetas-store/image/34533162/Bong-BongLab-K598-Splash-Water-Black.webp?1682534580",1.14
0.67,Bongs,bonglab,bonglab,31744,"Astro Growshop",79990,"Water Splash -Bonglab - AMBAR","https://cdnx.jumpseller.com/astrogrowshop/image/74869090/imagen_1_25982.webp?1773937688",34663,"Fumetas",69990,"BongLab Bong K598 Splash Water 50cm - Ámbar","https://cdnx.jumpseller.com/fumetas-store/image/34533160/Bong-BongLab-K598-Splash-Water-Amber.webp?1682534580",1.14
0.67,Accesorios de extraccion,puffco,puffco,31772,"Astro Growshop",349990,"Vaporizador Proxy -Puffco - PROXY","https://cdnx.jumpseller.com/astrogrowshop/image/75999991/imagen_1_18381.webp?1776874747",34361,"Fumetas",349990,"Puffco Vaporizador Proxy - Negro","https://cdnx.jumpseller.com/fumetas-store/image/30109377/Vaporizador_Proxy-Puffco.webp?1750043870",1.00
0.67,Accesorios de extraccion,puffco,puffco,31852,"Astro Growshop",71990,"The Hot Knife -Puffco - ONYX","https://cdnx.jumpseller.com/astrogrowshop/image/75999099/imagen_1_16805.webp?1776874314",34374,"Fumetas",79990,"Puffco Hot Knife - Dabber eléctronico - Onyx","https://cdnx.jumpseller.com/fumetas-store/image/36236606/Puffco-Hot-Knife-Onyx.webp?1686262948",1.11
0.67,Accesorios de extraccion,puffco,puffco,31853,"Astro Growshop",71990,"The Hot Knife -Puffco - PEARL","https://cdnx.jumpseller.com/astrogrowshop/image/75999101/imagen_1_24389.webp?1776874314",34372,"Fumetas",79990,"Puffco Hot Knife - Dabber eléctronico - Pearl","https://cdnx.jumpseller.com/fumetas-store/image/36236608/Puffco-Hot-Knife-Pearl-2.webp?1686262948",1.11
0.67,Repuestos para bongs y vaporizadores,,bonglab,32717,"Astro Growshop",3990,"Quemador Hembra 14Mm - Verde azulado","https://cdnx.jumpseller.com/astrogrowshop/image/72534311/quemador_hembra_14mm_teal_frente.webp?1769787624",33969,"Fumetas",6990,"Bonglab Quemador - Hembra 14mm 2.0 - Verde","https://cdnx.jumpseller.com/fumetas-store/image/26643497/quemador-hembra-14mm-bonglab.jpg?1661575751",1.75
0.67,Repuestos para bongs y vaporizadores,,bonglab,32717,"Astro Growshop",3990,"Quemador Hembra 14Mm - Verde azulado","https://cdnx.jumpseller.com/astrogrowshop/image/72534311/quemador_hembra_14mm_teal_frente.webp?1769787624",34053,"Fumetas",4990,"Bonglab Quemador Hembra 14mm - Verde","https://cdnx.jumpseller.com/fumetas-store/image/21810207/BongLab-Quemador-Hembra-14mm-Green.jpg?1658339453",1.25
0.67,Otros parafernalia,ozeta,ozeta,32829,"Astro Growshop",44990,"Banano Con Clave-Ozeta - Amarillo","https://cdnx.jumpseller.com/astrogrowshop/image/70897859/imagen_3_26438.webp?1782330371",34158,"Fumetas",42990,"Ozeta Banano con clave - Anti-olor - Amarillo","https://cdnx.jumpseller.com/fumetas-store/image/34389422/Banano-con-Clave-Ozeta-Yellow.webp?1780273228",1.05
0.67,Otros parafernalia,ozeta,ozeta,32830,"Astro Growshop",36990,"Banano Con Clave-Ozeta - Negro","https://cdnx.jumpseller.com/astrogrowshop/image/78155292/48249ecb-3b45-4904-8e2b-ab2c61ea9847-Photoroom_20_281_29.webp?1782330371",34154,"Fumetas",42990,"Ozeta Banano con clave - Anti-olor - Negro","https://cdnx.jumpseller.com/fumetas-store/image/30380070/Ozeta-Banano-con-Clave-Black.webp?1780273228",1.16
0.67,Otros parafernalia,ozeta,ozeta,32832,"Astro Growshop",33990,"Banano Con Clave-Ozeta - Rojo","https://cdnx.jumpseller.com/astrogrowshop/image/72468452/imagen_1_22875.webp?1782330371",34156,"Fumetas",42990,"Ozeta Banano con clave - Anti-olor - Rojo","https://cdnx.jumpseller.com/fumetas-store/image/34389419/Banano-con-Clave-Ozeta-Rojo.webp?1780273228",1.26
0.67,Otros parafernalia,ozeta,ozeta,32833,"Astro Growshop",36990,"Banano Con Clave-Ozeta - Morado","https://cdnx.jumpseller.com/astrogrowshop/image/70897859/imagen_3_26438.webp?1782330371",34155,"Fumetas",42990,"Ozeta Banano con clave - Anti-olor - Morado","https://cdnx.jumpseller.com/fumetas-store/image/34389421/Ozeta-Banano-con-Clave-Purple.webp?1780273228",1.16
0.67,Bongs,bonglab,bonglab,32955,"Astro Growshop",65990,"Double Shot -Bonglab - verde","https://cdnx.jumpseller.com/astrogrowshop/image/70216077/imagen_1_27920.webp?1782150078",34652,"Fumetas",69990,"BongLab Bong K14 Double Shot 42cm - Verde","https://cdnx.jumpseller.com/fumetas-store/image/34418570/Bong-K14-Double-Shot-Green.webp?1682356705",1.06
0.67,Bongs,bonglab,bonglab,32956,"Astro Growshop",65990,"Double Shot -Bonglab - azul","https://cdnx.jumpseller.com/astrogrowshop/image/74869236/imagen_1_26722.webp?1782150078",34651,"Fumetas",69990,"BongLab Bong K14 Double Shot 42cm - Azul","https://cdnx.jumpseller.com/fumetas-store/image/34418573/Bong-K14-Double-Shot-Blue.webp?1682356705",1.06
0.67,Bongs,bonglab,bonglab,32958,"Astro Growshop",65990,"Double Shot -Bonglab - Negro","https://cdnx.jumpseller.com/astrogrowshop/image/78074387/5126eae6-462c-4309-93a4-e3858f4439a0-Photoroom.webp?1782150078",34650,"Fumetas",69990,"BongLab Bong K14 Double Shot 42cm - Negro","https://cdnx.jumpseller.com/fumetas-store/image/34418569/Bong-K14-Double-Shot-Black.webp?1682356705",1.06
0.67,Repuestos para bongs y vaporizadores,bonglab,bonglab,33002,"Astro Growshop",59990,"Heavy Bowl -Bonglab - azul","https://cdnx.jumpseller.com/astrogrowshop/image/74869425/imagen_1_27001.webp?1773937943",33890,"Fumetas",61990,"BongLab Bong K165 Heavy Bowl 50cm - Azul","https://cdnx.jumpseller.com/fumetas-store/image/20781315/k165-blue-50cm-2.jpg?1679585377",1.03
0.67,Repuestos para bongs y vaporizadores,bonglab,bonglab,33003,"Astro Growshop",59990,"Heavy Bowl -Bonglab - Negro","https://cdnx.jumpseller.com/astrogrowshop/image/74869421/imagen_1_27002.webp?1773937943",33892,"Fumetas",61990,"BongLab Bong K165 Heavy Bowl 50cm - Negro","https://cdnx.jumpseller.com/fumetas-store/image/20781326/bonglab-k165-heavy-bowl.jpg?1679585377",1.03
0.67,Accesorios de extraccion,calvo,calvo,33321,"Astro Growshop",9990,"Marble Set - Calvo Glass - Rosa","https://cdnx.jumpseller.com/astrogrowshop/image/75999565/imagen_1_24158.webp?1776874529",37342,"Fumetas",9990,"Calvo Glass Marble Set - Rosado","https://cdnx.jumpseller.com/fumetas-store/image/65278695/Marble-Set-Calvo-Rosado-2.jpg?1752200334",1.00
0.63,Contenedores y estuches,bonglab,bonglab,427,"Astro Growshop",29990,"Jar Rasta Tie Dye 12Oz-Bonglab Re: Stash","https://cdnx.jumpseller.com/astrogrowshop/image/70134522/imagen_1_25901.webp?1764087657",35289,"Fumetas",29990,"BongLab Contenedor Re:Stash 12oz - Rasta","https://cdnx.jumpseller.com/fumetas-store/image/31917727/Rasta_12oz.jpg?1716155977",1.00
0.63,Contenedores y estuches,bonglab,bonglab,2676,"Astro Growshop",25990,"Jar Blanco Gold Ink 8Oz-Bonglab Re: Stash","https://cdnx.jumpseller.com/astrogrowshop/image/70135492/imagen_1_25897.webp?1764089626",35305,"Fumetas",25990,"BongLab Contenedor Re:Stash 8oz - Blanco","https://cdnx.jumpseller.com/fumetas-store/image/12960976/bonglab-re-stash-jar-blanco-8oz.jpg?1716155263",1.00
0.63,Conos y blunts,blunt-wrap,blunt-wrap,11984,"Astro Growshop",990,"Platinium X2 Piña Colada 1U- Blunt Wrap","https://cdnx.jumpseller.com/astrogrowshop/image/70140888/imagen_1_26783.webp?1764094786",35265,"Fumetas",990,"Blunt Wrap Platinum x2 - Piña Colada","https://cdnx.jumpseller.com/fumetas-store/image/8170817/Blunt_Wrap.jpg?1651258663",1.00
0.63,Otros parafernalia,calvo,calvo,13627,"Fumetas",38990,"Calvo Glass Inline Tree Perc 34cm","https://cdnx.jumpseller.com/fumetas-store/image/23135803/ES81494_MT_04.jpg?1721859136",17974,"Astro Growshop",79990,"Inline Tree Perc Ambar Diseño-Calvo Glass","https://cdnx.jumpseller.com/astrogrowshop/image/70326690/imagen_1_27097.webp?1764687433",2.05
0.63,Accesorios de extraccion,hemper,hemper,16200,"Piranha",89271,"Hemper Puffco Space Fleet Peak Top | PIRANHA","https://piranha.cl/22762-thickbox_default/accesorio-hemper-puffco-space-fleet-peak-top.jpg",37830,"Fumetas",79990,"Hemper Space Fleet Puffco Peak Glass","https://cdnx.jumpseller.com/fumetas-store/image/78238979/Hemper-Space-Fleet-Puffco.jpg?1782498276",1.12
0.63,Moledores,galaxy,galaxy,31000,"Astro Growshop",34990,"Moledor New Pro Model Grinder V2.0-Galaxy - Oro rosa","https://cdnx.jumpseller.com/astrogrowshop/image/74868711/imagen_1_pink-silver-2.webp?1780281009",33700,"Fumetas",34990,"Moledor Galaxy Pro Model 63mm - Oro rosa","https://cdnx.jumpseller.com/fumetas-store/image/57723099/Moledor-Pro-Model-Galaxy-60mm-Oro-Rosa-4.jpg?1781631880",1.00
0.63,Repuestos para bongs y vaporizadores,bonglab,bonglab,31287,"Astro Growshop",4990,"Quemador Bowl Chico Hembra 14Mm - Bonglab - Verde azulado","https://cdnx.jumpseller.com/astrogrowshop/image/72537903/QUEMADOR-BOWL-CHICA-HEMBRA-18-teal.webp?1769788384",33969,"Fumetas",6990,"Bonglab Quemador - Hembra 14mm 2.0 - Verde","https://cdnx.jumpseller.com/fumetas-store/image/26643497/quemador-hembra-14mm-bonglab.jpg?1661575751",1.40
0.63,Repuestos para bongs y vaporizadores,bonglab,bonglab,31287,"Astro Growshop",4990,"Quemador Bowl Chico Hembra 14Mm - Bonglab - Verde azulado","https://cdnx.jumpseller.com/astrogrowshop/image/72537903/QUEMADOR-BOWL-CHICA-HEMBRA-18-teal.webp?1769788384",34053,"Fumetas",4990,"Bonglab Quemador Hembra 14mm - Verde","https://cdnx.jumpseller.com/fumetas-store/image/21810207/BongLab-Quemador-Hembra-14mm-Green.jpg?1658339453",1.00
0.63,Repuestos para bongs y vaporizadores,bonglab,bonglab,31289,"Astro Growshop",3990,"Quemador Macho Simple 10 Mm - Bonglab - azul","https://cdnx.jumpseller.com/astrogrowshop/image/72491817/quemador-macho-simple-azul10mm-fr.webp?1769701355",34978,"Fumetas",3990,"Bonglab Quemador Simple Macho 10mm - Azul","https://cdnx.jumpseller.com/fumetas-store/image/72685664/Quemador-simple-bonglab-macho-10mm-Azul.jpg?1770415507",1.00
0.63,Accesorios de extraccion,bonglab,bonglab,31319,"Astro Growshop",25990,"Nectar Collector Slim 15Cm - Bonglab - ORANGE-YELLOW","https://cdnx.jumpseller.com/astrogrowshop/image/72501894/33.webp?1769712799",34247,"Fumetas",25990,"BongLab Nectar Collector Slim 15cm - Rojo","https://cdnx.jumpseller.com/fumetas-store/image/72548437/BongLab-Nectar-Collector-Slim-Rojo-2.jpg?1769790437",1.00
0.63,Accesorios de extraccion,bonglab,bonglab,31319,"Astro Growshop",25990,"Nectar Collector Slim 15Cm - Bonglab - ORANGE-YELLOW","https://cdnx.jumpseller.com/astrogrowshop/image/72501894/33.webp?1769712799",34248,"Fumetas",25990,"BongLab Nectar Collector Slim 15cm - Naranjo","https://cdnx.jumpseller.com/fumetas-store/image/72548441/BongLab-Nectar-Collector-Slim-Naranjo-1.jpg?1769790437",1.00
0.63,Accesorios de extraccion,bonglab,bonglab,31320,"Astro Growshop",25990,"Nectar Collector Slim 15Cm - Bonglab - RED-BLUE","https://cdnx.jumpseller.com/astrogrowshop/image/72501932/28.webp?1769712799",34247,"Fumetas",25990,"BongLab Nectar Collector Slim 15cm - Rojo","https://cdnx.jumpseller.com/fumetas-store/image/72548437/BongLab-Nectar-Collector-Slim-Rojo-2.jpg?1769790437",1.00
0.63,Accesorios de extraccion,bonglab,bonglab,31320,"Astro Growshop",25990,"Nectar Collector Slim 15Cm - Bonglab - RED-BLUE","https://cdnx.jumpseller.com/astrogrowshop/image/72501932/28.webp?1769712799",34248,"Fumetas",25990,"BongLab Nectar Collector Slim 15cm - Naranjo","https://cdnx.jumpseller.com/fumetas-store/image/72548441/BongLab-Nectar-Collector-Slim-Naranjo-1.jpg?1769790437",1.00
0.63,Repuestos para bongs y vaporizadores,bonglab,bonglab,31337,"Astro Growshop",5990,"Quemador Perlas Macho 18 Mm -Bonglab - azul","https://cdnx.jumpseller.com/astrogrowshop/image/72477007/quemador-macho-simpleperla-azul.-frentejpg.webp?1769788277",33993,"Fumetas",4401,"Bonglab Quemador Perlas - Macho 18mm - Azul","https://cdnx.jumpseller.com/fumetas-store/image/76590303/Quemador-18mm-Azul-3.jpg?1778693525",1.36
0.63,Repuestos para bongs y vaporizadores,bonglab,bonglab,31341,"Astro Growshop",5990,"Quemador Perlas Macho 18 Mm -Bonglab - AMBAR","https://cdnx.jumpseller.com/astrogrowshop/image/72500846/quemador-macho-simpleperla-ambarl.webp?1769788277",33994,"Fumetas",4401,"Bonglab Quemador Perlas - Macho 18mm - Ámbar","https://cdnx.jumpseller.com/fumetas-store/image/76590306/Quemador-18mm-Ambar.jpg?1778693525",1.36
0.63,Repuestos para bongs y vaporizadores,bonglab,bonglab,31342,"Astro Growshop",5990,"Quemador Perlas Macho 18 Mm -Bonglab - Morado","https://cdnx.jumpseller.com/astrogrowshop/image/72477016/quemador-macho-simpleperla-moradol-frentejpg.webp?1769788277",33995,"Fumetas",4401,"Bonglab Quemador Perlas - Macho 18mm - Morado","https://cdnx.jumpseller.com/fumetas-store/image/76590309/Quemador-18mm-Morado-1.jpg?1778693525",1.36
0.63,Repuestos para bongs y vaporizadores,bonglab,bonglab,31415,"Astro Growshop",5990,"Quemador Perlas Macho 14Mm - Bonglab - Azul oscuro","https://cdnx.jumpseller.com/astrogrowshop/image/72477071/quemador-macho-simpleperla-azul-oscuro-vertcial-frentejpg.webp?1769788145",33859,"Fumetas",5990,"Bonglab Quemador con rejilla - Macho 14mm - Azul","https://cdnx.jumpseller.com/fumetas-store/image/21810465/BongLab-CRejilla-Blue.jpg?1715461503",1.00
0.63,Repuestos para bongs y vaporizadores,bonglab,bonglab,31415,"Astro Growshop",5990,"Quemador Perlas Macho 14Mm - Bonglab - Azul oscuro","https://cdnx.jumpseller.com/astrogrowshop/image/72477071/quemador-macho-simpleperla-azul-oscuro-vertcial-frentejpg.webp?1769788145",33971,"Fumetas",5990,"BongLab Quemador HoneyComb Macho 14mm - Azul","https://cdnx.jumpseller.com/fumetas-store/image/34403135/Quemador-HoneyComb-Macho-14mm-Blue.webp?1682303050",1.00
0.63,Repuestos para bongs y vaporizadores,bonglab,bonglab,31415,"Astro Growshop",5990,"Quemador Perlas Macho 14Mm - Bonglab - Azul oscuro","https://cdnx.jumpseller.com/astrogrowshop/image/72477071/quemador-macho-simpleperla-azul-oscuro-vertcial-frentejpg.webp?1769788145",33986,"Fumetas",5391,"Bonglab Quemador Perlas - Macho 14mm - Negro","https://cdnx.jumpseller.com/fumetas-store/image/73439742/Bonglab-Quemador-Perlas-Macho-14mm-Negro.jpg?1771351457",1.11
0.63,Repuestos para bongs y vaporizadores,bonglab,bonglab,31415,"Astro Growshop",5990,"Quemador Perlas Macho 14Mm - Bonglab - Azul oscuro","https://cdnx.jumpseller.com/astrogrowshop/image/72477071/quemador-macho-simpleperla-azul-oscuro-vertcial-frentejpg.webp?1769788145",33990,"Fumetas",5391,"Bonglab Quemador Perlas - Macho 14mm - Rosado","https://cdnx.jumpseller.com/fumetas-store/image/73439750/Bonglab-Quemador-Perlas-Macho-14mm-Rosado.jpg?1771351457",1.11
0.63,Repuestos para bongs y vaporizadores,bonglab,bonglab,31415,"Astro Growshop",5990,"Quemador Perlas Macho 14Mm - Bonglab - Azul oscuro","https://cdnx.jumpseller.com/astrogrowshop/image/72477071/quemador-macho-simpleperla-azul-oscuro-vertcial-frentejpg.webp?1769788145",33991,"Fumetas",5391,"Bonglab Quemador Perlas - Macho 14mm - Turquesa","https://cdnx.jumpseller.com/fumetas-store/image/73439752/Bonglab-Quemador-Perlas-Macho-14mm-turquesa.jpg?1771351457",1.11
0.63,Repuestos para bongs y vaporizadores,bonglab,bonglab,31415,"Astro Growshop",5990,"Quemador Perlas Macho 14Mm - Bonglab - Azul oscuro","https://cdnx.jumpseller.com/astrogrowshop/image/72477071/quemador-macho-simpleperla-azul-oscuro-vertcial-frentejpg.webp?1769788145",33993,"Fumetas",4401,"Bonglab Quemador Perlas - Macho 18mm - Azul","https://cdnx.jumpseller.com/fumetas-store/image/76590303/Quemador-18mm-Azul-3.jpg?1778693525",1.36
0.63,Repuestos para bongs y vaporizadores,bonglab,bonglab,31420,"Astro Growshop",5990,"Quemador Perlas Macho 14Mm - Bonglab - Verde azulado","https://cdnx.jumpseller.com/astrogrowshop/image/72477078/quemador-macho-simpleperla-verde-frentejpg.webp?1769788145",33856,"Fumetas",5990,"Bonglab Quemador con rejilla - Macho 14mm - Verde","https://cdnx.jumpseller.com/fumetas-store/image/48721786/Quemador-con-rejilla-Green-Macho-14mm.webp?1715461503",1.00
0.63,Repuestos para bongs y vaporizadores,bonglab,bonglab,31420,"Astro Growshop",5990,"Quemador Perlas Macho 14Mm - Bonglab - Verde azulado","https://cdnx.jumpseller.com/astrogrowshop/image/72477078/quemador-macho-simpleperla-verde-frentejpg.webp?1769788145",33972,"Fumetas",5990,"BongLab Quemador HoneyComb Macho 14mm - Verde","https://cdnx.jumpseller.com/fumetas-store/image/34403134/Quemador-HoneyComb-Macho-14mm-Green.webp?1682303050",1.00
0.63,Repuestos para bongs y vaporizadores,bonglab,bonglab,31420,"Astro Growshop",5990,"Quemador Perlas Macho 14Mm - Bonglab - Verde azulado","https://cdnx.jumpseller.com/astrogrowshop/image/72477078/quemador-macho-simpleperla-verde-frentejpg.webp?1769788145",33986,"Fumetas",5391,"Bonglab Quemador Perlas - Macho 14mm - Negro","https://cdnx.jumpseller.com/fumetas-store/image/73439742/Bonglab-Quemador-Perlas-Macho-14mm-Negro.jpg?1771351457",1.11
0.63,Repuestos para bongs y vaporizadores,bonglab,bonglab,31420,"Astro Growshop",5990,"Quemador Perlas Macho 14Mm - Bonglab - Verde azulado","https://cdnx.jumpseller.com/astrogrowshop/image/72477078/quemador-macho-simpleperla-verde-frentejpg.webp?1769788145",33990,"Fumetas",5391,"Bonglab Quemador Perlas - Macho 14mm - Rosado","https://cdnx.jumpseller.com/fumetas-store/image/73439750/Bonglab-Quemador-Perlas-Macho-14mm-Rosado.jpg?1771351457",1.11
0.63,Repuestos para bongs y vaporizadores,bonglab,bonglab,31420,"Astro Growshop",5990,"Quemador Perlas Macho 14Mm - Bonglab - Verde azulado","https://cdnx.jumpseller.com/astrogrowshop/image/72477078/quemador-macho-simpleperla-verde-frentejpg.webp?1769788145",33991,"Fumetas",5391,"Bonglab Quemador Perlas - Macho 14mm - Turquesa","https://cdnx.jumpseller.com/fumetas-store/image/73439752/Bonglab-Quemador-Perlas-Macho-14mm-turquesa.jpg?1771351457",1.11
0.63,Repuestos para bongs y vaporizadores,bonglab,bonglab,31422,"Astro Growshop",5990,"Quemador Perlas Macho 14Mm - Bonglab - SMOKEY GRAY","https://cdnx.jumpseller.com/astrogrowshop/image/72545783/Sin-t_C3_ADtulo-1.png?1769788146",33986,"Fumetas",5391,"Bonglab Quemador Perlas - Macho 14mm - Negro","https://cdnx.jumpseller.com/fumetas-store/image/73439742/Bonglab-Quemador-Perlas-Macho-14mm-Negro.jpg?1771351457",1.11
0.63,Repuestos para bongs y vaporizadores,bonglab,bonglab,31422,"Astro Growshop",5990,"Quemador Perlas Macho 14Mm - Bonglab - SMOKEY GRAY","https://cdnx.jumpseller.com/astrogrowshop/image/72545783/Sin-t_C3_ADtulo-1.png?1769788146",33990,"Fumetas",5391,"Bonglab Quemador Perlas - Macho 14mm - Rosado","https://cdnx.jumpseller.com/fumetas-store/image/73439750/Bonglab-Quemador-Perlas-Macho-14mm-Rosado.jpg?1771351457",1.11
0.63,Repuestos para bongs y vaporizadores,bonglab,bonglab,31422,"Astro Growshop",5990,"Quemador Perlas Macho 14Mm - Bonglab - SMOKEY GRAY","https://cdnx.jumpseller.com/astrogrowshop/image/72545783/Sin-t_C3_ADtulo-1.png?1769788146",33991,"Fumetas",5391,"Bonglab Quemador Perlas - Macho 14mm - Turquesa","https://cdnx.jumpseller.com/fumetas-store/image/73439752/Bonglab-Quemador-Perlas-Macho-14mm-turquesa.jpg?1771351457",1.11
0.63,Contenedores y estuches,ozeta,ozeta,31528,"Astro Growshop",49990,"Bolso Muslera Xl Con Clave -Ozeta - Negro","https://cdnx.jumpseller.com/astrogrowshop/image/70924772/imagen_1_16902.webp?1782331290",34303,"Fumetas",49990,"Ozeta Muslera Xl Con Clave - Anti Olor - Negro","https://cdnx.jumpseller.com/fumetas-store/image/36886248/ozeta-bolso-muslera-antiolor-XL-black-04.webp?1774969103",1.00
0.63,Contenedores y estuches,ozeta,ozeta,31529,"Astro Growshop",41990,"Bolso Muslera Xl Con Clave -Ozeta - SAND","https://cdnx.jumpseller.com/astrogrowshop/image/78164231/muslera-xl-sand-nuevo-01-600x600-Photoroom_20_281_29.webp?1782331290",34304,"Fumetas",49990,"Ozeta Muslera Xl Con Clave - Anti Olor - Sand","https://cdnx.jumpseller.com/fumetas-store/image/36886243/ozeta-bolso-muslera-antiolor-XL-sand-01.webp?1774969103",1.19
0.63,Repuestos para bongs y vaporizadores,,calvo,31539,"Astro Growshop",3990,"Quemador Macho 18Mm - Azul oscuro","https://cdnx.jumpseller.com/astrogrowshop/image/72476809/AZUL-3.webp?1769703980",34779,"Fumetas",6890,"Calvo Glass Quemador Perlas - Macho 18mm - Azul Oscuro","https://cdnx.jumpseller.com/fumetas-store/image/33022392/QPCG-B.jpg?1761926756",1.73
0.63,Repuestos para bongs y vaporizadores,bonglab,bonglab,32075,"Astro Growshop",4990,"Quemador Rejilla Pyrex 14Mm Cono-Bonglab - verde","https://cdnx.jumpseller.com/astrogrowshop/image/70238239/imagen_2_27124.webp?1764342361",33856,"Fumetas",5990,"Bonglab Quemador con rejilla - Macho 14mm - Verde","https://cdnx.jumpseller.com/fumetas-store/image/48721786/Quemador-con-rejilla-Green-Macho-14mm.webp?1715461503",1.20
0.63,Repuestos para bongs y vaporizadores,bonglab,bonglab,32076,"Astro Growshop",4990,"Quemador Rejilla Pyrex 14Mm Cono-Bonglab - Ámbar","https://cdnx.jumpseller.com/astrogrowshop/image/74869014/imagen_1_27119.webp?1773937653",33858,"Fumetas",5990,"Bonglab Quemador con rejilla - Macho 14mm - Ámbar","https://cdnx.jumpseller.com/fumetas-store/image/46072584/Quemador-con-rejilla-Amber-Macho-14mm.webp?1715461503",1.20
0.63,Vaporizadores electronicos,airis,airis,32098,"Astro Growshop",25990,"Vaporizador Airis Neo P8000 Strawberry Banana-Airistech","https://cdnx.jumpseller.com/astrogrowshop/image/70927186/imagen_1_22069.webp?1766500194",38731,"Piranha",11954,"Vaper Airis Neo P8000 - Strawberry Banana | PIRANHA","https://piranha.cl/16668-thickbox_default/vaper-airis-vape-neo-p8000-strawberry-banana.jpg",2.17
0.63,Contenedores y estuches,ozeta,ozeta,32116,"Astro Growshop",36990,"Bolso Chestbag 4X4 Con Clave-Ozeta - Morado","https://cdnx.jumpseller.com/astrogrowshop/image/70897872/imagen_3_28455.webp?1782331551",33912,"Fumetas",42990,"Ozeta Chestbag 4x4 con clave - Anti-olor - Morado","https://cdnx.jumpseller.com/fumetas-store/image/30330096/Ozeta-4x4-Purple.webp?1780273605",1.16
0.63,Contenedores y estuches,ozeta,ozeta,32119,"Astro Growshop",42990,"Bolso Chestbag 4X4 Con Clave-Ozeta - Negro","https://cdnx.jumpseller.com/astrogrowshop/image/78164407/f5359f7e-6404-45f7-b661-00d595bd3f43-Photoroom_20_281_29.webp?1782331551",33910,"Fumetas",42990,"Ozeta Chestbag 4x4 con clave - Anti-olor - Negro","https://cdnx.jumpseller.com/fumetas-store/image/30330092/Ozeta-4x4-Black.webp?1780273605",1.00
0.63,Repuestos para bongs y vaporizadores,bonglab,bonglab,32195,"Astro Growshop",6990,"Difusor Logo Magenta 14Mm -Bonglab (14Cm/12Cm) - 14CM","https://cdnx.jumpseller.com/astrogrowshop/image/70215944/imagen_1_22272.webp?1764270834",34006,"Fumetas",3790,"Difusor Bonglab 18mm-14mm - 14cm - Magenta","https://cdnx.jumpseller.com/fumetas-store/image/65050803/Difusor-Logo-Magenta-18mm-14mm-14cm.jpg?1751396801",1.84
0.63,Repuestos para bongs y vaporizadores,bonglab,bonglab,32196,"Astro Growshop",3990,"Difusor Logo Magenta 14Mm -Bonglab (14Cm/12Cm) - 12CM","https://cdnx.jumpseller.com/astrogrowshop/image/72467903/imagen_1_24142.webp?1769629253",34006,"Fumetas",3790,"Difusor Bonglab 18mm-14mm - 14cm - Magenta","https://cdnx.jumpseller.com/fumetas-store/image/65050803/Difusor-Logo-Magenta-18mm-14mm-14cm.jpg?1751396801",1.05
0.63,Repuestos para bongs y vaporizadores,bonglab,bonglab,32197,"Astro Growshop",3790,"Difusor Logo Negro 14Mm -Bonglab (14Cm/12Cm) - 14CM","https://cdnx.jumpseller.com/astrogrowshop/image/70215961/imagen_1_22273.webp?1764270863",34003,"Fumetas",3590,"Difusor Bonglab 18mm-14mm - 12cm - Negro","https://cdnx.jumpseller.com/fumetas-store/image/57989664/Difusor-bong-logo-negro-BongLab-12-cm.jpg?1751308402",1.06
0.63,Repuestos para bongs y vaporizadores,bonglab,bonglab,32197,"Astro Growshop",3790,"Difusor Logo Negro 14Mm -Bonglab (14Cm/12Cm) - 14CM","https://cdnx.jumpseller.com/astrogrowshop/image/70215961/imagen_1_22273.webp?1764270863",34005,"Fumetas",3790,"Difusor Bonglab 18mm-14mm - 14cm - Negro","https://cdnx.jumpseller.com/fumetas-store/image/65050802/Difusor-Logo-Negro-18mm-14mm-14cm.jpg?1751396801",1.00
0.63,Repuestos para bongs y vaporizadores,bonglab,bonglab,32198,"Astro Growshop",3990,"Difusor Logo Negro 14Mm -Bonglab (14Cm/12Cm) - 12CM","https://cdnx.jumpseller.com/astrogrowshop/image/74869156/imagen_1_24141.webp?1773937743",34003,"Fumetas",3590,"Difusor Bonglab 18mm-14mm - 12cm - Negro","https://cdnx.jumpseller.com/fumetas-store/image/57989664/Difusor-bong-logo-negro-BongLab-12-cm.jpg?1751308402",1.11
0.63,Repuestos para bongs y vaporizadores,bonglab,bonglab,32198,"Astro Growshop",3990,"Difusor Logo Negro 14Mm -Bonglab (14Cm/12Cm) - 12CM","https://cdnx.jumpseller.com/astrogrowshop/image/74869156/imagen_1_24141.webp?1773937743",34005,"Fumetas",3790,"Difusor Bonglab 18mm-14mm - 14cm - Negro","https://cdnx.jumpseller.com/fumetas-store/image/65050802/Difusor-Logo-Negro-18mm-14mm-14cm.jpg?1751396801",1.05
0.63,Vaporizadores electronicos,,,32619,"Astro Growshop",24990,"Vaporizador Liso 28000-Oxbar - BLUE RAZZ ICE","https://cdnx.jumpseller.com/astrogrowshop/image/75998873/imagen_1_25579.webp?1776874233",38789,"Piranha",18973,"Vaporizador Oxbar Liso P28000 Blue Razz Ice 5% | PIRANHA","https://piranha.cl/22239-thickbox_default/vaporizador-oxbar-liso-p28000-blue-razz-ice-5.jpg",1.32
0.63,Vaporizadores electronicos,,,32632,"Astro Growshop",8990,"Vaporizador Mini 2200 -Oxbar - SANDIA DURAZNO","https://cdnx.jumpseller.com/astrogrowshop/image/75999836/imagen_1_25284.webp?1776874647",37219,"Fumetas",8990,"Oxbar Mini Vaporizadores desechable 2200 Puffs - Sandía Durazno Ice","https://cdnx.jumpseller.com/fumetas-store/image/72190706/Oxbar-Mini-Sandia-Durazno-Ice.jpg?1778684420",1.00
0.63,Vaporizadores electronicos,,,32633,"Astro Growshop",8990,"Vaporizador Mini 2200 -Oxbar - SANDIA ICE","https://cdnx.jumpseller.com/astrogrowshop/image/75999839/imagen_2_27571.webp?1776874647",37219,"Fumetas",8990,"Oxbar Mini Vaporizadores desechable 2200 Puffs - Sandía Durazno Ice","https://cdnx.jumpseller.com/fumetas-store/image/72190706/Oxbar-Mini-Sandia-Durazno-Ice.jpg?1778684420",1.00
0.60,Pipas,top-smoke,top-smoke,490,"Piranha",8990,"Pipa Pyrex Top Smoke | PIRANHA","https://piranha.cl/23314-thickbox_default/pipa-top-smoke-premium-pyrex-35-9cm-aprox-diseno-aleatorio.jpg",2698,"Astro Growshop",17990,"Pipa Pyrex Cyclone 9- Top Smoke","https://cdnx.jumpseller.com/astrogrowshop/image/70601796/imagen_1_29350.webp?1765550949",2.00
0.60,Pipas,top-smoke,top-smoke,490,"Piranha",8990,"Pipa Pyrex Top Smoke | PIRANHA","https://piranha.cl/23314-thickbox_default/pipa-top-smoke-premium-pyrex-35-9cm-aprox-diseno-aleatorio.jpg",2726,"Astro Growshop",17990,"Pipa Pyrex Inferno 5- Top Smoke","https://cdnx.jumpseller.com/astrogrowshop/image/70607109/imagen_1_29338.webp?1765561508",2.00
0.60,Pipas,top-smoke,top-smoke,490,"Piranha",8990,"Pipa Pyrex Top Smoke | PIRANHA","https://piranha.cl/23314-thickbox_default/pipa-top-smoke-premium-pyrex-35-9cm-aprox-diseno-aleatorio.jpg",2730,"Astro Growshop",14990,"Pipa Pyrex Krypton 6- Top Smoke","https://cdnx.jumpseller.com/astrogrowshop/image/70607187/imagen_2_29342.webp?1765561654",1.67
0.60,Pipas,top-smoke,top-smoke,490,"Piranha",8990,"Pipa Pyrex Top Smoke | PIRANHA","https://piranha.cl/23314-thickbox_default/pipa-top-smoke-premium-pyrex-35-9cm-aprox-diseno-aleatorio.jpg",2737,"Astro Growshop",14990,"Pipa Pyrex Nitro 1- Top Smoke","https://cdnx.jumpseller.com/astrogrowshop/image/70607526/imagen_2_29327.webp?1765562571",1.67
0.60,Pipas,top-smoke,top-smoke,490,"Piranha",8990,"Pipa Pyrex Top Smoke | PIRANHA","https://piranha.cl/23314-thickbox_default/pipa-top-smoke-premium-pyrex-35-9cm-aprox-diseno-aleatorio.jpg",2743,"Astro Growshop",9990,"Pipa Pyrex Nova 7- Top Smoke","https://cdnx.jumpseller.com/astrogrowshop/image/70607601/imagen_3_29346.webp?1765562806",1.11
0.60,Pipas,top-smoke,top-smoke,490,"Piranha",8990,"Pipa Pyrex Top Smoke | PIRANHA","https://piranha.cl/23314-thickbox_default/pipa-top-smoke-premium-pyrex-35-9cm-aprox-diseno-aleatorio.jpg",2755,"Astro Growshop",17990,"Pipa Pyrex Phantom 4- Top Smoke","https://cdnx.jumpseller.com/astrogrowshop/image/70607851/imagen_1_29335.webp?1765563447",2.00
0.60,Pipas,top-smoke,top-smoke,490,"Piranha",8990,"Pipa Pyrex Top Smoke | PIRANHA","https://piranha.cl/23314-thickbox_default/pipa-top-smoke-premium-pyrex-35-9cm-aprox-diseno-aleatorio.jpg",12123,"Astro Growshop",9990,"Pipa Pyrex Toxic 8- Top Smoke","https://cdnx.jumpseller.com/astrogrowshop/image/70608797/imagen_2_29348.webp?1765565577",1.11
0.60,Pipas,top-smoke,top-smoke,490,"Piranha",8990,"Pipa Pyrex Top Smoke | PIRANHA","https://piranha.cl/23314-thickbox_default/pipa-top-smoke-premium-pyrex-35-9cm-aprox-diseno-aleatorio.jpg",12133,"Astro Growshop",8990,"Pipa Pyrex Venom 2- Top Smoke","https://cdnx.jumpseller.com/astrogrowshop/image/70608861/imagen_1_29329.webp?1765565673",1.00
0.60,Pipas,top-smoke,top-smoke,490,"Piranha",8990,"Pipa Pyrex Top Smoke | PIRANHA","https://piranha.cl/23314-thickbox_default/pipa-top-smoke-premium-pyrex-35-9cm-aprox-diseno-aleatorio.jpg",12139,"Astro Growshop",14990,"Pipa Pyrex Vortex 3- Top Smoke","https://cdnx.jumpseller.com/astrogrowshop/image/70608950/imagen_1_29332.webp?1765565889",1.67
0.60,Accesorios de extraccion,puffco,puffco,678,"Piranha",258993,"Vaporizador Puffco New Peak | PIRANHA","https://piranha.cl/23752-thickbox_default/vaporizador-puffco-new-peak-color-a-eleccion.jpg",17216,"Astro Growshop",314990,"New Peak Bliss - Puffco","https://cdnx.jumpseller.com/astrogrowshop/image/70946218/imagen_1_27992.webp?1775593130",1.22
0.60,Accesorios de extraccion,puffco,puffco,678,"Piranha",258993,"Vaporizador Puffco New Peak | PIRANHA","https://piranha.cl/23752-thickbox_default/vaporizador-puffco-new-peak-color-a-eleccion.jpg",17217,"Astro Growshop",258990,"New Peak Cloud -Puffco","https://cdnx.jumpseller.com/astrogrowshop/image/70946243/imagen_1_23379.webp?1766522480",1.00
0.60,Accesorios de extraccion,puffco,puffco,678,"Piranha",258993,"Vaporizador Puffco New Peak | PIRANHA","https://piranha.cl/23752-thickbox_default/vaporizador-puffco-new-peak-color-a-eleccion.jpg",17219,"Astro Growshop",258990,"New Peak Sky - Puffco","https://cdnx.jumpseller.com/astrogrowshop/image/71343609/imagen_2_23385.webp?1767364675",1.00
0.60,Pipas,top-smoke,top-smoke,1353,"Piranha",6990,"Pipa Pyrex Top Smoke | PIRANHA","https://piranha.cl/23298-thickbox_default/pipa-top-smoke-premium-pyrex-3-8cm-aprox-diseno-aleatorio.jpg",2698,"Astro Growshop",17990,"Pipa Pyrex Cyclone 9- Top Smoke","https://cdnx.jumpseller.com/astrogrowshop/image/70601796/imagen_1_29350.webp?1765550949",2.57
0.60,Pipas,top-smoke,top-smoke,1353,"Piranha",6990,"Pipa Pyrex Top Smoke | PIRANHA","https://piranha.cl/23298-thickbox_default/pipa-top-smoke-premium-pyrex-3-8cm-aprox-diseno-aleatorio.jpg",2726,"Astro Growshop",17990,"Pipa Pyrex Inferno 5- Top Smoke","https://cdnx.jumpseller.com/astrogrowshop/image/70607109/imagen_1_29338.webp?1765561508",2.57
0.60,Pipas,top-smoke,top-smoke,1353,"Piranha",6990,"Pipa Pyrex Top Smoke | PIRANHA","https://piranha.cl/23298-thickbox_default/pipa-top-smoke-premium-pyrex-3-8cm-aprox-diseno-aleatorio.jpg",2730,"Astro Growshop",14990,"Pipa Pyrex Krypton 6- Top Smoke","https://cdnx.jumpseller.com/astrogrowshop/image/70607187/imagen_2_29342.webp?1765561654",2.14
0.60,Pipas,top-smoke,top-smoke,1353,"Piranha",6990,"Pipa Pyrex Top Smoke | PIRANHA","https://piranha.cl/23298-thickbox_default/pipa-top-smoke-premium-pyrex-3-8cm-aprox-diseno-aleatorio.jpg",2737,"Astro Growshop",14990,"Pipa Pyrex Nitro 1- Top Smoke","https://cdnx.jumpseller.com/astrogrowshop/image/70607526/imagen_2_29327.webp?1765562571",2.14
0.60,Pipas,top-smoke,top-smoke,1353,"Piranha",6990,"Pipa Pyrex Top Smoke | PIRANHA","https://piranha.cl/23298-thickbox_default/pipa-top-smoke-premium-pyrex-3-8cm-aprox-diseno-aleatorio.jpg",2743,"Astro Growshop",9990,"Pipa Pyrex Nova 7- Top Smoke","https://cdnx.jumpseller.com/astrogrowshop/image/70607601/imagen_3_29346.webp?1765562806",1.43
0.60,Pipas,top-smoke,top-smoke,1353,"Piranha",6990,"Pipa Pyrex Top Smoke | PIRANHA","https://piranha.cl/23298-thickbox_default/pipa-top-smoke-premium-pyrex-3-8cm-aprox-diseno-aleatorio.jpg",2755,"Astro Growshop",17990,"Pipa Pyrex Phantom 4- Top Smoke","https://cdnx.jumpseller.com/astrogrowshop/image/70607851/imagen_1_29335.webp?1765563447",2.57
0.60,Pipas,top-smoke,top-smoke,1353,"Piranha",6990,"Pipa Pyrex Top Smoke | PIRANHA","https://piranha.cl/23298-thickbox_default/pipa-top-smoke-premium-pyrex-3-8cm-aprox-diseno-aleatorio.jpg",12123,"Astro Growshop",9990,"Pipa Pyrex Toxic 8- Top Smoke","https://cdnx.jumpseller.com/astrogrowshop/image/70608797/imagen_2_29348.webp?1765565577",1.43
0.60,Pipas,top-smoke,top-smoke,1353,"Piranha",6990,"Pipa Pyrex Top Smoke | PIRANHA","https://piranha.cl/23298-thickbox_default/pipa-top-smoke-premium-pyrex-3-8cm-aprox-diseno-aleatorio.jpg",12133,"Astro Growshop",8990,"Pipa Pyrex Venom 2- Top Smoke","https://cdnx.jumpseller.com/astrogrowshop/image/70608861/imagen_1_29329.webp?1765565673",1.29
0.60,Pipas,top-smoke,top-smoke,1353,"Piranha",6990,"Pipa Pyrex Top Smoke | PIRANHA","https://piranha.cl/23298-thickbox_default/pipa-top-smoke-premium-pyrex-3-8cm-aprox-diseno-aleatorio.jpg",12139,"Astro Growshop",14990,"Pipa Pyrex Vortex 3- Top Smoke","https://cdnx.jumpseller.com/astrogrowshop/image/70608950/imagen_1_29332.webp?1765565889",2.14
0.60,Repuestos para bongs y vaporizadores,,,2034,"Fumetas",4990,"Quemador Bowl Macho 14mm","https://cdnx.jumpseller.com/fumetas-store/image/52507951/Quemador-Macho-14mm-Bong.jpg?1725393322",12450,"Astro Growshop",3990,"Quemador Bong Cuerno Macho 14Mm","https://cdnx.jumpseller.com/astrogrowshop/image/70132757/imagen_1_28250.webp?1764084659",1.25
0.60,Repuestos para bongs y vaporizadores,,,2034,"Fumetas",4990,"Quemador Bowl Macho 14mm","https://cdnx.jumpseller.com/fumetas-store/image/52507951/Quemador-Macho-14mm-Bong.jpg?1725393322",31516,"Astro Growshop",3990,"Quemador Macho 14Mm - Negro","https://cdnx.jumpseller.com/astrogrowshop/image/72498559/QUEMADOR_MACHO_UPPER_SOLID_BLACK.webp?1774890330",1.25
0.60,Repuestos para bongs y vaporizadores,,,2034,"Fumetas",4990,"Quemador Bowl Macho 14mm","https://cdnx.jumpseller.com/fumetas-store/image/52507951/Quemador-Macho-14mm-Bong.jpg?1725393322",31517,"Astro Growshop",3990,"Quemador Macho 14Mm - azul","https://cdnx.jumpseller.com/astrogrowshop/image/72476853/AZUL-CLARO-3.webp?1774890330",1.25
0.60,Repuestos para bongs y vaporizadores,,,2034,"Fumetas",4990,"Quemador Bowl Macho 14mm","https://cdnx.jumpseller.com/fumetas-store/image/52507951/Quemador-Macho-14mm-Bong.jpg?1725393322",31518,"Astro Growshop",3990,"Quemador Macho 14Mm - verde","https://cdnx.jumpseller.com/astrogrowshop/image/72476871/VERDE-3.webp?1774890330",1.25
0.60,Repuestos para bongs y vaporizadores,,,2034,"Fumetas",4990,"Quemador Bowl Macho 14mm","https://cdnx.jumpseller.com/fumetas-store/image/52507951/Quemador-Macho-14mm-Bong.jpg?1725393322",31520,"Astro Growshop",3990,"Quemador Macho 14Mm - GOLDEN","https://cdnx.jumpseller.com/astrogrowshop/image/72476872/YELLOW-3.webp?1774890330",1.25
0.60,Repuestos para bongs y vaporizadores,,,2034,"Fumetas",4990,"Quemador Bowl Macho 14mm","https://cdnx.jumpseller.com/fumetas-store/image/52507951/Quemador-Macho-14mm-Bong.jpg?1725393322",31521,"Astro Growshop",3990,"Quemador Macho 14Mm - AMBAR","https://cdnx.jumpseller.com/astrogrowshop/image/72476849/AMBAR-3.webp?1774890330",1.25
0.60,Repuestos para bongs y vaporizadores,,,2034,"Fumetas",4990,"Quemador Bowl Macho 14mm","https://cdnx.jumpseller.com/fumetas-store/image/52507951/Quemador-Macho-14mm-Bong.jpg?1725393322",31522,"Astro Growshop",3990,"Quemador Macho 14Mm - Morado","https://cdnx.jumpseller.com/astrogrowshop/image/72476864/PURPLE-3.webp?1774890330",1.25
0.60,Repuestos para bongs y vaporizadores,,,2034,"Fumetas",4990,"Quemador Bowl Macho 14mm","https://cdnx.jumpseller.com/fumetas-store/image/52507951/Quemador-Macho-14mm-Bong.jpg?1725393322",31523,"Astro Growshop",3990,"Quemador Macho 14Mm - Rosa","https://cdnx.jumpseller.com/astrogrowshop/image/72476859/PINK-3.webp?1774890330",1.25
0.60,Repuestos para bongs y vaporizadores,,,2034,"Fumetas",4990,"Quemador Bowl Macho 14mm","https://cdnx.jumpseller.com/fumetas-store/image/52507951/Quemador-Macho-14mm-Bong.jpg?1725393322",31525,"Astro Growshop",3990,"Quemador Macho 14Mm - CLEAR","https://cdnx.jumpseller.com/astrogrowshop/image/72476855/CLEAR-3.webp?1774890330",1.25
0.60,Pipas,top-smoke,top-smoke,2698,"Astro Growshop",17990,"Pipa Pyrex Cyclone 9- Top Smoke","https://cdnx.jumpseller.com/astrogrowshop/image/70601796/imagen_1_29350.webp?1765550949",15553,"Piranha",14990,"Pipa Pyrex Top Smoke | PIRANHA","https://piranha.cl/23355-thickbox_default/pipa-top-smoke-premium-pyrex-5-12cm-aprox-diseno-aleatorio.jpg",1.20
0.60,Pipas,top-smoke,top-smoke,2726,"Astro Growshop",17990,"Pipa Pyrex Inferno 5- Top Smoke","https://cdnx.jumpseller.com/astrogrowshop/image/70607109/imagen_1_29338.webp?1765561508",15553,"Piranha",14990,"Pipa Pyrex Top Smoke | PIRANHA","https://piranha.cl/23355-thickbox_default/pipa-top-smoke-premium-pyrex-5-12cm-aprox-diseno-aleatorio.jpg",1.20
0.60,Pipas,top-smoke,top-smoke,2730,"Astro Growshop",14990,"Pipa Pyrex Krypton 6- Top Smoke","https://cdnx.jumpseller.com/astrogrowshop/image/70607187/imagen_2_29342.webp?1765561654",15553,"Piranha",14990,"Pipa Pyrex Top Smoke | PIRANHA","https://piranha.cl/23355-thickbox_default/pipa-top-smoke-premium-pyrex-5-12cm-aprox-diseno-aleatorio.jpg",1.00
0.60,Pipas,top-smoke,top-smoke,2737,"Astro Growshop",14990,"Pipa Pyrex Nitro 1- Top Smoke","https://cdnx.jumpseller.com/astrogrowshop/image/70607526/imagen_2_29327.webp?1765562571",15553,"Piranha",14990,"Pipa Pyrex Top Smoke | PIRANHA","https://piranha.cl/23355-thickbox_default/pipa-top-smoke-premium-pyrex-5-12cm-aprox-diseno-aleatorio.jpg",1.00
0.60,Pipas,top-smoke,top-smoke,2743,"Astro Growshop",9990,"Pipa Pyrex Nova 7- Top Smoke","https://cdnx.jumpseller.com/astrogrowshop/image/70607601/imagen_3_29346.webp?1765562806",15553,"Piranha",14990,"Pipa Pyrex Top Smoke | PIRANHA","https://piranha.cl/23355-thickbox_default/pipa-top-smoke-premium-pyrex-5-12cm-aprox-diseno-aleatorio.jpg",1.50
0.60,Pipas,top-smoke,top-smoke,2755,"Astro Growshop",17990,"Pipa Pyrex Phantom 4- Top Smoke","https://cdnx.jumpseller.com/astrogrowshop/image/70607851/imagen_1_29335.webp?1765563447",15553,"Piranha",14990,"Pipa Pyrex Top Smoke | PIRANHA","https://piranha.cl/23355-thickbox_default/pipa-top-smoke-premium-pyrex-5-12cm-aprox-diseno-aleatorio.jpg",1.20
0.60,Moledores,the-bulldog,the-bulldog,5623,"Piranha",3990,"Moledor Plástico Bulldog 6cm 2 Partes","https://piranha.cl/7422-thickbox_default/moledor-plastico-bulldog.jpg",29040,"Astro Growshop",2490,"Moledor Plastico 3 Partes - Bulldog - Rosa","https://cdnx.jumpseller.com/astrogrowshop/image/70178604/imagen_1_25920.webp?1764186968",1.60
0.60,Moledores,the-bulldog,the-bulldog,5623,"Piranha",3990,"Moledor Plástico Bulldog 6cm 2 Partes","https://piranha.cl/7422-thickbox_default/moledor-plastico-bulldog.jpg",29041,"Astro Growshop",2490,"Moledor Plastico 3 Partes - Bulldog - CLEAR","https://cdnx.jumpseller.com/astrogrowshop/image/74868742/imagen_1_25921.webp?1773937550",1.60
0.60,Otros parafernalia,ocb,ocb,11244,"Piranha",6490,"Máquina Enroladora Metálica OCB Nº1","https://piranha.cl/15130-thickbox_default/maquina-enroladora-metalica-ocb-n1.jpg",19750,"Fumetas",12990,"Enroladora Automática OCB Metálica","https://cdnx.jumpseller.com/fumetas-store/image/63976618/enroladora-OCB-Metalica-automatica-fuemtas-store.jpg?1748660815",2.00
0.60,Encendedores y sopletes,clipper,clipper,11515,"GrowBarato Chile",550,"Piedra Clipper┃Repuesto para encendedor","https://www.growbaratochile.cl/8658-large_default/piedra-clipper.jpg",19285,"Fumetas",990,"Clipper Repuesto Piedra Pack 9 Unidades","https://cdnx.jumpseller.com/fumetas-store/image/72228860/Repuesto-Piedra-Clipper-1.jpg?1769183172",1.80
0.60,Pipas,top-smoke,top-smoke,12123,"Astro Growshop",9990,"Pipa Pyrex Toxic 8- Top Smoke","https://cdnx.jumpseller.com/astrogrowshop/image/70608797/imagen_2_29348.webp?1765565577",15553,"Piranha",14990,"Pipa Pyrex Top Smoke | PIRANHA","https://piranha.cl/23355-thickbox_default/pipa-top-smoke-premium-pyrex-5-12cm-aprox-diseno-aleatorio.jpg",1.50
0.60,Pipas,top-smoke,top-smoke,12133,"Astro Growshop",8990,"Pipa Pyrex Venom 2- Top Smoke","https://cdnx.jumpseller.com/astrogrowshop/image/70608861/imagen_1_29329.webp?1765565673",15553,"Piranha",14990,"Pipa Pyrex Top Smoke | PIRANHA","https://piranha.cl/23355-thickbox_default/pipa-top-smoke-premium-pyrex-5-12cm-aprox-diseno-aleatorio.jpg",1.67
0.60,Pipas,top-smoke,top-smoke,12139,"Astro Growshop",14990,"Pipa Pyrex Vortex 3- Top Smoke","https://cdnx.jumpseller.com/astrogrowshop/image/70608950/imagen_1_29332.webp?1765565889",15553,"Piranha",14990,"Pipa Pyrex Top Smoke | PIRANHA","https://piranha.cl/23355-thickbox_default/pipa-top-smoke-premium-pyrex-5-12cm-aprox-diseno-aleatorio.jpg",1.00
0.60,Repuestos para bongs y vaporizadores,,,12450,"Astro Growshop",3990,"Quemador Bong Cuerno Macho 14Mm","https://cdnx.jumpseller.com/astrogrowshop/image/70132757/imagen_1_28250.webp?1764084659",12914,"Fumetas",3990,"Quemador Macho 14mm - Colores","https://cdnx.jumpseller.com/fumetas-store/image/16770770/Quemador_Macho_verde_14mm.jpg?1632505649",1.00
0.60,Repuestos para bongs y vaporizadores,,,12450,"Astro Growshop",3990,"Quemador Bong Cuerno Macho 14Mm","https://cdnx.jumpseller.com/astrogrowshop/image/70132757/imagen_1_28250.webp?1764084659",19339,"Fumetas",2990,"Quemador Verde - Macho 14mm","https://cdnx.jumpseller.com/fumetas-store/image/14770150/Quemador_14mm_verde_cono.jpg?1643318369",1.33
0.60,Repuestos para bongs y vaporizadores,,,12519,"Astro Growshop",3990,"Quemador Macho 14Mm","https://cdnx.jumpseller.com/astrogrowshop/image/72476847/AMBAR-1.webp?1774890330",12916,"Fumetas",3890,"Quemador Transparente - Macho 14mm/18mm","https://cdnx.jumpseller.com/fumetas-store/image/15594021/Quemador_Macho_transparente_14mm.jpg?1628442584",1.03
0.60,Repuestos para bongs y vaporizadores,,,12519,"Astro Growshop",3990,"Quemador Macho 14Mm","https://cdnx.jumpseller.com/astrogrowshop/image/72476847/AMBAR-1.webp?1774890330",13673,"Fumetas",9990,"Quemador Zig Zag - Macho 14mm","https://cdnx.jumpseller.com/fumetas-store/image/12369482/Bowlz14-18.jpg?1611336397",2.50
0.60,Repuestos para bongs y vaporizadores,,,12519,"Astro Growshop",3990,"Quemador Macho 14Mm","https://cdnx.jumpseller.com/astrogrowshop/image/72476847/AMBAR-1.webp?1774890330",19337,"Fumetas",5990,"Quemador King Skull - Macho 14mm","https://cdnx.jumpseller.com/fumetas-store/image/37794345/Quemador-King-Skull-Green-Macho-14mm.webp?1689802122",1.50
0.60,Repuestos para bongs y vaporizadores,,,12519,"Astro Growshop",3990,"Quemador Macho 14Mm","https://cdnx.jumpseller.com/astrogrowshop/image/72476847/AMBAR-1.webp?1774890330",20188,"Fumetas",4990,"Quemador Darth Vader Macho 14mm","https://cdnx.jumpseller.com/fumetas-store/image/6097771/WhatsApp_Image_2019-07-17_at_00.10.58__1_.jpeg?1632515249",1.25
0.60,Repuestos para bongs y vaporizadores,,,12519,"Astro Growshop",3990,"Quemador Macho 14Mm","https://cdnx.jumpseller.com/astrogrowshop/image/72476847/AMBAR-1.webp?1774890330",34125,"Fumetas",3990,"Quemador Macho 14mm - Colores - Azul2","https://cdnx.jumpseller.com/fumetas-store/image/16770769/Quemador_Macho_azul_14mm_2.jpg?1632505649",1.00
0.60,Repuestos para bongs y vaporizadores,,,12519,"Astro Growshop",3990,"Quemador Macho 14Mm","https://cdnx.jumpseller.com/astrogrowshop/image/72476847/AMBAR-1.webp?1774890330",34126,"Fumetas",3990,"Quemador Macho 14mm - Colores - Verde2","https://cdnx.jumpseller.com/fumetas-store/image/16770770/Quemador_Macho_verde_14mm.jpg?1632505649",1.00
0.60,Repuestos para bongs y vaporizadores,,,12519,"Astro Growshop",3990,"Quemador Macho 14Mm","https://cdnx.jumpseller.com/astrogrowshop/image/72476847/AMBAR-1.webp?1774890330",34128,"Fumetas",3890,"Quemador Transparente - Macho 14mm/18mm - Macho 14mm","https://cdnx.jumpseller.com/fumetas-store/image/15594021/Quemador_Macho_transparente_14mm.jpg?1628442584",1.03
0.60,Repuestos para bongs y vaporizadores,,,12519,"Astro Growshop",3990,"Quemador Macho 14Mm","https://cdnx.jumpseller.com/astrogrowshop/image/72476847/AMBAR-1.webp?1774890330",34129,"Fumetas",3890,"Quemador Transparente - Macho 14mm/18mm - Macho 18mm","https://cdnx.jumpseller.com/fumetas-store/image/15594021/Quemador_Macho_transparente_14mm.jpg?1628442584",1.03
0.60,Repuestos para bongs y vaporizadores,,bonglab,12576,"Astro Growshop",3990,"Quemador Hembra 14Mm","https://cdnx.jumpseller.com/astrogrowshop/image/72534302/quemador_hembra_14mm_ambaR.webp?1769787624",12843,"Fumetas",4990,"Bonglab Quemador Hembra 14mm Clear","https://cdnx.jumpseller.com/fumetas-store/image/17581472/bonglab-quemador-clear-hembra-18-mm.jpg?1632505801",1.25
0.60,Repuestos para bongs y vaporizadores,,bonglab,12576,"Astro Growshop",3990,"Quemador Hembra 14Mm","https://cdnx.jumpseller.com/astrogrowshop/image/72534302/quemador_hembra_14mm_ambaR.webp?1769787624",33966,"Fumetas",6990,"Bonglab Quemador - Hembra 14mm 2.0 - Negro","https://cdnx.jumpseller.com/fumetas-store/image/26643500/quemador-hembra-14mm-bonglab_NEGRO.jpg?1661575751",1.75
0.60,Repuestos para bongs y vaporizadores,,bonglab,12576,"Astro Growshop",3990,"Quemador Hembra 14Mm","https://cdnx.jumpseller.com/astrogrowshop/image/72534302/quemador_hembra_14mm_ambaR.webp?1769787624",33967,"Fumetas",6990,"Bonglab Quemador - Hembra 14mm 2.0 - Rosado","https://cdnx.jumpseller.com/fumetas-store/image/26643498/quemador-hembra-14mm-bonglab_PINK.jpg?1661575751",1.75
0.60,Repuestos para bongs y vaporizadores,,bonglab,12576,"Astro Growshop",3990,"Quemador Hembra 14Mm","https://cdnx.jumpseller.com/astrogrowshop/image/72534302/quemador_hembra_14mm_ambaR.webp?1769787624",33968,"Fumetas",6990,"Bonglab Quemador - Hembra 14mm 2.0 - Morado","https://cdnx.jumpseller.com/fumetas-store/image/26643499/quemador-hembra-14mm-bonglab_PURPLE.jpg?1661575751",1.75
0.60,Repuestos para bongs y vaporizadores,,bonglab,12576,"Astro Growshop",3990,"Quemador Hembra 14Mm","https://cdnx.jumpseller.com/astrogrowshop/image/72534302/quemador_hembra_14mm_ambaR.webp?1769787624",33969,"Fumetas",6990,"Bonglab Quemador - Hembra 14mm 2.0 - Verde","https://cdnx.jumpseller.com/fumetas-store/image/26643497/quemador-hembra-14mm-bonglab.jpg?1661575751",1.75
0.60,Repuestos para bongs y vaporizadores,,bonglab,12576,"Astro Growshop",3990,"Quemador Hembra 14Mm","https://cdnx.jumpseller.com/astrogrowshop/image/72534302/quemador_hembra_14mm_ambaR.webp?1769787624",34052,"Fumetas",4990,"Bonglab Quemador Hembra 14mm - Ambar","https://cdnx.jumpseller.com/fumetas-store/image/21810208/BongLab-Quemador-Hembra-14mm-Ambar.jpg?1658339453",1.25
0.60,Repuestos para bongs y vaporizadores,,bonglab,12576,"Astro Growshop",3990,"Quemador Hembra 14Mm","https://cdnx.jumpseller.com/astrogrowshop/image/72534302/quemador_hembra_14mm_ambaR.webp?1769787624",34053,"Fumetas",4990,"Bonglab Quemador Hembra 14mm - Verde","https://cdnx.jumpseller.com/fumetas-store/image/21810207/BongLab-Quemador-Hembra-14mm-Green.jpg?1658339453",1.25
0.60,Repuestos para bongs y vaporizadores,,,12577,"Astro Growshop",3990,"Quemador Macho 18Mm","https://cdnx.jumpseller.com/astrogrowshop/image/72476806/AMBAR-1.webp?1769703980",12902,"Fumetas",4990,"Quemador Macho 18mm - Diferentes Colores","https://cdnx.jumpseller.com/fumetas-store/image/16987651/Quemador_macho_18mm_azul.jpg?1632505678",1.25
0.60,Repuestos para bongs y vaporizadores,,,12577,"Astro Growshop",3990,"Quemador Macho 18Mm","https://cdnx.jumpseller.com/astrogrowshop/image/72476806/AMBAR-1.webp?1769703980",12916,"Fumetas",3890,"Quemador Transparente - Macho 14mm/18mm","https://cdnx.jumpseller.com/fumetas-store/image/15594021/Quemador_Macho_transparente_14mm.jpg?1628442584",1.03
0.60,Repuestos para bongs y vaporizadores,,,12577,"Astro Growshop",3990,"Quemador Macho 18Mm","https://cdnx.jumpseller.com/astrogrowshop/image/72476806/AMBAR-1.webp?1769703980",13672,"Fumetas",3490,"Quemador Glass Cap - Macho 18mm","https://cdnx.jumpseller.com/fumetas-store/image/9374086/GSP69.jpg?1600364681",1.14
0.60,Repuestos para bongs y vaporizadores,,,12577,"Astro Growshop",3990,"Quemador Macho 18Mm","https://cdnx.jumpseller.com/astrogrowshop/image/72476806/AMBAR-1.webp?1769703980",13674,"Fumetas",9990,"Quemador Zig Zag - Macho 18mm","https://cdnx.jumpseller.com/fumetas-store/image/12369491/Bowlz14-18.jpg?1611336401",2.50
0.60,Repuestos para bongs y vaporizadores,,bonglab,12577,"Astro Growshop",3990,"Quemador Macho 18Mm","https://cdnx.jumpseller.com/astrogrowshop/image/72476806/AMBAR-1.webp?1769703980",33982,"Fumetas",4990,"Bonglab Quemador Macho 18mm - Rosado","https://cdnx.jumpseller.com/fumetas-store/image/22220357/quemador-macho-18mm-bonglab__1_.jpg?1645759291",1.25
0.60,Repuestos para bongs y vaporizadores,,bonglab,12577,"Astro Growshop",3990,"Quemador Macho 18Mm","https://cdnx.jumpseller.com/astrogrowshop/image/72476806/AMBAR-1.webp?1769703980",33984,"Fumetas",4990,"Bonglab Quemador Macho 18mm - Verde","https://cdnx.jumpseller.com/fumetas-store/image/22220358/quemador-macho-18mm-bonglab__4_.jpg?1645759291",1.25
0.60,Repuestos para bongs y vaporizadores,,,12577,"Astro Growshop",3990,"Quemador Macho 18Mm","https://cdnx.jumpseller.com/astrogrowshop/image/72476806/AMBAR-1.webp?1769703980",34128,"Fumetas",3890,"Quemador Transparente - Macho 14mm/18mm - Macho 14mm","https://cdnx.jumpseller.com/fumetas-store/image/15594021/Quemador_Macho_transparente_14mm.jpg?1628442584",1.03
0.60,Repuestos para bongs y vaporizadores,,,12577,"Astro Growshop",3990,"Quemador Macho 18Mm","https://cdnx.jumpseller.com/astrogrowshop/image/72476806/AMBAR-1.webp?1769703980",34129,"Fumetas",3890,"Quemador Transparente - Macho 14mm/18mm - Macho 18mm","https://cdnx.jumpseller.com/fumetas-store/image/15594021/Quemador_Macho_transparente_14mm.jpg?1628442584",1.03
0.60,Otros parafernalia,ozeta,ozeta,12681,"Astro Growshop",73990,"Duffle Bag Black-Ozeta","https://cdnx.jumpseller.com/astrogrowshop/image/70898075/imagen_5_18946.webp?1766433388",16000,"Piranha",86990,"Duffle Bag - OZeta | PIRANHA","https://piranha.cl/16321-thickbox_default/duffle-bag-anti-olor-ozeta.jpg",1.18
0.60,Repuestos para bongs y vaporizadores,bonglab,bonglab,12842,"Fumetas",6990,"Bonglab Quemador - Hembra 14mm 2.0","https://cdnx.jumpseller.com/fumetas-store/image/26643497/quemador-hembra-14mm-bonglab.jpg?1661575751",31393,"Astro Growshop",4990,"Quemador De 14Mm -Bonglab - Morado","https://cdnx.jumpseller.com/astrogrowshop/image/70216885/imagen_1_27118.webp?1764272362",1.40
0.60,Repuestos para bongs y vaporizadores,bonglab,bonglab,12842,"Fumetas",6990,"Bonglab Quemador - Hembra 14mm 2.0","https://cdnx.jumpseller.com/fumetas-store/image/26643497/quemador-hembra-14mm-bonglab.jpg?1661575751",31394,"Astro Growshop",4990,"Quemador De 14Mm -Bonglab - azul","https://cdnx.jumpseller.com/astrogrowshop/image/74868921/imagen_1_27114.webp?1773937616",1.40
0.60,Repuestos para bongs y vaporizadores,bonglab,bonglab,12842,"Fumetas",6990,"Bonglab Quemador - Hembra 14mm 2.0","https://cdnx.jumpseller.com/fumetas-store/image/26643497/quemador-hembra-14mm-bonglab.jpg?1661575751",31395,"Astro Growshop",6990,"Quemador De 14Mm -Bonglab - verde","https://cdnx.jumpseller.com/astrogrowshop/image/74868926/imagen_1_20425.webp?1773937616",1.00
0.60,Repuestos para bongs y vaporizadores,bonglab,bonglab,12842,"Fumetas",6990,"Bonglab Quemador - Hembra 14mm 2.0","https://cdnx.jumpseller.com/fumetas-store/image/26643497/quemador-hembra-14mm-bonglab.jpg?1661575751",31396,"Astro Growshop",4990,"Quemador De 14Mm -Bonglab - Ámbar","https://cdnx.jumpseller.com/astrogrowshop/image/74868916/imagen_1_27113.webp?1773937616",1.40
0.60,Repuestos para bongs y vaporizadores,bonglab,bonglab,12842,"Fumetas",6990,"Bonglab Quemador - Hembra 14mm 2.0","https://cdnx.jumpseller.com/fumetas-store/image/26643497/quemador-hembra-14mm-bonglab.jpg?1661575751",31397,"Astro Growshop",4990,"Quemador De 14Mm -Bonglab - Negro","https://cdnx.jumpseller.com/astrogrowshop/image/74868918/imagen_1_27116.webp?1773937616",1.40
0.60,Repuestos para bongs y vaporizadores,bonglab,bonglab,12842,"Fumetas",6990,"Bonglab Quemador - Hembra 14mm 2.0","https://cdnx.jumpseller.com/fumetas-store/image/26643497/quemador-hembra-14mm-bonglab.jpg?1661575751",31398,"Astro Growshop",4990,"Quemador De 14Mm -Bonglab - Rosa","https://cdnx.jumpseller.com/astrogrowshop/image/74868924/imagen_1_27117.webp?1773937616",1.40
0.60,Repuestos para bongs y vaporizadores,bonglab,,12842,"Fumetas",6990,"Bonglab Quemador - Hembra 14mm 2.0","https://cdnx.jumpseller.com/fumetas-store/image/26643497/quemador-hembra-14mm-bonglab.jpg?1661575751",32709,"Astro Growshop",3990,"Quemador Hembra 14Mm - Negro","https://cdnx.jumpseller.com/astrogrowshop/image/72542384/quemador-hembra-14mm-black-frente.png?1769787624",1.75
0.60,Repuestos para bongs y vaporizadores,bonglab,,12842,"Fumetas",6990,"Bonglab Quemador - Hembra 14mm 2.0","https://cdnx.jumpseller.com/fumetas-store/image/26643497/quemador-hembra-14mm-bonglab.jpg?1661575751",32710,"Astro Growshop",3990,"Quemador Hembra 14Mm - azul","https://cdnx.jumpseller.com/astrogrowshop/image/72534312/quemador_hembra_14mm_vazul-frente.webp?1769787624",1.75
0.60,Repuestos para bongs y vaporizadores,bonglab,,12842,"Fumetas",6990,"Bonglab Quemador - Hembra 14mm 2.0","https://cdnx.jumpseller.com/fumetas-store/image/26643497/quemador-hembra-14mm-bonglab.jpg?1661575751",32711,"Astro Growshop",3990,"Quemador Hembra 14Mm - verde","https://cdnx.jumpseller.com/astrogrowshop/image/72534317/quemador_hembra_14mm_verdefrente.webp?1769787624",1.75
0.60,Repuestos para bongs y vaporizadores,bonglab,,12842,"Fumetas",6990,"Bonglab Quemador - Hembra 14mm 2.0","https://cdnx.jumpseller.com/fumetas-store/image/26643497/quemador-hembra-14mm-bonglab.jpg?1661575751",32713,"Astro Growshop",3990,"Quemador Hembra 14Mm - GOLDEN","https://cdnx.jumpseller.com/astrogrowshop/image/72534303/hembra-14mm-golden-arriba.webp?1769787624",1.75
0.60,Repuestos para bongs y vaporizadores,bonglab,,12842,"Fumetas",6990,"Bonglab Quemador - Hembra 14mm 2.0","https://cdnx.jumpseller.com/fumetas-store/image/26643497/quemador-hembra-14mm-bonglab.jpg?1661575751",32714,"Astro Growshop",3990,"Quemador Hembra 14Mm - AMBAR","https://cdnx.jumpseller.com/astrogrowshop/image/72534304/quemador_hembra_14mm_ambar_frente.webp?1769787624",1.75
0.60,Repuestos para bongs y vaporizadores,bonglab,,12842,"Fumetas",6990,"Bonglab Quemador - Hembra 14mm 2.0","https://cdnx.jumpseller.com/fumetas-store/image/26643497/quemador-hembra-14mm-bonglab.jpg?1661575751",32715,"Astro Growshop",3990,"Quemador Hembra 14Mm - Morado","https://cdnx.jumpseller.com/astrogrowshop/image/72534319/quemador_hembra_14mm_morado-frente.webp?1769787624",1.75
0.60,Repuestos para bongs y vaporizadores,bonglab,,12842,"Fumetas",6990,"Bonglab Quemador - Hembra 14mm 2.0","https://cdnx.jumpseller.com/fumetas-store/image/26643497/quemador-hembra-14mm-bonglab.jpg?1661575751",32716,"Astro Growshop",3990,"Quemador Hembra 14Mm - Rosa","https://cdnx.jumpseller.com/astrogrowshop/image/72534307/quemador_hembra_14mm_pink_frente.webp?1769787624",1.75
0.60,Repuestos para bongs y vaporizadores,bonglab,,12842,"Fumetas",6990,"Bonglab Quemador - Hembra 14mm 2.0","https://cdnx.jumpseller.com/fumetas-store/image/26643497/quemador-hembra-14mm-bonglab.jpg?1661575751",32718,"Astro Growshop",3990,"Quemador Hembra 14Mm - CLEAR","https://cdnx.jumpseller.com/astrogrowshop/image/72542487/hembra-14-mm-clear-frente.png?1769787625",1.75
0.60,Repuestos para bongs y vaporizadores,,,12914,"Fumetas",3990,"Quemador Macho 14mm - Colores","https://cdnx.jumpseller.com/fumetas-store/image/16770770/Quemador_Macho_verde_14mm.jpg?1632505649",31516,"Astro Growshop",3990,"Quemador Macho 14Mm - Negro","https://cdnx.jumpseller.com/astrogrowshop/image/72498559/QUEMADOR_MACHO_UPPER_SOLID_BLACK.webp?1774890330",1.00
0.60,Repuestos para bongs y vaporizadores,,,12914,"Fumetas",3990,"Quemador Macho 14mm - Colores","https://cdnx.jumpseller.com/fumetas-store/image/16770770/Quemador_Macho_verde_14mm.jpg?1632505649",31517,"Astro Growshop",3990,"Quemador Macho 14Mm - azul","https://cdnx.jumpseller.com/astrogrowshop/image/72476853/AZUL-CLARO-3.webp?1774890330",1.00
0.60,Repuestos para bongs y vaporizadores,,,12914,"Fumetas",3990,"Quemador Macho 14mm - Colores","https://cdnx.jumpseller.com/fumetas-store/image/16770770/Quemador_Macho_verde_14mm.jpg?1632505649",31518,"Astro Growshop",3990,"Quemador Macho 14Mm - verde","https://cdnx.jumpseller.com/astrogrowshop/image/72476871/VERDE-3.webp?1774890330",1.00
0.60,Repuestos para bongs y vaporizadores,,,12914,"Fumetas",3990,"Quemador Macho 14mm - Colores","https://cdnx.jumpseller.com/fumetas-store/image/16770770/Quemador_Macho_verde_14mm.jpg?1632505649",31520,"Astro Growshop",3990,"Quemador Macho 14Mm - GOLDEN","https://cdnx.jumpseller.com/astrogrowshop/image/72476872/YELLOW-3.webp?1774890330",1.00
0.60,Repuestos para bongs y vaporizadores,,,12914,"Fumetas",3990,"Quemador Macho 14mm - Colores","https://cdnx.jumpseller.com/fumetas-store/image/16770770/Quemador_Macho_verde_14mm.jpg?1632505649",31521,"Astro Growshop",3990,"Quemador Macho 14Mm - AMBAR","https://cdnx.jumpseller.com/astrogrowshop/image/72476849/AMBAR-3.webp?1774890330",1.00
0.60,Repuestos para bongs y vaporizadores,,,12914,"Fumetas",3990,"Quemador Macho 14mm - Colores","https://cdnx.jumpseller.com/fumetas-store/image/16770770/Quemador_Macho_verde_14mm.jpg?1632505649",31522,"Astro Growshop",3990,"Quemador Macho 14Mm - Morado","https://cdnx.jumpseller.com/astrogrowshop/image/72476864/PURPLE-3.webp?1774890330",1.00
0.60,Repuestos para bongs y vaporizadores,,,12914,"Fumetas",3990,"Quemador Macho 14mm - Colores","https://cdnx.jumpseller.com/fumetas-store/image/16770770/Quemador_Macho_verde_14mm.jpg?1632505649",31523,"Astro Growshop",3990,"Quemador Macho 14Mm - Rosa","https://cdnx.jumpseller.com/astrogrowshop/image/72476859/PINK-3.webp?1774890330",1.00
0.60,Repuestos para bongs y vaporizadores,,,12914,"Fumetas",3990,"Quemador Macho 14mm - Colores","https://cdnx.jumpseller.com/fumetas-store/image/16770770/Quemador_Macho_verde_14mm.jpg?1632505649",31525,"Astro Growshop",3990,"Quemador Macho 14Mm - CLEAR","https://cdnx.jumpseller.com/astrogrowshop/image/72476855/CLEAR-3.webp?1774890330",1.00
0.60,Repuestos para bongs y vaporizadores,,,12915,"Fumetas",3990,"Quemador macho 18mm - Transparente","https://cdnx.jumpseller.com/fumetas-store/image/14496185/Quemador_GSP62_14mm_transparente.jpg?1622323824",31540,"Astro Growshop",3990,"Quemador Macho 18Mm - verde","https://cdnx.jumpseller.com/astrogrowshop/image/72476828/VERDE-3.webp?1769703980",1.00
0.60,Repuestos para bongs y vaporizadores,,,12915,"Fumetas",3990,"Quemador macho 18mm - Transparente","https://cdnx.jumpseller.com/fumetas-store/image/14496185/Quemador_GSP62_14mm_transparente.jpg?1622323824",31541,"Astro Growshop",3990,"Quemador Macho 18Mm - azul","https://cdnx.jumpseller.com/astrogrowshop/image/72476814/AZUL-CLARO-3.webp?1769703980",1.00
0.60,Repuestos para bongs y vaporizadores,,,12915,"Fumetas",3990,"Quemador macho 18mm - Transparente","https://cdnx.jumpseller.com/fumetas-store/image/14496185/Quemador_GSP62_14mm_transparente.jpg?1622323824",31542,"Astro Growshop",3990,"Quemador Macho 18Mm - GOLDEN","https://cdnx.jumpseller.com/astrogrowshop/image/72476833/YELLOW-3.webp?1769703980",1.00
0.60,Repuestos para bongs y vaporizadores,,,12915,"Fumetas",3990,"Quemador macho 18mm - Transparente","https://cdnx.jumpseller.com/fumetas-store/image/14496185/Quemador_GSP62_14mm_transparente.jpg?1622323824",31543,"Astro Growshop",3990,"Quemador Macho 18Mm - AMBAR","https://cdnx.jumpseller.com/astrogrowshop/image/72476812/AMBAR-3.webp?1769703980",1.00
0.60,Repuestos para bongs y vaporizadores,,,12915,"Fumetas",3990,"Quemador macho 18mm - Transparente","https://cdnx.jumpseller.com/fumetas-store/image/14496185/Quemador_GSP62_14mm_transparente.jpg?1622323824",31544,"Astro Growshop",3990,"Quemador Macho 18Mm - Rosa","https://cdnx.jumpseller.com/astrogrowshop/image/72476820/PINK-3.webp?1769703980",1.00
0.60,Repuestos para bongs y vaporizadores,,,12915,"Fumetas",3990,"Quemador macho 18mm - Transparente","https://cdnx.jumpseller.com/fumetas-store/image/14496185/Quemador_GSP62_14mm_transparente.jpg?1622323824",31546,"Astro Growshop",3990,"Quemador Macho 18Mm - CLEAR","https://cdnx.jumpseller.com/astrogrowshop/image/72476817/CLEAR-3.webp?1769703980",1.00
0.60,Repuestos para bongs y vaporizadores,,,12915,"Fumetas",3990,"Quemador macho 18mm - Transparente","https://cdnx.jumpseller.com/fumetas-store/image/14496185/Quemador_GSP62_14mm_transparente.jpg?1622323824",31548,"Astro Growshop",3990,"Quemador Macho 18Mm - Morado","https://cdnx.jumpseller.com/astrogrowshop/image/72476824/PURPLE-3.webp?1769703980",1.00
0.60,Otros parafernalia,raw,raw,15965,"Piranha",14993,"Polera RAW Beige (S/M/L/XL) | PIRANHA","https://piranha.cl/17765-thickbox_default/polera-raw-beige.jpg",37085,"Fumetas",23990,"Polera Raw - Beige M","https://cdnx.jumpseller.com/fumetas-store/image/58283558/polera-beige-art.jpg?1734057260",1.60
0.60,Otros parafernalia,raw,raw,15965,"Piranha",14993,"Polera RAW Beige (S/M/L/XL) | PIRANHA","https://piranha.cl/17765-thickbox_default/polera-raw-beige.jpg",37086,"Fumetas",23990,"Polera Raw - Beige L","https://cdnx.jumpseller.com/fumetas-store/image/58283558/polera-beige-art.jpg?1734057260",1.60
0.60,Otros parafernalia,raw,raw,15965,"Piranha",14993,"Polera RAW Beige (S/M/L/XL) | PIRANHA","https://piranha.cl/17765-thickbox_default/polera-raw-beige.jpg",37088,"Fumetas",23990,"Polera Raw - Beige S","https://cdnx.jumpseller.com/fumetas-store/image/58283558/polera-beige-art.jpg?1734057260",1.60
0.60,Accesorios de extraccion,puffco,puffco,16168,"Piranha",149993,"Accesorio New Proxy Wizard - Puffco","https://piranha.cl/23151-thickbox_default/accesorio-puffco-new-proxy-wizard-color-a-eleccion.jpg",18205,"Astro Growshop",179990,"Proxy Wizard Dessert-Puffco","https://cdnx.jumpseller.com/astrogrowshop/image/71345086/imagen_3_19874.webp?1767366921",1.20
0.60,Accesorios de extraccion,puffco,puffco,17217,"Astro Growshop",258990,"New Peak Cloud -Puffco","https://cdnx.jumpseller.com/astrogrowshop/image/70946243/imagen_1_23379.webp?1766522480",37818,"Fumetas",269990,"Vaporizador Puffco Peak 2024 - Cloud","https://cdnx.jumpseller.com/fumetas-store/image/64521473/Peak-2024-Vaporizador-Puffco-Cloud-2.jpg?1769197695",1.04
0.60,Accesorios de extraccion,puffco,puffco,17219,"Astro Growshop",258990,"New Peak Sky - Puffco","https://cdnx.jumpseller.com/astrogrowshop/image/71343609/imagen_2_23385.webp?1767364675",37817,"Fumetas",269990,"Vaporizador Puffco Peak 2024 - Sky","https://cdnx.jumpseller.com/fumetas-store/image/64521477/Peak-2024-Vaporizador-Puffco-Sky.jpg?1769197695",1.04
0.60,Encendedores y sopletes,zippo,zippo,17922,"Astro Growshop",32990,"Street Art Design-Zippo","https://cdnx.jumpseller.com/astrogrowshop/image/70213362/imagen_1_22512.webp?1764266114",19488,"Fumetas",30990,"Encendedor Zippo Pop Art Design","https://cdnx.jumpseller.com/fumetas-store/image/47688612/Pop-Art-Design-Zippo-Encendedor-48707.jpg?1713224197",1.06
0.60,Repuestos para bongs y vaporizadores,,,19338,"Fumetas",3190,"Quemador Spair - Macho 18mm","https://cdnx.jumpseller.com/fumetas-store/image/9374011/GSP91.jpg?1603925711",31540,"Astro Growshop",3990,"Quemador Macho 18Mm - verde","https://cdnx.jumpseller.com/astrogrowshop/image/72476828/VERDE-3.webp?1769703980",1.25
0.60,Repuestos para bongs y vaporizadores,,,19338,"Fumetas",3190,"Quemador Spair - Macho 18mm","https://cdnx.jumpseller.com/fumetas-store/image/9374011/GSP91.jpg?1603925711",31541,"Astro Growshop",3990,"Quemador Macho 18Mm - azul","https://cdnx.jumpseller.com/astrogrowshop/image/72476814/AZUL-CLARO-3.webp?1769703980",1.25
0.60,Repuestos para bongs y vaporizadores,,,19338,"Fumetas",3190,"Quemador Spair - Macho 18mm","https://cdnx.jumpseller.com/fumetas-store/image/9374011/GSP91.jpg?1603925711",31542,"Astro Growshop",3990,"Quemador Macho 18Mm - GOLDEN","https://cdnx.jumpseller.com/astrogrowshop/image/72476833/YELLOW-3.webp?1769703980",1.25
0.60,Repuestos para bongs y vaporizadores,,,19338,"Fumetas",3190,"Quemador Spair - Macho 18mm","https://cdnx.jumpseller.com/fumetas-store/image/9374011/GSP91.jpg?1603925711",31543,"Astro Growshop",3990,"Quemador Macho 18Mm - AMBAR","https://cdnx.jumpseller.com/astrogrowshop/image/72476812/AMBAR-3.webp?1769703980",1.25
0.60,Repuestos para bongs y vaporizadores,,,19338,"Fumetas",3190,"Quemador Spair - Macho 18mm","https://cdnx.jumpseller.com/fumetas-store/image/9374011/GSP91.jpg?1603925711",31544,"Astro Growshop",3990,"Quemador Macho 18Mm - Rosa","https://cdnx.jumpseller.com/astrogrowshop/image/72476820/PINK-3.webp?1769703980",1.25
0.60,Repuestos para bongs y vaporizadores,,,19338,"Fumetas",3190,"Quemador Spair - Macho 18mm","https://cdnx.jumpseller.com/fumetas-store/image/9374011/GSP91.jpg?1603925711",31546,"Astro Growshop",3990,"Quemador Macho 18Mm - CLEAR","https://cdnx.jumpseller.com/astrogrowshop/image/72476817/CLEAR-3.webp?1769703980",1.25
0.60,Repuestos para bongs y vaporizadores,,,19338,"Fumetas",3190,"Quemador Spair - Macho 18mm","https://cdnx.jumpseller.com/fumetas-store/image/9374011/GSP91.jpg?1603925711",31548,"Astro Growshop",3990,"Quemador Macho 18Mm - Morado","https://cdnx.jumpseller.com/astrogrowshop/image/72476824/PURPLE-3.webp?1769703980",1.25
0.60,Repuestos para bongs y vaporizadores,,bonglab,19339,"Fumetas",2990,"Quemador Verde - Macho 14mm","https://cdnx.jumpseller.com/fumetas-store/image/14770150/Quemador_14mm_verde_cono.jpg?1643318369",31395,"Astro Growshop",6990,"Quemador De 14Mm -Bonglab - verde","https://cdnx.jumpseller.com/astrogrowshop/image/74868926/imagen_1_20425.webp?1773937616",2.34
0.60,Repuestos para bongs y vaporizadores,,,19339,"Fumetas",2990,"Quemador Verde - Macho 14mm","https://cdnx.jumpseller.com/fumetas-store/image/14770150/Quemador_14mm_verde_cono.jpg?1643318369",31516,"Astro Growshop",3990,"Quemador Macho 14Mm - Negro","https://cdnx.jumpseller.com/astrogrowshop/image/72498559/QUEMADOR_MACHO_UPPER_SOLID_BLACK.webp?1774890330",1.33
0.60,Repuestos para bongs y vaporizadores,,,19339,"Fumetas",2990,"Quemador Verde - Macho 14mm","https://cdnx.jumpseller.com/fumetas-store/image/14770150/Quemador_14mm_verde_cono.jpg?1643318369",31517,"Astro Growshop",3990,"Quemador Macho 14Mm - azul","https://cdnx.jumpseller.com/astrogrowshop/image/72476853/AZUL-CLARO-3.webp?1774890330",1.33
0.60,Repuestos para bongs y vaporizadores,,,19339,"Fumetas",2990,"Quemador Verde - Macho 14mm","https://cdnx.jumpseller.com/fumetas-store/image/14770150/Quemador_14mm_verde_cono.jpg?1643318369",31520,"Astro Growshop",3990,"Quemador Macho 14Mm - GOLDEN","https://cdnx.jumpseller.com/astrogrowshop/image/72476872/YELLOW-3.webp?1774890330",1.33
0.60,Repuestos para bongs y vaporizadores,,,19339,"Fumetas",2990,"Quemador Verde - Macho 14mm","https://cdnx.jumpseller.com/fumetas-store/image/14770150/Quemador_14mm_verde_cono.jpg?1643318369",31521,"Astro Growshop",3990,"Quemador Macho 14Mm - AMBAR","https://cdnx.jumpseller.com/astrogrowshop/image/72476849/AMBAR-3.webp?1774890330",1.33
0.60,Repuestos para bongs y vaporizadores,,,19339,"Fumetas",2990,"Quemador Verde - Macho 14mm","https://cdnx.jumpseller.com/fumetas-store/image/14770150/Quemador_14mm_verde_cono.jpg?1643318369",31522,"Astro Growshop",3990,"Quemador Macho 14Mm - Morado","https://cdnx.jumpseller.com/astrogrowshop/image/72476864/PURPLE-3.webp?1774890330",1.33
0.60,Repuestos para bongs y vaporizadores,,,19339,"Fumetas",2990,"Quemador Verde - Macho 14mm","https://cdnx.jumpseller.com/fumetas-store/image/14770150/Quemador_14mm_verde_cono.jpg?1643318369",31523,"Astro Growshop",3990,"Quemador Macho 14Mm - Rosa","https://cdnx.jumpseller.com/astrogrowshop/image/72476859/PINK-3.webp?1774890330",1.33
0.60,Repuestos para bongs y vaporizadores,,,19339,"Fumetas",2990,"Quemador Verde - Macho 14mm","https://cdnx.jumpseller.com/fumetas-store/image/14770150/Quemador_14mm_verde_cono.jpg?1643318369",31525,"Astro Growshop",3990,"Quemador Macho 14Mm - CLEAR","https://cdnx.jumpseller.com/astrogrowshop/image/72476855/CLEAR-3.webp?1774890330",1.33
0.60,Repuestos para bongs y vaporizadores,,,19339,"Fumetas",2990,"Quemador Verde - Macho 14mm","https://cdnx.jumpseller.com/fumetas-store/image/14770150/Quemador_14mm_verde_cono.jpg?1643318369",31540,"Astro Growshop",3990,"Quemador Macho 18Mm - verde","https://cdnx.jumpseller.com/astrogrowshop/image/72476828/VERDE-3.webp?1769703980",1.33
0.60,Repuestos para bongs y vaporizadores,,,19339,"Fumetas",2990,"Quemador Verde - Macho 14mm","https://cdnx.jumpseller.com/fumetas-store/image/14770150/Quemador_14mm_verde_cono.jpg?1643318369",32711,"Astro Growshop",3990,"Quemador Hembra 14Mm - verde","https://cdnx.jumpseller.com/astrogrowshop/image/72534317/quemador_hembra_14mm_verdefrente.webp?1769787624",1.33
0.60,Moledores,galaxy,galaxy,30957,"Astro Growshop",32990,"Moledor Quartz Grinder- Galaxy - Negro","https://cdnx.jumpseller.com/astrogrowshop/image/70550163/imagen_3_black2.webp?1782911188",33615,"Fumetas",47990,"Moledor Galaxy Quartz 63 mm - Negro","https://cdnx.jumpseller.com/fumetas-store/image/68903235/Galaxy-Moledor-63-Negro-Pisos.jpg?1761068261",1.45
0.60,Moledores,galaxy,galaxy,30958,"Astro Growshop",32990,"Moledor Quartz Grinder- Galaxy - azul","https://cdnx.jumpseller.com/astrogrowshop/image/70550163/imagen_3_black2.webp?1782911188",33617,"Fumetas",47990,"Moledor Galaxy Quartz 63 mm - Azul","https://cdnx.jumpseller.com/fumetas-store/image/68903241/Galaxy-Moledor-63-Azul-Pisos.jpg?1761068261",1.45
0.60,Moledores,galaxy,galaxy,30959,"Astro Growshop",32990,"Moledor Quartz Grinder- Galaxy - verde","https://cdnx.jumpseller.com/astrogrowshop/image/70550163/imagen_3_black2.webp?1782911188",33616,"Fumetas",47990,"Moledor Galaxy Quartz 63 mm - Verde","https://cdnx.jumpseller.com/fumetas-store/image/68903240/Galaxy-Moledor-63-Verde-Pisos.jpg?1761068261",1.45
0.60,Moledores,galaxy,galaxy,30960,"Astro Growshop",32990,"Moledor Quartz Grinder- Galaxy - Dorado","https://cdnx.jumpseller.com/astrogrowshop/image/70550163/imagen_3_black2.webp?1782911188",33614,"Fumetas",47990,"Moledor Galaxy Quartz 63 mm - Dorado","https://cdnx.jumpseller.com/fumetas-store/image/68903233/Galaxy-Moledor-63-Oro-Dorado-Pisos.jpg?1761068261",1.45
0.60,Moledores,galaxy,galaxy,30963,"Astro Growshop",32990,"Moledor Quartz Grinder- Galaxy - Rojo","https://cdnx.jumpseller.com/astrogrowshop/image/70550163/imagen_3_black2.webp?1782911188",33618,"Fumetas",47990,"Moledor Galaxy Quartz 63 mm - Rojo","https://cdnx.jumpseller.com/fumetas-store/image/68903242/Galaxy-Moledor-63-Rojo-Pisos.jpg?1761068261",1.45
0.60,Moledores,galaxy,galaxy,30965,"Astro Growshop",32990,"Moledor Quartz Grinder- Galaxy - Morado","https://cdnx.jumpseller.com/astrogrowshop/image/70550163/imagen_3_black2.webp?1782911188",33620,"Fumetas",47990,"Moledor Galaxy Quartz 63 mm - Morado","https://cdnx.jumpseller.com/fumetas-store/image/68904822/Galaxy-Moledor-63-Morado-Pisos.jpg?1761068262",1.45
0.60,Moledores,galaxy,galaxy,31014,"Astro Growshop",24990,"Moledor Ceramico Square - Galaxy - Gris","https://cdnx.jumpseller.com/astrogrowshop/image/74868665/imagen_4_galaxy-moledor-square--cuadrado-gris.jpg.webp?1773937500",33563,"Fumetas",31990,"Moledor Galaxy Cerámico 60mm - Gris","https://cdnx.jumpseller.com/fumetas-store/image/53914156/Moledor-ceramico-Galaxy-63mm-Gris.jpg?1729957583",1.28
0.60,Moledores,galaxy,galaxy,31014,"Astro Growshop",24990,"Moledor Ceramico Square - Galaxy - Gris","https://cdnx.jumpseller.com/astrogrowshop/image/74868665/imagen_4_galaxy-moledor-square--cuadrado-gris.jpg.webp?1773937500",33767,"Fumetas",25790,"Moledor Galaxy Square Cerámico - Menta","https://cdnx.jumpseller.com/fumetas-store/image/68913856/Galaxy-Moledor-Square-Menta.jpg?1764814503",1.03
0.60,Moledores,galaxy,galaxy,31014,"Astro Growshop",24990,"Moledor Ceramico Square - Galaxy - Gris","https://cdnx.jumpseller.com/astrogrowshop/image/74868665/imagen_4_galaxy-moledor-square--cuadrado-gris.jpg.webp?1773937500",33768,"Fumetas",25790,"Moledor Galaxy Square Cerámico - Plateado","https://cdnx.jumpseller.com/fumetas-store/image/68913841/Galaxy-Moledor-Square-Plateado.jpg?1764814503",1.03
0.60,Moledores,galaxy,galaxy,31014,"Astro Growshop",24990,"Moledor Ceramico Square - Galaxy - Gris","https://cdnx.jumpseller.com/astrogrowshop/image/74868665/imagen_4_galaxy-moledor-square--cuadrado-gris.jpg.webp?1773937500",33774,"Fumetas",25790,"Moledor Galaxy Square Cerámico - Rosado","https://cdnx.jumpseller.com/fumetas-store/image/68913850/Galaxy-Moledor-Square-Rosado.jpg?1764814503",1.03
0.60,Moledores,galaxy,galaxy,31017,"Astro Growshop",24990,"Moledor Ceramico Square - Galaxy - ROSE","https://cdnx.jumpseller.com/astrogrowshop/image/74868680/imagen_4_galaxy-moledor-square-pinkjpg.webp?1773937502",33767,"Fumetas",25790,"Moledor Galaxy Square Cerámico - Menta","https://cdnx.jumpseller.com/fumetas-store/image/68913856/Galaxy-Moledor-Square-Menta.jpg?1764814503",1.03
0.60,Moledores,galaxy,galaxy,31017,"Astro Growshop",24990,"Moledor Ceramico Square - Galaxy - ROSE","https://cdnx.jumpseller.com/astrogrowshop/image/74868680/imagen_4_galaxy-moledor-square-pinkjpg.webp?1773937502",33768,"Fumetas",25790,"Moledor Galaxy Square Cerámico - Plateado","https://cdnx.jumpseller.com/fumetas-store/image/68913841/Galaxy-Moledor-Square-Plateado.jpg?1764814503",1.03
0.60,Moledores,galaxy,galaxy,31017,"Astro Growshop",24990,"Moledor Ceramico Square - Galaxy - ROSE","https://cdnx.jumpseller.com/astrogrowshop/image/74868680/imagen_4_galaxy-moledor-square-pinkjpg.webp?1773937502",33774,"Fumetas",25790,"Moledor Galaxy Square Cerámico - Rosado","https://cdnx.jumpseller.com/fumetas-store/image/68913850/Galaxy-Moledor-Square-Rosado.jpg?1764814503",1.03
0.60,Moledores,galaxy,galaxy,31198,"Astro Growshop",21990,"Moledor 63MM -Galaxy - Rosa","https://cdnx.jumpseller.com/astrogrowshop/image/70549522/imagen_4_25354.webp?1765384620",33554,"Fumetas",20990,"Moledor Galaxy Aluminio 63mm - Oro rosa","https://cdnx.jumpseller.com/fumetas-store/image/53914299/Moledor-Aluminio-Galaxy-63mm-Oro-Rosa.jpg?1763413314",1.05
0.60,Moledores,galaxy,galaxy,31199,"Astro Growshop",21990,"Moledor 63MM -Galaxy - azul","https://cdnx.jumpseller.com/astrogrowshop/image/74868796/imagen_4_25349.webp?1773937554",33703,"Fumetas",34990,"Moledor Galaxy Pro Model 63mm - Azul","https://cdnx.jumpseller.com/fumetas-store/image/57723091/Moledor-Pro-Model-Galaxy-60mm-Azul-4.jpg?1781631880",1.59
0.60,Moledores,galaxy,galaxy,31201,"Astro Growshop",21990,"Moledor 63MM -Galaxy - Rojo","https://cdnx.jumpseller.com/astrogrowshop/image/74868768/imagen_4_25366.webp?1773937552",33706,"Fumetas",34990,"Moledor Galaxy Pro Model 63mm - Rojo","https://cdnx.jumpseller.com/fumetas-store/image/70233820/Moledor-Galaxy-63mm-Rojo-2.jpg?1781631880",1.59
0.60,Moledores,galaxy,galaxy,31202,"Astro Growshop",21990,"Moledor 63MM -Galaxy - Morado","https://cdnx.jumpseller.com/astrogrowshop/image/74868756/imagen_3_25367.webp?1773937551",33704,"Fumetas",34990,"Moledor Galaxy Pro Model 63mm - Morado","https://cdnx.jumpseller.com/fumetas-store/image/62845104/New-Pro-Model-Moledor-Lila-2.jpg?1781631880",1.59
0.60,Moledores,galaxy,galaxy,31205,"Astro Growshop",21990,"Moledor 63MM -Galaxy - Negro","https://cdnx.jumpseller.com/astrogrowshop/image/74868792/imagen_3_25371.webp?1773937554",33698,"Fumetas",34990,"Moledor Galaxy Pro Model 63mm - Negro","https://cdnx.jumpseller.com/fumetas-store/image/57723112/Moledor-Pro-Model-Galaxy-60mm-Negro-4.jpg?1781631880",1.59
0.60,Moledores,galaxy,galaxy,31206,"Astro Growshop",21990,"Moledor 63MM -Galaxy - Dorado","https://cdnx.jumpseller.com/astrogrowshop/image/74868799/imagen_2_25342.webp?1773937555",33701,"Fumetas",34990,"Moledor Galaxy Pro Model 63mm - Dorado","https://cdnx.jumpseller.com/fumetas-store/image/58634496/Moledor-Pro-Model-Galaxy-60mm-Dorado-3.jpg?1781631880",1.59
0.60,Repuestos para bongs y vaporizadores,calvo,calvo,31349,"Astro Growshop",6990,"Quemador Perlas Macho 18Mm-Calvo Glass - Verde azulado","https://cdnx.jumpseller.com/astrogrowshop/image/74869182/imagen_1_16245.webp?1773937786",34779,"Fumetas",6890,"Calvo Glass Quemador Perlas - Macho 18mm - Azul Oscuro","https://cdnx.jumpseller.com/fumetas-store/image/33022392/QPCG-B.jpg?1761926756",1.01
0.60,Vaporizadores herbales,airistech,airistech,31355,"Astro Growshop",59990,"Vaporizador Herbva 5G Red-Airistech","https://cdnx.jumpseller.com/astrogrowshop/image/70927159/imagen_1_26725.webp?1766500105",36196,"Fumetas",45990,"Airistech Vaporizador Herbva Viva - Red","https://cdnx.jumpseller.com/fumetas-store/image/35190060/Airistech-Herbva-Viva-Red.webp?1684181711",1.30
0.60,Vaporizadores herbales,airistech,airistech,31355,"Astro Growshop",59990,"Vaporizador Herbva 5G Red-Airistech","https://cdnx.jumpseller.com/astrogrowshop/image/70927159/imagen_1_26725.webp?1766500105",36590,"Fumetas",59990,"Airistech Herbva X - Vaporizador multipropósito - Red","https://cdnx.jumpseller.com/fumetas-store/image/9308894/airistech-herbva-x-white__1_.jpg?1632747158",1.00
0.60,Bongs,bonglab,bonglab,31433,"Astro Growshop",51990,"Bongbastic -Bonglab - verde","https://cdnx.jumpseller.com/astrogrowshop/image/70218410/imagen_1_25330.webp?1764274358",34066,"Fumetas",67990,"Bonglab Bong K276 Bongbastic 45cm - Verde","https://cdnx.jumpseller.com/fumetas-store/image/20713008/Bong-K276-Green.jpg?1730773626",1.31
0.60,Bongs,bonglab,bonglab,31434,"Astro Growshop",51990,"Bongbastic -Bonglab - azul","https://cdnx.jumpseller.com/astrogrowshop/image/74869106/imagen_1_25327.webp?1773937691",34065,"Fumetas",67990,"Bonglab Bong K276 Bongbastic 45cm - Azul","https://cdnx.jumpseller.com/fumetas-store/image/20713006/Bong-K276-Blue.jpg?1730773626",1.31
0.60,Bongs,bonglab,bonglab,31435,"Astro Growshop",51990,"Bongbastic -Bonglab - Negro","https://cdnx.jumpseller.com/astrogrowshop/image/74869104/imagen_1_25331.webp?1773937691",34069,"Fumetas",67990,"Bonglab Bong K276 Bongbastic 45cm - Negro","https://cdnx.jumpseller.com/fumetas-store/image/22220142/bongbastic-k276-bonglab.jpg?1730773626",1.31
0.60,Encendedores y sopletes,clipper,clipper,31480,"Astro Growshop",6990,"Clipper Encendedor Metálico Silver Devil","https://cdnx.jumpseller.com/astrogrowshop/image/77967875/1920_20_282_29.webp?1781820039",34147,"Fumetas",6990,"Encendedor Clipper Metálico Silver - Brillante","https://cdnx.jumpseller.com/fumetas-store/image/51707422/SILVER.jpg?1723835330",1.00
0.60,Encendedores y sopletes,clipper,clipper,31480,"Astro Growshop",6990,"Clipper Encendedor Metálico Silver Devil","https://cdnx.jumpseller.com/astrogrowshop/image/77967875/1920_20_282_29.webp?1781820039",34148,"Fumetas",6990,"Encendedor Clipper Metálico Silver - Opaco","https://cdnx.jumpseller.com/fumetas-store/image/51707422/SILVER.jpg?1723835330",1.00
0.60,Bongs,bonglab,bonglab,31630,"Astro Growshop",24990,"Dream Rig-Bonglab - AMBAR","https://cdnx.jumpseller.com/astrogrowshop/image/70330412/imagen_1_26240.webp?1764695306",34684,"Fumetas",25990,"Bonglab Bong X4 Dream Rig 22cm - Ámbar","https://cdnx.jumpseller.com/fumetas-store/image/29748152/Bong-X4-Dream-Rig-Amber.jpg?1781110456",1.04
0.60,Bongs,bonglab,bonglab,31634,"Astro Growshop",24990,"Dream Rig-Bonglab - Negro","https://cdnx.jumpseller.com/astrogrowshop/image/74868942/imagen_2_27886.webp?1773937617",34685,"Fumetas",25990,"Bonglab Bong X4 Dream Rig 22cm - Negro","https://cdnx.jumpseller.com/fumetas-store/image/29748153/Bong-X4-Dream-Rig-Black.jpg?1781110456",1.04
0.60,Contenedores y estuches,ozeta,ozeta,31636,"Astro Growshop",30990,"Estuche Grande -Ozeta - Morado","https://cdnx.jumpseller.com/astrogrowshop/image/78155637/ESTUCHE_20GRANDE_20PURPLE-OZETA.webp?1782326250",34290,"Fumetas",36990,"Ozeta Estuche grande - Anti-olor - Morado","https://cdnx.jumpseller.com/fumetas-store/image/50254684/Estuche-Grande-Ozeta-Morado1.jpeg?1780285930",1.19
0.60,Contenedores y estuches,ozeta,ozeta,31637,"Astro Growshop",36990,"Estuche Grande -Ozeta - Negro","https://cdnx.jumpseller.com/astrogrowshop/image/78155641/6695dbee-245a-405b-9945-a732964d9760-Photoroom_20_281_29.webp?1782326250",34293,"Fumetas",36990,"Ozeta Estuche grande - Anti-olor - Negro","https://cdnx.jumpseller.com/fumetas-store/image/50254737/Estuche-Grande-Ozeta-Negro.jpeg?1780285930",1.00
0.60,Contenedores y estuches,ozeta,ozeta,31640,"Astro Growshop",27990,"Estuche Mediano -Ozeta - Morado","https://cdnx.jumpseller.com/astrogrowshop/image/78155548/ESTUCHE_20MEDIANO_20PURPLE-OZETA_20_281_29.webp?1782326101",34295,"Fumetas",32990,"Ozeta Estuche mediano - Anti-olor - Morado","https://cdnx.jumpseller.com/fumetas-store/image/50258699/Ozeta-Mediano-20246.jpeg?1774966454",1.18
0.60,Contenedores y estuches,ozeta,ozeta,31641,"Astro Growshop",29990,"Estuche Mediano -Ozeta - Negro","https://cdnx.jumpseller.com/astrogrowshop/image/78155551/858d8c5d-9c34-464c-8710-e6384a85da82-Photoroom_20_281_29.webp?1782326101",34294,"Fumetas",32990,"Ozeta Estuche mediano - Anti-olor - Negro","https://cdnx.jumpseller.com/fumetas-store/image/50258697/ozeta-mediano-202413.jpeg?1774966454",1.10
0.60,Contenedores y estuches,ozeta,ozeta,31644,"Astro Growshop",28990,"Estuche Pequeño -Ozeta - Morado","https://cdnx.jumpseller.com/astrogrowshop/image/78155828/5f8da5e8-60b5-4539-b692-4e3b135e7a97-Photoroom_20_282_29.webp?1782331217",34299,"Fumetas",28990,"Ozeta Estuche pequeño - Anti-olor - Morado","https://cdnx.jumpseller.com/fumetas-store/image/50294876/nuevo-estuche-pequen_o-ozeta-7.jpeg?1774967127",1.00
0.60,Contenedores y estuches,ozeta,ozeta,31645,"Astro Growshop",28990,"Estuche Pequeño -Ozeta - Negro","https://cdnx.jumpseller.com/astrogrowshop/image/70898288/imagen_3_11631.webp?1782331217",34298,"Fumetas",28990,"Ozeta Estuche pequeño - Anti-olor - Negro","https://cdnx.jumpseller.com/fumetas-store/image/36274081/Ozeta-Estuche-Peque_o-Negro.webp?1774967127",1.00
0.60,Bongs,bonglab,bonglab,31726,"Astro Growshop",55990,"The Sheikh 42Cm -Bonglab - Morado","https://cdnx.jumpseller.com/astrogrowshop/image/74869284/imagen_1_26062.webp?1781787537",34958,"Fumetas",75990,"Bonglab Bong The Sheikh 42cm - Negro","https://cdnx.jumpseller.com/fumetas-store/image/27034014/04_TheShe_A_Fumetas.jpg?1743439683",1.36
0.60,Bongs,bonglab,bonglab,31726,"Astro Growshop",55990,"The Sheikh 42Cm -Bonglab - Morado","https://cdnx.jumpseller.com/astrogrowshop/image/74869284/imagen_1_26062.webp?1781787537",34959,"Fumetas",75990,"Bonglab Bong The Sheikh 42cm - Azul","https://cdnx.jumpseller.com/fumetas-store/image/33977073/Bong-The-Sheikh-Blue.jpg?1743439683",1.36
0.60,Bongs,bonglab,bonglab,31726,"Astro Growshop",55990,"The Sheikh 42Cm -Bonglab - Morado","https://cdnx.jumpseller.com/astrogrowshop/image/74869284/imagen_1_26062.webp?1781787537",34960,"Fumetas",75990,"Bonglab Bong The Sheikh 42cm - Verde","https://cdnx.jumpseller.com/fumetas-store/image/27034013/03_TheShe_A_Fumetas.jpg?1743439683",1.36
0.60,Bongs,bonglab,bonglab,31726,"Astro Growshop",55990,"The Sheikh 42Cm -Bonglab - Morado","https://cdnx.jumpseller.com/astrogrowshop/image/74869284/imagen_1_26062.webp?1781787537",34961,"Fumetas",75990,"Bonglab Bong The Sheikh 42cm - Celeste","https://cdnx.jumpseller.com/fumetas-store/image/27034016/05_TheShe_A_Fumetas.jpg?1743439683",1.36
0.60,Bongs,bonglab,bonglab,31726,"Astro Growshop",55990,"The Sheikh 42Cm -Bonglab - Morado","https://cdnx.jumpseller.com/astrogrowshop/image/74869284/imagen_1_26062.webp?1781787537",34963,"Fumetas",75990,"Bonglab Bong The Sheikh 42cm - Rosado","https://cdnx.jumpseller.com/fumetas-store/image/27034012/02_TheShe_A_Fumetas.jpg?1743439683",1.36
0.60,Bongs,bonglab,bonglab,31726,"Astro Growshop",55990,"The Sheikh 42Cm -Bonglab - Morado","https://cdnx.jumpseller.com/astrogrowshop/image/74869284/imagen_1_26062.webp?1781787537",34964,"Fumetas",75990,"Bonglab Bong The Sheikh 42cm - Turquesa","https://cdnx.jumpseller.com/fumetas-store/image/25758597/Bong-The-Sheikh-Teal.jpg?1743439683",1.36
0.60,Bongs,bonglab,bonglab,31727,"Astro Growshop",55990,"The Sheikh 42Cm -Bonglab - verde","https://cdnx.jumpseller.com/astrogrowshop/image/74869285/imagen_2_27934.webp?1781787537",34958,"Fumetas",75990,"Bonglab Bong The Sheikh 42cm - Negro","https://cdnx.jumpseller.com/fumetas-store/image/27034014/04_TheShe_A_Fumetas.jpg?1743439683",1.36
0.60,Bongs,bonglab,bonglab,31727,"Astro Growshop",55990,"The Sheikh 42Cm -Bonglab - verde","https://cdnx.jumpseller.com/astrogrowshop/image/74869285/imagen_2_27934.webp?1781787537",34959,"Fumetas",75990,"Bonglab Bong The Sheikh 42cm - Azul","https://cdnx.jumpseller.com/fumetas-store/image/33977073/Bong-The-Sheikh-Blue.jpg?1743439683",1.36
0.60,Bongs,bonglab,bonglab,31727,"Astro Growshop",55990,"The Sheikh 42Cm -Bonglab - verde","https://cdnx.jumpseller.com/astrogrowshop/image/74869285/imagen_2_27934.webp?1781787537",34961,"Fumetas",75990,"Bonglab Bong The Sheikh 42cm - Celeste","https://cdnx.jumpseller.com/fumetas-store/image/27034016/05_TheShe_A_Fumetas.jpg?1743439683",1.36
0.60,Bongs,bonglab,bonglab,31727,"Astro Growshop",55990,"The Sheikh 42Cm -Bonglab - verde","https://cdnx.jumpseller.com/astrogrowshop/image/74869285/imagen_2_27934.webp?1781787537",34962,"Fumetas",75990,"Bonglab Bong The Sheikh 42cm - Morado","https://cdnx.jumpseller.com/fumetas-store/image/21381122/SHEIKHPIRPLEOFI.jpg?1743439683",1.36
0.60,Bongs,bonglab,bonglab,31727,"Astro Growshop",55990,"The Sheikh 42Cm -Bonglab - verde","https://cdnx.jumpseller.com/astrogrowshop/image/74869285/imagen_2_27934.webp?1781787537",34963,"Fumetas",75990,"Bonglab Bong The Sheikh 42cm - Rosado","https://cdnx.jumpseller.com/fumetas-store/image/27034012/02_TheShe_A_Fumetas.jpg?1743439683",1.36
0.60,Bongs,bonglab,bonglab,31727,"Astro Growshop",55990,"The Sheikh 42Cm -Bonglab - verde","https://cdnx.jumpseller.com/astrogrowshop/image/74869285/imagen_2_27934.webp?1781787537",34964,"Fumetas",75990,"Bonglab Bong The Sheikh 42cm - Turquesa","https://cdnx.jumpseller.com/fumetas-store/image/25758597/Bong-The-Sheikh-Teal.jpg?1743439683",1.36
0.60,Bongs,bonglab,bonglab,31728,"Astro Growshop",55990,"The Sheikh 42Cm -Bonglab - azul","https://cdnx.jumpseller.com/astrogrowshop/image/74869289/imagen_1_27939.webp?1781787537",34958,"Fumetas",75990,"Bonglab Bong The Sheikh 42cm - Negro","https://cdnx.jumpseller.com/fumetas-store/image/27034014/04_TheShe_A_Fumetas.jpg?1743439683",1.36
0.60,Bongs,bonglab,bonglab,31728,"Astro Growshop",55990,"The Sheikh 42Cm -Bonglab - azul","https://cdnx.jumpseller.com/astrogrowshop/image/74869289/imagen_1_27939.webp?1781787537",34960,"Fumetas",75990,"Bonglab Bong The Sheikh 42cm - Verde","https://cdnx.jumpseller.com/fumetas-store/image/27034013/03_TheShe_A_Fumetas.jpg?1743439683",1.36
0.60,Bongs,bonglab,bonglab,31728,"Astro Growshop",55990,"The Sheikh 42Cm -Bonglab - azul","https://cdnx.jumpseller.com/astrogrowshop/image/74869289/imagen_1_27939.webp?1781787537",34961,"Fumetas",75990,"Bonglab Bong The Sheikh 42cm - Celeste","https://cdnx.jumpseller.com/fumetas-store/image/27034016/05_TheShe_A_Fumetas.jpg?1743439683",1.36
0.60,Bongs,bonglab,bonglab,31728,"Astro Growshop",55990,"The Sheikh 42Cm -Bonglab - azul","https://cdnx.jumpseller.com/astrogrowshop/image/74869289/imagen_1_27939.webp?1781787537",34962,"Fumetas",75990,"Bonglab Bong The Sheikh 42cm - Morado","https://cdnx.jumpseller.com/fumetas-store/image/21381122/SHEIKHPIRPLEOFI.jpg?1743439683",1.36
0.60,Bongs,bonglab,bonglab,31728,"Astro Growshop",55990,"The Sheikh 42Cm -Bonglab - azul","https://cdnx.jumpseller.com/astrogrowshop/image/74869289/imagen_1_27939.webp?1781787537",34963,"Fumetas",75990,"Bonglab Bong The Sheikh 42cm - Rosado","https://cdnx.jumpseller.com/fumetas-store/image/27034012/02_TheShe_A_Fumetas.jpg?1743439683",1.36
0.60,Bongs,bonglab,bonglab,31728,"Astro Growshop",55990,"The Sheikh 42Cm -Bonglab - azul","https://cdnx.jumpseller.com/astrogrowshop/image/74869289/imagen_1_27939.webp?1781787537",34964,"Fumetas",75990,"Bonglab Bong The Sheikh 42cm - Turquesa","https://cdnx.jumpseller.com/fumetas-store/image/25758597/Bong-The-Sheikh-Teal.jpg?1743439683",1.36
0.60,Bongs,bonglab,bonglab,31729,"Astro Growshop",55990,"The Sheikh 42Cm -Bonglab - Rosa","https://cdnx.jumpseller.com/astrogrowshop/image/77945787/23b256bb-8813-4521-9790-52b96ae10a0e-Photoroom.webp?1781787538",34958,"Fumetas",75990,"Bonglab Bong The Sheikh 42cm - Negro","https://cdnx.jumpseller.com/fumetas-store/image/27034014/04_TheShe_A_Fumetas.jpg?1743439683",1.36
0.60,Bongs,bonglab,bonglab,31729,"Astro Growshop",55990,"The Sheikh 42Cm -Bonglab - Rosa","https://cdnx.jumpseller.com/astrogrowshop/image/77945787/23b256bb-8813-4521-9790-52b96ae10a0e-Photoroom.webp?1781787538",34959,"Fumetas",75990,"Bonglab Bong The Sheikh 42cm - Azul","https://cdnx.jumpseller.com/fumetas-store/image/33977073/Bong-The-Sheikh-Blue.jpg?1743439683",1.36
0.60,Bongs,bonglab,bonglab,31729,"Astro Growshop",55990,"The Sheikh 42Cm -Bonglab - Rosa","https://cdnx.jumpseller.com/astrogrowshop/image/77945787/23b256bb-8813-4521-9790-52b96ae10a0e-Photoroom.webp?1781787538",34960,"Fumetas",75990,"Bonglab Bong The Sheikh 42cm - Verde","https://cdnx.jumpseller.com/fumetas-store/image/27034013/03_TheShe_A_Fumetas.jpg?1743439683",1.36
0.60,Bongs,bonglab,bonglab,31729,"Astro Growshop",55990,"The Sheikh 42Cm -Bonglab - Rosa","https://cdnx.jumpseller.com/astrogrowshop/image/77945787/23b256bb-8813-4521-9790-52b96ae10a0e-Photoroom.webp?1781787538",34961,"Fumetas",75990,"Bonglab Bong The Sheikh 42cm - Celeste","https://cdnx.jumpseller.com/fumetas-store/image/27034016/05_TheShe_A_Fumetas.jpg?1743439683",1.36
0.60,Bongs,bonglab,bonglab,31729,"Astro Growshop",55990,"The Sheikh 42Cm -Bonglab - Rosa","https://cdnx.jumpseller.com/astrogrowshop/image/77945787/23b256bb-8813-4521-9790-52b96ae10a0e-Photoroom.webp?1781787538",34962,"Fumetas",75990,"Bonglab Bong The Sheikh 42cm - Morado","https://cdnx.jumpseller.com/fumetas-store/image/21381122/SHEIKHPIRPLEOFI.jpg?1743439683",1.36
0.60,Bongs,bonglab,bonglab,31729,"Astro Growshop",55990,"The Sheikh 42Cm -Bonglab - Rosa","https://cdnx.jumpseller.com/astrogrowshop/image/77945787/23b256bb-8813-4521-9790-52b96ae10a0e-Photoroom.webp?1781787538",34963,"Fumetas",75990,"Bonglab Bong The Sheikh 42cm - Rosado","https://cdnx.jumpseller.com/fumetas-store/image/27034012/02_TheShe_A_Fumetas.jpg?1743439683",1.36
0.60,Bongs,bonglab,bonglab,31729,"Astro Growshop",55990,"The Sheikh 42Cm -Bonglab - Rosa","https://cdnx.jumpseller.com/astrogrowshop/image/77945787/23b256bb-8813-4521-9790-52b96ae10a0e-Photoroom.webp?1781787538",34964,"Fumetas",75990,"Bonglab Bong The Sheikh 42cm - Turquesa","https://cdnx.jumpseller.com/fumetas-store/image/25758597/Bong-The-Sheikh-Teal.jpg?1743439683",1.36
0.60,Bongs,bonglab,bonglab,31732,"Astro Growshop",55990,"The Sheikh 42Cm -Bonglab - Negro","https://cdnx.jumpseller.com/astrogrowshop/image/74869292/imagen_1_27932.webp?1781787537",34959,"Fumetas",75990,"Bonglab Bong The Sheikh 42cm - Azul","https://cdnx.jumpseller.com/fumetas-store/image/33977073/Bong-The-Sheikh-Blue.jpg?1743439683",1.36
0.60,Bongs,bonglab,bonglab,31732,"Astro Growshop",55990,"The Sheikh 42Cm -Bonglab - Negro","https://cdnx.jumpseller.com/astrogrowshop/image/74869292/imagen_1_27932.webp?1781787537",34960,"Fumetas",75990,"Bonglab Bong The Sheikh 42cm - Verde","https://cdnx.jumpseller.com/fumetas-store/image/27034013/03_TheShe_A_Fumetas.jpg?1743439683",1.36
0.60,Bongs,bonglab,bonglab,31732,"Astro Growshop",55990,"The Sheikh 42Cm -Bonglab - Negro","https://cdnx.jumpseller.com/astrogrowshop/image/74869292/imagen_1_27932.webp?1781787537",34961,"Fumetas",75990,"Bonglab Bong The Sheikh 42cm - Celeste","https://cdnx.jumpseller.com/fumetas-store/image/27034016/05_TheShe_A_Fumetas.jpg?1743439683",1.36
0.60,Bongs,bonglab,bonglab,31732,"Astro Growshop",55990,"The Sheikh 42Cm -Bonglab - Negro","https://cdnx.jumpseller.com/astrogrowshop/image/74869292/imagen_1_27932.webp?1781787537",34962,"Fumetas",75990,"Bonglab Bong The Sheikh 42cm - Morado","https://cdnx.jumpseller.com/fumetas-store/image/21381122/SHEIKHPIRPLEOFI.jpg?1743439683",1.36
0.60,Bongs,bonglab,bonglab,31732,"Astro Growshop",55990,"The Sheikh 42Cm -Bonglab - Negro","https://cdnx.jumpseller.com/astrogrowshop/image/74869292/imagen_1_27932.webp?1781787537",34963,"Fumetas",75990,"Bonglab Bong The Sheikh 42cm - Rosado","https://cdnx.jumpseller.com/fumetas-store/image/27034012/02_TheShe_A_Fumetas.jpg?1743439683",1.36
0.60,Bongs,bonglab,bonglab,31732,"Astro Growshop",55990,"The Sheikh 42Cm -Bonglab - Negro","https://cdnx.jumpseller.com/astrogrowshop/image/74869292/imagen_1_27932.webp?1781787537",34964,"Fumetas",75990,"Bonglab Bong The Sheikh 42cm - Turquesa","https://cdnx.jumpseller.com/fumetas-store/image/25758597/Bong-The-Sheikh-Teal.jpg?1743439683",1.36
0.60,Bongs,bonglab,bonglab,31764,"Astro Growshop",50990,"Mercurial KH1-Bonglab - KH1","https://cdnx.jumpseller.com/astrogrowshop/image/74869143/imagen_1_10011.webp?1773937739",34952,"Fumetas",47990,"BongLab Bong KH1 Mercurial 24cm - Tornasol","https://cdnx.jumpseller.com/fumetas-store/image/34397552/Bong-Mercurial-KH1-Tornasol.webp?1682272573",1.06
0.60,Bongs,bonglab,bonglab,31764,"Astro Growshop",50990,"Mercurial KH1-Bonglab - KH1","https://cdnx.jumpseller.com/astrogrowshop/image/74869143/imagen_1_10011.webp?1773937739",34953,"Fumetas",47990,"BongLab Bong KH1 Mercurial 24cm - Gris","https://cdnx.jumpseller.com/fumetas-store/image/34397551/Bong-Mercurial-KH1-Gris.webp?1682272573",1.06
0.60,Bongs,bonglab,bonglab,31764,"Astro Growshop",50990,"Mercurial KH1-Bonglab - KH1","https://cdnx.jumpseller.com/astrogrowshop/image/74869143/imagen_1_10011.webp?1773937739",34954,"Fumetas",47990,"BongLab Bong KH1 Mercurial 24cm - Azul","https://cdnx.jumpseller.com/fumetas-store/image/34397549/Bong-Mercurial-KH1-Azul.webp?1682272573",1.06
0.60,Contenedores y estuches,ryot,ryot,31800,"Astro Growshop",34990,"Estuche Roller Wallet -Ryot - CAMO","https://cdnx.jumpseller.com/astrogrowshop/image/75999949/imagen_1_16963.webp?1778872308",34345,"Fumetas",23481,"Ryot Estuche Roller Wallet - Kamo","https://cdnx.jumpseller.com/fumetas-store/image/40329215/Ryot-Roller-Wallet-Kamo.jpg?1696026911",1.49
0.60,Accesorios de extraccion,calvo,calvo,32376,"Astro Growshop",15990,"Bateria 510 Led 400Mah -Calvo Glass - COSMIC BLACK","https://cdnx.jumpseller.com/astrogrowshop/image/72467795/imagen_1_28411.webp?1769629238",37327,"Fumetas",14990,"Calvo Batería Pro Led Cartridge 510 - Cosmic Black","https://cdnx.jumpseller.com/fumetas-store/image/59873292/Bateria-Cartridge-510-LED-Calvo-Glass-Cosmic-Black.webp?1738801470",1.07
0.60,Accesorios de extraccion,yocan,yocan,32808,"Astro Growshop",65990,"VAPORIZADOR HIERBA SECA VANE- YOCAN - Morado","https://cdnx.jumpseller.com/astrogrowshop/image/73162660/YocanVane2PortableHerbVaporizer-Violet.webp?1770744654",35428,"Fumetas",69990,"Vaporizador Yocan Vane 2 - Morado","https://cdnx.jumpseller.com/fumetas-store/image/64148412/yocan-vane-2-fumetas-store.jpg?1748987028",1.06
0.60,Accesorios de extraccion,yocan,yocan,32810,"Astro Growshop",65990,"VAPORIZADOR HIERBA SECA VANE- YOCAN - Negro","https://cdnx.jumpseller.com/astrogrowshop/image/73162661/VAPORIZADOR_HIERBA_VANE2_YOCAN_BLACK.webp?1770744654",35427,"Fumetas",69990,"Vaporizador Yocan Vane 2 - Negro","https://cdnx.jumpseller.com/fumetas-store/image/64148414/yocan-vane2-negro-fumetas-store.jpg?1748987028",1.06
0.60,Accesorios de extraccion,yocan,yocan,32810,"Astro Growshop",65990,"VAPORIZADOR HIERBA SECA VANE- YOCAN - Negro","https://cdnx.jumpseller.com/astrogrowshop/image/73162661/VAPORIZADOR_HIERBA_VANE2_YOCAN_BLACK.webp?1770744654",36608,"Fumetas",69990,"Yocan Vaporizador Vane - Negro","https://cdnx.jumpseller.com/fumetas-store/image/16953532/Vane-Black.jpg?1696523125",1.06
0.60,Vaporizadores herbales,airistech,airistech,33396,"Astro Growshop",69990,"Vaporizador Nokiva Kit-Airistech - Blanco","https://cdnx.jumpseller.com/astrogrowshop/image/70927198/imagen_1_26742.webp?1766500266",36192,"Fumetas",76990,"Airistech Vaporizador Herbva Nokiva - Blanco","https://cdnx.jumpseller.com/fumetas-store/image/34388819/Vaporizador-Herbva-Nokiva-White.webp?1682222355",1.10
0.60,Vaporizadores herbales,airistech,airistech,33397,"Astro Growshop",69990,"Vaporizador Nokiva Kit-Airistech - Negro","https://cdnx.jumpseller.com/astrogrowshop/image/72471113/imagen_2_26743.webp?1769629754",36191,"Fumetas",76990,"Airistech Vaporizador Herbva Nokiva - Negro","https://cdnx.jumpseller.com/fumetas-store/image/34388813/Vaporizador-Herbva-Nokiva-Black.webp?1682222355",1.10
0.60,Vaporizadores herbales,airistech,airistech,33398,"Astro Growshop",69990,"Vaporizador Nokiva Kit-Airistech - Rojo","https://cdnx.jumpseller.com/astrogrowshop/image/72471119/imagen_2_26741.webp?1769629754",36193,"Fumetas",76990,"Airistech Vaporizador Herbva Nokiva - Rojo","https://cdnx.jumpseller.com/fumetas-store/image/34388818/Vaporizador-Herbva-Nokiva-Red.webp?1682222355",1.10
0.57,Pipas,calvo,calvo,1540,"Fumetas",11992,"Calvo Glass Pipa Wig Wag 12cm","https://cdnx.jumpseller.com/fumetas-store/image/23121897/HP-2103B_MT.jpg?1648923881",31773,"Astro Growshop",27990,"Wig Wag Hammer Pipe-Calvo Glass - Blanco","https://cdnx.jumpseller.com/astrogrowshop/image/70330026/imagen_1_23121.webp?1764694350",2.33
0.57,Pipas,calvo,calvo,1540,"Fumetas",11992,"Calvo Glass Pipa Wig Wag 12cm","https://cdnx.jumpseller.com/fumetas-store/image/23121897/HP-2103B_MT.jpg?1648923881",31774,"Astro Growshop",27990,"Wig Wag Hammer Pipe-Calvo Glass - Negro","https://cdnx.jumpseller.com/astrogrowshop/image/72470760/imagen_1_23118.webp?1769629664",2.33
0.57,Pipas,calvo,calvo,1540,"Fumetas",11992,"Calvo Glass Pipa Wig Wag 12cm","https://cdnx.jumpseller.com/fumetas-store/image/23121897/HP-2103B_MT.jpg?1648923881",31775,"Astro Growshop",29990,"Wig Wag Hammer Pipe-Calvo Glass - ORANGE","https://cdnx.jumpseller.com/astrogrowshop/image/72470758/imagen_1_23120.webp?1769629664",2.50
0.57,Bongs,calvo,calvo,2999,"Fumetas",69990,"Calvo Glass Bong Beaker Dragon Ball Z 40cm","https://cdnx.jumpseller.com/fumetas-store/image/9383249/Bong_Calvo_Beaker_Dragon_Ball_Z.jpg?1600364766",32719,"Astro Growshop",36990,"Rig Dragon Ball Z -Calvo Glass - Morado","https://cdnx.jumpseller.com/astrogrowshop/image/70309634/imagen_3_28731.webp?1764619024",1.89
0.57,Bongs,calvo,calvo,2999,"Fumetas",69990,"Calvo Glass Bong Beaker Dragon Ball Z 40cm","https://cdnx.jumpseller.com/fumetas-store/image/9383249/Bong_Calvo_Beaker_Dragon_Ball_Z.jpg?1600364766",32720,"Astro Growshop",36990,"Rig Dragon Ball Z -Calvo Glass - verde","https://cdnx.jumpseller.com/astrogrowshop/image/74869195/imagen_3_28734.webp?1773937790",1.89
0.57,Pipas,hemper,hemper,11076,"Piranha",2952,"Hemper Quick Hitter Natural | PIRANHA","https://piranha.cl/20347-thickbox_default/hemper-quick-hitter-desechable-natural-2u.jpg",34027,"Fumetas",3951,"Hemper Quick Hitter Multiuso x2 - Natural","https://cdnx.jumpseller.com/fumetas-store/image/57721363/Hemper-Quick-Hitters-Natural.webp?1732883125",1.34
0.57,Pipas,hemper,hemper,11077,"Piranha",3469,"Hemper Quick Hitter Mango | PIRANHA","https://piranha.cl/20351-thickbox_default/hemper-quick-hitter-desechable-mango-2u.jpg",34023,"Fumetas",3951,"Hemper Quick Hitter Multiuso x2 - Mango","https://cdnx.jumpseller.com/fumetas-store/image/35860235/Hemper-Quick-Hitters-Mango-2.webp?1732883124",1.14
0.57,Pipas,hemper,hemper,11078,"Piranha",2214,"Hemper Quick Hitter Banana | PIRANHA","https://piranha.cl/20355-thickbox_default/hemper-quick-hitter-desechable-banana-2u.jpg",34026,"Fumetas",3951,"Hemper Quick Hitter Multiuso x2 - Banana","https://cdnx.jumpseller.com/fumetas-store/image/36131146/Hemper-Quick-Hitters-Banana-2.webp?1732883124",1.78
0.57,Conos y blunts,blunt-wrap,blunt-wrap,12002,"Astro Growshop",990,"Platinium X2 Grape 1U- Blunt Wrap","https://cdnx.jumpseller.com/astrogrowshop/image/70140819/imagen_1_26794.webp?1764094729",35261,"Fumetas",990,"Blunt Wrap Platinum x2 - Grape","https://cdnx.jumpseller.com/fumetas-store/image/8170817/Blunt_Wrap.jpg?1651258663",1.00
0.57,Conos y blunts,blunt-wrap,blunt-wrap,12003,"Astro Growshop",990,"Platinium X2 Mojito 1U- Blunt Wrap","https://cdnx.jumpseller.com/astrogrowshop/image/70140852/imagen_1_26801.webp?1764094750",35263,"Fumetas",990,"Blunt Wrap Platinum x2 - Mojito","https://cdnx.jumpseller.com/fumetas-store/image/8170817/Blunt_Wrap.jpg?1651258663",1.00
0.57,Conos y blunts,blunt-wrap,blunt-wrap,12004,"Astro Growshop",990,"Platinium X2 Zero 1U- Blunt Wrap","https://cdnx.jumpseller.com/astrogrowshop/image/70140903/imagen_1_26799.webp?1764094821",35273,"Fumetas",990,"Blunt Wrap Platinum x2 - Zero","https://cdnx.jumpseller.com/fumetas-store/image/8170817/Blunt_Wrap.jpg?1651258663",1.00
0.57,Contenedores y estuches,bonglab,bonglab,12190,"Astro Growshop",29990,"Jar Rojo 12Oz-Bonglab Re: Stash","https://cdnx.jumpseller.com/astrogrowshop/image/70138366/imagen_1_25903.webp?1764093609",35286,"Fumetas",29990,"BongLab Contenedor Re:Stash 12oz - Negro","https://cdnx.jumpseller.com/fumetas-store/image/12960904/bonglab-re-stash-jar-negro-12oz.jpg?1716155977",1.00
0.57,Contenedores y estuches,bonglab,bonglab,12190,"Astro Growshop",29990,"Jar Rojo 12Oz-Bonglab Re: Stash","https://cdnx.jumpseller.com/astrogrowshop/image/70138366/imagen_1_25903.webp?1764093609",35287,"Fumetas",29990,"BongLab Contenedor Re:Stash 12oz - Celeste","https://cdnx.jumpseller.com/fumetas-store/image/12960903/bonglab-re-stash-jar-celeste-12oz__1_.jpg?1716155977",1.00
0.57,Contenedores y estuches,bonglab,bonglab,12190,"Astro Growshop",29990,"Jar Rojo 12Oz-Bonglab Re: Stash","https://cdnx.jumpseller.com/astrogrowshop/image/70138366/imagen_1_25903.webp?1764093609",35289,"Fumetas",29990,"BongLab Contenedor Re:Stash 12oz - Rasta","https://cdnx.jumpseller.com/fumetas-store/image/31917727/Rasta_12oz.jpg?1716155977",1.00
0.57,Conos y blunts,blunt-wrap,blunt-wrap,12223,"Astro Growshop",990,"Blunt Wrap French Vainilla 2X","https://cdnx.jumpseller.com/astrogrowshop/image/71499590/15400.webp?1767642483",35259,"Fumetas",990,"Blunt Wrap Platinum x2 - French Vainilla","https://cdnx.jumpseller.com/fumetas-store/image/8170817/Blunt_Wrap.jpg?1651258663",1.00
0.57,Repuestos para bongs y vaporizadores,,calvo,12450,"Astro Growshop",3990,"Quemador Bong Cuerno Macho 14Mm","https://cdnx.jumpseller.com/astrogrowshop/image/70132757/imagen_1_28250.webp?1764084659",35020,"Fumetas",8990,"Calvo Glass Quemador cuerno - Macho 14mm - Azul","https://cdnx.jumpseller.com/fumetas-store/image/75346018/Quemador-cuerno-calvo-azul.jpg?1774903153",2.25
0.57,Repuestos para bongs y vaporizadores,,calvo,12450,"Astro Growshop",3990,"Quemador Bong Cuerno Macho 14Mm","https://cdnx.jumpseller.com/astrogrowshop/image/70132757/imagen_1_28250.webp?1764084659",35021,"Fumetas",8990,"Calvo Glass Quemador cuerno - Macho 14mm - Amarillo","https://cdnx.jumpseller.com/fumetas-store/image/75346019/Quemador-cuerno-calvo-amarillo.jpg?1774903153",2.25
0.57,Conos y blunts,raw,raw,12452,"Astro Growshop",9990,"RESERVA CONTENEDOR HERMÉTICO Y ARMADOR DE CONOS-RAW","https://cdnx.jumpseller.com/astrogrowshop/image/73810183/AYPRAWCHARC.webp?1772042504",14286,"Piranha",9990,"Contenedor RAW Reserva (Hermético y rellenador de conos) | PIRANHA","https://piranha.cl/17727-thickbox_default/contenedor-raw-reserva-hermetico-rellenador-de-conos.jpg",1.00
0.57,Otros parafernalia,bonglab,bonglab,12588,"Astro Growshop",26990,"White Shirt Smoker Life Xl-Bonglab","https://cdnx.jumpseller.com/astrogrowshop/image/70894668/imagen_2_10062.webp?1766427853",36509,"Fumetas",21990,"Polera Bonglab Smoker Life - XL","https://cdnx.jumpseller.com/fumetas-store/image/58283533/white-shirt-smoker-life-bonglab__1_.jpg?1741629607",1.23
0.57,Repuestos para bongs y vaporizadores,bonglab,bonglab,12842,"Fumetas",6990,"Bonglab Quemador - Hembra 14mm 2.0","https://cdnx.jumpseller.com/fumetas-store/image/26643497/quemador-hembra-14mm-bonglab.jpg?1661575751",31282,"Astro Growshop",4990,"Quemador Bowl Chico Hembra 14Mm - Bonglab - azul","https://cdnx.jumpseller.com/astrogrowshop/image/72537894/QUEMADOR-BOWL-CHICA-HEMBRA-18.webp?1769788384",1.40
0.57,Repuestos para bongs y vaporizadores,bonglab,bonglab,12842,"Fumetas",6990,"Bonglab Quemador - Hembra 14mm 2.0","https://cdnx.jumpseller.com/fumetas-store/image/26643497/quemador-hembra-14mm-bonglab.jpg?1661575751",31284,"Astro Growshop",4990,"Quemador Bowl Chico Hembra 14Mm - Bonglab - GOLDEN","https://cdnx.jumpseller.com/astrogrowshop/image/72537928/QUEMADOR-BOWL-CHICA-HEMBRA-18-gold.jpg?1769788384",1.40
0.57,Repuestos para bongs y vaporizadores,bonglab,bonglab,12842,"Fumetas",6990,"Bonglab Quemador - Hembra 14mm 2.0","https://cdnx.jumpseller.com/fumetas-store/image/26643497/quemador-hembra-14mm-bonglab.jpg?1661575751",31285,"Astro Growshop",4990,"Quemador Bowl Chico Hembra 14Mm - Bonglab - Morado","https://cdnx.jumpseller.com/astrogrowshop/image/72537898/QUEMADOR-BOWL-CHICA-HEMBRA-18morado.webp?1769788384",1.40
0.57,Repuestos para bongs y vaporizadores,bonglab,bonglab,12842,"Fumetas",6990,"Bonglab Quemador - Hembra 14mm 2.0","https://cdnx.jumpseller.com/fumetas-store/image/26643497/quemador-hembra-14mm-bonglab.jpg?1661575751",31286,"Astro Growshop",4990,"Quemador Bowl Chico Hembra 14Mm - Bonglab - Rosa","https://cdnx.jumpseller.com/astrogrowshop/image/72537902/QUEMADOR-BOWL-CHICA-HEMBRA-18-pink.webp?1769788384",1.40
0.57,Repuestos para bongs y vaporizadores,bonglab,bonglab,12843,"Fumetas",4990,"Bonglab Quemador Hembra 14mm Clear","https://cdnx.jumpseller.com/fumetas-store/image/17581472/bonglab-quemador-clear-hembra-18-mm.jpg?1632505801",31400,"Astro Growshop",4990,"Quemador Hembra 14Mm -Bonglab - MILK GREEN","https://cdnx.jumpseller.com/astrogrowshop/image/74869487/imagen_1_26374.webp?1773937973",1.00
0.57,Repuestos para bongs y vaporizadores,bonglab,bonglab,12843,"Fumetas",4990,"Bonglab Quemador Hembra 14mm Clear","https://cdnx.jumpseller.com/fumetas-store/image/17581472/bonglab-quemador-clear-hembra-18-mm.jpg?1632505801",31421,"Astro Growshop",5990,"Quemador Perlas Macho 14Mm - Bonglab - CLEAR","https://cdnx.jumpseller.com/astrogrowshop/image/72500878/quemador-macho-simpleperla-clear.webp?1769788145",1.20
0.57,Repuestos para bongs y vaporizadores,bonglab,bonglab,13176,"Fumetas",5990,"BongLab Quemador Large Bowl - Macho 14mm","https://cdnx.jumpseller.com/fumetas-store/image/30831852/BongLab-Quemador-Large-Bowl-Macho-14mm.jpg?1673550973",31403,"Astro Growshop",6990,"Quemador Macho 14Mm -Bonglab - Morado","https://cdnx.jumpseller.com/astrogrowshop/image/70324886/imagen_1_27099.webp?1774966171",1.17
0.57,Repuestos para bongs y vaporizadores,bonglab,bonglab,13176,"Fumetas",5990,"BongLab Quemador Large Bowl - Macho 14mm","https://cdnx.jumpseller.com/fumetas-store/image/30831852/BongLab-Quemador-Large-Bowl-Macho-14mm.jpg?1673550973",31405,"Astro Growshop",5990,"Quemador Macho 14Mm -Bonglab - Rosa","https://cdnx.jumpseller.com/astrogrowshop/image/72470754/imagen_1_27100.webp?1774966171",1.00
0.57,Repuestos para bongs y vaporizadores,bonglab,bonglab,13176,"Fumetas",5990,"BongLab Quemador Large Bowl - Macho 14mm","https://cdnx.jumpseller.com/fumetas-store/image/30831852/BongLab-Quemador-Large-Bowl-Macho-14mm.jpg?1673550973",31406,"Astro Growshop",6990,"Quemador Macho 14Mm -Bonglab - Negro","https://cdnx.jumpseller.com/astrogrowshop/image/72470752/imagen_1_27101.webp?1774966171",1.17
0.57,Repuestos para bongs y vaporizadores,bonglab,bonglab,13176,"Fumetas",5990,"BongLab Quemador Large Bowl - Macho 14mm","https://cdnx.jumpseller.com/fumetas-store/image/30831852/BongLab-Quemador-Large-Bowl-Macho-14mm.jpg?1673550973",31407,"Astro Growshop",3990,"Quemador Macho 14Mm -Bonglab - CLEAR","https://cdnx.jumpseller.com/astrogrowshop/image/75392320/imagen_1_14600.webp?1774966171",1.50
0.57,Repuestos para bongs y vaporizadores,bonglab,bonglab,13176,"Fumetas",5990,"BongLab Quemador Large Bowl - Macho 14mm","https://cdnx.jumpseller.com/fumetas-store/image/30831852/BongLab-Quemador-Large-Bowl-Macho-14mm.jpg?1673550973",31408,"Astro Growshop",3990,"Quemador Macho 14Mm -Bonglab - GENERICO","https://cdnx.jumpseller.com/astrogrowshop/image/74868608/imagen_1_14183.webp?1774966171",1.50
0.57,Otros parafernalia,blazy-susan,blazy-susan,13623,"Fumetas",6990,"Blazy Susan Cotonitos Pink 300 Unidades","https://cdnx.jumpseller.com/fumetas-store/image/49849475/Cotonitos-300-Unidades-Blazy-Susan.jpg?1718664772",31790,"Astro Growshop",3990,"Cotonitos Pink -Blazy Susan - 100 UND","https://cdnx.jumpseller.com/astrogrowshop/image/75998933/imagen_1_22585.webp?1776874261",1.75
0.57,Bongs,bonglab,bonglab,17736,"Astro Growshop",33990,"Pack Bong Bonglab Classic Ice KS11","https://cdnx.jumpseller.com/astrogrowshop/image/77660378/Pack-Classic-Ice-ambar-Bonglab_1.webp?1781190863",34671,"Fumetas",22990,"Bonglab Bong KS11 Classic Ice 26cm - Negro","https://cdnx.jumpseller.com/fumetas-store/image/39016076/BongLab-KS11-Classic-Ice-Black.jpg?1781110367",1.48
0.57,Bongs,bonglab,bonglab,17736,"Astro Growshop",33990,"Pack Bong Bonglab Classic Ice KS11","https://cdnx.jumpseller.com/astrogrowshop/image/77660378/Pack-Classic-Ice-ambar-Bonglab_1.webp?1781190863",34672,"Fumetas",22990,"Bonglab Bong KS11 Classic Ice 26cm - Rosado","https://cdnx.jumpseller.com/fumetas-store/image/39016079/BongLab-KS11-Classic-Ice-Pink.jpg?1781110367",1.48
0.57,Bongs,bonglab,bonglab,17736,"Astro Growshop",33990,"Pack Bong Bonglab Classic Ice KS11","https://cdnx.jumpseller.com/astrogrowshop/image/77660378/Pack-Classic-Ice-ambar-Bonglab_1.webp?1781190863",34673,"Fumetas",22990,"Bonglab Bong KS11 Classic Ice 26cm - Verde","https://cdnx.jumpseller.com/fumetas-store/image/39016078/BongLab-KS11-Classic-Ice-Green.jpg?1781110367",1.48
0.57,Bongs,bonglab,bonglab,17736,"Astro Growshop",33990,"Pack Bong Bonglab Classic Ice KS11","https://cdnx.jumpseller.com/astrogrowshop/image/77660378/Pack-Classic-Ice-ambar-Bonglab_1.webp?1781190863",34674,"Fumetas",22990,"Bonglab Bong KS11 Classic Ice 26cm - Azul","https://cdnx.jumpseller.com/fumetas-store/image/39016077/BongLab-KS11-Classic-Ice-Blue.jpg?1781110367",1.48
0.57,Bongs,bonglab,bonglab,17736,"Astro Growshop",33990,"Pack Bong Bonglab Classic Ice KS11","https://cdnx.jumpseller.com/astrogrowshop/image/77660378/Pack-Classic-Ice-ambar-Bonglab_1.webp?1781190863",34675,"Fumetas",22990,"Bonglab Bong KS11 Classic Ice 26cm - Ámbar","https://cdnx.jumpseller.com/fumetas-store/image/39016075/BongLab-KS11-Classic-Ice-Amber.jpg?1781110367",1.48
0.57,Bongs,bonglab,bonglab,17737,"Astro Growshop",33990,"Pack Bong Bonglab Little Buchner KS10","https://cdnx.jumpseller.com/astrogrowshop/image/77661049/Pack-Little-Buchner-black-Bonglab.webp?1781198112",37482,"Fumetas",22990,"Bonglab Bong KS10 Little Buchner 25cm - Rosado","https://cdnx.jumpseller.com/fumetas-store/image/37254573/BongLab-KS10-Little-Buchner-Pink.jpg?1781034312",1.48
0.57,Bongs,bonglab,bonglab,17737,"Astro Growshop",33990,"Pack Bong Bonglab Little Buchner KS10","https://cdnx.jumpseller.com/astrogrowshop/image/77661049/Pack-Little-Buchner-black-Bonglab.webp?1781198112",37483,"Fumetas",22990,"Bonglab Bong KS10 Little Buchner 25cm - Negro","https://cdnx.jumpseller.com/fumetas-store/image/37254577/BongLab-KS10-Little-Buchner-Black.jpg?1781034312",1.48
0.57,Bongs,bonglab,bonglab,17737,"Astro Growshop",33990,"Pack Bong Bonglab Little Buchner KS10","https://cdnx.jumpseller.com/astrogrowshop/image/77661049/Pack-Little-Buchner-black-Bonglab.webp?1781198112",37484,"Fumetas",22990,"Bonglab Bong KS10 Little Buchner 25cm - Azul","https://cdnx.jumpseller.com/fumetas-store/image/37254576/BongLab-KS10-Little-Buchner-Blue.jpg?1781034312",1.48
0.57,Bongs,bonglab,bonglab,17737,"Astro Growshop",33990,"Pack Bong Bonglab Little Buchner KS10","https://cdnx.jumpseller.com/astrogrowshop/image/77661049/Pack-Little-Buchner-black-Bonglab.webp?1781198112",37485,"Fumetas",22990,"Bonglab Bong KS10 Little Buchner 25cm - Verde","https://cdnx.jumpseller.com/fumetas-store/image/37254575/BongLab-KS10-Little-Buchner-Green.jpg?1781034312",1.48
0.57,Bongs,bonglab,bonglab,17737,"Astro Growshop",33990,"Pack Bong Bonglab Little Buchner KS10","https://cdnx.jumpseller.com/astrogrowshop/image/77661049/Pack-Little-Buchner-black-Bonglab.webp?1781198112",37486,"Fumetas",22990,"Bonglab Bong KS10 Little Buchner 25cm - Ámbar","https://cdnx.jumpseller.com/fumetas-store/image/37254572/BongLab-KS10-Little-Buchner-Amber.jpg?1781034312",1.48
0.57,Repuestos para bongs y vaporizadores,,bonglab,19339,"Fumetas",2990,"Quemador Verde - Macho 14mm","https://cdnx.jumpseller.com/fumetas-store/image/14770150/Quemador_14mm_verde_cono.jpg?1643318369",31420,"Astro Growshop",5990,"Quemador Perlas Macho 14Mm - Bonglab - Verde azulado","https://cdnx.jumpseller.com/astrogrowshop/image/72477078/quemador-macho-simpleperla-verde-frentejpg.webp?1769788145",2.00
0.57,Otros parafernalia,g-pen,g-pen,24005,"Astro Growshop",13990,"Mouthpiece Dash Dr. Greenthumbs-G Pen","https://cdnx.jumpseller.com/astrogrowshop/image/70934898/imagen_2_18773.webp?1766507967",25915,"Fumetas",13590,"G Pen Mouthpiece Dash Dr. Greenthumb&#39;s","https://cdnx.jumpseller.com/fumetas-store/image/18392642/gr1.png?1656964976",1.03
0.57,Moledores,galaxy,galaxy,31005,"Astro Growshop",34990,"Moledor New Pro Model Grinder V2.0-Galaxy - Dorado","https://cdnx.jumpseller.com/astrogrowshop/image/74868726/imagen_1_gold-2.webp?1780281009",33701,"Fumetas",34990,"Moledor Galaxy Pro Model 63mm - Dorado","https://cdnx.jumpseller.com/fumetas-store/image/58634496/Moledor-Pro-Model-Galaxy-60mm-Dorado-3.jpg?1781631880",1.00
0.57,Moledores,galaxy,galaxy,31008,"Astro Growshop",34990,"Moledor New Pro Model Grinder V2.0-Galaxy - Morado","https://cdnx.jumpseller.com/astrogrowshop/image/75876793/MLGAPRMOGRP.webp?1780281009",33704,"Fumetas",34990,"Moledor Galaxy Pro Model 63mm - Morado","https://cdnx.jumpseller.com/fumetas-store/image/62845104/New-Pro-Model-Moledor-Lila-2.jpg?1781631880",1.00
0.57,Bongs,bonglab,bonglab,31304,"Astro Growshop",37990,"Classic Ice Pro-Bonglab - Negro","https://cdnx.jumpseller.com/astrogrowshop/image/70239014/imagen_1_25223.webp?1764343308",34671,"Fumetas",22990,"Bonglab Bong KS11 Classic Ice 26cm - Negro","https://cdnx.jumpseller.com/fumetas-store/image/39016076/BongLab-KS11-Classic-Ice-Black.jpg?1781110367",1.65
0.57,Repuestos para bongs y vaporizadores,bonglab,bonglab,31329,"Astro Growshop",6990,"Quemador Honeycomb Macho 14Mm -Bonglab - verde","https://cdnx.jumpseller.com/astrogrowshop/image/74868915/imagen_2_27158.webp?1773937616",33969,"Fumetas",6990,"Bonglab Quemador - Hembra 14mm 2.0 - Verde","https://cdnx.jumpseller.com/fumetas-store/image/26643497/quemador-hembra-14mm-bonglab.jpg?1661575751",1.00
0.57,Repuestos para bongs y vaporizadores,bonglab,bonglab,31329,"Astro Growshop",6990,"Quemador Honeycomb Macho 14Mm -Bonglab - verde","https://cdnx.jumpseller.com/astrogrowshop/image/74868915/imagen_2_27158.webp?1773937616",33984,"Fumetas",4990,"Bonglab Quemador Macho 18mm - Verde","https://cdnx.jumpseller.com/fumetas-store/image/22220358/quemador-macho-18mm-bonglab__4_.jpg?1645759291",1.40
0.57,Repuestos para bongs y vaporizadores,bonglab,bonglab,31329,"Astro Growshop",6990,"Quemador Honeycomb Macho 14Mm -Bonglab - verde","https://cdnx.jumpseller.com/astrogrowshop/image/74868915/imagen_2_27158.webp?1773937616",34053,"Fumetas",4990,"Bonglab Quemador Hembra 14mm - Verde","https://cdnx.jumpseller.com/fumetas-store/image/21810207/BongLab-Quemador-Hembra-14mm-Green.jpg?1658339453",1.40
0.57,Repuestos para bongs y vaporizadores,bonglab,bonglab,31331,"Astro Growshop",6990,"Quemador Honeycomb Macho 14Mm -Bonglab - Morado","https://cdnx.jumpseller.com/astrogrowshop/image/74868923/imagen_2_27162.webp?1773937616",33968,"Fumetas",6990,"Bonglab Quemador - Hembra 14mm 2.0 - Morado","https://cdnx.jumpseller.com/fumetas-store/image/26643499/quemador-hembra-14mm-bonglab_PURPLE.jpg?1661575751",1.00
0.57,Repuestos para bongs y vaporizadores,bonglab,bonglab,31332,"Astro Growshop",6990,"Quemador Honeycomb Macho 18Mm-Bonglab - azul","https://cdnx.jumpseller.com/astrogrowshop/image/70178934/imagen_1_26753.webp?1764187329",33982,"Fumetas",4990,"Bonglab Quemador Macho 18mm - Rosado","https://cdnx.jumpseller.com/fumetas-store/image/22220357/quemador-macho-18mm-bonglab__1_.jpg?1645759291",1.40
0.57,Repuestos para bongs y vaporizadores,bonglab,bonglab,31332,"Astro Growshop",6990,"Quemador Honeycomb Macho 18Mm-Bonglab - azul","https://cdnx.jumpseller.com/astrogrowshop/image/70178934/imagen_1_26753.webp?1764187329",33984,"Fumetas",4990,"Bonglab Quemador Macho 18mm - Verde","https://cdnx.jumpseller.com/fumetas-store/image/22220358/quemador-macho-18mm-bonglab__4_.jpg?1645759291",1.40
0.57,Repuestos para bongs y vaporizadores,bonglab,bonglab,31333,"Astro Growshop",6990,"Quemador Honeycomb Macho 18Mm-Bonglab - verde","https://cdnx.jumpseller.com/astrogrowshop/image/72468191/imagen_1_26754.webp?1769629300",33982,"Fumetas",4990,"Bonglab Quemador Macho 18mm - Rosado","https://cdnx.jumpseller.com/fumetas-store/image/22220357/quemador-macho-18mm-bonglab__1_.jpg?1645759291",1.40
0.57,Repuestos para bongs y vaporizadores,bonglab,bonglab,31334,"Astro Growshop",6990,"Quemador Honeycomb Macho 18Mm-Bonglab - SMOKE","https://cdnx.jumpseller.com/astrogrowshop/image/74869011/imagen_1_26752.webp?1773937652",33982,"Fumetas",4990,"Bonglab Quemador Macho 18mm - Rosado","https://cdnx.jumpseller.com/fumetas-store/image/22220357/quemador-macho-18mm-bonglab__1_.jpg?1645759291",1.40
0.57,Repuestos para bongs y vaporizadores,bonglab,bonglab,31334,"Astro Growshop",6990,"Quemador Honeycomb Macho 18Mm-Bonglab - SMOKE","https://cdnx.jumpseller.com/astrogrowshop/image/74869011/imagen_1_26752.webp?1773937652",33984,"Fumetas",4990,"Bonglab Quemador Macho 18mm - Verde","https://cdnx.jumpseller.com/fumetas-store/image/22220358/quemador-macho-18mm-bonglab__4_.jpg?1645759291",1.40
0.57,Repuestos para bongs y vaporizadores,bonglab,bonglab,31335,"Astro Growshop",6990,"Quemador Honeycomb Macho 18Mm-Bonglab - Rosa","https://cdnx.jumpseller.com/astrogrowshop/image/72468189/imagen_1_26755.webp?1769629300",33982,"Fumetas",4990,"Bonglab Quemador Macho 18mm - Rosado","https://cdnx.jumpseller.com/fumetas-store/image/22220357/quemador-macho-18mm-bonglab__1_.jpg?1645759291",1.40
0.57,Repuestos para bongs y vaporizadores,bonglab,bonglab,31335,"Astro Growshop",6990,"Quemador Honeycomb Macho 18Mm-Bonglab - Rosa","https://cdnx.jumpseller.com/astrogrowshop/image/72468189/imagen_1_26755.webp?1769629300",33984,"Fumetas",4990,"Bonglab Quemador Macho 18mm - Verde","https://cdnx.jumpseller.com/fumetas-store/image/22220358/quemador-macho-18mm-bonglab__4_.jpg?1645759291",1.40
0.57,Repuestos para bongs y vaporizadores,bonglab,bonglab,31336,"Astro Growshop",6990,"Quemador Honeycomb Macho 18Mm-Bonglab - Morado","https://cdnx.jumpseller.com/astrogrowshop/image/72468188/imagen_1_26756.webp?1769629293",33982,"Fumetas",4990,"Bonglab Quemador Macho 18mm - Rosado","https://cdnx.jumpseller.com/fumetas-store/image/22220357/quemador-macho-18mm-bonglab__1_.jpg?1645759291",1.40
0.57,Repuestos para bongs y vaporizadores,bonglab,bonglab,31336,"Astro Growshop",6990,"Quemador Honeycomb Macho 18Mm-Bonglab - Morado","https://cdnx.jumpseller.com/astrogrowshop/image/72468188/imagen_1_26756.webp?1769629293",33984,"Fumetas",4990,"Bonglab Quemador Macho 18mm - Verde","https://cdnx.jumpseller.com/fumetas-store/image/22220358/quemador-macho-18mm-bonglab__4_.jpg?1645759291",1.40
0.57,Bongs,bonglab,bonglab,31357,"Astro Growshop",66990,"Big Blow-Bonglab - Morado","https://cdnx.jumpseller.com/astrogrowshop/image/70236831/imagen_1_25904.webp?1764340067",34380,"Fumetas",66990,"Bonglab Bong Pyrex K41 Big Blow 46cm - Morado","https://cdnx.jumpseller.com/fumetas-store/image/24155794/bonglab-k41-big-blow.jpg?1658347459",1.00
0.57,Bongs,bonglab,bonglab,31358,"Astro Growshop",66990,"Big Blow-Bonglab - azul","https://cdnx.jumpseller.com/astrogrowshop/image/74868606/imagen_1_25905.webp?1773937468",34377,"Fumetas",66990,"Bonglab Bong Pyrex K41 Big Blow 46cm - Azul","https://cdnx.jumpseller.com/fumetas-store/image/14202093/bong_2Mesa-de-trabajo-3__1_.png?1658347459",1.00
0.57,Bongs,bonglab,bonglab,31360,"Astro Growshop",66990,"Big Blow-Bonglab - Negro","https://cdnx.jumpseller.com/astrogrowshop/image/74868605/imagen_1_25906.webp?1773937468",34379,"Fumetas",66990,"Bonglab Bong Pyrex K41 Big Blow 46cm - Negro","https://cdnx.jumpseller.com/fumetas-store/image/14202095/bong_2Mesa-de-trabajo-2__1_.png?1658347459",1.00
0.57,Repuestos para bongs y vaporizadores,bonglab,bonglab,31372,"Astro Growshop",3990,"Difusor 14Mm 14Cm - Bonglab - azul","https://cdnx.jumpseller.com/astrogrowshop/image/72477145/azul-light-horizontal.webp?1769645562",34005,"Fumetas",3790,"Difusor Bonglab 18mm-14mm - 14cm - Negro","https://cdnx.jumpseller.com/fumetas-store/image/65050802/Difusor-Logo-Negro-18mm-14mm-14cm.jpg?1751396801",1.05
0.57,Repuestos para bongs y vaporizadores,bonglab,bonglab,31372,"Astro Growshop",3990,"Difusor 14Mm 14Cm - Bonglab - azul","https://cdnx.jumpseller.com/astrogrowshop/image/72477145/azul-light-horizontal.webp?1769645562",34006,"Fumetas",3790,"Difusor Bonglab 18mm-14mm - 14cm - Magenta","https://cdnx.jumpseller.com/fumetas-store/image/65050803/Difusor-Logo-Magenta-18mm-14mm-14cm.jpg?1751396801",1.05
0.57,Repuestos para bongs y vaporizadores,bonglab,bonglab,31373,"Astro Growshop",3990,"Difusor 14Mm 14Cm - Bonglab - verde","https://cdnx.jumpseller.com/astrogrowshop/image/72477165/verde-horizontal.webp?1769645562",34005,"Fumetas",3790,"Difusor Bonglab 18mm-14mm - 14cm - Negro","https://cdnx.jumpseller.com/fumetas-store/image/65050802/Difusor-Logo-Negro-18mm-14mm-14cm.jpg?1751396801",1.05
0.57,Repuestos para bongs y vaporizadores,bonglab,bonglab,31373,"Astro Growshop",3990,"Difusor 14Mm 14Cm - Bonglab - verde","https://cdnx.jumpseller.com/astrogrowshop/image/72477165/verde-horizontal.webp?1769645562",34006,"Fumetas",3790,"Difusor Bonglab 18mm-14mm - 14cm - Magenta","https://cdnx.jumpseller.com/fumetas-store/image/65050803/Difusor-Logo-Magenta-18mm-14mm-14cm.jpg?1751396801",1.05
0.57,Repuestos para bongs y vaporizadores,bonglab,bonglab,31375,"Astro Growshop",3990,"Difusor 14Mm 14Cm - Bonglab - GOLDEN","https://cdnx.jumpseller.com/astrogrowshop/image/72477139/ambar-horizontal.webp?1769645562",34005,"Fumetas",3790,"Difusor Bonglab 18mm-14mm - 14cm - Negro","https://cdnx.jumpseller.com/fumetas-store/image/65050802/Difusor-Logo-Negro-18mm-14mm-14cm.jpg?1751396801",1.05
0.57,Repuestos para bongs y vaporizadores,bonglab,bonglab,31375,"Astro Growshop",3990,"Difusor 14Mm 14Cm - Bonglab - GOLDEN","https://cdnx.jumpseller.com/astrogrowshop/image/72477139/ambar-horizontal.webp?1769645562",34006,"Fumetas",3790,"Difusor Bonglab 18mm-14mm - 14cm - Magenta","https://cdnx.jumpseller.com/fumetas-store/image/65050803/Difusor-Logo-Magenta-18mm-14mm-14cm.jpg?1751396801",1.05
0.57,Repuestos para bongs y vaporizadores,bonglab,bonglab,31376,"Astro Growshop",3990,"Difusor 14Mm 14Cm - Bonglab - AMBAR","https://cdnx.jumpseller.com/astrogrowshop/image/72477140/cafe-horizontal.webp?1769645562",34005,"Fumetas",3790,"Difusor Bonglab 18mm-14mm - 14cm - Negro","https://cdnx.jumpseller.com/fumetas-store/image/65050802/Difusor-Logo-Negro-18mm-14mm-14cm.jpg?1751396801",1.05
0.57,Repuestos para bongs y vaporizadores,bonglab,bonglab,31376,"Astro Growshop",3990,"Difusor 14Mm 14Cm - Bonglab - AMBAR","https://cdnx.jumpseller.com/astrogrowshop/image/72477140/cafe-horizontal.webp?1769645562",34006,"Fumetas",3790,"Difusor Bonglab 18mm-14mm - 14cm - Magenta","https://cdnx.jumpseller.com/fumetas-store/image/65050803/Difusor-Logo-Magenta-18mm-14mm-14cm.jpg?1751396801",1.05
0.57,Repuestos para bongs y vaporizadores,bonglab,bonglab,31377,"Astro Growshop",3990,"Difusor 14Mm 14Cm - Bonglab - Morado","https://cdnx.jumpseller.com/astrogrowshop/image/72477155/morado-horizontal.webp?1769645562",34005,"Fumetas",3790,"Difusor Bonglab 18mm-14mm - 14cm - Negro","https://cdnx.jumpseller.com/fumetas-store/image/65050802/Difusor-Logo-Negro-18mm-14mm-14cm.jpg?1751396801",1.05
0.57,Repuestos para bongs y vaporizadores,bonglab,bonglab,31377,"Astro Growshop",3990,"Difusor 14Mm 14Cm - Bonglab - Morado","https://cdnx.jumpseller.com/astrogrowshop/image/72477155/morado-horizontal.webp?1769645562",34006,"Fumetas",3790,"Difusor Bonglab 18mm-14mm - 14cm - Magenta","https://cdnx.jumpseller.com/fumetas-store/image/65050803/Difusor-Logo-Magenta-18mm-14mm-14cm.jpg?1751396801",1.05
0.57,Repuestos para bongs y vaporizadores,bonglab,bonglab,31378,"Astro Growshop",3990,"Difusor 14Mm 14Cm - Bonglab - Rosa","https://cdnx.jumpseller.com/astrogrowshop/image/72477157/pink-horizontaljpg.webp?1769645562",34005,"Fumetas",3790,"Difusor Bonglab 18mm-14mm - 14cm - Negro","https://cdnx.jumpseller.com/fumetas-store/image/65050802/Difusor-Logo-Negro-18mm-14mm-14cm.jpg?1751396801",1.05
0.57,Repuestos para bongs y vaporizadores,bonglab,bonglab,31378,"Astro Growshop",3990,"Difusor 14Mm 14Cm - Bonglab - Rosa","https://cdnx.jumpseller.com/astrogrowshop/image/72477157/pink-horizontaljpg.webp?1769645562",34006,"Fumetas",3790,"Difusor Bonglab 18mm-14mm - 14cm - Magenta","https://cdnx.jumpseller.com/fumetas-store/image/65050803/Difusor-Logo-Magenta-18mm-14mm-14cm.jpg?1751396801",1.05
0.57,Repuestos para bongs y vaporizadores,bonglab,bonglab,31380,"Astro Growshop",3990,"Difusor 14Mm 14Cm - Bonglab - CLEAR","https://cdnx.jumpseller.com/astrogrowshop/image/72477153/horizontal-clear.webp?1769645562",34005,"Fumetas",3790,"Difusor Bonglab 18mm-14mm - 14cm - Negro","https://cdnx.jumpseller.com/fumetas-store/image/65050802/Difusor-Logo-Negro-18mm-14mm-14cm.jpg?1751396801",1.05
0.57,Repuestos para bongs y vaporizadores,bonglab,bonglab,31380,"Astro Growshop",3990,"Difusor 14Mm 14Cm - Bonglab - CLEAR","https://cdnx.jumpseller.com/astrogrowshop/image/72477153/horizontal-clear.webp?1769645562",34006,"Fumetas",3790,"Difusor Bonglab 18mm-14mm - 14cm - Magenta","https://cdnx.jumpseller.com/fumetas-store/image/65050803/Difusor-Logo-Magenta-18mm-14mm-14cm.jpg?1751396801",1.05
0.57,Bongs,bonglab,bonglab,31385,"Astro Growshop",25990,"Fat Candy -Bonglab - Negro Humo","https://cdnx.jumpseller.com/astrogrowshop/image/74869224/imagen_1_26225.webp?1773937826",34502,"Fumetas",30990,"BongLab Bong W06 Fat Candy 25cm - Negro","https://cdnx.jumpseller.com/fumetas-store/image/20780735/W06_Clear_Black.jpg?1781034101",1.19
0.57,Repuestos para bongs y vaporizadores,bonglab,bonglab,31399,"Astro Growshop",4990,"Quemador Hembra 14Mm -Bonglab - Negro","https://cdnx.jumpseller.com/astrogrowshop/image/70329097/imagen_1_26371.webp?1764692049",33860,"Fumetas",5990,"Bonglab Quemador con rejilla - Macho 14mm - Negro","https://cdnx.jumpseller.com/fumetas-store/image/21905839/BongLab-CRejilla-Black.jpg?1715461503",1.20
0.57,Repuestos para bongs y vaporizadores,bonglab,bonglab,31399,"Astro Growshop",4990,"Quemador Hembra 14Mm -Bonglab - Negro","https://cdnx.jumpseller.com/astrogrowshop/image/70329097/imagen_1_26371.webp?1764692049",33975,"Fumetas",5990,"BongLab Quemador HoneyComb Macho 14mm - Negro","https://cdnx.jumpseller.com/fumetas-store/image/34403136/Quemador-HoneyComb-Macho-14mm-Black.webp?1682303050",1.20
0.57,Repuestos para bongs y vaporizadores,bonglab,bonglab,31399,"Astro Growshop",4990,"Quemador Hembra 14Mm -Bonglab - Negro","https://cdnx.jumpseller.com/astrogrowshop/image/70329097/imagen_1_26371.webp?1764692049",33986,"Fumetas",5391,"Bonglab Quemador Perlas - Macho 14mm - Negro","https://cdnx.jumpseller.com/fumetas-store/image/73439742/Bonglab-Quemador-Perlas-Macho-14mm-Negro.jpg?1771351457",1.08
0.57,Repuestos para bongs y vaporizadores,bonglab,bonglab,31400,"Astro Growshop",4990,"Quemador Hembra 14Mm -Bonglab - MILK GREEN","https://cdnx.jumpseller.com/astrogrowshop/image/74869487/imagen_1_26374.webp?1773937973",33966,"Fumetas",6990,"Bonglab Quemador - Hembra 14mm 2.0 - Negro","https://cdnx.jumpseller.com/fumetas-store/image/26643500/quemador-hembra-14mm-bonglab_NEGRO.jpg?1661575751",1.40
0.57,Repuestos para bongs y vaporizadores,bonglab,bonglab,31400,"Astro Growshop",4990,"Quemador Hembra 14Mm -Bonglab - MILK GREEN","https://cdnx.jumpseller.com/astrogrowshop/image/74869487/imagen_1_26374.webp?1773937973",33967,"Fumetas",6990,"Bonglab Quemador - Hembra 14mm 2.0 - Rosado","https://cdnx.jumpseller.com/fumetas-store/image/26643498/quemador-hembra-14mm-bonglab_PINK.jpg?1661575751",1.40
0.57,Repuestos para bongs y vaporizadores,bonglab,bonglab,31400,"Astro Growshop",4990,"Quemador Hembra 14Mm -Bonglab - MILK GREEN","https://cdnx.jumpseller.com/astrogrowshop/image/74869487/imagen_1_26374.webp?1773937973",33968,"Fumetas",6990,"Bonglab Quemador - Hembra 14mm 2.0 - Morado","https://cdnx.jumpseller.com/fumetas-store/image/26643499/quemador-hembra-14mm-bonglab_PURPLE.jpg?1661575751",1.40
0.57,Repuestos para bongs y vaporizadores,bonglab,bonglab,31400,"Astro Growshop",4990,"Quemador Hembra 14Mm -Bonglab - MILK GREEN","https://cdnx.jumpseller.com/astrogrowshop/image/74869487/imagen_1_26374.webp?1773937973",33969,"Fumetas",6990,"Bonglab Quemador - Hembra 14mm 2.0 - Verde","https://cdnx.jumpseller.com/fumetas-store/image/26643497/quemador-hembra-14mm-bonglab.jpg?1661575751",1.40
0.57,Repuestos para bongs y vaporizadores,bonglab,bonglab,31400,"Astro Growshop",4990,"Quemador Hembra 14Mm -Bonglab - MILK GREEN","https://cdnx.jumpseller.com/astrogrowshop/image/74869487/imagen_1_26374.webp?1773937973",34052,"Fumetas",4990,"Bonglab Quemador Hembra 14mm - Ambar","https://cdnx.jumpseller.com/fumetas-store/image/21810208/BongLab-Quemador-Hembra-14mm-Ambar.jpg?1658339453",1.00
0.57,Repuestos para bongs y vaporizadores,bonglab,bonglab,31400,"Astro Growshop",4990,"Quemador Hembra 14Mm -Bonglab - MILK GREEN","https://cdnx.jumpseller.com/astrogrowshop/image/74869487/imagen_1_26374.webp?1773937973",34053,"Fumetas",4990,"Bonglab Quemador Hembra 14mm - Verde","https://cdnx.jumpseller.com/fumetas-store/image/21810207/BongLab-Quemador-Hembra-14mm-Green.jpg?1658339453",1.00
0.57,Repuestos para bongs y vaporizadores,bonglab,bonglab,31401,"Astro Growshop",4990,"Quemador Hembra 14Mm -Bonglab - Morado","https://cdnx.jumpseller.com/astrogrowshop/image/74869488/imagen_1_26372.webp?1773937973",33974,"Fumetas",5990,"BongLab Quemador HoneyComb Macho 14mm - Morado","https://cdnx.jumpseller.com/fumetas-store/image/34403132/Quemador-HoneyComb-Macho-14mm-Purple.webp?1682303050",1.20
0.57,Repuestos para bongs y vaporizadores,bonglab,bonglab,31403,"Astro Growshop",6990,"Quemador Macho 14Mm -Bonglab - Morado","https://cdnx.jumpseller.com/astrogrowshop/image/70324886/imagen_1_27099.webp?1774966171",33856,"Fumetas",5990,"Bonglab Quemador con rejilla - Macho 14mm - Verde","https://cdnx.jumpseller.com/fumetas-store/image/48721786/Quemador-con-rejilla-Green-Macho-14mm.webp?1715461503",1.17
0.57,Repuestos para bongs y vaporizadores,bonglab,bonglab,31403,"Astro Growshop",6990,"Quemador Macho 14Mm -Bonglab - Morado","https://cdnx.jumpseller.com/astrogrowshop/image/70324886/imagen_1_27099.webp?1774966171",33857,"Fumetas",5990,"Bonglab Quemador con rejilla - Macho 14mm - Rosado","https://cdnx.jumpseller.com/fumetas-store/image/46072585/Quemador-con-rejilla-Bonglab-Pink-Macho-14mm.webp?1715461503",1.17
0.57,Repuestos para bongs y vaporizadores,bonglab,bonglab,31403,"Astro Growshop",6990,"Quemador Macho 14Mm -Bonglab - Morado","https://cdnx.jumpseller.com/astrogrowshop/image/70324886/imagen_1_27099.webp?1774966171",33858,"Fumetas",5990,"Bonglab Quemador con rejilla - Macho 14mm - Ámbar","https://cdnx.jumpseller.com/fumetas-store/image/46072584/Quemador-con-rejilla-Amber-Macho-14mm.webp?1715461503",1.17
0.57,Repuestos para bongs y vaporizadores,bonglab,bonglab,31403,"Astro Growshop",6990,"Quemador Macho 14Mm -Bonglab - Morado","https://cdnx.jumpseller.com/astrogrowshop/image/70324886/imagen_1_27099.webp?1774966171",33859,"Fumetas",5990,"Bonglab Quemador con rejilla - Macho 14mm - Azul","https://cdnx.jumpseller.com/fumetas-store/image/21810465/BongLab-CRejilla-Blue.jpg?1715461503",1.17
0.57,Repuestos para bongs y vaporizadores,bonglab,bonglab,31403,"Astro Growshop",6990,"Quemador Macho 14Mm -Bonglab - Morado","https://cdnx.jumpseller.com/astrogrowshop/image/70324886/imagen_1_27099.webp?1774966171",33860,"Fumetas",5990,"Bonglab Quemador con rejilla - Macho 14mm - Negro","https://cdnx.jumpseller.com/fumetas-store/image/21905839/BongLab-CRejilla-Black.jpg?1715461503",1.17
0.57,Repuestos para bongs y vaporizadores,bonglab,bonglab,31403,"Astro Growshop",6990,"Quemador Macho 14Mm -Bonglab - Morado","https://cdnx.jumpseller.com/astrogrowshop/image/70324886/imagen_1_27099.webp?1774966171",33971,"Fumetas",5990,"BongLab Quemador HoneyComb Macho 14mm - Azul","https://cdnx.jumpseller.com/fumetas-store/image/34403135/Quemador-HoneyComb-Macho-14mm-Blue.webp?1682303050",1.17
0.57,Repuestos para bongs y vaporizadores,bonglab,bonglab,31403,"Astro Growshop",6990,"Quemador Macho 14Mm -Bonglab - Morado","https://cdnx.jumpseller.com/astrogrowshop/image/70324886/imagen_1_27099.webp?1774966171",33972,"Fumetas",5990,"BongLab Quemador HoneyComb Macho 14mm - Verde","https://cdnx.jumpseller.com/fumetas-store/image/34403134/Quemador-HoneyComb-Macho-14mm-Green.webp?1682303050",1.17
0.57,Repuestos para bongs y vaporizadores,bonglab,bonglab,31403,"Astro Growshop",6990,"Quemador Macho 14Mm -Bonglab - Morado","https://cdnx.jumpseller.com/astrogrowshop/image/70324886/imagen_1_27099.webp?1774966171",33973,"Fumetas",5990,"BongLab Quemador HoneyComb Macho 14mm - Rosado","https://cdnx.jumpseller.com/fumetas-store/image/34403133/Quemador-HoneyComb-Macho-14mm-Pink.webp?1682303050",1.17
0.57,Repuestos para bongs y vaporizadores,bonglab,bonglab,31403,"Astro Growshop",6990,"Quemador Macho 14Mm -Bonglab - Morado","https://cdnx.jumpseller.com/astrogrowshop/image/70324886/imagen_1_27099.webp?1774966171",33975,"Fumetas",5990,"BongLab Quemador HoneyComb Macho 14mm - Negro","https://cdnx.jumpseller.com/fumetas-store/image/34403136/Quemador-HoneyComb-Macho-14mm-Black.webp?1682303050",1.17
0.57,Repuestos para bongs y vaporizadores,bonglab,bonglab,31403,"Astro Growshop",6990,"Quemador Macho 14Mm -Bonglab - Morado","https://cdnx.jumpseller.com/astrogrowshop/image/70324886/imagen_1_27099.webp?1774966171",33976,"Fumetas",5990,"BongLab Quemador Honeycomb Macho 18mm - Morado","https://cdnx.jumpseller.com/fumetas-store/image/56174220/Quemador-HoneyComb-Macho-18mm-Morado-2.jpg?1770059032",1.17
0.57,Repuestos para bongs y vaporizadores,bonglab,bonglab,31403,"Astro Growshop",6990,"Quemador Macho 14Mm -Bonglab - Morado","https://cdnx.jumpseller.com/astrogrowshop/image/70324886/imagen_1_27099.webp?1774966171",33986,"Fumetas",5391,"Bonglab Quemador Perlas - Macho 14mm - Negro","https://cdnx.jumpseller.com/fumetas-store/image/73439742/Bonglab-Quemador-Perlas-Macho-14mm-Negro.jpg?1771351457",1.30
0.57,Repuestos para bongs y vaporizadores,bonglab,bonglab,31403,"Astro Growshop",6990,"Quemador Macho 14Mm -Bonglab - Morado","https://cdnx.jumpseller.com/astrogrowshop/image/70324886/imagen_1_27099.webp?1774966171",33990,"Fumetas",5391,"Bonglab Quemador Perlas - Macho 14mm - Rosado","https://cdnx.jumpseller.com/fumetas-store/image/73439750/Bonglab-Quemador-Perlas-Macho-14mm-Rosado.jpg?1771351457",1.30
0.57,Repuestos para bongs y vaporizadores,bonglab,bonglab,31403,"Astro Growshop",6990,"Quemador Macho 14Mm -Bonglab - Morado","https://cdnx.jumpseller.com/astrogrowshop/image/70324886/imagen_1_27099.webp?1774966171",33991,"Fumetas",5391,"Bonglab Quemador Perlas - Macho 14mm - Turquesa","https://cdnx.jumpseller.com/fumetas-store/image/73439752/Bonglab-Quemador-Perlas-Macho-14mm-turquesa.jpg?1771351457",1.30
0.57,Repuestos para bongs y vaporizadores,bonglab,bonglab,31403,"Astro Growshop",6990,"Quemador Macho 14Mm -Bonglab - Morado","https://cdnx.jumpseller.com/astrogrowshop/image/70324886/imagen_1_27099.webp?1774966171",33995,"Fumetas",4401,"Bonglab Quemador Perlas - Macho 18mm - Morado","https://cdnx.jumpseller.com/fumetas-store/image/76590309/Quemador-18mm-Morado-1.jpg?1778693525",1.59
0.57,Repuestos para bongs y vaporizadores,bonglab,,31403,"Astro Growshop",6990,"Quemador Macho 14Mm -Bonglab - Morado","https://cdnx.jumpseller.com/astrogrowshop/image/70324886/imagen_1_27099.webp?1774966171",34098,"Fumetas",4990,"Quemador Generico Honeycomb Macho 14mm - Morado","https://cdnx.jumpseller.com/fumetas-store/image/72663267/Quemador-Honeycomb-Generico-Morado.jpg?1770226037",1.40
0.57,Repuestos para bongs y vaporizadores,bonglab,bonglab,31405,"Astro Growshop",5990,"Quemador Macho 14Mm -Bonglab - Rosa","https://cdnx.jumpseller.com/astrogrowshop/image/72470754/imagen_1_27100.webp?1774966171",33856,"Fumetas",5990,"Bonglab Quemador con rejilla - Macho 14mm - Verde","https://cdnx.jumpseller.com/fumetas-store/image/48721786/Quemador-con-rejilla-Green-Macho-14mm.webp?1715461503",1.00
0.57,Repuestos para bongs y vaporizadores,bonglab,bonglab,31405,"Astro Growshop",5990,"Quemador Macho 14Mm -Bonglab - Rosa","https://cdnx.jumpseller.com/astrogrowshop/image/72470754/imagen_1_27100.webp?1774966171",33857,"Fumetas",5990,"Bonglab Quemador con rejilla - Macho 14mm - Rosado","https://cdnx.jumpseller.com/fumetas-store/image/46072585/Quemador-con-rejilla-Bonglab-Pink-Macho-14mm.webp?1715461503",1.00
0.57,Repuestos para bongs y vaporizadores,bonglab,bonglab,31405,"Astro Growshop",5990,"Quemador Macho 14Mm -Bonglab - Rosa","https://cdnx.jumpseller.com/astrogrowshop/image/72470754/imagen_1_27100.webp?1774966171",33858,"Fumetas",5990,"Bonglab Quemador con rejilla - Macho 14mm - Ámbar","https://cdnx.jumpseller.com/fumetas-store/image/46072584/Quemador-con-rejilla-Amber-Macho-14mm.webp?1715461503",1.00
0.57,Repuestos para bongs y vaporizadores,bonglab,bonglab,31405,"Astro Growshop",5990,"Quemador Macho 14Mm -Bonglab - Rosa","https://cdnx.jumpseller.com/astrogrowshop/image/72470754/imagen_1_27100.webp?1774966171",33859,"Fumetas",5990,"Bonglab Quemador con rejilla - Macho 14mm - Azul","https://cdnx.jumpseller.com/fumetas-store/image/21810465/BongLab-CRejilla-Blue.jpg?1715461503",1.00
0.57,Repuestos para bongs y vaporizadores,bonglab,bonglab,31405,"Astro Growshop",5990,"Quemador Macho 14Mm -Bonglab - Rosa","https://cdnx.jumpseller.com/astrogrowshop/image/72470754/imagen_1_27100.webp?1774966171",33860,"Fumetas",5990,"Bonglab Quemador con rejilla - Macho 14mm - Negro","https://cdnx.jumpseller.com/fumetas-store/image/21905839/BongLab-CRejilla-Black.jpg?1715461503",1.00
0.57,Repuestos para bongs y vaporizadores,bonglab,bonglab,31405,"Astro Growshop",5990,"Quemador Macho 14Mm -Bonglab - Rosa","https://cdnx.jumpseller.com/astrogrowshop/image/72470754/imagen_1_27100.webp?1774966171",33971,"Fumetas",5990,"BongLab Quemador HoneyComb Macho 14mm - Azul","https://cdnx.jumpseller.com/fumetas-store/image/34403135/Quemador-HoneyComb-Macho-14mm-Blue.webp?1682303050",1.00
0.57,Repuestos para bongs y vaporizadores,bonglab,bonglab,31405,"Astro Growshop",5990,"Quemador Macho 14Mm -Bonglab - Rosa","https://cdnx.jumpseller.com/astrogrowshop/image/72470754/imagen_1_27100.webp?1774966171",33972,"Fumetas",5990,"BongLab Quemador HoneyComb Macho 14mm - Verde","https://cdnx.jumpseller.com/fumetas-store/image/34403134/Quemador-HoneyComb-Macho-14mm-Green.webp?1682303050",1.00
0.57,Repuestos para bongs y vaporizadores,bonglab,bonglab,31405,"Astro Growshop",5990,"Quemador Macho 14Mm -Bonglab - Rosa","https://cdnx.jumpseller.com/astrogrowshop/image/72470754/imagen_1_27100.webp?1774966171",33973,"Fumetas",5990,"BongLab Quemador HoneyComb Macho 14mm - Rosado","https://cdnx.jumpseller.com/fumetas-store/image/34403133/Quemador-HoneyComb-Macho-14mm-Pink.webp?1682303050",1.00
0.57,Repuestos para bongs y vaporizadores,bonglab,bonglab,31405,"Astro Growshop",5990,"Quemador Macho 14Mm -Bonglab - Rosa","https://cdnx.jumpseller.com/astrogrowshop/image/72470754/imagen_1_27100.webp?1774966171",33974,"Fumetas",5990,"BongLab Quemador HoneyComb Macho 14mm - Morado","https://cdnx.jumpseller.com/fumetas-store/image/34403132/Quemador-HoneyComb-Macho-14mm-Purple.webp?1682303050",1.00
0.57,Repuestos para bongs y vaporizadores,bonglab,bonglab,31405,"Astro Growshop",5990,"Quemador Macho 14Mm -Bonglab - Rosa","https://cdnx.jumpseller.com/astrogrowshop/image/72470754/imagen_1_27100.webp?1774966171",33975,"Fumetas",5990,"BongLab Quemador HoneyComb Macho 14mm - Negro","https://cdnx.jumpseller.com/fumetas-store/image/34403136/Quemador-HoneyComb-Macho-14mm-Black.webp?1682303050",1.00
0.57,Repuestos para bongs y vaporizadores,bonglab,bonglab,31405,"Astro Growshop",5990,"Quemador Macho 14Mm -Bonglab - Rosa","https://cdnx.jumpseller.com/astrogrowshop/image/72470754/imagen_1_27100.webp?1774966171",33986,"Fumetas",5391,"Bonglab Quemador Perlas - Macho 14mm - Negro","https://cdnx.jumpseller.com/fumetas-store/image/73439742/Bonglab-Quemador-Perlas-Macho-14mm-Negro.jpg?1771351457",1.11
0.57,Repuestos para bongs y vaporizadores,bonglab,bonglab,31405,"Astro Growshop",5990,"Quemador Macho 14Mm -Bonglab - Rosa","https://cdnx.jumpseller.com/astrogrowshop/image/72470754/imagen_1_27100.webp?1774966171",33990,"Fumetas",5391,"Bonglab Quemador Perlas - Macho 14mm - Rosado","https://cdnx.jumpseller.com/fumetas-store/image/73439750/Bonglab-Quemador-Perlas-Macho-14mm-Rosado.jpg?1771351457",1.11
0.57,Repuestos para bongs y vaporizadores,bonglab,bonglab,31405,"Astro Growshop",5990,"Quemador Macho 14Mm -Bonglab - Rosa","https://cdnx.jumpseller.com/astrogrowshop/image/72470754/imagen_1_27100.webp?1774966171",33991,"Fumetas",5391,"Bonglab Quemador Perlas - Macho 14mm - Turquesa","https://cdnx.jumpseller.com/fumetas-store/image/73439752/Bonglab-Quemador-Perlas-Macho-14mm-turquesa.jpg?1771351457",1.11
0.57,Repuestos para bongs y vaporizadores,bonglab,bonglab,31406,"Astro Growshop",6990,"Quemador Macho 14Mm -Bonglab - Negro","https://cdnx.jumpseller.com/astrogrowshop/image/72470752/imagen_1_27101.webp?1774966171",33856,"Fumetas",5990,"Bonglab Quemador con rejilla - Macho 14mm - Verde","https://cdnx.jumpseller.com/fumetas-store/image/48721786/Quemador-con-rejilla-Green-Macho-14mm.webp?1715461503",1.17
0.57,Repuestos para bongs y vaporizadores,bonglab,bonglab,31406,"Astro Growshop",6990,"Quemador Macho 14Mm -Bonglab - Negro","https://cdnx.jumpseller.com/astrogrowshop/image/72470752/imagen_1_27101.webp?1774966171",33857,"Fumetas",5990,"Bonglab Quemador con rejilla - Macho 14mm - Rosado","https://cdnx.jumpseller.com/fumetas-store/image/46072585/Quemador-con-rejilla-Bonglab-Pink-Macho-14mm.webp?1715461503",1.17
0.57,Repuestos para bongs y vaporizadores,bonglab,bonglab,31406,"Astro Growshop",6990,"Quemador Macho 14Mm -Bonglab - Negro","https://cdnx.jumpseller.com/astrogrowshop/image/72470752/imagen_1_27101.webp?1774966171",33858,"Fumetas",5990,"Bonglab Quemador con rejilla - Macho 14mm - Ámbar","https://cdnx.jumpseller.com/fumetas-store/image/46072584/Quemador-con-rejilla-Amber-Macho-14mm.webp?1715461503",1.17
0.57,Repuestos para bongs y vaporizadores,bonglab,bonglab,31406,"Astro Growshop",6990,"Quemador Macho 14Mm -Bonglab - Negro","https://cdnx.jumpseller.com/astrogrowshop/image/72470752/imagen_1_27101.webp?1774966171",33859,"Fumetas",5990,"Bonglab Quemador con rejilla - Macho 14mm - Azul","https://cdnx.jumpseller.com/fumetas-store/image/21810465/BongLab-CRejilla-Blue.jpg?1715461503",1.17
0.57,Repuestos para bongs y vaporizadores,bonglab,bonglab,31406,"Astro Growshop",6990,"Quemador Macho 14Mm -Bonglab - Negro","https://cdnx.jumpseller.com/astrogrowshop/image/72470752/imagen_1_27101.webp?1774966171",33971,"Fumetas",5990,"BongLab Quemador HoneyComb Macho 14mm - Azul","https://cdnx.jumpseller.com/fumetas-store/image/34403135/Quemador-HoneyComb-Macho-14mm-Blue.webp?1682303050",1.17
0.57,Repuestos para bongs y vaporizadores,bonglab,bonglab,31406,"Astro Growshop",6990,"Quemador Macho 14Mm -Bonglab - Negro","https://cdnx.jumpseller.com/astrogrowshop/image/72470752/imagen_1_27101.webp?1774966171",33972,"Fumetas",5990,"BongLab Quemador HoneyComb Macho 14mm - Verde","https://cdnx.jumpseller.com/fumetas-store/image/34403134/Quemador-HoneyComb-Macho-14mm-Green.webp?1682303050",1.17
0.57,Repuestos para bongs y vaporizadores,bonglab,bonglab,31406,"Astro Growshop",6990,"Quemador Macho 14Mm -Bonglab - Negro","https://cdnx.jumpseller.com/astrogrowshop/image/72470752/imagen_1_27101.webp?1774966171",33973,"Fumetas",5990,"BongLab Quemador HoneyComb Macho 14mm - Rosado","https://cdnx.jumpseller.com/fumetas-store/image/34403133/Quemador-HoneyComb-Macho-14mm-Pink.webp?1682303050",1.17
0.57,Repuestos para bongs y vaporizadores,bonglab,bonglab,31406,"Astro Growshop",6990,"Quemador Macho 14Mm -Bonglab - Negro","https://cdnx.jumpseller.com/astrogrowshop/image/72470752/imagen_1_27101.webp?1774966171",33974,"Fumetas",5990,"BongLab Quemador HoneyComb Macho 14mm - Morado","https://cdnx.jumpseller.com/fumetas-store/image/34403132/Quemador-HoneyComb-Macho-14mm-Purple.webp?1682303050",1.17
0.57,Repuestos para bongs y vaporizadores,bonglab,bonglab,31406,"Astro Growshop",6990,"Quemador Macho 14Mm -Bonglab - Negro","https://cdnx.jumpseller.com/astrogrowshop/image/72470752/imagen_1_27101.webp?1774966171",33980,"Fumetas",5990,"BongLab Quemador Honeycomb Macho 18mm - Negro","https://cdnx.jumpseller.com/fumetas-store/image/56174227/Quemador-HoneyComb-Macho-18mm-Negro-2.jpg?1770059032",1.17
0.57,Repuestos para bongs y vaporizadores,bonglab,bonglab,31406,"Astro Growshop",6990,"Quemador Macho 14Mm -Bonglab - Negro","https://cdnx.jumpseller.com/astrogrowshop/image/72470752/imagen_1_27101.webp?1774966171",33990,"Fumetas",5391,"Bonglab Quemador Perlas - Macho 14mm - Rosado","https://cdnx.jumpseller.com/fumetas-store/image/73439750/Bonglab-Quemador-Perlas-Macho-14mm-Rosado.jpg?1771351457",1.30
0.57,Repuestos para bongs y vaporizadores,bonglab,bonglab,31406,"Astro Growshop",6990,"Quemador Macho 14Mm -Bonglab - Negro","https://cdnx.jumpseller.com/astrogrowshop/image/72470752/imagen_1_27101.webp?1774966171",33991,"Fumetas",5391,"Bonglab Quemador Perlas - Macho 14mm - Turquesa","https://cdnx.jumpseller.com/fumetas-store/image/73439752/Bonglab-Quemador-Perlas-Macho-14mm-turquesa.jpg?1771351457",1.30
0.57,Repuestos para bongs y vaporizadores,bonglab,bonglab,31406,"Astro Growshop",6990,"Quemador Macho 14Mm -Bonglab - Negro","https://cdnx.jumpseller.com/astrogrowshop/image/72470752/imagen_1_27101.webp?1774966171",33998,"Fumetas",4401,"Bonglab Quemador Perlas - Macho 18mm - Negro","https://cdnx.jumpseller.com/fumetas-store/image/76590315/Quemador-18mm-Negro.jpg?1778693525",1.59
0.57,Repuestos para bongs y vaporizadores,bonglab,,31406,"Astro Growshop",6990,"Quemador Macho 14Mm -Bonglab - Negro","https://cdnx.jumpseller.com/astrogrowshop/image/72470752/imagen_1_27101.webp?1774966171",34095,"Fumetas",4990,"Quemador Generico Honeycomb Macho 14mm - Negro","https://cdnx.jumpseller.com/fumetas-store/image/72663256/Quemador-Honeycomb-Generico-Negro-2.jpg?1770226037",1.40
0.57,Repuestos para bongs y vaporizadores,bonglab,bonglab,31406,"Astro Growshop",6990,"Quemador Macho 14Mm -Bonglab - Negro","https://cdnx.jumpseller.com/astrogrowshop/image/72470752/imagen_1_27101.webp?1774966171",34980,"Fumetas",3990,"Bonglab Quemador Simple Macho 10mm - Negro","https://cdnx.jumpseller.com/fumetas-store/image/72881310/bonglab-quemador-10mm-negro.jpg?1770415508",1.75
0.57,Repuestos para bongs y vaporizadores,bonglab,,31406,"Astro Growshop",6990,"Quemador Macho 14Mm -Bonglab - Negro","https://cdnx.jumpseller.com/astrogrowshop/image/72470752/imagen_1_27101.webp?1774966171",35786,"Fumetas",5990,"Quemador King Skull - Macho 14mm - Negro","https://cdnx.jumpseller.com/fumetas-store/image/37794346/Quemador-King-Skull-Black-Macho-14mm.webp?1689802122",1.17
0.57,Repuestos para bongs y vaporizadores,bonglab,,31406,"Astro Growshop",6990,"Quemador Macho 14Mm -Bonglab - Negro","https://cdnx.jumpseller.com/astrogrowshop/image/72470752/imagen_1_27101.webp?1774966171",37481,"Fumetas",4990,"Quemador Darth Vader Macho 14mm - Negro","https://cdnx.jumpseller.com/fumetas-store/image/13097438/wholesale-glass-bowl-bong-dart-vader-black.jpg?1632515249",1.40
0.57,Repuestos para bongs y vaporizadores,bonglab,bonglab,31407,"Astro Growshop",3990,"Quemador Macho 14Mm -Bonglab - CLEAR","https://cdnx.jumpseller.com/astrogrowshop/image/75392320/imagen_1_14600.webp?1774966171",33856,"Fumetas",5990,"Bonglab Quemador con rejilla - Macho 14mm - Verde","https://cdnx.jumpseller.com/fumetas-store/image/48721786/Quemador-con-rejilla-Green-Macho-14mm.webp?1715461503",1.50
0.57,Repuestos para bongs y vaporizadores,bonglab,bonglab,31407,"Astro Growshop",3990,"Quemador Macho 14Mm -Bonglab - CLEAR","https://cdnx.jumpseller.com/astrogrowshop/image/75392320/imagen_1_14600.webp?1774966171",33857,"Fumetas",5990,"Bonglab Quemador con rejilla - Macho 14mm - Rosado","https://cdnx.jumpseller.com/fumetas-store/image/46072585/Quemador-con-rejilla-Bonglab-Pink-Macho-14mm.webp?1715461503",1.50
0.57,Repuestos para bongs y vaporizadores,bonglab,bonglab,31407,"Astro Growshop",3990,"Quemador Macho 14Mm -Bonglab - CLEAR","https://cdnx.jumpseller.com/astrogrowshop/image/75392320/imagen_1_14600.webp?1774966171",33858,"Fumetas",5990,"Bonglab Quemador con rejilla - Macho 14mm - Ámbar","https://cdnx.jumpseller.com/fumetas-store/image/46072584/Quemador-con-rejilla-Amber-Macho-14mm.webp?1715461503",1.50
0.57,Repuestos para bongs y vaporizadores,bonglab,bonglab,31407,"Astro Growshop",3990,"Quemador Macho 14Mm -Bonglab - CLEAR","https://cdnx.jumpseller.com/astrogrowshop/image/75392320/imagen_1_14600.webp?1774966171",33859,"Fumetas",5990,"Bonglab Quemador con rejilla - Macho 14mm - Azul","https://cdnx.jumpseller.com/fumetas-store/image/21810465/BongLab-CRejilla-Blue.jpg?1715461503",1.50
0.57,Repuestos para bongs y vaporizadores,bonglab,bonglab,31407,"Astro Growshop",3990,"Quemador Macho 14Mm -Bonglab - CLEAR","https://cdnx.jumpseller.com/astrogrowshop/image/75392320/imagen_1_14600.webp?1774966171",33860,"Fumetas",5990,"Bonglab Quemador con rejilla - Macho 14mm - Negro","https://cdnx.jumpseller.com/fumetas-store/image/21905839/BongLab-CRejilla-Black.jpg?1715461503",1.50
0.57,Repuestos para bongs y vaporizadores,bonglab,bonglab,31407,"Astro Growshop",3990,"Quemador Macho 14Mm -Bonglab - CLEAR","https://cdnx.jumpseller.com/astrogrowshop/image/75392320/imagen_1_14600.webp?1774966171",33971,"Fumetas",5990,"BongLab Quemador HoneyComb Macho 14mm - Azul","https://cdnx.jumpseller.com/fumetas-store/image/34403135/Quemador-HoneyComb-Macho-14mm-Blue.webp?1682303050",1.50
0.57,Repuestos para bongs y vaporizadores,bonglab,bonglab,31407,"Astro Growshop",3990,"Quemador Macho 14Mm -Bonglab - CLEAR","https://cdnx.jumpseller.com/astrogrowshop/image/75392320/imagen_1_14600.webp?1774966171",33972,"Fumetas",5990,"BongLab Quemador HoneyComb Macho 14mm - Verde","https://cdnx.jumpseller.com/fumetas-store/image/34403134/Quemador-HoneyComb-Macho-14mm-Green.webp?1682303050",1.50
0.57,Repuestos para bongs y vaporizadores,bonglab,bonglab,31407,"Astro Growshop",3990,"Quemador Macho 14Mm -Bonglab - CLEAR","https://cdnx.jumpseller.com/astrogrowshop/image/75392320/imagen_1_14600.webp?1774966171",33973,"Fumetas",5990,"BongLab Quemador HoneyComb Macho 14mm - Rosado","https://cdnx.jumpseller.com/fumetas-store/image/34403133/Quemador-HoneyComb-Macho-14mm-Pink.webp?1682303050",1.50
0.57,Repuestos para bongs y vaporizadores,bonglab,bonglab,31407,"Astro Growshop",3990,"Quemador Macho 14Mm -Bonglab - CLEAR","https://cdnx.jumpseller.com/astrogrowshop/image/75392320/imagen_1_14600.webp?1774966171",33974,"Fumetas",5990,"BongLab Quemador HoneyComb Macho 14mm - Morado","https://cdnx.jumpseller.com/fumetas-store/image/34403132/Quemador-HoneyComb-Macho-14mm-Purple.webp?1682303050",1.50
0.57,Repuestos para bongs y vaporizadores,bonglab,bonglab,31407,"Astro Growshop",3990,"Quemador Macho 14Mm -Bonglab - CLEAR","https://cdnx.jumpseller.com/astrogrowshop/image/75392320/imagen_1_14600.webp?1774966171",33975,"Fumetas",5990,"BongLab Quemador HoneyComb Macho 14mm - Negro","https://cdnx.jumpseller.com/fumetas-store/image/34403136/Quemador-HoneyComb-Macho-14mm-Black.webp?1682303050",1.50
0.57,Repuestos para bongs y vaporizadores,bonglab,bonglab,31407,"Astro Growshop",3990,"Quemador Macho 14Mm -Bonglab - CLEAR","https://cdnx.jumpseller.com/astrogrowshop/image/75392320/imagen_1_14600.webp?1774966171",33986,"Fumetas",5391,"Bonglab Quemador Perlas - Macho 14mm - Negro","https://cdnx.jumpseller.com/fumetas-store/image/73439742/Bonglab-Quemador-Perlas-Macho-14mm-Negro.jpg?1771351457",1.35
0.57,Repuestos para bongs y vaporizadores,bonglab,bonglab,31407,"Astro Growshop",3990,"Quemador Macho 14Mm -Bonglab - CLEAR","https://cdnx.jumpseller.com/astrogrowshop/image/75392320/imagen_1_14600.webp?1774966171",33990,"Fumetas",5391,"Bonglab Quemador Perlas - Macho 14mm - Rosado","https://cdnx.jumpseller.com/fumetas-store/image/73439750/Bonglab-Quemador-Perlas-Macho-14mm-Rosado.jpg?1771351457",1.35
0.57,Repuestos para bongs y vaporizadores,bonglab,bonglab,31407,"Astro Growshop",3990,"Quemador Macho 14Mm -Bonglab - CLEAR","https://cdnx.jumpseller.com/astrogrowshop/image/75392320/imagen_1_14600.webp?1774966171",33991,"Fumetas",5391,"Bonglab Quemador Perlas - Macho 14mm - Turquesa","https://cdnx.jumpseller.com/fumetas-store/image/73439752/Bonglab-Quemador-Perlas-Macho-14mm-turquesa.jpg?1771351457",1.35
0.57,Repuestos para bongs y vaporizadores,bonglab,bonglab,31408,"Astro Growshop",3990,"Quemador Macho 14Mm -Bonglab - GENERICO","https://cdnx.jumpseller.com/astrogrowshop/image/74868608/imagen_1_14183.webp?1774966171",33856,"Fumetas",5990,"Bonglab Quemador con rejilla - Macho 14mm - Verde","https://cdnx.jumpseller.com/fumetas-store/image/48721786/Quemador-con-rejilla-Green-Macho-14mm.webp?1715461503",1.50
0.57,Repuestos para bongs y vaporizadores,bonglab,bonglab,31408,"Astro Growshop",3990,"Quemador Macho 14Mm -Bonglab - GENERICO","https://cdnx.jumpseller.com/astrogrowshop/image/74868608/imagen_1_14183.webp?1774966171",33857,"Fumetas",5990,"Bonglab Quemador con rejilla - Macho 14mm - Rosado","https://cdnx.jumpseller.com/fumetas-store/image/46072585/Quemador-con-rejilla-Bonglab-Pink-Macho-14mm.webp?1715461503",1.50
0.57,Repuestos para bongs y vaporizadores,bonglab,bonglab,31408,"Astro Growshop",3990,"Quemador Macho 14Mm -Bonglab - GENERICO","https://cdnx.jumpseller.com/astrogrowshop/image/74868608/imagen_1_14183.webp?1774966171",33858,"Fumetas",5990,"Bonglab Quemador con rejilla - Macho 14mm - Ámbar","https://cdnx.jumpseller.com/fumetas-store/image/46072584/Quemador-con-rejilla-Amber-Macho-14mm.webp?1715461503",1.50
0.57,Repuestos para bongs y vaporizadores,bonglab,bonglab,31408,"Astro Growshop",3990,"Quemador Macho 14Mm -Bonglab - GENERICO","https://cdnx.jumpseller.com/astrogrowshop/image/74868608/imagen_1_14183.webp?1774966171",33859,"Fumetas",5990,"Bonglab Quemador con rejilla - Macho 14mm - Azul","https://cdnx.jumpseller.com/fumetas-store/image/21810465/BongLab-CRejilla-Blue.jpg?1715461503",1.50
0.57,Repuestos para bongs y vaporizadores,bonglab,bonglab,31408,"Astro Growshop",3990,"Quemador Macho 14Mm -Bonglab - GENERICO","https://cdnx.jumpseller.com/astrogrowshop/image/74868608/imagen_1_14183.webp?1774966171",33860,"Fumetas",5990,"Bonglab Quemador con rejilla - Macho 14mm - Negro","https://cdnx.jumpseller.com/fumetas-store/image/21905839/BongLab-CRejilla-Black.jpg?1715461503",1.50
0.57,Repuestos para bongs y vaporizadores,bonglab,bonglab,31408,"Astro Growshop",3990,"Quemador Macho 14Mm -Bonglab - GENERICO","https://cdnx.jumpseller.com/astrogrowshop/image/74868608/imagen_1_14183.webp?1774966171",33971,"Fumetas",5990,"BongLab Quemador HoneyComb Macho 14mm - Azul","https://cdnx.jumpseller.com/fumetas-store/image/34403135/Quemador-HoneyComb-Macho-14mm-Blue.webp?1682303050",1.50
0.57,Repuestos para bongs y vaporizadores,bonglab,bonglab,31408,"Astro Growshop",3990,"Quemador Macho 14Mm -Bonglab - GENERICO","https://cdnx.jumpseller.com/astrogrowshop/image/74868608/imagen_1_14183.webp?1774966171",33972,"Fumetas",5990,"BongLab Quemador HoneyComb Macho 14mm - Verde","https://cdnx.jumpseller.com/fumetas-store/image/34403134/Quemador-HoneyComb-Macho-14mm-Green.webp?1682303050",1.50
0.57,Repuestos para bongs y vaporizadores,bonglab,bonglab,31408,"Astro Growshop",3990,"Quemador Macho 14Mm -Bonglab - GENERICO","https://cdnx.jumpseller.com/astrogrowshop/image/74868608/imagen_1_14183.webp?1774966171",33973,"Fumetas",5990,"BongLab Quemador HoneyComb Macho 14mm - Rosado","https://cdnx.jumpseller.com/fumetas-store/image/34403133/Quemador-HoneyComb-Macho-14mm-Pink.webp?1682303050",1.50
0.57,Repuestos para bongs y vaporizadores,bonglab,bonglab,31408,"Astro Growshop",3990,"Quemador Macho 14Mm -Bonglab - GENERICO","https://cdnx.jumpseller.com/astrogrowshop/image/74868608/imagen_1_14183.webp?1774966171",33974,"Fumetas",5990,"BongLab Quemador HoneyComb Macho 14mm - Morado","https://cdnx.jumpseller.com/fumetas-store/image/34403132/Quemador-HoneyComb-Macho-14mm-Purple.webp?1682303050",1.50
0.57,Repuestos para bongs y vaporizadores,bonglab,bonglab,31408,"Astro Growshop",3990,"Quemador Macho 14Mm -Bonglab - GENERICO","https://cdnx.jumpseller.com/astrogrowshop/image/74868608/imagen_1_14183.webp?1774966171",33975,"Fumetas",5990,"BongLab Quemador HoneyComb Macho 14mm - Negro","https://cdnx.jumpseller.com/fumetas-store/image/34403136/Quemador-HoneyComb-Macho-14mm-Black.webp?1682303050",1.50
0.57,Repuestos para bongs y vaporizadores,bonglab,bonglab,31408,"Astro Growshop",3990,"Quemador Macho 14Mm -Bonglab - GENERICO","https://cdnx.jumpseller.com/astrogrowshop/image/74868608/imagen_1_14183.webp?1774966171",33986,"Fumetas",5391,"Bonglab Quemador Perlas - Macho 14mm - Negro","https://cdnx.jumpseller.com/fumetas-store/image/73439742/Bonglab-Quemador-Perlas-Macho-14mm-Negro.jpg?1771351457",1.35
0.57,Repuestos para bongs y vaporizadores,bonglab,bonglab,31408,"Astro Growshop",3990,"Quemador Macho 14Mm -Bonglab - GENERICO","https://cdnx.jumpseller.com/astrogrowshop/image/74868608/imagen_1_14183.webp?1774966171",33990,"Fumetas",5391,"Bonglab Quemador Perlas - Macho 14mm - Rosado","https://cdnx.jumpseller.com/fumetas-store/image/73439750/Bonglab-Quemador-Perlas-Macho-14mm-Rosado.jpg?1771351457",1.35
0.57,Repuestos para bongs y vaporizadores,bonglab,bonglab,31408,"Astro Growshop",3990,"Quemador Macho 14Mm -Bonglab - GENERICO","https://cdnx.jumpseller.com/astrogrowshop/image/74868608/imagen_1_14183.webp?1774966171",33991,"Fumetas",5391,"Bonglab Quemador Perlas - Macho 14mm - Turquesa","https://cdnx.jumpseller.com/fumetas-store/image/73439752/Bonglab-Quemador-Perlas-Macho-14mm-turquesa.jpg?1771351457",1.35
0.57,Repuestos para bongs y vaporizadores,bonglab,,31408,"Astro Growshop",3990,"Quemador Macho 14Mm -Bonglab - GENERICO","https://cdnx.jumpseller.com/astrogrowshop/image/74868608/imagen_1_14183.webp?1774966171",34094,"Fumetas",4990,"Quemador Generico Honeycomb Macho 14mm - Ámbar","https://cdnx.jumpseller.com/fumetas-store/image/72663253/Honey-Comb-Ambar.jpg?1770226037",1.25
0.57,Repuestos para bongs y vaporizadores,bonglab,,31408,"Astro Growshop",3990,"Quemador Macho 14Mm -Bonglab - GENERICO","https://cdnx.jumpseller.com/astrogrowshop/image/74868608/imagen_1_14183.webp?1774966171",34095,"Fumetas",4990,"Quemador Generico Honeycomb Macho 14mm - Negro","https://cdnx.jumpseller.com/fumetas-store/image/72663256/Quemador-Honeycomb-Generico-Negro-2.jpg?1770226037",1.25
0.57,Repuestos para bongs y vaporizadores,bonglab,,31408,"Astro Growshop",3990,"Quemador Macho 14Mm -Bonglab - GENERICO","https://cdnx.jumpseller.com/astrogrowshop/image/74868608/imagen_1_14183.webp?1774966171",34096,"Fumetas",4990,"Quemador Generico Honeycomb Macho 14mm - Verde","https://cdnx.jumpseller.com/fumetas-store/image/72663259/Quemador-Honeycomb-Generico-Verde.jpg?1770226037",1.25
0.57,Repuestos para bongs y vaporizadores,bonglab,,31408,"Astro Growshop",3990,"Quemador Macho 14Mm -Bonglab - GENERICO","https://cdnx.jumpseller.com/astrogrowshop/image/74868608/imagen_1_14183.webp?1774966171",34097,"Fumetas",4990,"Quemador Generico Honeycomb Macho 14mm - Rosado","https://cdnx.jumpseller.com/fumetas-store/image/72663262/Quemador-Honeycomb-Generico-rosado-2.jpg?1770226037",1.25
0.57,Repuestos para bongs y vaporizadores,bonglab,,31408,"Astro Growshop",3990,"Quemador Macho 14Mm -Bonglab - GENERICO","https://cdnx.jumpseller.com/astrogrowshop/image/74868608/imagen_1_14183.webp?1774966171",34098,"Fumetas",4990,"Quemador Generico Honeycomb Macho 14mm - Morado","https://cdnx.jumpseller.com/fumetas-store/image/72663267/Quemador-Honeycomb-Generico-Morado.jpg?1770226037",1.25
0.57,Repuestos para bongs y vaporizadores,bonglab,,31408,"Astro Growshop",3990,"Quemador Macho 14Mm -Bonglab - GENERICO","https://cdnx.jumpseller.com/astrogrowshop/image/74868608/imagen_1_14183.webp?1774966171",34099,"Fumetas",4990,"Quemador Generico Honeycomb Macho 14mm - Turquesa","https://cdnx.jumpseller.com/fumetas-store/image/72663823/Quemador-Honeycomb-Generico-Turquesa-2.jpg?1770226037",1.25
0.57,Repuestos para bongs y vaporizadores,bonglab,,31408,"Astro Growshop",3990,"Quemador Macho 14Mm -Bonglab - GENERICO","https://cdnx.jumpseller.com/astrogrowshop/image/74868608/imagen_1_14183.webp?1774966171",34100,"Fumetas",4990,"Quemador Generico Honeycomb Macho 14mm - Azul","https://cdnx.jumpseller.com/fumetas-store/image/72663827/Quemador-Honeycomb-Generico-Azul.jpg?1770226037",1.25
0.57,Repuestos para bongs y vaporizadores,bonglab,,31408,"Astro Growshop",3990,"Quemador Macho 14Mm -Bonglab - GENERICO","https://cdnx.jumpseller.com/astrogrowshop/image/74868608/imagen_1_14183.webp?1774966171",34101,"Fumetas",4990,"Quemador Generico Honeycomb Macho 14mm - Transparente","https://cdnx.jumpseller.com/fumetas-store/image/72726798/honey-2.jpg?1770226037",1.25
0.57,Repuestos para bongs y vaporizadores,bonglab,bonglab,31410,"Astro Growshop",5990,"Quemador Macho 18Mm -Bonglab - Rosa","https://cdnx.jumpseller.com/astrogrowshop/image/72468272/imagen_1_27104.webp?1769629317",33976,"Fumetas",5990,"BongLab Quemador Honeycomb Macho 18mm - Morado","https://cdnx.jumpseller.com/fumetas-store/image/56174220/Quemador-HoneyComb-Macho-18mm-Morado-2.jpg?1770059032",1.00
0.57,Repuestos para bongs y vaporizadores,bonglab,bonglab,31410,"Astro Growshop",5990,"Quemador Macho 18Mm -Bonglab - Rosa","https://cdnx.jumpseller.com/astrogrowshop/image/72468272/imagen_1_27104.webp?1769629317",33977,"Fumetas",5990,"BongLab Quemador Honeycomb Macho 18mm - Verde","https://cdnx.jumpseller.com/fumetas-store/image/56174219/Quemador-HoneyComb-Macho-18mm-Verde-2.jpg?1770059032",1.00
0.57,Repuestos para bongs y vaporizadores,bonglab,bonglab,31410,"Astro Growshop",5990,"Quemador Macho 18Mm -Bonglab - Rosa","https://cdnx.jumpseller.com/astrogrowshop/image/72468272/imagen_1_27104.webp?1769629317",33978,"Fumetas",5990,"BongLab Quemador Honeycomb Macho 18mm - Rosado","https://cdnx.jumpseller.com/fumetas-store/image/56174223/Quemador-HoneyComb-Macho-18mm-Rosado-2.jpg?1770059032",1.00
0.57,Repuestos para bongs y vaporizadores,bonglab,bonglab,31410,"Astro Growshop",5990,"Quemador Macho 18Mm -Bonglab - Rosa","https://cdnx.jumpseller.com/astrogrowshop/image/72468272/imagen_1_27104.webp?1769629317",33979,"Fumetas",5990,"BongLab Quemador Honeycomb Macho 18mm - Azul","https://cdnx.jumpseller.com/fumetas-store/image/56174225/Quemador-HoneyComb-Macho-18mm-Azul-2.jpg?1770059032",1.00
0.57,Repuestos para bongs y vaporizadores,bonglab,bonglab,31410,"Astro Growshop",5990,"Quemador Macho 18Mm -Bonglab - Rosa","https://cdnx.jumpseller.com/astrogrowshop/image/72468272/imagen_1_27104.webp?1769629317",33980,"Fumetas",5990,"BongLab Quemador Honeycomb Macho 18mm - Negro","https://cdnx.jumpseller.com/fumetas-store/image/56174227/Quemador-HoneyComb-Macho-18mm-Negro-2.jpg?1770059032",1.00
0.57,Repuestos para bongs y vaporizadores,bonglab,bonglab,31410,"Astro Growshop",5990,"Quemador Macho 18Mm -Bonglab - Rosa","https://cdnx.jumpseller.com/astrogrowshop/image/72468272/imagen_1_27104.webp?1769629317",33992,"Fumetas",4401,"Bonglab Quemador Perlas - Macho 18mm - Rosado","https://cdnx.jumpseller.com/fumetas-store/image/76590300/Quemador-18mm-Rosado.jpg?1778693525",1.36
0.57,Repuestos para bongs y vaporizadores,bonglab,bonglab,31410,"Astro Growshop",5990,"Quemador Macho 18Mm -Bonglab - Rosa","https://cdnx.jumpseller.com/astrogrowshop/image/72468272/imagen_1_27104.webp?1769629317",33993,"Fumetas",4401,"Bonglab Quemador Perlas - Macho 18mm - Azul","https://cdnx.jumpseller.com/fumetas-store/image/76590303/Quemador-18mm-Azul-3.jpg?1778693525",1.36
0.57,Repuestos para bongs y vaporizadores,bonglab,bonglab,31410,"Astro Growshop",5990,"Quemador Macho 18Mm -Bonglab - Rosa","https://cdnx.jumpseller.com/astrogrowshop/image/72468272/imagen_1_27104.webp?1769629317",33994,"Fumetas",4401,"Bonglab Quemador Perlas - Macho 18mm - Ámbar","https://cdnx.jumpseller.com/fumetas-store/image/76590306/Quemador-18mm-Ambar.jpg?1778693525",1.36
0.57,Repuestos para bongs y vaporizadores,bonglab,bonglab,31410,"Astro Growshop",5990,"Quemador Macho 18Mm -Bonglab - Rosa","https://cdnx.jumpseller.com/astrogrowshop/image/72468272/imagen_1_27104.webp?1769629317",33995,"Fumetas",4401,"Bonglab Quemador Perlas - Macho 18mm - Morado","https://cdnx.jumpseller.com/fumetas-store/image/76590309/Quemador-18mm-Morado-1.jpg?1778693525",1.36
0.57,Repuestos para bongs y vaporizadores,bonglab,bonglab,31410,"Astro Growshop",5990,"Quemador Macho 18Mm -Bonglab - Rosa","https://cdnx.jumpseller.com/astrogrowshop/image/72468272/imagen_1_27104.webp?1769629317",33996,"Fumetas",4401,"Bonglab Quemador Perlas - Macho 18mm - Transparente","https://cdnx.jumpseller.com/fumetas-store/image/76590312/Quemador-18mm-Transpaente.jpg?1778693525",1.36
0.57,Repuestos para bongs y vaporizadores,bonglab,bonglab,31410,"Astro Growshop",5990,"Quemador Macho 18Mm -Bonglab - Rosa","https://cdnx.jumpseller.com/astrogrowshop/image/72468272/imagen_1_27104.webp?1769629317",33997,"Fumetas",4401,"Bonglab Quemador Perlas - Macho 18mm - Turquesa","https://cdnx.jumpseller.com/fumetas-store/image/76590318/Quemador-18mm-Turquesa.jpg?1778693525",1.36
0.57,Repuestos para bongs y vaporizadores,bonglab,bonglab,31410,"Astro Growshop",5990,"Quemador Macho 18Mm -Bonglab - Rosa","https://cdnx.jumpseller.com/astrogrowshop/image/72468272/imagen_1_27104.webp?1769629317",33998,"Fumetas",4401,"Bonglab Quemador Perlas - Macho 18mm - Negro","https://cdnx.jumpseller.com/fumetas-store/image/76590315/Quemador-18mm-Negro.jpg?1778693525",1.36
0.57,Repuestos para bongs y vaporizadores,bonglab,bonglab,31412,"Astro Growshop",5990,"Quemador Macho 18Mm -Bonglab - MILK GREEN","https://cdnx.jumpseller.com/astrogrowshop/image/74869232/imagen_1_27105.webp?1773937827",33982,"Fumetas",4990,"Bonglab Quemador Macho 18mm - Rosado","https://cdnx.jumpseller.com/fumetas-store/image/22220357/quemador-macho-18mm-bonglab__1_.jpg?1645759291",1.20
0.57,Repuestos para bongs y vaporizadores,bonglab,bonglab,31412,"Astro Growshop",5990,"Quemador Macho 18Mm -Bonglab - MILK GREEN","https://cdnx.jumpseller.com/astrogrowshop/image/74869232/imagen_1_27105.webp?1773937827",33984,"Fumetas",4990,"Bonglab Quemador Macho 18mm - Verde","https://cdnx.jumpseller.com/fumetas-store/image/22220358/quemador-macho-18mm-bonglab__4_.jpg?1645759291",1.20
0.57,Bongs,bonglab,bonglab,31448,"Astro Growshop",27990,"R3 Mini-Bonglab - Verde azulado","https://cdnx.jumpseller.com/astrogrowshop/image/74869417/imagen_1_26238.webp?1773937942",33946,"Fumetas",21241,"BongLab Bong R3 Mini 10.5cm - Verde","https://cdnx.jumpseller.com/fumetas-store/image/34389628/BongLab-R3-Mini-Green.webp?1781110801",1.32
0.57,Bandejas y ceniceros,galaxy,galaxy,31462,"Astro Growshop",2990,"CENICERO ASH HOLDER GLOW IN THE DARK - GALAXY - Verde","https://cdnx.jumpseller.com/astrogrowshop/image/75876686/21385.webp?1777389798",34259,"Fumetas",2990,"Cenicero Galaxy Ash Holder - Verde","https://cdnx.jumpseller.com/fumetas-store/image/57824602/Cenicero-Ash-Holder-Galaxy-Verde.webp?1733008054",1.00
0.57,Bandejas y ceniceros,galaxy,galaxy,31463,"Astro Growshop",2990,"CENICERO ASH HOLDER GLOW IN THE DARK - GALAXY - Rojo","https://cdnx.jumpseller.com/astrogrowshop/image/76163015/rojo_202.webp?1777389801",34258,"Fumetas",2990,"Cenicero Galaxy Ash Holder - Rojo","https://cdnx.jumpseller.com/fumetas-store/image/57824596/Cenicero-Ash-Holder-Galaxy-Rojo.webp?1733008054",1.00
0.57,Bandejas y ceniceros,galaxy,galaxy,31465,"Astro Growshop",2990,"CENICERO ASH HOLDER GLOW IN THE DARK - GALAXY - Negro","https://cdnx.jumpseller.com/astrogrowshop/image/76163018/BLACK.webp?1777389801",34254,"Fumetas",2990,"Cenicero Galaxy Ash Holder - Negro","https://cdnx.jumpseller.com/fumetas-store/image/57824593/Cenicero-Ash-Holder-Galaxy-Negro.webp?1733008054",1.00
0.57,Bandejas y ceniceros,galaxy,galaxy,31466,"Astro Growshop",2990,"CENICERO ASH HOLDER GLOW IN THE DARK - GALAXY - Azul","https://cdnx.jumpseller.com/astrogrowshop/image/76163028/BLUII.webp?1777389801",34256,"Fumetas",2990,"Cenicero Galaxy Ash Holder - Azul","https://cdnx.jumpseller.com/fumetas-store/image/57824587/Cenicero-Ash-Holder-Galaxy-Azul.webp?1733008054",1.00
0.57,Repuestos para bongs y vaporizadores,,bonglab,31496,"Astro Growshop",4990,"Quemador Honeycomb Macho 14Mm - azul","https://cdnx.jumpseller.com/astrogrowshop/image/72486776/Sin-honey-combn-18-sin-logo1.webp?1769697089",33859,"Fumetas",5990,"Bonglab Quemador con rejilla - Macho 14mm - Azul","https://cdnx.jumpseller.com/fumetas-store/image/21810465/BongLab-CRejilla-Blue.jpg?1715461503",1.20
0.57,Repuestos para bongs y vaporizadores,,bonglab,31496,"Astro Growshop",4990,"Quemador Honeycomb Macho 14Mm - azul","https://cdnx.jumpseller.com/astrogrowshop/image/72486776/Sin-honey-combn-18-sin-logo1.webp?1769697089",33972,"Fumetas",5990,"BongLab Quemador HoneyComb Macho 14mm - Verde","https://cdnx.jumpseller.com/fumetas-store/image/34403134/Quemador-HoneyComb-Macho-14mm-Green.webp?1682303050",1.20
0.57,Repuestos para bongs y vaporizadores,,bonglab,31496,"Astro Growshop",4990,"Quemador Honeycomb Macho 14Mm - azul","https://cdnx.jumpseller.com/astrogrowshop/image/72486776/Sin-honey-combn-18-sin-logo1.webp?1769697089",33973,"Fumetas",5990,"BongLab Quemador HoneyComb Macho 14mm - Rosado","https://cdnx.jumpseller.com/fumetas-store/image/34403133/Quemador-HoneyComb-Macho-14mm-Pink.webp?1682303050",1.20
0.57,Repuestos para bongs y vaporizadores,,bonglab,31496,"Astro Growshop",4990,"Quemador Honeycomb Macho 14Mm - azul","https://cdnx.jumpseller.com/astrogrowshop/image/72486776/Sin-honey-combn-18-sin-logo1.webp?1769697089",33974,"Fumetas",5990,"BongLab Quemador HoneyComb Macho 14mm - Morado","https://cdnx.jumpseller.com/fumetas-store/image/34403132/Quemador-HoneyComb-Macho-14mm-Purple.webp?1682303050",1.20
0.57,Repuestos para bongs y vaporizadores,,bonglab,31496,"Astro Growshop",4990,"Quemador Honeycomb Macho 14Mm - azul","https://cdnx.jumpseller.com/astrogrowshop/image/72486776/Sin-honey-combn-18-sin-logo1.webp?1769697089",33975,"Fumetas",5990,"BongLab Quemador HoneyComb Macho 14mm - Negro","https://cdnx.jumpseller.com/fumetas-store/image/34403136/Quemador-HoneyComb-Macho-14mm-Black.webp?1682303050",1.20
0.57,Repuestos para bongs y vaporizadores,,bonglab,31496,"Astro Growshop",4990,"Quemador Honeycomb Macho 14Mm - azul","https://cdnx.jumpseller.com/astrogrowshop/image/72486776/Sin-honey-combn-18-sin-logo1.webp?1769697089",33979,"Fumetas",5990,"BongLab Quemador Honeycomb Macho 18mm - Azul","https://cdnx.jumpseller.com/fumetas-store/image/56174225/Quemador-HoneyComb-Macho-18mm-Azul-2.jpg?1770059032",1.20
0.57,Repuestos para bongs y vaporizadores,,,31496,"Astro Growshop",4990,"Quemador Honeycomb Macho 14Mm - azul","https://cdnx.jumpseller.com/astrogrowshop/image/72486776/Sin-honey-combn-18-sin-logo1.webp?1769697089",34094,"Fumetas",4990,"Quemador Generico Honeycomb Macho 14mm - Ámbar","https://cdnx.jumpseller.com/fumetas-store/image/72663253/Honey-Comb-Ambar.jpg?1770226037",1.00
0.57,Repuestos para bongs y vaporizadores,,,31496,"Astro Growshop",4990,"Quemador Honeycomb Macho 14Mm - azul","https://cdnx.jumpseller.com/astrogrowshop/image/72486776/Sin-honey-combn-18-sin-logo1.webp?1769697089",34095,"Fumetas",4990,"Quemador Generico Honeycomb Macho 14mm - Negro","https://cdnx.jumpseller.com/fumetas-store/image/72663256/Quemador-Honeycomb-Generico-Negro-2.jpg?1770226037",1.00
0.57,Repuestos para bongs y vaporizadores,,,31496,"Astro Growshop",4990,"Quemador Honeycomb Macho 14Mm - azul","https://cdnx.jumpseller.com/astrogrowshop/image/72486776/Sin-honey-combn-18-sin-logo1.webp?1769697089",34096,"Fumetas",4990,"Quemador Generico Honeycomb Macho 14mm - Verde","https://cdnx.jumpseller.com/fumetas-store/image/72663259/Quemador-Honeycomb-Generico-Verde.jpg?1770226037",1.00
0.57,Repuestos para bongs y vaporizadores,,,31496,"Astro Growshop",4990,"Quemador Honeycomb Macho 14Mm - azul","https://cdnx.jumpseller.com/astrogrowshop/image/72486776/Sin-honey-combn-18-sin-logo1.webp?1769697089",34097,"Fumetas",4990,"Quemador Generico Honeycomb Macho 14mm - Rosado","https://cdnx.jumpseller.com/fumetas-store/image/72663262/Quemador-Honeycomb-Generico-rosado-2.jpg?1770226037",1.00
0.57,Repuestos para bongs y vaporizadores,,,31496,"Astro Growshop",4990,"Quemador Honeycomb Macho 14Mm - azul","https://cdnx.jumpseller.com/astrogrowshop/image/72486776/Sin-honey-combn-18-sin-logo1.webp?1769697089",34098,"Fumetas",4990,"Quemador Generico Honeycomb Macho 14mm - Morado","https://cdnx.jumpseller.com/fumetas-store/image/72663267/Quemador-Honeycomb-Generico-Morado.jpg?1770226037",1.00
0.57,Repuestos para bongs y vaporizadores,,,31496,"Astro Growshop",4990,"Quemador Honeycomb Macho 14Mm - azul","https://cdnx.jumpseller.com/astrogrowshop/image/72486776/Sin-honey-combn-18-sin-logo1.webp?1769697089",34099,"Fumetas",4990,"Quemador Generico Honeycomb Macho 14mm - Turquesa","https://cdnx.jumpseller.com/fumetas-store/image/72663823/Quemador-Honeycomb-Generico-Turquesa-2.jpg?1770226037",1.00
0.57,Repuestos para bongs y vaporizadores,,,31496,"Astro Growshop",4990,"Quemador Honeycomb Macho 14Mm - azul","https://cdnx.jumpseller.com/astrogrowshop/image/72486776/Sin-honey-combn-18-sin-logo1.webp?1769697089",34101,"Fumetas",4990,"Quemador Generico Honeycomb Macho 14mm - Transparente","https://cdnx.jumpseller.com/fumetas-store/image/72726798/honey-2.jpg?1770226037",1.00
0.57,Repuestos para bongs y vaporizadores,,,31496,"Astro Growshop",4990,"Quemador Honeycomb Macho 14Mm - azul","https://cdnx.jumpseller.com/astrogrowshop/image/72486776/Sin-honey-combn-18-sin-logo1.webp?1769697089",35787,"Fumetas",5990,"Quemador King Skull - Macho 14mm - Azul","https://cdnx.jumpseller.com/fumetas-store/image/37794344/Quemador-King-Skull-Blue-Macho-14mm.webp?1689802122",1.20
0.57,Repuestos para bongs y vaporizadores,,,31496,"Astro Growshop",4990,"Quemador Honeycomb Macho 14Mm - azul","https://cdnx.jumpseller.com/astrogrowshop/image/72486776/Sin-honey-combn-18-sin-logo1.webp?1769697089",37480,"Fumetas",4990,"Quemador Darth Vader Macho 14mm - Azul","https://cdnx.jumpseller.com/fumetas-store/image/6097771/WhatsApp_Image_2019-07-17_at_00.10.58__1_.jpeg?1632515249",1.00
0.57,Repuestos para bongs y vaporizadores,,bonglab,31497,"Astro Growshop",4990,"Quemador Honeycomb Macho 14Mm - verde","https://cdnx.jumpseller.com/astrogrowshop/image/72486777/Sin-honey-combn-18-verde-logo1.webp?1769697089",33856,"Fumetas",5990,"Bonglab Quemador con rejilla - Macho 14mm - Verde","https://cdnx.jumpseller.com/fumetas-store/image/48721786/Quemador-con-rejilla-Green-Macho-14mm.webp?1715461503",1.20
0.57,Repuestos para bongs y vaporizadores,,bonglab,31497,"Astro Growshop",4990,"Quemador Honeycomb Macho 14Mm - verde","https://cdnx.jumpseller.com/astrogrowshop/image/72486777/Sin-honey-combn-18-verde-logo1.webp?1769697089",33971,"Fumetas",5990,"BongLab Quemador HoneyComb Macho 14mm - Azul","https://cdnx.jumpseller.com/fumetas-store/image/34403135/Quemador-HoneyComb-Macho-14mm-Blue.webp?1682303050",1.20
0.57,Repuestos para bongs y vaporizadores,,bonglab,31497,"Astro Growshop",4990,"Quemador Honeycomb Macho 14Mm - verde","https://cdnx.jumpseller.com/astrogrowshop/image/72486777/Sin-honey-combn-18-verde-logo1.webp?1769697089",33973,"Fumetas",5990,"BongLab Quemador HoneyComb Macho 14mm - Rosado","https://cdnx.jumpseller.com/fumetas-store/image/34403133/Quemador-HoneyComb-Macho-14mm-Pink.webp?1682303050",1.20
0.57,Repuestos para bongs y vaporizadores,,bonglab,31497,"Astro Growshop",4990,"Quemador Honeycomb Macho 14Mm - verde","https://cdnx.jumpseller.com/astrogrowshop/image/72486777/Sin-honey-combn-18-verde-logo1.webp?1769697089",33974,"Fumetas",5990,"BongLab Quemador HoneyComb Macho 14mm - Morado","https://cdnx.jumpseller.com/fumetas-store/image/34403132/Quemador-HoneyComb-Macho-14mm-Purple.webp?1682303050",1.20
0.57,Repuestos para bongs y vaporizadores,,bonglab,31497,"Astro Growshop",4990,"Quemador Honeycomb Macho 14Mm - verde","https://cdnx.jumpseller.com/astrogrowshop/image/72486777/Sin-honey-combn-18-verde-logo1.webp?1769697089",33975,"Fumetas",5990,"BongLab Quemador HoneyComb Macho 14mm - Negro","https://cdnx.jumpseller.com/fumetas-store/image/34403136/Quemador-HoneyComb-Macho-14mm-Black.webp?1682303050",1.20
0.57,Repuestos para bongs y vaporizadores,,bonglab,31497,"Astro Growshop",4990,"Quemador Honeycomb Macho 14Mm - verde","https://cdnx.jumpseller.com/astrogrowshop/image/72486777/Sin-honey-combn-18-verde-logo1.webp?1769697089",33977,"Fumetas",5990,"BongLab Quemador Honeycomb Macho 18mm - Verde","https://cdnx.jumpseller.com/fumetas-store/image/56174219/Quemador-HoneyComb-Macho-18mm-Verde-2.jpg?1770059032",1.20
0.57,Repuestos para bongs y vaporizadores,,,31497,"Astro Growshop",4990,"Quemador Honeycomb Macho 14Mm - verde","https://cdnx.jumpseller.com/astrogrowshop/image/72486777/Sin-honey-combn-18-verde-logo1.webp?1769697089",34094,"Fumetas",4990,"Quemador Generico Honeycomb Macho 14mm - Ámbar","https://cdnx.jumpseller.com/fumetas-store/image/72663253/Honey-Comb-Ambar.jpg?1770226037",1.00
0.57,Repuestos para bongs y vaporizadores,,,31497,"Astro Growshop",4990,"Quemador Honeycomb Macho 14Mm - verde","https://cdnx.jumpseller.com/astrogrowshop/image/72486777/Sin-honey-combn-18-verde-logo1.webp?1769697089",34095,"Fumetas",4990,"Quemador Generico Honeycomb Macho 14mm - Negro","https://cdnx.jumpseller.com/fumetas-store/image/72663256/Quemador-Honeycomb-Generico-Negro-2.jpg?1770226037",1.00
0.57,Repuestos para bongs y vaporizadores,,,31497,"Astro Growshop",4990,"Quemador Honeycomb Macho 14Mm - verde","https://cdnx.jumpseller.com/astrogrowshop/image/72486777/Sin-honey-combn-18-verde-logo1.webp?1769697089",34097,"Fumetas",4990,"Quemador Generico Honeycomb Macho 14mm - Rosado","https://cdnx.jumpseller.com/fumetas-store/image/72663262/Quemador-Honeycomb-Generico-rosado-2.jpg?1770226037",1.00
0.57,Repuestos para bongs y vaporizadores,,,31497,"Astro Growshop",4990,"Quemador Honeycomb Macho 14Mm - verde","https://cdnx.jumpseller.com/astrogrowshop/image/72486777/Sin-honey-combn-18-verde-logo1.webp?1769697089",34098,"Fumetas",4990,"Quemador Generico Honeycomb Macho 14mm - Morado","https://cdnx.jumpseller.com/fumetas-store/image/72663267/Quemador-Honeycomb-Generico-Morado.jpg?1770226037",1.00
0.57,Repuestos para bongs y vaporizadores,,,31497,"Astro Growshop",4990,"Quemador Honeycomb Macho 14Mm - verde","https://cdnx.jumpseller.com/astrogrowshop/image/72486777/Sin-honey-combn-18-verde-logo1.webp?1769697089",34099,"Fumetas",4990,"Quemador Generico Honeycomb Macho 14mm - Turquesa","https://cdnx.jumpseller.com/fumetas-store/image/72663823/Quemador-Honeycomb-Generico-Turquesa-2.jpg?1770226037",1.00
0.57,Repuestos para bongs y vaporizadores,,,31497,"Astro Growshop",4990,"Quemador Honeycomb Macho 14Mm - verde","https://cdnx.jumpseller.com/astrogrowshop/image/72486777/Sin-honey-combn-18-verde-logo1.webp?1769697089",34100,"Fumetas",4990,"Quemador Generico Honeycomb Macho 14mm - Azul","https://cdnx.jumpseller.com/fumetas-store/image/72663827/Quemador-Honeycomb-Generico-Azul.jpg?1770226037",1.00
0.57,Repuestos para bongs y vaporizadores,,,31497,"Astro Growshop",4990,"Quemador Honeycomb Macho 14Mm - verde","https://cdnx.jumpseller.com/astrogrowshop/image/72486777/Sin-honey-combn-18-verde-logo1.webp?1769697089",34101,"Fumetas",4990,"Quemador Generico Honeycomb Macho 14mm - Transparente","https://cdnx.jumpseller.com/fumetas-store/image/72726798/honey-2.jpg?1770226037",1.00
0.57,Repuestos para bongs y vaporizadores,,,31497,"Astro Growshop",4990,"Quemador Honeycomb Macho 14Mm - verde","https://cdnx.jumpseller.com/astrogrowshop/image/72486777/Sin-honey-combn-18-verde-logo1.webp?1769697089",35785,"Fumetas",5990,"Quemador King Skull - Macho 14mm - Verde","https://cdnx.jumpseller.com/fumetas-store/image/37794345/Quemador-King-Skull-Green-Macho-14mm.webp?1689802122",1.20
0.57,Repuestos para bongs y vaporizadores,,bonglab,31499,"Astro Growshop",4990,"Quemador Honeycomb Macho 14Mm - GOLDEN","https://cdnx.jumpseller.com/astrogrowshop/image/72486761/Sin-honey-combn-18--ambar-sin-logo1.webp?1769697089",33971,"Fumetas",5990,"BongLab Quemador HoneyComb Macho 14mm - Azul","https://cdnx.jumpseller.com/fumetas-store/image/34403135/Quemador-HoneyComb-Macho-14mm-Blue.webp?1682303050",1.20
0.57,Repuestos para bongs y vaporizadores,,bonglab,31499,"Astro Growshop",4990,"Quemador Honeycomb Macho 14Mm - GOLDEN","https://cdnx.jumpseller.com/astrogrowshop/image/72486761/Sin-honey-combn-18--ambar-sin-logo1.webp?1769697089",33972,"Fumetas",5990,"BongLab Quemador HoneyComb Macho 14mm - Verde","https://cdnx.jumpseller.com/fumetas-store/image/34403134/Quemador-HoneyComb-Macho-14mm-Green.webp?1682303050",1.20
0.57,Repuestos para bongs y vaporizadores,,bonglab,31499,"Astro Growshop",4990,"Quemador Honeycomb Macho 14Mm - GOLDEN","https://cdnx.jumpseller.com/astrogrowshop/image/72486761/Sin-honey-combn-18--ambar-sin-logo1.webp?1769697089",33973,"Fumetas",5990,"BongLab Quemador HoneyComb Macho 14mm - Rosado","https://cdnx.jumpseller.com/fumetas-store/image/34403133/Quemador-HoneyComb-Macho-14mm-Pink.webp?1682303050",1.20
0.57,Repuestos para bongs y vaporizadores,,bonglab,31499,"Astro Growshop",4990,"Quemador Honeycomb Macho 14Mm - GOLDEN","https://cdnx.jumpseller.com/astrogrowshop/image/72486761/Sin-honey-combn-18--ambar-sin-logo1.webp?1769697089",33974,"Fumetas",5990,"BongLab Quemador HoneyComb Macho 14mm - Morado","https://cdnx.jumpseller.com/fumetas-store/image/34403132/Quemador-HoneyComb-Macho-14mm-Purple.webp?1682303050",1.20
0.57,Repuestos para bongs y vaporizadores,,bonglab,31499,"Astro Growshop",4990,"Quemador Honeycomb Macho 14Mm - GOLDEN","https://cdnx.jumpseller.com/astrogrowshop/image/72486761/Sin-honey-combn-18--ambar-sin-logo1.webp?1769697089",33975,"Fumetas",5990,"BongLab Quemador HoneyComb Macho 14mm - Negro","https://cdnx.jumpseller.com/fumetas-store/image/34403136/Quemador-HoneyComb-Macho-14mm-Black.webp?1682303050",1.20
0.57,Repuestos para bongs y vaporizadores,,,31499,"Astro Growshop",4990,"Quemador Honeycomb Macho 14Mm - GOLDEN","https://cdnx.jumpseller.com/astrogrowshop/image/72486761/Sin-honey-combn-18--ambar-sin-logo1.webp?1769697089",34094,"Fumetas",4990,"Quemador Generico Honeycomb Macho 14mm - Ámbar","https://cdnx.jumpseller.com/fumetas-store/image/72663253/Honey-Comb-Ambar.jpg?1770226037",1.00
0.57,Repuestos para bongs y vaporizadores,,,31499,"Astro Growshop",4990,"Quemador Honeycomb Macho 14Mm - GOLDEN","https://cdnx.jumpseller.com/astrogrowshop/image/72486761/Sin-honey-combn-18--ambar-sin-logo1.webp?1769697089",34095,"Fumetas",4990,"Quemador Generico Honeycomb Macho 14mm - Negro","https://cdnx.jumpseller.com/fumetas-store/image/72663256/Quemador-Honeycomb-Generico-Negro-2.jpg?1770226037",1.00
0.57,Repuestos para bongs y vaporizadores,,,31499,"Astro Growshop",4990,"Quemador Honeycomb Macho 14Mm - GOLDEN","https://cdnx.jumpseller.com/astrogrowshop/image/72486761/Sin-honey-combn-18--ambar-sin-logo1.webp?1769697089",34096,"Fumetas",4990,"Quemador Generico Honeycomb Macho 14mm - Verde","https://cdnx.jumpseller.com/fumetas-store/image/72663259/Quemador-Honeycomb-Generico-Verde.jpg?1770226037",1.00
0.57,Repuestos para bongs y vaporizadores,,,31499,"Astro Growshop",4990,"Quemador Honeycomb Macho 14Mm - GOLDEN","https://cdnx.jumpseller.com/astrogrowshop/image/72486761/Sin-honey-combn-18--ambar-sin-logo1.webp?1769697089",34097,"Fumetas",4990,"Quemador Generico Honeycomb Macho 14mm - Rosado","https://cdnx.jumpseller.com/fumetas-store/image/72663262/Quemador-Honeycomb-Generico-rosado-2.jpg?1770226037",1.00
0.57,Repuestos para bongs y vaporizadores,,,31499,"Astro Growshop",4990,"Quemador Honeycomb Macho 14Mm - GOLDEN","https://cdnx.jumpseller.com/astrogrowshop/image/72486761/Sin-honey-combn-18--ambar-sin-logo1.webp?1769697089",34098,"Fumetas",4990,"Quemador Generico Honeycomb Macho 14mm - Morado","https://cdnx.jumpseller.com/fumetas-store/image/72663267/Quemador-Honeycomb-Generico-Morado.jpg?1770226037",1.00
0.57,Repuestos para bongs y vaporizadores,,,31499,"Astro Growshop",4990,"Quemador Honeycomb Macho 14Mm - GOLDEN","https://cdnx.jumpseller.com/astrogrowshop/image/72486761/Sin-honey-combn-18--ambar-sin-logo1.webp?1769697089",34099,"Fumetas",4990,"Quemador Generico Honeycomb Macho 14mm - Turquesa","https://cdnx.jumpseller.com/fumetas-store/image/72663823/Quemador-Honeycomb-Generico-Turquesa-2.jpg?1770226037",1.00
0.57,Repuestos para bongs y vaporizadores,,,31499,"Astro Growshop",4990,"Quemador Honeycomb Macho 14Mm - GOLDEN","https://cdnx.jumpseller.com/astrogrowshop/image/72486761/Sin-honey-combn-18--ambar-sin-logo1.webp?1769697089",34100,"Fumetas",4990,"Quemador Generico Honeycomb Macho 14mm - Azul","https://cdnx.jumpseller.com/fumetas-store/image/72663827/Quemador-Honeycomb-Generico-Azul.jpg?1770226037",1.00
0.57,Repuestos para bongs y vaporizadores,,,31499,"Astro Growshop",4990,"Quemador Honeycomb Macho 14Mm - GOLDEN","https://cdnx.jumpseller.com/astrogrowshop/image/72486761/Sin-honey-combn-18--ambar-sin-logo1.webp?1769697089",34101,"Fumetas",4990,"Quemador Generico Honeycomb Macho 14mm - Transparente","https://cdnx.jumpseller.com/fumetas-store/image/72726798/honey-2.jpg?1770226037",1.00
0.57,Repuestos para bongs y vaporizadores,,bonglab,31500,"Astro Growshop",4990,"Quemador Honeycomb Macho 14Mm - AMBAR","https://cdnx.jumpseller.com/astrogrowshop/image/72486765/Sin-honey-combn-18--cafe-sin-logo1.webp?1769697089",33858,"Fumetas",5990,"Bonglab Quemador con rejilla - Macho 14mm - Ámbar","https://cdnx.jumpseller.com/fumetas-store/image/46072584/Quemador-con-rejilla-Amber-Macho-14mm.webp?1715461503",1.20
0.57,Repuestos para bongs y vaporizadores,,bonglab,31500,"Astro Growshop",4990,"Quemador Honeycomb Macho 14Mm - AMBAR","https://cdnx.jumpseller.com/astrogrowshop/image/72486765/Sin-honey-combn-18--cafe-sin-logo1.webp?1769697089",33971,"Fumetas",5990,"BongLab Quemador HoneyComb Macho 14mm - Azul","https://cdnx.jumpseller.com/fumetas-store/image/34403135/Quemador-HoneyComb-Macho-14mm-Blue.webp?1682303050",1.20
0.57,Repuestos para bongs y vaporizadores,,bonglab,31500,"Astro Growshop",4990,"Quemador Honeycomb Macho 14Mm - AMBAR","https://cdnx.jumpseller.com/astrogrowshop/image/72486765/Sin-honey-combn-18--cafe-sin-logo1.webp?1769697089",33972,"Fumetas",5990,"BongLab Quemador HoneyComb Macho 14mm - Verde","https://cdnx.jumpseller.com/fumetas-store/image/34403134/Quemador-HoneyComb-Macho-14mm-Green.webp?1682303050",1.20
0.57,Repuestos para bongs y vaporizadores,,bonglab,31500,"Astro Growshop",4990,"Quemador Honeycomb Macho 14Mm - AMBAR","https://cdnx.jumpseller.com/astrogrowshop/image/72486765/Sin-honey-combn-18--cafe-sin-logo1.webp?1769697089",33973,"Fumetas",5990,"BongLab Quemador HoneyComb Macho 14mm - Rosado","https://cdnx.jumpseller.com/fumetas-store/image/34403133/Quemador-HoneyComb-Macho-14mm-Pink.webp?1682303050",1.20
0.57,Repuestos para bongs y vaporizadores,,bonglab,31500,"Astro Growshop",4990,"Quemador Honeycomb Macho 14Mm - AMBAR","https://cdnx.jumpseller.com/astrogrowshop/image/72486765/Sin-honey-combn-18--cafe-sin-logo1.webp?1769697089",33974,"Fumetas",5990,"BongLab Quemador HoneyComb Macho 14mm - Morado","https://cdnx.jumpseller.com/fumetas-store/image/34403132/Quemador-HoneyComb-Macho-14mm-Purple.webp?1682303050",1.20
0.57,Repuestos para bongs y vaporizadores,,bonglab,31500,"Astro Growshop",4990,"Quemador Honeycomb Macho 14Mm - AMBAR","https://cdnx.jumpseller.com/astrogrowshop/image/72486765/Sin-honey-combn-18--cafe-sin-logo1.webp?1769697089",33975,"Fumetas",5990,"BongLab Quemador HoneyComb Macho 14mm - Negro","https://cdnx.jumpseller.com/fumetas-store/image/34403136/Quemador-HoneyComb-Macho-14mm-Black.webp?1682303050",1.20
0.57,Repuestos para bongs y vaporizadores,,,31500,"Astro Growshop",4990,"Quemador Honeycomb Macho 14Mm - AMBAR","https://cdnx.jumpseller.com/astrogrowshop/image/72486765/Sin-honey-combn-18--cafe-sin-logo1.webp?1769697089",34095,"Fumetas",4990,"Quemador Generico Honeycomb Macho 14mm - Negro","https://cdnx.jumpseller.com/fumetas-store/image/72663256/Quemador-Honeycomb-Generico-Negro-2.jpg?1770226037",1.00
0.57,Repuestos para bongs y vaporizadores,,,31500,"Astro Growshop",4990,"Quemador Honeycomb Macho 14Mm - AMBAR","https://cdnx.jumpseller.com/astrogrowshop/image/72486765/Sin-honey-combn-18--cafe-sin-logo1.webp?1769697089",34096,"Fumetas",4990,"Quemador Generico Honeycomb Macho 14mm - Verde","https://cdnx.jumpseller.com/fumetas-store/image/72663259/Quemador-Honeycomb-Generico-Verde.jpg?1770226037",1.00
0.57,Repuestos para bongs y vaporizadores,,,31500,"Astro Growshop",4990,"Quemador Honeycomb Macho 14Mm - AMBAR","https://cdnx.jumpseller.com/astrogrowshop/image/72486765/Sin-honey-combn-18--cafe-sin-logo1.webp?1769697089",34097,"Fumetas",4990,"Quemador Generico Honeycomb Macho 14mm - Rosado","https://cdnx.jumpseller.com/fumetas-store/image/72663262/Quemador-Honeycomb-Generico-rosado-2.jpg?1770226037",1.00
0.57,Repuestos para bongs y vaporizadores,,,31500,"Astro Growshop",4990,"Quemador Honeycomb Macho 14Mm - AMBAR","https://cdnx.jumpseller.com/astrogrowshop/image/72486765/Sin-honey-combn-18--cafe-sin-logo1.webp?1769697089",34098,"Fumetas",4990,"Quemador Generico Honeycomb Macho 14mm - Morado","https://cdnx.jumpseller.com/fumetas-store/image/72663267/Quemador-Honeycomb-Generico-Morado.jpg?1770226037",1.00
0.57,Repuestos para bongs y vaporizadores,,,31500,"Astro Growshop",4990,"Quemador Honeycomb Macho 14Mm - AMBAR","https://cdnx.jumpseller.com/astrogrowshop/image/72486765/Sin-honey-combn-18--cafe-sin-logo1.webp?1769697089",34099,"Fumetas",4990,"Quemador Generico Honeycomb Macho 14mm - Turquesa","https://cdnx.jumpseller.com/fumetas-store/image/72663823/Quemador-Honeycomb-Generico-Turquesa-2.jpg?1770226037",1.00
0.57,Repuestos para bongs y vaporizadores,,,31500,"Astro Growshop",4990,"Quemador Honeycomb Macho 14Mm - AMBAR","https://cdnx.jumpseller.com/astrogrowshop/image/72486765/Sin-honey-combn-18--cafe-sin-logo1.webp?1769697089",34100,"Fumetas",4990,"Quemador Generico Honeycomb Macho 14mm - Azul","https://cdnx.jumpseller.com/fumetas-store/image/72663827/Quemador-Honeycomb-Generico-Azul.jpg?1770226037",1.00
0.57,Repuestos para bongs y vaporizadores,,,31500,"Astro Growshop",4990,"Quemador Honeycomb Macho 14Mm - AMBAR","https://cdnx.jumpseller.com/astrogrowshop/image/72486765/Sin-honey-combn-18--cafe-sin-logo1.webp?1769697089",34101,"Fumetas",4990,"Quemador Generico Honeycomb Macho 14mm - Transparente","https://cdnx.jumpseller.com/fumetas-store/image/72726798/honey-2.jpg?1770226037",1.00
0.57,Repuestos para bongs y vaporizadores,,bonglab,31501,"Astro Growshop",4990,"Quemador Honeycomb Macho 14Mm - Morado","https://cdnx.jumpseller.com/astrogrowshop/image/72487434/Sin-honey-combn-18-purple.webp?1769697090",33971,"Fumetas",5990,"BongLab Quemador HoneyComb Macho 14mm - Azul","https://cdnx.jumpseller.com/fumetas-store/image/34403135/Quemador-HoneyComb-Macho-14mm-Blue.webp?1682303050",1.20
0.57,Repuestos para bongs y vaporizadores,,bonglab,31501,"Astro Growshop",4990,"Quemador Honeycomb Macho 14Mm - Morado","https://cdnx.jumpseller.com/astrogrowshop/image/72487434/Sin-honey-combn-18-purple.webp?1769697090",33972,"Fumetas",5990,"BongLab Quemador HoneyComb Macho 14mm - Verde","https://cdnx.jumpseller.com/fumetas-store/image/34403134/Quemador-HoneyComb-Macho-14mm-Green.webp?1682303050",1.20
0.57,Repuestos para bongs y vaporizadores,,bonglab,31501,"Astro Growshop",4990,"Quemador Honeycomb Macho 14Mm - Morado","https://cdnx.jumpseller.com/astrogrowshop/image/72487434/Sin-honey-combn-18-purple.webp?1769697090",33973,"Fumetas",5990,"BongLab Quemador HoneyComb Macho 14mm - Rosado","https://cdnx.jumpseller.com/fumetas-store/image/34403133/Quemador-HoneyComb-Macho-14mm-Pink.webp?1682303050",1.20
0.57,Repuestos para bongs y vaporizadores,,bonglab,31501,"Astro Growshop",4990,"Quemador Honeycomb Macho 14Mm - Morado","https://cdnx.jumpseller.com/astrogrowshop/image/72487434/Sin-honey-combn-18-purple.webp?1769697090",33975,"Fumetas",5990,"BongLab Quemador HoneyComb Macho 14mm - Negro","https://cdnx.jumpseller.com/fumetas-store/image/34403136/Quemador-HoneyComb-Macho-14mm-Black.webp?1682303050",1.20
0.57,Repuestos para bongs y vaporizadores,,bonglab,31501,"Astro Growshop",4990,"Quemador Honeycomb Macho 14Mm - Morado","https://cdnx.jumpseller.com/astrogrowshop/image/72487434/Sin-honey-combn-18-purple.webp?1769697090",33976,"Fumetas",5990,"BongLab Quemador Honeycomb Macho 18mm - Morado","https://cdnx.jumpseller.com/fumetas-store/image/56174220/Quemador-HoneyComb-Macho-18mm-Morado-2.jpg?1770059032",1.20
0.57,Repuestos para bongs y vaporizadores,,,31501,"Astro Growshop",4990,"Quemador Honeycomb Macho 14Mm - Morado","https://cdnx.jumpseller.com/astrogrowshop/image/72487434/Sin-honey-combn-18-purple.webp?1769697090",34094,"Fumetas",4990,"Quemador Generico Honeycomb Macho 14mm - Ámbar","https://cdnx.jumpseller.com/fumetas-store/image/72663253/Honey-Comb-Ambar.jpg?1770226037",1.00
0.57,Repuestos para bongs y vaporizadores,,,31501,"Astro Growshop",4990,"Quemador Honeycomb Macho 14Mm - Morado","https://cdnx.jumpseller.com/astrogrowshop/image/72487434/Sin-honey-combn-18-purple.webp?1769697090",34095,"Fumetas",4990,"Quemador Generico Honeycomb Macho 14mm - Negro","https://cdnx.jumpseller.com/fumetas-store/image/72663256/Quemador-Honeycomb-Generico-Negro-2.jpg?1770226037",1.00
0.57,Repuestos para bongs y vaporizadores,,,31501,"Astro Growshop",4990,"Quemador Honeycomb Macho 14Mm - Morado","https://cdnx.jumpseller.com/astrogrowshop/image/72487434/Sin-honey-combn-18-purple.webp?1769697090",34096,"Fumetas",4990,"Quemador Generico Honeycomb Macho 14mm - Verde","https://cdnx.jumpseller.com/fumetas-store/image/72663259/Quemador-Honeycomb-Generico-Verde.jpg?1770226037",1.00
0.57,Repuestos para bongs y vaporizadores,,,31501,"Astro Growshop",4990,"Quemador Honeycomb Macho 14Mm - Morado","https://cdnx.jumpseller.com/astrogrowshop/image/72487434/Sin-honey-combn-18-purple.webp?1769697090",34097,"Fumetas",4990,"Quemador Generico Honeycomb Macho 14mm - Rosado","https://cdnx.jumpseller.com/fumetas-store/image/72663262/Quemador-Honeycomb-Generico-rosado-2.jpg?1770226037",1.00
0.57,Repuestos para bongs y vaporizadores,,,31501,"Astro Growshop",4990,"Quemador Honeycomb Macho 14Mm - Morado","https://cdnx.jumpseller.com/astrogrowshop/image/72487434/Sin-honey-combn-18-purple.webp?1769697090",34099,"Fumetas",4990,"Quemador Generico Honeycomb Macho 14mm - Turquesa","https://cdnx.jumpseller.com/fumetas-store/image/72663823/Quemador-Honeycomb-Generico-Turquesa-2.jpg?1770226037",1.00
0.57,Repuestos para bongs y vaporizadores,,,31501,"Astro Growshop",4990,"Quemador Honeycomb Macho 14Mm - Morado","https://cdnx.jumpseller.com/astrogrowshop/image/72487434/Sin-honey-combn-18-purple.webp?1769697090",34100,"Fumetas",4990,"Quemador Generico Honeycomb Macho 14mm - Azul","https://cdnx.jumpseller.com/fumetas-store/image/72663827/Quemador-Honeycomb-Generico-Azul.jpg?1770226037",1.00
0.57,Repuestos para bongs y vaporizadores,,,31501,"Astro Growshop",4990,"Quemador Honeycomb Macho 14Mm - Morado","https://cdnx.jumpseller.com/astrogrowshop/image/72487434/Sin-honey-combn-18-purple.webp?1769697090",34101,"Fumetas",4990,"Quemador Generico Honeycomb Macho 14mm - Transparente","https://cdnx.jumpseller.com/fumetas-store/image/72726798/honey-2.jpg?1770226037",1.00
0.57,Repuestos para bongs y vaporizadores,,bonglab,31502,"Astro Growshop",4990,"Quemador Honeycomb Macho 14Mm - Rosa","https://cdnx.jumpseller.com/astrogrowshop/image/72486775/Sin-honey-combn-18-pink-logo1.webp?1769697089",33971,"Fumetas",5990,"BongLab Quemador HoneyComb Macho 14mm - Azul","https://cdnx.jumpseller.com/fumetas-store/image/34403135/Quemador-HoneyComb-Macho-14mm-Blue.webp?1682303050",1.20
0.57,Repuestos para bongs y vaporizadores,,bonglab,31502,"Astro Growshop",4990,"Quemador Honeycomb Macho 14Mm - Rosa","https://cdnx.jumpseller.com/astrogrowshop/image/72486775/Sin-honey-combn-18-pink-logo1.webp?1769697089",33972,"Fumetas",5990,"BongLab Quemador HoneyComb Macho 14mm - Verde","https://cdnx.jumpseller.com/fumetas-store/image/34403134/Quemador-HoneyComb-Macho-14mm-Green.webp?1682303050",1.20
0.57,Repuestos para bongs y vaporizadores,,bonglab,31502,"Astro Growshop",4990,"Quemador Honeycomb Macho 14Mm - Rosa","https://cdnx.jumpseller.com/astrogrowshop/image/72486775/Sin-honey-combn-18-pink-logo1.webp?1769697089",33973,"Fumetas",5990,"BongLab Quemador HoneyComb Macho 14mm - Rosado","https://cdnx.jumpseller.com/fumetas-store/image/34403133/Quemador-HoneyComb-Macho-14mm-Pink.webp?1682303050",1.20
0.57,Repuestos para bongs y vaporizadores,,bonglab,31502,"Astro Growshop",4990,"Quemador Honeycomb Macho 14Mm - Rosa","https://cdnx.jumpseller.com/astrogrowshop/image/72486775/Sin-honey-combn-18-pink-logo1.webp?1769697089",33974,"Fumetas",5990,"BongLab Quemador HoneyComb Macho 14mm - Morado","https://cdnx.jumpseller.com/fumetas-store/image/34403132/Quemador-HoneyComb-Macho-14mm-Purple.webp?1682303050",1.20
0.57,Repuestos para bongs y vaporizadores,,bonglab,31502,"Astro Growshop",4990,"Quemador Honeycomb Macho 14Mm - Rosa","https://cdnx.jumpseller.com/astrogrowshop/image/72486775/Sin-honey-combn-18-pink-logo1.webp?1769697089",33975,"Fumetas",5990,"BongLab Quemador HoneyComb Macho 14mm - Negro","https://cdnx.jumpseller.com/fumetas-store/image/34403136/Quemador-HoneyComb-Macho-14mm-Black.webp?1682303050",1.20
0.57,Repuestos para bongs y vaporizadores,,,31502,"Astro Growshop",4990,"Quemador Honeycomb Macho 14Mm - Rosa","https://cdnx.jumpseller.com/astrogrowshop/image/72486775/Sin-honey-combn-18-pink-logo1.webp?1769697089",34094,"Fumetas",4990,"Quemador Generico Honeycomb Macho 14mm - Ámbar","https://cdnx.jumpseller.com/fumetas-store/image/72663253/Honey-Comb-Ambar.jpg?1770226037",1.00
0.57,Repuestos para bongs y vaporizadores,,,31502,"Astro Growshop",4990,"Quemador Honeycomb Macho 14Mm - Rosa","https://cdnx.jumpseller.com/astrogrowshop/image/72486775/Sin-honey-combn-18-pink-logo1.webp?1769697089",34095,"Fumetas",4990,"Quemador Generico Honeycomb Macho 14mm - Negro","https://cdnx.jumpseller.com/fumetas-store/image/72663256/Quemador-Honeycomb-Generico-Negro-2.jpg?1770226037",1.00
0.57,Repuestos para bongs y vaporizadores,,,31502,"Astro Growshop",4990,"Quemador Honeycomb Macho 14Mm - Rosa","https://cdnx.jumpseller.com/astrogrowshop/image/72486775/Sin-honey-combn-18-pink-logo1.webp?1769697089",34096,"Fumetas",4990,"Quemador Generico Honeycomb Macho 14mm - Verde","https://cdnx.jumpseller.com/fumetas-store/image/72663259/Quemador-Honeycomb-Generico-Verde.jpg?1770226037",1.00
0.57,Repuestos para bongs y vaporizadores,,,31502,"Astro Growshop",4990,"Quemador Honeycomb Macho 14Mm - Rosa","https://cdnx.jumpseller.com/astrogrowshop/image/72486775/Sin-honey-combn-18-pink-logo1.webp?1769697089",34097,"Fumetas",4990,"Quemador Generico Honeycomb Macho 14mm - Rosado","https://cdnx.jumpseller.com/fumetas-store/image/72663262/Quemador-Honeycomb-Generico-rosado-2.jpg?1770226037",1.00
0.57,Repuestos para bongs y vaporizadores,,,31502,"Astro Growshop",4990,"Quemador Honeycomb Macho 14Mm - Rosa","https://cdnx.jumpseller.com/astrogrowshop/image/72486775/Sin-honey-combn-18-pink-logo1.webp?1769697089",34098,"Fumetas",4990,"Quemador Generico Honeycomb Macho 14mm - Morado","https://cdnx.jumpseller.com/fumetas-store/image/72663267/Quemador-Honeycomb-Generico-Morado.jpg?1770226037",1.00
0.57,Repuestos para bongs y vaporizadores,,,31502,"Astro Growshop",4990,"Quemador Honeycomb Macho 14Mm - Rosa","https://cdnx.jumpseller.com/astrogrowshop/image/72486775/Sin-honey-combn-18-pink-logo1.webp?1769697089",34099,"Fumetas",4990,"Quemador Generico Honeycomb Macho 14mm - Turquesa","https://cdnx.jumpseller.com/fumetas-store/image/72663823/Quemador-Honeycomb-Generico-Turquesa-2.jpg?1770226037",1.00
0.57,Repuestos para bongs y vaporizadores,,,31502,"Astro Growshop",4990,"Quemador Honeycomb Macho 14Mm - Rosa","https://cdnx.jumpseller.com/astrogrowshop/image/72486775/Sin-honey-combn-18-pink-logo1.webp?1769697089",34100,"Fumetas",4990,"Quemador Generico Honeycomb Macho 14mm - Azul","https://cdnx.jumpseller.com/fumetas-store/image/72663827/Quemador-Honeycomb-Generico-Azul.jpg?1770226037",1.00
0.57,Repuestos para bongs y vaporizadores,,,31502,"Astro Growshop",4990,"Quemador Honeycomb Macho 14Mm - Rosa","https://cdnx.jumpseller.com/astrogrowshop/image/72486775/Sin-honey-combn-18-pink-logo1.webp?1769697089",34101,"Fumetas",4990,"Quemador Generico Honeycomb Macho 14mm - Transparente","https://cdnx.jumpseller.com/fumetas-store/image/72726798/honey-2.jpg?1770226037",1.00
0.57,Repuestos para bongs y vaporizadores,,bonglab,31504,"Astro Growshop",4990,"Quemador Honeycomb Macho 14Mm - CLEAR","https://cdnx.jumpseller.com/astrogrowshop/image/72486769/Sin-honey-combn-18-clearlogo1.webp?1769697089",33971,"Fumetas",5990,"BongLab Quemador HoneyComb Macho 14mm - Azul","https://cdnx.jumpseller.com/fumetas-store/image/34403135/Quemador-HoneyComb-Macho-14mm-Blue.webp?1682303050",1.20
0.57,Repuestos para bongs y vaporizadores,,bonglab,31504,"Astro Growshop",4990,"Quemador Honeycomb Macho 14Mm - CLEAR","https://cdnx.jumpseller.com/astrogrowshop/image/72486769/Sin-honey-combn-18-clearlogo1.webp?1769697089",33972,"Fumetas",5990,"BongLab Quemador HoneyComb Macho 14mm - Verde","https://cdnx.jumpseller.com/fumetas-store/image/34403134/Quemador-HoneyComb-Macho-14mm-Green.webp?1682303050",1.20
0.57,Repuestos para bongs y vaporizadores,,bonglab,31504,"Astro Growshop",4990,"Quemador Honeycomb Macho 14Mm - CLEAR","https://cdnx.jumpseller.com/astrogrowshop/image/72486769/Sin-honey-combn-18-clearlogo1.webp?1769697089",33973,"Fumetas",5990,"BongLab Quemador HoneyComb Macho 14mm - Rosado","https://cdnx.jumpseller.com/fumetas-store/image/34403133/Quemador-HoneyComb-Macho-14mm-Pink.webp?1682303050",1.20
0.57,Repuestos para bongs y vaporizadores,,bonglab,31504,"Astro Growshop",4990,"Quemador Honeycomb Macho 14Mm - CLEAR","https://cdnx.jumpseller.com/astrogrowshop/image/72486769/Sin-honey-combn-18-clearlogo1.webp?1769697089",33974,"Fumetas",5990,"BongLab Quemador HoneyComb Macho 14mm - Morado","https://cdnx.jumpseller.com/fumetas-store/image/34403132/Quemador-HoneyComb-Macho-14mm-Purple.webp?1682303050",1.20
0.57,Repuestos para bongs y vaporizadores,,bonglab,31504,"Astro Growshop",4990,"Quemador Honeycomb Macho 14Mm - CLEAR","https://cdnx.jumpseller.com/astrogrowshop/image/72486769/Sin-honey-combn-18-clearlogo1.webp?1769697089",33975,"Fumetas",5990,"BongLab Quemador HoneyComb Macho 14mm - Negro","https://cdnx.jumpseller.com/fumetas-store/image/34403136/Quemador-HoneyComb-Macho-14mm-Black.webp?1682303050",1.20
0.57,Repuestos para bongs y vaporizadores,,,31504,"Astro Growshop",4990,"Quemador Honeycomb Macho 14Mm - CLEAR","https://cdnx.jumpseller.com/astrogrowshop/image/72486769/Sin-honey-combn-18-clearlogo1.webp?1769697089",34094,"Fumetas",4990,"Quemador Generico Honeycomb Macho 14mm - Ámbar","https://cdnx.jumpseller.com/fumetas-store/image/72663253/Honey-Comb-Ambar.jpg?1770226037",1.00
0.57,Repuestos para bongs y vaporizadores,,,31504,"Astro Growshop",4990,"Quemador Honeycomb Macho 14Mm - CLEAR","https://cdnx.jumpseller.com/astrogrowshop/image/72486769/Sin-honey-combn-18-clearlogo1.webp?1769697089",34095,"Fumetas",4990,"Quemador Generico Honeycomb Macho 14mm - Negro","https://cdnx.jumpseller.com/fumetas-store/image/72663256/Quemador-Honeycomb-Generico-Negro-2.jpg?1770226037",1.00
0.57,Repuestos para bongs y vaporizadores,,,31504,"Astro Growshop",4990,"Quemador Honeycomb Macho 14Mm - CLEAR","https://cdnx.jumpseller.com/astrogrowshop/image/72486769/Sin-honey-combn-18-clearlogo1.webp?1769697089",34096,"Fumetas",4990,"Quemador Generico Honeycomb Macho 14mm - Verde","https://cdnx.jumpseller.com/fumetas-store/image/72663259/Quemador-Honeycomb-Generico-Verde.jpg?1770226037",1.00
0.57,Repuestos para bongs y vaporizadores,,,31504,"Astro Growshop",4990,"Quemador Honeycomb Macho 14Mm - CLEAR","https://cdnx.jumpseller.com/astrogrowshop/image/72486769/Sin-honey-combn-18-clearlogo1.webp?1769697089",34097,"Fumetas",4990,"Quemador Generico Honeycomb Macho 14mm - Rosado","https://cdnx.jumpseller.com/fumetas-store/image/72663262/Quemador-Honeycomb-Generico-rosado-2.jpg?1770226037",1.00
0.57,Repuestos para bongs y vaporizadores,,,31504,"Astro Growshop",4990,"Quemador Honeycomb Macho 14Mm - CLEAR","https://cdnx.jumpseller.com/astrogrowshop/image/72486769/Sin-honey-combn-18-clearlogo1.webp?1769697089",34098,"Fumetas",4990,"Quemador Generico Honeycomb Macho 14mm - Morado","https://cdnx.jumpseller.com/fumetas-store/image/72663267/Quemador-Honeycomb-Generico-Morado.jpg?1770226037",1.00
0.57,Repuestos para bongs y vaporizadores,,,31504,"Astro Growshop",4990,"Quemador Honeycomb Macho 14Mm - CLEAR","https://cdnx.jumpseller.com/astrogrowshop/image/72486769/Sin-honey-combn-18-clearlogo1.webp?1769697089",34099,"Fumetas",4990,"Quemador Generico Honeycomb Macho 14mm - Turquesa","https://cdnx.jumpseller.com/fumetas-store/image/72663823/Quemador-Honeycomb-Generico-Turquesa-2.jpg?1770226037",1.00
0.57,Repuestos para bongs y vaporizadores,,,31504,"Astro Growshop",4990,"Quemador Honeycomb Macho 14Mm - CLEAR","https://cdnx.jumpseller.com/astrogrowshop/image/72486769/Sin-honey-combn-18-clearlogo1.webp?1769697089",34100,"Fumetas",4990,"Quemador Generico Honeycomb Macho 14mm - Azul","https://cdnx.jumpseller.com/fumetas-store/image/72663827/Quemador-Honeycomb-Generico-Azul.jpg?1770226037",1.00
0.57,Repuestos para bongs y vaporizadores,,,31504,"Astro Growshop",4990,"Quemador Honeycomb Macho 14Mm - CLEAR","https://cdnx.jumpseller.com/astrogrowshop/image/72486769/Sin-honey-combn-18-clearlogo1.webp?1769697089",34101,"Fumetas",4990,"Quemador Generico Honeycomb Macho 14mm - Transparente","https://cdnx.jumpseller.com/fumetas-store/image/72726798/honey-2.jpg?1770226037",1.00
0.57,Repuestos para bongs y vaporizadores,,bonglab,31506,"Astro Growshop",4990,"Quemador Honeycomb Macho 18Mm - azul","https://cdnx.jumpseller.com/astrogrowshop/image/72486719/Sin-honey-combn-18-sin-logo1.webp?1769697053",33971,"Fumetas",5990,"BongLab Quemador HoneyComb Macho 14mm - Azul","https://cdnx.jumpseller.com/fumetas-store/image/34403135/Quemador-HoneyComb-Macho-14mm-Blue.webp?1682303050",1.20
0.57,Repuestos para bongs y vaporizadores,,bonglab,31506,"Astro Growshop",4990,"Quemador Honeycomb Macho 18Mm - azul","https://cdnx.jumpseller.com/astrogrowshop/image/72486719/Sin-honey-combn-18-sin-logo1.webp?1769697053",33976,"Fumetas",5990,"BongLab Quemador Honeycomb Macho 18mm - Morado","https://cdnx.jumpseller.com/fumetas-store/image/56174220/Quemador-HoneyComb-Macho-18mm-Morado-2.jpg?1770059032",1.20
0.57,Repuestos para bongs y vaporizadores,,bonglab,31506,"Astro Growshop",4990,"Quemador Honeycomb Macho 18Mm - azul","https://cdnx.jumpseller.com/astrogrowshop/image/72486719/Sin-honey-combn-18-sin-logo1.webp?1769697053",33977,"Fumetas",5990,"BongLab Quemador Honeycomb Macho 18mm - Verde","https://cdnx.jumpseller.com/fumetas-store/image/56174219/Quemador-HoneyComb-Macho-18mm-Verde-2.jpg?1770059032",1.20
0.57,Repuestos para bongs y vaporizadores,,bonglab,31506,"Astro Growshop",4990,"Quemador Honeycomb Macho 18Mm - azul","https://cdnx.jumpseller.com/astrogrowshop/image/72486719/Sin-honey-combn-18-sin-logo1.webp?1769697053",33978,"Fumetas",5990,"BongLab Quemador Honeycomb Macho 18mm - Rosado","https://cdnx.jumpseller.com/fumetas-store/image/56174223/Quemador-HoneyComb-Macho-18mm-Rosado-2.jpg?1770059032",1.20
0.57,Repuestos para bongs y vaporizadores,,bonglab,31506,"Astro Growshop",4990,"Quemador Honeycomb Macho 18Mm - azul","https://cdnx.jumpseller.com/astrogrowshop/image/72486719/Sin-honey-combn-18-sin-logo1.webp?1769697053",33980,"Fumetas",5990,"BongLab Quemador Honeycomb Macho 18mm - Negro","https://cdnx.jumpseller.com/fumetas-store/image/56174227/Quemador-HoneyComb-Macho-18mm-Negro-2.jpg?1770059032",1.20
0.57,Repuestos para bongs y vaporizadores,,bonglab,31506,"Astro Growshop",4990,"Quemador Honeycomb Macho 18Mm - azul","https://cdnx.jumpseller.com/astrogrowshop/image/72486719/Sin-honey-combn-18-sin-logo1.webp?1769697053",33993,"Fumetas",4401,"Bonglab Quemador Perlas - Macho 18mm - Azul","https://cdnx.jumpseller.com/fumetas-store/image/76590303/Quemador-18mm-Azul-3.jpg?1778693525",1.13
0.57,Repuestos para bongs y vaporizadores,,,31506,"Astro Growshop",4990,"Quemador Honeycomb Macho 18Mm - azul","https://cdnx.jumpseller.com/astrogrowshop/image/72486719/Sin-honey-combn-18-sin-logo1.webp?1769697053",34100,"Fumetas",4990,"Quemador Generico Honeycomb Macho 14mm - Azul","https://cdnx.jumpseller.com/fumetas-store/image/72663827/Quemador-Honeycomb-Generico-Azul.jpg?1770226037",1.00
0.57,Repuestos para bongs y vaporizadores,,bonglab,31507,"Astro Growshop",4990,"Quemador Honeycomb Macho 18Mm - verde","https://cdnx.jumpseller.com/astrogrowshop/image/72486705/Sin-honey-combn-18-verde-logo1.webp?1769697053",33972,"Fumetas",5990,"BongLab Quemador HoneyComb Macho 14mm - Verde","https://cdnx.jumpseller.com/fumetas-store/image/34403134/Quemador-HoneyComb-Macho-14mm-Green.webp?1682303050",1.20
0.57,Repuestos para bongs y vaporizadores,,bonglab,31507,"Astro Growshop",4990,"Quemador Honeycomb Macho 18Mm - verde","https://cdnx.jumpseller.com/astrogrowshop/image/72486705/Sin-honey-combn-18-verde-logo1.webp?1769697053",33976,"Fumetas",5990,"BongLab Quemador Honeycomb Macho 18mm - Morado","https://cdnx.jumpseller.com/fumetas-store/image/56174220/Quemador-HoneyComb-Macho-18mm-Morado-2.jpg?1770059032",1.20
0.57,Repuestos para bongs y vaporizadores,,bonglab,31507,"Astro Growshop",4990,"Quemador Honeycomb Macho 18Mm - verde","https://cdnx.jumpseller.com/astrogrowshop/image/72486705/Sin-honey-combn-18-verde-logo1.webp?1769697053",33978,"Fumetas",5990,"BongLab Quemador Honeycomb Macho 18mm - Rosado","https://cdnx.jumpseller.com/fumetas-store/image/56174223/Quemador-HoneyComb-Macho-18mm-Rosado-2.jpg?1770059032",1.20
0.57,Repuestos para bongs y vaporizadores,,bonglab,31507,"Astro Growshop",4990,"Quemador Honeycomb Macho 18Mm - verde","https://cdnx.jumpseller.com/astrogrowshop/image/72486705/Sin-honey-combn-18-verde-logo1.webp?1769697053",33979,"Fumetas",5990,"BongLab Quemador Honeycomb Macho 18mm - Azul","https://cdnx.jumpseller.com/fumetas-store/image/56174225/Quemador-HoneyComb-Macho-18mm-Azul-2.jpg?1770059032",1.20
0.57,Repuestos para bongs y vaporizadores,,bonglab,31507,"Astro Growshop",4990,"Quemador Honeycomb Macho 18Mm - verde","https://cdnx.jumpseller.com/astrogrowshop/image/72486705/Sin-honey-combn-18-verde-logo1.webp?1769697053",33980,"Fumetas",5990,"BongLab Quemador Honeycomb Macho 18mm - Negro","https://cdnx.jumpseller.com/fumetas-store/image/56174227/Quemador-HoneyComb-Macho-18mm-Negro-2.jpg?1770059032",1.20
0.57,Repuestos para bongs y vaporizadores,,,31507,"Astro Growshop",4990,"Quemador Honeycomb Macho 18Mm - verde","https://cdnx.jumpseller.com/astrogrowshop/image/72486705/Sin-honey-combn-18-verde-logo1.webp?1769697053",34096,"Fumetas",4990,"Quemador Generico Honeycomb Macho 14mm - Verde","https://cdnx.jumpseller.com/fumetas-store/image/72663259/Quemador-Honeycomb-Generico-Verde.jpg?1770226037",1.00
0.57,Repuestos para bongs y vaporizadores,,bonglab,31509,"Astro Growshop",4990,"Quemador Honeycomb Macho 18Mm - GOLDEN","https://cdnx.jumpseller.com/astrogrowshop/image/72486701/Sin-honey-combn-18--ambar-sin-logo1.webp?1769697053",33976,"Fumetas",5990,"BongLab Quemador Honeycomb Macho 18mm - Morado","https://cdnx.jumpseller.com/fumetas-store/image/56174220/Quemador-HoneyComb-Macho-18mm-Morado-2.jpg?1770059032",1.20
0.57,Repuestos para bongs y vaporizadores,,bonglab,31509,"Astro Growshop",4990,"Quemador Honeycomb Macho 18Mm - GOLDEN","https://cdnx.jumpseller.com/astrogrowshop/image/72486701/Sin-honey-combn-18--ambar-sin-logo1.webp?1769697053",33977,"Fumetas",5990,"BongLab Quemador Honeycomb Macho 18mm - Verde","https://cdnx.jumpseller.com/fumetas-store/image/56174219/Quemador-HoneyComb-Macho-18mm-Verde-2.jpg?1770059032",1.20
0.57,Repuestos para bongs y vaporizadores,,bonglab,31509,"Astro Growshop",4990,"Quemador Honeycomb Macho 18Mm - GOLDEN","https://cdnx.jumpseller.com/astrogrowshop/image/72486701/Sin-honey-combn-18--ambar-sin-logo1.webp?1769697053",33978,"Fumetas",5990,"BongLab Quemador Honeycomb Macho 18mm - Rosado","https://cdnx.jumpseller.com/fumetas-store/image/56174223/Quemador-HoneyComb-Macho-18mm-Rosado-2.jpg?1770059032",1.20
0.57,Repuestos para bongs y vaporizadores,,bonglab,31509,"Astro Growshop",4990,"Quemador Honeycomb Macho 18Mm - GOLDEN","https://cdnx.jumpseller.com/astrogrowshop/image/72486701/Sin-honey-combn-18--ambar-sin-logo1.webp?1769697053",33979,"Fumetas",5990,"BongLab Quemador Honeycomb Macho 18mm - Azul","https://cdnx.jumpseller.com/fumetas-store/image/56174225/Quemador-HoneyComb-Macho-18mm-Azul-2.jpg?1770059032",1.20
0.57,Repuestos para bongs y vaporizadores,,bonglab,31509,"Astro Growshop",4990,"Quemador Honeycomb Macho 18Mm - GOLDEN","https://cdnx.jumpseller.com/astrogrowshop/image/72486701/Sin-honey-combn-18--ambar-sin-logo1.webp?1769697053",33980,"Fumetas",5990,"BongLab Quemador Honeycomb Macho 18mm - Negro","https://cdnx.jumpseller.com/fumetas-store/image/56174227/Quemador-HoneyComb-Macho-18mm-Negro-2.jpg?1770059032",1.20
0.57,Repuestos para bongs y vaporizadores,,bonglab,31510,"Astro Growshop",4990,"Quemador Honeycomb Macho 18Mm - AMBAR","https://cdnx.jumpseller.com/astrogrowshop/image/72486707/Sin-honey-combn-18--cafe-sin-logo1.webp?1769697053",33976,"Fumetas",5990,"BongLab Quemador Honeycomb Macho 18mm - Morado","https://cdnx.jumpseller.com/fumetas-store/image/56174220/Quemador-HoneyComb-Macho-18mm-Morado-2.jpg?1770059032",1.20
0.57,Repuestos para bongs y vaporizadores,,bonglab,31510,"Astro Growshop",4990,"Quemador Honeycomb Macho 18Mm - AMBAR","https://cdnx.jumpseller.com/astrogrowshop/image/72486707/Sin-honey-combn-18--cafe-sin-logo1.webp?1769697053",33977,"Fumetas",5990,"BongLab Quemador Honeycomb Macho 18mm - Verde","https://cdnx.jumpseller.com/fumetas-store/image/56174219/Quemador-HoneyComb-Macho-18mm-Verde-2.jpg?1770059032",1.20
0.57,Repuestos para bongs y vaporizadores,,bonglab,31510,"Astro Growshop",4990,"Quemador Honeycomb Macho 18Mm - AMBAR","https://cdnx.jumpseller.com/astrogrowshop/image/72486707/Sin-honey-combn-18--cafe-sin-logo1.webp?1769697053",33978,"Fumetas",5990,"BongLab Quemador Honeycomb Macho 18mm - Rosado","https://cdnx.jumpseller.com/fumetas-store/image/56174223/Quemador-HoneyComb-Macho-18mm-Rosado-2.jpg?1770059032",1.20
0.57,Repuestos para bongs y vaporizadores,,bonglab,31510,"Astro Growshop",4990,"Quemador Honeycomb Macho 18Mm - AMBAR","https://cdnx.jumpseller.com/astrogrowshop/image/72486707/Sin-honey-combn-18--cafe-sin-logo1.webp?1769697053",33979,"Fumetas",5990,"BongLab Quemador Honeycomb Macho 18mm - Azul","https://cdnx.jumpseller.com/fumetas-store/image/56174225/Quemador-HoneyComb-Macho-18mm-Azul-2.jpg?1770059032",1.20
0.57,Repuestos para bongs y vaporizadores,,bonglab,31510,"Astro Growshop",4990,"Quemador Honeycomb Macho 18Mm - AMBAR","https://cdnx.jumpseller.com/astrogrowshop/image/72486707/Sin-honey-combn-18--cafe-sin-logo1.webp?1769697053",33980,"Fumetas",5990,"BongLab Quemador Honeycomb Macho 18mm - Negro","https://cdnx.jumpseller.com/fumetas-store/image/56174227/Quemador-HoneyComb-Macho-18mm-Negro-2.jpg?1770059032",1.20
0.57,Repuestos para bongs y vaporizadores,,bonglab,31510,"Astro Growshop",4990,"Quemador Honeycomb Macho 18Mm - AMBAR","https://cdnx.jumpseller.com/astrogrowshop/image/72486707/Sin-honey-combn-18--cafe-sin-logo1.webp?1769697053",33994,"Fumetas",4401,"Bonglab Quemador Perlas - Macho 18mm - Ámbar","https://cdnx.jumpseller.com/fumetas-store/image/76590306/Quemador-18mm-Ambar.jpg?1778693525",1.13
0.57,Repuestos para bongs y vaporizadores,,,31510,"Astro Growshop",4990,"Quemador Honeycomb Macho 18Mm - AMBAR","https://cdnx.jumpseller.com/astrogrowshop/image/72486707/Sin-honey-combn-18--cafe-sin-logo1.webp?1769697053",34094,"Fumetas",4990,"Quemador Generico Honeycomb Macho 14mm - Ámbar","https://cdnx.jumpseller.com/fumetas-store/image/72663253/Honey-Comb-Ambar.jpg?1770226037",1.00
0.57,Repuestos para bongs y vaporizadores,,bonglab,31511,"Astro Growshop",4990,"Quemador Honeycomb Macho 18Mm - Morado","https://cdnx.jumpseller.com/astrogrowshop/image/72487425/Sin-honey-combn-18-purple.webp?1769697054",33974,"Fumetas",5990,"BongLab Quemador HoneyComb Macho 14mm - Morado","https://cdnx.jumpseller.com/fumetas-store/image/34403132/Quemador-HoneyComb-Macho-14mm-Purple.webp?1682303050",1.20
0.57,Repuestos para bongs y vaporizadores,,bonglab,31511,"Astro Growshop",4990,"Quemador Honeycomb Macho 18Mm - Morado","https://cdnx.jumpseller.com/astrogrowshop/image/72487425/Sin-honey-combn-18-purple.webp?1769697054",33977,"Fumetas",5990,"BongLab Quemador Honeycomb Macho 18mm - Verde","https://cdnx.jumpseller.com/fumetas-store/image/56174219/Quemador-HoneyComb-Macho-18mm-Verde-2.jpg?1770059032",1.20
0.57,Repuestos para bongs y vaporizadores,,bonglab,31511,"Astro Growshop",4990,"Quemador Honeycomb Macho 18Mm - Morado","https://cdnx.jumpseller.com/astrogrowshop/image/72487425/Sin-honey-combn-18-purple.webp?1769697054",33978,"Fumetas",5990,"BongLab Quemador Honeycomb Macho 18mm - Rosado","https://cdnx.jumpseller.com/fumetas-store/image/56174223/Quemador-HoneyComb-Macho-18mm-Rosado-2.jpg?1770059032",1.20
0.57,Repuestos para bongs y vaporizadores,,bonglab,31511,"Astro Growshop",4990,"Quemador Honeycomb Macho 18Mm - Morado","https://cdnx.jumpseller.com/astrogrowshop/image/72487425/Sin-honey-combn-18-purple.webp?1769697054",33979,"Fumetas",5990,"BongLab Quemador Honeycomb Macho 18mm - Azul","https://cdnx.jumpseller.com/fumetas-store/image/56174225/Quemador-HoneyComb-Macho-18mm-Azul-2.jpg?1770059032",1.20
0.57,Repuestos para bongs y vaporizadores,,bonglab,31511,"Astro Growshop",4990,"Quemador Honeycomb Macho 18Mm - Morado","https://cdnx.jumpseller.com/astrogrowshop/image/72487425/Sin-honey-combn-18-purple.webp?1769697054",33980,"Fumetas",5990,"BongLab Quemador Honeycomb Macho 18mm - Negro","https://cdnx.jumpseller.com/fumetas-store/image/56174227/Quemador-HoneyComb-Macho-18mm-Negro-2.jpg?1770059032",1.20
0.57,Repuestos para bongs y vaporizadores,,bonglab,31511,"Astro Growshop",4990,"Quemador Honeycomb Macho 18Mm - Morado","https://cdnx.jumpseller.com/astrogrowshop/image/72487425/Sin-honey-combn-18-purple.webp?1769697054",33995,"Fumetas",4401,"Bonglab Quemador Perlas - Macho 18mm - Morado","https://cdnx.jumpseller.com/fumetas-store/image/76590309/Quemador-18mm-Morado-1.jpg?1778693525",1.13
0.57,Repuestos para bongs y vaporizadores,,,31511,"Astro Growshop",4990,"Quemador Honeycomb Macho 18Mm - Morado","https://cdnx.jumpseller.com/astrogrowshop/image/72487425/Sin-honey-combn-18-purple.webp?1769697054",34098,"Fumetas",4990,"Quemador Generico Honeycomb Macho 14mm - Morado","https://cdnx.jumpseller.com/fumetas-store/image/72663267/Quemador-Honeycomb-Generico-Morado.jpg?1770226037",1.00
0.57,Repuestos para bongs y vaporizadores,,bonglab,31512,"Astro Growshop",4990,"Quemador Honeycomb Macho 18Mm - Rosa","https://cdnx.jumpseller.com/astrogrowshop/image/72486716/Sin-honey-combn-18-pink-logo1.webp?1769697053",33976,"Fumetas",5990,"BongLab Quemador Honeycomb Macho 18mm - Morado","https://cdnx.jumpseller.com/fumetas-store/image/56174220/Quemador-HoneyComb-Macho-18mm-Morado-2.jpg?1770059032",1.20
0.57,Repuestos para bongs y vaporizadores,,bonglab,31512,"Astro Growshop",4990,"Quemador Honeycomb Macho 18Mm - Rosa","https://cdnx.jumpseller.com/astrogrowshop/image/72486716/Sin-honey-combn-18-pink-logo1.webp?1769697053",33977,"Fumetas",5990,"BongLab Quemador Honeycomb Macho 18mm - Verde","https://cdnx.jumpseller.com/fumetas-store/image/56174219/Quemador-HoneyComb-Macho-18mm-Verde-2.jpg?1770059032",1.20
0.57,Repuestos para bongs y vaporizadores,,bonglab,31512,"Astro Growshop",4990,"Quemador Honeycomb Macho 18Mm - Rosa","https://cdnx.jumpseller.com/astrogrowshop/image/72486716/Sin-honey-combn-18-pink-logo1.webp?1769697053",33978,"Fumetas",5990,"BongLab Quemador Honeycomb Macho 18mm - Rosado","https://cdnx.jumpseller.com/fumetas-store/image/56174223/Quemador-HoneyComb-Macho-18mm-Rosado-2.jpg?1770059032",1.20
0.57,Repuestos para bongs y vaporizadores,,bonglab,31512,"Astro Growshop",4990,"Quemador Honeycomb Macho 18Mm - Rosa","https://cdnx.jumpseller.com/astrogrowshop/image/72486716/Sin-honey-combn-18-pink-logo1.webp?1769697053",33979,"Fumetas",5990,"BongLab Quemador Honeycomb Macho 18mm - Azul","https://cdnx.jumpseller.com/fumetas-store/image/56174225/Quemador-HoneyComb-Macho-18mm-Azul-2.jpg?1770059032",1.20
0.57,Repuestos para bongs y vaporizadores,,bonglab,31512,"Astro Growshop",4990,"Quemador Honeycomb Macho 18Mm - Rosa","https://cdnx.jumpseller.com/astrogrowshop/image/72486716/Sin-honey-combn-18-pink-logo1.webp?1769697053",33980,"Fumetas",5990,"BongLab Quemador Honeycomb Macho 18mm - Negro","https://cdnx.jumpseller.com/fumetas-store/image/56174227/Quemador-HoneyComb-Macho-18mm-Negro-2.jpg?1770059032",1.20
0.57,Repuestos para bongs y vaporizadores,,bonglab,31513,"Astro Growshop",4990,"Quemador Honeycomb Macho 18Mm - Verde azulado","https://cdnx.jumpseller.com/astrogrowshop/image/72486700/Sin-honey-combn-18-green-logo1.webp?1769697053",33984,"Fumetas",4990,"Bonglab Quemador Macho 18mm - Verde","https://cdnx.jumpseller.com/fumetas-store/image/22220358/quemador-macho-18mm-bonglab__4_.jpg?1645759291",1.00
0.57,Repuestos para bongs y vaporizadores,,bonglab,31514,"Astro Growshop",4990,"Quemador Honeycomb Macho 18Mm - CLEAR","https://cdnx.jumpseller.com/astrogrowshop/image/72486702/Sin-honey-combn-18-clearlogo1.webp?1769697053",33976,"Fumetas",5990,"BongLab Quemador Honeycomb Macho 18mm - Morado","https://cdnx.jumpseller.com/fumetas-store/image/56174220/Quemador-HoneyComb-Macho-18mm-Morado-2.jpg?1770059032",1.20
0.57,Repuestos para bongs y vaporizadores,,bonglab,31514,"Astro Growshop",4990,"Quemador Honeycomb Macho 18Mm - CLEAR","https://cdnx.jumpseller.com/astrogrowshop/image/72486702/Sin-honey-combn-18-clearlogo1.webp?1769697053",33977,"Fumetas",5990,"BongLab Quemador Honeycomb Macho 18mm - Verde","https://cdnx.jumpseller.com/fumetas-store/image/56174219/Quemador-HoneyComb-Macho-18mm-Verde-2.jpg?1770059032",1.20
0.57,Repuestos para bongs y vaporizadores,,bonglab,31514,"Astro Growshop",4990,"Quemador Honeycomb Macho 18Mm - CLEAR","https://cdnx.jumpseller.com/astrogrowshop/image/72486702/Sin-honey-combn-18-clearlogo1.webp?1769697053",33978,"Fumetas",5990,"BongLab Quemador Honeycomb Macho 18mm - Rosado","https://cdnx.jumpseller.com/fumetas-store/image/56174223/Quemador-HoneyComb-Macho-18mm-Rosado-2.jpg?1770059032",1.20
0.57,Repuestos para bongs y vaporizadores,,bonglab,31514,"Astro Growshop",4990,"Quemador Honeycomb Macho 18Mm - CLEAR","https://cdnx.jumpseller.com/astrogrowshop/image/72486702/Sin-honey-combn-18-clearlogo1.webp?1769697053",33979,"Fumetas",5990,"BongLab Quemador Honeycomb Macho 18mm - Azul","https://cdnx.jumpseller.com/fumetas-store/image/56174225/Quemador-HoneyComb-Macho-18mm-Azul-2.jpg?1770059032",1.20
0.57,Repuestos para bongs y vaporizadores,,bonglab,31514,"Astro Growshop",4990,"Quemador Honeycomb Macho 18Mm - CLEAR","https://cdnx.jumpseller.com/astrogrowshop/image/72486702/Sin-honey-combn-18-clearlogo1.webp?1769697053",33980,"Fumetas",5990,"BongLab Quemador Honeycomb Macho 18mm - Negro","https://cdnx.jumpseller.com/fumetas-store/image/56174227/Quemador-HoneyComb-Macho-18mm-Negro-2.jpg?1770059032",1.20
0.57,Repuestos para bongs y vaporizadores,,calvo,31516,"Astro Growshop",3990,"Quemador Macho 14Mm - Negro","https://cdnx.jumpseller.com/astrogrowshop/image/72498559/QUEMADOR_MACHO_UPPER_SOLID_BLACK.webp?1774890330",34443,"Fumetas",3490,"Calvo Glass Quemador Pyrex - Macho 14mm - Negro","https://cdnx.jumpseller.com/fumetas-store/image/22207871/QUEMADOR-PYREX-CALVO_-1-1.jpg?1751084827",1.14
0.57,Repuestos para bongs y vaporizadores,,calvo,31517,"Astro Growshop",3990,"Quemador Macho 14Mm - azul","https://cdnx.jumpseller.com/astrogrowshop/image/72476853/AZUL-CLARO-3.webp?1774890330",34444,"Fumetas",3490,"Calvo Glass Quemador Pyrex - Macho 14mm - Azul","https://cdnx.jumpseller.com/fumetas-store/image/22207872/Quemador-pyrex-dark-blue.jpg?1751084827",1.14
0.57,Repuestos para bongs y vaporizadores,,calvo,31517,"Astro Growshop",3990,"Quemador Macho 14Mm - azul","https://cdnx.jumpseller.com/astrogrowshop/image/72476853/AZUL-CLARO-3.webp?1774890330",34765,"Fumetas",6990,"Calvo Glass Quemador Bowl - Macho 14mm - Azul","https://cdnx.jumpseller.com/fumetas-store/image/22207825/Quemador_Bowl_14mm_Blue.jpg?1645676017",1.75
0.57,Repuestos para bongs y vaporizadores,,calvo,31517,"Astro Growshop",3990,"Quemador Macho 14Mm - azul","https://cdnx.jumpseller.com/astrogrowshop/image/72476853/AZUL-CLARO-3.webp?1774890330",34770,"Fumetas",6490,"Calvo Glass Quemador Perlas - Macho 14mm - Azul","https://cdnx.jumpseller.com/fumetas-store/image/31616369/Calvo-Glass-Quemador-Perlas-14mm-Blue.jpg?1675724796",1.63
0.57,Repuestos para bongs y vaporizadores,,calvo,31517,"Astro Growshop",3990,"Quemador Macho 14Mm - azul","https://cdnx.jumpseller.com/astrogrowshop/image/72476853/AZUL-CLARO-3.webp?1774890330",35020,"Fumetas",8990,"Calvo Glass Quemador cuerno - Macho 14mm - Azul","https://cdnx.jumpseller.com/fumetas-store/image/75346018/Quemador-cuerno-calvo-azul.jpg?1774903153",2.25
0.57,Repuestos para bongs y vaporizadores,,calvo,31518,"Astro Growshop",3990,"Quemador Macho 14Mm - verde","https://cdnx.jumpseller.com/astrogrowshop/image/72476871/VERDE-3.webp?1774890330",34446,"Fumetas",3490,"Calvo Glass Quemador Pyrex - Macho 14mm - Verde","https://cdnx.jumpseller.com/fumetas-store/image/22207873/Quemador-pyrex-Green.jpg?1751084827",1.14
0.57,Repuestos para bongs y vaporizadores,,calvo,31518,"Astro Growshop",3990,"Quemador Macho 14Mm - verde","https://cdnx.jumpseller.com/astrogrowshop/image/72476871/VERDE-3.webp?1774890330",34766,"Fumetas",6990,"Calvo Glass Quemador Bowl - Macho 14mm - Verde","https://cdnx.jumpseller.com/fumetas-store/image/22207826/Quemador_Bowl_14mm_Green.jpg?1645676017",1.75
0.57,Repuestos para bongs y vaporizadores,,calvo,31518,"Astro Growshop",3990,"Quemador Macho 14Mm - verde","https://cdnx.jumpseller.com/astrogrowshop/image/72476871/VERDE-3.webp?1774890330",34771,"Fumetas",6490,"Calvo Glass Quemador Perlas - Macho 14mm - Verde","https://cdnx.jumpseller.com/fumetas-store/image/31616370/Calvo-Glass-Quemador-Perlas-14mm-Green.jpg?1675724796",1.63
0.57,Repuestos para bongs y vaporizadores,,bonglab,31519,"Astro Growshop",3990,"Quemador Macho 14Mm - Azul oscuro","https://cdnx.jumpseller.com/astrogrowshop/image/72476856/AZUL-3.webp?1774890330",33859,"Fumetas",5990,"Bonglab Quemador con rejilla - Macho 14mm - Azul","https://cdnx.jumpseller.com/fumetas-store/image/21810465/BongLab-CRejilla-Blue.jpg?1715461503",1.50
0.57,Repuestos para bongs y vaporizadores,,bonglab,31519,"Astro Growshop",3990,"Quemador Macho 14Mm - Azul oscuro","https://cdnx.jumpseller.com/astrogrowshop/image/72476856/AZUL-3.webp?1774890330",33971,"Fumetas",5990,"BongLab Quemador HoneyComb Macho 14mm - Azul","https://cdnx.jumpseller.com/fumetas-store/image/34403135/Quemador-HoneyComb-Macho-14mm-Blue.webp?1682303050",1.50
0.57,Repuestos para bongs y vaporizadores,,,31519,"Astro Growshop",3990,"Quemador Macho 14Mm - Azul oscuro","https://cdnx.jumpseller.com/astrogrowshop/image/72476856/AZUL-3.webp?1774890330",34100,"Fumetas",4990,"Quemador Generico Honeycomb Macho 14mm - Azul","https://cdnx.jumpseller.com/fumetas-store/image/72663827/Quemador-Honeycomb-Generico-Azul.jpg?1770226037",1.25
0.57,Repuestos para bongs y vaporizadores,,,31519,"Astro Growshop",3990,"Quemador Macho 14Mm - Azul oscuro","https://cdnx.jumpseller.com/astrogrowshop/image/72476856/AZUL-3.webp?1774890330",35787,"Fumetas",5990,"Quemador King Skull - Macho 14mm - Azul","https://cdnx.jumpseller.com/fumetas-store/image/37794344/Quemador-King-Skull-Blue-Macho-14mm.webp?1689802122",1.50
0.57,Repuestos para bongs y vaporizadores,,,31519,"Astro Growshop",3990,"Quemador Macho 14Mm - Azul oscuro","https://cdnx.jumpseller.com/astrogrowshop/image/72476856/AZUL-3.webp?1774890330",37480,"Fumetas",4990,"Quemador Darth Vader Macho 14mm - Azul","https://cdnx.jumpseller.com/fumetas-store/image/6097771/WhatsApp_Image_2019-07-17_at_00.10.58__1_.jpeg?1632515249",1.25
0.57,Repuestos para bongs y vaporizadores,,calvo,31522,"Astro Growshop",3990,"Quemador Macho 14Mm - Morado","https://cdnx.jumpseller.com/astrogrowshop/image/72476864/PURPLE-3.webp?1774890330",34448,"Fumetas",3490,"Calvo Glass Quemador Pyrex - Macho 14mm - Morado","https://cdnx.jumpseller.com/fumetas-store/image/64998090/Quemador-Calvo-Pyrex-Macho-14mm-Morado.jpeg?1751084827",1.14
0.57,Repuestos para bongs y vaporizadores,,calvo,31522,"Astro Growshop",3990,"Quemador Macho 14Mm - Morado","https://cdnx.jumpseller.com/astrogrowshop/image/72476864/PURPLE-3.webp?1774890330",34772,"Fumetas",6490,"Calvo Glass Quemador Perlas - Macho 14mm - Morado","https://cdnx.jumpseller.com/fumetas-store/image/31616366/Calvo-Glass-Quemador-Perlas-14mm-Purple.jpg?1675724796",1.63
0.57,Repuestos para bongs y vaporizadores,,bonglab,31524,"Astro Growshop",3990,"Quemador Macho 14Mm - Verde azulado","https://cdnx.jumpseller.com/astrogrowshop/image/72476867/TEAL-3.webp?1774890330",33856,"Fumetas",5990,"Bonglab Quemador con rejilla - Macho 14mm - Verde","https://cdnx.jumpseller.com/fumetas-store/image/48721786/Quemador-con-rejilla-Green-Macho-14mm.webp?1715461503",1.50
0.57,Repuestos para bongs y vaporizadores,,bonglab,31524,"Astro Growshop",3990,"Quemador Macho 14Mm - Verde azulado","https://cdnx.jumpseller.com/astrogrowshop/image/72476867/TEAL-3.webp?1774890330",33972,"Fumetas",5990,"BongLab Quemador HoneyComb Macho 14mm - Verde","https://cdnx.jumpseller.com/fumetas-store/image/34403134/Quemador-HoneyComb-Macho-14mm-Green.webp?1682303050",1.50
0.57,Repuestos para bongs y vaporizadores,,,31524,"Astro Growshop",3990,"Quemador Macho 14Mm - Verde azulado","https://cdnx.jumpseller.com/astrogrowshop/image/72476867/TEAL-3.webp?1774890330",34096,"Fumetas",4990,"Quemador Generico Honeycomb Macho 14mm - Verde","https://cdnx.jumpseller.com/fumetas-store/image/72663259/Quemador-Honeycomb-Generico-Verde.jpg?1770226037",1.25
0.57,Repuestos para bongs y vaporizadores,,,31524,"Astro Growshop",3990,"Quemador Macho 14Mm - Verde azulado","https://cdnx.jumpseller.com/astrogrowshop/image/72476867/TEAL-3.webp?1774890330",35785,"Fumetas",5990,"Quemador King Skull - Macho 14mm - Verde","https://cdnx.jumpseller.com/fumetas-store/image/37794345/Quemador-King-Skull-Green-Macho-14mm.webp?1689802122",1.50
0.57,Repuestos para bongs y vaporizadores,,bonglab,31539,"Astro Growshop",3990,"Quemador Macho 18Mm - Azul oscuro","https://cdnx.jumpseller.com/astrogrowshop/image/72476809/AZUL-3.webp?1769703980",33979,"Fumetas",5990,"BongLab Quemador Honeycomb Macho 18mm - Azul","https://cdnx.jumpseller.com/fumetas-store/image/56174225/Quemador-HoneyComb-Macho-18mm-Azul-2.jpg?1770059032",1.50
0.57,Repuestos para bongs y vaporizadores,,bonglab,31539,"Astro Growshop",3990,"Quemador Macho 18Mm - Azul oscuro","https://cdnx.jumpseller.com/astrogrowshop/image/72476809/AZUL-3.webp?1769703980",33993,"Fumetas",4401,"Bonglab Quemador Perlas - Macho 18mm - Azul","https://cdnx.jumpseller.com/fumetas-store/image/76590303/Quemador-18mm-Azul-3.jpg?1778693525",1.10
0.57,Repuestos para bongs y vaporizadores,,bonglab,31545,"Astro Growshop",3990,"Quemador Macho 18Mm - Verde azulado","https://cdnx.jumpseller.com/astrogrowshop/image/72476832/TEAL-3.webp?1769703980",33977,"Fumetas",5990,"BongLab Quemador Honeycomb Macho 18mm - Verde","https://cdnx.jumpseller.com/fumetas-store/image/56174219/Quemador-HoneyComb-Macho-18mm-Verde-2.jpg?1770059032",1.50
0.57,Bongs,bonglab,bonglab,31621,"Astro Growshop",20990,"Classic Ice 26Cm-Bonglab - AMBAR","https://cdnx.jumpseller.com/astrogrowshop/image/70239209/imagen_1_26275.webp?1778701673",34671,"Fumetas",22990,"Bonglab Bong KS11 Classic Ice 26cm - Negro","https://cdnx.jumpseller.com/fumetas-store/image/39016076/BongLab-KS11-Classic-Ice-Black.jpg?1781110367",1.10
0.57,Bongs,bonglab,bonglab,31621,"Astro Growshop",20990,"Classic Ice 26Cm-Bonglab - AMBAR","https://cdnx.jumpseller.com/astrogrowshop/image/70239209/imagen_1_26275.webp?1778701673",34672,"Fumetas",22990,"Bonglab Bong KS11 Classic Ice 26cm - Rosado","https://cdnx.jumpseller.com/fumetas-store/image/39016079/BongLab-KS11-Classic-Ice-Pink.jpg?1781110367",1.10
0.57,Bongs,bonglab,bonglab,31621,"Astro Growshop",20990,"Classic Ice 26Cm-Bonglab - AMBAR","https://cdnx.jumpseller.com/astrogrowshop/image/70239209/imagen_1_26275.webp?1778701673",34673,"Fumetas",22990,"Bonglab Bong KS11 Classic Ice 26cm - Verde","https://cdnx.jumpseller.com/fumetas-store/image/39016078/BongLab-KS11-Classic-Ice-Green.jpg?1781110367",1.10
0.57,Bongs,bonglab,bonglab,31621,"Astro Growshop",20990,"Classic Ice 26Cm-Bonglab - AMBAR","https://cdnx.jumpseller.com/astrogrowshop/image/70239209/imagen_1_26275.webp?1778701673",34674,"Fumetas",22990,"Bonglab Bong KS11 Classic Ice 26cm - Azul","https://cdnx.jumpseller.com/fumetas-store/image/39016077/BongLab-KS11-Classic-Ice-Blue.jpg?1781110367",1.10
0.57,Bongs,bonglab,bonglab,31622,"Astro Growshop",20990,"Classic Ice 26Cm-Bonglab - azul","https://cdnx.jumpseller.com/astrogrowshop/image/74869280/imagen_1_26277.webp?1778701673",34671,"Fumetas",22990,"Bonglab Bong KS11 Classic Ice 26cm - Negro","https://cdnx.jumpseller.com/fumetas-store/image/39016076/BongLab-KS11-Classic-Ice-Black.jpg?1781110367",1.10
0.57,Bongs,bonglab,bonglab,31622,"Astro Growshop",20990,"Classic Ice 26Cm-Bonglab - azul","https://cdnx.jumpseller.com/astrogrowshop/image/74869280/imagen_1_26277.webp?1778701673",34672,"Fumetas",22990,"Bonglab Bong KS11 Classic Ice 26cm - Rosado","https://cdnx.jumpseller.com/fumetas-store/image/39016079/BongLab-KS11-Classic-Ice-Pink.jpg?1781110367",1.10
0.57,Bongs,bonglab,bonglab,31622,"Astro Growshop",20990,"Classic Ice 26Cm-Bonglab - azul","https://cdnx.jumpseller.com/astrogrowshop/image/74869280/imagen_1_26277.webp?1778701673",34673,"Fumetas",22990,"Bonglab Bong KS11 Classic Ice 26cm - Verde","https://cdnx.jumpseller.com/fumetas-store/image/39016078/BongLab-KS11-Classic-Ice-Green.jpg?1781110367",1.10
0.57,Bongs,bonglab,bonglab,31622,"Astro Growshop",20990,"Classic Ice 26Cm-Bonglab - azul","https://cdnx.jumpseller.com/astrogrowshop/image/74869280/imagen_1_26277.webp?1778701673",34675,"Fumetas",22990,"Bonglab Bong KS11 Classic Ice 26cm - Ámbar","https://cdnx.jumpseller.com/fumetas-store/image/39016075/BongLab-KS11-Classic-Ice-Amber.jpg?1781110367",1.10
0.57,Bongs,bonglab,bonglab,31623,"Astro Growshop",20990,"Classic Ice 26Cm-Bonglab - verde","https://cdnx.jumpseller.com/astrogrowshop/image/74869281/imagen_1_26278.webp?1778701673",34671,"Fumetas",22990,"Bonglab Bong KS11 Classic Ice 26cm - Negro","https://cdnx.jumpseller.com/fumetas-store/image/39016076/BongLab-KS11-Classic-Ice-Black.jpg?1781110367",1.10
0.57,Bongs,bonglab,bonglab,31623,"Astro Growshop",20990,"Classic Ice 26Cm-Bonglab - verde","https://cdnx.jumpseller.com/astrogrowshop/image/74869281/imagen_1_26278.webp?1778701673",34672,"Fumetas",22990,"Bonglab Bong KS11 Classic Ice 26cm - Rosado","https://cdnx.jumpseller.com/fumetas-store/image/39016079/BongLab-KS11-Classic-Ice-Pink.jpg?1781110367",1.10
0.57,Bongs,bonglab,bonglab,31623,"Astro Growshop",20990,"Classic Ice 26Cm-Bonglab - verde","https://cdnx.jumpseller.com/astrogrowshop/image/74869281/imagen_1_26278.webp?1778701673",34674,"Fumetas",22990,"Bonglab Bong KS11 Classic Ice 26cm - Azul","https://cdnx.jumpseller.com/fumetas-store/image/39016077/BongLab-KS11-Classic-Ice-Blue.jpg?1781110367",1.10
0.57,Bongs,bonglab,bonglab,31623,"Astro Growshop",20990,"Classic Ice 26Cm-Bonglab - verde","https://cdnx.jumpseller.com/astrogrowshop/image/74869281/imagen_1_26278.webp?1778701673",34675,"Fumetas",22990,"Bonglab Bong KS11 Classic Ice 26cm - Ámbar","https://cdnx.jumpseller.com/fumetas-store/image/39016075/BongLab-KS11-Classic-Ice-Amber.jpg?1781110367",1.10
0.57,Bongs,bonglab,bonglab,31624,"Astro Growshop",20990,"Classic Ice 26Cm-Bonglab - Negro","https://cdnx.jumpseller.com/astrogrowshop/image/74869279/imagen_1_26276.webp?1778701673",34672,"Fumetas",22990,"Bonglab Bong KS11 Classic Ice 26cm - Rosado","https://cdnx.jumpseller.com/fumetas-store/image/39016079/BongLab-KS11-Classic-Ice-Pink.jpg?1781110367",1.10
0.57,Bongs,bonglab,bonglab,31624,"Astro Growshop",20990,"Classic Ice 26Cm-Bonglab - Negro","https://cdnx.jumpseller.com/astrogrowshop/image/74869279/imagen_1_26276.webp?1778701673",34673,"Fumetas",22990,"Bonglab Bong KS11 Classic Ice 26cm - Verde","https://cdnx.jumpseller.com/fumetas-store/image/39016078/BongLab-KS11-Classic-Ice-Green.jpg?1781110367",1.10
0.57,Bongs,bonglab,bonglab,31624,"Astro Growshop",20990,"Classic Ice 26Cm-Bonglab - Negro","https://cdnx.jumpseller.com/astrogrowshop/image/74869279/imagen_1_26276.webp?1778701673",34674,"Fumetas",22990,"Bonglab Bong KS11 Classic Ice 26cm - Azul","https://cdnx.jumpseller.com/fumetas-store/image/39016077/BongLab-KS11-Classic-Ice-Blue.jpg?1781110367",1.10
0.57,Bongs,bonglab,bonglab,31624,"Astro Growshop",20990,"Classic Ice 26Cm-Bonglab - Negro","https://cdnx.jumpseller.com/astrogrowshop/image/74869279/imagen_1_26276.webp?1778701673",34675,"Fumetas",22990,"Bonglab Bong KS11 Classic Ice 26cm - Ámbar","https://cdnx.jumpseller.com/fumetas-store/image/39016075/BongLab-KS11-Classic-Ice-Amber.jpg?1781110367",1.10
0.57,Bongs,bonglab,bonglab,31625,"Astro Growshop",20990,"Classic Ice 26Cm-Bonglab - Rosa","https://cdnx.jumpseller.com/astrogrowshop/image/74869283/imagen_1_26279.webp?1778701673",34671,"Fumetas",22990,"Bonglab Bong KS11 Classic Ice 26cm - Negro","https://cdnx.jumpseller.com/fumetas-store/image/39016076/BongLab-KS11-Classic-Ice-Black.jpg?1781110367",1.10
0.57,Bongs,bonglab,bonglab,31625,"Astro Growshop",20990,"Classic Ice 26Cm-Bonglab - Rosa","https://cdnx.jumpseller.com/astrogrowshop/image/74869283/imagen_1_26279.webp?1778701673",34672,"Fumetas",22990,"Bonglab Bong KS11 Classic Ice 26cm - Rosado","https://cdnx.jumpseller.com/fumetas-store/image/39016079/BongLab-KS11-Classic-Ice-Pink.jpg?1781110367",1.10
0.57,Bongs,bonglab,bonglab,31625,"Astro Growshop",20990,"Classic Ice 26Cm-Bonglab - Rosa","https://cdnx.jumpseller.com/astrogrowshop/image/74869283/imagen_1_26279.webp?1778701673",34673,"Fumetas",22990,"Bonglab Bong KS11 Classic Ice 26cm - Verde","https://cdnx.jumpseller.com/fumetas-store/image/39016078/BongLab-KS11-Classic-Ice-Green.jpg?1781110367",1.10
0.57,Bongs,bonglab,bonglab,31625,"Astro Growshop",20990,"Classic Ice 26Cm-Bonglab - Rosa","https://cdnx.jumpseller.com/astrogrowshop/image/74869283/imagen_1_26279.webp?1778701673",34674,"Fumetas",22990,"Bonglab Bong KS11 Classic Ice 26cm - Azul","https://cdnx.jumpseller.com/fumetas-store/image/39016077/BongLab-KS11-Classic-Ice-Blue.jpg?1781110367",1.10
0.57,Bongs,bonglab,bonglab,31625,"Astro Growshop",20990,"Classic Ice 26Cm-Bonglab - Rosa","https://cdnx.jumpseller.com/astrogrowshop/image/74869283/imagen_1_26279.webp?1778701673",34675,"Fumetas",22990,"Bonglab Bong KS11 Classic Ice 26cm - Ámbar","https://cdnx.jumpseller.com/fumetas-store/image/39016075/BongLab-KS11-Classic-Ice-Amber.jpg?1781110367",1.10
0.57,Bongs,bonglab,bonglab,31656,"Astro Growshop",74990,"Heavy Trash -Bonglab - Verde azulado","https://cdnx.jumpseller.com/astrogrowshop/image/78072256/Bong_20Heavy_20Trash_20Verde_20Azulado_20Bonglab_20_20AstroGrowshop_20Chile.webp?1782146786",34659,"Fumetas",72990,"BongLab Bong K42 Heavy Trash 53cm - Verde","https://cdnx.jumpseller.com/fumetas-store/image/34399323/BongLab-K42-Heavy-Thrash-Green.webp?1698439583",1.03
0.57,Bongs,bonglab,bonglab,31658,"Astro Growshop",74990,"Heavy Trash -Bonglab - Negro Humo","https://cdnx.jumpseller.com/astrogrowshop/image/78072255/Bong_20Heavy_20Trash_20Negro_20Humo_20Bonglab_20_20AstroGrowshop_20Chile.webp?1782146786",34657,"Fumetas",72990,"BongLab Bong K42 Heavy Trash 53cm - Negro","https://cdnx.jumpseller.com/fumetas-store/image/41473474/BongLab-Heavy-Thrash-Black-53cm.jpg?1698439583",1.03
0.57,Repuestos para bongs y vaporizadores,,bonglab,32427,"Astro Growshop",2990,"Quemador Bong Cuerno Macho 14Mm - verde","https://cdnx.jumpseller.com/astrogrowshop/image/70132757/imagen_1_28250.webp?1764084659",33856,"Fumetas",5990,"Bonglab Quemador con rejilla - Macho 14mm - Verde","https://cdnx.jumpseller.com/fumetas-store/image/48721786/Quemador-con-rejilla-Green-Macho-14mm.webp?1715461503",2.00
0.57,Repuestos para bongs y vaporizadores,,bonglab,32427,"Astro Growshop",2990,"Quemador Bong Cuerno Macho 14Mm - verde","https://cdnx.jumpseller.com/astrogrowshop/image/70132757/imagen_1_28250.webp?1764084659",33972,"Fumetas",5990,"BongLab Quemador HoneyComb Macho 14mm - Verde","https://cdnx.jumpseller.com/fumetas-store/image/34403134/Quemador-HoneyComb-Macho-14mm-Green.webp?1682303050",2.00
0.57,Repuestos para bongs y vaporizadores,,,32427,"Astro Growshop",2990,"Quemador Bong Cuerno Macho 14Mm - verde","https://cdnx.jumpseller.com/astrogrowshop/image/70132757/imagen_1_28250.webp?1764084659",34096,"Fumetas",4990,"Quemador Generico Honeycomb Macho 14mm - Verde","https://cdnx.jumpseller.com/fumetas-store/image/72663259/Quemador-Honeycomb-Generico-Verde.jpg?1770226037",1.67
0.57,Repuestos para bongs y vaporizadores,,,32427,"Astro Growshop",2990,"Quemador Bong Cuerno Macho 14Mm - verde","https://cdnx.jumpseller.com/astrogrowshop/image/70132757/imagen_1_28250.webp?1764084659",35785,"Fumetas",5990,"Quemador King Skull - Macho 14mm - Verde","https://cdnx.jumpseller.com/fumetas-store/image/37794345/Quemador-King-Skull-Green-Macho-14mm.webp?1689802122",2.00
0.57,Vaporizadores electronicos,,,32620,"Astro Growshop",24990,"Vaporizador Liso 28000-Oxbar - GRAPE BERRIES","https://cdnx.jumpseller.com/astrogrowshop/image/75998874/imagen_1_25581.webp?1776874233",39141,"Piranha",18973,"Vaporizador Oxbar Liso P28000 Grape Berries 5% | PIRANHA","https://piranha.cl/22241-thickbox_default/oxbar-liso-p28000-grape-berries.jpg",1.32
0.57,Bandejas y ceniceros,bonglab,bonglab,32693,"Astro Growshop",23990,"Neon Tray Bandeja Enrolado Led -Bonglab - Azul","https://cdnx.jumpseller.com/astrogrowshop/image/70135263/imagen_2_25987.webp?1778076351",36023,"Fumetas",29990,"BongLab Bandeja Neon Tray - Iluminadas - Azul","https://cdnx.jumpseller.com/fumetas-store/image/20786153/bonglab-neon-tray-blue-bonglab.jpg?1713486760",1.25
0.57,Bandejas y ceniceros,bonglab,bonglab,32694,"Astro Growshop",29990,"Neon Tray Bandeja Enrolado Led -Bonglab - Blanco","https://cdnx.jumpseller.com/astrogrowshop/image/75999624/imagen_2_25999.webp?1778076351",36025,"Fumetas",29990,"BongLab Bandeja Neon Tray - Iluminadas - Blanco","https://cdnx.jumpseller.com/fumetas-store/image/20786152/bonglab-neon-tray-white.jpg?1713486760",1.00
0.57,Bandejas y ceniceros,bonglab,bonglab,32695,"Astro Growshop",23990,"Neon Tray Bandeja Enrolado Led -Bonglab - Morado","https://cdnx.jumpseller.com/astrogrowshop/image/75999629/imagen_2_25996.webp?1778076351",36024,"Fumetas",29990,"BongLab Bandeja Neon Tray - Iluminadas - Morado","https://cdnx.jumpseller.com/fumetas-store/image/20786151/bonglab-neon-tray-purple-bonglab__1_.jpg?1713486760",1.25
0.57,Bandejas y ceniceros,bonglab,bonglab,32696,"Astro Growshop",29990,"Neon Tray Bandeja Enrolado Led -Bonglab - Verde","https://cdnx.jumpseller.com/astrogrowshop/image/76350351/imagen_2_25990.webp?1778076352",36022,"Fumetas",29990,"BongLab Bandeja Neon Tray - Iluminadas - Verde","https://cdnx.jumpseller.com/fumetas-store/image/20786154/bonglab-neon-tray-green-bonglab.jpg?1713486760",1.00
0.57,Bongs,bonglab,bonglab,32957,"Astro Growshop",65990,"Double Shot -Bonglab - Verde azulado","https://cdnx.jumpseller.com/astrogrowshop/image/74869234/imagen_1_26723.webp?1782150078",34652,"Fumetas",69990,"BongLab Bong K14 Double Shot 42cm - Verde","https://cdnx.jumpseller.com/fumetas-store/image/34418570/Bong-K14-Double-Shot-Green.webp?1682356705",1.06
0.57,Repuestos para bongs y vaporizadores,airistech,airistech,33289,"Astro Growshop",18990,"Bateria Mystica Ace -Airistech - IVORY BLACK","https://cdnx.jumpseller.com/astrogrowshop/image/75999235/imagen_1_20046.webp?1776874397",39374,"Piranha",19992,"Batería Mystica Ace - Airistech | PIRANHA","https://piranha.cl/21804-thickbox_default/bateria-mystica-ace-color-a-eleccion.jpg",1.05
0.57,Repuestos para bongs y vaporizadores,airistech,airistech,33290,"Astro Growshop",18990,"Bateria Mystica Ace -Airistech - PRAIRIE GREEN","https://cdnx.jumpseller.com/astrogrowshop/image/75999237/imagen_1_20049.webp?1776874397",39374,"Piranha",19992,"Batería Mystica Ace - Airistech | PIRANHA","https://piranha.cl/21804-thickbox_default/bateria-mystica-ace-color-a-eleccion.jpg",1.05
0.57,Repuestos para bongs y vaporizadores,airistech,airistech,33291,"Astro Growshop",18990,"Bateria Mystica Ace -Airistech - Oro rosa","https://cdnx.jumpseller.com/astrogrowshop/image/75999239/imagen_1_20051.webp?1776874398",39374,"Piranha",19992,"Batería Mystica Ace - Airistech | PIRANHA","https://piranha.cl/21804-thickbox_default/bateria-mystica-ace-color-a-eleccion.jpg",1.05
0.57,Repuestos para bongs y vaporizadores,airistech,airistech,33292,"Astro Growshop",18990,"Bateria Mystica Ace -Airistech - SILK WHITE","https://cdnx.jumpseller.com/astrogrowshop/image/75999242/imagen_1_20050.webp?1776874398",39374,"Piranha",19992,"Batería Mystica Ace - Airistech | PIRANHA","https://piranha.cl/21804-thickbox_default/bateria-mystica-ace-color-a-eleccion.jpg",1.05
0.57,Repuestos para bongs y vaporizadores,airis,airis,33293,"Astro Growshop",16990,"Bateria Mystica Max -Airistech - COCOA BROWN","https://cdnx.jumpseller.com/astrogrowshop/image/70926883/imagen_1_23811.webp?1766499718",38603,"Piranha",16641,"Batería Airistech Mystica Max | PIRANHA","https://piranha.cl/22706-thickbox_default/bateria-airistech-mystica-max-cocoa-brown.jpg",1.02
0.57,Repuestos para bongs y vaporizadores,airis,airis,33293,"Astro Growshop",16990,"Bateria Mystica Max -Airistech - COCOA BROWN","https://cdnx.jumpseller.com/astrogrowshop/image/70926883/imagen_1_23811.webp?1766499718",38604,"Piranha",16641,"Batería Airistech Mystica Max | PIRANHA","https://piranha.cl/22712-thickbox_default/bateria-airistech-mystica-max-lime-green.jpg",1.02
0.57,Repuestos para bongs y vaporizadores,airis,airis,33293,"Astro Growshop",16990,"Bateria Mystica Max -Airistech - COCOA BROWN","https://cdnx.jumpseller.com/astrogrowshop/image/70926883/imagen_1_23811.webp?1766499718",39257,"Piranha",16641,"Batería Airistech Mystica Max | PIRANHA","https://piranha.cl/22710-thickbox_default/airistech-mystica-max-lake-blue.jpg",1.02
0.57,Repuestos para bongs y vaporizadores,airis,airis,33294,"Astro Growshop",16990,"Bateria Mystica Max -Airistech - LAKE BLUE","https://cdnx.jumpseller.com/astrogrowshop/image/75999800/imagen_1_23809.webp?1776874643",38603,"Piranha",16641,"Batería Airistech Mystica Max | PIRANHA","https://piranha.cl/22706-thickbox_default/bateria-airistech-mystica-max-cocoa-brown.jpg",1.02
0.57,Repuestos para bongs y vaporizadores,airis,airis,33294,"Astro Growshop",16990,"Bateria Mystica Max -Airistech - LAKE BLUE","https://cdnx.jumpseller.com/astrogrowshop/image/75999800/imagen_1_23809.webp?1776874643",38604,"Piranha",16641,"Batería Airistech Mystica Max | PIRANHA","https://piranha.cl/22712-thickbox_default/bateria-airistech-mystica-max-lime-green.jpg",1.02
0.57,Repuestos para bongs y vaporizadores,airis,airis,33294,"Astro Growshop",16990,"Bateria Mystica Max -Airistech - LAKE BLUE","https://cdnx.jumpseller.com/astrogrowshop/image/75999800/imagen_1_23809.webp?1776874643",39257,"Piranha",16641,"Batería Airistech Mystica Max | PIRANHA","https://piranha.cl/22710-thickbox_default/airistech-mystica-max-lake-blue.jpg",1.02
0.57,Repuestos para bongs y vaporizadores,airis,airis,33295,"Astro Growshop",16990,"Bateria Mystica Max -Airistech - LIME GREEN","https://cdnx.jumpseller.com/astrogrowshop/image/75999803/imagen_1_23808.webp?1776874643",38603,"Piranha",16641,"Batería Airistech Mystica Max | PIRANHA","https://piranha.cl/22706-thickbox_default/bateria-airistech-mystica-max-cocoa-brown.jpg",1.02
0.57,Repuestos para bongs y vaporizadores,airis,airis,33295,"Astro Growshop",16990,"Bateria Mystica Max -Airistech - LIME GREEN","https://cdnx.jumpseller.com/astrogrowshop/image/75999803/imagen_1_23808.webp?1776874643",38604,"Piranha",16641,"Batería Airistech Mystica Max | PIRANHA","https://piranha.cl/22712-thickbox_default/bateria-airistech-mystica-max-lime-green.jpg",1.02
0.57,Repuestos para bongs y vaporizadores,airis,airis,33295,"Astro Growshop",16990,"Bateria Mystica Max -Airistech - LIME GREEN","https://cdnx.jumpseller.com/astrogrowshop/image/75999803/imagen_1_23808.webp?1776874643",39257,"Piranha",16641,"Batería Airistech Mystica Max | PIRANHA","https://piranha.cl/22710-thickbox_default/airistech-mystica-max-lake-blue.jpg",1.02
0.57,Repuestos para bongs y vaporizadores,airis,airis,33296,"Astro Growshop",16990,"Bateria Mystica Max -Airistech - MOCHANICAL GRENN","https://cdnx.jumpseller.com/astrogrowshop/image/75999805/imagen_1_23807.webp?1776874644",38603,"Piranha",16641,"Batería Airistech Mystica Max | PIRANHA","https://piranha.cl/22706-thickbox_default/bateria-airistech-mystica-max-cocoa-brown.jpg",1.02
0.57,Repuestos para bongs y vaporizadores,airis,airis,33296,"Astro Growshop",16990,"Bateria Mystica Max -Airistech - MOCHANICAL GRENN","https://cdnx.jumpseller.com/astrogrowshop/image/75999805/imagen_1_23807.webp?1776874644",38604,"Piranha",16641,"Batería Airistech Mystica Max | PIRANHA","https://piranha.cl/22712-thickbox_default/bateria-airistech-mystica-max-lime-green.jpg",1.02
0.57,Repuestos para bongs y vaporizadores,airis,airis,33296,"Astro Growshop",16990,"Bateria Mystica Max -Airistech - MOCHANICAL GRENN","https://cdnx.jumpseller.com/astrogrowshop/image/75999805/imagen_1_23807.webp?1776874644",39257,"Piranha",16641,"Batería Airistech Mystica Max | PIRANHA","https://piranha.cl/22710-thickbox_default/airistech-mystica-max-lake-blue.jpg",1.02
0.57,Repuestos para bongs y vaporizadores,airis,airis,33297,"Astro Growshop",16990,"Bateria Mystica Max -Airistech - PERSIAN RED","https://cdnx.jumpseller.com/astrogrowshop/image/75999806/imagen_1_23810.webp?1776874644",38603,"Piranha",16641,"Batería Airistech Mystica Max | PIRANHA","https://piranha.cl/22706-thickbox_default/bateria-airistech-mystica-max-cocoa-brown.jpg",1.02
0.57,Repuestos para bongs y vaporizadores,airis,airis,33297,"Astro Growshop",16990,"Bateria Mystica Max -Airistech - PERSIAN RED","https://cdnx.jumpseller.com/astrogrowshop/image/75999806/imagen_1_23810.webp?1776874644",38604,"Piranha",16641,"Batería Airistech Mystica Max | PIRANHA","https://piranha.cl/22712-thickbox_default/bateria-airistech-mystica-max-lime-green.jpg",1.02
0.57,Repuestos para bongs y vaporizadores,airis,airis,33297,"Astro Growshop",16990,"Bateria Mystica Max -Airistech - PERSIAN RED","https://cdnx.jumpseller.com/astrogrowshop/image/75999806/imagen_1_23810.webp?1776874644",39257,"Piranha",16641,"Batería Airistech Mystica Max | PIRANHA","https://piranha.cl/22710-thickbox_default/airistech-mystica-max-lake-blue.jpg",1.02
0.57,Repuestos para bongs y vaporizadores,airis,airis,33298,"Astro Growshop",16990,"Bateria Mystica Max -Airistech - WILDFLOWER BLACK","https://cdnx.jumpseller.com/astrogrowshop/image/75999807/imagen_1_23812.webp?1776874644",38603,"Piranha",16641,"Batería Airistech Mystica Max | PIRANHA","https://piranha.cl/22706-thickbox_default/bateria-airistech-mystica-max-cocoa-brown.jpg",1.02
0.57,Repuestos para bongs y vaporizadores,airis,airis,33298,"Astro Growshop",16990,"Bateria Mystica Max -Airistech - WILDFLOWER BLACK","https://cdnx.jumpseller.com/astrogrowshop/image/75999807/imagen_1_23812.webp?1776874644",38604,"Piranha",16641,"Batería Airistech Mystica Max | PIRANHA","https://piranha.cl/22712-thickbox_default/bateria-airistech-mystica-max-lime-green.jpg",1.02
0.57,Repuestos para bongs y vaporizadores,airis,airis,33298,"Astro Growshop",16990,"Bateria Mystica Max -Airistech - WILDFLOWER BLACK","https://cdnx.jumpseller.com/astrogrowshop/image/75999807/imagen_1_23812.webp?1776874644",39257,"Piranha",16641,"Batería Airistech Mystica Max | PIRANHA","https://piranha.cl/22710-thickbox_default/airistech-mystica-max-lake-blue.jpg",1.02
0.57,Accesorios de extraccion,calvo,calvo,33321,"Astro Growshop",9990,"Marble Set - Calvo Glass - Rosa","https://cdnx.jumpseller.com/astrogrowshop/image/75999565/imagen_1_24158.webp?1776874529",36971,"Fumetas",14990,"Calvo Glass Terp Slurper Marble Set - 1","https://cdnx.jumpseller.com/fumetas-store/image/23115878/IMG-4183.jpg?1687895363",1.50
0.57,Accesorios de extraccion,calvo,calvo,33321,"Astro Growshop",9990,"Marble Set - Calvo Glass - Rosa","https://cdnx.jumpseller.com/astrogrowshop/image/75999565/imagen_1_24158.webp?1776874529",36972,"Fumetas",14990,"Calvo Glass Terp Slurper Marble Set - 2","https://cdnx.jumpseller.com/fumetas-store/image/23115876/IMG-4185.jpg?1687895363",1.50
0.57,Accesorios de extraccion,calvo,calvo,33321,"Astro Growshop",9990,"Marble Set - Calvo Glass - Rosa","https://cdnx.jumpseller.com/astrogrowshop/image/75999565/imagen_1_24158.webp?1776874529",36973,"Fumetas",14990,"Calvo Glass Terp Slurper Marble Set - 3","https://cdnx.jumpseller.com/fumetas-store/image/23115874/IMG-4415.jpg?1687895363",1.50
0.57,Accesorios de extraccion,calvo,calvo,33321,"Astro Growshop",9990,"Marble Set - Calvo Glass - Rosa","https://cdnx.jumpseller.com/astrogrowshop/image/75999565/imagen_1_24158.webp?1776874529",36974,"Fumetas",14990,"Calvo Glass Terp Slurper Marble Set - 4","https://cdnx.jumpseller.com/fumetas-store/image/23115872/IMG-4414.jpg?1687895363",1.50
0.57,Accesorios de extraccion,calvo,calvo,33321,"Astro Growshop",9990,"Marble Set - Calvo Glass - Rosa","https://cdnx.jumpseller.com/astrogrowshop/image/75999565/imagen_1_24158.webp?1776874529",36975,"Fumetas",14990,"Calvo Glass Terp Slurper Marble Set - 5","https://cdnx.jumpseller.com/fumetas-store/image/23115873/IMG-4417.jpg?1687895363",1.50
0.57,Accesorios de extraccion,calvo,calvo,33321,"Astro Growshop",9990,"Marble Set - Calvo Glass - Rosa","https://cdnx.jumpseller.com/astrogrowshop/image/75999565/imagen_1_24158.webp?1776874529",36976,"Fumetas",14990,"Calvo Glass Terp Slurper Marble Set - 6","https://cdnx.jumpseller.com/fumetas-store/image/23115877/IMG-4184.jpg?1687895363",1.50
0.57,Accesorios de extraccion,calvo,calvo,33321,"Astro Growshop",9990,"Marble Set - Calvo Glass - Rosa","https://cdnx.jumpseller.com/astrogrowshop/image/75999565/imagen_1_24158.webp?1776874529",36977,"Fumetas",14990,"Calvo Glass Terp Slurper Marble Set - 7","https://cdnx.jumpseller.com/fumetas-store/image/23115875/IMG-4410.jpg?1687895363",1.50
0.57,Accesorios de extraccion,calvo,calvo,33321,"Astro Growshop",9990,"Marble Set - Calvo Glass - Rosa","https://cdnx.jumpseller.com/astrogrowshop/image/75999565/imagen_1_24158.webp?1776874529",36978,"Fumetas",14990,"Calvo Glass Terp Slurper Marble Set - 8","https://cdnx.jumpseller.com/fumetas-store/image/23115879/IMG-4182.jpg?1687895363",1.50
0.57,Accesorios de extraccion,calvo,calvo,33321,"Astro Growshop",9990,"Marble Set - Calvo Glass - Rosa","https://cdnx.jumpseller.com/astrogrowshop/image/75999565/imagen_1_24158.webp?1776874529",36979,"Fumetas",14990,"Calvo Glass Terp Slurper Marble Set - 9","https://cdnx.jumpseller.com/fumetas-store/image/23115878/IMG-4183.jpg?1687895363",1.50
0.57,Bongs,bonglab,bonglab,33322,"Astro Growshop",32990,"Pack Bong Bonglab Fat Candy - verde","https://cdnx.jumpseller.com/astrogrowshop/image/77660082/Pack-Bonglab-Fat-Candy-green.webp?1781191629",34505,"Fumetas",30990,"BongLab Bong W06 Fat Candy 25cm - Verde","https://cdnx.jumpseller.com/fumetas-store/image/29669658/Bong-Fat-Candy-Green.jpg?1781034101",1.06
0.57,Bongs,bonglab,bonglab,33323,"Astro Growshop",32990,"Pack Bong Bonglab Fat Candy - azul","https://cdnx.jumpseller.com/astrogrowshop/image/77660081/Pack-Bonglab-Fat-Candy-Blue.webp?1781191629",34504,"Fumetas",30990,"BongLab Bong W06 Fat Candy 25cm - Azul","https://cdnx.jumpseller.com/fumetas-store/image/47460873/BongLab_Fat_Candy_W06_Blue.jpeg?1781034101",1.06
0.57,Bongs,bonglab,bonglab,33324,"Astro Growshop",32990,"Pack Bong Bonglab Fat Candy - Negro","https://cdnx.jumpseller.com/astrogrowshop/image/77660080/Pack-Bonglab-Fat-Candy-Black.webp?1781191629",34502,"Fumetas",30990,"BongLab Bong W06 Fat Candy 25cm - Negro","https://cdnx.jumpseller.com/fumetas-store/image/20780735/W06_Clear_Black.jpg?1781034101",1.06
0.57,Bongs,bonglab,bonglab,33325,"Astro Growshop",32990,"Pack Bong Bonglab Fat Candy - Ámbar","https://cdnx.jumpseller.com/astrogrowshop/image/77660623/Pack-Bonglab-Fat-Candy-ambar_1.webp?1781191629",34506,"Fumetas",30990,"BongLab Bong W06 Fat Candy 25cm - Ámbar","https://cdnx.jumpseller.com/fumetas-store/image/33984982/Bong-Fat-Candy-Amber.jpg?1781034101",1.06
0.56,Papelillos,lion-rolling-circus,lion-rolling-circus,492,"Piranha",1891,"Papelillo Blueberry Moon King Size Lion Rolling Circus | PIRANHA","https://piranha.cl/20004-thickbox_default/papelillo-blueberry-moon-king-size-lion-rolling-circus.jpg",11588,"GrowBarato Chile",1300,"Unbleach King Size de Lion Rolling Circus","https://www.growbaratochile.cl/8333-large_default/rolling-circus-unbleach-big-smoke.jpg",1.45
0.56,Papelillos,lion-rolling-circus,lion-rolling-circus,11588,"GrowBarato Chile",1300,"Unbleach King Size de Lion Rolling Circus","https://www.growbaratochile.cl/8333-large_default/rolling-circus-unbleach-big-smoke.jpg",16009,"Piranha",1891,"Papelillo Bloody Strawberry King Size Lion Rolling Circus | PIRANHA","https://piranha.cl/20002-thickbox_default/papelillo-bloody-strawberry-king-size-lion-rolling-circus.jpg",1.45
0.56,Papelillos,lion-rolling-circus,lion-rolling-circus,11588,"GrowBarato Chile",1300,"Unbleach King Size de Lion Rolling Circus","https://www.growbaratochile.cl/8333-large_default/rolling-circus-unbleach-big-smoke.jpg",16011,"Piranha",1891,"Papelillo Sweetie Watermelon King Size Lion Rolling Circus | PIRANHA","https://piranha.cl/20008-thickbox_default/papelillo-sweetie-watermelon-king-size-lion-rolling-circus.jpg",1.45
0.56,Accesorios de extraccion,puffco,puffco,17223,"Astro Growshop",36990,"Peak Pro Travel Pack Y Ball Cap Green-Puffco","https://cdnx.jumpseller.com/astrogrowshop/image/71344632/imagen_1_17678.webp?1767366210",37861,"Fumetas",31990,"Puffco Travel Pack Peak Pro - Negro","https://cdnx.jumpseller.com/fumetas-store/image/26736981/puffco-peak-pro-travel-pack-black-2.jpg?1662069816",1.16
0.56,Accesorios de extraccion,puffco,puffco,17223,"Astro Growshop",36990,"Peak Pro Travel Pack Y Ball Cap Green-Puffco","https://cdnx.jumpseller.com/astrogrowshop/image/71344632/imagen_1_17678.webp?1767366210",37862,"Fumetas",31990,"Puffco Travel Pack Peak Pro - Verde","https://cdnx.jumpseller.com/fumetas-store/image/26736984/Travel_Pack_Puffco_Peak_Pro_Green.webp?1662069816",1.16
0.56,Accesorios de extraccion,puffco,puffco,17223,"Astro Growshop",36990,"Peak Pro Travel Pack Y Ball Cap Green-Puffco","https://cdnx.jumpseller.com/astrogrowshop/image/71344632/imagen_1_17678.webp?1767366210",37863,"Fumetas",31990,"Puffco Travel Pack Peak Pro - Naranjo","https://cdnx.jumpseller.com/fumetas-store/image/26736983/Travel_Pack_Puffco_Peak_Pro_Orange.webp?1662069816",1.16
0.56,Otros parafernalia,calvo,calvo,17974,"Astro Growshop",79990,"Inline Tree Perc Ambar Diseño-Calvo Glass","https://cdnx.jumpseller.com/astrogrowshop/image/70326690/imagen_1_27097.webp?1764687433",35577,"Fumetas",38990,"Calvo Glass Inline Tree Perc 34cm - Morado","https://cdnx.jumpseller.com/fumetas-store/image/23135804/ES81494_MT_05.jpg?1721859136",2.05
0.56,Otros parafernalia,calvo,calvo,17974,"Astro Growshop",79990,"Inline Tree Perc Ambar Diseño-Calvo Glass","https://cdnx.jumpseller.com/astrogrowshop/image/70326690/imagen_1_27097.webp?1764687433",35578,"Fumetas",38990,"Calvo Glass Inline Tree Perc 34cm - Verde","https://cdnx.jumpseller.com/fumetas-store/image/23135802/ES81494_MT_02.jpg?1721859136",2.05
0.56,Repuestos para bongs y vaporizadores,bonglab,bonglab,31339,"Astro Growshop",5990,"Quemador Perlas Macho 18 Mm -Bonglab - Azul oscuro","https://cdnx.jumpseller.com/astrogrowshop/image/72477010/quemador-macho-simpleperla-azul-oscuro-vertcial-frentejpg.webp?1769788277",33993,"Fumetas",4401,"Bonglab Quemador Perlas - Macho 18mm - Azul","https://cdnx.jumpseller.com/fumetas-store/image/76590303/Quemador-18mm-Azul-3.jpg?1778693525",1.36
0.56,Repuestos para bongs y vaporizadores,,calvo,31508,"Astro Growshop",4990,"Quemador Honeycomb Macho 18Mm - Azul oscuro","https://cdnx.jumpseller.com/astrogrowshop/image/72486719/Sin-honey-combn-18-sin-logo1.webp?1769697053",34779,"Fumetas",6890,"Calvo Glass Quemador Perlas - Macho 18mm - Azul Oscuro","https://cdnx.jumpseller.com/fumetas-store/image/33022392/QPCG-B.jpg?1761926756",1.38
0.56,Pipas,calvo,calvo,31775,"Astro Growshop",29990,"Wig Wag Hammer Pipe-Calvo Glass - ORANGE","https://cdnx.jumpseller.com/astrogrowshop/image/72470758/imagen_1_23120.webp?1769629664",34759,"Fumetas",14990,"Calvo Glass Pipa Wig Wag 12cm - Blue and Orange","https://cdnx.jumpseller.com/fumetas-store/image/23121899/HP-2103C_MT.jpg?1648923881",2.00
0.56,Accesorios de extraccion,calvo,calvo,32377,"Astro Growshop",15990,"Bateria 510 Led 400Mah -Calvo Glass - Negro","https://cdnx.jumpseller.com/astrogrowshop/image/75999414/imagen_1_28410.webp?1776874439",37323,"Fumetas",14990,"Calvo Batería Pro Led Cartridge 510 - Negro","https://cdnx.jumpseller.com/fumetas-store/image/59873291/Bateria-Cartridge-510-LED-Calvo-Glass-Black.webp?1738801470",1.07
0.56,Accesorios de extraccion,calvo,calvo,32379,"Astro Growshop",15990,"Bateria 510 Led 400Mah -Calvo Glass - Blanco","https://cdnx.jumpseller.com/astrogrowshop/image/75999413/imagen_1_22833.webp?1776874439",37324,"Fumetas",14990,"Calvo Batería Pro Led Cartridge 510 - Blanco","https://cdnx.jumpseller.com/fumetas-store/image/59873290/Bateria-Cartridge-510-LED-Calvo-Glass-White.webp?1738801470",1.07
0.56,Vaporizadores electronicos,,,32630,"Astro Growshop",8990,"Vaporizador Mini 2200 -Oxbar - MANGO PIÑA ICE","https://cdnx.jumpseller.com/astrogrowshop/image/75999832/imagen_1_23310.webp?1776874647",37224,"Fumetas",8990,"Oxbar Mini Vaporizadores desechable 2200 Puffs - Mango Trio Ice","https://cdnx.jumpseller.com/fumetas-store/image/72190710/Oxbar-Mini-Mango-Trio-Ice.jpg?1778684420",1.00
0.56,Vaporizadores electronicos,,,32634,"Astro Growshop",8990,"Vaporizador Mini 2200 -Oxbar - TRIPLE MANGO ICE","https://cdnx.jumpseller.com/astrogrowshop/image/75999840/imagen_1_27691.webp?1776874648",37224,"Fumetas",8990,"Oxbar Mini Vaporizadores desechable 2200 Puffs - Mango Trio Ice","https://cdnx.jumpseller.com/fumetas-store/image/72190710/Oxbar-Mini-Mango-Trio-Ice.jpg?1778684420",1.00