score;mismaMarca;ratio;offerId;offerPrice;offerTitle;productId;tiendasProducto;precioMinProducto;productName;tokensComunes;offerUrl
0.764;1;1.05;17165;28990;"Lucky Goblin-Bonglab";10538;2;27541;"Bonglab Bong Lucky Goblin";"lucky goblin bonglab";"https://astrogrowshop.cl/lucky-goblin-bonglab"
0.694;1;1.02;31677;27990;"Lucky Goblin-Bonglab - Rosa";10538;2;27541;"Bonglab Bong Lucky Goblin";"lucky goblin bonglab";"https://astrogrowshop.cl/lucky-goblin-bonglab?variant=Rosa"
0.689;1;1.02;31678;27990;"Lucky Goblin-Bonglab - Blanco";10538;2;27541;"Bonglab Bong Lucky Goblin";"lucky goblin bonglab";"https://astrogrowshop.cl/lucky-goblin-bonglab?variant=Blanco"
0.685;1;1.00;12302;64990;"Elty8 Monster Blue-Bonglab";10394;2;64990;"BongLab Elty8 Monster Bong 48cm";"elty8 monster bonglab";"https://astrogrowshop.cl/elty8-monster-blue-bonglab"
0.620;1;1.02;31675;27990;"Lucky Goblin-Bonglab - Negro Humo";10538;2;27541;"Bonglab Bong Lucky Goblin";"lucky goblin bonglab";"https://astrogrowshop.cl/lucky-goblin-bonglab?variant=Negro%20Humo"
0.608;1;2.24;12622;1990;"Papel Ultra Thin King Size Silver- Lion Rolling Circus";10655;3;890;"Lion Rolling Circus Papelillo Silver Big Smoke King Size";"ultra king size silver lion rolling circus";"https://astrogrowshop.cl/papel-ultra-thin-king-size-silver-lion-rolling-circus"
0.569;1;2.20;12607;4990;"Dosing Capsules Fenix Mini Plus Y Fenix Pro-Weecke (1 Unidad)";11003;2;10990;"Weecke Unidad de Enfriamiento Fenix Mini Plus";"fenix mini plus weecke unidad";"https://astrogrowshop.cl/dosing-capsules-fenix-mini-plus-y-fenix-pro-weecke"
0.545;1;1.15;17921;79990;"Space Oddity Clear-Bonglab";5531;3;69300;"Bong Pyrex 28cm Bonglab Space Oddity Clear K306 | Doble Percolación";"space oddity clear bonglab";"https://astrogrowshop.cl/space-oddity-clear-bonglab"
0.534;1;1.01;33421;7990;"Pin-Hightrip - HIGH SKULLS 1";10495;2;8091;"Hightrip Pin Bongazo";"pin hightrip";"https://astrogrowshop.cl/pin-hightrip?variant=HIGH%20SKULLS%201"
0.531;1;50.49;2525;49990;"Papelillos Classic King Size Slim 50 Ud-Raw";5418;4;990;"Papelillos RAW Classic King Size Slim - Sabanas";"papelillos classic king size slim raw";"https://astrogrowshop.cl/papelillos-classic-king-size-slim-50-ud-raw"
0.527;1;1.05;18091;69990;"SABER DAB TOOL-FOCUS V";10726;2;66491;"Focus V Saber Dabber Eléctrico";"saber dab tool focus";"https://astrogrowshop.cl/saber-dab-tool-focus-v"
0.526;1;1.26;32791;1990;"ROLLED TIPS X25 - OCB";11014;2;2500;"OCB Virgin Rolled Tips";"rolled tips ocb";"https://astrogrowshop.cl/rolled-tips-x25-ocb"
0.514;1;1.10;33137;124990;"Glycerin -Bonglab - GREEN AVALANCHE";10163;3;113400;"Glycerin Green Avalanche Bonglab al Mejor Precio - GB The Green Brand";"glycerin bonglab green avalanche";"https://astrogrowshop.cl/glycerin-bonglab?variant=GREEN%20AVALANCHE"
0.509;1;1.13;32773;61990;"K30 -Bonglab - Negro";10344;3;54900;"Bonglab K30 Fresh 42cm";"k30 bonglab negro";"https://astrogrowshop.cl/k30-bonglab?variant=Negro"
0.509;1;1.05;33231;69990;"SABER DAB TOOL-FOCUS V - Negro";10726;2;66491;"Focus V Saber Dabber Eléctrico";"saber dab tool focus";"https://astrogrowshop.cl/saber-dab-tool-focus-v?variant=Negro"
0.496;1;1.05;33233;69990;"SABER DAB TOOL-FOCUS V - CLEAR";10726;2;66491;"Focus V Saber Dabber Eléctrico";"saber dab tool focus";"https://astrogrowshop.cl/saber-dab-tool-focus-v?variant=CLEAR"
0.486;1;1.05;33229;69990;"SABER DAB TOOL-FOCUS V - FOREST";10726;2;66491;"Focus V Saber Dabber Eléctrico";"saber dab tool focus";"https://astrogrowshop.cl/saber-dab-tool-focus-v?variant=FOREST"
0.485;1;2.04;2592;199990;"Volcano Hybrid Starter Set-Storz & Bickel";10519;2;98272;"Storz & Bickel Easy Valve Starter Set";"starter storz bickel";"https://astrogrowshop.cl/volcano-hybrid-starter-set-storz-bickel"
0.478;1;7.37;18126;69990;"Solid Valve Camara Llenado Para Liquidos + Almohadillas-Storz & Bickel";10647;2;9491;"Storz & Bickel Solid Valve Juego de Anillos en O";"solid valve storz bickel";"https://astrogrowshop.cl/solid-valve-camara-llenado-para-liquidos-almohadillas-storz-bickel"
0.478;1;1.65;32770;34990;"Filtro Personal Pro II -Sploofy - Negro";10741;2;21242;"Sploofy Cartridge de Repuesto";"filtro personal pro sploofy";"https://astrogrowshop.cl/filtro-personal-pro-ii-sploofy?variant=Negro"
0.476;1;0.00;31647;25990;"Estuche Pequeño -Ozeta - Rosa";10765;1;0;"Ozeta Hard Case Pequeño";"pequeno ozeta";"https://astrogrowshop.cl/estuche-pequeno-ozeta?variant=Rosa"
0.474;1;3.64;18108;70990;"Bee Recycler-Calvo Glass";10223;2;19493;"Calvo Glass Bee Rig Lite 19cm";"bee calvo glass";"https://astrogrowshop.cl/bee-recycler-calvo-glass"
0.474;1;1.41;78884;29990;"Filtro Personal Pro II -Sploofy - BLACK";10741;2;21242;"Sploofy Cartridge de Repuesto";"filtro personal pro sploofy";"https://astrogrowshop.cl/filtro-personal-pro-ii-sploofy?variant=BLACK"
0.470;1;1.01;33421;7990;"Pin-Hightrip - HIGH SKULLS 1";10473;2;8091;"Hightrip Pin Siempre 420";"pin hightrip";"https://astrogrowshop.cl/pin-hightrip?variant=HIGH%20SKULLS%201"
0.464;1;18.51;2525;49990;"Papelillos Classic King Size Slim 50 Ud-Raw";10273;3;2700;"Papelillos Raw Artesanos King Size Slim";"papelillos king size slim raw";"https://astrogrowshop.cl/papelillos-classic-king-size-slim-50-ud-raw"
0.458;1;1.41;32771;29990;"Filtro Personal Pro II -Sploofy - AQUA";10741;2;21242;"Sploofy Cartridge de Repuesto";"filtro personal pro sploofy";"https://astrogrowshop.cl/filtro-personal-pro-ii-sploofy?variant=AQUA"
0.452;1;0.00;12560;32990;"Filtro De Reemplazo Blaze The Cactus Pack X3";10540;2;0;"Hemper Smoke Fiends Blaze The Cactus Filtro Personal";"filtro blaze cactus";"https://astrogrowshop.cl/filtro-de-reemplazo-blaze-the-cactus-pack-x3"
0.432;1;1.16;17935;74990;"Water Fenix Blue-Bonglab";10744;2;64800;"Bonglab Bong KE9 Water Fenix 46cm";"water fenix bonglab";"https://astrogrowshop.cl/water-fenix-blue-bonglab"
0.429;1;1.37;808;13690;"CIERRES DE LA TAPA PARA MIGHTY+/CRAFTY+ 3U-STORZ & BICKEL";11019;2;9990;"Storz & Bickel Llavero Capsule Caddy Concentrados";"mighty crafty storz bickel";"https://astrogrowshop.cl/cierres-de-la-tapa-para-mightycrafty-3u-storz-bickel"
0.422;1;1.24;12622;1990;"Papel Ultra Thin King Size Silver- Lion Rolling Circus";10707;3;1600;"Lion Rolling Circus Papelillos Celulosa Transparente 1 1/4";"papel lion rolling circus";"https://astrogrowshop.cl/papel-ultra-thin-king-size-silver-lion-rolling-circus"
0.414;1;1.58;12434;14990;"Juego De Anillo De Sellado Para Venty-Storz & Bickel";10647;2;9491;"Storz & Bickel Solid Valve Juego de Anillos en O";"juego storz bickel";"https://astrogrowshop.cl/juego-de-anillo-de-sellado-para-venty-storz-bickel"
0.409;1;1.13;12614;61990;"K30 -Bonglab";10344;3;54900;"Bonglab K30 Fresh 42cm";"k30 bonglab";"https://astrogrowshop.cl/k30-bonglab"
0.406;1;4.84;79508;349990;"Puffco Peak Sapphire - Vaporizador E-Rig";10712;2;72242;"Puffco Journey Bag Mochila para Peak";"puffco peak vaporizador";"https://astrogrowshop.cl/puffco-peak-sapphire-vaporizador-e-rig"
0.403;1;4.84;79509;349990;"Puffco Peak Zest - Vaporizador E-Rig";10712;2;72242;"Puffco Journey Bag Mochila para Peak";"puffco peak vaporizador";"https://astrogrowshop.cl/puffco-peak-zest-vaporizador-e-rig"
0.388;1;1.27;17984;62990;"Octopus Black-Bonglab";10408;3;49500;"BongLab Bong K99 Octopus 30cm";"octopus black bonglab";"https://astrogrowshop.cl/octopus-black-bonglab"
0.388;1;0.00;18027;109990;"Glycerin -Bonglab";10629;1;0;"Bonglab Pipa Glycerin Frosty Bowl Blue - 16cm";"glycerin bonglab";"https://astrogrowshop.cl/glycerin-bonglab"
0.385;1;1.96;12622;1990;"Papel Ultra Thin King Size Silver- Lion Rolling Circus";10620;3;3894;"Bandeja Lion Rolling Circus";"silver lion rolling circus";"https://astrogrowshop.cl/papel-ultra-thin-king-size-silver-lion-rolling-circus"
0.378;1;1.13;32774;61990;"K30 -Bonglab - Morado";10344;3;54900;"Bonglab K30 Fresh 42cm";"k30 bonglab";"https://astrogrowshop.cl/k30-bonglab?variant=Morado"
0.375;1;5.01;12607;4990;"Dosing Capsules Fenix Mini Plus Y Fenix Pro-Weecke (1 Unidad)";11001;2;24990;"Weecke Unidad de Enfriamiento Fenix Neo";"fenix weecke unidad";"https://astrogrowshop.cl/dosing-capsules-fenix-mini-plus-y-fenix-pro-weecke"
0.372;1;1.11;12158;8990;"MALLAS GRUESAS PARA VENTY/VEAZY/CRAFTY+/MIGHTY+ 6U-STORZ & BICKEL";11019;2;9990;"Storz & Bickel Llavero Capsule Caddy Concentrados";"crafty mighty storz bickel";"https://astrogrowshop.cl/mallas-gruesas-para-ventyveazycraftymighty-6u-storz-bickel"
0.369;1;1.33;18108;70990;"Bee Recycler-Calvo Glass";10192;3;53292;"Bong Calvo Big Bee´s Recycler 26cm";"bee recycler calvo glass";"https://astrogrowshop.cl/bee-recycler-calvo-glass"
0.357;1;1.18;808;13690;"CIERRES DE LA TAPA PARA MIGHTY+/CRAFTY+ 3U-STORZ & BICKEL";10852;2;16141;"Storz & Bickel Magazine con 8 Cápsulas Dosificadoras para Concentrados";"mighty crafty storz bickel";"https://astrogrowshop.cl/cierres-de-la-tapa-para-mightycrafty-3u-storz-bickel"
0.356;1;3.20;12199;590;"Papelillo Negro 7Cm Ocb";6571;2;1890;"Papelillos OCB Virgin 1 1/4 + Tips";"papelillo ocb";"https://astrogrowshop.cl/papelillo-negro-7cm-ocb"
0.341;1;1.13;32775;61990;"K30 -Bonglab - Verde azulado";10344;3;54900;"Bonglab K30 Fresh 42cm";"k30 bonglab";"https://astrogrowshop.cl/k30-bonglab?variant=Verde%20azulado"
0.335;1;1.40;18126;69990;"Solid Valve Camara Llenado Para Liquidos + Almohadillas-Storz & Bickel";10519;2;98272;"Storz & Bickel Easy Valve Starter Set";"valve storz bickel";"https://astrogrowshop.cl/solid-valve-camara-llenado-para-liquidos-almohadillas-storz-bickel"
0.333;1;1.73;808;13690;"CIERRES DE LA TAPA PARA MIGHTY+/CRAFTY+ 3U-STORZ & BICKEL";10602;2;23655;"Storz & Bickel Cargador para auto 12V Mighty";"mighty storz bickel";"https://astrogrowshop.cl/cierres-de-la-tapa-para-mightycrafty-3u-storz-bickel"
0.330;1;1.26;11932;71990;"Kraken Blue-Bonglab";10191;3;56992;"Bonglab Kraken KC47 37cm | Bong Recycler con 5 Percoladores HoneyComb";"kraken bonglab";"https://astrogrowshop.cl/kraken-blue-bonglab"
0.325;1;1.39;31366;24990;"Collector Con Candado 22Cm Smell Proof Camo-Dime Bags - Negro";10396;2;34822;"Dime Bags Estuche The Soldier Anti-Olor 15cm";"candado dime bags";"https://astrogrowshop.cl/collector-con-candado-22cm-smell-proof-dime-bags?variant=Negro"
0.325;1;0.00;31647;25990;"Estuche Pequeño -Ozeta - Rosa";10552;1;0;"OZeta Estuche Flat con Clave Grande Anti-Olor";"estuche ozeta";"https://astrogrowshop.cl/estuche-pequeno-ozeta?variant=Rosa"
0.325;1;1.39;31365;24990;"Collector Con Candado 22Cm Smell Proof Camo-Dime Bags - Verde";10396;2;34822;"Dime Bags Estuche The Soldier Anti-Olor 15cm";"candado dime bags";"https://astrogrowshop.cl/collector-con-candado-22cm-smell-proof-dime-bags?variant=Verde"
0.324;1;1.05;32791;1990;"ROLLED TIPS X25 - OCB";6571;2;1890;"Papelillos OCB Virgin 1 1/4 + Tips";"tips ocb";"https://astrogrowshop.cl/rolled-tips-x25-ocb"
0.323;1;1.12;31370;30990;"Collector Con Candado 30Cm Smell Proof Camo-Dime Bags - Verde";10396;2;34822;"Dime Bags Estuche The Soldier Anti-Olor 15cm";"candado dime bags";"https://astrogrowshop.cl/collector-con-candado-30cm-smell-proof-dime-bags?variant=Verde"
0.322;1;1.39;31367;24990;"Collector Con Candado 22Cm Smell Proof Camo-Dime Bags - Rojo";10396;2;34822;"Dime Bags Estuche The Soldier Anti-Olor 15cm";"candado dime bags";"https://astrogrowshop.cl/collector-con-candado-22cm-smell-proof-dime-bags?variant=Rojo"
0.322;1;4.02;12220;1490;"Bandeja Rolado Metalica 18X12Cm Raw";10617;3;5990;"Bandeja Metálica RAW Silver | PIRANHA";"bandeja metalica raw";"https://astrogrowshop.cl/bandeja-rolado-metalica-18x12cm-raw"
0.322;1;4.02;1143;1490;"Bandeja Rolado Metalica 18X12Cm Raw 2";10617;3;5990;"Bandeja Metálica RAW Silver | PIRANHA";"bandeja metalica raw";"https://astrogrowshop.cl/bandeja-rolado-metalica-18x12cm-raw-2"
0.321;1;1.03;31647;25990;"Estuche Pequeño -Ozeta - Rosa";10553;2;25200;"OZeta Estuche Flat con Clave Mediano Anti-Olor";"estuche ozeta";"https://astrogrowshop.cl/estuche-pequeno-ozeta?variant=Rosa"
0.321;1;1.12;77217;30990;"Collector Con Candado 30Cm Smell Proof Camo-Dime Bags - BLACK";10396;2;34822;"Dime Bags Estuche The Soldier Anti-Olor 15cm";"candado dime bags";"https://astrogrowshop.cl/collector-con-candado-30cm-smell-proof-dime-bags?variant=BLACK"
0.321;1;1.08;23601;22990;"Repuesto 1 Unidad-Sploofy";10741;2;21242;"Sploofy Cartridge de Repuesto";"repuesto sploofy";"https://astrogrowshop.cl/repuesto-1-unidad-sploofy"
0.320;1;1.12;31371;30990;"Collector Con Candado 30Cm Smell Proof Camo-Dime Bags - Rojo";10396;2;34822;"Dime Bags Estuche The Soldier Anti-Olor 15cm";"candado dime bags";"https://astrogrowshop.cl/collector-con-candado-30cm-smell-proof-dime-bags?variant=Rojo"
0.320;1;1.39;77215;24990;"Collector Con Candado 22Cm Smell Proof Camo-Dime Bags - RED";10396;2;34822;"Dime Bags Estuche The Soldier Anti-Olor 15cm";"candado dime bags";"https://astrogrowshop.cl/collector-con-candado-22cm-smell-proof-dime-bags?variant=RED"
0.318;1;1.12;77219;30990;"Collector Con Candado 30Cm Smell Proof Camo-Dime Bags - RED";10396;2;34822;"Dime Bags Estuche The Soldier Anti-Olor 15cm";"candado dime bags";"https://astrogrowshop.cl/collector-con-candado-30cm-smell-proof-dime-bags?variant=RED"
0.317;1;1.80;12158;8990;"MALLAS GRUESAS PARA VENTY/VEAZY/CRAFTY+/MIGHTY+ 6U-STORZ & BICKEL";10852;2;16141;"Storz & Bickel Magazine con 8 Cápsulas Dosificadoras para Concentrados";"crafty mighty storz bickel";"https://astrogrowshop.cl/mallas-gruesas-para-ventyveazycraftymighty-6u-storz-bickel"
0.314;1;14.07;12389;18990;"Tips Black 50 Ud-Raw";10186;3;1350;"Papelillo Raw Black Connoisseur 1 1/4 + Tips";"tips black raw";"https://astrogrowshop.cl/tips-black-50-ud-raw"
0.313;1;1.26;33137;124990;"Glycerin -Bonglab - GREEN AVALANCHE";10407;3;99000;"Bonglab Bong Glycerin Black Ice";"glycerin bonglab green";"https://astrogrowshop.cl/glycerin-bonglab?variant=GREEN%20AVALANCHE"
0.308;1;1.34;12199;590;"Papelillo Negro 7Cm Ocb";10355;2;790;"OCB Rice 1 1/4";"papelillo ocb";"https://astrogrowshop.cl/papelillo-negro-7cm-ocb"
0.305;1;0.00;33137;124990;"Glycerin -Bonglab - GREEN AVALANCHE";10629;1;0;"Bonglab Pipa Glycerin Frosty Bowl Blue - 16cm";"glycerin bonglab";"https://astrogrowshop.cl/glycerin-bonglab?variant=GREEN%20AVALANCHE"
0.301;1;0.00;33135;109990;"Glycerin -Bonglab - THICK PINK";10629;1;0;"Bonglab Pipa Glycerin Frosty Bowl Blue - 16cm";"glycerin bonglab";"https://astrogrowshop.cl/glycerin-bonglab?variant=THICK%20PINK"
0.298;1;2.21;12580;42990;"Rig Mad Face Orange-Calvo Glass";10223;2;19493;"Calvo Glass Bee Rig Lite 19cm";"rig calvo glass";"https://astrogrowshop.cl/rig-mad-face-orange-calvo-glass"
0.298;1;1.32;12551;12190;"EMPUJADOR PARA CÁPSULAS MONODOSIS-STORZ & BICKEL";10852;2;16141;"Storz & Bickel Magazine con 8 Cápsulas Dosificadoras para Concentrados";"capsulas storz bickel";"https://astrogrowshop.cl/empujador-para-capsulas-monodosis-storz-bickel"
0.297;1;7.36;18080;1290;"Kap Silicona -Pmg";5494;3;9500;"PMG Pipa Kazili 12cm";"silicona pmg";"https://astrogrowshop.cl/kap-silicona-pmg"
0.296;1;1.39;31366;24990;"Collector Con Candado 22Cm Smell Proof Camo-Dime Bags - Negro";10624;2;34822;"Bolso Anti Olor Dime Bags The Goodfella con Candado 25cm | PIRANHA";"candado dime bags";"https://astrogrowshop.cl/collector-con-candado-22cm-smell-proof-dime-bags?variant=Negro"
0.296;1;1.39;31365;24990;"Collector Con Candado 22Cm Smell Proof Camo-Dime Bags - Verde";10624;2;34822;"Bolso Anti Olor Dime Bags The Goodfella con Candado 25cm | PIRANHA";"candado dime bags";"https://astrogrowshop.cl/collector-con-candado-22cm-smell-proof-dime-bags?variant=Verde"
0.295;1;4.02;12172;1490;"Bandeja Rolado Metalica 18X12Cm Raw Girl";10617;3;5990;"Bandeja Metálica RAW Silver | PIRANHA";"bandeja metalica raw";"https://astrogrowshop.cl/bandeja-rolado-metalica-18x12cm-raw-girl"
0.294;1;1.12;31370;30990;"Collector Con Candado 30Cm Smell Proof Camo-Dime Bags - Verde";10624;2;34822;"Bolso Anti Olor Dime Bags The Goodfella con Candado 25cm | PIRANHA";"candado dime bags";"https://astrogrowshop.cl/collector-con-candado-30cm-smell-proof-dime-bags?variant=Verde"
0.293;1;1.39;31367;24990;"Collector Con Candado 22Cm Smell Proof Camo-Dime Bags - Rojo";10624;2;34822;"Bolso Anti Olor Dime Bags The Goodfella con Candado 25cm | PIRANHA";"candado dime bags";"https://astrogrowshop.cl/collector-con-candado-22cm-smell-proof-dime-bags?variant=Rojo"
0.293;1;8.05;12220;1490;"Bandeja Rolado Metalica 18X12Cm Raw";5966;2;11990;"Set Cajita Metálica RAW Starter Box 1 1/4 | PIRANHA";"metalica raw";"https://astrogrowshop.cl/bandeja-rolado-metalica-18x12cm-raw"
0.293;1;8.05;1143;1490;"Bandeja Rolado Metalica 18X12Cm Raw 2";5966;2;11990;"Set Cajita Metálica RAW Starter Box 1 1/4 | PIRANHA";"metalica raw";"https://astrogrowshop.cl/bandeja-rolado-metalica-18x12cm-raw-2"
0.293;1;1.36;18168;6990;"Almohadillas Para Liquidos -Storz & Bickel";10647;2;9491;"Storz & Bickel Solid Valve Juego de Anillos en O";"storz bickel";"https://astrogrowshop.cl/almohadillas-para-liquidos-storz-bickel"
0.292;1;1.12;77217;30990;"Collector Con Candado 30Cm Smell Proof Camo-Dime Bags - BLACK";10624;2;34822;"Bolso Anti Olor Dime Bags The Goodfella con Candado 25cm | PIRANHA";"candado dime bags";"https://astrogrowshop.cl/collector-con-candado-30cm-smell-proof-dime-bags?variant=BLACK"
0.292;1;1.12;31371;30990;"Collector Con Candado 30Cm Smell Proof Camo-Dime Bags - Rojo";10624;2;34822;"Bolso Anti Olor Dime Bags The Goodfella con Candado 25cm | PIRANHA";"candado dime bags";"https://astrogrowshop.cl/collector-con-candado-30cm-smell-proof-dime-bags?variant=Rojo"
0.292;1;4.01;12607;4990;"Dosing Capsules Fenix Mini Plus Y Fenix Pro-Weecke (1 Unidad)";11000;2;19990;"Weecke Camara de Enfriamiento Fenix Pro";"fenix pro weecke";"https://astrogrowshop.cl/dosing-capsules-fenix-mini-plus-y-fenix-pro-weecke"
0.292;1;1.39;77215;24990;"Collector Con Candado 22Cm Smell Proof Camo-Dime Bags - RED";10624;2;34822;"Bolso Anti Olor Dime Bags The Goodfella con Candado 25cm | PIRANHA";"candado dime bags";"https://astrogrowshop.cl/collector-con-candado-22cm-smell-proof-dime-bags?variant=RED"
0.290;1;1.12;77219;30990;"Collector Con Candado 30Cm Smell Proof Camo-Dime Bags - RED";10624;2;34822;"Bolso Anti Olor Dime Bags The Goodfella con Candado 25cm | PIRANHA";"candado dime bags";"https://astrogrowshop.cl/collector-con-candado-30cm-smell-proof-dime-bags?variant=RED"
0.287;1;1.49;12580;42990;"Rig Mad Face Orange-Calvo Glass";10380;2;28800;"Calvo Glass Poison Rig Lite 19cm";"rig calvo glass";"https://astrogrowshop.cl/rig-mad-face-orange-calvo-glass"
0.285;1;2.63;12158;8990;"MALLAS GRUESAS PARA VENTY/VEAZY/CRAFTY+/MIGHTY+ 6U-STORZ & BICKEL";10602;2;23655;"Storz & Bickel Cargador para auto 12V Mighty";"mighty storz bickel";"https://astrogrowshop.cl/mallas-gruesas-para-ventyveazycraftymighty-6u-storz-bickel"
0.283;1;4.22;12199;590;"Papelillo Negro 7Cm Ocb";10369;2;2490;"OCB Roll Kit Virgin King Size";"papelillo ocb";"https://astrogrowshop.cl/papelillo-negro-7cm-ocb"
0.283;1;2.74;12633;690;"Tips OCB Virgen Cartón prepicado";6571;2;1890;"Papelillos OCB Virgin 1 1/4 + Tips";"tips ocb";"https://astrogrowshop.cl/tips-ocb-virgin-und-ocb"
0.282;1;21.07;2592;199990;"Volcano Hybrid Starter Set-Storz & Bickel";10647;2;9491;"Storz & Bickel Solid Valve Juego de Anillos en O";"storz bickel";"https://astrogrowshop.cl/volcano-hybrid-starter-set-storz-bickel"
0.280;1;1.85;12504;35990;"Lemon Drop Micro Rig Yellow-Calvo Glass";10223;2;19493;"Calvo Glass Bee Rig Lite 19cm";"rig calvo glass";"https://astrogrowshop.cl/lemon-drop-micro-rig-yellow-calvo-glass"
0.280;1;1.38;12633;690;"Tips OCB Virgen Cartón prepicado";5720;3;500;"Filtro de cartón OCB Virgin sin contaminantes";"ocb carton";"https://astrogrowshop.cl/tips-ocb-virgin-und-ocb"
0.279;1;1.77;12580;42990;"Rig Mad Face Orange-Calvo Glass";10409;2;24300;"Calvo Glass Double Skull Rig";"rig calvo glass";"https://astrogrowshop.cl/rig-mad-face-orange-calvo-glass"
0.279;1;1.36;736;6990;"Bolsa Volcano 3 Metros-Storz & Bickel";10647;2;9491;"Storz & Bickel Solid Valve Juego de Anillos en O";"storz bickel";"https://astrogrowshop.cl/bolsa-volcano-3-metros-storz-bickel"
0.278;1;14.06;18168;6990;"Almohadillas Para Liquidos -Storz & Bickel";10519;2;98272;"Storz & Bickel Easy Valve Starter Set";"storz bickel";"https://astrogrowshop.cl/almohadillas-para-liquidos-storz-bickel"
0.278;1;7.36;33213;1290;"Kap Silicona -Pmg - Verde";5494;3;9500;"PMG Pipa Kazili 12cm";"silicona pmg";"https://astrogrowshop.cl/kap-silicona-pmg?variant=Verde"
0.277;1;7.36;33210;1290;"Kap Silicona -Pmg - Azul";5494;3;9500;"PMG Pipa Kazili 12cm";"silicona pmg";"https://astrogrowshop.cl/kap-silicona-pmg?variant=Azul"
0.277;1;7.36;79301;1290;"Kap Silicona -Pmg - azul";5494;3;9500;"PMG Pipa Kazili 12cm";"silicona pmg";"https://astrogrowshop.cl/kap-silicona-pmg?variant=azul"
0.274;1;7.36;33212;1290;"Kap Silicona -Pmg - Rojo";5494;3;9500;"PMG Pipa Kazili 12cm";"silicona pmg";"https://astrogrowshop.cl/kap-silicona-pmg?variant=Rojo"
0.273;1;0.00;17948;16990;"Case Ceramic -Galaxy";10739;2;0;"Galaxy Case Contenedor Porta Joint";"case galaxy";"https://astrogrowshop.cl/case-ceramic-galaxy"
0.271;1;7.36;33214;1290;"Kap Silicona -Pmg - Blanco";5494;3;9500;"PMG Pipa Kazili 12cm";"silicona pmg";"https://astrogrowshop.cl/kap-silicona-pmg?variant=Blanco"
0.270;1;7.36;33209;1290;"Kap Silicona -Pmg - Amarillo";5494;3;9500;"PMG Pipa Kazili 12cm";"silicona pmg";"https://astrogrowshop.cl/kap-silicona-pmg?variant=Amarillo"
0.270;1;1.25;12504;35990;"Lemon Drop Micro Rig Yellow-Calvo Glass";10380;2;28800;"Calvo Glass Poison Rig Lite 19cm";"rig calvo glass";"https://astrogrowshop.cl/lemon-drop-micro-rig-yellow-calvo-glass"
0.268;1;7.36;33211;1290;"Kap Silicona -Pmg - Naranjo";5494;3;9500;"PMG Pipa Kazili 12cm";"silicona pmg";"https://astrogrowshop.cl/kap-silicona-pmg?variant=Naranjo"
0.265;1;14.06;736;6990;"Bolsa Volcano 3 Metros-Storz & Bickel";10519;2;98272;"Storz & Bickel Easy Valve Starter Set";"storz bickel";"https://astrogrowshop.cl/bolsa-volcano-3-metros-storz-bickel"
0.264;1;1.28;12551;12190;"EMPUJADOR PARA CÁPSULAS MONODOSIS-STORZ & BICKEL";10647;2;9491;"Storz & Bickel Solid Valve Juego de Anillos en O";"storz bickel";"https://astrogrowshop.cl/empujador-para-capsulas-monodosis-storz-bickel"
0.264;1;2.68;12220;1490;"Bandeja Rolado Metalica 18X12Cm Raw";11017;2;3990;"RAW Llavero Bandeja Miniatura";"bandeja raw";"https://astrogrowshop.cl/bandeja-rolado-metalica-18x12cm-raw"
0.264;1;2.68;1143;1490;"Bandeja Rolado Metalica 18X12Cm Raw 2";11017;2;3990;"RAW Llavero Bandeja Miniatura";"bandeja raw";"https://astrogrowshop.cl/bandeja-rolado-metalica-18x12cm-raw-2"
0.264;1;0.00;11932;71990;"Kraken Blue-Bonglab";10629;1;0;"Bonglab Pipa Glycerin Frosty Bowl Blue - 16cm";"blue bonglab";"https://astrogrowshop.cl/kraken-blue-bonglab"
0.264;1;6.19;806;99990;"Capsulas Monodosis 40 Unidades Con Tampon-Storz & Bickel";10852;2;16141;"Storz & Bickel Magazine con 8 Cápsulas Dosificadoras para Concentrados";"capsulas storz bickel";"https://astrogrowshop.cl/capsulas-monodosis-40-unidades-con-tampon-storz-bickel"
0.263;1;1.48;12504;35990;"Lemon Drop Micro Rig Yellow-Calvo Glass";10409;2;24300;"Calvo Glass Double Skull Rig";"rig calvo glass";"https://astrogrowshop.cl/lemon-drop-micro-rig-yellow-calvo-glass"
0.261;1;8.05;12172;1490;"Bandeja Rolado Metalica 18X12Cm Raw Girl";5966;2;11990;"Set Cajita Metálica RAW Starter Box 1 1/4 | PIRANHA";"metalica raw";"https://astrogrowshop.cl/bandeja-rolado-metalica-18x12cm-raw-girl"
0.257;1;2.91;17736;33990;"Pack Bong Bonglab Classic Ice KS11";10407;3;99000;"Bonglab Bong Glycerin Black Ice";"bong bonglab ice";"https://astrogrowshop.cl/pack-bong-bonglab-classic-ice-ks11"
0.256;1;7.61;31831;549990;"New Peak Pro (Color a elección)-Puffco - Dessert";10712;2;72242;"Puffco Journey Bag Mochila para Peak";"peak puffco";"https://astrogrowshop.cl/new-peak-pro-pearl-puffco?variant=Dessert"
0.256;1;0.00;32944;16990;"Case Ceramic -Galaxy - Morado";10739;2;0;"Galaxy Case Contenedor Porta Joint";"case galaxy";"https://astrogrowshop.cl/case-ceramic-galaxy?variant=Morado"
0.256;1;9.99;12208;18990;"Tips Perfecto Para Conos 24Ud-Raw";10185;3;1900;"RAW Conos Pre-enrolados King Size + Tips";"tips conos raw";"https://astrogrowshop.cl/tips-perfecto-para-conos-24ud-raw"
0.254;1;1.11;18027;109990;"Glycerin -Bonglab";10407;3;99000;"Bonglab Bong Glycerin Black Ice";"glycerin bonglab";"https://astrogrowshop.cl/glycerin-bonglab"
0.254;1;2.21;12560;32990;"Filtro De Reemplazo Blaze The Cactus Pack X3";10849;2;14951;"Hemper Smoke Fiends Filtro de Reemplazo Catnip The Kitten";"filtro reemplazo";"https://astrogrowshop.cl/filtro-de-reemplazo-blaze-the-cactus-pack-x3"
0.253;1;1.37;12149;12990;"Bolsa De Repuesto Volcano 1X3Mt-Storz & Bickel";10647;2;9491;"Storz & Bickel Solid Valve Juego de Anillos en O";"storz bickel";"https://astrogrowshop.cl/bolsa-de-repuesto-volcano-1x3mt-storz-bickel"
0.253;1;1.03;18027;109990;"Glycerin -Bonglab";10163;3;113400;"Glycerin Green Avalanche Bonglab al Mejor Precio - GB The Green Brand";"glycerin bonglab";"https://astrogrowshop.cl/glycerin-bonglab"
0.253;1;0.00;731;4490;"ADAPTADOR PYREX HEMBRA A MACHO 18MM- Bonglab";6777;2;0;"Bonglab American Hitter 18mm";"18mm bonglab";"https://astrogrowshop.cl/adaptador-pyrex-hembra-a-macho-18mm-bonglab"
0.253;1;0.00;79075;16990;"Case Ceramic -Galaxy - PURPLE";10739;2;0;"Galaxy Case Contenedor Porta Joint";"case galaxy";"https://astrogrowshop.cl/case-ceramic-galaxy?variant=PURPLE"
0.252;1;8.06;12551;12190;"EMPUJADOR PARA CÁPSULAS MONODOSIS-STORZ & BICKEL";10519;2;98272;"Storz & Bickel Easy Valve Starter Set";"storz bickel";"https://astrogrowshop.cl/empujador-para-capsulas-monodosis-storz-bickel"
0.252;1;2.21;12560;32990;"Filtro De Reemplazo Blaze The Cactus Pack X3";10850;2;14951;"Hemper Smoke Fiends Filtro de Reemplazo Chilly The Penguin";"filtro reemplazo";"https://astrogrowshop.cl/filtro-de-reemplazo-blaze-the-cactus-pack-x3"
0.248;1;3.38;18168;6990;"Almohadillas Para Liquidos -Storz & Bickel";10602;2;23655;"Storz & Bickel Cargador para auto 12V Mighty";"storz bickel";"https://astrogrowshop.cl/almohadillas-para-liquidos-storz-bickel"
0.247;1;6.92;18172;499990;"Vaporizador Extractos New Proxy -Puffco";10712;2;72242;"Puffco Journey Bag Mochila para Peak";"vaporizador puffco";"https://astrogrowshop.cl/vaporizador-extractos-new-proxy-puffco"
0.246;1;9.54;12208;18990;"Tips Perfecto Para Conos 24Ud-Raw";5711;2;1990;"Conos PreEnrolados RAW 1 1/4 (6u)";"conos raw";"https://astrogrowshop.cl/tips-perfecto-para-conos-24ud-raw"
0.244;1;5.23;17921;79990;"Space Oddity Clear-Bonglab";10219;3;15300;"Bong Pyrex KM1 Prisma 10cm Clear Bonglab | Mini Bong de Vidrio";"clear bonglab";"https://astrogrowshop.cl/space-oddity-clear-bonglab"
0.244;1;0.00;17935;74990;"Water Fenix Blue-Bonglab";10629;1;0;"Bonglab Pipa Glycerin Frosty Bowl Blue - 16cm";"blue bonglab";"https://astrogrowshop.cl/water-fenix-blue-bonglab"
0.242;1;7.57;12149;12990;"Bolsa De Repuesto Volcano 1X3Mt-Storz & Bickel";10519;2;98272;"Storz & Bickel Easy Valve Starter Set";"storz bickel";"https://astrogrowshop.cl/bolsa-de-repuesto-volcano-1x3mt-storz-bickel"
0.241;1;7.36;33215;1290;"Kap Silicona -Pmg - VERDE FLUO";5494;3;9500;"PMG Pipa Kazili 12cm";"silicona pmg";"https://astrogrowshop.cl/kap-silicona-pmg?variant=VERDE%20FLUO"
0.240;1;8.45;2592;199990;"Volcano Hybrid Starter Set-Storz & Bickel";10602;2;23655;"Storz & Bickel Cargador para auto 12V Mighty";"storz bickel";"https://astrogrowshop.cl/volcano-hybrid-starter-set-storz-bickel"
0.238;1;1.27;12147;7490;"10 Boquillas Silicona Surtidas-Pmg";5494;3;9500;"PMG Pipa Kazili 12cm";"silicona pmg";"https://astrogrowshop.cl/10-boquillas-silicona-surtidas-pmg"
0.238;1;3.38;736;6990;"Bolsa Volcano 3 Metros-Storz & Bickel";10602;2;23655;"Storz & Bickel Cargador para auto 12V Mighty";"storz bickel";"https://astrogrowshop.cl/bolsa-volcano-3-metros-storz-bickel"
0.238;1;2.53;33352;8990;"Cap Strip -Calvo - Verde";10374;2;22743;"Calvo Glass Bong Essential 22cm";"calvo verde";"https://astrogrowshop.cl/cap-strip-calvo?variant=Verde"
0.237;1;6.51;18080;1290;"Kap Silicona -Pmg";6771;2;8400;"Pipa silicona llavero de Piece Maker";"silicona pmg";"https://astrogrowshop.cl/kap-silicona-pmg"
0.236;1;6.56;12434;14990;"Juego De Anillo De Sellado Para Venty-Storz & Bickel";10519;2;98272;"Storz & Bickel Easy Valve Starter Set";"storz bickel";"https://astrogrowshop.cl/juego-de-anillo-de-sellado-para-venty-storz-bickel"
0.236;1;2.68;12172;1490;"Bandeja Rolado Metalica 18X12Cm Raw Girl";11017;2;3990;"RAW Llavero Bandeja Miniatura";"bandeja raw";"https://astrogrowshop.cl/bandeja-rolado-metalica-18x12cm-raw-girl"
0.236;1;0.00;12302;64990;"Elty8 Monster Blue-Bonglab";10629;1;0;"Bonglab Pipa Glycerin Frosty Bowl Blue - 16cm";"blue bonglab";"https://astrogrowshop.cl/elty8-monster-blue-bonglab"
0.234;1;1.23;23545;42990;"Godfella Con Lock 25 Cm Black-Dime Bags";10396;2;34822;"Dime Bags Estuche The Soldier Anti-Olor 15cm";"dime bags";"https://astrogrowshop.cl/godfella-con-lock-25-cm-black-dime-bags"
0.233;1;11.45;18108;70990;"Bee Recycler-Calvo Glass";10261;3;6200;"Calvo Glass Quemador Perlas - Macho 14mm";"calvo glass";"https://astrogrowshop.cl/bee-recycler-calvo-glass"
0.232;1;23.25;33214;1290;"Kap Silicona -Pmg - Blanco";6560;3;29993;"Unikorn Bong Celeste PieceMaker";"silicona pmg blanco";"https://astrogrowshop.cl/kap-silicona-pmg?variant=Blanco"
0.231;1;3.17;12208;18990;"Tips Perfecto Para Conos 24Ud-Raw";10411;2;5990;"Conos RAW Rawket 5 Stages";"conos raw";"https://astrogrowshop.cl/tips-perfecto-para-conos-24ud-raw"
0.230;1;5.81;33352;8990;"Cap Strip -Calvo - Verde";5536;2;52191;"Bong Beaker Tree Perc 35cm";"calvo verde";"https://astrogrowshop.cl/cap-strip-calvo?variant=Verde"
0.229;1;1.06;23544;32990;"Godfella Con Lock 17 Cm Black-Dime Bags";10396;2;34822;"Dime Bags Estuche The Soldier Anti-Olor 15cm";"dime bags";"https://astrogrowshop.cl/godfella-con-lock-17-cm-black-dime-bags"
0.225;1;1.45;18123;39990;"Pack Bong Bonglab Fat Candy";10538;2;27541;"Bonglab Bong Lucky Goblin";"bong bonglab";"https://astrogrowshop.cl/pack-bong-bonglab-fat-candy"
0.225;1;6.51;33213;1290;"Kap Silicona -Pmg - Verde";6771;2;8400;"Pipa silicona llavero de Piece Maker";"silicona pmg";"https://astrogrowshop.cl/kap-silicona-pmg?variant=Verde"
0.224;1;6.51;33210;1290;"Kap Silicona -Pmg - Azul";6771;2;8400;"Pipa silicona llavero de Piece Maker";"silicona pmg";"https://astrogrowshop.cl/kap-silicona-pmg?variant=Azul"
0.224;1;6.51;79301;1290;"Kap Silicona -Pmg - azul";6771;2;8400;"Pipa silicona llavero de Piece Maker";"silicona pmg";"https://astrogrowshop.cl/kap-silicona-pmg?variant=azul"
0.222;1;1.63;18123;39990;"Pack Bong Bonglab Fat Candy";10394;2;64990;"BongLab Elty8 Monster Bong 48cm";"bong bonglab";"https://astrogrowshop.cl/pack-bong-bonglab-fat-candy"
0.222;1;1.31;32318;41990;"Classy-Bonglab - Negro";10344;3;54900;"Bonglab K30 Fresh 42cm";"bonglab negro";"https://astrogrowshop.cl/classy-kd1-bonglab?variant=Negro"
0.222;1;6.51;33212;1290;"Kap Silicona -Pmg - Rojo";6771;2;8400;"Pipa silicona llavero de Piece Maker";"silicona pmg";"https://astrogrowshop.cl/kap-silicona-pmg?variant=Rojo"
0.220;1;12.74;12389;18990;"Tips Black 50 Ud-Raw";10244;3;1490;"Boquillas RAW Pre-enrolados 21 unidades";"tips raw";"https://astrogrowshop.cl/tips-black-50-ud-raw"
0.220;1;6.51;33214;1290;"Kap Silicona -Pmg - Blanco";6771;2;8400;"Pipa silicona llavero de Piece Maker";"silicona pmg";"https://astrogrowshop.cl/kap-silicona-pmg?variant=Blanco"
0.219;1;6.51;33209;1290;"Kap Silicona -Pmg - Amarillo";6771;2;8400;"Pipa silicona llavero de Piece Maker";"silicona pmg";"https://astrogrowshop.cl/kap-silicona-pmg?variant=Amarillo"
0.219;1;10.54;806;99990;"Capsulas Monodosis 40 Unidades Con Tampon-Storz & Bickel";10647;2;9491;"Storz & Bickel Solid Valve Juego de Anillos en O";"storz bickel";"https://astrogrowshop.cl/capsulas-monodosis-40-unidades-con-tampon-storz-bickel"
0.219;1;1.82;12149;12990;"Bolsa De Repuesto Volcano 1X3Mt-Storz & Bickel";10602;2;23655;"Storz & Bickel Cargador para auto 12V Mighty";"storz bickel";"https://astrogrowshop.cl/bolsa-de-repuesto-volcano-1x3mt-storz-bickel"
0.218;1;1.05;799;9990;"Almohadillas De Relleno Volcano Y Plenty 2Pcs-Storz & Bickel";10647;2;9491;"Storz & Bickel Solid Valve Juego de Anillos en O";"storz bickel";"https://astrogrowshop.cl/almohadillas-de-relleno-volcano-y-plenty-2pcs-storz-bickel"
0.218;1;6.51;33211;1290;"Kap Silicona -Pmg - Naranjo";6771;2;8400;"Pipa silicona llavero de Piece Maker";"silicona pmg";"https://astrogrowshop.cl/kap-silicona-pmg?variant=Naranjo"
0.214;1;1.58;12434;14990;"Juego De Anillo De Sellado Para Venty-Storz & Bickel";10602;2;23655;"Storz & Bickel Cargador para auto 12V Mighty";"storz bickel";"https://astrogrowshop.cl/juego-de-anillo-de-sellado-para-venty-storz-bickel"
0.214;1;1.11;33135;109990;"Glycerin -Bonglab - THICK PINK";10407;3;99000;"Bonglab Bong Glycerin Black Ice";"glycerin bonglab";"https://astrogrowshop.cl/glycerin-bonglab?variant=THICK%20PINK"
0.213;1;1.60;11932;71990;"Kraken Blue-Bonglab";10221;2;44900;"Bong Shiva Blue Bonglab 25cm con Percolador | Vidrio Borosilicato";"blue bonglab";"https://astrogrowshop.cl/kraken-blue-bonglab"
0.213;1;1.03;33135;109990;"Glycerin -Bonglab - THICK PINK";10163;3;113400;"Glycerin Green Avalanche Bonglab al Mejor Precio - GB The Green Brand";"glycerin bonglab";"https://astrogrowshop.cl/glycerin-bonglab?variant=THICK%20PINK"
0.211;1;1.02;806;99990;"Capsulas Monodosis 40 Unidades Con Tampon-Storz & Bickel";10519;2;98272;"Storz & Bickel Easy Valve Starter Set";"storz bickel";"https://astrogrowshop.cl/capsulas-monodosis-40-unidades-con-tampon-storz-bickel"
0.210;1;1.23;23545;42990;"Godfella Con Lock 25 Cm Black-Dime Bags";10624;2;34822;"Bolso Anti Olor Dime Bags The Goodfella con Candado 25cm | PIRANHA";"dime bags";"https://astrogrowshop.cl/godfella-con-lock-25-cm-black-dime-bags"
0.210;1;9.84;799;9990;"Almohadillas De Relleno Volcano Y Plenty 2Pcs-Storz & Bickel";10519;2;98272;"Storz & Bickel Easy Valve Starter Set";"storz bickel";"https://astrogrowshop.cl/almohadillas-de-relleno-volcano-y-plenty-2pcs-storz-bickel"
0.209;1;3.17;12389;18990;"Tips Black 50 Ud-Raw";10617;3;5990;"Bandeja Metálica RAW Silver | PIRANHA";"black raw";"https://astrogrowshop.cl/tips-black-50-ud-raw"
0.209;1;1.46;32317;41990;"Classy-Bonglab - verde";11032;2;28800;"Bonglab Bong Pocket Twister 23cm Negro";"bonglab verde";"https://astrogrowshop.cl/classy-kd1-bonglab?variant=verde"
0.209;1;1.25;31565;22990;"R2 -Bonglab - verde";11032;2;28800;"Bonglab Bong Pocket Twister 23cm Negro";"bonglab verde";"https://astrogrowshop.cl/r2-bonglab?variant=verde"
0.207;1;1.06;23544;32990;"Godfella Con Lock 17 Cm Black-Dime Bags";10624;2;34822;"Bolso Anti Olor Dime Bags The Goodfella con Candado 25cm | PIRANHA";"dime bags";"https://astrogrowshop.cl/godfella-con-lock-17-cm-black-dime-bags"
0.205;1;57.13;730;39990;"Contenedor Con Tapa Diseños Mix Display 9 Und-Soulblime";10527;2;700;"Soulblime Bolsa Hermética Diseños";"disenos soulblime";"https://astrogrowshop.cl/contenedor-con-tapa-disenos-mix-display-9-und-soulblime"
0.205;1;1.05;18098;6490;"Toker Poker Smoke-Calvo Glass";10261;3;6200;"Calvo Glass Quemador Perlas - Macho 14mm";"calvo glass";"https://astrogrowshop.cl/toker-poker-smoke-calvo-glass"
0.204;1;1.46;32318;41990;"Classy-Bonglab - Negro";11032;2;28800;"Bonglab Bong Pocket Twister 23cm Negro";"bonglab negro";"https://astrogrowshop.cl/classy-kd1-bonglab?variant=Negro"
0.204;1;1.23;17736;33990;"Pack Bong Bonglab Classic Ice KS11";10538;2;27541;"Bonglab Bong Lucky Goblin";"bong bonglab";"https://astrogrowshop.cl/pack-bong-bonglab-classic-ice-ks11"
0.204;1;2.15;32773;61990;"K30 -Bonglab - Negro";11032;2;28800;"Bonglab Bong Pocket Twister 23cm Negro";"bonglab negro";"https://astrogrowshop.cl/k30-bonglab?variant=Negro"
0.203;1;1.75;23545;42990;"Godfella Con Lock 25 Cm Black-Dime Bags";10606;2;24504;"Dime Bags The Goodfella 17cm";"dime bags";"https://astrogrowshop.cl/godfella-con-lock-25-cm-black-dime-bags"
0.201;1;1.91;17736;33990;"Pack Bong Bonglab Classic Ice KS11";10394;2;64990;"BongLab Elty8 Monster Bong 48cm";"bong bonglab";"https://astrogrowshop.cl/pack-bong-bonglab-classic-ice-ks11"
0.200;1;1.30;18098;6490;"Toker Poker Smoke-Calvo Glass";10323;3;4990;"Difusor Calvo Classic 18mm - 14mm - 14cm";"calvo glass";"https://astrogrowshop.cl/toker-poker-smoke-calvo-glass"
0.200;1;6.51;33215;1290;"Kap Silicona -Pmg - VERDE FLUO";6771;2;8400;"Pipa silicona llavero de Piece Maker";"silicona pmg";"https://astrogrowshop.cl/kap-silicona-pmg?variant=VERDE%20FLUO"
0.200;1;1.35;23544;32990;"Godfella Con Lock 17 Cm Black-Dime Bags";10606;2;24504;"Dime Bags The Goodfella 17cm";"dime bags";"https://astrogrowshop.cl/godfella-con-lock-17-cm-black-dime-bags"
0.200;1;1.15;31632;24990;"Dream Rig-Bonglab - verde";11032;2;28800;"Bonglab Bong Pocket Twister 23cm Negro";"bonglab verde";"https://astrogrowshop.cl/dream-rig-bonglab?variant=verde"
0.200;1;1.67;17935;74990;"Water Fenix Blue-Bonglab";10221;2;44900;"Bong Shiva Blue Bonglab 25cm con Percolador | Vidrio Borosilicato";"blue bonglab";"https://astrogrowshop.cl/water-fenix-blue-bonglab"
0.199;1;3.50;18098;6490;"Toker Poker Smoke-Calvo Glass";10374;2;22743;"Calvo Glass Bong Essential 22cm";"calvo glass";"https://astrogrowshop.cl/toker-poker-smoke-calvo-glass"
0.198;1;1.12;12147;7490;"10 Boquillas Silicona Surtidas-Pmg";6771;2;8400;"Pipa silicona llavero de Piece Maker";"silicona pmg";"https://astrogrowshop.cl/10-boquillas-silicona-surtidas-pmg"
0.194;1;1.45;12302;64990;"Elty8 Monster Blue-Bonglab";10221;2;44900;"Bong Shiva Blue Bonglab 25cm con Percolador | Vidrio Borosilicato";"blue bonglab";"https://astrogrowshop.cl/elty8-monster-blue-bonglab"
0.193;1;1.23;17737;33990;"Pack Bong Bonglab Little Buchner KS10";10538;2;27541;"Bonglab Bong Lucky Goblin";"bong bonglab";"https://astrogrowshop.cl/pack-bong-bonglab-little-buchner-ks10"
0.192;1;2.37;799;9990;"Almohadillas De Relleno Volcano Y Plenty 2Pcs-Storz & Bickel";10602;2;23655;"Storz & Bickel Cargador para auto 12V Mighty";"storz bickel";"https://astrogrowshop.cl/almohadillas-de-relleno-volcano-y-plenty-2pcs-storz-bickel"
0.190;1;1.91;17737;33990;"Pack Bong Bonglab Little Buchner KS10";10394;2;64990;"BongLab Elty8 Monster Bong 48cm";"bong bonglab";"https://astrogrowshop.cl/pack-bong-bonglab-little-buchner-ks10"
0.190;1;1.70;1172;1190;"Tubos Contenedores Diseños Mix 1Und-Soulblime";10527;2;700;"Soulblime Bolsa Hermética Diseños";"disenos soulblime";"https://astrogrowshop.cl/tubos-contenedores-disenos-mix-1und-soulblime"
0.188;1;2.15;32775;61990;"K30 -Bonglab - Verde azulado";11032;2;28800;"Bonglab Bong Pocket Twister 23cm Negro";"bonglab verde";"https://astrogrowshop.cl/k30-bonglab?variant=Verde%20azulado"
0.187;1;0.00;12511;26470;"Packs Accesorios Purify 18Mm/Rejilla 19Mm-Bonglab";6777;2;0;"Bonglab American Hitter 18mm";"18mm bonglab";"https://astrogrowshop.cl/packs-accesorios-purify-18mmrejilla-19mm-bonglab"
0.181;1;1.26;31370;30990;"Collector Con Candado 30Cm Smell Proof Camo-Dime Bags - Verde";10606;2;24504;"Dime Bags The Goodfella 17cm";"dime bags";"https://astrogrowshop.cl/collector-con-candado-30cm-smell-proof-dime-bags?variant=Verde"
0.181;1;1.37;18123;39990;"Pack Bong Bonglab Fat Candy";10344;3;54900;"Bonglab K30 Fresh 42cm";"bong bonglab";"https://astrogrowshop.cl/pack-bong-bonglab-fat-candy"
0.180;1;1.02;31367;24990;"Collector Con Candado 22Cm Smell Proof Camo-Dime Bags - Rojo";10606;2;24504;"Dime Bags The Goodfella 17cm";"dime bags";"https://astrogrowshop.cl/collector-con-candado-22cm-smell-proof-dime-bags?variant=Rojo"
0.180;1;1.26;31371;30990;"Collector Con Candado 30Cm Smell Proof Camo-Dime Bags - Rojo";10606;2;24504;"Dime Bags The Goodfella 17cm";"dime bags";"https://astrogrowshop.cl/collector-con-candado-30cm-smell-proof-dime-bags?variant=Rojo"
0.179;1;1.02;77215;24990;"Collector Con Candado 22Cm Smell Proof Camo-Dime Bags - RED";10606;2;24504;"Dime Bags The Goodfella 17cm";"dime bags";"https://astrogrowshop.cl/collector-con-candado-22cm-smell-proof-dime-bags?variant=RED"
0.178;1;1.26;77219;30990;"Collector Con Candado 30Cm Smell Proof Camo-Dime Bags - RED";10606;2;24504;"Dime Bags The Goodfella 17cm";"dime bags";"https://astrogrowshop.cl/collector-con-candado-30cm-smell-proof-dime-bags?variant=RED"
0.178;1;2.96;18126;69990;"Solid Valve Camara Llenado Para Liquidos + Almohadillas-Storz & Bickel";10602;2;23655;"Storz & Bickel Cargador para auto 12V Mighty";"storz bickel";"https://astrogrowshop.cl/solid-valve-camara-llenado-para-liquidos-almohadillas-storz-bickel"
0.175;1;3.41;731;4490;"ADAPTADOR PYREX HEMBRA A MACHO 18MM- Bonglab";10219;3;15300;"Bong Pyrex KM1 Prisma 10cm Clear Bonglab | Mini Bong de Vidrio";"pyrex bonglab";"https://astrogrowshop.cl/adaptador-pyrex-hembra-a-macho-18mm-bonglab"
0.175;1;1.96;31675;27990;"Lucky Goblin-Bonglab - Negro Humo";10344;3;54900;"Bonglab K30 Fresh 42cm";"bonglab negro";"https://astrogrowshop.cl/lucky-goblin-bonglab?variant=Negro%20Humo"
0.174;1;2.58;33352;8990;"Cap Strip -Calvo - Verde";5751;3;3490;"Calvo Glass Quemador Pyrex - Macho 14mm";"calvo verde";"https://astrogrowshop.cl/cap-strip-calvo?variant=Verde"
0.171;1;1.57;17984;62990;"Octopus Black-Bonglab";10407;3;99000;"Bonglab Bong Glycerin Black Ice";"black bonglab";"https://astrogrowshop.cl/octopus-black-bonglab"
0.170;1;1.11;33373;26990;"Tapa Kommuter -Pmg - CELESTE";6560;3;29993;"Unikorn Bong Celeste PieceMaker";"pmg celeste";"https://astrogrowshop.cl/tapa-kommuter-pmg?variant=CELESTE"
0.166;1;1.78;815;3490;"Gas Butano Ultra Refinado X5 Premium-Calvo Glass";10261;3;6200;"Calvo Glass Quemador Perlas - Macho 14mm";"calvo glass";"https://astrogrowshop.cl/gas-butano-ultra-refinado-x5-premium-calvo-glass"
0.165;1;6.99;12248;1000;"Encendedor Clipper Recargable Weed Rhyme – Diseño Surtido (Unidad)";10746;2;6990;"Encendedor Clipper Metálico Icy";"encendedor clipper";"https://astrogrowshop.cl/encendedor-clipper-recargable-weed-rhyme-diseno-surtido-unidad"
0.163;1;1.03;31675;27990;"Lucky Goblin-Bonglab - Negro Humo";11032;2;28800;"Bonglab Bong Pocket Twister 23cm Negro";"bonglab negro";"https://astrogrowshop.cl/lucky-goblin-bonglab?variant=Negro%20Humo"
0.163;1;1.43;815;3490;"Gas Butano Ultra Refinado X5 Premium-Calvo Glass";10323;3;4990;"Difusor Calvo Classic 18mm - 14mm - 14cm";"calvo glass";"https://astrogrowshop.cl/gas-butano-ultra-refinado-x5-premium-calvo-glass"
0.163;1;6.52;815;3490;"Gas Butano Ultra Refinado X5 Premium-Calvo Glass";10374;2;22743;"Calvo Glass Bong Essential 22cm";"calvo glass";"https://astrogrowshop.cl/gas-butano-ultra-refinado-x5-premium-calvo-glass"
0.624;0;1.17;32428;2990;"Quemador Bong Cuerno Macho 14Mm - Amarillo";5751;3;3490;"Calvo Glass Quemador Pyrex - Macho 14mm";"quemador bong cuerno macho 14mm amarillo";"https://astrogrowshop.cl/quemador-bong-cuerno-macho-14mm?variant=Amarillo"
0.597;0;1.17;32427;2990;"Quemador Bong Cuerno Macho 14Mm - verde";5751;3;3490;"Calvo Glass Quemador Pyrex - Macho 14mm";"quemador bong cuerno macho 14mm verde";"https://astrogrowshop.cl/quemador-bong-cuerno-macho-14mm?variant=verde"
0.544;0;0.00;2618;42990;"Filtro De Carbón Activado-Kasvi";11046;2;0;"OCB Boquillas Filtro de Carbón Activado 50 uds.";"filtro carbon activado";"https://astrogrowshop.cl/filtro-de-carbon-activado-kasvi"
0.543;0;2.07;32428;2990;"Quemador Bong Cuerno Macho 14Mm - Amarillo";10261;3;6200;"Calvo Glass Quemador Perlas - Macho 14mm";"quemador macho 14mm amarillo";"https://astrogrowshop.cl/quemador-bong-cuerno-macho-14mm?variant=Amarillo"
0.533;0;1.00;77826;990;"BULLDOG PAPELILLOS ECO HEMP CAÑAMO ORGANICO 1/14";10868;2;990;"RAW Organic Hemp 1 1/4";"papelillos hemp canamo organico";"https://astrogrowshop.cl/bulldog-papelillos-eco-hemp-canamo-organico-114"
0.533;0;1.14;12450;3990;"Quemador Bong Cuerno Macho 14Mm";5751;3;3490;"Calvo Glass Quemador Pyrex - Macho 14mm";"quemador bong cuerno macho 14mm";"https://astrogrowshop.cl/quemador-bong-cuerno-macho-14mm"
0.531;0;3.07;17950;1790;"Cenicero Portatil -Ozeta";10336;2;5490;"Cenicero Portátil RAW Catcher | PIRANHA";"cenicero portatil";"https://astrogrowshop.cl/cenicero-portatil-ozeta"
0.505;0;1.14;32431;3990;"Quemador Bong Cuerno Macho 14Mm - Rojo";5751;3;3490;"Calvo Glass Quemador Pyrex - Macho 14mm";"quemador bong cuerno macho 14mm";"https://astrogrowshop.cl/quemador-bong-cuerno-macho-14mm?variant=Rojo"
0.503;0;1.17;32432;2990;"Quemador Bong Cuerno Macho 14Mm - Rosa";5751;3;3490;"Calvo Glass Quemador Pyrex - Macho 14mm";"quemador bong cuerno macho 14mm";"https://astrogrowshop.cl/quemador-bong-cuerno-macho-14mm?variant=Rosa"
0.497;0;1.17;32430;2990;"Quemador Bong Cuerno Macho 14Mm - Naranjo";5751;3;3490;"Calvo Glass Quemador Pyrex - Macho 14mm";"quemador bong cuerno macho 14mm";"https://astrogrowshop.cl/quemador-bong-cuerno-macho-14mm?variant=Naranjo"
0.490;0;1.55;12519;3990;"Quemador Macho 14Mm";10261;3;6200;"Calvo Glass Quemador Perlas - Macho 14mm";"quemador macho 14mm";"https://astrogrowshop.cl/quemador-macho-14mm-1"
0.490;0;3.07;32948;1790;"Cenicero Portatil -Ozeta - Negro";10336;2;5490;"Cenicero Portátil RAW Catcher | PIRANHA";"cenicero portatil";"https://astrogrowshop.cl/cenicero-portatil-ozeta?variant=Negro"
0.483;0;3.07;79079;1790;"Cenicero Portatil -Ozeta - BLACK";10336;2;5490;"Cenicero Portátil RAW Catcher | PIRANHA";"cenicero portatil";"https://astrogrowshop.cl/cenicero-portatil-ozeta?variant=BLACK"
0.476;0;1.81;3688;5590;"Moledor 3 Partes Gris- Amsterdam";6567;3;10100;"Moledor Bulldog Ámsterdam Metálico Silver 4 Partes";"moledor partes amsterdam";"https://astrogrowshop.cl/moledor-3-partes-gris-amsterdam"
0.468;0;3.07;32949;1790;"Cenicero Portatil -Ozeta - CELESTE";10336;2;5490;"Cenicero Portátil RAW Catcher | PIRANHA";"cenicero portatil";"https://astrogrowshop.cl/cenicero-portatil-ozeta?variant=CELESTE"
0.467;0;0.00;31752;217990;"Filtro De Carbón Activado-Kasvi - 250X600 MM";11046;2;0;"OCB Boquillas Filtro de Carbón Activado 50 uds.";"filtro carbon activado";"https://astrogrowshop.cl/filtro-de-carbon-activado-kasvi?variant=250X600%20MM"
0.466;0;1.33;12228;3990;"Conos Pre Roll King Size Pack 3U-Blazy Susan";5710;2;2990;"Futurola x Mike Tyson 3 Conos Pre-enrolados King Size";"conos pre king size 3u";"https://astrogrowshop.cl/conos-pre-roll-king-size-pack-3u-blazy-susan"
0.463;0;1.14;32429;3990;"Quemador Bong Cuerno Macho 14Mm - LIGHT BLUE";5751;3;3490;"Calvo Glass Quemador Pyrex - Macho 14mm";"quemador bong cuerno macho 14mm";"https://astrogrowshop.cl/quemador-bong-cuerno-macho-14mm?variant=LIGHT%20BLUE"
0.436;0;1.50;2653;11990;"Moledor Aluminio 4 Partes 40Mm Bt";6471;2;7990;"Moledor Bulldog 40mm 1 piso";"moledor partes 40mm";"https://astrogrowshop.cl/moledor-aluminio-4-partes-40mm-bt"
0.422;0;16.06;12270;39990;"Papelillo Unbleached King Size Slim 50U-Blazy Susan";10369;2;2490;"OCB Roll Kit Virgin King Size";"papelillo king size slim";"https://astrogrowshop.cl/papelillo-unbleached-king-size-slim-50u-blazy-susan"
0.416;0;1.00;31031;7990;"Moledor Aluminio 4 Partes 40Mm Bt - verde";6471;2;7990;"Moledor Bulldog 40mm 1 piso";"moledor partes 40mm";"https://astrogrowshop.cl/moledor-aluminio-4-partes-40mm-bt?variant=verde"
0.415;0;1.00;31032;7990;"Moledor Aluminio 4 Partes 40Mm Bt - azul";6471;2;7990;"Moledor Bulldog 40mm 1 piso";"moledor partes 40mm";"https://astrogrowshop.cl/moledor-aluminio-4-partes-40mm-bt?variant=azul"
0.413;0;4.16;2654;14990;"Moledor Aluminio 4 Partes 50MM Bt";5515;3;3600;"Moledor Metálico Lion Rolling Circus - 2 Partes";"moledor partes 50mm";"https://astrogrowshop.cl/moledor-aluminio-4-partes-50mm-bt"
0.410;0;1.00;31030;7990;"Moledor Aluminio 4 Partes 40Mm Bt - Rosa";6471;2;7990;"Moledor Bulldog 40mm 1 piso";"moledor partes 40mm";"https://astrogrowshop.cl/moledor-aluminio-4-partes-40mm-bt?variant=Rosa"
0.410;0;1.17;31590;6990;"Glass Cleaner Brillo (30ml, 250ml, 500ml) -Bonglab - 250 ml";10245;1;5990;"Mr Pipe Cleaner 250 ML";"cleaner 250ml 250";"https://astrogrowshop.cl/glass-cleaner-brillo-bonglab?variant=250%20ml"
0.410;0;1.17;77486;6990;"Glass Cleaner Brillo (30ml, 250ml, 500ml) -Bonglab - 250 ML";10245;1;5990;"Mr Pipe Cleaner 250 ML";"cleaner 250ml 250";"https://astrogrowshop.cl/glass-cleaner-brillo-bonglab?variant=250%20ML"
0.407;0;1.55;12450;3990;"Quemador Bong Cuerno Macho 14Mm";10261;3;6200;"Calvo Glass Quemador Perlas - Macho 14mm";"quemador macho 14mm";"https://astrogrowshop.cl/quemador-bong-cuerno-macho-14mm"
0.406;0;1.23;18001;9990;"Summer Pack Pin Ed. Limitada-Bonglab X Hightrip";10495;2;8091;"Hightrip Pin Bongazo";"pin hightrip";"https://astrogrowshop.cl/summer-pack-pin-ed-limitada-bonglab-x-hightrip"
0.404;0;1.34;31786;1000;"BLUNT HEMP WRAPS SABORES - SOULBLIME - FAVORITES";10733;2;1341;"Lion Rolling Circus Hemp Wraps Terpenes Gelato x2";"blunt hemp wraps sabores";"https://astrogrowshop.cl/blunt-hemp-wraps-sabores-soulblime?variant=FAVORITES"
0.404;0;1.48;2654;14990;"Moledor Aluminio 4 Partes 50MM Bt";6567;3;10100;"Moledor Bulldog Ámsterdam Metálico Silver 4 Partes";"moledor partes 50mm";"https://astrogrowshop.cl/moledor-aluminio-4-partes-50mm-bt"
0.403;0;1.55;12631;6990;"Set Terp Balls Para Banger Slurper Ruby Eye";11011;2;4500;"Calvo Terp Balls Luminosas 4mm";"terp balls banger";"https://astrogrowshop.cl/set-terp-balls-para-banger-slurper-ruby-eye"
0.402;0;1.00;31035;7990;"Moledor Aluminio 4 Partes 40Mm Bt - Dorado";6471;2;7990;"Moledor Bulldog 40mm 1 piso";"moledor partes 40mm";"https://astrogrowshop.cl/moledor-aluminio-4-partes-40mm-bt?variant=Dorado"
0.399;0;1.23;12492;9990;"Highping Pin Ed. Limitada-Bonglab X Hightrip";10495;2;8091;"Hightrip Pin Bongazo";"pin hightrip";"https://astrogrowshop.cl/highping-pin-ed-limitada-bonglab-x-hightrip"
0.398;0;14.81;12270;39990;"Papelillo Unbleached King Size Slim 50U-Blazy Susan";10273;3;2700;"Papelillos Raw Artesanos King Size Slim";"papelillo king size slim";"https://astrogrowshop.cl/papelillo-unbleached-king-size-slim-50u-blazy-susan"
0.397;0;20.08;2525;49990;"Papelillos Classic King Size Slim 50 Ud-Raw";10369;2;2490;"OCB Roll Kit Virgin King Size";"papelillos king size slim";"https://astrogrowshop.cl/papelillos-classic-king-size-slim-50-ud-raw"
0.393;0;2.77;31044;9990;"Moledor Aluminio 4 Partes 50MM Bt - Negro";5515;3;3600;"Moledor Metálico Lion Rolling Circus - 2 Partes";"moledor partes 50mm";"https://astrogrowshop.cl/moledor-aluminio-4-partes-50mm-bt?variant=Negro"
0.393;0;1.37;12380;8490;"Quemador Pyrex Abeja Macho 14Mm";10261;3;6200;"Calvo Glass Quemador Perlas - Macho 14mm";"quemador macho 14mm";"https://astrogrowshop.cl/quemador-pyrex-abeja-14mm"
0.392;0;2.77;31039;9990;"Moledor Aluminio 4 Partes 50MM Bt - verde";5515;3;3600;"Moledor Metálico Lion Rolling Circus - 2 Partes";"moledor partes 50mm";"https://astrogrowshop.cl/moledor-aluminio-4-partes-50mm-bt?variant=verde"
0.392;0;2.77;31040;9990;"Moledor Aluminio 4 Partes 50MM Bt - azul";5515;3;3600;"Moledor Metálico Lion Rolling Circus - 2 Partes";"moledor partes 50mm";"https://astrogrowshop.cl/moledor-aluminio-4-partes-50mm-bt?variant=azul"
0.389;0;2.77;31038;9990;"Moledor Aluminio 4 Partes 50MM Bt - Morado";5515;3;3600;"Moledor Metálico Lion Rolling Circus - 2 Partes";"moledor partes 50mm";"https://astrogrowshop.cl/moledor-aluminio-4-partes-50mm-bt?variant=Morado"
0.387;0;23.66;12270;39990;"Papelillo Unbleached King Size Slim 50U-Blazy Susan";10352;2;1690;"OCB Rice King Size Slim";"papelillo king size slim";"https://astrogrowshop.cl/papelillo-unbleached-king-size-slim-50u-blazy-susan"
0.387;0;1.34;31787;1000;"BLUNT HEMP WRAPS SABORES - SOULBLIME - SWEET VIBES";10733;2;1341;"Lion Rolling Circus Hemp Wraps Terpenes Gelato x2";"blunt hemp wraps sabores";"https://astrogrowshop.cl/blunt-hemp-wraps-sabores-soulblime?variant=SWEET%20VIBES"
0.385;0;1.01;31044;9990;"Moledor Aluminio 4 Partes 50MM Bt - Negro";6567;3;10100;"Moledor Bulldog Ámsterdam Metálico Silver 4 Partes";"moledor partes 50mm";"https://astrogrowshop.cl/moledor-aluminio-4-partes-50mm-bt?variant=Negro"
0.384;0;1.01;31039;9990;"Moledor Aluminio 4 Partes 50MM Bt - verde";6567;3;10100;"Moledor Bulldog Ámsterdam Metálico Silver 4 Partes";"moledor partes 50mm";"https://astrogrowshop.cl/moledor-aluminio-4-partes-50mm-bt?variant=verde"
0.383;0;1.01;31040;9990;"Moledor Aluminio 4 Partes 50MM Bt - azul";6567;3;10100;"Moledor Bulldog Ámsterdam Metálico Silver 4 Partes";"moledor partes 50mm";"https://astrogrowshop.cl/moledor-aluminio-4-partes-50mm-bt?variant=azul"
0.383;0;2.07;32427;2990;"Quemador Bong Cuerno Macho 14Mm - verde";10261;3;6200;"Calvo Glass Quemador Perlas - Macho 14mm";"quemador macho 14mm";"https://astrogrowshop.cl/quemador-bong-cuerno-macho-14mm?variant=verde"
0.380;0;1.01;31038;9990;"Moledor Aluminio 4 Partes 50MM Bt - Morado";6567;3;10100;"Moledor Bulldog Ámsterdam Metálico Silver 4 Partes";"moledor partes 50mm";"https://astrogrowshop.cl/moledor-aluminio-4-partes-50mm-bt?variant=Morado"
0.379;0;2.43;12380;8490;"Quemador Pyrex Abeja Macho 14Mm";5751;3;3490;"Calvo Glass Quemador Pyrex - Macho 14mm";"quemador pyrex macho 14mm";"https://astrogrowshop.cl/quemador-pyrex-abeja-14mm"
0.379;0;2.77;31041;9990;"Moledor Aluminio 4 Partes 50MM Bt - Dorado";5515;3;3600;"Moledor Metálico Lion Rolling Circus - 2 Partes";"moledor partes 50mm";"https://astrogrowshop.cl/moledor-aluminio-4-partes-50mm-bt?variant=Dorado"
0.378;0;1.55;32431;3990;"Quemador Bong Cuerno Macho 14Mm - Rojo";10261;3;6200;"Calvo Glass Quemador Perlas - Macho 14mm";"quemador macho 14mm";"https://astrogrowshop.cl/quemador-bong-cuerno-macho-14mm?variant=Rojo"
0.377;0;1.00;31037;7990;"Moledor Aluminio 4 Partes 40Mm Bt - LIGHT BLACK";6471;2;7990;"Moledor Bulldog 40mm 1 piso";"moledor partes 40mm";"https://astrogrowshop.cl/moledor-aluminio-4-partes-40mm-bt?variant=LIGHT%20BLACK"
0.376;0;1.34;31788;1000;"BLUNT HEMP WRAPS SABORES - SOULBLIME - TROPICAL SUMMER";10733;2;1341;"Lion Rolling Circus Hemp Wraps Terpenes Gelato x2";"blunt hemp wraps sabores";"https://astrogrowshop.cl/blunt-hemp-wraps-sabores-soulblime?variant=TROPICAL%20SUMMER"
0.376;0;2.07;32432;2990;"Quemador Bong Cuerno Macho 14Mm - Rosa";10261;3;6200;"Calvo Glass Quemador Perlas - Macho 14mm";"quemador macho 14mm";"https://astrogrowshop.cl/quemador-bong-cuerno-macho-14mm?variant=Rosa"
0.375;0;2.77;31042;9990;"Moledor Aluminio 4 Partes 50MM Bt - Plata";5515;3;3600;"Moledor Metálico Lion Rolling Circus - 2 Partes";"moledor partes 50mm";"https://astrogrowshop.cl/moledor-aluminio-4-partes-50mm-bt?variant=Plata"
0.372;0;1.25;11877;3990;"Difusor 14Mm-Bonglab";10323;3;4990;"Difusor Calvo Classic 18mm - 14mm - 14cm";"difusor 14mm";"https://astrogrowshop.cl/difusor-14mm-bonglab"
0.371;0;1.11;31591;8990;"Glass Cleaner Brillo (30ml, 250ml, 500ml) -Bonglab - 500 ml";9236;1;9990;"Mr Pipe Cleaner 500 ML";"cleaner 500";"https://astrogrowshop.cl/glass-cleaner-brillo-bonglab?variant=500%20ml"
0.371;0;1.11;77487;8990;"Glass Cleaner Brillo (30ml, 250ml, 500ml) -Bonglab - 500 ML";9236;1;9990;"Mr Pipe Cleaner 500 ML";"cleaner 500";"https://astrogrowshop.cl/glass-cleaner-brillo-bonglab?variant=500%20ML"
0.371;0;1.01;31041;9990;"Moledor Aluminio 4 Partes 50MM Bt - Dorado";6567;3;10100;"Moledor Bulldog Ámsterdam Metálico Silver 4 Partes";"moledor partes 50mm";"https://astrogrowshop.cl/moledor-aluminio-4-partes-50mm-bt?variant=Dorado"
0.370;0;0.00;12601;290;"Cono Pre Roll Pink King Size Box Und- Blazy Susan";11045;2;0;"Shine 24K Cono de Oro King Size";"cono king size";"https://astrogrowshop.cl/cono-pre-roll-pink-king-size-box-und-blazy-susan"
0.369;0;2.07;32430;2990;"Quemador Bong Cuerno Macho 14Mm - Naranjo";10261;3;6200;"Calvo Glass Quemador Perlas - Macho 14mm";"quemador macho 14mm";"https://astrogrowshop.cl/quemador-bong-cuerno-macho-14mm?variant=Naranjo"
0.367;0;1.23;18001;9990;"Summer Pack Pin Ed. Limitada-Bonglab X Hightrip";10473;2;8091;"Hightrip Pin Siempre 420";"pin hightrip";"https://astrogrowshop.cl/summer-pack-pin-ed-limitada-bonglab-x-hightrip"
0.367;0;1.01;31042;9990;"Moledor Aluminio 4 Partes 50MM Bt - Plata";6567;3;10100;"Moledor Bulldog Ámsterdam Metálico Silver 4 Partes";"moledor partes 50mm";"https://astrogrowshop.cl/moledor-aluminio-4-partes-50mm-bt?variant=Plata"
0.367;0;1.40;78137;6990;"Difusor Logo Magenta 14Mm -Bonglab (14Cm/12Cm) - 14 CM";10323;3;4990;"Difusor Calvo Classic 18mm - 14mm - 14cm";"difusor 14mm 14cm";"https://astrogrowshop.cl/difusor-logo-magenta-14mm-bonglab?variant=14%20CM"
0.362;0;1.23;12492;9990;"Highping Pin Ed. Limitada-Bonglab X Hightrip";10473;2;8091;"Hightrip Pin Siempre 420";"pin hightrip";"https://astrogrowshop.cl/highping-pin-ed-limitada-bonglab-x-hightrip"
0.358;0;1.23;12454;9990;"Smoking Board Pin Ed. Limitada-Bonglab X Hightrip";10495;2;8091;"Hightrip Pin Bongazo";"pin hightrip";"https://astrogrowshop.cl/smoking-board-pin-ed-limitada-bonglab-x-hightrip"
0.357;0;1.05;79079;1790;"Cenicero Portatil -Ozeta - BLACK";10335;3;1700;"Cenicero Metálico Bulldog";"cenicero black";"https://astrogrowshop.cl/cenicero-portatil-ozeta?variant=BLACK"
0.354;0;2.36;12228;3990;"Conos Pre Roll King Size Pack 3U-Blazy Susan";5714;4;1690;"OCB 3 Conos Pre-enrolados King Size Virgin Slim";"conos pre king size 3u";"https://astrogrowshop.cl/conos-pre-roll-king-size-pack-3u-blazy-susan"
0.353;0;2.77;31043;9990;"Moledor Aluminio 4 Partes 50MM Bt - LIGHT BLACK";5515;3;3600;"Moledor Metálico Lion Rolling Circus - 2 Partes";"moledor partes 50mm";"https://astrogrowshop.cl/moledor-aluminio-4-partes-50mm-bt?variant=LIGHT%20BLACK"
0.353;0;1.23;12449;9990;"Pool Party Pin Ed. Limitada-Bonglab X Hightrip";10495;2;8091;"Hightrip Pin Bongazo";"pin hightrip";"https://astrogrowshop.cl/pool-party-pin-ed-limitada-bonglab-x-hightrip"
0.346;0;1.01;31043;9990;"Moledor Aluminio 4 Partes 50MM Bt - LIGHT BLACK";6567;3;10100;"Moledor Bulldog Ámsterdam Metálico Silver 4 Partes";"moledor partes 50mm";"https://astrogrowshop.cl/moledor-aluminio-4-partes-50mm-bt?variant=LIGHT%20BLACK"
0.345;0;1.84;77162;34990;"Medidor 3 En 1 Tds/Ec/Temp Waterproof Analitycs Instruments";10788;2;18991;"Medidor de pH Kasvi Instruments";"medidor instruments";"https://astrogrowshop.cl/medidor-3-en-1-tdsectemp-waterproof-analitycs-instruments"
0.341;0;2.31;77826;990;"BULLDOG PAPELILLOS ECO HEMP CAÑAMO ORGANICO 1/14";10356;2;2290;"OCB Rolls Cañamo Orgánico Slim";"papelillos canamo organico";"https://astrogrowshop.cl/bulldog-papelillos-eco-hemp-canamo-organico-114"
0.339;0;1.11;77826;990;"BULLDOG PAPELILLOS ECO HEMP CAÑAMO ORGANICO 1/14";10875;2;893;"Papelillos Vibes Cáñamo 1 1/4";"papelillos canamo";"https://astrogrowshop.cl/bulldog-papelillos-eco-hemp-canamo-organico-114"
0.338;0;10.31;12601;290;"Cono Pre Roll Pink King Size Box Und- Blazy Susan";5710;2;2990;"Futurola x Mike Tyson 3 Conos Pre-enrolados King Size";"cono pre king size";"https://astrogrowshop.cl/cono-pre-roll-pink-king-size-box-und-blazy-susan"
0.337;0;17.99;2618;42990;"Filtro De Carbón Activado-Kasvi";10347;2;2390;"Gizeh Filtro Carbón Activo Coconut 6mm";"filtro carbon activado";"https://astrogrowshop.cl/filtro-de-carbon-activado-kasvi"
0.336;0;1.55;32429;3990;"Quemador Bong Cuerno Macho 14Mm - LIGHT BLUE";10261;3;6200;"Calvo Glass Quemador Perlas - Macho 14mm";"quemador macho 14mm";"https://astrogrowshop.cl/quemador-bong-cuerno-macho-14mm?variant=LIGHT%20BLUE"
0.333;0;1.57;56953;10990;"Bateria tipo A Brass Knuckle - Morado";11021;2;6990;"Brass Knuckles Batería 900mAh USB-C";"bateria tipo brass morado";"https://astrogrowshop.cl/bateria-brass-knuckle?variant=Morado"
0.332;0;3.00;2653;11990;"Moledor Aluminio 4 Partes 40Mm Bt";11039;2;35990;"Pulsar King Kut Moledor Eléctrico 40mm";"moledor 40mm";"https://astrogrowshop.cl/moledor-aluminio-4-partes-40mm-bt"
0.331;0;1.14;12519;3990;"Quemador Macho 14Mm";5751;3;3490;"Calvo Glass Quemador Pyrex - Macho 14mm";"quemador macho 14mm";"https://astrogrowshop.cl/quemador-macho-14mm-1"
0.331;0;1.60;12228;3990;"Conos Pre Roll King Size Pack 3U-Blazy Susan";10369;2;2490;"OCB Roll Kit Virgin King Size";"roll king size";"https://astrogrowshop.cl/conos-pre-roll-king-size-pack-3u-blazy-susan"
0.328;0;1.23;12454;9990;"Smoking Board Pin Ed. Limitada-Bonglab X Hightrip";10473;2;8091;"Hightrip Pin Siempre 420";"pin hightrip";"https://astrogrowshop.cl/smoking-board-pin-ed-limitada-bonglab-x-hightrip"
0.324;0;1.55;12577;3990;"Quemador Macho 18Mm";10261;3;6200;"Calvo Glass Quemador Perlas - Macho 14mm";"quemador macho";"https://astrogrowshop.cl/quemador-macho-18mm"
0.323;0;1.23;12449;9990;"Pool Party Pin Ed. Limitada-Bonglab X Hightrip";10473;2;8091;"Hightrip Pin Siempre 420";"pin hightrip";"https://astrogrowshop.cl/pool-party-pin-ed-limitada-bonglab-x-hightrip"
0.323;0;1.57;56950;10990;"Bateria tipo A Brass Knuckle - Negro";11021;2;6990;"Brass Knuckles Batería 900mAh USB-C";"bateria tipo brass negro";"https://astrogrowshop.cl/bateria-brass-knuckle?variant=Negro"
0.321;0;11.37;18074;2990;"Encendedor Classic Rubber Variedades";10429;2;33990;"Encendedor Zippo Classic Orange Matte";"encendedor classic";"https://astrogrowshop.cl/encendedor-classic-rubber-variedades"
0.321;0;1.14;31548;3990;"Quemador Macho 18Mm - Morado";5751;3;3490;"Calvo Glass Quemador Pyrex - Macho 14mm";"quemador macho morado";"https://astrogrowshop.cl/quemador-macho-18mm?variant=Morado"
0.318;0;1.46;31590;6990;"Glass Cleaner Brillo (30ml, 250ml, 500ml) -Bonglab - 250 ml";10252;3;4800;"Thievery Super Dab Cleaner 250ml";"cleaner 250ml 250";"https://astrogrowshop.cl/glass-cleaner-brillo-bonglab?variant=250%20ml"
0.318;0;1.46;77486;6990;"Glass Cleaner Brillo (30ml, 250ml, 500ml) -Bonglab - 250 ML";10252;3;4800;"Thievery Super Dab Cleaner 250ml";"cleaner 250ml 250";"https://astrogrowshop.cl/glass-cleaner-brillo-bonglab?variant=250%20ML"
0.316;0;1.09;12332;490;"Tips Filtro De Carton Amarillo Unidad-Soulblime";11002;2;450;"Khemo Tips Silver";"tips carton";"https://astrogrowshop.cl/tips-filtro-de-carton-amarillo-unidad-soulblime"
0.315;0;1.09;12333;490;"Tips Filtro De Carton Celeste Unidad-Soulblime";11002;2;450;"Khemo Tips Silver";"tips carton";"https://astrogrowshop.cl/tips-filtro-de-carton-celeste-unidad-soulblime"
0.314;0;4.50;31031;7990;"Moledor Aluminio 4 Partes 40Mm Bt - verde";11039;2;35990;"Pulsar King Kut Moledor Eléctrico 40mm";"moledor 40mm";"https://astrogrowshop.cl/moledor-aluminio-4-partes-40mm-bt?variant=verde"
0.313;0;4.50;31032;7990;"Moledor Aluminio 4 Partes 40Mm Bt - azul";11039;2;35990;"Pulsar King Kut Moledor Eléctrico 40mm";"moledor 40mm";"https://astrogrowshop.cl/moledor-aluminio-4-partes-40mm-bt?variant=azul"
0.313;0;8.59;12601;290;"Cono Pre Roll Pink King Size Box Und- Blazy Susan";10369;2;2490;"OCB Roll Kit Virgin King Size";"roll king size";"https://astrogrowshop.cl/cono-pre-roll-pink-king-size-box-und-blazy-susan"
0.309;0;1.55;12576;3990;"Quemador Hembra 14Mm";10261;3;6200;"Calvo Glass Quemador Perlas - Macho 14mm";"quemador 14mm";"https://astrogrowshop.cl/quemador-hembra-14mm"
0.309;0;25.24;12312;24990;"MECHA OVILLO CAÑAMO ORGÁNICO 100MT-BONGLAB";10868;2;990;"RAW Organic Hemp 1 1/4";"canamo organico";"https://astrogrowshop.cl/mecha-ovillo-100mt-bonglab"
0.309;0;4.50;31030;7990;"Moledor Aluminio 4 Partes 40Mm Bt - Rosa";11039;2;35990;"Pulsar King Kut Moledor Eléctrico 40mm";"moledor 40mm";"https://astrogrowshop.cl/moledor-aluminio-4-partes-40mm-bt?variant=Rosa"
0.307;0;1.14;31540;3990;"Quemador Macho 18Mm - verde";5751;3;3490;"Calvo Glass Quemador Pyrex - Macho 14mm";"quemador macho verde";"https://astrogrowshop.cl/quemador-macho-18mm?variant=verde"
0.306;0;91.21;31752;217990;"Filtro De Carbón Activado-Kasvi - 250X600 MM";10347;2;2390;"Gizeh Filtro Carbón Activo Coconut 6mm";"filtro carbon activado";"https://astrogrowshop.cl/filtro-de-carbon-activado-kasvi?variant=250X600%20MM"
0.305;0;3.74;3688;5590;"Moledor 3 Partes Gris- Amsterdam";10188;2;20900;"Moledor Metálico Bulldog Swing Giratorio";"moledor amsterdam";"https://astrogrowshop.cl/moledor-3-partes-gris-amsterdam"
0.304;0;1.53;12633;690;"Tips OCB Virgen Cartón prepicado";11002;2;450;"Khemo Tips Silver";"tips carton";"https://astrogrowshop.cl/tips-ocb-virgin-und-ocb"
0.302;0;4.50;31035;7990;"Moledor Aluminio 4 Partes 40Mm Bt - Dorado";11039;2;35990;"Pulsar King Kut Moledor Eléctrico 40mm";"moledor 40mm";"https://astrogrowshop.cl/moledor-aluminio-4-partes-40mm-bt?variant=Dorado"
0.301;0;1.55;31540;3990;"Quemador Macho 18Mm - verde";10261;3;6200;"Calvo Glass Quemador Perlas - Macho 14mm";"quemador macho";"https://astrogrowshop.cl/quemador-macho-18mm?variant=verde"
0.301;0;1.55;31541;3990;"Quemador Macho 18Mm - azul";10261;3;6200;"Calvo Glass Quemador Perlas - Macho 14mm";"quemador macho";"https://astrogrowshop.cl/quemador-macho-18mm?variant=azul"
0.298;0;1.55;31548;3990;"Quemador Macho 18Mm - Morado";10261;3;6200;"Calvo Glass Quemador Perlas - Macho 14mm";"quemador macho";"https://astrogrowshop.cl/quemador-macho-18mm?variant=Morado"
0.295;0;1.55;31544;3990;"Quemador Macho 18Mm - Rosa";10261;3;6200;"Calvo Glass Quemador Perlas - Macho 14mm";"quemador macho";"https://astrogrowshop.cl/quemador-macho-18mm?variant=Rosa"
0.293;0;13.28;32123;3990;"Contenedor de Pyrex para Extractos 3 cm - Negro";10857;2;52990;"Yocan DYNO Nectar Collector Digital";"extractos negro";"https://astrogrowshop.cl/contenedor-de-pyrex-para-extractos-3-cm?variant=Negro"
0.289;0;1.55;31543;3990;"Quemador Macho 18Mm - AMBAR";10261;3;6200;"Calvo Glass Quemador Perlas - Macho 14mm";"quemador macho";"https://astrogrowshop.cl/quemador-macho-18mm?variant=AMBAR"
0.288;0;1.55;31546;3990;"Quemador Macho 18Mm - CLEAR";10261;3;6200;"Calvo Glass Quemador Perlas - Macho 14mm";"quemador macho";"https://astrogrowshop.cl/quemador-macho-18mm?variant=CLEAR"
0.288;0;4.38;79508;349990;"Puffco Peak Sapphire - Vaporizador E-Rig";10676;2;79990;"Hemper Space Fleet Puffco Peak Glass";"puffco peak";"https://astrogrowshop.cl/puffco-peak-sapphire-vaporizador-e-rig"
0.286;0;1.02;12332;490;"Tips Filtro De Carton Amarillo Unidad-Soulblime";5720;3;500;"Filtro de cartón OCB Virgin sin contaminantes";"filtro carton";"https://astrogrowshop.cl/tips-filtro-de-carton-amarillo-unidad-soulblime"
0.286;0;4.38;79509;349990;"Puffco Peak Zest - Vaporizador E-Rig";10676;2;79990;"Hemper Space Fleet Puffco Peak Glass";"puffco peak";"https://astrogrowshop.cl/puffco-peak-zest-vaporizador-e-rig"
0.286;0;0.00;31786;1000;"BLUNT HEMP WRAPS SABORES - SOULBLIME - FAVORITES";10996;2;0;"Shine 2 Blunt Wraps de Oro 24K";"blunt wraps";"https://astrogrowshop.cl/blunt-hemp-wraps-sabores-soulblime?variant=FAVORITES"
0.285;0;1.02;12333;490;"Tips Filtro De Carton Celeste Unidad-Soulblime";5720;3;500;"Filtro de cartón OCB Virgin sin contaminantes";"filtro carton";"https://astrogrowshop.cl/tips-filtro-de-carton-celeste-unidad-soulblime"
0.283;0;1.99;31786;1000;"BLUNT HEMP WRAPS SABORES - SOULBLIME - FAVORITES";10557;2;1990;"G-Rollz Blunt Pre-Rolled Hemp Wrap x2";"blunt hemp sabores";"https://astrogrowshop.cl/blunt-hemp-wraps-sabores-soulblime?variant=FAVORITES"
0.282;0;3.92;79508;349990;"Puffco Peak Sapphire - Vaporizador E-Rig";10504;2;89271;"Hemper Trippy Shroom Puffco Peak Glass";"puffco peak";"https://astrogrowshop.cl/puffco-peak-sapphire-vaporizador-e-rig"
0.281;0;1.14;31545;3990;"Quemador Macho 18Mm - Verde azulado";5751;3;3490;"Calvo Glass Quemador Pyrex - Macho 14mm";"quemador macho verde";"https://astrogrowshop.cl/quemador-macho-18mm?variant=Verde%20azulado"
0.280;0;4.50;31037;7990;"Moledor Aluminio 4 Partes 40Mm Bt - LIGHT BLACK";11039;2;35990;"Pulsar King Kut Moledor Eléctrico 40mm";"moledor 40mm";"https://astrogrowshop.cl/moledor-aluminio-4-partes-40mm-bt?variant=LIGHT%20BLACK"
0.280;0;3.92;79509;349990;"Puffco Peak Zest - Vaporizador E-Rig";10504;2;89271;"Hemper Trippy Shroom Puffco Peak Glass";"puffco peak";"https://astrogrowshop.cl/puffco-peak-zest-vaporizador-e-rig"
0.275;0;1.00;12255;990;"Mecha de Cañamo Orgánico y cera de avejas 1 Mt-Bonglab";10868;2;990;"RAW Organic Hemp 1 1/4";"canamo organico";"https://astrogrowshop.cl/mecha-organica-1-mt-bonglab"
0.273;0;10.59;12332;490;"Tips Filtro De Carton Amarillo Unidad-Soulblime";10346;2;5190;"Hemper Glass Tips 7mm";"tips filtro";"https://astrogrowshop.cl/tips-filtro-de-carton-amarillo-unidad-soulblime"
0.272;0;5.89;77109;8990;"Nectar Collector de Vidrio con Punta de Titanio 9 cm – Rosado";10857;2;52990;"Yocan DYNO Nectar Collector Digital";"nectar collector";"https://astrogrowshop.cl/nectar-collector-de-vidrio-con-punta-de-titanio-9-cm-rosado"
0.271;0;10.59;12333;490;"Tips Filtro De Carton Celeste Unidad-Soulblime";10346;2;5190;"Hemper Glass Tips 7mm";"tips filtro";"https://astrogrowshop.cl/tips-filtro-de-carton-celeste-unidad-soulblime"
0.271;0;1.99;31787;1000;"BLUNT HEMP WRAPS SABORES - SOULBLIME - SWEET VIBES";10557;2;1990;"G-Rollz Blunt Pre-Rolled Hemp Wrap x2";"blunt hemp sabores";"https://astrogrowshop.cl/blunt-hemp-wraps-sabores-soulblime?variant=SWEET%20VIBES"
0.269;0;0.00;31787;1000;"BLUNT HEMP WRAPS SABORES - SOULBLIME - SWEET VIBES";10996;2;0;"Shine 2 Blunt Wraps de Oro 24K";"blunt wraps";"https://astrogrowshop.cl/blunt-hemp-wraps-sabores-soulblime?variant=SWEET%20VIBES"
0.268;0;2.61;12631;6990;"Set Terp Balls Para Banger Slurper Ruby Eye";10313;2;18261;"Calvo Glass Banger Full Weld Thin Slurper - Macho 14mm";"banger slurper";"https://astrogrowshop.cl/set-terp-balls-para-banger-slurper-ruby-eye"
0.267;0;6.67;18172;499990;"Vaporizador Extractos New Proxy -Puffco";10867;2;74990;"Pulsar APX Volt V3";"vaporizador extractos";"https://astrogrowshop.cl/vaporizador-extractos-new-proxy-puffco"
0.267;0;1.57;56952;10990;"Bateria tipo A Brass Knuckle - Verde";11021;2;6990;"Brass Knuckles Batería 900mAh USB-C";"bateria tipo brass";"https://astrogrowshop.cl/bateria-brass-knuckle?variant=Verde"
0.267;0;4.40;77109;8990;"Nectar Collector de Vidrio con Punta de Titanio 9 cm – Rosado";10451;2;39591;"Hemper Vapor Station Bubbler + Nectar Collector";"nectar collector";"https://astrogrowshop.cl/nectar-collector-de-vidrio-con-punta-de-titanio-9-cm-rosado"
0.267;0;1.55;31545;3990;"Quemador Macho 18Mm - Verde azulado";10261;3;6200;"Calvo Glass Quemador Perlas - Macho 14mm";"quemador macho";"https://astrogrowshop.cl/quemador-macho-18mm?variant=Verde%20azulado"
0.265;0;1.55;3688;5590;"Moledor 3 Partes Gris- Amsterdam";5515;3;3600;"Moledor Metálico Lion Rolling Circus - 2 Partes";"moledor partes";"https://astrogrowshop.cl/moledor-3-partes-gris-amsterdam"
0.264;0;1.99;31788;1000;"BLUNT HEMP WRAPS SABORES - SOULBLIME - TROPICAL SUMMER";10557;2;1990;"G-Rollz Blunt Pre-Rolled Hemp Wrap x2";"blunt hemp sabores";"https://astrogrowshop.cl/blunt-hemp-wraps-sabores-soulblime?variant=TROPICAL%20SUMMER"
0.263;0;1.24;12167;4990;"ADAPTADOR MACHO A HEMBRA 14MM- Bonglab";10261;3;6200;"Calvo Glass Quemador Perlas - Macho 14mm";"macho 14mm";"https://astrogrowshop.cl/adaptador-macho-a-hembra-14mm-bonglab"
0.261;0;4.58;12519;3990;"Quemador Macho 14Mm";10313;2;18261;"Calvo Glass Banger Full Weld Thin Slurper - Macho 14mm";"macho 14mm";"https://astrogrowshop.cl/quemador-macho-14mm-1"
0.259;0;0.00;31788;1000;"BLUNT HEMP WRAPS SABORES - SOULBLIME - TROPICAL SUMMER";10996;2;0;"Shine 2 Blunt Wraps de Oro 24K";"blunt wraps";"https://astrogrowshop.cl/blunt-hemp-wraps-sabores-soulblime?variant=TROPICAL%20SUMMER"
0.259;0;1.50;31591;8990;"Glass Cleaner Brillo (30ml, 250ml, 500ml) -Bonglab - 500 ml";10245;1;5990;"Mr Pipe Cleaner 250 ML";"cleaner 250ml";"https://astrogrowshop.cl/glass-cleaner-brillo-bonglab?variant=500%20ml"
0.259;0;1.50;77487;8990;"Glass Cleaner Brillo (30ml, 250ml, 500ml) -Bonglab - 500 ML";10245;1;5990;"Mr Pipe Cleaner 250 ML";"cleaner 250ml";"https://astrogrowshop.cl/glass-cleaner-brillo-bonglab?variant=500%20ML"
0.259;0;8.52;4714;3990;"Moledor Contenedor Plastico Portatil";11040;2;33990;"Pulsar Moledor Contenedor Wax/Hierba 61mm";"moledor contenedor";"https://astrogrowshop.cl/moledor-contenedor-plastico-portatil"
0.258;0;2.52;32146;2490;"SMOKING FILTRO SLIM BROWN 120 UNI";5719;2;990;"Filtros Gizeh Slim Rojo con pegamento (120+30) 6mm";"filtro slim 120";"https://astrogrowshop.cl/smoking-filtro-slim-brown-120-uni"
0.258;0;2.41;748;1990;"Guantes Para Limpieza X3- Thievery";10252;3;4800;"Thievery Super Dab Cleaner 250ml";"limpieza thievery";"https://astrogrowshop.cl/guantes-para-limpieza-x3-thievery"
0.257;0;0.00;32770;34990;"Filtro Personal Pro II -Sploofy - Negro";10540;2;0;"Hemper Smoke Fiends Blaze The Cactus Filtro Personal";"filtro personal";"https://astrogrowshop.cl/filtro-personal-pro-ii-sploofy?variant=Negro"
0.257;0;1.57;56958;10990;"Bateria tipo A Brass Knuckle - WOOD";11021;2;6990;"Brass Knuckles Batería 900mAh USB-C";"bateria tipo brass";"https://astrogrowshop.cl/bateria-brass-knuckle?variant=WOOD"
0.256;0;5.00;2655;17990;"Moledor Aluminio 4 Partes 63Mm Bt";5515;3;3600;"Moledor Metálico Lion Rolling Circus - 2 Partes";"moledor partes";"https://astrogrowshop.cl/moledor-aluminio-4-partes-63mm-bt"
0.256;0;2.88;32909;215990;"Vaporizador para extractos Roam -G Pen - COOKIES";10867;2;74990;"Pulsar APX Volt V3";"vaporizador extractos";"https://astrogrowshop.cl/vaporizador-roam-g-pen?variant=COOKIES"
0.256;0;1.81;32791;1990;"ROLLED TIPS X25 - OCB";10053;3;1100;"RAW Connoisseur 1.1/4+ Tips de RAW para armar";"rolled tips";"https://astrogrowshop.cl/rolled-tips-x25-ocb"
0.255;0;0.00;78884;29990;"Filtro Personal Pro II -Sploofy - BLACK";10540;2;0;"Hemper Smoke Fiends Blaze The Cactus Filtro Personal";"filtro personal";"https://astrogrowshop.cl/filtro-personal-pro-ii-sploofy?variant=BLACK"
0.255;0;1.93;17142;2490;"Glass Cleaner Limpiador-Bonglab";10252;3;4800;"Thievery Super Dab Cleaner 250ml";"cleaner limpiador";"https://astrogrowshop.cl/glass-cleaner-limpiador-bonglab"
0.254;0;2.04;12635;152990;"Vaporizador para extractos Connect Cookies-G Pen";10867;2;74990;"Pulsar APX Volt V3";"vaporizador extractos";"https://astrogrowshop.cl/vaporizador-connect-cookies-g-pen"
0.252;0;10.91;12312;24990;"MECHA OVILLO CAÑAMO ORGÁNICO 100MT-BONGLAB";10356;2;2290;"OCB Rolls Cañamo Orgánico Slim";"canamo organico";"https://astrogrowshop.cl/mecha-ovillo-100mt-bonglab"
0.251;0;4.77;18043;1990;"Pipa Silicona Guitarra";5494;3;9500;"PMG Pipa Kazili 12cm";"pipa silicona";"https://astrogrowshop.cl/pipa-silicona-guitarra"
0.251;0;1.30;33168;1490;"TENNESIE Filtros Tennesie regular long";10286;2;1150;"Filtro Gizeh XXL Slim con Pegamento 6x23mm (100u)";"filtros long";"https://astrogrowshop.cl/tennesie-filtros-tennesie-regular-long"
0.250;0;1.78;2655;17990;"Moledor Aluminio 4 Partes 63Mm Bt";6567;3;10100;"Moledor Bulldog Ámsterdam Metálico Silver 4 Partes";"moledor partes";"https://astrogrowshop.cl/moledor-aluminio-4-partes-63mm-bt"
0.248;0;1.25;31546;3990;"Quemador Macho 18Mm - CLEAR";10322;3;4990;"Difusor Calvo Classic 18mm - 14mm - 10cm";"18mm clear";"https://astrogrowshop.cl/quemador-macho-18mm?variant=CLEAR"
0.247;0;3.33;2653;11990;"Moledor Aluminio 4 Partes 40Mm Bt";5515;3;3600;"Moledor Metálico Lion Rolling Circus - 2 Partes";"moledor partes";"https://astrogrowshop.cl/moledor-aluminio-4-partes-40mm-bt"
0.246;0;6.52;32428;2990;"Quemador Bong Cuerno Macho 14Mm - Amarillo";10223;2;19493;"Calvo Glass Bee Rig Lite 19cm";"bong amarillo";"https://astrogrowshop.cl/quemador-bong-cuerno-macho-14mm?variant=Amarillo"
0.246;0;9.44;18172;499990;"Vaporizador Extractos New Proxy -Puffco";10857;2;52990;"Yocan DYNO Nectar Collector Digital";"vaporizador extractos";"https://astrogrowshop.cl/vaporizador-extractos-new-proxy-puffco"
0.245;0;0.00;32771;29990;"Filtro Personal Pro II -Sploofy - AQUA";10540;2;0;"Hemper Smoke Fiends Blaze The Cactus Filtro Personal";"filtro personal";"https://astrogrowshop.cl/filtro-personal-pro-ii-sploofy?variant=AQUA"
0.245;0;2.25;2655;17990;"Moledor Aluminio 4 Partes 63Mm Bt";6471;2;7990;"Moledor Bulldog 40mm 1 piso";"moledor partes";"https://astrogrowshop.cl/moledor-aluminio-4-partes-63mm-bt"
0.243;0;3.61;31046;12990;"Moledor Aluminio 4 Partes 63Mm Bt - verde";5515;3;3600;"Moledor Metálico Lion Rolling Circus - 2 Partes";"moledor partes";"https://astrogrowshop.cl/moledor-aluminio-4-partes-63mm-bt?variant=verde"
0.243;0;8.52;31235;3990;"Moledor Contenedor Plastico Portatil - Negro";11040;2;33990;"Pulsar Moledor Contenedor Wax/Hierba 61mm";"moledor contenedor";"https://astrogrowshop.cl/moledor-contenedor-plastico-portatil?variant=Negro"
0.243;0;3.61;31047;12990;"Moledor Aluminio 4 Partes 63Mm Bt - azul";5515;3;3600;"Moledor Metálico Lion Rolling Circus - 2 Partes";"moledor partes";"https://astrogrowshop.cl/moledor-aluminio-4-partes-63mm-bt?variant=azul"
0.242;0;8.52;31237;3990;"Moledor Contenedor Plastico Portatil - verde";11040;2;33990;"Pulsar Moledor Contenedor Wax/Hierba 61mm";"moledor contenedor";"https://astrogrowshop.cl/moledor-contenedor-plastico-portatil?variant=verde"
0.242;0;1.88;2654;14990;"Moledor Aluminio 4 Partes 50MM Bt";6471;2;7990;"Moledor Bulldog 40mm 1 piso";"moledor partes";"https://astrogrowshop.cl/moledor-aluminio-4-partes-50mm-bt"
0.242;0;8.52;31238;3990;"Moledor Contenedor Plastico Portatil - azul";11040;2;33990;"Pulsar Moledor Contenedor Wax/Hierba 61mm";"moledor contenedor";"https://astrogrowshop.cl/moledor-contenedor-plastico-portatil?variant=azul"
0.242;0;6.88;31831;549990;"New Peak Pro (Color a elección)-Puffco - Dessert";10676;2;79990;"Hemper Space Fleet Puffco Peak Glass";"peak puffco";"https://astrogrowshop.cl/new-peak-pro-pearl-puffco?variant=Dessert"
0.241;0;3.61;31049;12990;"Moledor Aluminio 4 Partes 63Mm Bt - Morado";5515;3;3600;"Moledor Metálico Lion Rolling Circus - 2 Partes";"moledor partes";"https://astrogrowshop.cl/moledor-aluminio-4-partes-63mm-bt?variant=Morado"
0.240;0;1.58;99525;2840;"CENICERO ASH HOLDER GLOW IN THE DARK - GALAXY";10237;2;4490;"Zengaz Encendedor Soplete ZL-3 Love";"glow in dark";"https://astrogrowshop.cl/cenicero-ash-holder-glow-in-the-dark-galaxy-2"
0.240;0;1.58;90552;2840;"CENICERO ASH HOLDER GLOW IN THE DARK - GALAXY";10237;2;4490;"Zengaz Encendedor Soplete ZL-3 Love";"glow in dark";"https://astrogrowshop.cl/cenicero-ash-holder-glow-in-the-dark-galaxy-1"
0.240;0;3.61;31045;12990;"Moledor Aluminio 4 Partes 63Mm Bt - Rosa";5515;3;3600;"Moledor Metálico Lion Rolling Circus - 2 Partes";"moledor partes";"https://astrogrowshop.cl/moledor-aluminio-4-partes-63mm-bt?variant=Rosa"
0.239;0;8.52;31236;3990;"Moledor Contenedor Plastico Portatil - Rojo";11040;2;33990;"Pulsar Moledor Contenedor Wax/Hierba 61mm";"moledor contenedor";"https://astrogrowshop.cl/moledor-contenedor-plastico-portatil?variant=Rojo"
0.238;0;1.57;56952;10990;"Bateria tipo A Brass Knuckle - Verde";11022;2;6990;"Brass Knuckles Batería 900mAh con Pantalla";"bateria brass verde";"https://astrogrowshop.cl/bateria-brass-knuckle?variant=Verde"
0.238;0;1.29;31046;12990;"Moledor Aluminio 4 Partes 63Mm Bt - verde";6567;3;10100;"Moledor Bulldog Ámsterdam Metálico Silver 4 Partes";"moledor partes";"https://astrogrowshop.cl/moledor-aluminio-4-partes-63mm-bt?variant=verde"
0.237;0;1.29;31047;12990;"Moledor Aluminio 4 Partes 63Mm Bt - azul";6567;3;10100;"Moledor Bulldog Ámsterdam Metálico Silver 4 Partes";"moledor partes";"https://astrogrowshop.cl/moledor-aluminio-4-partes-63mm-bt?variant=azul"
0.237;0;6.16;31831;549990;"New Peak Pro (Color a elección)-Puffco - Dessert";10504;2;89271;"Hemper Trippy Shroom Puffco Peak Glass";"peak puffco";"https://astrogrowshop.cl/new-peak-pro-pearl-puffco?variant=Dessert"
0.236;0;2.22;77109;8990;"Nectar Collector de Vidrio con Punta de Titanio 9 cm – Rosado";10866;2;19990;"Pulsar Nectar Collector Cuarzo 25cm";"nectar collector";"https://astrogrowshop.cl/nectar-collector-de-vidrio-con-punta-de-titanio-9-cm-rosado"
0.236;0;4.08;32909;215990;"Vaporizador para extractos Roam -G Pen - COOKIES";10857;2;52990;"Yocan DYNO Nectar Collector Digital";"vaporizador extractos";"https://astrogrowshop.cl/vaporizador-roam-g-pen?variant=COOKIES"
0.236;0;1.29;31049;12990;"Moledor Aluminio 4 Partes 63Mm Bt - Morado";6567;3;10100;"Moledor Bulldog Ámsterdam Metálico Silver 4 Partes";"moledor partes";"https://astrogrowshop.cl/moledor-aluminio-4-partes-63mm-bt?variant=Morado"
0.235;0;1.57;56950;10990;"Bateria tipo A Brass Knuckle - Negro";11022;2;6990;"Brass Knuckles Batería 900mAh con Pantalla";"bateria brass negro";"https://astrogrowshop.cl/bateria-brass-knuckle?variant=Negro"
0.235;0;2.89;12635;152990;"Vaporizador para extractos Connect Cookies-G Pen";10857;2;52990;"Yocan DYNO Nectar Collector Digital";"vaporizador extractos";"https://astrogrowshop.cl/vaporizador-connect-cookies-g-pen"
0.235;0;3.61;31051;12990;"Moledor Aluminio 4 Partes 63Mm Bt - Dorado";5515;3;3600;"Moledor Metálico Lion Rolling Circus - 2 Partes";"moledor partes";"https://astrogrowshop.cl/moledor-aluminio-4-partes-63mm-bt?variant=Dorado"
0.235;0;2.22;31031;7990;"Moledor Aluminio 4 Partes 40Mm Bt - verde";5515;3;3600;"Moledor Metálico Lion Rolling Circus - 2 Partes";"moledor partes";"https://astrogrowshop.cl/moledor-aluminio-4-partes-40mm-bt?variant=verde"
0.234;0;1.29;31045;12990;"Moledor Aluminio 4 Partes 63Mm Bt - Rosa";6567;3;10100;"Moledor Bulldog Ámsterdam Metálico Silver 4 Partes";"moledor partes";"https://astrogrowshop.cl/moledor-aluminio-4-partes-63mm-bt?variant=Rosa"
0.234;0;2.22;31032;7990;"Moledor Aluminio 4 Partes 40Mm Bt - azul";5515;3;3600;"Moledor Metálico Lion Rolling Circus - 2 Partes";"moledor partes";"https://astrogrowshop.cl/moledor-aluminio-4-partes-40mm-bt?variant=azul"
0.233;0;1.63;31046;12990;"Moledor Aluminio 4 Partes 63Mm Bt - verde";6471;2;7990;"Moledor Bulldog 40mm 1 piso";"moledor partes";"https://astrogrowshop.cl/moledor-aluminio-4-partes-63mm-bt?variant=verde"
0.233;0;1.58;31464;2840;"CENICERO ASH HOLDER GLOW IN THE DARK - GALAXY - Rosa";10237;2;4490;"Zengaz Encendedor Soplete ZL-3 Love";"glow in dark";"https://astrogrowshop.cl/cenicero-ash-holder-glow-in-the-dark-galaxy?variant=Rosa"
0.233;0;1.63;31047;12990;"Moledor Aluminio 4 Partes 63Mm Bt - azul";6471;2;7990;"Moledor Bulldog 40mm 1 piso";"moledor partes";"https://astrogrowshop.cl/moledor-aluminio-4-partes-63mm-bt?variant=azul"
0.232;0;3.61;31050;12990;"Moledor Aluminio 4 Partes 63Mm Bt - Plata";5515;3;3600;"Moledor Metálico Lion Rolling Circus - 2 Partes";"moledor partes";"https://astrogrowshop.cl/moledor-aluminio-4-partes-63mm-bt?variant=Plata"
0.232;0;1.58;31467;2840;"CENICERO ASH HOLDER GLOW IN THE DARK - GALAXY - Amarillo";10237;2;4490;"Zengaz Encendedor Soplete ZL-3 Love";"glow in dark";"https://astrogrowshop.cl/cenicero-ash-holder-glow-in-the-dark-galaxy?variant=Amarillo"
0.231;0;2.22;31030;7990;"Moledor Aluminio 4 Partes 40Mm Bt - Rosa";5515;3;3600;"Moledor Metálico Lion Rolling Circus - 2 Partes";"moledor partes";"https://astrogrowshop.cl/moledor-aluminio-4-partes-40mm-bt?variant=Rosa"
0.231;0;1.25;31044;9990;"Moledor Aluminio 4 Partes 50MM Bt - Negro";6471;2;7990;"Moledor Bulldog 40mm 1 piso";"moledor partes";"https://astrogrowshop.cl/moledor-aluminio-4-partes-50mm-bt?variant=Negro"
0.231;0;1.63;31049;12990;"Moledor Aluminio 4 Partes 63Mm Bt - Morado";6471;2;7990;"Moledor Bulldog 40mm 1 piso";"moledor partes";"https://astrogrowshop.cl/moledor-aluminio-4-partes-63mm-bt?variant=Morado"
0.231;0;1.25;31039;9990;"Moledor Aluminio 4 Partes 50MM Bt - verde";6471;2;7990;"Moledor Bulldog 40mm 1 piso";"moledor partes";"https://astrogrowshop.cl/moledor-aluminio-4-partes-50mm-bt?variant=verde"
0.230;0;1.25;31040;9990;"Moledor Aluminio 4 Partes 50MM Bt - azul";6471;2;7990;"Moledor Bulldog 40mm 1 piso";"moledor partes";"https://astrogrowshop.cl/moledor-aluminio-4-partes-50mm-bt?variant=azul"
0.230;0;1.29;31051;12990;"Moledor Aluminio 4 Partes 63Mm Bt - Dorado";6567;3;10100;"Moledor Bulldog Ámsterdam Metálico Silver 4 Partes";"moledor partes";"https://astrogrowshop.cl/moledor-aluminio-4-partes-63mm-bt?variant=Dorado"
0.230;0;1.63;31045;12990;"Moledor Aluminio 4 Partes 63Mm Bt - Rosa";6471;2;7990;"Moledor Bulldog 40mm 1 piso";"moledor partes";"https://astrogrowshop.cl/moledor-aluminio-4-partes-63mm-bt?variant=Rosa"
0.229;0;2.31;12255;990;"Mecha de Cañamo Orgánico y cera de avejas 1 Mt-Bonglab";10356;2;2290;"OCB Rolls Cañamo Orgánico Slim";"canamo organico";"https://astrogrowshop.cl/mecha-organica-1-mt-bonglab"
0.229;0;1.25;11877;3990;"Difusor 14Mm-Bonglab";10322;3;4990;"Difusor Calvo Classic 18mm - 14mm - 10cm";"difusor 14mm";"https://astrogrowshop.cl/difusor-14mm-bonglab"
0.229;0;1.25;31038;9990;"Moledor Aluminio 4 Partes 50MM Bt - Morado";6471;2;7990;"Moledor Bulldog 40mm 1 piso";"moledor partes";"https://astrogrowshop.cl/moledor-aluminio-4-partes-50mm-bt?variant=Morado"
0.228;0;1.41;32770;34990;"Filtro Personal Pro II -Sploofy - Negro";10847;2;24831;"Hemper Smoke Fiends Catnip The Kitten Filtro Personal";"filtro personal";"https://astrogrowshop.cl/filtro-personal-pro-ii-sploofy?variant=Negro"
0.227;0;1.29;31050;12990;"Moledor Aluminio 4 Partes 63Mm Bt - Plata";6567;3;10100;"Moledor Bulldog Ámsterdam Metálico Silver 4 Partes";"moledor partes";"https://astrogrowshop.cl/moledor-aluminio-4-partes-63mm-bt?variant=Plata"
0.227;0;2.22;31035;7990;"Moledor Aluminio 4 Partes 40Mm Bt - Dorado";5515;3;3600;"Moledor Metálico Lion Rolling Circus - 2 Partes";"moledor partes";"https://astrogrowshop.cl/moledor-aluminio-4-partes-40mm-bt?variant=Dorado"
0.226;0;1.21;78884;29990;"Filtro Personal Pro II -Sploofy - BLACK";10847;2;24831;"Hemper Smoke Fiends Catnip The Kitten Filtro Personal";"filtro personal";"https://astrogrowshop.cl/filtro-personal-pro-ii-sploofy?variant=BLACK"
0.225;0;1.63;31051;12990;"Moledor Aluminio 4 Partes 63Mm Bt - Dorado";6471;2;7990;"Moledor Bulldog 40mm 1 piso";"moledor partes";"https://astrogrowshop.cl/moledor-aluminio-4-partes-63mm-bt?variant=Dorado"
0.224;0;4.58;12450;3990;"Quemador Bong Cuerno Macho 14Mm";10313;2;18261;"Calvo Glass Banger Full Weld Thin Slurper - Macho 14mm";"macho 14mm";"https://astrogrowshop.cl/quemador-bong-cuerno-macho-14mm"
0.223;0;1.63;31050;12990;"Moledor Aluminio 4 Partes 63Mm Bt - Plata";6471;2;7990;"Moledor Bulldog 40mm 1 piso";"moledor partes";"https://astrogrowshop.cl/moledor-aluminio-4-partes-63mm-bt?variant=Plata"
0.223;0;1.25;31041;9990;"Moledor Aluminio 4 Partes 50MM Bt - Dorado";6471;2;7990;"Moledor Bulldog 40mm 1 piso";"moledor partes";"https://astrogrowshop.cl/moledor-aluminio-4-partes-50mm-bt?variant=Dorado"
0.223;0;1.36;32661;71990;"Bandeja Extractos Madera Abedul-Blazy Susan - Negro";10857;2;52990;"Yocan DYNO Nectar Collector Digital";"extractos negro";"https://astrogrowshop.cl/bandeja-extractos-madera-abedul-blazy-susan?variant=Negro"
0.221;0;1.25;31042;9990;"Moledor Aluminio 4 Partes 50MM Bt - Plata";6471;2;7990;"Moledor Bulldog 40mm 1 piso";"moledor partes";"https://astrogrowshop.cl/moledor-aluminio-4-partes-50mm-bt?variant=Plata"
0.220;0;1.14;12577;3990;"Quemador Macho 18Mm";5751;3;3490;"Calvo Glass Quemador Pyrex - Macho 14mm";"quemador macho";"https://astrogrowshop.cl/quemador-macho-18mm"
0.220;0;2.04;18006;152990;"Vaporizador para extractos Connect Dr. Greenthumbs-G Pen";10867;2;74990;"Pulsar APX Volt V3";"vaporizador extractos";"https://astrogrowshop.cl/vaporizador-connect-dr-greenthumbs-g-pen"
0.219;0;3.66;12167;4990;"ADAPTADOR MACHO A HEMBRA 14MM- Bonglab";10313;2;18261;"Calvo Glass Banger Full Weld Thin Slurper - Macho 14mm";"macho 14mm";"https://astrogrowshop.cl/adaptador-macho-a-hembra-14mm-bonglab"
0.219;0;1.21;32771;29990;"Filtro Personal Pro II -Sploofy - AQUA";10847;2;24831;"Hemper Smoke Fiends Catnip The Kitten Filtro Personal";"filtro personal";"https://astrogrowshop.cl/filtro-personal-pro-ii-sploofy?variant=AQUA"
0.219;0;3.61;31052;12990;"Moledor Aluminio 4 Partes 63Mm Bt - LIGHT BLACK";5515;3;3600;"Moledor Metálico Lion Rolling Circus - 2 Partes";"moledor partes";"https://astrogrowshop.cl/moledor-aluminio-4-partes-63mm-bt?variant=LIGHT%20BLACK"
0.218;0;2.15;12380;8490;"Quemador Pyrex Abeja Macho 14Mm";10313;2;18261;"Calvo Glass Banger Full Weld Thin Slurper - Macho 14mm";"macho 14mm";"https://astrogrowshop.cl/quemador-pyrex-abeja-14mm"
0.215;0;1.10;31365;24990;"Collector Con Candado 22Cm Smell Proof Camo-Dime Bags - Verde";10374;2;22743;"Calvo Glass Bong Essential 22cm";"22cm verde";"https://astrogrowshop.cl/collector-con-candado-22cm-smell-proof-dime-bags?variant=Verde"
0.214;0;1.29;31052;12990;"Moledor Aluminio 4 Partes 63Mm Bt - LIGHT BLACK";6567;3;10100;"Moledor Bulldog Ámsterdam Metálico Silver 4 Partes";"moledor partes";"https://astrogrowshop.cl/moledor-aluminio-4-partes-63mm-bt?variant=LIGHT%20BLACK"
0.213;0;6.11;32427;2990;"Quemador Bong Cuerno Macho 14Mm - verde";10313;2;18261;"Calvo Glass Banger Full Weld Thin Slurper - Macho 14mm";"macho 14mm";"https://astrogrowshop.cl/quemador-bong-cuerno-macho-14mm?variant=verde"
0.212;0;2.22;31037;7990;"Moledor Aluminio 4 Partes 40Mm Bt - LIGHT BLACK";5515;3;3600;"Moledor Metálico Lion Rolling Circus - 2 Partes";"moledor partes";"https://astrogrowshop.cl/moledor-aluminio-4-partes-40mm-bt?variant=LIGHT%20BLACK"
0.211;0;1.14;12576;3990;"Quemador Hembra 14Mm";5751;3;3490;"Calvo Glass Quemador Pyrex - Macho 14mm";"quemador 14mm";"https://astrogrowshop.cl/quemador-hembra-14mm"
0.211;0;1.73;4714;3990;"Moledor Contenedor Plastico Portatil";6003;3;2300;"Moledor Tarjeta Soulblime portátil";"moledor portatil";"https://astrogrowshop.cl/moledor-contenedor-plastico-portatil"
0.211;0;4.02;12341;1490;"Bandeja Rolado Metalica 18X12Cm 420 2";10617;3;5990;"Bandeja Metálica RAW Silver | PIRANHA";"bandeja metalica";"https://astrogrowshop.cl/bandeja-rolado-metalica-18x12cm-420-2"
0.211;0;4.02;12409;1490;"Bandeja Rolado Metalica 18X12Cm 420";10617;3;5990;"Bandeja Metálica RAW Silver | PIRANHA";"bandeja metalica";"https://astrogrowshop.cl/bandeja-rolado-metalica-18x12cm-420"
0.211;0;4.58;32431;3990;"Quemador Bong Cuerno Macho 14Mm - Rojo";10313;2;18261;"Calvo Glass Banger Full Weld Thin Slurper - Macho 14mm";"macho 14mm";"https://astrogrowshop.cl/quemador-bong-cuerno-macho-14mm?variant=Rojo"
0.210;0;1.63;31052;12990;"Moledor Aluminio 4 Partes 63Mm Bt - LIGHT BLACK";6471;2;7990;"Moledor Bulldog 40mm 1 piso";"moledor partes";"https://astrogrowshop.cl/moledor-aluminio-4-partes-63mm-bt?variant=LIGHT%20BLACK"
0.210;0;2.00;12410;2990;"Bandeja Rolado Metalica 28X18Cm 420";10617;3;5990;"Bandeja Metálica RAW Silver | PIRANHA";"bandeja metalica";"https://astrogrowshop.cl/bandeja-rolado-metalica-28x18cm-420"
0.210;0;6.11;32432;2990;"Quemador Bong Cuerno Macho 14Mm - Rosa";10313;2;18261;"Calvo Glass Banger Full Weld Thin Slurper - Macho 14mm";"macho 14mm";"https://astrogrowshop.cl/quemador-bong-cuerno-macho-14mm?variant=Rosa"
0.210;0;2.47;12377;7990;"Pesa Gramera Blanca Con Bowl 5Kg";10789;3;19771;"Gramera Profesional Kasvi 300g/0,01g con Calibrador";"pesa gramera";"https://astrogrowshop.cl/pesa-gramera-blanca-con-bowl-5kg"
0.209;0;0.00;55742;4990;"Pipa de Silicona 10cms variedades - Yellow & blue";10629;1;0;"Bonglab Pipa Glycerin Frosty Bowl Blue - 16cm";"pipa blue";"https://astrogrowshop.cl/mgs-pipa-de-silicona-n1?variant=Yellow%20%26amp%3Bamp%3B%20blue"
0.209;0;1.14;31541;3990;"Quemador Macho 18Mm - azul";5751;3;3490;"Calvo Glass Quemador Pyrex - Macho 14mm";"quemador macho";"https://astrogrowshop.cl/quemador-macho-18mm?variant=azul"
0.208;0;1.25;31043;9990;"Moledor Aluminio 4 Partes 50MM Bt - LIGHT BLACK";6471;2;7990;"Moledor Bulldog 40mm 1 piso";"moledor partes";"https://astrogrowshop.cl/moledor-aluminio-4-partes-50mm-bt?variant=LIGHT%20BLACK"
0.208;0;3.13;12147;7490;"10 Boquillas Silicona Surtidas-Pmg";10347;2;2390;"Gizeh Filtro Carbón Activo Coconut 6mm";"10 boquillas";"https://astrogrowshop.cl/10-boquillas-silicona-surtidas-pmg"
0.207;0;6.11;32430;2990;"Quemador Bong Cuerno Macho 14Mm - Naranjo";10313;2;18261;"Calvo Glass Banger Full Weld Thin Slurper - Macho 14mm";"macho 14mm";"https://astrogrowshop.cl/quemador-bong-cuerno-macho-14mm?variant=Naranjo"
0.206;0;1.14;31544;3990;"Quemador Macho 18Mm - Rosa";5751;3;3490;"Calvo Glass Quemador Pyrex - Macho 14mm";"quemador macho";"https://astrogrowshop.cl/quemador-macho-18mm?variant=Rosa"
0.205;0;2.89;18006;152990;"Vaporizador para extractos Connect Dr. Greenthumbs-G Pen";10857;2;52990;"Yocan DYNO Nectar Collector Digital";"vaporizador extractos";"https://astrogrowshop.cl/vaporizador-connect-dr-greenthumbs-g-pen"
0.203;0;1.73;31235;3990;"Moledor Contenedor Plastico Portatil - Negro";6003;3;2300;"Moledor Tarjeta Soulblime portátil";"moledor portatil";"https://astrogrowshop.cl/moledor-contenedor-plastico-portatil?variant=Negro"
0.203;0;1.14;31543;3990;"Quemador Macho 18Mm - AMBAR";5751;3;3490;"Calvo Glass Quemador Pyrex - Macho 14mm";"quemador macho";"https://astrogrowshop.cl/quemador-macho-18mm?variant=AMBAR"
0.203;0;0.00;12225;60000;"CAN FILTER - FILTRO DE CARBON 5 425 M3H - CAJA ROTA";11046;2;0;"OCB Boquillas Filtro de Carbón Activado 50 uds.";"filtro carbon";"https://astrogrowshop.cl/can-filter-filtro-de-carbon-5-425-m3h"
0.203;0;1.73;31237;3990;"Moledor Contenedor Plastico Portatil - verde";6003;3;2300;"Moledor Tarjeta Soulblime portátil";"moledor portatil";"https://astrogrowshop.cl/moledor-contenedor-plastico-portatil?variant=verde"
0.203;0;1.14;31546;3990;"Quemador Macho 18Mm - CLEAR";5751;3;3490;"Calvo Glass Quemador Pyrex - Macho 14mm";"quemador macho";"https://astrogrowshop.cl/quemador-macho-18mm?variant=CLEAR"
0.203;0;1.73;31238;3990;"Moledor Contenedor Plastico Portatil - azul";6003;3;2300;"Moledor Tarjeta Soulblime portátil";"moledor portatil";"https://astrogrowshop.cl/moledor-contenedor-plastico-portatil?variant=azul"
0.201;0;1.87;31591;8990;"Glass Cleaner Brillo (30ml, 250ml, 500ml) -Bonglab - 500 ml";10252;3;4800;"Thievery Super Dab Cleaner 250ml";"cleaner 250ml";"https://astrogrowshop.cl/glass-cleaner-brillo-bonglab?variant=500%20ml"
0.201;0;1.87;77487;8990;"Glass Cleaner Brillo (30ml, 250ml, 500ml) -Bonglab - 500 ML";10252;3;4800;"Thievery Super Dab Cleaner 250ml";"cleaner 250ml";"https://astrogrowshop.cl/glass-cleaner-brillo-bonglab?variant=500%20ML"
0.201;0;1.73;31236;3990;"Moledor Contenedor Plastico Portatil - Rojo";6003;3;2300;"Moledor Tarjeta Soulblime portátil";"moledor portatil";"https://astrogrowshop.cl/moledor-contenedor-plastico-portatil?variant=Rojo"
0.201;0;4.22;18043;1990;"Pipa Silicona Guitarra";6771;2;8400;"Pipa silicona llavero de Piece Maker";"pipa silicona";"https://astrogrowshop.cl/pipa-silicona-guitarra"
0.200;0;4.96;77728;3990;"Pesa Gramera Electronic Kitchen Scale";10789;3;19771;"Gramera Profesional Kasvi 300g/0,01g con Calibrador";"pesa gramera";"https://astrogrowshop.cl/pesa-gramera-electronic-kitchen-scale"
0.198;0;1.83;56950;10990;"Bateria tipo A Brass Knuckle - Negro";11020;2;5990;"Brass Knuckles Batería 900mAh con Cargador USB";"bateria brass negro";"https://astrogrowshop.cl/bateria-brass-knuckle?variant=Negro"
0.197;0;1.14;32123;3990;"Contenedor de Pyrex para Extractos 3 cm - Negro";5751;3;3490;"Calvo Glass Quemador Pyrex - Macho 14mm";"pyrex negro";"https://astrogrowshop.cl/contenedor-de-pyrex-para-extractos-3-cm?variant=Negro"
0.193;0;1.90;55738;4990;"Pipa de Silicona 10cms variedades - Green & Red";5494;3;9500;"PMG Pipa Kazili 12cm";"pipa silicona";"https://astrogrowshop.cl/mgs-pipa-de-silicona-n1?variant=Green%20%26amp%3Bamp%3B%20Red"
0.192;0;2.60;11714;5990;"LIMPIADOR MOLEDOR - FORMULA SECRETA 420";6003;3;2300;"Moledor Tarjeta Soulblime portátil";"moledor 420";"https://astrogrowshop.cl/limpiador-moledor-formula-secreta-420"
0.192;0;3.02;12306;2990;"Filtro Slim Classic 180 Blue Regular-Smoking";5418;4;990;"Papelillos RAW Classic King Size Slim - Sabanas";"slim classic";"https://astrogrowshop.cl/filtro-slim-classic-180-blue-regular-smoking"
0.191;0;2.00;12289;2990;"Bandeja Rolado Metalica 28X18Cm Rick And Morty";10617;3;5990;"Bandeja Metálica RAW Silver | PIRANHA";"bandeja metalica";"https://astrogrowshop.cl/bandeja-rolado-metalica-28x18cm-rick-and-morty"
0.191;0;4.58;32429;3990;"Quemador Bong Cuerno Macho 14Mm - LIGHT BLUE";10313;2;18261;"Calvo Glass Banger Full Weld Thin Slurper - Macho 14mm";"macho 14mm";"https://astrogrowshop.cl/quemador-bong-cuerno-macho-14mm?variant=LIGHT%20BLUE"
0.190;0;1.90;55739;4990;"Pipa de Silicona 10cms variedades - Yellow & Green";5494;3;9500;"PMG Pipa Kazili 12cm";"pipa silicona";"https://astrogrowshop.cl/mgs-pipa-de-silicona-n1?variant=Yellow%20%26amp%3Bamp%3B%20Green"
0.190;0;1.43;12167;4990;"ADAPTADOR MACHO A HEMBRA 14MM- Bonglab";5751;3;3490;"Calvo Glass Quemador Pyrex - Macho 14mm";"macho 14mm";"https://astrogrowshop.cl/adaptador-macho-a-hembra-14mm-bonglab"
0.190;0;12.02;78726;71990;"Bandeja Extractos Madera Abedul-Blazy Susan - BLACK";10617;3;5990;"Bandeja Metálica RAW Silver | PIRANHA";"bandeja black";"https://astrogrowshop.cl/bandeja-extractos-madera-abedul-blazy-susan?variant=BLACK"
0.189;0;1.54;55742;4990;"Pipa de Silicona 10cms variedades - Yellow & blue";5491;3;7700;"PMG Pipa Karma 9 cm";"pipa silicona yellow blue";"https://astrogrowshop.cl/mgs-pipa-de-silicona-n1?variant=Yellow%20%26amp%3Bamp%3B%20blue"
0.189;0;1.90;55742;4990;"Pipa de Silicona 10cms variedades - Yellow & blue";5494;3;9500;"PMG Pipa Kazili 12cm";"pipa silicona";"https://astrogrowshop.cl/mgs-pipa-de-silicona-n1?variant=Yellow%20%26amp%3Bamp%3B%20blue"
0.188;0;2.12;31366;24990;"Collector Con Candado 22Cm Smell Proof Camo-Dime Bags - Negro";10857;2;52990;"Yocan DYNO Nectar Collector Digital";"collector negro";"https://astrogrowshop.cl/collector-con-candado-22cm-smell-proof-dime-bags?variant=Negro"
0.187;0;13.16;12465;18990;"Vaporizador Onyx 24.000 35Mh-Inflave";10864;2;249990;"PAX Plus Complete Kit";"vaporizador onyx";"https://astrogrowshop.cl/vaporizador-onyx-24000-35mh-inflave"
0.187;0;4.74;77811;1790;"Conos 1 1/4 1UD-Soulblime - PINK";10195;2;8490;"Conos PreEnrolados G-Rollz King Size Pink Banksy (20u)";"conos pink";"https://astrogrowshop.cl/conos-1-14-unidad-soulblime?variant=PINK"
0.186;0;1.60;77217;30990;"Collector Con Candado 30Cm Smell Proof Camo-Dime Bags - BLACK";10408;3;49500;"BongLab Bong K99 Octopus 30cm";"30cm black";"https://astrogrowshop.cl/collector-con-candado-30cm-smell-proof-dime-bags?variant=BLACK"
0.185;0;1.54;55739;4990;"Pipa de Silicona 10cms variedades - Yellow & Green";5491;3;7700;"PMG Pipa Karma 9 cm";"pipa silicona yellow green";"https://astrogrowshop.cl/mgs-pipa-de-silicona-n1?variant=Yellow%20%26amp%3Bamp%3B%20Green"
0.184;0;13.85;18074;2990;"Encendedor Classic Rubber Variedades";5730;2;41400;"Encendedor ZIPPO – Classic High Polish Teal | Grow Barato Chile";"encendedor classic";"https://astrogrowshop.cl/encendedor-classic-rubber-variedades"
0.183;0;1.73;770;8990;"Boquilla De Vidrio Bocal Colors 6Cm 1Un-Strabe Glass";10346;2;5190;"Hemper Glass Tips 7mm";"vidrio glass";"https://astrogrowshop.cl/boquilla-de-vidrio-bocal-colors-6cm-1un-strabe-glass"
0.183;0;1.90;55741;4990;"Pipa de Silicona 10cms variedades - Skyblue & Green";5494;3;9500;"PMG Pipa Kazili 12cm";"pipa silicona";"https://astrogrowshop.cl/mgs-pipa-de-silicona-n1?variant=Skyblue%20%26amp%3Bamp%3B%20Green"
0.182;0;1.29;731;4490;"ADAPTADOR PYREX HEMBRA A MACHO 18MM- Bonglab";5751;3;3490;"Calvo Glass Quemador Pyrex - Macho 14mm";"pyrex macho";"https://astrogrowshop.cl/adaptador-pyrex-hembra-a-macho-18mm-bonglab"
0.180;0;1.90;55737;4990;"Pipa de Silicona 10cms variedades - Skyblue & Red";5494;3;9500;"PMG Pipa Kazili 12cm";"pipa silicona";"https://astrogrowshop.cl/mgs-pipa-de-silicona-n1?variant=Skyblue%20%26amp%3Bamp%3B%20Red"
0.179;0;4.02;12288;1490;"Bandeja Rolado Metalica 18X12.5Cm Rick And Morty";10617;3;5990;"Bandeja Metálica RAW Silver | PIRANHA";"bandeja metalica";"https://astrogrowshop.cl/bandeja-rolado-metalica-18x125cm-rick-and-morty"
0.178;0;1.90;55740;4990;"Pipa de Silicona 10cms variedades - Yellow & Skyblue";5494;3;9500;"PMG Pipa Kazili 12cm";"pipa silicona";"https://astrogrowshop.cl/mgs-pipa-de-silicona-n1?variant=Yellow%20%26amp%3Bamp%3B%20Skyblue"
0.177;0;1.72;12377;7990;"Pesa Gramera Blanca Con Bowl 5Kg";10831;3;13751;"Gramera Digital Profesional Kasvi N95 500g/0,01g";"pesa gramera";"https://astrogrowshop.cl/pesa-gramera-blanca-con-bowl-5kg"
0.177;0;1.58;770;8990;"Boquilla De Vidrio Bocal Colors 6Cm 1Un-Strabe Glass";10611;1;14241;"Repuesto de Vidrio Vaporizador Yocan Falcon Glass Attachment | PIRANHA";"vidrio glass";"https://astrogrowshop.cl/boquilla-de-vidrio-bocal-colors-6cm-1un-strabe-glass"
0.174;0;1.54;55738;4990;"Pipa de Silicona 10cms variedades - Green & Red";5491;3;7700;"PMG Pipa Karma 9 cm";"pipa silicona green red";"https://astrogrowshop.cl/mgs-pipa-de-silicona-n1?variant=Green%20%26amp%3Bamp%3B%20Red"
0.173;0;1.93;32146;2490;"SMOKING FILTRO SLIM BROWN 120 UNI";10417;2;1290;"Filtros Gizeh Slim Menthol 6mm 120u";"filtro slim";"https://astrogrowshop.cl/smoking-filtro-slim-brown-120-uni"
0.173;0;1.57;56953;10990;"Bateria tipo A Brass Knuckle - Morado";11022;2;6990;"Brass Knuckles Batería 900mAh con Pantalla";"bateria brass";"https://astrogrowshop.cl/bateria-brass-knuckle?variant=Morado"
0.170;0;3.45;77728;3990;"Pesa Gramera Electronic Kitchen Scale";10831;3;13751;"Gramera Digital Profesional Kasvi N95 500g/0,01g";"pesa gramera";"https://astrogrowshop.cl/pesa-gramera-electronic-kitchen-scale"
0.170;0;13.16;32454;18990;"Vaporizador Onyx 24.000 35Mh-Inflave - MARMELAND";10864;2;249990;"PAX Plus Complete Kit";"vaporizador onyx";"https://astrogrowshop.cl/vaporizador-onyx-24000-35mh-inflave?variant=MARMELAND"
0.170;0;2.32;12306;2990;"Filtro Slim Classic 180 Blue Regular-Smoking";10417;2;1290;"Filtros Gizeh Slim Menthol 6mm 120u";"filtro slim";"https://astrogrowshop.cl/filtro-slim-classic-180-blue-regular-smoking"
0.167;0;1.80;770;8990;"Boquilla De Vidrio Bocal Colors 6Cm 1Un-Strabe Glass";10386;2;4990;"Hemper Glass Tips 10mm 5u";"vidrio glass";"https://astrogrowshop.cl/boquilla-de-vidrio-bocal-colors-6cm-1un-strabe-glass"
0.166;0;1.57;56958;10990;"Bateria tipo A Brass Knuckle - WOOD";11022;2;6990;"Brass Knuckles Batería 900mAh con Pantalla";"bateria brass";"https://astrogrowshop.cl/bateria-brass-knuckle?variant=WOOD"
0.164;0;2.17;32146;2490;"SMOKING FILTRO SLIM BROWN 120 UNI";10286;2;1150;"Filtro Gizeh XXL Slim con Pegamento 6x23mm (100u)";"filtro slim";"https://astrogrowshop.cl/smoking-filtro-slim-brown-120-uni"
0.163;0;4.02;766;1490;"Bandeja Rolado Metalica 18X12.5Cm Rick And Morty Homer";10617;3;5990;"Bandeja Metálica RAW Silver | PIRANHA";"bandeja metalica";"https://astrogrowshop.cl/bandeja-rolado-metalica-18x125cm-rick-and-morty-homer"
0.163;0;1.40;78137;6990;"Difusor Logo Magenta 14Mm -Bonglab (14Cm/12Cm) - 14 CM";10322;3;4990;"Difusor Calvo Classic 18mm - 14mm - 10cm";"difusor 14mm";"https://astrogrowshop.cl/difusor-logo-magenta-14mm-bonglab?variant=14%20CM"
0.162;0;13.16;32456;18990;"Vaporizador Onyx 24.000 35Mh-Inflave - PINEAPPLE CHERRY";10864;2;249990;"PAX Plus Complete Kit";"vaporizador onyx";"https://astrogrowshop.cl/vaporizador-onyx-24000-35mh-inflave?variant=PINEAPPLE%20CHERRY"
0.162;0;1.68;55738;4990;"Pipa de Silicona 10cms variedades - Green & Red";6771;2;8400;"Pipa silicona llavero de Piece Maker";"pipa silicona";"https://astrogrowshop.cl/mgs-pipa-de-silicona-n1?variant=Green%20%26amp%3Bamp%3B%20Red"
0.161;0;2.60;12306;2990;"Filtro Slim Classic 180 Blue Regular-Smoking";10286;2;1150;"Filtro Gizeh XXL Slim con Pegamento 6x23mm (100u)";"filtro slim";"https://astrogrowshop.cl/filtro-slim-classic-180-blue-regular-smoking"