score;mismaMarca;ratio;offerId;offerPrice;offerTitle;productId;tiendasProducto;precioMinProducto;productName;tokensComunes;offerUrl
0.804;1;1.17;19789;54990;"Ozeta Techbag - Anti Olor";10547;2;46990;"Ozeta Techbag Anti-Olor";"ozeta techbag anti olor";"https://fumetas.cl/ozeta-techbag-anti-olor"
0.797;1;1.00;20226;6990;"Storz & Bickel Juego de Mallas Finas Solid Valve";10372;2;6990;"Storz & Bickel Solid Valve Juego de Mallas Normales";"storz bickel juego mallas solid valve";"https://fumetas.cl/juego-de-mallas-finas-solid-valve"
0.769;1;1.58;12988;119990;"Focus V Atomizador Intelli-Core Max";10643;2;75991;"Atomizador Intelli-Core para Extractos con Bubbler Cap | PIRANHA";"focus atomizador intelli core max";"https://fumetas.cl/focus-v-atomizador-intelli-core-max"
0.693;1;1.05;34318;11490;"Galaxy Batería Cartridge 510 - Blanco";10638;2;10990;"Bateria Galaxy 510";"galaxy bateria cartridge 510 blanco";"https://fumetas.cl/galaxy-bateria-cartridge-18v?variant=Blanco"
0.678;1;1.07;19387;44990;"Encendedor Zippo Classic High Polish Purple";10737;2;41990;"Encendedor Zippo Classic High Polish Green";"encendedor zippo classic high polish";"https://fumetas.cl/encendedor-zippo-classic-high-polish-purple"
0.676;1;5.07;19930;75990;"Juego de Piezas de Desgastes Volcano Storz & Bickel";10385;2;14990;"Storz & Bickel Volcano Hybrid Juego de Piezas de Desgaste";"juego piezas volcano storz bickel";"https://fumetas.cl/juego-de-piezas-de-desgastes-volcano"
0.664;1;1.05;34319;11490;"Galaxy Batería Cartridge 510 - Azul";10638;2;10990;"Bateria Galaxy 510";"galaxy bateria cartridge 510 azul";"https://fumetas.cl/galaxy-bateria-cartridge-18v?variant=Azul"
0.623;1;2.51;20226;6990;"Storz & Bickel Juego de Mallas Finas Solid Valve";10398;2;17544;"Storz & Bickel Boquilla Solid Valve";"storz bickel solid valve";"https://fumetas.cl/juego-de-mallas-finas-solid-valve"
0.609;1;1.13;19393;8990;"HighTrip Pin Trascendence";10682;2;7990;"Hightrip Pin Joint";"hightrip pin";"https://fumetas.cl/hightrip-pin-transcendence-1"
0.609;1;1.01;20223;8091;"HighTrip Pin Highfries";10682;2;7990;"Hightrip Pin Joint";"hightrip pin";"https://fumetas.cl/hightrip-pin-highfries"
0.587;1;1.13;20224;8991;"HighTrip Pin Cenicero 420";10682;2;7990;"Hightrip Pin Joint";"hightrip pin";"https://fumetas.cl/hightrip-pin-transcendence"
0.581;1;1.05;12989;11490;"Galaxy Batería Cartridge 510";10638;2;10990;"Bateria Galaxy 510";"galaxy bateria cartridge 510";"https://fumetas.cl/galaxy-bateria-cartridge-18v"
0.570;1;1.11;19393;8990;"HighTrip Pin Trascendence";10683;2;8091;"Hightrip Pin CrossJoint";"hightrip pin";"https://fumetas.cl/hightrip-pin-transcendence-1"
0.570;1;1.00;20223;8091;"HighTrip Pin Highfries";10683;2;8091;"Hightrip Pin CrossJoint";"hightrip pin";"https://fumetas.cl/hightrip-pin-highfries"
0.551;1;1.11;20224;8991;"HighTrip Pin Cenicero 420";10683;2;8091;"Hightrip Pin CrossJoint";"hightrip pin";"https://fumetas.cl/hightrip-pin-transcendence"
0.549;1;1.67;1204;3490;"Blazy Susan Blunt King Size Cono Natural Wraps x2 - Tea Leaf";10350;2;2094;"Blazy Susan Tea Leaf Cones King Size";"blazy susan king size tea leaf";"https://fumetas.cl/blazy-susan-blunt-king-size-cono-natural-wraps-x2-tea-leaf"
0.549;1;1.05;34317;11490;"Galaxy Batería Cartridge 510 - Negro";10638;2;10990;"Bateria Galaxy 510";"galaxy bateria cartridge 510";"https://fumetas.cl/galaxy-bateria-cartridge-18v?variant=Negro"
0.547;1;0.00;37815;269990;"Vaporizador Puffco Peak 2024 - Negro";11033;2;0;"Puffco Peak";"vaporizador puffco peak";"https://fumetas.cl/puffco-peak-vaporizador-extractos?variant=Negro"
0.545;1;0.00;37819;269990;"Vaporizador Puffco Peak 2024 - Verde";11033;2;0;"Puffco Peak";"vaporizador puffco peak";"https://fumetas.cl/puffco-peak-vaporizador-extractos?variant=Verde"
0.536;1;5.55;19537;5990;"Storz & Bickel Volcano Balloon Tube";10361;2;33241;"Storz & Bickel Volcano Hybrid Tube Kit";"storz bickel volcano tube";"https://fumetas.cl/storz-bickel-volcano-balloon-tube"
0.515;1;1.10;19741;33990;"Encendedor Zippo Filigree Design";10364;2;30990;"Zippo Flame Design Colorblock";"encendedor zippo design";"https://fumetas.cl/encendedor-zippo-filigree-design"
0.512;1;1.75;20226;6990;"Storz & Bickel Juego de Mallas Finas Solid Valve";10854;2;3990;"Storz & Bickel Solid Valve Juego de Pieza Labial 3u";"storz bickel juego solid valve";"https://fumetas.cl/juego-de-mallas-finas-solid-valve"
0.488;1;1.13;19393;8990;"HighTrip Pin Trascendence";10592;2;7990;"Hightrip Pin Cannabis Libre";"hightrip pin";"https://fumetas.cl/hightrip-pin-transcendence-1"
0.488;1;1.01;20223;8091;"HighTrip Pin Highfries";10592;2;7990;"Hightrip Pin Cannabis Libre";"hightrip pin";"https://fumetas.cl/hightrip-pin-highfries"
0.486;1;7.61;19930;75990;"Juego de Piezas de Desgastes Volcano Storz & Bickel";10420;2;9990;"Storz & Bickel Juego de Mallas Normales Plenty 6u";"juego volcano storz bickel";"https://fumetas.cl/juego-de-piezas-de-desgastes-volcano"
0.483;1;3.07;37077;4990;"Pins BongLab - Pin Prisma";10108;2;15300;"Bonglab Prisma";"bonglab prisma";"https://fumetas.cl/pins-bonglab?variant=Pin%20Prisma"
0.474;1;1.13;20224;8991;"HighTrip Pin Cenicero 420";10592;2;7990;"Hightrip Pin Cannabis Libre";"hightrip pin";"https://fumetas.cl/hightrip-pin-transcendence"
0.467;1;1.90;19930;75990;"Juego de Piezas de Desgastes Volcano Storz & Bickel";10275;3;39990;"Juego De Piezas Desgaste Mighty-Storz & Bickel";"juego piezas storz bickel";"https://fumetas.cl/juego-de-piezas-de-desgastes-volcano"
0.456;1;2.09;33677;31990;"Moledor Galaxy Aluminio 73 mm - Oro rosa";5507;2;15291;"Grinder Galaxy Aluminio 55mm";"moledor galaxy aluminio oro rosa";"https://fumetas.cl/moledor-galaxy-73-mm-aluminio?variant=Oro%20rosa"
0.453;1;2.54;33677;31990;"Moledor Galaxy Aluminio 73 mm - Oro rosa";5512;2;12591;"Grinder Galaxy Aluminio 38mm";"moledor galaxy aluminio oro rosa";"https://fumetas.cl/moledor-galaxy-73-mm-aluminio?variant=Oro%20rosa"
0.441;1;1.83;19537;5990;"Storz & Bickel Volcano Balloon Tube";10358;2;10990;"Storz & Bickel Volcano Hybrid Set Boquillas 4U";"storz bickel volcano";"https://fumetas.cl/storz-bickel-volcano-balloon-tube"
0.435;1;1.27;34291;36990;"Ozeta Estuche grande - Anti-olor - Rosado";10547;2;46990;"Ozeta Techbag Anti-Olor";"ozeta anti olor";"https://fumetas.cl/ozeta-estuche-grande?variant=Rosado"
0.434;1;1.62;34299;28990;"Ozeta Estuche pequeño - Anti-olor - Morado";10547;2;46990;"Ozeta Techbag Anti-Olor";"ozeta anti olor";"https://fumetas.cl/ozeta-estuche-pequeno?variant=Morado"
0.432;1;2.15;33842;29990;"Bonglab Bong Jelly Drop 20cm - Azul";5776;2;64591;"Jelly Fish-Bonglab";"bonglab bong jelly";"https://fumetas.cl/bonglab-bong-jelly-drop-20cm-diferentes-colores?variant=Azul"
0.431;1;1.42;34296;32990;"Ozeta Estuche mediano - Anti-olor - Rosado";10547;2;46990;"Ozeta Techbag Anti-Olor";"ozeta anti olor";"https://fumetas.cl/ozeta-estuche-mediano?variant=Rosado"
0.429;1;1.62;34300;28990;"Ozeta Estuche pequeño - Anti-olor - Rosado";10547;2;46990;"Ozeta Techbag Anti-Olor";"ozeta anti olor";"https://fumetas.cl/ozeta-estuche-pequeno?variant=Rosado"
0.428;1;2.15;33841;29990;"Bonglab Bong Jelly Drop 20cm - Morado";5776;2;64591;"Jelly Fish-Bonglab";"bonglab bong jelly";"https://fumetas.cl/bonglab-bong-jelly-drop-20cm-diferentes-colores?variant=Morado"
0.424;1;2.15;33844;29990;"Bonglab Bong Jelly Drop 20cm - Rosado";5776;2;64591;"Jelly Fish-Bonglab";"bonglab bong jelly";"https://fumetas.cl/bonglab-bong-jelly-drop-20cm-diferentes-colores?variant=Rosado"
0.413;1;1.27;34292;36990;"Ozeta Estuche grande - Anti-olor - Cian";10547;2;46990;"Ozeta Techbag Anti-Olor";"ozeta anti olor";"https://fumetas.cl/ozeta-estuche-grande?variant=Cian"
0.409;1;1.42;34297;32990;"Ozeta Estuche mediano - Anti-olor - Cian";10547;2;46990;"Ozeta Techbag Anti-Olor";"ozeta anti olor";"https://fumetas.cl/ozeta-estuche-mediano?variant=Cian"
0.406;1;1.99;34444;3490;"Calvo Glass Quemador Pyrex - Macho 14mm - Azul";10375;2;6951;"Calvo Glass Difusor Premium 14mm";"calvo glass 14mm azul";"https://fumetas.cl/calvo-glass-quemador-pyrex-macho-14mm?variant=Azul"
0.405;1;1.31;19914;35990;"Encendedor Zippo Merlot";10426;2;46990;"Encendedor Zippo Santa Cruz";"encendedor zippo";"https://fumetas.cl/encendedor-zippo-merlot"
0.395;1;1.00;36232;1000;"Blunt Soulblime Hemp Wrap x2 - Menta";11018;2;1000;"Soulblime Blunt Hemp Wraps Chocomint";"blunt soulblime hemp";"https://fumetas.cl/blunt-soulblime-hemp-wrap?variant=Menta"
0.394;1;1.00;36222;1000;"Blunt Soulblime Hemp Wrap x2 - Chocolate";11018;2;1000;"Soulblime Blunt Hemp Wraps Chocomint";"blunt soulblime hemp";"https://fumetas.cl/blunt-soulblime-hemp-wrap?variant=Chocolate"
0.393;1;2.50;19537;5990;"Storz & Bickel Volcano Balloon Tube";10385;2;14990;"Storz & Bickel Volcano Hybrid Juego de Piezas de Desgaste";"storz bickel volcano";"https://fumetas.cl/storz-bickel-volcano-balloon-tube"
0.391;1;1.00;36228;1000;"Blunt Soulblime Hemp Wrap x2 - Sandia";11018;2;1000;"Soulblime Blunt Hemp Wraps Chocomint";"blunt soulblime hemp";"https://fumetas.cl/blunt-soulblime-hemp-wrap?variant=Sandia"
0.390;1;1.00;36227;1000;"Blunt Soulblime Hemp Wrap x2 - Piña";11018;2;1000;"Soulblime Blunt Hemp Wraps Chocomint";"blunt soulblime hemp";"https://fumetas.cl/blunt-soulblime-hemp-wrap?variant=Pi%C3%B1a"
0.389;1;1.00;36230;1000;"Blunt Soulblime Hemp Wrap x2 - Vainilla";11018;2;1000;"Soulblime Blunt Hemp Wraps Chocomint";"blunt soulblime hemp";"https://fumetas.cl/blunt-soulblime-hemp-wrap?variant=Vainilla"
0.389;1;1.00;36235;1000;"Blunt Soulblime Hemp Wrap x2 - Sweet";11018;2;1000;"Soulblime Blunt Hemp Wraps Chocomint";"blunt soulblime hemp";"https://fumetas.cl/blunt-soulblime-hemp-wrap?variant=Sweet"
0.389;1;1.00;36218;1000;"Blunt Soulblime Hemp Wrap x2 - Arándano";11018;2;1000;"Soulblime Blunt Hemp Wraps Chocomint";"blunt soulblime hemp";"https://fumetas.cl/blunt-soulblime-hemp-wrap?variant=Ar%C3%A1ndano"
0.387;1;1.00;36225;1000;"Blunt Soulblime Hemp Wrap x2 - Frutilla";11018;2;1000;"Soulblime Blunt Hemp Wraps Chocomint";"blunt soulblime hemp";"https://fumetas.cl/blunt-soulblime-hemp-wrap?variant=Frutilla"
0.384;1;1.00;36223;1000;"Blunt Soulblime Hemp Wrap x2 - Cítrico";11018;2;1000;"Soulblime Blunt Hemp Wraps Chocomint";"blunt soulblime hemp";"https://fumetas.cl/blunt-soulblime-hemp-wrap?variant=C%C3%ADtrico"
0.383;1;2.05;1204;3490;"Blazy Susan Blunt King Size Cono Natural Wraps x2 - Tea Leaf";10282;3;1700;"Papelillo King Size Slim Blazy Susan Deluxe Kit Unbleached | PIRANHA";"blazy susan king size natural";"https://fumetas.cl/blazy-susan-blunt-king-size-cono-natural-wraps-x2-tea-leaf"
0.382;1;4.53;36436;109990;"Focus V Aeris Bubbler - Negro";11038;2;24291;"Focus V Boquilla Swivel para Carta 2, Carta Sport y Aeris";"focus aeris";"https://fumetas.cl/focus-v-aeris-bubbler?variant=Negro"
0.382;1;1.00;36221;1000;"Blunt Soulblime Hemp Wrap x2 - Chicle";11018;2;1000;"Soulblime Blunt Hemp Wraps Chocomint";"blunt soulblime hemp";"https://fumetas.cl/blunt-soulblime-hemp-wrap?variant=Chicle"
0.380;1;2.09;33678;31990;"Moledor Galaxy Aluminio 73 mm - Dorado";5507;2;15291;"Grinder Galaxy Aluminio 55mm";"moledor galaxy aluminio dorado";"https://fumetas.cl/moledor-galaxy-73-mm-aluminio?variant=Dorado"
0.380;1;1.13;33555;20990;"Moledor Galaxy Aluminio 63mm - Gris";10126;3;23800;"Moledor Galaxy de 4 partes y con tamizador";"moledor galaxy aluminio gris";"https://fumetas.cl/moledor-galaxy-aluminio-63mm?variant=Gris"
0.379;1;1.66;19354;2490;"Vibes Cubano Cono Pre-enrolado King Size 8";10685;2;1500;"Papelillos Vibes Rice King Size Slim";"vibes king size";"https://fumetas.cl/vibes-cubano-cono-king-size"
0.379;1;1.00;36224;1000;"Blunt Soulblime Hemp Wrap x2 - Durazno";11018;2;1000;"Soulblime Blunt Hemp Wraps Chocomint";"blunt soulblime hemp";"https://fumetas.cl/blunt-soulblime-hemp-wrap?variant=Durazno"
0.378;1;2.54;33678;31990;"Moledor Galaxy Aluminio 73 mm - Dorado";5512;2;12591;"Grinder Galaxy Aluminio 38mm";"moledor galaxy aluminio dorado";"https://fumetas.cl/moledor-galaxy-73-mm-aluminio?variant=Dorado"
0.368;1;1.35;33930;30990;"Bonglab Bong Handy Rig 14cm - Azul";10461;2;41990;"Bonglab Cobra Rig Kit Extractos";"bonglab bong rig";"https://fumetas.cl/bonglab-bong-handy-rig-14cm?variant=Azul"
0.366;1;1.34;33678;31990;"Moledor Galaxy Aluminio 73 mm - Dorado";10126;3;23800;"Moledor Galaxy de 4 partes y con tamizador";"moledor galaxy aluminio dorado";"https://fumetas.cl/moledor-galaxy-73-mm-aluminio?variant=Dorado"
0.361;1;1.15;49935;28990;"Storz & Bickel Unidad de Enfriamiento Veazy - Rosado";10361;2;33241;"Storz & Bickel Volcano Hybrid Tube Kit";"storz bickel unidad";"https://fumetas.cl/storz-bickel-unidad-de-enfriamiento-veazy?variant=Rosado"
0.360;1;1.35;33928;30990;"Bonglab Bong Handy Rig 14cm - Rosado";10461;2;41990;"Bonglab Cobra Rig Kit Extractos";"bonglab bong rig";"https://fumetas.cl/bonglab-bong-handy-rig-14cm?variant=Rosado"
0.358;1;1.15;49934;28990;"Storz & Bickel Unidad de Enfriamiento Veazy - Celeste";10361;2;33241;"Storz & Bickel Volcano Hybrid Tube Kit";"storz bickel unidad";"https://fumetas.cl/storz-bickel-unidad-de-enfriamiento-veazy?variant=Celeste"
0.358;1;1.37;33552;20990;"Moledor Galaxy Aluminio 63mm - Morado";5507;2;15291;"Grinder Galaxy Aluminio 55mm";"moledor galaxy aluminio morado";"https://fumetas.cl/moledor-galaxy-aluminio-63mm?variant=Morado"
0.357;1;1.15;49936;28990;"Storz & Bickel Unidad de Enfriamiento Veazy - Naranjo";10361;2;33241;"Storz & Bickel Volcano Hybrid Tube Kit";"storz bickel unidad";"https://fumetas.cl/storz-bickel-unidad-de-enfriamiento-veazy?variant=Naranjo"
0.356;1;3.53;1204;3490;"Blazy Susan Blunt King Size Cono Natural Wraps x2 - Tea Leaf";5421;2;990;"Papelillo Unbleached King Size Slim Blazy Susan";"blazy susan king size";"https://fumetas.cl/blazy-susan-blunt-king-size-cono-natural-wraps-x2-tea-leaf"
0.355;1;1.67;33552;20990;"Moledor Galaxy Aluminio 63mm - Morado";5512;2;12591;"Grinder Galaxy Aluminio 38mm";"moledor galaxy aluminio morado";"https://fumetas.cl/moledor-galaxy-aluminio-63mm?variant=Morado"
0.355;1;1.18;34960;75990;"Bonglab Bong The Sheikh 42cm - Verde";5776;2;64591;"Jelly Fish-Bonglab";"bonglab bong verde";"https://fumetas.cl/bonglab-bong-the-sheikh-42cm?variant=Verde"
0.355;1;1.14;19483;36990;"Encendedor Zippo Classic Purple Matte";10737;2;41990;"Encendedor Zippo Classic High Polish Green";"encendedor zippo classic";"https://fumetas.cl/encendedor-zippo-classic-purple-matte"
0.353;1;1.35;33929;30990;"Bonglab Bong Handy Rig 14cm - Turquesa";10461;2;41990;"Bonglab Cobra Rig Kit Extractos";"bonglab bong rig";"https://fumetas.cl/bonglab-bong-handy-rig-14cm?variant=Turquesa"
0.351;1;1.38;19741;33990;"Encendedor Zippo Filigree Design";10426;2;46990;"Encendedor Zippo Santa Cruz";"encendedor zippo";"https://fumetas.cl/encendedor-zippo-filigree-design"
0.351;1;2.17;37815;269990;"Vaporizador Puffco Peak 2024 - Negro";10432;2;124492;"Puffco Peak Pro Power Dock";"puffco peak";"https://fumetas.cl/puffco-peak-vaporizador-extractos?variant=Negro"
0.350;1;2.17;37819;269990;"Vaporizador Puffco Peak 2024 - Verde";10432;2;124492;"Puffco Peak Pro Power Dock";"puffco peak";"https://fumetas.cl/puffco-peak-vaporizador-extractos?variant=Verde"
0.348;1;1.05;12956;39990;"Encendedor Zippo Classic Black Crackle";10737;2;41990;"Encendedor Zippo Classic High Polish Green";"encendedor zippo classic";"https://fumetas.cl/encendedor-zippo-classic-black-crackle"
0.347;1;2.50;37815;269990;"Vaporizador Puffco Peak 2024 - Negro";10456;2;107991;"Puffco Peak Pro 3D Chamber";"puffco peak";"https://fumetas.cl/puffco-peak-vaporizador-extractos?variant=Negro"
0.347;1;1.37;33556;20990;"Moledor Galaxy Aluminio 63mm - Azul";5507;2;15291;"Grinder Galaxy Aluminio 55mm";"moledor galaxy aluminio azul";"https://fumetas.cl/moledor-galaxy-aluminio-63mm?variant=Azul"
0.346;1;2.50;37819;269990;"Vaporizador Puffco Peak 2024 - Verde";10456;2;107991;"Puffco Peak Pro 3D Chamber";"puffco peak";"https://fumetas.cl/puffco-peak-vaporizador-extractos?variant=Verde"
0.345;1;1.67;33556;20990;"Moledor Galaxy Aluminio 63mm - Azul";5512;2;12591;"Grinder Galaxy Aluminio 38mm";"moledor galaxy aluminio azul";"https://fumetas.cl/moledor-galaxy-aluminio-63mm?variant=Azul"
0.339;1;2.15;34241;29990;"Bonglab Bong Lucky Goblin - Negro";5776;2;64591;"Jelly Fish-Bonglab";"bonglab bong negro";"https://fumetas.cl/bonglab-bong-lucky-goblin?variant=Negro"
0.337;1;1.27;19483;36990;"Encendedor Zippo Classic Purple Matte";10426;2;46990;"Encendedor Zippo Santa Cruz";"encendedor zippo";"https://fumetas.cl/encendedor-zippo-classic-purple-matte"
0.335;1;2.09;33674;31990;"Moledor Galaxy Aluminio 73 mm - Azul";5507;2;15291;"Grinder Galaxy Aluminio 55mm";"moledor galaxy aluminio azul";"https://fumetas.cl/moledor-galaxy-73-mm-aluminio?variant=Azul"
0.333;1;1.13;33556;20990;"Moledor Galaxy Aluminio 63mm - Azul";10126;3;23800;"Moledor Galaxy de 4 partes y con tamizador";"moledor galaxy aluminio azul";"https://fumetas.cl/moledor-galaxy-aluminio-63mm?variant=Azul"
0.333;1;2.09;33679;31990;"Moledor Galaxy Aluminio 73 mm - Verde";5507;2;15291;"Grinder Galaxy Aluminio 55mm";"moledor galaxy aluminio verde";"https://fumetas.cl/moledor-galaxy-73-mm-aluminio?variant=Verde"
0.333;1;2.54;33674;31990;"Moledor Galaxy Aluminio 73 mm - Azul";5512;2;12591;"Grinder Galaxy Aluminio 38mm";"moledor galaxy aluminio azul";"https://fumetas.cl/moledor-galaxy-73-mm-aluminio?variant=Azul"
0.332;1;2.26;20173;4490;"Lion Rolling Circus Morral Personajes";10543;2;1990;"Blunt Hemp Wrap Lion Rolling Circus Terpenes KKKSH";"lion rolling circus";"https://fumetas.cl/lion-rolling-circus-morral-colores"
0.331;1;2.54;33679;31990;"Moledor Galaxy Aluminio 73 mm - Verde";5512;2;12591;"Grinder Galaxy Aluminio 38mm";"moledor galaxy aluminio verde";"https://fumetas.cl/moledor-galaxy-73-mm-aluminio?variant=Verde"
0.329;1;1.16;19914;35990;"Encendedor Zippo Merlot";10364;2;30990;"Zippo Flame Design Colorblock";"encendedor zippo";"https://fumetas.cl/encendedor-zippo-merlot"
0.327;1;1.18;12956;39990;"Encendedor Zippo Classic Black Crackle";10426;2;46990;"Encendedor Zippo Santa Cruz";"encendedor zippo";"https://fumetas.cl/encendedor-zippo-classic-black-crackle"
0.322;1;1.34;33674;31990;"Moledor Galaxy Aluminio 73 mm - Azul";10126;3;23800;"Moledor Galaxy de 4 partes y con tamizador";"moledor galaxy aluminio azul";"https://fumetas.cl/moledor-galaxy-73-mm-aluminio?variant=Azul"
0.321;1;1.54;20102;1290;"LRC Blunt Hemp Wrap x2 - Sabores";10543;2;1990;"Blunt Hemp Wrap Lion Rolling Circus Terpenes KKKSH";"blunt hemp wrap";"https://fumetas.cl/lrc-blunt-hemp-wrap-sabores-surtidos"
0.321;1;1.67;1582;14990;"Weecke Porta Cápsulas + 4 Cápsulas Fenix Pro";10883;2;24990;"Weecke Boquilla Fenix 2.0";"weecke fenix";"https://fumetas.cl/weecke-porta-capsulas-4-capsulas-fenix-pro"
0.320;1;10.29;33706;34990;"Moledor Galaxy Pro Model 63mm - Rojo";5498;3;3400;"Galaxy Moledor Biodegradable | Grinder ecológico resistente";"moledor galaxy rojo";"https://fumetas.cl/moledor-galaxy-pro-model-60mm?variant=Rojo"
0.320;1;1.34;33679;31990;"Moledor Galaxy Aluminio 73 mm - Verde";10126;3;23800;"Moledor Galaxy de 4 partes y con tamizador";"moledor galaxy aluminio verde";"https://fumetas.cl/moledor-galaxy-73-mm-aluminio?variant=Verde"
0.318;1;1.66;35821;2490;"Vibes Cubano Cono Pre-enrolado King Size 8 - Ultra fino";10685;2;1500;"Papelillos Vibes Rice King Size Slim";"vibes king size";"https://fumetas.cl/vibes-cubano-cono-king-size?variant=Ultra%20fino"
0.318;1;2.26;37412;4490;"Lion Rolling Circus Morral Personajes - Azul";10543;2;1990;"Blunt Hemp Wrap Lion Rolling Circus Terpenes KKKSH";"lion rolling circus";"https://fumetas.cl/lion-rolling-circus-morral-colores?variant=Azul"
0.310;1;2.69;34955;23990;"BongLab Bong R2 Tiny 18cm - Verde";5776;2;64591;"Jelly Fish-Bonglab";"bonglab bong verde";"https://fumetas.cl/bonglab-bong-r2-18cm-tinybong?variant=Verde"
0.309;1;1.48;36163;25990;"Storz & Bickel Estuche Veazy Case - Naranja";10398;2;17544;"Storz & Bickel Boquilla Solid Valve";"storz bickel";"https://fumetas.cl/storz-bickel-estuche-veazy-case?variant=Naranja"
0.308;1;1.65;49935;28990;"Storz & Bickel Unidad de Enfriamiento Veazy - Rosado";10398;2;17544;"Storz & Bickel Boquilla Solid Valve";"storz bickel";"https://fumetas.cl/storz-bickel-unidad-de-enfriamiento-veazy?variant=Rosado"
0.305;1;1.65;49934;28990;"Storz & Bickel Unidad de Enfriamiento Veazy - Celeste";10398;2;17544;"Storz & Bickel Boquilla Solid Valve";"storz bickel";"https://fumetas.cl/storz-bickel-unidad-de-enfriamiento-veazy?variant=Celeste"
0.304;1;6.26;19543;3990;"Weecke Herramienta Magnética Fenix Pro";10883;2;24990;"Weecke Boquilla Fenix 2.0";"weecke fenix";"https://fumetas.cl/weecke-herramienta-magnetica-fenix-pro"
0.304;1;1.65;49936;28990;"Storz & Bickel Unidad de Enfriamiento Veazy - Naranjo";10398;2;17544;"Storz & Bickel Boquilla Solid Valve";"storz bickel";"https://fumetas.cl/storz-bickel-unidad-de-enfriamiento-veazy?variant=Naranjo"
0.302;1;1.05;34066;67990;"Bonglab Bong K276 Bongbastic 45cm - Verde";5776;2;64591;"Jelly Fish-Bonglab";"bonglab bong verde";"https://fumetas.cl/bonglab-bongbastic-k276?variant=Verde"
0.301;1;1.45;36436;109990;"Focus V Aeris Bubbler - Negro";10643;2;75991;"Atomizador Intelli-Core para Extractos con Bubbler Cap | PIRANHA";"focus bubbler";"https://fumetas.cl/focus-v-aeris-bubbler?variant=Negro"
0.298;1;1.54;37205;1290;"LRC Blunt Hemp Wrap x2 - Sabores - Blueberry";10543;2;1990;"Blunt Hemp Wrap Lion Rolling Circus Terpenes KKKSH";"blunt hemp wrap";"https://fumetas.cl/lrc-blunt-hemp-wrap-sabores-surtidos?variant=Blueberry"
0.297;1;1.05;34069;67990;"Bonglab Bong K276 Bongbastic 45cm - Negro";5776;2;64591;"Jelly Fish-Bonglab";"bonglab bong negro";"https://fumetas.cl/bonglab-bongbastic-k276?variant=Negro"
0.297;1;1.54;37207;1290;"LRC Blunt Hemp Wrap x2 - Sabores - Mango";10543;2;1990;"Blunt Hemp Wrap Lion Rolling Circus Terpenes KKKSH";"blunt hemp wrap";"https://fumetas.cl/lrc-blunt-hemp-wrap-sabores-surtidos?variant=Mango"
0.297;1;1.54;37203;1290;"LRC Blunt Hemp Wrap x2 - Sabores - Chocolate";10543;2;1990;"Blunt Hemp Wrap Lion Rolling Circus Terpenes KKKSH";"blunt hemp wrap";"https://fumetas.cl/lrc-blunt-hemp-wrap-sabores-surtidos?variant=Chocolate"
0.296;1;2.58;33948;24990;"BongLab Bong R3 Mini 10.5cm - Negro";5776;2;64591;"Jelly Fish-Bonglab";"bonglab bong negro";"https://fumetas.cl/bonglab-bong-r3-mini-105cm?variant=Negro"
0.296;1;1.99;34448;3490;"Calvo Glass Quemador Pyrex - Macho 14mm - Morado";10375;2;6951;"Calvo Glass Difusor Premium 14mm";"calvo glass 14mm";"https://fumetas.cl/calvo-glass-quemador-pyrex-macho-14mm?variant=Morado"
0.294;1;1.04;19387;44990;"Encendedor Zippo Classic High Polish Purple";10426;2;46990;"Encendedor Zippo Santa Cruz";"encendedor zippo";"https://fumetas.cl/encendedor-zippo-classic-high-polish-purple"
0.293;1;1.99;34447;3490;"Calvo Glass Quemador Pyrex - Macho 14mm - Rosado";10375;2;6951;"Calvo Glass Difusor Premium 14mm";"calvo glass 14mm";"https://fumetas.cl/calvo-glass-quemador-pyrex-macho-14mm?variant=Rosado"
0.293;1;2.61;34689;39990;"Bonglab K288 Classic Ice Pro 35cm - Clear Black";10108;2;15300;"Bonglab Prisma";"bonglab clear";"https://fumetas.cl/bonglab-k288-classic-ice-pro-35cm?variant=Clear%20Black"
0.293;1;2.49;34420;25990;"BongLab Bong X5 Pocket Bell 17cm - Verde";5776;2;64591;"Jelly Fish-Bonglab";"bonglab bong verde";"https://fumetas.cl/bonglab-bong-x5-pocket-bell-17cm?variant=Verde"
0.292;1;2.86;13538;4290;"Vibes The Cali 3 Tubos Pre-enrolados Size 2";10685;2;1500;"Papelillos Vibes Rice King Size Slim";"vibes size";"https://fumetas.cl/vibes-the-cali-3-tubos-pre-enrolados-size-2"
0.292;1;3.39;13539;5090;"Vibes The Cali 3 Tubos Pre-enrolados Size 3";10685;2;1500;"Papelillos Vibes Rice King Size Slim";"vibes size";"https://fumetas.cl/vibes-the-cali-3-tubos-pre-enrolados-size-3"
0.291;1;4.17;19434;5990;"Weecke Herramienta Magnética Fenix Neo";10883;2;24990;"Weecke Boquilla Fenix 2.0";"weecke fenix";"https://fumetas.cl/weecke-herramienta-magnetica-vaporizador-fenix-neo"
0.291;1;1.15;35484;55990;"Bonglab Bong KD1 Classy 29cm - Verde";5776;2;64591;"Jelly Fish-Bonglab";"bonglab bong verde";"https://fumetas.cl/bonglab-bong-kd1?variant=Verde"
0.290;1;5.03;35003;34990;"Calvo Glass Bong Esencial 22cm - Azul";10375;2;6951;"Calvo Glass Difusor Premium 14mm";"calvo glass azul";"https://fumetas.cl/calvo-glass-bong-shower-23cm?variant=Azul"
0.289;1;1.99;34445;3490;"Calvo Glass Quemador Pyrex - Macho 14mm - Turquesa";10375;2;6951;"Calvo Glass Difusor Premium 14mm";"calvo glass 14mm";"https://fumetas.cl/calvo-glass-quemador-pyrex-macho-14mm?variant=Turquesa"
0.288;1;2.49;34418;25990;"BongLab Bong X5 Pocket Bell 17cm - Negro";5776;2;64591;"Jelly Fish-Bonglab";"bonglab bong negro";"https://fumetas.cl/bonglab-bong-x5-pocket-bell-17cm?variant=Negro"
0.288;1;2.81;34673;22990;"Bonglab Bong KS11 Classic Ice 26cm - Verde";5776;2;64591;"Jelly Fish-Bonglab";"bonglab bong verde";"https://fumetas.cl/bonglab-bong-ks11-classic-ice-26cm?variant=Verde"
0.288;1;17.05;72243;3490;"Weecke Fenix Mini Rejilla + Sello inferior";10509;2;59492;"Weecke Vaporizador C Vapor Mini";"weecke mini";"https://fumetas.cl/weecke-fenix-mini-rejilla-sello-inferior"
0.286;1;1.15;35485;55990;"Bonglab Bong KD1 Classy 29cm - Negro";5776;2;64591;"Jelly Fish-Bonglab";"bonglab bong negro";"https://fumetas.cl/bonglab-bong-kd1?variant=Negro"
0.285;1;5.01;19200;4990;"Weecke Anillo Silicona con Rejilla Fénix Neo";10883;2;24990;"Weecke Boquilla Fenix 2.0";"weecke fenix";"https://fumetas.cl/weecke-anillo-silicona-con-rejilla-fenix-neo"
0.284;1;2.49;20173;4490;"Lion Rolling Circus Morral Personajes";10568;3;1800;"Blunt Hemp Wrap Lion Rolling Circus Rolling Stones Berry Gelato";"lion rolling circus";"https://fumetas.cl/lion-rolling-circus-morral-colores"
0.284;1;2.38;36163;25990;"Storz & Bickel Estuche Veazy Case - Naranja";10379;2;61741;"Storz & Bickel Easy Valve Replacement Set";"storz bickel";"https://fumetas.cl/storz-bickel-estuche-veazy-case?variant=Naranja"
0.283;1;2.13;49935;28990;"Storz & Bickel Unidad de Enfriamiento Veazy - Rosado";10379;2;61741;"Storz & Bickel Easy Valve Replacement Set";"storz bickel";"https://fumetas.cl/storz-bickel-unidad-de-enfriamiento-veazy?variant=Rosado"
0.283;1;1.19;19483;36990;"Encendedor Zippo Classic Purple Matte";10364;2;30990;"Zippo Flame Design Colorblock";"encendedor zippo";"https://fumetas.cl/encendedor-zippo-classic-purple-matte"
0.282;1;9.41;33559;31990;"Moledor Galaxy Cerámico 60mm - Verde Medianoche";5498;3;3400;"Galaxy Moledor Biodegradable | Grinder ecológico resistente";"moledor galaxy verde";"https://fumetas.cl/moledor-galaxy-ceramico-60mm?variant=Verde%20Medianoche"
0.281;1;1.30;33559;31990;"Moledor Galaxy Cerámico 60mm - Verde Medianoche";5792;2;24592;"Moledor Cerámico Galaxy Pocket Grinder 5,5cm 4 Partes | PIRANHA";"moledor galaxy ceramico verde";"https://fumetas.cl/moledor-galaxy-ceramico-60mm?variant=Verde%20Medianoche"
0.281;1;2.13;49934;28990;"Storz & Bickel Unidad de Enfriamiento Veazy - Celeste";10379;2;61741;"Storz & Bickel Easy Valve Replacement Set";"storz bickel";"https://fumetas.cl/storz-bickel-unidad-de-enfriamiento-veazy?variant=Celeste"
0.280;1;1.29;35021;8990;"Calvo Glass Quemador cuerno - Macho 14mm - Amarillo";10375;2;6951;"Calvo Glass Difusor Premium 14mm";"calvo glass 14mm";"https://fumetas.cl/calvo-glass-quemador-cuerno-14mm?variant=Amarillo"
0.280;1;2.13;49936;28990;"Storz & Bickel Unidad de Enfriamiento Veazy - Naranjo";10379;2;61741;"Storz & Bickel Easy Valve Replacement Set";"storz bickel";"https://fumetas.cl/storz-bickel-unidad-de-enfriamiento-veazy?variant=Naranjo"
0.276;1;1.29;12956;39990;"Encendedor Zippo Classic Black Crackle";10364;2;30990;"Zippo Flame Design Colorblock";"encendedor zippo";"https://fumetas.cl/encendedor-zippo-classic-black-crackle"
0.275;1;7.16;72243;3490;"Weecke Fenix Mini Rejilla + Sello inferior";10883;2;24990;"Weecke Boquilla Fenix 2.0";"weecke fenix";"https://fumetas.cl/weecke-fenix-mini-rejilla-sello-inferior"
0.275;1;2.81;37485;22990;"Bonglab Bong KS10 Little Buchner 25cm - Verde";5776;2;64591;"Jelly Fish-Bonglab";"bonglab bong verde";"https://fumetas.cl/smokeshop/bongs-y-pipas/bongs/bonglab-ks10-little-buchner?variant=Verde"
0.275;1;2.08;34505;30990;"BongLab Bong W06 Fat Candy 25cm - Verde";5776;2;64591;"Jelly Fish-Bonglab";"bonglab bong verde";"https://fumetas.cl/bonglab-bong-w06-fat-candy-25-cm?variant=Verde"
0.275;1;1.54;37208;1290;"LRC Blunt Hemp Wrap x2 - Sabores - Bubble Gum";10543;2;1990;"Blunt Hemp Wrap Lion Rolling Circus Terpenes KKKSH";"blunt hemp wrap";"https://fumetas.cl/lrc-blunt-hemp-wrap-sabores-surtidos?variant=Bubble%20Gum"
0.275;1;2.49;37412;4490;"Lion Rolling Circus Morral Personajes - Azul";10568;3;1800;"Blunt Hemp Wrap Lion Rolling Circus Rolling Stones Berry Gelato";"lion rolling circus";"https://fumetas.cl/lion-rolling-circus-morral-colores?variant=Azul"
0.274;1;3.60;13093;24990;"Calvo Glass Atrapa cenizas 90° - Macho 14mm";10375;2;6951;"Calvo Glass Difusor Premium 14mm";"calvo glass 14mm";"https://fumetas.cl/calvo-glass-atrapa-cenizas-macho-14mm-90"
0.272;1;3.60;13092;24990;"Calvo Glass Atrapa cenizas 45° - Macho 14mm";10375;2;6951;"Calvo Glass Difusor Premium 14mm";"calvo glass 14mm";"https://fumetas.cl/calvo-glass-atrapa-cenizas-macho-14mm-45"
0.271;1;2.16;34753;14990;"Calvo Glass Pipa Twist Spoon 11cm - Azul";10375;2;6951;"Calvo Glass Difusor Premium 14mm";"calvo glass azul";"https://fumetas.cl/calvo-glass-pipa-twist-spoon-11cm?variant=Azul"
0.269;1;1.10;19969;21990;"Yocan Vaporizador Batería Ziva - Cartridges";10521;3;19990;"Yocan Kodo Pro Vaporizador para Cartridge";"yocan vaporizador ziva cartridges";"https://fumetas.cl/yocan-vaporizador-ziva"
0.268;1;1.47;33705;34990;"Moledor Galaxy Pro Model 63mm - Gris";10126;3;23800;"Moledor Galaxy de 4 partes y con tamizador";"moledor galaxy gris";"https://fumetas.cl/moledor-galaxy-pro-model-60mm?variant=Gris"
0.265;1;2.17;36163;25990;"Storz & Bickel Estuche Veazy Case - Naranja";5794;2;11990;"MOLEDOR PLASTICO REFORZADO XL-STORZ & BICKEL";"storz bickel";"https://fumetas.cl/storz-bickel-estuche-veazy-case?variant=Naranja"
0.263;1;4.31;34719;29990;"Calvo Glass Bee Rig Lite 19cm - Azul";10375;2;6951;"Calvo Glass Difusor Premium 14mm";"calvo glass azul";"https://fumetas.cl/calvo-glass-bee-rig-lite-19cm?variant=Azul"
0.261;1;3.60;34519;24990;"Calvo Glass Atrapa cenizas 90° - Macho 14mm - Verde";10375;2;6951;"Calvo Glass Difusor Premium 14mm";"calvo glass 14mm";"https://fumetas.cl/calvo-glass-atrapa-cenizas-macho-14mm-90?variant=Verde"
0.258;1;1.29;35022;8990;"Calvo Glass Quemador cuerno - Macho 14mm - Verde Oliva";10375;2;6951;"Calvo Glass Difusor Premium 14mm";"calvo glass 14mm";"https://fumetas.cl/calvo-glass-quemador-cuerno-14mm?variant=Verde%20Oliva"
0.256;1;1.37;33551;20990;"Moledor Galaxy Aluminio 63mm - Rosado";5507;2;15291;"Grinder Galaxy Aluminio 55mm";"moledor galaxy aluminio";"https://fumetas.cl/moledor-galaxy-aluminio-63mm?variant=Rosado"
0.256;1;3.60;34520;24990;"Calvo Glass Atrapa cenizas 90° - Macho 14mm - Amarillo";10375;2;6951;"Calvo Glass Difusor Premium 14mm";"calvo glass 14mm";"https://fumetas.cl/calvo-glass-atrapa-cenizas-macho-14mm-90?variant=Amarillo"
0.256;1;1.03;33626;13390;"Blazy Susan Moledor Contenedor Mini Herb Saver Rosado - Susan";10371;2;12990;"Blazy Susan Cenicero de Silicona";"blazy susan";"https://fumetas.cl/blazy-susan-moledor-contenedor-herb-saver?variant=Susan"
0.254;1;1.67;33551;20990;"Moledor Galaxy Aluminio 63mm - Rosado";5512;2;12591;"Grinder Galaxy Aluminio 38mm";"moledor galaxy aluminio";"https://fumetas.cl/moledor-galaxy-aluminio-63mm?variant=Rosado"
0.254;1;3.60;34518;24990;"Calvo Glass Atrapa cenizas 45° - Macho 14mm - Amarillo";10375;2;6951;"Calvo Glass Difusor Premium 14mm";"calvo glass 14mm";"https://fumetas.cl/calvo-glass-atrapa-cenizas-macho-14mm-45?variant=Amarillo"
0.252;1;1.45;19387;44990;"Encendedor Zippo Classic High Polish Purple";10364;2;30990;"Zippo Flame Design Colorblock";"encendedor zippo";"https://fumetas.cl/encendedor-zippo-classic-high-polish-purple"
0.252;1;1.37;33555;20990;"Moledor Galaxy Aluminio 63mm - Gris";5507;2;15291;"Grinder Galaxy Aluminio 55mm";"moledor galaxy aluminio";"https://fumetas.cl/moledor-galaxy-aluminio-63mm?variant=Gris"
0.251;1;1.07;35874;43990;"Encendedor Zippo Harley Davidson Carbon Fiber";10426;2;46990;"Encendedor Zippo Santa Cruz";"encendedor zippo";"https://fumetas.cl/encendedor-zippo-harley-davidson-carbon-fiber"
0.251;1;1.04;34379;66990;"Bonglab Bong Pyrex K41 Big Blow 46cm - Negro";5776;2;64591;"Jelly Fish-Bonglab";"bonglab bong negro";"https://fumetas.cl/bonglab-bong-pyrex-k41-big-blow-purple-46cm?variant=Negro"
0.251;1;8.00;1582;14990;"Weecke Porta Cápsulas + 4 Cápsulas Fenix Pro";10365;3;119990;"Weecke Fenix 2 Max";"weecke fenix";"https://fumetas.cl/weecke-porta-capsulas-4-capsulas-fenix-pro"
0.250;1;8.76;35497;60891;"Calvo Glass Shower Head Monster 30 cm - Azul";10375;2;6951;"Calvo Glass Difusor Premium 14mm";"calvo glass azul";"https://fumetas.cl/calvo-glass-shower-head-monster-30-cm?variant=Azul"
0.250;1;4.31;34724;29990;"Calvo Glass Bee Rig Lite 19cm - Light Green";10375;2;6951;"Calvo Glass Difusor Premium 14mm";"calvo glass green";"https://fumetas.cl/calvo-glass-bee-rig-lite-19cm?variant=Light%20Green"
0.250;1;1.67;33555;20990;"Moledor Galaxy Aluminio 63mm - Gris";5512;2;12591;"Grinder Galaxy Aluminio 38mm";"moledor galaxy aluminio";"https://fumetas.cl/moledor-galaxy-aluminio-63mm?variant=Gris"
0.247;1;1.13;33552;20990;"Moledor Galaxy Aluminio 63mm - Morado";10126;3;23800;"Moledor Galaxy de 4 partes y con tamizador";"moledor galaxy aluminio";"https://fumetas.cl/moledor-galaxy-aluminio-63mm?variant=Morado"
0.246;1;1.13;33551;20990;"Moledor Galaxy Aluminio 63mm - Rosado";10126;3;23800;"Moledor Galaxy de 4 partes y con tamizador";"moledor galaxy aluminio";"https://fumetas.cl/moledor-galaxy-aluminio-63mm?variant=Rosado"
0.245;1;2.29;33706;34990;"Moledor Galaxy Pro Model 63mm - Rojo";5507;2;15291;"Grinder Galaxy Aluminio 55mm";"moledor galaxy rojo";"https://fumetas.cl/moledor-galaxy-pro-model-60mm?variant=Rojo"
0.245;1;1.50;13286;27990;"Bonglab Bong The Sphere 12cm";10461;2;41990;"Bonglab Cobra Rig Kit Extractos";"bonglab bong";"https://fumetas.cl/bonglab-bong-the-sphere-12cm"
0.244;1;2.78;33706;34990;"Moledor Galaxy Pro Model 63mm - Rojo";5512;2;12591;"Grinder Galaxy Aluminio 38mm";"moledor galaxy rojo";"https://fumetas.cl/moledor-galaxy-pro-model-60mm?variant=Rojo"
0.243;1;2.09;33680;31990;"Moledor Galaxy Aluminio 73 mm - Plateado";5507;2;15291;"Grinder Galaxy Aluminio 55mm";"moledor galaxy aluminio";"https://fumetas.cl/moledor-galaxy-73-mm-aluminio?variant=Plateado"
0.242;1;2.54;33680;31990;"Moledor Galaxy Aluminio 73 mm - Plateado";5512;2;12591;"Grinder Galaxy Aluminio 38mm";"moledor galaxy aluminio";"https://fumetas.cl/moledor-galaxy-73-mm-aluminio?variant=Plateado"
0.241;1;1.17;19914;35990;"Encendedor Zippo Merlot";10737;2;41990;"Encendedor Zippo Classic High Polish Green";"encendedor zippo";"https://fumetas.cl/encendedor-zippo-merlot"
0.241;1;2.29;33704;34990;"Moledor Galaxy Pro Model 63mm - Morado";5507;2;15291;"Grinder Galaxy Aluminio 55mm";"moledor galaxy morado";"https://fumetas.cl/moledor-galaxy-pro-model-60mm?variant=Morado"
0.240;1;30.07;19543;3990;"Weecke Herramienta Magnética Fenix Pro";10365;3;119990;"Weecke Fenix 2 Max";"weecke fenix";"https://fumetas.cl/weecke-herramienta-magnetica-fenix-pro"
0.239;1;2.78;33704;34990;"Moledor Galaxy Pro Model 63mm - Morado";5512;2;12591;"Grinder Galaxy Aluminio 38mm";"moledor galaxy morado";"https://fumetas.cl/moledor-galaxy-pro-model-60mm?variant=Morado"
0.234;1;2.31;13286;27990;"Bonglab Bong The Sphere 12cm";5776;2;64591;"Jelly Fish-Bonglab";"bonglab bong";"https://fumetas.cl/bonglab-bong-the-sphere-12cm"
0.234;1;1.34;33680;31990;"Moledor Galaxy Aluminio 73 mm - Plateado";10126;3;23800;"Moledor Galaxy de 4 partes y con tamizador";"moledor galaxy aluminio";"https://fumetas.cl/moledor-galaxy-73-mm-aluminio?variant=Plateado"
0.234;1;16.95;33626;13390;"Blazy Susan Moledor Contenedor Mini Herb Saver Rosado - Susan";5467;2;790;"Papelillo Unbleached 1 1/4 1Und-Blazy Susan";"blazy susan";"https://fumetas.cl/blazy-susan-moledor-contenedor-herb-saver?variant=Susan"
0.232;1;20.03;19434;5990;"Weecke Herramienta Magnética Fenix Neo";10365;3;119990;"Weecke Fenix 2 Max";"weecke fenix";"https://fumetas.cl/weecke-herramienta-magnetica-vaporizador-fenix-neo"
0.231;1;1.42;33705;34990;"Moledor Galaxy Pro Model 63mm - Gris";5792;2;24592;"Moledor Cerámico Galaxy Pocket Grinder 5,5cm 4 Partes | PIRANHA";"moledor galaxy gris";"https://fumetas.cl/moledor-galaxy-pro-model-60mm?variant=Gris"
0.231;1;2.51;73283;4990;"Integra Boost Terpene Essentials Pinene (Pi) 4gr - 62% RH.";11049;2;1990;"Integra Boost Humedad 55%";"integra boost";"https://fumetas.cl/integra-boost-terpene-essentials-pinene-pi-4gr-62-rh"
0.231;1;2.51;73282;4990;"Integra Boost Terpene Essentials Myrcene (MC) 4gr - 62% RH.";11049;2;1990;"Integra Boost Humedad 55%";"integra boost";"https://fumetas.cl/integra-boost-terpene-essentials-myrcene-mc-4gr-62-rh"
0.231;1;2.51;73279;4990;"Integra Boost Terpene Essentials Humulene (HU) 4gr - 62% RH.";11049;2;1990;"Integra Boost Humedad 55%";"integra boost";"https://fumetas.cl/integra-boost-terpene-essentials-humulene-hu-4gr-62-rh"
0.231;1;2.51;73280;4990;"Integra Boost Terpene Essentials Limonene (Lm) 4gr - 62% RH.";11049;2;1990;"Integra Boost Humedad 55%";"integra boost";"https://fumetas.cl/integra-boost-terpene-essentials-limonece-lm-4gr-62-rh"
0.231;1;2.51;73281;4990;"Integra Boost Terpene Essentials Linalool (LN) 4gr - 62% RH.";11049;2;1990;"Integra Boost Humedad 55%";"integra boost";"https://fumetas.cl/integra-boost-terpene-essentials-linalool-ln-4gr-62-rh"
0.231;1;1.30;33561;31990;"Moledor Galaxy Cerámico 60mm - Amarillo";5792;2;24592;"Moledor Cerámico Galaxy Pocket Grinder 5,5cm 4 Partes | PIRANHA";"moledor galaxy ceramico";"https://fumetas.cl/moledor-galaxy-ceramico-60mm?variant=Amarillo"
0.231;1;2.29;33703;34990;"Moledor Galaxy Pro Model 63mm - Azul";5507;2;15291;"Grinder Galaxy Aluminio 55mm";"moledor galaxy azul";"https://fumetas.cl/moledor-galaxy-pro-model-60mm?variant=Azul"
0.230;1;1.54;19969;21990;"Yocan Vaporizador Batería Ziva - Cartridges";10611;1;14241;"Repuesto de Vidrio Vaporizador Yocan Falcon Glass Attachment | PIRANHA";"yocan vaporizador";"https://fumetas.cl/yocan-vaporizador-ziva"
0.229;1;2.78;33703;34990;"Moledor Galaxy Pro Model 63mm - Azul";5512;2;12591;"Grinder Galaxy Aluminio 38mm";"moledor galaxy azul";"https://fumetas.cl/moledor-galaxy-pro-model-60mm?variant=Azul"
0.229;1;24.05;19200;4990;"Weecke Anillo Silicona con Rejilla Fénix Neo";10365;3;119990;"Weecke Fenix 2 Max";"weecke fenix";"https://fumetas.cl/weecke-anillo-silicona-con-rejilla-fenix-neo"
0.227;1;1.30;33560;31990;"Moledor Galaxy Cerámico 60mm - Menta";5792;2;24592;"Moledor Cerámico Galaxy Pocket Grinder 5,5cm 4 Partes | PIRANHA";"moledor galaxy ceramico";"https://fumetas.cl/moledor-galaxy-ceramico-60mm?variant=Menta"
0.227;1;1.30;33562;31990;"Moledor Galaxy Cerámico 60mm - Lila";5792;2;24592;"Moledor Cerámico Galaxy Pocket Grinder 5,5cm 4 Partes | PIRANHA";"moledor galaxy ceramico";"https://fumetas.cl/moledor-galaxy-ceramico-60mm?variant=Lila"
0.224;1;1.80;19899;990;"Encendedor Clipper Raw";10318;3;550;"Repuesto Clipper Pedernal Encendedor (3u) | PIRANHA";"encendedor clipper";"https://fumetas.cl/encendedor-clipper-raw"
0.224;1;1.34;33677;31990;"Moledor Galaxy Aluminio 73 mm - Oro rosa";10126;3;23800;"Moledor Galaxy de 4 partes y con tamizador";"moledor galaxy aluminio";"https://fumetas.cl/moledor-galaxy-73-mm-aluminio?variant=Oro%20rosa"
0.223;1;1.03;33625;13390;"Blazy Susan Moledor Contenedor Mini Herb Saver Rosado - Nugs";10371;2;12990;"Blazy Susan Cenicero de Silicona";"blazy susan";"https://fumetas.cl/blazy-susan-moledor-contenedor-herb-saver?variant=Nugs"
0.222;1;1.47;33703;34990;"Moledor Galaxy Pro Model 63mm - Azul";10126;3;23800;"Moledor Galaxy de 4 partes y con tamizador";"moledor galaxy azul";"https://fumetas.cl/moledor-galaxy-pro-model-60mm?variant=Azul"
0.222;1;34.38;72243;3490;"Weecke Fenix Mini Rejilla + Sello inferior";10365;3;119990;"Weecke Fenix 2 Max";"weecke fenix";"https://fumetas.cl/weecke-fenix-mini-rejilla-sello-inferior"
0.222;1;1.81;34960;75990;"Bonglab Bong The Sheikh 42cm - Verde";10461;2;41990;"Bonglab Cobra Rig Kit Extractos";"bonglab bong";"https://fumetas.cl/bonglab-bong-the-sheikh-42cm?variant=Verde"
0.221;1;1.24;19741;33990;"Encendedor Zippo Filigree Design";10737;2;41990;"Encendedor Zippo Classic High Polish Green";"encendedor zippo";"https://fumetas.cl/encendedor-zippo-filigree-design"
0.219;1;1.42;35874;43990;"Encendedor Zippo Harley Davidson Carbon Fiber";10364;2;30990;"Zippo Flame Design Colorblock";"encendedor zippo";"https://fumetas.cl/encendedor-zippo-harley-davidson-carbon-fiber"
0.219;1;2.22;19969;21990;"Yocan Vaporizador Batería Ziva - Cartridges";10548;2;9891;"Yocan Flat Vaporizador para Cartridge";"yocan vaporizador";"https://fumetas.cl/yocan-vaporizador-ziva"
0.217;1;13.53;33626;13390;"Blazy Susan Moledor Contenedor Mini Herb Saver Rosado - Susan";5421;2;990;"Papelillo Unbleached King Size Slim Blazy Susan";"blazy susan";"https://fumetas.cl/blazy-susan-moledor-contenedor-herb-saver?variant=Susan"
0.216;1;1.03;33623;13390;"Blazy Susan Moledor Contenedor Mini Herb Saver Lila - Checkers";10371;2;12990;"Blazy Susan Cenicero de Silicona";"blazy susan";"https://fumetas.cl/blazy-susan-moledor-contenedor-herb-saver-lila?variant=Checkers"
0.215;1;1.40;34241;29990;"Bonglab Bong Lucky Goblin - Negro";10461;2;41990;"Bonglab Cobra Rig Kit Extractos";"bonglab bong";"https://fumetas.cl/bonglab-bong-lucky-goblin?variant=Negro"
0.213;1;2.51;73278;4990;"Integra Boost Terpene Essentials Beta-Caryophyllene (BC) 4gr - 62% RH.";11049;2;1990;"Integra Boost Humedad 55%";"integra boost";"https://fumetas.cl/integra-boost-terpene-essentials-beta-caryophyllene-bc-4gr-62-rh"
0.212;1;1.81;34964;75990;"Bonglab Bong The Sheikh 42cm - Turquesa";10461;2;41990;"Bonglab Cobra Rig Kit Extractos";"bonglab bong";"https://fumetas.cl/bonglab-bong-the-sheikh-42cm?variant=Turquesa"
0.208;1;1.40;34240;29990;"Bonglab Bong Lucky Goblin - Blanco";10461;2;41990;"Bonglab Cobra Rig Kit Extractos";"bonglab bong";"https://fumetas.cl/bonglab-bong-lucky-goblin?variant=Blanco"
0.207;1;16.95;33625;13390;"Blazy Susan Moledor Contenedor Mini Herb Saver Rosado - Nugs";5467;2;790;"Papelillo Unbleached 1 1/4 1Und-Blazy Susan";"blazy susan";"https://fumetas.cl/blazy-susan-moledor-contenedor-herb-saver?variant=Nugs"
0.206;1;1.75;13283;23990;"BongLab Bong R2 Tiny 18cm";10461;2;41990;"Bonglab Cobra Rig Kit Extractos";"bonglab bong";"https://fumetas.cl/bonglab-bong-r2-18cm-tinybong"
0.205;1;1.80;103;990;"Encendedor Clipper Monsters 1";10318;3;550;"Repuesto Clipper Pedernal Encendedor (3u) | PIRANHA";"encendedor clipper";"https://fumetas.cl/encendedor-clipper-monsters-1"
0.204;1;7.19;13194;49990;"Calvo Glass Bong Beaker Premium 40cm";10375;2;6951;"Calvo Glass Difusor Premium 14mm";"calvo glass";"https://fumetas.cl/calvo-glass-bong-beaker-lite-40cm"
0.204;1;6.47;13193;44990;"Calvo Glass Bong Beaker Premium 35cm";10375;2;6951;"Calvo Glass Difusor Premium 14mm";"calvo glass";"https://fumetas.cl/calvo-glass-bong-beaker-lite-35cm"
0.204;1;1.80;19890;990;"Encendedor Clipper Elephants";10318;3;550;"Repuesto Clipper Pedernal Encendedor (3u) | PIRANHA";"encendedor clipper";"https://fumetas.cl/encendedor-clipper-elephants"
0.204;1;1.80;5;990;"Encendedor Clipper Racoons";10318;3;550;"Repuesto Clipper Pedernal Encendedor (3u) | PIRANHA";"encendedor clipper";"https://fumetas.cl/encendedor-clipper-racoons"
0.204;1;1.39;20147;4990;"Calvo Glass Insert Transparente";10375;2;6951;"Calvo Glass Difusor Premium 14mm";"calvo glass";"https://fumetas.cl/calvo-glass-insert-transparente"
0.204;1;1.18;34964;75990;"Bonglab Bong The Sheikh 42cm - Turquesa";5776;2;64591;"Jelly Fish-Bonglab";"bonglab bong";"https://fumetas.cl/bonglab-bong-the-sheikh-42cm?variant=Turquesa"
0.203;1;1.44;2947;9990;"Calvo Glass Moledor Metálico 50 mm";10375;2;6951;"Calvo Glass Difusor Premium 14mm";"calvo glass";"https://fumetas.cl/calvo-glass-moledor-metalico-50-mm"
0.203;1;7.91;13195;54990;"Calvo Glass Bong Beaker Premium 45cm";10375;2;6951;"Calvo Glass Difusor Premium 14mm";"calvo glass";"https://fumetas.cl/calvo-glass-bong-beaker-lite-45cm"
0.201;1;9.41;33561;31990;"Moledor Galaxy Cerámico 60mm - Amarillo";5498;3;3400;"Galaxy Moledor Biodegradable | Grinder ecológico resistente";"moledor galaxy";"https://fumetas.cl/moledor-galaxy-ceramico-60mm?variant=Amarillo"
0.201;1;2.86;18492;53990;"Bonglab Double Circuit Bong 14 cm Kit Banger + Cap + Terp Balls";10613;1;18900;"Kit Banger Bonglab ┃Accesorio para dabbear";"bonglab banger";"https://fumetas.cl/bonglab-double-circuit-bong-banger"
0.201;1;16.95;33623;13390;"Blazy Susan Moledor Contenedor Mini Herb Saver Lila - Checkers";5467;2;790;"Papelillo Unbleached 1 1/4 1Und-Blazy Susan";"blazy susan";"https://fumetas.cl/blazy-susan-moledor-contenedor-herb-saver-lila?variant=Checkers"
0.201;1;2.15;34240;29990;"Bonglab Bong Lucky Goblin - Blanco";5776;2;64591;"Jelly Fish-Bonglab";"bonglab bong";"https://fumetas.cl/bonglab-bong-lucky-goblin?variant=Blanco"
0.199;1;1.42;33704;34990;"Moledor Galaxy Pro Model 63mm - Morado";5792;2;24592;"Moledor Cerámico Galaxy Pocket Grinder 5,5cm 4 Partes | PIRANHA";"moledor galaxy morado";"https://fumetas.cl/moledor-galaxy-pro-model-60mm?variant=Morado"
0.198;1;2.69;13283;23990;"BongLab Bong R2 Tiny 18cm";5776;2;64591;"Jelly Fish-Bonglab";"bonglab bong";"https://fumetas.cl/bonglab-bong-r2-18cm-tinybong"
0.198;1;2.16;1210;14990;"Calvo Glass Pipa Screen 10 cm";10375;2;6951;"Calvo Glass Difusor Premium 14mm";"calvo glass";"https://fumetas.cl/calvo-glass-pipa-con-rejilla-integrada-10-cm"
0.197;1;2.08;33930;30990;"Bonglab Bong Handy Rig 14cm - Azul";5776;2;64591;"Jelly Fish-Bonglab";"bonglab bong";"https://fumetas.cl/bonglab-bong-handy-rig-14cm?variant=Azul"
0.196;1;9.41;33560;31990;"Moledor Galaxy Cerámico 60mm - Menta";5498;3;3400;"Galaxy Moledor Biodegradable | Grinder ecológico resistente";"moledor galaxy";"https://fumetas.cl/moledor-galaxy-ceramico-60mm?variant=Menta"
0.196;1;9.41;33562;31990;"Moledor Galaxy Cerámico 60mm - Lila";5498;3;3400;"Galaxy Moledor Biodegradable | Grinder ecológico resistente";"moledor galaxy";"https://fumetas.cl/moledor-galaxy-ceramico-60mm?variant=Lila"
0.195;1;1.80;2072;990;"Encendedor Clipper The Bulldog Amsterdam";10318;3;550;"Repuesto Clipper Pedernal Encendedor (3u) | PIRANHA";"encendedor clipper";"https://fumetas.cl/encendedor-clipper-the-bulldog-amsterdam"
0.193;1;7.19;34735;49990;"Calvo Glass Bong Beaker Premium 40cm - Verde";10375;2;6951;"Calvo Glass Difusor Premium 14mm";"calvo glass";"https://fumetas.cl/calvo-glass-bong-beaker-lite-40cm?variant=Verde"
0.193;1;2.08;33928;30990;"Bonglab Bong Handy Rig 14cm - Rosado";5776;2;64591;"Jelly Fish-Bonglab";"bonglab bong";"https://fumetas.cl/bonglab-bong-handy-rig-14cm?variant=Rosado"
0.193;1;1.40;33842;29990;"Bonglab Bong Jelly Drop 20cm - Azul";10461;2;41990;"Bonglab Cobra Rig Kit Extractos";"bonglab bong";"https://fumetas.cl/bonglab-bong-jelly-drop-20cm-diferentes-colores?variant=Azul"
0.193;1;9.35;13304;64990;"Calvo Glass Bong Octopus 35cm";10375;2;6951;"Calvo Glass Difusor Premium 14mm";"calvo glass";"https://fumetas.cl/calvo-glass-bong-octopus-35cm"
0.193;1;6.47;34726;44990;"Calvo Glass Bong Beaker Premium 35cm - Verde";10375;2;6951;"Calvo Glass Difusor Premium 14mm";"calvo glass";"https://fumetas.cl/calvo-glass-bong-beaker-lite-35cm?variant=Verde"
0.193;1;13.53;33625;13390;"Blazy Susan Moledor Contenedor Mini Herb Saver Rosado - Nugs";5421;2;990;"Papelillo Unbleached King Size Slim Blazy Susan";"blazy susan";"https://fumetas.cl/blazy-susan-moledor-contenedor-herb-saver?variant=Nugs"
0.193;1;1.75;34955;23990;"BongLab Bong R2 Tiny 18cm - Verde";10461;2;41990;"Bonglab Cobra Rig Kit Extractos";"bonglab bong";"https://fumetas.cl/bonglab-bong-r2-18cm-tinybong?variant=Verde"
0.192;1;10.29;33702;34990;"Moledor Galaxy Pro Model 63mm - Rosado";5498;3;3400;"Galaxy Moledor Biodegradable | Grinder ecológico resistente";"moledor galaxy";"https://fumetas.cl/moledor-galaxy-pro-model-60mm?variant=Rosado"
0.192;1;7.91;34737;54990;"Calvo Glass Bong Beaker Premium 45cm - Verde";10375;2;6951;"Calvo Glass Difusor Premium 14mm";"calvo glass";"https://fumetas.cl/calvo-glass-bong-beaker-lite-45cm?variant=Verde"
0.192;1;1.33;13559;55990;"Bonglab Bong KD1 Classy 29cm";10461;2;41990;"Bonglab Cobra Rig Kit Extractos";"bonglab bong";"https://fumetas.cl/bonglab-bong-kd1"
0.192;1;1.80;3;990;"Encendedor Clipper Crystal 12";10318;3;550;"Repuesto Clipper Pedernal Encendedor (3u) | PIRANHA";"encendedor clipper";"https://fumetas.cl/encendedor-clipper-crystal-12"
0.191;1;1.40;33841;29990;"Bonglab Bong Jelly Drop 20cm - Morado";10461;2;41990;"Bonglab Cobra Rig Kit Extractos";"bonglab bong";"https://fumetas.cl/bonglab-bong-jelly-drop-20cm-diferentes-colores?variant=Morado"
0.191;1;7.19;34734;49990;"Calvo Glass Bong Beaker Premium 40cm - Rojo";10375;2;6951;"Calvo Glass Difusor Premium 14mm";"calvo glass";"https://fumetas.cl/calvo-glass-bong-beaker-lite-40cm?variant=Rojo"
0.191;1;6.47;34725;44990;"Calvo Glass Bong Beaker Premium 35cm - Rojo";10375;2;6951;"Calvo Glass Difusor Premium 14mm";"calvo glass";"https://fumetas.cl/calvo-glass-bong-beaker-lite-35cm?variant=Rojo"
0.190;1;2.08;33929;30990;"Bonglab Bong Handy Rig 14cm - Turquesa";5776;2;64591;"Jelly Fish-Bonglab";"bonglab bong";"https://fumetas.cl/bonglab-bong-handy-rig-14cm?variant=Turquesa"
0.190;1;1.80;89;990;"Encendedor Clipper Space Area 1";10318;3;550;"Repuesto Clipper Pedernal Encendedor (3u) | PIRANHA";"encendedor clipper";"https://fumetas.cl/encendedor-clipper-space-area-1"
0.190;1;1.80;6;990;"Encendedor Clipper Space Area 4";10318;3;550;"Repuesto Clipper Pedernal Encendedor (3u) | PIRANHA";"encendedor clipper";"https://fumetas.cl/encendedor-clipper-space-area-4"
0.190;1;1.80;90;990;"Encendedor Clipper Space Area 2";10318;3;550;"Repuesto Clipper Pedernal Encendedor (3u) | PIRANHA";"encendedor clipper";"https://fumetas.cl/encendedor-clipper-space-area-2"
0.190;1;1.80;8;990;"Encendedor Clipper Space Area 3";10318;3;550;"Repuesto Clipper Pedernal Encendedor (3u) | PIRANHA";"encendedor clipper";"https://fumetas.cl/encendedor-clipper-space-area-3"
0.189;1;10.29;33699;34990;"Moledor Galaxy Pro Model 63mm - Plateado";5498;3;3400;"Galaxy Moledor Biodegradable | Grinder ecológico resistente";"moledor galaxy";"https://fumetas.cl/moledor-galaxy-pro-model-60mm?variant=Plateado"
0.189;1;1.40;33844;29990;"Bonglab Bong Jelly Drop 20cm - Rosado";10461;2;41990;"Bonglab Cobra Rig Kit Extractos";"bonglab bong";"https://fumetas.cl/bonglab-bong-jelly-drop-20cm-diferentes-colores?variant=Rosado"
0.189;1;10.29;33705;34990;"Moledor Galaxy Pro Model 63mm - Gris";5498;3;3400;"Galaxy Moledor Biodegradable | Grinder ecológico resistente";"moledor galaxy";"https://fumetas.cl/moledor-galaxy-pro-model-60mm?variant=Gris"
0.189;1;2.16;34794;14990;"Calvo Pipa 3 Circles Spoon 11cm - Azul";10375;2;6951;"Calvo Glass Difusor Premium 14mm";"calvo azul";"https://fumetas.cl/calvo-pipa-3-circles-spoon-11cm?variant=Azul"
0.188;1;1.75;34956;23990;"BongLab Bong R2 Tiny 18cm - Rosado";10461;2;41990;"Bonglab Cobra Rig Kit Extractos";"bonglab bong";"https://fumetas.cl/bonglab-bong-r2-18cm-tinybong?variant=Rosado"
0.188;1;1.62;34069;67990;"Bonglab Bong K276 Bongbastic 45cm - Negro";10461;2;41990;"Bonglab Cobra Rig Kit Extractos";"bonglab bong";"https://fumetas.cl/bonglab-bongbastic-k276?variant=Negro"
0.188;1;13.53;33623;13390;"Blazy Susan Moledor Contenedor Mini Herb Saver Lila - Checkers";5421;2;990;"Papelillo Unbleached King Size Slim Blazy Susan";"blazy susan";"https://fumetas.cl/blazy-susan-moledor-contenedor-herb-saver-lila?variant=Checkers"
0.188;1;1.62;34066;67990;"Bonglab Bong K276 Bongbastic 45cm - Verde";10461;2;41990;"Bonglab Cobra Rig Kit Extractos";"bonglab bong";"https://fumetas.cl/bonglab-bongbastic-k276?variant=Verde"
0.187;1;1.68;33948;24990;"BongLab Bong R3 Mini 10.5cm - Negro";10461;2;41990;"Bonglab Cobra Rig Kit Extractos";"bonglab bong";"https://fumetas.cl/bonglab-bong-r3-mini-105cm?variant=Negro"
0.187;1;1.80;19665;990;"Encendedor Clipper Mushrooms Skulls";10318;3;550;"Repuesto Clipper Pedernal Encendedor (3u) | PIRANHA";"encendedor clipper";"https://fumetas.cl/encendedor-clipper-mushrooms-skulls"
0.187;1;1.75;34957;23990;"BongLab Bong R2 Tiny 18cm - Amarillo";10461;2;41990;"Bonglab Cobra Rig Kit Extractos";"bonglab bong";"https://fumetas.cl/bonglab-bong-r2-18cm-tinybong?variant=Amarillo"
0.187;1;6.47;34728;44990;"Calvo Glass Bong Beaker Premium 35cm - Naranjo";10375;2;6951;"Calvo Glass Difusor Premium 14mm";"calvo glass";"https://fumetas.cl/calvo-glass-bong-beaker-lite-35cm?variant=Naranjo"
0.187;1;7.19;34733;49990;"Calvo Glass Bong Beaker Premium 40cm - Turquesa";10375;2;6951;"Calvo Glass Difusor Premium 14mm";"calvo glass";"https://fumetas.cl/calvo-glass-bong-beaker-lite-40cm?variant=Turquesa"
0.187;1;1.43;35281;59990;"BongLab Bong K18 HeadShot 40cm - Azul";10461;2;41990;"Bonglab Cobra Rig Kit Extractos";"bonglab bong";"https://fumetas.cl/bonglab-bong-k18-headshot?variant=Azul"
0.187;1;1.68;33945;24990;"BongLab Bong R3 Mini 10.5cm - Azul";10461;2;41990;"Bonglab Cobra Rig Kit Extractos";"bonglab bong";"https://fumetas.cl/bonglab-bong-r3-mini-105cm?variant=Azul"
0.186;1;1.80;13342;990;"Encendedor Clipper Death Animals 1";10318;3;550;"Repuesto Clipper Pedernal Encendedor (3u) | PIRANHA";"encendedor clipper";"https://fumetas.cl/encendedor-clipper-death-animals-1"
0.186;1;1.80;13343;990;"Encendedor Clipper Death Animals 3";10318;3;550;"Repuesto Clipper Pedernal Encendedor (3u) | PIRANHA";"encendedor clipper";"https://fumetas.cl/encendedor-clipper-death-animals-3"
0.186;1;1.80;13355;990;"Encendedor Clipper Motor Sport 1";10318;3;550;"Repuesto Clipper Pedernal Encendedor (3u) | PIRANHA";"encendedor clipper";"https://fumetas.cl/encendedor-clipper-motor-sport-1"
0.186;1;1.80;13356;990;"Encendedor Clipper Motor Sport 3";10318;3;550;"Repuesto Clipper Pedernal Encendedor (3u) | PIRANHA";"encendedor clipper";"https://fumetas.cl/encendedor-clipper-motor-sport-3"
0.185;1;1.15;13559;55990;"Bonglab Bong KD1 Classy 29cm";5776;2;64591;"Jelly Fish-Bonglab";"bonglab bong";"https://fumetas.cl/bonglab-bong-kd1"
0.185;1;1.55;34951;64990;"Bonglab Bong Fresh K30 42cm - Morado";10461;2;41990;"Bonglab Cobra Rig Kit Extractos";"bonglab bong";"https://fumetas.cl/bonglab-bong-k30-black-42cm?variant=Morado"
0.185;1;1.80;19590;990;"Encendedor Clipper Animals Zombies";10318;3;550;"Repuesto Clipper Pedernal Encendedor (3u) | PIRANHA";"encendedor clipper";"https://fumetas.cl/encendedor-clipper-animals-zombies"
0.185;1;1.80;13351;990;"Encendedor Clipper Marked Skulls 1";10318;3;550;"Repuesto Clipper Pedernal Encendedor (3u) | PIRANHA";"encendedor clipper";"https://fumetas.cl/encendedor-clipper-marked-skulls-1"
0.184;1;1.80;13341;990;"Encendedor Clipper Cowboy Life 4";10318;3;550;"Repuesto Clipper Pedernal Encendedor (3u) | PIRANHA";"encendedor clipper";"https://fumetas.cl/encendedor-clipper-cowboy-life-4"
0.184;1;1.80;13340;990;"Encendedor Clipper Cowboy Life 3";10318;3;550;"Repuesto Clipper Pedernal Encendedor (3u) | PIRANHA";"encendedor clipper";"https://fumetas.cl/encendedor-clipper-cowboy-life-3"
0.184;1;1.80;13339;990;"Encendedor Clipper Cowboy Life 2";10318;3;550;"Repuesto Clipper Pedernal Encendedor (3u) | PIRANHA";"encendedor clipper";"https://fumetas.cl/encendedor-clipper-cowboy-life-2"
0.184;1;2.16;34442;14990;"Calvo Glass Pipa Screen 10 cm - Blanco";10375;2;6951;"Calvo Glass Difusor Premium 14mm";"calvo glass";"https://fumetas.cl/calvo-glass-pipa-con-rejilla-integrada-10-cm?variant=Blanco"
0.184;1;8.13;13313;56541;"Calvo Glass Bong Rig Monster 21 cm";10375;2;6951;"Calvo Glass Difusor Premium 14mm";"calvo glass";"https://fumetas.cl/calvo-glass-rig-monster-21cm"
0.183;1;2.16;34440;14990;"Calvo Glass Pipa Screen 10 cm - Amarillo";10375;2;6951;"Calvo Glass Difusor Premium 14mm";"calvo glass";"https://fumetas.cl/calvo-glass-pipa-con-rejilla-integrada-10-cm?variant=Amarillo"
0.183;1;12.71;35867;6990;"Encendedor Clipper Metalico Tottems - Negro";10318;3;550;"Repuesto Clipper Pedernal Encendedor (3u) | PIRANHA";"encendedor clipper";"https://fumetas.cl/encendedor-clipper-metalico-tottem?variant=Negro"
0.183;1;1.80;93;990;"Encendedor Clipper Horror Days 1";10318;3;550;"Repuesto Clipper Pedernal Encendedor (3u) | PIRANHA";"encendedor clipper";"https://fumetas.cl/encendedor-clipper-horror-days-1"
0.183;1;5.03;35000;34990;"Calvo Glass Bong Esencial 22cm - Morado";10375;2;6951;"Calvo Glass Difusor Premium 14mm";"calvo glass";"https://fumetas.cl/calvo-glass-bong-shower-23cm?variant=Morado"
0.183;1;1.14;34954;47990;"BongLab Bong KH1 Mercurial 24cm - Azul";10461;2;41990;"Bonglab Cobra Rig Kit Extractos";"bonglab bong";"https://fumetas.cl/bonglab-bong-kh1-mercurial-24cm?variant=Azul"
0.183;1;1.80;19596;990;"Encendedor Clipper Be Hippie";10318;3;550;"Repuesto Clipper Pedernal Encendedor (3u) | PIRANHA";"encendedor clipper";"https://fumetas.cl/encendedor-clipper-be-hippie"
0.182;1;1.80;4;990;"Encendedor Clipper Winter Plans 2";10318;3;550;"Repuesto Clipper Pedernal Encendedor (3u) | PIRANHA";"encendedor clipper";"https://fumetas.cl/encendedor-clipper-winter-plans-2"
0.182;1;1.80;92;990;"Encendedor Clipper Winter Plans 1";10318;3;550;"Repuesto Clipper Pedernal Encendedor (3u) | PIRANHA";"encendedor clipper";"https://fumetas.cl/encendedor-clipper-winter-plans-1"
0.182;1;1.62;34418;25990;"BongLab Bong X5 Pocket Bell 17cm - Negro";10461;2;41990;"Bonglab Cobra Rig Kit Extractos";"bonglab bong";"https://fumetas.cl/bonglab-bong-x5-pocket-bell-17cm?variant=Negro"
0.182;1;1.80;7;990;"Encendedor Clipper Zombie Force";10318;3;550;"Repuesto Clipper Pedernal Encendedor (3u) | PIRANHA";"encendedor clipper";"https://fumetas.cl/encendedor-clipper-zombie-force"
0.182;1;2.16;34441;14990;"Calvo Glass Pipa Screen 10 cm - Naranjo";10375;2;6951;"Calvo Glass Difusor Premium 14mm";"calvo glass";"https://fumetas.cl/calvo-glass-pipa-con-rejilla-integrada-10-cm?variant=Naranjo"
0.182;1;2.69;34956;23990;"BongLab Bong R2 Tiny 18cm - Rosado";5776;2;64591;"Jelly Fish-Bonglab";"bonglab bong";"https://fumetas.cl/bonglab-bong-r2-18cm-tinybong?variant=Rosado"
0.182;1;2.52;33889;105990;"Bonglab Bong Glycerin Thicc 36cm - Rosado";10461;2;41990;"Bonglab Cobra Rig Kit Extractos";"bonglab bong";"https://fumetas.cl/bonglab-bong-glycerin-thicc-mint-36cm?variant=Rosado"
0.182;1;1.62;34420;25990;"BongLab Bong X5 Pocket Bell 17cm - Verde";10461;2;41990;"Bonglab Cobra Rig Kit Extractos";"bonglab bong";"https://fumetas.cl/bonglab-bong-x5-pocket-bell-17cm?variant=Verde"
0.182;1;7.91;34738;54990;"Calvo Glass Bong Beaker Premium 45cm - Naranja";10375;2;6951;"Calvo Glass Difusor Premium 14mm";"calvo glass";"https://fumetas.cl/calvo-glass-bong-beaker-lite-45cm?variant=Naranja"
0.181;1;1.73;1529;11992;"Calvo Glass Pipa Twist Spoon 11cm";10375;2;6951;"Calvo Glass Difusor Premium 14mm";"calvo glass";"https://fumetas.cl/calvo-glass-pipa-twist-spoon-11cm"
0.181;1;5.03;35001;34990;"Calvo Glass Bong Esencial 22cm - Rosado";10375;2;6951;"Calvo Glass Difusor Premium 14mm";"calvo glass";"https://fumetas.cl/calvo-glass-bong-shower-23cm?variant=Rosado"
0.181;1;2.69;34957;23990;"BongLab Bong R2 Tiny 18cm - Amarillo";5776;2;64591;"Jelly Fish-Bonglab";"bonglab bong";"https://fumetas.cl/bonglab-bong-r2-18cm-tinybong?variant=Amarillo"
0.181;1;1.33;35485;55990;"Bonglab Bong KD1 Classy 29cm - Negro";10461;2;41990;"Bonglab Cobra Rig Kit Extractos";"bonglab bong";"https://fumetas.cl/bonglab-bong-kd1?variant=Negro"
0.180;1;1.08;35281;59990;"BongLab Bong K18 HeadShot 40cm - Azul";5776;2;64591;"Jelly Fish-Bonglab";"bonglab bong";"https://fumetas.cl/bonglab-bong-k18-headshot?variant=Azul"
0.180;1;1.62;34068;67990;"Bonglab Bong K276 Bongbastic 45cm - Turquesa";10461;2;41990;"Bonglab Cobra Rig Kit Extractos";"bonglab bong";"https://fumetas.cl/bonglab-bongbastic-k276?variant=Turquesa"
0.180;1;1.33;35484;55990;"Bonglab Bong KD1 Classy 29cm - Verde";10461;2;41990;"Bonglab Cobra Rig Kit Extractos";"bonglab bong";"https://fumetas.cl/bonglab-bong-kd1?variant=Verde"
0.180;1;2.58;33945;24990;"BongLab Bong R3 Mini 10.5cm - Azul";5776;2;64591;"Jelly Fish-Bonglab";"bonglab bong";"https://fumetas.cl/bonglab-bong-r3-mini-105cm?variant=Azul"
0.180;1;1.33;35486;55990;"Bonglab Bong KD1 Classy 29cm - Azul";10461;2;41990;"Bonglab Cobra Rig Kit Extractos";"bonglab bong";"https://fumetas.cl/bonglab-bong-kd1?variant=Azul"
0.180;1;1.55;34950;64990;"Bonglab Bong Fresh K30 42cm - Turquesa";10461;2;41990;"Bonglab Cobra Rig Kit Extractos";"bonglab bong";"https://fumetas.cl/bonglab-bong-k30-black-42cm?variant=Turquesa"
0.180;1;1.68;33947;24990;"BongLab Bong R3 Mini 10.5cm - Turquesa";10461;2;41990;"Bonglab Cobra Rig Kit Extractos";"bonglab bong";"https://fumetas.cl/bonglab-bong-r3-mini-105cm?variant=Turquesa"
0.179;1;1.14;1223;6081;"Calvo Glass Moledor Metálico 1 Piso 50mm";10375;2;6951;"Calvo Glass Difusor Premium 14mm";"calvo glass";"https://fumetas.cl/calvo-glass-moledor-metalico-1-piso-50mm"
0.179;1;1.68;33949;24990;"BongLab Bong R3 Mini 10.5cm - Transparente";10461;2;41990;"Bonglab Cobra Rig Kit Extractos";"bonglab bong";"https://fumetas.cl/bonglab-bong-r3-mini-105cm?variant=Transparente"
0.179;1;1.80;19623;990;"Encendedor Clipper Fruit Strains";10318;3;550;"Repuesto Clipper Pedernal Encendedor (3u) | PIRANHA";"encendedor clipper";"https://fumetas.cl/encendedor-clipper-fruit-strains"
0.179;1;12.71;19292;6990;"Encendedor Clipper Metálico Classic Cars";10318;3;550;"Repuesto Clipper Pedernal Encendedor (3u) | PIRANHA";"encendedor clipper";"https://fumetas.cl/encendedor-clipper-metalico-clasicc-cars"
0.179;1;1.01;34951;64990;"Bonglab Bong Fresh K30 42cm - Morado";5776;2;64591;"Jelly Fish-Bonglab";"bonglab bong";"https://fumetas.cl/bonglab-bong-k30-black-42cm?variant=Morado"
0.179;1;1.83;34673;22990;"Bonglab Bong KS11 Classic Ice 26cm - Verde";10461;2;41990;"Bonglab Cobra Rig Kit Extractos";"bonglab bong";"https://fumetas.cl/bonglab-bong-ks11-classic-ice-26cm?variant=Verde"
0.179;1;1.62;34678;25990;"Bonglab Bong X2 Color Cube 23cm - Rosado";10461;2;41990;"Bonglab Cobra Rig Kit Extractos";"bonglab bong";"https://fumetas.cl/bonglab-bong-x2-colo-cube-23cm?variant=Rosado"
0.178;1;5.75;34787;39990;"Calvo G l a s s Bong Space Horn Rig 21cm - Azul";10375;2;6951;"Calvo Glass Difusor Premium 14mm";"calvo azul";"https://fumetas.cl/calvo-glass-space-horn-rig-23cm?variant=Azul"
0.178;1;1.80;19718;990;"Encendedor Clipper Unicorn Sings";10318;3;550;"Repuesto Clipper Pedernal Encendedor (3u) | PIRANHA";"encendedor clipper";"https://fumetas.cl/encendedor-clipper-unicorn-sings"
0.178;1;1.80;91;990;"Encendedor Clipper Dino Sports";10318;3;550;"Repuesto Clipper Pedernal Encendedor (3u) | PIRANHA";"encendedor clipper";"https://fumetas.cl/encendedor-clipper-dino-sports"
0.177;1;1.35;34954;47990;"BongLab Bong KH1 Mercurial 24cm - Azul";5776;2;64591;"Jelly Fish-Bonglab";"bonglab bong";"https://fumetas.cl/bonglab-bong-kh1-mercurial-24cm?variant=Azul"
0.177;1;1.05;35874;43990;"Encendedor Zippo Harley Davidson Carbon Fiber";10737;2;41990;"Encendedor Zippo Classic High Polish Green";"encendedor zippo";"https://fumetas.cl/encendedor-zippo-harley-davidson-carbon-fiber"
0.176;1;12.71;35868;6990;"Encendedor Clipper Metalico Tottems - Plateado";10318;3;550;"Repuesto Clipper Pedernal Encendedor (3u) | PIRANHA";"encendedor clipper";"https://fumetas.cl/encendedor-clipper-metalico-tottem?variant=Plateado"
0.176;1;1.80;19468;990;"Encendedor Clipper Cops And Robbers";10318;3;550;"Repuesto Clipper Pedernal Encendedor (3u) | PIRANHA";"encendedor clipper";"https://fumetas.cl/encendedor-clipper-cops-and-robbers"
0.176;1;1.80;19690;990;"Encendedor Clipper See You";10318;3;550;"Repuesto Clipper Pedernal Encendedor (3u) | PIRANHA";"encendedor clipper";"https://fumetas.cl/encendedor-clipper-see-you"
0.176;1;1.80;19595;990;"Encendedor Clipper Baroque Grass";10318;3;550;"Repuesto Clipper Pedernal Encendedor (3u) | PIRANHA";"encendedor clipper";"https://fumetas.cl/encendedor-clipper-baroque-grass"
0.176;1;12.71;35866;6990;"Encendedor Clipper Metalico Tottems - Dorado";10318;3;550;"Repuesto Clipper Pedernal Encendedor (3u) | PIRANHA";"encendedor clipper";"https://fumetas.cl/encendedor-clipper-metalico-tottem?variant=Dorado"
0.176;1;1.62;34679;25990;"Bonglab Bong X2 Color Cube 23cm - Ámbar";10461;2;41990;"Bonglab Cobra Rig Kit Extractos";"bonglab bong";"https://fumetas.cl/bonglab-bong-x2-colo-cube-23cm?variant=%C3%81mbar"
0.176;1;1.64;33889;105990;"Bonglab Bong Glycerin Thicc 36cm - Rosado";5776;2;64591;"Jelly Fish-Bonglab";"bonglab bong";"https://fumetas.cl/bonglab-bong-glycerin-thicc-mint-36cm?variant=Rosado"
0.176;1;5.75;13202;39990;"Calvo Glass Implosion Drop Rig 23cm";10375;2;6951;"Calvo Glass Difusor Premium 14mm";"calvo glass";"https://fumetas.cl/calvo-glass-implosion-drop-rig-23cm"
0.176;1;1.01;34777;6890;"Calvo Glass Quemador Perlas - Macho 18mm - Turquesa";10375;2;6951;"Calvo Glass Difusor Premium 14mm";"calvo glass";"https://fumetas.cl/calvo-glass-quemador-perlas-macho-18mm?variant=Turquesa"
0.175;1;1.62;34421;25990;"BongLab Bong X5 Pocket Bell 17cm - Ámbar";10461;2;41990;"Bonglab Cobra Rig Kit Extractos";"bonglab bong";"https://fumetas.cl/bonglab-bong-x5-pocket-bell-17cm?variant=%C3%81mbar"
0.175;1;1.14;34953;47990;"BongLab Bong KH1 Mercurial 24cm - Gris";10461;2;41990;"Bonglab Cobra Rig Kit Extractos";"bonglab bong";"https://fumetas.cl/bonglab-bong-kh1-mercurial-24cm?variant=Gris"
0.175;1;1.83;34672;22990;"Bonglab Bong KS11 Classic Ice 26cm - Rosado";10461;2;41990;"Bonglab Cobra Rig Kit Extractos";"bonglab bong";"https://fumetas.cl/bonglab-bong-ks11-classic-ice-26cm?variant=Rosado"
0.175;1;1.05;34068;67990;"Bonglab Bong K276 Bongbastic 45cm - Turquesa";5776;2;64591;"Jelly Fish-Bonglab";"bonglab bong";"https://fumetas.cl/bonglab-bongbastic-k276?variant=Turquesa"
0.174;1;1.15;35486;55990;"Bonglab Bong KD1 Classy 29cm - Azul";5776;2;64591;"Jelly Fish-Bonglab";"bonglab bong";"https://fumetas.cl/bonglab-bong-kd1?variant=Azul"
0.174;1;1.01;34950;64990;"Bonglab Bong Fresh K30 42cm - Turquesa";5776;2;64591;"Jelly Fish-Bonglab";"bonglab bong";"https://fumetas.cl/bonglab-bong-k30-black-42cm?variant=Turquesa"
0.174;1;2.58;33947;24990;"BongLab Bong R3 Mini 10.5cm - Turquesa";5776;2;64591;"Jelly Fish-Bonglab";"bonglab bong";"https://fumetas.cl/bonglab-bong-r3-mini-105cm?variant=Turquesa"
0.173;1;2.58;33949;24990;"BongLab Bong R3 Mini 10.5cm - Transparente";5776;2;64591;"Jelly Fish-Bonglab";"bonglab bong";"https://fumetas.cl/bonglab-bong-r3-mini-105cm?variant=Transparente"
0.173;1;2.16;34752;14990;"Calvo Glass Pipa Twist Spoon 11cm - Negro";10375;2;6951;"Calvo Glass Difusor Premium 14mm";"calvo glass";"https://fumetas.cl/calvo-glass-pipa-twist-spoon-11cm?variant=Negro"
0.173;1;2.49;34678;25990;"Bonglab Bong X2 Color Cube 23cm - Rosado";5776;2;64591;"Jelly Fish-Bonglab";"bonglab bong";"https://fumetas.cl/bonglab-bong-x2-colo-cube-23cm?variant=Rosado"
0.173;1;6.33;13629;43990;"Calvo Glass Straight Tube XL 40cm";10375;2;6951;"Calvo Glass Difusor Premium 14mm";"calvo glass";"https://fumetas.cl/calvo-glass-straight-tube-xl-39cm"
0.173;1;1.83;34675;22990;"Bonglab Bong KS11 Classic Ice 26cm - Ámbar";10461;2;41990;"Bonglab Cobra Rig Kit Extractos";"bonglab bong";"https://fumetas.cl/bonglab-bong-ks11-classic-ice-26cm?variant=%C3%81mbar"
0.171;1;3.63;19454;25221;"Calvo Glass Bong Compact Skull Rig 19cm";10375;2;6951;"Calvo Glass Difusor Premium 14mm";"calvo glass";"https://fumetas.cl/calvo-glass-bong-skull-rig"
0.171;1;2.16;34754;14990;"Calvo Glass Pipa Twist Spoon 11cm - Rojo";10375;2;6951;"Calvo Glass Difusor Premium 14mm";"calvo glass";"https://fumetas.cl/calvo-glass-pipa-twist-spoon-11cm?variant=Rojo"
0.170;1;1.83;37485;22990;"Bonglab Bong KS10 Little Buchner 25cm - Verde";10461;2;41990;"Bonglab Cobra Rig Kit Extractos";"bonglab bong";"https://fumetas.cl/smokeshop/bongs-y-pipas/bongs/bonglab-ks10-little-buchner?variant=Verde"
0.170;1;2.49;34679;25990;"Bonglab Bong X2 Color Cube 23cm - Ámbar";5776;2;64591;"Jelly Fish-Bonglab";"bonglab bong";"https://fumetas.cl/bonglab-bong-x2-colo-cube-23cm?variant=%C3%81mbar"
0.170;1;1.35;34505;30990;"BongLab Bong W06 Fat Candy 25cm - Verde";10461;2;41990;"Bonglab Cobra Rig Kit Extractos";"bonglab bong";"https://fumetas.cl/bonglab-bong-w06-fat-candy-25-cm?variant=Verde"
0.170;1;1.83;37484;22990;"Bonglab Bong KS10 Little Buchner 25cm - Azul";10461;2;41990;"Bonglab Cobra Rig Kit Extractos";"bonglab bong";"https://fumetas.cl/smokeshop/bongs-y-pipas/bongs/bonglab-ks10-little-buchner?variant=Azul"
0.170;1;2.49;34421;25990;"BongLab Bong X5 Pocket Bell 17cm - Ámbar";5776;2;64591;"Jelly Fish-Bonglab";"bonglab bong";"https://fumetas.cl/bonglab-bong-x5-pocket-bell-17cm?variant=%C3%81mbar"
0.170;1;1.35;34953;47990;"BongLab Bong KH1 Mercurial 24cm - Gris";5776;2;64591;"Jelly Fish-Bonglab";"bonglab bong";"https://fumetas.cl/bonglab-bong-kh1-mercurial-24cm?variant=Gris"
0.169;1;2.81;34672;22990;"Bonglab Bong KS11 Classic Ice 26cm - Rosado";5776;2;64591;"Jelly Fish-Bonglab";"bonglab bong";"https://fumetas.cl/bonglab-bong-ks11-classic-ice-26cm?variant=Rosado"
0.168;1;2.16;34755;14990;"Calvo Glass Pipa Twist Spoon 11cm - Naranjo";10375;2;6951;"Calvo Glass Difusor Premium 14mm";"calvo glass";"https://fumetas.cl/calvo-glass-pipa-twist-spoon-11cm?variant=Naranjo"
0.168;1;5.75;34750;39990;"Calvo Glass Implosion Drop Rig 23cm - Verde";10375;2;6951;"Calvo Glass Difusor Premium 14mm";"calvo glass";"https://fumetas.cl/calvo-glass-implosion-drop-rig-23cm?variant=Verde"
0.167;1;2.81;34675;22990;"Bonglab Bong KS11 Classic Ice 26cm - Ámbar";5776;2;64591;"Jelly Fish-Bonglab";"bonglab bong";"https://fumetas.cl/bonglab-bong-ks11-classic-ice-26cm?variant=%C3%81mbar"
0.167;1;8.76;13570;60891;"Calvo Glass Shower Head Monster 30 cm";10375;2;6951;"Calvo Glass Difusor Premium 14mm";"calvo glass";"https://fumetas.cl/calvo-glass-shower-head-monster-30-cm"
0.167;1;1.35;34503;30990;"BongLab Bong W06 Fat Candy 25cm - Rosado";10461;2;41990;"Bonglab Cobra Rig Kit Extractos";"bonglab bong";"https://fumetas.cl/bonglab-bong-w06-fat-candy-25-cm?variant=Rosado"
0.167;1;3.88;3007;26990;"Calvo Glass Bong Straight Tube Lite 26cm";10375;2;6951;"Calvo Glass Difusor Premium 14mm";"calvo glass";"https://fumetas.cl/calvo-glass-bong-straight-tube-lite-26cm"
0.166;1;5.75;34751;39990;"Calvo Glass Implosion Drop Rig 23cm - Morado";10375;2;6951;"Calvo Glass Difusor Premium 14mm";"calvo glass";"https://fumetas.cl/calvo-glass-implosion-drop-rig-23cm?variant=Morado"
0.166;1;8.13;35030;56541;"Calvo Glass Bong Rig Monster 21 cm - Naranja";10375;2;6951;"Calvo Glass Difusor Premium 14mm";"calvo glass";"https://fumetas.cl/calvo-glass-rig-monster-21cm?variant=Naranja"
0.166;1;4.03;3005;27992;"Calvo Glass Bong Straight Tube American 26cm";10375;2;6951;"Calvo Glass Difusor Premium 14mm";"calvo glass";"https://fumetas.cl/calvo-glass-bong-straight-tube-american-26cm"
0.166;1;8.76;13191;60891;"Calvo Glass Beaker Tree Perc XL 40cm";10375;2;6951;"Calvo Glass Difusor Premium 14mm";"calvo glass";"https://fumetas.cl/calvo-glass-beaker-tree-perc-40cm"
0.165;1;12.71;35710;6990;"Encendedor Clipper Metálico Classic Cars - Plateado";10318;3;550;"Repuesto Clipper Pedernal Encendedor (3u) | PIRANHA";"encendedor clipper";"https://fumetas.cl/encendedor-clipper-metalico-clasicc-cars?variant=Plateado"
0.165;1;2.81;37484;22990;"Bonglab Bong KS10 Little Buchner 25cm - Azul";5776;2;64591;"Jelly Fish-Bonglab";"bonglab bong";"https://fumetas.cl/smokeshop/bongs-y-pipas/bongs/bonglab-ks10-little-buchner?variant=Azul"
0.165;1;3.60;35590;24990;"Calvo Wax Set Dab Rig + Banger + Carb Cap - Azul";10375;2;6951;"Calvo Glass Difusor Premium 14mm";"calvo azul";"https://fumetas.cl/calvo-wax-set-dab-rig-banger-carb-cap?variant=Azul"
0.165;1;12.71;35711;6990;"Encendedor Clipper Metálico Classic Cars - Dorado";10318;3;550;"Repuesto Clipper Pedernal Encendedor (3u) | PIRANHA";"encendedor clipper";"https://fumetas.cl/encendedor-clipper-metalico-clasicc-cars?variant=Dorado"
0.165;1;1.83;37486;22990;"Bonglab Bong KS10 Little Buchner 25cm - Ámbar";10461;2;41990;"Bonglab Cobra Rig Kit Extractos";"bonglab bong";"https://fumetas.cl/smokeshop/bongs-y-pipas/bongs/bonglab-ks10-little-buchner?variant=%C3%81mbar"
0.165;1;1.35;34506;30990;"BongLab Bong W06 Fat Candy 25cm - Ámbar";10461;2;41990;"Bonglab Cobra Rig Kit Extractos";"bonglab bong";"https://fumetas.cl/bonglab-bong-w06-fat-candy-25-cm?variant=%C3%81mbar"
0.163;1;3.63;36032;25221;"Calvo Glass Bong Compact Skull Rig 19cm - Verde";10375;2;6951;"Calvo Glass Difusor Premium 14mm";"calvo glass";"https://fumetas.cl/calvo-glass-bong-skull-rig?variant=Verde"
0.162;1;3.63;36030;25221;"Calvo Glass Bong Compact Skull Rig 19cm - Morado";10375;2;6951;"Calvo Glass Difusor Premium 14mm";"calvo glass";"https://fumetas.cl/calvo-glass-bong-skull-rig?variant=Morado"
0.162;1;2.08;34503;30990;"BongLab Bong W06 Fat Candy 25cm - Rosado";5776;2;64591;"Jelly Fish-Bonglab";"bonglab bong";"https://fumetas.cl/bonglab-bong-w06-fat-candy-25-cm?variant=Rosado"
0.160;1;3.63;74189;25221;"Calvo Glass Bong Compact Skull Rig 19cm - Amarillo";10375;2;6951;"Calvo Glass Difusor Premium 14mm";"calvo glass";"https://fumetas.cl/calvo-glass-bong-skull-rig?variant=Amarillo"
0.636;0;1.11;35255;990;"Blunt Wrap Platinum x2 - Blueberry";10402;2;890;"Blunt Wrap Double Platinum Blueberry x2";"blunt wrap platinum x2 blueberry";"https://fumetas.cl/blunt-wrap-platinum-x2?variant=Blueberry"
0.622;0;1.99;19860;1990;"Blunt Wraps Hemp x4 - Sabores";11018;2;1000;"Soulblime Blunt Hemp Wraps Chocomint";"blunt wraps hemp sabores";"https://fumetas.cl/blunt-wraps-hemp-x4-sabores"
0.565;0;1.99;36713;1990;"Blunt Wraps Hemp x4 - Sabores - Natural";11018;2;1000;"Soulblime Blunt Hemp Wraps Chocomint";"blunt wraps hemp sabores";"https://fumetas.cl/blunt-wraps-hemp-x4-sabores?variant=Natural"
0.564;0;1.99;36715;1990;"Blunt Wraps Hemp x4 - Sabores - Strawberry";11018;2;1000;"Soulblime Blunt Hemp Wraps Chocomint";"blunt wraps hemp sabores";"https://fumetas.cl/blunt-wraps-hemp-x4-sabores?variant=Strawberry"
0.562;0;1.99;36712;1990;"Blunt Wraps Hemp x4 - Sabores - Grape";11018;2;1000;"Soulblime Blunt Hemp Wraps Chocomint";"blunt wraps hemp sabores";"https://fumetas.cl/blunt-wraps-hemp-x4-sabores?variant=Grape"
0.558;0;1.99;36711;1990;"Blunt Wraps Hemp x4 - Sabores - Chocolate";11018;2;1000;"Soulblime Blunt Hemp Wraps Chocomint";"blunt wraps hemp sabores";"https://fumetas.cl/blunt-wraps-hemp-x4-sabores?variant=Chocolate"
0.555;0;1.99;36714;1990;"Blunt Wraps Hemp x4 - Sabores - Watermelon";11018;2;1000;"Soulblime Blunt Hemp Wraps Chocomint";"blunt wraps hemp sabores";"https://fumetas.cl/blunt-wraps-hemp-x4-sabores?variant=Watermelon"
0.545;0;1.00;20147;4990;"Calvo Glass Insert Transparente";10605;3;4990;"Calvo Glass Clear Insert Banger";"calvo glass insert transparente";"https://fumetas.cl/calvo-glass-insert-transparente"
0.505;0;1.99;36710;1990;"Blunt Wraps Hemp x4 - Sabores - Bubble Gum";11018;2;1000;"Soulblime Blunt Hemp Wraps Chocomint";"blunt wraps hemp sabores";"https://fumetas.cl/blunt-wraps-hemp-x4-sabores?variant=Bubble%20Gum"
0.477;0;1.11;35262;990;"Blunt Wrap Platinum x2 - Mango";10402;2;890;"Blunt Wrap Double Platinum Blueberry x2";"blunt wrap platinum x2";"https://fumetas.cl/blunt-wrap-platinum-x2?variant=Mango"
0.477;0;1.11;35257;990;"Blunt Wrap Platinum x2 - Chocolate";10402;2;890;"Blunt Wrap Double Platinum Blueberry x2";"blunt wrap platinum x2";"https://fumetas.cl/blunt-wrap-platinum-x2?variant=Chocolate"
0.474;0;3.15;8143;10990;"Pulsar Hitter Vidrio y Madera 10,2 cm";10523;2;3490;"Hitter OZeta de Vidrio";"hitter vidrio";"https://fumetas.cl/pulsar-hitter-vidrio-y-madera"
0.468;0;1.11;35253;990;"Blunt Wrap Platinum x2 - Berries";10402;2;890;"Blunt Wrap Double Platinum Blueberry x2";"blunt wrap platinum x2";"https://fumetas.cl/blunt-wrap-platinum-x2?variant=Berries"
0.453;0;18.09;74000;35990;"Integra Boost 320gr.- 55%/62%/69% - 55%";11049;2;1990;"Integra Boost Humedad 55%";"integra boost 55";"https://fumetas.cl/boveda-size-320g-55?variant=55%25"
0.453;0;18.09;74001;35990;"Integra Boost 320gr.- 55%/62%/69% - 62%";11049;2;1990;"Integra Boost Humedad 55%";"integra boost 55";"https://fumetas.cl/boveda-size-320g-55?variant=62%25"
0.453;0;18.09;74002;35990;"Integra Boost 320gr.- 55%/62%/69% - 69%";11049;2;1990;"Integra Boost Humedad 55%";"integra boost 55";"https://fumetas.cl/boveda-size-320g-55?variant=69%25"
0.450;0;1.81;13664;1790;"Papelillos Gizeh Unbleached King Size + Tips";5421;2;990;"Papelillo Unbleached King Size Slim Blazy Susan";"unbleached king size";"https://fumetas.cl/papelillos-gizeh-unbleached-king-size-tips"
0.442;0;1.11;35274;990;"Blunt Wrap Platinum x2 - Cookies and Cream";10402;2;890;"Blunt Wrap Double Platinum Blueberry x2";"blunt wrap platinum x2";"https://fumetas.cl/blunt-wrap-platinum-x2?variant=Cookies%20and%20Cream"
0.440;0;1.11;35254;990;"Blunt Wrap Platinum x2 - Bubble Gum";10402;2;890;"Blunt Wrap Double Platinum Blueberry x2";"blunt wrap platinum x2";"https://fumetas.cl/blunt-wrap-platinum-x2?variant=Bubble%20Gum"
0.440;0;1.45;37205;1290;"LRC Blunt Hemp Wrap x2 - Sabores - Blueberry";10402;2;890;"Blunt Wrap Double Platinum Blueberry x2";"blunt wrap x2 blueberry";"https://fumetas.cl/lrc-blunt-hemp-wrap-sabores-surtidos?variant=Blueberry"
0.439;0;1.11;35271;990;"Blunt Wrap Platinum x2 - Wild Honey";10402;2;890;"Blunt Wrap Double Platinum Blueberry x2";"blunt wrap platinum x2";"https://fumetas.cl/blunt-wrap-platinum-x2?variant=Wild%20Honey"
0.434;0;1.11;72097;990;"Blunt Wrap Platinum x2 - Chocolate Mint";10402;2;890;"Blunt Wrap Double Platinum Blueberry x2";"blunt wrap platinum x2";"https://fumetas.cl/blunt-wrap-platinum-x2?variant=Chocolate%20Mint"
0.429;0;1.11;72095;990;"Blunt Wrap Platinum x2 - Mango Maracuyá";10402;2;890;"Blunt Wrap Double Platinum Blueberry x2";"blunt wrap platinum x2";"https://fumetas.cl/blunt-wrap-platinum-x2?variant=Mango%20Maracuy%C3%A1"
0.428;0;1.11;35269;990;"Blunt Wrap Platinum x2 - Wet Cherry";10402;2;890;"Blunt Wrap Double Platinum Blueberry x2";"blunt wrap platinum x2";"https://fumetas.cl/blunt-wrap-platinum-x2?variant=Wet%20Cherry"
0.427;0;5.73;8144;19990;"Ryot Hitter de Madera con Punta de Vidrio";10523;2;3490;"Hitter OZeta de Vidrio";"hitter vidrio";"https://fumetas.cl/ryot-hitter-de-madera-con-punta-de-vidrio"
0.427;0;1.00;2073;990;"Gizeh Tubo Plástico Porta Caño";10390;2;990;"Galaxy Porta Caño Black";"porta cano";"https://fumetas.cl/gizeh-tubo-plastico-porta-cano"
0.426;0;1.38;13663;1090;"Papelillos Gizeh Pink King Size";10685;2;1500;"Papelillos Vibes Rice King Size Slim";"papelillos king size";"https://fumetas.cl/papelillos-gizeh-pink-king-size-sabanas"
0.425;0;1.11;646;890;"Papelillos Gizeh King Size Pure Cañamo Orgánico";10868;2;990;"RAW Organic Hemp 1 1/4";"papelillos canamo organico";"https://fumetas.cl/gizeh-papelillos-king-size-pure-canamo-organico"
0.421;0;1.11;72096;990;"Blunt Wrap Platinum x2 - Vanilla Caramel";10402;2;890;"Blunt Wrap Double Platinum Blueberry x2";"blunt wrap platinum x2";"https://fumetas.cl/blunt-wrap-platinum-x2?variant=Vanilla%20Caramel"
0.420;0;1.49;2085;1490;"Conos Blunt Kush Hemp x2 - Sabores";11018;2;1000;"Soulblime Blunt Hemp Wraps Chocomint";"blunt hemp sabores";"https://fumetas.cl/conos-kush-hemp-sabores"
0.420;0;1.49;37534;1490;"Conos Blunt Kush Hemp x2 - Sabores - Original";11018;2;1000;"Soulblime Blunt Hemp Wraps Chocomint";"blunt hemp sabores";"https://fumetas.cl/conos-kush-hemp-sabores?variant=Original"
0.420;0;1.29;20102;1290;"LRC Blunt Hemp Wrap x2 - Sabores";11018;2;1000;"Soulblime Blunt Hemp Wraps Chocomint";"blunt hemp sabores";"https://fumetas.cl/lrc-blunt-hemp-wrap-sabores-surtidos"
0.416;0;3.82;37467;41990;"Pulsar Batería Doble Cartridge 510 DL Tandem - Azul";10638;2;10990;"Bateria Galaxy 510";"bateria cartridge 510 azul";"https://fumetas.cl/pulsar-bateria-cartridges-510-dl-tandem?variant=Azul"
0.414;0;2.66;19768;3990;"LRC Porta Papelillos King Size";10685;2;1500;"Papelillos Vibes Rice King Size Slim";"papelillos king size";"https://fumetas.cl/lion-rolling-circus-porta-papelillos-king-size"
0.396;0;4.09;19794;44990;"Pulsar Pipa Batería Cartridge 510 DL";10638;2;10990;"Bateria Galaxy 510";"bateria cartridge 510";"https://fumetas.cl/pulsar-bateria-cartridge-510-dl-pipa"
0.396;0;1.06;19790;1590;"Pack Papelillos Gizeh Black King Size + Tips";10685;2;1500;"Papelillos Vibes Rice King Size Slim";"papelillos king size";"https://fumetas.cl/pack-papelillos-gizeh-black-king-size-tips"
0.394;0;1.15;35850;9561;"Calvo Glass Batería Cartridge 510 - Tornasol";10638;2;10990;"Bateria Galaxy 510";"bateria cartridge 510";"https://fumetas.cl/calvo-glass-bateria-510?variant=Tornasol"
0.394;0;1.19;223;1790;"Gizeh Papelillos King Size Pink + Tips";10685;2;1500;"Papelillos Vibes Rice King Size Slim";"papelillos king size";"https://fumetas.cl/gizeh-papelillos-king-size-pink-tips"
0.386;0;2.66;36471;3990;"LRC Porta Papelillos King Size - Pink";10685;2;1500;"Papelillos Vibes Rice King Size Slim";"papelillos king size";"https://fumetas.cl/lion-rolling-circus-porta-papelillos-king-size?variant=Pink"
0.386;0;2.66;36474;3990;"LRC Porta Papelillos King Size - Blue";10685;2;1500;"Papelillos Vibes Rice King Size Slim";"papelillos king size";"https://fumetas.cl/lion-rolling-circus-porta-papelillos-king-size?variant=Blue"
0.384;0;1.19;13664;1790;"Papelillos Gizeh Unbleached King Size + Tips";10685;2;1500;"Papelillos Vibes Rice King Size Slim";"papelillos king size";"https://fumetas.cl/papelillos-gizeh-unbleached-king-size-tips"
0.382;0;2.66;36469;3990;"LRC Porta Papelillos King Size - Purple";10685;2;1500;"Papelillos Vibes Rice King Size Slim";"papelillos king size";"https://fumetas.cl/lion-rolling-circus-porta-papelillos-king-size?variant=Purple"
0.382;0;1.49;37537;1490;"Conos Blunt Kush Hemp x2 - Sabores - Grape";11018;2;1000;"Soulblime Blunt Hemp Wraps Chocomint";"blunt hemp sabores";"https://fumetas.cl/conos-kush-hemp-sabores?variant=Grape"
0.381;0;1.29;37205;1290;"LRC Blunt Hemp Wrap x2 - Sabores - Blueberry";11018;2;1000;"Soulblime Blunt Hemp Wraps Chocomint";"blunt hemp sabores";"https://fumetas.cl/lrc-blunt-hemp-wrap-sabores-surtidos?variant=Blueberry"
0.379;0;1.29;37207;1290;"LRC Blunt Hemp Wrap x2 - Sabores - Mango";11018;2;1000;"Soulblime Blunt Hemp Wraps Chocomint";"blunt hemp sabores";"https://fumetas.cl/lrc-blunt-hemp-wrap-sabores-surtidos?variant=Mango"
0.379;0;1.29;37203;1290;"LRC Blunt Hemp Wrap x2 - Sabores - Chocolate";11018;2;1000;"Soulblime Blunt Hemp Wraps Chocomint";"blunt hemp sabores";"https://fumetas.cl/lrc-blunt-hemp-wrap-sabores-surtidos?variant=Chocolate"
0.378;0;6.90;19840;4490;"Zengaz Encendedor Soplete Design 2";10364;2;30990;"Zippo Flame Design Colorblock";"encendedor design";"https://fumetas.cl/zengaz-encendedor-soplete-design"
0.377;0;1.38;207;1090;"Papelillos Gizeh Black King Size - Sabanas";10685;2;1500;"Papelillos Vibes Rice King Size Slim";"papelillos king size";"https://fumetas.cl/papelillos-gizeh-black-king-size-sabanas"
0.376;0;2.66;36472;3990;"LRC Porta Papelillos King Size - Orange";10685;2;1500;"Papelillos Vibes Rice King Size Slim";"papelillos king size";"https://fumetas.cl/lion-rolling-circus-porta-papelillos-king-size?variant=Orange"
0.375;0;2.27;37527;24990;"Calvo Batería Hide Cartridge 510 - Rosado";10638;2;10990;"Bateria Galaxy 510";"bateria cartridge 510";"https://fumetas.cl/calvo-bateria-hide-cartridge-510?variant=Rosado"
0.374;0;1.49;37535;1490;"Conos Blunt Kush Hemp x2 - Sabores - Sweet";11018;2;1000;"Soulblime Blunt Hemp Wraps Chocomint";"blunt hemp sabores";"https://fumetas.cl/conos-kush-hemp-sabores?variant=Sweet"
0.371;0;1.49;37536;1490;"Conos Blunt Kush Hemp x2 - Sabores - Lemonade";11018;2;1000;"Soulblime Blunt Hemp Wraps Chocomint";"blunt hemp sabores";"https://fumetas.cl/conos-kush-hemp-sabores?variant=Lemonade"
0.371;0;1.49;37538;1490;"Conos Blunt Kush Hemp x2 - Sabores - Berries";11018;2;1000;"Soulblime Blunt Hemp Wraps Chocomint";"blunt hemp sabores";"https://fumetas.cl/conos-kush-hemp-sabores?variant=Berries"
0.369;0;1.55;20185;16990;"Pulsar Bateria 510 Cartridge Pantalla Digital";10638;2;10990;"Bateria Galaxy 510";"bateria 510 cartridge";"https://fumetas.cl/pulsar-bateria-pantalla-digital"
0.368;0;2.14;37326;14990;"Calvo Batería Pro Led Cartridge 510 - Rojo-Negro";11022;2;6990;"Brass Knuckles Batería 900mAh con Pantalla";"bateria led 510 rojo negro";"https://fumetas.cl/calvo-bateria-pro-led-cartridge-510?variant=Rojo-Negro"
0.365;0;1.39;59849;10990;"Calvo Lite Moledor Aluminio 50mm - Oro rosa";5507;2;15291;"Grinder Galaxy Aluminio 55mm";"moledor aluminio oro rosa";"https://fumetas.cl/moledor-calvo-lite-aluminio-50mm?variant=Oro%20rosa"
0.363;0;1.15;59849;10990;"Calvo Lite Moledor Aluminio 50mm - Oro rosa";5512;2;12591;"Grinder Galaxy Aluminio 38mm";"moledor aluminio oro rosa";"https://fumetas.cl/moledor-calvo-lite-aluminio-50mm?variant=Oro%20rosa"
0.361;0;5.73;35410;19990;"Ryot Hitter de Madera con Punta de Vidrio - Walnut";10523;2;3490;"Hitter OZeta de Vidrio";"hitter vidrio";"https://fumetas.cl/ryot-hitter-de-madera-con-punta-de-vidrio?variant=Walnut"
0.360;0;5.70;12994;14990;"Calvo Hot Knife Rosca 510 2 uds.";11035;2;85491;"Puffco New Hot Knife Plasma";"hot knife";"https://fumetas.cl/calvo-hot-knife"
0.359;0;1.36;37325;14990;"Calvo Batería Pro Led Cartridge 510 - Tornasol";10638;2;10990;"Bateria Galaxy 510";"bateria cartridge 510";"https://fumetas.cl/calvo-bateria-pro-led-cartridge-510?variant=Tornasol"
0.357;0;2.27;37250;24990;"Pulsar 510 DL Scribe Lápiz para Cartridge - Blanco";10638;2;10990;"Bateria Galaxy 510";"510 cartridge blanco";"https://fumetas.cl/pulsar-510-dl-scribe-lapiz-para-cartridge?variant=Blanco"
0.356;0;5.73;35411;19990;"Ryot Hitter de Madera con Punta de Vidrio - Beech";10523;2;3490;"Hitter OZeta de Vidrio";"hitter vidrio";"https://fumetas.cl/ryot-hitter-de-madera-con-punta-de-vidrio?variant=Beech"
0.355;0;7.28;36139;79990;"Pulsar Batería 510 Delta 3 en 1 Kit - Azul";10638;2;10990;"Bateria Galaxy 510";"bateria 510 azul";"https://fumetas.cl/pulsar-bateria-510-delta-3-en-1-kit?variant=Azul"
0.354;0;2.84;19495;3690;"G-Rollz Bio Organic Green Hemp Papelillos King Size+ Tips + Bandeja";11048;2;1300;"Vibes Papelillos Organic Hemp 1 1/4";"organic hemp papelillos";"https://fumetas.cl/g-rollz-bio-organic-green-hemp-papelillos-king-size-tips"
0.353;0;1.55;37470;16990;"Pulsar Bateria 510 Cartridge Pantalla Digital - Negro";10638;2;10990;"Bateria Galaxy 510";"bateria 510 cartridge";"https://fumetas.cl/pulsar-bateria-pantalla-digital?variant=Negro"
0.352;0;1.36;37326;14990;"Calvo Batería Pro Led Cartridge 510 - Rojo-Negro";10638;2;10990;"Bateria Galaxy 510";"bateria cartridge 510";"https://fumetas.cl/calvo-bateria-pro-led-cartridge-510?variant=Rojo-Negro"
0.352;0;1.66;203;2490;"Smokers Choice Pack Papelillos King Size + Boquillas";10685;2;1500;"Papelillos Vibes Rice King Size Slim";"papelillos king size";"https://fumetas.cl/smokers-choice-pack-papelillos-king-size-boquillas"
0.350;0;32.56;19933;12990;"MouthPeace Micro Boquilla Filtro Carbon Activo";10829;2;422991;"Filtro de Carbón Activado Kasvi 315x1200mm";"filtro carbon activo";"https://fumetas.cl/mouthpeace-micro-boquilla-filtro-carbon-activo"
0.348;0;1.82;37641;19990;"Pulsar Batería Cartridges 510 DL - Azul";10638;2;10990;"Bateria Galaxy 510";"bateria 510 azul";"https://fumetas.cl/pulsar-bateria-cartridges-510-dl?variant=Azul"
0.345;0;1.49;37539;1490;"Conos Blunt Kush Hemp x2 - Sabores - Kiwi Strawberry";11018;2;1000;"Soulblime Blunt Hemp Wraps Chocomint";"blunt hemp sabores";"https://fumetas.cl/conos-kush-hemp-sabores?variant=Kiwi%20Strawberry"
0.345;0;1.29;37208;1290;"LRC Blunt Hemp Wrap x2 - Sabores - Bubble Gum";11018;2;1000;"Soulblime Blunt Hemp Wraps Chocomint";"blunt hemp sabores";"https://fumetas.cl/lrc-blunt-hemp-wrap-sabores-surtidos?variant=Bubble%20Gum"
0.344;0;1.52;19938;990;"Papelillos Flame King Size Wide Blanqueado";10685;2;1500;"Papelillos Vibes Rice King Size Slim";"papelillos king size";"https://fumetas.cl/papelillos-flame-king-size"
0.343;0;1.55;37474;16990;"Pulsar Bateria 510 Cartridge Pantalla Digital - Celeste";10638;2;10990;"Bateria Galaxy 510";"bateria 510 cartridge";"https://fumetas.cl/pulsar-bateria-pantalla-digital?variant=Celeste"
0.342;0;1.36;35771;14990;"Pulsar Batería 510 DL Lite - Azul";10638;2;10990;"Bateria Galaxy 510";"bateria 510 azul";"https://fumetas.cl/pulsar-bateria-510-dl-lite?variant=Azul"
0.342;0;3.82;20184;41990;"Pulsar Batería Doble Cartridge 510 DL Tandem";10638;2;10990;"Bateria Galaxy 510";"bateria cartridge 510";"https://fumetas.cl/pulsar-bateria-cartridges-510-dl-tandem"
0.340;0;2.01;2082;990;"Blunt Kush Hemp Wrap x2";10543;2;1990;"Blunt Hemp Wrap Lion Rolling Circus Terpenes KKKSH";"blunt hemp wrap";"https://fumetas.cl/blunt-kush-hemp-wrap"
0.340;0;2.40;1257;4990;"Moledor Contenedor OCB Plástico 2 en 1";5794;2;11990;"MOLEDOR PLASTICO REFORZADO XL-STORZ & BICKEL";"moledor plastico";"https://fumetas.cl/moledorcontenedor-ocb-plastico-2-en-1"
0.339;0;3.70;13399;3290;"G-Rollz Blunt King Size Cono x2 - Blueberry";10402;2;890;"Blunt Wrap Double Platinum Blueberry x2";"blunt x2 blueberry";"https://fumetas.cl/g-rollz-blunt-king-size-cono-x2-blueberry"
0.338;0;3.73;19495;3690;"G-Rollz Bio Organic Green Hemp Papelillos King Size+ Tips + Bandeja";10868;2;990;"RAW Organic Hemp 1 1/4";"organic hemp papelillos";"https://fumetas.cl/g-rollz-bio-organic-green-hemp-papelillos-king-size-tips"
0.337;0;1.11;2082;990;"Blunt Kush Hemp Wrap x2";10402;2;890;"Blunt Wrap Double Platinum Blueberry x2";"blunt wrap x2";"https://fumetas.cl/blunt-kush-hemp-wrap"
0.336;0;1.69;646;890;"Papelillos Gizeh King Size Pure Cañamo Orgánico";10685;2;1500;"Papelillos Vibes Rice King Size Slim";"papelillos king size";"https://fumetas.cl/gizeh-papelillos-king-size-pure-canamo-organico"
0.336;0;1.64;35775;17990;"Pulsar Bateria Cartridges 510 Payout 3.0 - Azul";10638;2;10990;"Bateria Galaxy 510";"bateria 510 azul";"https://fumetas.cl/pulsar-bateria-510-payout-30?variant=Azul"
0.336;0;1.40;19965;4990;"Thievery Daily Kit 420 Cleaner";10200;3;6990;"Limpiador Parafernalia Silicona Thievery 250Ml";"thievery cleaner";"https://fumetas.cl/thievery-daily-kit-420-cleaner"
0.334;0;1.38;13595;1090;"Papelillos Gizeh King Size verde con imán - Sabanas";10685;2;1500;"Papelillos Vibes Rice King Size Slim";"papelillos king size";"https://fumetas.cl/papelillos-gizeh-king-size-verde-con-iman"
0.334;0;32.56;36837;12990;"MouthPeace Micro Boquilla Filtro Carbon Activo - Morado";10829;2;422991;"Filtro de Carbón Activado Kasvi 315x1200mm";"filtro carbon activo";"https://fumetas.cl/mouthpeace-micro-boquilla-filtro-carbon-activo?variant=Morado"
0.332;0;1.22;13454;1090;"Blunt Wrap Rose Wraps x2";10402;2;890;"Blunt Wrap Double Platinum Blueberry x2";"blunt wrap x2";"https://fumetas.cl/blunt-wrap-rose-x2"
0.331;0;1.52;37326;14990;"Calvo Batería Pro Led Cartridge 510 - Rojo-Negro";10548;2;9891;"Yocan Flat Vaporizador para Cartridge";"cartridge rojo negro";"https://fumetas.cl/calvo-bateria-pro-led-cartridge-510?variant=Rojo-Negro"
0.330;0;1.99;37031;1990;"G-Rollz Blunt Pre Rolled Hemp Wrap x2 - Sabores - Grape";11018;2;1000;"Soulblime Blunt Hemp Wraps Chocomint";"blunt hemp sabores";"https://fumetas.cl/g-rollz-pre-rolled-hemp-wrap-sabores?variant=Grape"
0.330;0;32.56;36844;12990;"MouthPeace Micro Boquilla Filtro Carbon Activo - Celeste";10829;2;422991;"Filtro de Carbón Activado Kasvi 315x1200mm";"filtro carbon activo";"https://fumetas.cl/mouthpeace-micro-boquilla-filtro-carbon-activo?variant=Celeste"
0.329;0;1.99;37030;1990;"G-Rollz Blunt Pre Rolled Hemp Wrap x2 - Sabores - Mango";11018;2;1000;"Soulblime Blunt Hemp Wraps Chocomint";"blunt hemp sabores";"https://fumetas.cl/g-rollz-pre-rolled-hemp-wrap-sabores?variant=Mango"
0.328;0;1.36;12994;14990;"Calvo Hot Knife Rosca 510 2 uds.";10638;2;10990;"Bateria Galaxy 510";"rosca 510";"https://fumetas.cl/calvo-hot-knife"
0.328;0;32.56;36843;12990;"MouthPeace Micro Boquilla Filtro Carbon Activo - Gris";10829;2;422991;"Filtro de Carbón Activado Kasvi 315x1200mm";"filtro carbon activo";"https://fumetas.cl/mouthpeace-micro-boquilla-filtro-carbon-activo?variant=Gris"
0.327;0;2.98;223;1790;"Gizeh Papelillos King Size Pink + Tips";10993;2;600;"Lady Hornet Pink 1 1/4 + Tips";"papelillos pink tips";"https://fumetas.cl/gizeh-papelillos-king-size-pink-tips"
0.327;0;3.82;37466;41990;"Pulsar Batería Doble Cartridge 510 DL Tandem - Negro";10638;2;10990;"Bateria Galaxy 510";"bateria cartridge 510";"https://fumetas.cl/pulsar-bateria-cartridges-510-dl-tandem?variant=Negro"
0.322;0;1.05;13664;1790;"Papelillos Gizeh Unbleached King Size + Tips";10282;3;1700;"Papelillo King Size Slim Blazy Susan Deluxe Kit Unbleached | PIRANHA";"unbleached king size";"https://fumetas.cl/papelillos-gizeh-unbleached-king-size-tips"
0.322;0;1.90;73079;1690;"Blunt Wrap Rose Cones x2";10402;2;890;"Blunt Wrap Double Platinum Blueberry x2";"blunt wrap x2";"https://fumetas.cl/blunt-wrap-rose-conos-x2"
0.319;0;1.10;13663;1090;"Papelillos Gizeh Pink King Size";10878;2;990;"Khemo Silver King Size";"papelillos king size";"https://fumetas.cl/papelillos-gizeh-pink-king-size-sabanas"
0.319;0;1.66;202;2490;"G-Rollz Papelillos King Size Lightly Dyed Pink + Tips";10685;2;1500;"Papelillos Vibes Rice King Size Slim";"papelillos king size";"https://fumetas.cl/g-rollz-papelillos-lightly-dyed-pink-tips"
0.319;0;2.53;13253;29990;"Pulsar Bong Core Bubbler 13 cm";10643;2;75991;"Atomizador Intelli-Core para Extractos con Bubbler Cap | PIRANHA";"core bubbler";"https://fumetas.cl/pulsar-bong-core-bubbler-13-cm"
0.319;0;1.45;20102;1290;"LRC Blunt Hemp Wrap x2 - Sabores";10402;2;890;"Blunt Wrap Double Platinum Blueberry x2";"blunt wrap x2";"https://fumetas.cl/lrc-blunt-hemp-wrap-sabores-surtidos"
0.318;0;1.99;36232;1000;"Blunt Soulblime Hemp Wrap x2 - Menta";10543;2;1990;"Blunt Hemp Wrap Lion Rolling Circus Terpenes KKKSH";"blunt hemp wrap";"https://fumetas.cl/blunt-soulblime-hemp-wrap?variant=Menta"
0.318;0;2.18;35769;23990;"Pulsar Bateria 510 Hall Pass - Azul";10638;2;10990;"Bateria Galaxy 510";"bateria 510 azul";"https://fumetas.cl/pulsar-510-bateria-hall-pass?variant=Azul"
0.318;0;1.99;36222;1000;"Blunt Soulblime Hemp Wrap x2 - Chocolate";10543;2;1990;"Blunt Hemp Wrap Lion Rolling Circus Terpenes KKKSH";"blunt hemp wrap";"https://fumetas.cl/blunt-soulblime-hemp-wrap?variant=Chocolate"
0.317;0;32.56;36841;12990;"MouthPeace Micro Boquilla Filtro Carbon Activo - Unicorn";10829;2;422991;"Filtro de Carbón Activado Kasvi 315x1200mm";"filtro carbon activo";"https://fumetas.cl/mouthpeace-micro-boquilla-filtro-carbon-activo?variant=Unicorn"
0.316;0;1.87;13417;1290;"LRC Papelillos Unbleached 1 1/4 + Tips";10714;2;690;"Blazy Susan Boquillas Tips Unbleached Perforadas 50u";"unbleached tips";"https://fumetas.cl/lrc-papelillos-unbleached-1-14-tips"
0.316;0;1.99;36228;1000;"Blunt Soulblime Hemp Wrap x2 - Sandia";10543;2;1990;"Blunt Hemp Wrap Lion Rolling Circus Terpenes KKKSH";"blunt hemp wrap";"https://fumetas.cl/blunt-soulblime-hemp-wrap?variant=Sandia"
0.316;0;32.56;36839;12990;"MouthPeace Micro Boquilla Filtro Carbon Activo - Mauiwaui";10829;2;422991;"Filtro de Carbón Activado Kasvi 315x1200mm";"filtro carbon activo";"https://fumetas.cl/mouthpeace-micro-boquilla-filtro-carbon-activo?variant=Mauiwaui"
0.316;0;1.12;36232;1000;"Blunt Soulblime Hemp Wrap x2 - Menta";10402;2;890;"Blunt Wrap Double Platinum Blueberry x2";"blunt wrap x2";"https://fumetas.cl/blunt-soulblime-hemp-wrap?variant=Menta"
0.315;0;28.27;19925;27990;"Gizeh Premium Rolling Kit King Size";5421;2;990;"Papelillo Unbleached King Size Slim Blazy Susan";"king size";"https://fumetas.cl/gizeh-premium-rolling-kit-king-size"
0.315;0;1.12;36222;1000;"Blunt Soulblime Hemp Wrap x2 - Chocolate";10402;2;890;"Blunt Wrap Double Platinum Blueberry x2";"blunt wrap x2";"https://fumetas.cl/blunt-soulblime-hemp-wrap?variant=Chocolate"
0.315;0;1.99;36227;1000;"Blunt Soulblime Hemp Wrap x2 - Piña";10543;2;1990;"Blunt Hemp Wrap Lion Rolling Circus Terpenes KKKSH";"blunt hemp wrap";"https://fumetas.cl/blunt-soulblime-hemp-wrap?variant=Pi%C3%B1a"
0.315;0;2.36;37275;25990;"Pulsar Batería Cartridges 510 DL 3.0 Twist - Azul";10638;2;10990;"Bateria Galaxy 510";"bateria 510 azul";"https://fumetas.cl/pulsar-bateria-cartridges-510-dl-30-twist?variant=Azul"
0.315;0;1.99;36230;1000;"Blunt Soulblime Hemp Wrap x2 - Vainilla";10543;2;1990;"Blunt Hemp Wrap Lion Rolling Circus Terpenes KKKSH";"blunt hemp wrap";"https://fumetas.cl/blunt-soulblime-hemp-wrap?variant=Vainilla"
0.315;0;1.99;36235;1000;"Blunt Soulblime Hemp Wrap x2 - Sweet";10543;2;1990;"Blunt Hemp Wrap Lion Rolling Circus Terpenes KKKSH";"blunt hemp wrap";"https://fumetas.cl/blunt-soulblime-hemp-wrap?variant=Sweet"
0.315;0;1.99;36218;1000;"Blunt Soulblime Hemp Wrap x2 - Arándano";10543;2;1990;"Blunt Hemp Wrap Lion Rolling Circus Terpenes KKKSH";"blunt hemp wrap";"https://fumetas.cl/blunt-soulblime-hemp-wrap?variant=Ar%C3%A1ndano"
0.314;0;1.05;13508;890;"LRC Papelillos Silver Ultra Fino 1 1/4";10879;2;850;"Khemo Silver 1 1/4";"papelillos silver";"https://fumetas.cl/lion-rolling-circus-papelillos-silver-1-14"
0.314;0;1.12;36228;1000;"Blunt Soulblime Hemp Wrap x2 - Sandia";10402;2;890;"Blunt Wrap Double Platinum Blueberry x2";"blunt wrap x2";"https://fumetas.cl/blunt-soulblime-hemp-wrap?variant=Sandia"
0.313;0;1.99;36225;1000;"Blunt Soulblime Hemp Wrap x2 - Frutilla";10543;2;1990;"Blunt Hemp Wrap Lion Rolling Circus Terpenes KKKSH";"blunt hemp wrap";"https://fumetas.cl/blunt-soulblime-hemp-wrap?variant=Frutilla"
0.313;0;1.12;36227;1000;"Blunt Soulblime Hemp Wrap x2 - Piña";10402;2;890;"Blunt Wrap Double Platinum Blueberry x2";"blunt wrap x2";"https://fumetas.cl/blunt-soulblime-hemp-wrap?variant=Pi%C3%B1a"
0.313;0;1.12;36230;1000;"Blunt Soulblime Hemp Wrap x2 - Vainilla";10402;2;890;"Blunt Wrap Double Platinum Blueberry x2";"blunt wrap x2";"https://fumetas.cl/blunt-soulblime-hemp-wrap?variant=Vainilla"
0.312;0;4.03;19768;3990;"LRC Porta Papelillos King Size";10878;2;990;"Khemo Silver King Size";"papelillos king size";"https://fumetas.cl/lion-rolling-circus-porta-papelillos-king-size"
0.312;0;1.12;36235;1000;"Blunt Soulblime Hemp Wrap x2 - Sweet";10402;2;890;"Blunt Wrap Double Platinum Blueberry x2";"blunt wrap x2";"https://fumetas.cl/blunt-soulblime-hemp-wrap?variant=Sweet"
0.312;0;1.12;36218;1000;"Blunt Soulblime Hemp Wrap x2 - Arándano";10402;2;890;"Blunt Wrap Double Platinum Blueberry x2";"blunt wrap x2";"https://fumetas.cl/blunt-soulblime-hemp-wrap?variant=Ar%C3%A1ndano"
0.312;0;1.09;13454;1090;"Blunt Wrap Rose Wraps x2";11018;2;1000;"Soulblime Blunt Hemp Wraps Chocomint";"blunt wraps";"https://fumetas.cl/blunt-wrap-rose-x2"
0.311;0;1.12;36225;1000;"Blunt Soulblime Hemp Wrap x2 - Frutilla";10402;2;890;"Blunt Wrap Double Platinum Blueberry x2";"blunt wrap x2";"https://fumetas.cl/blunt-soulblime-hemp-wrap?variant=Frutilla"
0.311;0;1.99;36223;1000;"Blunt Soulblime Hemp Wrap x2 - Cítrico";10543;2;1990;"Blunt Hemp Wrap Lion Rolling Circus Terpenes KKKSH";"blunt hemp wrap";"https://fumetas.cl/blunt-soulblime-hemp-wrap?variant=C%C3%ADtrico"
0.311;0;2.01;34238;990;"Blunt Kush Hemp Wrap x2 - Zero";10543;2;1990;"Blunt Hemp Wrap Lion Rolling Circus Terpenes KKKSH";"blunt hemp wrap";"https://fumetas.cl/blunt-kush-hemp-wrap?variant=Zero"
0.311;0;2.40;33654;4990;"Moledor Contenedor OCB Plástico 2 en 1 - Amarillo";5794;2;11990;"MOLEDOR PLASTICO REFORZADO XL-STORZ & BICKEL";"moledor plastico";"https://fumetas.cl/moledorcontenedor-ocb-plastico-2-en-1?variant=Amarillo"
0.310;0;1.99;36221;1000;"Blunt Soulblime Hemp Wrap x2 - Chicle";10543;2;1990;"Blunt Hemp Wrap Lion Rolling Circus Terpenes KKKSH";"blunt hemp wrap";"https://fumetas.cl/blunt-soulblime-hemp-wrap?variant=Chicle"
0.310;0;2.18;37463;23990;"Pulsar Batería Cartridges 510 DL Centro - Azul";10638;2;10990;"Bateria Galaxy 510";"bateria 510 azul";"https://fumetas.cl/pulsar-bateria-cartridges-510-dl-centro?variant=Azul"
0.310;0;2.43;37470;16990;"Pulsar Bateria 510 Cartridge Pantalla Digital - Negro";11022;2;6990;"Brass Knuckles Batería 900mAh con Pantalla";"bateria 510 pantalla negro";"https://fumetas.cl/pulsar-bateria-pantalla-digital?variant=Negro"
0.309;0;2.01;34234;990;"Blunt Kush Hemp Wrap x2 - Sweet";10543;2;1990;"Blunt Hemp Wrap Lion Rolling Circus Terpenes KKKSH";"blunt hemp wrap";"https://fumetas.cl/blunt-kush-hemp-wrap?variant=Sweet"
0.309;0;1.12;36223;1000;"Blunt Soulblime Hemp Wrap x2 - Cítrico";10402;2;890;"Blunt Wrap Double Platinum Blueberry x2";"blunt wrap x2";"https://fumetas.cl/blunt-soulblime-hemp-wrap?variant=C%C3%ADtrico"
0.309;0;2.40;33652;4990;"Moledor Contenedor OCB Plástico 2 en 1 - Celeste";5794;2;11990;"MOLEDOR PLASTICO REFORZADO XL-STORZ & BICKEL";"moledor plastico";"https://fumetas.cl/moledorcontenedor-ocb-plastico-2-en-1?variant=Celeste"
0.309;0;1.11;34238;990;"Blunt Kush Hemp Wrap x2 - Zero";10402;2;890;"Blunt Wrap Double Platinum Blueberry x2";"blunt wrap x2";"https://fumetas.cl/blunt-kush-hemp-wrap?variant=Zero"
0.308;0;1.99;36224;1000;"Blunt Soulblime Hemp Wrap x2 - Durazno";10543;2;1990;"Blunt Hemp Wrap Lion Rolling Circus Terpenes KKKSH";"blunt hemp wrap";"https://fumetas.cl/blunt-soulblime-hemp-wrap?variant=Durazno"
0.308;0;1.12;36221;1000;"Blunt Soulblime Hemp Wrap x2 - Chicle";10402;2;890;"Blunt Wrap Double Platinum Blueberry x2";"blunt wrap x2";"https://fumetas.cl/blunt-soulblime-hemp-wrap?variant=Chicle"
0.307;0;1.11;34234;990;"Blunt Kush Hemp Wrap x2 - Sweet";10402;2;890;"Blunt Wrap Double Platinum Blueberry x2";"blunt wrap x2";"https://fumetas.cl/blunt-kush-hemp-wrap?variant=Sweet"
0.307;0;2.01;34233;990;"Blunt Kush Hemp Wrap x2 - Berries";10543;2;1990;"Blunt Hemp Wrap Lion Rolling Circus Terpenes KKKSH";"blunt hemp wrap";"https://fumetas.cl/blunt-kush-hemp-wrap?variant=Berries"
0.307;0;2.01;34235;990;"Blunt Kush Hemp Wrap x2 - Lemonade";10543;2;1990;"Blunt Hemp Wrap Lion Rolling Circus Terpenes KKKSH";"blunt hemp wrap";"https://fumetas.cl/blunt-kush-hemp-wrap?variant=Lemonade"
0.307;0;18.66;19925;27990;"Gizeh Premium Rolling Kit King Size";10685;2;1500;"Papelillos Vibes Rice King Size Slim";"king size";"https://fumetas.cl/gizeh-premium-rolling-kit-king-size"
0.306;0;1.12;36224;1000;"Blunt Soulblime Hemp Wrap x2 - Durazno";10402;2;890;"Blunt Wrap Double Platinum Blueberry x2";"blunt wrap x2";"https://fumetas.cl/blunt-soulblime-hemp-wrap?variant=Durazno"
0.305;0;1.11;34233;990;"Blunt Kush Hemp Wrap x2 - Berries";10402;2;890;"Blunt Wrap Double Platinum Blueberry x2";"blunt wrap x2";"https://fumetas.cl/blunt-kush-hemp-wrap?variant=Berries"
0.305;0;1.11;34235;990;"Blunt Kush Hemp Wrap x2 - Lemonade";10402;2;890;"Blunt Wrap Double Platinum Blueberry x2";"blunt wrap x2";"https://fumetas.cl/blunt-kush-hemp-wrap?variant=Lemonade"
0.304;0;2.57;35776;17990;"Pulsar Bateria Cartridges 510 Payout 3.0 - Rojo";11022;2;6990;"Brass Knuckles Batería 900mAh con Pantalla";"bateria cartridges 510 rojo";"https://fumetas.cl/pulsar-bateria-510-payout-30?variant=Rojo"
0.304;0;1.72;37656;11990;"Pulsar Batería Cartridges 510 Payout - Rojo";11022;2;6990;"Brass Knuckles Batería 900mAh con Pantalla";"bateria cartridges 510 rojo";"https://fumetas.cl/pulsar-bateria-cartridges-510-payout?variant=Rojo"
0.303;0;3.82;192;2290;"G-Rollz Papelillos Lightly Dyed Pink 1 1/4 + Tips";10993;2;600;"Lady Hornet Pink 1 1/4 + Tips";"papelillos pink tips";"https://fumetas.cl/g-rollz-papelillos-lightly-dyed-pink-1-14-tips"
0.303;0;3.65;33796;4190;"Moledor Hemp Gizeh 55mm - Rojo";5507;2;15291;"Grinder Galaxy Aluminio 55mm";"moledor 55mm rojo";"https://fumetas.cl/moledor-hemp-gizeh?variant=Rojo"
0.302;0;2.46;448;3690;"G-Rollz Lightly Dyed Pink Papelillos King Size + Boquillas + Bandeja";10685;2;1500;"Papelillos Vibes Rice King Size Slim";"papelillos king size";"https://fumetas.cl/g-rollz-lightly-dyed-pink-papelillos-king-size-boquillas-bandeja"
0.302;0;1.61;19790;1590;"Pack Papelillos Gizeh Black King Size + Tips";10878;2;990;"Khemo Silver King Size";"papelillos king size";"https://fumetas.cl/pack-papelillos-gizeh-black-king-size-tips"
0.301;0;1.10;13663;1090;"Papelillos Gizeh Pink King Size";11023;2;990;"Honeypuff Papelillos 100 Dólares King Size";"papelillos king size";"https://fumetas.cl/papelillos-gizeh-pink-king-size-sabanas"
0.300;0;1.81;223;1790;"Gizeh Papelillos King Size Pink + Tips";10878;2;990;"Khemo Silver King Size";"papelillos king size";"https://fumetas.cl/gizeh-papelillos-king-size-pink-tips"
0.299;0;2.86;37641;19990;"Pulsar Batería Cartridges 510 DL - Azul";11022;2;6990;"Brass Knuckles Batería 900mAh con Pantalla";"bateria cartridges 510 azul";"https://fumetas.cl/pulsar-bateria-cartridges-510-dl?variant=Azul"
0.298;0;1.11;19840;4490;"Zengaz Encendedor Soplete Design 2";10874;2;4990;"Ronson Soplete Pequeño";"encendedor soplete";"https://fumetas.cl/zengaz-encendedor-soplete-design"
0.298;0;4.53;19504;109990;"MJ Arsenal Fabcycler - Vidrio Focus V Carta";11038;2;24291;"Focus V Boquilla Swivel para Carta 2, Carta Sport y Aeris";"focus carta";"https://fumetas.cl/mj-arsenal-fabcycler-vidrio-focus-v-carta"
0.297;0;5.96;12994;14990;"Calvo Hot Knife Rosca 510 2 uds.";10499;2;89271;"Puffco Pivot Travel Case Daybreak Limited";"hot knife";"https://fumetas.cl/calvo-hot-knife"
0.297;0;4.58;37452;31990;"Pulsar Batería Cartridges 510 DL 5.0 - Verde";11022;2;6990;"Brass Knuckles Batería 900mAh con Pantalla";"bateria cartridges 510 verde";"https://fumetas.cl/pulsar-bateria-cartridges-510-dl-50?variant=Verde"
0.297;0;1.11;646;890;"Papelillos Gizeh King Size Pure Cañamo Orgánico";10880;2;800;"Khemo Organic 1 1/4";"papelillos organico";"https://fumetas.cl/gizeh-papelillos-king-size-pure-canamo-organico"
0.296;0;1.11;13550;4490;"Zengaz Encendedor Soplete Weed 2";10874;2;4990;"Ronson Soplete Pequeño";"encendedor soplete";"https://fumetas.cl/zengaz-encendedor-weed-2"
0.296;0;1.11;35470;4490;"Zengaz Encendedor Soplete Weed 2 - 4";10874;2;4990;"Ronson Soplete Pequeño";"encendedor soplete";"https://fumetas.cl/zengaz-encendedor-weed-2?variant=4"
0.296;0;1.11;35468;4490;"Zengaz Encendedor Soplete Weed 2 - 2";10874;2;4990;"Ronson Soplete Pequeño";"encendedor soplete";"https://fumetas.cl/zengaz-encendedor-weed-2?variant=2"
0.296;0;1.11;35467;4490;"Zengaz Encendedor Soplete Weed 2 - 1";10874;2;4990;"Ronson Soplete Pequeño";"encendedor soplete";"https://fumetas.cl/zengaz-encendedor-weed-2?variant=1"
0.296;0;4.03;36471;3990;"LRC Porta Papelillos King Size - Pink";10878;2;990;"Khemo Silver King Size";"papelillos king size";"https://fumetas.cl/lion-rolling-circus-porta-papelillos-king-size?variant=Pink"
0.296;0;4.03;36474;3990;"LRC Porta Papelillos King Size - Blue";10878;2;990;"Khemo Silver King Size";"papelillos king size";"https://fumetas.cl/lion-rolling-circus-porta-papelillos-king-size?variant=Blue"
0.295;0;1.45;37207;1290;"LRC Blunt Hemp Wrap x2 - Sabores - Mango";10402;2;890;"Blunt Wrap Double Platinum Blueberry x2";"blunt wrap x2";"https://fumetas.cl/lrc-blunt-hemp-wrap-sabores-surtidos?variant=Mango"
0.295;0;1.45;37203;1290;"LRC Blunt Hemp Wrap x2 - Sabores - Chocolate";10402;2;890;"Blunt Wrap Double Platinum Blueberry x2";"blunt wrap x2";"https://fumetas.cl/lrc-blunt-hemp-wrap-sabores-surtidos?variant=Chocolate"
0.295;0;4.58;37450;31990;"Pulsar Batería Cartridges 510 DL 5.0 - Negro";11022;2;6990;"Brass Knuckles Batería 900mAh con Pantalla";"bateria cartridges 510 negro";"https://fumetas.cl/pulsar-bateria-cartridges-510-dl-50?variant=Negro"
0.295;0;2.86;37640;19990;"Pulsar Batería Cartridges 510 DL - Negro";11022;2;6990;"Brass Knuckles Batería 900mAh con Pantalla";"bateria cartridges 510 negro";"https://fumetas.cl/pulsar-bateria-cartridges-510-dl?variant=Negro"
0.294;0;4.03;19768;3990;"LRC Porta Papelillos King Size";11023;2;990;"Honeypuff Papelillos 100 Dólares King Size";"papelillos king size";"https://fumetas.cl/lion-rolling-circus-porta-papelillos-king-size"
0.294;0;2.46;19495;3690;"G-Rollz Bio Organic Green Hemp Papelillos King Size+ Tips + Bandeja";10685;2;1500;"Papelillos Vibes Rice King Size Slim";"papelillos king size";"https://fumetas.cl/g-rollz-bio-organic-green-hemp-papelillos-king-size-tips"
0.294;0;4.03;36469;3990;"LRC Porta Papelillos King Size - Purple";10878;2;990;"Khemo Silver King Size";"papelillos king size";"https://fumetas.cl/lion-rolling-circus-porta-papelillos-king-size?variant=Purple"
0.294;0;1.53;3763;1990;"G-Rollz 6 Conos Pre Enrolados Bio Organic Hemp 1 1/4";11048;2;1300;"Vibes Papelillos Organic Hemp 1 1/4";"organic hemp";"https://fumetas.cl/g-rollz-6-conos-pre-enrolados-bio-organic-hemp-1-14"
0.292;0;2.57;35775;17990;"Pulsar Bateria Cartridges 510 Payout 3.0 - Azul";11022;2;6990;"Brass Knuckles Batería 900mAh con Pantalla";"bateria cartridges 510 azul";"https://fumetas.cl/pulsar-bateria-510-payout-30?variant=Azul"
0.292;0;1.11;13437;4490;"Zengaz Encendedor Soplete Leaves 2";10874;2;4990;"Ronson Soplete Pequeño";"encendedor soplete";"https://fumetas.cl/zengaz-encendedor-soplete-leaves-2"
0.292;0;1.11;35198;4490;"Zengaz Encendedor Soplete Leaves 2 - 2";10874;2;4990;"Ronson Soplete Pequeño";"encendedor soplete";"https://fumetas.cl/zengaz-encendedor-soplete-leaves-2?variant=2"
0.292;0;1.11;35200;4490;"Zengaz Encendedor Soplete Leaves 2 - 4";10874;2;4990;"Ronson Soplete Pequeño";"encendedor soplete";"https://fumetas.cl/zengaz-encendedor-soplete-leaves-2?variant=4"
0.292;0;1.11;19846;4490;"Zengaz Encendedor Soplete Leaves";10874;2;4990;"Ronson Soplete Pequeño";"encendedor soplete";"https://fumetas.cl/zengaz-encendedor-soplete-leaves"
0.292;0;1.11;35197;4490;"Zengaz Encendedor Soplete Leaves 2 - 1";10874;2;4990;"Ronson Soplete Pequeño";"encendedor soplete";"https://fumetas.cl/zengaz-encendedor-soplete-leaves-2?variant=1"
0.292;0;1.11;35199;4490;"Zengaz Encendedor Soplete Leaves 2 - 3";10874;2;4990;"Ronson Soplete Pequeño";"encendedor soplete";"https://fumetas.cl/zengaz-encendedor-soplete-leaves-2?variant=3"
0.292;0;1.11;36661;4490;"Zengaz Encendedor Soplete Leaves - 1";10874;2;4990;"Ronson Soplete Pequeño";"encendedor soplete";"https://fumetas.cl/zengaz-encendedor-soplete-leaves?variant=1"
0.292;0;1.11;36664;4490;"Zengaz Encendedor Soplete Leaves - 4";10874;2;4990;"Ronson Soplete Pequeño";"encendedor soplete";"https://fumetas.cl/zengaz-encendedor-soplete-leaves?variant=4"
0.292;0;1.11;36663;4490;"Zengaz Encendedor Soplete Leaves - 3";10874;2;4990;"Ronson Soplete Pequeño";"encendedor soplete";"https://fumetas.cl/zengaz-encendedor-soplete-leaves?variant=3"
0.292;0;1.11;36662;4490;"Zengaz Encendedor Soplete Leaves - 2";10874;2;4990;"Ronson Soplete Pequeño";"encendedor soplete";"https://fumetas.cl/zengaz-encendedor-soplete-leaves?variant=2"
0.291;0;1.10;207;1090;"Papelillos Gizeh Black King Size - Sabanas";10878;2;990;"Khemo Silver King Size";"papelillos king size";"https://fumetas.cl/papelillos-gizeh-black-king-size-sabanas"
0.291;0;2.00;35924;13990;"Pulsar Bateria Cartridges 510 Square - Negro";11022;2;6990;"Brass Knuckles Batería 900mAh con Pantalla";"bateria cartridges 510 negro";"https://fumetas.cl/pulsar-510-bateria-square?variant=Negro"
0.290;0;4.03;36472;3990;"LRC Porta Papelillos King Size - Orange";10878;2;990;"Khemo Silver King Size";"papelillos king size";"https://fumetas.cl/lion-rolling-circus-porta-papelillos-king-size?variant=Orange"
0.289;0;1.11;36659;4490;"Zengaz Encendedor Soplete Hippie - 3";10874;2;4990;"Ronson Soplete Pequeño";"encendedor soplete";"https://fumetas.cl/zengaz-encendedor-soplete-hippie?variant=3"
0.289;0;1.11;36658;4490;"Zengaz Encendedor Soplete Hippie - 2";10874;2;4990;"Ronson Soplete Pequeño";"encendedor soplete";"https://fumetas.cl/zengaz-encendedor-soplete-hippie?variant=2"
0.289;0;1.11;19845;4490;"Zengaz Encendedor Soplete Hippie";10874;2;4990;"Ronson Soplete Pequeño";"encendedor soplete";"https://fumetas.cl/zengaz-encendedor-soplete-hippie"
0.289;0;2.01;34236;990;"Blunt Kush Hemp Wrap x2 - Kiwi Strawberry";10543;2;1990;"Blunt Hemp Wrap Lion Rolling Circus Terpenes KKKSH";"blunt hemp wrap";"https://fumetas.cl/blunt-kush-hemp-wrap?variant=Kiwi%20Strawberry"
0.289;0;1.01;2082;990;"Blunt Kush Hemp Wrap x2";11018;2;1000;"Soulblime Blunt Hemp Wraps Chocomint";"blunt hemp";"https://fumetas.cl/blunt-kush-hemp-wrap"
0.287;0;1.11;34236;990;"Blunt Kush Hemp Wrap x2 - Kiwi Strawberry";10402;2;890;"Blunt Wrap Double Platinum Blueberry x2";"blunt wrap x2";"https://fumetas.cl/blunt-kush-hemp-wrap?variant=Kiwi%20Strawberry"
0.285;0;1.61;19790;1590;"Pack Papelillos Gizeh Black King Size + Tips";11023;2;990;"Honeypuff Papelillos 100 Dólares King Size";"papelillos king size";"https://fumetas.cl/pack-papelillos-gizeh-black-king-size-tips"
0.284;0;1.18;71677;17990;"Moledor Calvo Lite Aluminio 63mm - Oro";5507;2;15291;"Grinder Galaxy Aluminio 55mm";"moledor aluminio oro";"https://fumetas.cl/moledor-calvo-lite-aluminio-63mm?variant=Oro"
0.284;0;4.29;37253;29990;"Pulsar Batería Cartridges 510 DL 2.0 Pro - Negro";11022;2;6990;"Brass Knuckles Batería 900mAh con Pantalla";"bateria cartridges 510 negro";"https://fumetas.cl/pulsar-bateria-cartridges-510-dl-20-pro?variant=Negro"
0.283;0;3.65;33793;4190;"Moledor Hemp Gizeh 55mm - Negro";5507;2;15291;"Grinder Galaxy Aluminio 55mm";"moledor 55mm negro";"https://fumetas.cl/moledor-hemp-gizeh?variant=Negro"
0.283;0;2.01;34237;990;"Blunt Kush Hemp Wrap x2 - Mixed Grape";10543;2;1990;"Blunt Hemp Wrap Lion Rolling Circus Terpenes KKKSH";"blunt hemp wrap";"https://fumetas.cl/blunt-kush-hemp-wrap?variant=Mixed%20Grape"
0.283;0;1.11;19849;4490;"Zengaz Encendedor Soplete Monkey";10874;2;4990;"Ronson Soplete Pequeño";"encendedor soplete";"https://fumetas.cl/zengaz-encendedor-soplete-monkey"
0.283;0;1.11;36675;4490;"Zengaz Encendedor Soplete Monkey - 3";10874;2;4990;"Ronson Soplete Pequeño";"encendedor soplete";"https://fumetas.cl/zengaz-encendedor-soplete-monkey?variant=3"
0.283;0;1.43;71677;17990;"Moledor Calvo Lite Aluminio 63mm - Oro";5512;2;12591;"Grinder Galaxy Aluminio 38mm";"moledor aluminio oro";"https://fumetas.cl/moledor-calvo-lite-aluminio-63mm?variant=Oro"
0.282;0;1.39;59851;10990;"Calvo Lite Moledor Aluminio 50mm - Oro";5507;2;15291;"Grinder Galaxy Aluminio 55mm";"moledor aluminio oro";"https://fumetas.cl/moledor-calvo-lite-aluminio-50mm?variant=Oro"
0.282;0;1.11;34237;990;"Blunt Kush Hemp Wrap x2 - Mixed Grape";10402;2;890;"Blunt Wrap Double Platinum Blueberry x2";"blunt wrap x2";"https://fumetas.cl/blunt-kush-hemp-wrap?variant=Mixed%20Grape"
0.282;0;1.11;19843;4490;"Zengaz Encendedor Soplete Foodie";10874;2;4990;"Ronson Soplete Pequeño";"encendedor soplete";"https://fumetas.cl/zengaz-encendedor-soplete-foodie"
0.281;0;1.18;35782;12990;"Pulsar Bateria 510 Voltaje Variable - Azul Ombre";10638;2;10990;"Bateria Galaxy 510";"bateria 510 azul";"https://fumetas.cl/pulsar-bateria-510-voltaje-variable?variant=Azul%20Ombre"
0.281;0;3.72;37275;25990;"Pulsar Batería Cartridges 510 DL 3.0 Twist - Azul";11022;2;6990;"Brass Knuckles Batería 900mAh con Pantalla";"bateria cartridges 510 azul";"https://fumetas.cl/pulsar-bateria-cartridges-510-dl-30-twist?variant=Azul"
0.280;0;1.55;37473;16990;"Pulsar Bateria 510 Cartridge Pantalla Digital - Thermo Magic Missile";10638;2;10990;"Bateria Galaxy 510";"bateria 510 cartridge";"https://fumetas.cl/pulsar-bateria-pantalla-digital?variant=Thermo%20Magic%20Missile"
0.280;0;1.15;59851;10990;"Calvo Lite Moledor Aluminio 50mm - Oro";5512;2;12591;"Grinder Galaxy Aluminio 38mm";"moledor aluminio oro";"https://fumetas.cl/moledor-calvo-lite-aluminio-50mm?variant=Oro"
0.280;0;1.56;13465;26990;"Calvo Bong Aqua Rig 19cm";10461;2;41990;"Bonglab Cobra Rig Kit Extractos";"bong rig";"https://fumetas.cl/calvo-aqua-rig-19cm"
0.280;0;4.03;36471;3990;"LRC Porta Papelillos King Size - Pink";11023;2;990;"Honeypuff Papelillos 100 Dólares King Size";"papelillos king size";"https://fumetas.cl/lion-rolling-circus-porta-papelillos-king-size?variant=Pink"
0.280;0;4.03;36474;3990;"LRC Porta Papelillos King Size - Blue";11023;2;990;"Honeypuff Papelillos 100 Dólares King Size";"papelillos king size";"https://fumetas.cl/lion-rolling-circus-porta-papelillos-king-size?variant=Blue"
0.279;0;2.01;3763;1990;"G-Rollz 6 Conos Pre Enrolados Bio Organic Hemp 1 1/4";10868;2;990;"RAW Organic Hemp 1 1/4";"organic hemp";"https://fumetas.cl/g-rollz-6-conos-pre-enrolados-bio-organic-hemp-1-14"
0.278;0;4.03;36469;3990;"LRC Porta Papelillos King Size - Purple";11023;2;990;"Honeypuff Papelillos 100 Dólares King Size";"papelillos king size";"https://fumetas.cl/lion-rolling-circus-porta-papelillos-king-size?variant=Purple"
0.278;0;3.43;37463;23990;"Pulsar Batería Cartridges 510 DL Centro - Azul";11022;2;6990;"Brass Knuckles Batería 900mAh con Pantalla";"bateria cartridges 510 azul";"https://fumetas.cl/pulsar-bateria-cartridges-510-dl-centro?variant=Azul"
0.277;0;4.15;202;2490;"G-Rollz Papelillos King Size Lightly Dyed Pink + Tips";10993;2;600;"Lady Hornet Pink 1 1/4 + Tips";"papelillos pink tips";"https://fumetas.cl/g-rollz-papelillos-lightly-dyed-pink-tips"
0.277;0;3.72;37273;25990;"Pulsar Batería Cartridges 510 DL 3.0 Twist - Negro";11022;2;6990;"Brass Knuckles Batería 900mAh con Pantalla";"bateria cartridges 510 negro";"https://fumetas.cl/pulsar-bateria-cartridges-510-dl-30-twist?variant=Negro"
0.277;0;4.29;37268;29990;"Pulsar Batería Cartridges 510 DL 2.0 Pro - BlackCraft Rojo";11022;2;6990;"Brass Knuckles Batería 900mAh con Pantalla";"bateria cartridges 510 rojo";"https://fumetas.cl/pulsar-bateria-cartridges-510-dl-20-pro?variant=BlackCraft%20Rojo"
0.276;0;1.79;13612;23490;"SYFY Bong Rig Con Banger 16cm";10461;2;41990;"Bonglab Cobra Rig Kit Extractos";"bong rig";"https://fumetas.cl/syfy-bong-rig-con-banger-16cm"
0.276;0;1.55;37472;16990;"Pulsar Bateria 510 Cartridge Pantalla Digital - Thermo Forest Frost";10638;2;10990;"Bateria Galaxy 510";"bateria 510 cartridge";"https://fumetas.cl/pulsar-bateria-pantalla-digital?variant=Thermo%20Forest%20Frost"
0.275;0;2.52;203;2490;"Smokers Choice Pack Papelillos King Size + Boquillas";10878;2;990;"Khemo Silver King Size";"papelillos king size";"https://fumetas.cl/smokers-choice-pack-papelillos-king-size-boquillas"
0.275;0;1.10;207;1090;"Papelillos Gizeh Black King Size - Sabanas";11023;2;990;"Honeypuff Papelillos 100 Dólares King Size";"papelillos king size";"https://fumetas.cl/papelillos-gizeh-black-king-size-sabanas"
0.275;0;4.03;36472;3990;"LRC Porta Papelillos King Size - Orange";11023;2;990;"Honeypuff Papelillos 100 Dólares King Size";"papelillos king size";"https://fumetas.cl/lion-rolling-circus-porta-papelillos-king-size?variant=Orange"
0.274;0;3.43;37462;23990;"Pulsar Batería Cartridges 510 DL Centro - Negro";11022;2;6990;"Brass Knuckles Batería 900mAh con Pantalla";"bateria cartridges 510 negro";"https://fumetas.cl/pulsar-bateria-cartridges-510-dl-centro?variant=Negro"
0.274;0;1.45;37208;1290;"LRC Blunt Hemp Wrap x2 - Sabores - Bubble Gum";10402;2;890;"Blunt Wrap Double Platinum Blueberry x2";"blunt wrap x2";"https://fumetas.cl/lrc-blunt-hemp-wrap-sabores-surtidos?variant=Bubble%20Gum"
0.273;0;1.14;19118;7990;"Thievery Daily Use 420 Cleaner 1 lt";10200;3;6990;"Limpiador Parafernalia Silicona Thievery 250Ml";"thievery cleaner";"https://fumetas.cl/thievery-daily-use-420-cleaner-1-lt"
0.272;0;5.68;33793;4190;"Moledor Hemp Gizeh 55mm - Negro";10126;3;23800;"Moledor Galaxy de 4 partes y con tamizador";"moledor 55mm negro";"https://fumetas.cl/moledor-hemp-gizeh?variant=Negro"
0.272;0;1.55;37471;16990;"Pulsar Bateria 510 Cartridge Pantalla Digital - Thermo Chaos Charm";10638;2;10990;"Bateria Galaxy 510";"bateria 510 cartridge";"https://fumetas.cl/pulsar-bateria-pantalla-digital?variant=Thermo%20Chaos%20Charm"
0.271;0;1.00;19938;990;"Papelillos Flame King Size Wide Blanqueado";10878;2;990;"Khemo Silver King Size";"papelillos king size";"https://fumetas.cl/papelillos-flame-king-size"
0.269;0;1.21;2085;1490;"Conos Blunt Kush Hemp x2 - Sabores";10568;3;1800;"Blunt Hemp Wrap Lion Rolling Circus Rolling Stones Berry Gelato";"conos blunt hemp";"https://fumetas.cl/conos-kush-hemp-sabores"
0.269;0;1.21;37534;1490;"Conos Blunt Kush Hemp x2 - Sabores - Original";10568;3;1800;"Blunt Hemp Wrap Lion Rolling Circus Rolling Stones Berry Gelato";"conos blunt hemp";"https://fumetas.cl/conos-kush-hemp-sabores?variant=Original"
0.269;0;1.93;13417;1290;"LRC Papelillos Unbleached 1 1/4 + Tips";10354;2;2490;"Blazy Susan Roll 8m Unbleached";"papelillos unbleached";"https://fumetas.cl/lrc-papelillos-unbleached-1-14-tips"
0.268;0;3.82;37469;41990;"Pulsar Batería Doble Cartridge 510 DL Tandem - Thermo Crystal Ball";10638;2;10990;"Bateria Galaxy 510";"bateria cartridge 510";"https://fumetas.cl/pulsar-bateria-cartridges-510-dl-tandem?variant=Thermo%20Crystal%20Ball"
0.267;0;1.82;34238;990;"Blunt Kush Hemp Wrap x2 - Zero";10568;3;1800;"Blunt Hemp Wrap Lion Rolling Circus Rolling Stones Berry Gelato";"blunt hemp wrap";"https://fumetas.cl/blunt-kush-hemp-wrap?variant=Zero"
0.267;0;1.16;34317;11490;"Galaxy Batería Cartridge 510 - Negro";10548;2;9891;"Yocan Flat Vaporizador para Cartridge";"cartridge negro";"https://fumetas.cl/galaxy-bateria-cartridge-18v?variant=Negro"
0.266;0;1.82;34234;990;"Blunt Kush Hemp Wrap x2 - Sweet";10568;3;1800;"Blunt Hemp Wrap Lion Rolling Circus Rolling Stones Berry Gelato";"blunt hemp wrap";"https://fumetas.cl/blunt-kush-hemp-wrap?variant=Sweet"
0.266;0;0.00;36707;8790;"Bandeja OCB Mediana - Blanco colores";10999;2;0;"Khemo Bandeja Metalica 16x28cm";"bandeja colores";"https://fumetas.cl/bandeja-ocb-mediana?variant=Blanco%20colores"
0.266;0;1.00;37031;1990;"G-Rollz Blunt Pre Rolled Hemp Wrap x2 - Sabores - Grape";10543;2;1990;"Blunt Hemp Wrap Lion Rolling Circus Terpenes KKKSH";"blunt hemp wrap";"https://fumetas.cl/g-rollz-pre-rolled-hemp-wrap-sabores?variant=Grape"
0.265;0;2.24;37031;1990;"G-Rollz Blunt Pre Rolled Hemp Wrap x2 - Sabores - Grape";10402;2;890;"Blunt Wrap Double Platinum Blueberry x2";"blunt wrap x2";"https://fumetas.cl/g-rollz-pre-rolled-hemp-wrap-sabores?variant=Grape"
0.265;0;1.10;13595;1090;"Papelillos Gizeh King Size verde con imán - Sabanas";10878;2;990;"Khemo Silver King Size";"papelillos king size";"https://fumetas.cl/papelillos-gizeh-king-size-verde-con-iman"
0.265;0;1.00;37030;1990;"G-Rollz Blunt Pre Rolled Hemp Wrap x2 - Sabores - Mango";10543;2;1990;"Blunt Hemp Wrap Lion Rolling Circus Terpenes KKKSH";"blunt hemp wrap";"https://fumetas.cl/g-rollz-pre-rolled-hemp-wrap-sabores?variant=Mango"
0.264;0;1.82;34233;990;"Blunt Kush Hemp Wrap x2 - Berries";10568;3;1800;"Blunt Hemp Wrap Lion Rolling Circus Rolling Stones Berry Gelato";"blunt hemp wrap";"https://fumetas.cl/blunt-kush-hemp-wrap?variant=Berries"
0.264;0;1.82;34235;990;"Blunt Kush Hemp Wrap x2 - Lemonade";10568;3;1800;"Blunt Hemp Wrap Lion Rolling Circus Rolling Stones Berry Gelato";"blunt hemp wrap";"https://fumetas.cl/blunt-kush-hemp-wrap?variant=Lemonade"
0.264;0;3.82;37468;41990;"Pulsar Batería Doble Cartridge 510 DL Tandem - Thermo Magic Missile";10638;2;10990;"Bateria Galaxy 510";"bateria cartridge 510";"https://fumetas.cl/pulsar-bateria-cartridges-510-dl-tandem?variant=Thermo%20Magic%20Missile"
0.264;0;3.32;193;2290;"G-Rollz Papelillos Unbleached Extra Thin 1 1/4 + Tips";10714;2;690;"Blazy Susan Boquillas Tips Unbleached Perforadas 50u";"unbleached tips";"https://fumetas.cl/g-rollz-papelillos-unbleached-extra-thin-1-14-tips"
0.264;0;2.24;37030;1990;"G-Rollz Blunt Pre Rolled Hemp Wrap x2 - Sabores - Mango";10402;2;890;"Blunt Wrap Double Platinum Blueberry x2";"blunt wrap x2";"https://fumetas.cl/g-rollz-pre-rolled-hemp-wrap-sabores?variant=Mango"
0.263;0;4.29;37269;29990;"Pulsar Batería Cartridges 510 DL 2.0 Pro - HighTimes Negro";11022;2;6990;"Brass Knuckles Batería 900mAh con Pantalla";"bateria cartridges 510 negro";"https://fumetas.cl/pulsar-bateria-cartridges-510-dl-20-pro?variant=HighTimes%20Negro"
0.263;0;1.35;13313;56541;"Calvo Glass Bong Rig Monster 21 cm";10461;2;41990;"Bonglab Cobra Rig Kit Extractos";"bong rig";"https://fumetas.cl/calvo-glass-rig-monster-21cm"
0.262;0;5.57;36825;15790;"G Pen Glass Adapter Connect - 14mm";10471;2;87991;"Puffco Pivot Glass Adapter con 3D Chamber";"glass adapter";"https://fumetas.cl/grenco-glass-adapter-connect-black-g-pen?variant=14mm"
0.261;0;2.52;203;2490;"Smokers Choice Pack Papelillos King Size + Boquillas";11023;2;990;"Honeypuff Papelillos 100 Dólares King Size";"papelillos king size";"https://fumetas.cl/smokers-choice-pack-papelillos-king-size-boquillas"
0.260;0;2.43;20185;16990;"Pulsar Bateria 510 Cartridge Pantalla Digital";11022;2;6990;"Brass Knuckles Batería 900mAh con Pantalla";"bateria 510 pantalla";"https://fumetas.cl/pulsar-bateria-pantalla-digital"
0.259;0;1.02;13565;24990;"Calvo Banger Full Weld Hourglass Kit 90° - Macho 14mm";5926;2;24592;"Bucket Banger Cuarzo Diseño Blazy Susan 14mm Macho | PIRANHA";"banger macho 14mm";"https://fumetas.cl/calvo-banger-full-weld-hourglass-kit-90-macho-14mm"
0.259;0;1.01;19519;1490;"Papelillos Gizeh Queen Size + Tips";10685;2;1500;"Papelillos Vibes Rice King Size Slim";"papelillos size";"https://fumetas.cl/papelillos-gizeh-queen-size-tips"
0.259;0;7.28;19524;79990;"Pulsar Batería 510 Delta 3 en 1 Kit";10638;2;10990;"Bateria Galaxy 510";"bateria 510";"https://fumetas.cl/pulsar-bateria-510-delta-3-en-1-kit"
0.259;0;176.98;13265;2390;"Tubos Gizeh Carbón Activo 100 uds.";10829;2;422991;"Filtro de Carbón Activado Kasvi 315x1200mm";"carbon activo";"https://fumetas.cl/tubos-gizeh-carbon-activo-100-unid"
0.258;0;1.38;33662;33990;"Dream High Moledor Cerámico 63mm - Gris";5792;2;24592;"Moledor Cerámico Galaxy Pocket Grinder 5,5cm 4 Partes | PIRANHA";"moledor ceramico gris";"https://fumetas.cl/dream-high-moledor-ceramico-63mm?variant=Gris"
0.258;0;2.44;33644;59990;"Dream High Moledor Ceramico 3.0 63mm - Gris";5792;2;24592;"Moledor Cerámico Galaxy Pocket Grinder 5,5cm 4 Partes | PIRANHA";"moledor ceramico gris";"https://fumetas.cl/dream-high-moledor-ceramico-30-63mm?variant=Gris"
0.257;0;1.56;35310;26990;"Calvo Bong Aqua Rig 19cm - Rojo";10461;2;41990;"Bonglab Cobra Rig Kit Extractos";"bong rig";"https://fumetas.cl/calvo-aqua-rig-19cm?variant=Rojo"
0.257;0;1.00;19938;990;"Papelillos Flame King Size Wide Blanqueado";11023;2;990;"Honeypuff Papelillos 100 Dólares King Size";"papelillos king size";"https://fumetas.cl/papelillos-flame-king-size"
0.255;0;1.39;71667;10990;"Calvo Lite Moledor Aluminio 50mm - Rojo";5507;2;15291;"Grinder Galaxy Aluminio 55mm";"moledor aluminio rojo";"https://fumetas.cl/moledor-calvo-lite-aluminio-50mm?variant=Rojo"
0.255;0;2.52;202;2490;"G-Rollz Papelillos King Size Lightly Dyed Pink + Tips";10878;2;990;"Khemo Silver King Size";"papelillos king size";"https://fumetas.cl/g-rollz-papelillos-lightly-dyed-pink-tips"
0.254;0;1.56;35311;26990;"Calvo Bong Aqua Rig 19cm - Amarillo";10461;2;41990;"Bonglab Cobra Rig Kit Extractos";"bong rig";"https://fumetas.cl/calvo-aqua-rig-19cm?variant=Amarillo"
0.254;0;1.15;71667;10990;"Calvo Lite Moledor Aluminio 50mm - Rojo";5512;2;12591;"Grinder Galaxy Aluminio 38mm";"moledor aluminio rojo";"https://fumetas.cl/moledor-calvo-lite-aluminio-50mm?variant=Rojo"
0.253;0;4.89;477;4890;"Hemper Hemp Rolls + Glass Tips King Size - Sabores";11018;2;1000;"Soulblime Blunt Hemp Wraps Chocomint";"hemp sabores";"https://fumetas.cl/hemper-hemp-rolls-glass-tips-king-size-sabores"
0.253;0;2.91;20182;31990;"Pulsar Batería Cartridges 510 DL 5.0";10638;2;10990;"Bateria Galaxy 510";"bateria 510";"https://fumetas.cl/pulsar-bateria-cartridges-510-dl-50"
0.253;0;1.82;20241;19990;"Pulsar Batería Cartridges 510 DL";10638;2;10990;"Bateria Galaxy 510";"bateria 510";"https://fumetas.cl/pulsar-bateria-cartridges-510-dl"
0.253;0;1.21;37537;1490;"Conos Blunt Kush Hemp x2 - Sabores - Grape";10568;3;1800;"Blunt Hemp Wrap Lion Rolling Circus Rolling Stones Berry Gelato";"conos blunt hemp";"https://fumetas.cl/conos-kush-hemp-sabores?variant=Grape"
0.252;0;47.05;1230;8990;"Boquillas Gizeh Carbon Activado Procell Black 6 mm";10829;2;422991;"Filtro de Carbón Activado Kasvi 315x1200mm";"carbon activado";"https://fumetas.cl/filtros-gizeh-carbon-activado-procell-black-6-mm"
0.252;0;47.05;2129;8990;"Boquillas Gizeh Carbon Activado Procell Green 6 mm";10829;2;422991;"Filtro de Carbón Activado Kasvi 315x1200mm";"carbon activado";"https://fumetas.cl/filtros-gizeh-carbon-activado-procell-green-6-mm"
0.252;0;1.10;13595;1090;"Papelillos Gizeh King Size verde con imán - Sabanas";11023;2;990;"Honeypuff Papelillos 100 Dólares King Size";"papelillos king size";"https://fumetas.cl/papelillos-gizeh-king-size-verde-con-iman"
0.252;0;0.00;19553;6990;"Bandeja Gizeh metálica grande";10999;2;0;"Khemo Bandeja Metalica 16x28cm";"bandeja metalica";"https://fumetas.cl/bandeja-gizeh-metalica-grande"
0.252;0;2.48;37599;5490;"PMG Kontainer Large - Racecar Red";10618;2;13600;"Bandeja Cookies Metálica Para Enrolar";"large red";"https://fumetas.cl/pmg-kontainer-large?variant=Racecar%20Red"
0.252;0;2.41;2914;2390;"Soulblime 6 Conos Pre-enrolados Pink King Size";5421;2;990;"Papelillo Unbleached King Size Slim Blazy Susan";"king size";"https://fumetas.cl/soulblime-6-conos-pre-enrolados-pink-king-size"
0.251;0;1.39;59848;10990;"Calvo Lite Moledor Aluminio 50mm - Morado";5507;2;15291;"Grinder Galaxy Aluminio 55mm";"moledor aluminio morado";"https://fumetas.cl/moledor-calvo-lite-aluminio-50mm?variant=Morado"
0.251;0;4.09;59813;48990;"Calvo Moledor Aura Aluminio XL 100mm - Negro";5794;2;11990;"MOLEDOR PLASTICO REFORZADO XL-STORZ & BICKEL";"moledor xl";"https://fumetas.cl/calvo-aura-moledor-aluminio-xl-100mm?variant=Negro"
0.251;0;1.68;3762;2190;"G-Rollz 3 Conos Pre Enrolados Bio Organic Green Hemp King Size";11048;2;1300;"Vibes Papelillos Organic Hemp 1 1/4";"organic hemp";"https://fumetas.cl/g-rollz-3-conos-pre-enrolados-bio-organic-green-hemp-king-size"
0.251;0;1.82;34236;990;"Blunt Kush Hemp Wrap x2 - Kiwi Strawberry";10568;3;1800;"Blunt Hemp Wrap Lion Rolling Circus Rolling Stones Berry Gelato";"blunt hemp wrap";"https://fumetas.cl/blunt-kush-hemp-wrap?variant=Kiwi%20Strawberry"
0.251;0;2.81;13524;39990;"Pulsar APX Volt Atomizador – Repuesto Original con Boquilla de Vidrio";10611;1;14241;"Repuesto de Vidrio Vaporizador Yocan Falcon Glass Attachment | PIRANHA";"repuesto vidrio";"https://fumetas.cl/pulsar-apx-volt-atomizador-repuesto-original-con-boquilla-de-vidrio"
0.251;0;1.22;33687;29990;"Moledor Calvo Cerámico 60mm - Morado";10734;2;24493;"Moledor Blazy Susan Aluminio 60mm 4 Partes";"moledor 60mm morado";"https://fumetas.cl/moledor-calvo-ceramico-60mm?variant=Morado"
0.250;0;250.29;13499;1690;"Filtros Gizeh Slim Con Carbón Activo 6mm";10829;2;422991;"Filtro de Carbón Activado Kasvi 315x1200mm";"carbon activo";"https://fumetas.cl/filtros-gizeh-slim-6mm"
0.250;0;1.15;59848;10990;"Calvo Lite Moledor Aluminio 50mm - Morado";5512;2;12591;"Grinder Galaxy Aluminio 38mm";"moledor aluminio morado";"https://fumetas.cl/moledor-calvo-lite-aluminio-50mm?variant=Morado"
0.250;0;1.21;37535;1490;"Conos Blunt Kush Hemp x2 - Sabores - Sweet";10568;3;1800;"Blunt Hemp Wrap Lion Rolling Circus Rolling Stones Berry Gelato";"conos blunt hemp";"https://fumetas.cl/conos-kush-hemp-sabores?variant=Sweet"
0.249;0;2.72;1206;2690;"Gizeh 3 Conos Pre-enrolados King Size Black";5421;2;990;"Papelillo Unbleached King Size Slim Blazy Susan";"king size";"https://fumetas.cl/gizeh-3-conos-pre-enrolados-king-size-black-boquilla"
0.249;0;3.93;2028;3890;"Raw Cajita Metálica para Pre-Enrolados King Size";5421;2;990;"Papelillo Unbleached King Size Slim Blazy Susan";"king size";"https://fumetas.cl/raw-cajita-metalica-para-pre-enrolados-king-size"
0.249;0;1.36;19332;14990;"Pulsar Batería 510 DL Lite";10638;2;10990;"Bateria Galaxy 510";"bateria 510";"https://fumetas.cl/pulsar-bateria-510-dl-lite"
0.248;0;1.21;37536;1490;"Conos Blunt Kush Hemp x2 - Sabores - Lemonade";10568;3;1800;"Blunt Hemp Wrap Lion Rolling Circus Rolling Stones Berry Gelato";"conos blunt hemp";"https://fumetas.cl/conos-kush-hemp-sabores?variant=Lemonade"
0.248;0;1.21;37538;1490;"Conos Blunt Kush Hemp x2 - Sabores - Berries";10568;3;1800;"Blunt Hemp Wrap Lion Rolling Circus Rolling Stones Berry Gelato";"conos blunt hemp";"https://fumetas.cl/conos-kush-hemp-sabores?variant=Berries"
0.248;0;2.43;37474;16990;"Pulsar Bateria 510 Cartridge Pantalla Digital - Celeste";11022;2;6990;"Brass Knuckles Batería 900mAh con Pantalla";"bateria 510 pantalla";"https://fumetas.cl/pulsar-bateria-pantalla-digital?variant=Celeste"
0.247;0;1.64;34318;11490;"Galaxy Batería Cartridge 510 - Blanco";11022;2;6990;"Brass Knuckles Batería 900mAh con Pantalla";"bateria 510 blanco";"https://fumetas.cl/galaxy-bateria-cartridge-18v?variant=Blanco"
0.247;0;1.27;19413;13990;"Pulsar Bateria Cartridges 510 Square";10638;2;10990;"Bateria Galaxy 510";"bateria 510";"https://fumetas.cl/pulsar-510-bateria-square"
0.247;0;1.00;34075;1990;"G-Rollz Blunt Hemp Wrap x4 - Slow Burning - Strawberry Pop";10543;2;1990;"Blunt Hemp Wrap Lion Rolling Circus Terpenes KKKSH";"blunt hemp wrap";"https://fumetas.cl/g-rollz-blunt-hemp-wrap-x4-slow-burning?variant=Strawberry%20Pop"
0.246;0;1.82;34237;990;"Blunt Kush Hemp Wrap x2 - Mixed Grape";10568;3;1800;"Blunt Hemp Wrap Lion Rolling Circus Rolling Stones Berry Gelato";"blunt hemp wrap";"https://fumetas.cl/blunt-kush-hemp-wrap?variant=Mixed%20Grape"
0.246;0;1.59;2914;2390;"Soulblime 6 Conos Pre-enrolados Pink King Size";10685;2;1500;"Papelillos Vibes Rice King Size Slim";"king size";"https://fumetas.cl/soulblime-6-conos-pre-enrolados-pink-king-size"
0.246;0;7.28;36137;79990;"Pulsar Batería 510 Delta 3 en 1 Kit - Negro";10638;2;10990;"Bateria Galaxy 510";"bateria 510";"https://fumetas.cl/pulsar-bateria-510-delta-3-en-1-kit?variant=Negro"
0.244;0;3.73;448;3690;"G-Rollz Lightly Dyed Pink Papelillos King Size + Boquillas + Bandeja";10878;2;990;"Khemo Silver King Size";"papelillos king size";"https://fumetas.cl/g-rollz-lightly-dyed-pink-papelillos-king-size-boquillas-bandeja"
0.244;0;0.00;19552;7690;"Bandeja Elements metálica - Mediana";10999;2;0;"Khemo Bandeja Metalica 16x28cm";"bandeja metalica";"https://fumetas.cl/bandeja-elements-metalica-mediana"
0.244;0;1.29;34735;49990;"Calvo Glass Bong Beaker Premium 40cm - Verde";5776;2;64591;"Jelly Fish-Bonglab";"bong verde";"https://fumetas.cl/calvo-glass-bong-beaker-lite-40cm?variant=Verde"
0.244;0;1.64;19333;17990;"Pulsar Bateria Cartridges 510 Payout 3.0";10638;2;10990;"Bateria Galaxy 510";"bateria 510";"https://fumetas.cl/pulsar-bateria-510-payout-30"
0.244;0;1.09;20242;11990;"Pulsar Batería Cartridges 510 Payout";10638;2;10990;"Bateria Galaxy 510";"bateria 510";"https://fumetas.cl/pulsar-bateria-cartridges-510-payout"
0.244;0;1.79;1206;2690;"Gizeh 3 Conos Pre-enrolados King Size Black";10685;2;1500;"Papelillos Vibes Rice King Size Slim";"king size";"https://fumetas.cl/gizeh-3-conos-pre-enrolados-king-size-black-boquilla"
0.244;0;3.03;36723;29990;"Calvo Vaporizador Nectar - Rojo";10548;2;9891;"Yocan Flat Vaporizador para Cartridge";"vaporizador rojo";"https://fumetas.cl/calvo-vaporizador-nectar?variant=Rojo"
0.244;0;1.44;34726;44990;"Calvo Glass Bong Beaker Premium 35cm - Verde";5776;2;64591;"Jelly Fish-Bonglab";"bong verde";"https://fumetas.cl/calvo-glass-bong-beaker-lite-35cm?variant=Verde"
0.244;0;1.22;33687;29990;"Moledor Calvo Cerámico 60mm - Morado";5792;2;24592;"Moledor Cerámico Galaxy Pocket Grinder 5,5cm 4 Partes | PIRANHA";"moledor ceramico morado";"https://fumetas.cl/moledor-calvo-ceramico-60mm?variant=Morado"
0.243;0;1.75;20040;3990;"Pulsar Cable de carga USB-C";11021;2;6990;"Brass Knuckles Batería 900mAh USB-C";"cable usb";"https://fumetas.cl/pulsar-cable-de-carga-usb-c"
0.243;0;2.59;2028;3890;"Raw Cajita Metálica para Pre-Enrolados King Size";10685;2;1500;"Papelillos Vibes Rice King Size Slim";"king size";"https://fumetas.cl/raw-cajita-metalica-para-pre-enrolados-king-size"
0.243;0;1.18;33672;17990;"Moledor Calvo Lite Aluminio 63mm - Azul";5507;2;15291;"Grinder Galaxy Aluminio 55mm";"moledor aluminio azul";"https://fumetas.cl/moledor-calvo-lite-aluminio-63mm?variant=Azul"
0.243;0;3.32;13399;3290;"G-Rollz Blunt King Size Cono x2 - Blueberry";5421;2;990;"Papelillo Unbleached King Size Slim Blazy Susan";"king size";"https://fumetas.cl/g-rollz-blunt-king-size-cono-x2-blueberry"
0.242;0;4.09;59814;48990;"Calvo Moledor Aura Aluminio XL 100mm - Plateado";5794;2;11990;"MOLEDOR PLASTICO REFORZADO XL-STORZ & BICKEL";"moledor xl";"https://fumetas.cl/calvo-aura-moledor-aluminio-xl-100mm?variant=Plateado"
0.242;0;6.53;647;8490;"G-Rollz 20 Conos Pre Enrolados Bio Organic Hemp King Size";11048;2;1300;"Vibes Papelillos Organic Hemp 1 1/4";"organic hemp";"https://fumetas.cl/g-rollz-20-conos-pre-enrolados-bio-organic-hemp-king-size"
0.242;0;1.17;34737;54990;"Calvo Glass Bong Beaker Premium 45cm - Verde";5776;2;64591;"Jelly Fish-Bonglab";"bong verde";"https://fumetas.cl/calvo-glass-bong-beaker-lite-45cm?variant=Verde"
0.242;0;1.20;13132;34990;"Pulsar Bong Core Dab Rig 15 cm";10461;2;41990;"Bonglab Cobra Rig Kit Extractos";"bong rig";"https://fumetas.cl/pulsar-bong-core-dab-rig-15-cm"
0.241;0;2.22;33635;33990;"Pulsar Moledor Contenedor de Aluminio 50 mm - Azul";5507;2;15291;"Grinder Galaxy Aluminio 55mm";"moledor aluminio azul";"https://fumetas.cl/pulsar-moledor-y-contenedor-de-aluminio-50-mm?variant=Azul"
0.241;0;1.43;33672;17990;"Moledor Calvo Lite Aluminio 63mm - Azul";5512;2;12591;"Grinder Galaxy Aluminio 38mm";"moledor aluminio azul";"https://fumetas.cl/moledor-calvo-lite-aluminio-63mm?variant=Azul"
0.241;0;0.00;2063;5990;"Bandeja RAW metálica Classic - Mini";10999;2;0;"Khemo Bandeja Metalica 16x28cm";"bandeja metalica";"https://fumetas.cl/bandeja-raw-metalica-classic-mini"
0.241;0;1.39;59846;10990;"Calvo Lite Moledor Aluminio 50mm - Azul";5507;2;15291;"Grinder Galaxy Aluminio 55mm";"moledor aluminio azul";"https://fumetas.cl/moledor-calvo-lite-aluminio-50mm?variant=Azul"
0.240;0;1.22;33692;29990;"Moledor Calvo Cerámico 60mm - Verde";10734;2;24493;"Moledor Blazy Susan Aluminio 60mm 4 Partes";"moledor 60mm verde";"https://fumetas.cl/moledor-calvo-ceramico-60mm?variant=Verde"
0.240;0;2.91;37450;31990;"Pulsar Batería Cartridges 510 DL 5.0 - Negro";10638;2;10990;"Bateria Galaxy 510";"bateria 510";"https://fumetas.cl/pulsar-bateria-cartridges-510-dl-50?variant=Negro"
0.240;0;1.82;37640;19990;"Pulsar Batería Cartridges 510 DL - Negro";10638;2;10990;"Bateria Galaxy 510";"bateria 510";"https://fumetas.cl/pulsar-bateria-cartridges-510-dl?variant=Negro"
0.240;0;1.66;19454;25221;"Calvo Glass Bong Compact Skull Rig 19cm";10461;2;41990;"Bonglab Cobra Rig Kit Extractos";"bong rig";"https://fumetas.cl/calvo-glass-bong-skull-rig"
0.240;0;2.48;37602;5490;"PMG Kontainer Large - Breakout Blue";10618;2;13600;"Bandeja Cookies Metálica Para Enrolar";"large blue";"https://fumetas.cl/pmg-kontainer-large?variant=Breakout%20Blue"
0.240;0;4.58;20182;31990;"Pulsar Batería Cartridges 510 DL 5.0";11022;2;6990;"Brass Knuckles Batería 900mAh con Pantalla";"bateria cartridges 510";"https://fumetas.cl/pulsar-bateria-cartridges-510-dl-50"
0.240;0;2.86;20241;19990;"Pulsar Batería Cartridges 510 DL";11022;2;6990;"Brass Knuckles Batería 900mAh con Pantalla";"bateria cartridges 510";"https://fumetas.cl/pulsar-bateria-cartridges-510-dl"
0.240;0;2.70;33635;33990;"Pulsar Moledor Contenedor de Aluminio 50 mm - Azul";5512;2;12591;"Grinder Galaxy Aluminio 38mm";"moledor aluminio azul";"https://fumetas.cl/pulsar-moledor-y-contenedor-de-aluminio-50-mm?variant=Azul"
0.240;0;2.21;3762;2190;"G-Rollz 3 Conos Pre Enrolados Bio Organic Green Hemp King Size";10868;2;990;"RAW Organic Hemp 1 1/4";"organic hemp";"https://fumetas.cl/g-rollz-3-conos-pre-enrolados-bio-organic-green-hemp-king-size"
0.240;0;2.91;37452;31990;"Pulsar Batería Cartridges 510 DL 5.0 - Verde";10638;2;10990;"Bateria Galaxy 510";"bateria 510";"https://fumetas.cl/pulsar-bateria-cartridges-510-dl-50?variant=Verde"
0.240;0;2.14;37325;14990;"Calvo Batería Pro Led Cartridge 510 - Tornasol";11022;2;6990;"Brass Knuckles Batería 900mAh con Pantalla";"bateria led 510";"https://fumetas.cl/calvo-bateria-pro-led-cartridge-510?variant=Tornasol"
0.240;0;2.15;13417;1290;"LRC Papelillos Unbleached 1 1/4 + Tips";10993;2;600;"Lady Hornet Pink 1 1/4 + Tips";"papelillos tips";"https://fumetas.cl/lrc-papelillos-unbleached-1-14-tips"
0.239;0;1.15;59846;10990;"Calvo Lite Moledor Aluminio 50mm - Azul";5512;2;12591;"Grinder Galaxy Aluminio 38mm";"moledor aluminio azul";"https://fumetas.cl/moledor-calvo-lite-aluminio-50mm?variant=Azul"
0.239;0;47.05;225;8990;"Boquillas Gizeh Carbón Activo 6mm 34u.";10829;2;422991;"Filtro de Carbón Activado Kasvi 315x1200mm";"carbon activo";"https://fumetas.cl/boquillas-gizeh-carbon-activo-6mm-34u"
0.239;0;47.05;2130;8990;"Boquillas Gizeh Carbon Activado Procell Prism 6 mm";10829;2;422991;"Filtro de Carbón Activado Kasvi 315x1200mm";"carbon activado";"https://fumetas.cl/filtros-gizeh-carbon-activado-procell-prism-6-mm"
0.238;0;4.22;1273;590;"Papelillos Gizeh Unbleached Extra Fine 1 1/4";10354;2;2490;"Blazy Susan Roll 8m Unbleached";"papelillos unbleached";"https://fumetas.cl/papelillos-gizeh-unbleached-extra-fine-1-14"
0.238;0;2.41;2912;2390;"Soulblime 6 Conos Pre-enrolados Orgánicos King Size";5421;2;990;"Papelillo Unbleached King Size Slim Blazy Susan";"king size";"https://fumetas.cl/soulblime-6-conos-pre-enrolados-organicos-king-size"
0.238;0;2.73;20119;29990;"Pulsar Batería Cartridges 510 DL 2.0 Pro";10638;2;10990;"Bateria Galaxy 510";"bateria 510";"https://fumetas.cl/pulsar-bateria-cartridges-510-dl-20-pro"
0.238;0;1.22;33689;29990;"Moledor Calvo Cerámico 60mm - Negro";10734;2;24493;"Moledor Blazy Susan Aluminio 60mm 4 Partes";"moledor 60mm negro";"https://fumetas.cl/moledor-calvo-ceramico-60mm?variant=Negro"
0.238;0;2.19;13399;3290;"G-Rollz Blunt King Size Cono x2 - Blueberry";10685;2;1500;"Papelillos Vibes Rice King Size Slim";"king size";"https://fumetas.cl/g-rollz-blunt-king-size-cono-x2-blueberry"
0.238;0;1.67;19532;2990;"Special Blue Encendedor Soplete Mini Clear";10874;2;4990;"Ronson Soplete Pequeño";"encendedor soplete";"https://fumetas.cl/special-blue-encendedor-mini-clear"
0.237;0;2.29;59833;34990;"Calvo Moledor Aura Aluminio 63mm - Azul";5507;2;15291;"Grinder Galaxy Aluminio 55mm";"moledor aluminio azul";"https://fumetas.cl/calvo-aura-moledor-aluminio-63mm?variant=Azul"
0.237;0;2.00;19413;13990;"Pulsar Bateria Cartridges 510 Square";11022;2;6990;"Brass Knuckles Batería 900mAh con Pantalla";"bateria cartridges 510";"https://fumetas.cl/pulsar-510-bateria-square"
0.236;0;1.37;35850;9561;"Calvo Glass Batería Cartridge 510 - Tornasol";11021;2;6990;"Brass Knuckles Batería 900mAh USB-C";"bateria 510 tornasol";"https://fumetas.cl/calvo-glass-bateria-510?variant=Tornasol"
0.236;0;2.22;33636;33990;"Pulsar Moledor Contenedor de Aluminio 50 mm - Negro";5507;2;15291;"Grinder Galaxy Aluminio 55mm";"moledor aluminio negro";"https://fumetas.cl/pulsar-moledor-y-contenedor-de-aluminio-50-mm?variant=Negro"
0.236;0;1.21;37539;1490;"Conos Blunt Kush Hemp x2 - Sabores - Kiwi Strawberry";10568;3;1800;"Blunt Hemp Wrap Lion Rolling Circus Rolling Stones Berry Gelato";"conos blunt hemp";"https://fumetas.cl/conos-kush-hemp-sabores?variant=Kiwi%20Strawberry"
0.236;0;1.39;59845;10990;"Calvo Lite Moledor Aluminio 50mm - Negro";5507;2;15291;"Grinder Galaxy Aluminio 55mm";"moledor aluminio negro";"https://fumetas.cl/moledor-calvo-lite-aluminio-50mm?variant=Negro"
0.235;0;2.78;59833;34990;"Calvo Moledor Aura Aluminio 63mm - Azul";5512;2;12591;"Grinder Galaxy Aluminio 38mm";"moledor aluminio azul";"https://fumetas.cl/calvo-aura-moledor-aluminio-63mm?variant=Azul"
0.235;0;0.00;19443;4990;"Bandeja Gizeh Metálica Mediana Pink";10999;2;0;"Khemo Bandeja Metalica 16x28cm";"bandeja metalica";"https://fumetas.cl/bandeja-gizeh-metalica-mediana-pink"
0.235;0;35.28;13563;11990;"Boquillas Gizeh Pink Carbón Activo 6mm 50 uds.";10829;2;422991;"Filtro de Carbón Activado Kasvi 315x1200mm";"carbon activo";"https://fumetas.cl/boquillas-gizeh-pink-carbon-activo-6mm-50-uds"
0.235;0;1.82;37643;19990;"Pulsar Batería Cartridges 510 DL - Rosado";10638;2;10990;"Bateria Galaxy 510";"bateria 510";"https://fumetas.cl/pulsar-bateria-cartridges-510-dl?variant=Rosado"
0.235;0;1.27;35924;13990;"Pulsar Bateria Cartridges 510 Square - Negro";10638;2;10990;"Bateria Galaxy 510";"bateria 510";"https://fumetas.cl/pulsar-510-bateria-square?variant=Negro"
0.235;0;2.57;19333;17990;"Pulsar Bateria Cartridges 510 Payout 3.0";11022;2;6990;"Brass Knuckles Batería 900mAh con Pantalla";"bateria cartridges 510";"https://fumetas.cl/pulsar-bateria-510-payout-30"
0.235;0;1.72;20242;11990;"Pulsar Batería Cartridges 510 Payout";11022;2;6990;"Brass Knuckles Batería 900mAh con Pantalla";"bateria cartridges 510";"https://fumetas.cl/pulsar-bateria-cartridges-510-payout"
0.235;0;1.01;73251;1290;"Filtros Soulblime Slim Chocolate 6mm";10243;2;1300;"OCB ECO Filtros Slim - GB The Green Brand";"filtros slim";"https://fumetas.cl/filtros-soulblime-slim-chocolate-6mm"
0.235;0;2.70;33636;33990;"Pulsar Moledor Contenedor de Aluminio 50 mm - Negro";5512;2;12591;"Grinder Galaxy Aluminio 38mm";"moledor aluminio negro";"https://fumetas.cl/pulsar-moledor-y-contenedor-de-aluminio-50-mm?variant=Negro"
0.234;0;1.15;59845;10990;"Calvo Lite Moledor Aluminio 50mm - Negro";5512;2;12591;"Grinder Galaxy Aluminio 38mm";"moledor aluminio negro";"https://fumetas.cl/moledor-calvo-lite-aluminio-50mm?variant=Negro"
0.234;0;1.32;33672;17990;"Moledor Calvo Lite Aluminio 63mm - Azul";10126;3;23800;"Moledor Galaxy de 4 partes y con tamizador";"moledor aluminio azul";"https://fumetas.cl/moledor-calvo-lite-aluminio-63mm?variant=Azul"
0.234;0;1.05;34789;39990;"Calvo G l a s s Bong Space Horn Rig 21cm - Verde";10461;2;41990;"Bonglab Cobra Rig Kit Extractos";"bong rig";"https://fumetas.cl/calvo-glass-space-horn-rig-23cm?variant=Verde"
0.233;0;0.00;2066;5990;"Bandeja RAW metálica Girl - Mini";10999;2;0;"Khemo Bandeja Metalica 16x28cm";"bandeja metalica";"https://fumetas.cl/bandeja-raw-metalica-girl-mini"
0.233;0;3.73;448;3690;"G-Rollz Lightly Dyed Pink Papelillos King Size + Boquillas + Bandeja";11023;2;990;"Honeypuff Papelillos 100 Dólares King Size";"papelillos king size";"https://fumetas.cl/g-rollz-lightly-dyed-pink-papelillos-king-size-boquillas-bandeja"
0.233;0;1.05;34787;39990;"Calvo G l a s s Bong Space Horn Rig 21cm - Azul";10461;2;41990;"Bonglab Cobra Rig Kit Extractos";"bong rig";"https://fumetas.cl/calvo-glass-space-horn-rig-23cm?variant=Azul"
0.233;0;2.91;37453;31990;"Pulsar Batería Cartridges 510 DL 5.0 - Celeste";10638;2;10990;"Bateria Galaxy 510";"bateria 510";"https://fumetas.cl/pulsar-bateria-cartridges-510-dl-50?variant=Celeste"
0.233;0;1.22;33692;29990;"Moledor Calvo Cerámico 60mm - Verde";5792;2;24592;"Moledor Cerámico Galaxy Pocket Grinder 5,5cm 4 Partes | PIRANHA";"moledor ceramico verde";"https://fumetas.cl/moledor-calvo-ceramico-60mm?variant=Verde"
0.233;0;1.36;35772;14990;"Pulsar Batería 510 DL Lite - Rojo";10638;2;10990;"Bateria Galaxy 510";"bateria 510";"https://fumetas.cl/pulsar-bateria-510-dl-lite?variant=Rojo"
0.233;0;1.59;2912;2390;"Soulblime 6 Conos Pre-enrolados Orgánicos King Size";10685;2;1500;"Papelillos Vibes Rice King Size Slim";"king size";"https://fumetas.cl/soulblime-6-conos-pre-enrolados-organicos-king-size"
0.233;0;7.29;37180;7290;"Hemper Hemp Rolls + Glass Tips Mini Size - Sabores - Grape";11018;2;1000;"Soulblime Blunt Hemp Wraps Chocomint";"hemp sabores";"https://fumetas.cl/hemper-hemp-rolls-glass-tips-sabores?variant=Grape"
0.233;0;2.11;36984;11301;"Cenicero Fumetas Aluminio - Gris";10126;3;23800;"Moledor Galaxy de 4 partes y con tamizador";"aluminio gris";"https://fumetas.cl/cenicero-fumetas-aluminio?variant=Gris"
0.232;0;1.27;35923;13990;"Pulsar Bateria Cartridges 510 Square - Morado";10638;2;10990;"Bateria Galaxy 510";"bateria 510";"https://fumetas.cl/pulsar-510-bateria-square?variant=Morado"
0.232;0;1.43;33635;33990;"Pulsar Moledor Contenedor de Aluminio 50 mm - Azul";10126;3;23800;"Moledor Galaxy de 4 partes y con tamizador";"moledor aluminio azul";"https://fumetas.cl/pulsar-moledor-y-contenedor-de-aluminio-50-mm?variant=Azul"
0.232;0;0.00;1224;4990;"Bandeja Bulldog metálica logo - Mini";10999;2;0;"Khemo Bandeja Metalica 16x28cm";"bandeja metalica";"https://fumetas.cl/bandeja-bulldog-metalica-logo-mini-1"
0.232;0;18.63;13604;31490;"Smoke Fiends Repuesto Filtro 3 Unidades";10362;3;1690;"Zippo Piedras Encendedor 6U";"repuesto unidades";"https://fumetas.cl/smoke-fiends-repuesto-filtro-3-unidades"
0.232;0;7.29;37178;7290;"Hemper Hemp Rolls + Glass Tips Mini Size - Sabores - Blueberry";11018;2;1000;"Soulblime Blunt Hemp Wraps Chocomint";"hemp sabores";"https://fumetas.cl/hemper-hemp-rolls-glass-tips-sabores?variant=Blueberry"
0.232;0;7.29;37181;7290;"Hemper Hemp Rolls + Glass Tips Mini Size - Sabores - Honey";11018;2;1000;"Soulblime Blunt Hemp Wraps Chocomint";"hemp sabores";"https://fumetas.cl/hemper-hemp-rolls-glass-tips-sabores?variant=Honey"
0.232;0;2.29;59831;34990;"Calvo Moledor Aura Aluminio 63mm - Negro";5507;2;15291;"Grinder Galaxy Aluminio 55mm";"moledor aluminio negro";"https://fumetas.cl/calvo-aura-moledor-aluminio-63mm?variant=Negro"
0.232;0;2.17;59846;10990;"Calvo Lite Moledor Aluminio 50mm - Azul";10126;3;23800;"Moledor Galaxy de 4 partes y con tamizador";"moledor aluminio azul";"https://fumetas.cl/moledor-calvo-lite-aluminio-50mm?variant=Azul"
0.232;0;8.58;647;8490;"G-Rollz 20 Conos Pre Enrolados Bio Organic Hemp King Size";10868;2;990;"RAW Organic Hemp 1 1/4";"organic hemp";"https://fumetas.cl/g-rollz-20-conos-pre-enrolados-bio-organic-hemp-king-size"
0.232;0;176.98;1218;2390;"Boquillas Gizeh Carbón Activo Rainbow 6mm 10 uds";10829;2;422991;"Filtro de Carbón Activado Kasvi 315x1200mm";"carbon activo";"https://fumetas.cl/boquillas-gizeh-carbon-activo-rainbow-6mm-10-uds"
0.232;0;1.11;13508;890;"LRC Papelillos Silver Ultra Fino 1 1/4";10878;2;990;"Khemo Silver King Size";"papelillos silver";"https://fumetas.cl/lion-rolling-circus-papelillos-silver-1-14"
0.231;0;7.29;37179;7290;"Hemper Hemp Rolls + Glass Tips Mini Size - Sabores - Mango";11018;2;1000;"Soulblime Blunt Hemp Wraps Chocomint";"hemp sabores";"https://fumetas.cl/hemper-hemp-rolls-glass-tips-sabores?variant=Mango"
0.231;0;1.20;34703;34990;"Calvo Bong Dual Eye Rig 18cm - Verde";10461;2;41990;"Bonglab Cobra Rig Kit Extractos";"bong rig";"https://fumetas.cl/calvo-bong-dual-eye-rig-18cm?variant=Verde"
0.231;0;4.29;20119;29990;"Pulsar Batería Cartridges 510 DL 2.0 Pro";11022;2;6990;"Brass Knuckles Batería 900mAh con Pantalla";"bateria cartridges 510";"https://fumetas.cl/pulsar-bateria-cartridges-510-dl-20-pro"
0.231;0;1.05;34788;39990;"Calvo G l a s s Bong Space Horn Rig 21cm - Morado";10461;2;41990;"Bonglab Cobra Rig Kit Extractos";"bong rig";"https://fumetas.cl/calvo-glass-space-horn-rig-23cm?variant=Morado"
0.231;0;1.01;13391;1290;"Filtros Soulblime Slim Menthol 6mm";10243;2;1300;"OCB ECO Filtros Slim - GB The Green Brand";"filtros slim";"https://fumetas.cl/filtros-soulblime-slim-menthol-6mm"
0.231;0;1.35;35030;56541;"Calvo Glass Bong Rig Monster 21 cm - Naranja";10461;2;41990;"Bonglab Cobra Rig Kit Extractos";"bong rig";"https://fumetas.cl/calvo-glass-rig-monster-21cm?variant=Naranja"
0.231;0;1.31;34458;35990;"Dime Bags Estuche The Boss Con Clave Anti-Olor 25cm - Verde";10547;2;46990;"Ozeta Techbag Anti-Olor";"anti olor";"https://fumetas.cl/dime-bags-estuche-the-boss-con-clave-anti-olor-25cm?variant=Verde"
0.231;0;14.13;13429;13990;"Soulblime Conos Pre-enrolados Pink King Size 50 uds.";5421;2;990;"Papelillo Unbleached King Size Slim Blazy Susan";"king size";"https://fumetas.cl/soulblime-conos-pre-enrolados-pink-king-size-50-uds"
0.230;0;2.18;19331;23990;"Pulsar Bateria 510 Hall Pass";10638;2;10990;"Bateria Galaxy 510";"bateria 510";"https://fumetas.cl/pulsar-510-bateria-hall-pass"
0.230;0;2.78;59831;34990;"Calvo Moledor Aura Aluminio 63mm - Negro";5512;2;12591;"Grinder Galaxy Aluminio 38mm";"moledor aluminio negro";"https://fumetas.cl/calvo-aura-moledor-aluminio-63mm?variant=Negro"
0.230;0;1.18;19334;12990;"Pulsar Bateria 510 Voltaje Variable";10638;2;10990;"Bateria Galaxy 510";"bateria 510";"https://fumetas.cl/pulsar-bateria-510-voltaje-variable"
0.230;0;1.22;33689;29990;"Moledor Calvo Cerámico 60mm - Negro";5792;2;24592;"Moledor Cerámico Galaxy Pocket Grinder 5,5cm 4 Partes | PIRANHA";"moledor ceramico negro";"https://fumetas.cl/moledor-calvo-ceramico-60mm?variant=Negro"
0.230;0;1.47;34454;31990;"Dime Bags Estuche The Boss Con Clave Anti-Olor 20cm - Verde";10547;2;46990;"Ozeta Techbag Anti-Olor";"anti olor";"https://fumetas.cl/dime-bags-estuche-the-boss-con-clave-anti-olor-20cm?variant=Verde"
0.230;0;5.04;13397;4990;"G-Rollz 2 Blunt King Size Terpeno Watermelon Sunrise";5421;2;990;"Papelillo Unbleached King Size Slim Blazy Susan";"king size";"https://fumetas.cl/g-rollz-2-blunt-king-size-terpeno-watermelon-sunrise"
0.230;0;2.86;37643;19990;"Pulsar Batería Cartridges 510 DL - Rosado";11022;2;6990;"Brass Knuckles Batería 900mAh con Pantalla";"bateria cartridges 510";"https://fumetas.cl/pulsar-bateria-cartridges-510-dl?variant=Rosado"
0.230;0;4.94;477;4890;"Hemper Hemp Rolls + Glass Tips King Size - Sabores";5421;2;990;"Papelillo Unbleached King Size Slim Blazy Susan";"king size";"https://fumetas.cl/hemper-hemp-rolls-glass-tips-king-size-sabores"
0.229;0;1.01;13390;1290;"Filtros Soulblime Slim Berrymint 6mm";10243;2;1300;"OCB ECO Filtros Slim - GB The Green Brand";"filtros slim";"https://fumetas.cl/filtros-soulblime-slim-berrymint-6mm"
0.229;0;4.89;36095;4890;"Hemper Hemp Rolls + Glass Tips King Size - Sabores - Sweet";11018;2;1000;"Soulblime Blunt Hemp Wraps Chocomint";"hemp sabores";"https://fumetas.cl/hemper-hemp-rolls-glass-tips-king-size-sabores?variant=Sweet"
0.229;0;1.20;34704;34990;"Calvo Bong Dual Eye Rig 18cm - Morado";10461;2;41990;"Bonglab Cobra Rig Kit Extractos";"bong rig";"https://fumetas.cl/calvo-bong-dual-eye-rig-18cm?variant=Morado"
0.229;0;0.00;19441;5990;"Bandeja Bulldog metálica logo - Mediana";10999;2;0;"Khemo Bandeja Metalica 16x28cm";"bandeja metalica";"https://fumetas.cl/bandeja-bulldog-metalica-logo-mediana"
0.229;0;7.29;37182;7290;"Hemper Hemp Rolls + Glass Tips Mini Size - Sabores - Sweet";11018;2;1000;"Soulblime Blunt Hemp Wraps Chocomint";"hemp sabores";"https://fumetas.cl/hemper-hemp-rolls-glass-tips-sabores?variant=Sweet"
0.229;0;1.64;35776;17990;"Pulsar Bateria Cartridges 510 Payout 3.0 - Rojo";10638;2;10990;"Bateria Galaxy 510";"bateria 510";"https://fumetas.cl/pulsar-bateria-510-payout-30?variant=Rojo"
0.229;0;1.09;37656;11990;"Pulsar Batería Cartridges 510 Payout - Rojo";10638;2;10990;"Bateria Galaxy 510";"bateria 510";"https://fumetas.cl/pulsar-bateria-cartridges-510-payout?variant=Rojo"
0.229;0;2.52;19354;2490;"Vibes Cubano Cono Pre-enrolado King Size 8";5421;2;990;"Papelillo Unbleached King Size Slim Blazy Susan";"king size";"https://fumetas.cl/vibes-cubano-cono-king-size"
0.228;0;5.04;35119;4990;"G-Rollz 2 Blunt King Size Terpeno Candy Crunched";5421;2;990;"Papelillo Unbleached King Size Slim Blazy Susan";"king size";"https://fumetas.cl/g-rollz-2-blunt-king-size-terpeno-candy-crunched"
0.228;0;4.58;37453;31990;"Pulsar Batería Cartridges 510 DL 5.0 - Celeste";11022;2;6990;"Brass Knuckles Batería 900mAh con Pantalla";"bateria cartridges 510";"https://fumetas.cl/pulsar-bateria-cartridges-510-dl-50?variant=Celeste"
0.228;0;2.36;20120;25990;"Pulsar Batería Cartridges 510 DL 3.0 Twist";10638;2;10990;"Bateria Galaxy 510";"bateria 510";"https://fumetas.cl/pulsar-bateria-cartridges-510-dl-30-twist"
0.228;0;1.47;59833;34990;"Calvo Moledor Aura Aluminio 63mm - Azul";10126;3;23800;"Moledor Galaxy de 4 partes y con tamizador";"moledor aluminio azul";"https://fumetas.cl/calvo-aura-moledor-aluminio-63mm?variant=Azul"
0.228;0;1.09;193;2290;"G-Rollz Papelillos Unbleached Extra Thin 1 1/4 + Tips";10354;2;2490;"Blazy Susan Roll 8m Unbleached";"papelillos unbleached";"https://fumetas.cl/g-rollz-papelillos-unbleached-extra-thin-1-14-tips"
0.228;0;1.27;35925;13990;"Pulsar Bateria Cartridges 510 Square - Celeste";10638;2;10990;"Bateria Galaxy 510";"bateria 510";"https://fumetas.cl/pulsar-510-bateria-square?variant=Celeste"
0.228;0;1.82;37642;19990;"Pulsar Batería Cartridges 510 DL - Menta";10638;2;10990;"Bateria Galaxy 510";"bateria 510";"https://fumetas.cl/pulsar-bateria-cartridges-510-dl?variant=Menta"
0.228;0;44.11;1525;9590;"Boquillas Gizeh Pink Carbón Activo 6mm 34u.";10829;2;422991;"Filtro de Carbón Activado Kasvi 315x1200mm";"carbon activo";"https://fumetas.cl/boquillas-gizeh-pink-carbon-activo-6mm-34u"
0.228;0;1.01;13392;1290;"Filtros Soulblime Slim Neutros 6mm";10243;2;1300;"OCB ECO Filtros Slim - GB The Green Brand";"filtros slim";"https://fumetas.cl/filtros-soulblime-slim-neutros-6mm"
0.228;0;2.00;35923;13990;"Pulsar Bateria Cartridges 510 Square - Morado";11022;2;6990;"Brass Knuckles Batería 900mAh con Pantalla";"bateria cartridges 510";"https://fumetas.cl/pulsar-510-bateria-square?variant=Morado"
0.228;0;2.27;37252;24990;"Pulsar 510 DL Scribe Lápiz para Cartridge - Lila";10638;2;10990;"Bateria Galaxy 510";"510 cartridge";"https://fumetas.cl/pulsar-510-dl-scribe-lapiz-para-cartridge?variant=Lila"
0.228;0;1.47;34455;31990;"Dime Bags Estuche The Boss Con Clave Anti-Olor 20cm - Rojo";10547;2;46990;"Ozeta Techbag Anti-Olor";"anti olor";"https://fumetas.cl/dime-bags-estuche-the-boss-con-clave-anti-olor-20cm?variant=Rojo"
0.227;0;5.04;13395;4990;"G-Rollz 2 Blunt King Size Terpeno Blueberry Kookies";5421;2;990;"Papelillo Unbleached King Size Slim Blazy Susan";"king size";"https://fumetas.cl/g-rollz-2-blunt-king-size-terpeno-blueberry-kookies"
0.227;0;1.09;37657;11990;"Pulsar Batería Cartridges 510 Payout - Rosado";10638;2;10990;"Bateria Galaxy 510";"bateria 510";"https://fumetas.cl/pulsar-bateria-cartridges-510-payout?variant=Rosado"
0.227;0;2.44;33645;59990;"Dream High Moledor Ceramico 3.0 63mm - Morado";5792;2;24592;"Moledor Cerámico Galaxy Pocket Grinder 5,5cm 4 Partes | PIRANHA";"moledor ceramico morado";"https://fumetas.cl/dream-high-moledor-ceramico-30-63mm?variant=Morado"
0.227;0;1.43;33636;33990;"Pulsar Moledor Contenedor de Aluminio 50 mm - Negro";10126;3;23800;"Moledor Galaxy de 4 partes y con tamizador";"moledor aluminio negro";"https://fumetas.cl/pulsar-moledor-y-contenedor-de-aluminio-50-mm?variant=Negro"
0.227;0;5.04;13396;4990;"G-Rollz 2 Blunt King Size Terpeno Mystikal Haze";5421;2;990;"Papelillo Unbleached King Size Slim Blazy Susan";"king size";"https://fumetas.cl/g-rollz-2-blunt-king-size-terpeno-mystikal-haze"
0.227;0;0.00;19444;4990;"Bandeja Gizeh Metálica Mediana Trippy";10999;2;0;"Khemo Bandeja Metalica 16x28cm";"bandeja metalica";"https://fumetas.cl/bandeja-gizeh-metalica-mediana-trippy"
0.227;0;2.17;59845;10990;"Calvo Lite Moledor Aluminio 50mm - Negro";10126;3;23800;"Moledor Galaxy de 4 partes y con tamizador";"moledor aluminio negro";"https://fumetas.cl/moledor-calvo-lite-aluminio-50mm?variant=Negro"
0.227;0;2.73;37253;29990;"Pulsar Batería Cartridges 510 DL 2.0 Pro - Negro";10638;2;10990;"Bateria Galaxy 510";"bateria 510";"https://fumetas.cl/pulsar-bateria-cartridges-510-dl-20-pro?variant=Negro"
0.226;0;1.66;36032;25221;"Calvo Glass Bong Compact Skull Rig 19cm - Verde";10461;2;41990;"Bonglab Cobra Rig Kit Extractos";"bong rig";"https://fumetas.cl/calvo-glass-bong-skull-rig?variant=Verde"
0.226;0;9.33;13429;13990;"Soulblime Conos Pre-enrolados Pink King Size 50 uds.";10685;2;1500;"Papelillos Vibes Rice King Size Slim";"king size";"https://fumetas.cl/soulblime-conos-pre-enrolados-pink-king-size-50-uds"
0.226;0;13.37;19925;27990;"Gizeh Premium Rolling Kit King Size";10350;2;2094;"Blazy Susan Tea Leaf Cones King Size";"king size";"https://fumetas.cl/gizeh-premium-rolling-kit-king-size"
0.225;0;3.33;13397;4990;"G-Rollz 2 Blunt King Size Terpeno Watermelon Sunrise";10685;2;1500;"Papelillos Vibes Rice King Size Slim";"king size";"https://fumetas.cl/g-rollz-2-blunt-king-size-terpeno-watermelon-sunrise"
0.225;0;3.72;20120;25990;"Pulsar Batería Cartridges 510 DL 3.0 Twist";11022;2;6990;"Brass Knuckles Batería 900mAh con Pantalla";"bateria cartridges 510";"https://fumetas.cl/pulsar-bateria-cartridges-510-dl-30-twist"
0.225;0;1.09;37654;11990;"Pulsar Batería Cartridges 510 Payout - Celeste";10638;2;10990;"Bateria Galaxy 510";"bateria 510";"https://fumetas.cl/pulsar-bateria-cartridges-510-payout?variant=Celeste"
0.225;0;2.00;35925;13990;"Pulsar Bateria Cartridges 510 Square - Celeste";11022;2;6990;"Brass Knuckles Batería 900mAh con Pantalla";"bateria cartridges 510";"https://fumetas.cl/pulsar-510-bateria-square?variant=Celeste"
0.225;0;2.86;37642;19990;"Pulsar Batería Cartridges 510 DL - Menta";11022;2;6990;"Brass Knuckles Batería 900mAh con Pantalla";"bateria cartridges 510";"https://fumetas.cl/pulsar-bateria-cartridges-510-dl?variant=Menta"
0.225;0;3.26;477;4890;"Hemper Hemp Rolls + Glass Tips King Size - Sabores";10685;2;1500;"Papelillos Vibes Rice King Size Slim";"king size";"https://fumetas.cl/hemper-hemp-rolls-glass-tips-king-size-sabores"
0.225;0;1.72;37657;11990;"Pulsar Batería Cartridges 510 Payout - Rosado";11022;2;6990;"Brass Knuckles Batería 900mAh con Pantalla";"bateria cartridges 510";"https://fumetas.cl/pulsar-bateria-cartridges-510-payout?variant=Rosado"
0.225;0;3.32;13401;3290;"G-Rollz Blunt King Size Cono x2 - Pétalos de Rosa";5421;2;990;"Papelillo Unbleached King Size Slim Blazy Susan";"king size";"https://fumetas.cl/g-rollz-blunt-king-size-cono-x2-petalos-de-rosa"
0.225;0;5.61;13395;4990;"G-Rollz 2 Blunt King Size Terpeno Blueberry Kookies";10402;2;890;"Blunt Wrap Double Platinum Blueberry x2";"blunt blueberry";"https://fumetas.cl/g-rollz-2-blunt-king-size-terpeno-blueberry-kookies"
0.225;0;1.36;35773;14990;"Pulsar Batería 510 DL Lite - Menta";10638;2;10990;"Bateria Galaxy 510";"bateria 510";"https://fumetas.cl/pulsar-bateria-510-dl-lite?variant=Menta"
0.224;0;1.23;33796;4190;"Moledor Hemp Gizeh 55mm - Rojo";5498;3;3400;"Galaxy Moledor Biodegradable | Grinder ecológico resistente";"moledor rojo";"https://fumetas.cl/moledor-hemp-gizeh?variant=Rojo"
0.224;0;1.64;34319;11490;"Galaxy Batería Cartridge 510 - Azul";11022;2;6990;"Brass Knuckles Batería 900mAh con Pantalla";"bateria 510 azul";"https://fumetas.cl/galaxy-bateria-cartridge-18v?variant=Azul"
0.224;0;1.66;36030;25221;"Calvo Glass Bong Compact Skull Rig 19cm - Morado";10461;2;41990;"Bonglab Cobra Rig Kit Extractos";"bong rig";"https://fumetas.cl/calvo-glass-bong-skull-rig?variant=Morado"
0.224;0;2.14;37325;14990;"Calvo Batería Pro Led Cartridge 510 - Tornasol";11021;2;6990;"Brass Knuckles Batería 900mAh USB-C";"bateria 510 tornasol";"https://fumetas.cl/calvo-bateria-pro-led-cartridge-510?variant=Tornasol"
0.224;0;2.18;20183;23990;"Pulsar Batería Cartridges 510 DL Centro";10638;2;10990;"Bateria Galaxy 510";"bateria 510";"https://fumetas.cl/pulsar-bateria-cartridges-510-dl-centro"
0.224;0;3.33;35119;4990;"G-Rollz 2 Blunt King Size Terpeno Candy Crunched";10685;2;1500;"Papelillos Vibes Rice King Size Slim";"king size";"https://fumetas.cl/g-rollz-2-blunt-king-size-terpeno-candy-crunched"
0.224;0;2.14;35772;14990;"Pulsar Batería 510 DL Lite - Rojo";11022;2;6990;"Brass Knuckles Batería 900mAh con Pantalla";"bateria 510 rojo";"https://fumetas.cl/pulsar-bateria-510-dl-lite?variant=Rojo"
0.224;0;1.72;37654;11990;"Pulsar Batería Cartridges 510 Payout - Celeste";11022;2;6990;"Brass Knuckles Batería 900mAh con Pantalla";"bateria cartridges 510";"https://fumetas.cl/pulsar-bateria-cartridges-510-payout?variant=Celeste"
0.223;0;1.47;59831;34990;"Calvo Moledor Aura Aluminio 63mm - Negro";10126;3;23800;"Moledor Galaxy de 4 partes y con tamizador";"moledor aluminio negro";"https://fumetas.cl/calvo-aura-moledor-aluminio-63mm?variant=Negro"
0.223;0;1.83;13454;1090;"Blunt Wrap Rose Wraps x2";10543;2;1990;"Blunt Hemp Wrap Lion Rolling Circus Terpenes KKKSH";"blunt wrap";"https://fumetas.cl/blunt-wrap-rose-x2"
0.223;0;3.33;13395;4990;"G-Rollz 2 Blunt King Size Terpeno Blueberry Kookies";10685;2;1500;"Papelillos Vibes Rice King Size Slim";"king size";"https://fumetas.cl/g-rollz-2-blunt-king-size-terpeno-blueberry-kookies"
0.223;0;1.31;33559;31990;"Moledor Galaxy Cerámico 60mm - Verde Medianoche";10734;2;24493;"Moledor Blazy Susan Aluminio 60mm 4 Partes";"moledor 60mm verde";"https://fumetas.cl/moledor-galaxy-ceramico-60mm?variant=Verde%20Medianoche"
0.223;0;3.43;20183;23990;"Pulsar Batería Cartridges 510 DL Centro";11022;2;6990;"Brass Knuckles Batería 900mAh con Pantalla";"bateria cartridges 510";"https://fumetas.cl/pulsar-bateria-cartridges-510-dl-centro"
0.222;0;3.33;13396;4990;"G-Rollz 2 Blunt King Size Terpeno Mystikal Haze";10685;2;1500;"Papelillos Vibes Rice King Size Slim";"king size";"https://fumetas.cl/g-rollz-2-blunt-king-size-terpeno-mystikal-haze"
0.222;0;3.53;33803;11990;"Moledor Fumetas Tiny 63mm - Rojo";5498;3;3400;"Galaxy Moledor Biodegradable | Grinder ecológico resistente";"moledor rojo";"https://fumetas.cl/moledor-fumetas-tiny?variant=Rojo"
0.222;0;1.30;13499;1690;"Filtros Gizeh Slim Con Carbón Activo 6mm";10243;2;1300;"OCB ECO Filtros Slim - GB The Green Brand";"filtros slim";"https://fumetas.cl/filtros-gizeh-slim-6mm"
0.221;0;2.27;19988;10990;"Boquilla Para Vaporizador Atmos Ruva";10883;2;24990;"Weecke Boquilla Fenix 2.0";"boquilla vaporizador";"https://fumetas.cl/boquilla-para-vaporizador-atmos-ruva"
0.221;0;121.20;13686;3490;"actiTube Boquillas carbón activado Slim 7mm - 10 Unidades";10829;2;422991;"Filtro de Carbón Activado Kasvi 315x1200mm";"carbon activado";"https://fumetas.cl/actitube-slim-7mm-10-unidades"
0.221;0;1.09;37655;11990;"Pulsar Batería Cartridges 510 Payout - Menta";10638;2;10990;"Bateria Galaxy 510";"bateria 510";"https://fumetas.cl/pulsar-bateria-cartridges-510-payout?variant=Menta"
0.221;0;1.86;35781;12990;"Pulsar Bateria 510 Voltaje Variable - Tornasol";11021;2;6990;"Brass Knuckles Batería 900mAh USB-C";"bateria 510 tornasol";"https://fumetas.cl/pulsar-bateria-510-voltaje-variable?variant=Tornasol"
0.221;0;1.66;74189;25221;"Calvo Glass Bong Compact Skull Rig 19cm - Amarillo";10461;2;41990;"Bonglab Cobra Rig Kit Extractos";"bong rig";"https://fumetas.cl/calvo-glass-bong-skull-rig?variant=Amarillo"
0.221;0;1.72;37655;11990;"Pulsar Batería Cartridges 510 Payout - Menta";11022;2;6990;"Brass Knuckles Batería 900mAh con Pantalla";"bateria cartridges 510";"https://fumetas.cl/pulsar-bateria-cartridges-510-payout?variant=Menta"
0.220;0;1.72;37470;16990;"Pulsar Bateria 510 Cartridge Pantalla Digital - Negro";10548;2;9891;"Yocan Flat Vaporizador para Cartridge";"cartridge negro";"https://fumetas.cl/pulsar-bateria-pantalla-digital?variant=Negro"
0.220;0;2.19;13401;3290;"G-Rollz Blunt King Size Cono x2 - Pétalos de Rosa";10685;2;1500;"Papelillos Vibes Rice King Size Slim";"king size";"https://fumetas.cl/g-rollz-blunt-king-size-cono-x2-petalos-de-rosa"
0.220;0;1.60;35850;9561;"Calvo Glass Batería Cartridge 510 - Tornasol";11020;2;5990;"Brass Knuckles Batería 900mAh con Cargador USB";"bateria 510 tornasol";"https://fumetas.cl/calvo-glass-bateria-510?variant=Tornasol"
0.220;0;1.64;34317;11490;"Galaxy Batería Cartridge 510 - Negro";11022;2;6990;"Brass Knuckles Batería 900mAh con Pantalla";"bateria 510 negro";"https://fumetas.cl/galaxy-bateria-cartridge-18v?variant=Negro"
0.220;0;1.18;35778;12990;"Pulsar Bateria 510 Voltaje Variable - Negro";10638;2;10990;"Bateria Galaxy 510";"bateria 510";"https://fumetas.cl/pulsar-bateria-510-voltaje-variable?variant=Negro"
0.219;0;2.18;35767;23990;"Pulsar Bateria 510 Hall Pass - Verde";10638;2;10990;"Bateria Galaxy 510";"bateria 510";"https://fumetas.cl/pulsar-510-bateria-hall-pass?variant=Verde"
0.219;0;1.02;1554;45990;"Biopulcher Control CNB - Gel Anti Olor 200g";10547;2;46990;"Ozeta Techbag Anti-Olor";"anti olor";"https://fumetas.cl/biopulcher-control-cnb-gel-anti-olor-200g"
0.219;0;2.48;19519;1490;"Papelillos Gizeh Queen Size + Tips";10993;2;600;"Lady Hornet Pink 1 1/4 + Tips";"papelillos tips";"https://fumetas.cl/papelillos-gizeh-queen-size-tips"
0.219;0;3.03;36722;29990;"Calvo Vaporizador Nectar - Verde";10548;2;9891;"Yocan Flat Vaporizador para Cartridge";"vaporizador verde";"https://fumetas.cl/calvo-vaporizador-nectar?variant=Verde"
0.219;0;14.13;13428;13990;"Soulblime Conos Pre-enrolados Orgánicos King Size 50 uds.";5421;2;990;"Papelillo Unbleached King Size Slim Blazy Susan";"king size";"https://fumetas.cl/soulblime-conos-pre-enrolados-organicos-king-size-50-uds"
0.219;0;2.10;19425;10490;"Special Blue Encendedor Soplete Spark Cloud";10874;2;4990;"Ronson Soplete Pequeño";"encendedor soplete";"https://fumetas.cl/special-blue-encendedor-soplete-spark-cloud"
0.219;0;1.11;34075;1990;"G-Rollz Blunt Hemp Wrap x4 - Slow Burning - Strawberry Pop";10568;3;1800;"Blunt Hemp Wrap Lion Rolling Circus Rolling Stones Berry Gelato";"blunt hemp wrap";"https://fumetas.cl/g-rollz-blunt-hemp-wrap-x4-slow-burning?variant=Strawberry%20Pop"
0.219;0;0.00;18457;5990;"Bandeja RAW metálica Camo Silver - Mini";10999;2;0;"Khemo Bandeja Metalica 16x28cm";"bandeja metalica";"https://fumetas.cl/bandeja-raw-metalica-camo-silver-mini"
0.218;0;2.01;35255;990;"Blunt Wrap Platinum x2 - Blueberry";10543;2;1990;"Blunt Hemp Wrap Lion Rolling Circus Terpenes KKKSH";"blunt wrap";"https://fumetas.cl/blunt-wrap-platinum-x2?variant=Blueberry"
0.218;0;6.01;19292;6990;"Encendedor Clipper Metálico Classic Cars";10737;2;41990;"Encendedor Zippo Classic High Polish Green";"encendedor classic";"https://fumetas.cl/encendedor-clipper-metalico-clasicc-cars"
0.218;0;1.67;36155;2990;"Special Blue Encendedor Soplete Mini Clear - Rosado";10874;2;4990;"Ronson Soplete Pequeño";"encendedor soplete";"https://fumetas.cl/special-blue-encendedor-mini-clear?variant=Rosado"
0.218;0;2.01;35262;990;"Blunt Wrap Platinum x2 - Mango";10543;2;1990;"Blunt Hemp Wrap Lion Rolling Circus Terpenes KKKSH";"blunt wrap";"https://fumetas.cl/blunt-wrap-platinum-x2?variant=Mango"
0.218;0;2.36;37273;25990;"Pulsar Batería Cartridges 510 DL 3.0 Twist - Negro";10638;2;10990;"Bateria Galaxy 510";"bateria 510";"https://fumetas.cl/pulsar-bateria-cartridges-510-dl-30-twist?variant=Negro"
0.218;0;2.01;35257;990;"Blunt Wrap Platinum x2 - Chocolate";10543;2;1990;"Blunt Hemp Wrap Lion Rolling Circus Terpenes KKKSH";"blunt wrap";"https://fumetas.cl/blunt-wrap-platinum-x2?variant=Chocolate"
0.217;0;2.44;33646;59990;"Dream High Moledor Ceramico 3.0 63mm - Verde";5792;2;24592;"Moledor Cerámico Galaxy Pocket Grinder 5,5cm 4 Partes | PIRANHA";"moledor ceramico verde";"https://fumetas.cl/dream-high-moledor-ceramico-30-63mm?variant=Verde"
0.217;0;4.29;37256;29990;"Pulsar Batería Cartridges 510 DL 2.0 Pro - Menta";11022;2;6990;"Brass Knuckles Batería 900mAh con Pantalla";"bateria cartridges 510";"https://fumetas.cl/pulsar-bateria-cartridges-510-dl-20-pro?variant=Menta"
0.217;0;1.18;35779;12990;"Pulsar Bateria 510 Voltaje Variable - Morado";10638;2;10990;"Bateria Galaxy 510";"bateria 510";"https://fumetas.cl/pulsar-bateria-510-voltaje-variable?variant=Morado"
0.217;0;4.54;34562;14990;"Calvo Glass Pipa Horn Pipe 10 cm - B - Calor Tropical";10550;2;67992;"Puffco Cupsy Pipa de Agua";"pipa pipe";"https://fumetas.cl/calvo-glass-pipa-horn-pipe-10-cm?variant=B%20-%20Calor%20Tropical"
0.217;0;11.44;36139;79990;"Pulsar Batería 510 Delta 3 en 1 Kit - Azul";11022;2;6990;"Brass Knuckles Batería 900mAh con Pantalla";"bateria 510 azul";"https://fumetas.cl/pulsar-bateria-510-delta-3-en-1-kit?variant=Azul"
0.217;0;2.77;13452;16990;"Biopulcher Control CNB - Gel Anti Olor 33g";10547;2;46990;"Ozeta Techbag Anti-Olor";"anti olor";"https://fumetas.cl/biopulcher-control-cnb-gel-anti-olor-33g"
0.216;0;1.18;73079;1690;"Blunt Wrap Rose Cones x2";10543;2;1990;"Blunt Hemp Wrap Lion Rolling Circus Terpenes KKKSH";"blunt wrap";"https://fumetas.cl/blunt-wrap-rose-conos-x2"
0.216;0;2.43;37473;16990;"Pulsar Bateria 510 Cartridge Pantalla Digital - Thermo Magic Missile";11022;2;6990;"Brass Knuckles Batería 900mAh con Pantalla";"bateria 510 pantalla";"https://fumetas.cl/pulsar-bateria-pantalla-digital?variant=Thermo%20Magic%20Missile"
0.216;0;3.72;37276;25990;"Pulsar Batería Cartridges 510 DL 3.0 Twist - Rosado";11022;2;6990;"Brass Knuckles Batería 900mAh con Pantalla";"bateria cartridges 510";"https://fumetas.cl/pulsar-bateria-cartridges-510-dl-30-twist?variant=Rosado"
0.216;0;0.00;36013;2990;"Bandeja Gizeh Metálica Mini Trippy - Blanco";10999;2;0;"Khemo Bandeja Metalica 16x28cm";"bandeja metalica";"https://fumetas.cl/bandeja-gizeh-metalica-mini-trippy?variant=Blanco"
0.216;0;1.50;37253;29990;"Pulsar Batería Cartridges 510 DL 2.0 Pro - Negro";10521;3;19990;"Yocan Kodo Pro Vaporizador para Cartridge";"cartridges 510 pro negro";"https://fumetas.cl/pulsar-bateria-cartridges-510-dl-20-pro?variant=Negro"
0.216;0;3.23;71667;10990;"Calvo Lite Moledor Aluminio 50mm - Rojo";5498;3;3400;"Galaxy Moledor Biodegradable | Grinder ecológico resistente";"moledor rojo";"https://fumetas.cl/moledor-calvo-lite-aluminio-50mm?variant=Rojo"
0.216;0;2.65;206;1590;"Pack Papelillos Gizeh Super Fine 1 1/4 + Tips";10993;2;600;"Lady Hornet Pink 1 1/4 + Tips";"papelillos tips";"https://fumetas.cl/pack-papelillos-gizeh-super-fine-tips"
0.216;0;2.73;37256;29990;"Pulsar Batería Cartridges 510 DL 2.0 Pro - Menta";10638;2;10990;"Bateria Galaxy 510";"bateria 510";"https://fumetas.cl/pulsar-bateria-cartridges-510-dl-20-pro?variant=Menta"
0.215;0;1.67;36156;2990;"Special Blue Encendedor Soplete Mini Clear - Celeste";10874;2;4990;"Ronson Soplete Pequeño";"encendedor soplete";"https://fumetas.cl/special-blue-encendedor-mini-clear?variant=Celeste"
0.215;0;1.00;19860;1990;"Blunt Wraps Hemp x4 - Sabores";10543;2;1990;"Blunt Hemp Wrap Lion Rolling Circus Terpenes KKKSH";"blunt hemp";"https://fumetas.cl/blunt-wraps-hemp-x4-sabores"
0.215;0;1.09;1580;1190;"Filtros Gizeh Pure Slim XL 6mm";10243;2;1300;"OCB ECO Filtros Slim - GB The Green Brand";"filtros slim";"https://fumetas.cl/filtros-gizeh-pure-slim-xl-6mm"
0.215;0;1.38;33656;33990;"Dream High Moledor Cerámico 63mm - Negro";5792;2;24592;"Moledor Cerámico Galaxy Pocket Grinder 5,5cm 4 Partes | PIRANHA";"moledor ceramico negro";"https://fumetas.cl/dream-high-moledor-ceramico-63mm?variant=Negro"
0.215;0;2.44;33641;59990;"Dream High Moledor Ceramico 3.0 63mm - Negro";5792;2;24592;"Moledor Cerámico Galaxy Pocket Grinder 5,5cm 4 Partes | PIRANHA";"moledor ceramico negro";"https://fumetas.cl/dream-high-moledor-ceramico-30-63mm?variant=Negro"
0.215;0;9.33;13428;13990;"Soulblime Conos Pre-enrolados Orgánicos King Size 50 uds.";10685;2;1500;"Papelillos Vibes Rice King Size Slim";"king size";"https://fumetas.cl/soulblime-conos-pre-enrolados-organicos-king-size-50-uds"
0.215;0;1.67;36157;2990;"Special Blue Encendedor Soplete Mini Clear - Naranjo";10874;2;4990;"Ronson Soplete Pequeño";"encendedor soplete";"https://fumetas.cl/special-blue-encendedor-mini-clear?variant=Naranjo"
0.215;0;1.50;37268;29990;"Pulsar Batería Cartridges 510 DL 2.0 Pro - BlackCraft Rojo";10521;3;19990;"Yocan Kodo Pro Vaporizador para Cartridge";"cartridges 510 pro rojo";"https://fumetas.cl/pulsar-bateria-cartridges-510-dl-20-pro?variant=BlackCraft%20Rojo"
0.215;0;2.18;35768;23990;"Pulsar Bateria 510 Hall Pass - Amarillo";10638;2;10990;"Bateria Galaxy 510";"bateria 510";"https://fumetas.cl/pulsar-510-bateria-hall-pass?variant=Amarillo"
0.214;0;3.03;36721;29990;"Calvo Vaporizador Nectar - Negro";10548;2;9891;"Yocan Flat Vaporizador para Cartridge";"vaporizador negro";"https://fumetas.cl/calvo-vaporizador-nectar?variant=Negro"
0.214;0;2.18;37462;23990;"Pulsar Batería Cartridges 510 DL Centro - Negro";10638;2;10990;"Bateria Galaxy 510";"bateria 510";"https://fumetas.cl/pulsar-bateria-cartridges-510-dl-centro?variant=Negro"
0.214;0;2.43;37472;16990;"Pulsar Bateria 510 Cartridge Pantalla Digital - Thermo Forest Frost";11022;2;6990;"Brass Knuckles Batería 900mAh con Pantalla";"bateria 510 pantalla";"https://fumetas.cl/pulsar-bateria-pantalla-digital?variant=Thermo%20Forest%20Frost"
0.214;0;2.36;37276;25990;"Pulsar Batería Cartridges 510 DL 3.0 Twist - Rosado";10638;2;10990;"Bateria Galaxy 510";"bateria 510";"https://fumetas.cl/pulsar-bateria-cartridges-510-dl-30-twist?variant=Rosado"
0.214;0;2.01;35253;990;"Blunt Wrap Platinum x2 - Berries";10543;2;1990;"Blunt Hemp Wrap Lion Rolling Circus Terpenes KKKSH";"blunt wrap";"https://fumetas.cl/blunt-wrap-platinum-x2?variant=Berries"
0.214;0;1.18;35780;12990;"Pulsar Bateria 510 Voltaje Variable - Celeste";10638;2;10990;"Bateria Galaxy 510";"bateria 510";"https://fumetas.cl/pulsar-bateria-510-voltaje-variable?variant=Celeste"
0.213;0;3.65;4660;4190;"Moledor Hemp Gizeh 55mm";5507;2;15291;"Grinder Galaxy Aluminio 55mm";"moledor 55mm";"https://fumetas.cl/moledor-hemp-gizeh"
0.213;0;0.00;36011;4990;"Bandeja Gizeh Metálica Mediana Trippy - Blanco";10999;2;0;"Khemo Bandeja Metalica 16x28cm";"bandeja metalica";"https://fumetas.cl/bandeja-gizeh-metalica-mediana-trippy?variant=Blanco"
0.212;0;11.44;36137;79990;"Pulsar Batería 510 Delta 3 en 1 Kit - Negro";11022;2;6990;"Brass Knuckles Batería 900mAh con Pantalla";"bateria 510 negro";"https://fumetas.cl/pulsar-bateria-510-delta-3-en-1-kit?variant=Negro"
0.212;0;3.72;37274;25990;"Pulsar Batería Cartridges 510 DL 3.0 Twist - Menta";11022;2;6990;"Brass Knuckles Batería 900mAh con Pantalla";"bateria cartridges 510";"https://fumetas.cl/pulsar-bateria-cartridges-510-dl-30-twist?variant=Menta"
0.212;0;1.50;37267;29990;"Pulsar Batería Cartridges 510 DL 2.0 Pro - BlackCraft Morado";10521;3;19990;"Yocan Kodo Pro Vaporizador para Cartridge";"cartridges 510 pro morado";"https://fumetas.cl/pulsar-bateria-cartridges-510-dl-20-pro?variant=BlackCraft%20Morado"
0.212;0;0.00;1247;5990;"Bandeja Gizeh Metálica Mediana 420 Edición";10999;2;0;"Khemo Bandeja Metalica 16x28cm";"bandeja metalica";"https://fumetas.cl/bandeja-gizeh-metalica-mediana-420-edicion"
0.212;0;2.43;37471;16990;"Pulsar Bateria 510 Cartridge Pantalla Digital - Thermo Chaos Charm";11022;2;6990;"Brass Knuckles Batería 900mAh con Pantalla";"bateria 510 pantalla";"https://fumetas.cl/pulsar-bateria-pantalla-digital?variant=Thermo%20Chaos%20Charm"
0.212;0;2.14;35771;14990;"Pulsar Batería 510 DL Lite - Azul";11022;2;6990;"Brass Knuckles Batería 900mAh con Pantalla";"bateria 510 azul";"https://fumetas.cl/pulsar-bateria-510-dl-lite?variant=Azul"
0.211;0;3.32;13400;3290;"G-Rollz Blunt King Size Cono x2 - Goji Berry";5421;2;990;"Papelillo Unbleached King Size Slim Blazy Susan";"king size";"https://fumetas.cl/g-rollz-blunt-king-size-cono-x2-goji-berry"
0.211;0;1.18;35781;12990;"Pulsar Bateria 510 Voltaje Variable - Tornasol";10638;2;10990;"Bateria Galaxy 510";"bateria 510";"https://fumetas.cl/pulsar-bateria-510-voltaje-variable?variant=Tornasol"
0.211;0;4.58;37460;31990;"Pulsar Batería Cartridges 510 DL 5.0 - Shroom Glow";11022;2;6990;"Brass Knuckles Batería 900mAh con Pantalla";"bateria cartridges 510";"https://fumetas.cl/pulsar-bateria-cartridges-510-dl-50?variant=Shroom%20Glow"
0.211;0;2.43;35354;23990;"Fumetas x Madtips Boquilla Sand Blast 7mm - Verde Flat";10548;2;9891;"Yocan Flat Vaporizador para Cartridge";"verde flat";"https://fumetas.cl/fumetas-x-madtips-boquilla-sand-blast-7mm?variant=Verde%20Flat"
0.211;0;0.00;19361;5990;"Bandeja RAW metálica Smokey Forest - Mini";10999;2;0;"Khemo Bandeja Metalica 16x28cm";"bandeja metalica";"https://fumetas.cl/bandeja-raw-metalica-smokey-forest-mini"
0.211;0;3.20;59813;48990;"Calvo Moledor Aura Aluminio XL 100mm - Negro";5507;2;15291;"Grinder Galaxy Aluminio 55mm";"moledor aluminio negro";"https://fumetas.cl/calvo-aura-moledor-aluminio-xl-100mm?variant=Negro"
0.210;0;1.95;19553;6990;"Bandeja Gizeh metálica grande";10618;2;13600;"Bandeja Cookies Metálica Para Enrolar";"bandeja metalica";"https://fumetas.cl/bandeja-gizeh-metalica-grande"
0.210;0;1.51;35956;10490;"Special Blue Encendedor Soplete Spark Cloud - Azul";10375;2;6951;"Calvo Glass Difusor Premium 14mm";"blue azul";"https://fumetas.cl/special-blue-encendedor-soplete-spark-cloud?variant=Azul"
0.210;0;2.86;37646;19990;"Pulsar Batería Cartridges 510 DL - Space Dust";11022;2;6990;"Brass Knuckles Batería 900mAh con Pantalla";"bateria cartridges 510";"https://fumetas.cl/pulsar-bateria-cartridges-510-dl?variant=Space%20Dust"
0.209;0;0.00;13152;3990;"Bandeja Gizeh Metálica Mediana Negra 420";10999;2;0;"Khemo Bandeja Metalica 16x28cm";"bandeja metalica";"https://fumetas.cl/bandeja-gizeh-metalica-mediana-negra-420"
0.209;0;3.89;59813;48990;"Calvo Moledor Aura Aluminio XL 100mm - Negro";5512;2;12591;"Grinder Galaxy Aluminio 38mm";"moledor aluminio negro";"https://fumetas.cl/calvo-aura-moledor-aluminio-xl-100mm?variant=Negro"
0.209;0;33.87;13031;12490;"actiTube Boquillas carbón activado Regular 8mm - 40 Unidades";10829;2;422991;"Filtro de Carbón Activado Kasvi 315x1200mm";"carbon activado";"https://fumetas.cl/actitube-boquillas-carbon-activado-regular-8mm-40-unidades"
0.208;0;2.17;35179;29790;"SYFY Bong Straight Tube 31cm - Verde";5776;2;64591;"Jelly Fish-Bonglab";"bong verde";"https://fumetas.cl/syfy-bong-straight-tube-31cm?variant=Verde"
0.208;0;2.36;37274;25990;"Pulsar Batería Cartridges 510 DL 3.0 Twist - Menta";10638;2;10990;"Bateria Galaxy 510";"bateria 510";"https://fumetas.cl/pulsar-bateria-cartridges-510-dl-30-twist?variant=Menta"
0.208;0;4.58;37456;31990;"Pulsar Batería Cartridges 510 DL 5.0 - Thermo Earthstorm";11022;2;6990;"Brass Knuckles Batería 900mAh con Pantalla";"bateria cartridges 510";"https://fumetas.cl/pulsar-bateria-cartridges-510-dl-50?variant=Thermo%20Earthstorm"
0.207;0;1.39;34100;4990;"Quemador Generico Honeycomb Macho 14mm - Azul";10375;2;6951;"Calvo Glass Difusor Premium 14mm";"14mm azul";"https://fumetas.cl/quemador-generico-honeycomb-macho-14mm?variant=Azul"
0.207;0;4.94;36095;4890;"Hemper Hemp Rolls + Glass Tips King Size - Sabores - Sweet";5421;2;990;"Papelillo Unbleached King Size Slim Blazy Susan";"king size";"https://fumetas.cl/hemper-hemp-rolls-glass-tips-king-size-sabores?variant=Sweet"
0.207;0;2.19;13400;3290;"G-Rollz Blunt King Size Cono x2 - Goji Berry";10685;2;1500;"Papelillos Vibes Rice King Size Slim";"king size";"https://fumetas.cl/g-rollz-blunt-king-size-cono-x2-goji-berry"
0.207;0;1.53;19389;1990;"Filtros Soulblime Slim Fresh Mint Click";10243;2;1300;"OCB ECO Filtros Slim - GB The Green Brand";"filtros slim";"https://fumetas.cl/filtros-soulblime-slim-fresh-mint-click"
0.207;0;1.50;37257;29990;"Pulsar Batería Cartridges 510 DL 2.0 Pro - Blue Ridge Haze";10521;3;19990;"Yocan Kodo Pro Vaporizador para Cartridge";"cartridges 510 pro blue";"https://fumetas.cl/pulsar-bateria-cartridges-510-dl-20-pro?variant=Blue%20Ridge%20Haze"
0.207;0;2.38;37321;5990;"Boquillas Vaporizador Nokiva - Glass";10611;1;14241;"Repuesto de Vidrio Vaporizador Yocan Falcon Glass Attachment | PIRANHA";"vaporizador glass";"https://fumetas.cl/boquilla-herbva-nokiva?variant=Glass"
0.206;0;1.92;34318;11490;"Galaxy Batería Cartridge 510 - Blanco";11020;2;5990;"Brass Knuckles Batería 900mAh con Cargador USB";"bateria 510 blanco";"https://fumetas.cl/galaxy-bateria-cartridge-18v?variant=Blanco"
0.206;0;1.67;2085;1490;"Conos Blunt Kush Hemp x2 - Sabores";10402;2;890;"Blunt Wrap Double Platinum Blueberry x2";"blunt x2";"https://fumetas.cl/conos-kush-hemp-sabores"
0.206;0;1.67;37534;1490;"Conos Blunt Kush Hemp x2 - Sabores - Original";10402;2;890;"Blunt Wrap Double Platinum Blueberry x2";"blunt x2";"https://fumetas.cl/conos-kush-hemp-sabores?variant=Original"
0.206;0;2.17;35781;12990;"Pulsar Bateria 510 Voltaje Variable - Tornasol";11020;2;5990;"Brass Knuckles Batería 900mAh con Cargador USB";"bateria 510 tornasol";"https://fumetas.cl/pulsar-bateria-510-voltaje-variable?variant=Tornasol"
0.206;0;4.29;37267;29990;"Pulsar Batería Cartridges 510 DL 2.0 Pro - BlackCraft Morado";11022;2;6990;"Brass Knuckles Batería 900mAh con Pantalla";"bateria cartridges 510";"https://fumetas.cl/pulsar-bateria-cartridges-510-dl-20-pro?variant=BlackCraft%20Morado"
0.206;0;2.10;35956;10490;"Special Blue Encendedor Soplete Spark Cloud - Azul";10874;2;4990;"Ronson Soplete Pequeño";"encendedor soplete";"https://fumetas.cl/special-blue-encendedor-soplete-spark-cloud?variant=Azul"
0.206;0;2.91;37460;31990;"Pulsar Batería Cartridges 510 DL 5.0 - Shroom Glow";10638;2;10990;"Bateria Galaxy 510";"bateria 510";"https://fumetas.cl/pulsar-bateria-cartridges-510-dl-50?variant=Shroom%20Glow"
0.205;0;0.00;20063;4990;"Bandeja Gizeh metálica Moon Light - Mediana";10999;2;0;"Khemo Bandeja Metalica 16x28cm";"bandeja metalica";"https://fumetas.cl/bandeja-moon-light-mediana"
0.205;0;0.00;19358;4990;"Bandeja Bulldog metálica varios logos - Mini";10999;2;0;"Khemo Bandeja Metalica 16x28cm";"bandeja metalica";"https://fumetas.cl/bandeja-bulldog-metalica-varios-logos-mini"
0.205;0;4.25;37466;41990;"Pulsar Batería Doble Cartridge 510 DL Tandem - Negro";10548;2;9891;"Yocan Flat Vaporizador para Cartridge";"cartridge negro";"https://fumetas.cl/pulsar-bateria-cartridges-510-dl-tandem?variant=Negro"
0.205;0;1.35;36985;11301;"Cenicero Fumetas Aluminio - Rojo";5507;2;15291;"Grinder Galaxy Aluminio 55mm";"aluminio rojo";"https://fumetas.cl/cenicero-fumetas-aluminio?variant=Rojo"
0.205;0;1.77;19552;7690;"Bandeja Elements metálica - Mediana";10618;2;13600;"Bandeja Cookies Metálica Para Enrolar";"bandeja metalica";"https://fumetas.cl/bandeja-elements-metalica-mediana"
0.205;0;1.83;13400;3290;"G-Rollz Blunt King Size Cono x2 - Goji Berry";10568;3;1800;"Blunt Hemp Wrap Lion Rolling Circus Rolling Stones Berry Gelato";"blunt berry";"https://fumetas.cl/g-rollz-blunt-king-size-cono-x2-goji-berry"
0.204;0;5.68;4660;4190;"Moledor Hemp Gizeh 55mm";10126;3;23800;"Moledor Galaxy de 4 partes y con tamizador";"moledor 55mm";"https://fumetas.cl/moledor-hemp-gizeh"
0.204;0;1.67;37133;1490;"Blunt Kush Terpene Infused x2 - Original";10402;2;890;"Blunt Wrap Double Platinum Blueberry x2";"blunt x2";"https://fumetas.cl/blunt-kush-terpene-infused?variant=Original"
0.204;0;1.67;20067;1490;"Blunt Kush Terpene Infused x2";10402;2;890;"Blunt Wrap Double Platinum Blueberry x2";"blunt x2";"https://fumetas.cl/blunt-kush-terpene-infused"
0.204;0;0.00;1236;4990;"Bandeja Gizeh metálica 100 years - Mediana";10999;2;0;"Khemo Bandeja Metalica 16x28cm";"bandeja metalica";"https://fumetas.cl/bandeja-gizeh-metalica-100-years-mediana"
0.204;0;1.32;648;790;"G-Rollz Papelillos Lightly Dyed Pink 1 1/4";10993;2;600;"Lady Hornet Pink 1 1/4 + Tips";"papelillos pink";"https://fumetas.cl/g-rollz-papelillos-lightly-dyed-pink-1-14"
0.204;0;1.50;37269;29990;"Pulsar Batería Cartridges 510 DL 2.0 Pro - HighTimes Negro";10521;3;19990;"Yocan Kodo Pro Vaporizador para Cartridge";"cartridges 510 pro negro";"https://fumetas.cl/pulsar-bateria-cartridges-510-dl-20-pro?variant=HighTimes%20Negro"
0.204;0;90.90;13703;89990;"Buddies Bump Box King Size - Armador de Conos";5421;2;990;"Papelillo Unbleached King Size Slim Blazy Susan";"king size";"https://fumetas.cl/buddies-bump-box-king-size-armador-de-conos"
0.204;0;1.82;37646;19990;"Pulsar Batería Cartridges 510 DL - Space Dust";10638;2;10990;"Bateria Galaxy 510";"bateria 510";"https://fumetas.cl/pulsar-bateria-cartridges-510-dl?variant=Space%20Dust"
0.204;0;1.62;34789;39990;"Calvo G l a s s Bong Space Horn Rig 21cm - Verde";5776;2;64591;"Jelly Fish-Bonglab";"bong verde";"https://fumetas.cl/calvo-glass-space-horn-rig-23cm?variant=Verde"
0.204;0;1.11;36985;11301;"Cenicero Fumetas Aluminio - Rojo";5512;2;12591;"Grinder Galaxy Aluminio 38mm";"aluminio rojo";"https://fumetas.cl/cenicero-fumetas-aluminio?variant=Rojo"
0.204;0;3.26;36095;4890;"Hemper Hemp Rolls + Glass Tips King Size - Sabores - Sweet";10685;2;1500;"Papelillos Vibes Rice King Size Slim";"king size";"https://fumetas.cl/hemper-hemp-rolls-glass-tips-king-size-sabores?variant=Sweet"
0.203;0;8.82;33692;29990;"Moledor Calvo Cerámico 60mm - Verde";5498;3;3400;"Galaxy Moledor Biodegradable | Grinder ecológico resistente";"moledor verde";"https://fumetas.cl/moledor-calvo-ceramico-60mm?variant=Verde"
0.203;0;2.23;59848;10990;"Calvo Lite Moledor Aluminio 50mm - Morado";10734;2;24493;"Moledor Blazy Susan Aluminio 60mm 4 Partes";"moledor aluminio morado";"https://fumetas.cl/moledor-calvo-lite-aluminio-50mm?variant=Morado"
0.203;0;3.63;3765;3590;"G-Rollz 6 Conos Pre Enrolados Lightly Dyed Pink King Size";5421;2;990;"Papelillo Unbleached King Size Slim Blazy Susan";"king size";"https://fumetas.cl/g-rollz-6-conos-pre-enrolados-lightly-dyed-pink-king-size"
0.203;0;0.00;19356;8990;"Bandeja Bulldog metálica varios logos - Grande";10999;2;0;"Khemo Bandeja Metalica 16x28cm";"bandeja metalica";"https://fumetas.cl/bandeja-bulldog-metalica-varios-logos-grande"
0.203;0;1.38;33663;33990;"Dream High Moledor Cerámico 63mm - Verde Medianoche";5792;2;24592;"Moledor Cerámico Galaxy Pocket Grinder 5,5cm 4 Partes | PIRANHA";"moledor ceramico verde";"https://fumetas.cl/dream-high-moledor-ceramico-63mm?variant=Verde%20Medianoche"
0.203;0;3.82;193;2290;"G-Rollz Papelillos Unbleached Extra Thin 1 1/4 + Tips";10993;2;600;"Lady Hornet Pink 1 1/4 + Tips";"papelillos tips";"https://fumetas.cl/g-rollz-papelillos-unbleached-extra-thin-1-14-tips"
0.203;0;4.58;37459;31990;"Pulsar Batería Cartridges 510 DL 5.0 - Camping Bigfoot";11022;2;6990;"Brass Knuckles Batería 900mAh con Pantalla";"bateria cartridges 510";"https://fumetas.cl/pulsar-bateria-cartridges-510-dl-50?variant=Camping%20Bigfoot"
0.203;0;2.86;37650;19990;"Pulsar Batería Cartridges 510 DL - Tribe Vibe";11022;2;6990;"Brass Knuckles Batería 900mAh con Pantalla";"bateria cartridges 510";"https://fumetas.cl/pulsar-bateria-cartridges-510-dl?variant=Tribe%20Vibe"
0.203;0;2.86;37651;19990;"Pulsar Batería Cartridges 510 DL - Vivid Shrooms";11022;2;6990;"Brass Knuckles Batería 900mAh con Pantalla";"bateria cartridges 510";"https://fumetas.cl/pulsar-bateria-cartridges-510-dl?variant=Vivid%20Shrooms"
0.203;0;2.27;2063;5990;"Bandeja RAW metálica Classic - Mini";10618;2;13600;"Bandeja Cookies Metálica Para Enrolar";"bandeja metalica";"https://fumetas.cl/bandeja-raw-metalica-classic-mini"
0.203;0;0.00;19357;5990;"Bandeja Bulldog metálica varios logos - Mediana";10999;2;0;"Khemo Bandeja Metalica 16x28cm";"bandeja metalica";"https://fumetas.cl/bandeja-bulldog-metalica-varios-logos-mediana"
0.203;0;1.50;37259;29990;"Pulsar Batería Cartridges 510 DL 2.0 Pro - Black Cherry Fizz";10521;3;19990;"Yocan Kodo Pro Vaporizador para Cartridge";"cartridges 510 pro black";"https://fumetas.cl/pulsar-bateria-cartridges-510-dl-20-pro?variant=Black%20Cherry%20Fizz"
0.203;0;0.00;1564;26290;"Futurola x Mike Tyson Bandeja Metálica Grande";10999;2;0;"Khemo Bandeja Metalica 16x28cm";"bandeja metalica";"https://fumetas.cl/futurola-x-myke-tyson-bandeja-metalica-grande"
0.202;0;3.43;35769;23990;"Pulsar Bateria 510 Hall Pass - Azul";11022;2;6990;"Brass Knuckles Batería 900mAh con Pantalla";"bateria 510 azul";"https://fumetas.cl/pulsar-510-bateria-hall-pass?variant=Azul"
0.202;0;2.14;35772;14990;"Pulsar Batería 510 DL Lite - Rojo";11021;2;6990;"Brass Knuckles Batería 900mAh USB-C";"bateria 510 rojo";"https://fumetas.cl/pulsar-bateria-510-dl-lite?variant=Rojo"
0.202;0;0.00;73981;3790;"Bandeja Gizeh Metálica Mediana Blanca Music";10999;2;0;"Khemo Bandeja Metalica 16x28cm";"bandeja metalica";"https://fumetas.cl/bandeja-gizeh-metalica-mediana-blanca-music"
0.202;0;1.85;34703;34990;"Calvo Bong Dual Eye Rig 18cm - Verde";5776;2;64591;"Jelly Fish-Bonglab";"bong verde";"https://fumetas.cl/calvo-bong-dual-eye-rig-18cm?variant=Verde"
0.202;0;2.01;35274;990;"Blunt Wrap Platinum x2 - Cookies and Cream";10543;2;1990;"Blunt Hemp Wrap Lion Rolling Circus Terpenes KKKSH";"blunt wrap";"https://fumetas.cl/blunt-wrap-platinum-x2?variant=Cookies%20and%20Cream"
0.201;0;2.73;37269;29990;"Pulsar Batería Cartridges 510 DL 2.0 Pro - HighTimes Negro";10638;2;10990;"Bateria Galaxy 510";"bateria 510";"https://fumetas.cl/pulsar-bateria-cartridges-510-dl-20-pro?variant=HighTimes%20Negro"
0.201;0;1.64;34319;11490;"Galaxy Batería Cartridge 510 - Azul";11021;2;6990;"Brass Knuckles Batería 900mAh USB-C";"bateria 510 azul";"https://fumetas.cl/galaxy-bateria-cartridge-18v?variant=Azul"
0.201;0;1.19;1569;1090;"Filtros Extra Long Gizeh XL Slim 6mm";10243;2;1300;"OCB ECO Filtros Slim - GB The Green Brand";"filtros slim";"https://fumetas.cl/filtros-extra-long-gizeh-slim-6mm"
0.201;0;6.01;35710;6990;"Encendedor Clipper Metálico Classic Cars - Plateado";10737;2;41990;"Encendedor Zippo Classic High Polish Green";"encendedor classic";"https://fumetas.cl/encendedor-clipper-metalico-clasicc-cars?variant=Plateado"
0.201;0;2.10;35959;10490;"Special Blue Encendedor Soplete Spark Cloud - Amarillo";10874;2;4990;"Ronson Soplete Pequeño";"encendedor soplete";"https://fumetas.cl/special-blue-encendedor-soplete-spark-cloud?variant=Amarillo"
0.201;0;6.01;35711;6990;"Encendedor Clipper Metálico Classic Cars - Dorado";10737;2;41990;"Encendedor Zippo Classic High Polish Green";"encendedor classic";"https://fumetas.cl/encendedor-clipper-metalico-clasicc-cars?variant=Dorado"
0.201;0;2.91;37456;31990;"Pulsar Batería Cartridges 510 DL 5.0 - Thermo Earthstorm";10638;2;10990;"Bateria Galaxy 510";"bateria 510";"https://fumetas.cl/pulsar-bateria-cartridges-510-dl-50?variant=Thermo%20Earthstorm"
0.201;0;6.12;35887;24990;"MJ Arsenal Bolso Para Pipas Mediano - Onyx Black";10639;2;152992;"Chamber 3DXL Onyx";"onyx black";"https://fumetas.cl/mj-arsenal-bolso-para-pipas-mediano?variant=Onyx%20Black"
0.201;0;3.65;33794;4190;"Moledor Hemp Gizeh 55mm - Blanco";5507;2;15291;"Grinder Galaxy Aluminio 55mm";"moledor 55mm";"https://fumetas.cl/moledor-hemp-gizeh?variant=Blanco"
0.201;0;3.43;35767;23990;"Pulsar Bateria 510 Hall Pass - Verde";11022;2;6990;"Brass Knuckles Batería 900mAh con Pantalla";"bateria 510 verde";"https://fumetas.cl/pulsar-510-bateria-hall-pass?variant=Verde"
0.201;0;6.96;35890;21990;"MJ Arsenal Bolso Para Pipas Pequeño - Onyx Black";10639;2;152992;"Chamber 3DXL Onyx";"onyx black";"https://fumetas.cl/mj-arsenal-bolso-para-pipas-pequeno?variant=Onyx%20Black"
0.200;0;2.01;35254;990;"Blunt Wrap Platinum x2 - Bubble Gum";10543;2;1990;"Blunt Hemp Wrap Lion Rolling Circus Terpenes KKKSH";"blunt wrap";"https://fumetas.cl/blunt-wrap-platinum-x2?variant=Bubble%20Gum"
0.200;0;1.09;13601;11990;"Pulsar Repuesto Conector Magnetico Batería 510 DL";10638;2;10990;"Bateria Galaxy 510";"bateria 510";"https://fumetas.cl/pulsar-repuesto-conector-magnetico-bateria-510-dl"
0.200;0;4.29;37260;29990;"Pulsar Batería Cartridges 510 DL 2.0 Pro - Cyberpunk Rainstorm";11022;2;6990;"Brass Knuckles Batería 900mAh con Pantalla";"bateria cartridges 510";"https://fumetas.cl/pulsar-bateria-cartridges-510-dl-20-pro?variant=Cyberpunk%20Rainstorm"
0.200;0;59.99;13703;89990;"Buddies Bump Box King Size - Armador de Conos";10685;2;1500;"Papelillos Vibes Rice King Size Slim";"king size";"https://fumetas.cl/buddies-bump-box-king-size-armador-de-conos"
0.200;0;2.10;35957;10490;"Special Blue Encendedor Soplete Spark Cloud - Celeste";10874;2;4990;"Ronson Soplete Pequeño";"encendedor soplete";"https://fumetas.cl/special-blue-encendedor-soplete-spark-cloud?variant=Celeste"
0.200;0;2.57;35776;17990;"Pulsar Bateria Cartridges 510 Payout 3.0 - Rojo";11021;2;6990;"Brass Knuckles Batería 900mAh USB-C";"bateria 510 rojo";"https://fumetas.cl/pulsar-bateria-510-payout-30?variant=Rojo"
0.200;0;1.72;37656;11990;"Pulsar Batería Cartridges 510 Payout - Rojo";11021;2;6990;"Brass Knuckles Batería 900mAh USB-C";"bateria 510 rojo";"https://fumetas.cl/pulsar-bateria-cartridges-510-payout?variant=Rojo"
0.200;0;2.23;59849;10990;"Calvo Lite Moledor Aluminio 50mm - Oro rosa";10734;2;24493;"Moledor Blazy Susan Aluminio 60mm 4 Partes";"moledor aluminio rosa";"https://fumetas.cl/moledor-calvo-lite-aluminio-50mm?variant=Oro%20rosa"
0.200;0;2.01;35271;990;"Blunt Wrap Platinum x2 - Wild Honey";10543;2;1990;"Blunt Hemp Wrap Lion Rolling Circus Terpenes KKKSH";"blunt wrap";"https://fumetas.cl/blunt-wrap-platinum-x2?variant=Wild%20Honey"
0.200;0;1.00;36713;1990;"Blunt Wraps Hemp x4 - Sabores - Natural";10543;2;1990;"Blunt Hemp Wrap Lion Rolling Circus Terpenes KKKSH";"blunt hemp";"https://fumetas.cl/blunt-wraps-hemp-x4-sabores?variant=Natural"
0.200;0;1.00;36715;1990;"Blunt Wraps Hemp x4 - Sabores - Strawberry";10543;2;1990;"Blunt Hemp Wrap Lion Rolling Circus Terpenes KKKSH";"blunt hemp";"https://fumetas.cl/blunt-wraps-hemp-x4-sabores?variant=Strawberry"
0.200;0;2.39;3765;3590;"G-Rollz 6 Conos Pre Enrolados Lightly Dyed Pink King Size";10685;2;1500;"Papelillos Vibes Rice King Size Slim";"king size";"https://fumetas.cl/g-rollz-6-conos-pre-enrolados-lightly-dyed-pink-king-size"
0.199;0;2.86;37644;19990;"Pulsar Batería Cartridges 510 DL - Thermo Crystal Ball";11022;2;6990;"Brass Knuckles Batería 900mAh con Pantalla";"bateria cartridges 510";"https://fumetas.cl/pulsar-bateria-cartridges-510-dl?variant=Thermo%20Crystal%20Ball"
0.199;0;1.00;36712;1990;"Blunt Wraps Hemp x4 - Sabores - Grape";10543;2;1990;"Blunt Hemp Wrap Lion Rolling Circus Terpenes KKKSH";"blunt hemp";"https://fumetas.cl/blunt-wraps-hemp-x4-sabores?variant=Grape"
0.199;0;4.29;37262;29990;"Pulsar Batería Cartridges 510 DL 2.0 Pro - Sunflower of the Mind";11022;2;6990;"Brass Knuckles Batería 900mAh con Pantalla";"bateria cartridges 510";"https://fumetas.cl/pulsar-bateria-cartridges-510-dl-20-pro?variant=Sunflower%20of%20the%20Mind"
0.199;0;2.19;34913;29490;"SYFY Bong Beaker Tree Perc 32cm - Verde";5776;2;64591;"Jelly Fish-Bonglab";"bong verde";"https://fumetas.cl/syfy-bong-beaker-tree-perc-32cm?variant=Verde"
0.199;0;18.63;35548;31490;"Smoke Fiends Repuesto Filtro 3 Unidades - Fantasma Trixx";10362;3;1690;"Zippo Piedras Encendedor 6U";"repuesto unidades";"https://fumetas.cl/smoke-fiends-repuesto-filtro-3-unidades?variant=Fantasma%20Trixx"
0.199;0;2.73;19443;4990;"Bandeja Gizeh Metálica Mediana Pink";10618;2;13600;"Bandeja Cookies Metálica Para Enrolar";"bandeja metalica";"https://fumetas.cl/bandeja-gizeh-metalica-mediana-pink"
0.199;0;2.73;37267;29990;"Pulsar Batería Cartridges 510 DL 2.0 Pro - BlackCraft Morado";10638;2;10990;"Bateria Galaxy 510";"bateria 510";"https://fumetas.cl/pulsar-bateria-cartridges-510-dl-20-pro?variant=BlackCraft%20Morado"
0.199;0;4.58;37455;31990;"Pulsar Batería Cartridges 510 DL 5.0 - Thermo Acid Splash";11022;2;6990;"Brass Knuckles Batería 900mAh con Pantalla";"bateria cartridges 510";"https://fumetas.cl/pulsar-bateria-cartridges-510-dl-50?variant=Thermo%20Acid%20Splash"
0.199;0;2.86;37647;19990;"Pulsar Batería Cartridges 510 DL - Thermo Acid Splash";11022;2;6990;"Brass Knuckles Batería 900mAh con Pantalla";"bateria cartridges 510";"https://fumetas.cl/pulsar-bateria-cartridges-510-dl?variant=Thermo%20Acid%20Splash"
0.199;0;9.11;33716;30990;"Raw Moledor Hammer Craft 63mm - Rojo";5498;3;3400;"Galaxy Moledor Biodegradable | Grinder ecológico resistente";"moledor rojo";"https://fumetas.cl/raw-moledor-hammer-craft-63mm?variant=Rojo"
0.198;0;2.00;35923;13990;"Pulsar Bateria Cartridges 510 Square - Morado";11021;2;6990;"Brass Knuckles Batería 900mAh USB-C";"bateria 510 morado";"https://fumetas.cl/pulsar-510-bateria-square?variant=Morado"
0.198;0;4.29;37261;29990;"Pulsar Batería Cartridges 510 DL 2.0 Pro - Floating Mushrooms";11022;2;6990;"Brass Knuckles Batería 900mAh con Pantalla";"bateria cartridges 510";"https://fumetas.cl/pulsar-bateria-cartridges-510-dl-20-pro?variant=Floating%20Mushrooms"
0.198;0;1.86;35778;12990;"Pulsar Bateria 510 Voltaje Variable - Negro";11022;2;6990;"Brass Knuckles Batería 900mAh con Pantalla";"bateria 510 negro";"https://fumetas.cl/pulsar-bateria-510-voltaje-variable?variant=Negro"
0.198;0;2.73;37268;29990;"Pulsar Batería Cartridges 510 DL 2.0 Pro - BlackCraft Rojo";10638;2;10990;"Bateria Galaxy 510";"bateria 510";"https://fumetas.cl/pulsar-bateria-cartridges-510-dl-20-pro?variant=BlackCraft%20Rojo"
0.198;0;1.51;19519;1490;"Papelillos Gizeh Queen Size + Tips";10878;2;990;"Khemo Silver King Size";"papelillos size";"https://fumetas.cl/papelillos-gizeh-queen-size-tips"
0.198;0;1.12;19789;54990;"Ozeta Techbag - Anti Olor";10570;2;48990;"Bolso Cruzado Smellproof Blazy Susan";"anti olor";"https://fumetas.cl/ozeta-techbag-anti-olor"
0.198;0;1.00;36711;1990;"Blunt Wraps Hemp x4 - Sabores - Chocolate";10543;2;1990;"Blunt Hemp Wrap Lion Rolling Circus Terpenes KKKSH";"blunt hemp";"https://fumetas.cl/blunt-wraps-hemp-x4-sabores?variant=Chocolate"
0.198;0;2.01;72097;990;"Blunt Wrap Platinum x2 - Chocolate Mint";10543;2;1990;"Blunt Hemp Wrap Lion Rolling Circus Terpenes KKKSH";"blunt wrap";"https://fumetas.cl/blunt-wrap-platinum-x2?variant=Chocolate%20Mint"
0.198;0;4.29;37270;29990;"Pulsar Batería Cartridges 510 DL 2.0 Pro - Starry Camp";11022;2;6990;"Brass Knuckles Batería 900mAh con Pantalla";"bateria cartridges 510";"https://fumetas.cl/pulsar-bateria-cartridges-510-dl-20-pro?variant=Starry%20Camp"
0.198;0;2.56;36032;25221;"Calvo Glass Bong Compact Skull Rig 19cm - Verde";5776;2;64591;"Jelly Fish-Bonglab";"bong verde";"https://fumetas.cl/calvo-glass-bong-skull-rig?variant=Verde"
0.197;0;2.86;37649;19990;"Pulsar Batería Cartridges 510 DL - Thermo Royal Wizard";11022;2;6990;"Brass Knuckles Batería 900mAh con Pantalla";"bateria cartridges 510";"https://fumetas.cl/pulsar-bateria-cartridges-510-dl?variant=Thermo%20Royal%20Wizard"
0.197;0;4.58;37454;31990;"Pulsar Batería Cartridges 510 DL 5.0 - Thermo Royal Wizard";11022;2;6990;"Brass Knuckles Batería 900mAh con Pantalla";"bateria cartridges 510";"https://fumetas.cl/pulsar-bateria-cartridges-510-dl-50?variant=Thermo%20Royal%20Wizard"
0.197;0;2.86;37648;19990;"Pulsar Batería Cartridges 510 DL - Thermo Magic Missile";11022;2;6990;"Brass Knuckles Batería 900mAh con Pantalla";"bateria cartridges 510";"https://fumetas.cl/pulsar-bateria-cartridges-510-dl?variant=Thermo%20Magic%20Missile"
0.197;0;2.27;2066;5990;"Bandeja RAW metálica Girl - Mini";10618;2;13600;"Bandeja Cookies Metálica Para Enrolar";"bandeja metalica";"https://fumetas.cl/bandeja-raw-metalica-girl-mini"
0.197;0;1.02;35249;45990;"Biopulcher Control CNB - Gel Anti Olor 200g - Neutro";10547;2;46990;"Ozeta Techbag Anti-Olor";"anti olor";"https://fumetas.cl/biopulcher-control-cnb-gel-anti-olor-200g?variant=Neutro"
0.197;0;1.00;36714;1990;"Blunt Wraps Hemp x4 - Sabores - Watermelon";10543;2;1990;"Blunt Hemp Wrap Lion Rolling Circus Terpenes KKKSH";"blunt hemp";"https://fumetas.cl/blunt-wraps-hemp-x4-sabores?variant=Watermelon"
0.197;0;2.27;36825;15790;"G Pen Glass Adapter Connect - 14mm";10375;2;6951;"Calvo Glass Difusor Premium 14mm";"glass 14mm";"https://fumetas.cl/grenco-glass-adapter-connect-black-g-pen?variant=14mm"
0.197;0;2.21;3762;2190;"G-Rollz 3 Conos Pre Enrolados Bio Organic Green Hemp King Size";5421;2;990;"Papelillo Unbleached King Size Slim Blazy Susan";"king size";"https://fumetas.cl/g-rollz-3-conos-pre-enrolados-bio-organic-green-hemp-king-size"
0.197;0;4.58;37457;31990;"Pulsar Batería Cartridges 510 DL 5.0 - Thermo Fairy Fire";11022;2;6990;"Brass Knuckles Batería 900mAh con Pantalla";"bateria cartridges 510";"https://fumetas.cl/pulsar-bateria-cartridges-510-dl-50?variant=Thermo%20Fairy%20Fire"
0.197;0;4.29;37258;29990;"Pulsar Batería Cartridges 510 DL 2.0 Pro - Dewy Meadow";11022;2;6990;"Brass Knuckles Batería 900mAh con Pantalla";"bateria cartridges 510";"https://fumetas.cl/pulsar-bateria-cartridges-510-dl-20-pro?variant=Dewy%20Meadow"
0.196;0;2.73;1224;4990;"Bandeja Bulldog metálica logo - Mini";10618;2;13600;"Bandeja Cookies Metálica Para Enrolar";"bandeja metalica";"https://fumetas.cl/bandeja-bulldog-metalica-logo-mini-1"
0.196;0;1.21;37135;1490;"Blunt Kush Terpene Infused x2 - Berries Gelato";10568;3;1800;"Blunt Hemp Wrap Lion Rolling Circus Rolling Stones Berry Gelato";"blunt gelato";"https://fumetas.cl/blunt-kush-terpene-infused?variant=Berries%20Gelato"
0.196;0;3.72;37278;25990;"Pulsar Batería Cartridges 510 DL 3.0 Twist - Cyberpunk Rainstorm";11022;2;6990;"Brass Knuckles Batería 900mAh con Pantalla";"bateria cartridges 510";"https://fumetas.cl/pulsar-bateria-cartridges-510-dl-30-twist?variant=Cyberpunk%20Rainstorm"
0.195;0;11.44;36139;79990;"Pulsar Batería 510 Delta 3 en 1 Kit - Azul";11021;2;6990;"Brass Knuckles Batería 900mAh USB-C";"bateria 510 azul";"https://fumetas.cl/pulsar-bateria-510-delta-3-en-1-kit?variant=Azul"
0.195;0;2.01;72095;990;"Blunt Wrap Platinum x2 - Mango Maracuyá";10543;2;1990;"Blunt Hemp Wrap Lion Rolling Circus Terpenes KKKSH";"blunt wrap";"https://fumetas.cl/blunt-wrap-platinum-x2?variant=Mango%20Maracuy%C3%A1"
0.195;0;2.77;35250;16990;"Biopulcher Control CNB - Gel Anti Olor 33g - Neutro";10547;2;46990;"Ozeta Techbag Anti-Olor";"anti olor";"https://fumetas.cl/biopulcher-control-cnb-gel-anti-olor-33g?variant=Neutro"
0.195;0;2.01;35269;990;"Blunt Wrap Platinum x2 - Wet Cherry";10543;2;1990;"Blunt Hemp Wrap Lion Rolling Circus Terpenes KKKSH";"blunt wrap";"https://fumetas.cl/blunt-wrap-platinum-x2?variant=Wet%20Cherry"
0.195;0;4.29;37259;29990;"Pulsar Batería Cartridges 510 DL 2.0 Pro - Black Cherry Fizz";11022;2;6990;"Brass Knuckles Batería 900mAh con Pantalla";"bateria cartridges 510";"https://fumetas.cl/pulsar-bateria-cartridges-510-dl-20-pro?variant=Black%20Cherry%20Fizz"
0.195;0;7.05;34444;3490;"Calvo Glass Quemador Pyrex - Macho 14mm - Azul";5926;2;24592;"Bucket Banger Cuarzo Diseño Blazy Susan 14mm Macho | PIRANHA";"macho 14mm";"https://fumetas.cl/calvo-glass-quemador-pyrex-macho-14mm?variant=Azul"
0.195;0;100.95;2093;4190;"Gizeh 3 Conos Pre-enrolados King Size Black + Filtro Activo Conico";10829;2;422991;"Filtro de Carbón Activado Kasvi 315x1200mm";"filtro activo";"https://fumetas.cl/gizeh-3-conos-pre-enrolados-king-size-black-filtro-activo-conico"
0.195;0;6.01;35712;6990;"Encendedor Clipper Metálico Classic Cars - Cobre";10737;2;41990;"Encendedor Zippo Classic High Polish Green";"encendedor classic";"https://fumetas.cl/encendedor-clipper-metalico-clasicc-cars?variant=Cobre"
0.194;0;5.68;33796;4190;"Moledor Hemp Gizeh 55mm - Rojo";10126;3;23800;"Moledor Galaxy de 4 partes y con tamizador";"moledor 55mm";"https://fumetas.cl/moledor-hemp-gizeh?variant=Rojo"
0.194;0;4.29;37257;29990;"Pulsar Batería Cartridges 510 DL 2.0 Pro - Blue Ridge Haze";11022;2;6990;"Brass Knuckles Batería 900mAh con Pantalla";"bateria cartridges 510";"https://fumetas.cl/pulsar-bateria-cartridges-510-dl-20-pro?variant=Blue%20Ridge%20Haze"
0.194;0;2.77;35251;16990;"Biopulcher Control CNB - Gel Anti Olor 33g - Eucalipto";10547;2;46990;"Ozeta Techbag Anti-Olor";"anti olor";"https://fumetas.cl/biopulcher-control-cnb-gel-anti-olor-33g?variant=Eucalipto"
0.194;0;2.91;37459;31990;"Pulsar Batería Cartridges 510 DL 5.0 - Camping Bigfoot";10638;2;10990;"Bateria Galaxy 510";"bateria 510";"https://fumetas.cl/pulsar-bateria-cartridges-510-dl-50?variant=Camping%20Bigfoot"
0.194;0;1.82;37650;19990;"Pulsar Batería Cartridges 510 DL - Tribe Vibe";10638;2;10990;"Bateria Galaxy 510";"bateria 510";"https://fumetas.cl/pulsar-bateria-cartridges-510-dl?variant=Tribe%20Vibe"
0.194;0;1.82;37651;19990;"Pulsar Batería Cartridges 510 DL - Vivid Shrooms";10638;2;10990;"Bateria Galaxy 510";"bateria 510";"https://fumetas.cl/pulsar-bateria-cartridges-510-dl?variant=Vivid%20Shrooms"
0.194;0;2.27;19441;5990;"Bandeja Bulldog metálica logo - Mediana";10618;2;13600;"Bandeja Cookies Metálica Para Enrolar";"bandeja metalica";"https://fumetas.cl/bandeja-bulldog-metalica-logo-mediana"
0.194;0;3.43;37464;23990;"Pulsar Batería Cartridges 510 DL Centro - Cyberpunk Rainstorm";11022;2;6990;"Brass Knuckles Batería 900mAh con Pantalla";"bateria cartridges 510";"https://fumetas.cl/pulsar-bateria-cartridges-510-dl-centro?variant=Cyberpunk%20Rainstorm"
0.193;0;4.29;37263;29990;"Pulsar Batería Cartridges 510 DL 2.0 Pro - Thermo Crystal Ball";11022;2;6990;"Brass Knuckles Batería 900mAh con Pantalla";"bateria cartridges 510";"https://fumetas.cl/pulsar-bateria-cartridges-510-dl-20-pro?variant=Thermo%20Crystal%20Ball"
0.193;0;7.05;34448;3490;"Calvo Glass Quemador Pyrex - Macho 14mm - Morado";5926;2;24592;"Bucket Banger Cuarzo Diseño Blazy Susan 14mm Macho | PIRANHA";"macho 14mm";"https://fumetas.cl/calvo-glass-quemador-pyrex-macho-14mm?variant=Morado"
0.193;0;5.68;33794;4190;"Moledor Hemp Gizeh 55mm - Blanco";10126;3;23800;"Moledor Galaxy de 4 partes y con tamizador";"moledor 55mm";"https://fumetas.cl/moledor-hemp-gizeh?variant=Blanco"
0.193;0;1.67;37136;1490;"Blunt Kush Terpene Infused x2 - Purple";10402;2;890;"Blunt Wrap Double Platinum Blueberry x2";"blunt x2";"https://fumetas.cl/blunt-kush-terpene-infused?variant=Purple"
0.193;0;2.86;37641;19990;"Pulsar Batería Cartridges 510 DL - Azul";11021;2;6990;"Brass Knuckles Batería 900mAh USB-C";"bateria 510 azul";"https://fumetas.cl/pulsar-bateria-cartridges-510-dl?variant=Azul"
0.193;0;1.99;34075;1990;"G-Rollz Blunt Hemp Wrap x4 - Slow Burning - Strawberry Pop";11018;2;1000;"Soulblime Blunt Hemp Wraps Chocomint";"blunt hemp";"https://fumetas.cl/g-rollz-blunt-hemp-wrap-x4-slow-burning?variant=Strawberry%20Pop"
0.193;0;4.23;2093;4190;"Gizeh 3 Conos Pre-enrolados King Size Black + Filtro Activo Conico";5421;2;990;"Papelillo Unbleached King Size Slim Blazy Susan";"king size";"https://fumetas.cl/gizeh-3-conos-pre-enrolados-king-size-black-filtro-activo-conico"
0.193;0;2.73;19444;4990;"Bandeja Gizeh Metálica Mediana Trippy";10618;2;13600;"Bandeja Cookies Metálica Para Enrolar";"bandeja metalica";"https://fumetas.cl/bandeja-gizeh-metalica-mediana-trippy"
0.193;0;4.29;37265;29990;"Pulsar Batería Cartridges 510 DL 2.0 Pro - Thermo Acid Splash";11022;2;6990;"Brass Knuckles Batería 900mAh con Pantalla";"bateria cartridges 510";"https://fumetas.cl/pulsar-bateria-cartridges-510-dl-20-pro?variant=Thermo%20Acid%20Splash"
0.192;0;1.67;37537;1490;"Conos Blunt Kush Hemp x2 - Sabores - Grape";10402;2;890;"Blunt Wrap Double Platinum Blueberry x2";"blunt x2";"https://fumetas.cl/conos-kush-hemp-sabores?variant=Grape"
0.192;0;7.05;34447;3490;"Calvo Glass Quemador Pyrex - Macho 14mm - Rosado";5926;2;24592;"Bucket Banger Cuarzo Diseño Blazy Susan 14mm Macho | PIRANHA";"macho 14mm";"https://fumetas.cl/calvo-glass-quemador-pyrex-macho-14mm?variant=Rosado"
0.191;0;2.01;72096;990;"Blunt Wrap Platinum x2 - Vanilla Caramel";10543;2;1990;"Blunt Hemp Wrap Lion Rolling Circus Terpenes KKKSH";"blunt wrap";"https://fumetas.cl/blunt-wrap-platinum-x2?variant=Vanilla%20Caramel"
0.191;0;2.39;34553;26990;"Calvo Glass Bong Straight Tube Lite 26cm - Verde";5776;2;64591;"Jelly Fish-Bonglab";"bong verde";"https://fumetas.cl/calvo-glass-bong-straight-tube-lite-26cm?variant=Verde"
0.191;0;11.44;36137;79990;"Pulsar Batería 510 Delta 3 en 1 Kit - Negro";11021;2;6990;"Brass Knuckles Batería 900mAh USB-C";"bateria 510 negro";"https://fumetas.cl/pulsar-bateria-510-delta-3-en-1-kit?variant=Negro"
0.191;0;4.29;37266;29990;"Pulsar Batería Cartridges 510 DL 2.0 Pro - Thermo Royal Wizard";11022;2;6990;"Brass Knuckles Batería 900mAh con Pantalla";"bateria cartridges 510";"https://fumetas.cl/pulsar-bateria-cartridges-510-dl-20-pro?variant=Thermo%20Royal%20Wizard"
0.191;0;4.29;37264;29990;"Pulsar Batería Cartridges 510 DL 2.0 Pro - Thermo Magic Missile";11022;2;6990;"Brass Knuckles Batería 900mAh con Pantalla";"bateria cartridges 510";"https://fumetas.cl/pulsar-bateria-cartridges-510-dl-20-pro?variant=Thermo%20Magic%20Missile"
0.191;0;2.52;35821;2490;"Vibes Cubano Cono Pre-enrolado King Size 8 - Ultra fino";5421;2;990;"Papelillo Unbleached King Size Slim Blazy Susan";"king size";"https://fumetas.cl/vibes-cubano-cono-king-size?variant=Ultra%20fino"
0.191;0;2.14;35771;14990;"Pulsar Batería 510 DL Lite - Azul";11021;2;6990;"Brass Knuckles Batería 900mAh USB-C";"bateria 510 azul";"https://fumetas.cl/pulsar-bateria-510-dl-lite?variant=Azul"
0.191;0;4.29;37272;29990;"Pulsar Batería Cartridges 510 DL 2.0 Pro - In Da Couch";11022;2;6990;"Brass Knuckles Batería 900mAh con Pantalla";"bateria cartridges 510";"https://fumetas.cl/pulsar-bateria-cartridges-510-dl-20-pro?variant=In%20Da%20Couch"
0.191;0;1.14;2914;2390;"Soulblime 6 Conos Pre-enrolados Pink King Size";10350;2;2094;"Blazy Susan Tea Leaf Cones King Size";"king size";"https://fumetas.cl/soulblime-6-conos-pre-enrolados-pink-king-size"
0.191;0;1.86;35779;12990;"Pulsar Bateria 510 Voltaje Variable - Morado";11021;2;6990;"Brass Knuckles Batería 900mAh USB-C";"bateria 510 morado";"https://fumetas.cl/pulsar-bateria-510-voltaje-variable?variant=Morado"
0.191;0;11.12;36517;109990;"Pulsar Vaporizador Apx Pro - Negro";10548;2;9891;"Yocan Flat Vaporizador para Cartridge";"vaporizador negro";"https://fumetas.cl/pulsar-vaporizador-apx-pro?variant=Negro"
0.190;0;3.43;37465;23990;"Pulsar Batería Cartridges 510 DL Centro - Siren's Snare";11022;2;6990;"Brass Knuckles Batería 900mAh con Pantalla";"bateria cartridges 510";"https://fumetas.cl/pulsar-bateria-cartridges-510-dl-centro?variant=Siren%26amp%3B%2339%3Bs%20Snare"
0.190;0;1.85;34546;34990;"Calvo Glass Bong Straight Tube American 26cm - Verde";5776;2;64591;"Jelly Fish-Bonglab";"bong verde";"https://fumetas.cl/calvo-glass-bong-straight-tube-american-26cm?variant=Verde"
0.190;0;8.58;647;8490;"G-Rollz 20 Conos Pre Enrolados Bio Organic Hemp King Size";5421;2;990;"Papelillo Unbleached King Size Slim Blazy Susan";"king size";"https://fumetas.cl/g-rollz-20-conos-pre-enrolados-bio-organic-hemp-king-size"
0.190;0;2.73;37260;29990;"Pulsar Batería Cartridges 510 DL 2.0 Pro - Cyberpunk Rainstorm";10638;2;10990;"Bateria Galaxy 510";"bateria 510";"https://fumetas.cl/pulsar-bateria-cartridges-510-dl-20-pro?variant=Cyberpunk%20Rainstorm"
0.190;0;1.28;1206;2690;"Gizeh 3 Conos Pre-enrolados King Size Black";10350;2;2094;"Blazy Susan Tea Leaf Cones King Size";"king size";"https://fumetas.cl/gizeh-3-conos-pre-enrolados-king-size-black-boquilla"
0.190;0;1.86;2028;3890;"Raw Cajita Metálica para Pre-Enrolados King Size";10350;2;2094;"Blazy Susan Tea Leaf Cones King Size";"king size";"https://fumetas.cl/raw-cajita-metalica-para-pre-enrolados-king-size"
0.189;0;2.79;2093;4190;"Gizeh 3 Conos Pre-enrolados King Size Black + Filtro Activo Conico";10685;2;1500;"Papelillos Vibes Rice King Size Slim";"king size";"https://fumetas.cl/gizeh-3-conos-pre-enrolados-king-size-black-filtro-activo-conico"
0.189;0;7.05;34445;3490;"Calvo Glass Quemador Pyrex - Macho 14mm - Turquesa";5926;2;24592;"Bucket Banger Cuarzo Diseño Blazy Susan 14mm Macho | PIRANHA";"macho 14mm";"https://fumetas.cl/calvo-glass-quemador-pyrex-macho-14mm?variant=Turquesa"
0.189;0;2.57;35775;17990;"Pulsar Bateria Cartridges 510 Payout 3.0 - Azul";11021;2;6990;"Brass Knuckles Batería 900mAh USB-C";"bateria 510 azul";"https://fumetas.cl/pulsar-bateria-510-payout-30?variant=Azul"
0.189;0;3.72;37279;25990;"Pulsar Batería Cartridges 510 DL 3.0 Twist - Thermo Crystal Ball";11022;2;6990;"Brass Knuckles Batería 900mAh con Pantalla";"bateria cartridges 510";"https://fumetas.cl/pulsar-bateria-cartridges-510-dl-30-twist?variant=Thermo%20Crystal%20Ball"
0.189;0;1.82;37644;19990;"Pulsar Batería Cartridges 510 DL - Thermo Crystal Ball";10638;2;10990;"Bateria Galaxy 510";"bateria 510";"https://fumetas.cl/pulsar-bateria-cartridges-510-dl?variant=Thermo%20Crystal%20Ball"
0.189;0;6.01;37467;41990;"Pulsar Batería Doble Cartridge 510 DL Tandem - Azul";11022;2;6990;"Brass Knuckles Batería 900mAh con Pantalla";"bateria 510 azul";"https://fumetas.cl/pulsar-bateria-cartridges-510-dl-tandem?variant=Azul"
0.189;0;1.67;37535;1490;"Conos Blunt Kush Hemp x2 - Sabores - Sweet";10402;2;890;"Blunt Wrap Double Platinum Blueberry x2";"blunt x2";"https://fumetas.cl/conos-kush-hemp-sabores?variant=Sweet"
0.189;0;4.58;37450;31990;"Pulsar Batería Cartridges 510 DL 5.0 - Negro";11021;2;6990;"Brass Knuckles Batería 900mAh USB-C";"bateria 510 negro";"https://fumetas.cl/pulsar-bateria-cartridges-510-dl-50?variant=Negro"
0.189;0;2.86;37640;19990;"Pulsar Batería Cartridges 510 DL - Negro";11021;2;6990;"Brass Knuckles Batería 900mAh USB-C";"bateria 510 negro";"https://fumetas.cl/pulsar-bateria-cartridges-510-dl?variant=Negro"
0.189;0;1.35;36983;11301;"Cenicero Fumetas Aluminio - Azul";5507;2;15291;"Grinder Galaxy Aluminio 55mm";"aluminio azul";"https://fumetas.cl/cenicero-fumetas-aluminio?variant=Azul"
0.189;0;2.73;37262;29990;"Pulsar Batería Cartridges 510 DL 2.0 Pro - Sunflower of the Mind";10638;2;10990;"Bateria Galaxy 510";"bateria 510";"https://fumetas.cl/pulsar-bateria-cartridges-510-dl-20-pro?variant=Sunflower%20of%20the%20Mind"
0.188;0;1.31;35932;19990;"Pulsar Hitter Dugout Aluminio - Rojo";5507;2;15291;"Grinder Galaxy Aluminio 55mm";"aluminio rojo";"https://fumetas.cl/pulsar-hitter-dugout-aluminio?variant=Rojo"
0.188;0;2.91;37455;31990;"Pulsar Batería Cartridges 510 DL 5.0 - Thermo Acid Splash";10638;2;10990;"Bateria Galaxy 510";"bateria 510";"https://fumetas.cl/pulsar-bateria-cartridges-510-dl-50?variant=Thermo%20Acid%20Splash"
0.188;0;1.82;37647;19990;"Pulsar Batería Cartridges 510 DL - Thermo Acid Splash";10638;2;10990;"Bateria Galaxy 510";"bateria 510";"https://fumetas.cl/pulsar-bateria-cartridges-510-dl?variant=Thermo%20Acid%20Splash"
0.188;0;1.67;37536;1490;"Conos Blunt Kush Hemp x2 - Sabores - Lemonade";10402;2;890;"Blunt Wrap Double Platinum Blueberry x2";"blunt x2";"https://fumetas.cl/conos-kush-hemp-sabores?variant=Lemonade"
0.188;0;1.67;37538;1490;"Conos Blunt Kush Hemp x2 - Sabores - Berries";10402;2;890;"Blunt Wrap Double Platinum Blueberry x2";"blunt x2";"https://fumetas.cl/conos-kush-hemp-sabores?variant=Berries"
0.188;0;2.10;35958;10490;"Special Blue Encendedor Soplete Spark Cloud - Fucsia";10874;2;4990;"Ronson Soplete Pequeño";"encendedor soplete";"https://fumetas.cl/special-blue-encendedor-soplete-spark-cloud?variant=Fucsia"
0.188;0;1.11;36983;11301;"Cenicero Fumetas Aluminio - Azul";5512;2;12591;"Grinder Galaxy Aluminio 38mm";"aluminio azul";"https://fumetas.cl/cenicero-fumetas-aluminio?variant=Azul"
0.187;0;3.72;37280;25990;"Pulsar Batería Cartridges 510 DL 3.0 Twist - Thermo Magic Missile";11022;2;6990;"Brass Knuckles Batería 900mAh con Pantalla";"bateria cartridges 510";"https://fumetas.cl/pulsar-bateria-cartridges-510-dl-30-twist?variant=Thermo%20Magic%20Missile"
0.187;0;2.73;37261;29990;"Pulsar Batería Cartridges 510 DL 2.0 Pro - Floating Mushrooms";10638;2;10990;"Bateria Galaxy 510";"bateria 510";"https://fumetas.cl/pulsar-bateria-cartridges-510-dl-20-pro?variant=Floating%20Mushrooms"
0.187;0;4.93;34100;4990;"Quemador Generico Honeycomb Macho 14mm - Azul";5926;2;24592;"Bucket Banger Cuarzo Diseño Blazy Susan 14mm Macho | PIRANHA";"macho 14mm";"https://fumetas.cl/quemador-generico-honeycomb-macho-14mm?variant=Azul"
0.187;0;1.22;13526;8990;"Pulsar Repuesto Conector Magnetico Batería 510 DL Lite";10638;2;10990;"Bateria Galaxy 510";"bateria 510";"https://fumetas.cl/pulsar-repuesto-conector-magnetico-bateria-510-dl-lite"
0.187;0;2.73;37270;29990;"Pulsar Batería Cartridges 510 DL 2.0 Pro - Starry Camp";10638;2;10990;"Bateria Galaxy 510";"bateria 510";"https://fumetas.cl/pulsar-bateria-cartridges-510-dl-20-pro?variant=Starry%20Camp"
0.187;0;1.59;35932;19990;"Pulsar Hitter Dugout Aluminio - Rojo";5512;2;12591;"Grinder Galaxy Aluminio 38mm";"aluminio rojo";"https://fumetas.cl/pulsar-hitter-dugout-aluminio?variant=Rojo"
0.187;0;2.00;35924;13990;"Pulsar Bateria Cartridges 510 Square - Negro";11021;2;6990;"Brass Knuckles Batería 900mAh USB-C";"bateria 510 negro";"https://fumetas.cl/pulsar-510-bateria-square?variant=Negro"
0.187;0;1.86;35782;12990;"Pulsar Bateria 510 Voltaje Variable - Azul Ombre";11022;2;6990;"Brass Knuckles Batería 900mAh con Pantalla";"bateria 510 azul";"https://fumetas.cl/pulsar-bateria-510-voltaje-variable?variant=Azul%20Ombre"
0.187;0;2.27;18457;5990;"Bandeja RAW metálica Camo Silver - Mini";10618;2;13600;"Bandeja Cookies Metálica Para Enrolar";"bandeja metalica";"https://fumetas.cl/bandeja-raw-metalica-camo-silver-mini"
0.186;0;1.82;35255;990;"Blunt Wrap Platinum x2 - Blueberry";10568;3;1800;"Blunt Hemp Wrap Lion Rolling Circus Rolling Stones Berry Gelato";"blunt wrap";"https://fumetas.cl/blunt-wrap-platinum-x2?variant=Blueberry"
0.186;0;1.82;37649;19990;"Pulsar Batería Cartridges 510 DL - Thermo Royal Wizard";10638;2;10990;"Bateria Galaxy 510";"bateria 510";"https://fumetas.cl/pulsar-bateria-cartridges-510-dl?variant=Thermo%20Royal%20Wizard"
0.186;0;2.91;37454;31990;"Pulsar Batería Cartridges 510 DL 5.0 - Thermo Royal Wizard";10638;2;10990;"Bateria Galaxy 510";"bateria 510";"https://fumetas.cl/pulsar-bateria-cartridges-510-dl-50?variant=Thermo%20Royal%20Wizard"
0.186;0;1.82;37648;19990;"Pulsar Batería Cartridges 510 DL - Thermo Magic Missile";10638;2;10990;"Bateria Galaxy 510";"bateria 510";"https://fumetas.cl/pulsar-bateria-cartridges-510-dl?variant=Thermo%20Magic%20Missile"
0.186;0;1.82;35262;990;"Blunt Wrap Platinum x2 - Mango";10568;3;1800;"Blunt Hemp Wrap Lion Rolling Circus Rolling Stones Berry Gelato";"blunt wrap";"https://fumetas.cl/blunt-wrap-platinum-x2?variant=Mango"
0.186;0;1.82;35257;990;"Blunt Wrap Platinum x2 - Chocolate";10568;3;1800;"Blunt Hemp Wrap Lion Rolling Circus Rolling Stones Berry Gelato";"blunt wrap";"https://fumetas.cl/blunt-wrap-platinum-x2?variant=Chocolate"
0.186;0;1.32;34291;36990;"Ozeta Estuche grande - Anti-olor - Rosado";10570;2;48990;"Bolso Cruzado Smellproof Blazy Susan";"anti olor";"https://fumetas.cl/ozeta-estuche-grande?variant=Rosado"
0.186;0;1.67;37138;1490;"Blunt Kush Terpene Infused x2 - Mimosa";10402;2;890;"Blunt Wrap Double Platinum Blueberry x2";"blunt x2";"https://fumetas.cl/blunt-kush-terpene-infused?variant=Mimosa"
0.186;0;1.67;37137;1490;"Blunt Kush Terpene Infused x2 - Clementine";10402;2;890;"Blunt Wrap Double Platinum Blueberry x2";"blunt x2";"https://fumetas.cl/blunt-kush-terpene-infused?variant=Clementine"
0.185;0;1.69;34299;28990;"Ozeta Estuche pequeño - Anti-olor - Morado";10570;2;48990;"Bolso Cruzado Smellproof Blazy Susan";"anti olor";"https://fumetas.cl/ozeta-estuche-pequeno?variant=Morado"
0.185;0;6.01;37466;41990;"Pulsar Batería Doble Cartridge 510 DL Tandem - Negro";11022;2;6990;"Brass Knuckles Batería 900mAh con Pantalla";"bateria 510 negro";"https://fumetas.cl/pulsar-bateria-cartridges-510-dl-tandem?variant=Negro"
0.185;0;2.91;37457;31990;"Pulsar Batería Cartridges 510 DL 5.0 - Thermo Fairy Fire";10638;2;10990;"Bateria Galaxy 510";"bateria 510";"https://fumetas.cl/pulsar-bateria-cartridges-510-dl-50?variant=Thermo%20Fairy%20Fire"
0.185;0;2.73;37258;29990;"Pulsar Batería Cartridges 510 DL 2.0 Pro - Dewy Meadow";10638;2;10990;"Bateria Galaxy 510";"bateria 510";"https://fumetas.cl/pulsar-bateria-cartridges-510-dl-20-pro?variant=Dewy%20Meadow"
0.185;0;1.07;73079;1690;"Blunt Wrap Rose Cones x2";10568;3;1800;"Blunt Hemp Wrap Lion Rolling Circus Rolling Stones Berry Gelato";"blunt wrap";"https://fumetas.cl/blunt-wrap-rose-conos-x2"
0.185;0;4.55;36013;2990;"Bandeja Gizeh Metálica Mini Trippy - Blanco";10618;2;13600;"Bandeja Cookies Metálica Para Enrolar";"bandeja metalica";"https://fumetas.cl/bandeja-gizeh-metalica-mini-trippy?variant=Blanco"
0.185;0;1.48;34296;32990;"Ozeta Estuche mediano - Anti-olor - Rosado";10570;2;48990;"Bolso Cruzado Smellproof Blazy Susan";"anti olor";"https://fumetas.cl/ozeta-estuche-mediano?variant=Rosado"
0.185;0;1.43;33662;33990;"Dream High Moledor Cerámico 63mm - Gris";10126;3;23800;"Moledor Galaxy de 4 partes y con tamizador";"moledor gris";"https://fumetas.cl/dream-high-moledor-ceramico-63mm?variant=Gris"
0.185;0;2.52;33644;59990;"Dream High Moledor Ceramico 3.0 63mm - Gris";10126;3;23800;"Moledor Galaxy de 4 partes y con tamizador";"moledor gris";"https://fumetas.cl/dream-high-moledor-ceramico-30-63mm?variant=Gris"
0.184;0;1.27;19113;13990;"Pulsar Repuesto Conector Magnetico Batería 510 DL 3.0 Twist";10638;2;10990;"Bateria Galaxy 510";"bateria 510";"https://fumetas.cl/pulsar-repuesto-conector-magnetico-bateria-510-dl-30-twist"
0.184;0;1.69;34300;28990;"Ozeta Estuche pequeño - Anti-olor - Rosado";10570;2;48990;"Bolso Cruzado Smellproof Blazy Susan";"anti olor";"https://fumetas.cl/ozeta-estuche-pequeno?variant=Rosado"
0.184;0;2.74;35021;8990;"Calvo Glass Quemador cuerno - Macho 14mm - Amarillo";5926;2;24592;"Bucket Banger Cuarzo Diseño Blazy Susan 14mm Macho | PIRANHA";"macho 14mm";"https://fumetas.cl/calvo-glass-quemador-cuerno-14mm?variant=Amarillo"
0.184;0;5.82;204;3490;"G-Rollz Lightly Dyed Pink Papelillos 1 1/4 + Boquillas + Bandeja";10993;2;600;"Lady Hornet Pink 1 1/4 + Tips";"pink papelillos";"https://fumetas.cl/g-rollz-lightly-dyed-pink-papelillos-1-14-boquillas-bandeja"
0.184;0;2.36;37278;25990;"Pulsar Batería Cartridges 510 DL 3.0 Twist - Cyberpunk Rainstorm";10638;2;10990;"Bateria Galaxy 510";"bateria 510";"https://fumetas.cl/pulsar-bateria-cartridges-510-dl-30-twist?variant=Cyberpunk%20Rainstorm"
0.183;0;3.43;35769;23990;"Pulsar Bateria 510 Hall Pass - Azul";11021;2;6990;"Brass Knuckles Batería 900mAh USB-C";"bateria 510 azul";"https://fumetas.cl/pulsar-510-bateria-hall-pass?variant=Azul"
0.183;0;1.67;37134;1490;"Blunt Kush Terpene Infused x2 - Pink Cookies";10402;2;890;"Blunt Wrap Double Platinum Blueberry x2";"blunt x2";"https://fumetas.cl/blunt-kush-terpene-infused?variant=Pink%20Cookies"
0.183;0;1.14;2912;2390;"Soulblime 6 Conos Pre-enrolados Orgánicos King Size";10350;2;2094;"Blazy Susan Tea Leaf Cones King Size";"king size";"https://fumetas.cl/soulblime-6-conos-pre-enrolados-organicos-king-size"
0.183;0;1.00;36710;1990;"Blunt Wraps Hemp x4 - Sabores - Bubble Gum";10543;2;1990;"Blunt Hemp Wrap Lion Rolling Circus Terpenes KKKSH";"blunt hemp";"https://fumetas.cl/blunt-wraps-hemp-x4-sabores?variant=Bubble%20Gum"
0.183;0;0.00;13693;7690;"Bandeja RAW metálica Prepare for Flight - Mediana";10999;2;0;"Khemo Bandeja Metalica 16x28cm";"bandeja metalica";"https://fumetas.cl/bandeja-raw-metalica-prepare-for-flight-mediana"
0.183;0;1.82;35253;990;"Blunt Wrap Platinum x2 - Berries";10568;3;1800;"Blunt Hemp Wrap Lion Rolling Circus Rolling Stones Berry Gelato";"blunt wrap";"https://fumetas.cl/blunt-wrap-platinum-x2?variant=Berries"
0.183;0;1.11;19860;1990;"Blunt Wraps Hemp x4 - Sabores";10568;3;1800;"Blunt Hemp Wrap Lion Rolling Circus Rolling Stones Berry Gelato";"blunt hemp";"https://fumetas.cl/blunt-wraps-hemp-x4-sabores"
0.183;0;2.73;37259;29990;"Pulsar Batería Cartridges 510 DL 2.0 Pro - Black Cherry Fizz";10638;2;10990;"Bateria Galaxy 510";"bateria 510";"https://fumetas.cl/pulsar-bateria-cartridges-510-dl-20-pro?variant=Black%20Cherry%20Fizz"
0.183;0;3.72;37275;25990;"Pulsar Batería Cartridges 510 DL 3.0 Twist - Azul";11021;2;6990;"Brass Knuckles Batería 900mAh USB-C";"bateria 510 azul";"https://fumetas.cl/pulsar-bateria-cartridges-510-dl-30-twist?variant=Azul"
0.183;0;3.70;13401;3290;"G-Rollz Blunt King Size Cono x2 - Pétalos de Rosa";10402;2;890;"Blunt Wrap Double Platinum Blueberry x2";"blunt x2";"https://fumetas.cl/g-rollz-blunt-king-size-cono-x2-petalos-de-rosa"
0.182;0;2.73;36011;4990;"Bandeja Gizeh Metálica Mediana Trippy - Blanco";10618;2;13600;"Bandeja Cookies Metálica Para Enrolar";"bandeja metalica";"https://fumetas.cl/bandeja-gizeh-metalica-mediana-trippy?variant=Blanco"
0.182;0;17.64;33646;59990;"Dream High Moledor Ceramico 3.0 63mm - Verde";5498;3;3400;"Galaxy Moledor Biodegradable | Grinder ecológico resistente";"moledor verde";"https://fumetas.cl/dream-high-moledor-ceramico-30-63mm?variant=Verde"
0.182;0;1.22;34724;29990;"Calvo Glass Bee Rig Lite 19cm - Light Green";5792;2;24592;"Moledor Cerámico Galaxy Pocket Grinder 5,5cm 4 Partes | PIRANHA";"light green";"https://fumetas.cl/calvo-glass-bee-rig-lite-19cm?variant=Light%20Green"
0.182;0;4.93;34099;4990;"Quemador Generico Honeycomb Macho 14mm - Turquesa";5926;2;24592;"Bucket Banger Cuarzo Diseño Blazy Susan 14mm Macho | PIRANHA";"macho 14mm";"https://fumetas.cl/quemador-generico-honeycomb-macho-14mm?variant=Turquesa"
0.182;0;2.73;37257;29990;"Pulsar Batería Cartridges 510 DL 2.0 Pro - Blue Ridge Haze";10638;2;10990;"Bateria Galaxy 510";"bateria 510";"https://fumetas.cl/pulsar-bateria-cartridges-510-dl-20-pro?variant=Blue%20Ridge%20Haze"
0.182;0;1.27;13527;13990;"Pulsar Repuesto Conector Magnetico Batería 510 DL Tandem";10638;2;10990;"Bateria Galaxy 510";"bateria 510";"https://fumetas.cl/pulsar-repuesto-conector-magnetico-bateria-510-dl-tandem"
0.182;0;2.27;1247;5990;"Bandeja Gizeh Metálica Mediana 420 Edición";10618;2;13600;"Bandeja Cookies Metálica Para Enrolar";"bandeja metalica";"https://fumetas.cl/bandeja-gizeh-metalica-mediana-420-edicion"
0.182;0;5.61;36517;109990;"Pulsar Vaporizador Apx Pro - Negro";10888;2;617490;"Puffco New Peak Pro Plasma + 3DXL Limited";"vaporizador pro";"https://fumetas.cl/pulsar-vaporizador-apx-pro?variant=Negro"
0.181;0;2.11;36983;11301;"Cenicero Fumetas Aluminio - Azul";10126;3;23800;"Moledor Galaxy de 4 partes y con tamizador";"aluminio azul";"https://fumetas.cl/cenicero-fumetas-aluminio?variant=Azul"
0.181;0;2.18;37464;23990;"Pulsar Batería Cartridges 510 DL Centro - Cyberpunk Rainstorm";10638;2;10990;"Bateria Galaxy 510";"bateria 510";"https://fumetas.cl/pulsar-bateria-cartridges-510-dl-centro?variant=Cyberpunk%20Rainstorm"
0.181;0;2.27;19361;5990;"Bandeja RAW metálica Smokey Forest - Mini";10618;2;13600;"Bandeja Cookies Metálica Para Enrolar";"bandeja metalica";"https://fumetas.cl/bandeja-raw-metalica-smokey-forest-mini"
0.181;0;3.43;37463;23990;"Pulsar Batería Cartridges 510 DL Centro - Azul";11021;2;6990;"Brass Knuckles Batería 900mAh USB-C";"bateria 510 azul";"https://fumetas.cl/pulsar-bateria-cartridges-510-dl-centro?variant=Azul"
0.181;0;2.73;37263;29990;"Pulsar Batería Cartridges 510 DL 2.0 Pro - Thermo Crystal Ball";10638;2;10990;"Bateria Galaxy 510";"bateria 510";"https://fumetas.cl/pulsar-bateria-cartridges-510-dl-20-pro?variant=Thermo%20Crystal%20Ball"
0.180;0;1.02;13093;24990;"Calvo Glass Atrapa cenizas 90° - Macho 14mm";5926;2;24592;"Bucket Banger Cuarzo Diseño Blazy Susan 14mm Macho | PIRANHA";"macho 14mm";"https://fumetas.cl/calvo-glass-atrapa-cenizas-macho-14mm-90"
0.180;0;1.25;37250;24990;"Pulsar 510 DL Scribe Lápiz para Cartridge - Blanco";10521;3;19990;"Yocan Kodo Pro Vaporizador para Cartridge";"510 cartridge blanco";"https://fumetas.cl/pulsar-510-dl-scribe-lapiz-para-cartridge?variant=Blanco"
0.180;0;3.41;13152;3990;"Bandeja Gizeh Metálica Mediana Negra 420";10618;2;13600;"Bandeja Cookies Metálica Para Enrolar";"bandeja metalica";"https://fumetas.cl/bandeja-gizeh-metalica-mediana-negra-420"
0.180;0;1.22;3839;29990;"Moledor Calvo Cerámico 60mm";10734;2;24493;"Moledor Blazy Susan Aluminio 60mm 4 Partes";"moledor 60mm";"https://fumetas.cl/moledor-calvo-ceramico-60mm"
0.180;0;1.32;34292;36990;"Ozeta Estuche grande - Anti-olor - Cian";10570;2;48990;"Bolso Cruzado Smellproof Blazy Susan";"anti olor";"https://fumetas.cl/ozeta-estuche-grande?variant=Cian"
0.180;0;1.86;35778;12990;"Pulsar Bateria 510 Voltaje Variable - Negro";11021;2;6990;"Brass Knuckles Batería 900mAh USB-C";"bateria 510 negro";"https://fumetas.cl/pulsar-bateria-510-voltaje-variable?variant=Negro"
0.179;0;2.73;37265;29990;"Pulsar Batería Cartridges 510 DL 2.0 Pro - Thermo Acid Splash";10638;2;10990;"Bateria Galaxy 510";"bateria 510";"https://fumetas.cl/pulsar-bateria-cartridges-510-dl-20-pro?variant=Thermo%20Acid%20Splash"
0.179;0;1.02;13092;24990;"Calvo Glass Atrapa cenizas 45° - Macho 14mm";5926;2;24592;"Bucket Banger Cuarzo Diseño Blazy Susan 14mm Macho | PIRANHA";"macho 14mm";"https://fumetas.cl/calvo-glass-atrapa-cenizas-macho-14mm-45"
0.179;0;3.72;37273;25990;"Pulsar Batería Cartridges 510 DL 3.0 Twist - Negro";11021;2;6990;"Brass Knuckles Batería 900mAh USB-C";"bateria 510 negro";"https://fumetas.cl/pulsar-bateria-cartridges-510-dl-30-twist?variant=Negro"
0.179;0;1.48;34297;32990;"Ozeta Estuche mediano - Anti-olor - Cian";10570;2;48990;"Bolso Cruzado Smellproof Blazy Susan";"anti olor";"https://fumetas.cl/ozeta-estuche-mediano?variant=Cian"
0.179;0;6.68;13429;13990;"Soulblime Conos Pre-enrolados Pink King Size 50 uds.";10350;2;2094;"Blazy Susan Tea Leaf Cones King Size";"king size";"https://fumetas.cl/soulblime-conos-pre-enrolados-pink-king-size-50-uds"
0.178;0;2.38;13397;4990;"G-Rollz 2 Blunt King Size Terpeno Watermelon Sunrise";10350;2;2094;"Blazy Susan Tea Leaf Cones King Size";"king size";"https://fumetas.cl/g-rollz-2-blunt-king-size-terpeno-watermelon-sunrise"
0.178;0;1.47;33757;4990;"LRC Moledor contenedor Tainer 40mm - Verde";5498;3;3400;"Galaxy Moledor Biodegradable | Grinder ecológico resistente";"moledor verde";"https://fumetas.cl/lrc-moledor-contenedor-tainer-40mm?variant=Verde"
0.178;0;2.73;37266;29990;"Pulsar Batería Cartridges 510 DL 2.0 Pro - Thermo Royal Wizard";10638;2;10990;"Bateria Galaxy 510";"bateria 510";"https://fumetas.cl/pulsar-bateria-cartridges-510-dl-20-pro?variant=Thermo%20Royal%20Wizard"
0.178;0;2.73;37264;29990;"Pulsar Batería Cartridges 510 DL 2.0 Pro - Thermo Magic Missile";10638;2;10990;"Bateria Galaxy 510";"bateria 510";"https://fumetas.cl/pulsar-bateria-cartridges-510-dl-20-pro?variant=Thermo%20Magic%20Missile"
0.178;0;1.53;13497;1990;"Filtro Stream Slim Long Orange Click 6mm";10243;2;1300;"OCB ECO Filtros Slim - GB The Green Brand";"filtro slim";"https://fumetas.cl/filtro-stream-slim-long-orange-click-6mm"
0.178;0;1.19;19354;2490;"Vibes Cubano Cono Pre-enrolado King Size 8";10350;2;2094;"Blazy Susan Tea Leaf Cones King Size";"king size";"https://fumetas.cl/vibes-cubano-cono-king-size"
0.178;0;2.73;37272;29990;"Pulsar Batería Cartridges 510 DL 2.0 Pro - In Da Couch";10638;2;10990;"Bateria Galaxy 510";"bateria 510";"https://fumetas.cl/pulsar-bateria-cartridges-510-dl-20-pro?variant=In%20Da%20Couch"
0.177;0;2.38;35119;4990;"G-Rollz 2 Blunt King Size Terpeno Candy Crunched";10350;2;2094;"Blazy Susan Tea Leaf Cones King Size";"king size";"https://fumetas.cl/g-rollz-2-blunt-king-size-terpeno-candy-crunched"
0.177;0;1.67;37539;1490;"Conos Blunt Kush Hemp x2 - Sabores - Kiwi Strawberry";10402;2;890;"Blunt Wrap Double Platinum Blueberry x2";"blunt x2";"https://fumetas.cl/conos-kush-hemp-sabores?variant=Kiwi%20Strawberry"
0.177;0;5.01;13631;24990;"Calvo Wax Set Dab Rig + Banger + Carb Cap";10605;3;4990;"Calvo Glass Clear Insert Banger";"calvo banger";"https://fumetas.cl/calvo-wax-set-dab-rig-banger-carb-cap"
0.177;0;3.43;37462;23990;"Pulsar Batería Cartridges 510 DL Centro - Negro";11021;2;6990;"Brass Knuckles Batería 900mAh USB-C";"bateria 510 negro";"https://fumetas.cl/pulsar-bateria-cartridges-510-dl-centro?variant=Negro"
0.177;0;2.73;20063;4990;"Bandeja Gizeh metálica Moon Light - Mediana";10618;2;13600;"Bandeja Cookies Metálica Para Enrolar";"bandeja metalica";"https://fumetas.cl/bandeja-moon-light-mediana"
0.177;0;2.73;19358;4990;"Bandeja Bulldog metálica varios logos - Mini";10618;2;13600;"Bandeja Cookies Metálica Para Enrolar";"bandeja metalica";"https://fumetas.cl/bandeja-bulldog-metalica-varios-logos-mini"
0.177;0;1.53;13494;1990;"Filtro Stream Slim Long Blueberry Click 6mm";10243;2;1300;"OCB ECO Filtros Slim - GB The Green Brand";"filtro slim";"https://fumetas.cl/filtro-stream-slim-long-blueberry-click-6mm"
0.177;0;1.02;13566;24990;"Calvo Banger Full Weld Tower Kit 90° - Macho 10mm";5926;2;24592;"Bucket Banger Cuarzo Diseño Blazy Susan 14mm Macho | PIRANHA";"banger macho";"https://fumetas.cl/calvo-banger-full-weld-tower-kit-90-macho-10mm"
0.177;0;2.38;13396;4990;"G-Rollz 2 Blunt King Size Terpeno Mystikal Haze";10350;2;2094;"Blazy Susan Tea Leaf Cones King Size";"king size";"https://fumetas.cl/g-rollz-2-blunt-king-size-terpeno-mystikal-haze"
0.177;0;2.18;37465;23990;"Pulsar Batería Cartridges 510 DL Centro - Siren's Snare";10638;2;10990;"Bateria Galaxy 510";"bateria 510";"https://fumetas.cl/pulsar-bateria-cartridges-510-dl-centro?variant=Siren%26amp%3B%2339%3Bs%20Snare"
0.176;0;2.73;1236;4990;"Bandeja Gizeh metálica 100 years - Mediana";10618;2;13600;"Bandeja Cookies Metálica Para Enrolar";"bandeja metalica";"https://fumetas.cl/bandeja-gizeh-metalica-100-years-mediana"
0.176;0;1.53;13498;1990;"Filtro Stream Slim Long Watermelon Click 6mm";10243;2;1300;"OCB ECO Filtros Slim - GB The Green Brand";"filtro slim";"https://fumetas.cl/filtro-stream-slim-long-watermelon-click-6mm"
0.175;0;1.51;19356;8990;"Bandeja Bulldog metálica varios logos - Grande";10618;2;13600;"Bandeja Cookies Metálica Para Enrolar";"bandeja metalica";"https://fumetas.cl/bandeja-bulldog-metalica-varios-logos-grande"
0.175;0;1.50;20119;29990;"Pulsar Batería Cartridges 510 DL 2.0 Pro";10521;3;19990;"Yocan Kodo Pro Vaporizador para Cartridge";"cartridges 510 pro";"https://fumetas.cl/pulsar-bateria-cartridges-510-dl-20-pro"
0.175;0;1.44;4633;16990;"Moledor Gizeh Tornasol 60mm";10734;2;24493;"Moledor Blazy Susan Aluminio 60mm 4 Partes";"moledor 60mm";"https://fumetas.cl/moledor-gizeh-tornasol-60mm-1"
0.175;0;1.02;4638;24990;"Moledor Elements Pink 60mm";10734;2;24493;"Moledor Blazy Susan Aluminio 60mm 4 Partes";"moledor 60mm";"https://fumetas.cl/moledor-elements-pink-60mm"
0.175;0;1.02;4637;24990;"Moledor Elements Blue 60mm";10734;2;24493;"Moledor Blazy Susan Aluminio 60mm 4 Partes";"moledor 60mm";"https://fumetas.cl/moledor-elements-blue-60mm"
0.175;0;2.36;37279;25990;"Pulsar Batería Cartridges 510 DL 3.0 Twist - Thermo Crystal Ball";10638;2;10990;"Bateria Galaxy 510";"bateria 510";"https://fumetas.cl/pulsar-bateria-cartridges-510-dl-30-twist?variant=Thermo%20Crystal%20Ball"
0.175;0;2.27;19357;5990;"Bandeja Bulldog metálica varios logos - Mediana";10618;2;13600;"Bandeja Cookies Metálica Para Enrolar";"bandeja metalica";"https://fumetas.cl/bandeja-bulldog-metalica-varios-logos-mediana"
0.175;0;1.93;1564;26290;"Futurola x Mike Tyson Bandeja Metálica Grande";10618;2;13600;"Bandeja Cookies Metálica Para Enrolar";"bandeja metalica";"https://fumetas.cl/futurola-x-myke-tyson-bandeja-metalica-grande"
0.174;0;3.59;73981;3790;"Bandeja Gizeh Metálica Mediana Blanca Music";10618;2;13600;"Bandeja Cookies Metálica Para Enrolar";"bandeja metalica";"https://fumetas.cl/bandeja-gizeh-metalica-mediana-blanca-music"
0.174;0;1.50;4629;22990;"Moledor OCB Aluminio 50mm";5507;2;15291;"Grinder Galaxy Aluminio 55mm";"moledor aluminio";"https://fumetas.cl/moledor-ocb-aluminio-50mm"
0.174;0;3.42;35126;3390;"G-Rollz Blunt King Size Cono x2 - Rose Fabulous Face Marilyn";5421;2;990;"Papelillo Unbleached King Size Slim Blazy Susan";"king size";"https://fumetas.cl/g-rollz-blunt-king-size-cono-x2-rose-fabulous-face-marilyn"
0.174;0;1.82;35274;990;"Blunt Wrap Platinum x2 - Cookies and Cream";10568;3;1800;"Blunt Hemp Wrap Lion Rolling Circus Rolling Stones Berry Gelato";"blunt wrap";"https://fumetas.cl/blunt-wrap-platinum-x2?variant=Cookies%20and%20Cream"
0.174;0;5.61;19987;4990;"Blunt Herbal G-Rollz Yerba Mate Chamomile x2";10402;2;890;"Blunt Wrap Double Platinum Blueberry x2";"blunt x2";"https://fumetas.cl/blunt-herbal-g-rollz-yerba-mate-chamomile"
0.174;0;1.96;35887;24990;"MJ Arsenal Bolso Para Pipas Mediano - Onyx Black";10570;2;48990;"Bolso Cruzado Smellproof Blazy Susan";"bolso black";"https://fumetas.cl/mj-arsenal-bolso-para-pipas-mediano?variant=Onyx%20Black"
0.173;0;2.23;35890;21990;"MJ Arsenal Bolso Para Pipas Pequeño - Onyx Black";10570;2;48990;"Bolso Cruzado Smellproof Blazy Susan";"bolso black";"https://fumetas.cl/mj-arsenal-bolso-para-pipas-pequeno?variant=Onyx%20Black"
0.173;0;1.67;37135;1490;"Blunt Kush Terpene Infused x2 - Berries Gelato";10402;2;890;"Blunt Wrap Double Platinum Blueberry x2";"blunt x2";"https://fumetas.cl/blunt-kush-terpene-infused?variant=Berries%20Gelato"
0.173;0;1.02;34519;24990;"Calvo Glass Atrapa cenizas 90° - Macho 14mm - Verde";5926;2;24592;"Bucket Banger Cuarzo Diseño Blazy Susan 14mm Macho | PIRANHA";"macho 14mm";"https://fumetas.cl/calvo-glass-atrapa-cenizas-macho-14mm-90?variant=Verde"
0.173;0;1.31;35934;19990;"Pulsar Hitter Dugout Aluminio - Azul";5507;2;15291;"Grinder Galaxy Aluminio 55mm";"aluminio azul";"https://fumetas.cl/pulsar-hitter-dugout-aluminio?variant=Azul"
0.173;0;1.82;35254;990;"Blunt Wrap Platinum x2 - Bubble Gum";10568;3;1800;"Blunt Hemp Wrap Lion Rolling Circus Rolling Stones Berry Gelato";"blunt wrap";"https://fumetas.cl/blunt-wrap-platinum-x2?variant=Bubble%20Gum"
0.173;0;1.83;4629;22990;"Moledor OCB Aluminio 50mm";5512;2;12591;"Grinder Galaxy Aluminio 38mm";"moledor aluminio";"https://fumetas.cl/moledor-ocb-aluminio-50mm"
0.173;0;1.82;35271;990;"Blunt Wrap Platinum x2 - Wild Honey";10568;3;1800;"Blunt Hemp Wrap Lion Rolling Circus Rolling Stones Berry Gelato";"blunt wrap";"https://fumetas.cl/blunt-wrap-platinum-x2?variant=Wild%20Honey"
0.173;0;6.01;37467;41990;"Pulsar Batería Doble Cartridge 510 DL Tandem - Azul";11021;2;6990;"Brass Knuckles Batería 900mAh USB-C";"bateria 510 azul";"https://fumetas.cl/pulsar-bateria-cartridges-510-dl-tandem?variant=Azul"
0.172;0;2.36;37280;25990;"Pulsar Batería Cartridges 510 DL 3.0 Twist - Thermo Magic Missile";10638;2;10990;"Bateria Galaxy 510";"bateria 510";"https://fumetas.cl/pulsar-bateria-cartridges-510-dl-30-twist?variant=Thermo%20Magic%20Missile"
0.172;0;3.06;35794;4990;"Raw Tubo Contenedor de Aluminio - Negro";5507;2;15291;"Grinder Galaxy Aluminio 55mm";"aluminio negro";"https://fumetas.cl/raw-tubo-contenedor-de-aluminio?variant=Negro"
0.172;0;10.02;13194;49990;"Calvo Glass Bong Beaker Premium 40cm";10605;3;4990;"Calvo Glass Clear Insert Banger";"calvo glass";"https://fumetas.cl/calvo-glass-bong-beaker-lite-40cm"
0.172;0;9.02;13193;44990;"Calvo Glass Bong Beaker Premium 35cm";10605;3;4990;"Calvo Glass Clear Insert Banger";"calvo glass";"https://fumetas.cl/calvo-glass-bong-beaker-lite-35cm"
0.172;0;1.59;35934;19990;"Pulsar Hitter Dugout Aluminio - Azul";5512;2;12591;"Grinder Galaxy Aluminio 38mm";"aluminio azul";"https://fumetas.cl/pulsar-hitter-dugout-aluminio?variant=Azul"
0.172;0;1.22;33688;29990;"Moledor Calvo Cerámico 60mm - Rosado";10734;2;24493;"Moledor Blazy Susan Aluminio 60mm 4 Partes";"moledor 60mm";"https://fumetas.cl/moledor-calvo-ceramico-60mm?variant=Rosado"
0.172;0;6.68;13428;13990;"Soulblime Conos Pre-enrolados Orgánicos King Size 50 uds.";10350;2;2094;"Blazy Susan Tea Leaf Cones King Size";"king size";"https://fumetas.cl/soulblime-conos-pre-enrolados-organicos-king-size-50-uds"
0.172;0;1.11;36713;1990;"Blunt Wraps Hemp x4 - Sabores - Natural";10568;3;1800;"Blunt Hemp Wrap Lion Rolling Circus Rolling Stones Berry Gelato";"blunt hemp";"https://fumetas.cl/blunt-wraps-hemp-x4-sabores?variant=Natural"
0.172;0;2.74;35022;8990;"Calvo Glass Quemador cuerno - Macho 14mm - Verde Oliva";5926;2;24592;"Bucket Banger Cuarzo Diseño Blazy Susan 14mm Macho | PIRANHA";"macho 14mm";"https://fumetas.cl/calvo-glass-quemador-cuerno-14mm?variant=Verde%20Oliva"
0.171;0;1.11;36715;1990;"Blunt Wraps Hemp x4 - Sabores - Strawberry";10568;3;1800;"Blunt Hemp Wrap Lion Rolling Circus Rolling Stones Berry Gelato";"blunt hemp";"https://fumetas.cl/blunt-wraps-hemp-x4-sabores?variant=Strawberry"
0.171;0;2.00;2947;9990;"Calvo Glass Moledor Metálico 50 mm";10605;3;4990;"Calvo Glass Clear Insert Banger";"calvo glass";"https://fumetas.cl/calvo-glass-moledor-metalico-50-mm"
0.171;0;2.26;35126;3390;"G-Rollz Blunt King Size Cono x2 - Rose Fabulous Face Marilyn";10685;2;1500;"Papelillos Vibes Rice King Size Slim";"king size";"https://fumetas.cl/g-rollz-blunt-king-size-cono-x2-rose-fabulous-face-marilyn"
0.171;0;11.02;13195;54990;"Calvo Glass Bong Beaker Premium 45cm";10605;3;4990;"Calvo Glass Clear Insert Banger";"calvo glass";"https://fumetas.cl/calvo-glass-bong-beaker-lite-45cm"
0.171;0;1.11;36712;1990;"Blunt Wraps Hemp x4 - Sabores - Grape";10568;3;1800;"Blunt Hemp Wrap Lion Rolling Circus Rolling Stones Berry Gelato";"blunt hemp";"https://fumetas.cl/blunt-wraps-hemp-x4-sabores?variant=Grape"
0.171;0;1.82;72097;990;"Blunt Wrap Platinum x2 - Chocolate Mint";10568;3;1800;"Blunt Hemp Wrap Lion Rolling Circus Rolling Stones Berry Gelato";"blunt wrap";"https://fumetas.cl/blunt-wrap-platinum-x2?variant=Chocolate%20Mint"
0.171;0;2.52;35794;4990;"Raw Tubo Contenedor de Aluminio - Negro";5512;2;12591;"Grinder Galaxy Aluminio 38mm";"aluminio negro";"https://fumetas.cl/raw-tubo-contenedor-de-aluminio?variant=Negro"
0.171;0;1.22;3839;29990;"Moledor Calvo Cerámico 60mm";5792;2;24592;"Moledor Cerámico Galaxy Pocket Grinder 5,5cm 4 Partes | PIRANHA";"moledor ceramico";"https://fumetas.cl/moledor-calvo-ceramico-60mm"
0.171;0;5.01;35588;24990;"Calvo Wax Set Dab Rig + Banger + Carb Cap - Verde";10605;3;4990;"Calvo Glass Clear Insert Banger";"calvo banger";"https://fumetas.cl/calvo-wax-set-dab-rig-banger-carb-cap?variant=Verde"
0.171;0;1.86;35782;12990;"Pulsar Bateria 510 Voltaje Variable - Azul Ombre";11021;2;6990;"Brass Knuckles Batería 900mAh USB-C";"bateria 510 azul";"https://fumetas.cl/pulsar-bateria-510-voltaje-variable?variant=Azul%20Ombre"
0.170;0;1.31;33561;31990;"Moledor Galaxy Cerámico 60mm - Amarillo";10734;2;24493;"Moledor Blazy Susan Aluminio 60mm 4 Partes";"moledor 60mm";"https://fumetas.cl/moledor-galaxy-ceramico-60mm?variant=Amarillo"
0.170;0;5.01;35590;24990;"Calvo Wax Set Dab Rig + Banger + Carb Cap - Azul";10605;3;4990;"Calvo Glass Clear Insert Banger";"calvo banger";"https://fumetas.cl/calvo-wax-set-dab-rig-banger-carb-cap?variant=Azul"
0.170;0;1.11;36711;1990;"Blunt Wraps Hemp x4 - Sabores - Chocolate";10568;3;1800;"Blunt Hemp Wrap Lion Rolling Circus Rolling Stones Berry Gelato";"blunt hemp";"https://fumetas.cl/blunt-wraps-hemp-x4-sabores?variant=Chocolate"
0.170;0;1.22;33691;29990;"Moledor Calvo Cerámico 60mm - Turquesa";10734;2;24493;"Moledor Blazy Susan Aluminio 60mm 4 Partes";"moledor 60mm";"https://fumetas.cl/moledor-calvo-ceramico-60mm?variant=Turquesa"
0.170;0;7.68;35815;75990;"Vaporizador Series S1 Omura - Negro";10548;2;9891;"Yocan Flat Vaporizador para Cartridge";"vaporizador negro";"https://fumetas.cl/vaporizador-series-1-omura?variant=Negro"
0.170;0;19.61;37308;193990;"Vaporizador Series X1 Omura - Negro";10548;2;9891;"Yocan Flat Vaporizador para Cartridge";"vaporizador negro";"https://fumetas.cl/vaporizador-series-x-omura?variant=Negro"
0.170;0;1.02;34520;24990;"Calvo Glass Atrapa cenizas 90° - Macho 14mm - Amarillo";5926;2;24592;"Bucket Banger Cuarzo Diseño Blazy Susan 14mm Macho | PIRANHA";"macho 14mm";"https://fumetas.cl/calvo-glass-atrapa-cenizas-macho-14mm-90?variant=Amarillo"
0.170;0;1.22;33690;29990;"Moledor Calvo Cerámico 60mm - Plateado";10734;2;24493;"Moledor Blazy Susan Aluminio 60mm 4 Partes";"moledor 60mm";"https://fumetas.cl/moledor-calvo-ceramico-60mm?variant=Plateado"
0.170;0;1.11;36714;1990;"Blunt Wraps Hemp x4 - Sabores - Watermelon";10568;3;1800;"Blunt Hemp Wrap Lion Rolling Circus Rolling Stones Berry Gelato";"blunt hemp";"https://fumetas.cl/blunt-wraps-hemp-x4-sabores?variant=Watermelon"
0.169;0;1.82;72095;990;"Blunt Wrap Platinum x2 - Mango Maracuyá";10568;3;1800;"Blunt Hemp Wrap Lion Rolling Circus Rolling Stones Berry Gelato";"blunt wrap";"https://fumetas.cl/blunt-wrap-platinum-x2?variant=Mango%20Maracuy%C3%A1"
0.169;0;1.82;35269;990;"Blunt Wrap Platinum x2 - Wet Cherry";10568;3;1800;"Blunt Hemp Wrap Lion Rolling Circus Rolling Stones Berry Gelato";"blunt wrap";"https://fumetas.cl/blunt-wrap-platinum-x2?variant=Wet%20Cherry"
0.169;0;1.02;34518;24990;"Calvo Glass Atrapa cenizas 45° - Macho 14mm - Amarillo";5926;2;24592;"Bucket Banger Cuarzo Diseño Blazy Susan 14mm Macho | PIRANHA";"macho 14mm";"https://fumetas.cl/calvo-glass-atrapa-cenizas-macho-14mm-45?variant=Amarillo"
0.169;0;1.11;3763;1990;"G-Rollz 6 Conos Pre Enrolados Bio Organic Hemp 1 1/4";10568;3;1800;"Blunt Hemp Wrap Lion Rolling Circus Rolling Stones Berry Gelato";"conos hemp";"https://fumetas.cl/g-rollz-6-conos-pre-enrolados-bio-organic-hemp-1-14"
0.169;0;1.60;37452;31990;"Pulsar Batería Cartridges 510 DL 5.0 - Verde";10521;3;19990;"Yocan Kodo Pro Vaporizador para Cartridge";"cartridges 510 verde";"https://fumetas.cl/pulsar-bateria-cartridges-510-dl-50?variant=Verde"
0.169;0;1.28;33803;11990;"Moledor Fumetas Tiny 63mm - Rojo";5507;2;15291;"Grinder Galaxy Aluminio 55mm";"moledor rojo";"https://fumetas.cl/moledor-fumetas-tiny?variant=Rojo"
0.168;0;3.00;1210;14990;"Calvo Glass Pipa Screen 10 cm";10605;3;4990;"Calvo Glass Clear Insert Banger";"calvo glass";"https://fumetas.cl/calvo-glass-pipa-con-rejilla-integrada-10-cm"
0.168;0;1.31;33560;31990;"Moledor Galaxy Cerámico 60mm - Menta";10734;2;24493;"Moledor Blazy Susan Aluminio 60mm 4 Partes";"moledor 60mm";"https://fumetas.cl/moledor-galaxy-ceramico-60mm?variant=Menta"
0.168;0;1.31;35930;19990;"Pulsar Hitter Dugout Aluminio - Negro";5507;2;15291;"Grinder Galaxy Aluminio 55mm";"aluminio negro";"https://fumetas.cl/pulsar-hitter-dugout-aluminio?variant=Negro"
0.167;0;1.31;33562;31990;"Moledor Galaxy Cerámico 60mm - Lila";10734;2;24493;"Moledor Blazy Susan Aluminio 60mm 4 Partes";"moledor 60mm";"https://fumetas.cl/moledor-galaxy-ceramico-60mm?variant=Lila"
0.167;0;1.05;33803;11990;"Moledor Fumetas Tiny 63mm - Rojo";5512;2;12591;"Grinder Galaxy Aluminio 38mm";"moledor rojo";"https://fumetas.cl/moledor-fumetas-tiny?variant=Rojo"
0.167;0;1.50;37256;29990;"Pulsar Batería Cartridges 510 DL 2.0 Pro - Menta";10521;3;19990;"Yocan Kodo Pro Vaporizador para Cartridge";"cartridges 510 pro";"https://fumetas.cl/pulsar-bateria-cartridges-510-dl-20-pro?variant=Menta"
0.167;0;1.04;4629;22990;"Moledor OCB Aluminio 50mm";10126;3;23800;"Moledor Galaxy de 4 partes y con tamizador";"moledor aluminio";"https://fumetas.cl/moledor-ocb-aluminio-50mm"
0.167;0;5.01;35589;24990;"Calvo Wax Set Dab Rig + Banger + Carb Cap - Turquesa";10605;3;4990;"Calvo Glass Clear Insert Banger";"calvo banger";"https://fumetas.cl/calvo-wax-set-dab-rig-banger-carb-cap?variant=Turquesa"
0.167;0;1.19;35934;19990;"Pulsar Hitter Dugout Aluminio - Azul";10126;3;23800;"Moledor Galaxy de 4 partes y con tamizador";"aluminio azul";"https://fumetas.cl/pulsar-hitter-dugout-aluminio?variant=Azul"
0.167;0;1.96;33687;29990;"Moledor Calvo Cerámico 60mm - Morado";5507;2;15291;"Grinder Galaxy Aluminio 55mm";"moledor morado";"https://fumetas.cl/moledor-calvo-ceramico-60mm?variant=Morado"
0.166;0;1.59;35930;19990;"Pulsar Hitter Dugout Aluminio - Negro";5512;2;12591;"Grinder Galaxy Aluminio 38mm";"aluminio negro";"https://fumetas.cl/pulsar-hitter-dugout-aluminio?variant=Negro"
0.166;0;1.82;72096;990;"Blunt Wrap Platinum x2 - Vanilla Caramel";10568;3;1800;"Blunt Hemp Wrap Lion Rolling Circus Rolling Stones Berry Gelato";"blunt wrap";"https://fumetas.cl/blunt-wrap-platinum-x2?variant=Vanilla%20Caramel"
0.166;0;2.22;1211;33990;"Pulsar Moledor Contenedor de Aluminio 50 mm";5507;2;15291;"Grinder Galaxy Aluminio 55mm";"moledor aluminio";"https://fumetas.cl/pulsar-moledor-y-contenedor-de-aluminio-50-mm"
0.166;0;1.23;1537;19990;"MJ Arsenal Quemador Heart Flower Macho 14mm";5926;2;24592;"Bucket Banger Cuarzo Diseño Blazy Susan 14mm Macho | PIRANHA";"macho 14mm";"https://fumetas.cl/mj-arsenal-quemador-heart-flower-macho-14mm"
0.166;0;4.77;35794;4990;"Raw Tubo Contenedor de Aluminio - Negro";10126;3;23800;"Moledor Galaxy de 4 partes y con tamizador";"aluminio negro";"https://fumetas.cl/raw-tubo-contenedor-de-aluminio?variant=Negro"
0.165;0;5.01;35583;24990;"Calvo Wax Set Bubble Rig + Banger + Carb Cap - Celeste";10605;3;4990;"Calvo Glass Clear Insert Banger";"calvo banger";"https://fumetas.cl/calvo-wax-set-bubble-rig-banger-carb-cap?variant=Celeste"
0.165;0;2.70;1211;33990;"Pulsar Moledor Contenedor de Aluminio 50 mm";5512;2;12591;"Grinder Galaxy Aluminio 38mm";"moledor aluminio";"https://fumetas.cl/pulsar-moledor-y-contenedor-de-aluminio-50-mm"
0.164;0;5.01;13565;24990;"Calvo Banger Full Weld Hourglass Kit 90° - Macho 14mm";10605;3;4990;"Calvo Glass Clear Insert Banger";"calvo banger";"https://fumetas.cl/calvo-banger-full-weld-hourglass-kit-90-macho-14mm"
0.164;0;10.00;33663;33990;"Dream High Moledor Cerámico 63mm - Verde Medianoche";5498;3;3400;"Galaxy Moledor Biodegradable | Grinder ecológico resistente";"moledor verde";"https://fumetas.cl/dream-high-moledor-ceramico-63mm?variant=Verde%20Medianoche"
0.164;0;10.02;34735;49990;"Calvo Glass Bong Beaker Premium 40cm - Verde";10605;3;4990;"Calvo Glass Clear Insert Banger";"calvo glass";"https://fumetas.cl/calvo-glass-bong-beaker-lite-40cm?variant=Verde"
0.164;0;13.02;13304;64990;"Calvo Glass Bong Octopus 35cm";10605;3;4990;"Calvo Glass Clear Insert Banger";"calvo glass";"https://fumetas.cl/calvo-glass-bong-octopus-35cm"
0.164;0;9.02;34726;44990;"Calvo Glass Bong Beaker Premium 35cm - Verde";10605;3;4990;"Calvo Glass Clear Insert Banger";"calvo glass";"https://fumetas.cl/calvo-glass-bong-beaker-lite-35cm?variant=Verde"
0.163;0;11.02;34737;54990;"Calvo Glass Bong Beaker Premium 45cm - Verde";10605;3;4990;"Calvo Glass Clear Insert Banger";"calvo glass";"https://fumetas.cl/calvo-glass-bong-beaker-lite-45cm?variant=Verde"
0.163;0;1.64;35035;14990;"Calvo Pipa Unique Spoon 11.5cm - Morado";5792;2;24592;"Moledor Cerámico Galaxy Pocket Grinder 5,5cm 4 Partes | PIRANHA";"5cm morado";"https://fumetas.cl/calvo-pipa-unique-spoon-115cm?variant=Morado"
0.163;0;2.17;36985;11301;"Cenicero Fumetas Aluminio - Rojo";10734;2;24493;"Moledor Blazy Susan Aluminio 60mm 4 Partes";"aluminio rojo";"https://fumetas.cl/cenicero-fumetas-aluminio?variant=Rojo"
0.163;0;1.22;33688;29990;"Moledor Calvo Cerámico 60mm - Rosado";5792;2;24592;"Moledor Cerámico Galaxy Pocket Grinder 5,5cm 4 Partes | PIRANHA";"moledor ceramico";"https://fumetas.cl/moledor-calvo-ceramico-60mm?variant=Rosado"
0.163;0;2.88;19377;16990;"Cenicero Raw Regal Anti-viento Black";10570;2;48990;"Bolso Cruzado Smellproof Blazy Susan";"anti black";"https://fumetas.cl/cenicero-raw-regal-anti-viento-black"
0.163;0;10.02;34734;49990;"Calvo Glass Bong Beaker Premium 40cm - Rojo";10605;3;4990;"Calvo Glass Clear Insert Banger";"calvo glass";"https://fumetas.cl/calvo-glass-bong-beaker-lite-40cm?variant=Rojo"
0.162;0;9.02;34725;44990;"Calvo Glass Bong Beaker Premium 35cm - Rojo";10605;3;4990;"Calvo Glass Clear Insert Banger";"calvo glass";"https://fumetas.cl/calvo-glass-bong-beaker-lite-35cm?variant=Rojo"
0.162;0;42.98;13703;89990;"Buddies Bump Box King Size - Armador de Conos";10350;2;2094;"Blazy Susan Tea Leaf Cones King Size";"king size";"https://fumetas.cl/buddies-bump-box-king-size-armador-de-conos"
0.162;0;1.50;33696;22990;"Moledor OCB Aluminio 50mm - Plateado";5507;2;15291;"Grinder Galaxy Aluminio 55mm";"moledor aluminio";"https://fumetas.cl/moledor-ocb-aluminio-50mm?variant=Plateado"
0.162;0;1.71;3765;3590;"G-Rollz 6 Conos Pre Enrolados Lightly Dyed Pink King Size";10350;2;2094;"Blazy Susan Tea Leaf Cones King Size";"king size";"https://fumetas.cl/g-rollz-6-conos-pre-enrolados-lightly-dyed-pink-king-size"
0.162;0;1.77;34488;36390;"SYFY Bong Straight Tube Double Tree Perc 38cm - Verde";5776;2;64591;"Jelly Fish-Bonglab";"bong verde";"https://fumetas.cl/syfy-bong-straight-tube-double-tree-perc-38cm?variant=Verde"
0.162;0;1.22;33691;29990;"Moledor Calvo Cerámico 60mm - Turquesa";5792;2;24592;"Moledor Cerámico Galaxy Pocket Grinder 5,5cm 4 Partes | PIRANHA";"moledor ceramico";"https://fumetas.cl/moledor-calvo-ceramico-60mm?variant=Turquesa"
0.161;0;1.19;35930;19990;"Pulsar Hitter Dugout Aluminio - Negro";10126;3;23800;"Moledor Galaxy de 4 partes y con tamizador";"aluminio negro";"https://fumetas.cl/pulsar-hitter-dugout-aluminio?variant=Negro"
0.161;0;1.92;13495;2490;"Filtro Stream Super Slim Long Menthol Click 5.4mm";10243;2;1300;"OCB ECO Filtros Slim - GB The Green Brand";"filtro slim";"https://fumetas.cl/filtro-stream-slim-long-menthol-click-54mm"
0.161;0;1.22;33690;29990;"Moledor Calvo Cerámico 60mm - Plateado";5792;2;24592;"Moledor Cerámico Galaxy Pocket Grinder 5,5cm 4 Partes | PIRANHA";"moledor ceramico";"https://fumetas.cl/moledor-calvo-ceramico-60mm?variant=Plateado"
0.161;0;1.43;34444;3490;"Calvo Glass Quemador Pyrex - Macho 14mm - Azul";10605;3;4990;"Calvo Glass Clear Insert Banger";"calvo glass";"https://fumetas.cl/calvo-glass-quemador-pyrex-macho-14mm?variant=Azul"
0.161;0;1.83;33696;22990;"Moledor OCB Aluminio 50mm - Plateado";5512;2;12591;"Grinder Galaxy Aluminio 38mm";"moledor aluminio";"https://fumetas.cl/moledor-ocb-aluminio-50mm?variant=Plateado"
0.160;0;1.43;34448;3490;"Calvo Glass Quemador Pyrex - Macho 14mm - Morado";10605;3;4990;"Calvo Glass Clear Insert Banger";"calvo glass";"https://fumetas.cl/calvo-glass-quemador-pyrex-macho-14mm?variant=Morado"
0.160;0;1.64;12989;11490;"Galaxy Batería Cartridge 510";11022;2;6990;"Brass Knuckles Batería 900mAh con Pantalla";"bateria 510";"https://fumetas.cl/galaxy-bateria-cartridge-18v"
0.160;0;1.77;13693;7690;"Bandeja RAW metálica Prepare for Flight - Mediana";10618;2;13600;"Bandeja Cookies Metálica Para Enrolar";"bandeja metalica";"https://fumetas.cl/bandeja-raw-metalica-prepare-for-flight-mediana"