score;mismaMarca;ratio;offerId;offerPrice;offerTitle;productId;tiendasProducto;precioMinProducto;productName;tokensComunes;offerUrl
0.413;1;4.17;87784;24990;"Boquilla de Enfriamiento Vaporizador Herbal Airis Nokiva";10887;2;5990;"Airistech Boquilla Nokiva";"boquilla vaporizador nokiva";"https://www.friendlygrow.cl/boquilla-de-enfriamiento-vaporizador-herbal-airis-nokiva"
0.389;1;1.40;88140;79990;"Vaporizador Extracciones Yocan Pocket - Azul";10616;2;56991;"Yocan Vaporizador Evolve Plus Version 2020";"vaporizador extracciones yocan";"https://www.friendlygrow.cl/yocan-pocket-800?variant=Azul"
0.383;1;3.30;88626;46990;"Yocan Phaser Max Glass (repuesto)";10611;1;14241;"Repuesto de Vidrio Vaporizador Yocan Falcon Glass Attachment | PIRANHA";"yocan glass repuesto";"https://www.friendlygrow.cl/yocan-phaser-max-glass-repuesto"
0.382;1;2.11;88914;27000;"Vaporizador Extracciones Yocan Nestor";10616;2;56991;"Yocan Vaporizador Evolve Plus Version 2020";"vaporizador extracciones yocan";"https://www.friendlygrow.cl/yocan-nestor"
0.368;1;1.19;88140;79990;"Vaporizador Extracciones Yocan Pocket - Azul";10468;2;94991;"Yocan Vaporizador Falcon Kit 6 en 1";"vaporizador yocan";"https://www.friendlygrow.cl/yocan-pocket-800?variant=Azul"
0.363;1;2.19;88911;25990;"Vaporizador Extracciones Yocan Iris - Morado";10616;2;56991;"Yocan Vaporizador Evolve Plus Version 2020";"vaporizador extracciones yocan";"https://www.friendlygrow.cl/yocan-iris?variant=Morado"
0.361;1;3.16;88890;180000;"Vaporizador Extracciones E-rig Yocan Go - Negro";10616;2;56991;"Yocan Vaporizador Evolve Plus Version 2020";"vaporizador extracciones yocan";"https://www.friendlygrow.cl/yocan-go?variant=Negro"
0.360;1;3.16;88893;180000;"Vaporizador Extracciones E-rig Yocan Go - Azul";10616;2;56991;"Yocan Vaporizador Evolve Plus Version 2020";"vaporizador extracciones yocan";"https://www.friendlygrow.cl/yocan-go?variant=Azul"
0.358;1;2.19;88909;25990;"Vaporizador Extracciones Yocan Iris - Blanco";10616;2;56991;"Yocan Vaporizador Evolve Plus Version 2020";"vaporizador extracciones yocan";"https://www.friendlygrow.cl/yocan-iris?variant=Blanco"
0.358;1;3.52;88914;27000;"Vaporizador Extracciones Yocan Nestor";10468;2;94991;"Yocan Vaporizador Falcon Kit 6 en 1";"vaporizador yocan";"https://www.friendlygrow.cl/yocan-nestor"
0.356;1;3.16;88892;180000;"Vaporizador Extracciones E-rig Yocan Go - Rojo";10616;2;56991;"Yocan Vaporizador Evolve Plus Version 2020";"vaporizador extracciones yocan";"https://www.friendlygrow.cl/yocan-go?variant=Rojo"
0.353;1;3.16;88895;180000;"Vaporizador Extracciones E-rig Yocan Go - Blanco";10616;2;56991;"Yocan Vaporizador Evolve Plus Version 2020";"vaporizador extracciones yocan";"https://www.friendlygrow.cl/yocan-go?variant=Blanco"
0.351;1;1.21;88906;46990;"Vaporizador Extracciones E-Rig Yocan iCan - Negro";10616;2;56991;"Yocan Vaporizador Evolve Plus Version 2020";"vaporizador extracciones yocan";"https://www.friendlygrow.cl/yocan-ican?variant=Negro"
0.350;1;1.21;88903;46990;"Vaporizador Extracciones E-Rig Yocan iCan - Verde";10616;2;56991;"Yocan Vaporizador Evolve Plus Version 2020";"vaporizador extracciones yocan";"https://www.friendlygrow.cl/yocan-ican?variant=Verde"
0.347;1;1.21;88902;46990;"Vaporizador Extracciones E-Rig Yocan iCan - Morado";10616;2;56991;"Yocan Vaporizador Evolve Plus Version 2020";"vaporizador extracciones yocan";"https://www.friendlygrow.cl/yocan-ican?variant=Morado"
0.345;1;1.21;88898;46990;"Vaporizador Extracciones E-Rig Yocan iCan - Rosa";10616;2;56991;"Yocan Vaporizador Evolve Plus Version 2020";"vaporizador extracciones yocan";"https://www.friendlygrow.cl/yocan-ican?variant=Rosa"
0.343;1;1.21;88900;46990;"Vaporizador Extracciones E-Rig Yocan iCan - Blanco";10616;2;56991;"Yocan Vaporizador Evolve Plus Version 2020";"vaporizador extracciones yocan";"https://www.friendlygrow.cl/yocan-ican?variant=Blanco"
0.341;1;1.21;88904;46990;"Vaporizador Extracciones E-Rig Yocan iCan - Celeste";10616;2;56991;"Yocan Vaporizador Evolve Plus Version 2020";"vaporizador extracciones yocan";"https://www.friendlygrow.cl/yocan-ican?variant=Celeste"
0.328;1;3.65;88911;25990;"Vaporizador Extracciones Yocan Iris - Morado";10468;2;94991;"Yocan Vaporizador Falcon Kit 6 en 1";"vaporizador yocan";"https://www.friendlygrow.cl/yocan-iris?variant=Morado"
0.327;1;18.20;88892;180000;"Vaporizador Extracciones E-rig Yocan Go - Rojo";10548;2;9891;"Yocan Flat Vaporizador para Cartridge";"vaporizador yocan rojo";"https://www.friendlygrow.cl/yocan-go?variant=Rojo"
0.327;1;2.63;88911;25990;"Vaporizador Extracciones Yocan Iris - Morado";10548;2;9891;"Yocan Flat Vaporizador para Cartridge";"vaporizador yocan morado";"https://www.friendlygrow.cl/yocan-iris?variant=Morado"
0.326;1;1.89;88890;180000;"Vaporizador Extracciones E-rig Yocan Go - Negro";10468;2;94991;"Yocan Vaporizador Falcon Kit 6 en 1";"vaporizador yocan";"https://www.friendlygrow.cl/yocan-go?variant=Negro"
0.325;1;1.89;88893;180000;"Vaporizador Extracciones E-rig Yocan Go - Azul";10468;2;94991;"Yocan Vaporizador Falcon Kit 6 en 1";"vaporizador yocan";"https://www.friendlygrow.cl/yocan-go?variant=Azul"
0.323;1;4.39;88833;249990;"Vaporizador Extracciones E-rig Yocan Phaser Max - Negro";10616;2;56991;"Yocan Vaporizador Evolve Plus Version 2020";"vaporizador extracciones yocan";"https://www.friendlygrow.cl/yocan-phaser-max?variant=Negro"
0.322;1;3.65;88909;25990;"Vaporizador Extracciones Yocan Iris - Blanco";10468;2;94991;"Yocan Vaporizador Falcon Kit 6 en 1";"vaporizador yocan";"https://www.friendlygrow.cl/yocan-iris?variant=Blanco"
0.322;1;4.39;88837;249990;"Vaporizador Extracciones E-rig Yocan Phaser Max - Azul";10616;2;56991;"Yocan Vaporizador Evolve Plus Version 2020";"vaporizador extracciones yocan";"https://www.friendlygrow.cl/yocan-phaser-max?variant=Azul"
0.319;1;1.89;88892;180000;"Vaporizador Extracciones E-rig Yocan Go - Rojo";10468;2;94991;"Yocan Vaporizador Falcon Kit 6 en 1";"vaporizador yocan";"https://www.friendlygrow.cl/yocan-go?variant=Rojo"
0.319;1;4.39;88835;249990;"Vaporizador Extracciones E-rig Yocan Phaser Max - Rojo";10616;2;56991;"Yocan Vaporizador Evolve Plus Version 2020";"vaporizador extracciones yocan";"https://www.friendlygrow.cl/yocan-phaser-max?variant=Rojo"
0.317;1;3.40;88890;180000;"Vaporizador Extracciones E-rig Yocan Go - Negro";10857;2;52990;"Yocan DYNO Nectar Collector Digital";"vaporizador yocan negro";"https://www.friendlygrow.cl/yocan-go?variant=Negro"
0.315;1;1.89;88895;180000;"Vaporizador Extracciones E-rig Yocan Go - Blanco";10468;2;94991;"Yocan Vaporizador Falcon Kit 6 en 1";"vaporizador yocan";"https://www.friendlygrow.cl/yocan-go?variant=Blanco"
0.313;1;4.39;88838;249990;"Vaporizador Extracciones E-rig Yocan Phaser Max - Plateado";10616;2;56991;"Yocan Vaporizador Evolve Plus Version 2020";"vaporizador extracciones yocan";"https://www.friendlygrow.cl/yocan-phaser-max?variant=Plateado"
0.312;1;4.75;88902;46990;"Vaporizador Extracciones E-Rig Yocan iCan - Morado";10548;2;9891;"Yocan Flat Vaporizador para Cartridge";"vaporizador yocan morado";"https://www.friendlygrow.cl/yocan-ican?variant=Morado"
0.311;1;2.02;88906;46990;"Vaporizador Extracciones E-Rig Yocan iCan - Negro";10468;2;94991;"Yocan Vaporizador Falcon Kit 6 en 1";"vaporizador yocan";"https://www.friendlygrow.cl/yocan-ican?variant=Negro"
0.310;1;2.02;88903;46990;"Vaporizador Extracciones E-Rig Yocan iCan - Verde";10468;2;94991;"Yocan Vaporizador Falcon Kit 6 en 1";"vaporizador yocan";"https://www.friendlygrow.cl/yocan-ican?variant=Verde"
0.307;1;1.13;88906;46990;"Vaporizador Extracciones E-Rig Yocan iCan - Negro";10857;2;52990;"Yocan DYNO Nectar Collector Digital";"vaporizador yocan negro";"https://www.friendlygrow.cl/yocan-ican?variant=Negro"
0.306;1;2.53;88882;24990;"Vaporizador Incognito Doble Yocan Dubb - Rojo";10548;2;9891;"Yocan Flat Vaporizador para Cartridge";"vaporizador yocan rojo";"https://www.friendlygrow.cl/yocan-dubb?variant=Rojo"
0.306;1;2.02;88902;46990;"Vaporizador Extracciones E-Rig Yocan iCan - Morado";10468;2;94991;"Yocan Vaporizador Falcon Kit 6 en 1";"vaporizador yocan";"https://www.friendlygrow.cl/yocan-ican?variant=Morado"
0.304;1;2.02;88898;46990;"Vaporizador Extracciones E-Rig Yocan iCan - Rosa";10468;2;94991;"Yocan Vaporizador Falcon Kit 6 en 1";"vaporizador yocan";"https://www.friendlygrow.cl/yocan-ican?variant=Rosa"
0.301;1;2.02;88900;46990;"Vaporizador Extracciones E-Rig Yocan iCan - Blanco";10468;2;94991;"Yocan Vaporizador Falcon Kit 6 en 1";"vaporizador yocan";"https://www.friendlygrow.cl/yocan-ican?variant=Blanco"
0.299;1;9.51;87561;9990;"Boquilla de Enfriamiento Vaporizador Herbal Yocan Hit 2";10468;2;94991;"Yocan Vaporizador Falcon Kit 6 en 1";"vaporizador yocan";"https://www.friendlygrow.cl/boquilla-de-enfriamiento-herbal-yocan-hit-2"
0.299;1;15.86;87948;5990;"Boquilla de Enfriamiento Vaporizador Herbal Yocan Hit";10468;2;94991;"Yocan Vaporizador Falcon Kit 6 en 1";"vaporizador yocan";"https://www.friendlygrow.cl/boquilla-de-enfriamiento-herbal-yocan-hit"
0.298;1;2.02;88904;46990;"Vaporizador Extracciones E-Rig Yocan iCan - Celeste";10468;2;94991;"Yocan Vaporizador Falcon Kit 6 en 1";"vaporizador yocan";"https://www.friendlygrow.cl/yocan-ican?variant=Celeste"
0.298;1;4.75;88903;46990;"Vaporizador Extracciones E-Rig Yocan iCan - Verde";10548;2;9891;"Yocan Flat Vaporizador para Cartridge";"vaporizador yocan verde";"https://www.friendlygrow.cl/yocan-ican?variant=Verde"
0.296;1;2.12;88881;24990;"Vaporizador Incognito Doble Yocan Dubb - Negro";10857;2;52990;"Yocan DYNO Nectar Collector Digital";"vaporizador yocan negro";"https://www.friendlygrow.cl/yocan-dubb?variant=Negro"
0.295;1;3.80;88881;24990;"Vaporizador Incognito Doble Yocan Dubb - Negro";10468;2;94991;"Yocan Vaporizador Falcon Kit 6 en 1";"vaporizador yocan";"https://www.friendlygrow.cl/yocan-dubb?variant=Negro"
0.294;1;3.80;88889;24990;"Vaporizador Incognito Doble Yocan Dubb - Verde";10468;2;94991;"Yocan Vaporizador Falcon Kit 6 en 1";"vaporizador yocan";"https://www.friendlygrow.cl/yocan-dubb?variant=Verde"
0.294;1;3.80;88888;24990;"Vaporizador Incognito Doble Yocan Dubb - Azul";10468;2;94991;"Yocan Vaporizador Falcon Kit 6 en 1";"vaporizador yocan";"https://www.friendlygrow.cl/yocan-dubb?variant=Azul"
0.292;1;1.36;87917;42000;"Vaporizador Extracciones Yocan Cylo | Pantalla Smart Led - Negro";10616;2;56991;"Yocan Vaporizador Evolve Plus Version 2020";"vaporizador extracciones yocan";"https://www.friendlygrow.cl/vaporizador-extracciones-yocan-cylo-pantalla-smart-led?variant=Negro"
0.292;1;25.27;88835;249990;"Vaporizador Extracciones E-rig Yocan Phaser Max - Rojo";10548;2;9891;"Yocan Flat Vaporizador para Cartridge";"vaporizador yocan rojo";"https://www.friendlygrow.cl/yocan-phaser-max?variant=Rojo"
0.289;1;3.80;88882;24990;"Vaporizador Incognito Doble Yocan Dubb - Rojo";10468;2;94991;"Yocan Vaporizador Falcon Kit 6 en 1";"vaporizador yocan";"https://www.friendlygrow.cl/yocan-dubb?variant=Rojo"
0.288;1;2.53;88889;24990;"Vaporizador Incognito Doble Yocan Dubb - Verde";10548;2;9891;"Yocan Flat Vaporizador para Cartridge";"vaporizador yocan verde";"https://www.friendlygrow.cl/yocan-dubb?variant=Verde"
0.286;1;1.30;88413;10990;"Repuesto Hot Knife Yocan Dirk";10611;1;14241;"Repuesto de Vidrio Vaporizador Yocan Falcon Glass Attachment | PIRANHA";"repuesto yocan";"https://www.friendlygrow.cl/yocan-dirk-tip"
0.286;1;3.80;88884;24990;"Vaporizador Incognito Doble Yocan Dubb - Blanco";10468;2;94991;"Yocan Vaporizador Falcon Kit 6 en 1";"vaporizador yocan";"https://www.friendlygrow.cl/yocan-dubb?variant=Blanco"
0.284;1;2.53;88881;24990;"Vaporizador Incognito Doble Yocan Dubb - Negro";10548;2;9891;"Yocan Flat Vaporizador para Cartridge";"vaporizador yocan negro";"https://www.friendlygrow.cl/yocan-dubb?variant=Negro"
0.283;1;3.80;88886;24990;"Vaporizador Incognito Doble Yocan Dubb - Celeste";10468;2;94991;"Yocan Vaporizador Falcon Kit 6 en 1";"vaporizador yocan";"https://www.friendlygrow.cl/yocan-dubb?variant=Celeste"
0.281;1;4.72;88833;249990;"Vaporizador Extracciones E-rig Yocan Phaser Max - Negro";10857;2;52990;"Yocan DYNO Nectar Collector Digital";"vaporizador yocan negro";"https://www.friendlygrow.cl/yocan-phaser-max?variant=Negro"
0.275;1;3.80;88885;24990;"Vaporizador Incognito Doble Yocan Dubb - Lila";10468;2;94991;"Yocan Vaporizador Falcon Kit 6 en 1";"vaporizador yocan";"https://www.friendlygrow.cl/yocan-dubb?variant=Lila"
0.274;1;2.63;88833;249990;"Vaporizador Extracciones E-rig Yocan Phaser Max - Negro";10468;2;94991;"Yocan Vaporizador Falcon Kit 6 en 1";"vaporizador yocan";"https://www.friendlygrow.cl/yocan-phaser-max?variant=Negro"
0.273;1;9.51;87508;9990;"Boquila Enfriamiento Herbal Vaporizador Yocan Vane 2";10468;2;94991;"Yocan Vaporizador Falcon Kit 6 en 1";"vaporizador yocan";"https://www.friendlygrow.cl/yocan-vane-2-mouthpiece"
0.273;1;2.63;88837;249990;"Vaporizador Extracciones E-rig Yocan Phaser Max - Azul";10468;2;94991;"Yocan Vaporizador Falcon Kit 6 en 1";"vaporizador yocan";"https://www.friendlygrow.cl/yocan-phaser-max?variant=Azul"
0.269;1;2.63;88835;249990;"Vaporizador Extracciones E-rig Yocan Phaser Max - Rojo";10468;2;94991;"Yocan Vaporizador Falcon Kit 6 en 1";"vaporizador yocan";"https://www.friendlygrow.cl/yocan-phaser-max?variant=Rojo"
0.261;1;2.63;88838;249990;"Vaporizador Extracciones E-rig Yocan Phaser Max - Plateado";10468;2;94991;"Yocan Vaporizador Falcon Kit 6 en 1";"vaporizador yocan";"https://www.friendlygrow.cl/yocan-phaser-max?variant=Plateado"
0.253;1;1.26;87917;42000;"Vaporizador Extracciones Yocan Cylo | Pantalla Smart Led - Negro";10857;2;52990;"Yocan DYNO Nectar Collector Digital";"vaporizador yocan negro";"https://www.friendlygrow.cl/vaporizador-extracciones-yocan-cylo-pantalla-smart-led?variant=Negro"
0.244;1;4.25;87917;42000;"Vaporizador Extracciones Yocan Cylo | Pantalla Smart Led - Negro";10548;2;9891;"Yocan Flat Vaporizador para Cartridge";"vaporizador yocan negro";"https://www.friendlygrow.cl/vaporizador-extracciones-yocan-cylo-pantalla-smart-led?variant=Negro"
0.236;1;5.62;88140;79990;"Vaporizador Extracciones Yocan Pocket - Azul";10611;1;14241;"Repuesto de Vidrio Vaporizador Yocan Falcon Glass Attachment | PIRANHA";"vaporizador yocan";"https://www.friendlygrow.cl/yocan-pocket-800?variant=Azul"
0.231;1;1.90;88914;27000;"Vaporizador Extracciones Yocan Nestor";10611;1;14241;"Repuesto de Vidrio Vaporizador Yocan Falcon Glass Attachment | PIRANHA";"vaporizador yocan";"https://www.friendlygrow.cl/yocan-nestor"
0.216;1;1.83;88909;25990;"Vaporizador Extracciones Yocan Iris - Blanco";10611;1;14241;"Repuesto de Vidrio Vaporizador Yocan Falcon Glass Attachment | PIRANHA";"vaporizador yocan";"https://www.friendlygrow.cl/yocan-iris?variant=Blanco"
0.213;1;12.64;88895;180000;"Vaporizador Extracciones E-rig Yocan Go - Blanco";10611;1;14241;"Repuesto de Vidrio Vaporizador Yocan Falcon Glass Attachment | PIRANHA";"vaporizador yocan";"https://www.friendlygrow.cl/yocan-go?variant=Blanco"
0.206;1;3.30;88900;46990;"Vaporizador Extracciones E-Rig Yocan iCan - Blanco";10611;1;14241;"Repuesto de Vidrio Vaporizador Yocan Falcon Glass Attachment | PIRANHA";"vaporizador yocan";"https://www.friendlygrow.cl/yocan-ican?variant=Blanco"
0.203;1;1.75;88889;24990;"Vaporizador Incognito Doble Yocan Dubb - Verde";10611;1;14241;"Repuesto de Vidrio Vaporizador Yocan Falcon Glass Attachment | PIRANHA";"vaporizador yocan";"https://www.friendlygrow.cl/yocan-dubb?variant=Verde"
0.203;1;1.75;88888;24990;"Vaporizador Incognito Doble Yocan Dubb - Azul";10611;1;14241;"Repuesto de Vidrio Vaporizador Yocan Falcon Glass Attachment | PIRANHA";"vaporizador yocan";"https://www.friendlygrow.cl/yocan-dubb?variant=Azul"
0.203;1;2.12;88888;24990;"Vaporizador Incognito Doble Yocan Dubb - Azul";10857;2;52990;"Yocan DYNO Nectar Collector Digital";"vaporizador yocan";"https://www.friendlygrow.cl/yocan-dubb?variant=Azul"
0.199;1;1.75;88884;24990;"Vaporizador Incognito Doble Yocan Dubb - Blanco";10611;1;14241;"Repuesto de Vidrio Vaporizador Yocan Falcon Glass Attachment | PIRANHA";"vaporizador yocan";"https://www.friendlygrow.cl/yocan-dubb?variant=Blanco"
0.199;1;2.12;88884;24990;"Vaporizador Incognito Doble Yocan Dubb - Blanco";10857;2;52990;"Yocan DYNO Nectar Collector Digital";"vaporizador yocan";"https://www.friendlygrow.cl/yocan-dubb?variant=Blanco"
0.198;1;1.75;88886;24990;"Vaporizador Incognito Doble Yocan Dubb - Celeste";10611;1;14241;"Repuesto de Vidrio Vaporizador Yocan Falcon Glass Attachment | PIRANHA";"vaporizador yocan";"https://www.friendlygrow.cl/yocan-dubb?variant=Celeste"
0.194;1;1.75;88885;24990;"Vaporizador Incognito Doble Yocan Dubb - Lila";10611;1;14241;"Repuesto de Vidrio Vaporizador Yocan Falcon Glass Attachment | PIRANHA";"vaporizador yocan";"https://www.friendlygrow.cl/yocan-dubb?variant=Lila"
0.193;1;2.12;88885;24990;"Vaporizador Incognito Doble Yocan Dubb - Lila";10857;2;52990;"Yocan DYNO Nectar Collector Digital";"vaporizador yocan";"https://www.friendlygrow.cl/yocan-dubb?variant=Lila"
0.193;1;1.43;87508;9990;"Boquila Enfriamiento Herbal Vaporizador Yocan Vane 2";10611;1;14241;"Repuesto de Vidrio Vaporizador Yocan Falcon Glass Attachment | PIRANHA";"vaporizador yocan";"https://www.friendlygrow.cl/yocan-vane-2-mouthpiece"
0.187;1;17.55;88838;249990;"Vaporizador Extracciones E-rig Yocan Phaser Max - Plateado";10611;1;14241;"Repuesto de Vidrio Vaporizador Yocan Falcon Glass Attachment | PIRANHA";"vaporizador yocan";"https://www.friendlygrow.cl/yocan-phaser-max?variant=Plateado"
0.662;0;1.61;88251;990;"Conos Pre-enrolados Honeypuff Pink - King Size Slim (Pack x3)";10851;2;1590;"OCB 3 Conos Pre-enrolados King Size Premium Slim";"conos pre enrolados king size slim";"https://www.friendlygrow.cl/conos-pre-rolados-honeypuff-pink-king-size-slim-pack-x3"
0.644;0;1.61;88249;990;"Conos Pre-Enrolados Honeypuff Brown - King Size Slim (Pack x3)";10851;2;1590;"OCB 3 Conos Pre-enrolados King Size Premium Slim";"conos pre enrolados king size slim";"https://www.friendlygrow.cl/conos-honeypuff-brown-king-size-slim-pack-x3"
0.599;0;1.51;88453;590;"Papelillos Honeypuff King Size Slim - Lightly Pink";10068;3;890;"Papelillo Pink King Size Slim- Blazy Susan";"papelillos king size slim pink";"https://www.friendlygrow.cl/papelillos-honeypuff-ultra-thin-black-king-size-slim?variant=Lightly%20Pink"
0.571;0;2.41;88251;990;"Conos Pre-enrolados Honeypuff Pink - King Size Slim (Pack x3)";10384;2;2390;"Soulblime 6 Conos Pre-enrolados White King Size";"conos pre enrolados pink king size";"https://www.friendlygrow.cl/conos-pre-rolados-honeypuff-pink-king-size-slim-pack-x3"
0.542;0;1.68;88454;590;"Papelillos Honeypuff King Size Slim - Unbleached Brown";5421;2;990;"Papelillo Unbleached King Size Slim Blazy Susan";"king size slim unbleached";"https://www.friendlygrow.cl/papelillos-honeypuff-ultra-thin-black-king-size-slim?variant=Unbleached%20Brown"
0.539;0;3.02;88251;990;"Conos Pre-enrolados Honeypuff Pink - King Size Slim (Pack x3)";5706;3;2990;"Conos Pre-Enrolados Blazy Susan King Size 3u Pink | PIRANHA";"conos pre enrolados pink king size";"https://www.friendlygrow.cl/conos-pre-rolados-honeypuff-pink-king-size-slim-pack-x3"
0.532;0;3.34;87502;5990;"Nectar Collector Cactus – Dab Straw de Silicona";10866;2;19990;"Pulsar Nectar Collector Cuarzo 25cm";"nectar collector dab straw";"https://www.friendlygrow.cl/nectar-collector-cactus-dab-straw-de-silicona"
0.507;0;3.34;87507;5990;"Nectar Collector Chili – Dab Straw de Silicona - Verde";10866;2;19990;"Pulsar Nectar Collector Cuarzo 25cm";"nectar collector dab straw";"https://www.friendlygrow.cl/nectar-collector-chili-dab-straw-de-silicona?variant=Verde"
0.504;0;3.34;87505;5990;"Nectar Collector Chili – Dab Straw de Silicona - Morado";10866;2;19990;"Pulsar Nectar Collector Cuarzo 25cm";"nectar collector dab straw";"https://www.friendlygrow.cl/nectar-collector-chili-dab-straw-de-silicona?variant=Morado"
0.503;0;3.34;87504;5990;"Nectar Collector Chili – Dab Straw de Silicona - Rojo";10866;2;19990;"Pulsar Nectar Collector Cuarzo 25cm";"nectar collector dab straw";"https://www.friendlygrow.cl/nectar-collector-chili-dab-straw-de-silicona?variant=Rojo"
0.502;0;3.34;87503;5990;"Nectar Collector Chili – Dab Straw de Silicona - Rosa";10866;2;19990;"Pulsar Nectar Collector Cuarzo 25cm";"nectar collector dab straw";"https://www.friendlygrow.cl/nectar-collector-chili-dab-straw-de-silicona?variant=Rosa"
0.499;0;3.34;87506;5990;"Nectar Collector Chili – Dab Straw de Silicona - Amarillo";10866;2;19990;"Pulsar Nectar Collector Cuarzo 25cm";"nectar collector dab straw";"https://www.friendlygrow.cl/nectar-collector-chili-dab-straw-de-silicona?variant=Amarillo"
0.498;0;0.00;87498;7990;"Nectar Collector Donut 🍩 - Azul";10213;2;0;"Nectar Collector Torp 18Cm-Bonglab";"nectar collector azul";"https://www.friendlygrow.cl/nectar-collector-donut-%F0%9F%8D%A9?variant=Azul"
0.495;0;0.00;87500;7990;"Nectar Collector Donut 🍩 - Verde";10213;2;0;"Nectar Collector Torp 18Cm-Bonglab";"nectar collector verde";"https://www.friendlygrow.cl/nectar-collector-donut-%F0%9F%8D%A9?variant=Verde"
0.494;0;2.54;88455;590;"Papelillos Honeypuff King Size Slim - Organic Hemp";10685;2;1500;"Papelillos Vibes Rice King Size Slim";"papelillos king size slim";"https://www.friendlygrow.cl/papelillos-honeypuff-ultra-thin-black-king-size-slim?variant=Organic%20Hemp"
0.486;0;1.51;88455;590;"Papelillos Honeypuff King Size Slim - Organic Hemp";10068;3;890;"Papelillo Pink King Size Slim- Blazy Susan";"papelillos king size slim";"https://www.friendlygrow.cl/papelillos-honeypuff-ultra-thin-black-king-size-slim?variant=Organic%20Hemp"
0.485;0;2.54;88453;590;"Papelillos Honeypuff King Size Slim - Lightly Pink";10685;2;1500;"Papelillos Vibes Rice King Size Slim";"papelillos king size slim";"https://www.friendlygrow.cl/papelillos-honeypuff-ultra-thin-black-king-size-slim?variant=Lightly%20Pink"
0.480;0;2.54;88454;590;"Papelillos Honeypuff King Size Slim - Unbleached Brown";10685;2;1500;"Papelillos Vibes Rice King Size Slim";"papelillos king size slim";"https://www.friendlygrow.cl/papelillos-honeypuff-ultra-thin-black-king-size-slim?variant=Unbleached%20Brown"
0.478;0;1.71;88249;990;"Conos Pre-Enrolados Honeypuff Brown - King Size Slim (Pack x3)";5714;4;1690;"OCB 3 Conos Pre-enrolados King Size Virgin Slim";"conos pre enrolados king size slim x3";"https://www.friendlygrow.cl/conos-honeypuff-brown-king-size-slim-pack-x3"
0.473;0;1.51;88454;590;"Papelillos Honeypuff King Size Slim - Unbleached Brown";10068;3;890;"Papelillo Pink King Size Slim- Blazy Susan";"papelillos king size slim";"https://www.friendlygrow.cl/papelillos-honeypuff-ultra-thin-black-king-size-slim?variant=Unbleached%20Brown"
0.471;0;2.50;87502;5990;"Nectar Collector Cactus – Dab Straw de Silicona";10865;2;14990;"Pulsar Nectar Collector Cuarzo 15cm + Spin Pearl";"nectar collector dab straw";"https://www.friendlygrow.cl/nectar-collector-cactus-dab-straw-de-silicona"
0.469;0;2.54;88456;590;"Papelillos Honeypuff King Size Slim - Ultra Thin";10685;2;1500;"Papelillos Vibes Rice King Size Slim";"papelillos king size slim";"https://www.friendlygrow.cl/papelillos-honeypuff-ultra-thin-black-king-size-slim?variant=Ultra%20Thin"
0.467;0;2.41;88249;990;"Conos Pre-Enrolados Honeypuff Brown - King Size Slim (Pack x3)";10384;2;2390;"Soulblime 6 Conos Pre-enrolados White King Size";"conos pre enrolados king size";"https://www.friendlygrow.cl/conos-honeypuff-brown-king-size-slim-pack-x3"
0.463;0;2.29;87565;7990;"Bowl de Pyrex Phoenix Star Diseño Cuerno – Accesorio para Bong 14mm/18mm - Verde";5751;3;3490;"Calvo Glass Quemador Pyrex - Macho 14mm";"bowl pyrex cuerno bong 14mm verde";"https://www.friendlygrow.cl/bowl-de-vidrio-phoenix-star-diseno-cuerno-accesorio-para-bong-14mm18mm?variant=Verde"
0.462;0;1.51;88456;590;"Papelillos Honeypuff King Size Slim - Ultra Thin";10068;3;890;"Papelillo Pink King Size Slim- Blazy Susan";"papelillos king size slim";"https://www.friendlygrow.cl/papelillos-honeypuff-ultra-thin-black-king-size-slim?variant=Ultra%20Thin"
0.462;0;2.19;88455;590;"Papelillos Honeypuff King Size Slim - Organic Hemp";10272;3;1290;"Papelillos RAW Black King Size Slim - Sabanas";"papelillos king size slim";"https://www.friendlygrow.cl/papelillos-honeypuff-ultra-thin-black-king-size-slim?variant=Organic%20Hemp"
0.460;0;2.29;87564;7990;"Bowl de Pyrex Phoenix Star Diseño Cuerno – Accesorio para Bong 14mm/18mm - Negro";5751;3;3490;"Calvo Glass Quemador Pyrex - Macho 14mm";"bowl pyrex cuerno bong 14mm negro";"https://www.friendlygrow.cl/bowl-de-vidrio-phoenix-star-diseno-cuerno-accesorio-para-bong-14mm18mm?variant=Negro"
0.458;0;1.48;88456;590;"Papelillos Honeypuff King Size Slim - Ultra Thin";10066;4;400;"Blazy Susan papelillos king size purple – Papeles de enrolar ultra finos";"papelillos king size slim ultra";"https://www.friendlygrow.cl/papelillos-honeypuff-ultra-thin-black-king-size-slim?variant=Ultra%20Thin"
0.458;0;2.02;87666;490;"Papelillos Honeypuff Tamaño 1 1/4 ( Pink, Thin, Organico, Brown ) - Organic Hemp";10868;2;990;"RAW Organic Hemp 1 1/4";"papelillos organico organic hemp";"https://www.friendlygrow.cl/papelillos-honeypuff-ultra-thin-black-tamano-1-14?variant=Organic%20Hemp"
0.454;0;2.19;88453;590;"Papelillos Honeypuff King Size Slim - Lightly Pink";10272;3;1290;"Papelillos RAW Black King Size Slim - Sabanas";"papelillos king size slim";"https://www.friendlygrow.cl/papelillos-honeypuff-ultra-thin-black-king-size-slim?variant=Lightly%20Pink"
0.451;0;2.50;87507;5990;"Nectar Collector Chili – Dab Straw de Silicona - Verde";10865;2;14990;"Pulsar Nectar Collector Cuarzo 15cm + Spin Pearl";"nectar collector dab straw";"https://www.friendlygrow.cl/nectar-collector-chili-dab-straw-de-silicona?variant=Verde"
0.450;0;1.01;88722;990;"Blunt Organic Hemp Wraps Honeypuff Con Filtros - Sabores (Pack x2) - Uva";11018;2;1000;"Soulblime Blunt Hemp Wraps Chocomint";"blunt hemp wraps sabores";"https://www.friendlygrow.cl/honeypuff-hemp-wraps-honey-mango-pack-x2?variant=Uva"
0.449;0;2.50;87505;5990;"Nectar Collector Chili – Dab Straw de Silicona - Morado";10865;2;14990;"Pulsar Nectar Collector Cuarzo 15cm + Spin Pearl";"nectar collector dab straw";"https://www.friendlygrow.cl/nectar-collector-chili-dab-straw-de-silicona?variant=Morado"
0.448;0;2.50;87504;5990;"Nectar Collector Chili – Dab Straw de Silicona - Rojo";10865;2;14990;"Pulsar Nectar Collector Cuarzo 15cm + Spin Pearl";"nectar collector dab straw";"https://www.friendlygrow.cl/nectar-collector-chili-dab-straw-de-silicona?variant=Rojo"
0.447;0;2.50;87503;5990;"Nectar Collector Chili – Dab Straw de Silicona - Rosa";10865;2;14990;"Pulsar Nectar Collector Cuarzo 15cm + Spin Pearl";"nectar collector dab straw";"https://www.friendlygrow.cl/nectar-collector-chili-dab-straw-de-silicona?variant=Rosa"
0.445;0;1.28;87567;3900;"Downstem de Pyrex Difusor 10cm / 12cm / 13.5cm – Repuesto para Bong 14mm/18mm - 10cms";10322;3;4990;"Difusor Calvo Classic 18mm - 14mm - 10cm";"downstem difusor 10cm bong 14mm 18mm";"https://www.friendlygrow.cl/downstem-de-vidrio-difusor-10cm-12cm-135cm-repuesto-para-bong-14mm18mm?variant=10cms"
0.444;0;2.50;87506;5990;"Nectar Collector Chili – Dab Straw de Silicona - Amarillo";10865;2;14990;"Pulsar Nectar Collector Cuarzo 15cm + Spin Pearl";"nectar collector dab straw";"https://www.friendlygrow.cl/nectar-collector-chili-dab-straw-de-silicona?variant=Amarillo"
0.439;0;1.28;87569;3900;"Downstem de Pyrex Difusor 10cm / 12cm / 13.5cm – Repuesto para Bong 14mm/18mm - 13.5cms";10322;3;4990;"Difusor Calvo Classic 18mm - 14mm - 10cm";"downstem difusor 10cm bong 14mm 18mm";"https://www.friendlygrow.cl/downstem-de-vidrio-difusor-10cm-12cm-135cm-repuesto-para-bong-14mm18mm?variant=13.5cms"
0.439;0;1.28;87568;3900;"Downstem de Pyrex Difusor 10cm / 12cm / 13.5cm – Repuesto para Bong 14mm/18mm - 12cms";10322;3;4990;"Difusor Calvo Classic 18mm - 14mm - 10cm";"downstem difusor 10cm bong 14mm 18mm";"https://www.friendlygrow.cl/downstem-de-vidrio-difusor-10cm-12cm-135cm-repuesto-para-bong-14mm18mm?variant=12cms"
0.439;0;1.01;88724;990;"Blunt Organic Hemp Wraps Honeypuff Con Filtros - Sabores (Pack x2) - Cereza";11018;2;1000;"Soulblime Blunt Hemp Wraps Chocomint";"blunt hemp wraps sabores";"https://www.friendlygrow.cl/honeypuff-hemp-wraps-honey-mango-pack-x2?variant=Cereza"
0.433;0;1.35;88722;990;"Blunt Organic Hemp Wraps Honeypuff Con Filtros - Sabores (Pack x2) - Uva";10733;2;1341;"Lion Rolling Circus Hemp Wraps Terpenes Gelato x2";"blunt hemp wraps sabores x2";"https://www.friendlygrow.cl/honeypuff-hemp-wraps-honey-mango-pack-x2?variant=Uva"
0.431;0;1.50;87487;11990;"Atrapa Cenizas Pyrex Purple (Ash Catcher) 14mm";10296;2;7990;"Bonglab Atrapa cenizas quemador macho 14mm";"atrapa cenizas 14mm";"https://www.friendlygrow.cl/atrapa-cenizas-pyrex-purple-ash-catcher-14mm"
0.430;0;0.00;87672;11900;"Banger de Cuarzo 90°/45° – Quartz para Dabs 14mm/18mm - 18mm 90°";11043;2;0;"Calvo Glass Flat Bucket Banger 90° Macho 10mm";"banger 90 45 14mm";"https://www.friendlygrow.cl/anger-de-cuarzo-phoenix-star-90-clavo-quartz-para-dabs-14mm18mm?variant=18mm%2090%C2%B0"
0.430;0;0.00;87671;11900;"Banger de Cuarzo 90°/45° – Quartz para Dabs 14mm/18mm - 18mm 45°";11043;2;0;"Calvo Glass Flat Bucket Banger 90° Macho 10mm";"banger 90 45 14mm";"https://www.friendlygrow.cl/anger-de-cuarzo-phoenix-star-90-clavo-quartz-para-dabs-14mm18mm?variant=18mm%2045%C2%B0"
0.430;0;0.00;87669;11900;"Banger de Cuarzo 90°/45° – Quartz para Dabs 14mm/18mm - 14mm 45°";11043;2;0;"Calvo Glass Flat Bucket Banger 90° Macho 10mm";"banger 90 45 14mm";"https://www.friendlygrow.cl/anger-de-cuarzo-phoenix-star-90-clavo-quartz-para-dabs-14mm18mm?variant=14mm%2045%C2%B0"
0.430;0;0.00;87670;11900;"Banger de Cuarzo 90°/45° – Quartz para Dabs 14mm/18mm - 14mm 90°";11043;2;0;"Calvo Glass Flat Bucket Banger 90° Macho 10mm";"banger 90 45 14mm";"https://www.friendlygrow.cl/anger-de-cuarzo-phoenix-star-90-clavo-quartz-para-dabs-14mm18mm?variant=14mm%2090%C2%B0"
0.430;0;1.49;87672;11900;"Banger de Cuarzo 90°/45° – Quartz para Dabs 14mm/18mm - 18mm 90°";10404;2;7990;"Calvo Glass Flat Bucket Banger 45° Macho 10mm";"banger 90 45 14mm";"https://www.friendlygrow.cl/anger-de-cuarzo-phoenix-star-90-clavo-quartz-para-dabs-14mm18mm?variant=18mm%2090%C2%B0"
0.430;0;1.49;87671;11900;"Banger de Cuarzo 90°/45° – Quartz para Dabs 14mm/18mm - 18mm 45°";10404;2;7990;"Calvo Glass Flat Bucket Banger 45° Macho 10mm";"banger 90 45 14mm";"https://www.friendlygrow.cl/anger-de-cuarzo-phoenix-star-90-clavo-quartz-para-dabs-14mm18mm?variant=18mm%2045%C2%B0"
0.430;0;1.49;87669;11900;"Banger de Cuarzo 90°/45° – Quartz para Dabs 14mm/18mm - 14mm 45°";10404;2;7990;"Calvo Glass Flat Bucket Banger 45° Macho 10mm";"banger 90 45 14mm";"https://www.friendlygrow.cl/anger-de-cuarzo-phoenix-star-90-clavo-quartz-para-dabs-14mm18mm?variant=14mm%2045%C2%B0"
0.430;0;1.49;87670;11900;"Banger de Cuarzo 90°/45° – Quartz para Dabs 14mm/18mm - 14mm 90°";10404;2;7990;"Calvo Glass Flat Bucket Banger 45° Macho 10mm";"banger 90 45 14mm";"https://www.friendlygrow.cl/anger-de-cuarzo-phoenix-star-90-clavo-quartz-para-dabs-14mm18mm?variant=14mm%2090%C2%B0"
0.426;0;3.86;87666;490;"Papelillos Honeypuff Tamaño 1 1/4 ( Pink, Thin, Organico, Brown ) - Organic Hemp";5471;3;1890;"Papelillos OCB Cañamo Orgánico 1 1/4 + Tips";"papelillos organico organic hemp";"https://www.friendlygrow.cl/papelillos-honeypuff-ultra-thin-black-tamano-1-14?variant=Organic%20Hemp"
0.425;0;1.35;88724;990;"Blunt Organic Hemp Wraps Honeypuff Con Filtros - Sabores (Pack x2) - Cereza";10733;2;1341;"Lion Rolling Circus Hemp Wraps Terpenes Gelato x2";"blunt hemp wraps sabores x2";"https://www.friendlygrow.cl/honeypuff-hemp-wraps-honey-mango-pack-x2?variant=Cereza"
0.421;0;1.44;87354;6990;"Grinder Metálico Amsterdam 4 Partes con Malla – 55 mm - Negro";6567;3;10100;"Moledor Bulldog Ámsterdam Metálico Silver 4 Partes";"metalico amsterdam partes";"https://www.friendlygrow.cl/grinder-metalico-amsterdam-4-partes-con-malla-55-mm?variant=Negro"
0.420;0;1.01;88720;990;"Blunt Organic Hemp Wraps Honeypuff Con Filtros - Sabores (Pack x2) - Honey Banana";11018;2;1000;"Soulblime Blunt Hemp Wraps Chocomint";"blunt hemp wraps sabores";"https://www.friendlygrow.cl/honeypuff-hemp-wraps-honey-mango-pack-x2?variant=Honey%20Banana"
0.416;0;1.65;87672;11900;"Banger de Cuarzo 90°/45° – Quartz para Dabs 14mm/18mm - 18mm 90°";5768;4;7200;"BongLab Banger Cuarzo Macho 14 mm – Nail Quartz para Extracciones | GrowBaratoChile";"banger cuarzo 45 quartz 14mm";"https://www.friendlygrow.cl/anger-de-cuarzo-phoenix-star-90-clavo-quartz-para-dabs-14mm18mm?variant=18mm%2090%C2%B0"
0.416;0;1.65;87671;11900;"Banger de Cuarzo 90°/45° – Quartz para Dabs 14mm/18mm - 18mm 45°";5768;4;7200;"BongLab Banger Cuarzo Macho 14 mm – Nail Quartz para Extracciones | GrowBaratoChile";"banger cuarzo 45 quartz 14mm";"https://www.friendlygrow.cl/anger-de-cuarzo-phoenix-star-90-clavo-quartz-para-dabs-14mm18mm?variant=18mm%2045%C2%B0"
0.416;0;1.65;87669;11900;"Banger de Cuarzo 90°/45° – Quartz para Dabs 14mm/18mm - 14mm 45°";5768;4;7200;"BongLab Banger Cuarzo Macho 14 mm – Nail Quartz para Extracciones | GrowBaratoChile";"banger cuarzo 45 quartz 14mm";"https://www.friendlygrow.cl/anger-de-cuarzo-phoenix-star-90-clavo-quartz-para-dabs-14mm18mm?variant=14mm%2045%C2%B0"
0.416;0;1.65;87670;11900;"Banger de Cuarzo 90°/45° – Quartz para Dabs 14mm/18mm - 14mm 90°";5768;4;7200;"BongLab Banger Cuarzo Macho 14 mm – Nail Quartz para Extracciones | GrowBaratoChile";"banger cuarzo 45 quartz 14mm";"https://www.friendlygrow.cl/anger-de-cuarzo-phoenix-star-90-clavo-quartz-para-dabs-14mm18mm?variant=14mm%2090%C2%B0"
0.411;0;1.35;88720;990;"Blunt Organic Hemp Wraps Honeypuff Con Filtros - Sabores (Pack x2) - Honey Banana";10733;2;1341;"Lion Rolling Circus Hemp Wraps Terpenes Gelato x2";"blunt hemp wraps sabores x2";"https://www.friendlygrow.cl/honeypuff-hemp-wraps-honey-mango-pack-x2?variant=Honey%20Banana"
0.409;0;2.14;88132;6990;"Pipa de Madera Triple Cournot - Boquilla Trident para Conos";10470;3;14993;"Tridente RAW de Madera";"madera trident";"https://www.friendlygrow.cl/pipa-de-madera-triple-cournot-boquilla-trident-para-conos"
0.408;0;1.50;87486;11990;"Atrapa Cenizas Pyrex Pink Blue (Ash Catcher) 14mm";10296;2;7990;"Bonglab Atrapa cenizas quemador macho 14mm";"atrapa cenizas 14mm";"https://www.friendlygrow.cl/atrapa-cenizas-pyrex-ash-catcher-14mm-pink"
0.406;0;0.00;87655;1990;"Conos Pre-enrolados Honeypuff 100 Dolares (Pack 3)";5713;2;0;"Conos Bulldog Reefer 1 1/4 (6u)";"conos pre enrolados";"https://www.friendlygrow.cl/conos-pre-rolados-honeypuff-100-dollar-bill-king-size"
0.404;0;1.44;87355;6990;"Grinder Metálico Amsterdam 4 Partes con Malla – 55 mm - Plata";6567;3;10100;"Moledor Bulldog Ámsterdam Metálico Silver 4 Partes";"metalico amsterdam partes";"https://www.friendlygrow.cl/grinder-metalico-amsterdam-4-partes-con-malla-55-mm?variant=Plata"
0.402;0;1.66;87430;5990;"Moledor de Metal Tornasol Premium - 4 Partes (50mm)";5515;3;3600;"Moledor Metálico Lion Rolling Circus - 2 Partes";"moledor partes 50mm";"https://www.friendlygrow.cl/grinder-de-metal-tornasol-premium-4-partes-50mm"
0.399;0;3.15;87673;10990;"Bong de Silicona Cartoon con Bowl de Pyrex - Amarillo";5751;3;3490;"Calvo Glass Quemador Pyrex - Macho 14mm";"bong bowl pyrex amarillo";"https://www.friendlygrow.cl/bong-de-silicona-cartoon-con-bowl-de-vidrio?variant=Amarillo"
0.398;0;4.71;87653;30990;"Vaporizador Para Hierbas Yocan Hit - Azul";11042;2;145990;"Vaporizador Pulsar Proshift";"vaporizador hierbas";"https://www.friendlygrow.cl/vaporizador-para-hierbas-yocan-hit-kit-100-original?variant=Azul"
0.398;0;2.29;87562;7990;"Bowl de Pyrex Phoenix Star Diseño Cuerno – Accesorio para Bong 14mm/18mm - Azul";5751;3;3490;"Calvo Glass Quemador Pyrex - Macho 14mm";"bowl pyrex cuerno bong 14mm";"https://www.friendlygrow.cl/bowl-de-vidrio-phoenix-star-diseno-cuerno-accesorio-para-bong-14mm18mm?variant=Azul"
0.394;0;1.00;87655;1990;"Conos Pre-enrolados Honeypuff 100 Dolares (Pack 3)";5711;2;1990;"Conos PreEnrolados RAW 1 1/4 (6u)";"conos pre enrolados";"https://www.friendlygrow.cl/conos-pre-rolados-honeypuff-100-dollar-bill-king-size"
0.393;0;2.29;87563;7990;"Bowl de Pyrex Phoenix Star Diseño Cuerno – Accesorio para Bong 14mm/18mm - Blanco";5751;3;3490;"Calvo Glass Quemador Pyrex - Macho 14mm";"bowl pyrex cuerno bong 14mm";"https://www.friendlygrow.cl/bowl-de-vidrio-phoenix-star-diseno-cuerno-accesorio-para-bong-14mm18mm?variant=Blanco"
0.393;0;1.92;87487;11990;"Atrapa Cenizas Pyrex Purple (Ash Catcher) 14mm";10366;2;22990;"Bonglab Atrapa Cenizas Multi Percolador 14mm";"atrapa cenizas 14mm";"https://www.friendlygrow.cl/atrapa-cenizas-pyrex-purple-ash-catcher-14mm"
0.393;0;1.30;88722;990;"Blunt Organic Hemp Wraps Honeypuff Con Filtros - Sabores (Pack x2) - Uva";10654;3;1290;"Lion Rolling Circus Hemp Wraps Terpenes Strawberry Shortcake x2";"blunt hemp wraps sabores x2";"https://www.friendlygrow.cl/honeypuff-hemp-wraps-honey-mango-pack-x2?variant=Uva"
0.393;0;1.69;87430;5990;"Moledor de Metal Tornasol Premium - 4 Partes (50mm)";6567;3;10100;"Moledor Bulldog Ámsterdam Metálico Silver 4 Partes";"moledor partes 50mm";"https://www.friendlygrow.cl/grinder-de-metal-tornasol-premium-4-partes-50mm"
0.392;0;1.25;87655;1990;"Conos Pre-enrolados Honeypuff 100 Dolares (Pack 3)";10851;2;1590;"OCB 3 Conos Pre-enrolados King Size Premium Slim";"conos pre enrolados";"https://www.friendlygrow.cl/conos-pre-rolados-honeypuff-100-dollar-bill-king-size"
0.390;0;1.63;87666;490;"Papelillos Honeypuff Tamaño 1 1/4 ( Pink, Thin, Organico, Brown ) - Organic Hemp";10880;2;800;"Khemo Organic 1 1/4";"papelillos organico organic";"https://www.friendlygrow.cl/papelillos-honeypuff-ultra-thin-black-tamano-1-14?variant=Organic%20Hemp"
0.386;0;1.50;87489;11990;"Atrapa Cenizas Pyrex Verde Fuego (Ash Catcher) 14mm";10296;2;7990;"Bonglab Atrapa cenizas quemador macho 14mm";"atrapa cenizas 14mm";"https://www.friendlygrow.cl/atrapa-cenizas-pyrex-ash-catcher-14mm"
0.386;0;1.30;88724;990;"Blunt Organic Hemp Wraps Honeypuff Con Filtros - Sabores (Pack x2) - Cereza";10654;3;1290;"Lion Rolling Circus Hemp Wraps Terpenes Strawberry Shortcake x2";"blunt hemp wraps sabores x2";"https://www.friendlygrow.cl/honeypuff-hemp-wraps-honey-mango-pack-x2?variant=Cereza"
0.385;0;0.00;87647;5990;"Nectar Collector de Silicona Honeycomb";10213;2;0;"Nectar Collector Torp 18Cm-Bonglab";"nectar collector";"https://www.friendlygrow.cl/pipa-silicona-copia-2"
0.381;0;3.15;87778;10990;"Bong Devil de Silicona con Bowl de Vidrio - Verde";5751;3;3490;"Calvo Glass Quemador Pyrex - Macho 14mm";"bong bowl vidrio verde";"https://www.friendlygrow.cl/bong-devil-de-silicona-con-bowl-de-vidrio?variant=Verde"
0.381;0;0.00;87507;5990;"Nectar Collector Chili – Dab Straw de Silicona - Verde";10213;2;0;"Nectar Collector Torp 18Cm-Bonglab";"nectar collector verde";"https://www.friendlygrow.cl/nectar-collector-chili-dab-straw-de-silicona?variant=Verde"
0.381;0;1.57;87772;10990;"Bong Devil de Silicona con Bowl de Vidrio - Rojo";10749;2;6990;"Encendedor Clipper Metálico Silver Devil";"devil rojo";"https://www.friendlygrow.cl/bong-devil-de-silicona-con-bowl-de-vidrio?variant=Rojo"
0.379;0;3.15;87675;10990;"Bong de Silicona Cartoon con Bowl de Pyrex - Morado";5751;3;3490;"Calvo Glass Quemador Pyrex - Macho 14mm";"bong bowl pyrex morado";"https://www.friendlygrow.cl/bong-de-silicona-cartoon-con-bowl-de-vidrio?variant=Morado"
0.378;0;4.71;87651;30990;"Vaporizador Para Hierbas Yocan Hit - Plateado";11042;2;145990;"Vaporizador Pulsar Proshift";"vaporizador hierbas";"https://www.friendlygrow.cl/vaporizador-para-hierbas-yocan-hit-kit-100-original?variant=Plateado"
0.378;0;4.71;87652;30990;"Vaporizador Para Hierbas Yocan Hit - Dorado";11042;2;145990;"Vaporizador Pulsar Proshift";"vaporizador hierbas";"https://www.friendlygrow.cl/vaporizador-para-hierbas-yocan-hit-kit-100-original?variant=Dorado"
0.376;0;0.00;87662;890;"Papelillos Honeypuff 100 Dolares- King Size + Filtro";10641;2;0;"Empire Rolling Papers 100 USD King Size Slim";"papelillos 100 king size";"https://www.friendlygrow.cl/papelillos-honeypuff-100-bill-edicion-holografica-king-size"
0.375;0;3.39;87653;30990;"Vaporizador Para Hierbas Yocan Hit - Azul";11026;2;104990;"Vaporizador Pulsar APX Pro";"vaporizador hierbas";"https://www.friendlygrow.cl/vaporizador-para-hierbas-yocan-hit-kit-100-original?variant=Azul"
0.374;0;1.30;88720;990;"Blunt Organic Hemp Wraps Honeypuff Con Filtros - Sabores (Pack x2) - Honey Banana";10654;3;1290;"Lion Rolling Circus Hemp Wraps Terpenes Strawberry Shortcake x2";"blunt hemp wraps sabores x2";"https://www.friendlygrow.cl/honeypuff-hemp-wraps-honey-mango-pack-x2?variant=Honey%20Banana"
0.374;0;1.92;87486;11990;"Atrapa Cenizas Pyrex Pink Blue (Ash Catcher) 14mm";10366;2;22990;"Bonglab Atrapa Cenizas Multi Percolador 14mm";"atrapa cenizas 14mm";"https://www.friendlygrow.cl/atrapa-cenizas-pyrex-ash-catcher-14mm-pink"
0.374;0;1.24;87498;7990;"Nectar Collector Donut 🍩 - Azul";10210;3;9900;"Nectar Collector Obelisk 15Cm-Bonglab";"nectar collector azul";"https://www.friendlygrow.cl/nectar-collector-donut-%F0%9F%8D%A9?variant=Azul"
0.371;0;1.07;88804;2990;"Bandeja de Enrolado Honeypuff - 6 Diseños Disponibles - Verde";10546;3;3190;"Soulblime Contenedor con Tapa-Bandeja";"bandeja enrolado disenos";"https://www.friendlygrow.cl/bandeja-de-enrolado-honeypuff-edicion-pink-cartoon?variant=Verde"
0.371;0;1.25;88811;3990;"Bandeja de Enrolado Honeypuff - 6 Diseños Disponibles - Azul";10546;3;3190;"Soulblime Contenedor con Tapa-Bandeja";"bandeja enrolado disenos";"https://www.friendlygrow.cl/bandeja-de-enrolado-honeypuff-edicion-pink-cartoon?variant=Azul"
0.370;0;1.66;87357;5990;"Moledor de Metal Baked Bunny - 4 Partes (50mm)";5515;3;3600;"Moledor Metálico Lion Rolling Circus - 2 Partes";"moledor partes 50mm";"https://www.friendlygrow.cl/grinder-de-metal-baked-bunny-4-partes-50mm"
0.367;0;0.00;87499;7990;"Nectar Collector Donut 🍩 - Morado";10213;2;0;"Nectar Collector Torp 18Cm-Bonglab";"nectar collector";"https://www.friendlygrow.cl/nectar-collector-donut-%F0%9F%8D%A9?variant=Morado"
0.367;0;3.15;87674;10990;"Bong de Silicona Cartoon con Bowl de Pyrex - Verde";5751;3;3490;"Calvo Glass Quemador Pyrex - Macho 14mm";"bong bowl pyrex verde";"https://www.friendlygrow.cl/bong-de-silicona-cartoon-con-bowl-de-vidrio?variant=Verde"
0.366;0;1.25;88808;3990;"Bandeja de Enrolado Honeypuff - 6 Diseños Disponibles - Rosa";10546;3;3190;"Soulblime Contenedor con Tapa-Bandeja";"bandeja enrolado disenos";"https://www.friendlygrow.cl/bandeja-de-enrolado-honeypuff-edicion-pink-cartoon?variant=Rosa"
0.364;0;1.18;87690;18990;"Bong de Pyrex Mini Beaker – Bong Compacto de Pyrex con Downstem 20cms - Rosa";5535;4;22400;"Bong Color Cube Bonglab Azul y Verde | Bong Compacto";"bong pyrex compacto rosa";"https://www.friendlygrow.cl/bong-de-vidrio-mini-beaker-bong-compacto-de-pyrex-con-downstem?variant=Rosa"
0.363;0;1.25;88806;3990;"Bandeja de Enrolado Honeypuff - 6 Diseños Disponibles - Celeste";10546;3;3190;"Soulblime Contenedor con Tapa-Bandeja";"bandeja enrolado disenos";"https://www.friendlygrow.cl/bandeja-de-enrolado-honeypuff-edicion-pink-cartoon?variant=Celeste"
0.362;0;1.51;87373;13900;"Moledor de Metal de Lujo 63mm - 4 Partes (Diseño en Relieve) - Oro";11013;2;20990;"Galaxy Moledor Aluminio 63mm Oro Rosa";"moledor 63mm oro";"https://www.friendlygrow.cl/grinder-de-metal-de-lujo-63mm-4-partes-diseno-en-relieve?variant=Oro"
0.362;0;0.00;87492;8900;"Banger de Cuarzo Phoenix Star 90° – Quartz para Dabs 14mm/18mm - 14mm";10208;2;0;"Banger Alto Cuarzo Hembra 14Mm-Bonglab";"banger cuarzo 14mm";"https://www.friendlygrow.cl/banger-de-cuarzo-phoenix-star-90-clavo-quartz-para-dabs-14mm18mm?variant=14mm"
0.362;0;0.00;87493;8900;"Banger de Cuarzo Phoenix Star 90° – Quartz para Dabs 14mm/18mm - 18mm";10208;2;0;"Banger Alto Cuarzo Hembra 14Mm-Bonglab";"banger cuarzo 14mm";"https://www.friendlygrow.cl/banger-de-cuarzo-phoenix-star-90-clavo-quartz-para-dabs-14mm18mm?variant=18mm"
0.362;0;1.22;87567;3900;"Downstem de Pyrex Difusor 10cm / 12cm / 13.5cm – Repuesto para Bong 14mm/18mm - 10cms";10399;4;3200;"Difusor Bonglab Logo Magenta 14mm 12cm";"difusor 12cm repuesto 14mm 18mm";"https://www.friendlygrow.cl/downstem-de-vidrio-difusor-10cm-12cm-135cm-repuesto-para-bong-14mm18mm?variant=10cms"
0.362;0;1.69;87357;5990;"Moledor de Metal Baked Bunny - 4 Partes (50mm)";6567;3;10100;"Moledor Bulldog Ámsterdam Metálico Silver 4 Partes";"moledor partes 50mm";"https://www.friendlygrow.cl/grinder-de-metal-baked-bunny-4-partes-50mm"
0.362;0;1.25;88809;3990;"Bandeja de Enrolado Honeypuff - 6 Diseños Disponibles - Naranjo";10546;3;3190;"Soulblime Contenedor con Tapa-Bandeja";"bandeja enrolado disenos";"https://www.friendlygrow.cl/bandeja-de-enrolado-honeypuff-edicion-pink-cartoon?variant=Naranjo"
0.361;0;0.00;87501;7990;"Nectar Collector Donut 🍩 - Amarillo";10213;2;0;"Nectar Collector Torp 18Cm-Bonglab";"nectar collector";"https://www.friendlygrow.cl/nectar-collector-donut-%F0%9F%8D%A9?variant=Amarillo"
0.360;0;2.01;88263;1990;"Set Honeypuff 4-en-1: Papel King Size + Tips + Bandeja + Moledor - Unbleached Brown";5421;2;990;"Papelillo Unbleached King Size Slim Blazy Susan";"king size unbleached";"https://www.friendlygrow.cl/kits-honeypuff-4-en-1-papel-tips-bandeja-grinder-king-size-slim?variant=Unbleached%20Brown"
0.359;0;0.00;87646;9990;"Nectar Collector de Silicona Rayado";10213;2;0;"Nectar Collector Torp 18Cm-Bonglab";"nectar collector";"https://www.friendlygrow.cl/pipa-silicona-copia-1"
0.359;0;0.00;87509;9900;"Nectar Collector de Silicona Rocket";10213;2;0;"Nectar Collector Torp 18Cm-Bonglab";"nectar collector";"https://www.friendlygrow.cl/nectar-collector-de-silicona-rocket"
0.358;0;1.22;87569;3900;"Downstem de Pyrex Difusor 10cm / 12cm / 13.5cm – Repuesto para Bong 14mm/18mm - 13.5cms";10399;4;3200;"Difusor Bonglab Logo Magenta 14mm 12cm";"difusor 12cm repuesto 14mm 18mm";"https://www.friendlygrow.cl/downstem-de-vidrio-difusor-10cm-12cm-135cm-repuesto-para-bong-14mm18mm?variant=13.5cms"
0.358;0;1.22;87568;3900;"Downstem de Pyrex Difusor 10cm / 12cm / 13.5cm – Repuesto para Bong 14mm/18mm - 12cms";10399;4;3200;"Difusor Bonglab Logo Magenta 14mm 12cm";"difusor 12cm repuesto 14mm 18mm";"https://www.friendlygrow.cl/downstem-de-vidrio-difusor-10cm-12cm-135cm-repuesto-para-bong-14mm18mm?variant=12cms"
0.358;0;4.34;87504;5990;"Nectar Collector Chili – Dab Straw de Silicona - Rojo";10211;2;25990;"BongLab Nectar Collector Slim 15cm";"nectar collector rojo";"https://www.friendlygrow.cl/nectar-collector-chili-dab-straw-de-silicona?variant=Rojo"
0.357;0;3.39;87651;30990;"Vaporizador Para Hierbas Yocan Hit - Plateado";11026;2;104990;"Vaporizador Pulsar APX Pro";"vaporizador hierbas";"https://www.friendlygrow.cl/vaporizador-para-hierbas-yocan-hit-kit-100-original?variant=Plateado"
0.357;0;3.39;87652;30990;"Vaporizador Para Hierbas Yocan Hit - Dorado";11026;2;104990;"Vaporizador Pulsar APX Pro";"vaporizador hierbas";"https://www.friendlygrow.cl/vaporizador-para-hierbas-yocan-hit-kit-100-original?variant=Dorado"
0.356;0;0.00;87683;18990;"Bong Dab Rig Cloudy Hit 20cm - Diseño Unico - Morado";10216;2;0;"Rig Four Horn-Calvo Glass";"bong rig 20cm morado";"https://www.friendlygrow.cl/bong-de-vidrio-beaker-negro-con-detalles-de-color?variant=Morado"
0.356;0;1.92;87489;11990;"Atrapa Cenizas Pyrex Verde Fuego (Ash Catcher) 14mm";10366;2;22990;"Bonglab Atrapa Cenizas Multi Percolador 14mm";"atrapa cenizas 14mm";"https://www.friendlygrow.cl/atrapa-cenizas-pyrex-ash-catcher-14mm"
0.354;0;1.66;87467;5990;"Moledor Metal Toppuff Gold - 4 Partes (50mm)";5515;3;3600;"Moledor Metálico Lion Rolling Circus - 2 Partes";"moledor partes 50mm";"https://www.friendlygrow.cl/grinder-metal-toppuff-gold-4-partes-50mm"
0.354;0;1.36;87653;30990;"Vaporizador Para Hierbas Yocan Hit - Azul";10439;3;42100;"DynaVap Vaporizador The B";"vaporizador hierbas";"https://www.friendlygrow.cl/vaporizador-para-hierbas-yocan-hit-kit-100-original?variant=Azul"
0.353;0;0.00;88464;7990;"Nectar Collector Plant Cartoon";10213;2;0;"Nectar Collector Torp 18Cm-Bonglab";"nectar collector";"https://www.friendlygrow.cl/pipa-silicona-copia"
0.353;0;0.00;87511;7990;"Nectar Collector Hot Dog";10213;2;0;"Nectar Collector Torp 18Cm-Bonglab";"nectar collector";"https://www.friendlygrow.cl/nectar-collector-hot-dog"
0.352;0;1.05;88265;1990;"Set Honeypuff 4-en-1: Papel King Size + Tips + Bandeja + Moledor - Organic Hemp";5471;3;1890;"Papelillos OCB Cañamo Orgánico 1 1/4 + Tips";"tips organic hemp";"https://www.friendlygrow.cl/kits-honeypuff-4-en-1-papel-tips-bandeja-grinder-king-size-slim?variant=Organic%20Hemp"
0.349;0;0.00;88597;3990;"Rejillas Metálicas Honeypuff para Pipas y Bongs (Pack x5) - Verde";10248;1;0;"Pack Limpia Bongs Y Pipas Bonglab 250Ml";"pipas bongs";"https://www.friendlygrow.cl/rejillas-metalicas-honeypuff-para-pipas-y-bongs-pack-x5?variant=Verde"
0.348;0;1.01;88572;990;"Blunt Organico Honeypuff Sheet Wraps Sabores (Pack x5) - Banana";11018;2;1000;"Soulblime Blunt Hemp Wraps Chocomint";"blunt wraps sabores";"https://www.friendlygrow.cl/honeypuff-sheet-wraps-envoltorios-de-canamo-con-sabores-pack-x5?variant=Banana"
0.348;0;1.18;87691;18990;"Bong de Pyrex Mini Beaker – Bong Compacto de Pyrex con Downstem 20cms - Azul";5535;4;22400;"Bong Color Cube Bonglab Azul y Verde | Bong Compacto";"bong pyrex compacto azul";"https://www.friendlygrow.cl/bong-de-vidrio-mini-beaker-bong-compacto-de-pyrex-con-downstem?variant=Azul"
0.348;0;0.00;88597;3990;"Rejillas Metálicas Honeypuff para Pipas y Bongs (Pack x5) - Verde";10249;1;0;"Pack Limpia Bongs Y Pipas Bonglab 30Ml";"pipas bongs";"https://www.friendlygrow.cl/rejillas-metalicas-honeypuff-para-pipas-y-bongs-pack-x5?variant=Verde"
0.347;0;0.00;87682;18990;"Bong Dab Rig Cloudy Hit 20cm - Diseño Unico - Azul";10216;2;0;"Rig Four Horn-Calvo Glass";"bong rig 20cm azul";"https://www.friendlygrow.cl/bong-de-vidrio-beaker-negro-con-detalles-de-color?variant=Azul"
0.347;0;1.69;87467;5990;"Moledor Metal Toppuff Gold - 4 Partes (50mm)";6567;3;10100;"Moledor Bulldog Ámsterdam Metálico Silver 4 Partes";"moledor partes 50mm";"https://www.friendlygrow.cl/grinder-metal-toppuff-gold-4-partes-50mm"
0.346;0;0.00;87497;7990;"Nectar Collector Donut 🍩 - Cafe";10213;2;0;"Nectar Collector Torp 18Cm-Bonglab";"nectar collector";"https://www.friendlygrow.cl/nectar-collector-donut-%F0%9F%8D%A9?variant=Cafe"
0.346;0;1.18;87697;18990;"Bong de Pyrex Mini Beaker – Bong Compacto de Pyrex con Downstem 20cms - Verde";5535;4;22400;"Bong Color Cube Bonglab Azul y Verde | Bong Compacto";"bong pyrex compacto verde";"https://www.friendlygrow.cl/bong-de-vidrio-mini-beaker-bong-compacto-de-pyrex-con-downstem?variant=Verde"
0.346;0;2.72;87460;6990;"Moledor Lightning Colors Metal 55mm - Morado";10671;4;18991;"Moledor Galaxy Lightning Aluminio 63mm";"moledor lightning morado";"https://www.friendlygrow.cl/moledor-lightning-colors-metal-55mm?variant=Morado"
0.346;0;1.01;88577;990;"Blunt Organico Honeypuff Sheet Wraps Sabores (Pack x5) - Sandia";11018;2;1000;"Soulblime Blunt Hemp Wraps Chocomint";"blunt wraps sabores";"https://www.friendlygrow.cl/honeypuff-sheet-wraps-envoltorios-de-canamo-con-sabores-pack-x5?variant=Sandia"
0.345;0;0.00;88603;3990;"Rejillas Metálicas Honeypuff para Pipas y Bongs (Pack x5) - Rojo";10248;1;0;"Pack Limpia Bongs Y Pipas Bonglab 250Ml";"pipas bongs";"https://www.friendlygrow.cl/rejillas-metalicas-honeypuff-para-pipas-y-bongs-pack-x5?variant=Rojo"
0.345;0;1.01;88573;990;"Blunt Organico Honeypuff Sheet Wraps Sabores (Pack x5) - Uva";11018;2;1000;"Soulblime Blunt Hemp Wraps Chocomint";"blunt wraps sabores";"https://www.friendlygrow.cl/honeypuff-sheet-wraps-envoltorios-de-canamo-con-sabores-pack-x5?variant=Uva"
0.345;0;7.78;88413;10990;"Repuesto Hot Knife Yocan Dirk";11035;2;85491;"Puffco New Hot Knife Plasma";"hot knife";"https://www.friendlygrow.cl/yocan-dirk-tip"
0.345;0;8.85;87647;5990;"Nectar Collector de Silicona Honeycomb";10857;2;52990;"Yocan DYNO Nectar Collector Digital";"nectar collector";"https://www.friendlygrow.cl/pipa-silicona-copia-2"
0.344;0;0.00;88601;3990;"Rejillas Metálicas Honeypuff para Pipas y Bongs (Pack x5) - Rosa";10248;1;0;"Pack Limpia Bongs Y Pipas Bonglab 250Ml";"pipas bongs";"https://www.friendlygrow.cl/rejillas-metalicas-honeypuff-para-pipas-y-bongs-pack-x5?variant=Rosa"
0.344;0;1.01;88575;990;"Blunt Organico Honeypuff Sheet Wraps Sabores (Pack x5) - Arandano";11018;2;1000;"Soulblime Blunt Hemp Wraps Chocomint";"blunt wraps sabores";"https://www.friendlygrow.cl/honeypuff-sheet-wraps-envoltorios-de-canamo-con-sabores-pack-x5?variant=Arandano"
0.344;0;0.00;88603;3990;"Rejillas Metálicas Honeypuff para Pipas y Bongs (Pack x5) - Rojo";10249;1;0;"Pack Limpia Bongs Y Pipas Bonglab 30Ml";"pipas bongs";"https://www.friendlygrow.cl/rejillas-metalicas-honeypuff-para-pipas-y-bongs-pack-x5?variant=Rojo"
0.343;0;1.39;87426;4990;"Moledor de Metal Mr. Joint Premium - 4 Partes (50mm) - Diseño 1";5515;3;3600;"Moledor Metálico Lion Rolling Circus - 2 Partes";"moledor partes 50mm";"https://www.friendlygrow.cl/grinder-de-metal-mr-joint-premium-4-partes-50mm?variant=Dise%C3%B1o%201"
0.343;0;1.39;87428;4990;"Moledor de Metal Mr. Joint Premium - 4 Partes (50mm) - Diseño 3";5515;3;3600;"Moledor Metálico Lion Rolling Circus - 2 Partes";"moledor partes 50mm";"https://www.friendlygrow.cl/grinder-de-metal-mr-joint-premium-4-partes-50mm?variant=Dise%C3%B1o%203"
0.343;0;1.39;87429;4990;"Moledor de Metal Mr. Joint Premium - 4 Partes (50mm) - Diseño 4";5515;3;3600;"Moledor Metálico Lion Rolling Circus - 2 Partes";"moledor partes 50mm";"https://www.friendlygrow.cl/grinder-de-metal-mr-joint-premium-4-partes-50mm?variant=Dise%C3%B1o%204"
0.343;0;1.39;87427;4990;"Moledor de Metal Mr. Joint Premium - 4 Partes (50mm) - Diseño 2";5515;3;3600;"Moledor Metálico Lion Rolling Circus - 2 Partes";"moledor partes 50mm";"https://www.friendlygrow.cl/grinder-de-metal-mr-joint-premium-4-partes-50mm?variant=Dise%C3%B1o%202"
0.343;0;4.11;87354;6990;"Grinder Metálico Amsterdam 4 Partes con Malla – 55 mm - Negro";10335;3;1700;"Cenicero Metálico Bulldog";"metalico amsterdam";"https://www.friendlygrow.cl/grinder-metalico-amsterdam-4-partes-con-malla-55-mm?variant=Negro"
0.343;0;0.00;88601;3990;"Rejillas Metálicas Honeypuff para Pipas y Bongs (Pack x5) - Rosa";10249;1;0;"Pack Limpia Bongs Y Pipas Bonglab 30Ml";"pipas bongs";"https://www.friendlygrow.cl/rejillas-metalicas-honeypuff-para-pipas-y-bongs-pack-x5?variant=Rosa"
0.342;0;4.27;88268;1990;"Set Honeypuff 4-en-1: Papel King Size + Tips + Bandeja + Moledor - Lightly Pink";10195;2;8490;"Conos PreEnrolados G-Rollz King Size Pink Banksy (20u)";"king size lightly pink";"https://www.friendlygrow.cl/kits-honeypuff-4-en-1-papel-tips-bandeja-grinder-king-size-slim?variant=Lightly%20Pink"
0.342;0;1.83;88223;10990;"Bong de Silicona Ghostface";11041;2;5990;"Pulsar Adaptador de Silicona para Cartridges";"bong silicona";"https://www.friendlygrow.cl/bong-de-silicona-ghostface"
0.342;0;0.00;88599;3990;"Rejillas Metálicas Honeypuff para Pipas y Bongs (Pack x5) - Amarillo";10248;1;0;"Pack Limpia Bongs Y Pipas Bonglab 250Ml";"pipas bongs";"https://www.friendlygrow.cl/rejillas-metalicas-honeypuff-para-pipas-y-bongs-pack-x5?variant=Amarillo"
0.341;0;1.01;88580;990;"Blunt Organico Honeypuff Sheet Wraps Sabores (Pack x5) - Manzana";11018;2;1000;"Soulblime Blunt Hemp Wraps Chocomint";"blunt wraps sabores";"https://www.friendlygrow.cl/honeypuff-sheet-wraps-envoltorios-de-canamo-con-sabores-pack-x5?variant=Manzana"
0.341;0;1.66;87358;5990;"Moledor de Metal Baked Bunny Tornasol- 4 Partes (50mm)";5515;3;3600;"Moledor Metálico Lion Rolling Circus - 2 Partes";"moledor partes 50mm";"https://www.friendlygrow.cl/grinder-de-metal-baked-bunny-4-partes-50mm-copiar"
0.340;0;0.00;88599;3990;"Rejillas Metálicas Honeypuff para Pipas y Bongs (Pack x5) - Amarillo";10249;1;0;"Pack Limpia Bongs Y Pipas Bonglab 30Ml";"pipas bongs";"https://www.friendlygrow.cl/rejillas-metalicas-honeypuff-para-pipas-y-bongs-pack-x5?variant=Amarillo"
0.340;0;1.31;88449;39990;"Bong Phoenix Glass Doble Percolador 43cms - Azul";10290;3;52191;"Calvo Glass Bong Abejas 35cm";"bong glass doble percolador azul";"https://www.friendlygrow.cl/bong-phoenix-glass-doble-percolador?variant=Azul"
0.338;0;1.69;87662;890;"Papelillos Honeypuff 100 Dolares- King Size + Filtro";10685;2;1500;"Papelillos Vibes Rice King Size Slim";"papelillos king size";"https://www.friendlygrow.cl/papelillos-honeypuff-100-bill-edicion-holografica-king-size"
0.338;0;1.36;87651;30990;"Vaporizador Para Hierbas Yocan Hit - Plateado";10439;3;42100;"DynaVap Vaporizador The B";"vaporizador hierbas";"https://www.friendlygrow.cl/vaporizador-para-hierbas-yocan-hit-kit-100-original?variant=Plateado"
0.338;0;1.36;87652;30990;"Vaporizador Para Hierbas Yocan Hit - Dorado";10439;3;42100;"DynaVap Vaporizador The B";"vaporizador hierbas";"https://www.friendlygrow.cl/vaporizador-para-hierbas-yocan-hit-kit-100-original?variant=Dorado"
0.337;0;1.03;87567;3900;"Downstem de Pyrex Difusor 10cm / 12cm / 13.5cm – Repuesto para Bong 14mm/18mm - 10cms";10401;2;3790;"Difusor Bonglab Logo Negro 14mm 12cm";"difusor 12cm 14mm 18mm";"https://www.friendlygrow.cl/downstem-de-vidrio-difusor-10cm-12cm-135cm-repuesto-para-bong-14mm18mm?variant=10cms"
0.337;0;2.02;87426;4990;"Moledor de Metal Mr. Joint Premium - 4 Partes (50mm) - Diseño 1";6567;3;10100;"Moledor Bulldog Ámsterdam Metálico Silver 4 Partes";"moledor partes 50mm";"https://www.friendlygrow.cl/grinder-de-metal-mr-joint-premium-4-partes-50mm?variant=Dise%C3%B1o%201"
0.337;0;2.02;87428;4990;"Moledor de Metal Mr. Joint Premium - 4 Partes (50mm) - Diseño 3";6567;3;10100;"Moledor Bulldog Ámsterdam Metálico Silver 4 Partes";"moledor partes 50mm";"https://www.friendlygrow.cl/grinder-de-metal-mr-joint-premium-4-partes-50mm?variant=Dise%C3%B1o%203"
0.337;0;2.02;87429;4990;"Moledor de Metal Mr. Joint Premium - 4 Partes (50mm) - Diseño 4";6567;3;10100;"Moledor Bulldog Ámsterdam Metálico Silver 4 Partes";"moledor partes 50mm";"https://www.friendlygrow.cl/grinder-de-metal-mr-joint-premium-4-partes-50mm?variant=Dise%C3%B1o%204"
0.337;0;2.02;87427;4990;"Moledor de Metal Mr. Joint Premium - 4 Partes (50mm) - Diseño 2";6567;3;10100;"Moledor Bulldog Ámsterdam Metálico Silver 4 Partes";"moledor partes 50mm";"https://www.friendlygrow.cl/grinder-de-metal-mr-joint-premium-4-partes-50mm?variant=Dise%C3%B1o%202"
0.337;0;6.61;87647;5990;"Nectar Collector de Silicona Honeycomb";10451;2;39591;"Hemper Vapor Station Bubbler + Nectar Collector";"nectar collector";"https://www.friendlygrow.cl/pipa-silicona-copia-2"
0.336;0;0.00;87490;8900;"Banger de Cuarzo Fondo Plano 90° – Quartz para Dabs 14mm/18mm - 14mm";10208;2;0;"Banger Alto Cuarzo Hembra 14Mm-Bonglab";"banger cuarzo 14mm";"https://www.friendlygrow.cl/banger-de-cuarzo-fondo-plano-90-clavo-quartz-para-dabs-14mm18mm?variant=14mm"
0.336;0;0.00;87491;8900;"Banger de Cuarzo Fondo Plano 90° – Quartz para Dabs 14mm/18mm - 18mm";10208;2;0;"Banger Alto Cuarzo Hembra 14Mm-Bonglab";"banger cuarzo 14mm";"https://www.friendlygrow.cl/banger-de-cuarzo-fondo-plano-90-clavo-quartz-para-dabs-14mm18mm?variant=18mm"
0.336;0;1.41;87492;8900;"Banger de Cuarzo Phoenix Star 90° – Quartz para Dabs 14mm/18mm - 14mm";10119;4;6300;"Banger Cuarzo Simple 90 Grados -Bonglab";"banger cuarzo 90 14mm";"https://www.friendlygrow.cl/banger-de-cuarzo-phoenix-star-90-clavo-quartz-para-dabs-14mm18mm?variant=14mm"
0.336;0;1.41;87493;8900;"Banger de Cuarzo Phoenix Star 90° – Quartz para Dabs 14mm/18mm - 18mm";10119;4;6300;"Banger Cuarzo Simple 90 Grados -Bonglab";"banger cuarzo 90 14mm";"https://www.friendlygrow.cl/banger-de-cuarzo-phoenix-star-90-clavo-quartz-para-dabs-14mm18mm?variant=18mm"
0.335;0;2.72;87457;6990;"Moledor Lightning Colors Metal 55mm - Azul";10671;4;18991;"Moledor Galaxy Lightning Aluminio 63mm";"moledor lightning azul";"https://www.friendlygrow.cl/moledor-lightning-colors-metal-55mm?variant=Azul"
0.335;0;1.49;87677;14990;"Bong de Pyrex Beaker con Borde de Color – Bong de Pyrex con Downstem 20cms - Rosa";5535;4;22400;"Bong Color Cube Bonglab Azul y Verde | Bong Compacto";"bong pyrex color rosa";"https://www.friendlygrow.cl/bong-de-vidrio-beaker-con-borde-de-color-bong-de-pyrex-con-downstem?variant=Rosa"
0.335;0;0.00;87628;11990;"Kit de Banger de Cuarzo Banger Bros - 4 Piezas (Whirlwind)";10208;2;0;"Banger Alto Cuarzo Hembra 14Mm-Bonglab";"banger cuarzo";"https://www.friendlygrow.cl/kit-de-banger-de-cuarzo-banger-bros-4-piezas-whirlwind"
0.334;0;1.69;87358;5990;"Moledor de Metal Baked Bunny Tornasol- 4 Partes (50mm)";6567;3;10100;"Moledor Bulldog Ámsterdam Metálico Silver 4 Partes";"moledor partes 50mm";"https://www.friendlygrow.cl/grinder-de-metal-baked-bunny-4-partes-50mm-copiar"
0.333;0;6.63;87500;7990;"Nectar Collector Donut 🍩 - Verde";10857;2;52990;"Yocan DYNO Nectar Collector Digital";"nectar collector";"https://www.friendlygrow.cl/nectar-collector-donut-%F0%9F%8D%A9?variant=Verde"
0.333;0;1.00;87662;890;"Papelillos Honeypuff 100 Dolares- King Size + Filtro";10068;3;890;"Papelillo Pink King Size Slim- Blazy Susan";"papelillos king size";"https://www.friendlygrow.cl/papelillos-honeypuff-100-bill-edicion-holografica-king-size"
0.333;0;1.35;88564;990;"Blunt Hemp Wraps Honeypuff + Filtros - Honey Cherry Pie (Pack x2)";10733;2;1341;"Lion Rolling Circus Hemp Wraps Terpenes Gelato x2";"blunt hemp wraps x2";"https://www.friendlygrow.cl/honeypuff-hemp-wraps-honey-cherry-pie-pack-x2"
0.333;0;2.72;87459;6990;"Moledor Lightning Colors Metal 55mm - Verde";10671;4;18991;"Moledor Galaxy Lightning Aluminio 63mm";"moledor lightning verde";"https://www.friendlygrow.cl/moledor-lightning-colors-metal-55mm?variant=Verde"
0.333;0;6.63;87498;7990;"Nectar Collector Donut 🍩 - Azul";10857;2;52990;"Yocan DYNO Nectar Collector Digital";"nectar collector";"https://www.friendlygrow.cl/nectar-collector-donut-%F0%9F%8D%A9?variant=Azul"
0.333;0;1.03;87569;3900;"Downstem de Pyrex Difusor 10cm / 12cm / 13.5cm – Repuesto para Bong 14mm/18mm - 13.5cms";10401;2;3790;"Difusor Bonglab Logo Negro 14mm 12cm";"difusor 12cm 14mm 18mm";"https://www.friendlygrow.cl/downstem-de-vidrio-difusor-10cm-12cm-135cm-repuesto-para-bong-14mm18mm?variant=13.5cms"
0.333;0;1.03;87568;3900;"Downstem de Pyrex Difusor 10cm / 12cm / 13.5cm – Repuesto para Bong 14mm/18mm - 12cms";10401;2;3790;"Difusor Bonglab Logo Negro 14mm 12cm";"difusor 12cm 14mm 18mm";"https://www.friendlygrow.cl/downstem-de-vidrio-difusor-10cm-12cm-135cm-repuesto-para-bong-14mm18mm?variant=12cms"
0.332;0;0.00;88265;1990;"Set Honeypuff 4-en-1: Papel King Size + Tips + Bandeja + Moledor - Organic Hemp";10877;2;0;"Shine 24K Papel de Oro King Size";"papel king size";"https://www.friendlygrow.cl/kits-honeypuff-4-en-1-papel-tips-bandeja-grinder-king-size-slim?variant=Organic%20Hemp"
0.331;0;1.35;88568;990;"Blunt Hemp Wraps Honeypuff con Filtros -Honey Grape Ape (Pack x2)";10733;2;1341;"Lion Rolling Circus Hemp Wraps Terpenes Gelato x2";"blunt hemp wraps x2";"https://www.friendlygrow.cl/honeypuff-hemp-wraps-honey-grape-ape-pack-x2"
0.331;0;1.66;87432;5990;"Moledor, Moledor de Metal Alien X OG Labs - 4 Partes (50mm) - Alien 2";5515;3;3600;"Moledor Metálico Lion Rolling Circus - 2 Partes";"moledor partes 50mm";"https://www.friendlygrow.cl/grinder-moledor-de-metal-alien-x-og-labs-4-partes-50mm?variant=Alien%202"
0.331;0;1.66;87434;5990;"Moledor, Moledor de Metal Alien X OG Labs - 4 Partes (50mm) - Alien 3";5515;3;3600;"Moledor Metálico Lion Rolling Circus - 2 Partes";"moledor partes 50mm";"https://www.friendlygrow.cl/grinder-moledor-de-metal-alien-x-og-labs-4-partes-50mm?variant=Alien%203"
0.331;0;1.66;87431;5990;"Moledor, Moledor de Metal Alien X OG Labs - 4 Partes (50mm) - Alien";5515;3;3600;"Moledor Metálico Lion Rolling Circus - 2 Partes";"moledor partes 50mm";"https://www.friendlygrow.cl/grinder-moledor-de-metal-alien-x-og-labs-4-partes-50mm?variant=Alien"
0.331;0;2.22;87437;7990;"Moledor 50mm Splash Effect - 4 Partes ( 4 Diseños ) - Verde/Azul";5515;3;3600;"Moledor Metálico Lion Rolling Circus - 2 Partes";"moledor 50mm partes";"https://www.friendlygrow.cl/grinder-moledor-de-metal-splash-effect-4-partes-50mm?variant=Verde%2FAzul"
0.330;0;6.63;87499;7990;"Nectar Collector Donut 🍩 - Morado";10857;2;52990;"Yocan DYNO Nectar Collector Digital";"nectar collector";"https://www.friendlygrow.cl/nectar-collector-donut-%F0%9F%8D%A9?variant=Morado"
0.329;0;1.12;87897;3900;"Pipa de Silicona Mushroom Cartoon con Bowl de Vidrio - Amarillo";5751;3;3490;"Calvo Glass Quemador Pyrex - Macho 14mm";"bowl vidrio amarillo";"https://www.friendlygrow.cl/pipa-de-silicona-mushroom-cartoon-con-bowl-de-vidrio?variant=Amarillo"
0.328;0;2.22;87435;7990;"Moledor 50mm Splash Effect - 4 Partes ( 4 Diseños ) - Negro/Rojo";5515;3;3600;"Moledor Metálico Lion Rolling Circus - 2 Partes";"moledor 50mm partes";"https://www.friendlygrow.cl/grinder-moledor-de-metal-splash-effect-4-partes-50mm?variant=Negro%2FRojo"
0.328;0;2.22;87438;7990;"Moledor 50mm Splash Effect - 4 Partes ( 4 Diseños ) - Morado/Azul";5515;3;3600;"Moledor Metálico Lion Rolling Circus - 2 Partes";"moledor 50mm partes";"https://www.friendlygrow.cl/grinder-moledor-de-metal-splash-effect-4-partes-50mm?variant=Morado%2FAzul"
0.327;0;2.22;87436;7990;"Moledor 50mm Splash Effect - 4 Partes ( 4 Diseños ) - Azul/Rojo";5515;3;3600;"Moledor Metálico Lion Rolling Circus - 2 Partes";"moledor 50mm partes";"https://www.friendlygrow.cl/grinder-moledor-de-metal-splash-effect-4-partes-50mm?variant=Azul%2FRojo"
0.327;0;4.11;87355;6990;"Grinder Metálico Amsterdam 4 Partes con Malla – 55 mm - Plata";10335;3;1700;"Cenicero Metálico Bulldog";"metalico amsterdam";"https://www.friendlygrow.cl/grinder-metalico-amsterdam-4-partes-con-malla-55-mm?variant=Plata"
0.327;0;0.00;88268;1990;"Set Honeypuff 4-en-1: Papel King Size + Tips + Bandeja + Moledor - Lightly Pink";10877;2;0;"Shine 24K Papel de Oro King Size";"papel king size";"https://www.friendlygrow.cl/kits-honeypuff-4-en-1-papel-tips-bandeja-grinder-king-size-slim?variant=Lightly%20Pink"
0.326;0;0.00;87648;15990;"Nectar Collector de Silicona Planta Cartoon";10213;2;0;"Nectar Collector Torp 18Cm-Bonglab";"nectar collector";"https://www.friendlygrow.cl/pipa-silicona-copia-3"
0.326;0;1.30;88449;39990;"Bong Phoenix Glass Doble Percolador 43cms - Azul";5520;4;51793;"Bongbastic K276 Bonglab Doble Percolador | Bong Grande Borosilicato";"bong doble percolador azul";"https://www.friendlygrow.cl/bong-phoenix-glass-doble-percolador?variant=Azul"
0.326;0;2.18;88042;24990;"Bong Bear de Pyrex – Diseño Cartoon";5538;2;54591;"Hemper Bong Gummy Bear 17cm | PIRANHA";"bong bear";"https://www.friendlygrow.cl/bong-bear-de-vidrio-diseno-cartoon"
0.326;0;4.96;87500;7990;"Nectar Collector Donut 🍩 - Verde";10451;2;39591;"Hemper Vapor Station Bubbler + Nectar Collector";"nectar collector";"https://www.friendlygrow.cl/nectar-collector-donut-%F0%9F%8D%A9?variant=Verde"
0.325;0;6.63;87501;7990;"Nectar Collector Donut 🍩 - Amarillo";10857;2;52990;"Yocan DYNO Nectar Collector Digital";"nectar collector";"https://www.friendlygrow.cl/nectar-collector-donut-%F0%9F%8D%A9?variant=Amarillo"
0.325;0;1.69;87432;5990;"Moledor, Moledor de Metal Alien X OG Labs - 4 Partes (50mm) - Alien 2";6567;3;10100;"Moledor Bulldog Ámsterdam Metálico Silver 4 Partes";"moledor partes 50mm";"https://www.friendlygrow.cl/grinder-moledor-de-metal-alien-x-og-labs-4-partes-50mm?variant=Alien%202"
0.325;0;1.69;87434;5990;"Moledor, Moledor de Metal Alien X OG Labs - 4 Partes (50mm) - Alien 3";6567;3;10100;"Moledor Bulldog Ámsterdam Metálico Silver 4 Partes";"moledor partes 50mm";"https://www.friendlygrow.cl/grinder-moledor-de-metal-alien-x-og-labs-4-partes-50mm?variant=Alien%203"
0.325;0;1.69;87431;5990;"Moledor, Moledor de Metal Alien X OG Labs - 4 Partes (50mm) - Alien";6567;3;10100;"Moledor Bulldog Ámsterdam Metálico Silver 4 Partes";"moledor partes 50mm";"https://www.friendlygrow.cl/grinder-moledor-de-metal-alien-x-og-labs-4-partes-50mm?variant=Alien"
0.324;0;1.26;87437;7990;"Moledor 50mm Splash Effect - 4 Partes ( 4 Diseños ) - Verde/Azul";6567;3;10100;"Moledor Bulldog Ámsterdam Metálico Silver 4 Partes";"moledor 50mm partes";"https://www.friendlygrow.cl/grinder-moledor-de-metal-splash-effect-4-partes-50mm?variant=Verde%2FAzul"
0.324;0;1.30;88448;39990;"Bong Phoenix Glass Doble Percolador 43cms - Verde";5520;4;51793;"Bongbastic K276 Bonglab Doble Percolador | Bong Grande Borosilicato";"bong doble percolador verde";"https://www.friendlygrow.cl/bong-phoenix-glass-doble-percolador?variant=Verde"
0.324;0;0.00;88263;1990;"Set Honeypuff 4-en-1: Papel King Size + Tips + Bandeja + Moledor - Unbleached Brown";10877;2;0;"Shine 24K Papel de Oro King Size";"papel king size";"https://www.friendlygrow.cl/kits-honeypuff-4-en-1-papel-tips-bandeja-grinder-king-size-slim?variant=Unbleached%20Brown"
0.324;0;0.00;88321;5990;"Pipa Silicona Cartoon Colores - Verde";10258;2;0;"Quemador Pro 14 Mm-Bonglab";"colores verde";"https://www.friendlygrow.cl/pipa-silicona-cartoon-colores?variant=Verde"
0.324;0;9.37;88461;3990;"Pipa Silicona Clásica - Rojo/azul";5486;2;37391;"American Helix Pipa Classic Mini 12cm";"pipa rojo azul";"https://www.friendlygrow.cl/pipa-silicona-clasica?variant=Rojo%2Fazul"
0.323;0;5.30;87646;9990;"Nectar Collector de Silicona Rayado";10857;2;52990;"Yocan DYNO Nectar Collector Digital";"nectar collector";"https://www.friendlygrow.cl/pipa-silicona-copia-1"
0.323;0;5.35;87509;9900;"Nectar Collector de Silicona Rocket";10857;2;52990;"Yocan DYNO Nectar Collector Digital";"nectar collector";"https://www.friendlygrow.cl/nectar-collector-de-silicona-rocket"
0.323;0;1.68;87663;590;"Papelillos Honeypuff Tamaño 1 1/4 ( Pink, Thin, Organico, Brown ) - Unbleached Hemp";10868;2;990;"RAW Organic Hemp 1 1/4";"papelillos organico hemp";"https://www.friendlygrow.cl/papelillos-honeypuff-ultra-thin-black-tamano-1-14?variant=Unbleached%20Hemp"
0.323;0;4.96;87499;7990;"Nectar Collector Donut 🍩 - Morado";10451;2;39591;"Hemper Vapor Station Bubbler + Nectar Collector";"nectar collector";"https://www.friendlygrow.cl/nectar-collector-donut-%F0%9F%8D%A9?variant=Morado"
0.322;0;1.12;87858;3900;"Pipa de Silicona Cartoon Cyclope con Bowl de Vidrio - Amarillo";5751;3;3490;"Calvo Glass Quemador Pyrex - Macho 14mm";"bowl vidrio amarillo";"https://www.friendlygrow.cl/pipa-de-silicona-cartoon-cyclope-con-bowl-de-vidrio?variant=Amarillo"
0.322;0;1.26;87435;7990;"Moledor 50mm Splash Effect - 4 Partes ( 4 Diseños ) - Negro/Rojo";6567;3;10100;"Moledor Bulldog Ámsterdam Metálico Silver 4 Partes";"moledor 50mm partes";"https://www.friendlygrow.cl/grinder-moledor-de-metal-splash-effect-4-partes-50mm?variant=Negro%2FRojo"
0.322;0;0.00;87656;3900;"Filtros Stoner Kitty Pink - Frasco de Vidrio con 50 Tips";10584;2;0;"Blazy Susan Boquillas Pink Pre-Picadas 50u";"pink 50 tips";"https://www.friendlygrow.cl/filtros-stoner-kitty-pink-frasco-de-vidrio-con-50-tips"
0.322;0;1.26;87438;7990;"Moledor 50mm Splash Effect - 4 Partes ( 4 Diseños ) - Morado/Azul";6567;3;10100;"Moledor Bulldog Ámsterdam Metálico Silver 4 Partes";"moledor 50mm partes";"https://www.friendlygrow.cl/grinder-moledor-de-metal-splash-effect-4-partes-50mm?variant=Morado%2FAzul"
0.321;0;1.84;87359;5490;"Moledor Baked Bunny Pink Edition - 4 Pisos 50mm ( 6 Diseños ) - Diseño 1";6567;3;10100;"Moledor Bulldog Ámsterdam Metálico Silver 4 Partes";"moledor pisos 50mm";"https://www.friendlygrow.cl/grinder-de-metal-baked-bunny-pink-edition-4-partes-50mm?variant=Dise%C3%B1o%201"
0.321;0;1.84;87364;5490;"Moledor Baked Bunny Pink Edition - 4 Pisos 50mm ( 6 Diseños ) - Diseño 6";6567;3;10100;"Moledor Bulldog Ámsterdam Metálico Silver 4 Partes";"moledor pisos 50mm";"https://www.friendlygrow.cl/grinder-de-metal-baked-bunny-pink-edition-4-partes-50mm?variant=Dise%C3%B1o%206"
0.321;0;1.84;87365;5490;"Moledor Baked Bunny Pink Edition - 4 Pisos 50mm ( 6 Diseños ) - Diseño 7";6567;3;10100;"Moledor Bulldog Ámsterdam Metálico Silver 4 Partes";"moledor pisos 50mm";"https://www.friendlygrow.cl/grinder-de-metal-baked-bunny-pink-edition-4-partes-50mm?variant=Dise%C3%B1o%207"
0.321;0;1.84;87362;5490;"Moledor Baked Bunny Pink Edition - 4 Pisos 50mm ( 6 Diseños ) - Diseño 4";6567;3;10100;"Moledor Bulldog Ámsterdam Metálico Silver 4 Partes";"moledor pisos 50mm";"https://www.friendlygrow.cl/grinder-de-metal-baked-bunny-pink-edition-4-partes-50mm?variant=Dise%C3%B1o%204"
0.321;0;1.84;87360;5490;"Moledor Baked Bunny Pink Edition - 4 Pisos 50mm ( 6 Diseños ) - Diseño 2";6567;3;10100;"Moledor Bulldog Ámsterdam Metálico Silver 4 Partes";"moledor pisos 50mm";"https://www.friendlygrow.cl/grinder-de-metal-baked-bunny-pink-edition-4-partes-50mm?variant=Dise%C3%B1o%202"
0.321;0;1.84;87361;5490;"Moledor Baked Bunny Pink Edition - 4 Pisos 50mm ( 6 Diseños ) - Diseño 3";6567;3;10100;"Moledor Bulldog Ámsterdam Metálico Silver 4 Partes";"moledor pisos 50mm";"https://www.friendlygrow.cl/grinder-de-metal-baked-bunny-pink-edition-4-partes-50mm?variant=Dise%C3%B1o%203"
0.321;0;1.84;87366;5490;"Moledor Baked Bunny Pink Edition - 4 Pisos 50mm ( 6 Diseños ) - Diseño 8";6567;3;10100;"Moledor Bulldog Ámsterdam Metálico Silver 4 Partes";"moledor pisos 50mm";"https://www.friendlygrow.cl/grinder-de-metal-baked-bunny-pink-edition-4-partes-50mm?variant=Dise%C3%B1o%208"
0.321;0;1.84;87363;5490;"Moledor Baked Bunny Pink Edition - 4 Pisos 50mm ( 6 Diseños ) - Diseño 5";6567;3;10100;"Moledor Bulldog Ámsterdam Metálico Silver 4 Partes";"moledor pisos 50mm";"https://www.friendlygrow.cl/grinder-de-metal-baked-bunny-pink-edition-4-partes-50mm?variant=Dise%C3%B1o%205"
0.321;0;1.84;87367;5490;"Moledor Baked Bunny Pink Edition - 4 Pisos 50mm ( 6 Diseños ) - Diseño 9";6567;3;10100;"Moledor Bulldog Ámsterdam Metálico Silver 4 Partes";"moledor pisos 50mm";"https://www.friendlygrow.cl/grinder-de-metal-baked-bunny-pink-edition-4-partes-50mm?variant=Dise%C3%B1o%209"
0.321;0;1.26;87436;7990;"Moledor 50mm Splash Effect - 4 Partes ( 4 Diseños ) - Azul/Rojo";6567;3;10100;"Moledor Bulldog Ámsterdam Metálico Silver 4 Partes";"moledor 50mm partes";"https://www.friendlygrow.cl/grinder-moledor-de-metal-splash-effect-4-partes-50mm?variant=Azul%2FRojo"
0.321;0;1.01;88564;990;"Blunt Hemp Wraps Honeypuff + Filtros - Honey Cherry Pie (Pack x2)";11018;2;1000;"Soulblime Blunt Hemp Wraps Chocomint";"blunt hemp wraps";"https://www.friendlygrow.cl/honeypuff-hemp-wraps-honey-cherry-pie-pack-x2"
0.319;0;1.41;87490;8900;"Banger de Cuarzo Fondo Plano 90° – Quartz para Dabs 14mm/18mm - 14mm";10119;4;6300;"Banger Cuarzo Simple 90 Grados -Bonglab";"banger cuarzo 90 14mm";"https://www.friendlygrow.cl/banger-de-cuarzo-fondo-plano-90-clavo-quartz-para-dabs-14mm18mm?variant=14mm"
0.319;0;1.41;87491;8900;"Banger de Cuarzo Fondo Plano 90° – Quartz para Dabs 14mm/18mm - 18mm";10119;4;6300;"Banger Cuarzo Simple 90 Grados -Bonglab";"banger cuarzo 90 14mm";"https://www.friendlygrow.cl/banger-de-cuarzo-fondo-plano-90-clavo-quartz-para-dabs-14mm18mm?variant=18mm"
0.319;0;1.49;87680;14990;"Bong de Pyrex Beaker con Borde de Color – Bong de Pyrex con Downstem 20cms - Azul";5535;4;22400;"Bong Color Cube Bonglab Azul y Verde | Bong Compacto";"bong pyrex color azul";"https://www.friendlygrow.cl/bong-de-vidrio-beaker-con-borde-de-color-bong-de-pyrex-con-downstem?variant=Azul"
0.319;0;6.63;87511;7990;"Nectar Collector Hot Dog";10857;2;52990;"Yocan DYNO Nectar Collector Digital";"nectar collector";"https://www.friendlygrow.cl/nectar-collector-hot-dog"
0.319;0;6.63;88464;7990;"Nectar Collector Plant Cartoon";10857;2;52990;"Yocan DYNO Nectar Collector Digital";"nectar collector";"https://www.friendlygrow.cl/pipa-silicona-copia"
0.318;0;1.01;88568;990;"Blunt Hemp Wraps Honeypuff con Filtros -Honey Grape Ape (Pack x2)";11018;2;1000;"Soulblime Blunt Hemp Wraps Chocomint";"blunt hemp wraps";"https://www.friendlygrow.cl/honeypuff-hemp-wraps-honey-grape-ape-pack-x2"
0.318;0;4.96;87501;7990;"Nectar Collector Donut 🍩 - Amarillo";10451;2;39591;"Hemper Vapor Station Bubbler + Nectar Collector";"nectar collector";"https://www.friendlygrow.cl/nectar-collector-donut-%F0%9F%8D%A9?variant=Amarillo"
0.317;0;1.49;87678;14990;"Bong de Pyrex Beaker con Borde de Color – Bong de Pyrex con Downstem 20cms - Verde";5535;4;22400;"Bong Color Cube Bonglab Azul y Verde | Bong Compacto";"bong pyrex color verde";"https://www.friendlygrow.cl/bong-de-vidrio-beaker-con-borde-de-color-bong-de-pyrex-con-downstem?variant=Verde"
0.316;0;3.96;87646;9990;"Nectar Collector de Silicona Rayado";10451;2;39591;"Hemper Vapor Station Bubbler + Nectar Collector";"nectar collector";"https://www.friendlygrow.cl/pipa-silicona-copia-1"
0.316;0;4.00;87509;9900;"Nectar Collector de Silicona Rocket";10451;2;39591;"Hemper Vapor Station Bubbler + Nectar Collector";"nectar collector";"https://www.friendlygrow.cl/nectar-collector-de-silicona-rocket"
0.315;0;0.00;87492;8900;"Banger de Cuarzo Phoenix Star 90° – Quartz para Dabs 14mm/18mm - 14mm";5927;2;0;"Bonglab Banger Terp Sluter Cuarzo Macho 14MM";"banger cuarzo 14mm";"https://www.friendlygrow.cl/banger-de-cuarzo-phoenix-star-90-clavo-quartz-para-dabs-14mm18mm?variant=14mm"
0.315;0;0.00;87493;8900;"Banger de Cuarzo Phoenix Star 90° – Quartz para Dabs 14mm/18mm - 18mm";5927;2;0;"Bonglab Banger Terp Sluter Cuarzo Macho 14MM";"banger cuarzo 14mm";"https://www.friendlygrow.cl/banger-de-cuarzo-phoenix-star-90-clavo-quartz-para-dabs-14mm18mm?variant=18mm"
0.314;0;1.30;88568;990;"Blunt Hemp Wraps Honeypuff con Filtros -Honey Grape Ape (Pack x2)";10567;3;1290;"Blunt Hemp Wrap Lion Rolling Circus Rolling Stones Electric Grape";"blunt hemp grape x2";"https://www.friendlygrow.cl/honeypuff-hemp-wraps-honey-grape-ape-pack-x2"
0.314;0;2.24;88268;1990;"Set Honeypuff 4-en-1: Papel King Size + Tips + Bandeja + Moledor - Lightly Pink";10068;3;890;"Papelillo Pink King Size Slim- Blazy Susan";"king size pink";"https://www.friendlygrow.cl/kits-honeypuff-4-en-1-papel-tips-bandeja-grinder-king-size-slim?variant=Lightly%20Pink"
0.313;0;3.02;88564;990;"Blunt Hemp Wraps Honeypuff + Filtros - Honey Cherry Pie (Pack x2)";5708;3;2990;"Blazy Susan Blunt Rose Wraps x2";"blunt wraps x2";"https://www.friendlygrow.cl/honeypuff-hemp-wraps-honey-cherry-pie-pack-x2"
0.313;0;1.31;87494;21990;"Bong Phoenix Star Recycler Compacto 💎🌪️💨 20cms - Negro";11032;2;28800;"Bonglab Bong Pocket Twister 23cm Negro";"bong compacto negro";"https://www.friendlygrow.cl/bong-phoenix-star-recycler-compacto-%F0%9F%92%8E%F0%9F%8C%AA%F0%9F%92%A8?variant=Negro"
0.313;0;6.63;87497;7990;"Nectar Collector Donut 🍩 - Cafe";10857;2;52990;"Yocan DYNO Nectar Collector Digital";"nectar collector";"https://www.friendlygrow.cl/nectar-collector-donut-%F0%9F%8D%A9?variant=Cafe"
0.312;0;1.12;87851;3900;"Pipa de Silicona Cartoon con Bowl de Pyrex - Morado";5751;3;3490;"Calvo Glass Quemador Pyrex - Macho 14mm";"bowl pyrex morado";"https://www.friendlygrow.cl/pipa-de-silicona-cartoon-con-bowl-de-vidrio?variant=Morado"
0.312;0;11.50;88461;3990;"Pipa Silicona Clásica - Rojo/azul";10254;2;45891;"American Helix Pipa Classic 15cm";"pipa rojo azul";"https://www.friendlygrow.cl/pipa-silicona-clasica?variant=Rojo%2Fazul"
0.312;0;0.00;88925;1990;"Cono Pre-enrolado Honeypuff de Petalos Rosa y Boquilla Pyrex - Banana";5750;2;0;"Quemador Rejilla Pyrex 14Mm Cono-Bonglab";"cono rosa pyrex";"https://www.friendlygrow.cl/cono-pre-rolado-honeypuff-rose?variant=Banana"
0.312;0;4.96;87511;7990;"Nectar Collector Hot Dog";10451;2;39591;"Hemper Vapor Station Bubbler + Nectar Collector";"nectar collector";"https://www.friendlygrow.cl/nectar-collector-hot-dog"
0.312;0;4.96;88464;7990;"Nectar Collector Plant Cartoon";10451;2;39591;"Hemper Vapor Station Bubbler + Nectar Collector";"nectar collector";"https://www.friendlygrow.cl/pipa-silicona-copia"
0.311;0;5.91;88134;10990;"Bong de Silicona Monster Cookie Cartoon";10394;2;64990;"BongLab Elty8 Monster Bong 48cm";"bong monster";"https://www.friendlygrow.cl/pipa-de-silicona-monster-cookie-cartoon"
0.311;0;3.12;87815;9990;"Downstem Phoenix Star Difusor Para Bongs de Pyrex - 12,5 cm";10399;4;3200;"Difusor Bonglab Logo Magenta 14mm 12cm";"difusor bongs 12";"https://www.friendlygrow.cl/downstem-de-vidrio-phoenix-star-difusor-adaptador-de-borosilicato-para-bong?variant=12%2C5%20cm"
0.310;0;0.00;88923;1990;"Cono Pre-enrolado Honeypuff de Petalos Rosa y Boquilla Pyrex - Sandia";5750;2;0;"Quemador Rejilla Pyrex 14Mm Cono-Bonglab";"cono rosa pyrex";"https://www.friendlygrow.cl/cono-pre-rolado-honeypuff-rose?variant=Sandia"
0.309;0;0.00;88919;1990;"Cono Pre-enrolado Honeypuff de Petalos Rosa y Boquilla Pyrex - Uva";5750;2;0;"Quemador Rejilla Pyrex 14Mm Cono-Bonglab";"cono rosa pyrex";"https://www.friendlygrow.cl/cono-pre-rolado-honeypuff-rose?variant=Uva"
0.309;0;0.00;88927;1990;"Cono Pre-enrolado Honeypuff de Petalos Rosa y Boquilla Pyrex - Berry";5750;2;0;"Quemador Rejilla Pyrex 14Mm Cono-Bonglab";"cono rosa pyrex";"https://www.friendlygrow.cl/cono-pre-rolado-honeypuff-rose?variant=Berry"
0.309;0;1.12;87902;3900;"Pipa de Silicona Zombie Cartoon con Bowl de Vidrio - Morado";5751;3;3490;"Calvo Glass Quemador Pyrex - Macho 14mm";"bowl vidrio morado";"https://www.friendlygrow.cl/pipa-de-silicona-zombie-cartoon-con-bowl-de-vidrio?variant=Morado"
0.308;0;0.00;88922;1990;"Cono Pre-enrolado Honeypuff de Petalos Rosa y Boquilla Pyrex - Arandano";5750;2;0;"Quemador Rejilla Pyrex 14Mm Cono-Bonglab";"cono rosa pyrex";"https://www.friendlygrow.cl/cono-pre-rolado-honeypuff-rose?variant=Arandano"
0.308;0;4.67;87776;10990;"Bong Devil de Silicona con Bowl de Vidrio - Azul";10291;3;51300;"BongLab Bong K165 Heavy Bowl 50cm";"bong bowl vidrio azul";"https://www.friendlygrow.cl/bong-devil-de-silicona-con-bowl-de-vidrio?variant=Azul"
0.307;0;0.00;88920;1990;"Cono Pre-enrolado Honeypuff de Petalos Rosa y Boquilla Pyrex - Frutilla";5750;2;0;"Quemador Rejilla Pyrex 14Mm Cono-Bonglab";"cono rosa pyrex";"https://www.friendlygrow.cl/cono-pre-rolado-honeypuff-rose?variant=Frutilla"
0.306;0;4.96;87497;7990;"Nectar Collector Donut 🍩 - Cafe";10451;2;39591;"Hemper Vapor Station Bubbler + Nectar Collector";"nectar collector";"https://www.friendlygrow.cl/nectar-collector-donut-%F0%9F%8D%A9?variant=Cafe"
0.306;0;0.00;88929;1990;"Cono Pre-enrolado Honeypuff de Petalos Rosa y Boquilla Pyrex - Manzana";5750;2;0;"Quemador Rejilla Pyrex 14Mm Cono-Bonglab";"cono rosa pyrex";"https://www.friendlygrow.cl/cono-pre-rolado-honeypuff-rose?variant=Manzana"
0.306;0;1.52;87697;18990;"Bong de Pyrex Mini Beaker – Bong Compacto de Pyrex con Downstem 20cms - Verde";11032;2;28800;"Bonglab Bong Pocket Twister 23cm Negro";"bong compacto verde";"https://www.friendlygrow.cl/bong-de-vidrio-mini-beaker-bong-compacto-de-pyrex-con-downstem?variant=Verde"
0.305;0;0.00;88266;1990;"Set Honeypuff 4-en-1: Papel King Size + Tips + Bandeja + Moledor - Ultra Thin Black";10877;2;0;"Shine 24K Papel de Oro King Size";"papel king size";"https://www.friendlygrow.cl/kits-honeypuff-4-en-1-papel-tips-bandeja-grinder-king-size-slim?variant=Ultra%20Thin%20Black"
0.304;0;1.66;87433;5990;"Moledor, Moledor de Metal Alien X OG Labs - 4 Partes (50mm) - Hongo";5515;3;3600;"Moledor Metálico Lion Rolling Circus - 2 Partes";"moledor partes 50mm";"https://www.friendlygrow.cl/grinder-moledor-de-metal-alien-x-og-labs-4-partes-50mm?variant=Hongo"
0.304;0;1.12;87867;3900;"Pipa de Silicona Cartoon Hooded – Bowl de Vidrio - Morado";5751;3;3490;"Calvo Glass Quemador Pyrex - Macho 14mm";"bowl vidrio morado";"https://www.friendlygrow.cl/pipa-de-silicona-cartoon-hooded-bowl-de-vidrio?variant=Morado"
0.303;0;1.84;87368;5490;"Moledor Baked Bunny Pink Edition - 4 Pisos 50mm ( 6 Diseños ) - DIseño 10";6567;3;10100;"Moledor Bulldog Ámsterdam Metálico Silver 4 Partes";"moledor pisos 50mm";"https://www.friendlygrow.cl/grinder-de-metal-baked-bunny-pink-edition-4-partes-50mm?variant=DIse%C3%B1o%2010"
0.303;0;0.00;87502;5990;"Nectar Collector Cactus – Dab Straw de Silicona";10213;2;0;"Nectar Collector Torp 18Cm-Bonglab";"nectar collector";"https://www.friendlygrow.cl/nectar-collector-cactus-dab-straw-de-silicona"
0.303;0;1.52;87696;18990;"Bong de Pyrex Mini Beaker – Bong Compacto de Pyrex con Downstem 20cms - Negro";11032;2;28800;"Bonglab Bong Pocket Twister 23cm Negro";"bong compacto negro";"https://www.friendlygrow.cl/bong-de-vidrio-mini-beaker-bong-compacto-de-pyrex-con-downstem?variant=Negro"
0.302;0;0.00;88931;1990;"Cono Pre-enrolado Honeypuff de Petalos Rosa y Boquilla Pyrex - RoyalRose";5750;2;0;"Quemador Rejilla Pyrex 14Mm Cono-Bonglab";"cono rosa pyrex";"https://www.friendlygrow.cl/cono-pre-rolado-honeypuff-rose?variant=RoyalRose"
0.302;0;1.84;87370;5490;"Moledor Baked Bunny Pink Edition - 4 Pisos 50mm ( 6 Diseños ) - Diseño 12";6567;3;10100;"Moledor Bulldog Ámsterdam Metálico Silver 4 Partes";"moledor pisos 50mm";"https://www.friendlygrow.cl/grinder-de-metal-baked-bunny-pink-edition-4-partes-50mm?variant=Dise%C3%B1o%2012"
0.301;0;3.20;87663;590;"Papelillos Honeypuff Tamaño 1 1/4 ( Pink, Thin, Organico, Brown ) - Unbleached Hemp";5471;3;1890;"Papelillos OCB Cañamo Orgánico 1 1/4 + Tips";"papelillos organico hemp";"https://www.friendlygrow.cl/papelillos-honeypuff-ultra-thin-black-tamano-1-14?variant=Unbleached%20Hemp"
0.300;0;1.84;87369;5490;"Moledor Baked Bunny Pink Edition - 4 Pisos 50mm ( 6 Diseños ) - Diseño 11";6567;3;10100;"Moledor Bulldog Ámsterdam Metálico Silver 4 Partes";"moledor pisos 50mm";"https://www.friendlygrow.cl/grinder-de-metal-baked-bunny-pink-edition-4-partes-50mm?variant=Dise%C3%B1o%2011"
0.300;0;1.12;87853;3900;"Pipa de Silicona Cartoon con Bowl de Pyrex - Verde";5751;3;3490;"Calvo Glass Quemador Pyrex - Macho 14mm";"bowl pyrex verde";"https://www.friendlygrow.cl/pipa-de-silicona-cartoon-con-bowl-de-vidrio?variant=Verde"
0.299;0;1.69;87433;5990;"Moledor, Moledor de Metal Alien X OG Labs - 4 Partes (50mm) - Hongo";6567;3;10100;"Moledor Bulldog Ámsterdam Metálico Silver 4 Partes";"moledor partes 50mm";"https://www.friendlygrow.cl/grinder-moledor-de-metal-alien-x-og-labs-4-partes-50mm?variant=Hongo"
0.299;0;9.37;88462;3990;"Pipa Silicona Clásica - Negro/Azul";5486;2;37391;"American Helix Pipa Classic Mini 12cm";"pipa negro azul";"https://www.friendlygrow.cl/pipa-silicona-clasica?variant=Negro%2FAzul"
0.299;0;1.12;87894;3900;"Pipa de Silicona Mushroom Cartoon con Bowl de Vidrio - Verde";5751;3;3490;"Calvo Glass Quemador Pyrex - Macho 14mm";"bowl vidrio verde";"https://www.friendlygrow.cl/pipa-de-silicona-mushroom-cartoon-con-bowl-de-vidrio?variant=Verde"
0.297;0;3.15;87776;10990;"Bong Devil de Silicona con Bowl de Vidrio - Azul";5751;3;3490;"Calvo Glass Quemador Pyrex - Macho 14mm";"bong bowl vidrio";"https://www.friendlygrow.cl/bong-devil-de-silicona-con-bowl-de-vidrio?variant=Azul"
0.297;0;1.12;87905;3900;"Pipa de Silicona Zombie Cartoon con Bowl de Vidrio - Verde";5751;3;3490;"Calvo Glass Quemador Pyrex - Macho 14mm";"bowl vidrio verde";"https://www.friendlygrow.cl/pipa-de-silicona-zombie-cartoon-con-bowl-de-vidrio?variant=Verde"
0.297;0;0.00;88291;8990;"Pipa de Pyrex Phoenix - Verde";11030;2;0;"Bonglab Quemador con Rejilla Macho 14mm Verde";"pyrex verde";"https://www.friendlygrow.cl/pipa-de-vidrio-phoenix?variant=Verde"
0.297;0;3.31;87648;15990;"Nectar Collector de Silicona Planta Cartoon";10857;2;52990;"Yocan DYNO Nectar Collector Digital";"nectar collector";"https://www.friendlygrow.cl/pipa-silicona-copia-3"
0.296;0;2.55;87661;29990;"Hot Knife Dabber Eléctrico Para Extracciones | Yocan Blade. - Negro";10312;4;76491;"Puffco Hot Knife - Dabber eléctronico";"hot knife dabber electrico";"https://www.friendlygrow.cl/hot-knife-dabber-electrico-para-extracciones-yocan-blade?variant=Negro"
0.296;0;1.12;87849;3900;"Pipa de Silicona Cartoon con Bowl de Pyrex - Negro";5751;3;3490;"Calvo Glass Quemador Pyrex - Macho 14mm";"bowl pyrex negro";"https://www.friendlygrow.cl/pipa-de-silicona-cartoon-con-bowl-de-vidrio?variant=Negro"
0.296;0;1.65;88448;39990;"Bong Phoenix Glass Doble Percolador 43cms - Verde";10409;2;24300;"Calvo Glass Double Skull Rig";"bong glass doble";"https://www.friendlygrow.cl/bong-phoenix-glass-doble-percolador?variant=Verde"
0.296;0;2.22;87658;29990;"Hot Knife Dabber Eléctrico Para Extracciones | Yocan Blade. - Morado";10726;2;66491;"Focus V Saber Dabber Eléctrico";"dabber electrico morado";"https://www.friendlygrow.cl/hot-knife-dabber-electrico-para-extracciones-yocan-blade?variant=Morado"
0.296;0;1.24;87490;8900;"Banger de Cuarzo Fondo Plano 90° – Quartz para Dabs 14mm/18mm - 14mm";5768;4;7200;"BongLab Banger Cuarzo Macho 14 mm – Nail Quartz para Extracciones | GrowBaratoChile";"banger cuarzo quartz 14mm";"https://www.friendlygrow.cl/banger-de-cuarzo-fondo-plano-90-clavo-quartz-para-dabs-14mm18mm?variant=14mm"
0.296;0;1.24;87491;8900;"Banger de Cuarzo Fondo Plano 90° – Quartz para Dabs 14mm/18mm - 18mm";5768;4;7200;"BongLab Banger Cuarzo Macho 14 mm – Nail Quartz para Extracciones | GrowBaratoChile";"banger cuarzo quartz 14mm";"https://www.friendlygrow.cl/banger-de-cuarzo-fondo-plano-90-clavo-quartz-para-dabs-14mm18mm?variant=18mm"
0.296;0;1.65;88449;39990;"Bong Phoenix Glass Doble Percolador 43cms - Azul";10409;2;24300;"Calvo Glass Double Skull Rig";"bong glass doble";"https://www.friendlygrow.cl/bong-phoenix-glass-doble-percolador?variant=Azul"
0.295;0;1.09;88631;19900;"Atrapacenizas Percolador Pyrex - Azul 45°";10309;5;21600;"BongLab AtrapaCenizas Triple HoneyComb - Macho 14mm";"atrapacenizas percolador azul";"https://www.friendlygrow.cl/adaptador-de-vidrio-con-percolador?variant=Azul%2045%C2%B0"
0.295;0;2.55;87658;29990;"Hot Knife Dabber Eléctrico Para Extracciones | Yocan Blade. - Morado";10312;4;76491;"Puffco Hot Knife - Dabber eléctronico";"hot knife dabber electrico";"https://www.friendlygrow.cl/hot-knife-dabber-electrico-para-extracciones-yocan-blade?variant=Morado"
0.295;0;3.15;87772;10990;"Bong Devil de Silicona con Bowl de Vidrio - Rojo";5751;3;3490;"Calvo Glass Quemador Pyrex - Macho 14mm";"bong bowl vidrio";"https://www.friendlygrow.cl/bong-devil-de-silicona-con-bowl-de-vidrio?variant=Rojo"
0.295;0;2.55;87659;29990;"Hot Knife Dabber Eléctrico Para Extracciones | Yocan Blade. - Rojo";10312;4;76491;"Puffco Hot Knife - Dabber eléctronico";"hot knife dabber electrico";"https://www.friendlygrow.cl/hot-knife-dabber-electrico-para-extracciones-yocan-blade?variant=Rojo"
0.294;0;3.15;87771;10990;"Bong Devil de Silicona con Bowl de Vidrio - Rosa";5751;3;3490;"Calvo Glass Quemador Pyrex - Macho 14mm";"bong bowl vidrio";"https://www.friendlygrow.cl/bong-devil-de-silicona-con-bowl-de-vidrio?variant=Rosa"
0.293;0;0.00;88294;8990;"Pipa de Pyrex Phoenix - Rosa";5750;2;0;"Quemador Rejilla Pyrex 14Mm Cono-Bonglab";"pyrex rosa";"https://www.friendlygrow.cl/pipa-de-vidrio-phoenix?variant=Rosa"
0.293;0;1.83;88164;10990;"Bong de Silicona Alien Planeta";11041;2;5990;"Pulsar Adaptador de Silicona para Cartridges";"bong silicona";"https://www.friendlygrow.cl/pipa-de-silicona-alien-planeta"
0.293;0;1.12;87860;3900;"Pipa de Silicona Cartoon Cyclope con Bowl de Vidrio - Verde";5751;3;3490;"Calvo Glass Quemador Pyrex - Macho 14mm";"bowl vidrio verde";"https://www.friendlygrow.cl/pipa-de-silicona-cartoon-cyclope-con-bowl-de-vidrio?variant=Verde"
0.293;0;2.55;87657;29990;"Hot Knife Dabber Eléctrico Para Extracciones | Yocan Blade. - Celeste";10312;4;76491;"Puffco Hot Knife - Dabber eléctronico";"hot knife dabber electrico";"https://www.friendlygrow.cl/hot-knife-dabber-electrico-para-extracciones-yocan-blade?variant=Celeste"
0.292;0;1.80;87696;18990;"Bong de Pyrex Mini Beaker – Bong Compacto de Pyrex con Downstem 20cms - Negro";10457;4;34200;"Bonglab Mini Beaker Kit Extractos";"bong mini beaker compacto";"https://www.friendlygrow.cl/bong-de-vidrio-mini-beaker-bong-compacto-de-pyrex-con-downstem?variant=Negro"
0.292;0;1.12;87877;3900;"Pipa de Silicona Gingerbread Cartoon con Bowl de Vidrio - Verde";5751;3;3490;"Calvo Glass Quemador Pyrex - Macho 14mm";"bowl vidrio verde";"https://www.friendlygrow.cl/pipa-de-silicona-gingerbread-cartoon-con-bowl-de-vidrio?variant=Verde"
0.292;0;1.12;87864;3900;"Pipa de Silicona Cartoon Hooded – Bowl de Vidrio - Verde";5751;3;3490;"Calvo Glass Quemador Pyrex - Macho 14mm";"bowl vidrio verde";"https://www.friendlygrow.cl/pipa-de-silicona-cartoon-hooded-bowl-de-vidrio?variant=Verde"
0.292;0;1.80;87697;18990;"Bong de Pyrex Mini Beaker – Bong Compacto de Pyrex con Downstem 20cms - Verde";10457;4;34200;"Bonglab Mini Beaker Kit Extractos";"bong mini beaker compacto";"https://www.friendlygrow.cl/bong-de-vidrio-mini-beaker-bong-compacto-de-pyrex-con-downstem?variant=Verde"
0.292;0;2.55;87660;29990;"Hot Knife Dabber Eléctrico Para Extracciones | Yocan Blade. - Silver";10312;4;76491;"Puffco Hot Knife - Dabber eléctronico";"hot knife dabber electrico";"https://www.friendlygrow.cl/hot-knife-dabber-electrico-para-extracciones-yocan-blade?variant=Silver"
0.292;0;1.80;87691;18990;"Bong de Pyrex Mini Beaker – Bong Compacto de Pyrex con Downstem 20cms - Azul";10457;4;34200;"Bonglab Mini Beaker Kit Extractos";"bong mini beaker compacto";"https://www.friendlygrow.cl/bong-de-vidrio-mini-beaker-bong-compacto-de-pyrex-con-downstem?variant=Azul"
0.292;0;1.12;87888;3900;"Pipa de Silicona Monster Sad con Bowl de Vidrio - Verde";5751;3;3490;"Calvo Glass Quemador Pyrex - Macho 14mm";"bowl vidrio verde";"https://www.friendlygrow.cl/pipa-de-silicona-monster-sad-con-bowl-de-vidrio?variant=Verde"
0.291;0;12.01;88396;14990;"Vaporizador Lapiz Discreto Friendly Pen Para Cartridges - Negro";10541;3;179990;"Vaporizador G Pen Roam";"vaporizador pen negro";"https://www.friendlygrow.cl/vaporizador-lapiz-discreto-friendly-pen-para-cartridges-510-2?variant=Negro"
0.291;0;2.48;87648;15990;"Nectar Collector de Silicona Planta Cartoon";10451;2;39591;"Hemper Vapor Station Bubbler + Nectar Collector";"nectar collector";"https://www.friendlygrow.cl/pipa-silicona-copia-3"
0.290;0;1.80;87693;18990;"Bong de Pyrex Mini Beaker – Bong Compacto de Pyrex con Downstem 20cms - Morado";10457;4;34200;"Bonglab Mini Beaker Kit Extractos";"bong mini beaker compacto";"https://www.friendlygrow.cl/bong-de-vidrio-mini-beaker-bong-compacto-de-pyrex-con-downstem?variant=Morado"
0.290;0;1.80;87690;18990;"Bong de Pyrex Mini Beaker – Bong Compacto de Pyrex con Downstem 20cms - Rosa";10457;4;34200;"Bonglab Mini Beaker Kit Extractos";"bong mini beaker compacto";"https://www.friendlygrow.cl/bong-de-vidrio-mini-beaker-bong-compacto-de-pyrex-con-downstem?variant=Rosa"
0.289;0;0.00;87526;55000;"10 X Vaporizador Brass Knuckles 900mah Cargador Tipo C";10424;2;0;"Storz & Bickel Cargador Mighty";"vaporizador cargador";"https://www.friendlygrow.cl/10-x-vaporizador-brass-knuckles-900mah-cargador-tipo-c"
0.289;0;2.01;88265;1990;"Set Honeypuff 4-en-1: Papel King Size + Tips + Bandeja + Moledor - Organic Hemp";5418;4;990;"Papelillos RAW Classic King Size Slim - Sabanas";"papel king size";"https://www.friendlygrow.cl/kits-honeypuff-4-en-1-papel-tips-bandeja-grinder-king-size-slim?variant=Organic%20Hemp"
0.288;0;11.50;88462;3990;"Pipa Silicona Clásica - Negro/Azul";10254;2;45891;"American Helix Pipa Classic 15cm";"pipa negro azul";"https://www.friendlygrow.cl/pipa-silicona-clasica?variant=Negro%2FAzul"
0.288;0;0.00;87527;40000;"10 X Vaporizador Brass Knuckles 900mah Cargador USB";10424;2;0;"Storz & Bickel Cargador Mighty";"vaporizador cargador";"https://www.friendlygrow.cl/10-x-vaporizador-brass-knuckles-900mah-cargador-tipo-c-copiar"
0.288;0;1.80;87694;18990;"Bong de Pyrex Mini Beaker – Bong Compacto de Pyrex con Downstem 20cms - Celeste";10457;4;34200;"Bonglab Mini Beaker Kit Extractos";"bong mini beaker compacto";"https://www.friendlygrow.cl/bong-de-vidrio-mini-beaker-bong-compacto-de-pyrex-con-downstem?variant=Celeste"
0.288;0;2.98;87437;7990;"Moledor 50mm Splash Effect - 4 Partes ( 4 Diseños ) - Verde/Azul";10126;3;23800;"Moledor Galaxy de 4 partes y con tamizador";"moledor partes verde azul";"https://www.friendlygrow.cl/grinder-moledor-de-metal-splash-effect-4-partes-50mm?variant=Verde%2FAzul"
0.287;0;8.12;88413;10990;"Repuesto Hot Knife Yocan Dirk";10499;2;89271;"Puffco Pivot Travel Case Daybreak Limited";"hot knife";"https://www.friendlygrow.cl/yocan-dirk-tip"
0.287;0;5.91;87782;10990;"Bong Silicona Monster Slime con Cámara de Pyrex";10394;2;64990;"BongLab Elty8 Monster Bong 48cm";"bong monster";"https://www.friendlygrow.cl/bong-silicona-monster-slime-con-camara-de-vidrio"
0.287;0;35.18;87802;1890;"Dab Tool de Acero con Puntas de Silicona - Banger Bros - Morado";10726;2;66491;"Focus V Saber Dabber Eléctrico";"dab tool morado";"https://www.friendlygrow.cl/dab-tool-de-acero-con-puntas-de-silicona-banger-bros?variant=Morado"
0.286;0;0.00;87546;7900;"Adaptador de Pyrex en U para Dos Bangers – Doble Quemador 14mm/18mm - 18mm";11030;2;0;"Bonglab Quemador con Rejilla Macho 14mm Verde";"pyrex quemador 14mm";"https://www.friendlygrow.cl/adaptador-de-vidrio-en-u-para-dos-bangers-doble-quemador-14mm18mm?variant=18mm"
0.286;0;0.00;87545;7900;"Adaptador de Pyrex en U para Dos Bangers – Doble Quemador 14mm/18mm - 14mm";11030;2;0;"Bonglab Quemador con Rejilla Macho 14mm Verde";"pyrex quemador 14mm";"https://www.friendlygrow.cl/adaptador-de-vidrio-en-u-para-dos-bangers-doble-quemador-14mm18mm?variant=14mm"
0.286;0;1.06;87494;21990;"Bong Phoenix Star Recycler Compacto 💎🌪️💨 20cms - Negro";5525;4;23400;"Dream Rig-Bonglab";"bong recycler compacto negro";"https://www.friendlygrow.cl/bong-phoenix-star-recycler-compacto-%F0%9F%92%8E%F0%9F%8C%AA%F0%9F%92%A8?variant=Negro"
0.286;0;2.99;87354;6990;"Grinder Metálico Amsterdam 4 Partes con Malla – 55 mm - Negro";10188;2;20900;"Moledor Metálico Bulldog Swing Giratorio";"metalico amsterdam";"https://www.friendlygrow.cl/grinder-metalico-amsterdam-4-partes-con-malla-55-mm?variant=Negro"
0.285;0;1.36;88357;14990;"Vaporizador Bateria Alien Doteco Et500 Para Cartridges 510 - Azul";10638;2;10990;"Bateria Galaxy 510";"bateria 510 azul";"https://www.friendlygrow.cl/vaporizador-bateria-alien-doteco-et500-para-cartridges-510-4?variant=Azul"
0.285;0;1.50;88171;8990;"Bong de Silicona Demon Cartoon - Negro";11041;2;5990;"Pulsar Adaptador de Silicona para Cartridges";"bong silicona";"https://www.friendlygrow.cl/pipa-de-silicona-demon-cartoon?variant=Negro"
0.285;0;3.15;87774;10990;"Bong Devil de Silicona con Bowl de Vidrio - Naranja";5751;3;3490;"Calvo Glass Quemador Pyrex - Macho 14mm";"bong bowl vidrio";"https://www.friendlygrow.cl/bong-devil-de-silicona-con-bowl-de-vidrio?variant=Naranja"
0.285;0;6.00;87764;29990;"Bong de Pyrex Phoenix KILLER. Extra Grueso 9MM - 30cms. - Verde";5492;3;5000;"Cabo Heavy Hitter Pyrex";"pyrex 9mm";"https://www.friendlygrow.cl/bong-de-vidrio-phoenix-star-straight-bong-cilindrico-de-borosilicato-con-difusor?variant=Verde"
0.284;0;6.00;87761;29990;"Bong de Pyrex Phoenix KILLER. Extra Grueso 9MM - 30cms. - Azul";5492;3;5000;"Cabo Heavy Hitter Pyrex";"pyrex 9mm";"https://www.friendlygrow.cl/bong-de-vidrio-phoenix-star-straight-bong-cilindrico-de-borosilicato-con-difusor?variant=Azul"
0.284;0;1.83;88173;10990;"Bong de Silicona Demon Cartoon - Verde";11041;2;5990;"Pulsar Adaptador de Silicona para Cartridges";"bong silicona";"https://www.friendlygrow.cl/pipa-de-silicona-demon-cartoon?variant=Verde"
0.283;0;1.83;88172;10990;"Bong de Silicona Demon Cartoon - Azul";11041;2;5990;"Pulsar Adaptador de Silicona para Cartridges";"bong silicona";"https://www.friendlygrow.cl/pipa-de-silicona-demon-cartoon?variant=Azul"
0.283;0;1.31;88448;39990;"Bong Phoenix Glass Doble Percolador 43cms - Verde";10290;3;52191;"Calvo Glass Bong Abejas 35cm";"bong glass doble percolador";"https://www.friendlygrow.cl/bong-phoenix-glass-doble-percolador?variant=Verde"
0.283;0;0.00;87505;5990;"Nectar Collector Chili – Dab Straw de Silicona - Morado";10213;2;0;"Nectar Collector Torp 18Cm-Bonglab";"nectar collector";"https://www.friendlygrow.cl/nectar-collector-chili-dab-straw-de-silicona?variant=Morado"
0.283;0;2.01;88263;1990;"Set Honeypuff 4-en-1: Papel King Size + Tips + Bandeja + Moledor - Unbleached Brown";5418;4;990;"Papelillos RAW Classic King Size Slim - Sabanas";"papel king size";"https://www.friendlygrow.cl/kits-honeypuff-4-en-1-papel-tips-bandeja-grinder-king-size-slim?variant=Unbleached%20Brown"
0.282;0;6.00;87766;29990;"Bong de Pyrex Phoenix KILLER. Extra Grueso 9MM - 30cms. - Morado";5492;3;5000;"Cabo Heavy Hitter Pyrex";"pyrex 9mm";"https://www.friendlygrow.cl/bong-de-vidrio-phoenix-star-straight-bong-cilindrico-de-borosilicato-con-difusor?variant=Morado"
0.282;0;0.00;87628;11990;"Kit de Banger de Cuarzo Banger Bros - 4 Piezas (Whirlwind)";5927;2;0;"Bonglab Banger Terp Sluter Cuarzo Macho 14MM";"banger cuarzo";"https://www.friendlygrow.cl/kit-de-banger-de-cuarzo-banger-bros-4-piezas-whirlwind"
0.282;0;6.00;87759;29990;"Bong de Pyrex Phoenix KILLER. Extra Grueso 9MM - 30cms. - Rojo";5492;3;5000;"Cabo Heavy Hitter Pyrex";"pyrex 9mm";"https://www.friendlygrow.cl/bong-de-vidrio-phoenix-star-straight-bong-cilindrico-de-borosilicato-con-difusor?variant=Rojo"
0.282;0;0.00;87503;5990;"Nectar Collector Chili – Dab Straw de Silicona - Rosa";10213;2;0;"Nectar Collector Torp 18Cm-Bonglab";"nectar collector";"https://www.friendlygrow.cl/nectar-collector-chili-dab-straw-de-silicona?variant=Rosa"
0.281;0;2.08;87487;11990;"Atrapa Cenizas Pyrex Purple (Ash Catcher) 14mm";10717;3;24990;"Bonglab Atrapa Cenizas Slits Macho 14mm 90°";"atrapa cenizas purple 14mm";"https://www.friendlygrow.cl/atrapa-cenizas-pyrex-purple-ash-catcher-14mm"
0.281;0;3.15;87872;10990;"Bong de Silicona Dinosaurio con Bowl de Pyrex";5751;3;3490;"Calvo Glass Quemador Pyrex - Macho 14mm";"bong bowl pyrex";"https://www.friendlygrow.cl/pipa-de-silicona-dinosaurio-con-bowl-de-vidrio"
0.281;0;1.84;87682;18990;"Bong Dab Rig Cloudy Hit 20cm - Diseño Unico - Azul";10226;2;34990;"Calvo Bong Dual Eye Rig 18cm";"bong rig 20cm";"https://www.friendlygrow.cl/bong-de-vidrio-beaker-negro-con-detalles-de-color?variant=Azul"
0.281;0;2.72;87524;6990;"Moledor aluminio 3 pisos 51mm Colores - Rojo";10671;4;18991;"Moledor Galaxy Lightning Aluminio 63mm";"moledor aluminio rojo";"https://www.friendlygrow.cl/grinder-metalico-4-piezas-aluminio-filtro-polen?variant=Rojo"
0.280;0;1.83;87872;10990;"Bong de Silicona Dinosaurio con Bowl de Pyrex";11041;2;5990;"Pulsar Adaptador de Silicona para Cartridges";"bong silicona";"https://www.friendlygrow.cl/pipa-de-silicona-dinosaurio-con-bowl-de-vidrio"
0.280;0;1.84;87683;18990;"Bong Dab Rig Cloudy Hit 20cm - Diseño Unico - Morado";10226;2;34990;"Calvo Bong Dual Eye Rig 18cm";"bong rig 20cm";"https://www.friendlygrow.cl/bong-de-vidrio-beaker-negro-con-detalles-de-color?variant=Morado"
0.280;0;0.00;87506;5990;"Nectar Collector Chili – Dab Straw de Silicona - Amarillo";10213;2;0;"Nectar Collector Torp 18Cm-Bonglab";"nectar collector";"https://www.friendlygrow.cl/nectar-collector-chili-dab-straw-de-silicona?variant=Amarillo"
0.279;0;0.00;87628;11990;"Kit de Banger de Cuarzo Banger Bros - 4 Piezas (Whirlwind)";11031;2;0;"Bonglab Banger Cuarzo Simple 45° Macho 10mm";"banger cuarzo";"https://www.friendlygrow.cl/kit-de-banger-de-cuarzo-banger-bros-4-piezas-whirlwind"
0.279;0;1.83;87674;10990;"Bong de Silicona Cartoon con Bowl de Pyrex - Verde";11041;2;5990;"Pulsar Adaptador de Silicona para Cartridges";"bong silicona";"https://www.friendlygrow.cl/bong-de-silicona-cartoon-con-bowl-de-vidrio?variant=Verde"
0.278;0;1.50;88925;1990;"Cono Pre-enrolado Honeypuff de Petalos Rosa y Boquilla Pyrex - Banana";5710;2;2990;"Futurola x Mike Tyson 3 Conos Pre-enrolados King Size";"cono pre enrolado";"https://www.friendlygrow.cl/cono-pre-rolado-honeypuff-rose?variant=Banana"
0.278;0;1.84;87681;18990;"Bong Dab Rig Cloudy Hit 20cm - Diseño Unico - Rosa";10226;2;34990;"Calvo Bong Dual Eye Rig 18cm";"bong rig 20cm";"https://www.friendlygrow.cl/bong-de-vidrio-beaker-negro-con-detalles-de-color?variant=Rosa"
0.277;0;2.77;88226;24990;"Bong Pyrex Doble Medusa 30CM";5531;3;69300;"Bong Pyrex 28cm Bonglab Space Oddity Clear K306 | Doble Percolación";"bong pyrex doble";"https://www.friendlygrow.cl/bong-pyrex-doble-medusa"
0.277;0;1.50;88923;1990;"Cono Pre-enrolado Honeypuff de Petalos Rosa y Boquilla Pyrex - Sandia";5710;2;2990;"Futurola x Mike Tyson 3 Conos Pre-enrolados King Size";"cono pre enrolado";"https://www.friendlygrow.cl/cono-pre-rolado-honeypuff-rose?variant=Sandia"
0.277;0;1.50;88919;1990;"Cono Pre-enrolado Honeypuff de Petalos Rosa y Boquilla Pyrex - Uva";5710;2;2990;"Futurola x Mike Tyson 3 Conos Pre-enrolados King Size";"cono pre enrolado";"https://www.friendlygrow.cl/cono-pre-rolado-honeypuff-rose?variant=Uva"
0.277;0;1.50;88927;1990;"Cono Pre-enrolado Honeypuff de Petalos Rosa y Boquilla Pyrex - Berry";5710;2;2990;"Futurola x Mike Tyson 3 Conos Pre-enrolados King Size";"cono pre enrolado";"https://www.friendlygrow.cl/cono-pre-rolado-honeypuff-rose?variant=Berry"
0.276;0;2.75;87685;18990;"Bong de Pyrex Honeycomb Beaker - Diseño Panal 25cms - Verde";5536;2;52191;"Bong Beaker Tree Perc 35cm";"bong beaker verde";"https://www.friendlygrow.cl/bong-de-vidrio-estilo-honeycomb-beaker-bong-decorado-con-diseno-panal?variant=Verde"
0.276;0;4.06;88597;3990;"Rejillas Metálicas Honeypuff para Pipas y Bongs (Pack x5) - Verde";5804;1;16200;"Limpiador Bifásico para Bongs y Pipas Mi - GB The Green Brand";"pipas bongs";"https://www.friendlygrow.cl/rejillas-metalicas-honeypuff-para-pipas-y-bongs-pack-x5?variant=Verde"
0.276;0;1.50;88922;1990;"Cono Pre-enrolado Honeypuff de Petalos Rosa y Boquilla Pyrex - Arandano";5710;2;2990;"Futurola x Mike Tyson 3 Conos Pre-enrolados King Size";"cono pre enrolado";"https://www.friendlygrow.cl/cono-pre-rolado-honeypuff-rose?variant=Arandano"
0.276;0;2.75;87696;18990;"Bong de Pyrex Mini Beaker – Bong Compacto de Pyrex con Downstem 20cms - Negro";5536;2;52191;"Bong Beaker Tree Perc 35cm";"bong beaker negro";"https://www.friendlygrow.cl/bong-de-vidrio-mini-beaker-bong-compacto-de-pyrex-con-downstem?variant=Negro"
0.275;0;1.21;87706;24990;"Bong de Pyrex Phoenix Star Ice Catcher – Bong Beaker de Pyrex 40cms - Azul";5773;4;20691;"Classic Ice 26Cm-Bonglab";"bong pyrex ice azul";"https://www.friendlygrow.cl/bong-de-vidrio-phoenix-star-ice-catcher-bong-beaker-de-borosilicato?variant=Azul"
0.275;0;1.50;88920;1990;"Cono Pre-enrolado Honeypuff de Petalos Rosa y Boquilla Pyrex - Frutilla";5710;2;2990;"Futurola x Mike Tyson 3 Conos Pre-enrolados King Size";"cono pre enrolado";"https://www.friendlygrow.cl/cono-pre-rolado-honeypuff-rose?variant=Frutilla"
0.275;0;1.83;87675;10990;"Bong de Silicona Cartoon con Bowl de Pyrex - Morado";11041;2;5990;"Pulsar Adaptador de Silicona para Cartridges";"bong silicona";"https://www.friendlygrow.cl/bong-de-silicona-cartoon-con-bowl-de-vidrio?variant=Morado"
0.275;0;2.99;87355;6990;"Grinder Metálico Amsterdam 4 Partes con Malla – 55 mm - Plata";10188;2;20900;"Moledor Metálico Bulldog Swing Giratorio";"metalico amsterdam";"https://www.friendlygrow.cl/grinder-metalico-amsterdam-4-partes-con-malla-55-mm?variant=Plata"
0.274;0;0.00;88461;3990;"Pipa Silicona Clásica - Rojo/azul";10255;2;0;"Pipa Uno Og Standard Azul-American Helix";"pipa rojo azul";"https://www.friendlygrow.cl/pipa-silicona-clasica?variant=Rojo%2Fazul"
0.274;0;1.83;88176;10990;"Bong de Silicona Happy Mask";11041;2;5990;"Pulsar Adaptador de Silicona para Cartridges";"bong silicona";"https://www.friendlygrow.cl/pipa-de-silicona-happy-mask"
0.274;0;1.50;88929;1990;"Cono Pre-enrolado Honeypuff de Petalos Rosa y Boquilla Pyrex - Manzana";5710;2;2990;"Futurola x Mike Tyson 3 Conos Pre-enrolados King Size";"cono pre enrolado";"https://www.friendlygrow.cl/cono-pre-rolado-honeypuff-rose?variant=Manzana"
0.274;0;0.00;87489;11990;"Atrapa Cenizas Pyrex Verde Fuego (Ash Catcher) 14mm";11030;2;0;"Bonglab Quemador con Rejilla Macho 14mm Verde";"pyrex verde 14mm";"https://www.friendlygrow.cl/atrapa-cenizas-pyrex-ash-catcher-14mm"
0.274;0;1.21;87704;24990;"Bong de Pyrex Phoenix Star Ice Catcher – Bong Beaker de Pyrex 40cms - Verde";5773;4;20691;"Classic Ice 26Cm-Bonglab";"bong pyrex ice verde";"https://www.friendlygrow.cl/bong-de-vidrio-phoenix-star-ice-catcher-bong-beaker-de-borosilicato?variant=Verde"
0.274;0;2.50;87608;15990;"Bong Pyrex Dab Rig Swirl | 21cm | + Quemador Unico De Regalo";10194;3;39990;"Bong Space Opera Rig Ambar 22cm";"bong rig 21cm";"https://www.friendlygrow.cl/bong-pyrex-dab-rig-swirl-21cm"
0.273;0;4.06;88603;3990;"Rejillas Metálicas Honeypuff para Pipas y Bongs (Pack x5) - Rojo";5804;1;16200;"Limpiador Bifásico para Bongs y Pipas Mi - GB The Green Brand";"pipas bongs";"https://www.friendlygrow.cl/rejillas-metalicas-honeypuff-para-pipas-y-bongs-pack-x5?variant=Rojo"
0.273;0;2.85;87661;29990;"Hot Knife Dabber Eléctrico Para Extracciones | Yocan Blade. - Negro";11035;2;85491;"Puffco New Hot Knife Plasma";"hot knife";"https://www.friendlygrow.cl/hot-knife-dabber-electrico-para-extracciones-yocan-blade?variant=Negro"
0.273;0;1.19;88386;16990;"Vaporizador Doteco Cbs Pro Para Cartridges Rosca 510 - Negro";10531;3;14241;"Calvo Glass Batería LED Cartridge 510";"vaporizador pro 510 negro";"https://www.friendlygrow.cl/vaporizador-doteco-cbs-pro-para-cartridges-rosca-510-1?variant=Negro"
0.273;0;4.06;88601;3990;"Rejillas Metálicas Honeypuff para Pipas y Bongs (Pack x5) - Rosa";5804;1;16200;"Limpiador Bifásico para Bongs y Pipas Mi - GB The Green Brand";"pipas bongs";"https://www.friendlygrow.cl/rejillas-metalicas-honeypuff-para-pipas-y-bongs-pack-x5?variant=Rosa"
0.272;0;1.50;88931;1990;"Cono Pre-enrolado Honeypuff de Petalos Rosa y Boquilla Pyrex - RoyalRose";5710;2;2990;"Futurola x Mike Tyson 3 Conos Pre-enrolados King Size";"cono pre enrolado";"https://www.friendlygrow.cl/cono-pre-rolado-honeypuff-rose?variant=RoyalRose"
0.272;0;1.18;87693;18990;"Bong de Pyrex Mini Beaker – Bong Compacto de Pyrex con Downstem 20cms - Morado";5535;4;22400;"Bong Color Cube Bonglab Azul y Verde | Bong Compacto";"bong pyrex compacto";"https://www.friendlygrow.cl/bong-de-vidrio-mini-beaker-bong-compacto-de-pyrex-con-downstem?variant=Morado"
0.272;0;0.00;87681;18990;"Bong Dab Rig Cloudy Hit 20cm - Diseño Unico - Rosa";10216;2;0;"Rig Four Horn-Calvo Glass";"bong rig 20cm";"https://www.friendlygrow.cl/bong-de-vidrio-beaker-negro-con-detalles-de-color?variant=Rosa"
0.271;0;1.21;87700;24990;"Bong de Pyrex Phoenix Star Ice Catcher – Bong Beaker de Pyrex 40cms - Negro";5773;4;20691;"Classic Ice 26Cm-Bonglab";"bong pyrex ice negro";"https://www.friendlygrow.cl/bong-de-vidrio-phoenix-star-ice-catcher-bong-beaker-de-borosilicato?variant=Negro"
0.271;0;4.06;88599;3990;"Rejillas Metálicas Honeypuff para Pipas y Bongs (Pack x5) - Amarillo";5804;1;16200;"Limpiador Bifásico para Bongs y Pipas Mi - GB The Green Brand";"pipas bongs";"https://www.friendlygrow.cl/rejillas-metalicas-honeypuff-para-pipas-y-bongs-pack-x5?variant=Amarillo"
0.271;0;1.83;88170;10990;"Bong de Silicona Demon Cartoon - Naranjo";11041;2;5990;"Pulsar Adaptador de Silicona para Cartridges";"bong silicona";"https://www.friendlygrow.cl/pipa-de-silicona-demon-cartoon?variant=Naranjo"
0.271;0;2.85;87658;29990;"Hot Knife Dabber Eléctrico Para Extracciones | Yocan Blade. - Morado";11035;2;85491;"Puffco New Hot Knife Plasma";"hot knife";"https://www.friendlygrow.cl/hot-knife-dabber-electrico-para-extracciones-yocan-blade?variant=Morado"
0.270;0;1.05;88360;14990;"Vaporizador Bateria Alien Doteco Et500 Para Cartridges 510 - Negro";10531;3;14241;"Calvo Glass Batería LED Cartridge 510";"vaporizador bateria 510 negro";"https://www.friendlygrow.cl/vaporizador-bateria-alien-doteco-et500-para-cartridges-510-4?variant=Negro"
0.270;0;1.54;88266;1990;"Set Honeypuff 4-en-1: Papel King Size + Tips + Bandeja + Moledor - Ultra Thin Black";10272;3;1290;"Papelillos RAW Black King Size Slim - Sabanas";"king size black";"https://www.friendlygrow.cl/kits-honeypuff-4-en-1-papel-tips-bandeja-grinder-king-size-slim?variant=Ultra%20Thin%20Black"
0.270;0;2.60;87788;4990;"Cenicero Mr. Joint - Pyrex con Protector de Silicona - Diseño 1";10371;2;12990;"Blazy Susan Cenicero de Silicona";"cenicero silicona";"https://www.friendlygrow.cl/cenicero-mr-joint-vidrio-con-protector-de-silicona?variant=Dise%C3%B1o%201"
0.270;0;2.60;87794;4990;"Cenicero Mr. Joint - Pyrex con Protector de Silicona - Diseño 5";10371;2;12990;"Blazy Susan Cenicero de Silicona";"cenicero silicona";"https://www.friendlygrow.cl/cenicero-mr-joint-vidrio-con-protector-de-silicona?variant=Dise%C3%B1o%205"
0.270;0;2.60;87789;4990;"Cenicero Mr. Joint - Pyrex con Protector de Silicona - Diseño 2";10371;2;12990;"Blazy Susan Cenicero de Silicona";"cenicero silicona";"https://www.friendlygrow.cl/cenicero-mr-joint-vidrio-con-protector-de-silicona?variant=Dise%C3%B1o%202"
0.270;0;2.60;87790;4990;"Cenicero Mr. Joint - Pyrex con Protector de Silicona - Diseño 3";10371;2;12990;"Blazy Susan Cenicero de Silicona";"cenicero silicona";"https://www.friendlygrow.cl/cenicero-mr-joint-vidrio-con-protector-de-silicona?variant=Dise%C3%B1o%203"
0.270;0;2.60;87792;4990;"Cenicero Mr. Joint - Pyrex con Protector de Silicona - Diseño 4";10371;2;12990;"Blazy Susan Cenicero de Silicona";"cenicero silicona";"https://www.friendlygrow.cl/cenicero-mr-joint-vidrio-con-protector-de-silicona?variant=Dise%C3%B1o%204"
0.270;0;2.85;87659;29990;"Hot Knife Dabber Eléctrico Para Extracciones | Yocan Blade. - Rojo";11035;2;85491;"Puffco New Hot Knife Plasma";"hot knife";"https://www.friendlygrow.cl/hot-knife-dabber-electrico-para-extracciones-yocan-blade?variant=Rojo"
0.270;0;2.36;87558;27450;"Bong de Pyrex Phoenix Star Splash – Bong de Borosilicato con Downstem Difusor 💎💨 45cms";10744;2;64800;"Bonglab Bong KE9 Water Fenix 46cm";"bong pyrex borosilicato";"https://www.friendlygrow.cl/bong-de-vidrio-phoenix-star-splash-bong-de-borosilicato-con-downstem-difusor-%F0%9F%92%8E%F0%9F%92%A8"
0.269;0;1.83;87673;10990;"Bong de Silicona Cartoon con Bowl de Pyrex - Amarillo";11041;2;5990;"Pulsar Adaptador de Silicona para Cartridges";"bong silicona";"https://www.friendlygrow.cl/bong-de-silicona-cartoon-con-bowl-de-vidrio?variant=Amarillo"
0.269;0;1.55;88386;16990;"Vaporizador Doteco Cbs Pro Para Cartridges Rosca 510 - Negro";10638;2;10990;"Bateria Galaxy 510";"rosca 510";"https://www.friendlygrow.cl/vaporizador-doteco-cbs-pro-para-cartridges-rosca-510-1?variant=Negro"
0.268;0;2.42;87608;15990;"Bong Pyrex Dab Rig Swirl | 21cm | + Quemador Unico De Regalo";5527;3;38700;"Bong Bonglab KM8 Viper Rig Teal 21cm | de borosilicato";"bong rig 21cm";"https://www.friendlygrow.cl/bong-pyrex-dab-rig-swirl-21cm"
0.268;0;2.01;88266;1990;"Set Honeypuff 4-en-1: Papel King Size + Tips + Bandeja + Moledor - Ultra Thin Black";5418;4;990;"Papelillos RAW Classic King Size Slim - Sabanas";"papel king size";"https://www.friendlygrow.cl/kits-honeypuff-4-en-1-papel-tips-bandeja-grinder-king-size-slim?variant=Ultra%20Thin%20Black"
0.268;0;1.18;87694;18990;"Bong de Pyrex Mini Beaker – Bong Compacto de Pyrex con Downstem 20cms - Celeste";5535;4;22400;"Bong Color Cube Bonglab Azul y Verde | Bong Compacto";"bong pyrex compacto";"https://www.friendlygrow.cl/bong-de-vidrio-mini-beaker-bong-compacto-de-pyrex-con-downstem?variant=Celeste"
0.268;0;1.55;88390;16990;"Vaporizador Doteco Cbs Pro Para Cartridges Rosca 510 - Verde";10638;2;10990;"Bateria Galaxy 510";"rosca 510";"https://www.friendlygrow.cl/vaporizador-doteco-cbs-pro-para-cartridges-rosca-510-1?variant=Verde"
0.268;0;2.63;87464;7990;"Moledor Mushroom Amanita 69mm - Rosa";11013;2;20990;"Galaxy Moledor Aluminio 63mm Oro Rosa";"moledor rosa";"https://www.friendlygrow.cl/grinder-mushroom-puff-puff-pass-hibrido-metal-y-abs-4-partes?variant=Rosa"
0.268;0;1.14;87527;40000;"10 X Vaporizador Brass Knuckles 900mah Cargador USB";5755;3;34990;"Cargador Mighty Plus Usb-C Supercharger-Storz & Bickel";"cargador usb";"https://www.friendlygrow.cl/10-x-vaporizador-brass-knuckles-900mah-cargador-tipo-c-copiar"
0.268;0;3.48;87678;14990;"Bong de Pyrex Beaker con Borde de Color – Bong de Pyrex con Downstem 20cms - Verde";5536;2;52191;"Bong Beaker Tree Perc 35cm";"bong beaker verde";"https://www.friendlygrow.cl/bong-de-vidrio-beaker-con-borde-de-color-bong-de-pyrex-con-downstem?variant=Verde"
0.267;0;1.35;88572;990;"Blunt Organico Honeypuff Sheet Wraps Sabores (Pack x5) - Banana";10733;2;1341;"Lion Rolling Circus Hemp Wraps Terpenes Gelato x2";"blunt wraps sabores";"https://www.friendlygrow.cl/honeypuff-sheet-wraps-envoltorios-de-canamo-con-sabores-pack-x5?variant=Banana"
0.267;0;1.01;87690;18990;"Bong de Pyrex Mini Beaker – Bong Compacto de Pyrex con Downstem 20cms - Rosa";5528;4;19192;"Pocket Bell -Bonglab";"bong pyrex mini rosa";"https://www.friendlygrow.cl/bong-de-vidrio-mini-beaker-bong-compacto-de-pyrex-con-downstem?variant=Rosa"
0.267;0;2.85;87657;29990;"Hot Knife Dabber Eléctrico Para Extracciones | Yocan Blade. - Celeste";11035;2;85491;"Puffco New Hot Knife Plasma";"hot knife";"https://www.friendlygrow.cl/hot-knife-dabber-electrico-para-extracciones-yocan-blade?variant=Celeste"
0.267;0;1.10;88423;2890;"Bandeja de Enrolado Baked Bunny - Diseño 5";10546;3;3190;"Soulblime Contenedor con Tapa-Bandeja";"bandeja enrolado";"https://www.friendlygrow.cl/bandeja-de-enrolado-baked-bunny?variant=Dise%C3%B1o%205"
0.267;0;1.60;88416;1990;"Bandeja de Enrolado Baked Bunny - Diseño 1";10546;3;3190;"Soulblime Contenedor con Tapa-Bandeja";"bandeja enrolado";"https://www.friendlygrow.cl/bandeja-de-enrolado-baked-bunny?variant=Dise%C3%B1o%201"
0.267;0;1.10;88429;2890;"Bandeja de Enrolado Baked Bunny - Diseño 8";10546;3;3190;"Soulblime Contenedor con Tapa-Bandeja";"bandeja enrolado";"https://www.friendlygrow.cl/bandeja-de-enrolado-baked-bunny?variant=Dise%C3%B1o%208"
0.267;0;1.10;88421;2890;"Bandeja de Enrolado Baked Bunny - Diseño 4";10546;3;3190;"Soulblime Contenedor con Tapa-Bandeja";"bandeja enrolado";"https://www.friendlygrow.cl/bandeja-de-enrolado-baked-bunny?variant=Dise%C3%B1o%204"
0.267;0;1.10;88425;2890;"Bandeja de Enrolado Baked Bunny - Diseño 6";10546;3;3190;"Soulblime Contenedor con Tapa-Bandeja";"bandeja enrolado";"https://www.friendlygrow.cl/bandeja-de-enrolado-baked-bunny?variant=Dise%C3%B1o%206"
0.267;0;1.10;88430;2890;"Bandeja de Enrolado Baked Bunny - Diseño 9";10546;3;3190;"Soulblime Contenedor con Tapa-Bandeja";"bandeja enrolado";"https://www.friendlygrow.cl/bandeja-de-enrolado-baked-bunny?variant=Dise%C3%B1o%209"
0.267;0;1.10;88418;2890;"Bandeja de Enrolado Baked Bunny - Diseño 2";10546;3;3190;"Soulblime Contenedor con Tapa-Bandeja";"bandeja enrolado";"https://www.friendlygrow.cl/bandeja-de-enrolado-baked-bunny?variant=Dise%C3%B1o%202"
0.267;0;1.10;88427;2890;"Bandeja de Enrolado Baked Bunny - Diseño 7";10546;3;3190;"Soulblime Contenedor con Tapa-Bandeja";"bandeja enrolado";"https://www.friendlygrow.cl/bandeja-de-enrolado-baked-bunny?variant=Dise%C3%B1o%207"
0.267;0;0.00;87656;3900;"Filtros Stoner Kitty Pink - Frasco de Vidrio con 50 Tips";11046;2;0;"OCB Boquillas Filtro de Carbón Activado 50 uds.";"filtros 50";"https://www.friendlygrow.cl/filtros-stoner-kitty-pink-frasco-de-vidrio-con-50-tips"
0.266;0;6.91;87675;10990;"Bong de Silicona Cartoon con Bowl de Pyrex - Morado";11010;2;75990;"Bonglab The Sheikh 42cm Azul";"bong morado";"https://www.friendlygrow.cl/bong-de-silicona-cartoon-con-bowl-de-vidrio?variant=Morado"
0.266;0;1.73;88360;14990;"Vaporizador Bateria Alien Doteco Et500 Para Cartridges 510 - Negro";10860;2;25990;"Pulsar 510 DL 3.0 Twist Blue Ridge Haze";"bateria cartridges 510";"https://www.friendlygrow.cl/vaporizador-bateria-alien-doteco-et500-para-cartridges-510-4?variant=Negro"
0.266;0;2.19;87460;6990;"Moledor Lightning Colors Metal 55mm - Morado";5507;2;15291;"Grinder Galaxy Aluminio 55mm";"moledor 55mm morado";"https://www.friendlygrow.cl/moledor-lightning-colors-metal-55mm?variant=Morado"
0.266;0;1.73;88362;14990;"Vaporizador Bateria Alien Doteco Et500 Para Cartridges 510 - Verde";10860;2;25990;"Pulsar 510 DL 3.0 Twist Blue Ridge Haze";"bateria cartridges 510";"https://www.friendlygrow.cl/vaporizador-bateria-alien-doteco-et500-para-cartridges-510-4?variant=Verde"
0.266;0;1.35;88577;990;"Blunt Organico Honeypuff Sheet Wraps Sabores (Pack x5) - Sandia";10733;2;1341;"Lion Rolling Circus Hemp Wraps Terpenes Gelato x2";"blunt wraps sabores";"https://www.friendlygrow.cl/honeypuff-sheet-wraps-envoltorios-de-canamo-con-sabores-pack-x5?variant=Sandia"
0.266;0;1.73;88357;14990;"Vaporizador Bateria Alien Doteco Et500 Para Cartridges 510 - Azul";10860;2;25990;"Pulsar 510 DL 3.0 Twist Blue Ridge Haze";"bateria cartridges 510";"https://www.friendlygrow.cl/vaporizador-bateria-alien-doteco-et500-para-cartridges-510-4?variant=Azul"
0.266;0;1.35;88573;990;"Blunt Organico Honeypuff Sheet Wraps Sabores (Pack x5) - Uva";10733;2;1341;"Lion Rolling Circus Hemp Wraps Terpenes Gelato x2";"blunt wraps sabores";"https://www.friendlygrow.cl/honeypuff-sheet-wraps-envoltorios-de-canamo-con-sabores-pack-x5?variant=Uva"
0.265;0;2.85;87660;29990;"Hot Knife Dabber Eléctrico Para Extracciones | Yocan Blade. - Silver";11035;2;85491;"Puffco New Hot Knife Plasma";"hot knife";"https://www.friendlygrow.cl/hot-knife-dabber-electrico-para-extracciones-yocan-blade?variant=Silver"
0.265;0;1.50;87607;29990;"Bong de Culto #2 – Orb Blue Flow 25cm 800g";10221;2;44900;"Bong Shiva Blue Bonglab 25cm con Percolador | Vidrio Borosilicato";"bong blue 25cm";"https://www.friendlygrow.cl/bong-de-culto-2-orb-blue-flow-25cm-800g"
0.265;0;2.72;87523;6990;"Moledor aluminio 3 pisos 51mm Colores - Azul";10671;4;18991;"Moledor Galaxy Lightning Aluminio 63mm";"moledor aluminio azul";"https://www.friendlygrow.cl/grinder-metalico-4-piezas-aluminio-filtro-polen?variant=Azul"
0.265;0;2.08;87486;11990;"Atrapa Cenizas Pyrex Pink Blue (Ash Catcher) 14mm";10717;3;24990;"Bonglab Atrapa Cenizas Slits Macho 14mm 90°";"atrapa cenizas pink 14mm";"https://www.friendlygrow.cl/atrapa-cenizas-pyrex-ash-catcher-14mm-pink"
0.265;0;24.02;88798;9990;"Vaporizador Para Cartridges Doteco ST650 - Negro";10377;3;239992;"Storz & Bickel Plenty";"vaporizador negro";"https://www.friendlygrow.cl/vaporizador-para-cartridges-doteco-st650?variant=Negro"
0.265;0;1.55;88388;16990;"Vaporizador Doteco Cbs Pro Para Cartridges Rosca 510 - Rosa";10638;2;10990;"Bateria Galaxy 510";"rosca 510";"https://www.friendlygrow.cl/vaporizador-doteco-cbs-pro-para-cartridges-rosca-510-1?variant=Rosa"
0.265;0;1.35;88575;990;"Blunt Organico Honeypuff Sheet Wraps Sabores (Pack x5) - Arandano";10733;2;1341;"Lion Rolling Circus Hemp Wraps Terpenes Gelato x2";"blunt wraps sabores";"https://www.friendlygrow.cl/honeypuff-sheet-wraps-envoltorios-de-canamo-con-sabores-pack-x5?variant=Arandano"
0.265;0;2.48;88462;3990;"Pipa Silicona Clásica - Negro/Azul";10210;3;9900;"Nectar Collector Obelisk 15Cm-Bonglab";"pipa negro azul";"https://www.friendlygrow.cl/pipa-silicona-clasica?variant=Negro%2FAzul"
0.264;0;0.00;88226;24990;"Bong Pyrex Doble Medusa 30CM";10637;2;0;"Mushroom Implosion Rig 30cm";"bong 30cm";"https://www.friendlygrow.cl/bong-pyrex-doble-medusa"
0.264;0;3.48;87679;14990;"Bong de Pyrex Beaker con Borde de Color – Bong de Pyrex con Downstem 20cms - Negro";5536;2;52191;"Bong Beaker Tree Perc 35cm";"bong beaker negro";"https://www.friendlygrow.cl/bong-de-vidrio-beaker-con-borde-de-color-bong-de-pyrex-con-downstem?variant=Negro"
0.264;0;1.73;88358;14990;"Vaporizador Bateria Alien Doteco Et500 Para Cartridges 510 - Morado";10860;2;25990;"Pulsar 510 DL 3.0 Twist Blue Ridge Haze";"bateria cartridges 510";"https://www.friendlygrow.cl/vaporizador-bateria-alien-doteco-et500-para-cartridges-510-4?variant=Morado"
0.264;0;0.00;87546;7900;"Adaptador de Pyrex en U para Dos Bangers – Doble Quemador 14mm/18mm - 18mm";5750;2;0;"Quemador Rejilla Pyrex 14Mm Cono-Bonglab";"pyrex quemador 14mm";"https://www.friendlygrow.cl/adaptador-de-vidrio-en-u-para-dos-bangers-doble-quemador-14mm18mm?variant=18mm"
0.264;0;0.00;87545;7900;"Adaptador de Pyrex en U para Dos Bangers – Doble Quemador 14mm/18mm - 14mm";5750;2;0;"Quemador Rejilla Pyrex 14Mm Cono-Bonglab";"pyrex quemador 14mm";"https://www.friendlygrow.cl/adaptador-de-vidrio-en-u-para-dos-bangers-doble-quemador-14mm18mm?variant=14mm"
0.264;0;1.06;88651;1790;"Cono de Cáñamo Honeypuff - Con Boquilla de Madera - Banana";5471;3;1890;"Papelillos OCB Cañamo Orgánico 1 1/4 + Tips";"canamo boquilla";"https://www.friendlygrow.cl/cono-de-canamo-honeypuff-con-boquilla-de-madera?variant=Banana"
0.263;0;1.35;88580;990;"Blunt Organico Honeypuff Sheet Wraps Sabores (Pack x5) - Manzana";10733;2;1341;"Lion Rolling Circus Hemp Wraps Terpenes Gelato x2";"blunt wraps sabores";"https://www.friendlygrow.cl/honeypuff-sheet-wraps-envoltorios-de-canamo-con-sabores-pack-x5?variant=Manzana"
0.263;0;1.83;88134;10990;"Bong de Silicona Monster Cookie Cartoon";11041;2;5990;"Pulsar Adaptador de Silicona para Cartridges";"bong silicona";"https://www.friendlygrow.cl/pipa-de-silicona-monster-cookie-cartoon"
0.263;0;1.55;88392;16990;"Vaporizador Doteco Cbs Pro Para Cartridges Rosca 510 - Amarillo";10638;2;10990;"Bateria Galaxy 510";"rosca 510";"https://www.friendlygrow.cl/vaporizador-doteco-cbs-pro-para-cartridges-rosca-510-1?variant=Amarillo"
0.263;0;1.06;88657;1790;"Cono de Cáñamo Honeypuff - Con Boquilla de Madera - Mango";5471;3;1890;"Papelillos OCB Cañamo Orgánico 1 1/4 + Tips";"canamo boquilla";"https://www.friendlygrow.cl/cono-de-canamo-honeypuff-con-boquilla-de-madera?variant=Mango"
0.263;0;1.73;88355;14990;"Vaporizador Bateria Alien Doteco Et500 Para Cartridges 510 - Rosa";10860;2;25990;"Pulsar 510 DL 3.0 Twist Blue Ridge Haze";"bateria cartridges 510";"https://www.friendlygrow.cl/vaporizador-bateria-alien-doteco-et500-para-cartridges-510-4?variant=Rosa"
0.263;0;1.57;87526;55000;"10 X Vaporizador Brass Knuckles 900mah Cargador Tipo C";5755;3;34990;"Cargador Mighty Plus Usb-C Supercharger-Storz & Bickel";"cargador tipo";"https://www.friendlygrow.cl/10-x-vaporizador-brass-knuckles-900mah-cargador-tipo-c"
0.263;0;1.50;88133;8990;"Bong de Silicona Alien Triple Ojo";11041;2;5990;"Pulsar Adaptador de Silicona para Cartridges";"bong silicona";"https://www.friendlygrow.cl/pipa-de-silicona-alien-triple-ojo"
0.262;0;0.00;87928;350000;"100 X Vaporizador Brass Knuckles 900mah Para Cartridge Cargador USB";10424;2;0;"Storz & Bickel Cargador Mighty";"vaporizador cargador";"https://www.friendlygrow.cl/100-x-vaporizador-brass-knuckles-900mah-para-cartridge"
0.262;0;1.83;87778;10990;"Bong Devil de Silicona con Bowl de Vidrio - Verde";11041;2;5990;"Pulsar Adaptador de Silicona para Cartridges";"bong silicona";"https://www.friendlygrow.cl/bong-devil-de-silicona-con-bowl-de-vidrio?variant=Verde"
0.261;0;1.06;88648;1790;"Cono de Cáñamo Honeypuff - Con Boquilla de Madera - Sandia";5471;3;1890;"Papelillos OCB Cañamo Orgánico 1 1/4 + Tips";"canamo boquilla";"https://www.friendlygrow.cl/cono-de-canamo-honeypuff-con-boquilla-de-madera?variant=Sandia"
0.261;0;1.58;88358;14990;"Vaporizador Bateria Alien Doteco Et500 Para Cartridges 510 - Morado";10453;4;9500;"Calvo Glass Batería Cartridge 510";"vaporizador bateria 510 morado";"https://www.friendlygrow.cl/vaporizador-bateria-alien-doteco-et500-para-cartridges-510-4?variant=Morado"
0.261;0;1.53;88360;14990;"Vaporizador Bateria Alien Doteco Et500 Para Cartridges 510 - Negro";10861;2;22990;"Pulsar 510 DL Scribe Negro";"bateria 510 negro";"https://www.friendlygrow.cl/vaporizador-bateria-alien-doteco-et500-para-cartridges-510-4?variant=Negro"
0.261;0;1.06;88649;1790;"Cono de Cáñamo Honeypuff - Con Boquilla de Madera - Uva";5471;3;1890;"Papelillos OCB Cañamo Orgánico 1 1/4 + Tips";"canamo boquilla";"https://www.friendlygrow.cl/cono-de-canamo-honeypuff-con-boquilla-de-madera?variant=Uva"
0.261;0;1.83;87776;10990;"Bong Devil de Silicona con Bowl de Vidrio - Azul";11041;2;5990;"Pulsar Adaptador de Silicona para Cartridges";"bong silicona";"https://www.friendlygrow.cl/bong-devil-de-silicona-con-bowl-de-vidrio?variant=Azul"
0.261;0;1.36;87557;49990;"Bong de Pyrex Phoenix Star Recycler con Perc Sphere – Bong Premium de Alta Filtración 30cms - Negro";10166;3;68000;"Bong Bonglab K47 Medusa 30 cm | 7 Percoladores Alta Filtración";"bong alta filtracion";"https://www.friendlygrow.cl/bong-de-vidrio-phoenix-star-recycler-con-perc-sphere-bong-premium-de-alta-filtracion-1?variant=Negro"
0.261;0;1.36;88398;14990;"Vaporizador Lapiz Discreto Friendly Pen Para Cartridges - Blanco";10638;2;10990;"Bateria Galaxy 510";"pen blanco";"https://www.friendlygrow.cl/vaporizador-lapiz-discreto-friendly-pen-para-cartridges-510-2?variant=Blanco"
0.260;0;2.23;88255;10990;"🦄 Bong de Silicona Unicornio Resistente, portátil y con estilo - Rosa";5341;4;24500;"Bong Jelly Drop Bonglab | Bong de Vidrio Compacto y Resistente";"bong resistente rosa";"https://www.friendlygrow.cl/contenedor-de-silicona-unicornio?variant=Rosa"
0.260;0;1.06;88655;1790;"Cono de Cáñamo Honeypuff - Con Boquilla de Madera - Vainilla";5471;3;1890;"Papelillos OCB Cañamo Orgánico 1 1/4 + Tips";"canamo boquilla";"https://www.friendlygrow.cl/cono-de-canamo-honeypuff-con-boquilla-de-madera?variant=Vainilla"
0.260;0;1.36;87555;49990;"Bong de Pyrex Phoenix Star Recycler con Perc Sphere – Bong Premium de Alta Filtración 30cms - Verde";10166;3;68000;"Bong Bonglab K47 Medusa 30 cm | 7 Percoladores Alta Filtración";"bong alta filtracion";"https://www.friendlygrow.cl/bong-de-vidrio-phoenix-star-recycler-con-perc-sphere-bong-premium-de-alta-filtracion-1?variant=Verde"
0.260;0;1.36;87553;49990;"Bong de Pyrex Phoenix Star Recycler con Perc Sphere – Bong Premium de Alta Filtración 30cms - Azul";10166;3;68000;"Bong Bonglab K47 Medusa 30 cm | 7 Percoladores Alta Filtración";"bong alta filtracion";"https://www.friendlygrow.cl/bong-de-vidrio-phoenix-star-recycler-con-perc-sphere-bong-premium-de-alta-filtracion-1?variant=Azul"
0.260;0;1.88;88255;10990;"🦄 Bong de Silicona Unicornio Resistente, portátil y con estilo - Rosa";5773;4;20691;"Classic Ice 26Cm-Bonglab";"bong resistente rosa";"https://www.friendlygrow.cl/contenedor-de-silicona-unicornio?variant=Rosa"
0.260;0;1.01;87557;49990;"Bong de Pyrex Phoenix Star Recycler con Perc Sphere – Bong Premium de Alta Filtración 30cms - Negro";10408;3;49500;"BongLab Bong K99 Octopus 30cm";"bong alta filtracion";"https://www.friendlygrow.cl/bong-de-vidrio-phoenix-star-recycler-con-perc-sphere-bong-premium-de-alta-filtracion-1?variant=Negro"
0.260;0;1.06;88653;1790;"Cono de Cáñamo Honeypuff - Con Boquilla de Madera - Arandano";5471;3;1890;"Papelillos OCB Cañamo Orgánico 1 1/4 + Tips";"canamo boquilla";"https://www.friendlygrow.cl/cono-de-canamo-honeypuff-con-boquilla-de-madera?variant=Arandano"
0.260;0;1.58;88355;14990;"Vaporizador Bateria Alien Doteco Et500 Para Cartridges 510 - Rosa";10710;3;23741;"Calvo Batería Hide Cartridge 510 650mAh";"vaporizador bateria 510 rosa";"https://www.friendlygrow.cl/vaporizador-bateria-alien-doteco-et500-para-cartridges-510-4?variant=Rosa"
0.260;0;1.01;87555;49990;"Bong de Pyrex Phoenix Star Recycler con Perc Sphere – Bong Premium de Alta Filtración 30cms - Verde";10408;3;49500;"BongLab Bong K99 Octopus 30cm";"bong alta filtracion";"https://www.friendlygrow.cl/bong-de-vidrio-phoenix-star-recycler-con-perc-sphere-bong-premium-de-alta-filtracion-1?variant=Verde"
0.260;0;1.01;87553;49990;"Bong de Pyrex Phoenix Star Recycler con Perc Sphere – Bong Premium de Alta Filtración 30cms - Azul";10408;3;49500;"BongLab Bong K99 Octopus 30cm";"bong alta filtracion";"https://www.friendlygrow.cl/bong-de-vidrio-phoenix-star-recycler-con-perc-sphere-bong-premium-de-alta-filtracion-1?variant=Azul"
0.259;0;1.43;87733;47500;"Bong de Pyrex Phoenix Star Recycler con Perc Sphere – Bong Premium de Alta Filtración 40cms - Verde";10166;3;68000;"Bong Bonglab K47 Medusa 30 cm | 7 Percoladores Alta Filtración";"bong alta filtracion";"https://www.friendlygrow.cl/bong-de-vidrio-phoenix-star-recycler-con-perc-sphere-bong-premium-de-alta-filtracion?variant=Verde"
0.259;0;1.68;88242;8490;"Vaporizador Bateria Brass Knukles Smart Pro 650mah - Edicion Friendly - Blanco";10531;3;14241;"Calvo Glass Batería LED Cartridge 510";"vaporizador bateria pro blanco";"https://www.friendlygrow.cl/brassknukles-smart-pro-650mah?variant=Blanco"
0.259;0;1.43;87732;47500;"Bong de Pyrex Phoenix Star Recycler con Perc Sphere – Bong Premium de Alta Filtración 40cms - Azul";10166;3;68000;"Bong Bonglab K47 Medusa 30 cm | 7 Percoladores Alta Filtración";"bong alta filtracion";"https://www.friendlygrow.cl/bong-de-vidrio-phoenix-star-recycler-con-perc-sphere-bong-premium-de-alta-filtracion?variant=Azul"
0.259;0;3.07;87436;7990;"Moledor 50mm Splash Effect - 4 Partes ( 4 Diseños ) - Azul/Rojo";10734;2;24493;"Moledor Blazy Susan Aluminio 60mm 4 Partes";"moledor partes azul rojo";"https://www.friendlygrow.cl/grinder-moledor-de-metal-splash-effect-4-partes-50mm?variant=Azul%2FRojo"
0.259;0;1.36;87552;49990;"Bong de Pyrex Phoenix Star Recycler con Perc Sphere – Bong Premium de Alta Filtración 30cms - Morado";10166;3;68000;"Bong Bonglab K47 Medusa 30 cm | 7 Percoladores Alta Filtración";"bong alta filtracion";"https://www.friendlygrow.cl/bong-de-vidrio-phoenix-star-recycler-con-perc-sphere-bong-premium-de-alta-filtracion-1?variant=Morado"
0.259;0;1.01;88311;6990;"Pipa Silicona Cartoon Blue - Azul";10375;2;6951;"Calvo Glass Difusor Premium 14mm";"blue azul";"https://www.friendlygrow.cl/pipa-silicona-cartoon-blue?variant=Azul"
0.259;0;1.04;87733;47500;"Bong de Pyrex Phoenix Star Recycler con Perc Sphere – Bong Premium de Alta Filtración 40cms - Verde";10408;3;49500;"BongLab Bong K99 Octopus 30cm";"bong alta filtracion";"https://www.friendlygrow.cl/bong-de-vidrio-phoenix-star-recycler-con-perc-sphere-bong-premium-de-alta-filtracion?variant=Verde"
0.259;0;0.00;87656;3900;"Filtros Stoner Kitty Pink - Frasco de Vidrio con 50 Tips";10242;2;0;"Blazy Susan Filtros de carbón activado Xtra Slim 50 uds.";"filtros pink 50";"https://www.friendlygrow.cl/filtros-stoner-kitty-pink-frasco-de-vidrio-con-50-tips"
0.259;0;3.48;88130;6990;"Pipa de Madera Doble Cournot - Boquilla Double Barrel para Conos";10409;2;24300;"Calvo Glass Double Skull Rig";"doble double";"https://www.friendlygrow.cl/pipa-de-madera-doble-cournot-boquilla-double-barrel-para-conos"
0.258;0;1.04;87732;47500;"Bong de Pyrex Phoenix Star Recycler con Perc Sphere – Bong Premium de Alta Filtración 40cms - Azul";10408;3;49500;"BongLab Bong K99 Octopus 30cm";"bong alta filtracion";"https://www.friendlygrow.cl/bong-de-vidrio-phoenix-star-recycler-con-perc-sphere-bong-premium-de-alta-filtracion?variant=Azul"
0.258;0;1.01;87552;49990;"Bong de Pyrex Phoenix Star Recycler con Perc Sphere – Bong Premium de Alta Filtración 30cms - Morado";10408;3;49500;"BongLab Bong K99 Octopus 30cm";"bong alta filtracion";"https://www.friendlygrow.cl/bong-de-vidrio-phoenix-star-recycler-con-perc-sphere-bong-premium-de-alta-filtracion-1?variant=Morado"
0.258;0;2.80;88243;8490;"Vaporizador Bateria Brass Knukles Smart Pro 650mah - Edicion Friendly - Negro";10710;3;23741;"Calvo Batería Hide Cartridge 510 650mAh";"vaporizador bateria 650mah negro";"https://www.friendlygrow.cl/brassknukles-smart-pro-650mah?variant=Negro"
0.258;0;1.36;87551;49990;"Bong de Pyrex Phoenix Star Recycler con Perc Sphere – Bong Premium de Alta Filtración 30cms - Rosa";10166;3;68000;"Bong Bonglab K47 Medusa 30 cm | 7 Percoladores Alta Filtración";"bong alta filtracion";"https://www.friendlygrow.cl/bong-de-vidrio-phoenix-star-recycler-con-perc-sphere-bong-premium-de-alta-filtracion-1?variant=Rosa"
0.258;0;2.09;87704;24990;"Bong de Pyrex Phoenix Star Ice Catcher – Bong Beaker de Pyrex 40cms - Verde";5536;2;52191;"Bong Beaker Tree Perc 35cm";"bong beaker verde";"https://www.friendlygrow.cl/bong-de-vidrio-phoenix-star-ice-catcher-bong-beaker-de-borosilicato?variant=Verde"
0.258;0;1.43;87736;47500;"Bong de Pyrex Phoenix Star Recycler con Perc Sphere – Bong Premium de Alta Filtración 40cms - Morado";10166;3;68000;"Bong Bonglab K47 Medusa 30 cm | 7 Percoladores Alta Filtración";"bong alta filtracion";"https://www.friendlygrow.cl/bong-de-vidrio-phoenix-star-recycler-con-perc-sphere-bong-premium-de-alta-filtracion?variant=Morado"
0.258;0;1.10;88528;2890;"Contenedor Pyrex con tapa de Silicona 5ml";10546;3;3190;"Soulblime Contenedor con Tapa-Bandeja";"contenedor tapa";"https://www.friendlygrow.cl/weaita-rara-2"
0.257;0;1.01;87551;49990;"Bong de Pyrex Phoenix Star Recycler con Perc Sphere – Bong Premium de Alta Filtración 30cms - Rosa";10408;3;49500;"BongLab Bong K99 Octopus 30cm";"bong alta filtracion";"https://www.friendlygrow.cl/bong-de-vidrio-phoenix-star-recycler-con-perc-sphere-bong-premium-de-alta-filtracion-1?variant=Rosa"
0.257;0;1.04;87736;47500;"Bong de Pyrex Phoenix Star Recycler con Perc Sphere – Bong Premium de Alta Filtración 40cms - Morado";10408;3;49500;"BongLab Bong K99 Octopus 30cm";"bong alta filtracion";"https://www.friendlygrow.cl/bong-de-vidrio-phoenix-star-recycler-con-perc-sphere-bong-premium-de-alta-filtracion?variant=Morado"
0.257;0;1.83;87772;10990;"Bong Devil de Silicona con Bowl de Vidrio - Rojo";11041;2;5990;"Pulsar Adaptador de Silicona para Cartridges";"bong silicona";"https://www.friendlygrow.cl/bong-devil-de-silicona-con-bowl-de-vidrio?variant=Rojo"
0.257;0;1.43;87728;47500;"Bong de Pyrex Phoenix Star Recycler con Perc Sphere – Bong Premium de Alta Filtración 40cms - Rosa";10166;3;68000;"Bong Bonglab K47 Medusa 30 cm | 7 Percoladores Alta Filtración";"bong alta filtracion";"https://www.friendlygrow.cl/bong-de-vidrio-phoenix-star-recycler-con-perc-sphere-bong-premium-de-alta-filtracion?variant=Rosa"
0.257;0;2.19;87457;6990;"Moledor Lightning Colors Metal 55mm - Azul";5507;2;15291;"Grinder Galaxy Aluminio 55mm";"moledor 55mm azul";"https://www.friendlygrow.cl/moledor-lightning-colors-metal-55mm?variant=Azul"
0.256;0;8.97;88281;3900;"Pipa de Silicona Monster - Rojo";10754;2;34990;"Special Blue Soplete Monster Pro Doble Llama";"monster rojo";"https://www.friendlygrow.cl/pipa-de-silicona-monster?variant=Rojo"
0.256;0;1.04;87728;47500;"Bong de Pyrex Phoenix Star Recycler con Perc Sphere – Bong Premium de Alta Filtración 40cms - Rosa";10408;3;49500;"BongLab Bong K99 Octopus 30cm";"bong alta filtracion";"https://www.friendlygrow.cl/bong-de-vidrio-phoenix-star-recycler-con-perc-sphere-bong-premium-de-alta-filtracion?variant=Rosa"
0.256;0;1.36;87554;49990;"Bong de Pyrex Phoenix Star Recycler con Perc Sphere – Bong Premium de Alta Filtración 30cms - Celeste";10166;3;68000;"Bong Bonglab K47 Medusa 30 cm | 7 Percoladores Alta Filtración";"bong alta filtracion";"https://www.friendlygrow.cl/bong-de-vidrio-phoenix-star-recycler-con-perc-sphere-bong-premium-de-alta-filtracion-1?variant=Celeste"
0.256;0;1.36;87751;49990;"Bong de Pyrex Phoenix Star Recycler Multi Perc – Bong de Alta Filtración Premium 35cms - Verde";10166;3;68000;"Bong Bonglab K47 Medusa 30 cm | 7 Percoladores Alta Filtración";"bong alta filtracion";"https://www.friendlygrow.cl/bong-de-vidrio-phoenix-star-recycler-multi-perc-bong-de-alta-filtracion-premium?variant=Verde"
0.256;0;3.07;87438;7990;"Moledor 50mm Splash Effect - 4 Partes ( 4 Diseños ) - Morado/Azul";10734;2;24493;"Moledor Blazy Susan Aluminio 60mm 4 Partes";"moledor partes morado azul";"https://www.friendlygrow.cl/grinder-moledor-de-metal-splash-effect-4-partes-50mm?variant=Morado%2FAzul"
0.256;0;2.10;87712;28990;"Bong de Pyrex Phoenix Star Recto con Perc y Asa – Bong Alto de Alta Filtración 43cms - Morado";10289;4;60891;"Calvo Glass Bong Monster 42cm";"bong recto perc morado";"https://www.friendlygrow.cl/bong-de-vidrio-phoenix-star-recto-con-perc-y-asa-bong-alto-de-alta-filtracion?variant=Morado"
0.256;0;1.83;87771;10990;"Bong Devil de Silicona con Bowl de Vidrio - Rosa";11041;2;5990;"Pulsar Adaptador de Silicona para Cartridges";"bong silicona";"https://www.friendlygrow.cl/bong-devil-de-silicona-con-bowl-de-vidrio?variant=Rosa"
0.256;0;1.36;87755;49990;"Bong de Pyrex Phoenix Star Recycler Multi Perc – Bong de Alta Filtración Premium 35cms - Azul";10166;3;68000;"Bong Bonglab K47 Medusa 30 cm | 7 Percoladores Alta Filtración";"bong alta filtracion";"https://www.friendlygrow.cl/bong-de-vidrio-phoenix-star-recycler-multi-perc-bong-de-alta-filtracion-premium?variant=Azul"
0.256;0;0.00;87565;7990;"Bowl de Pyrex Phoenix Star Diseño Cuerno – Accesorio para Bong 14mm/18mm - Verde";11030;2;0;"Bonglab Quemador con Rejilla Macho 14mm Verde";"pyrex 14mm verde";"https://www.friendlygrow.cl/bowl-de-vidrio-phoenix-star-diseno-cuerno-accesorio-para-bong-14mm18mm?variant=Verde"
0.256;0;1.01;87554;49990;"Bong de Pyrex Phoenix Star Recycler con Perc Sphere – Bong Premium de Alta Filtración 30cms - Celeste";10408;3;49500;"BongLab Bong K99 Octopus 30cm";"bong alta filtracion";"https://www.friendlygrow.cl/bong-de-vidrio-phoenix-star-recycler-con-perc-sphere-bong-premium-de-alta-filtracion-1?variant=Celeste"
0.256;0;1.63;87664;490;"Papelillos Honeypuff Tamaño 1 1/4 ( Pink, Thin, Organico, Brown ) - Ultra Thin";10880;2;800;"Khemo Organic 1 1/4";"papelillos organico";"https://www.friendlygrow.cl/papelillos-honeypuff-ultra-thin-black-tamano-1-14?variant=Ultra%20Thin"
0.256;0;1.01;87751;49990;"Bong de Pyrex Phoenix Star Recycler Multi Perc – Bong de Alta Filtración Premium 35cms - Verde";10408;3;49500;"BongLab Bong K99 Octopus 30cm";"bong alta filtracion";"https://www.friendlygrow.cl/bong-de-vidrio-phoenix-star-recycler-multi-perc-bong-de-alta-filtracion-premium?variant=Verde"
0.255;0;3.07;87435;7990;"Moledor 50mm Splash Effect - 4 Partes ( 4 Diseños ) - Negro/Rojo";10734;2;24493;"Moledor Blazy Susan Aluminio 60mm 4 Partes";"moledor partes negro rojo";"https://www.friendlygrow.cl/grinder-moledor-de-metal-splash-effect-4-partes-50mm?variant=Negro%2FRojo"
0.255;0;1.01;87755;49990;"Bong de Pyrex Phoenix Star Recycler Multi Perc – Bong de Alta Filtración Premium 35cms - Azul";10408;3;49500;"BongLab Bong K99 Octopus 30cm";"bong alta filtracion";"https://www.friendlygrow.cl/bong-de-vidrio-phoenix-star-recycler-multi-perc-bong-de-alta-filtracion-premium?variant=Azul"
0.255;0;1.55;88385;16990;"Vaporizador Doteco Cbs Pro Para Cartridges Rosca 510 - Aleatorio";10638;2;10990;"Bateria Galaxy 510";"rosca 510";"https://www.friendlygrow.cl/vaporizador-doteco-cbs-pro-para-cartridges-rosca-510-1?variant=Aleatorio"
0.255;0;1.22;87724;82900;"Bong de Pyrex Phoenix Star Recycler con Perc Dome – Bong Premium de Alta Filtración 35cms - Verde";10166;3;68000;"Bong Bonglab K47 Medusa 30 cm | 7 Percoladores Alta Filtración";"bong alta filtracion";"https://www.friendlygrow.cl/bong-de-vidrio-phoenix-star-recycler-con-perc-dome-bong-premium-de-alta-filtracion?variant=Verde"
0.255;0;1.27;87663;590;"Papelillos Honeypuff Tamaño 1 1/4 ( Pink, Thin, Organico, Brown ) - Unbleached Hemp";10299;2;750;"LRC Papelillos Unbleached 1 1/4";"papelillos unbleached";"https://www.friendlygrow.cl/papelillos-honeypuff-ultra-thin-black-tamano-1-14?variant=Unbleached%20Hemp"
0.255;0;1.22;87722;82900;"Bong de Pyrex Phoenix Star Recycler con Perc Dome – Bong Premium de Alta Filtración 35cms - Azul";10166;3;68000;"Bong Bonglab K47 Medusa 30 cm | 7 Percoladores Alta Filtración";"bong alta filtracion";"https://www.friendlygrow.cl/bong-de-vidrio-phoenix-star-recycler-con-perc-dome-bong-premium-de-alta-filtracion?variant=Azul"
0.255;0;2.19;87459;6990;"Moledor Lightning Colors Metal 55mm - Verde";5507;2;15291;"Grinder Galaxy Aluminio 55mm";"moledor 55mm verde";"https://www.friendlygrow.cl/moledor-lightning-colors-metal-55mm?variant=Verde"
0.255;0;1.43;87730;47500;"Bong de Pyrex Phoenix Star Recycler con Perc Sphere – Bong Premium de Alta Filtración 40cms - Naranjo";10166;3;68000;"Bong Bonglab K47 Medusa 30 cm | 7 Percoladores Alta Filtración";"bong alta filtracion";"https://www.friendlygrow.cl/bong-de-vidrio-phoenix-star-recycler-con-perc-sphere-bong-premium-de-alta-filtracion?variant=Naranjo"
0.255;0;2.09;87700;24990;"Bong de Pyrex Phoenix Star Ice Catcher – Bong Beaker de Pyrex 40cms - Negro";5536;2;52191;"Bong Beaker Tree Perc 35cm";"bong beaker negro";"https://www.friendlygrow.cl/bong-de-vidrio-phoenix-star-ice-catcher-bong-beaker-de-borosilicato?variant=Negro"
0.255;0;5.91;87870;10990;"Bong de Silicona 'Cookie Monster' - Indestructible con Quemador de Vidrio";10394;2;64990;"BongLab Elty8 Monster Bong 48cm";"bong monster";"https://www.friendlygrow.cl/pipa-de-silicona-cookie-monster-indestructible-con-quemador-de-vidrio"
0.255;0;1.67;87724;82900;"Bong de Pyrex Phoenix Star Recycler con Perc Dome – Bong Premium de Alta Filtración 35cms - Verde";10408;3;49500;"BongLab Bong K99 Octopus 30cm";"bong alta filtracion";"https://www.friendlygrow.cl/bong-de-vidrio-phoenix-star-recycler-con-perc-dome-bong-premium-de-alta-filtracion?variant=Verde"
0.254;0;1.11;87495;21990;"Bong Phoenix Star Recycler Compacto 💎🌪️💨 20cms - Morado";5341;4;24500;"Bong Jelly Drop Bonglab | Bong de Vidrio Compacto y Resistente";"bong compacto morado";"https://www.friendlygrow.cl/bong-phoenix-star-recycler-compacto-%F0%9F%92%8E%F0%9F%8C%AA%F0%9F%92%A8?variant=Morado"
0.254;0;1.67;87722;82900;"Bong de Pyrex Phoenix Star Recycler con Perc Dome – Bong Premium de Alta Filtración 35cms - Azul";10408;3;49500;"BongLab Bong K99 Octopus 30cm";"bong alta filtracion";"https://www.friendlygrow.cl/bong-de-vidrio-phoenix-star-recycler-con-perc-dome-bong-premium-de-alta-filtracion?variant=Azul"
0.254;0;1.04;87730;47500;"Bong de Pyrex Phoenix Star Recycler con Perc Sphere – Bong Premium de Alta Filtración 40cms - Naranjo";10408;3;49500;"BongLab Bong K99 Octopus 30cm";"bong alta filtracion";"https://www.friendlygrow.cl/bong-de-vidrio-phoenix-star-recycler-con-perc-sphere-bong-premium-de-alta-filtracion?variant=Naranjo"
0.254;0;1.22;88163;8990;"Pipa de Pyrex Phoenix Star Spoon 10cm - Negro";5490;2;10943;"Pipa Calvo Horn Pipe 10cm | PIRANHA";"pipa 10cm";"https://www.friendlygrow.cl/pipa-de-pyrex-phoenix-star?variant=Negro"
0.254;0;0.00;87564;7990;"Bowl de Pyrex Phoenix Star Diseño Cuerno – Accesorio para Bong 14mm/18mm - Negro";10530;2;0;"Difusor Bonglab 18mm";"bong 18mm negro";"https://www.friendlygrow.cl/bowl-de-vidrio-phoenix-star-diseno-cuerno-accesorio-para-bong-14mm18mm?variant=Negro"
0.254;0;1.43;87735;47500;"Bong de Pyrex Phoenix Star Recycler con Perc Sphere – Bong Premium de Alta Filtración 40cms - Gris";10166;3;68000;"Bong Bonglab K47 Medusa 30 cm | 7 Percoladores Alta Filtración";"bong alta filtracion";"https://www.friendlygrow.cl/bong-de-vidrio-phoenix-star-recycler-con-perc-sphere-bong-premium-de-alta-filtracion?variant=Gris"
0.254;0;2.23;88258;10990;"🦄 Bong de Silicona Unicornio Resistente, portátil y con estilo - Morado";5341;4;24500;"Bong Jelly Drop Bonglab | Bong de Vidrio Compacto y Resistente";"bong resistente morado";"https://www.friendlygrow.cl/contenedor-de-silicona-unicornio?variant=Morado"
0.254;0;1.22;87720;82900;"Bong de Pyrex Phoenix Star Recycler con Perc Dome – Bong Premium de Alta Filtración 35cms - Rojo";10166;3;68000;"Bong Bonglab K47 Medusa 30 cm | 7 Percoladores Alta Filtración";"bong alta filtracion";"https://www.friendlygrow.cl/bong-de-vidrio-phoenix-star-recycler-con-perc-dome-bong-premium-de-alta-filtracion?variant=Rojo"
0.254;0;1.22;88159;8990;"Pipa de Pyrex Phoenix Star Spoon 10cm - Verde";5490;2;10943;"Pipa Calvo Horn Pipe 10cm | PIRANHA";"pipa 10cm";"https://www.friendlygrow.cl/pipa-de-pyrex-phoenix-star?variant=Verde"
0.253;0;1.63;87665;490;"Papelillos Honeypuff Tamaño 1 1/4 ( Pink, Thin, Organico, Brown ) - Lightly Pink";10880;2;800;"Khemo Organic 1 1/4";"papelillos organico";"https://www.friendlygrow.cl/papelillos-honeypuff-ultra-thin-black-tamano-1-14?variant=Lightly%20Pink"
0.253;0;1.04;87735;47500;"Bong de Pyrex Phoenix Star Recycler con Perc Sphere – Bong Premium de Alta Filtración 40cms - Gris";10408;3;49500;"BongLab Bong K99 Octopus 30cm";"bong alta filtracion";"https://www.friendlygrow.cl/bong-de-vidrio-phoenix-star-recycler-con-perc-sphere-bong-premium-de-alta-filtracion?variant=Gris"
0.253;0;1.53;88396;14990;"Vaporizador Lapiz Discreto Friendly Pen Para Cartridges - Negro";10861;2;22990;"Pulsar 510 DL Scribe Negro";"lapiz negro";"https://www.friendlygrow.cl/vaporizador-lapiz-discreto-friendly-pen-para-cartridges-510-2?variant=Negro"
0.253;0;5.50;87558;27450;"Bong de Pyrex Phoenix Star Splash – Bong de Borosilicato con Downstem Difusor 💎💨 45cms";10322;3;4990;"Difusor Calvo Classic 18mm - 14mm - 10cm";"bong downstem difusor";"https://www.friendlygrow.cl/bong-de-vidrio-phoenix-star-splash-bong-de-borosilicato-con-downstem-difusor-%F0%9F%92%8E%F0%9F%92%A8"
0.253;0;1.22;88161;8990;"Pipa de Pyrex Phoenix Star Spoon 10cm - Azul";5490;2;10943;"Pipa Calvo Horn Pipe 10cm | PIRANHA";"pipa 10cm";"https://www.friendlygrow.cl/pipa-de-pyrex-phoenix-star?variant=Azul"
0.253;0;6.91;88172;10990;"Bong de Silicona Demon Cartoon - Azul";11010;2;75990;"Bonglab The Sheikh 42cm Azul";"bong azul";"https://www.friendlygrow.cl/pipa-de-silicona-demon-cartoon?variant=Azul"
0.253;0;1.67;87720;82900;"Bong de Pyrex Phoenix Star Recycler con Perc Dome – Bong Premium de Alta Filtración 35cms - Rojo";10408;3;49500;"BongLab Bong K99 Octopus 30cm";"bong alta filtracion";"https://www.friendlygrow.cl/bong-de-vidrio-phoenix-star-recycler-con-perc-dome-bong-premium-de-alta-filtracion?variant=Rojo"
0.253;0;0.00;88311;6990;"Pipa Silicona Cartoon Blue - Azul";10629;1;0;"Bonglab Pipa Glycerin Frosty Bowl Blue - 16cm";"pipa blue";"https://www.friendlygrow.cl/pipa-silicona-cartoon-blue?variant=Azul"
0.253;0;1.01;87691;18990;"Bong de Pyrex Mini Beaker – Bong Compacto de Pyrex con Downstem 20cms - Azul";5528;4;19192;"Pocket Bell -Bonglab";"bong pyrex mini azul";"https://www.friendlygrow.cl/bong-de-vidrio-mini-beaker-bong-compacto-de-pyrex-con-downstem?variant=Azul"
0.253;0;1.59;88465;5990;"Pipa Silicona Cyclope";5494;3;9500;"PMG Pipa Kazili 12cm";"pipa silicona";"https://www.friendlygrow.cl/pipa-silicona-cyclope"
0.252;0;0.00;87674;10990;"Bong de Silicona Cartoon con Bowl de Pyrex - Verde";11030;2;0;"Bonglab Quemador con Rejilla Macho 14mm Verde";"pyrex verde";"https://www.friendlygrow.cl/bong-de-silicona-cartoon-con-bowl-de-vidrio?variant=Verde"
0.252;0;8.73;87570;119990;"Pesa Digital de Bolsillo Cookies MAXIM-500";10831;3;13751;"Gramera Digital Profesional Kasvi N95 500g/0,01g";"pesa digital 500";"https://www.friendlygrow.cl/pesa-digital-de-bolsillo-cookies-maxim-500"
0.252;0;1.22;87718;82900;"Bong de Pyrex Phoenix Star Recycler con Perc Dome – Bong Premium de Alta Filtración 35cms - Amarillo";10166;3;68000;"Bong Bonglab K47 Medusa 30 cm | 7 Percoladores Alta Filtración";"bong alta filtracion";"https://www.friendlygrow.cl/bong-de-vidrio-phoenix-star-recycler-con-perc-dome-bong-premium-de-alta-filtracion?variant=Amarillo"
0.252;0;1.44;88291;8990;"Pipa de Pyrex Phoenix - Verde";10357;2;12990;"Top Smoke Pipa Pyrex Havocrush";"pipa pyrex";"https://www.friendlygrow.cl/pipa-de-vidrio-phoenix?variant=Verde"
0.252;0;1.43;87738;47500;"Bong de Pyrex Phoenix Star Recycler con Perc Sphere – Bong Premium de Alta Filtración 40cms - Lila";10166;3;68000;"Bong Bonglab K47 Medusa 30 cm | 7 Percoladores Alta Filtración";"bong alta filtracion";"https://www.friendlygrow.cl/bong-de-vidrio-phoenix-star-recycler-con-perc-sphere-bong-premium-de-alta-filtracion?variant=Lila"
0.252;0;8.97;88287;3900;"Pipa de Silicona Monster - Morado";10754;2;34990;"Special Blue Soplete Monster Pro Doble Llama";"monster morado";"https://www.friendlygrow.cl/pipa-de-silicona-monster?variant=Morado"
0.252;0;1.58;88362;14990;"Vaporizador Bateria Alien Doteco Et500 Para Cartridges 510 - Verde";10453;4;9500;"Calvo Glass Batería Cartridge 510";"vaporizador bateria 510 verde";"https://www.friendlygrow.cl/vaporizador-bateria-alien-doteco-et500-para-cartridges-510-4?variant=Verde"
0.252;0;10.00;87928;350000;"100 X Vaporizador Brass Knuckles 900mah Para Cartridge Cargador USB";5755;3;34990;"Cargador Mighty Plus Usb-C Supercharger-Storz & Bickel";"cargador usb";"https://www.friendlygrow.cl/100-x-vaporizador-brass-knuckles-900mah-para-cartridge"
0.251;0;1.44;88289;8990;"Pipa de Pyrex Phoenix - Azul";10357;2;12990;"Top Smoke Pipa Pyrex Havocrush";"pipa pyrex";"https://www.friendlygrow.cl/pipa-de-vidrio-phoenix?variant=Azul"
0.251;0;2.33;88898;46990;"Vaporizador Extracciones E-Rig Yocan iCan - Rosa";10218;4;20143;"Bonglab Handy Rig 14 cm – Rig Compacto Borosilicato para Extracciones | GrowBaratoChile";"extracciones rig rosa";"https://www.friendlygrow.cl/yocan-ican?variant=Rosa"
0.251;0;1.67;87718;82900;"Bong de Pyrex Phoenix Star Recycler con Perc Dome – Bong Premium de Alta Filtración 35cms - Amarillo";10408;3;49500;"BongLab Bong K99 Octopus 30cm";"bong alta filtracion";"https://www.friendlygrow.cl/bong-de-vidrio-phoenix-star-recycler-con-perc-dome-bong-premium-de-alta-filtracion?variant=Amarillo"
0.251;0;1.04;87738;47500;"Bong de Pyrex Phoenix Star Recycler con Perc Sphere – Bong Premium de Alta Filtración 40cms - Lila";10408;3;49500;"BongLab Bong K99 Octopus 30cm";"bong alta filtracion";"https://www.friendlygrow.cl/bong-de-vidrio-phoenix-star-recycler-con-perc-sphere-bong-premium-de-alta-filtracion?variant=Lila"
0.251;0;0.00;87853;3900;"Pipa de Silicona Cartoon con Bowl de Pyrex - Verde";11030;2;0;"Bonglab Quemador con Rejilla Macho 14mm Verde";"pyrex verde";"https://www.friendlygrow.cl/pipa-de-silicona-cartoon-con-bowl-de-vidrio?variant=Verde"
0.251;0;1.10;88419;2890;"Bandeja de Enrolado Baked Bunny - Diseño3";10546;3;3190;"Soulblime Contenedor con Tapa-Bandeja";"bandeja enrolado";"https://www.friendlygrow.cl/bandeja-de-enrolado-baked-bunny?variant=Dise%C3%B1o3"
0.251;0;2.72;88226;24990;"Bong Pyrex Doble Medusa 30CM";10166;3;68000;"Bong Bonglab K47 Medusa 30 cm | 7 Percoladores Alta Filtración";"bong medusa";"https://www.friendlygrow.cl/bong-pyrex-doble-medusa"
0.251;0;2.23;87771;10990;"Bong Devil de Silicona con Bowl de Vidrio - Rosa";5341;4;24500;"Bong Jelly Drop Bonglab | Bong de Vidrio Compacto y Resistente";"bong vidrio rosa";"https://www.friendlygrow.cl/bong-devil-de-silicona-con-bowl-de-vidrio?variant=Rosa"
0.251;0;1.36;87753;49990;"Bong de Pyrex Phoenix Star Recycler Multi Perc – Bong de Alta Filtración Premium 35cms - Gris";10166;3;68000;"Bong Bonglab K47 Medusa 30 cm | 7 Percoladores Alta Filtración";"bong alta filtracion";"https://www.friendlygrow.cl/bong-de-vidrio-phoenix-star-recycler-multi-perc-bong-de-alta-filtracion-premium?variant=Gris"
0.251;0;1.22;87725;82900;"Bong de Pyrex Phoenix Star Recycler con Perc Dome – Bong Premium de Alta Filtración 35cms - Naranjo";10166;3;68000;"Bong Bonglab K47 Medusa 30 cm | 7 Percoladores Alta Filtración";"bong alta filtracion";"https://www.friendlygrow.cl/bong-de-vidrio-phoenix-star-recycler-con-perc-dome-bong-premium-de-alta-filtracion?variant=Naranjo"
0.251;0;3.85;88510;100000;"Vaporizador Backwoods Twist Para Cartridges ( 30 Unidades)";10860;2;25990;"Pulsar 510 DL 3.0 Twist Blue Ridge Haze";"twist cartridges";"https://www.friendlygrow.cl/vaporizador-backwoods-twist-para-cartridges-30-unidades"
0.251;0;1.24;87693;18990;"Bong de Pyrex Mini Beaker – Bong Compacto de Pyrex con Downstem 20cms - Morado";10219;3;15300;"Bong Pyrex KM1 Prisma 10cm Clear Bonglab | Mini Bong de Vidrio";"bong pyrex mini";"https://www.friendlygrow.cl/bong-de-vidrio-mini-beaker-bong-compacto-de-pyrex-con-downstem?variant=Morado"
0.250;0;1.59;87552;49990;"Bong de Pyrex Phoenix Star Recycler con Perc Sphere – Bong Premium de Alta Filtración 30cms - Morado";10423;2;31491;"Calvo Glass Rig Dragon Ball Z";"bong sphere morado";"https://www.friendlygrow.cl/bong-de-vidrio-phoenix-star-recycler-con-perc-sphere-bong-premium-de-alta-filtracion-1?variant=Morado"
0.250;0;1.01;87753;49990;"Bong de Pyrex Phoenix Star Recycler Multi Perc – Bong de Alta Filtración Premium 35cms - Gris";10408;3;49500;"BongLab Bong K99 Octopus 30cm";"bong alta filtracion";"https://www.friendlygrow.cl/bong-de-vidrio-phoenix-star-recycler-multi-perc-bong-de-alta-filtracion-premium?variant=Gris"
0.250;0;2.64;87815;9990;"Downstem Phoenix Star Difusor Para Bongs de Pyrex - 12,5 cm";10401;2;3790;"Difusor Bonglab Logo Negro 14mm 12cm";"difusor 12";"https://www.friendlygrow.cl/downstem-de-vidrio-phoenix-star-difusor-adaptador-de-borosilicato-para-bong?variant=12%2C5%20cm"
0.250;0;1.67;87725;82900;"Bong de Pyrex Phoenix Star Recycler con Perc Dome – Bong Premium de Alta Filtración 35cms - Naranjo";10408;3;49500;"BongLab Bong K99 Octopus 30cm";"bong alta filtracion";"https://www.friendlygrow.cl/bong-de-vidrio-phoenix-star-recycler-con-perc-dome-bong-premium-de-alta-filtracion?variant=Naranjo"
0.250;0;1.22;88157;8990;"Pipa de Pyrex Phoenix Star Spoon 10cm - Rosa";5490;2;10943;"Pipa Calvo Horn Pipe 10cm | PIRANHA";"pipa 10cm";"https://www.friendlygrow.cl/pipa-de-pyrex-phoenix-star?variant=Rosa"
0.249;0;1.51;87736;47500;"Bong de Pyrex Phoenix Star Recycler con Perc Sphere – Bong Premium de Alta Filtración 40cms - Morado";10423;2;31491;"Calvo Glass Rig Dragon Ball Z";"bong sphere morado";"https://www.friendlygrow.cl/bong-de-vidrio-phoenix-star-recycler-con-perc-sphere-bong-premium-de-alta-filtracion?variant=Morado"
0.249;0;1.36;87556;49990;"Bong de Pyrex Phoenix Star Recycler con Perc Sphere – Bong Premium de Alta Filtración 30cms - Musgo";10166;3;68000;"Bong Bonglab K47 Medusa 30 cm | 7 Percoladores Alta Filtración";"bong alta filtracion";"https://www.friendlygrow.cl/bong-de-vidrio-phoenix-star-recycler-con-perc-sphere-bong-premium-de-alta-filtracion-1?variant=Musgo"
0.249;0;2.10;87714;28990;"Bong de Pyrex Phoenix Star Recto con Perc y Asa – Bong Alto de Alta Filtración 43cms - Verde";10289;4;60891;"Calvo Glass Bong Monster 42cm";"bong recto perc verde";"https://www.friendlygrow.cl/bong-de-vidrio-phoenix-star-recto-con-perc-y-asa-bong-alto-de-alta-filtracion?variant=Verde"
0.249;0;1.10;88432;2890;"Bandeja de Enrolado Baked Bunny - DIseño 10";10546;3;3190;"Soulblime Contenedor con Tapa-Bandeja";"bandeja enrolado";"https://www.friendlygrow.cl/bandeja-de-enrolado-baked-bunny?variant=DIse%C3%B1o%2010"
0.249;0;0.00;87849;3900;"Pipa de Silicona Cartoon con Bowl de Pyrex - Negro";10629;1;0;"Bonglab Pipa Glycerin Frosty Bowl Blue - 16cm";"pipa bowl";"https://www.friendlygrow.cl/pipa-de-silicona-cartoon-con-bowl-de-vidrio?variant=Negro"
0.249;0;1.01;87556;49990;"Bong de Pyrex Phoenix Star Recycler con Perc Sphere – Bong Premium de Alta Filtración 30cms - Musgo";10408;3;49500;"BongLab Bong K99 Octopus 30cm";"bong alta filtracion";"https://www.friendlygrow.cl/bong-de-vidrio-phoenix-star-recycler-con-perc-sphere-bong-premium-de-alta-filtracion-1?variant=Musgo"
0.248;0;4.56;87623;65000;"10 x Vaporizador Bateria Brass Knukles Smart Pro 650mah - Edicion Friendly - Blanco";10531;3;14241;"Calvo Glass Batería LED Cartridge 510";"vaporizador bateria pro blanco";"https://www.friendlygrow.cl/vaporizador-bateria-brass-knukles-smart-pro-650mah-edicion-friendly-copiar?variant=Blanco"
0.248;0;1.43;87740;47500;"Bong de Pyrex Phoenix Star Recycler con Perc Sphere – Bong Premium de Alta Filtración 40cms - Musgo";10166;3;68000;"Bong Bonglab K47 Medusa 30 cm | 7 Percoladores Alta Filtración";"bong alta filtracion";"https://www.friendlygrow.cl/bong-de-vidrio-phoenix-star-recycler-con-perc-sphere-bong-premium-de-alta-filtracion?variant=Musgo"
0.248;0;2.74;87624;65000;"10 x Vaporizador Bateria Brass Knukles Smart Pro 650mah - Edicion Friendly - Negro";10710;3;23741;"Calvo Batería Hide Cartridge 510 650mAh";"vaporizador bateria 650mah negro";"https://www.friendlygrow.cl/vaporizador-bateria-brass-knukles-smart-pro-650mah-edicion-friendly-copiar?variant=Negro"
0.248;0;0.00;87853;3900;"Pipa de Silicona Cartoon con Bowl de Pyrex - Verde";10629;1;0;"Bonglab Pipa Glycerin Frosty Bowl Blue - 16cm";"pipa bowl";"https://www.friendlygrow.cl/pipa-de-silicona-cartoon-con-bowl-de-vidrio?variant=Verde"
0.248;0;3.00;87525;6990;"Moledor aluminio 3 pisos 51mm Colores - Negro";11013;2;20990;"Galaxy Moledor Aluminio 63mm Oro Rosa";"moledor aluminio";"https://www.friendlygrow.cl/grinder-metalico-4-piezas-aluminio-filtro-polen?variant=Negro"
0.248;0;2.44;88279;3900;"Pipa de Silicona Monster - Verde";5494;3;9500;"PMG Pipa Kazili 12cm";"pipa silicona";"https://www.friendlygrow.cl/pipa-de-silicona-monster?variant=Verde"
0.248;0;3.40;87457;6990;"Moledor Lightning Colors Metal 55mm - Azul";10126;3;23800;"Moledor Galaxy de 4 partes y con tamizador";"moledor 55mm azul";"https://www.friendlygrow.cl/moledor-lightning-colors-metal-55mm?variant=Azul"
0.248;0;0.00;87847;3900;"Pipa de Silicona Cartoon con Bowl de Pyrex - Azul";10629;1;0;"Bonglab Pipa Glycerin Frosty Bowl Blue - 16cm";"pipa bowl";"https://www.friendlygrow.cl/pipa-de-silicona-cartoon-con-bowl-de-vidrio?variant=Azul"
0.248;0;1.04;87740;47500;"Bong de Pyrex Phoenix Star Recycler con Perc Sphere – Bong Premium de Alta Filtración 40cms - Musgo";10408;3;49500;"BongLab Bong K99 Octopus 30cm";"bong alta filtracion";"https://www.friendlygrow.cl/bong-de-vidrio-phoenix-star-recycler-con-perc-sphere-bong-premium-de-alta-filtracion?variant=Musgo"
0.248;0;1.10;88436;2890;"Bandeja de Enrolado Baked Bunny - Diseño 12";10546;3;3190;"Soulblime Contenedor con Tapa-Bandeja";"bandeja enrolado";"https://www.friendlygrow.cl/bandeja-de-enrolado-baked-bunny?variant=Dise%C3%B1o%2012"
0.248;0;4.00;87973;59990;"10 X Vaporizador Airis Vertex 2.0 Para Cartridges. - Negro";10377;3;239992;"Storz & Bickel Plenty";"vaporizador negro";"https://www.friendlygrow.cl/promo-10-x-vaporizador-airis-vertex-20-para-cartridges?variant=Negro"
0.248;0;1.70;88163;8990;"Pipa de Pyrex Phoenix Star Spoon 10cm - Negro";10219;3;15300;"Bong Pyrex KM1 Prisma 10cm Clear Bonglab | Mini Bong de Vidrio";"pyrex 10cm";"https://www.friendlygrow.cl/pipa-de-pyrex-phoenix-star?variant=Negro"
0.248;0;1.90;88470;4990;"Pipa Silicona Kartman";5494;3;9500;"PMG Pipa Kazili 12cm";"pipa silicona";"https://www.friendlygrow.cl/pipa-silicona-kartman"
0.248;0;1.59;88484;5990;"Pipa SIlicona NBA";5494;3;9500;"PMG Pipa Kazili 12cm";"pipa silicona";"https://www.friendlygrow.cl/pipa-silicona-nba"
0.248;0;1.90;88463;4990;"Pipa Silicona Clon";5494;3;9500;"PMG Pipa Kazili 12cm";"pipa silicona";"https://www.friendlygrow.cl/pipa-silicona-clon"
0.248;0;1.90;88277;4990;"Pipa de Silicona Minimal";5494;3;9500;"PMG Pipa Kazili 12cm";"pipa silicona";"https://www.friendlygrow.cl/pipa-de-silicona-minimal"
0.248;0;1.90;88496;4990;"Pipa SIlicona Saw";5494;3;9500;"PMG Pipa Kazili 12cm";"pipa silicona";"https://www.friendlygrow.cl/pipa-silicona-saw"
0.248;0;1.49;87679;14990;"Bong de Pyrex Beaker con Borde de Color – Bong de Pyrex con Downstem 20cms - Negro";5535;4;22400;"Bong Color Cube Bonglab Azul y Verde | Bong Compacto";"bong pyrex color";"https://www.friendlygrow.cl/bong-de-vidrio-beaker-con-borde-de-color-bong-de-pyrex-con-downstem?variant=Negro"
0.248;0;1.44;87525;6990;"Moledor aluminio 3 pisos 51mm Colores - Negro";6567;3;10100;"Moledor Bulldog Ámsterdam Metálico Silver 4 Partes";"moledor pisos";"https://www.friendlygrow.cl/grinder-metalico-4-piezas-aluminio-filtro-polen?variant=Negro"
0.247;0;1.70;88159;8990;"Pipa de Pyrex Phoenix Star Spoon 10cm - Verde";10219;3;15300;"Bong Pyrex KM1 Prisma 10cm Clear Bonglab | Mini Bong de Vidrio";"pyrex 10cm";"https://www.friendlygrow.cl/pipa-de-pyrex-phoenix-star?variant=Verde"
0.247;0;1.24;87694;18990;"Bong de Pyrex Mini Beaker – Bong Compacto de Pyrex con Downstem 20cms - Celeste";10219;3;15300;"Bong Pyrex KM1 Prisma 10cm Clear Bonglab | Mini Bong de Vidrio";"bong pyrex mini";"https://www.friendlygrow.cl/bong-de-vidrio-mini-beaker-bong-compacto-de-pyrex-con-downstem?variant=Celeste"
0.247;0;1.44;88294;8990;"Pipa de Pyrex Phoenix - Rosa";10357;2;12990;"Top Smoke Pipa Pyrex Havocrush";"pipa pyrex";"https://www.friendlygrow.cl/pipa-de-vidrio-phoenix?variant=Rosa"
0.247;0;3.00;87523;6990;"Moledor aluminio 3 pisos 51mm Colores - Azul";11013;2;20990;"Galaxy Moledor Aluminio 63mm Oro Rosa";"moledor aluminio";"https://www.friendlygrow.cl/grinder-metalico-4-piezas-aluminio-filtro-polen?variant=Azul"
0.247;0;1.70;88161;8990;"Pipa de Pyrex Phoenix Star Spoon 10cm - Azul";10219;3;15300;"Bong Pyrex KM1 Prisma 10cm Clear Bonglab | Mini Bong de Vidrio";"pyrex 10cm";"https://www.friendlygrow.cl/pipa-de-pyrex-phoenix-star?variant=Azul"
0.247;0;1.44;87523;6990;"Moledor aluminio 3 pisos 51mm Colores - Azul";6567;3;10100;"Moledor Bulldog Ámsterdam Metálico Silver 4 Partes";"moledor pisos";"https://www.friendlygrow.cl/grinder-metalico-4-piezas-aluminio-filtro-polen?variant=Azul"
0.247;0;1.22;88162;8990;"Pipa de Pyrex Phoenix Star Spoon 10cm - Celeste";5490;2;10943;"Pipa Calvo Horn Pipe 10cm | PIRANHA";"pipa 10cm";"https://www.friendlygrow.cl/pipa-de-pyrex-phoenix-star?variant=Celeste"
0.247;0;1.93;88050;39990;"Bong de Pyrex Phoenix Star Clásico 45cms - Azul";5777;4;20691;"Little Buchner-Bonglab";"bong clasico azul";"https://www.friendlygrow.cl/bong-de-vidrio-phoenix-star-clasico?variant=Azul"
0.246;0;0.00;88173;10990;"Bong de Silicona Demon Cartoon - Verde";10421;2;0;"PMG Bong Kube 9cm";"bong verde";"https://www.friendlygrow.cl/pipa-de-silicona-demon-cartoon?variant=Verde"
0.246;0;3.40;87459;6990;"Moledor Lightning Colors Metal 55mm - Verde";10126;3;23800;"Moledor Galaxy de 4 partes y con tamizador";"moledor 55mm verde";"https://www.friendlygrow.cl/moledor-lightning-colors-metal-55mm?variant=Verde"
0.246;0;1.10;88434;2890;"Bandeja de Enrolado Baked Bunny - Diseño 11";10546;3;3190;"Soulblime Contenedor con Tapa-Bandeja";"bandeja enrolado";"https://www.friendlygrow.cl/bandeja-de-enrolado-baked-bunny?variant=Dise%C3%B1o%2011"
0.246;0;0.00;87851;3900;"Pipa de Silicona Cartoon con Bowl de Pyrex - Morado";10629;1;0;"Bonglab Pipa Glycerin Frosty Bowl Blue - 16cm";"pipa bowl";"https://www.friendlygrow.cl/pipa-de-silicona-cartoon-con-bowl-de-vidrio?variant=Morado"
0.245;0;2.23;88260;10990;"🦄 Bong de Silicona Unicornio Resistente, portátil y con estilo - Azul";5341;4;24500;"Bong Jelly Drop Bonglab | Bong de Vidrio Compacto y Resistente";"bong resistente azul";"https://www.friendlygrow.cl/contenedor-de-silicona-unicornio?variant=Azul"
0.245;0;0.00;88312;6990;"Pipa Silicona Cartoon Blue - Celeste";10629;1;0;"Bonglab Pipa Glycerin Frosty Bowl Blue - 16cm";"pipa blue";"https://www.friendlygrow.cl/pipa-silicona-cartoon-blue?variant=Celeste"
0.245;0;2.44;88287;3900;"Pipa de Silicona Monster - Morado";5494;3;9500;"PMG Pipa Kazili 12cm";"pipa silicona";"https://www.friendlygrow.cl/pipa-de-silicona-monster?variant=Morado"
0.245;0;1.93;88046;39990;"Bong de Pyrex Phoenix Star Clásico 45cms - Verde";5777;4;20691;"Little Buchner-Bonglab";"bong clasico verde";"https://www.friendlygrow.cl/bong-de-vidrio-phoenix-star-clasico?variant=Verde"
0.245;0;1.88;88260;10990;"🦄 Bong de Silicona Unicornio Resistente, portátil y con estilo - Azul";5773;4;20691;"Classic Ice 26Cm-Bonglab";"bong resistente azul";"https://www.friendlygrow.cl/contenedor-de-silicona-unicornio?variant=Azul"
0.245;0;0.00;87855;3900;"Pipa de Silicona Cartoon con Bowl de Pyrex - Rojo";10629;1;0;"Bonglab Pipa Glycerin Frosty Bowl Blue - 16cm";"pipa bowl";"https://www.friendlygrow.cl/pipa-de-silicona-cartoon-con-bowl-de-vidrio?variant=Rojo"
0.245;0;1.77;87673;10990;"Bong de Silicona Cartoon con Bowl de Pyrex - Amarillo";10223;2;19493;"Calvo Glass Bee Rig Lite 19cm";"bong amarillo";"https://www.friendlygrow.cl/bong-de-silicona-cartoon-con-bowl-de-vidrio?variant=Amarillo"
0.245;0;2.75;87564;7990;"Bowl de Pyrex Phoenix Star Diseño Cuerno – Accesorio para Bong 14mm/18mm - Negro";10160;3;21990;"Chiller Unit Red 18Mm-Bonglab";"accesorio 18mm";"https://www.friendlygrow.cl/bowl-de-vidrio-phoenix-star-diseno-cuerno-accesorio-para-bong-14mm18mm?variant=Negro"
0.245;0;1.43;87880;4990;"Pipa de Silicona 'Little Kaiju' - Silicona Curada con Quemador de Vidrio - Verde";5751;3;3490;"Calvo Glass Quemador Pyrex - Macho 14mm";"quemador vidrio verde";"https://www.friendlygrow.cl/pipa-de-silicona-little-kaiju-silicona-curada-con-quemador-de-vidrio?variant=Verde"
0.245;0;1.58;88362;14990;"Vaporizador Bateria Alien Doteco Et500 Para Cartridges 510 - Verde";10710;3;23741;"Calvo Batería Hide Cartridge 510 650mAh";"vaporizador bateria 510 verde";"https://www.friendlygrow.cl/vaporizador-bateria-alien-doteco-et500-para-cartridges-510-4?variant=Verde"
0.244;0;2.75;87565;7990;"Bowl de Pyrex Phoenix Star Diseño Cuerno – Accesorio para Bong 14mm/18mm - Verde";10160;3;21990;"Chiller Unit Red 18Mm-Bonglab";"accesorio 18mm";"https://www.friendlygrow.cl/bowl-de-vidrio-phoenix-star-diseno-cuerno-accesorio-para-bong-14mm18mm?variant=Verde"
0.244;0;1.44;87524;6990;"Moledor aluminio 3 pisos 51mm Colores - Rojo";6567;3;10100;"Moledor Bulldog Ámsterdam Metálico Silver 4 Partes";"moledor pisos";"https://www.friendlygrow.cl/grinder-metalico-4-piezas-aluminio-filtro-polen?variant=Rojo"
0.244;0;13.15;87895;3900;"Pipa de Silicona Mushroom Cartoon con Bowl de Vidrio - Azul";10291;3;51300;"BongLab Bong K165 Heavy Bowl 50cm";"bowl vidrio azul";"https://www.friendlygrow.cl/pipa-de-silicona-mushroom-cartoon-con-bowl-de-vidrio?variant=Azul"
0.244;0;2.44;88281;3900;"Pipa de Silicona Monster - Rojo";5494;3;9500;"PMG Pipa Kazili 12cm";"pipa silicona";"https://www.friendlygrow.cl/pipa-de-silicona-monster?variant=Rojo"
0.244;0;2.75;87562;7990;"Bowl de Pyrex Phoenix Star Diseño Cuerno – Accesorio para Bong 14mm/18mm - Azul";10160;3;21990;"Chiller Unit Red 18Mm-Bonglab";"accesorio 18mm";"https://www.friendlygrow.cl/bowl-de-vidrio-phoenix-star-diseno-cuerno-accesorio-para-bong-14mm18mm?variant=Azul"
0.244;0;3.00;87524;6990;"Moledor aluminio 3 pisos 51mm Colores - Rojo";11013;2;20990;"Galaxy Moledor Aluminio 63mm Oro Rosa";"moledor aluminio";"https://www.friendlygrow.cl/grinder-metalico-4-piezas-aluminio-filtro-polen?variant=Rojo"
0.244;0;1.70;88157;8990;"Pipa de Pyrex Phoenix Star Spoon 10cm - Rosa";10219;3;15300;"Bong Pyrex KM1 Prisma 10cm Clear Bonglab | Mini Bong de Vidrio";"pyrex 10cm";"https://www.friendlygrow.cl/pipa-de-pyrex-phoenix-star?variant=Rosa"
0.244;0;5.88;88173;10990;"Bong de Silicona Demon Cartoon - Verde";5776;2;64591;"Jelly Fish-Bonglab";"bong verde";"https://www.friendlygrow.cl/pipa-de-silicona-demon-cartoon?variant=Verde"
0.243;0;1.29;87372;13900;"Moledor de Metal de Lujo 63mm - 4 Partes (Diseño en Relieve) - Plata";5499;3;17991;"Grinder Galaxy Aluminio 63mm";"moledor 63mm plata";"https://www.friendlygrow.cl/grinder-de-metal-de-lujo-63mm-4-partes-diseno-en-relieve?variant=Plata"
0.243;0;1.83;87774;10990;"Bong Devil de Silicona con Bowl de Vidrio - Naranja";11041;2;5990;"Pulsar Adaptador de Silicona para Cartridges";"bong silicona";"https://www.friendlygrow.cl/bong-devil-de-silicona-con-bowl-de-vidrio?variant=Naranja"
0.243;0;1.68;88245;8490;"Vaporizador Bateria Brass Knukles Smart Pro 650mah - Edicion Friendly - Red Blacky";10531;3;14241;"Calvo Glass Batería LED Cartridge 510";"vaporizador bateria pro red";"https://www.friendlygrow.cl/brassknukles-smart-pro-650mah?variant=Red%20Blacky"
0.243;0;1.93;88048;39990;"Bong de Pyrex Phoenix Star Clásico 45cms - Negro";5777;4;20691;"Little Buchner-Bonglab";"bong clasico negro";"https://www.friendlygrow.cl/bong-de-vidrio-phoenix-star-clasico?variant=Negro"
0.243;0;1.02;87562;7990;"Bowl de Pyrex Phoenix Star Diseño Cuerno – Accesorio para Bong 14mm/18mm - Azul";10203;4;7821;"Quemador Abeja Calvo Glass Macho 14mm | Bowl de Borosilicato para Bong";"bowl bong 14mm";"https://www.friendlygrow.cl/bowl-de-vidrio-phoenix-star-diseno-cuerno-accesorio-para-bong-14mm18mm?variant=Azul"
0.242;0;1.44;87522;6990;"Moledor aluminio 3 pisos 51mm Colores - Blanco";6567;3;10100;"Moledor Bulldog Ámsterdam Metálico Silver 4 Partes";"moledor pisos";"https://www.friendlygrow.cl/grinder-metalico-4-piezas-aluminio-filtro-polen?variant=Blanco"
0.242;0;1.30;88572;990;"Blunt Organico Honeypuff Sheet Wraps Sabores (Pack x5) - Banana";10654;3;1290;"Lion Rolling Circus Hemp Wraps Terpenes Strawberry Shortcake x2";"blunt wraps sabores";"https://www.friendlygrow.cl/honeypuff-sheet-wraps-envoltorios-de-canamo-con-sabores-pack-x5?variant=Banana"
0.242;0;2.72;87458;6990;"Moledor Lightning Colors Metal 55mm - Amarillo";10671;4;18991;"Moledor Galaxy Lightning Aluminio 63mm";"moledor lightning";"https://www.friendlygrow.cl/moledor-lightning-colors-metal-55mm?variant=Amarillo"
0.242;0;1.11;87494;21990;"Bong Phoenix Star Recycler Compacto 💎🌪️💨 20cms - Negro";5341;4;24500;"Bong Jelly Drop Bonglab | Bong de Vidrio Compacto y Resistente";"bong compacto negro";"https://www.friendlygrow.cl/bong-phoenix-star-recycler-compacto-%F0%9F%92%8E%F0%9F%8C%AA%F0%9F%92%A8?variant=Negro"
0.242;0;8.94;88893;180000;"Vaporizador Extracciones E-rig Yocan Go - Azul";10218;4;20143;"Bonglab Handy Rig 14 cm – Rig Compacto Borosilicato para Extracciones | GrowBaratoChile";"extracciones rig azul";"https://www.friendlygrow.cl/yocan-go?variant=Azul"
0.241;0;1.70;88162;8990;"Pipa de Pyrex Phoenix Star Spoon 10cm - Celeste";10219;3;15300;"Bong Pyrex KM1 Prisma 10cm Clear Bonglab | Mini Bong de Vidrio";"pyrex 10cm";"https://www.friendlygrow.cl/pipa-de-pyrex-phoenix-star?variant=Celeste"
0.241;0;3.00;87522;6990;"Moledor aluminio 3 pisos 51mm Colores - Blanco";11013;2;20990;"Galaxy Moledor Aluminio 63mm Oro Rosa";"moledor aluminio";"https://www.friendlygrow.cl/grinder-metalico-4-piezas-aluminio-filtro-polen?variant=Blanco"
0.241;0;2.38;88459;3990;"Pipa Silicona Clásica - Verde";5494;3;9500;"PMG Pipa Kazili 12cm";"pipa silicona";"https://www.friendlygrow.cl/pipa-silicona-clasica?variant=Verde"
0.241;0;1.30;88577;990;"Blunt Organico Honeypuff Sheet Wraps Sabores (Pack x5) - Sandia";10654;3;1290;"Lion Rolling Circus Hemp Wraps Terpenes Strawberry Shortcake x2";"blunt wraps sabores";"https://www.friendlygrow.cl/honeypuff-sheet-wraps-envoltorios-de-canamo-con-sabores-pack-x5?variant=Sandia"
0.241;0;0.00;88171;8990;"Bong de Silicona Demon Cartoon - Negro";10421;2;0;"PMG Bong Kube 9cm";"bong negro";"https://www.friendlygrow.cl/pipa-de-silicona-demon-cartoon?variant=Negro"
0.241;0;1.26;87480;7990;"Moledor Unico Oso 14cm - 4 Pisos- - Verde";6567;3;10100;"Moledor Bulldog Ámsterdam Metálico Silver 4 Partes";"moledor pisos";"https://www.friendlygrow.cl/moledor-unico-oso-cromado?variant=Verde"
0.241;0;2.38;88458;3990;"Pipa Silicona Clásica - Azul";5494;3;9500;"PMG Pipa Kazili 12cm";"pipa silicona";"https://www.friendlygrow.cl/pipa-silicona-clasica?variant=Azul"
0.241;0;1.30;88573;990;"Blunt Organico Honeypuff Sheet Wraps Sabores (Pack x5) - Uva";10654;3;1290;"Lion Rolling Circus Hemp Wraps Terpenes Strawberry Shortcake x2";"blunt wraps sabores";"https://www.friendlygrow.cl/honeypuff-sheet-wraps-envoltorios-de-canamo-con-sabores-pack-x5?variant=Uva"
0.241;0;2.44;88283;3900;"Pipa de Silicona Monster - Amarillo";5494;3;9500;"PMG Pipa Kazili 12cm";"pipa silicona";"https://www.friendlygrow.cl/pipa-de-silicona-monster?variant=Amarillo"
0.240;0;2.75;87563;7990;"Bowl de Pyrex Phoenix Star Diseño Cuerno – Accesorio para Bong 14mm/18mm - Blanco";10160;3;21990;"Chiller Unit Red 18Mm-Bonglab";"accesorio 18mm";"https://www.friendlygrow.cl/bowl-de-vidrio-phoenix-star-diseno-cuerno-accesorio-para-bong-14mm18mm?variant=Blanco"
0.240;0;1.26;87481;7990;"Moledor Unico Oso 14cm - 4 Pisos- - Azul";6567;3;10100;"Moledor Bulldog Ámsterdam Metálico Silver 4 Partes";"moledor pisos";"https://www.friendlygrow.cl/moledor-unico-oso-cromado?variant=Azul"
0.240;0;1.59;87555;49990;"Bong de Pyrex Phoenix Star Recycler con Perc Sphere – Bong Premium de Alta Filtración 30cms - Verde";10423;2;31491;"Calvo Glass Rig Dragon Ball Z";"bong sphere verde";"https://www.friendlygrow.cl/bong-de-vidrio-phoenix-star-recycler-con-perc-sphere-bong-premium-de-alta-filtracion-1?variant=Verde"
0.240;0;1.30;88575;990;"Blunt Organico Honeypuff Sheet Wraps Sabores (Pack x5) - Arandano";10654;3;1290;"Lion Rolling Circus Hemp Wraps Terpenes Strawberry Shortcake x2";"blunt wraps sabores";"https://www.friendlygrow.cl/honeypuff-sheet-wraps-envoltorios-de-canamo-con-sabores-pack-x5?variant=Arandano"
0.240;0;1.83;87782;10990;"Bong Silicona Monster Slime con Cámara de Pyrex";11041;2;5990;"Pulsar Adaptador de Silicona para Cartridges";"bong silicona";"https://www.friendlygrow.cl/bong-silicona-monster-slime-con-camara-de-vidrio"
0.240;0;13.15;87890;3900;"Pipa de Silicona Monster Sad con Bowl de Vidrio - Azul";10291;3;51300;"BongLab Bong K165 Heavy Bowl 50cm";"bowl vidrio azul";"https://www.friendlygrow.cl/pipa-de-silicona-monster-sad-con-bowl-de-vidrio?variant=Azul"
0.239;0;2.44;88285;3900;"Pipa de Silicona Monster - Celeste";5494;3;9500;"PMG Pipa Kazili 12cm";"pipa silicona";"https://www.friendlygrow.cl/pipa-de-silicona-monster?variant=Celeste"
0.239;0;1.51;87733;47500;"Bong de Pyrex Phoenix Star Recycler con Perc Sphere – Bong Premium de Alta Filtración 40cms - Verde";10423;2;31491;"Calvo Glass Rig Dragon Ball Z";"bong sphere verde";"https://www.friendlygrow.cl/bong-de-vidrio-phoenix-star-recycler-con-perc-sphere-bong-premium-de-alta-filtracion?variant=Verde"
0.239;0;4.67;87778;10990;"Bong Devil de Silicona con Bowl de Vidrio - Verde";10291;3;51300;"BongLab Bong K165 Heavy Bowl 50cm";"bong bowl vidrio";"https://www.friendlygrow.cl/bong-devil-de-silicona-con-bowl-de-vidrio?variant=Verde"
0.239;0;1.02;87563;7990;"Bowl de Pyrex Phoenix Star Diseño Cuerno – Accesorio para Bong 14mm/18mm - Blanco";10203;4;7821;"Quemador Abeja Calvo Glass Macho 14mm | Bowl de Borosilicato para Bong";"bowl bong 14mm";"https://www.friendlygrow.cl/bowl-de-vidrio-phoenix-star-diseno-cuerno-accesorio-para-bong-14mm18mm?variant=Blanco"
0.239;0;1.26;87482;7990;"Moledor Unico Oso 14cm - 4 Pisos- - Morado";6567;3;10100;"Moledor Bulldog Ámsterdam Metálico Silver 4 Partes";"moledor pisos";"https://www.friendlygrow.cl/moledor-unico-oso-cromado?variant=Morado"
0.239;0;0.00;88629;19900;"Atrapacenizas Percolador Pyrex - Verde 45°";11030;2;0;"Bonglab Quemador con Rejilla Macho 14mm Verde";"pyrex verde";"https://www.friendlygrow.cl/adaptador-de-vidrio-con-percolador?variant=Verde%2045%C2%B0"
0.239;0;1.30;88580;990;"Blunt Organico Honeypuff Sheet Wraps Sabores (Pack x5) - Manzana";10654;3;1290;"Lion Rolling Circus Hemp Wraps Terpenes Strawberry Shortcake x2";"blunt wraps sabores";"https://www.friendlygrow.cl/honeypuff-sheet-wraps-envoltorios-de-canamo-con-sabores-pack-x5?variant=Manzana"
0.238;0;7.18;88171;8990;"Bong de Silicona Demon Cartoon - Negro";5776;2;64591;"Jelly Fish-Bonglab";"bong negro";"https://www.friendlygrow.cl/pipa-de-silicona-demon-cartoon?variant=Negro"
0.238;0;1.26;87485;7990;"Moledor Unico Oso 14cm - 4 Pisos- - Rojo";6567;3;10100;"Moledor Bulldog Ámsterdam Metálico Silver 4 Partes";"moledor pisos";"https://www.friendlygrow.cl/moledor-unico-oso-cromado?variant=Rojo"
0.238;0;1.21;87685;18990;"Bong de Pyrex Honeycomb Beaker - Diseño Panal 25cms - Verde";10316;3;22990;"BongLab AtrapaCenizas Triple HoneyComb - Macho 18mm";"honeycomb panal verde";"https://www.friendlygrow.cl/bong-de-vidrio-estilo-honeycomb-beaker-bong-decorado-con-diseno-panal?variant=Verde"
0.238;0;1.90;88475;4990;"Pipa Silicona Keny - Verde";5494;3;9500;"PMG Pipa Kazili 12cm";"pipa silicona";"https://www.friendlygrow.cl/pipa-silicona-keny?variant=Verde"
0.238;0;1.90;88502;4990;"Pipa Silicona Sólida - Verde";5494;3;9500;"PMG Pipa Kazili 12cm";"pipa silicona";"https://www.friendlygrow.cl/pipa-silicona-solida?variant=Verde"
0.237;0;1.59;88326;5990;"Pipa Silicona Cartoon Monster";5494;3;9500;"PMG Pipa Kazili 12cm";"pipa silicona";"https://www.friendlygrow.cl/pipa-silicona-cartoon-monster"
0.237;0;3.15;87870;10990;"Bong de Silicona 'Cookie Monster' - Indestructible con Quemador de Vidrio";5751;3;3490;"Calvo Glass Quemador Pyrex - Macho 14mm";"bong quemador vidrio";"https://www.friendlygrow.cl/pipa-de-silicona-cookie-monster-indestructible-con-quemador-de-vidrio"
0.237;0;1.50;88590;3990;"Dabber Spoon de Precisión Black Cobra - Diseño Corona - Verde";10610;2;5990;"Dual Dabbers -Bonglab";"dabber spoon";"https://www.friendlygrow.cl/mini-cuchara-de-precision-black-cobra-diseno-corona?variant=Verde"
0.237;0;1.50;88583;3990;"Dabber Spoon de Precisión Black Cobra - Diseño Corona - Azul";10610;2;5990;"Dual Dabbers -Bonglab";"dabber spoon";"https://www.friendlygrow.cl/mini-cuchara-de-precision-black-cobra-diseno-corona?variant=Azul"
0.237;0;4.89;88811;3990;"Bandeja de Enrolado Honeypuff - 6 Diseños Disponibles - Azul";5732;3;19493;"Bandeja Enrolado Neon Tray LED";"bandeja enrolado azul";"https://www.friendlygrow.cl/bandeja-de-enrolado-honeypuff-edicion-pink-cartoon?variant=Azul"
0.237;0;2.38;88457;3990;"Pipa Silicona Clásica - Rosa";5494;3;9500;"PMG Pipa Kazili 12cm";"pipa silicona";"https://www.friendlygrow.cl/pipa-silicona-clasica?variant=Rosa"
0.237;0;1.59;88493;5990;"Pipa SIlicona Ornitorrinco - Verde";5494;3;9500;"PMG Pipa Kazili 12cm";"pipa silicona";"https://www.friendlygrow.cl/pipa-silicona-ornitorrinco?variant=Verde"
0.237;0;1.61;88468;5900;"Pipa SIlicona Fantasmita - Verde";5494;3;9500;"PMG Pipa Kazili 12cm";"pipa silicona";"https://www.friendlygrow.cl/pipa-silicona-fantasmita?variant=Verde"
0.236;0;1.22;88160;8990;"Pipa de Pyrex Phoenix Star Spoon 10cm - Amarilla";5490;2;10943;"Pipa Calvo Horn Pipe 10cm | PIRANHA";"pipa 10cm";"https://www.friendlygrow.cl/pipa-de-pyrex-phoenix-star?variant=Amarilla"
0.236;0;0.00;88840;1990;"Cono Pre-rolado Honeypuff Rose Petal con Boquilla ( Pack x 2) - Rosa";5750;2;0;"Quemador Rejilla Pyrex 14Mm Cono-Bonglab";"cono rosa";"https://www.friendlygrow.cl/cono-pre-rolado-honeypuff-rose-petal?variant=Rosa"
0.236;0;1.59;88491;5990;"Pipa SIlicona Ornitorrinco - Azul";5494;3;9500;"PMG Pipa Kazili 12cm";"pipa silicona";"https://www.friendlygrow.cl/pipa-silicona-ornitorrinco?variant=Azul"
0.236;0;1.47;87687;18990;"Bong de Pyrex Honeycomb Beaker - Diseño Panal 25cms - Rosa";10466;2;27990;"Bonglab Bong Tough Beaker 23cm";"bong beaker rosa";"https://www.friendlygrow.cl/bong-de-vidrio-estilo-honeycomb-beaker-bong-decorado-con-diseno-panal?variant=Rosa"
0.236;0;1.44;88293;8990;"Pipa de Pyrex Phoenix - Negra";10357;2;12990;"Top Smoke Pipa Pyrex Havocrush";"pipa pyrex";"https://www.friendlygrow.cl/pipa-de-vidrio-phoenix?variant=Negra"
0.236;0;0.00;88130;6990;"Pipa de Madera Doble Cournot - Boquilla Double Barrel para Conos";10713;2;0;"Calvo Glass Double Fungus Rig 28cm";"doble double";"https://www.friendlygrow.cl/pipa-de-madera-doble-cournot-boquilla-double-barrel-para-conos"
0.236;0;1.33;87430;5990;"Moledor de Metal Tornasol Premium - 4 Partes (50mm)";6471;2;7990;"Moledor Bulldog 40mm 1 piso";"moledor partes";"https://www.friendlygrow.cl/grinder-de-metal-tornasol-premium-4-partes-50mm"
0.236;0;1.26;87483;7990;"Moledor Unico Oso 14cm - 4 Pisos- - Amarillo";6567;3;10100;"Moledor Bulldog Ámsterdam Metálico Silver 4 Partes";"moledor pisos";"https://www.friendlygrow.cl/moledor-unico-oso-cromado?variant=Amarillo"
0.236;0;1.68;88243;8490;"Vaporizador Bateria Brass Knukles Smart Pro 650mah - Edicion Friendly - Negro";10531;3;14241;"Calvo Glass Batería LED Cartridge 510";"vaporizador bateria pro negro";"https://www.friendlygrow.cl/brassknukles-smart-pro-650mah?variant=Negro"
0.236;0;2.98;87661;29990;"Hot Knife Dabber Eléctrico Para Extracciones | Yocan Blade. - Negro";10499;2;89271;"Puffco Pivot Travel Case Daybreak Limited";"hot knife";"https://www.friendlygrow.cl/hot-knife-dabber-electrico-para-extracciones-yocan-blade?variant=Negro"
0.236;0;1.46;88405;9743;"Vaporizador Premium Smart Led Doteco St650 Para Cartridges - Negro";10531;3;14241;"Calvo Glass Batería LED Cartridge 510";"vaporizador led negro";"https://www.friendlygrow.cl/vaporizador-premium-smart-led-doteco-st650-para-cartridges-4?variant=Negro"
0.235;0;1.90;88506;4990;"Pipa Silicona Sólida - Morado";5494;3;9500;"PMG Pipa Kazili 12cm";"pipa silicona";"https://www.friendlygrow.cl/pipa-silicona-solida?variant=Morado"
0.235;0;2.02;87664;490;"Papelillos Honeypuff Tamaño 1 1/4 ( Pink, Thin, Organico, Brown ) - Ultra Thin";10868;2;990;"RAW Organic Hemp 1 1/4";"papelillos organico";"https://www.friendlygrow.cl/papelillos-honeypuff-ultra-thin-black-tamano-1-14?variant=Ultra%20Thin"
0.235;0;1.60;87474;7500;"Moledor Unico Conejo XL 17cm - 4 Pisos - Verde";5794;2;11990;"MOLEDOR PLASTICO REFORZADO XL-STORZ & BICKEL";"moledor xl";"https://www.friendlygrow.cl/grinder-chrome-rabbit-xl?variant=Verde"
0.235;0;6.52;88804;2990;"Bandeja de Enrolado Honeypuff - 6 Diseños Disponibles - Verde";5732;3;19493;"Bandeja Enrolado Neon Tray LED";"bandeja enrolado verde";"https://www.friendlygrow.cl/bandeja-de-enrolado-honeypuff-edicion-pink-cartoon?variant=Verde"
0.235;0;1.09;88629;19900;"Atrapacenizas Percolador Pyrex - Verde 45°";10309;5;21600;"BongLab AtrapaCenizas Triple HoneyComb - Macho 14mm";"atrapacenizas percolador";"https://www.friendlygrow.cl/adaptador-de-vidrio-con-percolador?variant=Verde%2045%C2%B0"
0.235;0;1.60;87476;7500;"Moledor Unico Conejo XL 17cm - 4 Pisos - Azul";5794;2;11990;"MOLEDOR PLASTICO REFORZADO XL-STORZ & BICKEL";"moledor xl";"https://www.friendlygrow.cl/grinder-chrome-rabbit-xl?variant=Azul"
0.235;0;1.41;87872;10990;"Bong de Silicona Dinosaurio con Bowl de Pyrex";10203;4;7821;"Quemador Abeja Calvo Glass Macho 14mm | Bowl de Borosilicato para Bong";"bong bowl";"https://www.friendlygrow.cl/pipa-de-silicona-dinosaurio-con-bowl-de-vidrio"
0.235;0;1.90;88478;4990;"Pipa Silicona Keny - Rojo";5494;3;9500;"PMG Pipa Kazili 12cm";"pipa silicona";"https://www.friendlygrow.cl/pipa-silicona-keny?variant=Rojo"
0.235;0;2.55;87551;49990;"Bong de Pyrex Phoenix Star Recycler con Perc Sphere – Bong Premium de Alta Filtración 30cms - Rosa";5529;4;19593;"R3 Mini-Bonglab";"bong pyrex recycler rosa";"https://www.friendlygrow.cl/bong-de-vidrio-phoenix-star-recycler-con-perc-sphere-bong-premium-de-alta-filtracion-1?variant=Rosa"
0.234;0;9.59;88281;3900;"Pipa de Silicona Monster - Rojo";5486;2;37391;"American Helix Pipa Classic Mini 12cm";"pipa rojo";"https://www.friendlygrow.cl/pipa-de-silicona-monster?variant=Rojo"
0.234;0;1.06;87495;21990;"Bong Phoenix Star Recycler Compacto 💎🌪️💨 20cms - Morado";5525;4;23400;"Dream Rig-Bonglab";"bong recycler compacto";"https://www.friendlygrow.cl/bong-phoenix-star-recycler-compacto-%F0%9F%92%8E%F0%9F%8C%AA%F0%9F%92%A8?variant=Morado"
0.234;0;2.42;87728;47500;"Bong de Pyrex Phoenix Star Recycler con Perc Sphere – Bong Premium de Alta Filtración 40cms - Rosa";5529;4;19593;"R3 Mini-Bonglab";"bong pyrex recycler rosa";"https://www.friendlygrow.cl/bong-de-vidrio-phoenix-star-recycler-con-perc-sphere-bong-premium-de-alta-filtracion?variant=Rosa"
0.234;0;1.90;88472;4990;"Pipa Silicona Keny - Rosa";5494;3;9500;"PMG Pipa Kazili 12cm";"pipa silicona";"https://www.friendlygrow.cl/pipa-silicona-keny?variant=Rosa"
0.234;0;1.90;88500;4990;"Pipa Silicona Sólida - Rosa";5494;3;9500;"PMG Pipa Kazili 12cm";"pipa silicona";"https://www.friendlygrow.cl/pipa-silicona-solida?variant=Rosa"
0.234;0;2.35;87714;28990;"Bong de Pyrex Phoenix Star Recto con Perc y Asa – Bong Alto de Alta Filtración 43cms - Verde";10166;3;68000;"Bong Bonglab K47 Medusa 30 cm | 7 Percoladores Alta Filtración";"bong alta filtracion";"https://www.friendlygrow.cl/bong-de-vidrio-phoenix-star-recto-con-perc-y-asa-bong-alto-de-alta-filtracion?variant=Verde"
0.234;0;2.00;87815;9990;"Downstem Phoenix Star Difusor Para Bongs de Pyrex - 12,5 cm";10322;3;4990;"Difusor Calvo Classic 18mm - 14mm - 10cm";"downstem difusor";"https://www.friendlygrow.cl/downstem-de-vidrio-phoenix-star-difusor-adaptador-de-borosilicato-para-bong?variant=12%2C5%20cm"
0.234;0;1.19;88352;7990;"Pipa Silicona Red Devil";5494;3;9500;"PMG Pipa Kazili 12cm";"pipa silicona";"https://www.friendlygrow.cl/pipa-silicona-red-devil"
0.234;0;2.02;87665;490;"Papelillos Honeypuff Tamaño 1 1/4 ( Pink, Thin, Organico, Brown ) - Lightly Pink";10868;2;990;"RAW Organic Hemp 1 1/4";"papelillos organico";"https://www.friendlygrow.cl/papelillos-honeypuff-ultra-thin-black-tamano-1-14?variant=Lightly%20Pink"
0.234;0;2.35;87716;28990;"Bong de Pyrex Phoenix Star Recto con Perc y Asa – Bong Alto de Alta Filtración 43cms - Azul";10166;3;68000;"Bong Bonglab K47 Medusa 30 cm | 7 Percoladores Alta Filtración";"bong alta filtracion";"https://www.friendlygrow.cl/bong-de-vidrio-phoenix-star-recto-con-perc-y-asa-bong-alto-de-alta-filtracion?variant=Azul"
0.233;0;2.98;87659;29990;"Hot Knife Dabber Eléctrico Para Extracciones | Yocan Blade. - Rojo";10499;2;89271;"Puffco Pivot Travel Case Daybreak Limited";"hot knife";"https://www.friendlygrow.cl/hot-knife-dabber-electrico-para-extracciones-yocan-blade?variant=Rojo"
0.233;0;1.60;87477;7500;"Moledor Unico Conejo XL 17cm - 4 Pisos - Morado";5794;2;11990;"MOLEDOR PLASTICO REFORZADO XL-STORZ & BICKEL";"moledor xl";"https://www.friendlygrow.cl/grinder-chrome-rabbit-xl?variant=Morado"
0.233;0;4.56;87625;65000;"10 x Vaporizador Bateria Brass Knukles Smart Pro 650mah - Edicion Friendly - Red Blacky";10531;3;14241;"Calvo Glass Batería LED Cartridge 510";"vaporizador bateria pro red";"https://www.friendlygrow.cl/vaporizador-bateria-brass-knukles-smart-pro-650mah-edicion-friendly-copiar?variant=Red%20Blacky"
0.233;0;1.06;87496;21990;"Bong Phoenix Star Recycler Compacto 💎🌪️💨 20cms - Blue";5525;4;23400;"Dream Rig-Bonglab";"bong recycler compacto";"https://www.friendlygrow.cl/bong-phoenix-star-recycler-compacto-%F0%9F%92%8E%F0%9F%8C%AA%F0%9F%92%A8?variant=Blue"
0.233;0;1.71;87714;28990;"Bong de Pyrex Phoenix Star Recto con Perc y Asa – Bong Alto de Alta Filtración 43cms - Verde";10408;3;49500;"BongLab Bong K99 Octopus 30cm";"bong alta filtracion";"https://www.friendlygrow.cl/bong-de-vidrio-phoenix-star-recto-con-perc-y-asa-bong-alto-de-alta-filtracion?variant=Verde"
0.233;0;1.59;88487;5990;"Pipa SIlicona Ornitorrinco - Rojo";5494;3;9500;"PMG Pipa Kazili 12cm";"pipa silicona";"https://www.friendlygrow.cl/pipa-silicona-ornitorrinco?variant=Rojo"
0.233;0;1.71;87716;28990;"Bong de Pyrex Phoenix Star Recto con Perc y Asa – Bong Alto de Alta Filtración 43cms - Azul";10408;3;49500;"BongLab Bong K99 Octopus 30cm";"bong alta filtracion";"https://www.friendlygrow.cl/bong-de-vidrio-phoenix-star-recto-con-perc-y-asa-bong-alto-de-alta-filtracion?variant=Azul"
0.233;0;5.84;88182;5990;"Pipa de Silicona Monster Spider - Rojo";10754;2;34990;"Special Blue Soplete Monster Pro Doble Llama";"monster rojo";"https://www.friendlygrow.cl/pipa-de-silicona-monster-spider?variant=Rojo"
0.233;0;2.35;87712;28990;"Bong de Pyrex Phoenix Star Recto con Perc y Asa – Bong Alto de Alta Filtración 43cms - Morado";10166;3;68000;"Bong Bonglab K47 Medusa 30 cm | 7 Percoladores Alta Filtración";"bong alta filtracion";"https://www.friendlygrow.cl/bong-de-vidrio-phoenix-star-recto-con-perc-y-asa-bong-alto-de-alta-filtracion?variant=Morado"
0.232;0;2.00;87813;9990;"Downstem Phoenix Star Difusor Para Bongs de Pyrex - 11,5 cm";10322;3;4990;"Difusor Calvo Classic 18mm - 14mm - 10cm";"downstem difusor";"https://www.friendlygrow.cl/downstem-de-vidrio-phoenix-star-difusor-adaptador-de-borosilicato-para-bong?variant=11%2C5%20cm"
0.232;0;1.29;87681;18990;"Bong Dab Rig Cloudy Hit 20cm - Diseño Unico - Rosa";5341;4;24500;"Bong Jelly Drop Bonglab | Bong de Vidrio Compacto y Resistente";"bong 20cm rosa";"https://www.friendlygrow.cl/bong-de-vidrio-beaker-negro-con-detalles-de-color?variant=Rosa"
0.232;0;1.70;88160;8990;"Pipa de Pyrex Phoenix Star Spoon 10cm - Amarilla";10219;3;15300;"Bong Pyrex KM1 Prisma 10cm Clear Bonglab | Mini Bong de Vidrio";"pyrex 10cm";"https://www.friendlygrow.cl/pipa-de-pyrex-phoenix-star?variant=Amarilla"
0.232;0;1.71;87712;28990;"Bong de Pyrex Phoenix Star Recto con Perc y Asa – Bong Alto de Alta Filtración 43cms - Morado";10408;3;49500;"BongLab Bong K99 Octopus 30cm";"bong alta filtracion";"https://www.friendlygrow.cl/bong-de-vidrio-phoenix-star-recto-con-perc-y-asa-bong-alto-de-alta-filtracion?variant=Morado"
0.232;0;0.00;88191;5990;"Pipa SIlicona Big Mouth Blue";10629;1;0;"Bonglab Pipa Glycerin Frosty Bowl Blue - 16cm";"pipa blue";"https://www.friendlygrow.cl/pipa-silicona-big-mouth-blue"
0.232;0;2.35;87710;28990;"Bong de Pyrex Phoenix Star Recto con Perc y Asa – Bong Alto de Alta Filtración 43cms - Rosa";10166;3;68000;"Bong Bonglab K47 Medusa 30 cm | 7 Percoladores Alta Filtración";"bong alta filtracion";"https://www.friendlygrow.cl/bong-de-vidrio-phoenix-star-recto-con-perc-y-asa-bong-alto-de-alta-filtracion?variant=Rosa"
0.232;0;10.02;88302;5990;"Pipa SIlicona Alien Cartoon - Verde";10193;3;59992;"Bong Space Opera Waterpipe 30cm";"alien verde";"https://www.friendlygrow.cl/pipa-silicona-alien-cartoon?variant=Verde"
0.232;0;1.04;87557;49990;"Bong de Pyrex Phoenix Star Recycler con Perc Sphere – Bong Premium de Alta Filtración 30cms - Negro";5536;2;52191;"Bong Beaker Tree Perc 35cm";"bong perc negro";"https://www.friendlygrow.cl/bong-de-vidrio-phoenix-star-recycler-con-perc-sphere-bong-premium-de-alta-filtracion-1?variant=Negro"
0.231;0;0.00;88795;9990;"Vaporizador Para Cartridges Doteco ST650 - Morado";11024;2;0;"Vaporizador DaVinci IQ2";"vaporizador morado";"https://www.friendlygrow.cl/vaporizador-para-cartridges-doteco-st650?variant=Morado"
0.231;0;1.90;88476;4990;"Pipa Silicona Keny - Amarillo";5494;3;9500;"PMG Pipa Kazili 12cm";"pipa silicona";"https://www.friendlygrow.cl/pipa-silicona-keny?variant=Amarillo"
0.231;0;1.90;88507;4990;"Pipa Silicona Sólida - Amarillo";5494;3;9500;"PMG Pipa Kazili 12cm";"pipa silicona";"https://www.friendlygrow.cl/pipa-silicona-solida?variant=Amarillo"
0.231;0;1.71;87710;28990;"Bong de Pyrex Phoenix Star Recto con Perc y Asa – Bong Alto de Alta Filtración 43cms - Rosa";10408;3;49500;"BongLab Bong K99 Octopus 30cm";"bong alta filtracion";"https://www.friendlygrow.cl/bong-de-vidrio-phoenix-star-recto-con-perc-y-asa-bong-alto-de-alta-filtracion?variant=Rosa"
0.231;0;1.09;88633;19900;"Atrapacenizas Percolador Pyrex - Transparente 90°";10309;5;21600;"BongLab AtrapaCenizas Triple HoneyComb - Macho 14mm";"atrapacenizas percolador";"https://www.friendlygrow.cl/adaptador-de-vidrio-con-percolador?variant=Transparente%2090%C2%B0"
0.231;0;2.98;87657;29990;"Hot Knife Dabber Eléctrico Para Extracciones | Yocan Blade. - Celeste";10499;2;89271;"Puffco Pivot Travel Case Daybreak Limited";"hot knife";"https://www.friendlygrow.cl/hot-knife-dabber-electrico-para-extracciones-yocan-blade?variant=Celeste"
0.231;0;4.67;87774;10990;"Bong Devil de Silicona con Bowl de Vidrio - Naranja";10291;3;51300;"BongLab Bong K165 Heavy Bowl 50cm";"bong bowl vidrio";"https://www.friendlygrow.cl/bong-devil-de-silicona-con-bowl-de-vidrio?variant=Naranja"
0.230;0;1.61;88467;5900;"Pipa SIlicona Fantasmita - Blanco";5494;3;9500;"PMG Pipa Kazili 12cm";"pipa silicona";"https://www.friendlygrow.cl/pipa-silicona-fantasmita?variant=Blanco"
0.230;0;1.60;87478;7500;"Moledor Unico Conejo XL 17cm - 4 Pisos - Amarillo";5794;2;11990;"MOLEDOR PLASTICO REFORZADO XL-STORZ & BICKEL";"moledor xl";"https://www.friendlygrow.cl/grinder-chrome-rabbit-xl?variant=Amarillo"
0.230;0;1.90;88480;4990;"Pipa Silicona Keny - Celeste";5494;3;9500;"PMG Pipa Kazili 12cm";"pipa silicona";"https://www.friendlygrow.cl/pipa-silicona-keny?variant=Celeste"
0.230;0;1.90;88504;4990;"Pipa Silicona Sólida - Celeste";5494;3;9500;"PMG Pipa Kazili 12cm";"pipa silicona";"https://www.friendlygrow.cl/pipa-silicona-solida?variant=Celeste"
0.230;0;1.87;87677;14990;"Bong de Pyrex Beaker con Borde de Color – Bong de Pyrex con Downstem 20cms - Rosa";10466;2;27990;"Bonglab Bong Tough Beaker 23cm";"bong beaker rosa";"https://www.friendlygrow.cl/bong-de-vidrio-beaker-con-borde-de-color-bong-de-pyrex-con-downstem?variant=Rosa"
0.230;0;1.59;88489;5990;"Pipa SIlicona Ornitorrinco - Amarillo";5494;3;9500;"PMG Pipa Kazili 12cm";"pipa silicona";"https://www.friendlygrow.cl/pipa-silicona-ornitorrinco?variant=Amarillo"
0.230;0;1.58;87546;7900;"Adaptador de Pyrex en U para Dos Bangers – Doble Quemador 14mm/18mm - 18mm";10323;2;4990;"Difusor Calvo Classic 18mm - 14mm - 14cm";"14mm 18mm";"https://www.friendlygrow.cl/adaptador-de-vidrio-en-u-para-dos-bangers-doble-quemador-14mm18mm?variant=18mm"
0.230;0;1.58;87545;7900;"Adaptador de Pyrex en U para Dos Bangers – Doble Quemador 14mm/18mm - 14mm";10323;2;4990;"Difusor Calvo Classic 18mm - 14mm - 14cm";"14mm 18mm";"https://www.friendlygrow.cl/adaptador-de-vidrio-en-u-para-dos-bangers-doble-quemador-14mm18mm?variant=14mm"
0.230;0;2.98;87660;29990;"Hot Knife Dabber Eléctrico Para Extracciones | Yocan Blade. - Silver";10499;2;89271;"Puffco Pivot Travel Case Daybreak Limited";"hot knife";"https://www.friendlygrow.cl/hot-knife-dabber-electrico-para-extracciones-yocan-blade?variant=Silver"
0.230;0;1.04;87751;49990;"Bong de Pyrex Phoenix Star Recycler Multi Perc – Bong de Alta Filtración Premium 35cms - Verde";5536;2;52191;"Bong Beaker Tree Perc 35cm";"bong perc verde";"https://www.friendlygrow.cl/bong-de-vidrio-phoenix-star-recycler-multi-perc-bong-de-alta-filtracion-premium?variant=Verde"
0.229;0;0.00;88314;6990;"Pipa Silicona Cartoon Blue - Bicolor";10629;1;0;"Bonglab Pipa Glycerin Frosty Bowl Blue - 16cm";"pipa blue";"https://www.friendlygrow.cl/pipa-silicona-cartoon-blue?variant=Bicolor"
0.229;0;1.90;88473;4990;"Pipa Silicona Keny - Naranjo";5494;3;9500;"PMG Pipa Kazili 12cm";"pipa silicona";"https://www.friendlygrow.cl/pipa-silicona-keny?variant=Naranjo"
0.229;0;1.31;87495;21990;"Bong Phoenix Star Recycler Compacto 💎🌪️💨 20cms - Morado";11032;2;28800;"Bonglab Bong Pocket Twister 23cm Negro";"bong compacto";"https://www.friendlygrow.cl/bong-phoenix-star-recycler-compacto-%F0%9F%92%8E%F0%9F%8C%AA%F0%9F%92%A8?variant=Morado"
0.229;0;1.36;88311;6990;"Pipa Silicona Cartoon Blue - Azul";5494;3;9500;"PMG Pipa Kazili 12cm";"pipa silicona";"https://www.friendlygrow.cl/pipa-silicona-cartoon-blue?variant=Azul"
0.229;0;1.59;87724;82900;"Bong de Pyrex Phoenix Star Recycler con Perc Dome – Bong Premium de Alta Filtración 35cms - Verde";5536;2;52191;"Bong Beaker Tree Perc 35cm";"bong perc verde";"https://www.friendlygrow.cl/bong-de-vidrio-phoenix-star-recycler-con-perc-dome-bong-premium-de-alta-filtracion?variant=Verde"
0.228;0;1.06;88169;8990;"Pipa de Silicona Bear Cartoon";5494;3;9500;"PMG Pipa Kazili 12cm";"pipa silicona";"https://www.friendlygrow.cl/pipa-de-silicona-bear-cartoon"
0.228;0;8.92;88255;10990;"🦄 Bong de Silicona Unicornio Resistente, portátil y con estilo - Rosa";8651;4;97993;"Vaporizador DaVinci MIQRO-C | PIRANHA";"portatil rosa";"https://www.friendlygrow.cl/contenedor-de-silicona-unicornio?variant=Rosa"
0.228;0;1.50;88586;3990;"Dabber Spoon de Precisión Black Cobra - Diseño Corona - Negra";10610;2;5990;"Dual Dabbers -Bonglab";"dabber spoon";"https://www.friendlygrow.cl/mini-cuchara-de-precision-black-cobra-diseno-corona?variant=Negra"
0.228;0;1.31;87496;21990;"Bong Phoenix Star Recycler Compacto 💎🌪️💨 20cms - Blue";11032;2;28800;"Bonglab Bong Pocket Twister 23cm Negro";"bong compacto";"https://www.friendlygrow.cl/bong-phoenix-star-recycler-compacto-%F0%9F%92%8E%F0%9F%8C%AA%F0%9F%92%A8?variant=Blue"
0.228;0;1.60;87475;7500;"Moledor Unico Conejo XL 17cm - 4 Pisos - Plateado";5794;2;11990;"MOLEDOR PLASTICO REFORZADO XL-STORZ & BICKEL";"moledor xl";"https://www.friendlygrow.cl/grinder-chrome-rabbit-xl?variant=Plateado"
0.228;0;1.61;88466;5900;"Pipa SIlicona Fantasmita - Naranjo";5494;3;9500;"PMG Pipa Kazili 12cm";"pipa silicona";"https://www.friendlygrow.cl/pipa-silicona-fantasmita?variant=Naranjo"
0.228;0;2.49;88294;8990;"Pipa de Pyrex Phoenix - Rosa";5535;4;22400;"Bong Color Cube Bonglab Azul y Verde | Bong Compacto";"pyrex rosa";"https://www.friendlygrow.cl/pipa-de-vidrio-phoenix?variant=Rosa"
0.228;0;1.74;88352;7990;"Pipa Silicona Red Devil";5731;3;13941;"Blazy Susan Cenicero Deluxe";"silicona red";"https://www.friendlygrow.cl/pipa-silicona-red-devil"
0.227;0;0.00;88157;8990;"Pipa de Pyrex Phoenix Star Spoon 10cm - Rosa";5750;2;0;"Quemador Rejilla Pyrex 14Mm Cono-Bonglab";"pyrex rosa";"https://www.friendlygrow.cl/pipa-de-pyrex-phoenix-star?variant=Rosa"
0.227;0;0.00;88091;2490;"Contenedor de Almacenamiento Mr. Joint - Premium Stash Tin - Diseño 4";10739;2;0;"Galaxy Case Contenedor Porta Joint";"contenedor joint";"https://www.friendlygrow.cl/lata-de-almacenamiento-mr-joint-premium-stash-tin?variant=Dise%C3%B1o%204"
0.227;0;0.00;88089;2490;"Contenedor de Almacenamiento Mr. Joint - Premium Stash Tin - Diseño 3";10739;2;0;"Galaxy Case Contenedor Porta Joint";"contenedor joint";"https://www.friendlygrow.cl/lata-de-almacenamiento-mr-joint-premium-stash-tin?variant=Dise%C3%B1o%203"
0.227;0;0.00;88093;2490;"Contenedor de Almacenamiento Mr. Joint - Premium Stash Tin - Diseño 5";10739;2;0;"Galaxy Case Contenedor Porta Joint";"contenedor joint";"https://www.friendlygrow.cl/lata-de-almacenamiento-mr-joint-premium-stash-tin?variant=Dise%C3%B1o%205"
0.227;0;0.00;88087;2490;"Contenedor de Almacenamiento Mr. Joint - Premium Stash Tin - Diseño 2";10739;2;0;"Galaxy Case Contenedor Porta Joint";"contenedor joint";"https://www.friendlygrow.cl/lata-de-almacenamiento-mr-joint-premium-stash-tin?variant=Dise%C3%B1o%202"
0.227;0;0.00;88095;2490;"Contenedor de Almacenamiento Mr. Joint - Premium Stash Tin - Diseño 6";10739;2;0;"Galaxy Case Contenedor Porta Joint";"contenedor joint";"https://www.friendlygrow.cl/lata-de-almacenamiento-mr-joint-premium-stash-tin?variant=Dise%C3%B1o%206"
0.227;0;0.00;88085;1990;"Contenedor de Almacenamiento Mr. Joint - Premium Stash Tin - Diseño 1";10739;2;0;"Galaxy Case Contenedor Porta Joint";"contenedor joint";"https://www.friendlygrow.cl/lata-de-almacenamiento-mr-joint-premium-stash-tin?variant=Dise%C3%B1o%201"
0.227;0;0.00;88355;14990;"Vaporizador Bateria Alien Doteco Et500 Para Cartridges 510 - Rosa";11006;2;0;"Airistech Batería Mystica II";"vaporizador bateria 510 rosa";"https://www.friendlygrow.cl/vaporizador-bateria-alien-doteco-et500-para-cartridges-510-4?variant=Rosa"
0.227;0;1.50;88592;3990;"Dabber Spoon de Precisión Black Cobra - Diseño Corona - Blanca";10610;2;5990;"Dual Dabbers -Bonglab";"dabber spoon";"https://www.friendlygrow.cl/mini-cuchara-de-precision-black-cobra-diseno-corona?variant=Blanca"
0.227;0;0.00;88925;1990;"Cono Pre-enrolado Honeypuff de Petalos Rosa y Boquilla Pyrex - Banana";11030;2;0;"Bonglab Quemador con Rejilla Macho 14mm Verde";"cono pyrex";"https://www.friendlygrow.cl/cono-pre-rolado-honeypuff-rose?variant=Banana"
0.226;0;1.29;87683;18990;"Bong Dab Rig Cloudy Hit 20cm - Diseño Unico - Morado";5341;4;24500;"Bong Jelly Drop Bonglab | Bong de Vidrio Compacto y Resistente";"bong 20cm morado";"https://www.friendlygrow.cl/bong-de-vidrio-beaker-negro-con-detalles-de-color?variant=Morado"
0.226;0;7.49;88478;4990;"Pipa Silicona Keny - Rojo";5486;2;37391;"American Helix Pipa Classic Mini 12cm";"pipa rojo";"https://www.friendlygrow.cl/pipa-silicona-keny?variant=Rojo"
0.226;0;1.59;88309;5990;"Pipa Silicona Big Mouth";5494;3;9500;"PMG Pipa Kazili 12cm";"pipa silicona";"https://www.friendlygrow.cl/pipa-silicona-big-mouth"
0.226;0;1.50;88588;3990;"Dabber Spoon de Precisión Black Cobra - Diseño Corona - Roja";10610;2;5990;"Dual Dabbers -Bonglab";"dabber spoon";"https://www.friendlygrow.cl/mini-cuchara-de-precision-black-cobra-diseno-corona?variant=Roja"
0.226;0;1.26;87484;7990;"Moledor Unico Oso 14cm - 4 Pisos- - Cobre";6567;3;10100;"Moledor Bulldog Ámsterdam Metálico Silver 4 Partes";"moledor pisos";"https://www.friendlygrow.cl/moledor-unico-oso-cromado?variant=Cobre"
0.226;0;4.56;87624;65000;"10 x Vaporizador Bateria Brass Knukles Smart Pro 650mah - Edicion Friendly - Negro";10531;3;14241;"Calvo Glass Batería LED Cartridge 510";"vaporizador bateria pro negro";"https://www.friendlygrow.cl/vaporizador-bateria-brass-knukles-smart-pro-650mah-edicion-friendly-copiar?variant=Negro"
0.225;0;10.02;87618;5990;"Pipa de Silicona Alien 3 Eyes - Verde";10193;3;59992;"Bong Space Opera Waterpipe 30cm";"alien verde";"https://www.friendlygrow.cl/pipa-de-silicona-alien-3-eyes?variant=Verde"
0.225;0;1.50;88584;3990;"Dabber Spoon de Precisión Black Cobra - Diseño Corona - Amarilla";10610;2;5990;"Dual Dabbers -Bonglab";"dabber spoon";"https://www.friendlygrow.cl/mini-cuchara-de-precision-black-cobra-diseno-corona?variant=Amarilla"
0.225;0;0.00;88923;1990;"Cono Pre-enrolado Honeypuff de Petalos Rosa y Boquilla Pyrex - Sandia";11030;2;0;"Bonglab Quemador con Rejilla Macho 14mm Verde";"cono pyrex";"https://www.friendlygrow.cl/cono-pre-rolado-honeypuff-rose?variant=Sandia"
0.225;0;1.16;88174;10990;"Pipa de Silicona Dinosaurio Cartoon";5494;3;9500;"PMG Pipa Kazili 12cm";"pipa silicona";"https://www.friendlygrow.cl/pipa-de-silicona-dinosaurio-cartoon"
0.225;0;6.24;88487;5990;"Pipa SIlicona Ornitorrinco - Rojo";5486;2;37391;"American Helix Pipa Classic Mini 12cm";"pipa rojo";"https://www.friendlygrow.cl/pipa-silicona-ornitorrinco?variant=Rojo"
0.225;0;1.59;88316;5990;"Pipa Silicona Cartoon Colores - Negro";5494;3;9500;"PMG Pipa Kazili 12cm";"pipa silicona";"https://www.friendlygrow.cl/pipa-silicona-cartoon-colores?variant=Negro"
0.225;0;0.00;88919;1990;"Cono Pre-enrolado Honeypuff de Petalos Rosa y Boquilla Pyrex - Uva";11030;2;0;"Bonglab Quemador con Rejilla Macho 14mm Verde";"cono pyrex";"https://www.friendlygrow.cl/cono-pre-rolado-honeypuff-rose?variant=Uva"
0.225;0;0.00;88927;1990;"Cono Pre-enrolado Honeypuff de Petalos Rosa y Boquilla Pyrex - Berry";11030;2;0;"Bonglab Quemador con Rejilla Macho 14mm Verde";"cono pyrex";"https://www.friendlygrow.cl/cono-pre-rolado-honeypuff-rose?variant=Berry"
0.224;0;1.06;88354;8990;"Pipa Silicona Zombie Demon";5494;3;9500;"PMG Pipa Kazili 12cm";"pipa silicona";"https://www.friendlygrow.cl/pipa-silicona-zombie-demon"
0.224;0;12.41;88837;249990;"Vaporizador Extracciones E-rig Yocan Phaser Max - Azul";10218;4;20143;"Bonglab Handy Rig 14 cm – Rig Compacto Borosilicato para Extracciones | GrowBaratoChile";"extracciones rig azul";"https://www.friendlygrow.cl/yocan-phaser-max?variant=Azul"
0.224;0;1.18;87687;18990;"Bong de Pyrex Honeycomb Beaker - Diseño Panal 25cms - Rosa";5535;4;22400;"Bong Color Cube Bonglab Azul y Verde | Bong Compacto";"bong pyrex rosa";"https://www.friendlygrow.cl/bong-de-vidrio-estilo-honeycomb-beaker-bong-decorado-con-diseno-panal?variant=Rosa"
0.224;0;1.59;88321;5990;"Pipa Silicona Cartoon Colores - Verde";5494;3;9500;"PMG Pipa Kazili 12cm";"pipa silicona";"https://www.friendlygrow.cl/pipa-silicona-cartoon-colores?variant=Verde"
0.224;0;0.00;88922;1990;"Cono Pre-enrolado Honeypuff de Petalos Rosa y Boquilla Pyrex - Arandano";11030;2;0;"Bonglab Quemador con Rejilla Macho 14mm Verde";"cono pyrex";"https://www.friendlygrow.cl/cono-pre-rolado-honeypuff-rose?variant=Arandano"
0.224;0;1.59;88317;5990;"Pipa Silicona Cartoon Colores - Azul";5494;3;9500;"PMG Pipa Kazili 12cm";"pipa silicona";"https://www.friendlygrow.cl/pipa-silicona-cartoon-colores?variant=Azul"
0.224;0;1.20;87548;29990;"Bong de Pyrex Phoenix Star Diseño Beaker con Percolador de 8 Brazos y Líneas de Oro 24K - 30cms - Milk Green";10997;2;24990;"Shine 2 Papelillos de Oro 24K 1 1/4";"oro 24k";"https://www.friendlygrow.cl/bong-de-vidrio-phoenix-star-diseno-beaker-con-percolador-de-8-brazos-y-lineas-de-oro-24k-30cms?variant=Milk%20Green"
0.223;0;2.55;87553;49990;"Bong de Pyrex Phoenix Star Recycler con Perc Sphere – Bong Premium de Alta Filtración 30cms - Azul";5529;4;19593;"R3 Mini-Bonglab";"bong pyrex recycler azul";"https://www.friendlygrow.cl/bong-de-vidrio-phoenix-star-recycler-con-perc-sphere-bong-premium-de-alta-filtracion-1?variant=Azul"
0.223;0;0.00;88920;1990;"Cono Pre-enrolado Honeypuff de Petalos Rosa y Boquilla Pyrex - Frutilla";11030;2;0;"Bonglab Quemador con Rejilla Macho 14mm Verde";"cono pyrex";"https://www.friendlygrow.cl/cono-pre-rolado-honeypuff-rose?variant=Frutilla"
0.223;0;1.20;87550;29990;"Bong de Pyrex Phoenix Star Diseño Beaker con Percolador de 8 Brazos y Líneas de Oro 24K - 30cms - Milk Pink";10997;2;24990;"Shine 2 Papelillos de Oro 24K 1 1/4";"oro 24k";"https://www.friendlygrow.cl/bong-de-vidrio-phoenix-star-diseno-beaker-con-percolador-de-8-brazos-y-lineas-de-oro-24k-30cms?variant=Milk%20Pink"
0.223;0;1.20;87549;29990;"Bong de Pyrex Phoenix Star Diseño Beaker con Percolador de 8 Brazos y Líneas de Oro 24K - 30cms - Milk Blue";10997;2;24990;"Shine 2 Papelillos de Oro 24K 1 1/4";"oro 24k";"https://www.friendlygrow.cl/bong-de-vidrio-phoenix-star-diseno-beaker-con-percolador-de-8-brazos-y-lineas-de-oro-24k-30cms?variant=Milk%20Blue"
0.223;0;1.59;88302;5990;"Pipa SIlicona Alien Cartoon - Verde";5494;3;9500;"PMG Pipa Kazili 12cm";"pipa silicona";"https://www.friendlygrow.cl/pipa-silicona-alien-cartoon?variant=Verde"
0.223;0;0.00;88312;6990;"Pipa Silicona Cartoon Blue - Celeste";10661;2;0;"Special Blue Soplete Mod Rubber";"blue celeste";"https://www.friendlygrow.cl/pipa-silicona-cartoon-blue?variant=Celeste"
0.222;0;2.42;87732;47500;"Bong de Pyrex Phoenix Star Recycler con Perc Sphere – Bong Premium de Alta Filtración 40cms - Azul";5529;4;19593;"R3 Mini-Bonglab";"bong pyrex recycler azul";"https://www.friendlygrow.cl/bong-de-vidrio-phoenix-star-recycler-con-perc-sphere-bong-premium-de-alta-filtracion?variant=Azul"
0.222;0;1.19;88329;7990;"Pipa Silicona Dark Knight";5494;3;9500;"PMG Pipa Kazili 12cm";"pipa silicona";"https://www.friendlygrow.cl/pipa-silicona-dark-knight"
0.222;0;9.42;88626;46990;"Yocan Phaser Max Glass (repuesto)";10525;3;4990;"Calvo Glass Nectar Wax Pen 400mAh";"glass repuesto";"https://www.friendlygrow.cl/yocan-phaser-max-glass-repuesto"
0.222;0;0.00;88929;1990;"Cono Pre-enrolado Honeypuff de Petalos Rosa y Boquilla Pyrex - Manzana";11030;2;0;"Bonglab Quemador con Rejilla Macho 14mm Verde";"cono pyrex";"https://www.friendlygrow.cl/cono-pre-rolado-honeypuff-rose?variant=Manzana"
0.222;0;0.00;88159;8990;"Pipa de Pyrex Phoenix Star Spoon 10cm - Verde";11030;2;0;"Bonglab Quemador con Rejilla Macho 14mm Verde";"pyrex verde";"https://www.friendlygrow.cl/pipa-de-pyrex-phoenix-star?variant=Verde"
0.222;0;2.11;87482;7990;"Moledor Unico Oso 14cm - 4 Pisos- - Morado";10359;3;3790;"Bonglab Difusor Logo 14mm Morado";"14cm morado";"https://www.friendlygrow.cl/moledor-unico-oso-cromado?variant=Morado"
0.222;0;1.36;88312;6990;"Pipa Silicona Cartoon Blue - Celeste";5494;3;9500;"PMG Pipa Kazili 12cm";"pipa silicona";"https://www.friendlygrow.cl/pipa-silicona-cartoon-blue?variant=Celeste"
0.222;0;1.19;88298;7990;"Pipa Silicona Alien Brocoli";5494;3;9500;"PMG Pipa Kazili 12cm";"pipa silicona";"https://www.friendlygrow.cl/pipa-silicona-alien-brocoli"
0.222;0;1.59;88323;5990;"Pipa Silicona Cartoon Colores - Morado";5494;3;9500;"PMG Pipa Kazili 12cm";"pipa silicona";"https://www.friendlygrow.cl/pipa-silicona-cartoon-colores?variant=Morado"
0.222;0;1.20;87547;29990;"Bong de Pyrex Phoenix Star Diseño Beaker con Percolador de 8 Brazos y Líneas de Oro 24K - 30cms - Milk Purple";10997;2;24990;"Shine 2 Papelillos de Oro 24K 1 1/4";"oro 24k";"https://www.friendlygrow.cl/bong-de-vidrio-phoenix-star-diseno-beaker-con-percolador-de-8-brazos-y-lineas-de-oro-24k-30cms?variant=Milk%20Purple"
0.221;0;0.00;88358;14990;"Vaporizador Bateria Alien Doteco Et500 Para Cartridges 510 - Morado";11006;2;0;"Airistech Batería Mystica II";"vaporizador bateria 510 morado";"https://www.friendlygrow.cl/vaporizador-bateria-alien-doteco-et500-para-cartridges-510-4?variant=Morado"
0.221;0;1.35;87474;7500;"Moledor Unico Conejo XL 17cm - 4 Pisos - Verde";6567;3;10100;"Moledor Bulldog Ámsterdam Metálico Silver 4 Partes";"moledor pisos";"https://www.friendlygrow.cl/grinder-chrome-rabbit-xl?variant=Verde"
0.221;0;1.59;88319;5990;"Pipa Silicona Cartoon Colores - Rojo";5494;3;9500;"PMG Pipa Kazili 12cm";"pipa silicona";"https://www.friendlygrow.cl/pipa-silicona-cartoon-colores?variant=Rojo"
0.221;0;2.38;88460;3990;"Pipa Silicona Clásica - Amarilla";5494;3;9500;"PMG Pipa Kazili 12cm";"pipa silicona";"https://www.friendlygrow.cl/pipa-silicona-clasica?variant=Amarilla"
0.221;0;3.51;87558;27450;"Bong de Pyrex Phoenix Star Splash – Bong de Borosilicato con Downstem Difusor 💎💨 45cms";10203;4;7821;"Quemador Abeja Calvo Glass Macho 14mm | Bowl de Borosilicato para Bong";"bong borosilicato";"https://www.friendlygrow.cl/bong-de-vidrio-phoenix-star-splash-bong-de-borosilicato-con-downstem-difusor-%F0%9F%92%8E%F0%9F%92%A8"
0.221;0;1.35;87476;7500;"Moledor Unico Conejo XL 17cm - 4 Pisos - Azul";6567;3;10100;"Moledor Bulldog Ámsterdam Metálico Silver 4 Partes";"moledor pisos";"https://www.friendlygrow.cl/grinder-chrome-rabbit-xl?variant=Azul"
0.221;0;1.60;87479;7500;"Moledor Unico Conejo XL 17cm - 4 Pisos - Cobre";5794;2;11990;"MOLEDOR PLASTICO REFORZADO XL-STORZ & BICKEL";"moledor xl";"https://www.friendlygrow.cl/grinder-chrome-rabbit-xl?variant=Cobre"
0.220;0;0.00;87894;3900;"Pipa de Silicona Mushroom Cartoon con Bowl de Vidrio - Verde";10629;1;0;"Bonglab Pipa Glycerin Frosty Bowl Blue - 16cm";"pipa bowl";"https://www.friendlygrow.cl/pipa-de-silicona-mushroom-cartoon-con-bowl-de-vidrio?variant=Verde"
0.220;0;2.55;87755;49990;"Bong de Pyrex Phoenix Star Recycler Multi Perc – Bong de Alta Filtración Premium 35cms - Azul";5529;4;19593;"R3 Mini-Bonglab";"bong pyrex recycler azul";"https://www.friendlygrow.cl/bong-de-vidrio-phoenix-star-recycler-multi-perc-bong-de-alta-filtracion-premium?variant=Azul"
0.220;0;0.00;87895;3900;"Pipa de Silicona Mushroom Cartoon con Bowl de Vidrio - Azul";10629;1;0;"Bonglab Pipa Glycerin Frosty Bowl Blue - 16cm";"pipa bowl";"https://www.friendlygrow.cl/pipa-de-silicona-mushroom-cartoon-con-bowl-de-vidrio?variant=Azul"
0.220;0;1.50;88586;3990;"Dabber Spoon de Precisión Black Cobra - Diseño Corona - Negra";10617;3;5990;"Bandeja Metálica RAW Silver | PIRANHA";"black negra";"https://www.friendlygrow.cl/mini-cuchara-de-precision-black-cobra-diseno-corona?variant=Negra"
0.220;0;1.16;88633;19900;"Atrapacenizas Percolador Pyrex - Transparente 90°";10316;3;22990;"BongLab AtrapaCenizas Triple HoneyComb - Macho 18mm";"atrapacenizas transparente";"https://www.friendlygrow.cl/adaptador-de-vidrio-con-percolador?variant=Transparente%2090%C2%B0"
0.220;0;1.67;87561;9990;"Boquilla de Enfriamiento Vaporizador Herbal Yocan Hit 2";10887;2;5990;"Airistech Boquilla Nokiva";"boquilla vaporizador";"https://www.friendlygrow.cl/boquilla-de-enfriamiento-herbal-yocan-hit-2"
0.220;0;1.00;87948;5990;"Boquilla de Enfriamiento Vaporizador Herbal Yocan Hit";10887;2;5990;"Airistech Boquilla Nokiva";"boquilla vaporizador";"https://www.friendlygrow.cl/boquilla-de-enfriamiento-herbal-yocan-hit"
0.220;0;2.19;87525;6990;"Moledor aluminio 3 pisos 51mm Colores - Negro";5507;2;15291;"Grinder Galaxy Aluminio 55mm";"moledor aluminio negro";"https://www.friendlygrow.cl/grinder-metalico-4-piezas-aluminio-filtro-polen?variant=Negro"
0.220;0;1.19;88346;7990;"Pipa Silicona Pineapple Express";5494;3;9500;"PMG Pipa Kazili 12cm";"pipa silicona";"https://www.friendlygrow.cl/pipa-silicona-pineapple-express"
0.219;0;1.59;88305;5990;"Pipa SIlicona Alien Cartoon - Rojo";5494;3;9500;"PMG Pipa Kazili 12cm";"pipa silicona";"https://www.friendlygrow.cl/pipa-silicona-alien-cartoon?variant=Rojo"
0.219;0;1.12;87895;3900;"Pipa de Silicona Mushroom Cartoon con Bowl de Vidrio - Azul";5751;3;3490;"Calvo Glass Quemador Pyrex - Macho 14mm";"bowl vidrio";"https://www.friendlygrow.cl/pipa-de-silicona-mushroom-cartoon-con-bowl-de-vidrio?variant=Azul"
0.219;0;4.23;87722;82900;"Bong de Pyrex Phoenix Star Recycler con Perc Dome – Bong Premium de Alta Filtración 35cms - Azul";5529;4;19593;"R3 Mini-Bonglab";"bong pyrex recycler azul";"https://www.friendlygrow.cl/bong-de-vidrio-phoenix-star-recycler-con-perc-dome-bong-premium-de-alta-filtracion?variant=Azul"
0.219;0;36.84;88798;9990;"Vaporizador Para Cartridges Doteco ST650 - Negro";9245;4;367991;"Mighty +";"vaporizador negro";"https://www.friendlygrow.cl/vaporizador-para-cartridges-doteco-st650?variant=Negro"
0.219;0;0.00;88931;1990;"Cono Pre-enrolado Honeypuff de Petalos Rosa y Boquilla Pyrex - RoyalRose";11030;2;0;"Bonglab Quemador con Rejilla Macho 14mm Verde";"cono pyrex";"https://www.friendlygrow.cl/cono-pre-rolado-honeypuff-rose?variant=RoyalRose"
0.219;0;1.35;87477;7500;"Moledor Unico Conejo XL 17cm - 4 Pisos - Morado";6567;3;10100;"Moledor Bulldog Ámsterdam Metálico Silver 4 Partes";"moledor pisos";"https://www.friendlygrow.cl/grinder-chrome-rabbit-xl?variant=Morado"
0.219;0;3.86;87664;490;"Papelillos Honeypuff Tamaño 1 1/4 ( Pink, Thin, Organico, Brown ) - Ultra Thin";5471;3;1890;"Papelillos OCB Cañamo Orgánico 1 1/4 + Tips";"papelillos organico";"https://www.friendlygrow.cl/papelillos-honeypuff-ultra-thin-black-tamano-1-14?variant=Ultra%20Thin"
0.219;0;1.59;88301;5990;"Pipa SIlicona Alien Cartoon - Rosa";5494;3;9500;"PMG Pipa Kazili 12cm";"pipa silicona";"https://www.friendlygrow.cl/pipa-silicona-alien-cartoon?variant=Rosa"
0.219;0;0.00;87548;29990;"Bong de Pyrex Phoenix Star Diseño Beaker con Percolador de 8 Brazos y Líneas de Oro 24K - 30cms - Milk Green";11045;2;0;"Shine 24K Cono de Oro King Size";"oro 24k";"https://www.friendlygrow.cl/bong-de-vidrio-phoenix-star-diseno-beaker-con-percolador-de-8-brazos-y-lineas-de-oro-24k-30cms?variant=Milk%20Green"
0.219;0;0.00;87905;3900;"Pipa de Silicona Zombie Cartoon con Bowl de Vidrio - Verde";10629;1;0;"Bonglab Pipa Glycerin Frosty Bowl Blue - 16cm";"pipa bowl";"https://www.friendlygrow.cl/pipa-de-silicona-zombie-cartoon-con-bowl-de-vidrio?variant=Verde"
0.218;0;1.29;87682;18990;"Bong Dab Rig Cloudy Hit 20cm - Diseño Unico - Azul";5341;4;24500;"Bong Jelly Drop Bonglab | Bong de Vidrio Compacto y Resistente";"bong 20cm azul";"https://www.friendlygrow.cl/bong-de-vidrio-beaker-negro-con-detalles-de-color?variant=Azul"
0.218;0;1.90;88332;4990;"Pipa SIlicona Darth Vader";5494;3;9500;"PMG Pipa Kazili 12cm";"pipa silicona";"https://www.friendlygrow.cl/pipa-silicona-darth-vader"
0.218;0;1.33;87357;5990;"Moledor de Metal Baked Bunny - 4 Partes (50mm)";6471;2;7990;"Moledor Bulldog 40mm 1 piso";"moledor partes";"https://www.friendlygrow.cl/grinder-de-metal-baked-bunny-4-partes-50mm"
0.218;0;0.00;87550;29990;"Bong de Pyrex Phoenix Star Diseño Beaker con Percolador de 8 Brazos y Líneas de Oro 24K - 30cms - Milk Pink";11045;2;0;"Shine 24K Cono de Oro King Size";"oro 24k";"https://www.friendlygrow.cl/bong-de-vidrio-phoenix-star-diseno-beaker-con-percolador-de-8-brazos-y-lineas-de-oro-24k-30cms?variant=Milk%20Pink"
0.218;0;0.00;87549;29990;"Bong de Pyrex Phoenix Star Diseño Beaker con Percolador de 8 Brazos y Líneas de Oro 24K - 30cms - Milk Blue";11045;2;0;"Shine 24K Cono de Oro King Size";"oro 24k";"https://www.friendlygrow.cl/bong-de-vidrio-phoenix-star-diseno-beaker-con-percolador-de-8-brazos-y-lineas-de-oro-24k-30cms?variant=Milk%20Blue"
0.218;0;1.12;87900;3900;"Pipa de Silicona Mushroom Cartoon con Bowl de Vidrio - Rojo";5751;3;3490;"Calvo Glass Quemador Pyrex - Macho 14mm";"bowl vidrio";"https://www.friendlygrow.cl/pipa-de-silicona-mushroom-cartoon-con-bowl-de-vidrio?variant=Rojo"
0.218;0;0.00;87900;3900;"Pipa de Silicona Mushroom Cartoon con Bowl de Vidrio - Rojo";10629;1;0;"Bonglab Pipa Glycerin Frosty Bowl Blue - 16cm";"pipa bowl";"https://www.friendlygrow.cl/pipa-de-silicona-mushroom-cartoon-con-bowl-de-vidrio?variant=Rojo"
0.218;0;1.47;87685;18990;"Bong de Pyrex Honeycomb Beaker - Diseño Panal 25cms - Verde";10466;2;27990;"Bonglab Bong Tough Beaker 23cm";"bong beaker verde";"https://www.friendlygrow.cl/bong-de-vidrio-estilo-honeycomb-beaker-bong-decorado-con-diseno-panal?variant=Verde"
0.217;0;9.20;88478;4990;"Pipa Silicona Keny - Rojo";10254;2;45891;"American Helix Pipa Classic 15cm";"pipa rojo";"https://www.friendlygrow.cl/pipa-silicona-keny?variant=Rojo"
0.217;0;1.12;87893;3900;"Pipa de Silicona Mushroom Cartoon con Bowl de Vidrio - Rosa";5751;3;3490;"Calvo Glass Quemador Pyrex - Macho 14mm";"bowl vidrio";"https://www.friendlygrow.cl/pipa-de-silicona-mushroom-cartoon-con-bowl-de-vidrio?variant=Rosa"
0.217;0;3.86;87665;490;"Papelillos Honeypuff Tamaño 1 1/4 ( Pink, Thin, Organico, Brown ) - Lightly Pink";5471;3;1890;"Papelillos OCB Cañamo Orgánico 1 1/4 + Tips";"papelillos organico";"https://www.friendlygrow.cl/papelillos-honeypuff-ultra-thin-black-tamano-1-14?variant=Lightly%20Pink"
0.217;0;0.00;87893;3900;"Pipa de Silicona Mushroom Cartoon con Bowl de Vidrio - Rosa";10629;1;0;"Bonglab Pipa Glycerin Frosty Bowl Blue - 16cm";"pipa bowl";"https://www.friendlygrow.cl/pipa-de-silicona-mushroom-cartoon-con-bowl-de-vidrio?variant=Rosa"
0.217;0;1.35;87478;7500;"Moledor Unico Conejo XL 17cm - 4 Pisos - Amarillo";6567;3;10100;"Moledor Bulldog Ámsterdam Metálico Silver 4 Partes";"moledor pisos";"https://www.friendlygrow.cl/grinder-chrome-rabbit-xl?variant=Amarillo"
0.217;0;1.59;88303;5990;"Pipa SIlicona Alien Cartoon - Amarillo";5494;3;9500;"PMG Pipa Kazili 12cm";"pipa silicona";"https://www.friendlygrow.cl/pipa-silicona-alien-cartoon?variant=Amarillo"
0.217;0;0.00;87902;3900;"Pipa de Silicona Zombie Cartoon con Bowl de Vidrio - Morado";10629;1;0;"Bonglab Pipa Glycerin Frosty Bowl Blue - 16cm";"pipa bowl";"https://www.friendlygrow.cl/pipa-de-silicona-zombie-cartoon-con-bowl-de-vidrio?variant=Morado"
0.217;0;0.00;87547;29990;"Bong de Pyrex Phoenix Star Diseño Beaker con Percolador de 8 Brazos y Líneas de Oro 24K - 30cms - Milk Purple";11045;2;0;"Shine 24K Cono de Oro King Size";"oro 24k";"https://www.friendlygrow.cl/bong-de-vidrio-phoenix-star-diseno-beaker-con-percolador-de-8-brazos-y-lineas-de-oro-24k-30cms?variant=Milk%20Purple"
0.216;0;0.00;88793;9990;"Vaporizador Para Cartridges Doteco ST650 - Azul";11024;2;0;"Vaporizador DaVinci IQ2";"vaporizador azul";"https://www.friendlygrow.cl/vaporizador-para-cartridges-doteco-st650?variant=Azul"
0.216;0;3.33;87849;3900;"Pipa de Silicona Cartoon con Bowl de Pyrex - Negro";10357;2;12990;"Top Smoke Pipa Pyrex Havocrush";"pipa pyrex";"https://www.friendlygrow.cl/pipa-de-silicona-cartoon-con-bowl-de-vidrio?variant=Negro"
0.216;0;35.18;87800;1890;"Dab Tool de Acero con Puntas de Silicona - Banger Bros - Verde";10726;2;66491;"Focus V Saber Dabber Eléctrico";"dab tool";"https://www.friendlygrow.cl/dab-tool-de-acero-con-puntas-de-silicona-banger-bros?variant=Verde"
0.216;0;7.66;88487;5990;"Pipa SIlicona Ornitorrinco - Rojo";10254;2;45891;"American Helix Pipa Classic 15cm";"pipa rojo";"https://www.friendlygrow.cl/pipa-silicona-ornitorrinco?variant=Rojo"
0.216;0;35.18;87801;1890;"Dab Tool de Acero con Puntas de Silicona - Banger Bros - Azul";10726;2;66491;"Focus V Saber Dabber Eléctrico";"dab tool";"https://www.friendlygrow.cl/dab-tool-de-acero-con-puntas-de-silicona-banger-bros?variant=Azul"
0.216;0;0.00;87548;29990;"Bong de Pyrex Phoenix Star Diseño Beaker con Percolador de 8 Brazos y Líneas de Oro 24K - 30cms - Milk Green";10996;2;0;"Shine 2 Blunt Wraps de Oro 24K";"oro 24k";"https://www.friendlygrow.cl/bong-de-vidrio-phoenix-star-diseno-beaker-con-percolador-de-8-brazos-y-lineas-de-oro-24k-30cms?variant=Milk%20Green"
0.216;0;1.79;88050;39990;"Bong de Pyrex Phoenix Star Clásico 45cms - Azul";5535;4;22400;"Bong Color Cube Bonglab Azul y Verde | Bong Compacto";"bong pyrex azul";"https://www.friendlygrow.cl/bong-de-vidrio-phoenix-star-clasico?variant=Azul"
0.215;0;3.33;87847;3900;"Pipa de Silicona Cartoon con Bowl de Pyrex - Azul";10357;2;12990;"Top Smoke Pipa Pyrex Havocrush";"pipa pyrex";"https://www.friendlygrow.cl/pipa-de-silicona-cartoon-con-bowl-de-vidrio?variant=Azul"
0.215;0;0.00;87550;29990;"Bong de Pyrex Phoenix Star Diseño Beaker con Percolador de 8 Brazos y Líneas de Oro 24K - 30cms - Milk Pink";10996;2;0;"Shine 2 Blunt Wraps de Oro 24K";"oro 24k";"https://www.friendlygrow.cl/bong-de-vidrio-phoenix-star-diseno-beaker-con-percolador-de-8-brazos-y-lineas-de-oro-24k-30cms?variant=Milk%20Pink"
0.215;0;0.00;87897;3900;"Pipa de Silicona Mushroom Cartoon con Bowl de Vidrio - Amarillo";10629;1;0;"Bonglab Pipa Glycerin Frosty Bowl Blue - 16cm";"pipa bowl";"https://www.friendlygrow.cl/pipa-de-silicona-mushroom-cartoon-con-bowl-de-vidrio?variant=Amarillo"
0.215;0;0.00;87549;29990;"Bong de Pyrex Phoenix Star Diseño Beaker con Percolador de 8 Brazos y Líneas de Oro 24K - 30cms - Milk Blue";10996;2;0;"Shine 2 Blunt Wraps de Oro 24K";"oro 24k";"https://www.friendlygrow.cl/bong-de-vidrio-phoenix-star-diseno-beaker-con-percolador-de-8-brazos-y-lineas-de-oro-24k-30cms?variant=Milk%20Blue"
0.215;0;1.59;88178;5990;"Pipa de Silicona Monster Spider - Negro";5494;3;9500;"PMG Pipa Kazili 12cm";"pipa silicona";"https://www.friendlygrow.cl/pipa-de-silicona-monster-spider?variant=Negro"
0.215;0;1.59;88342;5990;"Pipa Silicona Elmo Cartoon - Verde";5494;3;9500;"PMG Pipa Kazili 12cm";"pipa silicona";"https://www.friendlygrow.cl/pipa-silicona-elmo-cartoon?variant=Verde"
0.215;0;1.59;88340;5990;"Pipa Silicona Elmo Cartoon - Azul";5494;3;9500;"PMG Pipa Kazili 12cm";"pipa silicona";"https://www.friendlygrow.cl/pipa-silicona-elmo-cartoon?variant=Azul"
0.215;0;0.00;87860;3900;"Pipa de Silicona Cartoon Cyclope con Bowl de Vidrio - Verde";10629;1;0;"Bonglab Pipa Glycerin Frosty Bowl Blue - 16cm";"pipa bowl";"https://www.friendlygrow.cl/pipa-de-silicona-cartoon-cyclope-con-bowl-de-vidrio?variant=Verde"
0.215;0;51.54;87798;1290;"Dab Tool de Acero con Puntas de Silicona - Banger Bros - Rojo";10726;2;66491;"Focus V Saber Dabber Eléctrico";"dab tool";"https://www.friendlygrow.cl/dab-tool-de-acero-con-puntas-de-silicona-banger-bros?variant=Rojo"
0.215;0;1.59;88187;5990;"Pipa de Silicona Monster Spider - Verde";5494;3;9500;"PMG Pipa Kazili 12cm";"pipa silicona";"https://www.friendlygrow.cl/pipa-de-silicona-monster-spider?variant=Verde"
0.215;0;1.35;87475;7500;"Moledor Unico Conejo XL 17cm - 4 Pisos - Plateado";6567;3;10100;"Moledor Bulldog Ámsterdam Metálico Silver 4 Partes";"moledor pisos";"https://www.friendlygrow.cl/grinder-chrome-rabbit-xl?variant=Plateado"
0.214;0;4.16;88289;8990;"Pipa de Pyrex Phoenix - Azul";5486;2;37391;"American Helix Pipa Classic Mini 12cm";"pipa azul";"https://www.friendlygrow.cl/pipa-de-vidrio-phoenix?variant=Azul"
0.214;0;6.24;88319;5990;"Pipa Silicona Cartoon Colores - Rojo";5486;2;37391;"American Helix Pipa Classic Mini 12cm";"pipa rojo";"https://www.friendlygrow.cl/pipa-silicona-cartoon-colores?variant=Rojo"
0.214;0;0.00;88357;14990;"Vaporizador Bateria Alien Doteco Et500 Para Cartridges 510 - Azul";11006;2;0;"Airistech Batería Mystica II";"vaporizador bateria 510 azul";"https://www.friendlygrow.cl/vaporizador-bateria-alien-doteco-et500-para-cartridges-510-4?variant=Azul"
0.214;0;35.18;87808;1890;"Dab Tool de Acero con Puntas de Silicona - Banger Bros - Rosa";10726;2;66491;"Focus V Saber Dabber Eléctrico";"dab tool";"https://www.friendlygrow.cl/dab-tool-de-acero-con-puntas-de-silicona-banger-bros?variant=Rosa"
0.214;0;1.12;87890;3900;"Pipa de Silicona Monster Sad con Bowl de Vidrio - Azul";5751;3;3490;"Calvo Glass Quemador Pyrex - Macho 14mm";"bowl vidrio";"https://www.friendlygrow.cl/pipa-de-silicona-monster-sad-con-bowl-de-vidrio?variant=Azul"
0.214;0;11.46;88046;39990;"Bong de Pyrex Phoenix Star Clásico 45cms - Verde";5751;3;3490;"Calvo Glass Quemador Pyrex - Macho 14mm";"bong pyrex verde";"https://www.friendlygrow.cl/bong-de-vidrio-phoenix-star-clasico?variant=Verde"
0.214;0;1.59;87618;5990;"Pipa de Silicona Alien 3 Eyes - Verde";5494;3;9500;"PMG Pipa Kazili 12cm";"pipa silicona";"https://www.friendlygrow.cl/pipa-de-silicona-alien-3-eyes?variant=Verde"
0.214;0;0.00;87547;29990;"Bong de Pyrex Phoenix Star Diseño Beaker con Percolador de 8 Brazos y Líneas de Oro 24K - 30cms - Milk Purple";10996;2;0;"Shine 2 Blunt Wraps de Oro 24K";"oro 24k";"https://www.friendlygrow.cl/bong-de-vidrio-phoenix-star-diseno-beaker-con-percolador-de-8-brazos-y-lineas-de-oro-24k-30cms?variant=Milk%20Purple"
0.214;0;0.00;87877;3900;"Pipa de Silicona Gingerbread Cartoon con Bowl de Vidrio - Verde";10629;1;0;"Bonglab Pipa Glycerin Frosty Bowl Blue - 16cm";"pipa bowl";"https://www.friendlygrow.cl/pipa-de-silicona-gingerbread-cartoon-con-bowl-de-vidrio?variant=Verde"
0.214;0;0.00;87864;3900;"Pipa de Silicona Cartoon Hooded – Bowl de Vidrio - Verde";10629;1;0;"Bonglab Pipa Glycerin Frosty Bowl Blue - 16cm";"pipa bowl";"https://www.friendlygrow.cl/pipa-de-silicona-cartoon-hooded-bowl-de-vidrio?variant=Verde"
0.214;0;1.79;88046;39990;"Bong de Pyrex Phoenix Star Clásico 45cms - Verde";5535;4;22400;"Bong Color Cube Bonglab Azul y Verde | Bong Compacto";"bong pyrex verde";"https://www.friendlygrow.cl/bong-de-vidrio-phoenix-star-clasico?variant=Verde"
0.214;0;1.30;88816;990;"Blunts Honeypuff Organic Wraps ( Pack x5) - Strawberry";10654;3;1290;"Lion Rolling Circus Hemp Wraps Terpenes Strawberry Shortcake x2";"wraps strawberry";"https://www.friendlygrow.cl/blunts-honeypuff-organic-wraps-pack-x5?variant=Strawberry"
0.214;0;1.12;87904;3900;"Pipa de Silicona Zombie Cartoon con Bowl de Vidrio - Celeste";5751;3;3490;"Calvo Glass Quemador Pyrex - Macho 14mm";"bowl vidrio";"https://www.friendlygrow.cl/pipa-de-silicona-zombie-cartoon-con-bowl-de-vidrio?variant=Celeste"
0.214;0;1.59;87619;5990;"Pipa de Silicona Alien 3 Eyes - Azul";5494;3;9500;"PMG Pipa Kazili 12cm";"pipa silicona";"https://www.friendlygrow.cl/pipa-de-silicona-alien-3-eyes?variant=Azul"
0.214;0;1.87;87680;14990;"Bong de Pyrex Beaker con Borde de Color – Bong de Pyrex con Downstem 20cms - Azul";10466;2;27990;"Bonglab Bong Tough Beaker 23cm";"bong beaker azul";"https://www.friendlygrow.cl/bong-de-vidrio-beaker-con-borde-de-color-bong-de-pyrex-con-downstem?variant=Azul"
0.214;0;0.00;87888;3900;"Pipa de Silicona Monster Sad con Bowl de Vidrio - Verde";10629;1;0;"Bonglab Pipa Glycerin Frosty Bowl Blue - 16cm";"pipa bowl";"https://www.friendlygrow.cl/pipa-de-silicona-monster-sad-con-bowl-de-vidrio?variant=Verde"
0.214;0;3.33;87851;3900;"Pipa de Silicona Cartoon con Bowl de Pyrex - Morado";10357;2;12990;"Top Smoke Pipa Pyrex Havocrush";"pipa pyrex";"https://www.friendlygrow.cl/pipa-de-silicona-cartoon-con-bowl-de-vidrio?variant=Morado"
0.214;0;1.12;87857;3900;"Pipa de Silicona Cartoon Cyclope con Bowl de Vidrio - Rojo";5751;3;3490;"Calvo Glass Quemador Pyrex - Macho 14mm";"bowl vidrio";"https://www.friendlygrow.cl/pipa-de-silicona-cartoon-cyclope-con-bowl-de-vidrio?variant=Rojo"
0.214;0;1.12;88054;39990;"Bong de Pyrex Phoenix Triple Percolador 33cms";10221;2;44900;"Bong Shiva Blue Bonglab 25cm con Percolador | Vidrio Borosilicato";"bong percolador";"https://www.friendlygrow.cl/bong-de-vidrio-phoenix-triple-percolador"
0.213;0;6.18;88386;16990;"Vaporizador Doteco Cbs Pro Para Cartridges Rosca 510 - Negro";11026;2;104990;"Vaporizador Pulsar APX Pro";"vaporizador pro";"https://www.friendlygrow.cl/vaporizador-doteco-cbs-pro-para-cartridges-rosca-510-1?variant=Negro"
0.213;0;0.00;87890;3900;"Pipa de Silicona Monster Sad con Bowl de Vidrio - Azul";10629;1;0;"Bonglab Pipa Glycerin Frosty Bowl Blue - 16cm";"pipa bowl";"https://www.friendlygrow.cl/pipa-de-silicona-monster-sad-con-bowl-de-vidrio?variant=Azul"
0.213;0;2.44;87847;3900;"Pipa de Silicona Cartoon con Bowl de Pyrex - Azul";5494;3;9500;"PMG Pipa Kazili 12cm";"pipa silicona";"https://www.friendlygrow.cl/pipa-de-silicona-cartoon-con-bowl-de-vidrio?variant=Azul"
0.213;0;6.24;88305;5990;"Pipa SIlicona Alien Cartoon - Rojo";5486;2;37391;"American Helix Pipa Classic Mini 12cm";"pipa rojo";"https://www.friendlygrow.cl/pipa-silicona-alien-cartoon?variant=Rojo"
0.213;0;1.61;88469;5900;"Pipa SIlicona Fantasmita - Beige";5494;3;9500;"PMG Pipa Kazili 12cm";"pipa silicona";"https://www.friendlygrow.cl/pipa-silicona-fantasmita?variant=Beige"
0.213;0;6.18;88390;16990;"Vaporizador Doteco Cbs Pro Para Cartridges Rosca 510 - Verde";11026;2;104990;"Vaporizador Pulsar APX Pro";"vaporizador pro";"https://www.friendlygrow.cl/vaporizador-doteco-cbs-pro-para-cartridges-rosca-510-1?variant=Verde"
0.213;0;1.12;87866;3900;"Pipa de Silicona Cartoon Hooded – Bowl de Vidrio - Rojo";5751;3;3490;"Calvo Glass Quemador Pyrex - Macho 14mm";"bowl vidrio";"https://www.friendlygrow.cl/pipa-de-silicona-cartoon-hooded-bowl-de-vidrio?variant=Rojo"
0.213;0;3.33;87855;3900;"Pipa de Silicona Cartoon con Bowl de Pyrex - Rojo";10357;2;12990;"Top Smoke Pipa Pyrex Havocrush";"pipa pyrex";"https://www.friendlygrow.cl/pipa-de-silicona-cartoon-con-bowl-de-vidrio?variant=Rojo"
0.213;0;0.00;87904;3900;"Pipa de Silicona Zombie Cartoon con Bowl de Vidrio - Celeste";10629;1;0;"Bonglab Pipa Glycerin Frosty Bowl Blue - 16cm";"pipa bowl";"https://www.friendlygrow.cl/pipa-de-silicona-zombie-cartoon-con-bowl-de-vidrio?variant=Celeste"
0.213;0;35.18;87804;1890;"Dab Tool de Acero con Puntas de Silicona - Banger Bros - Celeste";10726;2;66491;"Focus V Saber Dabber Eléctrico";"dab tool";"https://www.friendlygrow.cl/dab-tool-de-acero-con-puntas-de-silicona-banger-bros?variant=Celeste"
0.213;0;1.12;87891;3900;"Pipa de Silicona Monster Sad con Bowl de Vidrio - Rojo";5751;3;3490;"Calvo Glass Quemador Pyrex - Macho 14mm";"bowl vidrio";"https://www.friendlygrow.cl/pipa-de-silicona-monster-sad-con-bowl-de-vidrio?variant=Rojo"
0.213;0;1.62;87468;12990;"Moledor Stoner Kittty 63mm Edicion Pastel ( 6 Diseños ) - Pink";11013;2;20990;"Galaxy Moledor Aluminio 63mm Oro Rosa";"moledor 63mm";"https://www.friendlygrow.cl/moledor-stoner-kittty-63mm-edicion-pastel-6-disenos-copiar?variant=Pink"
0.212;0;1.12;87874;3900;"Pipa de Silicona Gingerbread Cartoon con Bowl de Vidrio - Rosa";5751;3;3490;"Calvo Glass Quemador Pyrex - Macho 14mm";"bowl vidrio";"https://www.friendlygrow.cl/pipa-de-silicona-gingerbread-cartoon-con-bowl-de-vidrio?variant=Rosa"
0.212;0;0.00;87857;3900;"Pipa de Silicona Cartoon Cyclope con Bowl de Vidrio - Rojo";10629;1;0;"Bonglab Pipa Glycerin Frosty Bowl Blue - 16cm";"pipa bowl";"https://www.friendlygrow.cl/pipa-de-silicona-cartoon-cyclope-con-bowl-de-vidrio?variant=Rojo"
0.212;0;1.59;88338;5990;"Pipa Silicona Elmo Cartoon - Rojo";5494;3;9500;"PMG Pipa Kazili 12cm";"pipa silicona";"https://www.friendlygrow.cl/pipa-silicona-elmo-cartoon?variant=Rojo"
0.212;0;0.00;87867;3900;"Pipa de Silicona Cartoon Hooded – Bowl de Vidrio - Morado";10629;1;0;"Bonglab Pipa Glycerin Frosty Bowl Blue - 16cm";"pipa bowl";"https://www.friendlygrow.cl/pipa-de-silicona-cartoon-hooded-bowl-de-vidrio?variant=Morado"
0.212;0;1.59;88348;5990;"Pipa Silicona Pumpkin Halloween";5494;3;9500;"PMG Pipa Kazili 12cm";"pipa silicona";"https://www.friendlygrow.cl/pipa-silicona-pumpkin-halloween"
0.212;0;5.46;88164;10990;"Bong de Silicona Alien Planeta";10193;3;59992;"Bong Space Opera Waterpipe 30cm";"bong alien";"https://www.friendlygrow.cl/pipa-de-silicona-alien-planeta"
0.212;0;1.87;87678;14990;"Bong de Pyrex Beaker con Borde de Color – Bong de Pyrex con Downstem 20cms - Verde";10466;2;27990;"Bonglab Bong Tough Beaker 23cm";"bong beaker verde";"https://www.friendlygrow.cl/bong-de-vidrio-beaker-con-borde-de-color-bong-de-pyrex-con-downstem?variant=Verde"
0.212;0;1.59;88182;5990;"Pipa de Silicona Monster Spider - Rojo";5494;3;9500;"PMG Pipa Kazili 12cm";"pipa silicona";"https://www.friendlygrow.cl/pipa-de-silicona-monster-spider?variant=Rojo"
0.212;0;9.81;87561;9990;"Boquilla de Enfriamiento Vaporizador Herbal Yocan Hit 2";8651;4;97993;"Vaporizador DaVinci MIQRO-C | PIRANHA";"vaporizador herbal";"https://www.friendlygrow.cl/boquilla-de-enfriamiento-herbal-yocan-hit-2"
0.212;0;16.36;87948;5990;"Boquilla de Enfriamiento Vaporizador Herbal Yocan Hit";8651;4;97993;"Vaporizador DaVinci MIQRO-C | PIRANHA";"vaporizador herbal";"https://www.friendlygrow.cl/boquilla-de-enfriamiento-herbal-yocan-hit"
0.212;0;0.00;87866;3900;"Pipa de Silicona Cartoon Hooded – Bowl de Vidrio - Rojo";10629;1;0;"Bonglab Pipa Glycerin Frosty Bowl Blue - 16cm";"pipa bowl";"https://www.friendlygrow.cl/pipa-de-silicona-cartoon-hooded-bowl-de-vidrio?variant=Rojo"
0.212;0;1.59;88337;5990;"Pipa Silicona Elmo Cartoon - Rosa";5494;3;9500;"PMG Pipa Kazili 12cm";"pipa silicona";"https://www.friendlygrow.cl/pipa-silicona-elmo-cartoon?variant=Rosa"
0.211;0;1.21;87702;24990;"Bong de Pyrex Phoenix Star Ice Catcher – Bong Beaker de Pyrex 40cms - Rojo";5773;4;20691;"Classic Ice 26Cm-Bonglab";"bong pyrex ice";"https://www.friendlygrow.cl/bong-de-vidrio-phoenix-star-ice-catcher-bong-beaker-de-borosilicato?variant=Rojo"
0.211;0;4.16;88291;8990;"Pipa de Pyrex Phoenix - Verde";5486;2;37391;"American Helix Pipa Classic Mini 12cm";"pipa verde";"https://www.friendlygrow.cl/pipa-de-vidrio-phoenix?variant=Verde"
0.211;0;1.59;87617;5990;"Pipa de Silicona Alien 3 Eyes - Rojo";5494;3;9500;"PMG Pipa Kazili 12cm";"pipa silicona";"https://www.friendlygrow.cl/pipa-de-silicona-alien-3-eyes?variant=Rojo"
0.211;0;0.00;87891;3900;"Pipa de Silicona Monster Sad con Bowl de Vidrio - Rojo";10629;1;0;"Bonglab Pipa Glycerin Frosty Bowl Blue - 16cm";"pipa bowl";"https://www.friendlygrow.cl/pipa-de-silicona-monster-sad-con-bowl-de-vidrio?variant=Rojo"
0.211;0;18.70;87930;185000;"50 X Vaporizador Brass Knuckles 900mah Para Cartridge.";10548;2;9891;"Yocan Flat Vaporizador para Cartridge";"vaporizador cartridge";"https://www.friendlygrow.cl/50-x-vaporizador-brass-knuckles-900mah-para-cartridge-copia"
0.211;0;11.46;88048;39990;"Bong de Pyrex Phoenix Star Clásico 45cms - Negro";5751;3;3490;"Calvo Glass Quemador Pyrex - Macho 14mm";"bong pyrex negro";"https://www.friendlygrow.cl/bong-de-vidrio-phoenix-star-clasico?variant=Negro"
0.211;0;18.79;88586;3990;"Dabber Spoon de Precisión Black Cobra - Diseño Corona - Negra";10590;2;74992;"Mochila Smellproof Blazy Susan Negra";"black negra";"https://www.friendlygrow.cl/mini-cuchara-de-precision-black-cobra-diseno-corona?variant=Negra"
0.211;0;0.00;87874;3900;"Pipa de Silicona Gingerbread Cartoon con Bowl de Vidrio - Rosa";10629;1;0;"Bonglab Pipa Glycerin Frosty Bowl Blue - 16cm";"pipa bowl";"https://www.friendlygrow.cl/pipa-de-silicona-gingerbread-cartoon-con-bowl-de-vidrio?variant=Rosa"
0.211;0;2.44;87855;3900;"Pipa de Silicona Cartoon con Bowl de Pyrex - Rojo";5494;3;9500;"PMG Pipa Kazili 12cm";"pipa silicona";"https://www.friendlygrow.cl/pipa-de-silicona-cartoon-con-bowl-de-vidrio?variant=Rojo"
0.211;0;24.63;88405;9743;"Vaporizador Premium Smart Led Doteco St650 Para Cartridges - Negro";10377;3;239992;"Storz & Bickel Plenty";"vaporizador negro";"https://www.friendlygrow.cl/vaporizador-premium-smart-led-doteco-st650-para-cartridges-4?variant=Negro"
0.210;0;0.00;87858;3900;"Pipa de Silicona Cartoon Cyclope con Bowl de Vidrio - Amarillo";10629;1;0;"Bonglab Pipa Glycerin Frosty Bowl Blue - 16cm";"pipa bowl";"https://www.friendlygrow.cl/pipa-de-silicona-cartoon-cyclope-con-bowl-de-vidrio?variant=Amarillo"
0.210;0;8.59;88526;29990;"Gravity Bong Phoenix con Pyrex Reforzado - Quemador Incluido";5751;3;3490;"Calvo Glass Quemador Pyrex - Macho 14mm";"bong pyrex quemador";"https://www.friendlygrow.cl/weaita-rara-1"
0.210;0;9.59;88279;3900;"Pipa de Silicona Monster - Verde";5486;2;37391;"American Helix Pipa Classic Mini 12cm";"pipa verde";"https://www.friendlygrow.cl/pipa-de-silicona-monster?variant=Verde"
0.210;0;1.59;88339;5990;"Pipa Silicona Elmo Cartoon - Amarillo";5494;3;9500;"PMG Pipa Kazili 12cm";"pipa silicona";"https://www.friendlygrow.cl/pipa-silicona-elmo-cartoon?variant=Amarillo"
0.210;0;1.59;88191;5990;"Pipa SIlicona Big Mouth Blue";5494;3;9500;"PMG Pipa Kazili 12cm";"pipa silicona";"https://www.friendlygrow.cl/pipa-silicona-big-mouth-blue"
0.210;0;6.18;88388;16990;"Vaporizador Doteco Cbs Pro Para Cartridges Rosca 510 - Rosa";11026;2;104990;"Vaporizador Pulsar APX Pro";"vaporizador pro";"https://www.friendlygrow.cl/vaporizador-doteco-cbs-pro-para-cartridges-rosca-510-1?variant=Rosa"
0.210;0;1.19;88390;16990;"Vaporizador Doteco Cbs Pro Para Cartridges Rosca 510 - Verde";10531;3;14241;"Calvo Glass Batería LED Cartridge 510";"vaporizador pro 510";"https://www.friendlygrow.cl/vaporizador-doteco-cbs-pro-para-cartridges-rosca-510-1?variant=Verde"
0.209;0;35.18;87806;1890;"Dab Tool de Acero con Puntas de Silicona - Banger Bros - Naranja";10726;2;66491;"Focus V Saber Dabber Eléctrico";"dab tool";"https://www.friendlygrow.cl/dab-tool-de-acero-con-puntas-de-silicona-banger-bros?variant=Naranja"
0.209;0;1.83;87870;10990;"Bong de Silicona 'Cookie Monster' - Indestructible con Quemador de Vidrio";11041;2;5990;"Pulsar Adaptador de Silicona para Cartridges";"bong silicona";"https://www.friendlygrow.cl/pipa-de-silicona-cookie-monster-indestructible-con-quemador-de-vidrio"
0.209;0;1.87;87679;14990;"Bong de Pyrex Beaker con Borde de Color – Bong de Pyrex con Downstem 20cms - Negro";10466;2;27990;"Bonglab Bong Tough Beaker 23cm";"bong beaker negro";"https://www.friendlygrow.cl/bong-de-vidrio-beaker-con-borde-de-color-bong-de-pyrex-con-downstem?variant=Negro"
0.209;0;1.33;87467;5990;"Moledor Metal Toppuff Gold - 4 Partes (50mm)";6471;2;7990;"Moledor Bulldog 40mm 1 piso";"moledor partes";"https://www.friendlygrow.cl/grinder-metal-toppuff-gold-4-partes-50mm"
0.209;0;0.00;88798;9990;"Vaporizador Para Cartridges Doteco ST650 - Negro";11024;2;0;"Vaporizador DaVinci IQ2";"vaporizador negro";"https://www.friendlygrow.cl/vaporizador-para-cartridges-doteco-st650?variant=Negro"
0.208;0;8.97;87891;3900;"Pipa de Silicona Monster Sad con Bowl de Vidrio - Rojo";10754;2;34990;"Special Blue Soplete Monster Pro Doble Llama";"monster rojo";"https://www.friendlygrow.cl/pipa-de-silicona-monster-sad-con-bowl-de-vidrio?variant=Rojo"
0.208;0;1.43;87827;4990;"Limpiador Magnético de Pyrex Banger Bros - Glass Scrubber - Verde";5751;3;3490;"Calvo Glass Quemador Pyrex - Macho 14mm";"pyrex glass verde";"https://www.friendlygrow.cl/limpiador-magnetico-de-vidrio-banger-bros-glass-scrubber?variant=Verde"
0.208;0;1.52;87706;24990;"Bong de Pyrex Phoenix Star Ice Catcher – Bong Beaker de Pyrex 40cms - Azul";5772;3;37990;"Classic Ice Pro-Bonglab";"bong ice azul";"https://www.friendlygrow.cl/bong-de-vidrio-phoenix-star-ice-catcher-bong-beaker-de-borosilicato?variant=Azul"
0.208;0;5.28;87474;7500;"Moledor Unico Conejo XL 17cm - 4 Pisos - Verde";10155;3;39600;"Roller Coaster-Bonglab";"17cm verde";"https://www.friendlygrow.cl/grinder-chrome-rabbit-xl?variant=Verde"
0.208;0;2.88;88366;19990;"Vaporizador Dazii Bar Incógnito / Cartucho Hilo 510 - Yellow Blue";10375;2;6951;"Calvo Glass Difusor Premium 14mm";"yellow blue";"https://www.friendlygrow.cl/vaporizador-dazii-bar-incognito-cartucho-hilo-510-2?variant=Yellow%20Blue"
0.208;0;1.50;87676;34900;"Bong de Pyrex Beaker Clásico – Bong de Pyrex con Downstem 20cms";5536;2;52191;"Bong Beaker Tree Perc 35cm";"bong beaker";"https://www.friendlygrow.cl/bong-de-vidrio-beaker-clasico-bong-de-pyrex"
0.208;0;1.59;88186;5990;"Pipa de Silicona Monster Spider - Celeste";5494;3;9500;"PMG Pipa Kazili 12cm";"pipa silicona";"https://www.friendlygrow.cl/pipa-de-silicona-monster-spider?variant=Celeste"
0.208;0;1.35;87479;7500;"Moledor Unico Conejo XL 17cm - 4 Pisos - Cobre";6567;3;10100;"Moledor Bulldog Ámsterdam Metálico Silver 4 Partes";"moledor pisos";"https://www.friendlygrow.cl/grinder-chrome-rabbit-xl?variant=Cobre"
0.208;0;5.30;88904;46990;"Vaporizador Extracciones E-Rig Yocan iCan - Celeste";10650;3;249191;"Storz & Bickel Veazy";"vaporizador celeste";"https://www.friendlygrow.cl/yocan-ican?variant=Celeste"
0.208;0;9.37;88458;3990;"Pipa Silicona Clásica - Azul";5486;2;37391;"American Helix Pipa Classic Mini 12cm";"pipa azul";"https://www.friendlygrow.cl/pipa-silicona-clasica?variant=Azul"
0.208;0;6.18;88392;16990;"Vaporizador Doteco Cbs Pro Para Cartridges Rosca 510 - Amarillo";11026;2;104990;"Vaporizador Pulsar APX Pro";"vaporizador pro";"https://www.friendlygrow.cl/vaporizador-doteco-cbs-pro-para-cartridges-rosca-510-1?variant=Amarillo"
0.208;0;2.92;87946;17890;"Bong de Pyrex Tornasol Beaker - Edición Iridiscente";5536;2;52191;"Bong Beaker Tree Perc 35cm";"bong beaker";"https://www.friendlygrow.cl/bong-de-vidrio-tornasol-beaker-edicion-iridiscente"
0.208;0;1.12;87706;24990;"Bong de Pyrex Phoenix Star Ice Catcher – Bong Beaker de Pyrex 40cms - Azul";10466;2;27990;"Bonglab Bong Tough Beaker 23cm";"bong beaker azul";"https://www.friendlygrow.cl/bong-de-vidrio-phoenix-star-ice-catcher-bong-beaker-de-borosilicato?variant=Azul"
0.208;0;1.59;87615;5990;"Pipa de Silicona Alien 3 Eyes - Celeste";5494;3;9500;"PMG Pipa Kazili 12cm";"pipa silicona";"https://www.friendlygrow.cl/pipa-de-silicona-alien-3-eyes?variant=Celeste"
0.207;0;1.19;88388;16990;"Vaporizador Doteco Cbs Pro Para Cartridges Rosca 510 - Rosa";10531;3;14241;"Calvo Glass Batería LED Cartridge 510";"vaporizador pro 510";"https://www.friendlygrow.cl/vaporizador-doteco-cbs-pro-para-cartridges-rosca-510-1?variant=Rosa"
0.207;0;6.13;87973;59990;"10 X Vaporizador Airis Vertex 2.0 Para Cartridges. - Negro";9245;4;367991;"Mighty +";"vaporizador negro";"https://www.friendlygrow.cl/promo-10-x-vaporizador-airis-vertex-20-para-cartridges?variant=Negro"
0.207;0;3.92;87784;24990;"Boquilla de Enfriamiento Vaporizador Herbal Airis Nokiva";8651;4;97993;"Vaporizador DaVinci MIQRO-C | PIRANHA";"vaporizador herbal";"https://www.friendlygrow.cl/boquilla-de-enfriamiento-vaporizador-herbal-airis-nokiva"
0.207;0;1.36;88314;6990;"Pipa Silicona Cartoon Blue - Bicolor";5494;3;9500;"PMG Pipa Kazili 12cm";"pipa silicona";"https://www.friendlygrow.cl/pipa-silicona-cartoon-blue?variant=Bicolor"
0.207;0;6.24;88338;5990;"Pipa Silicona Elmo Cartoon - Rojo";5486;2;37391;"American Helix Pipa Classic Mini 12cm";"pipa rojo";"https://www.friendlygrow.cl/pipa-silicona-elmo-cartoon?variant=Rojo"
0.207;0;14.17;88526;29990;"Gravity Bong Phoenix con Pyrex Reforzado - Quemador Incluido";10659;3;424990;"Stündenglass x Cookies Gravity Hookah";"gravity bong";"https://www.friendlygrow.cl/weaita-rara-1"
0.207;0;15.01;88516;15990;"Vaporizador Incognito Doble Para Cartridges Doteco Dc650 - Negro";10377;3;239992;"Storz & Bickel Plenty";"vaporizador negro";"https://www.friendlygrow.cl/vaporizador-incognito-doble-para-cartridges-doteco-dc650?variant=Negro"
0.207;0;1.52;87704;24990;"Bong de Pyrex Phoenix Star Ice Catcher – Bong Beaker de Pyrex 40cms - Verde";5772;3;37990;"Classic Ice Pro-Bonglab";"bong ice verde";"https://www.friendlygrow.cl/bong-de-vidrio-phoenix-star-ice-catcher-bong-beaker-de-borosilicato?variant=Verde"
0.207;0;7.66;88319;5990;"Pipa Silicona Cartoon Colores - Rojo";10254;2;45891;"American Helix Pipa Classic 15cm";"pipa rojo";"https://www.friendlygrow.cl/pipa-silicona-cartoon-colores?variant=Rojo"
0.207;0;6.24;88182;5990;"Pipa de Silicona Monster Spider - Rojo";5486;2;37391;"American Helix Pipa Classic Mini 12cm";"pipa rojo";"https://www.friendlygrow.cl/pipa-de-silicona-monster-spider?variant=Rojo"
0.207;0;1.40;88882;24990;"Vaporizador Incognito Doble Yocan Dubb - Rojo";10754;2;34990;"Special Blue Soplete Monster Pro Doble Llama";"doble rojo";"https://www.friendlygrow.cl/yocan-dubb?variant=Rojo"
0.207;0;1.83;88260;10990;"🦄 Bong de Silicona Unicornio Resistente, portátil y con estilo - Azul";11041;2;5990;"Pulsar Adaptador de Silicona para Cartridges";"bong silicona";"https://www.friendlygrow.cl/contenedor-de-silicona-unicornio?variant=Azul"
0.206;0;1.19;88392;16990;"Vaporizador Doteco Cbs Pro Para Cartridges Rosca 510 - Amarillo";10531;3;14241;"Calvo Glass Batería LED Cartridge 510";"vaporizador pro 510";"https://www.friendlygrow.cl/vaporizador-doteco-cbs-pro-para-cartridges-rosca-510-1?variant=Amarillo"
0.206;0;2.80;88241;8490;"Vaporizador Bateria Brass Knukles Smart Pro 650mah - Edicion Friendly - Morado";10710;3;23741;"Calvo Batería Hide Cartridge 510 650mAh";"vaporizador bateria 650mah";"https://www.friendlygrow.cl/brassknukles-smart-pro-650mah?variant=Morado"
0.206;0;1.16;88166;10990;"Pipa de Silicona Balloon Dog - Verde";5494;3;9500;"PMG Pipa Kazili 12cm";"pipa silicona";"https://www.friendlygrow.cl/pipa-de-silicona-balloon-dog?variant=Verde"
0.206;0;6.24;87617;5990;"Pipa de Silicona Alien 3 Eyes - Rojo";5486;2;37391;"American Helix Pipa Classic Mini 12cm";"pipa rojo";"https://www.friendlygrow.cl/pipa-de-silicona-alien-3-eyes?variant=Rojo"
0.206;0;1.59;88180;5990;"Pipa de Silicona Monster Spider - Gris";5494;3;9500;"PMG Pipa Kazili 12cm";"pipa silicona";"https://www.friendlygrow.cl/pipa-de-silicona-monster-spider?variant=Gris"
0.206;0;5.10;88289;8990;"Pipa de Pyrex Phoenix - Azul";10254;2;45891;"American Helix Pipa Classic 15cm";"pipa azul";"https://www.friendlygrow.cl/pipa-de-vidrio-phoenix?variant=Azul"
0.206;0;1.16;88168;10990;"Pipa de Silicona Balloon Dog - Azul";5494;3;9500;"PMG Pipa Kazili 12cm";"pipa silicona";"https://www.friendlygrow.cl/pipa-de-silicona-balloon-dog?variant=Azul"
0.206;0;1.70;88057;5890;"Contenedor Hermético Eco-Friendly - Fibra de Cáñamo y Bambú";10524;2;9990;"Smokus Focus Contenedor Hermético con Lupa Comet";"contenedor hermetico";"https://www.friendlygrow.cl/contenedor-hermetico-eco-friendly-fibra-de-canamo-y-bambu"
0.206;0;12.01;88399;14990;"Vaporizador Lapiz Discreto Friendly Pen Para Cartridges - Rosado";10541;3;179990;"Vaporizador G Pen Roam";"vaporizador pen";"https://www.friendlygrow.cl/vaporizador-lapiz-discreto-friendly-pen-para-cartridges-510-2?variant=Rosado"
0.206;0;1.12;87876;3900;"Pipa de Silicona Gingerbread Cartoon con Bowl de Vidrio - Cafe";5751;3;3490;"Calvo Glass Quemador Pyrex - Macho 14mm";"bowl vidrio";"https://www.friendlygrow.cl/pipa-de-silicona-gingerbread-cartoon-con-bowl-de-vidrio?variant=Cafe"
0.206;0;16.01;88396;14990;"Vaporizador Lapiz Discreto Friendly Pen Para Cartridges - Negro";10377;3;239992;"Storz & Bickel Plenty";"vaporizador negro";"https://www.friendlygrow.cl/vaporizador-lapiz-discreto-friendly-pen-para-cartridges-510-2?variant=Negro"
0.206;0;7.66;88305;5990;"Pipa SIlicona Alien Cartoon - Rojo";10254;2;45891;"American Helix Pipa Classic 15cm";"pipa rojo";"https://www.friendlygrow.cl/pipa-silicona-alien-cartoon?variant=Rojo"
0.206;0;1.14;87823;3990;"Limpiador Magnético de Pyrex Banger Bros - Glass Scrubber - Negro";5751;3;3490;"Calvo Glass Quemador Pyrex - Macho 14mm";"pyrex glass negro";"https://www.friendlygrow.cl/limpiador-magnetico-de-vidrio-banger-bros-glass-scrubber?variant=Negro"
0.206;0;1.59;87616;5990;"Pipa de Silicona Alien 3 Eyes - Gris";5494;3;9500;"PMG Pipa Kazili 12cm";"pipa silicona";"https://www.friendlygrow.cl/pipa-de-silicona-alien-3-eyes?variant=Gris"
0.205;0;35.18;87805;1890;"Dab Tool de Acero con Puntas de Silicona - Banger Bros - Amarilo";10726;2;66491;"Focus V Saber Dabber Eléctrico";"dab tool";"https://www.friendlygrow.cl/dab-tool-de-acero-con-puntas-de-silicona-banger-bros?variant=Amarilo"
0.205;0;0.00;88148;21990;"Bong Pyrex Unico | Blue Duck 30cm | + Quemador Gratis";10637;2;0;"Mushroom Implosion Rig 30cm";"bong 30cm";"https://www.friendlygrow.cl/bong-pyrex-unico-blue-duck"
0.205;0;0.00;87977;59990;"10 X Vaporizador Airis Vertex 2.0 Para Cartridges. - Azul";11024;2;0;"Vaporizador DaVinci IQ2";"vaporizador azul";"https://www.friendlygrow.cl/promo-10-x-vaporizador-airis-vertex-20-para-cartridges?variant=Azul"
0.205;0;12.01;88398;14990;"Vaporizador Lapiz Discreto Friendly Pen Para Cartridges - Blanco";10541;3;179990;"Vaporizador G Pen Roam";"vaporizador pen";"https://www.friendlygrow.cl/vaporizador-lapiz-discreto-friendly-pen-para-cartridges-510-2?variant=Blanco"
0.205;0;9.37;88459;3990;"Pipa Silicona Clásica - Verde";5486;2;37391;"American Helix Pipa Classic Mini 12cm";"pipa verde";"https://www.friendlygrow.cl/pipa-silicona-clasica?variant=Verde"
0.205;0;2.80;88242;8490;"Vaporizador Bateria Brass Knukles Smart Pro 650mah - Edicion Friendly - Blanco";10710;3;23741;"Calvo Batería Hide Cartridge 510 650mAh";"vaporizador bateria 650mah";"https://www.friendlygrow.cl/brassknukles-smart-pro-650mah?variant=Blanco"
0.205;0;1.83;88258;10990;"🦄 Bong de Silicona Unicornio Resistente, portátil y con estilo - Morado";11041;2;5990;"Pulsar Adaptador de Silicona para Cartridges";"bong silicona";"https://www.friendlygrow.cl/contenedor-de-silicona-unicornio?variant=Morado"
0.205;0;2.10;87716;28990;"Bong de Pyrex Phoenix Star Recto con Perc y Asa – Bong Alto de Alta Filtración 43cms - Azul";10289;4;60891;"Calvo Glass Bong Monster 42cm";"bong recto perc";"https://www.friendlygrow.cl/bong-de-vidrio-phoenix-star-recto-con-perc-y-asa-bong-alto-de-alta-filtracion?variant=Azul"
0.204;0;6.24;88491;5990;"Pipa SIlicona Ornitorrinco - Azul";5486;2;37391;"American Helix Pipa Classic Mini 12cm";"pipa azul";"https://www.friendlygrow.cl/pipa-silicona-ornitorrinco?variant=Azul"
0.204;0;1.52;87700;24990;"Bong de Pyrex Phoenix Star Ice Catcher – Bong Beaker de Pyrex 40cms - Negro";5772;3;37990;"Classic Ice Pro-Bonglab";"bong ice negro";"https://www.friendlygrow.cl/bong-de-vidrio-phoenix-star-ice-catcher-bong-beaker-de-borosilicato?variant=Negro"
0.204;0;1.59;88194;5990;"Pipa Silicona Big Mouth Yellow";5494;3;9500;"PMG Pipa Kazili 12cm";"pipa silicona";"https://www.friendlygrow.cl/pipa-silicona-big-mouth-yellow"
0.204;0;3.12;87813;9990;"Downstem Phoenix Star Difusor Para Bongs de Pyrex - 11,5 cm";10399;4;3200;"Difusor Bonglab Logo Magenta 14mm 12cm";"difusor bongs";"https://www.friendlygrow.cl/downstem-de-vidrio-phoenix-star-difusor-adaptador-de-borosilicato-para-bong?variant=11%2C5%20cm"
0.204;0;1.85;88054;39990;"Bong de Pyrex Phoenix Triple Percolador 33cms";10309;5;21600;"BongLab AtrapaCenizas Triple HoneyComb - Macho 14mm";"triple percolador";"https://www.friendlygrow.cl/bong-de-vidrio-phoenix-triple-percolador"
0.204;0;6.91;88258;10990;"🦄 Bong de Silicona Unicornio Resistente, portátil y con estilo - Morado";11010;2;75990;"Bonglab The Sheikh 42cm Azul";"bong morado";"https://www.friendlygrow.cl/contenedor-de-silicona-unicornio?variant=Morado"
0.204;0;1.16;88165;10990;"Pipa de Silicona Balloon Dog - Rojo";5494;3;9500;"PMG Pipa Kazili 12cm";"pipa silicona";"https://www.friendlygrow.cl/pipa-de-silicona-balloon-dog?variant=Rojo"
0.203;0;2.10;87710;28990;"Bong de Pyrex Phoenix Star Recto con Perc y Asa – Bong Alto de Alta Filtración 43cms - Rosa";10289;4;60891;"Calvo Glass Bong Monster 42cm";"bong recto perc";"https://www.friendlygrow.cl/bong-de-vidrio-phoenix-star-recto-con-perc-y-asa-bong-alto-de-alta-filtracion?variant=Rosa"
0.203;0;5.61;87594;3490;"Cenicero de Pyrex Premium Mr. Joint - 12 Diseños - Bong";5529;4;19593;"R3 Mini-Bonglab";"pyrex 12 bong";"https://www.friendlygrow.cl/cenicero-de-vidrio-premium-mr-joint-85mm?variant=Bong"
0.203;0;2.80;88239;8490;"Vaporizador Bateria Brass Knukles Smart Pro 650mah - Edicion Friendly - Dorado";10710;3;23741;"Calvo Batería Hide Cartridge 510 650mAh";"vaporizador bateria 650mah";"https://www.friendlygrow.cl/brassknukles-smart-pro-650mah?variant=Dorado"
0.203;0;8.67;88091;2490;"Contenedor de Almacenamiento Mr. Joint - Premium Stash Tin - Diseño 4";10522;3;21600;"Re:Stash Jar Rosado 4Oz";"contenedor stash";"https://www.friendlygrow.cl/lata-de-almacenamiento-mr-joint-premium-stash-tin?variant=Dise%C3%B1o%204"
0.203;0;8.67;88089;2490;"Contenedor de Almacenamiento Mr. Joint - Premium Stash Tin - Diseño 3";10522;3;21600;"Re:Stash Jar Rosado 4Oz";"contenedor stash";"https://www.friendlygrow.cl/lata-de-almacenamiento-mr-joint-premium-stash-tin?variant=Dise%C3%B1o%203"
0.203;0;8.67;88093;2490;"Contenedor de Almacenamiento Mr. Joint - Premium Stash Tin - Diseño 5";10522;3;21600;"Re:Stash Jar Rosado 4Oz";"contenedor stash";"https://www.friendlygrow.cl/lata-de-almacenamiento-mr-joint-premium-stash-tin?variant=Dise%C3%B1o%205"
0.203;0;8.67;88087;2490;"Contenedor de Almacenamiento Mr. Joint - Premium Stash Tin - Diseño 2";10522;3;21600;"Re:Stash Jar Rosado 4Oz";"contenedor stash";"https://www.friendlygrow.cl/lata-de-almacenamiento-mr-joint-premium-stash-tin?variant=Dise%C3%B1o%202"
0.203;0;8.67;88095;2490;"Contenedor de Almacenamiento Mr. Joint - Premium Stash Tin - Diseño 6";10522;3;21600;"Re:Stash Jar Rosado 4Oz";"contenedor stash";"https://www.friendlygrow.cl/lata-de-almacenamiento-mr-joint-premium-stash-tin?variant=Dise%C3%B1o%206"
0.203;0;10.85;88085;1990;"Contenedor de Almacenamiento Mr. Joint - Premium Stash Tin - Diseño 1";10522;3;21600;"Re:Stash Jar Rosado 4Oz";"contenedor stash";"https://www.friendlygrow.cl/lata-de-almacenamiento-mr-joint-premium-stash-tin?variant=Dise%C3%B1o%201"
0.203;0;0.00;87687;18990;"Bong de Pyrex Honeycomb Beaker - Diseño Panal 25cms - Rosa";5750;2;0;"Quemador Rejilla Pyrex 14Mm Cono-Bonglab";"pyrex rosa";"https://www.friendlygrow.cl/bong-de-vidrio-estilo-honeycomb-beaker-bong-decorado-con-diseno-panal?variant=Rosa"
0.203;0;1.62;87471;12990;"Moledor Stoner Kittty 63mm Edicion Pastel ( 6 Diseños ) - Donut";11013;2;20990;"Galaxy Moledor Aluminio 63mm Oro Rosa";"moledor 63mm";"https://www.friendlygrow.cl/moledor-stoner-kittty-63mm-edicion-pastel-6-disenos-copiar?variant=Donut"
0.203;0;2.80;88240;8490;"Vaporizador Bateria Brass Knukles Smart Pro 650mah - Edicion Friendly - Tornasol";10710;3;23741;"Calvo Batería Hide Cartridge 510 650mAh";"vaporizador bateria 650mah";"https://www.friendlygrow.cl/brassknukles-smart-pro-650mah?variant=Tornasol"
0.203;0;1.60;87426;4990;"Moledor de Metal Mr. Joint Premium - 4 Partes (50mm) - Diseño 1";6471;2;7990;"Moledor Bulldog 40mm 1 piso";"moledor partes";"https://www.friendlygrow.cl/grinder-de-metal-mr-joint-premium-4-partes-50mm?variant=Dise%C3%B1o%201"
0.203;0;1.60;87428;4990;"Moledor de Metal Mr. Joint Premium - 4 Partes (50mm) - Diseño 3";6471;2;7990;"Moledor Bulldog 40mm 1 piso";"moledor partes";"https://www.friendlygrow.cl/grinder-de-metal-mr-joint-premium-4-partes-50mm?variant=Dise%C3%B1o%203"
0.203;0;1.60;87429;4990;"Moledor de Metal Mr. Joint Premium - 4 Partes (50mm) - Diseño 4";6471;2;7990;"Moledor Bulldog 40mm 1 piso";"moledor partes";"https://www.friendlygrow.cl/grinder-de-metal-mr-joint-premium-4-partes-50mm?variant=Dise%C3%B1o%204"
0.203;0;1.60;87427;4990;"Moledor de Metal Mr. Joint Premium - 4 Partes (50mm) - Diseño 2";6471;2;7990;"Moledor Bulldog 40mm 1 piso";"moledor partes";"https://www.friendlygrow.cl/grinder-de-metal-mr-joint-premium-4-partes-50mm?variant=Dise%C3%B1o%202"
0.203;0;1.59;88343;5990;"Pipa Silicona Elmo Cartoon - Naranja";5494;3;9500;"PMG Pipa Kazili 12cm";"pipa silicona";"https://www.friendlygrow.cl/pipa-silicona-elmo-cartoon?variant=Naranja"
0.203;0;0.00;87876;3900;"Pipa de Silicona Gingerbread Cartoon con Bowl de Vidrio - Cafe";10629;1;0;"Bonglab Pipa Glycerin Frosty Bowl Blue - 16cm";"pipa bowl";"https://www.friendlygrow.cl/pipa-de-silicona-gingerbread-cartoon-con-bowl-de-vidrio?variant=Cafe"
0.203;0;7.49;88475;4990;"Pipa Silicona Keny - Verde";5486;2;37391;"American Helix Pipa Classic Mini 12cm";"pipa verde";"https://www.friendlygrow.cl/pipa-silicona-keny?variant=Verde"
0.203;0;7.49;88502;4990;"Pipa Silicona Sólida - Verde";5486;2;37391;"American Helix Pipa Classic Mini 12cm";"pipa verde";"https://www.friendlygrow.cl/pipa-silicona-solida?variant=Verde"
0.203;0;1.51;87372;13900;"Moledor de Metal de Lujo 63mm - 4 Partes (Diseño en Relieve) - Plata";11013;2;20990;"Galaxy Moledor Aluminio 63mm Oro Rosa";"moledor 63mm";"https://www.friendlygrow.cl/grinder-de-metal-de-lujo-63mm-4-partes-diseno-en-relieve?variant=Plata"
0.203;0;1.01;88795;9990;"Vaporizador Para Cartridges Doteco ST650 - Morado";10548;2;9891;"Yocan Flat Vaporizador para Cartridge";"vaporizador morado";"https://www.friendlygrow.cl/vaporizador-para-cartridges-doteco-st650?variant=Morado"
0.203;0;1.25;87476;7500;"Moledor Unico Conejo XL 17cm - 4 Pisos - Azul";10127;3;5990;"Storz & Bickel Moledor acrilico 59mm";"moledor xl";"https://www.friendlygrow.cl/grinder-chrome-rabbit-xl?variant=Azul"
0.202;0;0.00;88526;29990;"Gravity Bong Phoenix con Pyrex Reforzado - Quemador Incluido";11030;2;0;"Bonglab Quemador con Rejilla Macho 14mm Verde";"pyrex quemador";"https://www.friendlygrow.cl/weaita-rara-1"
0.202;0;0.00;87590;19990;"Bong Pyrex Blue Grid Compact 22cm 804g ( Extra Grueso )";10535;2;0;"Calvo Glass Phantom Rig 22cm";"bong 22cm";"https://www.friendlygrow.cl/bong-pyrex-blue-grid-compact-22cm-850g"
0.202;0;1.59;88184;5990;"Pipa de Silicona Monster Spider - Naranja";5494;3;9500;"PMG Pipa Kazili 12cm";"pipa silicona";"https://www.friendlygrow.cl/pipa-de-silicona-monster-spider?variant=Naranja"
0.202;0;1.83;88256;10990;"🦄 Bong de Silicona Unicornio Resistente, portátil y con estilo - Blanco";11041;2;5990;"Pulsar Adaptador de Silicona para Cartridges";"bong silicona";"https://www.friendlygrow.cl/contenedor-de-silicona-unicornio?variant=Blanco"
0.202;0;1.34;88143;29990;"Bong Pyrex Premium Marley Metalizado 35cms - Bob Marley Azul";5535;4;22400;"Bong Color Cube Bonglab Azul y Verde | Bong Compacto";"bong pyrex azul";"https://www.friendlygrow.cl/bong-acrilico-premium-diseno-grafico?variant=Bob%20Marley%20Azul"
0.202;0;1.19;88385;16990;"Vaporizador Doteco Cbs Pro Para Cartridges Rosca 510 - Aleatorio";10531;3;14241;"Calvo Glass Batería LED Cartridge 510";"vaporizador pro 510";"https://www.friendlygrow.cl/vaporizador-doteco-cbs-pro-para-cartridges-rosca-510-1?variant=Aleatorio"
0.202;0;11.77;88279;3900;"Pipa de Silicona Monster - Verde";10254;2;45891;"American Helix Pipa Classic 15cm";"pipa verde";"https://www.friendlygrow.cl/pipa-de-silicona-monster?variant=Verde"
0.202;0;1.40;88465;5990;"Pipa Silicona Cyclope";6771;2;8400;"Pipa silicona llavero de Piece Maker";"pipa silicona";"https://www.friendlygrow.cl/pipa-silicona-cyclope"
0.202;0;6.24;88493;5990;"Pipa SIlicona Ornitorrinco - Verde";5486;2;37391;"American Helix Pipa Classic Mini 12cm";"pipa verde";"https://www.friendlygrow.cl/pipa-silicona-ornitorrinco?variant=Verde"
0.202;0;6.34;88468;5900;"Pipa SIlicona Fantasmita - Verde";5486;2;37391;"American Helix Pipa Classic Mini 12cm";"pipa verde";"https://www.friendlygrow.cl/pipa-silicona-fantasmita?variant=Verde"
0.201;0;9.97;88886;24990;"Vaporizador Incognito Doble Yocan Dubb - Celeste";10650;3;249191;"Storz & Bickel Veazy";"vaporizador celeste";"https://www.friendlygrow.cl/yocan-dubb?variant=Celeste"
0.201;0;1.33;87358;5990;"Moledor de Metal Baked Bunny Tornasol- 4 Partes (50mm)";6471;2;7990;"Moledor Bulldog 40mm 1 piso";"moledor partes";"https://www.friendlygrow.cl/grinder-de-metal-baked-bunny-4-partes-50mm-copiar"
0.201;0;1.25;87477;7500;"Moledor Unico Conejo XL 17cm - 4 Pisos - Morado";10127;3;5990;"Storz & Bickel Moledor acrilico 59mm";"moledor xl";"https://www.friendlygrow.cl/grinder-chrome-rabbit-xl?variant=Morado"
0.201;0;2.35;87466;7990;"Moledor Mushroom Amanita 69mm - Rojo";5498;3;3400;"Galaxy Moledor Biodegradable | Grinder ecológico resistente";"moledor rojo";"https://www.friendlygrow.cl/grinder-mushroom-puff-puff-pass-hibrido-metal-y-abs-4-partes?variant=Rojo"
0.201;0;9.81;87508;9990;"Boquila Enfriamiento Herbal Vaporizador Yocan Vane 2";8651;4;97993;"Vaporizador DaVinci MIQRO-C | PIRANHA";"herbal vaporizador";"https://www.friendlygrow.cl/yocan-vane-2-mouthpiece"
0.200;0;6.18;88385;16990;"Vaporizador Doteco Cbs Pro Para Cartridges Rosca 510 - Aleatorio";11026;2;104990;"Vaporizador Pulsar APX Pro";"vaporizador pro";"https://www.friendlygrow.cl/vaporizador-doteco-cbs-pro-para-cartridges-rosca-510-1?variant=Aleatorio"
0.200;0;6.67;88133;8990;"Bong de Silicona Alien Triple Ojo";10193;3;59992;"Bong Space Opera Waterpipe 30cm";"bong alien";"https://www.friendlygrow.cl/pipa-de-silicona-alien-triple-ojo"
0.200;0;2.40;88041;24990;"Bong Alien de Pyrex – Diseño Escultura";10193;3;59992;"Bong Space Opera Waterpipe 30cm";"bong alien";"https://www.friendlygrow.cl/bong-alien-de-vidrio-diseno-escultura"
0.200;0;7.66;88338;5990;"Pipa Silicona Elmo Cartoon - Rojo";10254;2;45891;"American Helix Pipa Classic 15cm";"pipa rojo";"https://www.friendlygrow.cl/pipa-silicona-elmo-cartoon?variant=Rojo"
0.200;0;11.50;88458;3990;"Pipa Silicona Clásica - Azul";10254;2;45891;"American Helix Pipa Classic 15cm";"pipa azul";"https://www.friendlygrow.cl/pipa-silicona-clasica?variant=Azul"
0.200;0;1.90;88050;39990;"Bong de Pyrex Phoenix Star Clásico 45cms - Azul";11010;2;75990;"Bonglab The Sheikh 42cm Azul";"bong azul";"https://www.friendlygrow.cl/bong-de-vidrio-phoenix-star-clasico?variant=Azul"
0.200;0;3.40;88165;10990;"Pipa de Silicona Balloon Dog - Rojo";5486;2;37391;"American Helix Pipa Classic Mini 12cm";"pipa rojo";"https://www.friendlygrow.cl/pipa-de-silicona-balloon-dog?variant=Rojo"
0.199;0;24.80;88639;31990;"Blunts Honeypuff Organic Wraps ( Pack x5)- MAYORISTA - Strawberry";10654;3;1290;"Lion Rolling Circus Hemp Wraps Terpenes Strawberry Shortcake x2";"wraps strawberry";"https://www.friendlygrow.cl/blunts-honeypuff-organic-wraps-pack-x5-mayorista?variant=Strawberry"
0.199;0;1.62;87470;12990;"Moledor Stoner Kittty 63mm Edicion Pastel ( 6 Diseños ) - Sprinkles";11013;2;20990;"Galaxy Moledor Aluminio 63mm Oro Rosa";"moledor 63mm";"https://www.friendlygrow.cl/moledor-stoner-kittty-63mm-edicion-pastel-6-disenos-copiar?variant=Sprinkles"
0.199;0;1.02;87496;21990;"Bong Phoenix Star Recycler Compacto 💎🌪️💨 20cms - Blue";5535;4;22400;"Bong Color Cube Bonglab Azul y Verde | Bong Compacto";"bong compacto";"https://www.friendlygrow.cl/bong-phoenix-star-recycler-compacto-%F0%9F%92%8E%F0%9F%8C%AA%F0%9F%92%A8?variant=Blue"
0.199;0;1.25;87478;7500;"Moledor Unico Conejo XL 17cm - 4 Pisos - Amarillo";10127;3;5990;"Storz & Bickel Moledor acrilico 59mm";"moledor xl";"https://www.friendlygrow.cl/grinder-chrome-rabbit-xl?variant=Amarillo"
0.199;0;7.66;87617;5990;"Pipa de Silicona Alien 3 Eyes - Rojo";10254;2;45891;"American Helix Pipa Classic 15cm";"pipa rojo";"https://www.friendlygrow.cl/pipa-de-silicona-alien-3-eyes?variant=Rojo"
0.199;0;1.65;87978;5990;"10 X Vaporizador Airis Vertex 2.0 Para Cartridges. - Rojo";10548;2;9891;"Yocan Flat Vaporizador para Cartridge";"vaporizador rojo";"https://www.friendlygrow.cl/promo-10-x-vaporizador-airis-vertex-20-para-cartridges?variant=Rojo"
0.198;0;1.68;88470;4990;"Pipa Silicona Kartman";6771;2;8400;"Pipa silicona llavero de Piece Maker";"pipa silicona";"https://www.friendlygrow.cl/pipa-silicona-kartman"
0.198;0;1.40;88484;5990;"Pipa SIlicona NBA";6771;2;8400;"Pipa silicona llavero de Piece Maker";"pipa silicona";"https://www.friendlygrow.cl/pipa-silicona-nba"
0.198;0;1.68;88463;4990;"Pipa Silicona Clon";6771;2;8400;"Pipa silicona llavero de Piece Maker";"pipa silicona";"https://www.friendlygrow.cl/pipa-silicona-clon"
0.198;0;1.68;88277;4990;"Pipa de Silicona Minimal";6771;2;8400;"Pipa silicona llavero de Piece Maker";"pipa silicona";"https://www.friendlygrow.cl/pipa-de-silicona-minimal"
0.198;0;1.68;88496;4990;"Pipa SIlicona Saw";6771;2;8400;"Pipa silicona llavero de Piece Maker";"pipa silicona";"https://www.friendlygrow.cl/pipa-silicona-saw"
0.198;0;6.99;87676;34900;"Bong de Pyrex Beaker Clásico – Bong de Pyrex con Downstem 20cms";10322;3;4990;"Difusor Calvo Classic 18mm - 14mm - 10cm";"bong downstem";"https://www.friendlygrow.cl/bong-de-vidrio-beaker-clasico-bong-de-pyrex"
0.198;0;2.74;87622;65000;"10 x Vaporizador Bateria Brass Knukles Smart Pro 650mah - Edicion Friendly - Morado";10710;3;23741;"Calvo Batería Hide Cartridge 510 650mAh";"vaporizador bateria 650mah";"https://www.friendlygrow.cl/vaporizador-bateria-brass-knukles-smart-pro-650mah-edicion-friendly-copiar?variant=Morado"
0.198;0;1.62;87473;12990;"Moledor Stoner Kittty 63mm Edicion Pastel ( 6 Diseños ) - Glaze";11013;2;20990;"Galaxy Moledor Aluminio 63mm Oro Rosa";"moledor 63mm";"https://www.friendlygrow.cl/moledor-stoner-kittty-63mm-edicion-pastel-6-disenos-copiar?variant=Glaze"
0.198;0;1.62;87469;12990;"Moledor Stoner Kittty 63mm Edicion Pastel ( 6 Diseños ) - Waffer";11013;2;20990;"Galaxy Moledor Aluminio 63mm Oro Rosa";"moledor 63mm";"https://www.friendlygrow.cl/moledor-stoner-kittty-63mm-edicion-pastel-6-disenos-copiar?variant=Waffer"
0.198;0;1.62;87472;12990;"Moledor Stoner Kittty 63mm Edicion Pastel ( 6 Diseños ) - Slippers";11013;2;20990;"Galaxy Moledor Aluminio 63mm Oro Rosa";"moledor 63mm";"https://www.friendlygrow.cl/moledor-stoner-kittty-63mm-edicion-pastel-6-disenos-copiar?variant=Slippers"
0.198;0;15.61;88287;3900;"Pipa de Silicona Monster - Morado";10289;4;60891;"Calvo Glass Bong Monster 42cm";"monster morado";"https://www.friendlygrow.cl/pipa-de-silicona-monster?variant=Morado"
0.198;0;6.30;88148;21990;"Bong Pyrex Unico | Blue Duck 30cm | + Quemador Gratis";5751;3;3490;"Calvo Glass Quemador Pyrex - Macho 14mm";"bong pyrex quemador";"https://www.friendlygrow.cl/bong-pyrex-unico-blue-duck"
0.198;0;0.00;87973;59990;"10 X Vaporizador Airis Vertex 2.0 Para Cartridges. - Negro";11024;2;0;"Vaporizador DaVinci IQ2";"vaporizador negro";"https://www.friendlygrow.cl/promo-10-x-vaporizador-airis-vertex-20-para-cartridges?variant=Negro"
0.198;0;1.09;87372;13900;"Moledor de Metal de Lujo 63mm - 4 Partes (Diseño en Relieve) - Plata";5504;3;15200;"Moledor Calvo Lite Aluminio 63mm";"moledor 63mm plata";"https://www.friendlygrow.cl/grinder-de-metal-de-lujo-63mm-4-partes-diseno-en-relieve?variant=Plata"
0.197;0;1.34;87941;29990;"Bong de Pyrex Phoenix Star Horizontal Percolator 30cms - Azul";5535;4;22400;"Bong Color Cube Bonglab Azul y Verde | Bong Compacto";"bong pyrex azul";"https://www.friendlygrow.cl/bong-de-vidrio-phoenix-star-horizontal-percolator?variant=Azul"
0.197;0;1.25;87475;7500;"Moledor Unico Conejo XL 17cm - 4 Pisos - Plateado";10127;3;5990;"Storz & Bickel Moledor acrilico 59mm";"moledor xl";"https://www.friendlygrow.cl/grinder-chrome-rabbit-xl?variant=Plateado"
0.197;0;2.74;87623;65000;"10 x Vaporizador Bateria Brass Knukles Smart Pro 650mah - Edicion Friendly - Blanco";10710;3;23741;"Calvo Batería Hide Cartridge 510 650mAh";"vaporizador bateria 650mah";"https://www.friendlygrow.cl/vaporizador-bateria-brass-knukles-smart-pro-650mah-edicion-friendly-copiar?variant=Blanco"
0.197;0;1.51;87371;13900;"Moledor de Metal de Lujo 63mm - 4 Partes (Diseño en Relieve) - Bronce";11013;2;20990;"Galaxy Moledor Aluminio 63mm Oro Rosa";"moledor 63mm";"https://www.friendlygrow.cl/grinder-de-metal-de-lujo-63mm-4-partes-diseno-en-relieve?variant=Bronce"
0.197;0;11.50;88459;3990;"Pipa Silicona Clásica - Verde";10254;2;45891;"American Helix Pipa Classic 15cm";"pipa verde";"https://www.friendlygrow.cl/pipa-silicona-clasica?variant=Verde"
0.197;0;0.00;87677;14990;"Bong de Pyrex Beaker con Borde de Color – Bong de Pyrex con Downstem 20cms - Rosa";5750;2;0;"Quemador Rejilla Pyrex 14Mm Cono-Bonglab";"pyrex rosa";"https://www.friendlygrow.cl/bong-de-vidrio-beaker-con-borde-de-color-bong-de-pyrex-con-downstem?variant=Rosa"
0.197;0;7.66;88491;5990;"Pipa SIlicona Ornitorrinco - Azul";10254;2;45891;"American Helix Pipa Classic 15cm";"pipa azul";"https://www.friendlygrow.cl/pipa-silicona-ornitorrinco?variant=Azul"
0.196;0;0.00;88560;990;"Cono de Cáñamo Pre-enrollado Honeypuff 98mm con Boquilla de Madera (Saborizado) - Blueberry";10232;2;0;"Blazy Susan Conos Pre-enrolados Pink 98mm 50 uds.";"pre 98mm";"https://www.friendlygrow.cl/cono-de-canamo-pre-enrollado-honeypuff-98mm-con-boquilla-de-madera-saborizado?variant=Blueberry"
0.196;0;0.00;88558;990;"Cono de Cáñamo Pre-enrollado Honeypuff 98mm con Boquilla de Madera (Saborizado) - Banana";10232;2;0;"Blazy Susan Conos Pre-enrolados Pink 98mm 50 uds.";"pre 98mm";"https://www.friendlygrow.cl/cono-de-canamo-pre-enrollado-honeypuff-98mm-con-boquilla-de-madera-saborizado?variant=Banana"
0.196;0;0.00;88553;990;"Cono de Cáñamo Pre-enrollado Honeypuff 98mm con Boquilla de Madera (Saborizado) - Mango";10232;2;0;"Blazy Susan Conos Pre-enrolados Pink 98mm 50 uds.";"pre 98mm";"https://www.friendlygrow.cl/cono-de-canamo-pre-enrollado-honeypuff-98mm-con-boquilla-de-madera-saborizado?variant=Mango"
0.196;0;1.33;87432;5990;"Moledor, Moledor de Metal Alien X OG Labs - 4 Partes (50mm) - Alien 2";6471;2;7990;"Moledor Bulldog 40mm 1 piso";"moledor partes";"https://www.friendlygrow.cl/grinder-moledor-de-metal-alien-x-og-labs-4-partes-50mm?variant=Alien%202"
0.196;0;1.33;87434;5990;"Moledor, Moledor de Metal Alien X OG Labs - 4 Partes (50mm) - Alien 3";6471;2;7990;"Moledor Bulldog 40mm 1 piso";"moledor partes";"https://www.friendlygrow.cl/grinder-moledor-de-metal-alien-x-og-labs-4-partes-50mm?variant=Alien%203"
0.196;0;1.33;87431;5990;"Moledor, Moledor de Metal Alien X OG Labs - 4 Partes (50mm) - Alien";6471;2;7990;"Moledor Bulldog 40mm 1 piso";"moledor partes";"https://www.friendlygrow.cl/grinder-moledor-de-metal-alien-x-og-labs-4-partes-50mm?variant=Alien"
0.196;0;8.59;87938;29990;"Bong de Pyrex Phoenix Star Horizontal Percolator 30cms - Verde";5751;3;3490;"Calvo Glass Quemador Pyrex - Macho 14mm";"bong pyrex verde";"https://www.friendlygrow.cl/bong-de-vidrio-phoenix-star-horizontal-percolator?variant=Verde"
0.196;0;2.74;87620;65000;"10 x Vaporizador Bateria Brass Knukles Smart Pro 650mah - Edicion Friendly - Dorado";10710;3;23741;"Calvo Batería Hide Cartridge 510 650mAh";"vaporizador bateria 650mah";"https://www.friendlygrow.cl/vaporizador-bateria-brass-knukles-smart-pro-650mah-edicion-friendly-copiar?variant=Dorado"
0.196;0;1.34;87938;29990;"Bong de Pyrex Phoenix Star Horizontal Percolator 30cms - Verde";5535;4;22400;"Bong Color Cube Bonglab Azul y Verde | Bong Compacto";"bong pyrex verde";"https://www.friendlygrow.cl/bong-de-vidrio-phoenix-star-horizontal-percolator?variant=Verde"
0.196;0;1.91;88560;990;"Cono de Cáñamo Pre-enrollado Honeypuff 98mm con Boquilla de Madera (Saborizado) - Blueberry";5471;3;1890;"Papelillos OCB Cañamo Orgánico 1 1/4 + Tips";"canamo boquilla";"https://www.friendlygrow.cl/cono-de-canamo-pre-enrollado-honeypuff-98mm-con-boquilla-de-madera-saborizado?variant=Blueberry"
0.195;0;1.91;88558;990;"Cono de Cáñamo Pre-enrollado Honeypuff 98mm con Boquilla de Madera (Saborizado) - Banana";5471;3;1890;"Papelillos OCB Cañamo Orgánico 1 1/4 + Tips";"canamo boquilla";"https://www.friendlygrow.cl/cono-de-canamo-pre-enrollado-honeypuff-98mm-con-boquilla-de-madera-saborizado?variant=Banana"
0.195;0;2.33;88191;5990;"Pipa SIlicona Big Mouth Blue";5731;3;13941;"Blazy Susan Cenicero Deluxe";"silicona blue";"https://www.friendlygrow.cl/pipa-silicona-big-mouth-blue"
0.195;0;2.74;87621;65000;"10 x Vaporizador Bateria Brass Knukles Smart Pro 650mah - Edicion Friendly - Tornasol";10710;3;23741;"Calvo Batería Hide Cartridge 510 650mAh";"vaporizador bateria 650mah";"https://www.friendlygrow.cl/vaporizador-bateria-brass-knukles-smart-pro-650mah-edicion-friendly-copiar?variant=Tornasol"
0.195;0;0.00;88559;990;"Cono de Cáñamo Pre-enrollado Honeypuff 98mm con Boquilla de Madera (Saborizado) - Sandia";10232;2;0;"Blazy Susan Conos Pre-enrolados Pink 98mm 50 uds.";"pre 98mm";"https://www.friendlygrow.cl/cono-de-canamo-pre-enrollado-honeypuff-98mm-con-boquilla-de-madera-saborizado?variant=Sandia"
0.195;0;0.00;87824;4990;"Limpiador Magnético de Pyrex Banger Bros - Glass Scrubber - Rosa";5750;2;0;"Quemador Rejilla Pyrex 14Mm Cono-Bonglab";"pyrex rosa";"https://www.friendlygrow.cl/limpiador-magnetico-de-vidrio-banger-bros-glass-scrubber?variant=Rosa"
0.195;0;1.91;88553;990;"Cono de Cáñamo Pre-enrollado Honeypuff 98mm con Boquilla de Madera (Saborizado) - Mango";5471;3;1890;"Papelillos OCB Cañamo Orgánico 1 1/4 + Tips";"canamo boquilla";"https://www.friendlygrow.cl/cono-de-canamo-pre-enrollado-honeypuff-98mm-con-boquilla-de-madera-saborizado?variant=Mango"
0.195;0;0.00;88556;990;"Cono de Cáñamo Pre-enrollado Honeypuff 98mm con Boquilla de Madera (Saborizado) - Uva";10232;2;0;"Blazy Susan Conos Pre-enrolados Pink 98mm 50 uds.";"pre 98mm";"https://www.friendlygrow.cl/cono-de-canamo-pre-enrollado-honeypuff-98mm-con-boquilla-de-madera-saborizado?variant=Uva"
0.195;0;6.24;88317;5990;"Pipa Silicona Cartoon Colores - Azul";5486;2;37391;"American Helix Pipa Classic Mini 12cm";"pipa azul";"https://www.friendlygrow.cl/pipa-silicona-cartoon-colores?variant=Azul"
0.195;0;9.20;88475;4990;"Pipa Silicona Keny - Verde";10254;2;45891;"American Helix Pipa Classic 15cm";"pipa verde";"https://www.friendlygrow.cl/pipa-silicona-keny?variant=Verde"
0.195;0;9.20;88502;4990;"Pipa Silicona Sólida - Verde";10254;2;45891;"American Helix Pipa Classic 15cm";"pipa verde";"https://www.friendlygrow.cl/pipa-silicona-solida?variant=Verde"
0.195;0;4.28;87630;6290;"Pipa de Pyrex Cookies Spoon - Premium Borosilicate Glass - White";6774;3;26900;"Calvo Glass Pipa Hammer WigWag 13cm";"pipa glass white";"https://www.friendlygrow.cl/pipa-de-vidrio-cookies-spoon-premium-borosilicate-glass?variant=White"
0.195;0;0.00;87607;29990;"Bong de Culto #2 – Orb Blue Flow 25cm 800g";10484;2;0;"Calvo Glass Eye Sun Rig 25cm";"bong 25cm";"https://www.friendlygrow.cl/bong-de-culto-2-orb-blue-flow-25cm-800g"
0.195;0;4.11;87784;24990;"Boquilla de Enfriamiento Vaporizador Herbal Airis Nokiva";5737;4;102800;"Vaporizador Dynavap M 7 - Regular";"vaporizador herbal";"https://www.friendlygrow.cl/boquilla-de-enfriamiento-vaporizador-herbal-airis-nokiva"
0.195;0;1.90;88631;19900;"Atrapacenizas Percolador Pyrex - Azul 45°";5775;3;37800;"Honey Waffle -Bonglab";"percolador azul";"https://www.friendlygrow.cl/adaptador-de-vidrio-con-percolador?variant=Azul%2045%C2%B0"
0.195;0;0.00;88555;990;"Cono de Cáñamo Pre-enrollado Honeypuff 98mm con Boquilla de Madera (Saborizado) - Vainilla";10232;2;0;"Blazy Susan Conos Pre-enrolados Pink 98mm 50 uds.";"pre 98mm";"https://www.friendlygrow.cl/cono-de-canamo-pre-enrollado-honeypuff-98mm-con-boquilla-de-madera-saborizado?variant=Vainilla"
0.195;0;23.75;87718;82900;"Bong de Pyrex Phoenix Star Recycler con Perc Dome – Bong Premium de Alta Filtración 35cms - Amarillo";5751;3;3490;"Calvo Glass Quemador Pyrex - Macho 14mm";"bong pyrex amarillo";"https://www.friendlygrow.cl/bong-de-vidrio-phoenix-star-recycler-con-perc-dome-bong-premium-de-alta-filtracion?variant=Amarillo"
0.194;0;1.91;88559;990;"Cono de Cáñamo Pre-enrollado Honeypuff 98mm con Boquilla de Madera (Saborizado) - Sandia";5471;3;1890;"Papelillos OCB Cañamo Orgánico 1 1/4 + Tips";"canamo boquilla";"https://www.friendlygrow.cl/cono-de-canamo-pre-enrollado-honeypuff-98mm-con-boquilla-de-madera-saborizado?variant=Sandia"
0.194;0;2.80;87447;7490;"Moledor Baked Bunny Pink Edition - 4 Pisos 63mm ( 12 Diseños ) - Diseño 9";11013;2;20990;"Galaxy Moledor Aluminio 63mm Oro Rosa";"moledor 63mm";"https://www.friendlygrow.cl/moledor-baked-bunny-pink-edition-4-pisos-63mm-12-disenos?variant=Dise%C3%B1o%209"
0.194;0;2.80;87440;7490;"Moledor Baked Bunny Pink Edition - 4 Pisos 63mm ( 12 Diseños ) - Diseño 2";11013;2;20990;"Galaxy Moledor Aluminio 63mm Oro Rosa";"moledor 63mm";"https://www.friendlygrow.cl/moledor-baked-bunny-pink-edition-4-pisos-63mm-12-disenos?variant=Dise%C3%B1o%202"
0.194;0;2.80;87441;7490;"Moledor Baked Bunny Pink Edition - 4 Pisos 63mm ( 12 Diseños ) - Diseño 3";11013;2;20990;"Galaxy Moledor Aluminio 63mm Oro Rosa";"moledor 63mm";"https://www.friendlygrow.cl/moledor-baked-bunny-pink-edition-4-pisos-63mm-12-disenos?variant=Dise%C3%B1o%203"
0.194;0;2.80;87439;7490;"Moledor Baked Bunny Pink Edition - 4 Pisos 63mm ( 12 Diseños ) - Diseño 1";11013;2;20990;"Galaxy Moledor Aluminio 63mm Oro Rosa";"moledor 63mm";"https://www.friendlygrow.cl/moledor-baked-bunny-pink-edition-4-pisos-63mm-12-disenos?variant=Dise%C3%B1o%201"
0.194;0;2.80;87442;7490;"Moledor Baked Bunny Pink Edition - 4 Pisos 63mm ( 12 Diseños ) - Diseño 4";11013;2;20990;"Galaxy Moledor Aluminio 63mm Oro Rosa";"moledor 63mm";"https://www.friendlygrow.cl/moledor-baked-bunny-pink-edition-4-pisos-63mm-12-disenos?variant=Dise%C3%B1o%204"
0.194;0;2.80;87443;7490;"Moledor Baked Bunny Pink Edition - 4 Pisos 63mm ( 12 Diseños ) - Diseño 5";11013;2;20990;"Galaxy Moledor Aluminio 63mm Oro Rosa";"moledor 63mm";"https://www.friendlygrow.cl/moledor-baked-bunny-pink-edition-4-pisos-63mm-12-disenos?variant=Dise%C3%B1o%205"
0.194;0;2.80;87444;7490;"Moledor Baked Bunny Pink Edition - 4 Pisos 63mm ( 12 Diseños ) - Diseño 6";11013;2;20990;"Galaxy Moledor Aluminio 63mm Oro Rosa";"moledor 63mm";"https://www.friendlygrow.cl/moledor-baked-bunny-pink-edition-4-pisos-63mm-12-disenos?variant=Dise%C3%B1o%206"
0.194;0;2.80;87445;7490;"Moledor Baked Bunny Pink Edition - 4 Pisos 63mm ( 12 Diseños ) - Diseño 7";11013;2;20990;"Galaxy Moledor Aluminio 63mm Oro Rosa";"moledor 63mm";"https://www.friendlygrow.cl/moledor-baked-bunny-pink-edition-4-pisos-63mm-12-disenos?variant=Dise%C3%B1o%207"
0.194;0;2.80;87446;7490;"Moledor Baked Bunny Pink Edition - 4 Pisos 63mm ( 12 Diseños ) - Diseño 8";11013;2;20990;"Galaxy Moledor Aluminio 63mm Oro Rosa";"moledor 63mm";"https://www.friendlygrow.cl/moledor-baked-bunny-pink-edition-4-pisos-63mm-12-disenos?variant=Dise%C3%B1o%208"
0.194;0;2.80;87450;7490;"Moledor Baked Bunny Pink Edition - 4 Pisos 63mm ( 12 Diseños ) - Diseño 12";11013;2;20990;"Galaxy Moledor Aluminio 63mm Oro Rosa";"moledor 63mm";"https://www.friendlygrow.cl/moledor-baked-bunny-pink-edition-4-pisos-63mm-12-disenos?variant=Dise%C3%B1o%2012"
0.194;0;1.91;88556;990;"Cono de Cáñamo Pre-enrollado Honeypuff 98mm con Boquilla de Madera (Saborizado) - Uva";5471;3;1890;"Papelillos OCB Cañamo Orgánico 1 1/4 + Tips";"canamo boquilla";"https://www.friendlygrow.cl/cono-de-canamo-pre-enrollado-honeypuff-98mm-con-boquilla-de-madera-saborizado?variant=Uva"
0.194;0;2.15;88283;3900;"Pipa de Silicona Monster - Amarillo";6771;2;8400;"Pipa silicona llavero de Piece Maker";"pipa silicona";"https://www.friendlygrow.cl/pipa-de-silicona-monster?variant=Amarillo"
0.194;0;7.66;88493;5990;"Pipa SIlicona Ornitorrinco - Verde";10254;2;45891;"American Helix Pipa Classic 15cm";"pipa verde";"https://www.friendlygrow.cl/pipa-silicona-ornitorrinco?variant=Verde"
0.194;0;7.78;88468;5900;"Pipa SIlicona Fantasmita - Verde";10254;2;45891;"American Helix Pipa Classic 15cm";"pipa verde";"https://www.friendlygrow.cl/pipa-silicona-fantasmita?variant=Verde"
0.194;0;1.28;87559;24990;"Bong Pyrex Beaker Bong Killer Bee Glow Rojo 30cms - Edicion Stoner Days";10223;2;19493;"Calvo Glass Bee Rig Lite 19cm";"bong bee";"https://www.friendlygrow.cl/bong-pyrex-beaker-bong-killer-bee-glow-rojo-30cms-edicion-stoner-days"
0.194;0;1.91;88555;990;"Cono de Cáñamo Pre-enrollado Honeypuff 98mm con Boquilla de Madera (Saborizado) - Vainilla";5471;3;1890;"Papelillos OCB Cañamo Orgánico 1 1/4 + Tips";"canamo boquilla";"https://www.friendlygrow.cl/cono-de-canamo-pre-enrollado-honeypuff-98mm-con-boquilla-de-madera-saborizado?variant=Vainilla"
0.194;0;1.99;88314;6990;"Pipa Silicona Cartoon Blue - Bicolor";5731;3;13941;"Blazy Susan Cenicero Deluxe";"silicona blue";"https://www.friendlygrow.cl/pipa-silicona-cartoon-blue?variant=Bicolor"
0.193;0;2.74;87626;65000;"10 x Vaporizador Bateria Brass Knukles Smart Pro 650mah - Edicion Friendly - Aleatorio";10710;3;23741;"Calvo Batería Hide Cartridge 510 650mAh";"vaporizador bateria 650mah";"https://www.friendlygrow.cl/vaporizador-bateria-brass-knukles-smart-pro-650mah-edicion-friendly-copiar?variant=Aleatorio"
0.193;0;3.50;87630;6290;"Pipa de Pyrex Cookies Spoon - Premium Borosilicate Glass - White";5523;4;22000;"Bong Pyrex 14cm White Bonglab | Rig Compacto de Vidrio Resistente";"pyrex white";"https://www.friendlygrow.cl/pipa-de-vidrio-cookies-spoon-premium-borosilicate-glass?variant=White"
0.193;0;0.00;87590;19990;"Bong Pyrex Blue Grid Compact 22cm 804g ( Extra Grueso )";10220;2;0;"Purple Rig Purple-Bonglab";"bong 22cm";"https://www.friendlygrow.cl/bong-pyrex-blue-grid-compact-22cm-850g"
0.193;0;1.35;87447;7490;"Moledor Baked Bunny Pink Edition - 4 Pisos 63mm ( 12 Diseños ) - Diseño 9";6567;3;10100;"Moledor Bulldog Ámsterdam Metálico Silver 4 Partes";"moledor pisos";"https://www.friendlygrow.cl/moledor-baked-bunny-pink-edition-4-pisos-63mm-12-disenos?variant=Dise%C3%B1o%209"
0.193;0;1.35;87440;7490;"Moledor Baked Bunny Pink Edition - 4 Pisos 63mm ( 12 Diseños ) - Diseño 2";6567;3;10100;"Moledor Bulldog Ámsterdam Metálico Silver 4 Partes";"moledor pisos";"https://www.friendlygrow.cl/moledor-baked-bunny-pink-edition-4-pisos-63mm-12-disenos?variant=Dise%C3%B1o%202"
0.193;0;1.35;87441;7490;"Moledor Baked Bunny Pink Edition - 4 Pisos 63mm ( 12 Diseños ) - Diseño 3";6567;3;10100;"Moledor Bulldog Ámsterdam Metálico Silver 4 Partes";"moledor pisos";"https://www.friendlygrow.cl/moledor-baked-bunny-pink-edition-4-pisos-63mm-12-disenos?variant=Dise%C3%B1o%203"
0.193;0;1.35;87439;7490;"Moledor Baked Bunny Pink Edition - 4 Pisos 63mm ( 12 Diseños ) - Diseño 1";6567;3;10100;"Moledor Bulldog Ámsterdam Metálico Silver 4 Partes";"moledor pisos";"https://www.friendlygrow.cl/moledor-baked-bunny-pink-edition-4-pisos-63mm-12-disenos?variant=Dise%C3%B1o%201"
0.193;0;1.35;87442;7490;"Moledor Baked Bunny Pink Edition - 4 Pisos 63mm ( 12 Diseños ) - Diseño 4";6567;3;10100;"Moledor Bulldog Ámsterdam Metálico Silver 4 Partes";"moledor pisos";"https://www.friendlygrow.cl/moledor-baked-bunny-pink-edition-4-pisos-63mm-12-disenos?variant=Dise%C3%B1o%204"
0.193;0;1.35;87443;7490;"Moledor Baked Bunny Pink Edition - 4 Pisos 63mm ( 12 Diseños ) - Diseño 5";6567;3;10100;"Moledor Bulldog Ámsterdam Metálico Silver 4 Partes";"moledor pisos";"https://www.friendlygrow.cl/moledor-baked-bunny-pink-edition-4-pisos-63mm-12-disenos?variant=Dise%C3%B1o%205"
0.193;0;1.35;87444;7490;"Moledor Baked Bunny Pink Edition - 4 Pisos 63mm ( 12 Diseños ) - Diseño 6";6567;3;10100;"Moledor Bulldog Ámsterdam Metálico Silver 4 Partes";"moledor pisos";"https://www.friendlygrow.cl/moledor-baked-bunny-pink-edition-4-pisos-63mm-12-disenos?variant=Dise%C3%B1o%206"
0.193;0;1.35;87445;7490;"Moledor Baked Bunny Pink Edition - 4 Pisos 63mm ( 12 Diseños ) - Diseño 7";6567;3;10100;"Moledor Bulldog Ámsterdam Metálico Silver 4 Partes";"moledor pisos";"https://www.friendlygrow.cl/moledor-baked-bunny-pink-edition-4-pisos-63mm-12-disenos?variant=Dise%C3%B1o%207"
0.193;0;1.35;87446;7490;"Moledor Baked Bunny Pink Edition - 4 Pisos 63mm ( 12 Diseños ) - Diseño 8";6567;3;10100;"Moledor Bulldog Ámsterdam Metálico Silver 4 Partes";"moledor pisos";"https://www.friendlygrow.cl/moledor-baked-bunny-pink-edition-4-pisos-63mm-12-disenos?variant=Dise%C3%B1o%208"
0.193;0;1.35;87450;7490;"Moledor Baked Bunny Pink Edition - 4 Pisos 63mm ( 12 Diseños ) - Diseño 12";6567;3;10100;"Moledor Bulldog Ámsterdam Metálico Silver 4 Partes";"moledor pisos";"https://www.friendlygrow.cl/moledor-baked-bunny-pink-edition-4-pisos-63mm-12-disenos?variant=Dise%C3%B1o%2012"
0.193;0;2.15;88285;3900;"Pipa de Silicona Monster - Celeste";6771;2;8400;"Pipa silicona llavero de Piece Maker";"pipa silicona";"https://www.friendlygrow.cl/pipa-de-silicona-monster?variant=Celeste"
0.193;0;8.59;87940;29990;"Bong de Pyrex Phoenix Star Horizontal Percolator 30cms - Negro";5751;3;3490;"Calvo Glass Quemador Pyrex - Macho 14mm";"bong pyrex negro";"https://www.friendlygrow.cl/bong-de-vidrio-phoenix-star-horizontal-percolator?variant=Negro"
0.193;0;1.90;88629;19900;"Atrapacenizas Percolador Pyrex - Verde 45°";5775;3;37800;"Honey Waffle -Bonglab";"percolador verde";"https://www.friendlygrow.cl/adaptador-de-vidrio-con-percolador?variant=Verde%2045%C2%B0"
0.193;0;4.18;88165;10990;"Pipa de Silicona Balloon Dog - Rojo";10254;2;45891;"American Helix Pipa Classic 15cm";"pipa rojo";"https://www.friendlygrow.cl/pipa-de-silicona-balloon-dog?variant=Rojo"
0.193;0;4.58;87608;15990;"Bong Pyrex Dab Rig Swirl | 21cm | + Quemador Unico De Regalo";5751;3;3490;"Calvo Glass Quemador Pyrex - Macho 14mm";"bong pyrex quemador";"https://www.friendlygrow.cl/bong-pyrex-dab-rig-swirl-21cm"
0.192;0;1.44;88163;8990;"Pipa de Pyrex Phoenix Star Spoon 10cm - Negro";10357;2;12990;"Top Smoke Pipa Pyrex Havocrush";"pipa pyrex";"https://www.friendlygrow.cl/pipa-de-pyrex-phoenix-star?variant=Negro"
0.192;0;6.24;88321;5990;"Pipa Silicona Cartoon Colores - Verde";5486;2;37391;"American Helix Pipa Classic Mini 12cm";"pipa verde";"https://www.friendlygrow.cl/pipa-silicona-cartoon-colores?variant=Verde"
0.192;0;2.35;87485;7990;"Moledor Unico Oso 14cm - 4 Pisos- - Rojo";5498;3;3400;"Galaxy Moledor Biodegradable | Grinder ecológico resistente";"moledor rojo";"https://www.friendlygrow.cl/moledor-unico-oso-cromado?variant=Rojo"
0.192;0;1.40;88326;5990;"Pipa Silicona Cartoon Monster";6771;2;8400;"Pipa silicona llavero de Piece Maker";"pipa silicona";"https://www.friendlygrow.cl/pipa-silicona-cartoon-monster"
0.192;0;1.25;87479;7500;"Moledor Unico Conejo XL 17cm - 4 Pisos - Cobre";10127;3;5990;"Storz & Bickel Moledor acrilico 59mm";"moledor xl";"https://www.friendlygrow.cl/grinder-chrome-rabbit-xl?variant=Cobre"
0.192;0;1.44;88161;8990;"Pipa de Pyrex Phoenix Star Spoon 10cm - Azul";10357;2;12990;"Top Smoke Pipa Pyrex Havocrush";"pipa pyrex";"https://www.friendlygrow.cl/pipa-de-pyrex-phoenix-star?variant=Azul"
0.192;0;2.80;88245;8490;"Vaporizador Bateria Brass Knukles Smart Pro 650mah - Edicion Friendly - Red Blacky";10710;3;23741;"Calvo Batería Hide Cartridge 510 650mAh";"vaporizador bateria 650mah";"https://www.friendlygrow.cl/brassknukles-smart-pro-650mah?variant=Red%20Blacky"
0.191;0;2.11;88457;3990;"Pipa Silicona Clásica - Rosa";6771;2;8400;"Pipa silicona llavero de Piece Maker";"pipa silicona";"https://www.friendlygrow.cl/pipa-silicona-clasica?variant=Rosa"
0.191;0;11.01;87680;14990;"Bong de Pyrex Beaker con Borde de Color – Bong de Pyrex con Downstem 20cms - Azul";10539;4;164990;"Vaporizador DaVinci IQC";"color azul";"https://www.friendlygrow.cl/bong-de-vidrio-beaker-con-borde-de-color-bong-de-pyrex-con-downstem?variant=Azul"
0.191;0;6.24;88302;5990;"Pipa SIlicona Alien Cartoon - Verde";5486;2;37391;"American Helix Pipa Classic Mini 12cm";"pipa verde";"https://www.friendlygrow.cl/pipa-silicona-alien-cartoon?variant=Verde"
0.191;0;2.61;88446;19990;"Bong de Pyrex Gorilla Rolling Star - Beaker Edition - Diseño 6";5536;2;52191;"Bong Beaker Tree Perc 35cm";"bong beaker";"https://www.friendlygrow.cl/bong-de-vidrio-gorilla-rolling-star-beaker-edition?variant=Dise%C3%B1o%206"
0.191;0;2.61;88442;19990;"Bong de Pyrex Gorilla Rolling Star - Beaker Edition - Diseño 3";5536;2;52191;"Bong Beaker Tree Perc 35cm";"bong beaker";"https://www.friendlygrow.cl/bong-de-vidrio-gorilla-rolling-star-beaker-edition?variant=Dise%C3%B1o%203"
0.191;0;2.61;88439;19990;"Bong de Pyrex Gorilla Rolling Star - Beaker Edition - Diseño 1";5536;2;52191;"Bong Beaker Tree Perc 35cm";"bong beaker";"https://www.friendlygrow.cl/bong-de-vidrio-gorilla-rolling-star-beaker-edition?variant=Dise%C3%B1o%201"
0.191;0;2.61;88443;19990;"Bong de Pyrex Gorilla Rolling Star - Beaker Edition - Diseño 4";5536;2;52191;"Bong Beaker Tree Perc 35cm";"bong beaker";"https://www.friendlygrow.cl/bong-de-vidrio-gorilla-rolling-star-beaker-edition?variant=Dise%C3%B1o%204"
0.191;0;2.60;88631;19900;"Atrapacenizas Percolador Pyrex - Azul 45°";5520;4;51793;"Bongbastic K276 Bonglab Doble Percolador | Bong Grande Borosilicato";"percolador azul";"https://www.friendlygrow.cl/adaptador-de-vidrio-con-percolador?variant=Azul%2045%C2%B0"
0.191;0;8.59;87766;29990;"Bong de Pyrex Phoenix KILLER. Extra Grueso 9MM - 30cms. - Morado";5751;3;3490;"Calvo Glass Quemador Pyrex - Macho 14mm";"bong pyrex morado";"https://www.friendlygrow.cl/bong-de-vidrio-phoenix-star-straight-bong-cilindrico-de-borosilicato-con-difusor?variant=Morado"
0.191;0;1.68;88506;4990;"Pipa Silicona Sólida - Morado";6771;2;8400;"Pipa silicona llavero de Piece Maker";"pipa silicona";"https://www.friendlygrow.cl/pipa-silicona-solida?variant=Morado"
0.191;0;2.07;87629;6290;"Pipa de Pyrex Cookies Spoon - Premium Borosilicate Glass - Pink";10357;2;12990;"Top Smoke Pipa Pyrex Havocrush";"pipa pyrex";"https://www.friendlygrow.cl/pipa-de-vidrio-cookies-spoon-premium-borosilicate-glass?variant=Pink"
0.190;0;15.04;87977;59990;"10 X Vaporizador Airis Vertex 2.0 Para Cartridges. - Azul";10259;3;3990;"Bonglab Quemador Simple Macho 10mm";"10 azul";"https://www.friendlygrow.cl/promo-10-x-vaporizador-airis-vertex-20-para-cartridges?variant=Azul"
0.190;0;0.00;88048;39990;"Bong de Pyrex Phoenix Star Clásico 45cms - Negro";10421;2;0;"PMG Bong Kube 9cm";"bong negro";"https://www.friendlygrow.cl/bong-de-vidrio-phoenix-star-clasico?variant=Negro"
0.190;0;2.75;87823;3990;"Limpiador Magnético de Pyrex Banger Bros - Glass Scrubber - Negro";10247;2;10990;"Bonglab Limpiador Glass Cleaner 500 ml";"limpiador glass";"https://www.friendlygrow.cl/limpiador-magnetico-de-vidrio-banger-bros-glass-scrubber?variant=Negro"
0.190;0;0.00;88518;15990;"Vaporizador Incognito Doble Para Cartridges Doteco Dc650 - Morado";11024;2;0;"Vaporizador DaVinci IQ2";"vaporizador morado";"https://www.friendlygrow.cl/vaporizador-incognito-doble-para-cartridges-doteco-dc650?variant=Morado"
0.190;0;2.10;88367;19990;"Vaporizador Dazii Bar Incógnito / Cartucho Hilo 510 - Purple";10453;4;9500;"Calvo Glass Batería Cartridge 510";"vaporizador 510 purple";"https://www.friendlygrow.cl/vaporizador-dazii-bar-incognito-cartucho-hilo-510-2?variant=Purple"
0.190;0;2.20;87827;4990;"Limpiador Magnético de Pyrex Banger Bros - Glass Scrubber - Verde";10247;2;10990;"Bonglab Limpiador Glass Cleaner 500 ml";"limpiador glass";"https://www.friendlygrow.cl/limpiador-magnetico-de-vidrio-banger-bros-glass-scrubber?variant=Verde"
0.190;0;2.20;87826;4990;"Limpiador Magnético de Pyrex Banger Bros - Glass Scrubber - Azul";10247;2;10990;"Bonglab Limpiador Glass Cleaner 500 ml";"limpiador glass";"https://www.friendlygrow.cl/limpiador-magnetico-de-vidrio-banger-bros-glass-scrubber?variant=Azul"
0.189;0;2.07;87635;6290;"Pipa de Pyrex Cookies Spoon - Premium Borosilicate Glass - Diseño 4";10357;2;12990;"Top Smoke Pipa Pyrex Havocrush";"pipa pyrex";"https://www.friendlygrow.cl/pipa-de-vidrio-cookies-spoon-premium-borosilicate-glass?variant=Dise%C3%B1o%204"
0.189;0;2.07;87634;6290;"Pipa de Pyrex Cookies Spoon - Premium Borosilicate Glass - Diseño 3";10357;2;12990;"Top Smoke Pipa Pyrex Havocrush";"pipa pyrex";"https://www.friendlygrow.cl/pipa-de-vidrio-cookies-spoon-premium-borosilicate-glass?variant=Dise%C3%B1o%203"
0.189;0;2.07;87636;6290;"Pipa de Pyrex Cookies Spoon - Premium Borosilicate Glass - Diseño 5";10357;2;12990;"Top Smoke Pipa Pyrex Havocrush";"pipa pyrex";"https://www.friendlygrow.cl/pipa-de-vidrio-cookies-spoon-premium-borosilicate-glass?variant=Dise%C3%B1o%205"
0.189;0;2.07;87637;6290;"Pipa de Pyrex Cookies Spoon - Premium Borosilicate Glass - Diseño 6";10357;2;12990;"Top Smoke Pipa Pyrex Havocrush";"pipa pyrex";"https://www.friendlygrow.cl/pipa-de-vidrio-cookies-spoon-premium-borosilicate-glass?variant=Dise%C3%B1o%206"
0.189;0;2.07;87638;6290;"Pipa de Pyrex Cookies Spoon - Premium Borosilicate Glass - Diseño 7";10357;2;12990;"Top Smoke Pipa Pyrex Havocrush";"pipa pyrex";"https://www.friendlygrow.cl/pipa-de-vidrio-cookies-spoon-premium-borosilicate-glass?variant=Dise%C3%B1o%207"
0.189;0;2.07;87632;6290;"Pipa de Pyrex Cookies Spoon - Premium Borosilicate Glass - Diseño 1";10357;2;12990;"Top Smoke Pipa Pyrex Havocrush";"pipa pyrex";"https://www.friendlygrow.cl/pipa-de-vidrio-cookies-spoon-premium-borosilicate-glass?variant=Dise%C3%B1o%201"
0.189;0;2.07;87633;6290;"Pipa de Pyrex Cookies Spoon - Premium Borosilicate Glass - Diseño 2";10357;2;12990;"Top Smoke Pipa Pyrex Havocrush";"pipa pyrex";"https://www.friendlygrow.cl/pipa-de-vidrio-cookies-spoon-premium-borosilicate-glass?variant=Dise%C3%B1o%202"
0.189;0;2.07;87639;6290;"Pipa de Pyrex Cookies Spoon - Premium Borosilicate Glass - Diseño 8";10357;2;12990;"Top Smoke Pipa Pyrex Havocrush";"pipa pyrex";"https://www.friendlygrow.cl/pipa-de-vidrio-cookies-spoon-premium-borosilicate-glass?variant=Dise%C3%B1o%208"
0.189;0;1.68;88472;4990;"Pipa Silicona Keny - Rosa";6771;2;8400;"Pipa silicona llavero de Piece Maker";"pipa silicona";"https://www.friendlygrow.cl/pipa-silicona-keny?variant=Rosa"
0.189;0;1.68;88500;4990;"Pipa Silicona Sólida - Rosa";6771;2;8400;"Pipa silicona llavero de Piece Maker";"pipa silicona";"https://www.friendlygrow.cl/pipa-silicona-solida?variant=Rosa"
0.189;0;1.05;88352;7990;"Pipa Silicona Red Devil";6771;2;8400;"Pipa silicona llavero de Piece Maker";"pipa silicona";"https://www.friendlygrow.cl/pipa-silicona-red-devil"
0.189;0;2.44;87894;3900;"Pipa de Silicona Mushroom Cartoon con Bowl de Vidrio - Verde";5494;3;9500;"PMG Pipa Kazili 12cm";"pipa silicona";"https://www.friendlygrow.cl/pipa-de-silicona-mushroom-cartoon-con-bowl-de-vidrio?variant=Verde"
0.189;0;0.00;87880;4990;"Pipa de Silicona 'Little Kaiju' - Silicona Curada con Quemador de Vidrio - Verde";11030;2;0;"Bonglab Quemador con Rejilla Macho 14mm Verde";"quemador verde";"https://www.friendlygrow.cl/pipa-de-silicona-little-kaiju-silicona-curada-con-quemador-de-vidrio?variant=Verde"
0.189;0;2.19;88518;15990;"Vaporizador Incognito Doble Para Cartridges Doteco Dc650 - Morado";10754;2;34990;"Special Blue Soplete Monster Pro Doble Llama";"doble morado";"https://www.friendlygrow.cl/vaporizador-incognito-doble-para-cartridges-doteco-dc650?variant=Morado"
0.189;0;6.07;87570;119990;"Pesa Digital de Bolsillo Cookies MAXIM-500";10789;3;19771;"Gramera Profesional Kasvi 300g/0,01g con Calibrador";"pesa digital";"https://www.friendlygrow.cl/pesa-digital-de-bolsillo-cookies-maxim-500"
0.189;0;6.26;87823;3990;"Limpiador Magnético de Pyrex Banger Bros - Glass Scrubber - Negro";10106;2;24990;"Calvo Glass Banger Full Weld Regular Macho 10mm";"banger glass";"https://www.friendlygrow.cl/limpiador-magnetico-de-vidrio-banger-bros-glass-scrubber?variant=Negro"
0.189;0;1.69;87676;34900;"Bong de Pyrex Beaker Clásico – Bong de Pyrex con Downstem 20cms";5777;4;20691;"Little Buchner-Bonglab";"bong clasico";"https://www.friendlygrow.cl/bong-de-vidrio-beaker-clasico-bong-de-pyrex"
0.189;0;3.00;88399;14990;"Vaporizador Lapiz Discreto Friendly Pen Para Cartridges - Rosado";10525;3;4990;"Calvo Glass Nectar Wax Pen 400mAh";"vaporizador pen";"https://www.friendlygrow.cl/vaporizador-lapiz-discreto-friendly-pen-para-cartridges-510-2?variant=Rosado"
0.188;0;5.01;87827;4990;"Limpiador Magnético de Pyrex Banger Bros - Glass Scrubber - Verde";10106;2;24990;"Calvo Glass Banger Full Weld Regular Macho 10mm";"banger glass";"https://www.friendlygrow.cl/limpiador-magnetico-de-vidrio-banger-bros-glass-scrubber?variant=Verde"
0.188;0;6.24;88340;5990;"Pipa Silicona Elmo Cartoon - Azul";5486;2;37391;"American Helix Pipa Classic Mini 12cm";"pipa azul";"https://www.friendlygrow.cl/pipa-silicona-elmo-cartoon?variant=Azul"
0.188;0;5.01;87826;4990;"Limpiador Magnético de Pyrex Banger Bros - Glass Scrubber - Azul";10106;2;24990;"Calvo Glass Banger Full Weld Regular Macho 10mm";"banger glass";"https://www.friendlygrow.cl/limpiador-magnetico-de-vidrio-banger-bros-glass-scrubber?variant=Azul"
0.188;0;1.75;87594;3490;"Cenicero de Pyrex Premium Mr. Joint - 12 Diseños - Bong";10533;3;1990;"Soulblime Cenicero Metálico Diseños";"cenicero disenos";"https://www.friendlygrow.cl/cenicero-de-vidrio-premium-mr-joint-85mm?variant=Bong"
0.188;0;3.00;88398;14990;"Vaporizador Lapiz Discreto Friendly Pen Para Cartridges - Blanco";10525;3;4990;"Calvo Glass Nectar Wax Pen 400mAh";"vaporizador pen";"https://www.friendlygrow.cl/vaporizador-lapiz-discreto-friendly-pen-para-cartridges-510-2?variant=Blanco"
0.188;0;2.83;88381;28000;"Vaporizador Discreto Dazzleaf Spaceman 550mah Para Cartridge";10548;2;9891;"Yocan Flat Vaporizador para Cartridge";"vaporizador cartridge";"https://www.friendlygrow.cl/vaporizador-discreto-dazzleaf-spaceman-550mah-para-cartridge-4"
0.188;0;1.68;88476;4990;"Pipa Silicona Keny - Amarillo";6771;2;8400;"Pipa silicona llavero de Piece Maker";"pipa silicona";"https://www.friendlygrow.cl/pipa-silicona-keny?variant=Amarillo"
0.188;0;1.68;88507;4990;"Pipa Silicona Sólida - Amarillo";6771;2;8400;"Pipa silicona llavero de Piece Maker";"pipa silicona";"https://www.friendlygrow.cl/pipa-silicona-solida?variant=Amarillo"
0.188;0;7.66;88317;5990;"Pipa Silicona Cartoon Colores - Azul";10254;2;45891;"American Helix Pipa Classic 15cm";"pipa azul";"https://www.friendlygrow.cl/pipa-silicona-cartoon-colores?variant=Azul"
0.188;0;1.40;88369;19990;"Vaporizador Dazii Bar Incógnito / Cartucho Hilo 510 - Black";10531;3;14241;"Calvo Glass Batería LED Cartridge 510";"vaporizador 510 black";"https://www.friendlygrow.cl/vaporizador-dazii-bar-incognito-cartucho-hilo-510-2?variant=Black"
0.188;0;6.24;88316;5990;"Pipa Silicona Cartoon Colores - Negro";5486;2;37391;"American Helix Pipa Classic Mini 12cm";"pipa negro";"https://www.friendlygrow.cl/pipa-silicona-cartoon-colores?variant=Negro"
0.188;0;2.20;87824;4990;"Limpiador Magnético de Pyrex Banger Bros - Glass Scrubber - Rosa";10247;2;10990;"Bonglab Limpiador Glass Cleaner 500 ml";"limpiador glass";"https://www.friendlygrow.cl/limpiador-magnetico-de-vidrio-banger-bros-glass-scrubber?variant=Rosa"
0.188;0;2.44;87905;3900;"Pipa de Silicona Zombie Cartoon con Bowl de Vidrio - Verde";5494;3;9500;"PMG Pipa Kazili 12cm";"pipa silicona";"https://www.friendlygrow.cl/pipa-de-silicona-zombie-cartoon-con-bowl-de-vidrio?variant=Verde"
0.188;0;3.86;87373;13900;"Moledor de Metal de Lujo 63mm - 4 Partes (Diseño en Relieve) - Oro";5515;3;3600;"Moledor Metálico Lion Rolling Circus - 2 Partes";"moledor partes";"https://www.friendlygrow.cl/grinder-de-metal-de-lujo-63mm-4-partes-diseno-en-relieve?variant=Oro"
0.187;0;6.24;87619;5990;"Pipa de Silicona Alien 3 Eyes - Azul";5486;2;37391;"American Helix Pipa Classic Mini 12cm";"pipa azul";"https://www.friendlygrow.cl/pipa-de-silicona-alien-3-eyes?variant=Azul"
0.187;0;0.00;88148;21990;"Bong Pyrex Unico | Blue Duck 30cm | + Quemador Gratis";11030;2;0;"Bonglab Quemador con Rejilla Macho 14mm Verde";"pyrex quemador";"https://www.friendlygrow.cl/bong-pyrex-unico-blue-duck"
0.187;0;1.42;88467;5900;"Pipa SIlicona Fantasmita - Blanco";6771;2;8400;"Pipa silicona llavero de Piece Maker";"pipa silicona";"https://www.friendlygrow.cl/pipa-silicona-fantasmita?variant=Blanco"
0.187;0;1.23;88146;29990;"Bong Pyrex Premium Marley Metalizado 35cms - JAH SKULL";10409;2;24300;"Calvo Glass Double Skull Rig";"bong skull";"https://www.friendlygrow.cl/bong-acrilico-premium-diseno-grafico?variant=JAH%20SKULL"
0.187;0;9.04;88840;1990;"Cono Pre-rolado Honeypuff Rose Petal con Boquilla ( Pack x 2) - Rosa";5499;3;17991;"Grinder Galaxy Aluminio 63mm";"rose rosa";"https://www.friendlygrow.cl/cono-pre-rolado-honeypuff-rose-petal?variant=Rosa"
0.187;0;1.68;88480;4990;"Pipa Silicona Keny - Celeste";6771;2;8400;"Pipa silicona llavero de Piece Maker";"pipa silicona";"https://www.friendlygrow.cl/pipa-silicona-keny?variant=Celeste"
0.187;0;1.68;88504;4990;"Pipa Silicona Sólida - Celeste";6771;2;8400;"Pipa silicona llavero de Piece Maker";"pipa silicona";"https://www.friendlygrow.cl/pipa-silicona-solida?variant=Celeste"
0.187;0;2.07;87630;6290;"Pipa de Pyrex Cookies Spoon - Premium Borosilicate Glass - White";10357;2;12990;"Top Smoke Pipa Pyrex Havocrush";"pipa pyrex";"https://www.friendlygrow.cl/pipa-de-vidrio-cookies-spoon-premium-borosilicate-glass?variant=White"
0.187;0;1.44;88162;8990;"Pipa de Pyrex Phoenix Star Spoon 10cm - Celeste";10357;2;12990;"Top Smoke Pipa Pyrex Havocrush";"pipa pyrex";"https://www.friendlygrow.cl/pipa-de-pyrex-phoenix-star?variant=Celeste"
0.187;0;1.40;88489;5990;"Pipa SIlicona Ornitorrinco - Amarillo";6771;2;8400;"Pipa silicona llavero de Piece Maker";"pipa silicona";"https://www.friendlygrow.cl/pipa-silicona-ornitorrinco?variant=Amarillo"
0.187;0;2.44;87900;3900;"Pipa de Silicona Mushroom Cartoon con Bowl de Vidrio - Rojo";5494;3;9500;"PMG Pipa Kazili 12cm";"pipa silicona";"https://www.friendlygrow.cl/pipa-de-silicona-mushroom-cartoon-con-bowl-de-vidrio?variant=Rojo"
0.187;0;3.61;88372;25115;"Vaporizador Discreto Dazzleaf Alien | Cartridges / Cbd / Wax - Negro";10549;4;6962;"Tabaquera Soulblime";"alien negro";"https://www.friendlygrow.cl/vaporizador-discreto-dazzleaf-alien-cartridges-cbd-wax-6?variant=Negro"
0.187;0;1.52;87359;5490;"Moledor Baked Bunny Pink Edition - 4 Pisos 50mm ( 6 Diseños ) - Diseño 1";5515;3;3600;"Moledor Metálico Lion Rolling Circus - 2 Partes";"moledor 50mm";"https://www.friendlygrow.cl/grinder-de-metal-baked-bunny-pink-edition-4-partes-50mm?variant=Dise%C3%B1o%201"
0.187;0;1.52;87364;5490;"Moledor Baked Bunny Pink Edition - 4 Pisos 50mm ( 6 Diseños ) - Diseño 6";5515;3;3600;"Moledor Metálico Lion Rolling Circus - 2 Partes";"moledor 50mm";"https://www.friendlygrow.cl/grinder-de-metal-baked-bunny-pink-edition-4-partes-50mm?variant=Dise%C3%B1o%206"
0.187;0;1.52;87365;5490;"Moledor Baked Bunny Pink Edition - 4 Pisos 50mm ( 6 Diseños ) - Diseño 7";5515;3;3600;"Moledor Metálico Lion Rolling Circus - 2 Partes";"moledor 50mm";"https://www.friendlygrow.cl/grinder-de-metal-baked-bunny-pink-edition-4-partes-50mm?variant=Dise%C3%B1o%207"
0.187;0;1.52;87362;5490;"Moledor Baked Bunny Pink Edition - 4 Pisos 50mm ( 6 Diseños ) - Diseño 4";5515;3;3600;"Moledor Metálico Lion Rolling Circus - 2 Partes";"moledor 50mm";"https://www.friendlygrow.cl/grinder-de-metal-baked-bunny-pink-edition-4-partes-50mm?variant=Dise%C3%B1o%204"
0.187;0;1.52;87360;5490;"Moledor Baked Bunny Pink Edition - 4 Pisos 50mm ( 6 Diseños ) - Diseño 2";5515;3;3600;"Moledor Metálico Lion Rolling Circus - 2 Partes";"moledor 50mm";"https://www.friendlygrow.cl/grinder-de-metal-baked-bunny-pink-edition-4-partes-50mm?variant=Dise%C3%B1o%202"
0.187;0;1.52;87361;5490;"Moledor Baked Bunny Pink Edition - 4 Pisos 50mm ( 6 Diseños ) - Diseño 3";5515;3;3600;"Moledor Metálico Lion Rolling Circus - 2 Partes";"moledor 50mm";"https://www.friendlygrow.cl/grinder-de-metal-baked-bunny-pink-edition-4-partes-50mm?variant=Dise%C3%B1o%203"
0.187;0;1.52;87366;5490;"Moledor Baked Bunny Pink Edition - 4 Pisos 50mm ( 6 Diseños ) - Diseño 8";5515;3;3600;"Moledor Metálico Lion Rolling Circus - 2 Partes";"moledor 50mm";"https://www.friendlygrow.cl/grinder-de-metal-baked-bunny-pink-edition-4-partes-50mm?variant=Dise%C3%B1o%208"
0.187;0;1.52;87363;5490;"Moledor Baked Bunny Pink Edition - 4 Pisos 50mm ( 6 Diseños ) - Diseño 5";5515;3;3600;"Moledor Metálico Lion Rolling Circus - 2 Partes";"moledor 50mm";"https://www.friendlygrow.cl/grinder-de-metal-baked-bunny-pink-edition-4-partes-50mm?variant=Dise%C3%B1o%205"
0.187;0;1.52;87367;5490;"Moledor Baked Bunny Pink Edition - 4 Pisos 50mm ( 6 Diseños ) - Diseño 9";5515;3;3600;"Moledor Metálico Lion Rolling Circus - 2 Partes";"moledor 50mm";"https://www.friendlygrow.cl/grinder-de-metal-baked-bunny-pink-edition-4-partes-50mm?variant=Dise%C3%B1o%209"
0.187;0;5.03;88372;25115;"Vaporizador Discreto Dazzleaf Alien | Cartridges / Cbd / Wax - Negro";10525;3;4990;"Calvo Glass Nectar Wax Pen 400mAh";"vaporizador wax";"https://www.friendlygrow.cl/vaporizador-discreto-dazzleaf-alien-cartridges-cbd-wax-6?variant=Negro"
0.187;0;1.18;88057;5890;"Contenedor Hermético Eco-Friendly - Fibra de Cáñamo y Bambú";10686;3;4990;"RAW Reserva Contenedor Hermético y Armador de Conos";"contenedor hermetico";"https://www.friendlygrow.cl/contenedor-hermetico-eco-friendly-fibra-de-canamo-y-bambu"
0.187;0;1.91;87946;17890;"Bong de Pyrex Tornasol Beaker - Edición Iridiscente";10222;3;34100;"Bong Heavy Beaker 28Cm- Cabo";"bong beaker";"https://www.friendlygrow.cl/bong-de-vidrio-tornasol-beaker-edicion-iridiscente"
0.187;0;1.01;88800;9990;"Vaporizador Para Cartridges Doteco ST650 - Verde";10548;2;9891;"Yocan Flat Vaporizador para Cartridge";"vaporizador verde";"https://www.friendlygrow.cl/vaporizador-para-cartridges-doteco-st650?variant=Verde"
0.187;0;1.68;88473;4990;"Pipa Silicona Keny - Naranjo";6771;2;8400;"Pipa silicona llavero de Piece Maker";"pipa silicona";"https://www.friendlygrow.cl/pipa-silicona-keny?variant=Naranjo"
0.186;0;5.03;88377;25115;"Vaporizador Discreto Dazzleaf Alien | Cartridges / Cbd / Wax - Verde";10525;3;4990;"Calvo Glass Nectar Wax Pen 400mAh";"vaporizador wax";"https://www.friendlygrow.cl/vaporizador-discreto-dazzleaf-alien-cartridges-cbd-wax-6?variant=Verde"
0.186;0;2.44;87893;3900;"Pipa de Silicona Mushroom Cartoon con Bowl de Vidrio - Rosa";5494;3;9500;"PMG Pipa Kazili 12cm";"pipa silicona";"https://www.friendlygrow.cl/pipa-de-silicona-mushroom-cartoon-con-bowl-de-vidrio?variant=Rosa"
0.186;0;2.25;88369;19990;"Vaporizador Dazii Bar Incógnito / Cartucho Hilo 510 - Black";11012;2;44990;"DynaVap Kit G3";"vaporizador black";"https://www.friendlygrow.cl/vaporizador-dazii-bar-incognito-cartucho-hilo-510-2?variant=Black"
0.186;0;5.03;88373;25115;"Vaporizador Discreto Dazzleaf Alien | Cartridges / Cbd / Wax - Azul";10525;3;4990;"Calvo Glass Nectar Wax Pen 400mAh";"vaporizador wax";"https://www.friendlygrow.cl/vaporizador-discreto-dazzleaf-alien-cartridges-cbd-wax-6?variant=Azul"
0.186;0;5.01;87824;4990;"Limpiador Magnético de Pyrex Banger Bros - Glass Scrubber - Rosa";10106;2;24990;"Calvo Glass Banger Full Weld Regular Macho 10mm";"banger glass";"https://www.friendlygrow.cl/limpiador-magnetico-de-vidrio-banger-bros-glass-scrubber?variant=Rosa"
0.186;0;2.44;87902;3900;"Pipa de Silicona Zombie Cartoon con Bowl de Vidrio - Morado";5494;3;9500;"PMG Pipa Kazili 12cm";"pipa silicona";"https://www.friendlygrow.cl/pipa-de-silicona-zombie-cartoon-con-bowl-de-vidrio?variant=Morado"
0.186;0;1.07;88169;8990;"Pipa de Silicona Bear Cartoon";6771;2;8400;"Pipa silicona llavero de Piece Maker";"pipa silicona";"https://www.friendlygrow.cl/pipa-de-silicona-bear-cartoon"
0.186;0;1.90;87769;27480;"Bong Beaker de Pyrex Phoenix 'AKU Tribal' 45cms";5536;2;52191;"Bong Beaker Tree Perc 35cm";"bong beaker";"https://www.friendlygrow.cl/bong-de-vidrio-phoenix-star-tribal-bong-beaker-de-pyrex-con-downstem-difusor"
0.186;0;6.24;88342;5990;"Pipa Silicona Elmo Cartoon - Verde";5486;2;37391;"American Helix Pipa Classic Mini 12cm";"pipa verde";"https://www.friendlygrow.cl/pipa-silicona-elmo-cartoon?variant=Verde"
0.186;0;1.42;88466;5900;"Pipa SIlicona Fantasmita - Naranjo";6771;2;8400;"Pipa silicona llavero de Piece Maker";"pipa silicona";"https://www.friendlygrow.cl/pipa-silicona-fantasmita?variant=Naranjo"
0.185;0;14.91;88446;19990;"Bong de Pyrex Gorilla Rolling Star - Beaker Edition - Diseño 6";10542;3;1341;"Blunt Hemp Wrap Lion Rolling Circus Terpenes Gorila GL";"gorilla rolling";"https://www.friendlygrow.cl/bong-de-vidrio-gorilla-rolling-star-beaker-edition?variant=Dise%C3%B1o%206"
0.185;0;14.91;88442;19990;"Bong de Pyrex Gorilla Rolling Star - Beaker Edition - Diseño 3";10542;3;1341;"Blunt Hemp Wrap Lion Rolling Circus Terpenes Gorila GL";"gorilla rolling";"https://www.friendlygrow.cl/bong-de-vidrio-gorilla-rolling-star-beaker-edition?variant=Dise%C3%B1o%203"
0.185;0;14.91;88439;19990;"Bong de Pyrex Gorilla Rolling Star - Beaker Edition - Diseño 1";10542;3;1341;"Blunt Hemp Wrap Lion Rolling Circus Terpenes Gorila GL";"gorilla rolling";"https://www.friendlygrow.cl/bong-de-vidrio-gorilla-rolling-star-beaker-edition?variant=Dise%C3%B1o%201"
0.185;0;14.91;88443;19990;"Bong de Pyrex Gorilla Rolling Star - Beaker Edition - Diseño 4";10542;3;1341;"Blunt Hemp Wrap Lion Rolling Circus Terpenes Gorila GL";"gorilla rolling";"https://www.friendlygrow.cl/bong-de-vidrio-gorilla-rolling-star-beaker-edition?variant=Dise%C3%B1o%204"
0.185;0;1.52;88062;32790;"Contenedor Magnético Stash-Pro - Almacenamiento Secreto para Vehículos - Large";10522;3;21600;"Re:Stash Jar Rosado 4Oz";"contenedor stash";"https://www.friendlygrow.cl/contenedor-magnetico-stash-pro-almacenamiento-secreto-para-vehiculos?variant=Large"
0.185;0;0.00;88091;2490;"Contenedor de Almacenamiento Mr. Joint - Premium Stash Tin - Diseño 4";10293;2;0;"BongLab Contenedor Re:Stash 8oz";"contenedor stash";"https://www.friendlygrow.cl/lata-de-almacenamiento-mr-joint-premium-stash-tin?variant=Dise%C3%B1o%204"
0.185;0;0.00;88089;2490;"Contenedor de Almacenamiento Mr. Joint - Premium Stash Tin - Diseño 3";10293;2;0;"BongLab Contenedor Re:Stash 8oz";"contenedor stash";"https://www.friendlygrow.cl/lata-de-almacenamiento-mr-joint-premium-stash-tin?variant=Dise%C3%B1o%203"
0.185;0;0.00;88093;2490;"Contenedor de Almacenamiento Mr. Joint - Premium Stash Tin - Diseño 5";10293;2;0;"BongLab Contenedor Re:Stash 8oz";"contenedor stash";"https://www.friendlygrow.cl/lata-de-almacenamiento-mr-joint-premium-stash-tin?variant=Dise%C3%B1o%205"
0.185;0;0.00;88087;2490;"Contenedor de Almacenamiento Mr. Joint - Premium Stash Tin - Diseño 2";10293;2;0;"BongLab Contenedor Re:Stash 8oz";"contenedor stash";"https://www.friendlygrow.cl/lata-de-almacenamiento-mr-joint-premium-stash-tin?variant=Dise%C3%B1o%202"
0.185;0;0.00;88095;2490;"Contenedor de Almacenamiento Mr. Joint - Premium Stash Tin - Diseño 6";10293;2;0;"BongLab Contenedor Re:Stash 8oz";"contenedor stash";"https://www.friendlygrow.cl/lata-de-almacenamiento-mr-joint-premium-stash-tin?variant=Dise%C3%B1o%206"
0.185;0;0.00;88085;1990;"Contenedor de Almacenamiento Mr. Joint - Premium Stash Tin - Diseño 1";10293;2;0;"BongLab Contenedor Re:Stash 8oz";"contenedor stash";"https://www.friendlygrow.cl/lata-de-almacenamiento-mr-joint-premium-stash-tin?variant=Dise%C3%B1o%201"
0.185;0;1.09;87373;13900;"Moledor de Metal de Lujo 63mm - 4 Partes (Diseño en Relieve) - Oro";5504;3;15200;"Moledor Calvo Lite Aluminio 63mm";"moledor 63mm oro";"https://www.friendlygrow.cl/grinder-de-metal-de-lujo-63mm-4-partes-diseno-en-relieve?variant=Oro"
0.185;0;6.24;88187;5990;"Pipa de Silicona Monster Spider - Verde";5486;2;37391;"American Helix Pipa Classic Mini 12cm";"pipa verde";"https://www.friendlygrow.cl/pipa-de-silicona-monster-spider?variant=Verde"
0.185;0;2.50;87482;7990;"Moledor Unico Oso 14cm - 4 Pisos- - Morado";10399;4;3200;"Difusor Bonglab Logo Magenta 14mm 12cm";"14cm morado";"https://www.friendlygrow.cl/moledor-unico-oso-cromado?variant=Morado"
0.185;0;2.44;87897;3900;"Pipa de Silicona Mushroom Cartoon con Bowl de Vidrio - Amarillo";5494;3;9500;"PMG Pipa Kazili 12cm";"pipa silicona";"https://www.friendlygrow.cl/pipa-de-silicona-mushroom-cartoon-con-bowl-de-vidrio?variant=Amarillo"
0.185;0;2.74;87625;65000;"10 x Vaporizador Bateria Brass Knukles Smart Pro 650mah - Edicion Friendly - Red Blacky";10710;3;23741;"Calvo Batería Hide Cartridge 510 650mAh";"vaporizador bateria 650mah";"https://www.friendlygrow.cl/vaporizador-bateria-brass-knukles-smart-pro-650mah-edicion-friendly-copiar?variant=Red%20Blacky"
0.185;0;6.24;87618;5990;"Pipa de Silicona Alien 3 Eyes - Verde";5486;2;37391;"American Helix Pipa Classic Mini 12cm";"pipa verde";"https://www.friendlygrow.cl/pipa-de-silicona-alien-3-eyes?variant=Verde"
0.184;0;2.44;87860;3900;"Pipa de Silicona Cartoon Cyclope con Bowl de Vidrio - Verde";5494;3;9500;"PMG Pipa Kazili 12cm";"pipa silicona";"https://www.friendlygrow.cl/pipa-de-silicona-cartoon-cyclope-con-bowl-de-vidrio?variant=Verde"
0.184;0;2.38;87466;7990;"Moledor Mushroom Amanita 69mm - Rojo";10671;4;18991;"Moledor Galaxy Lightning Aluminio 63mm";"moledor rojo";"https://www.friendlygrow.cl/grinder-mushroom-puff-puff-pass-hibrido-metal-y-abs-4-partes?variant=Rojo"
0.184;0;0.00;87938;29990;"Bong de Pyrex Phoenix Star Horizontal Percolator 30cms - Verde";11030;2;0;"Bonglab Quemador con Rejilla Macho 14mm Verde";"pyrex verde";"https://www.friendlygrow.cl/bong-de-vidrio-phoenix-star-horizontal-percolator?variant=Verde"
0.184;0;2.07;87631;6290;"Pipa de Pyrex Cookies Spoon - Premium Borosilicate Glass - Brown";10357;2;12990;"Top Smoke Pipa Pyrex Havocrush";"pipa pyrex";"https://www.friendlygrow.cl/pipa-de-vidrio-cookies-spoon-premium-borosilicate-glass?variant=Brown"
0.184;0;1.40;88309;5990;"Pipa Silicona Big Mouth";6771;2;8400;"Pipa silicona llavero de Piece Maker";"pipa silicona";"https://www.friendlygrow.cl/pipa-silicona-big-mouth"
0.184;0;2.44;87877;3900;"Pipa de Silicona Gingerbread Cartoon con Bowl de Vidrio - Verde";5494;3;9500;"PMG Pipa Kazili 12cm";"pipa silicona";"https://www.friendlygrow.cl/pipa-de-silicona-gingerbread-cartoon-con-bowl-de-vidrio?variant=Verde"
0.184;0;2.44;87864;3900;"Pipa de Silicona Cartoon Hooded – Bowl de Vidrio - Verde";5494;3;9500;"PMG Pipa Kazili 12cm";"pipa silicona";"https://www.friendlygrow.cl/pipa-de-silicona-cartoon-hooded-bowl-de-vidrio?variant=Verde"
0.184;0;0.00;87880;4990;"Pipa de Silicona 'Little Kaiju' - Silicona Curada con Quemador de Vidrio - Verde";10258;2;0;"Quemador Pro 14 Mm-Bonglab";"quemador verde";"https://www.friendlygrow.cl/pipa-de-silicona-little-kaiju-silicona-curada-con-quemador-de-vidrio?variant=Verde"
0.184;0;2.77;87452;9990;"Moledor Stoner Kittty 50mm Edicion Pastel ( 6 Diseños ) - Menta";5515;3;3600;"Moledor Metálico Lion Rolling Circus - 2 Partes";"moledor 50mm";"https://www.friendlygrow.cl/grinder-stoner-kitty-fake-cake-edition-4-partes-50mm?variant=Menta"
0.183;0;1.31;88174;10990;"Pipa de Silicona Dinosaurio Cartoon";6771;2;8400;"Pipa silicona llavero de Piece Maker";"pipa silicona";"https://www.friendlygrow.cl/pipa-de-silicona-dinosaurio-cartoon"
0.183;0;2.44;87888;3900;"Pipa de Silicona Monster Sad con Bowl de Vidrio - Verde";5494;3;9500;"PMG Pipa Kazili 12cm";"pipa silicona";"https://www.friendlygrow.cl/pipa-de-silicona-monster-sad-con-bowl-de-vidrio?variant=Verde"
0.183;0;1.40;88316;5990;"Pipa Silicona Cartoon Colores - Negro";6771;2;8400;"Pipa silicona llavero de Piece Maker";"pipa silicona";"https://www.friendlygrow.cl/pipa-silicona-cartoon-colores?variant=Negro"
0.183;0;5.03;88379;25115;"Vaporizador Discreto Dazzleaf Alien | Cartridges / Cbd / Wax - Amarillo";10525;3;4990;"Calvo Glass Nectar Wax Pen 400mAh";"vaporizador wax";"https://www.friendlygrow.cl/vaporizador-discreto-dazzleaf-alien-cartridges-cbd-wax-6?variant=Amarillo"
0.183;0;1.28;87730;47500;"Bong de Pyrex Phoenix Star Recycler con Perc Sphere – Bong Premium de Alta Filtración 40cms - Naranjo";10289;4;60891;"Calvo Glass Bong Monster 42cm";"bong perc naranjo";"https://www.friendlygrow.cl/bong-de-vidrio-phoenix-star-recycler-con-perc-sphere-bong-premium-de-alta-filtracion?variant=Naranjo"
0.183;0;1.19;88060;25790;"Contenedor Magnético Stash-Pro - Almacenamiento Secreto para Vehículos - Medium";10522;3;21600;"Re:Stash Jar Rosado 4Oz";"contenedor stash";"https://www.friendlygrow.cl/contenedor-magnetico-stash-pro-almacenamiento-secreto-para-vehiculos?variant=Medium"
0.183;0;1.07;88354;8990;"Pipa Silicona Zombie Demon";6771;2;8400;"Pipa silicona llavero de Piece Maker";"pipa silicona";"https://www.friendlygrow.cl/pipa-silicona-zombie-demon"
0.183;0;2.00;88256;10990;"🦄 Bong de Silicona Unicornio Resistente, portátil y con estilo - Blanco";5523;4;22000;"Bong Pyrex 14cm White Bonglab | Rig Compacto de Vidrio Resistente";"bong resistente";"https://www.friendlygrow.cl/contenedor-de-silicona-unicornio?variant=Blanco"
0.183;0;1.35;87448;7490;"Moledor Baked Bunny Pink Edition - 4 Pisos 63mm ( 12 Diseños ) - DIseño 10";6567;3;10100;"Moledor Bulldog Ámsterdam Metálico Silver 4 Partes";"moledor pisos";"https://www.friendlygrow.cl/moledor-baked-bunny-pink-edition-4-pisos-63mm-12-disenos?variant=DIse%C3%B1o%2010"
0.183;0;2.44;87904;3900;"Pipa de Silicona Zombie Cartoon con Bowl de Vidrio - Celeste";5494;3;9500;"PMG Pipa Kazili 12cm";"pipa silicona";"https://www.friendlygrow.cl/pipa-de-silicona-zombie-cartoon-con-bowl-de-vidrio?variant=Celeste"
0.183;0;1.63;88042;24990;"Bong Bear de Pyrex – Diseño Cartoon";10219;3;15300;"Bong Pyrex KM1 Prisma 10cm Clear Bonglab | Mini Bong de Vidrio";"bong pyrex";"https://www.friendlygrow.cl/bong-bear-de-vidrio-diseno-cartoon"
0.182;0;2.44;87857;3900;"Pipa de Silicona Cartoon Cyclope con Bowl de Vidrio - Rojo";5494;3;9500;"PMG Pipa Kazili 12cm";"pipa silicona";"https://www.friendlygrow.cl/pipa-de-silicona-cartoon-cyclope-con-bowl-de-vidrio?variant=Rojo"
0.182;0;2.44;87867;3900;"Pipa de Silicona Cartoon Hooded – Bowl de Vidrio - Morado";5494;3;9500;"PMG Pipa Kazili 12cm";"pipa silicona";"https://www.friendlygrow.cl/pipa-de-silicona-cartoon-hooded-bowl-de-vidrio?variant=Morado"
0.182;0;1.28;88071;2490;"Contenedor de Almacenamiento Pink Baked Bunny -6 Diseños Disponibles - Diseño 6";10546;3;3190;"Soulblime Contenedor con Tapa-Bandeja";"contenedor disenos";"https://www.friendlygrow.cl/lata-de-almacenamiento-baked-bunny-premium-stash-tin?variant=Dise%C3%B1o%206"
0.182;0;1.28;88065;2490;"Contenedor de Almacenamiento Pink Baked Bunny -6 Diseños Disponibles - Diseño 2";10546;3;3190;"Soulblime Contenedor con Tapa-Bandeja";"contenedor disenos";"https://www.friendlygrow.cl/lata-de-almacenamiento-baked-bunny-premium-stash-tin?variant=Dise%C3%B1o%202"
0.182;0;1.28;88068;2490;"Contenedor de Almacenamiento Pink Baked Bunny -6 Diseños Disponibles - Diseño 4";10546;3;3190;"Soulblime Contenedor con Tapa-Bandeja";"contenedor disenos";"https://www.friendlygrow.cl/lata-de-almacenamiento-baked-bunny-premium-stash-tin?variant=Dise%C3%B1o%204"
0.182;0;1.60;88064;1990;"Contenedor de Almacenamiento Pink Baked Bunny -6 Diseños Disponibles - Diseño 1";10546;3;3190;"Soulblime Contenedor con Tapa-Bandeja";"contenedor disenos";"https://www.friendlygrow.cl/lata-de-almacenamiento-baked-bunny-premium-stash-tin?variant=Dise%C3%B1o%201"
0.182;0;1.28;88067;2490;"Contenedor de Almacenamiento Pink Baked Bunny -6 Diseños Disponibles - Diseño 3";10546;3;3190;"Soulblime Contenedor con Tapa-Bandeja";"contenedor disenos";"https://www.friendlygrow.cl/lata-de-almacenamiento-baked-bunny-premium-stash-tin?variant=Dise%C3%B1o%203"
0.182;0;1.28;88070;2490;"Contenedor de Almacenamiento Pink Baked Bunny -6 Diseños Disponibles - Diseño 5";10546;3;3190;"Soulblime Contenedor con Tapa-Bandeja";"contenedor disenos";"https://www.friendlygrow.cl/lata-de-almacenamiento-baked-bunny-premium-stash-tin?variant=Dise%C3%B1o%205"
0.182;0;1.34;87761;29990;"Bong de Pyrex Phoenix KILLER. Extra Grueso 9MM - 30cms. - Azul";5535;4;22400;"Bong Color Cube Bonglab Azul y Verde | Bong Compacto";"bong pyrex azul";"https://www.friendlygrow.cl/bong-de-vidrio-phoenix-star-straight-bong-cilindrico-de-borosilicato-con-difusor?variant=Azul"
0.182;0;9.56;88372;25115;"Vaporizador Discreto Dazzleaf Alien | Cartridges / Cbd / Wax - Negro";10377;3;239992;"Storz & Bickel Plenty";"vaporizador negro";"https://www.friendlygrow.cl/vaporizador-discreto-dazzleaf-alien-cartridges-cbd-wax-6?variant=Negro"
0.182;0;1.21;88059;17890;"Contenedor Magnético Stash-Pro - Almacenamiento Secreto para Vehículos - Small";10522;3;21600;"Re:Stash Jar Rosado 4Oz";"contenedor stash";"https://www.friendlygrow.cl/contenedor-magnetico-stash-pro-almacenamiento-secreto-para-vehiculos?variant=Small"
0.182;0;6.28;87874;3900;"Pipa de Silicona Gingerbread Cartoon con Bowl de Vidrio - Rosa";5341;4;24500;"Bong Jelly Drop Bonglab | Bong de Vidrio Compacto y Resistente";"vidrio rosa";"https://www.friendlygrow.cl/pipa-de-silicona-gingerbread-cartoon-con-bowl-de-vidrio?variant=Rosa"
0.182;0;2.77;87453;9990;"Moledor Stoner Kittty 50mm Edicion Pastel ( 6 Diseños ) - Vainilla";5515;3;3600;"Moledor Metálico Lion Rolling Circus - 2 Partes";"moledor 50mm";"https://www.friendlygrow.cl/grinder-stoner-kitty-fake-cake-edition-4-partes-50mm?variant=Vainilla"
0.182;0;2.44;87866;3900;"Pipa de Silicona Cartoon Hooded – Bowl de Vidrio - Rojo";5494;3;9500;"PMG Pipa Kazili 12cm";"pipa silicona";"https://www.friendlygrow.cl/pipa-de-silicona-cartoon-hooded-bowl-de-vidrio?variant=Rojo"
0.182;0;1.05;88329;7990;"Pipa Silicona Dark Knight";6771;2;8400;"Pipa silicona llavero de Piece Maker";"pipa silicona";"https://www.friendlygrow.cl/pipa-silicona-dark-knight"
0.182;0;3.66;87826;4990;"Limpiador Magnético de Pyrex Banger Bros - Glass Scrubber - Azul";10107;4;18261;"Banger Regular Full Weld 14 mm Calvo Glass";"banger glass";"https://www.friendlygrow.cl/limpiador-magnetico-de-vidrio-banger-bros-glass-scrubber?variant=Azul"
0.182;0;7.66;88340;5990;"Pipa Silicona Elmo Cartoon - Azul";10254;2;45891;"American Helix Pipa Classic 15cm";"pipa azul";"https://www.friendlygrow.cl/pipa-silicona-elmo-cartoon?variant=Azul"
0.182;0;2.80;87448;7490;"Moledor Baked Bunny Pink Edition - 4 Pisos 63mm ( 12 Diseños ) - DIseño 10";11013;2;20990;"Galaxy Moledor Aluminio 63mm Oro Rosa";"moledor 63mm";"https://www.friendlygrow.cl/moledor-baked-bunny-pink-edition-4-pisos-63mm-12-disenos?variant=DIse%C3%B1o%2010"
0.182;0;5.03;88375;25115;"Vaporizador Discreto Dazzleaf Alien | Cartridges / Cbd / Wax - Gris";10525;3;4990;"Calvo Glass Nectar Wax Pen 400mAh";"vaporizador wax";"https://www.friendlygrow.cl/vaporizador-discreto-dazzleaf-alien-cartridges-cbd-wax-6?variant=Gris"
0.182;0;1.05;88298;7990;"Pipa Silicona Alien Brocoli";6771;2;8400;"Pipa silicona llavero de Piece Maker";"pipa silicona";"https://www.friendlygrow.cl/pipa-silicona-alien-brocoli"
0.181;0;1.40;88323;5990;"Pipa Silicona Cartoon Colores - Morado";6771;2;8400;"Pipa silicona llavero de Piece Maker";"pipa silicona";"https://www.friendlygrow.cl/pipa-silicona-cartoon-colores?variant=Morado"
0.181;0;3.40;88168;10990;"Pipa de Silicona Balloon Dog - Azul";5486;2;37391;"American Helix Pipa Classic Mini 12cm";"pipa azul";"https://www.friendlygrow.cl/pipa-de-silicona-balloon-dog?variant=Azul"
0.181;0;3.86;87371;13900;"Moledor de Metal de Lujo 63mm - 4 Partes (Diseño en Relieve) - Bronce";5515;3;3600;"Moledor Metálico Lion Rolling Circus - 2 Partes";"moledor partes";"https://www.friendlygrow.cl/grinder-de-metal-de-lujo-63mm-4-partes-diseno-en-relieve?variant=Bronce"
0.181;0;1.29;88242;8490;"Vaporizador Bateria Brass Knukles Smart Pro 650mah - Edicion Friendly - Blanco";10638;2;10990;"Bateria Galaxy 510";"bateria blanco";"https://www.friendlygrow.cl/brassknukles-smart-pro-650mah?variant=Blanco"
0.181;0;2.53;88143;29990;"Bong Pyrex Premium Marley Metalizado 35cms - Bob Marley Azul";11010;2;75990;"Bonglab The Sheikh 42cm Azul";"bong azul";"https://www.friendlygrow.cl/bong-acrilico-premium-diseno-grafico?variant=Bob%20Marley%20Azul"
0.181;0;1.35;87449;7490;"Moledor Baked Bunny Pink Edition - 4 Pisos 63mm ( 12 Diseños ) - Diseño 11";6567;3;10100;"Moledor Bulldog Ámsterdam Metálico Silver 4 Partes";"moledor pisos";"https://www.friendlygrow.cl/moledor-baked-bunny-pink-edition-4-pisos-63mm-12-disenos?variant=Dise%C3%B1o%2011"
0.181;0;6.74;88423;2890;"Bandeja de Enrolado Baked Bunny - Diseño 5";5732;3;19493;"Bandeja Enrolado Neon Tray LED";"bandeja enrolado";"https://www.friendlygrow.cl/bandeja-de-enrolado-baked-bunny?variant=Dise%C3%B1o%205"
0.181;0;9.80;88416;1990;"Bandeja de Enrolado Baked Bunny - Diseño 1";5732;3;19493;"Bandeja Enrolado Neon Tray LED";"bandeja enrolado";"https://www.friendlygrow.cl/bandeja-de-enrolado-baked-bunny?variant=Dise%C3%B1o%201"
0.181;0;6.74;88429;2890;"Bandeja de Enrolado Baked Bunny - Diseño 8";5732;3;19493;"Bandeja Enrolado Neon Tray LED";"bandeja enrolado";"https://www.friendlygrow.cl/bandeja-de-enrolado-baked-bunny?variant=Dise%C3%B1o%208"
0.181;0;6.74;88421;2890;"Bandeja de Enrolado Baked Bunny - Diseño 4";5732;3;19493;"Bandeja Enrolado Neon Tray LED";"bandeja enrolado";"https://www.friendlygrow.cl/bandeja-de-enrolado-baked-bunny?variant=Dise%C3%B1o%204"
0.181;0;6.74;88425;2890;"Bandeja de Enrolado Baked Bunny - Diseño 6";5732;3;19493;"Bandeja Enrolado Neon Tray LED";"bandeja enrolado";"https://www.friendlygrow.cl/bandeja-de-enrolado-baked-bunny?variant=Dise%C3%B1o%206"
0.181;0;6.74;88430;2890;"Bandeja de Enrolado Baked Bunny - Diseño 9";5732;3;19493;"Bandeja Enrolado Neon Tray LED";"bandeja enrolado";"https://www.friendlygrow.cl/bandeja-de-enrolado-baked-bunny?variant=Dise%C3%B1o%209"
0.181;0;6.74;88418;2890;"Bandeja de Enrolado Baked Bunny - Diseño 2";5732;3;19493;"Bandeja Enrolado Neon Tray LED";"bandeja enrolado";"https://www.friendlygrow.cl/bandeja-de-enrolado-baked-bunny?variant=Dise%C3%B1o%202"
0.181;0;6.74;88427;2890;"Bandeja de Enrolado Baked Bunny - Diseño 7";5732;3;19493;"Bandeja Enrolado Neon Tray LED";"bandeja enrolado";"https://www.friendlygrow.cl/bandeja-de-enrolado-baked-bunny?variant=Dise%C3%B1o%207"
0.181;0;6.24;88178;5990;"Pipa de Silicona Monster Spider - Negro";5486;2;37391;"American Helix Pipa Classic Mini 12cm";"pipa negro";"https://www.friendlygrow.cl/pipa-de-silicona-monster-spider?variant=Negro"
0.181;0;2.77;87451;9990;"Moledor Stoner Kittty 50mm Edicion Pastel ( 6 Diseños ) - Frutilla";5515;3;3600;"Moledor Metálico Lion Rolling Circus - 2 Partes";"moledor 50mm";"https://www.friendlygrow.cl/grinder-stoner-kitty-fake-cake-edition-4-partes-50mm?variant=Frutilla"
0.181;0;7.66;87619;5990;"Pipa de Silicona Alien 3 Eyes - Azul";10254;2;45891;"American Helix Pipa Classic 15cm";"pipa azul";"https://www.friendlygrow.cl/pipa-de-silicona-alien-3-eyes?variant=Azul"
0.181;0;1.36;87725;82900;"Bong de Pyrex Phoenix Star Recycler con Perc Dome – Bong Premium de Alta Filtración 35cms - Naranjo";10289;4;60891;"Calvo Glass Bong Monster 42cm";"bong perc naranjo";"https://www.friendlygrow.cl/bong-de-vidrio-phoenix-star-recycler-con-perc-dome-bong-premium-de-alta-filtracion?variant=Naranjo"
0.181;0;2.11;88460;3990;"Pipa Silicona Clásica - Amarilla";6771;2;8400;"Pipa silicona llavero de Piece Maker";"pipa silicona";"https://www.friendlygrow.cl/pipa-silicona-clasica?variant=Amarilla"
0.181;0;37.77;88405;9743;"Vaporizador Premium Smart Led Doteco St650 Para Cartridges - Negro";9245;4;367991;"Mighty +";"vaporizador negro";"https://www.friendlygrow.cl/vaporizador-premium-smart-led-doteco-st650-para-cartridges-4?variant=Negro"
0.181;0;1.75;87596;3490;"Cenicero de Pyrex Premium Mr. Joint - 12 Diseños - Leaf";10533;3;1990;"Soulblime Cenicero Metálico Diseños";"cenicero disenos";"https://www.friendlygrow.cl/cenicero-de-vidrio-premium-mr-joint-85mm?variant=Leaf"
0.181;0;1.14;87590;19990;"Bong Pyrex Blue Grid Compact 22cm 804g ( Extra Grueso )";10374;2;22743;"Calvo Glass Bong Essential 22cm";"bong 22cm";"https://www.friendlygrow.cl/bong-pyrex-blue-grid-compact-22cm-850g"
0.181;0;8.59;87764;29990;"Bong de Pyrex Phoenix KILLER. Extra Grueso 9MM - 30cms. - Verde";5751;3;3490;"Calvo Glass Quemador Pyrex - Macho 14mm";"bong pyrex verde";"https://www.friendlygrow.cl/bong-de-vidrio-phoenix-star-straight-bong-cilindrico-de-borosilicato-con-difusor?variant=Verde"
0.180;0;1.34;87764;29990;"Bong de Pyrex Phoenix KILLER. Extra Grueso 9MM - 30cms. - Verde";5535;4;22400;"Bong Color Cube Bonglab Azul y Verde | Bong Compacto";"bong pyrex verde";"https://www.friendlygrow.cl/bong-de-vidrio-phoenix-star-straight-bong-cilindrico-de-borosilicato-con-difusor?variant=Verde"
0.180;0;1.33;87433;5990;"Moledor, Moledor de Metal Alien X OG Labs - 4 Partes (50mm) - Hongo";6471;2;7990;"Moledor Bulldog 40mm 1 piso";"moledor partes";"https://www.friendlygrow.cl/grinder-moledor-de-metal-alien-x-og-labs-4-partes-50mm?variant=Hongo"
0.180;0;2.44;87858;3900;"Pipa de Silicona Cartoon Cyclope con Bowl de Vidrio - Amarillo";5494;3;9500;"PMG Pipa Kazili 12cm";"pipa silicona";"https://www.friendlygrow.cl/pipa-de-silicona-cartoon-cyclope-con-bowl-de-vidrio?variant=Amarillo"
0.180;0;1.01;87452;9990;"Moledor Stoner Kittty 50mm Edicion Pastel ( 6 Diseños ) - Menta";6567;3;10100;"Moledor Bulldog Ámsterdam Metálico Silver 4 Partes";"moledor 50mm";"https://www.friendlygrow.cl/grinder-stoner-kitty-fake-cake-edition-4-partes-50mm?variant=Menta"
0.180;0;1.05;88346;7990;"Pipa Silicona Pineapple Express";6771;2;8400;"Pipa silicona llavero de Piece Maker";"pipa silicona";"https://www.friendlygrow.cl/pipa-silicona-pineapple-express"
0.180;0;2.35;87463;7990;"Moledor Mushroom Amanita 69mm - Verde";5498;3;3400;"Galaxy Moledor Biodegradable | Grinder ecológico resistente";"moledor verde";"https://www.friendlygrow.cl/grinder-mushroom-puff-puff-pass-hibrido-metal-y-abs-4-partes?variant=Verde"
0.180;0;2.61;88441;19990;"Bong de Pyrex Gorilla Rolling Star - Beaker Edition - Diseño2";5536;2;52191;"Bong Beaker Tree Perc 35cm";"bong beaker";"https://www.friendlygrow.cl/bong-de-vidrio-gorilla-rolling-star-beaker-edition?variant=Dise%C3%B1o2"
0.180;0;2.61;88445;19990;"Bong de Pyrex Gorilla Rolling Star - Beaker Edition - Diseñ 5";5536;2;52191;"Bong Beaker Tree Perc 35cm";"bong beaker";"https://www.friendlygrow.cl/bong-de-vidrio-gorilla-rolling-star-beaker-edition?variant=Dise%C3%B1%205"
0.180;0;0.00;88404;9743;"Vaporizador Premium Smart Led Doteco St650 Para Cartridges - Azul";11024;2;0;"Vaporizador DaVinci IQ2";"vaporizador azul";"https://www.friendlygrow.cl/vaporizador-premium-smart-led-doteco-st650-para-cartridges-4?variant=Azul"
0.180;0;2.19;88517;15990;"Vaporizador Incognito Doble Para Cartridges Doteco Dc650 - Azul";10754;2;34990;"Special Blue Soplete Monster Pro Doble Llama";"doble azul";"https://www.friendlygrow.cl/vaporizador-incognito-doble-para-cartridges-doteco-dc650?variant=Azul"
0.180;0;1.45;88143;29990;"Bong Pyrex Premium Marley Metalizado 35cms - Bob Marley Azul";5773;4;20691;"Classic Ice 26Cm-Bonglab";"bong pyrex azul";"https://www.friendlygrow.cl/bong-acrilico-premium-diseno-grafico?variant=Bob%20Marley%20Azul"
0.180;0;1.50;88840;1990;"Cono Pre-rolado Honeypuff Rose Petal con Boquilla ( Pack x 2) - Rosa";5710;2;2990;"Futurola x Mike Tyson 3 Conos Pre-enrolados King Size";"cono pre";"https://www.friendlygrow.cl/cono-pre-rolado-honeypuff-rose-petal?variant=Rosa"
0.180;0;2.38;87462;7990;"Moledor Mushroom Amanita 69mm - Morado";10671;4;18991;"Moledor Galaxy Lightning Aluminio 63mm";"moledor morado";"https://www.friendlygrow.cl/grinder-mushroom-puff-puff-pass-hibrido-metal-y-abs-4-partes?variant=Morado"
0.180;0;5.03;88380;25115;"Vaporizador Discreto Dazzleaf Alien | Cartridges / Cbd / Wax - Naranja";10525;3;4990;"Calvo Glass Nectar Wax Pen 400mAh";"vaporizador wax";"https://www.friendlygrow.cl/vaporizador-discreto-dazzleaf-alien-cartridges-cbd-wax-6?variant=Naranja"
0.179;0;2.05;87946;17890;"Bong de Pyrex Tornasol Beaker - Edición Iridiscente";10167;4;36700;"Bong Mercurial";"bong tornasol";"https://www.friendlygrow.cl/bong-de-vidrio-tornasol-beaker-edicion-iridiscente"
0.179;0;1.40;88301;5990;"Pipa SIlicona Alien Cartoon - Rosa";6771;2;8400;"Pipa silicona llavero de Piece Maker";"pipa silicona";"https://www.friendlygrow.cl/pipa-silicona-alien-cartoon?variant=Rosa"
0.179;0;35.39;87928;350000;"100 X Vaporizador Brass Knuckles 900mah Para Cartridge Cargador USB";10548;2;9891;"Yocan Flat Vaporizador para Cartridge";"vaporizador cartridge";"https://www.friendlygrow.cl/100-x-vaporizador-brass-knuckles-900mah-para-cartridge"
0.179;0;2.80;87449;7490;"Moledor Baked Bunny Pink Edition - 4 Pisos 63mm ( 12 Diseños ) - Diseño 11";11013;2;20990;"Galaxy Moledor Aluminio 63mm Oro Rosa";"moledor 63mm";"https://www.friendlygrow.cl/moledor-baked-bunny-pink-edition-4-pisos-63mm-12-disenos?variant=Dise%C3%B1o%2011"
0.179;0;0.00;87745;25990;"Dab Rig de Pyrex Phoenix Star 'Bubble BOMB' 28cms - Rosa";5750;2;0;"Quemador Rejilla Pyrex 14Mm Cono-Bonglab";"pyrex rosa";"https://www.friendlygrow.cl/bong-de-vidrio-phoenix-star-recycler-con-perc-tree-bong-premium-de-alta-filtracion?variant=Rosa"
0.179;0;1.68;88332;4990;"Pipa SIlicona Darth Vader";6771;2;8400;"Pipa silicona llavero de Piece Maker";"pipa silicona";"https://www.friendlygrow.cl/pipa-silicona-darth-vader"
0.179;0;1.44;88160;8990;"Pipa de Pyrex Phoenix Star Spoon 10cm - Amarilla";10357;2;12990;"Top Smoke Pipa Pyrex Havocrush";"pipa pyrex";"https://www.friendlygrow.cl/pipa-de-pyrex-phoenix-star?variant=Amarilla"
0.179;0;2.77;87456;9990;"Moledor Stoner Kittty 50mm Edicion Pastel ( 6 Diseños ) - Sprinkles";5515;3;3600;"Moledor Metálico Lion Rolling Circus - 2 Partes";"moledor 50mm";"https://www.friendlygrow.cl/grinder-stoner-kitty-fake-cake-edition-4-partes-50mm?variant=Sprinkles"
0.179;0;1.75;87593;3490;"Cenicero de Pyrex Premium Mr. Joint - 12 Diseños - CBD";10533;3;1990;"Soulblime Cenicero Metálico Diseños";"cenicero disenos";"https://www.friendlygrow.cl/cenicero-de-vidrio-premium-mr-joint-85mm?variant=CBD"
0.179;0;7.66;88342;5990;"Pipa Silicona Elmo Cartoon - Verde";10254;2;45891;"American Helix Pipa Classic 15cm";"pipa verde";"https://www.friendlygrow.cl/pipa-silicona-elmo-cartoon?variant=Verde"
0.179;0;2.39;88377;25115;"Vaporizador Discreto Dazzleaf Alien | Cartridges / Cbd / Wax - Verde";10193;3;59992;"Bong Space Opera Waterpipe 30cm";"alien verde";"https://www.friendlygrow.cl/vaporizador-discreto-dazzleaf-alien-cartridges-cbd-wax-6?variant=Verde"
0.179;0;14.91;88441;19990;"Bong de Pyrex Gorilla Rolling Star - Beaker Edition - Diseño2";10542;3;1341;"Blunt Hemp Wrap Lion Rolling Circus Terpenes Gorila GL";"gorilla rolling";"https://www.friendlygrow.cl/bong-de-vidrio-gorilla-rolling-star-beaker-edition?variant=Dise%C3%B1o2"
0.179;0;14.91;88445;19990;"Bong de Pyrex Gorilla Rolling Star - Beaker Edition - Diseñ 5";10542;3;1341;"Blunt Hemp Wrap Lion Rolling Circus Terpenes Gorila GL";"gorilla rolling";"https://www.friendlygrow.cl/bong-de-vidrio-gorilla-rolling-star-beaker-edition?variant=Dise%C3%B1%205"
0.179;0;2.19;87458;6990;"Moledor Lightning Colors Metal 55mm - Amarillo";5507;2;15291;"Grinder Galaxy Aluminio 55mm";"moledor 55mm";"https://www.friendlygrow.cl/moledor-lightning-colors-metal-55mm?variant=Amarillo"
0.179;0;7.66;88187;5990;"Pipa de Silicona Monster Spider - Verde";10254;2;45891;"American Helix Pipa Classic 15cm";"pipa verde";"https://www.friendlygrow.cl/pipa-de-silicona-monster-spider?variant=Verde"
0.179;0;3.40;88166;10990;"Pipa de Silicona Balloon Dog - Verde";5486;2;37391;"American Helix Pipa Classic Mini 12cm";"pipa verde";"https://www.friendlygrow.cl/pipa-de-silicona-balloon-dog?variant=Verde"
0.179;0;1.68;88241;8490;"Vaporizador Bateria Brass Knukles Smart Pro 650mah - Edicion Friendly - Morado";10531;3;14241;"Calvo Glass Batería LED Cartridge 510";"vaporizador bateria pro";"https://www.friendlygrow.cl/brassknukles-smart-pro-650mah?variant=Morado"
0.179;0;1.01;87453;9990;"Moledor Stoner Kittty 50mm Edicion Pastel ( 6 Diseños ) - Vainilla";6567;3;10100;"Moledor Bulldog Ámsterdam Metálico Silver 4 Partes";"moledor 50mm";"https://www.friendlygrow.cl/grinder-stoner-kitty-fake-cake-edition-4-partes-50mm?variant=Vainilla"
0.178;0;1.63;88041;24990;"Bong Alien de Pyrex – Diseño Escultura";10219;3;15300;"Bong Pyrex KM1 Prisma 10cm Clear Bonglab | Mini Bong de Vidrio";"bong pyrex";"https://www.friendlygrow.cl/bong-alien-de-vidrio-diseno-escultura"
0.178;0;2.77;87455;9990;"Moledor Stoner Kittty 50mm Edicion Pastel ( 6 Diseños ) - Frosting";5515;3;3600;"Moledor Metálico Lion Rolling Circus - 2 Partes";"moledor 50mm";"https://www.friendlygrow.cl/grinder-stoner-kitty-fake-cake-edition-4-partes-50mm?variant=Frosting"
0.178;0;2.77;87454;9990;"Moledor Stoner Kittty 50mm Edicion Pastel ( 6 Diseños ) - Milkshake";5515;3;3600;"Moledor Metálico Lion Rolling Circus - 2 Partes";"moledor 50mm";"https://www.friendlygrow.cl/grinder-stoner-kitty-fake-cake-edition-4-partes-50mm?variant=Milkshake"
0.178;0;1.38;87371;13900;"Moledor de Metal de Lujo 63mm - 4 Partes (Diseño en Relieve) - Bronce";6567;3;10100;"Moledor Bulldog Ámsterdam Metálico Silver 4 Partes";"moledor partes";"https://www.friendlygrow.cl/grinder-de-metal-de-lujo-63mm-4-partes-diseno-en-relieve?variant=Bronce"
0.178;0;1.40;88303;5990;"Pipa SIlicona Alien Cartoon - Amarillo";6771;2;8400;"Pipa silicona llavero de Piece Maker";"pipa silicona";"https://www.friendlygrow.cl/pipa-silicona-alien-cartoon?variant=Amarillo"
0.178;0;23.01;88516;15990;"Vaporizador Incognito Doble Para Cartridges Doteco Dc650 - Negro";9245;4;367991;"Mighty +";"vaporizador negro";"https://www.friendlygrow.cl/vaporizador-incognito-doble-para-cartridges-doteco-dc650?variant=Negro"
0.178;0;1.01;87451;9990;"Moledor Stoner Kittty 50mm Edicion Pastel ( 6 Diseños ) - Frutilla";6567;3;10100;"Moledor Bulldog Ámsterdam Metálico Silver 4 Partes";"moledor 50mm";"https://www.friendlygrow.cl/grinder-stoner-kitty-fake-cake-edition-4-partes-50mm?variant=Frutilla"
0.178;0;1.39;87356;4990;"Moledor Cookie Sandwich 'Mermelada' - 2 Partes (Metal y ABS)";5515;3;3600;"Moledor Metálico Lion Rolling Circus - 2 Partes";"moledor partes";"https://www.friendlygrow.cl/grinder-cookie-sandwich-mermelada-2-partes-metal-y-abs"
0.177;0;0.00;88517;15990;"Vaporizador Incognito Doble Para Cartridges Doteco Dc650 - Azul";11024;2;0;"Vaporizador DaVinci IQ2";"vaporizador azul";"https://www.friendlygrow.cl/vaporizador-incognito-doble-para-cartridges-doteco-dc650?variant=Azul"
0.177;0;12.37;88243;8490;"Vaporizador Bateria Brass Knukles Smart Pro 650mah - Edicion Friendly - Negro";11026;2;104990;"Vaporizador Pulsar APX Pro";"vaporizador pro";"https://www.friendlygrow.cl/brassknukles-smart-pro-650mah?variant=Negro"
0.177;0;1.40;88178;5990;"Pipa de Silicona Monster Spider - Negro";6771;2;8400;"Pipa silicona llavero de Piece Maker";"pipa silicona";"https://www.friendlygrow.cl/pipa-de-silicona-monster-spider?variant=Negro"
0.177;0;1.02;88403;9743;"Vaporizador Premium Smart Led Doteco St650 Para Cartridges - Rojo";10548;2;9891;"Yocan Flat Vaporizador para Cartridge";"vaporizador rojo";"https://www.friendlygrow.cl/vaporizador-premium-smart-led-doteco-st650-para-cartridges-4?variant=Rojo"
0.177;0;2.38;87485;7990;"Moledor Unico Oso 14cm - 4 Pisos- - Rojo";10671;4;18991;"Moledor Galaxy Lightning Aluminio 63mm";"moledor rojo";"https://www.friendlygrow.cl/moledor-unico-oso-cromado?variant=Rojo"
0.177;0;2.23;88256;10990;"🦄 Bong de Silicona Unicornio Resistente, portátil y con estilo - Blanco";5341;4;24500;"Bong Jelly Drop Bonglab | Bong de Vidrio Compacto y Resistente";"bong resistente";"https://www.friendlygrow.cl/contenedor-de-silicona-unicornio?variant=Blanco"
0.177;0;1.50;87591;2990;"Cenicero de Pyrex Premium Mr. Joint - 12 Diseños - Deadpool";10533;3;1990;"Soulblime Cenicero Metálico Diseños";"cenicero disenos";"https://www.friendlygrow.cl/cenicero-de-vidrio-premium-mr-joint-85mm?variant=Deadpool"
0.177;0;1.75;87592;3490;"Cenicero de Pyrex Premium Mr. Joint - 12 Diseños - Samurai";10533;3;1990;"Soulblime Cenicero Metálico Diseños";"cenicero disenos";"https://www.friendlygrow.cl/cenicero-de-vidrio-premium-mr-joint-85mm?variant=Samurai"
0.177;0;1.75;87595;3490;"Cenicero de Pyrex Premium Mr. Joint - 12 Diseños - Cool";10533;3;1990;"Soulblime Cenicero Metálico Diseños";"cenicero disenos";"https://www.friendlygrow.cl/cenicero-de-vidrio-premium-mr-joint-85mm?variant=Cool"
0.176;0;1.52;87368;5490;"Moledor Baked Bunny Pink Edition - 4 Pisos 50mm ( 6 Diseños ) - DIseño 10";5515;3;3600;"Moledor Metálico Lion Rolling Circus - 2 Partes";"moledor 50mm";"https://www.friendlygrow.cl/grinder-de-metal-baked-bunny-pink-edition-4-partes-50mm?variant=DIse%C3%B1o%2010"
0.176;0;1.50;88847;1990;"Cono Pre-rolado Honeypuff Rose Petal con Boquilla ( Pack x 2) - Banana";5710;2;2990;"Futurola x Mike Tyson 3 Conos Pre-enrolados King Size";"cono pre";"https://www.friendlygrow.cl/cono-pre-rolado-honeypuff-rose-petal?variant=Banana"
0.176;0;1.45;87941;29990;"Bong de Pyrex Phoenix Star Horizontal Percolator 30cms - Azul";5773;4;20691;"Classic Ice 26Cm-Bonglab";"bong pyrex azul";"https://www.friendlygrow.cl/bong-de-vidrio-phoenix-star-horizontal-percolator?variant=Azul"
0.176;0;1.75;87597;3490;"Cenicero de Pyrex Premium Mr. Joint - 12 Diseños - Angel";10533;3;1990;"Soulblime Cenicero Metálico Diseños";"cenicero disenos";"https://www.friendlygrow.cl/cenicero-de-vidrio-premium-mr-joint-85mm?variant=Angel"
0.176;0;1.75;87599;3490;"Cenicero de Pyrex Premium Mr. Joint - 12 Diseños - Burger";10533;3;1990;"Soulblime Cenicero Metálico Diseños";"cenicero disenos";"https://www.friendlygrow.cl/cenicero-de-vidrio-premium-mr-joint-85mm?variant=Burger"
0.176;0;1.75;87598;3490;"Cenicero de Pyrex Premium Mr. Joint - 12 Diseños - Druida";10533;3;1990;"Soulblime Cenicero Metálico Diseños";"cenicero disenos";"https://www.friendlygrow.cl/cenicero-de-vidrio-premium-mr-joint-85mm?variant=Druida"
0.176;0;1.01;87456;9990;"Moledor Stoner Kittty 50mm Edicion Pastel ( 6 Diseños ) - Sprinkles";6567;3;10100;"Moledor Bulldog Ámsterdam Metálico Silver 4 Partes";"moledor 50mm";"https://www.friendlygrow.cl/grinder-stoner-kitty-fake-cake-edition-4-partes-50mm?variant=Sprinkles"
0.176;0;1.74;87629;6290;"Pipa de Pyrex Cookies Spoon - Premium Borosilicate Glass - Pink";5490;2;10943;"Pipa Calvo Horn Pipe 10cm | PIRANHA";"pipa glass";"https://www.friendlygrow.cl/pipa-de-vidrio-cookies-spoon-premium-borosilicate-glass?variant=Pink"
0.176;0;1.68;88239;8490;"Vaporizador Bateria Brass Knukles Smart Pro 650mah - Edicion Friendly - Dorado";10531;3;14241;"Calvo Glass Batería LED Cartridge 510";"vaporizador bateria pro";"https://www.friendlygrow.cl/brassknukles-smart-pro-650mah?variant=Dorado"
0.176;0;1.00;88369;19990;"Vaporizador Dazii Bar Incógnito / Cartucho Hilo 510 - Black";10595;3;19992;"Batería Galaxy Cartridge Escondida Black";"510 black";"https://www.friendlygrow.cl/vaporizador-dazii-bar-incognito-cartucho-hilo-510-2?variant=Black"
0.176;0;1.42;88469;5900;"Pipa SIlicona Fantasmita - Beige";6771;2;8400;"Pipa silicona llavero de Piece Maker";"pipa silicona";"https://www.friendlygrow.cl/pipa-silicona-fantasmita?variant=Beige"
0.176;0;2.79;87788;4990;"Cenicero Mr. Joint - Pyrex con Protector de Silicona - Diseño 1";5731;3;13941;"Blazy Susan Cenicero Deluxe";"cenicero silicona";"https://www.friendlygrow.cl/cenicero-mr-joint-vidrio-con-protector-de-silicona?variant=Dise%C3%B1o%201"
0.176;0;2.79;87794;4990;"Cenicero Mr. Joint - Pyrex con Protector de Silicona - Diseño 5";5731;3;13941;"Blazy Susan Cenicero Deluxe";"cenicero silicona";"https://www.friendlygrow.cl/cenicero-mr-joint-vidrio-con-protector-de-silicona?variant=Dise%C3%B1o%205"
0.176;0;2.79;87789;4990;"Cenicero Mr. Joint - Pyrex con Protector de Silicona - Diseño 2";5731;3;13941;"Blazy Susan Cenicero Deluxe";"cenicero silicona";"https://www.friendlygrow.cl/cenicero-mr-joint-vidrio-con-protector-de-silicona?variant=Dise%C3%B1o%202"
0.176;0;2.79;87790;4990;"Cenicero Mr. Joint - Pyrex con Protector de Silicona - Diseño 3";5731;3;13941;"Blazy Susan Cenicero Deluxe";"cenicero silicona";"https://www.friendlygrow.cl/cenicero-mr-joint-vidrio-con-protector-de-silicona?variant=Dise%C3%B1o%203"
0.176;0;2.79;87792;4990;"Cenicero Mr. Joint - Pyrex con Protector de Silicona - Diseño 4";5731;3;13941;"Blazy Susan Cenicero Deluxe";"cenicero silicona";"https://www.friendlygrow.cl/cenicero-mr-joint-vidrio-con-protector-de-silicona?variant=Dise%C3%B1o%204"
0.176;0;1.68;88240;8490;"Vaporizador Bateria Brass Knukles Smart Pro 650mah - Edicion Friendly - Tornasol";10531;3;14241;"Calvo Glass Batería LED Cartridge 510";"vaporizador bateria pro";"https://www.friendlygrow.cl/brassknukles-smart-pro-650mah?variant=Tornasol"
0.175;0;12.37;88241;8490;"Vaporizador Bateria Brass Knukles Smart Pro 650mah - Edicion Friendly - Morado";11026;2;104990;"Vaporizador Pulsar APX Pro";"vaporizador pro";"https://www.friendlygrow.cl/brassknukles-smart-pro-650mah?variant=Morado"
0.175;0;24.94;88793;9990;"Vaporizador Para Cartridges Doteco ST650 - Azul";10650;3;249191;"Storz & Bickel Veazy";"vaporizador azul";"https://www.friendlygrow.cl/vaporizador-para-cartridges-doteco-st650?variant=Azul"
0.175;0;2.53;87941;29990;"Bong de Pyrex Phoenix Star Horizontal Percolator 30cms - Azul";11010;2;75990;"Bonglab The Sheikh 42cm Azul";"bong azul";"https://www.friendlygrow.cl/bong-de-vidrio-phoenix-star-horizontal-percolator?variant=Azul"
0.175;0;1.52;87370;5490;"Moledor Baked Bunny Pink Edition - 4 Pisos 50mm ( 6 Diseños ) - Diseño 12";5515;3;3600;"Moledor Metálico Lion Rolling Circus - 2 Partes";"moledor 50mm";"https://www.friendlygrow.cl/grinder-de-metal-baked-bunny-pink-edition-4-partes-50mm?variant=Dise%C3%B1o%2012"
0.175;0;1.01;87455;9990;"Moledor Stoner Kittty 50mm Edicion Pastel ( 6 Diseños ) - Frosting";6567;3;10100;"Moledor Bulldog Ámsterdam Metálico Silver 4 Partes";"moledor 50mm";"https://www.friendlygrow.cl/grinder-stoner-kitty-fake-cake-edition-4-partes-50mm?variant=Frosting"
0.175;0;1.01;87454;9990;"Moledor Stoner Kittty 50mm Edicion Pastel ( 6 Diseños ) - Milkshake";6567;3;10100;"Moledor Bulldog Ámsterdam Metálico Silver 4 Partes";"moledor 50mm";"https://www.friendlygrow.cl/grinder-stoner-kitty-fake-cake-edition-4-partes-50mm?variant=Milkshake"
0.175;0;4.18;88168;10990;"Pipa de Silicona Balloon Dog - Azul";10254;2;45891;"American Helix Pipa Classic 15cm";"pipa azul";"https://www.friendlygrow.cl/pipa-de-silicona-balloon-dog?variant=Azul"
0.175;0;1.40;88348;5990;"Pipa Silicona Pumpkin Halloween";6771;2;8400;"Pipa silicona llavero de Piece Maker";"pipa silicona";"https://www.friendlygrow.cl/pipa-silicona-pumpkin-halloween"
0.175;0;1.50;88845;1990;"Cono Pre-rolado Honeypuff Rose Petal con Boquilla ( Pack x 2) - Sandia";5710;2;2990;"Futurola x Mike Tyson 3 Conos Pre-enrolados King Size";"cono pre";"https://www.friendlygrow.cl/cono-pre-rolado-honeypuff-rose-petal?variant=Sandia"
0.175;0;1.50;88850;1990;"Cono Pre-rolado Honeypuff Rose Petal con Boquilla ( Pack x 2) - Berry";5710;2;2990;"Futurola x Mike Tyson 3 Conos Pre-enrolados King Size";"cono pre";"https://www.friendlygrow.cl/cono-pre-rolado-honeypuff-rose-petal?variant=Berry"
0.175;0;1.50;88853;1990;"Cono Pre-rolado Honeypuff Rose Petal con Boquilla ( Pack x 2) - Uva";5710;2;2990;"Futurola x Mike Tyson 3 Conos Pre-enrolados King Size";"cono pre";"https://www.friendlygrow.cl/cono-pre-rolado-honeypuff-rose-petal?variant=Uva"
0.175;0;1.74;87635;6290;"Pipa de Pyrex Cookies Spoon - Premium Borosilicate Glass - Diseño 4";5490;2;10943;"Pipa Calvo Horn Pipe 10cm | PIRANHA";"pipa glass";"https://www.friendlygrow.cl/pipa-de-vidrio-cookies-spoon-premium-borosilicate-glass?variant=Dise%C3%B1o%204"
0.175;0;1.74;87634;6290;"Pipa de Pyrex Cookies Spoon - Premium Borosilicate Glass - Diseño 3";5490;2;10943;"Pipa Calvo Horn Pipe 10cm | PIRANHA";"pipa glass";"https://www.friendlygrow.cl/pipa-de-vidrio-cookies-spoon-premium-borosilicate-glass?variant=Dise%C3%B1o%203"
0.175;0;1.74;87636;6290;"Pipa de Pyrex Cookies Spoon - Premium Borosilicate Glass - Diseño 5";5490;2;10943;"Pipa Calvo Horn Pipe 10cm | PIRANHA";"pipa glass";"https://www.friendlygrow.cl/pipa-de-vidrio-cookies-spoon-premium-borosilicate-glass?variant=Dise%C3%B1o%205"
0.175;0;1.74;87637;6290;"Pipa de Pyrex Cookies Spoon - Premium Borosilicate Glass - Diseño 6";5490;2;10943;"Pipa Calvo Horn Pipe 10cm | PIRANHA";"pipa glass";"https://www.friendlygrow.cl/pipa-de-vidrio-cookies-spoon-premium-borosilicate-glass?variant=Dise%C3%B1o%206"
0.175;0;1.74;87638;6290;"Pipa de Pyrex Cookies Spoon - Premium Borosilicate Glass - Diseño 7";5490;2;10943;"Pipa Calvo Horn Pipe 10cm | PIRANHA";"pipa glass";"https://www.friendlygrow.cl/pipa-de-vidrio-cookies-spoon-premium-borosilicate-glass?variant=Dise%C3%B1o%207"
0.175;0;1.74;87632;6290;"Pipa de Pyrex Cookies Spoon - Premium Borosilicate Glass - Diseño 1";5490;2;10943;"Pipa Calvo Horn Pipe 10cm | PIRANHA";"pipa glass";"https://www.friendlygrow.cl/pipa-de-vidrio-cookies-spoon-premium-borosilicate-glass?variant=Dise%C3%B1o%201"
0.175;0;1.74;87633;6290;"Pipa de Pyrex Cookies Spoon - Premium Borosilicate Glass - Diseño 2";5490;2;10943;"Pipa Calvo Horn Pipe 10cm | PIRANHA";"pipa glass";"https://www.friendlygrow.cl/pipa-de-vidrio-cookies-spoon-premium-borosilicate-glass?variant=Dise%C3%B1o%202"
0.175;0;1.74;87639;6290;"Pipa de Pyrex Cookies Spoon - Premium Borosilicate Glass - Diseño 8";5490;2;10943;"Pipa Calvo Horn Pipe 10cm | PIRANHA";"pipa glass";"https://www.friendlygrow.cl/pipa-de-vidrio-cookies-spoon-premium-borosilicate-glass?variant=Dise%C3%B1o%208"
0.175;0;2.02;87356;4990;"Moledor Cookie Sandwich 'Mermelada' - 2 Partes (Metal y ABS)";6567;3;10100;"Moledor Bulldog Ámsterdam Metálico Silver 4 Partes";"moledor partes";"https://www.friendlygrow.cl/grinder-cookie-sandwich-mermelada-2-partes-metal-y-abs"
0.175;0;1.26;88633;19900;"Atrapacenizas Percolador Pyrex - Transparente 90°";10717;3;24990;"Bonglab Atrapa Cenizas Slits Macho 14mm 90°";"transparente 90";"https://www.friendlygrow.cl/adaptador-de-vidrio-con-percolador?variant=Transparente%2090%C2%B0"
0.175;0;1.40;88337;5990;"Pipa Silicona Elmo Cartoon - Rosa";6771;2;8400;"Pipa silicona llavero de Piece Maker";"pipa silicona";"https://www.friendlygrow.cl/pipa-silicona-elmo-cartoon?variant=Rosa"
0.174;0;3.40;87460;6990;"Moledor Lightning Colors Metal 55mm - Morado";10126;3;23800;"Moledor Galaxy de 4 partes y con tamizador";"moledor 55mm";"https://www.friendlygrow.cl/moledor-lightning-colors-metal-55mm?variant=Morado"
0.174;0;1.52;87369;5490;"Moledor Baked Bunny Pink Edition - 4 Pisos 50mm ( 6 Diseños ) - Diseño 11";5515;3;3600;"Moledor Metálico Lion Rolling Circus - 2 Partes";"moledor 50mm";"https://www.friendlygrow.cl/grinder-de-metal-baked-bunny-pink-edition-4-partes-50mm?variant=Dise%C3%B1o%2011"
0.174;0;0.00;88172;10990;"Bong de Silicona Demon Cartoon - Azul";10216;2;0;"Rig Four Horn-Calvo Glass";"bong azul";"https://www.friendlygrow.cl/pipa-de-silicona-demon-cartoon?variant=Azul"
0.174;0;2.44;87876;3900;"Pipa de Silicona Gingerbread Cartoon con Bowl de Vidrio - Cafe";5494;3;9500;"PMG Pipa Kazili 12cm";"pipa silicona";"https://www.friendlygrow.cl/pipa-de-silicona-gingerbread-cartoon-con-bowl-de-vidrio?variant=Cafe"
0.174;0;6.74;88419;2890;"Bandeja de Enrolado Baked Bunny - Diseño3";5732;3;19493;"Bandeja Enrolado Neon Tray LED";"bandeja enrolado";"https://www.friendlygrow.cl/bandeja-de-enrolado-baked-bunny?variant=Dise%C3%B1o3"
0.174;0;1.50;88849;1990;"Cono Pre-rolado Honeypuff Rose Petal con Boquilla ( Pack x 2) - Manzana";5710;2;2990;"Futurola x Mike Tyson 3 Conos Pre-enrolados King Size";"cono pre";"https://www.friendlygrow.cl/cono-pre-rolado-honeypuff-rose-petal?variant=Manzana"
0.173;0;1.40;88339;5990;"Pipa Silicona Elmo Cartoon - Amarillo";6771;2;8400;"Pipa silicona llavero de Piece Maker";"pipa silicona";"https://www.friendlygrow.cl/pipa-silicona-elmo-cartoon?variant=Amarillo"
0.173;0;2.09;87702;24990;"Bong de Pyrex Phoenix Star Ice Catcher – Bong Beaker de Pyrex 40cms - Rojo";5536;2;52191;"Bong Beaker Tree Perc 35cm";"bong beaker";"https://www.friendlygrow.cl/bong-de-vidrio-phoenix-star-ice-catcher-bong-beaker-de-borosilicato?variant=Rojo"
0.173;0;4.89;88808;3990;"Bandeja de Enrolado Honeypuff - 6 Diseños Disponibles - Rosa";5732;3;19493;"Bandeja Enrolado Neon Tray LED";"bandeja enrolado";"https://www.friendlygrow.cl/bandeja-de-enrolado-honeypuff-edicion-pink-cartoon?variant=Rosa"
0.173;0;6.74;88432;2890;"Bandeja de Enrolado Baked Bunny - DIseño 10";5732;3;19493;"Bandeja Enrolado Neon Tray LED";"bandeja enrolado";"https://www.friendlygrow.cl/bandeja-de-enrolado-baked-bunny?variant=DIse%C3%B1o%2010"
0.173;0;1.71;88446;19990;"Bong de Pyrex Gorilla Rolling Star - Beaker Edition - Diseño 6";10222;3;34100;"Bong Heavy Beaker 28Cm- Cabo";"bong beaker";"https://www.friendlygrow.cl/bong-de-vidrio-gorilla-rolling-star-beaker-edition?variant=Dise%C3%B1o%206"
0.173;0;1.71;88442;19990;"Bong de Pyrex Gorilla Rolling Star - Beaker Edition - Diseño 3";10222;3;34100;"Bong Heavy Beaker 28Cm- Cabo";"bong beaker";"https://www.friendlygrow.cl/bong-de-vidrio-gorilla-rolling-star-beaker-edition?variant=Dise%C3%B1o%203"
0.173;0;1.71;88439;19990;"Bong de Pyrex Gorilla Rolling Star - Beaker Edition - Diseño 1";10222;3;34100;"Bong Heavy Beaker 28Cm- Cabo";"bong beaker";"https://www.friendlygrow.cl/bong-de-vidrio-gorilla-rolling-star-beaker-edition?variant=Dise%C3%B1o%201"
0.173;0;1.71;88443;19990;"Bong de Pyrex Gorilla Rolling Star - Beaker Edition - Diseño 4";10222;3;34100;"Bong Heavy Beaker 28Cm- Cabo";"bong beaker";"https://www.friendlygrow.cl/bong-de-vidrio-gorilla-rolling-star-beaker-edition?variant=Dise%C3%B1o%204"
0.173;0;1.50;88842;1990;"Cono Pre-rolado Honeypuff Rose Petal con Boquilla ( Pack x 2) - Fresa";5710;2;2990;"Futurola x Mike Tyson 3 Conos Pre-enrolados King Size";"cono pre";"https://www.friendlygrow.cl/cono-pre-rolado-honeypuff-rose-petal?variant=Fresa"
0.173;0;3.40;87458;6990;"Moledor Lightning Colors Metal 55mm - Amarillo";10126;3;23800;"Moledor Galaxy de 4 partes y con tamizador";"moledor 55mm";"https://www.friendlygrow.cl/moledor-lightning-colors-metal-55mm?variant=Amarillo"
0.173;0;4.18;88166;10990;"Pipa de Silicona Balloon Dog - Verde";10254;2;45891;"American Helix Pipa Classic 15cm";"pipa verde";"https://www.friendlygrow.cl/pipa-de-silicona-balloon-dog?variant=Verde"
0.172;0;1.40;88186;5990;"Pipa de Silicona Monster Spider - Celeste";6771;2;8400;"Pipa silicona llavero de Piece Maker";"pipa silicona";"https://www.friendlygrow.cl/pipa-de-silicona-monster-spider?variant=Celeste"
0.172;0;1.60;87356;4990;"Moledor Cookie Sandwich 'Mermelada' - 2 Partes (Metal y ABS)";6471;2;7990;"Moledor Bulldog 40mm 1 piso";"moledor partes";"https://www.friendlygrow.cl/grinder-cookie-sandwich-mermelada-2-partes-metal-y-abs"
0.172;0;6.74;88436;2890;"Bandeja de Enrolado Baked Bunny - Diseño 12";5732;3;19493;"Bandeja Enrolado Neon Tray LED";"bandeja enrolado";"https://www.friendlygrow.cl/bandeja-de-enrolado-baked-bunny?variant=Dise%C3%B1o%2012"
0.172;0;2.35;87480;7990;"Moledor Unico Oso 14cm - 4 Pisos- - Verde";5498;3;3400;"Galaxy Moledor Biodegradable | Grinder ecológico resistente";"moledor verde";"https://www.friendlygrow.cl/moledor-unico-oso-cromado?variant=Verde"
0.172;0;1.50;88843;1990;"Cono Pre-rolado Honeypuff Rose Petal con Boquilla ( Pack x 2) - Arandanos";5710;2;2990;"Futurola x Mike Tyson 3 Conos Pre-enrolados King Size";"cono pre";"https://www.friendlygrow.cl/cono-pre-rolado-honeypuff-rose-petal?variant=Arandanos"
0.172;0;1.45;87940;29990;"Bong de Pyrex Phoenix Star Horizontal Percolator 30cms - Negro";5773;4;20691;"Classic Ice 26Cm-Bonglab";"bong pyrex negro";"https://www.friendlygrow.cl/bong-de-vidrio-phoenix-star-horizontal-percolator?variant=Negro"
0.172;0;1.40;87615;5990;"Pipa de Silicona Alien 3 Eyes - Celeste";6771;2;8400;"Pipa silicona llavero de Piece Maker";"pipa silicona";"https://www.friendlygrow.cl/pipa-de-silicona-alien-3-eyes?variant=Celeste"
0.172;0;2.72;87522;6990;"Moledor aluminio 3 pisos 51mm Colores - Blanco";10671;4;18991;"Moledor Galaxy Lightning Aluminio 63mm";"moledor aluminio";"https://www.friendlygrow.cl/grinder-metalico-4-piezas-aluminio-filtro-polen?variant=Blanco"
0.172;0;16.62;88399;14990;"Vaporizador Lapiz Discreto Friendly Pen Para Cartridges - Rosado";10650;3;249191;"Storz & Bickel Veazy";"vaporizador rosado";"https://www.friendlygrow.cl/vaporizador-lapiz-discreto-friendly-pen-para-cartridges-510-2?variant=Rosado"
0.172;0;4.89;88806;3990;"Bandeja de Enrolado Honeypuff - 6 Diseños Disponibles - Celeste";5732;3;19493;"Bandeja Enrolado Neon Tray LED";"bandeja enrolado";"https://www.friendlygrow.cl/bandeja-de-enrolado-honeypuff-edicion-pink-cartoon?variant=Celeste"
0.172;0;5.91;87623;65000;"10 x Vaporizador Bateria Brass Knukles Smart Pro 650mah - Edicion Friendly - Blanco";10638;2;10990;"Bateria Galaxy 510";"bateria blanco";"https://www.friendlygrow.cl/vaporizador-bateria-brass-knukles-smart-pro-650mah-edicion-friendly-copiar?variant=Blanco"
0.171;0;4.89;88809;3990;"Bandeja de Enrolado Honeypuff - 6 Diseños Disponibles - Naranjo";5732;3;19493;"Bandeja Enrolado Neon Tray LED";"bandeja enrolado";"https://www.friendlygrow.cl/bandeja-de-enrolado-honeypuff-edicion-pink-cartoon?variant=Naranjo"
0.171;0;27.54;87978;5990;"10 X Vaporizador Airis Vertex 2.0 Para Cartridges. - Rojo";10539;4;164990;"Vaporizador DaVinci IQC";"vaporizador rojo";"https://www.friendlygrow.cl/promo-10-x-vaporizador-airis-vertex-20-para-cartridges?variant=Rojo"
0.171;0;12.37;88239;8490;"Vaporizador Bateria Brass Knukles Smart Pro 650mah - Edicion Friendly - Dorado";11026;2;104990;"Vaporizador Pulsar APX Pro";"vaporizador pro";"https://www.friendlygrow.cl/brassknukles-smart-pro-650mah?variant=Dorado"
0.171;0;6.74;88434;2890;"Bandeja de Enrolado Baked Bunny - Diseño 11";5732;3;19493;"Bandeja Enrolado Neon Tray LED";"bandeja enrolado";"https://www.friendlygrow.cl/bandeja-de-enrolado-baked-bunny?variant=Dise%C3%B1o%2011"
0.171;0;2.55;87554;49990;"Bong de Pyrex Phoenix Star Recycler con Perc Sphere – Bong Premium de Alta Filtración 30cms - Celeste";5529;4;19593;"R3 Mini-Bonglab";"bong pyrex recycler";"https://www.friendlygrow.cl/bong-de-vidrio-phoenix-star-recycler-con-perc-sphere-bong-premium-de-alta-filtracion-1?variant=Celeste"
0.171;0;4.56;87622;65000;"10 x Vaporizador Bateria Brass Knukles Smart Pro 650mah - Edicion Friendly - Morado";10531;3;14241;"Calvo Glass Batería LED Cartridge 510";"vaporizador bateria pro";"https://www.friendlygrow.cl/vaporizador-bateria-brass-knukles-smart-pro-650mah-edicion-friendly-copiar?variant=Morado"
0.171;0;1.40;88180;5990;"Pipa de Silicona Monster Spider - Gris";6771;2;8400;"Pipa silicona llavero de Piece Maker";"pipa silicona";"https://www.friendlygrow.cl/pipa-de-silicona-monster-spider?variant=Gris"
0.171;0;0.00;87743;25990;"Dab Rig de Pyrex Phoenix Star 'Bubble BOMB' 28cms - Verde";11030;2;0;"Bonglab Quemador con Rejilla Macho 14mm Verde";"pyrex verde";"https://www.friendlygrow.cl/bong-de-vidrio-phoenix-star-recycler-con-perc-tree-bong-premium-de-alta-filtracion?variant=Verde"
0.171;0;12.37;88240;8490;"Vaporizador Bateria Brass Knukles Smart Pro 650mah - Edicion Friendly - Tornasol";11026;2;104990;"Vaporizador Pulsar APX Pro";"vaporizador pro";"https://www.friendlygrow.cl/brassknukles-smart-pro-650mah?variant=Tornasol"
0.171;0;0.00;88516;15990;"Vaporizador Incognito Doble Para Cartridges Doteco Dc650 - Negro";11024;2;0;"Vaporizador DaVinci IQ2";"vaporizador negro";"https://www.friendlygrow.cl/vaporizador-incognito-doble-para-cartridges-doteco-dc650?variant=Negro"
0.170;0;1.40;87616;5990;"Pipa de Silicona Alien 3 Eyes - Gris";6771;2;8400;"Pipa silicona llavero de Piece Maker";"pipa silicona";"https://www.friendlygrow.cl/pipa-de-silicona-alien-3-eyes?variant=Gris"
0.170;0;0.00;88062;32790;"Contenedor Magnético Stash-Pro - Almacenamiento Secreto para Vehículos - Large";10293;2;0;"BongLab Contenedor Re:Stash 8oz";"contenedor stash";"https://www.friendlygrow.cl/contenedor-magnetico-stash-pro-almacenamiento-secreto-para-vehiculos?variant=Large"
0.170;0;1.46;88409;9743;"Vaporizador Premium Smart Led Doteco St650 Para Cartridges - Verde";10531;3;14241;"Calvo Glass Batería LED Cartridge 510";"vaporizador led";"https://www.friendlygrow.cl/vaporizador-premium-smart-led-doteco-st650-para-cartridges-4?variant=Verde"
0.170;0;1.74;87631;6290;"Pipa de Pyrex Cookies Spoon - Premium Borosilicate Glass - Brown";5490;2;10943;"Pipa Calvo Horn Pipe 10cm | PIRANHA";"pipa glass";"https://www.friendlygrow.cl/pipa-de-vidrio-cookies-spoon-premium-borosilicate-glass?variant=Brown"
0.170;0;1.62;88518;15990;"Vaporizador Incognito Doble Para Cartridges Doteco Dc650 - Morado";10548;2;9891;"Yocan Flat Vaporizador para Cartridge";"vaporizador morado";"https://www.friendlygrow.cl/vaporizador-incognito-doble-para-cartridges-doteco-dc650?variant=Morado"
0.170;0;1.46;88404;9743;"Vaporizador Premium Smart Led Doteco St650 Para Cartridges - Azul";10531;3;14241;"Calvo Glass Batería LED Cartridge 510";"vaporizador led";"https://www.friendlygrow.cl/vaporizador-premium-smart-led-doteco-st650-para-cartridges-4?variant=Azul"
0.170;0;0.00;88062;32790;"Contenedor Magnético Stash-Pro - Almacenamiento Secreto para Vehículos - Large";10292;2;0;"BongLab Contenedor Re:Stash 4oz";"contenedor stash";"https://www.friendlygrow.cl/contenedor-magnetico-stash-pro-almacenamiento-secreto-para-vehiculos?variant=Large"
0.170;0;2.42;87735;47500;"Bong de Pyrex Phoenix Star Recycler con Perc Sphere – Bong Premium de Alta Filtración 40cms - Gris";5529;4;19593;"R3 Mini-Bonglab";"bong pyrex recycler";"https://www.friendlygrow.cl/bong-de-vidrio-phoenix-star-recycler-con-perc-sphere-bong-premium-de-alta-filtracion?variant=Gris"
0.170;0;1.43;87884;4990;"Pipa de Silicona 'Little Kaiju' - Silicona Curada con Quemador de Vidrio - Gris";5751;3;3490;"Calvo Glass Quemador Pyrex - Macho 14mm";"quemador vidrio";"https://www.friendlygrow.cl/pipa-de-silicona-little-kaiju-silicona-curada-con-quemador-de-vidrio?variant=Gris"
0.170;0;8.80;87559;24990;"Bong Pyrex Beaker Bong Killer Bee Glow Rojo 30cms - Edicion Stoner Days";5733;2;2840;"CENICERO ASH HOLDER GLOW IN THE DARK - GALAXY";"glow rojo";"https://www.friendlygrow.cl/bong-pyrex-beaker-bong-killer-bee-glow-rojo-30cms-edicion-stoner-days"
0.170;0;1.40;88194;5990;"Pipa Silicona Big Mouth Yellow";6771;2;8400;"Pipa silicona llavero de Piece Maker";"pipa silicona";"https://www.friendlygrow.cl/pipa-silicona-big-mouth-yellow"
0.170;0;4.23;87720;82900;"Bong de Pyrex Phoenix Star Recycler con Perc Dome – Bong Premium de Alta Filtración 35cms - Rojo";5529;4;19593;"R3 Mini-Bonglab";"bong pyrex recycler";"https://www.friendlygrow.cl/bong-de-vidrio-phoenix-star-recycler-con-perc-dome-bong-premium-de-alta-filtracion?variant=Rojo"
0.169;0;2.59;88042;24990;"Bong Bear de Pyrex – Diseño Cartoon";10744;2;64800;"Bonglab Bong KE9 Water Fenix 46cm";"bong pyrex";"https://www.friendlygrow.cl/bong-bear-de-vidrio-diseno-cartoon"
0.169;0;1.46;88403;9743;"Vaporizador Premium Smart Led Doteco St650 Para Cartridges - Rojo";10531;3;14241;"Calvo Glass Batería LED Cartridge 510";"vaporizador led";"https://www.friendlygrow.cl/vaporizador-premium-smart-led-doteco-st650-para-cartridges-4?variant=Rojo"
0.169;0;7.69;88285;3900;"Pipa de Silicona Monster - Celeste";6560;3;29993;"Unikorn Bong Celeste PieceMaker";"silicona celeste";"https://www.friendlygrow.cl/pipa-de-silicona-monster?variant=Celeste"
0.169;0;2.42;87738;47500;"Bong de Pyrex Phoenix Star Recycler con Perc Sphere – Bong Premium de Alta Filtración 40cms - Lila";5529;4;19593;"R3 Mini-Bonglab";"bong pyrex recycler";"https://www.friendlygrow.cl/bong-de-vidrio-phoenix-star-recycler-con-perc-sphere-bong-premium-de-alta-filtracion?variant=Lila"
0.169;0;1.40;88343;5990;"Pipa Silicona Elmo Cartoon - Naranja";6771;2;8400;"Pipa silicona llavero de Piece Maker";"pipa silicona";"https://www.friendlygrow.cl/pipa-silicona-elmo-cartoon?variant=Naranja"
0.169;0;1.24;87769;27480;"Bong Beaker de Pyrex Phoenix 'AKU Tribal' 45cms";10222;3;34100;"Bong Heavy Beaker 28Cm- Cabo";"bong beaker";"https://www.friendlygrow.cl/bong-de-vidrio-phoenix-star-tribal-bong-beaker-de-pyrex-con-downstem-difusor"
0.169;0;4.56;87620;65000;"10 x Vaporizador Bateria Brass Knukles Smart Pro 650mah - Edicion Friendly - Dorado";10531;3;14241;"Calvo Glass Batería LED Cartridge 510";"vaporizador bateria pro";"https://www.friendlygrow.cl/vaporizador-bateria-brass-knukles-smart-pro-650mah-edicion-friendly-copiar?variant=Dorado"
0.168;0;15.58;88514;15990;"Vaporizador Incognito Doble Para Cartridges Doteco Dc650 - Rosa";10650;3;249191;"Storz & Bickel Veazy";"vaporizador rosa";"https://www.friendlygrow.cl/vaporizador-incognito-doble-para-cartridges-doteco-dc650?variant=Rosa"
0.168;0;0.00;88060;25790;"Contenedor Magnético Stash-Pro - Almacenamiento Secreto para Vehículos - Medium";10293;2;0;"BongLab Contenedor Re:Stash 8oz";"contenedor stash";"https://www.friendlygrow.cl/contenedor-magnetico-stash-pro-almacenamiento-secreto-para-vehiculos?variant=Medium"
0.168;0;2.53;87766;29990;"Bong de Pyrex Phoenix KILLER. Extra Grueso 9MM - 30cms. - Morado";11010;2;75990;"Bonglab The Sheikh 42cm Azul";"bong morado";"https://www.friendlygrow.cl/bong-de-vidrio-phoenix-star-straight-bong-cilindrico-de-borosilicato-con-difusor?variant=Morado"
0.168;0;1.40;88184;5990;"Pipa de Silicona Monster Spider - Naranja";6771;2;8400;"Pipa silicona llavero de Piece Maker";"pipa silicona";"https://www.friendlygrow.cl/pipa-de-silicona-monster-spider?variant=Naranja"
0.168;0;4.56;87621;65000;"10 x Vaporizador Bateria Brass Knukles Smart Pro 650mah - Edicion Friendly - Tornasol";10531;3;14241;"Calvo Glass Batería LED Cartridge 510";"vaporizador bateria pro";"https://www.friendlygrow.cl/vaporizador-bateria-brass-knukles-smart-pro-650mah-edicion-friendly-copiar?variant=Tornasol"
0.168;0;1.43;87845;4990;"Pipa de Silicona 'Baby Alien' - Silicona Grado Alimenticio con Quemador de Vidrio";5751;3;3490;"Calvo Glass Quemador Pyrex - Macho 14mm";"quemador vidrio";"https://www.friendlygrow.cl/pipa-de-silicona-baby-alien-silicona-grado-alimenticio-con-quemador-de-vidrio"
0.168;0;27.00;88795;9990;"Vaporizador Para Cartridges Doteco ST650 - Morado";10321;4;269691;"Vaporizador Focus V Carta Sport | PIRANHA";"vaporizador morado";"https://www.friendlygrow.cl/vaporizador-para-cartridges-doteco-st650?variant=Morado"
0.168;0;2.55;87753;49990;"Bong de Pyrex Phoenix Star Recycler Multi Perc – Bong de Alta Filtración Premium 35cms - Gris";5529;4;19593;"R3 Mini-Bonglab";"bong pyrex recycler";"https://www.friendlygrow.cl/bong-de-vidrio-phoenix-star-recycler-multi-perc-bong-de-alta-filtracion-premium?variant=Gris"
0.168;0;0.00;88060;25790;"Contenedor Magnético Stash-Pro - Almacenamiento Secreto para Vehículos - Medium";10292;2;0;"BongLab Contenedor Re:Stash 4oz";"contenedor stash";"https://www.friendlygrow.cl/contenedor-magnetico-stash-pro-almacenamiento-secreto-para-vehiculos?variant=Medium"
0.168;0;4.15;87977;59990;"10 X Vaporizador Airis Vertex 2.0 Para Cartridges. - Azul";10650;3;249191;"Storz & Bickel Veazy";"vaporizador azul";"https://www.friendlygrow.cl/promo-10-x-vaporizador-airis-vertex-20-para-cartridges?variant=Azul"
0.168;0;1.43;87882;4990;"Pipa de Silicona 'Little Kaiju' - Silicona Curada con Quemador de Vidrio - Naranja";5751;3;3490;"Calvo Glass Quemador Pyrex - Macho 14mm";"quemador vidrio";"https://www.friendlygrow.cl/pipa-de-silicona-little-kaiju-silicona-curada-con-quemador-de-vidrio?variant=Naranja"
0.168;0;1.39;87782;10990;"Bong Silicona Monster Slime con Cámara de Pyrex";10219;3;15300;"Bong Pyrex KM1 Prisma 10cm Clear Bonglab | Mini Bong de Vidrio";"bong pyrex";"https://www.friendlygrow.cl/bong-silicona-monster-slime-con-camara-de-vidrio"
0.168;0;2.38;87461;7990;"Moledor Mushroom Amanita 69mm - Azul";10671;4;18991;"Moledor Galaxy Lightning Aluminio 63mm";"moledor azul";"https://www.friendlygrow.cl/grinder-mushroom-puff-puff-pass-hibrido-metal-y-abs-4-partes?variant=Azul"
0.167;0;9.81;88800;9990;"Vaporizador Para Cartridges Doteco ST650 - Verde";8651;4;97993;"Vaporizador DaVinci MIQRO-C | PIRANHA";"vaporizador verde";"https://www.friendlygrow.cl/vaporizador-para-cartridges-doteco-st650?variant=Verde"
0.167;0;0.00;88059;17890;"Contenedor Magnético Stash-Pro - Almacenamiento Secreto para Vehículos - Small";10293;2;0;"BongLab Contenedor Re:Stash 8oz";"contenedor stash";"https://www.friendlygrow.cl/contenedor-magnetico-stash-pro-almacenamiento-secreto-para-vehiculos?variant=Small"
0.167;0;3.63;87464;7990;"Moledor Mushroom Amanita 69mm - Rosa";10096;3;2200;"Moledor Plástico Bulldog 3 Partes 60mm | Grinder The Bulldog";"moledor rosa";"https://www.friendlygrow.cl/grinder-mushroom-puff-puff-pass-hibrido-metal-y-abs-4-partes?variant=Rosa"
0.167;0;0.00;87940;29990;"Bong de Pyrex Phoenix Star Horizontal Percolator 30cms - Negro";10421;2;0;"PMG Bong Kube 9cm";"bong negro";"https://www.friendlygrow.cl/bong-de-vidrio-phoenix-star-horizontal-percolator?variant=Negro"
0.167;0;6.29;87629;6290;"Pipa de Pyrex Cookies Spoon - Premium Borosilicate Glass - Pink";6010;3;1000;"Pipa Hitter 12mm Calvo | One Hitter color rosa y negro Chile";"pipa glass pink";"https://www.friendlygrow.cl/pipa-de-vidrio-cookies-spoon-premium-borosilicate-glass?variant=Pink"
0.167;0;2.55;87556;49990;"Bong de Pyrex Phoenix Star Recycler con Perc Sphere – Bong Premium de Alta Filtración 30cms - Musgo";5529;4;19593;"R3 Mini-Bonglab";"bong pyrex recycler";"https://www.friendlygrow.cl/bong-de-vidrio-phoenix-star-recycler-con-perc-sphere-bong-premium-de-alta-filtracion-1?variant=Musgo"
0.167;0;0.00;88059;17890;"Contenedor Magnético Stash-Pro - Almacenamiento Secreto para Vehículos - Small";10292;2;0;"BongLab Contenedor Re:Stash 4oz";"contenedor stash";"https://www.friendlygrow.cl/contenedor-magnetico-stash-pro-almacenamiento-secreto-para-vehiculos?variant=Small"
0.167;0;3.86;87528;55000;"10 x Vaporizador Brass Knuckles Smart Led 900mah";10531;3;14241;"Calvo Glass Batería LED Cartridge 510";"vaporizador led";"https://www.friendlygrow.cl/10-x-vaporizador-brass-knuckles-smart-led-900mah"
0.167;0;2.42;87740;47500;"Bong de Pyrex Phoenix Star Recycler con Perc Sphere – Bong Premium de Alta Filtración 40cms - Musgo";5529;4;19593;"R3 Mini-Bonglab";"bong pyrex recycler";"https://www.friendlygrow.cl/bong-de-vidrio-phoenix-star-recycler-con-perc-sphere-bong-premium-de-alta-filtracion?variant=Musgo"
0.166;0;4.56;87626;65000;"10 x Vaporizador Bateria Brass Knukles Smart Pro 650mah - Edicion Friendly - Aleatorio";10531;3;14241;"Calvo Glass Batería LED Cartridge 510";"vaporizador bateria pro";"https://www.friendlygrow.cl/vaporizador-bateria-brass-knukles-smart-pro-650mah-edicion-friendly-copiar?variant=Aleatorio"
0.166;0;1.06;88054;39990;"Bong de Pyrex Phoenix Triple Percolador 33cms";5775;3;37800;"Honey Waffle -Bonglab";"bong percolador";"https://www.friendlygrow.cl/bong-de-vidrio-phoenix-triple-percolador"
0.166;0;1.62;87624;65000;"10 x Vaporizador Bateria Brass Knukles Smart Pro 650mah - Edicion Friendly - Negro";11026;2;104990;"Vaporizador Pulsar APX Pro";"vaporizador pro";"https://www.friendlygrow.cl/vaporizador-bateria-brass-knukles-smart-pro-650mah-edicion-friendly-copiar?variant=Negro"
0.166;0;1.46;88407;9743;"Vaporizador Premium Smart Led Doteco St650 Para Cartridges - Tornasol";10531;3;14241;"Calvo Glass Batería LED Cartridge 510";"vaporizador led";"https://www.friendlygrow.cl/vaporizador-premium-smart-led-doteco-st650-para-cartridges-4?variant=Tornasol"
0.166;0;4.21;87971;59990;"10 X Vaporizador Airis Vertex 2.0 Para Cartridges. - Blanco";10531;3;14241;"Calvo Glass Batería LED Cartridge 510";"vaporizador blanco";"https://www.friendlygrow.cl/promo-10-x-vaporizador-airis-vertex-20-para-cartridges?variant=Blanco"
0.165;0;6.01;88480;4990;"Pipa Silicona Keny - Celeste";6560;3;29993;"Unikorn Bong Celeste PieceMaker";"silicona celeste";"https://www.friendlygrow.cl/pipa-silicona-keny?variant=Celeste"
0.165;0;6.01;88504;4990;"Pipa Silicona Sólida - Celeste";6560;3;29993;"Unikorn Bong Celeste PieceMaker";"silicona celeste";"https://www.friendlygrow.cl/pipa-silicona-solida?variant=Celeste"
0.165;0;2.59;88041;24990;"Bong Alien de Pyrex – Diseño Escultura";10744;2;64800;"Bonglab Bong KE9 Water Fenix 46cm";"bong pyrex";"https://www.friendlygrow.cl/bong-alien-de-vidrio-diseno-escultura"
0.165;0;2.38;87463;7990;"Moledor Mushroom Amanita 69mm - Verde";10671;4;18991;"Moledor Galaxy Lightning Aluminio 63mm";"moledor verde";"https://www.friendlygrow.cl/grinder-mushroom-puff-puff-pass-hibrido-metal-y-abs-4-partes?variant=Verde"
0.165;0;12.99;87930;185000;"50 X Vaporizador Brass Knuckles 900mah Para Cartridge.";10531;3;14241;"Calvo Glass Batería LED Cartridge 510";"vaporizador cartridge";"https://www.friendlygrow.cl/50-x-vaporizador-brass-knuckles-900mah-para-cartridge-copia"
0.165;0;0.00;87621;65000;"10 x Vaporizador Bateria Brass Knukles Smart Pro 650mah - Edicion Friendly - Tornasol";11006;2;0;"Airistech Batería Mystica II";"vaporizador bateria tornasol";"https://www.friendlygrow.cl/vaporizador-bateria-brass-knukles-smart-pro-650mah-edicion-friendly-copiar?variant=Tornasol"
0.164;0;1.62;87622;65000;"10 x Vaporizador Bateria Brass Knukles Smart Pro 650mah - Edicion Friendly - Morado";11026;2;104990;"Vaporizador Pulsar APX Pro";"vaporizador pro";"https://www.friendlygrow.cl/vaporizador-bateria-brass-knukles-smart-pro-650mah-edicion-friendly-copiar?variant=Morado"
0.164;0;6.13;88514;15990;"Vaporizador Incognito Doble Para Cartridges Doteco Dc650 - Rosa";8651;4;97993;"Vaporizador DaVinci MIQRO-C | PIRANHA";"vaporizador rosa";"https://www.friendlygrow.cl/vaporizador-incognito-doble-para-cartridges-doteco-dc650?variant=Rosa"
0.164;0;1.45;87761;29990;"Bong de Pyrex Phoenix KILLER. Extra Grueso 9MM - 30cms. - Azul";5773;4;20691;"Classic Ice 26Cm-Bonglab";"bong pyrex azul";"https://www.friendlygrow.cl/bong-de-vidrio-phoenix-star-straight-bong-cilindrico-de-borosilicato-con-difusor?variant=Azul"
0.164;0;1.71;88441;19990;"Bong de Pyrex Gorilla Rolling Star - Beaker Edition - Diseño2";10222;3;34100;"Bong Heavy Beaker 28Cm- Cabo";"bong beaker";"https://www.friendlygrow.cl/bong-de-vidrio-gorilla-rolling-star-beaker-edition?variant=Dise%C3%B1o2"
0.164;0;1.71;88445;19990;"Bong de Pyrex Gorilla Rolling Star - Beaker Edition - Diseñ 5";10222;3;34100;"Bong Heavy Beaker 28Cm- Cabo";"bong beaker";"https://www.friendlygrow.cl/bong-de-vidrio-gorilla-rolling-star-beaker-edition?variant=Dise%C3%B1%205"
0.162;0;13.17;87808;1890;"Dab Tool de Acero con Puntas de Silicona - Banger Bros - Rosa";10445;3;24892;"Blazy Susan Rolling Tray Acero Inoxidable";"acero rosa";"https://www.friendlygrow.cl/dab-tool-de-acero-con-puntas-de-silicona-banger-bros?variant=Rosa"
0.162;0;16.52;88793;9990;"Vaporizador Para Cartridges Doteco ST650 - Azul";10539;4;164990;"Vaporizador DaVinci IQC";"vaporizador azul";"https://www.friendlygrow.cl/vaporizador-para-cartridges-doteco-st650?variant=Azul"
0.162;0;1.16;88528;2890;"Contenedor Pyrex con tapa de Silicona 5ml";10736;3;2490;"Soulblime Contenedor Tapa Desmontable - Diseños";"contenedor tapa";"https://www.friendlygrow.cl/weaita-rara-2"
0.162;0;4.38;87594;3490;"Cenicero de Pyrex Premium Mr. Joint - 12 Diseños - Bong";10219;3;15300;"Bong Pyrex KM1 Prisma 10cm Clear Bonglab | Mini Bong de Vidrio";"pyrex bong";"https://www.friendlygrow.cl/cenicero-de-vidrio-premium-mr-joint-85mm?variant=Bong"
0.161;0;1.62;87620;65000;"10 x Vaporizador Bateria Brass Knukles Smart Pro 650mah - Edicion Friendly - Dorado";11026;2;104990;"Vaporizador Pulsar APX Pro";"vaporizador pro";"https://www.friendlygrow.cl/vaporizador-bateria-brass-knukles-smart-pro-650mah-edicion-friendly-copiar?variant=Dorado"
0.161;0;3.12;87813;9990;"Downstem Phoenix Star Difusor Para Bongs de Pyrex - 11,5 cm";10260;4;3200;"Difusor Bonglab 14mm-14cm | PIRANHA";"difusor bongs";"https://www.friendlygrow.cl/downstem-de-vidrio-phoenix-star-difusor-adaptador-de-borosilicato-para-bong?variant=11%2C5%20cm"
0.161;0;2.38;87481;7990;"Moledor Unico Oso 14cm - 4 Pisos- - Azul";10671;4;18991;"Moledor Galaxy Lightning Aluminio 63mm";"moledor azul";"https://www.friendlygrow.cl/moledor-unico-oso-cromado?variant=Azul"
0.160;0;1.96;88052;29990;"Bong de Pyrex Phoenix Triple Cámara 38cms";10219;3;15300;"Bong Pyrex KM1 Prisma 10cm Clear Bonglab | Mini Bong de Vidrio";"bong pyrex";"https://www.friendlygrow.cl/bong-de-vidrio-phoenix-triple-camara"
0.160;0;1.91;87464;7990;"Moledor Mushroom Amanita 69mm - Rosa";5507;2;15291;"Grinder Galaxy Aluminio 55mm";"moledor rosa";"https://www.friendlygrow.cl/grinder-mushroom-puff-puff-pass-hibrido-metal-y-abs-4-partes?variant=Rosa"